num_source;nom_source;situation;gouvernorat;Altitude;Temperature;Debit;pH;residu_sec;durete_total;calcium;Magnesium;Sodium;Potassium;Bicarbonate;Sulfate;Chlorure;Fluorures;Nitrate;sulfure;Element_en_traces;Classification;maladies_metaboliques;rhumatologie;dermatologie;digestif;gynecologie;respiratoires;appareil_urinaire;phlebologie;remise_forme;systeme_nerveux;station_thermale;bain_thermal;um_bouteille;autres;indications;technique_cure
1;Aîn El-Hammam;"Aïn El-Hammam se trouve à 3 km au Nord Ouest de la station de chemin de fer de Sidi Nsir, sur la route de Bizerte-Béja et à 95 km au Nord-Ouest de Tunis en passant par Mateur.
Altitude : 300 mètres";BIZERTE;300;23;2.50 l/s;7.6;378;25;86.86;8.21;36.37;1.79;254.66;33.15;72.78;0.20;4.69;;"Co; Al; Sr; Fe; Zn; Se; As ;Cu";Eau bicarbonatée calcique à faible minéralisation;VRAI;FAUX;FAUX;FAUX;FAUX;FAUX;VRAI;FAUX;FAUX;FAUX;FAUX;FAUX;VRAI;FAUX;Maladies de'appareil urinaire, affections uro-néphrologiques : lithiase rénale, infections urinaires récidivantes, pyelonéphrite chronique, malformations urologiques, cure de diurèse après lithotriptieMaladies métaboliques : obésité, goutte;
2;HAMMAM SIDI BEN ABBES;"La source faisant parti du groupe Ichkeul se trouve à 60 km au Nord-Ouest de Tunis. On peut y accéder par Menzel Bourguiba ou par Mateur. 
Altitude : 1mètre";BIZERTE;1;42;faible;6.70;13900;360;1240.00;121.60;3160.00;74.00;366.00;2200.50;5573.50;1.00;traces;;non déterminés;Eau thermale, de nature chlorurée sodique forte, sulfatée calcique, magnésienne.;FAUX;VRAI;VRAI;FAUX;VRAI;FAUX;FAUX;FAUX;FAUX;FAUX;FAUX;VRAI;FAUX;FAUX;"Rhumatologie et séquelles des traumatismes ostéo- articulaires : Affections dégénératives articulaires : arthrose vertébrale ; hyperostose vértébrale ; atteintes dégénératives périphériques (coxarthrose, gonarthrose) ; affections articulaires : tendinites et bursites ; rhumatisme inflammatoire : polyarthrite rhumatoïde, spondylarthrite ankylosante, rhumatisme psoriasique.  Ostéopaties : ostéoporose, ostéopathies endocrinniennes, maladies de Paget. Algodysthrophie et séquelles ostéoarticulaires post-traumatiques. Retard de consolidation, cals hypertrophiés, toutes les suites d'entorse et de luxations, séquelles musculaires : atrophie, contractures. Névralgie cervico-brachiale, cruralgie, lombo-sciatalgie. Dermatologie : Eczéma, dermatites, dermatoses, séquelles de brûlures, psoriasis, dermites allergiques, lichen, prurits. </P><P>&#8250; Gynécologie : Séquelles inflamatoires des métrites et des salpingites, endométriose, douleurs pelviennes, dysménorrhée, vulvo-vaginites à répétition, séquelles post-opératoires.";Bains Thermaux
3;HAMMAM SIDI ABDELKADER;"La source se trouve à 60 km au Nord-Ouest de Tunis. On peut y accéder par Menzel Bourguiba ou par Mateur. 
Altitude : 1mètre";BIZERTE;1;43;faible;6.70;13930;355;1120.00;182.40;3000.00;78.00;353.00;2253.36;5502.50;1.00;traces;;"Si; Sr; Ba; B; Li; Fe; Zn; Cu; Mo";Eau thermale, de nature chlorurée sodique forte et sulfatée calcique, magnésienne.;FAUX;VRAI;VRAI;FAUX;VRAI;FAUX;FAUX;FAUX;FAUX;FAUX;FAUX;VRAI;FAUX;FAUX;"Rhumatologie et séquelles des traumatismes ostéo- articulaire : Rhumatismes dégénératifs : arthrose vertébrale, hyperostose vértébrale, coxarthrose, gonarthrose ; affections articulaires : tendinites et bursites ; rhumatismes inflammatoires : polyarthrite rhumatoïde, spondylarthrite ankylosante, rhumatisme psoriasique.Ostéopaties : ostéoporose, ostéopathies endocrinniennes, maladies de Paget. Algodysthrophie et séquelles ostéoarticulaires post-traumatiques. Retard de consolidation, cals hypertrophiés, toutes les suites d'entorse et de luxations, séquelles musculaires : atrophie,contractures. Névralgie cervico-brachiale, cruralgie, lombo-sciatalgie. Dermatologie : Eczéma, dermatites, dermatoses, séquelles de brûlures, psoriasis, dermites allergiques, prurits, lichen . Gynécologie: Séquelles inflammatoires des métrites et des salpingites, endométriose, douleurs pelviennes, dysménorrhée, vulvo-vaginites à répétition , séquelles post-opératoires.";Bains Thermaux
4;HAMMAM ECHEFA;"La source de hammam Echfa se trouve à 60 km au Nord-Ouest de Tunis. On peut y accéder par Menzel Bourguiba ou par Mateur. 
Altitude : 1mètre

NB:L'eau thermale de cette source ne coule pas depuis un certain temps.";BIZERTE;1;42 (1996),19 °C (2001);non déterminé;7.10;14120;375;960.00;328.30;2650.00;69.00;378.20;2292.30;5413.70;1.00;traces;;non déterminés;Eau chlorurée sodique forte, sulfatée calcique et magnésienne.;FAUX;VRAI;VRAI;FAUX;VRAI;FAUX;FAUX;FAUX;FAUX;FAUX;FAUX;VRAI;FAUX;FAUX;"Rhumatologie : Arthroses des membres et vertébrales; affections rhumatismales abarticulaires, inflammatoires en dehors des pousées ; rhumatisme psoriasique ; séquelles des traumatismes ostéo- articulaire ; réeducation orthopédique post-opératoire. Ostéopaties : ostéoporose, ostéopathies endocrinniennes, maladies de Paget ; séquelles musculaires : atrophie, contractures.Névralgie cervico-brachiale, cruralgie, lombo-sciatalgie. Dermatologie : Dermatites, dermatoses, eczéma, séquelles de brûlures, psoriasis, dermites allergiques, prurits, lichen . Gynécologie: Séquelles inflammatoires des métrites et des salpingites, endométriose, douleurs pelviennes, dysménorrhée, vulvo-vaginites à répétition, séquelles post-opératoires.";Bains Thermaux
5;HAMMAM ENNEGREZ;"La source du hammam se trouve à 60 km au Nord-Ouest de Tunis. On peut y accéder par Menzel Bourguiba ou par Mateur. 
Altitude : 1mètre";BIZERTE;1;45;0. 3 /s;6.80;14120;500;900.00;668.80;2600.00;69.00;353.80;952.50;4686.00;1.55;traces;;non déterminés;Eau thermale type chlorurée sodique forte, sulfatée calcique, magnésienne;FAUX;VRAI;VRAI;FAUX;VRAI;FAUX;FAUX;FAUX;FAUX;FAUX;FAUX;VRAI;FAUX;FAUX;Rhumatologie : toutes les arthroses, spodylarthrite ankylosante, polyarthrite rhumatoïde, affection articulaires : tendinites et bursites, rhumatisme psoriasique. Ostéopaties : ostéoporose, stéopathies endocrinniennes, maladies de Paget . Algodysthrophie et séquelles ostéoarticulaires post-traumatiques. Retard de consolidation, cals hypertrophiés, toutes les suites d'entorse et de luxations, séquelles musculaires : atrophie, contractures.Névralgie cervico-brachiale, cruralgie, lombo-sciatalgie. Dermatologie : Eczéma, dermatites, dermatoses, séquelles de brûlures, psoriasis, dermites allergiques,lichen, prurits . Gynécologie: Séquelles inflammatoires des métrites et des salpingites, endométriose, douleurs pelviennes, dysménorrhée, vulvo-vaginites à répétition , séquelles post-opératoires.;Bains Thermaux
6;HAMMAM SIDI SALEM;"Hammam Sidi Salem se trouve à 15 km au Nord-Ouest de Mateur et à 6 km de Garaet El Ichkeul. La source émerge dans les alluvions actuelles de l'Oued
El Melah.
Altitude : 15 mètres";BIZERTE;15;31.5;0.11 l/s;6.30;5200;112.9;380.00;43.00;1583.00;29.30;958.00;70.00;2800.00;non déterminé;non déterminé;;non déterminés;Eau chlorurée-sodique, bicarbonatée-calcique.;FAUX;VRAI;FAUX;FAUX;FAUX;FAUX;FAUX;FAUX;FAUX;FAUX;FAUX;FAUX;FAUX;FAUX;Rhumatologie :  Arthrose dans toutes formes douloureuses et dans toutes ses localisations : coxarthrose, gonarthrose, rhizarthroze et polyarthrose. Traitement des rhumatismes inflammatoires en dehors de poussée évolutive : polyarthrite rhumatoïde, spondylarthrite ankylosante, rhumatisme psoriasique . Traitement des névralgies et radiculagies des membres : sciatiques, crurales et cervico-brachiales. Traitement des rhumatismes articulaires : périarthtrites scapulohumérales, pathologies tendineuses. Traitement des séquelles de traumatismes.;Bains Thermaux
7;HAMMAM UTIQUE;Hammam d'Utique se trouve à 30 km au Nord de Tunis sur la route GP 8 Tunis-Bizerte. La source débouche dans un marécage qui occupe l'extrémité nord des ruines punico-romaines.;BIZERTE;;38.5;1 l/s;7.30;800;23.9;54.00;25.00;215.00;16.70;348.00;60.00;270.00;;;;non déterminés;Eau thermale de type chlorurée sodique faible.;FAUX;FAUX;FAUX;VRAI;FAUX;VRAI;VRAI;FAUX;FAUX;FAUX;FAUX;FAUX;FAUX;VRAI;"Voies respiratoires ORL : rhinites chroniques, atrophiques et hypertrophiques, mucopurulentes ou allergiques ; rhinopharyngites chroniques ; sinusites chroniques ou à répétion, laryngites chroniques. Bronches : bronchites chroniques, trachéobronchites et trachéites , ashtme , dilatation bronchique . opératoires : tympanoplasties , rhinoplasties , amygdalectomies . Appareil urinaire : infections urinaires récidivantes, calcule rénale. Appareil digestif : -colites, troubles fonctionnels intestinaux : troubles du transits, colopathie fonctionnelle, intestin irritable.";Cure de boisson Bain général Bain nasal  Aérosol
8;HAMMAM EL ATROUS;"La source se trouve à 60 km au Nord-Ouest de Tunis. On peut y accéder par Menzel Bourguiba ou par Mateur. Il existe plusieurs émergences au pied du massif dans une zone de 20 m de large. 
Altitude : 1mètre";BIZERTE;1;51;non déterminé;6.70;13320;240;800.00;486.00;3020.00;78.00;439.20;2047.10;5484.70;1.75;traces;;non déterminés;Eau hyperthermale de type chlorurée sodique forte, calcique, magnésienne, riche en sulfates.;FAUX;VRAI;VRAI;FAUX;VRAI;FAUX;FAUX;FAUX;FAUX;FAUX;FAUX;FAUX;FAUX;VRAI;"Rhumatologie : Affections rhumatismales : dégénératives : les arthroses (coxarthrose, gonarthrose, arthroses vertébrales et toutes localisations articulaires arthrosiques) ; rhumatisme inflammatoire : polyarthrite rhumatoïde , spondylarthrite ankylosante, monoarthrites, séquelles de rhumatisme articulaire aigu, rhumatisme psoriasique ; tendinites et bursites ; ostéopaties : ostéoporose, ostéopathies endocrinniennes, maladies de Paget . séquelles traumatiques ; retard de consolidation, cals hypertrophiés, toutes les suites d'entorse et de luxations, séquelles musculaires : atrophie,contractures. névralgies : cervico-brachiales, cruralgies lombosciatiques. paralysies : séquelles d'hémiplégies, paraplégies, poliomyélites. Dermatologie : Eczéma, dermatites, dermatoses, séquelles de brûlures, dermites allergiques, psoriasis vulgaire, lichens, acné Gynécologie: Séquelles inflamatoires des métrites et des salpingites, endométriose, dysménorrhée, vulvo-vaginites à répétition, douleurs pelviennes, séquelles post-opératoires.";Bains Thermaux
9;AIN MELLITI;"Ain Melliti se trouve à 100 km au Sud-Ouest de Tunis et à 10 km au Nord-Ouest de Téboursouk, sur la route de Thibar. 
Altitude : 580 mètres";BEJA;580;18;3 l/s (source);7.0;422;26.25°F;92.53;7.30;30.24;0.82;260.77;26.76;53.96;0.50;32.15;;non déterminés;Eau minérale naturelle bicarbonatée calcique à faible minéralisation.;VRAI;FAUX;FAUX;FAUX;FAUX;FAUX;VRAI;FAUX;FAUX;FAUX;FAUX;FAUX;VRAI;FAUX;Maladies de l'appareil urinaires , affections rénales : lithiase rénale , infections urinaires récidivantes, pyelonéphrites chroniques , néphrites , insuffisances rénales compensées, protéinuries fonctionnelles , malformations urologiques, lithiases . Maladies métaboliques : obésité constitutionnelle de l'adulte et de l'enfant , excès pondéraux (grossesse période ménopausique), surcharges pondérales compliquées de troubles métaboliques (diabète, hyperlipidémie) , goutte . ;
10;AIN GOUSSA;"La source se trouve à Amdoun, gouvernorat de Béja au point d'eau appelé  Zahrat Medien proche de route de Ain Draham";BEJA;;17;faible;7.2;276;22;76.65;4.13;23.00;1.00;292.8;20.24;30.00;0.55;5.67;;non déterminés;Eau  bicarbonatée calcique, faiblement minéralisée.;FAUX;FAUX;FAUX;FAUX;FAUX;FAUX;FAUX;FAUX;FAUX;FAUX;FAUX;FAUX;FAUX;VRAI; Une étude clinique est à réaliser en vue de déterminer les indications thérapeutiques;
11;AIN BRIKA;"La source se trouve à Amdoun, gouvernorat de Béja au point d'eau appelé Ain Brika et à 50-60 km de Ain Goussa .";BEJA;;;15 l/s (environ);7.10;320;26;89.00;9.10;26.15;2.50;280.60;21.78;40.74;0.64;2.30;;Sr = 1.4 mg/l;Eau bicarbonatée calcique.;FAUX;FAUX;FAUX;FAUX;FAUX;FAUX;FAUX;FAUX;FAUX;FAUX;FAUX;FAUX;FAUX;VRAI;Une étude clinique est à réaliser en vue de déterminer les indications thérapeutiques.;
12;AIN SALLEM;La source Ain Sallem se trouve à la délégation de Amdoun à 16 km de la ville de Béja.;BEJA;;16.3;2 à 30 l/s très variable;6.4;332;24.55;60.00;24.34;16.97;1.2;292.80;10.79;26.85;0.61;14.09;;Fe = 2 mg/l;Eau  bicarbonatée calcique.;FAUX;FAUX;FAUX;FAUX;FAUX;FAUX;FAUX;FAUX;FAUX;FAUX;FAUX;FAUX;FAUX;VRAI; Une étude clinique est à réaliser en vue de déterminer les indications thérapeutiques.;
13;HAMMAM NEFZA;"Hammam Nefza se trouve à 25 km à l'Est de Tabarka. La source émerge dans le lit de l'Oued Maadene sur sa rive gauche sous le pont de la route Nefza-Mateur. Elle est actuellement emmergée par les eaux de barrage Sidi Barrak.
Altitude : 20 mètres";BEJA;20;31.5;5 l/s;7.20;1200;64.6;224.00;21.00;268.00;6.60;506.00;26.00;585.75;1.50;non déterminé;;Sr, Ba, B, Li, Rb, Fe, Mn, Zn, Ag, SiO2;Eau chloro-bicarbonatée sodique.;FAUX;FAUX;FAUX;VRAI;FAUX;VRAI;VRAI;FAUX;FAUX;FAUX;FAUX;VRAI;FAUX;FAUX;"ORL - Voies respiratoires :Affections des voies respiratoires en particulier des voies aériènnes supérieures : rhinites chroniques, atrophiques et hypertrophiques, mucopurulentes ou allergiques ; rhinopharyngites chroniques ; sinusites chroniques ou à répétition, laryngites chroniques ou catarrhales. Bronches : bronchites chroniques, bronchites asthmatiformes, trachéobronchites et trachéites, ashtme, dilatation bronchique, emphysème. Pré et post ; opératoires : tympanoplasties, rhinoplasties, amygdalectomies .  Appareil urinaire : infections urinaires récidivantes, calcule rénale.Appareil digestif :  colites, troubles fonctionnels intestinaux : troubles du transits, colopathie fonctionnelle, intestin irritable.";Cure de boisson  Bain général Bain nasal  Aérosol.
14;HAMMAM KEF-ETTOUT;"Hammam Kef-Ettout se trouve à 10 km au Sud Est de Nefza. Plusieurs griffons sourdent dans le lit de l'Oued Maadene non loin de la route Béja-Nefza. 
Altitude : 100 m";BEJA;100;42;1 l/s;6.93;4678;123.85;424.00;43.50;1370.00;29.60;414.00;1.50;2573.00;3.10;non déterminé;;Sr, Ba, B, Li, Rb, Fe, Mn, Al, Pb, Zn, Cu, SiO2;Eau chlorurée sodique, légèrement sulfurée.;FAUX;VRAI;FAUX;FAUX;FAUX;VRAI;FAUX;FAUX;FAUX;FAUX;FAUX;FAUX;FAUX;VRAI;"Rhumatologie : Arthrose dans toutes formes douloureuse et dans toutes ses localisations : coxarthrose, gonarthrose, arthrose  rhizomilique.Traitement des rhumatismes inflammatoires en dehors de poussée évolutive : polyarthrite rhumatoïde, spondylarthrite ankylosante, rhumatisme psoriasique . Traitement des névralgies et radiculagies des membres  sciatiques, crurales et cervico-brachiales. Traitement des rhumatismes abarticulaires : périarthtrites scapulohumérales, pathologies tendineuses. Traitement des séquelles de traumatismes. Voies respiratoires : Affections broncho-pulmonaires : asthme, bronchite chronique, séquelles d'affections respiratoires aigus, dilatation bronchique, emphysème, affections respiratoires d'origine professionnelle.  Affection ORL : allergies ORL, rhinites chroniques, atrophiques et hypertrophiques, mucopurulentes ; rhinopharyngites chroniques , angine à répétition, sinusites chroniques ou à répétition, laryngites chroniques ou catarrhales .";Cure de boisson  Bain général Bain nasal  Aérosol.
15;HAMMAM SAYALA;"Hammam Sayala se trouve à 10 km au Sud-Ouest de Béja sur la route Béja-Jendouba. Il s'agit d'une émergence captée par un puits de 8 m de profondeur. Ses eaux alimentent un hammam traditionnel comprenant deux baignoires individuelles, deux bassins à usage collectif et deux salles de repos. 
Altitude : 250 mètres .";BEJA;250;46;1 l/s;7.3;14200;120;280.00;121.60;4300.00;28.00;355.00;903.00;7455.00;4.40;traces;;Sr, B, Li, Rb, Fe, Mn, SiO2;Eau thermale chlorurée sodique.;FAUX;VRAI;VRAI;FAUX;VRAI;FAUX;FAUX;VRAI;FAUX;FAUX;FAUX;VRAI;FAUX;FAUX;Rhumatologie : Rhumatologie et séquelles des traumatismes ostéo- articulaire : Toutes formes de rhumatisme dégénératifs et inflammatoires chroniques, polyarthrite rhumatoïde, spondyloarthrite, périathrites scapulo-humérale toutes les arthroses : arthrose lombo-sacrale, coxarthrose, gonarthrose, arthroses vertébrales et des mains, sciatiques, cruralgies, arthropaties goutteuses, séquelles d'ostéites suppurées. Retard de consolidation, cals hypertrophiés, toutes les suites d'entorse et de luxations, séquelles musculaires : atrophie,contractures. Tendinites, pelvispondylites, réeducation des problèmes articulaires, récupérations fonctionnelles des traumatismes et de la chirurgie orthopédique . Cervicalgies, dorsalgies , lombosciatiques. Dermatologie : Eczéma , dermatites, dermatoses, séquelles de brûlures, psoriasis vulgaire, dermites allergiques, acné et rosacé , lichens . Phlébologie : Séquelles de phlébites récentes, maladie post-phlébitiques et troubles trophiques, complications des varices (dème, ulcère , péri-phlébite), stase veino-lymphatique, trouble fonctionnels veineux. Gynécologie: Séquelles inflamatoires des métrites et des salpingites, endométriose, douleurs pelviennes, dysménorrhée, vulvo-vaginites à répétition , séquelles post-opératoires.;Bains Thermaux
16;AIN GNIAA;"Ain Gniaa se trouve sur la route Bou Salem - Jendouba à 3 km de Bullarégia. Il s'agit de deux griffons qui sourdent à une dizaine de mètres l'un de l'autre. Ils sont captés au moyen d'une chambre. Une partie des eaux sert à l'alimentation de la population locale, l'autre alimente l'usine de mise en bouteille.
Altitude : 200 mètres";JENDOUBA;200;21;3 l/s;7.2;441;22.55;90.00;10.53;28.00;1.17;122.00;13.00;130.00;0.45;25.00;;Ni, Cr;Eau chloro-bicarbonatée calcique à faible minéralisation. (eau de table);FAUX;FAUX;FAUX;FAUX;FAUX;FAUX;FAUX;FAUX;FAUX;FAUX;FAUX;FAUX;VRAI;FAUX;Une étude clinique est à réaliser en vue de déterminer les indications thérapeutiques.;
17;EAU DE FORAGE BARKOUKECH;Le Forage de Barkoukech se trouve dans la zone des dunes de Nefza située sur la côte Nord de la Tunisie, à 15 km à l'Est de la ville de Tabarka.;JENDOUBA;;21;40 l/s (forage);-;286;16.9;48.00;12.00;22.00;2.00;90.00;14.00;38.00;-;-;;non déterminés;Eau de type bicarbonatée calcique à faible minéralisation;FAUX;FAUX;FAUX;FAUX;FAUX;FAUX;FAUX;FAUX;FAUX;FAUX;FAUX;FAUX;FAUX;VRAI;Une étude clinique est à réaliser en vue de déterminer les indications thérapeutiques.;
18;HAMMAM OUCHTETA;"Hamman Ouchtata se trouve à 13 km à l'Ouest de Ghardimaou. Il s'agit de plusieurs griffons qui sont captés dans les grès numidiens et alimentent un hammam traditionnel comportant deux bassins séparés (hommes et femmes).
Altitude : 300 mètres.";JENDOUBA;300;43;1.5 l/s;7.5;997;8.5;24.00;6.08;379.50;2.34;732;28.80;195.25;1.20;non déterminé;;SiO2, Sr, Rb, B, Li, Fe, Mn, Zn, Ag;Eau thermale bicarbonatée sodique sulfurée.;FAUX;FAUX;VRAI;FAUX;FAUX;VRAI;FAUX;FAUX;FAUX;FAUX;FAUX;VRAI;FAUX;FAUX;"Voies respiratoires: Pathologie ORL et bronchopulmonaire infectieuse ou allergique : nez et sinus (rhinites chroniques et récidivantes, sinusites chroniques et récidivantes, sinusites suppurée, séquelles d'interventions; gorge (amygdalites chroniques, laryngites récidivantes et chroniques, angines et pharingites à répétition, rhinopharingites); (pneumologie); (trachéites, bronchites récidivantes ou chroniques, dilatations des branches, asthme). Dermatologie: Dermatite atopique, eczéma, lichens, prurits, séborrhéque et acné; Séquelles de brûlures; Affections des muqueuses buccales : atteinte buccale des dermatoses, lichen, parodontopathies; pyorrhées alvéolodentaires";Voies respiratoires: Gargarisme, irrigation nasale, pulvérisation pharyngée, humage-nébulisation. Dermatologie : Bains Thermaux
19;HAMMAM OURHANIA;"Hamman Ourahnia se trouve au pied des jebels Harbouna et Ragouet El Hamman. on peut y accéder par une route de 11 km à partir du point kilométrique N°5 de la route nationale Tabarka-Tunis. La source est captée et alimente gravitairement un hammam traditionnel comprenant 2 bassins (hommes et femmes).
Altitude : 411 mètres.";JENDOUBA;411;33;2 l/s;7.5;1000;40.00°F;130;18.24;338.10;3.90;475.80;19.20;528.95;0.38;non déterminé;;SiO2, Sr, Rb, B, Li, Fe, Mn, Zn, Ag, Sb;Eau thermale chlorurée sodique faible;FAUX;VRAI;FAUX;FAUX;FAUX;FAUX;FAUX;FAUX;FAUX;FAUX;FAUX;VRAI;FAUX;FAUX;"Rhumatologie: Affections rhumatismales articulaires, inflammatoires  en dehors des poussées; arthroses vertèbrales et des membres, périarthrites, lombalgies, sciatiques, suite des traumatismes et des interventions chirugucales : retard de consolidation, raideur articulaire.";Bains Thermaux
20;HAMMAM ALI DAOUA;"Le hamman se trouve à 11 km au Nord de Ghardimaou sur la route menant à la mine Oued El Maaden (ville de kallaa). On y accéde par une piste de 1 km de long. Plusieurs griffons sourdent dans le lit de l'Oued El Hammam. Le plus important des griffons est aménagé pour alimenter un hammam.
Altitude : 250 mètres.";JENDOUBA;250;40;0.5 l/s;6.5;49223;349;986.00;249.28;17128.00;3.90;707.60;3456.00;25915.00;1.90;non déterminé;;Sr, Mn;eau thermale à forte minéralisation, de nature typiquement chlorurée sodique, riche en manganèse (1.27 mg/l);FAUX;VRAI;VRAI;FAUX;FAUX;FAUX;FAUX;FAUX;FAUX;FAUX;FAUX;VRAI;FAUX;FAUX;"Rhumatologie: Rhumatismes articulaires chroniques : péri-arthrites, tendinites et bursite ; Rhumatismes inflammatoires chroniques en dehors des poussées : pelvispondylite rhumatismale et polyarthrite rhumatoïde ; séquelles des traumatismes et des interventions chirurgicales : retard de consolidation, raideur articulaire ; arthropathies diverses de la sénescence. Arthroses dans toutes ses localisations et manifestations ; ostéoporose . Dermatologie: Dermatite atopique, dermatose, psoriasis, eczéma, lichens, prurits, acné séborrhéque ; Séquelles de brûlures.";Bains Thermaux
21;HAMMAM BOURGUIBA (source BASSE);"La source « Basse » de Hamman Bourguiba se trouve  à environ 15 km à l'Ouest de  Ain Draham en passant par Babouch.
Altitude : 150 mètres.";JENDOUBA;150;38°C;0.4 l/s;7.2;528;15.65;41.28;13.03;162.86;11.40;536.80;17.44;82.88;0.94;traces;;SiO2, Pb, Ni, Li, Rb, Ag,Co,Fe,Se,As;Eau thermale bicarbonatée sodique sulfurée;FAUX;FAUX;VRAI;FAUX;FAUX;VRAI;FAUX;FAUX;FAUX;FAUX;VRAI;FAUX;FAUX;FAUX;"Voies respiratoires: Pathologie ORL et bronchopulmonaire : Fosses nasales et sinus (les coryzas à répétitions, les rhinites chroniques et récidivantes, les rhinites atrophiques secondaires avec suppurations, l'ozène à titre de préparation à l'intervention ou de consolidation post-opératoire ; polypose nasosinusienne ; sinusites chroniques et récidivantes, sinusites suppurées, séquelles d'interventions; rhinopharynx : rhino-pharyngites catarrhales muqueuses et muco-purulentes, rhino-pharyngites infantiles, persistant après ablation des végétations adénoïdes et en rapport avec une débilité lymphoïde du pharynx.  pharynx et amygdales : pharyngites catarrhales, granuleux ou hypertrophiques, pharyngites athrophiques ; amygdalites chroniques.  larynx : laryngites récidivantes et chroniques, laryngites catarrhales, nodulaires ou en grains d'orge. pneumologie (trachéites, bronchites récidivantes ou chroniques, dilatations bronchiques, asthme). cavités tubo-tympaniques : otopathies rhino-pharyngé et tubaire, otites aigües à répétitions, otorrhée tubaire et otite moyenne catarrhale chronique, séquelles otorhéiques d'évidement paltro-mastoïdien, catarrhe tubo-tympanique. Dermatologie: Dermatite atopique, eczéma, lichens, prurits, acné séborrhéque  Séquelles de brülures; muqueuses buccales : atteinte buccale des dermatoses, lichen, parodontopathies; pyorrhées alvéolodentaires";Voies respiratoires : Gargarisme, irrigation nasale, pulvérisation pharyngée, humage-nébulisation Dermatologie :Bains Thermaux
22;HAMMAM BOURGUIBA (source HAUTE);"La source « Haute » se trouve  à 15 km à l'Ouest de  Ain Draham en passant par Babouch. C'est une source sulfurée  dont le soufre et l'hydrogène sulfuré proviennent pour l'essentiel de l'oxydation de la pyrite très abondante dans les marnes pyriteuses du Flysch oligocène sous l'action de micro-organismes spéciphiques.
Altitude : 150 mètres.";JENDOUBA;150;50;0.6 l/s;7.0;1000;27.55;75.25;21.34;259.90;13.06;597.80;6.00;291.00;1.95;traces;;SiO2,Co, Fe,As,Ba, Li, Ni, Zn, Rb, Cr,H2S(1.5° Sulfhydrométrique);Eau thermale bicarbonatée sodique, sulfurée;FAUX;FAUX;VRAI;FAUX;FAUX;VRAI;FAUX;FAUX;FAUX;FAUX;VRAI;FAUX;FAUX;FAUX;Cure de remise en forme, effet tonifiant, reconstituant et myorelaxant;Bains Thermaux
23;HAMMAM BOURGUIBA (source POPULAIRE);"La source « Populaire » de Hamman Bourguiba se trouve  à 15 km à l'Ouest de  Ain Draham en passant par Babouch. Elle alimente la station thermale et le hammam populaire.
Altitude : 150 mètres.";JENDOUBA;150;48;1.8 l/s;7.0;950;32°F;98.00;18.00;275.00;14.50;537.60;6.00;291.00;1.95;traces;;As, Co, Fe, Zn, Ni, Cr, H2S(1.5 à 2° Sulfhydrométrique),Hg;Eau thermale bicarbonatée sodique sulfatée;FAUX;FAUX;VRAI;FAUX;FAUX;VRAI;FAUX;FAUX;FAUX;FAUX;VRAI;FAUX;FAUX;FAUX;Cure de remise en forme, effet tonifiant, reconstituant et myorelaxant.;Bains Thermaux
24;HAMMAM ESSALHINE;"Hammam Essalhine se trouve à 10 km au Nord de Fernana sur la route Fernana- Ben Métir, on y accéde par une piste de 2 km de long. Il s'agit de plusieurs griffons qui sourdent dans le lit de l'Oued Ellil.
Altitude : 280 mètres.";JENDOUBA;280;73;4 l/s;7.3;812;30;80.00;24.32;215.00;7.00;244.00;70.00;355.00;0.54;traces;;non déterminés;Eau hyperthermale chlorurée-sodique, sulfurée;FAUX;FAUX;VRAI;FAUX;FAUX;VRAI;FAUX;FAUX;FAUX;FAUX;FAUX;VRAI;FAUX;FAUX;"Voies respiratoires : Affections broncho-pulmonaires : asthme, bronchite chronique, séquelles d'affections respiratoires aigus, dilatation bronchique, emphysème, affections respiratoires d'origine professionnelle. Affections ORL : allergies ORL, rhinites chroniques, atrophiques et hypertrophique ; rhinopharyngites chroniques , angine à répétition, sinusites chroniques ou à répétition, laryngites chroniques ou catarrhales . Dermatologie : Eczemas constitutionnels, éczemas secs, psoriasis, ulcéres variqueux éczematisée, urticaires, prurits, troubles de la cicatrisation.";ure de boisson, bain général, bain nasal, aérosol
25;AIN BOU MENTEN;"Ain  Bou Menten se trouve à  4 km à l'Ouest des sources de Hammam Bourguiba, près de la frontière algérienne. 
Altitude : 150 mètres.";JENDOUBA;150;30;faible;7.0;1244;14.6;40.00;11.18;396.00;20.00;854.00;14.76;266.25;0.85;traces;;non déterminés;Eau thermale de type bicarbonatée sodique, sulfurée;FAUX;FAUX;VRAI;FAUX;FAUX;VRAI;FAUX;FAUX;FAUX;FAUX;FAUX;FAUX;FAUX;VRAI;"Voies respiratoires :Pathologie ORL et bronchopulmonaire : rhinites chroniques et récidivantes, sinusites chroniques et récidivantes, sinusites suppurées, séquelles d'interventions; amygdalites chroniques, laryngites récidivantes et chroniques, angines et pharingites à répétition, rhinopharingites; trachéites, bronchites, dilatation des bronches, asthme. Dermatologie : Dermatite atopique, eczéma, lichens, prurits, séborrhée et acné;Séquelles de brülures;-Affections des muqueuses bucco-liguales : atteinte buccale des dermatoses, lichen plan, leucoplasie; maladies du parodonte (gingivite, parodontites, parodontolyses, pyorrhées alvéolodentaires)";Voies respiratoires :Gargarisme, irrigation nasale, pulvérisation pharyngée, humage-nébulisation Dermatologie : Bains Thermaux
26;AIN EL BEY;"La source thermale de Ain El-Bey se trouve à 15 km au Sud-Est de Tunis. Les sources thermales de Hammam Lif étaient déjà connues du temps des Romains qui avaient donné à la localité le nom de « Ad aquas ».
Altitude : 8 mètres  (non loin du rivage)";BEN AROUS;8;43;2 l/s;6.7;15816;307;960.00;162.94;3776.60;124.02;622.00;1056.00;7268.00;2.80;7.17;;SiO2, Sr, Rb, B, Mn, Li, Fe, Zn, Cu, Ni, Pb;Eau thermale chlorurée sodique forte, sulfatée;FAUX;VRAI;VRAI;FAUX;VRAI;FAUX;FAUX;FAUX;FAUX;FAUX;FAUX;VRAI;FAUX;FAUX;Rhumatologie : Arthrose : arthrose lombosacré, coxarthrose, gonarthrose, arthrose vertébrale et des mains -Rhumatisme inflammatoire(en dehors des poussées évolutives) : polyarthrite rhumatoïde , pelvispondylite rhumatismale, rhumatisme psoriasique et gouteux .Rhumatismes articulaires : périarthrites scapulo-humérales, tendinites , bursites. -Syndromes algiques : cervicalgies, cercicobrachialgies, sciatiques.Ostéopathie raréfiante simple ou compliquée de tassements vértébraux , ostéoporose, ostéopathies endocriniennes, maladie de Paget.Algodysthrophie et séquelles ostéoarticulaires post-traumatiques. Retard de consolidation, cals hypertrophiés, toutes les suites d'entorse et de luxations, séquelles musculaires : atrophie, contractures. Séquelles chirurgicales : arthrodèse, ostéotomie , arthroplasties , algies diffuses du moignon . Dermatologie : Eczéma, dermatites, dermatoses, séquelles de brûlures, psoriasis, dermites allergiques, lichen, prurits .Gynécologie: Séquelles inflammatoires des métrites et des salpingites, endométriose, douleurs pelviennes, dysménorrhée, vulvo-vaginites à répétition , séquelles post-opératoires.;Bains Thermaux
27;AIN EL ARIANE;"La source thermale de Ain El-Ariane se trouve à 15 km au Sud Est de Tunis . Les sources thermales de Hammam Lif étaient déjà connues du temps des Romains qui avaient donné à la localité le nom de « Ad aquas ». La source de Ain El Ariane  allimente l'établissement municipal où on pratique la balnéothérapie.
Altitude : 8 mètres environ (non loin du rivage)";BEN AROUS;8;46;2.5 l/s;6.60;15748;315;960.00;182.40;3776.60;124.02;597.00;1116.00;7923.00;2.70;1.94;;SiO2, Sr, Ba, B, Rb, Li, Fe, Zn, Cu, Mn, Co;Eau thermale à dominance chlorurée sodique, sulfatée calcique.;FAUX;VRAI;VRAI;FAUX;VRAI;FAUX;FAUX;FAUX;FAUX;FAUX;FAUX;VRAI;FAUX;FAUX;"Rhumatologie : 
- Rhumatismes dégénératifs : arthrose lombosacré, coxarthrose, gonarthrose , arthrose vertébrale et des mains. 
-Rhumatisme inflammatoire (en dehors des poussées évolutives) : polyarthrite rhumatoïde, pelvispondylite rhumatismale, rhumatisme psoriasique et gouteux.
-Rhumatismes articulaires : périarthrites scapulo-humérales, tendinites, bursites.
-Syndromes algiques : cervicalgies , cercicobrachialgies, sciatiques.
-Ostéopathie raréfiante simple ou compliquée de tassements vértébraux , ostéoporose , ostéopathies endocriniennes , maladie de Paget. 
-Algodysthrophie et séquelles ostéoarticulaires post-traumatiques. Retard de consolidation, cals hypertrophiés, toutes les suites d'entorse et de luxations, séquelles musculaires : atrophie,contractures. 
-Séquelles chirurgicales : arthrodèse, ostéotomie , arthroplasties , algies diffuses du moignon .
Dermatologie : Eczéma, dermatites, dermatoses, séquelles de brûlures, psoriasis, dermites allergiques, prurits, lichen. 
Gynécologie: Séquelles inflammatoires des métrites et des salpingites, endométriose, douleurs pelviennes, dysménorrhée, vulvo-vaginites à répétition , séquelles post-opératoires.";
28;AIN OKTOR;"Ain Oktor se trouve à 50 km à l'Est de Tunis. Les sources sourdent au bord de la mer. 
Altitude : 5 mètres";NABEUL;5;19;0.3 l/s;7.5;1328;56.9;129.05;59.99;293.34;6.58;324.52;181.45;521.97;0.48;16.70;;Mn, Cr, Fe, Co, Al, Sr, Zn, Se, As, Cu,;Eau de type chlorurée sodique;VRAI;FAUX;FAUX;FAUX;FAUX;FAUX;VRAI;FAUX;FAUX;FAUX;FAUX;FAUX;VRAI;FAUX;"Maladies de l'appareil urinaire : lithiase oxalique et uratique ; cure de diurèse après lithotritie ; affections uronéphrologiques, pyelonéphrites chroniques, malformations urologiques. Maladies métaboliques :goutte, sédentarité, insuffisance hépatique. Elle est déconseillée aux hypertendus et aux cardiaques, ainsi que dans le cas des lithiases phosphatiques.";
29;AIN FAKROUN;Ain Fakroun se trouve au niveau de la mer à 2 km de la ville de Korbous.;NABEUL;0;37;1 l/s;6.6;12100;337.5;1027.50;193.50;2834.00;50.00;561.20;1938.00;5927.00;2.90;1.50;;non déterminés;Eau thermale chlorurée sodique forte, riche en sulfate, calcium et magnésium;FAUX;VRAI;VRAI;FAUX;VRAI;FAUX;FAUX;VRAI;FAUX;FAUX;FAUX;FAUX;FAUX;VRAI;"Rhumatologie:  Rhumatismes articulaires chroniques : périarthrites, tendinites et bursite ;Rhumatismes inflammatoires chroniques en dehors des poussées : pelvispondylite rhumatismale et polyarthrite rhumatoïde ; Séquelles des traumatismes ostéo-articulaires et des interventions chirurgicales : suite de fractures avec ou sans ostéosynthèses, retard de consolidation, séquelles d'entorses, de luxations, raideur articulaire ; arthropathies diverses de la sénescence.  Arthroses dans toutes ses localisations et manifestations ; ostéoporose .Dermatologie:Dermatite atopique, dermatose, psoriasis, eczéma, lichens, prurits, acné et séborrhée, allergies intriquées. Séquelles de brülures.  Phlébo-angiologie :  Insuffisances veineuses et lymphatiques (oedèmes chroniques, dermite purpurique, ulcères des jambes), suite et séquelles de phlébites, acrosyndromes vasculaires.  Gynécologie : séquelles d'affections inflammatoires, algies pelviennes chroniques, les troubles congestifs et neurotoniques de la ménopause.";Bains et douches Thermaux
30;AIN KALASSIRA;"La source thermale de Ain Kalassira se trouve à  environ 51 km environ à l'Est de Tunis et était déjà connues depuis la plus haute antiquité. Les « curistes » ont aménagé un petit bassin dans lequel ils se baignent.";NABEUL;;44;1.4 l/s;6.6;12246;280;820.00;182.40;3392.50;45.00;524.60;2214.00;5325.00;3.10;3.10;;SiO2, Rb, Mn, B, Li, Fe, Zn, Cu, Pb;Eau thermale  chlorurée sodique;FAUX;VRAI;VRAI;FAUX;VRAI;FAUX;FAUX;FAUX;FAUX;FAUX;FAUX;FAUX;FAUX;VRAI;Rhumatologie et séquelles des traumatismes ostéo- articulaire : Rhumatisme chronique dégénératif (arthroses) , rhumatisme inflammatoire chronique (arthrites), polyarthrite rhumatoïde, sciatiques, cruralgies, cervicalgies, dorsalgies rhumatisme goutteux, retard de consolidation, cals hypertrophiés, toutes les suites d'entorse et de luxations, séquelles musculaires :atrophie, contractures, tendinites, pelvispondylites, récupérations fonctionnelles des traumatismes et de la chirurgie orthopédique . Dermatologie : Eczéma, dermatites, dermatoses, séquelles de brûlures, psoriasis, dermites allergiques, acné et rosacé, lichen, prurits . Gynécologie: Séquelles inflammatoires des métrites et des salpingites, endométriose, douleurs pelviennes, dysménorrhée, vulvo-vaginites à répétition , séquelles post-opératoires.;Bains Thermaux
31;AIN SBIA;La source thermale de Ain Sbia se trouve à 51 km à l'Est de Tunis en passant par Hammam Lif . La source était déjà connue depuis la plus haute antiquité.;NABEUL;;50;faible (0.7l/s);7.2;12272;270;780.00;182.40;3088.90;93.20;512.40;1364.00;5266.00;2.80;traces;;non déterminés;Eau hyperthermale de type chlorurée sodique;FAUX;VRAI;VRAI;FAUX;VRAI;FAUX;FAUX;FAUX;FAUX;FAUX;FAUX;FAUX;FAUX;VRAI;"Rhumatologie : Arthrose , rhumatismes dégénératifs : arthrose lombosacré, coxarthrose , gonarthrose , arthrose vertébrale et des mains Rhumatisme inflammatoire (en dehors des poussées évolutives) : polyarthrite rhumatoïde, pelvispondylite rhumatismale, rhumatisme psoriasique et gouteux . Rhumatismes articulaires : périarthrites scapulo-humérales, tendinites, bursites. Syndromes algiques : cervicalgies , cercico-brachialgies, sciatiques. Ostéopathie raréfiante simple ou compliquée de tassements vertébraux , ostéoporose , ostéopathies endocriniennes , maladie de Paget. <BR>-Algodysthrophie et séquelles ostéoarticulaires post-traumatiques. Retard de consolidation, cals hypertrophiés, toutes les suites d&#8217;entorse et de luxations, séquelles musculaires : atrophie,contractures. Séquelles chirurgicales : arthrodèse, ostéotomie , arthroplasties , algies diffuses du moignon . Dermatologie : Eczéma, dermatites, dermatoses, séquelles de brûlures, psoriasis, dermites allergiques, lichen, prurits. Gynécologie: Séquelles inflammatoires des métrites et des salpingites, endométriose, douleurs pelviennes, dysménorrhée, vulvo-vaginites à répétition , séquelles post-opératoires.";Bains Thermaux
32;AIN ECHFA;"La source thermale de Ain Echfa se trouve à 51 km à l'Est de Tunis en passant par Hammam Lif . La source était déjà connue depuis la plus haute antiquité. 
Altitude : 5 mètres";NABEUL;5;59.5;24 l/s;7.5;11812;263.6;755.88;181.57;2980.00;86.41;561.20;1724.09;5700.00;2.80;traces;;Co,Se,Cu,Pb, Mn, Ni, Fe, SiO2, Sr, Ba, B, Li, Zn;Eau hyperthermale à dominance chlorurée sodique;FAUX;VRAI;VRAI;FAUX;VRAI;FAUX;FAUX;FAUX;FAUX;FAUX;VRAI;FAUX;FAUX;FAUX;"Rhumatologie : Arthrose , rhumatismes dégénératifs : arthrose lombosacré, coxarthrose , gonarthrose , arthrose vertébrale et des mains Rhumatisme inflammatoire(en dehors des poussées évolutives) : polyarthrite rhumatoïde , pelvispondylite rhumatismale , rhumatisme psoriasique et gouteux . -Rhumatismes articulaires : périarthrites scapulo-humérales, tendinites , bursites. -Syndromes algiques : cervicalgies , cervicobrachialgies, sciatiques. -Ostéopathie raréfiante simple ou compliquée de tassements vértébraux , ostéoporose , stéopathies endocriniennes , maladie de Paget. -Algodysthrophie et séquelles ostéoarticulaires post-traumatiques. Retard de consolidation , cals hypertrophiés , toutes les suites d&#8217;entorse et de luxations, séquelles musculaires : atrophie,contractures. -Séquelles chirurgicales : arthrodèse, ostéotomie , arthroplasties , algies diffuses du moignon . Dermatologie : Eczéma, dermatites, dermatoses, séquelles de brûlure, psoriasis, dermites allergiques, prurits, lichen . Gynécologie: Séquelles inflammatoires des métrites et des salpingites, endométriose, douleurs pelviennes, dysménorrhée, vulvo-vaginites à répétition , séquelles post-opératoires.";Bains Thermaux
33;AIN EL ATROUS;"Ain El-Atrous se trouve à 1 km au Nord de Korbous. Elle est captée et ses eaux ne sont pas utilisées pour le moment.
Altitude : 5 mètres.";NABEUL;5;58.6;39 l/s;6.7;12352;299;800.00;240.76;2953.20;89.70;536.80;2110.13;4970.00;3.20;Abs;;SiO2, Sr, B, Li, Fe, Zn, Cu, Rb, Mn, Pb;Eau hyperthermale, typiquement chlorurée sodique forte;FAUX;FAUX;FAUX;FAUX;FAUX;FAUX;FAUX;FAUX;FAUX;FAUX;FAUX;FAUX;FAUX;VRAI;"Rhumatologie :Rhumatismes articulaires chroniques: périarthrites, tendinites et bursites.Rhumatismes inflammatoires chroniques en dehors des poussées pelvispondylite rhumatismale et polyarthrite rhumatoïde .- Séquelles des traumatismes ostéo-articulaires et des interventions chirurgicales suite de fractures avec ou sans ostéosynthèse, retard de consolidation, séquelles d'entorses, de luxations, raideur articulaire, arthropathies diverses de la sénescence.- Arthroses dans toutes ses localisations et manifestations ; ostéoporose.Dermatologie : -Dermatites atopique, dermatoses, psoriasis, Eczéma, lichens, peurits, acné séborrhéque, allergies intriquées.- Séquelles de brûlures Phlébologie :- Séquelles de phlébites et péri-phlébites ; insuffisances veineuses et lymphatiques (oedèmes chroniques, dermite purpurique, ulcères variqueux), acrosyndromes vasculaires ; post-stripping.Gynécologie: Séquelles d'affections inflammatoires, allergies pelviennes chroniques, troubles congestifs et neurotoniques de la ménopause.";Bains et douches Thermaux
34;SOURCE SOUS MARINE;;NABEUL;;;;0.00;;;0;0;0;0;0;0;0;;;;;;FAUX;VRAI;VRAI;FAUX;VRAI;FAUX;FAUX;VRAI;FAUX;FAUX;FAUX;FAUX;FAUX;VRAI;"Rhumatologie: - Rhumatismes articulaires chroniques : périarthrites, tendinites et bursite ; -Rhumatismes inflammatoires chroniques en dehors des poussées : pelvispondylite rhumatismale et polyarthrite rhumatoïde ; - Séquelles des traumatismes ostéo-articulares et des interventions chirurgicales : suite de fractures avec ou sans ostéosynthèses, retard de consolidation, séquelles d'entorses, de luxations, raideur articulaire ; arthropathies diverses de la sénescence. - Arthroses dans toutes ses localisations et manifestations ; ostéoporose . Dermatologie: -Dermatite atopique, dermatose, psoriasis, eczéma, lichens, prurits, acné et séborrhée, allergies intriquées. -Séquelles de brülures. Phlébologie :- Séquelles de phlébites et péri-phlébites ; insuffisances veineuses et lymphatiques (oedèmes chroniques, dermite purpurique, ulcères variquex), acrosyndromes vasculaires ; post-stripping. Gynécologie : - séquelles d'affections inflammatoires, algies pelviennes chroniques, les troubles congestifs et neurotoniques de la ménopause.";
35;HAMMAM JEDDIDI;"Le hammam se trouve à 78 km au Sud Est de Tunis.
 Altitude : 103 mètres";NABEUL;103;60;15 l/s (par pompage);6.90;18960;256.85;829.46;120.40;5520.00;179.40;414.80;1700.00;9585.00;1.50;1.77;;Cu, As, Se, SiO2, Sr,B, Pb, Li, Zn, Mn, Ni,  Sb, Fe, Ba;Eau hyperthermale chlorurée sodique forte;FAUX;VRAI;VRAI;FAUX;VRAI;FAUX;FAUX;FAUX;FAUX;FAUX;FAUX;VRAI;FAUX;FAUX;"Rhumatologie :-Arthrose, rhumatismes dégénératifs : arthrose lombosacré, coxarthrose , gonarthrose, arthrose vertébrale et des mains. -Rhumatisme inflammatoire (en dehors des poussées évolutives) : polyarthrite rhumatoïde, pelvispondylite rhumatismale, rhumatisme psoriasique et gouteux . -Rhumatismes articulaires : périarthrites scapulo-humérales, tendinites , bursites. -Syndromes algiques : cervicalgies , cervicobrachialgies, sciatiques. -Ostéopathie raréfiante simple ou compliquée de tassements vertébraux , ostéoporose , ostéopathies endocriniennes , maladie de Paget. -Algodysthrophie et séquelles ostéoarticulaires post-traumatiques. Retard de consolidation, cals hypertrophiés, toutes les suites d'entorse et de luxations, séquelles musculaires : atrophie,contractures.-Séquelles chirurgicales : arthrodèse, ostéotomie , arthroplasties , algies diffuses du moignon . Dermatologie : - Eczéma, dermatites, dermatoses, séquelles de brûlures, psoriasis, dermites allergiques, lichen, prurits . ; Gynécologie: - Séquelles inflammatoires des métrites et des salpingites, endométriose, douleurs pelviennes, dysménorrhée, vulvo-vaginites à répétition , séquelles post-opératoires.";Bains Thermaux
36;AIN AYED;"Ain Ayed est située à jebel Zaghouan, au Nord- Est de la Tunisie, elle s'étend de la vallée de l'oued Rmel au Nord- Est jusqu'à la route reliant Fahs à Saouaf.";ZAGHOUAN;;18;23.5 l/s;7.3;520;37.6;117.24;20.22;44.13;1.21;231.80;164.54;56.80;0.47;6.34;;SiO2, Al, O2dissous;Eau de type bicarbonatée calcique, sulfatée magnésienne;FAUX;FAUX;FAUX;FAUX;FAUX;FAUX;FAUX;FAUX;FAUX;FAUX;FAUX;FAUX;FAUX;VRAI;Une étude clinique est à réaliser en vue de déterminer les indications thérapeutiques.;
37;HAMMAM ZRIBA;"Hammam Zriba se trouve à 58 km de Tunis, sur la route reliant Zaghouan à Enfidha. La source jaillit dans le lit de l'Oued El-Hammam juste à la sortie du canyon. Actuellement l'eau thermale alimente un bassin pour femmes et un autre  pour hommes ainsi que des bassins individuels alimentés par pompage.
Altitude : 170 mètres";ZAGHOUAN;170;44;8 à 60 l/s;6.9;5880;220;640.00;145.92;1132.74;24.40;256.20;1770.09;1924.57;2.30;1.41;;SiO2, Sr, B, Li, Pb, Mn, Ni, Rb, Ag, Co, Fe, Cu, Zn, As;Eau thermale chloro-sulfatée sodico-calcique;FAUX;VRAI;VRAI;FAUX;VRAI;VRAI;FAUX;FAUX;FAUX;VRAI;FAUX;VRAI;FAUX;FAUX;"Rhumatologie :
-Maladies arthrosiques : du rachis à tous les niveaux (arthrose cervicale, lumbago, lombo-sciatique), gonarthrose, coxarthrose, des petites articulations périphériques ; rhumatisme inflamatoire chronique (arthrites), polyarthrite rhumatoïde, sciatiques ; douleurs d'origine divers :  cruralgies, cervicalgies, dorsalgies, tendinites chroniques, périarthrite scapulo-humérale, myalgies ; rhumatisme goutteux ; séquelles musculaires : atrophie, contractures.
-Réeducation post-chirurgicales ou post-traumatiques: arthrodèses, ostéotomies, arthroplasties, algies diffuses du moignon, retard de consolidation, cals hypertrophiés, toutes les suites d'entorse et de luxations.
Dermatologie : 
- Eczéma, dermatites, dermatoses, séquelles de brûlures, psoriasis, dermites allergiques,  acné et rosacé, lichens, prurits.
Affections du système nerveux : 
-Névrites, névralgies, séquelles d'hémoplégie et de paraplégie, plexites, séquelles de poliomyélite aiguë .
Voies respiratoires:
-Sinusites, rhinites, ozène , pharyngites, amygdalites, laryngites
bronchite chronique, asthme, tracheites, catarrhe tubo-tympanique et surdité rhinogène
Gynécologie:
-Séquelles inflammatoires des métrites et des salpingites, endométriose, douleurs pelviennes, dysménorrhée, vulvo-vaginites à répétition ,  sequelles post-opératoires.";Bains Thermaux
38;JEBEL-OUST;"La station thermale de Jebel-Oust se trouve à 38 km au Sud Ouest de Tunis, sur la route de Zaghouan. La source est connue depuis le temps des romains comme le prouvent  les thermes bien conservés. Actuellement, l'eau thermale est captée dans une grotte naturelle au fond d'une galerie minière de 105 métres de longueur.
Altitude : 130 mètres";ZAGHOUAN;130;54;3 l/s(gravitaire),15 l/s(par pompage);7.9;18684;316.95;992.00;167.80;4991.00;167.70;536.80;2814.00;8094.00;2.30;Abs;;SiO2, Sr, Ba, B, Fe, Rb, Zn, Mn, Ag, Li;Eau hyperthermale de type chlorurée sodique;FAUX;VRAI;VRAI;FAUX;VRAI;FAUX;FAUX;FAUX;FAUX;FAUX;VRAI;FAUX;FAUX;FAUX;Rhumatologie :-Arthrose, rhumatismes dégénératifs : arthrose lombosacré, coxarthrose , gonarthrose, arthrose vertébrale et des mains. -Rhumatisme inflammatoire (en dehors des poussées évolutives) : polyarthrite rhumatoïde, pelvispondylite rhumatismale, rhumatisme psoriasique et gouteux . -Rhumatismes articulaires : périarthrites scapulo-humérales, tendinites , bursites. -Syndromes algiques : cervicalgies , cervicobrachialgies, sciatiques. -Ostéopathie raréfiante simple ou compliquée de tassements vertébraux , ostéoporose , ostéopathies endocriniennes , maladie de Paget. -Algodysthrophie et séquelles ostéoarticulaires post-traumatiques. Retard de consolidation, cals hypertrophiés, toutes les suites d'entorse et de luxations, séquelles musculaires : atrophie,contractures. -Séquelles chirurgicales : arthrodèse, ostéotomie , arthroplasties , algies diffuses du moignon . Dermatologie : - Eczéma, dermatites, dermatoses, séquelles de brûlures, psoriasis, dermites allergiques, lichen, prurits, acné et rosacé . Gynécologie: - Séquelles inflammatoires des métrites et des salpingites, endométriose, douleurs pelviennes, dysménorrhée, vulvo-vaginites à répétition , séquelles post-opératoires.;Bains Thermaux
39;HAMMAM KSOUR ESSEF;"Le Hammam se trouve au centre ville de Ksour Essef, gouvernorat de Mahdia.
Ce hammam qui fut alimenté à partir d'un forage existant est actuellement en fermeture.";MAHDIA;;39.5;76 l/s (artésien);7.5;10136;137;300.00;150.80;2370.00;28.75;231.80;2396.00;3727.50;0.35;Abs;;non déterminés;Eau à forte minéralisation, de type chloruré sodique, sulfaté-calcique,magnésien;FAUX;VRAI;VRAI;FAUX;FAUX;FAUX;FAUX;FAUX;FAUX;FAUX;FAUX;VRAI;FAUX;FAUX;"Rhumatologie: - Rhumatismes articulaires chroniques : péri-arthrites, tendinites et bursite ; -Rhumatismes inflammatoires chroniques en dehors des poussées : pelvispondylite rhumatismale et polyarthrite rhumatoïde ; - séquelles des traumatismes et des interventions chirurgicales : retard de consolidation, raideur articulaire ; arthropathies diverses de la sénescence.- Arthroses dans toutes ses localisations et manifestations ; ostéoporose .Dermatologie:-Dermatite atopique, dermatose, psoriasis, eczéma, lichens, prurits, acné séborrhèque ; -Séquelles de brülures.";Bains Thermaux
40;FORAGE SOUKRA (CRISTAL);"Le forage se trouve à 22 km au Sud Est de Siliana.";SILIANA;;22;10 l/s (accordé au promoteur);7.2;391;30.7;102.33;12.56;16.70;0.54;320.12;40.77;37.94;0.22;6.14;;Ni, Sb, Co, Al, Sr, Fe, Zn, Se, As, Cu;Eau de type bicarbonaté cacique;FAUX;FAUX;FAUX;FAUX;FAUX;FAUX;VRAI;FAUX;FAUX;FAUX;FAUX;FAUX;VRAI;FAUX;Affections urinaires : - calculose rénale, infections urinaires récidivantes, malformations urologiques, cure de diurèse Surcharge pondérale et trouble métaboliques -obésité, goutte;
41;AIN BOUSSADIA;"Source située à  jebel Bargou, gouvernorat de Siliana";SILIANA;;20;8 l/s;7.5;376;28.35;108.00;3.40;15.00;1.30;317.20;18.04;34.50;0.21;traces;;non déterminés;Eau de type bicarbonaté calcique à faible minéralisation;FAUX;FAUX;FAUX;FAUX;FAUX;FAUX;FAUX;FAUX;FAUX;FAUX;FAUX;FAUX;FAUX;VRAI;Une étude clinique est à réaliser en vue de déterminer les indications thérapeutiques. ;
42;FORAGE SODGA F 1;Ensemble de forages implantés le long du flanc Sud Est de jebel Bargou;SILIANA;;19;nd;;428;36;124.04;12.16;20.20;2.10;329.40;25.81;57.35;0.43;14.44;;non déterminés;Eau  bicarbonatée calcique à faible minéralisation;FAUX;FAUX;FAUX;FAUX;FAUX;FAUX;FAUX;FAUX;FAUX;FAUX;FAUX;FAUX;FAUX;VRAI;Une étude clinique est à réaliser en vue de déterminer les indications thérapeutiques.;
43;FORAGE SODGA F3;Ensemble de forages implantés le long du flanc Sud Est de jebel Bargou.;SILIANA;;19;nd;;460;30.7;114.55;5.18;23.66;0.84;305.00;6.87;69.90;0.18;39.00;;non déterminés;Eau  bicarbonatée calcique à faible minéralisation;FAUX;FAUX;FAUX;FAUX;FAUX;FAUX;FAUX;FAUX;FAUX;FAUX;FAUX;FAUX;FAUX;VRAI;Une étude clinique est à réaliser faite en vue de déterminer les indications thérapeutiques.;
44;FORAGE DE SODGA F4;Ensemble de forages implantés le long du flanc Sud-Est de jebel Bargou.;SILIANA;;19;nd;;420;32.05;130.04;13.13;24.87;1.63;329.40;11.63;70.77;0.42;25.87;;non déterminés;Eau de type bicarbonatée calcique, à faible minéralistion;FAUX;FAUX;FAUX;FAUX;FAUX;FAUX;FAUX;FAUX;FAUX;FAUX;FAUX;FAUX;FAUX;VRAI;Une étude clinique est à réaliser en vue de déterminer les indications thérapeutiques.;
45;HAMMAM BIADHA;"Hamman Biadha se trouve à 30 km du Nord Ouest du Krib sur la route reliant les deux routes  principales Mjez-Jendouba et Mjez-Le Kef. L'eau jaillit par l'intermédiaire d'un puits-grotte profond d'une vingtaine de mètres et large de 5 m. L'eau thermale parait effervescente par le CO2 en émulsion en période de basse pression atmosphérique.
Altitude : 200 mètres.";SILIANA;600;45;"3 l/s source; 10l/s (pompage)";7.0;57860;650;1540.00;644.50;19056.00;248.68;1647.00;3778.00;33015.00;0.84;traces;;SiO2, Sr, Ba, B, Mn, Li, Fe, Cu, Zn, Ni, Rb;Eau chlorurée sodique, riche en CO2  qui pourrait être d'origine profonde;FAUX;VRAI;VRAI;FAUX;VRAI;FAUX;FAUX;VRAI;FAUX;FAUX;FAUX;VRAI;FAUX;FAUX;"Rhumatologie:- Rhumatismes articulaires chroniques : périarthrites, tendinites et bursite ; - Rhumatismes inflammatoires chroniques en dehors des poussées : pelvispondylite rhumatismale et polyarthrite rhumatoïde ; rhumatisme psoriasique et goutteux.. <BR>- Séquelles des traumatismes ostéo-articulares et des interventions chirurgicales : fractures, retard de consolidation, entorses, luxations, raideur articulaire ; arthropathies diverses de la sénescence. - Arthroses, rhumatisme dégénératifs dans toutes ses localisations et manifestations ; ostéoporose. - Syndromes algiques : cervicalgies, cervicobrachialgies, sciatiques. Dermatologie: -Dermatite atopique, dermatose, psoriasis, eczéma, lichens, prurits, acné séborrhèque, allergies intriquées. -Séquelles de brülures. Phlébologie : - Séquelles de phlébites et péri-phlébites ; insuffisances veineuses et lymphatiques (oedèmes chroniques, dermite purpurique, ulcères variquex), acrosyndromes vasculaires ; post-stripping. Gynécologie :- séquelles d'affections inflammatoires, algies pelviennes chroniques, troubles congestifs et neurotoniques de la ménopause.";Bains et douches Thermaux
46;HAMMAM TROZZA;"Le Hamman qui est en réalité « un vaporium  sulfuré naturel » dégageant de la vapeur d'eau chaude, est situé à 30 km au Sud Ouest de Kairouan. L'accès à cette zone par le biais d'une piste est assez difficile. 

Etat actuel d'exploitation: L'utilisation de ce Hammam s'effectue sans forme de vaporium naturel.La vapeur d'eaux sulfurées sort à travers des fissures dans le flanc du Jebel Trozza et se propage dans la grotte où les curistes s'installent.
Ce vaporium naturel est très fréquenté par les curistes des régions limitrophes.";KAIROUAN;420;;;;;;0;0;0;0;0;0;0;;;;non déterminés.;Vapeurs d'eaux sulfuruses;FAUX;VRAI;VRAI;FAUX;FAUX;FAUX;FAUX;FAUX;FAUX;FAUX;FAUX;FAUX;FAUX;VRAI;Rhumatologie Dermatologie O.R.L;Vaporium
47;HAMMAM SIDI MAAMAR;"Les sources de Sidi Maamar ou Hammam Sollah se trouvent dans la zone de l'axe Nord Sud au Jebel de Bateun Damous.
Le hammam est deservi par une route de 5 km qui la relie à la route nationale N°6 kairouan-Hajeb elyoun.
Attitude: 275 mètres";KAIROUAN;275;34;0.5 l/s;6.6;31348;510;1440.00;364.80;7360.00;351.00;500.00;1607.60;15549.00;2.10;Abs;;SiO2, Sr, Ba, B, Li, Fe, Zn, Cu, Mo;Eau thermale d'une minéralisation forte, de type chloruré sodique forte et sulfuré.;FAUX;VRAI;VRAI;FAUX;VRAI;FAUX;FAUX;FAUX;FAUX;VRAI;FAUX;VRAI;FAUX;FAUX;"Rhumatologie et  séquelles des traumatismes ostéo- articulaire  :
-Arthrose des membres et du rachis, affections rhumatologiques en periodes non-inflammatoire, rhumatisme articulaire (periarthrites et névralgies), rhumatisme goutteux, ostéoporose périmenopausique et d'immobilisation prolongée; séquelles des traumatismes et de la chirurgie orthopédique, séquelles d?steites suppurées, séquelles trophiques et motrices de la polyomiélite, séquelles des maladies neuroligiques ;
retard de consolidation, toutes les suites d'entorse et de luxations, séquelles musculaires : atrophie, contractures, tendinites, réeducation des problèmes articulaires,
Dermatologie : 
-Eczéma constitutionnel de l'enfant, eczéma de l'adulte, dermatites, dermatoses, séquelles de brûlures, psoriasis, dermites allergiques,  acné et rosacé, lichens, prurits.
Affections du système nerveux : 
-Névrites, névralgies, séquelles d'hémoplégie et de paraplégie, pléxites, séquelles de poliomyélite aiguë .
Gynécologie:
 -Douleurs pelviennes, séquelles inflamatoires des métrites et des salpingites, endométriose, dysménorrhée, vulvo-vaginites à répétition ,  séquelles post-opératoires.";Bains Thermaux
48;AIN CHENAMA;"Ain Chenama se trouve à 6 km au Sud-Est de Hajeb. L'accès est assez facile par piste à partir de la station de chemin de fer de Hajeb.
Altitude : 350 mètres.";KAIROUAN;350;28;5 l/s;6.9;13769;252.8;730.00;171.00;4310.00;145.00;451.40;1030.00;7100.00;1.90;non déterminé;;SiO2, Sr, Ba, B, Li, Fe, Zn, Mn, Rb;Eau thermale chlorurée sodique forte, sulfatée calciqueet sufurée;FAUX;VRAI;VRAI;FAUX;VRAI;FAUX;FAUX;VRAI;FAUX;FAUX;FAUX;FAUX;FAUX;VRAI;"Rhumatologie: - Rhumatismes articulaires : séquelles de périarthrites, tendinites et bursites, dorsalgies diverses ; - Rhumatismes dégénératifs (arthroses) dans toutes ses localisations et manifestations.- Rhumatismes inflammatoires, polyarthrite chronique évolutives et spondylarthrites ankylosantes, rhumatisme psoriasique et goutteux ; - Séquelles des traumatismes ostéo-articulaires et des interventions chirurgicales : fractures, retard de consolidation, entorses, luxations, raideur articulaire ; arthropathies diverses de la sénescence.- Névralgies : cervicalgies, cervico-brachialgies, sciatiques. Dermatologie: -Dermatite atopique, dermatose, psoriasis, eczéma, lichens, prurits, acné séborrhéque. -Séquelles de brülures.Phlébologie : - Insuffisances veineuses et lymphatiques (oedèmes chroniques, dermite purpurique, ulcères variquex). Suites et séquelles de phlébites et péri-phlébites ; acrosyndromes vasculaires. Gynécologie : - Algies pelviennes chroniques, séquelles d'affections inflammatoires, troubles congestifs et neurotoniques de la ménopause.";Bains Thermaux
49;FORAGE OUED EL KHAROUBA (Sabrine);"Le forage se trouve  près du village de Chbika située à 15 km au Sud Ouest de Kairouan.
Altitude : 106 mètres.";KAIROUAN;106;23;10 l/s;7.5;280;12.85;35.00;10.00;24.00;4.00;170.00;14.00;13.00;0.95;12.00;;Cr,Co, Al, Sr, Fe, Zn, Sn, Se, Cu;Eau de type bicarbonaté mixte;VRAI;FAUX;FAUX;FAUX;FAUX;FAUX;VRAI;FAUX;FAUX;FAUX;FAUX;FAUX;VRAI;FAUX;- Appareil urinaire : lithiases, infections urinaires, cure de diurèse. <BR>- Maladies métaboliques : obésité, surpoids associé à des troubles métaboliques (diabète, hyperglycémies), goutte;
50;FORAGE KSAR LAMSA;"La région Ksar Lamsa est située au pied du relief constitué par le prolongement Nord-Est de Jebel Serj , à une centaine de km au Sud  Est de Tunis 
Altitude :  440 mètres";KAIROUAN;440;22.2;20 l/s;7.5;320;27.85;91.38;5.39;19.71;2.81;268.40;24.01;40.98;0.41;12.22;;non déterminés;Eau de type bicarbonaté- calcique à faible minéralisation;FAUX;FAUX;FAUX;FAUX;FAUX;FAUX;FAUX;FAUX;FAUX;FAUX;FAUX;FAUX;FAUX;VRAI;L'étude clinique est à réaliser en vue de déterminer les indications thérapeutiques.;
51;AIN OUM EL ABAIER;"Cette source  est située à 2km au Nord de Ain Ajmi en amont des ruines de Mdeina. Elle est captée mais ses eaux s'écoulent dans l'Oued et sont utilisées pour l'alimentation humaine des dechrats voisins. 
Altitude : 780 mètres";KEF;780;18;17.5 l/s;7.6;339;21;52.00;19.46;12.00;5.60;207.40;11.00;35.50;0.23;0.31;;non déterminés;Eau bicarbonatée calcique à faible minéralisation;FAUX;FAUX;FAUX;FAUX;FAUX;FAUX;FAUX;FAUX;FAUX;FAUX;FAUX;FAUX;FAUX;VRAI;L'étude clinique est à réaliser en vue de déterminer les indications thérapeutiques.;
52;HAMMAM BEZZEZ;"Hammam Bezzez se trouve à 10 km au Sud du village de Oued Mliz, à la 
limite des gouvernorats de Jendouba et du Kef. 
Altitude : 350 mètres";KEF;600;50;0.5 l/s;7.3;14728;170;520.00;97.28;4500.00;30.00;1000.00;1047.14;7100.00;2.35;traces;;non déterminés;Eau thermale typiquement chlorurée sodique;FAUX;VRAI;VRAI;FAUX;VRAI;FAUX;FAUX;FAUX;FAUX;VRAI;FAUX;VRAI;FAUX;FAUX;"Rhumatologie et  séquelles des traumatismes ostéo- articulaire  :
-Rhumatisme dégénératifs : arthrose lombo-sacrale, coxarthrose, gonarthrose, arthroses vertébrales et des mains, rhumatisme inflammatoire chronique, polyarthrite rhumatoïde, spondyloarthrite, périathrites de l'épaule douleureuse et ankylosantes, rhumatisme goutteux..Retard de consolidation , cals hypertrophiés , toutes les suites d'entorse ,  et de luxations , séquelles musculaires : atrophie, contractures .
Séquelles chirurgicales : arthrodèses, ostéotomies, arthroplasties, algies diffuses du moignon .
Manifestation douleureuse d'origine disco-ligamentaire : cervicalgies, dorsalgies , cruralgies, lombosciatiques.
Dermatologie : 
-Eczéma, dermatites, dermatoses, séquelles de brûlures, psoriasis, dermites allergiques,  acné et rosacé , lichens, prurits. 
Affections du système nerveux : 
Névrites , névralgies , séquelles d'hémoplégie et de paraplégie, pléxites, séquelles de poliomyélite aiguë .
Gynécologie:
 Séquelles inflammatoires des métrites et des salpingites, endométriose, douleurs pelviennes, dysménorrhée, vulvo-vaginites à répétition ,  sequelles post-opératoires.";Bains Thermaux
53;HAMMAM MALLEGUE;"Hamman Mallegue se trouve à 13 km à Nord-Ouest du Kef.
Altitude : 300 mètres.";KEF;300;42;2.5 l/s;7.0;8860;119.25;327.50;91.00;2783.00;46.80;639.28;363.50;4527.50;2.05;abs;;"SiO2, Ni, B, Sr, Rb, Li, Zn, Fe, Cu;Se, As";Eau thermale, chlorurée sodique forte;FAUX;VRAI;VRAI;FAUX;VRAI;FAUX;FAUX;VRAI;FAUX;FAUX;FAUX;VRAI;FAUX;FAUX;"Rhumatologie: - Rhumatismes articulaires : séquelles de périarthrites, tendinites et bursites, dorsalgies diverses ; - Rhumatismes dégénératifs (arthroses) dans toutes ses localisations et manifestations. - Rhumatismes inflammatoires, polyarthrite chronique évolutives et spondylarthrites ankylosantes, rhumatisme psoriasique et goutteux ; <BR>- Séquelles des traumatismes ostéo-articulares et des interventions chirurgicales : fractures, retard de consolidation, entorses, luxations, raideur articulaire ; arthropathies diverses de la sénescence. <BR>- Névralgies : cervicalgies, cervico-brachialgies, sciatiques. </P><P>&#8250; Dermatologie: <BR>-Dermatite atopique, dermatose, psoriasis, eczéma, lichens, prurits, acné  séborrhéque, allergies intriquées. <BR>-Séquelles de brülures. </P><P>&#8250; Phlébologie : <BR>- Insuffisances veineuses et lymphatiques (oedèmes chroniques, dermite purpurique, ulcères variquex). <BR>- Suites et séquelles de phlébites et péri-phlébites ; acrosyndromes vasculaires ; post-stripping. </P><P>&#8250; Gynécologie <BR>- Algies pelviennes chroniques, séquelles d&#8217;affections inflammatoires, troubles congestifs et neurotoniques de la ménopause.</P>";Bains Thermaux
54;SAFIA AIN MIZEB (Safia);"Ain Mizeb se trouve à 50 km au Sud du Kef. Les 21 griffons de la galerie romaine sont captés et leurs eaux sont véhiculées jusqu'a l'usine de mise en bouteilles située à 3 km au Nord dans le village du Ksour.
Altitude : 880 mètres.";KEF;880;17;1 l/s;7.8;283.67;23.15;75.11;5.84;13.79;0.49;223.35;18.88;21.60;0.78;17,58;;Cr, Fe, Co, Al, Sr, Zn, Sn, Se, As, Cu;Eau de type bicarbonaté calcique;VRAI;FAUX;FAUX;FAUX;FAUX;FAUX;VRAI;FAUX;FAUX;FAUX;FAUX;FAUX;VRAI;FAUX;Affections urinaires : calculose rénale, infections urinaires récidivantes, malformations urologiques, suite d'intervention chirurgicale sur l'appareil urinaire, cure de diurèse  Surcharge pondérale et troubles métaboliques.;
55;SAFIA AIN KSIBA (Safia);"Le forage Ain Ksiba est creusé dans la partie méridionnale du massif de Sra Ourtène et se trouve à 15 km au Sud du Ksour.
Altitude : 900 mètres.";KEF;900;21;5 l/s;7.8;282;22.1;79.22;5.83;17.72;0.68;244.49;10.81;24.73;0.67;28,86;;Pb, Mn, Cr, Fe,Co, Sr, Al, Zn, Sn, Se, As, Cu;Eau de type bicarbonaté calcique;VRAI;FAUX;FAUX;FAUX;FAUX;FAUX;VRAI;FAUX;FAUX;FAUX;FAUX;FAUX;VRAI;FAUX;- Affections urinaires : calcule rénale, infections urinaires récidivantes, malformations urologiques, suite d'intervention chirurgicale sur l'appareil urinaire, cure de diurès - Surchage pondérale et troubles métaboliques.;
56;AIN BABOUCH;La source Babouche prend naissance au milieu des sables et des graviers qui ne semblent pas être une couverture quaternaire, mais plutôt un affleurement de mio-pliocène continental.Attitude: 45 mètres;KEF;45;0;4,2l/s;0.00;450;0;0;0;0;0;0;0;0;0;;;;;FAUX;FAUX;FAUX;FAUX;FAUX;FAUX;FAUX;FAUX;FAUX;FAUX;FAUX;FAUX;FAUX;VRAI;Une étude clinique est à réaliser en vue de déterminer les indications thérapeutiques.;
57;AIN EL AJMI;"La  source est située dans la région du Kef à 10 km au Sud Ouest de la ville de Ksour.
Altitude : 800 mètres";KEF;800;19.4;variable;7.5;260;27.4;92.00;10.70;20.58;1.89;275.72;47.17;27.23;0.96;29.15;;non déterminés;Eau  bicarbonatée calcique, faiblement minéralisée;FAUX;FAUX;FAUX;FAUX;FAUX;FAUX;FAUX;FAUX;FAUX;FAUX;FAUX;FAUX;FAUX;VRAI;Une étude clinique est à réaliser en vue de déterminer les indications thérapeutiques.;
58;AIN GARCI;"Ain Garci se trouve à 13 km à l'Ouest d'Enfidha et à 115 km au Sud de Tunis. La source est captée au fond  d'une galerie de 50 mètres de long.
Altitude : 110 mètres.";SOUSSE;110;22;1 l/s;6.5;1820;76.35;198.23;65.21;440.88;10.17;1210.51;122.77;466.09;2.19;1.08;;SiO2, Sr, Rb, B, Li, Zn, Ni, Fe, Cu,Co, Sr, As;Eau  bicarbonatée sodique carbo-gazeuse;FAUX;FAUX;FAUX;VRAI;FAUX;FAUX;FAUX;FAUX;FAUX;FAUX;FAUX;FAUX;VRAI;FAUX;"Affections gastro-intestinales :  actions excito-motrice et excito-sécrétoire en cas de dyspepsie, surtout du type hyposténique. Affections du foie et des voies biliaires : effet cholagogue, sécrétoire et cholérétique (lithiases vésiculaires et états pré-lithiasiques) ; après cholésystectomie ; convalescence des ictères ; congestions hépatiques chroniques ; allergies alimentaires. Diabètes sans dénutrition, états pré-diabédiques. Goutte et lithiase urique. Action laxative : constipation d'origine biliaire. Pédiatrie : à faibles doses dans les cas d'entéro-colites avec vomissements acétonémiques.";
59;FORAGE SIDI ABDELHAMID;"Le forage se trouve à 10 km du centre ville de Sousse, sur la route reliant Sousse à Monastir.";SOUSSE;;28;;7.3;8178;145.2;252.00;200.00;2458.00;19.50;253.76;1974.00;4615.00;1.20;0.35;40 mg/l de (S²-);Pb, Mn, Ni, Cr,Sr, Co, Fe, Zn, Se, As, Cu;Eau thermale chlorurée sodique forte et sulfurée, magnésienne;FAUX;VRAI;VRAI;FAUX;FAUX;FAUX;FAUX;VRAI;FAUX;FAUX;FAUX;FAUX;FAUX;VRAI;"Dermatologie:- Dermatite atopique, eczéma, lichens, prurits, séborrhée et acné; - Séquelles de brülures Rhumatologie: - Rhumatismes articulaires : séquelles de périarthrites, tendinites et bursites, dorsalgies diverses ;- Rhumatismes dégénératifs (arthroses) dans toutes ses localisations et manifestations.- Rhumatismes inflammatoires, polyarthrite chronique évolutives et spondylarthrites ankylosantes, rhumatisme psoriasique et goutteux ; - Séquelles des traumatismes ostéo-articulaires et des interventions chirurgicales : fractures, retard de consolidation, entorses, luxations, raideur articulaire ; arthropathies diverses de la sénescence. - Névralgies : cervicalgies, cervico-brachialgies, sciatiques. Phlébologie : - Insuffisances veineuses et lymphatiques (oedèmes chroniques, dermite purpurique, ulcères variquex). - Suites et séquelles de phlébites et péri-phlébites ; acrosyndromes vasculaires.";
60;HAMMAM SIDI BOULAABA;"Hamman Sidi Boulaâba se trouve à 10 km au Nord Ouest de Kasserine sur la route GP 23 reliant Kasserine à Thala.
Altitude :  660 mètres";KASSERINE;660;37;1 l/s;7.6;1900;88;240.00;55.93;280.00;20.00;244.00;776.50;355.010;1.45;traces;;non déterminés;Eau thermale de type mixte à domnance sulfatée sodique;FAUX;FAUX;VRAI;FAUX;FAUX;VRAI;FAUX;FAUX;FAUX;FAUX;FAUX;VRAI;FAUX;FAUX;"Voies respiratoires - ORL : - Rhinites, sinusites, séquelles d'interventions; amygdalites, laryngites, angines et pharingites à répétition, rhinopharingites,  pneumologie : trachéites, bronchites, dilatations des bronches, asthme).Dermatologie: <BR>- Dermatite atopique, eczéma, lichens, prurits, séborrhée et acné; - Séquelles de brülures; - Affections des muqueuses buccales : atteinte buccale des dermatoses, lichen,  parodontopathies; pyorrhées alvéolodentaires";Voies respiratoires:- Gargarisme, irrigation nasale, pulvérisation phayngée, humage-nébulisation. Dermatologoie:- Bains Thermaux
61;FORAGE BATEN EL GHAZEL (Hayet);"Le forage se trouve à 45 km au Nord Ouest de Sidi Bouzid. Il a une profondeur totale de 226 mètres et capte la nappe du Miocène logée dans des assises gréseuses   et protégée par une épaisse couche marneuse.
Altitude : 420 mètres";SIDI BOUZID;420;21;10 l/s (par pompage);7.6;207.807;15.7;42.37;12.57;9.72;1.71;131.45;34.84;19.04;0.21;traces;;Pb, Mn, Co, Al, Sr, Fe, Zn, As, Cu;Eau  bicarbonatée calcique et magnésienne;VRAI;FAUX;FAUX;FAUX;FAUX;FAUX;VRAI;FAUX;FAUX;FAUX;FAUX;FAUX;VRAI;FAUX; Affections urinaires : calcule rénale, infections urinaires récidivantes, malformations urologiques, suite d'intervention chirurgicale sur l'appareil urinaire, cure de diurèse .Surcharge pondérale et trouble métaboliques. Régimes sans sel (hypertension artérielle, néphrites, néphrose );
62;FORAGE EL HAJEB;Le forage El Hajeb se trouve sur la route reliant Sidi Bouzid à Jelma.;SIDI BOUZID;;20;non déterminé;6.0;400;25.4;55.83;27.90;41.34;6.06;183.00;104.43;62.62;0.06;0.42;;non déterminés;Eau  à faible minéralisation;FAUX;FAUX;FAUX;FAUX;FAUX;FAUX;FAUX;FAUX;FAUX;FAUX;FAUX;FAUX;FAUX;VRAI;Une étude clinique est  à réaliser en vue de déterminer les indications thérapeutiques.;
63;FORAGE KARBA;Le forage Karba se trouve dans la région de Menzel Bouziane, gouvernorat de Sidi Bouzid.;SIDI BOUZID;0;44;important;7.2;5386;251;706.00;184.83;640.00;45.00;183.00;2282.76;1189.25;;3.10;;non déterminés.;Eau thermale sulfatée calcique et chlorurée sodique.;FAUX;VRAI;FAUX;FAUX;FAUX;FAUX;FAUX;FAUX;FAUX;FAUX;FAUX;FAUX;FAUX;VRAI;"Rhumatologie :
- Affections inflammatoires chroniques (rhumatismales articulaires).
- Arthrose goutteuse 
- Affections dégénératives des articulations : arthrose, coxarthrose, gonarthoose, etc 
- Les formes articulaires des rhumatismes : les attaches tendineuses des muscles et des ligaments d'origine infectieuse et traumatique.
- Affections douloureuses des nerfs périphériques.
- Syndromes sciatiques douloureux et  troubles statiques de la colonne vertébrale.";Bains Thermaux
64;SIDI AHMED ZARROUK;"Sidi Ahmed Zarrouk se trouve à 5 km au Sud Ouest de Gafsa. Les eaux sulfurées alimentent la piscine thermale municipale.
Altitude : 250 mètres environ.";GAFSA;250;28;26 l/s (pompage);6.2;16696;260;760.00;170.24;3460.00;170.00;390.40;1817.00;6514.25;1.14;Abs;20 mg/l;Sr, Ba, B, Li, Rb, Fe, Mn, Zn, SiO2;Eau thermale chlorurée sodique  sulfurée;FAUX;VRAI;VRAI;FAUX;VRAI;VRAI;FAUX;VRAI;FAUX;FAUX;FAUX;FAUX;FAUX;VRAI;"Rhumatologie: - L'ensemble des arthroses : arthrose du rachis, coxarthrose, gonarthrose, rhizarthrose. - Traitement des rhumatismes inflammatoires ( en dehors des poussées évolutives) : polyarthrite rhumatoide, pelvispondylite rhumatismale, rhumatisme psoriasique et goutteux ;- Rhumatismes articulaires : périarthrites scapulohumérales, pathologies tendineuses et bursites; - Traitement des séquelles des traumatismes et des interventions chirurgicales : fractures, retard de consolidation, ankyloses, entorses, luxations, raideur articulaire ; arthropathies diverses de la sénescence. - Syndromes algiques : sciatiques, cervicalgies, cervicobrachialgies. Dermatologie: - Dermatite atopique, dermatose, psoriasis vulgaire, eczéma, lichens, prurits, acné et séborrhèque. -Séquelles de brülures.  Phlébologie : - Varices et leurs complications : oedèmes, pesanteur, lourdeur de jambes, ulcères variquex; - Séquelles de phlébites et péri-phlébites ; eczéma variqueux ; acrosyndromes vasculaires.  Gynécologie :- Douleurs pelviennes chroniques (dysménorrhée), séquelles d'affections inflammatoires, de metrites ou salpingo-ovarites chronique troubles congestifs et neurotoniques de la ménopause.  Voies respiratoires - ORL : - Rhinites, sinusites, séquelles d'interventions; amygdalites, laryngites, angines et pharingites à répétition, rhinopharingites récidivantes ; pneumologie : trachéites, bronchites chroniques, pneumoconioses (silicosque), dilatations des bronches, emphysème, asthme.";Bains Thermaux, aérobains, douches
65;FORAGE AIN EL-BORJ;"L'oasis d'El-Hamma, l'une des plus importantes de Tunisie se trouve à 31 km à l'Ouest  de Gabès sur la route GP 16 reliant Gabès à Kébili. El Hamma possédait un grand nombre de sources thermales dont la réputation est connue depuis l'Antiquité. A l'époque romaine, cette oasis constituait la ville d'eau par excellence et  s'appelait Aquae Tacapitanae en raison de sa proximité de Tacape (Gabès). 
	Les hammams traditionnels sont actuellement alimentés  à partir de forages et de puits. 
Altitude : environ 50 mètres .";GAFSA;50;40;important;7.46;3760;125;424.65;74.20;506.57;99.13;183.00;1187.05;883.83;0.55;2.64;;Sr, B, Li, Rb, Fe, Mn, Zn, Cu, SiO2;Eau thermale sulfatée calcique, chlorurée sodique;FAUX;VRAI;VRAI;FAUX;FAUX;FAUX;FAUX;FAUX;FAUX;FAUX;FAUX;VRAI;FAUX;FAUX;"Rhumatologie: - L'ensemble des arthroses : arthrose du rachis, coxarthrose, gonarthrose, rhizarthrose. - Traitement des rhumatismes inflammatoires : polyarthrite chronique évolutives et pelvispondylites rhumatismales, rhumatisme psoriasique et goutteux ; - Rhumatismes articulaires : périarthrites scapulohumérales, pathologies tendineuses et bursites, dorsalgies diverses ;- traitement des séquelles des traumatismes et des interventions chirurgicales : fractures, retard de consolidation, ankyloses, entorses, luxations, raideur articulaire ; arthropathies diverses de la sénescence. - Traitement des névralgies et radiculalgies des membres : sciatiques, cervicalgies, cervico-brachialgies.  Dermatologie: -Dermatite atopique, dermatose, psoriasis, eczéma, lichens, prurits, acné et séborrhèque. -Séquelles de brülures.";Bains Thermaux
66;FORAGE SIDI ABDELKADER;"L'oasis d'El-Hamma est l'une des plus importantes de Tunisie se trouve à 31 km à l'Ouest  de Gabès sur la route GP 16 reliant Gabès à Kébili. El Hamma possedait un grand nombre de sources thermales dont la réputation est connue depuis l'Antiquité. A l'époque romaine, cette oasis constituait la  ville d'eau par excellence et s'appelait Aquae Tacapitanae en raison de sa proximité de Tacape (Gabès). 
	Les hammams traditionnels sont actuellement alimentés  à partir de forages et de puits. ";GAFSA;50;44;important;;3988;165;500.00;97.00;585.00;80.00;183.00;1135.00;1065.00;0.45;16.00;;Sr, B, Li, Rb, Fe, Mn, Zn, SiO2;Eau thermale sulfatée calcique, chlorurée sodique;FAUX;VRAI;VRAI;FAUX;FAUX;FAUX;FAUX;FAUX;FAUX;FAUX;FAUX;VRAI;FAUX;FAUX;"Rhumatologie: - Rhumatismes dégénératifs (arthroses) dans toutes ses localisations et manifestations : cervicoarthrose, lombarhrose, dorsarhrose, coxarthrose, gonarthrose. - Rhumatismes articulaires : séquelles de périarthrites, tendinites et bursites, dorsalgies diverses ; - Rhumatismes inflammatoires chroniques évolutives : pelvispondylite rhumatismale, polyarthrite rhumatoide, rhumatisme goutteux et psoriasique ; - Séquelles des traumatismes ostéo-articulares et des interventions chirurgicales : fractures, retard de consolidation, entorses, luxations, raideur articulaire ; arthropathies diverses de la sénescence. - Névralgies : cervicalgies, cervico-brachialgies, sciatiques.  Dermatologie: -Dermatite atopique, dermatose, psoriasis, eczéma, lichens, prurits, acné et séborrhèque. -Séquelles de brülures.";Bains Thermaux
67;FORAGE SGHAIER;"L'oasis d'El-Hamma est l'une des plus importantes de Tunisie se trouve à 31 km à l'Ouest  de Gabès sur la route GP 16 reliant Gabès à Kébili. El Hamma possedait un grand nombre de sources thermales dont la réputation est connue depuis l'Antiquité. A l'époque romaine, cette oasis constituait la  ville d'eau par excellence et s'appelait Aquae Tacapitanae en raison de sa proximité de Tacape (Gabès). 
	Les hammams traditionnels sont actiellement alimentés  à partir de forages et de puits. El hamma possède 2 hammams.
Altitude : 50 mètres environ.";GAFSA;50;58;important;;3674;155;488.00;80.25;550.00;75.00;170.80;1233.00;923.00;0.58;14.40;;non déterminés;Eau hyperthermale de nature sulfatée calcique et chlorurée sodique;FAUX;VRAI;VRAI;FAUX;FAUX;FAUX;FAUX;FAUX;FAUX;FAUX;FAUX;VRAI;FAUX;FAUX;"Rhumatologie: - Rhumatismes dégénératifs (arthroses) dans toutes ses localisations et manifestations. - Rhumatismes inflammatoires, polyarthrite chronique évolutives et spondylarthrites ankylosantes, rhumatisme psoriasique et goutteux ; - Rhumatismes articulaires : séquelles de périarthrites, tendinites et bursites, dorsalgies diverses ; - Séquelles des traumatismes ostéo-articulaires et des interventions chirurgicales : fractures, retard de consolidation, entorses, luxations, raideur articulaire ; arthropathies diverses de la sénescence. - Névralgies : cervicalgies, cervico-brachialgies, sciatiques.  Dermatologie: -Dermatite atopique, dermatose, psoriasis, eczéma, lichens, prurits, acné  séborrhèque. -Séquelles de brülures.";Bains Thermaux
68;HAMMAM ZARAT;"La source thermale de Zarat se trouve à 10 km à l'Est de Mareth et à 3 km de la côte. La source alimente un hammam traditionnel.
Altitude : 10 mètres environ";GAFSA;10;38.5;1 l/s;6.0;2740;105;200.00;133.70;420.67;13.26;170.80;994.00;564.50;1.55;22.32;;non déterminés;Eau thermale de type sulfato-chlorurée mixte;VRAI;FAUX;FAUX;VRAI;FAUX;FAUX;FAUX;VRAI;FAUX;FAUX;FAUX;VRAI;FAUX;FAUX;-Maladies du foie et de la vesicule biliaire : hépatite chronique , cholélithiase , cholécystite. -Maladies des reins: pyelonéphrite chronique, calculose rénale. -Maladie du pancréas: pancréatite chronique . -Maladies digestives et métaboliques: colite chronique avec constipation, goutte, obésité.  Phlebologie: - Insuffisance veineuse chronique .- Troubles fonctionnels rebelles : oedèmes , lourdeurs , paresthésie . - Troubles trophiques cutanés : eczéma variqueux , ulcères cicatrisés , dermites , atrophies blanches .- Syndrome post-phébitique : thrombose veineuse profonde récente ou ancienne , prévention des séquelles .;Bains Thermaux, cure de boisson sous contrôle médical.
69;FORAGE EL KHBAYET;"Le forage est situé  à 12 km d'El Hamma Gouvernorat Gabès, sur la route reliant  Gabès à Kébili.";GAFSA;;;;7.0;2024;114;320.00;82.00;350.00;51.00;97.60;920.36;710.00;1.55;0.48;;non déterminés;Eau sulfatée-calcique, chlorurée-sodique et magnésienne;FAUX;FAUX;FAUX;FAUX;FAUX;FAUX;FAUX;FAUX;FAUX;FAUX;FAUX;FAUX;FAUX;VRAI;Une étude clinique est à réaliser en vue de déterminer les indications thérapeutiques.;
70;FORAGE RAS-EL-AIN;"Ce forage alimente une grande piscine publique au Montazah en plein centre de Kébili.";KEBILI;;66;important;8.1;2800;104.00;280.00;60.80;360.00;35.00;145.50;761.00;656.75;0.41;1.36;;non déterminés;Eau hyperthermale chlorurée mixte sulfatée mixte.;FAUX;VRAI;VRAI;FAUX;FAUX;FAUX;FAUX;FAUX;FAUX;FAUX;FAUX;FAUX;FAUX;VRAI;"Rhumatologie: - Rhumatismes dégénératifs (arthroses) et séquelles des traumatismes ostéo-articulaires dans toutes ses formes et manifestations. - Rhumatismes inflammatoires en dehors des poussées. - Rhumatismes articulaires : périarthrites, tendinites et bursites, dorsalgies diverses ; - Névralgies : cervicalgies, cervico-brachialgies, sciatiques. Dermatologie: -Dermatite atopique, dermatose, eczéma, lichens, prurits, acné  séborrhèque. -Séquelles de brülures.";Bains Thermaux
71;FORAGE JEMNAH;"Une partie des eaux de ce forage alimente un hammam traditionnel privé en passant par une tour de refroidissement. Le hammam possède 2 blocs séparés (hommes - femmes) composé chacun d'un grand bassin collectif et quelques baignoires individuelles.";KEBILI;;59;important;7.0;3272;100.00;280.00;72.96;585.00;52.50;170.80;688.00;887.00;0.55;Abs;;non déterminés;Eau hyperthermale chlorurée sulfatée mixte;FAUX;VRAI;VRAI;FAUX;FAUX;FAUX;FAUX;FAUX;FAUX;FAUX;FAUX;VRAI;FAUX;FAUX;"Rhumatologie: - Rhumatismes dégénératifs et séquelles des traumatismes ostéo-articulaires et des interventions chirurgicales dans toutes ses formes : - arthroses du rachis, hanches, genoux, mains ; - Rhumatismes inflammatoires en dehors des poussées ; - Rhumatismes articulaires : séquelles de périarthrites, tendinites et bursites; - Séquelles de lombo-scatiques, névralgies, névralgies cervico-brachiales.  Dermatologie: - Dermatite atopique, dermatose, eczéma, lichens, prurits, acné et séborrhèque. -Séquelles de brülures.";Bains Thermaux
72;FORAGE SIDI ABDELKADER;"Le hammam de Sidi Abdelkader se trouve dans le gouvernorat de Tozeur. Il est alimenté  à partir d'un forage profond captant le Continental Intercalcaire.";TOZEUR;;75;important;7.0;2670;100.00;336.00;38.91;424.00;60.00;146.40;1688.00;887.50;0.63;Abs;;Sr, B, Li, Rb, Fe, Mn, Zn, Cu, SiO2;Eau hyperthermale sulfato-chlorurée sodico-calcique;FAUX;FAUX;VRAI;FAUX;FAUX;FAUX;FAUX;FAUX;FAUX;FAUX;FAUX;VRAI;FAUX;FAUX;Dermatologie: -Dermatite atopique, dermatose, psoriasis, eczéma, lichens, prurits, acné et séborrhèque. -Séquelles de brülures.;Bains Thermaux.
73;FORAGE NEFTA;"Le forage Nefta se trouve dans le gouvernorat de Tozeur";TOZEUR;;65;5 l/s (concession);8.0;3267;143.00;520.00;31.61;500.00;92.50;170.80;1200.50;603.50;0.76;traces;;non déterminés;Eau thermale sulfatée calcique et chlorurée sodique;FAUX;VRAI;VRAI;FAUX;FAUX;FAUX;FAUX;FAUX;FAUX;FAUX;FAUX;FAUX;FAUX;VRAI;"Rhumatologie: - Rhumatismes dégénératifs sous toutes ses formes. - Rhumatismes inflammatoires, polyarthrite chronique évolutive et spondylarthrites ankylosantes, rhumatisme psoriasique et goutteux ; - Rhumatismes articulaires : séquelles de périarthrites, tendinites et bursites, dorsalgies diverses - Séquelles des traumatismes ostéo-articulaires et des interventions chirurgicales : fractures, retard de consolidation, entorses, luxations ; - Névralgies : cervicalgies, cervico-brachialgies, sciatiques. Dermatologie: -Dermatite atopique, dermatose, psoriasis, eczéma, lichens, prurits, acné  séborrhèque. -Séquelles de brülures.";Bains Thermaux
74;HAMMAM EL BORMA;"Situé à Tozeur, actuellement le Hammam d'elBorma est alimenté à partir d'un profond forage captant le continental intercalaire. L'eau jaillit à 75°C passe par une tour de refroidissement pour sortir à 50°C, et de là, elle est véhiculée par une conduite de 3km de long pour arriver au hammam à 45°C.";TOZEUR;;75;important en fonction des besoins;6.9;2670;150.00;372.00;138.62;648.60;23.40;140.30;1339.20;1001.10;-;non déterminé;;non déterminés;Eau sulfato-chlorurée, sodico-calcique;FAUX;VRAI;FAUX;FAUX;FAUX;FAUX;FAUX;FAUX;FAUX;FAUX;FAUX;FAUX;FAUX;VRAI;Maladies Ostéo-articulaires;
75;S.B.T (Jektiss I);"Le forage de S.B.T se trouve à 17,5 km au Nord Ouest de Médenine sur la route Médenine - Gabès.
Altitude : 90 mètres";MEDENINE;90;23;5 l/s;7.9;268;5.47;11.45;6.35;63.41;1.85;24.40;36.36;91.84;0.72;20,36;;Ni, Se, As;Eau chlorurée sodique( eau de table);FAUX;FAUX;FAUX;FAUX;FAUX;FAUX;FAUX;FAUX;FAUX;FAUX;FAUX;FAUX;VRAI;FAUX;;
76;KOUTINE II (Jektiss II);"Le forage de Koutine II se trouve à 17 km au Nord Ouest de Médenine sur la route Médenine - Gabès.
Altitude : 90 mètres";MEDENINE;90;23;5 l/s par pompage;7.6;368;12.95;24.00;17.02;51.14;1.67;48.80;91.94;66.56;0.37;6.70;;Ni, Se, As;Eau chlorurée sodique( eau de table);FAUX;FAUX;FAUX;FAUX;FAUX;FAUX;FAUX;FAUX;FAUX;FAUX;FAUX;FAUX;VRAI;FAUX;;
77;FORAGE LES SIRENES;"L'eau thermale provient des forages exploitant une partie de la nappe de la Jeffera de Médenine. Cette nappe de la côte nord de Djerba est logée dans les sables tertiaires, situés à une profondeur de 300 à 350 m.	";MEDENINE;;31.2;30 l/s;7.4;7266;155.00;340.00;170.24;1960.00;56.00;170.80;1274.30;2911.00;0.58;Abs;;non déterminés;Eau thermale chlorurée sodique, sulfatée calcique et magnésienne riche en fer;FAUX;VRAI;VRAI;FAUX;VRAI;VRAI;FAUX;VRAI;FAUX;FAUX;VRAI;FAUX;FAUX;FAUX;"Rhumatologie:- Rhumatismes inflammatoires, polyarthrite chronique évolutive et spondylarthrites ankylosantes, rhumatisme psoriasique et goutteux ; - Rhumatismes dégénératifs : coxarthrose, gonarthrose, arthrose vertebrale, arthrose des mains. - Rhumatismes articulaires : séquelles de périarthrites, tendinites et bursites, dorsalgies diverses ; - Séquelles des traumatismes ostéo-articulaires et des interventions chirurgicales orthopédiques : fractures, retard de consolidation, entorses, luxations, raideur articulaire, arthropathies diverses de la sénescence. - Névralgies : cervicalgies, cervico-brachialgies, sciatiques. Dermatologie: -Dermatite atopique, dermatose, psoriasis, eczéma, lichens, prurits, acné séborrhèque, séquelles de brülures. Voies respiratoires : - Pathologie rhino-sinusienne ; - Pathologie pharyngée ; - Pathologie laryngée ;- Pathologie broncho-pulmonaire : Phlébologie : - Insuffisances veineuses et lymphatiques (oedèmes chroniques, dermite purpurique, ulcères variqueux). - Suites et séquelles de phlébites et péri-phlébites ; acrosyndromes vasculaires.  Gynécologie:- Algies pelviennes chroniques, séquelles d'affections inflammatoires, troubles congestifs et neurotoniques de la ménopause.";"Bains thermaux; pulvérisations de la bouche; réeducation respiratoire; bain avec irrigation vaginale."
78;FORAGE EL JAZIRA;"L'eau thermale provient de forage exploitant une partie de la nappe de la Jeffera de Médenine. Cette nappe de la côte nord de Djerba est logée dans les sables tertiaires, située à une profondeur de 300 à 350 mètres.	";MEDENINE;;32;nd;;7286;150.00;340.00;158.00;1880.00;55.00;170.80;1435.00;2893.25;0.52;Abs;;non déterminés;Eau thermale chlorurée sodique, sulfatée calcique et magnésienne;FAUX;VRAI;VRAI;FAUX;VRAI;VRAI;FAUX;VRAI;FAUX;FAUX;FAUX;FAUX;FAUX;VRAI;"Rhumatologie: - Rhumatismes inflammatoires, polyarthrite chronique évolutive et spondylarthrites ankylosantes, rhumatisme psoriasique et goutteux ; - Rhumatismes dégénératifs : coxarthrose, gonarthrose, arthrose vertebrale, arthrose des mains. - Rhumatismes articulaires : séquelles de périarthrites, tendinites et bursites, dorsalgies diverses ; - Séquelles des traumatismes ostéo-articulaires et des interventions chirurgicales orthopédiques : fractures, retard de consolidation, entorses, luxations, raideur articulaire, arthropathies diverses de la sénescence. - Névralgies : cervicalgies, cervico-brachialgies, sciatiques. Dermatologie: -Dermatite atopique, dermatose, psoriasis, eczéma, lichens, prurits, acné séborrhèque, séquelles de brülures.  Voies respiratoires : - Pathologie rhino-sinusienne ; - Pathologie pharyngée ;- Pathologie laryngée ; - Pathologie broncho-pulmonaire : Phlébologie : - Insuffisances veineuses et lymphatiques (oedèmes chroniques, dermite purpurique, ulcères variquex). - Suites et séquelles de phlébites et péri-phlébites ; acrosyndromes vasculaires. Gynécologie : - Algies pelviennes chroniques, séquelles d'affections inflammatoires, troubles congestifs et neurotoniques de la ménopause.";"Bains thermaux; pulvérisations de la bouche; réeducation respiratoire; bain avec irrigation vaginale."
79;EAU THERMALE TOUILET;"Le forage Touilet Ben Guerdan se trouve à la délégation de Ben Guerdene gouvernorat de Médenine, on y accède par une piste de 9 km à partir de la route reliant Medenine à Ben Guerdene . ";MEDENINE;;34;nd;7.0;1052;365.00;800.00;394.00;1808.50;58.15;183.00;2472.76;3107.72;;3.75;;Fe, Sr;Eau thermale chlorurée sodique, sulfatée-calcique, magnésienne;FAUX;VRAI;VRAI;FAUX;VRAI;FAUX;FAUX;VRAI;FAUX;FAUX;FAUX;FAUX;FAUX;VRAI;"Rhumatologie: - Rhumatismes articulaires : séquelles de périarthrites, tendinites et bursites, dorsalgies diverses ; - Rhumatismes dégénératifs (arthroses) dans toutes ses localisations et manifestations. - Rhumatismes inflammatoires, polyarthrite chronique évolutive et spondylarthrites ankylosantes, rhumatisme psoriatique et goutteux ; - Séquelles des traumatismes ostéo-articulaires et des interventions chirurgicales : fractures, retard de consolidation, entorses, luxations, raideur articulaire ; arthropathies diverses de la sénescence. - Névralgies : cervicalgies, cervico-brachialgies, sciatiques.  Dermatologie: -Dermatite atopique, dermatose, psoriasis, eczéma, lichens, prurits, acné  séborrhèque ; -Séquelles de brülures.  Phlébologie : - Insuffisances veineuses et lymphatiques (oedèmes chroniques, dermite purpurique, ulcères des jambes), suite et séquelles de phlébites, acrosyndromes vasculaires.  Gynécologie : - séquelles d'affections inflammatoires, algies pelviennes chroniques, les troubles congestifs et neurotoniques de la ménopause.";Bains Thermaux
80;FORAGE TOUMANA;Le forage se situe sur la Côte Est de l'île de Djerba, plus précisément  sur la zone touristique de Sidi Zekri à une quinzaine de km de Houmt Souk .;MEDENINE;;30.5;nd;7.5;7220;150.00;280.00;194.56;2020.00;36.00;183.00;1316.00;3195.00;0.47;0.44;;B ,Ba, Li, Mn, Co, Sr, Ti, Oxygène dissous 4.5 mg/l;eau chloruée sodique, sulfatée calcique et magnésienne, riche en fer;FAUX;VRAI;VRAI;FAUX;VRAI;VRAI;FAUX;VRAI;FAUX;VRAI;FAUX;FAUX;FAUX;VRAI;Rhumatologie : Rhumatismes dégénératifs, inflammatoires «chronique » et articulaires, Coxarthrose, Gonarthrose, Arthroses, Polyarthrite rhumatoide, Pelvispondylite rhumatismale, Sciatique, Périarthrites Névralgie cervico-branchiale, Séquelles de traumatisme. Complications Traumatologiques : Séquelles postraumatiques, Cals hypertrophies, Retard de consolidation, Toutes les suites d'entorses, de luxations. Maladies Ostéo-Articulaires et professionnelles Affections du Système Nerveux : Séquelles d'hemeplegie ou de paraplégie, Séquelles de poliomyélite aigue  Gynécologie : Algies pelviennes, Dysménorrhées ORL et Voies respiratoires : Sinusites, Rhinites, Asthme ( adultes et enfants) Otites, Dilatation des bronches, Bronchites chroniques Ozène Phlébologie :dèmes, Séquelles de phlébites, Jambes lourdes, Varices, Ulcères variqueux  Dermatologie : Eczémas, Dermatose allergique, Vieillissement cutané, Psoriasis, Affection de la muqueuse bucco linguale, Séquelles de brûlures;"Bains thermaux; pulvérisations de la bouche; réeducation respiratoire; bain avec irrigation vaginale."
81;FORAGE TATOUINE NORD 2;"La région se situe au  Sud Est de la Tunisie.  L'accès au forage se fait par la Route GP 19 reliant Médenine à  Tataouine , on emprunte  une piste                
carrossable  vers l'Est et qui  s'étend sur 800 mètres.
Altitude : 194 mètres.";TATAOUINE;194;20.2;5 l/s;7.7;370;24.00;48.00;29.18;38.60;4.75;170.80;105.61;35.50;2.20;18.27;;non déterminés;Eau mixte faiblement minéralisée;FAUX;FAUX;FAUX;FAUX;FAUX;FAUX;FAUX;FAUX;FAUX;FAUX;FAUX;FAUX;FAUX;VRAI;Une étude cliniqueest  à réaliser en vue de déterminer les indications thérapeutiques.;
82;FORAGE SANGHO;Le forage est situé dans le gouvernorat de Tataouine.;TATAOUINE;;;nd;6.7;988;48.50;96.74;59.15;106.32;3.68;244.00;240.00;207.30;1.00;19.14;;non déterminés;Eau mixte faiblement minéralisée;FAUX;FAUX;FAUX;FAUX;FAUX;FAUX;FAUX;FAUX;FAUX;FAUX;FAUX;FAUX;FAUX;VRAI;Une étude clinique est à réaliser en vue de déterminer les indications thérapeutiques.;
83;AIN BOUJEBLA;"La zone d&#8217;étude se situe au Nord de la Tunisie dans la région de Séjnane sur la route nationale N°7, reliant la ville de Séjnane à Mateur à 11 km de Séjnane, au niveau d'el Aouana ; on emprunte une piste de 2 km environ de long.
La zone d'étude est connue sous le nom de Sfayet Ezzitoun, dans la région de Sidi Abdallah Ben Saiden, gouvernorat de Bizerte.
Altitude :  320 mètres";BIZERTE;320;;3 l/s;7.4;380;24.55;68.00;12.16;18.30;0.50;256.00;21.00;28.403;0.29;8.68;;Zn, Cd, B;Eau  bicarbonatée calcique, légèrement magnésienne à faible minéralisation(eau de source);FAUX;FAUX;FAUX;FAUX;FAUX;FAUX;FAUX;FAUX;FAUX;FAUX;FAUX;FAUX;FAUX;VRAI;Une étude clinique est à réaliser en vue de déterminer les indications thérapeutiques.;
84;AIN BRAGA;"La source est située à la région de Ain Garci gouvernorat de Sousse . La source Ain Braga se trouve donc sur le flanc sud du massif du jebel Garci qui forme une colline dont le pont culminant est à 412 mètres.
Altitude : 140 mètres";SOUSSE;140;22;4 l/s;7.0;1230;55.00;136.00;51.07;255.30;7.41;817.40;79.40;319.50;1.69;1.50;;Zn, Co, B;Eau  bicarbonatée sodique;FAUX;FAUX;FAUX;FAUX;FAUX;FAUX;FAUX;FAUX;FAUX;FAUX;FAUX;FAUX;FAUX;VRAI;Une étude clinique est à réaliser en vue de déterminer les indications thérapeutiques.;
85;FORAGE BOURAOUI TURKI;"Le forage est situé à 3 km au Sud Ouest de la ville de Zaghouan, gouvernorat Zaghouan.
Altitude : 420 mètres";ZAGHOUAN;420;19;10 l/s;7.2;580;43.50;125.32;29.59;40.95;1.85;268.40;205.05;73.52;0.56;3.26;;Zn, Cd, B, Fe, Cr;Eau  bicarbonatée sulfatée calcique;FAUX;FAUX;FAUX;FAUX;FAUX;FAUX;FAUX;FAUX;FAUX;FAUX;FAUX;FAUX;VRAI;FAUX;Une étude clinique est à réaliser en vue de déterminer les indications thérapeutiques.;
86;FORAGE SAHNOUN (Jannet);"Le forage est situé dans le gouvernorat de Kairouan- délégation de Haffouz, plus précisément à environ 1 km au Nord Ouest de la ville de Haffouz. L'accès au site de forage s'éffectue par la route nationale qui relie Sousse à Kairouan, puis l'accès au forage se fait sur prés de 400 mètres suivant une piste carrossable qui dessert la région de Henchir el Assel.
Altitude :  320 mètres";KAIROUAN;320;23.8;6 l/s;7.6;280;20.74;50.10;20.00;25.46;3.33;229.36;32.47;32.03;0.70;3,50;;SiO2;Eau  bicarbonatée calcique, à faible minéralisation;FAUX;FAUX;FAUX;FAUX;FAUX;FAUX;FAUX;FAUX;FAUX;FAUX;FAUX;FAUX;FAUX;VRAI;Une étude clinique est à réaliser en vue de déterminer les indications thérapeutiques.;
87;FORAGE CHOUACHI;"Le forage Chouachi est situé dans la localité de Traikia, qui fait partie administrativement, de Imada de Chouachi : délégation de Hajeb el Ayoun gouvernorat de Kairouan. L'accès au forage à partir de l'agglomération d'el Ala semble être beaucoup plus facile en suivant la route goudronnée El Ala  Oued el Kouki sur 12 km, puis on emprunte une piste en terre.
Altitude : 450 mètres";KAIROUAN;450;19;30 l/s;7.2;;18.60;57.53;10.20;62.10;1.95;244.00;29.47;65.06;0.92;21.26;;Zn, Cr, Ni;Eau  bicarbonatée calcique;FAUX;FAUX;FAUX;FAUX;FAUX;FAUX;FAUX;FAUX;FAUX;FAUX;FAUX;FAUX;FAUX;VRAI;Une étude clinique est à réaliser en vue de déterminer les indications thérapeutiques.;
88;HAMMAM BOUHLEL;Hammam Bouhlel se trouve au centre de la ville de Dguèche, à 15 km de la ville de Tozeur.;TOZEUR;;70;25 l/s;7.2;2460;114.64;391.34;40.91;323.11;77.86;219.60;981.26;472.84;0.68;non déterminé;nd;non déterminés.;non déterminés.;FAUX;FAUX;FAUX;FAUX;FAUX;FAUX;FAUX;FAUX;FAUX;FAUX;FAUX;FAUX;FAUX;FAUX;;
89;FORAGE SIDI BOURIGUA;Le forage de Sidi Bourigua se trouve près de Hammam El Bey au centre ville de Hammam Lif.;BEN AROUS;;48;5 l/d;6.9;16.20;330.00;1000.00;194.56;3738.00;0.115;658.80;1317.00;7467.87;3.30;traces;ne;Mn, Ni, Co, Sr, Fe, Zn, Se, As, Cu;Eau chaude chlorurée-sodique;FAUX;FAUX;FAUX;FAUX;FAUX;FAUX;FAUX;FAUX;FAUX;FAUX;FAUX;FAUX;FAUX;FAUX;"Une étude clinique est à réaliser en vue de déterminer les indications thérapeutiques.";
90;FORAGE MAHASSEN 2;"Ce forage se trouve dans la ville de Dguèche ; à 15 km de Tozeur";TOZEUR;;70;30 l/s;7.2;2260;103.30;349.52;38.75;295.41;84.48;207.40;890.09;409.37;0.82;non déterminé;nd;non déterminés.;non déterminés.;FAUX;FAUX;FAUX;FAUX;FAUX;FAUX;FAUX;FAUX;FAUX;FAUX;FAUX;FAUX;FAUX;FAUX;;
91;HAMMAM MAHASSEN;Hammam Mahassen se trouve à l'entrée de la ville de Dguèche, à 15 km de la ville de Tozeur;TOZEUR;;70;25 l/s;7.40;2440;111.89;376.7;43.12;347.01;75.12;207.4;991.8;485.3;0.78;non déterminé;nd;non déterminés.;non déterminés.;FAUX;FAUX;FAUX;FAUX;FAUX;FAUX;FAUX;FAUX;FAUX;FAUX;FAUX;FAUX;FAUX;FAUX;;
92;FORAGE ZRIBA;Le forage Zriba se trouve à 300 mètres de la ville de Zriba, gouvernorat de Zaghouan.;ZAGHOUAN;;44;30 l/s;7.4;5980;227.00;660.50;150.45;1066.62;17.91;268.40;1936.50;1856.00;2.50;non déterminé;nd;Mn, Ni, Sr, Al, Fe, Zn,As, Cu;Eau thermale chloro-sulfatée sodico-calcique;FAUX;FAUX;FAUX;FAUX;FAUX;FAUX;FAUX;FAUX;FAUX;FAUX;FAUX;FAUX;FAUX;FAUX;Une étude est à réaliser en vue de déterminer les indications thérapeutiques;
93;HAMMAM EL HADDAJ;"Hammam El Haddaj se trouve à 10 km au Sud-Est du village de Bouzaine. On y accède par la route GP 14.
Altitude : 300 mètres.
";ARIANA;;37;5 l/s;6.8;3790;3.00;240.00;146.00;727.00;44.40;207.40;942.50;1386.00;-;non déterminé;nd;non déterminés.;Eau thermale chlorurée sulfatée sodique.;FAUX;FAUX;FAUX;FAUX;FAUX;FAUX;FAUX;FAUX;FAUX;FAUX;FAUX;FAUX;FAUX;FAUX;"Rhumatologie 
Dermatologie
Phlebologie
Gynécologie";
94;FORAGE KRAIDI;Le forage de Kraïdi se trouve dans le gouvernorat de Kasserine.;KASSERINE;;;nd;7.7;940;46.00;120.00;38.91;71.20;2.20;219.00;191.00;142.00;0.01;101.00;nd;non déterminés.;Eau chlorurée sulfatée calcique légèrement magnésienne;FAUX;FAUX;FAUX;FAUX;FAUX;FAUX;FAUX;FAUX;FAUX;FAUX;FAUX;FAUX;FAUX;FAUX;Une étude clinique est à réaliser en vue de déterminer les indications thérapeutiques.;
95;Forage AIN-BORJ;L'oasis d'El-Hamma, l'une des plus importantes de Tunisie se trouve à 31 Km à l'Ouest de Gabès sur la route GP16 reliant Gabès à Kébili. El Hamma possèdait un grand nombre de sources thermales dont la réputation est connue depuis l'Antiquité. A l'époque romaine, cette oasis constituait la ville d'eau par excellence et s'appelait;GABES;;40;important;7.46;3760;125;424.65;74.2;506.57;99.13;183;1187.05;883.83;0.55;2.64;;Sr, B, Rb,Fe ,Mn, Zn, Cu, SiO2;Eau thermale sulfatée calcique, Chlorurée sodique;FAUX;VRAI;FAUX;FAUX;FAUX;FAUX;FAUX;FAUX;FAUX;FAUX;FAUX;FAUX;FAUX;FAUX;"Rhmatologie:
- l'ensemble des arthroses: arthrose du rachis, coxarthrose, gonarthrose, rthizarthrose.
- Traitement des rhumatismes inflammatoires: polyarthrite chronique évolutives et peivispondylites rhumatismales, rhumatisme psoriasique et goutteux;
- Rhumatismes articulaires: périarthrites scapulohumérales, pathologies tendineuses et bursites, dorsalgies diverses;";
96;Forage SIDI ABDELKADER;L'oasis d'El-Hamma est l'une des plus impotantes de Tunisie se trouve à 31 Km à l'ouest de Gabès sur la route GP 16 reliant Gabès à Kébili. El Hamma possèdait unh grand nombre de sources thermales dont la répetation est connue depuis l'Antiquité. A l'époque romaine, cette oasis constituait la ville d'eau par excellence et s'appelait.;GABES;;44;important;pas indiqué;3988;165° F;500;97;585;80;183;1135;1065;0.45;16;;Sr, B, Li, Rb, Fe, Mn, Zn, SiO2;Eau thermale sulfatée calcique, chlorurée sodique;FAUX;VRAI;FAUX;FAUX;FAUX;FAUX;FAUX;FAUX;FAUX;FAUX;FAUX;FAUX;FAUX;FAUX;"- Rhumatismes dégénératifs (arthroses) dans toutes ses localisations et manifestations: cervicoarthrose, lombarhrose, coxarthrose, gonarthrose.
- Rhumatismes articulaires: séquelles de périarthrites, tendinites et brusites, dorsalgies diverses;
- Rhumatismes inflammatoires chroniques évolutives: pelvisopondylite rhumatismale, polyarthrite rhumatoide, rhumatisme goutteux et psoriasique;";
97;Forage SGHAIER;L'oasis d'El-Hamma, l'une des plus importantes de Tunisie se trouve à 31 Km à l'Ouest de Gabès sur la route GP16 reliant Gabès à Kébili. El Hamma possèdait un grand nombre de sources thermales dont la réputation est connue depuis l'Antiquité. A l'époque romaine, cette oasis constituait la ville d'eau par excellence  et s'appelait.;GABES;;58;important;pas indiqué;3674;155° F;488;80.25;550;75;170.8;1233;923;0.58;14.4;;non déterminés;Eau hyperthermale de nature sulfatée calcique et chlorurée sodique;FAUX;VRAI;FAUX;FAUX;FAUX;FAUX;FAUX;FAUX;FAUX;FAUX;FAUX;FAUX;FAUX;FAUX;"- Rhumatismes dégénératifs (arthroses) dans toutes ses localisations et manifestations.
- Rhumatismes inflammatoires, polyarthrite chronique évolutive et spondylarthrites ankylosantes, rhumatisme psoriasique et goutteux;
- Rhumatismes articulaires: séquelles des traumatismes ostéo-artculaires et des interventions chirurgicales: fractures";
98;Forage EL KHBAYET;Le forage est situé à 12 Km d'El Hamma Gouvernorat Gabès, route reliant Gabès à Kébili;GABES;;43;important;7.3;2024;114° F;320;82;350;51;97.6;920.36;710;1.55;0.48;;non déterminés;Eau sulfatée-calcique, chlorurée-sodique et magnésienne;FAUX;FAUX;FAUX;FAUX;FAUX;FAUX;FAUX;FAUX;FAUX;FAUX;FAUX;FAUX;FAUX;FAUX;Une étude clinique est à réaliser en vue de déterminer les indications thérapeutiques.;
99;HAMMAM ESSAIDA ECHAALIYA;La source thermale se trouve à Hamma de Gabes. Elle alimente un hammam traditionnel;GABES;;40° C;important;7.46;3760;125° F;424.6;74.2;506.6;99.1;183;1187;883.8;0.5;2.6;;non déterminés;Eau thermale;FAUX;VRAI;VRAI;FAUX;FAUX;FAUX;FAUX;FAUX;FAUX;FAUX;FAUX;FAUX;FAUX;FAUX;;
100;HAMMAM EZAIRI;La source thermale se trouve à  HAMMA de Gabes. Elle alimente un hammam traditionnel;GABES;;40° C;important;7.46;3760 mg/l;125° F;424.6;74.2;506.6;99.1;183;1187;883.8;0.5;2.6;;non déterminés;Eau thermale;FAUX;VRAI;VRAI;FAUX;FAUX;FAUX;FAUX;FAUX;FAUX;FAUX;FAUX;FAUX;FAUX;FAUX;;
101;Hamma Zarat;;GABES;;40;important;7.46;3760;125° F;424.6;74.2;506.6;99.1;183;1187;883.8;0.5;2.6;;;;FAUX;VRAI;VRAI;FAUX;FAUX;FAUX;FAUX;FAUX;FAUX;FAUX;FAUX;FAUX;FAUX;FAUX;;
102;Hammam Esghaier;;GABES;;58;important;-;3674;155° F;488;80.2;550;75;170.8;1233;923;0.6;14.4;;;;FAUX;VRAI;VRAI;FAUX;FAUX;FAUX;FAUX;FAUX;FAUX;FAUX;FAUX;FAUX;FAUX;FAUX;;
103;Hammam Ezzimzmi;;GABES;;40;important;7.46;3760;125° F;424.6;74.2;506.6;99.1;183;1187;883.8;0.5;2.6;;;;FAUX;VRAI;VRAI;FAUX;FAUX;FAUX;FAUX;FAUX;FAUX;FAUX;FAUX;FAUX;FAUX;FAUX;;
104;Hammam Sidi Abdelkader;;GABES;;44;important;-;3988;165° F;500;97;585;80;183;1135;1065;0.4;16;;;;FAUX;VRAI;VRAI;FAUX;FAUX;FAUX;FAUX;FAUX;FAUX;FAUX;FAUX;FAUX;FAUX;FAUX;;
105;Hammam Mouguou;;GABES;;40;important;7.46;3760;125° F;424.6;74.2;506.6;99.1;183;1187;883.8;0.5;2.6;;;;FAUX;VRAI;VRAI;FAUX;FAUX;FAUX;FAUX;FAUX;FAUX;FAUX;FAUX;FAUX;FAUX;FAUX;;
106;Hammam Hammamet Asria;;GABES;;40;important;7.46;3760;125° F;424.6;74.2;506.6;99.1;183;1187;883.8;0.5;2.6;;;;FAUX;VRAI;VRAI;FAUX;FAUX;FAUX;FAUX;FAUX;FAUX;FAUX;FAUX;FAUX;FAUX;FAUX;;
107;Hammam Ain El Borj;;GABES;;40;important;7.46;3760;125° F;424.6;74.2;506.6;99.1;183;1187;883.8;0.5;2.6;;;;FAUX;VRAI;VRAI;FAUX;FAUX;FAUX;FAUX;FAUX;FAUX;FAUX;FAUX;FAUX;FAUX;FAUX;;
108;Hammam Sidi Msallem;;JENDOUBA;;50;0.6 l/s;7.0;1000;27.55 ° F;75.2;21.3;259.9;13.1;597.8;6.0;291;1.9;traces;;;;FAUX;FAUX;FAUX;FAUX;FAUX;FAUX;FAUX;FAUX;FAUX;FAUX;FAUX;FAUX;FAUX;FAUX;Cure de remise en forme, effet tonifiant, reconstituant et myorelaxant;
109;Hammam Ancienne Arraka;;NABEUL;;59.5;24 l/s;7.5;11812;263.6;755.9;181.6;2980;86.4;561.2;1724.1;5700;2.8;traces;;;;FAUX;VRAI;VRAI;FAUX;VRAI;FAUX;FAUX;FAUX;FAUX;FAUX;FAUX;FAUX;FAUX;FAUX;;
110;Hammam Nouvelle Arraka;;NABEUL;;59.5;24 l/s;7.5;11812;263.6;755.9;181.6;2980;86.4;561.2;1724.1;5700;2.8;tracers;;;;FAUX;VRAI;VRAI;FAUX;VRAI;FAUX;FAUX;FAUX;FAUX;FAUX;FAUX;FAUX;FAUX;FAUX;;
111;Hammam Bains Individuels;;NABEUL;;59.5;24 l/s;7.5;11812;263.6;755.9;181.6;2980;86.4;561.2;1724.1;5700;2.8;traces;;;;FAUX;VRAI;VRAI;FAUX;VRAI;FAUX;FAUX;FAUX;FAUX;FAUX;FAUX;FAUX;FAUX;FAUX;;
112;Hammam Rejel;;TOZEUR;;75;important;6.9;2670;150° F;372.0;138.6;648.6;23.4;140.3;1339.2;1001.1;;;;;;FAUX;FAUX;FAUX;FAUX;FAUX;FAUX;FAUX;FAUX;FAUX;FAUX;FAUX;FAUX;FAUX;FAUX;Maladies sostaritculaires;
113;Hammam Chadia;Le forage se trouve à 13 km du centre ville de Sfax.;SFAX;;26;5 l/s;6.6;5540;246.96° F;541.77;198.36;840.08;nd;210.82;1525.75;1420;23;nd;;;Eau de type chlorurée sodique et sulfatée calcique et magnésienne;FAUX;VRAI;FAUX;FAUX;FAUX;FAUX;FAUX;FAUX;FAUX;FAUX;FAUX;FAUX;FAUX;FAUX;Rhumatisme;
114;Ras EL Oued;La source se trouve à chott ezzouara / Nefza, gouvernorat de Béja;BEJA;;19;25 l/s;7.6;260 mg/l;17.4° F;60;5.8;20.79;0.24;195.2;12.65;37.45;0.68;6.72;;non déterminés;Eau bicarbonatée calcique;FAUX;FAUX;FAUX;FAUX;FAUX;FAUX;FAUX;FAUX;FAUX;FAUX;FAUX;FAUX;FAUX;FAUX;;
115;Ain Dhahab;Aïn Dhahab se trouve à Joumine, Sidi Nsir, sur la route de Bizerte-Béja et à 95 km au Nord-Ouest de Tunis en passant par Mateur.;BIZERTE;;20;;7.4;240 mg/l;22 °F;76;7.29;18.41;1.45;244;17.05;35.5;0.3;1.57;;;Eau bicartonatée calcique à faible minéralisation;FAUX;FAUX;FAUX;FAUX;FAUX;FAUX;FAUX;FAUX;FAUX;FAUX;FAUX;FAUX;FAUX;FAUX;;
116;Forage Sidi Hsan;Zone de Hajeb el Ayoun;KAIROUAN;;38;nd;6.7;15330 mg/l;329 °F;780;243.2;4250.4;141.2;448;875;7455;3;traces;;nd;Eau chlorurée sodique chargée en minéraux;FAUX;FAUX;FAUX;FAUX;FAUX;FAUX;FAUX;FAUX;FAUX;FAUX;FAUX;FAUX;FAUX;FAUX;;
117;Forage CM1 Chouachi;Le forage CM1 (profond de 172m) est situé sur la rive gauche de l'oued el Ouiba. L'un des affluents principaux à l'amont de l'oued el hthob, qui fait partie administrativement, de Imada de Chouchi: délégation de Hajeb el Ayoun gouvernorat de Kairouan;KAIROUAN;;19;10;7.5;375;18.5;56;11.2;50;4;231;26;63.9;0.92;5;;nd;Eau bicarbonatée calcique;FAUX;FAUX;FAUX;FAUX;FAUX;FAUX;FAUX;FAUX;FAUX;FAUX;FAUX;FAUX;FAUX;FAUX;;
118;Forage OUSLATIA;"le forage profond se situe dans un domaine de l'état, exploité par la Sté de développement agricole ""Nouvel ère"" au Km 2 sur la route Haffouz- Oueslatia";KAIROUAN;;21;26;7.2;360;23;68;14.6;43.7;nd;234.24;41.67;56.67;56.8;0.56;2.65;non déterminés;Eau bicarbonatée calcique à faible minéralisation;FAUX;FAUX;FAUX;FAUX;FAUX;FAUX;FAUX;FAUX;FAUX;FAUX;FAUX;FAUX;FAUX;FAUX;;
119;Forage Kasserine (Eq Hyd);Le forage réalisé par l'équipement en 2006 se trouve dans le gouvernorat de Kasserine;KASSERINE;;19;important;7.2;780;44;86.4;54.5;39.1;2.34;208;183;92;1.3;31.9;;non déterminés;Eau bicarbonatée sulfatée calcique et magnésienne;FAUX;FAUX;FAUX;FAUX;FAUX;FAUX;FAUX;FAUX;FAUX;FAUX;FAUX;FAUX;FAUX;FAUX;;
120;Forage Machreq echams N° IRH 17806/;Le forage Machreq echams N° IRH 17806/4 se trouve dans le gouvernorat de Kasserine;KASSERINE;;19;important;7.65;512;24.6;48;30.64;125;1.66;397.23;43.7;85.2;1.6;17.18;;non déterminés;Eau bicarbonatée Sodique et chlorurée calcique légèrement magnésienne;FAUX;FAUX;FAUX;FAUX;FAUX;FAUX;FAUX;FAUX;FAUX;FAUX;FAUX;FAUX;FAUX;FAUX;;
121;Forage Machreq Chams (N° IRH 18888/;Le forage Machreq echams (N° IRH 18888/4) se trouve dans le gouvernorat de Kasserine;KASSERINE;;22;important;7.7;512;24.5;48;30.64;125;1.66;397.23;43.7;85.2;1.6;17.2;;non déterminés;Eau bicarbonatée Sodique et chlorurée calcique légèrement magnésienne;FAUX;FAUX;FAUX;FAUX;FAUX;FAUX;FAUX;FAUX;FAUX;FAUX;FAUX;FAUX;FAUX;FAUX;;
122;Forage Samaali;Le forage Samaali se trouve dans le gouvernorat de Kasserine;KASSERINE;;22;important;7.3;300;19.15;41.04;21.62;29.36;0.53;213.13;36.35;26;nd;21.2;;non déterminés;Eau bicarbonatée calcique légèrement magnésienne;FAUX;FAUX;FAUX;FAUX;FAUX;FAUX;FAUX;FAUX;FAUX;FAUX;FAUX;FAUX;FAUX;FAUX;;
123;Forage Essaada Istaftimi;Ce forage se trouve dans le gouvernorat de Kebili;KEBILI;;59;important;7.0;3272;100;280;72.96;585;52.5;170.8;688;887;0.55;Abs;;Non déterminés;Eau hyperthermale;FAUX;FAUX;FAUX;FAUX;FAUX;FAUX;FAUX;FAUX;FAUX;FAUX;FAUX;FAUX;FAUX;FAUX;;
124;Forage El Faour;Ce forage se trouve dans le gouvernorat de Kebili;KEBILI;;59;important;7;3272;100;280;72.96;585;52.5;170.8;688;887;0.55;Abs;;Non déterminés;Eau hyperthermale;FAUX;FAUX;FAUX;FAUX;FAUX;FAUX;FAUX;FAUX;FAUX;FAUX;FAUX;FAUX;FAUX;FAUX;;
125;Forage Mgaiz;Ce forage se trouve dans le gouvernorat de Kebili;KEBILI;;59;important;7;3272;100;280;72.96;585;52.5;170.8;688;887;0.55;Abs;;Non déterminés;Eau hyperthermale;FAUX;FAUX;FAUX;FAUX;FAUX;FAUX;FAUX;FAUX;FAUX;FAUX;FAUX;FAUX;FAUX;FAUX;;
126;Forage Office du Thermalisme;L'eau thermale provient d'un forage réalisé en 2006, exploitant une partie de la nappe de la Jaffera de Médenine. Cette nappe de la côte nord de Djerba est logée dans les sables tertiaires, situés à une profondeur de 300 à 350 m.;MEDENINE;;31.2;impotant;6.5;6588;125;272;138.62;1817;30;182.8;960.3;2804;0.7;28;;non déterminés;Eau thermale chlorurée sodique, sulfatée calcique et magnésienne;FAUX;FAUX;FAUX;FAUX;FAUX;FAUX;FAUX;FAUX;FAUX;FAUX;FAUX;FAUX;FAUX;FAUX;Une étude clinique est à réaliser en vue de déterminer les indications thérapeutiques.;
127;Hammam EL HADDAJ;Hammam El Haddaj se trouve à 10 Km au Sud-Est du village de Bouzaine. On y accède par la route GP 14.;SIDI BOUZID;300 mètres;37;5;6.8;3790;3;240;146;727;44.4;207.4;942.5;1386;-;non déterminé;;non déterminés;Eau thermale chlorurée sulfatée sodique;FAUX;VRAI;VRAI;FAUX;VRAI;FAUX;FAUX;VRAI;FAUX;FAUX;FAUX;FAUX;FAUX;FAUX;;
128;Forage de SODGA F6;Ensemble de forage implantés le long du flanc Sud-Est de jebel Bargou;SILIANA;;19;important;7.1;420;32.05;130.04;13.13;24.87;1.63;329.4;11.63;70.77;0.42;25.87;;non déterminés;Eau de type bicarbonatée calcique, à faible minéralisation;FAUX;FAUX;FAUX;FAUX;FAUX;FAUX;FAUX;FAUX;FAUX;FAUX;FAUX;FAUX;FAUX;FAUX;Une étude clinique est à réaliser en vue de déterminer les indications thérapeutiques;
129;Forage DHMAMEN KHARROUB;Le forage se situé à Bargou- Gouvernorat de Siliana;SILIANA;;19;important;6.9;360;25;96;2.43;26.45;4.68;292.8;18.10;49.7;0.42;1.77;;non déterminés;Eau bicarbonatée calcique à faible miniéralisation;FAUX;FAUX;FAUX;FAUX;FAUX;FAUX;FAUX;FAUX;FAUX;FAUX;FAUX;FAUX;FAUX;FAUX;;
130;"Forage ""MELINA""";"La nappe Bargou est captée par un forage Jbel Guitoune ""N° IRH 7419/3"" peu profond de 80 m qui a recoupé des formations du calcaire massif.";SILIANA;638 mètre;23;5;7.1;428;33;120;7.3;24;0.2;317.2;11.5;56.8;;19.3;;non déterminés;Eau bicarbonatée calcique à faible minéralisation;FAUX;FAUX;FAUX;FAUX;FAUX;FAUX;FAUX;FAUX;FAUX;FAUX;FAUX;FAUX;FAUX;FAUX;;
131;Forage OULED MOUSSA - Krib;;SILIANA;;x;nd;7.3;440;27;76;19.45;103.53;2.34;378.69;57.41;89.93;1.9;8.5;;non déterminés;Eau bicarbonatée calcique à faible minéralisation;FAUX;FAUX;FAUX;FAUX;FAUX;FAUX;FAUX;FAUX;FAUX;FAUX;FAUX;FAUX;FAUX;FAUX;;
