Date,nom_ar,nom_fr,unite,valeur
2025-06-19 10:00:00,Pluie Totale,Pluie Totale,mm,625.8
2025-06-19 10:00:00,Pluie quotidienne,Pluie quotidienne,mm,2.2
2025-06-19 10:00:00,Intensité de Pluie,Intensité de Pluie,mm/h,2.4
2025-06-19 09:30:00,Pluie Totale,Pluie Totale,mm,625.8
2025-06-19 09:30:00,Intensité de Pluie,Intensité de Pluie,mm/h,4.8
2025-06-19 09:30:00,Pluie quotidienne,Pluie quotidienne,mm,2.2
2025-06-19 09:00:00,Pluie Totale,Pluie Totale,mm,625.4
2025-06-19 09:00:00,Pluie quotidienne,Pluie quotidienne,mm,1.8
2025-06-19 09:00:00,Intensité de Pluie,Intensité de Pluie,mm/h,4.8
2025-06-19 08:30:00,Intensité de Pluie,Intensité de Pluie,mm/h,7.2
2025-06-19 08:30:00,Pluie quotidienne,Pluie quotidienne,mm,1.0
2025-06-19 08:30:00,Pluie Totale,Pluie Totale,mm,624.6
2025-06-19 08:00:00,Pluie Totale,Pluie Totale,mm,624.0
2025-06-19 08:00:00,Intensité de Pluie,Intensité de Pluie,mm/h,2.4
2025-06-19 08:00:00,Pluie quotidienne,Pluie quotidienne,mm,0.4
2025-06-19 07:30:00,Pluie Totale,Pluie Totale,mm,623.6
2025-06-19 07:30:00,Pluie quotidienne,Pluie quotidienne,mm,0.0
2025-06-19 07:30:00,Intensité de Pluie,Intensité de Pluie,mm/h,0.0
2025-06-19 07:00:00,Intensité de Pluie,Intensité de Pluie,mm/h,0.0
2025-06-19 07:00:00,Pluie Totale,Pluie Totale,mm,623.6
2025-06-19 07:00:00,Pluie quotidienne,Pluie quotidienne,mm,0.0
2025-06-19 06:30:00,Intensité de Pluie,Intensité de Pluie,mm/h,0.0
2025-06-19 06:30:00,Pluie Totale,Pluie Totale,mm,623.6
2025-06-19 06:30:00,Pluie quotidienne,Pluie quotidienne,mm,0.0
2025-06-19 06:00:00,Pluie quotidienne,Pluie quotidienne,mm,0.0
2025-06-19 06:00:00,Intensité de Pluie,Intensité de Pluie,mm/h,0.0
2025-06-19 06:00:00,Pluie Totale,Pluie Totale,mm,623.6
2025-06-19 05:30:00,Pluie Totale,Pluie Totale,mm,623.6
2025-06-19 05:30:00,Intensité de Pluie,Intensité de Pluie,mm/h,0.0
2025-06-19 05:30:00,Pluie quotidienne,Pluie quotidienne,mm,0.0
2025-06-19 05:00:00,Pluie Totale,Pluie Totale,mm,623.6
2025-06-19 05:00:00,Intensité de Pluie,Intensité de Pluie,mm/h,0.0
2025-06-19 05:00:00,Pluie quotidienne,Pluie quotidienne,mm,0.0
2025-06-19 04:30:00,Intensité de Pluie,Intensité de Pluie,mm/h,0.0
2025-06-19 04:30:00,Pluie Totale,Pluie Totale,mm,623.6
2025-06-19 04:30:00,Pluie quotidienne,Pluie quotidienne,mm,0.0
2025-06-18 23:30:00,Pluie Totale,Pluie Totale,mm,623.6
2025-06-18 23:30:00,Intensité de Pluie,Intensité de Pluie,mm/h,0.0
2025-06-18 23:30:00,Pluie quotidienne,Pluie quotidienne,mm,0.0
2025-06-18 23:00:00,Intensité de Pluie,Intensité de Pluie,mm/h,0.0
2025-06-18 23:00:00,Pluie Totale,Pluie Totale,mm,623.6
2025-06-18 23:00:00,Pluie quotidienne,Pluie quotidienne,mm,0.0
2025-06-18 22:30:00,Pluie quotidienne,Pluie quotidienne,mm,0.0
2025-06-18 22:30:00,Pluie Totale,Pluie Totale,mm,623.6
2025-06-18 22:30:00,Intensité de Pluie,Intensité de Pluie,mm/h,0.0
2025-06-18 22:00:00,Intensité de Pluie,Intensité de Pluie,mm/h,0.0
2025-06-18 22:00:00,Pluie Totale,Pluie Totale,mm,623.6
2025-06-18 22:00:00,Pluie quotidienne,Pluie quotidienne,mm,0.0
2025-06-18 21:30:00,Pluie quotidienne,Pluie quotidienne,mm,0.0
2025-06-18 21:30:00,Pluie Totale,Pluie Totale,mm,623.6
2025-06-18 21:30:00,Intensité de Pluie,Intensité de Pluie,mm/h,0.0
2025-06-18 21:00:00,Intensité de Pluie,Intensité de Pluie,mm/h,0.0
2025-06-18 21:00:00,Pluie Totale,Pluie Totale,mm,623.6
2025-06-18 21:00:00,Pluie quotidienne,Pluie quotidienne,mm,0.0
2025-06-18 20:30:00,Pluie quotidienne,Pluie quotidienne,mm,0.0
2025-06-18 20:30:00,Pluie Totale,Pluie Totale,mm,623.6
2025-06-18 20:30:00,Intensité de Pluie,Intensité de Pluie,mm/h,0.0
2025-06-18 20:00:00,Intensité de Pluie,Intensité de Pluie,mm/h,0.0
2025-06-18 20:00:00,Pluie Totale,Pluie Totale,mm,623.6
2025-06-18 20:00:00,Pluie quotidienne,Pluie quotidienne,mm,0.0
2025-06-18 19:30:00,Pluie quotidienne,Pluie quotidienne,mm,0.0
2025-06-18 19:30:00,Intensité de Pluie,Intensité de Pluie,mm/h,0.0
2025-06-18 19:30:00,Pluie Totale,Pluie Totale,mm,623.6
2025-06-18 19:00:00,Intensité de Pluie,Intensité de Pluie,mm/h,0.0
2025-06-18 19:00:00,Pluie quotidienne,Pluie quotidienne,mm,0.0
2025-06-18 19:00:00,Pluie Totale,Pluie Totale,mm,623.6
2025-06-18 18:30:00,Intensité de Pluie,Intensité de Pluie,mm/h,0.0
2025-06-18 18:30:00,Pluie Totale,Pluie Totale,mm,623.6
2025-06-18 18:30:00,Pluie quotidienne,Pluie quotidienne,mm,0.0
2025-06-18 18:00:00,Pluie quotidienne,Pluie quotidienne,mm,0.0
2025-06-18 18:00:00,Intensité de Pluie,Intensité de Pluie,mm/h,0.0
2025-06-18 18:00:00,Pluie Totale,Pluie Totale,mm,623.6
2025-06-18 17:30:00,Pluie Totale,Pluie Totale,mm,623.6
2025-06-18 17:30:00,Intensité de Pluie,Intensité de Pluie,mm/h,0.0
2025-06-18 17:30:00,Pluie quotidienne,Pluie quotidienne,mm,0.0
2025-06-18 17:00:00,Intensité de Pluie,Intensité de Pluie,mm/h,0.0
2025-06-18 17:00:00,Pluie Totale,Pluie Totale,mm,623.6
2025-06-18 17:00:00,Pluie quotidienne,Pluie quotidienne,mm,0.0
2025-06-18 16:30:00,Pluie quotidienne,Pluie quotidienne,mm,0.0
2025-06-18 16:30:00,Pluie Totale,Pluie Totale,mm,623.6
2025-06-18 16:30:00,Intensité de Pluie,Intensité de Pluie,mm/h,0.0
2025-06-18 16:00:00,Pluie quotidienne,Pluie quotidienne,mm,0.0
2025-06-18 16:00:00,Intensité de Pluie,Intensité de Pluie,mm/h,0.0
2025-06-18 16:00:00,Pluie Totale,Pluie Totale,mm,623.6
2025-06-18 15:30:00,Pluie Totale,Pluie Totale,mm,623.6
2025-06-18 15:30:00,Intensité de Pluie,Intensité de Pluie,mm/h,0.0
2025-06-18 15:30:00,Pluie quotidienne,Pluie quotidienne,mm,0.0
2025-06-18 15:00:00,Intensité de Pluie,Intensité de Pluie,mm/h,0.0
2025-06-18 15:00:00,Pluie Totale,Pluie Totale,mm,623.6
2025-06-18 15:00:00,Pluie quotidienne,Pluie quotidienne,mm,0.0
2025-06-18 14:30:00,Pluie quotidienne,Pluie quotidienne,mm,0.0
2025-06-18 14:30:00,Pluie Totale,Pluie Totale,mm,623.6
2025-06-18 14:30:00,Intensité de Pluie,Intensité de Pluie,mm/h,0.0
2025-06-18 14:00:00,Pluie quotidienne,Pluie quotidienne,mm,0.0
2025-06-18 14:00:00,Pluie Totale,Pluie Totale,mm,623.6
2025-06-18 14:00:00,Intensité de Pluie,Intensité de Pluie,mm/h,0.0
2025-06-18 13:30:00,Intensité de Pluie,Intensité de Pluie,mm/h,0.0
2025-06-18 13:30:00,Pluie quotidienne,Pluie quotidienne,mm,0.0
2025-06-18 13:30:00,Pluie Totale,Pluie Totale,mm,623.6
2025-06-18 13:00:00,Pluie Totale,Pluie Totale,mm,623.6
2025-06-18 13:00:00,Pluie quotidienne,Pluie quotidienne,mm,0.0
2025-06-18 13:00:00,Intensité de Pluie,Intensité de Pluie,mm/h,0.0
2025-06-18 12:30:00,Pluie Totale,Pluie Totale,mm,623.6
2025-06-18 12:30:00,Intensité de Pluie,Intensité de Pluie,mm/h,0.0
2025-06-18 12:30:00,Pluie quotidienne,Pluie quotidienne,mm,0.0
2025-06-18 12:00:00,Intensité de Pluie,Intensité de Pluie,mm/h,0.0
2025-06-18 12:00:00,Pluie Totale,Pluie Totale,mm,623.6
2025-06-18 12:00:00,Pluie quotidienne,Pluie quotidienne,mm,0.0
2025-06-18 11:30:00,Pluie quotidienne,Pluie quotidienne,mm,0.0
2025-06-18 11:30:00,Pluie Totale,Pluie Totale,mm,623.6
2025-06-18 11:30:00,Intensité de Pluie,Intensité de Pluie,mm/h,0.0
2025-06-18 11:00:00,Pluie quotidienne,Pluie quotidienne,mm,0.0
2025-06-18 11:00:00,Pluie Totale,Pluie Totale,mm,623.6
2025-06-18 11:00:00,Intensité de Pluie,Intensité de Pluie,mm/h,0.0
2025-06-18 10:30:00,Pluie Totale,Pluie Totale,mm,623.6
2025-06-18 10:30:00,Intensité de Pluie,Intensité de Pluie,mm/h,0.0
2025-06-18 10:30:00,Pluie quotidienne,Pluie quotidienne,mm,0.0
2025-06-18 09:30:00,Intensité de Pluie,Intensité de Pluie,mm/h,0.0
2025-06-18 09:30:00,Pluie quotidienne,Pluie quotidienne,mm,0.0
2025-06-18 09:30:00,Pluie Totale,Pluie Totale,mm,623.6
2025-06-18 09:00:00,Intensité de Pluie,Intensité de Pluie,mm/h,0.0
2025-06-18 09:00:00,Pluie Totale,Pluie Totale,mm,623.6
2025-06-18 09:00:00,Pluie quotidienne,Pluie quotidienne,mm,0.0
2025-06-18 08:30:00,Pluie quotidienne,Pluie quotidienne,mm,0.0
2025-06-18 08:30:00,Pluie Totale,Pluie Totale,mm,623.6
2025-06-18 08:30:00,Intensité de Pluie,Intensité de Pluie,mm/h,0.0
2025-06-18 07:30:00,Pluie quotidienne,Pluie quotidienne,mm,0.0
2025-06-18 07:30:00,Pluie Totale,Pluie Totale,mm,623.6
2025-06-18 07:30:00,Intensité de Pluie,Intensité de Pluie,mm/h,0.0
2025-06-18 07:00:00,Pluie quotidienne,Pluie quotidienne,mm,0.0
2025-06-18 07:00:00,Intensité de Pluie,Intensité de Pluie,mm/h,0.0
2025-06-18 07:00:00,Pluie Totale,Pluie Totale,mm,623.6
2025-06-18 06:30:00,Pluie quotidienne,Pluie quotidienne,mm,0.0
2025-06-18 06:30:00,Pluie Totale,Pluie Totale,mm,623.6
2025-06-18 06:30:00,Intensité de Pluie,Intensité de Pluie,mm/h,0.0
2025-06-18 06:00:00,Pluie Totale,Pluie Totale,mm,623.6
2025-06-18 06:00:00,Intensité de Pluie,Intensité de Pluie,mm/h,0.0
2025-06-18 06:00:00,Pluie quotidienne,Pluie quotidienne,mm,0.0
2025-06-18 05:30:00,Pluie quotidienne,Pluie quotidienne,mm,0.0
2025-06-18 05:30:00,Pluie Totale,Pluie Totale,mm,623.6
2025-06-18 05:30:00,Intensité de Pluie,Intensité de Pluie,mm/h,0.0
2025-06-18 05:00:00,Intensité de Pluie,Intensité de Pluie,mm/h,0.0
2025-06-18 05:00:00,Pluie Totale,Pluie Totale,mm,623.6
2025-06-18 05:00:00,Pluie quotidienne,Pluie quotidienne,mm,0.0
2025-06-18 04:30:00,Pluie quotidienne,Pluie quotidienne,mm,0.0
2025-06-18 04:30:00,Pluie Totale,Pluie Totale,mm,623.6
2025-06-18 04:30:00,Intensité de Pluie,Intensité de Pluie,mm/h,0.0
2025-06-18 04:00:00,Pluie Totale,Pluie Totale,mm,623.6
2025-06-18 04:00:00,Pluie quotidienne,Pluie quotidienne,mm,0.0
2025-06-18 04:00:00,Intensité de Pluie,Intensité de Pluie,mm/h,0.0
2025-06-18 03:30:00,Pluie quotidienne,Pluie quotidienne,mm,0.0
2025-06-18 03:30:00,Pluie Totale,Pluie Totale,mm,623.6
2025-06-18 03:30:00,Intensité de Pluie,Intensité de Pluie,mm/h,0.0
2025-06-18 03:00:00,Pluie Totale,Pluie Totale,mm,623.6
2025-06-18 03:00:00,Pluie quotidienne,Pluie quotidienne,mm,0.0
2025-06-18 03:00:00,Intensité de Pluie,Intensité de Pluie,mm/h,0.0
2025-06-18 02:30:00,Pluie Totale,Pluie Totale,mm,623.6
2025-06-18 02:30:00,Intensité de Pluie,Intensité de Pluie,mm/h,0.0
2025-06-18 02:30:00,Pluie quotidienne,Pluie quotidienne,mm,0.0
2025-06-18 02:00:00,Pluie quotidienne,Pluie quotidienne,mm,0.0
2025-06-18 02:00:00,Pluie Totale,Pluie Totale,mm,623.6
2025-06-18 02:00:00,Intensité de Pluie,Intensité de Pluie,mm/h,0.0
2025-06-18 01:30:00,Intensité de Pluie,Intensité de Pluie,mm/h,0.0
2025-06-18 01:30:00,Pluie Totale,Pluie Totale,mm,623.6
2025-06-18 01:30:00,Pluie quotidienne,Pluie quotidienne,mm,0.0
2025-06-18 01:00:00,Pluie Totale,Pluie Totale,mm,623.6
2025-06-18 01:00:00,Pluie quotidienne,Pluie quotidienne,mm,0.0
2025-06-18 01:00:00,Intensité de Pluie,Intensité de Pluie,mm/h,0.0
2025-06-18 00:30:00,Pluie quotidienne,Pluie quotidienne,mm,0.0
2025-06-18 00:30:00,Intensité de Pluie,Intensité de Pluie,mm/h,0.0
2025-06-18 00:30:00,Pluie Totale,Pluie Totale,mm,623.6
2025-06-18 00:00:00,Pluie quotidienne,Pluie quotidienne,mm,0.0
2025-06-18 00:00:00,Intensité de Pluie,Intensité de Pluie,mm/h,0.0
2025-06-18 00:00:00,Pluie Totale,Pluie Totale,mm,623.6
2025-06-17 23:30:00,Intensité de Pluie,Intensité de Pluie,mm/h,0.0
2025-06-17 23:30:00,Pluie Totale,Pluie Totale,mm,623.6
2025-06-17 23:30:00,Pluie quotidienne,Pluie quotidienne,mm,0.0
2025-06-17 23:00:00,Pluie Totale,Pluie Totale,mm,623.6
2025-06-17 23:00:00,Intensité de Pluie,Intensité de Pluie,mm/h,0.0
2025-06-17 23:00:00,Pluie quotidienne,Pluie quotidienne,mm,0.0
2025-06-17 22:30:00,Pluie Totale,Pluie Totale,mm,623.6
2025-06-17 22:30:00,Pluie quotidienne,Pluie quotidienne,mm,0.0
2025-06-17 22:30:00,Intensité de Pluie,Intensité de Pluie,mm/h,0.0
2025-06-17 21:30:00,Pluie Totale,Pluie Totale,mm,623.6
2025-06-17 21:30:00,Pluie quotidienne,Pluie quotidienne,mm,0.0
2025-06-17 21:30:00,Intensité de Pluie,Intensité de Pluie,mm/h,0.0
2025-06-17 21:00:00,Pluie Totale,Pluie Totale,mm,623.6
2025-06-17 21:00:00,Intensité de Pluie,Intensité de Pluie,mm/h,0.0
2025-06-17 21:00:00,Pluie quotidienne,Pluie quotidienne,mm,0.0
2025-06-17 20:30:00,Pluie Totale,Pluie Totale,mm,623.6
2025-06-17 20:30:00,Pluie quotidienne,Pluie quotidienne,mm,0.0
2025-06-17 20:30:00,Intensité de Pluie,Intensité de Pluie,mm/h,0.0
2025-06-17 19:30:00,Pluie Totale,Pluie Totale,mm,623.6
2025-06-17 19:30:00,Pluie quotidienne,Pluie quotidienne,mm,0.0
2025-06-17 19:30:00,Intensité de Pluie,Intensité de Pluie,mm/h,0.0
2025-06-17 19:00:00,Intensité de Pluie,Intensité de Pluie,mm/h,0.0
2025-06-17 19:00:00,Pluie Totale,Pluie Totale,mm,623.6
2025-06-17 19:00:00,Pluie quotidienne,Pluie quotidienne,mm,0.0
2025-06-17 18:30:00,Pluie quotidienne,Pluie quotidienne,mm,0.0
2025-06-17 18:30:00,Pluie Totale,Pluie Totale,mm,623.6
2025-06-17 18:30:00,Intensité de Pluie,Intensité de Pluie,mm/h,0.0
2025-06-17 17:30:00,Pluie quotidienne,Pluie quotidienne,mm,0.0
2025-06-17 17:30:00,Pluie Totale,Pluie Totale,mm,623.6
2025-06-17 17:30:00,Intensité de Pluie,Intensité de Pluie,mm/h,0.0
2025-06-17 17:00:00,Pluie Totale,Pluie Totale,mm,623.6
2025-06-17 17:00:00,Pluie quotidienne,Pluie quotidienne,mm,0.0
2025-06-17 17:00:00,Intensité de Pluie,Intensité de Pluie,mm/h,0.0
2025-06-17 16:30:00,Pluie quotidienne,Pluie quotidienne,mm,0.0
2025-06-17 16:30:00,Intensité de Pluie,Intensité de Pluie,mm/h,0.0
2025-06-17 16:30:00,Pluie Totale,Pluie Totale,mm,623.6
2025-06-17 16:00:00,Pluie Totale,Pluie Totale,mm,623.6
2025-06-17 16:00:00,Pluie quotidienne,Pluie quotidienne,mm,0.0
2025-06-17 16:00:00,Intensité de Pluie,Intensité de Pluie,mm/h,0.0
2025-06-17 15:30:00,Intensité de Pluie,Intensité de Pluie,mm/h,0.0
2025-06-17 15:30:00,Pluie Totale,Pluie Totale,mm,623.6
2025-06-17 15:30:00,Pluie quotidienne,Pluie quotidienne,mm,0.0
2025-06-17 15:00:00,Pluie Totale,Pluie Totale,mm,623.6
2025-06-17 15:00:00,Pluie quotidienne,Pluie quotidienne,mm,0.0
2025-06-17 15:00:00,Intensité de Pluie,Intensité de Pluie,mm/h,0.0
2025-06-17 14:30:00,Pluie quotidienne,Pluie quotidienne,mm,0.0
2025-06-17 14:30:00,Pluie Totale,Pluie Totale,mm,623.6
2025-06-17 14:30:00,Intensité de Pluie,Intensité de Pluie,mm/h,0.0
2025-06-17 14:00:00,Intensité de Pluie,Intensité de Pluie,mm/h,0.0
2025-06-17 14:00:00,Pluie Totale,Pluie Totale,mm,623.6
2025-06-17 14:00:00,Pluie quotidienne,Pluie quotidienne,mm,0.0
2025-06-17 13:30:00,Pluie Totale,Pluie Totale,mm,623.6
2025-06-17 13:30:00,Pluie quotidienne,Pluie quotidienne,mm,0.0
2025-06-17 13:30:00,Intensité de Pluie,Intensité de Pluie,mm/h,0.0
2025-06-17 13:00:00,Pluie quotidienne,Pluie quotidienne,mm,0.0
2025-06-17 13:00:00,Pluie Totale,Pluie Totale,mm,623.6
2025-06-17 13:00:00,Intensité de Pluie,Intensité de Pluie,mm/h,0.0
2025-06-17 12:30:00,Pluie quotidienne,Pluie quotidienne,mm,0.0
2025-06-17 12:30:00,Pluie Totale,Pluie Totale,mm,623.6
2025-06-17 12:30:00,Intensité de Pluie,Intensité de Pluie,mm/h,0.0
2025-06-17 11:30:00,Intensité de Pluie,Intensité de Pluie,mm/h,0.0
2025-06-17 11:30:00,Pluie Totale,Pluie Totale,mm,623.6
2025-06-17 11:30:00,Pluie quotidienne,Pluie quotidienne,mm,0.0
2025-06-17 11:00:00,Pluie Totale,Pluie Totale,mm,623.6
2025-06-17 11:00:00,Pluie quotidienne,Pluie quotidienne,mm,0.0
2025-06-17 11:00:00,Intensité de Pluie,Intensité de Pluie,mm/h,0.0
2025-06-17 10:30:00,Pluie Totale,Pluie Totale,mm,623.6
2025-06-17 10:30:00,Intensité de Pluie,Intensité de Pluie,mm/h,0.0
2025-06-17 10:30:00,Pluie quotidienne,Pluie quotidienne,mm,0.0
2025-06-17 09:30:00,Pluie quotidienne,Pluie quotidienne,mm,0.0
2025-06-17 09:30:00,Pluie Totale,Pluie Totale,mm,623.6
2025-06-17 09:30:00,Intensité de Pluie,Intensité de Pluie,mm/h,0.0
2025-06-17 09:00:00,Pluie Totale,Pluie Totale,mm,623.6
2025-06-17 09:00:00,Intensité de Pluie,Intensité de Pluie,mm/h,0.0
2025-06-17 09:00:00,Pluie quotidienne,Pluie quotidienne,mm,0.0
2025-06-17 08:30:00,Pluie Totale,Pluie Totale,mm,623.6
2025-06-17 08:30:00,Pluie quotidienne,Pluie quotidienne,mm,0.0
2025-06-17 08:30:00,Intensité de Pluie,Intensité de Pluie,mm/h,0.0
2025-06-17 08:00:00,Intensité de Pluie,Intensité de Pluie,mm/h,0.0
2025-06-17 08:00:00,Pluie Totale,Pluie Totale,mm,623.6
2025-06-17 08:00:00,Pluie quotidienne,Pluie quotidienne,mm,0.0
2025-06-17 07:30:00,Pluie Totale,Pluie Totale,mm,623.6
2025-06-17 07:30:00,Intensité de Pluie,Intensité de Pluie,mm/h,0.0
2025-06-17 07:30:00,Pluie quotidienne,Pluie quotidienne,mm,0.0
2025-06-17 07:00:00,Intensité de Pluie,Intensité de Pluie,mm/h,0.0
2025-06-17 07:00:00,Pluie Totale,Pluie Totale,mm,623.6
2025-06-17 07:00:00,Pluie quotidienne,Pluie quotidienne,mm,0.0
2025-06-17 06:30:00,Pluie quotidienne,Pluie quotidienne,mm,0.0
2025-06-17 06:30:00,Intensité de Pluie,Intensité de Pluie,mm/h,0.0
2025-06-17 06:30:00,Pluie Totale,Pluie Totale,mm,623.6
2025-06-17 06:00:00,Pluie Totale,Pluie Totale,mm,623.6
2025-06-17 06:00:00,Intensité de Pluie,Intensité de Pluie,mm/h,0.0
2025-06-17 06:00:00,Pluie quotidienne,Pluie quotidienne,mm,0.0
2025-06-17 05:30:00,Intensité de Pluie,Intensité de Pluie,mm/h,0.0
2025-06-17 05:30:00,Pluie quotidienne,Pluie quotidienne,mm,0.0
2025-06-17 05:30:00,Pluie Totale,Pluie Totale,mm,623.6
2025-06-17 05:00:00,Intensité de Pluie,Intensité de Pluie,mm/h,0.0
2025-06-17 05:00:00,Pluie Totale,Pluie Totale,mm,623.6
2025-06-17 05:00:00,Pluie quotidienne,Pluie quotidienne,mm,0.0
2025-06-17 04:30:00,Pluie quotidienne,Pluie quotidienne,mm,0.0
2025-06-17 04:30:00,Pluie Totale,Pluie Totale,mm,623.6
2025-06-17 04:30:00,Intensité de Pluie,Intensité de Pluie,mm/h,0.0
2025-06-17 04:00:00,Pluie quotidienne,Pluie quotidienne,mm,0.0
2025-06-17 04:00:00,Intensité de Pluie,Intensité de Pluie,mm/h,0.0
2025-06-17 04:00:00,Pluie Totale,Pluie Totale,mm,623.6
2025-06-17 03:30:00,Pluie Totale,Pluie Totale,mm,623.6
2025-06-17 03:30:00,Intensité de Pluie,Intensité de Pluie,mm/h,0.0
2025-06-17 03:30:00,Pluie quotidienne,Pluie quotidienne,mm,0.0
2025-06-17 03:00:00,Intensité de Pluie,Intensité de Pluie,mm/h,0.0
2025-06-17 03:00:00,Pluie Totale,Pluie Totale,mm,623.6
2025-06-17 03:00:00,Pluie quotidienne,Pluie quotidienne,mm,0.0
2025-06-17 02:30:00,Pluie quotidienne,Pluie quotidienne,mm,0.0
2025-06-17 02:30:00,Pluie Totale,Pluie Totale,mm,623.6
2025-06-17 02:30:00,Intensité de Pluie,Intensité de Pluie,mm/h,0.0
2025-06-17 02:00:00,Intensité de Pluie,Intensité de Pluie,mm/h,0.0
2025-06-17 02:00:00,Pluie Totale,Pluie Totale,mm,623.6
2025-06-17 02:00:00,Pluie quotidienne,Pluie quotidienne,mm,0.0
2025-06-17 01:30:00,Pluie quotidienne,Pluie quotidienne,mm,0.0
2025-06-17 01:30:00,Pluie Totale,Pluie Totale,mm,623.6
2025-06-17 01:30:00,Intensité de Pluie,Intensité de Pluie,mm/h,0.0
2025-06-17 01:00:00,Pluie Totale,Pluie Totale,mm,623.6
2025-06-17 01:00:00,Pluie quotidienne,Pluie quotidienne,mm,0.0
2025-06-17 01:00:00,Intensité de Pluie,Intensité de Pluie,mm/h,0.0
2025-06-17 00:30:00,Pluie Totale,Pluie Totale,mm,623.6
2025-06-17 00:30:00,Intensité de Pluie,Intensité de Pluie,mm/h,0.0
2025-06-17 00:30:00,Pluie quotidienne,Pluie quotidienne,mm,0.0
2025-06-17 00:00:00,Intensité de Pluie,Intensité de Pluie,mm/h,0.0
2025-06-17 00:00:00,Pluie quotidienne,Pluie quotidienne,mm,0.0
2025-06-17 00:00:00,Pluie Totale,Pluie Totale,mm,623.6
2025-06-16 23:30:00,Pluie quotidienne,Pluie quotidienne,mm,0.0
2025-06-16 23:30:00,Pluie Totale,Pluie Totale,mm,623.6
2025-06-16 23:30:00,Intensité de Pluie,Intensité de Pluie,mm/h,0.0
2025-06-16 23:00:00,Pluie Totale,Pluie Totale,mm,623.6
2025-06-16 23:00:00,Pluie quotidienne,Pluie quotidienne,mm,0.0
2025-06-16 23:00:00,Intensité de Pluie,Intensité de Pluie,mm/h,0.0
2025-06-16 22:30:00,Intensité de Pluie,Intensité de Pluie,mm/h,0.0
2025-06-16 22:30:00,Pluie quotidienne,Pluie quotidienne,mm,0.0
2025-06-16 22:30:00,Pluie Totale,Pluie Totale,mm,623.6
2025-06-16 22:00:00,Pluie quotidienne,Pluie quotidienne,mm,0.0
2025-06-16 22:00:00,Intensité de Pluie,Intensité de Pluie,mm/h,0.0
2025-06-16 22:00:00,Pluie Totale,Pluie Totale,mm,623.6
2025-06-16 21:30:00,Pluie quotidienne,Pluie quotidienne,mm,0.0
2025-06-16 21:30:00,Pluie Totale,Pluie Totale,mm,623.6
2025-06-16 21:30:00,Intensité de Pluie,Intensité de Pluie,mm/h,0.0
2025-06-16 21:00:00,Pluie quotidienne,Pluie quotidienne,mm,0.0
2025-06-16 21:00:00,Pluie Totale,Pluie Totale,mm,623.6
2025-06-16 21:00:00,Intensité de Pluie,Intensité de Pluie,mm/h,0.0
2025-06-16 20:30:00,Intensité de Pluie,Intensité de Pluie,mm/h,0.0
2025-06-16 20:30:00,Pluie quotidienne,Pluie quotidienne,mm,0.0
2025-06-16 20:30:00,Pluie Totale,Pluie Totale,mm,623.6
2025-06-16 19:30:00,Intensité de Pluie,Intensité de Pluie,mm/h,0.0
2025-06-16 19:30:00,Pluie Totale,Pluie Totale,mm,623.6
2025-06-16 19:30:00,Pluie quotidienne,Pluie quotidienne,mm,0.0
2025-06-16 19:00:00,Pluie Totale,Pluie Totale,mm,623.6
2025-06-16 19:00:00,Pluie quotidienne,Pluie quotidienne,mm,0.0
2025-06-16 19:00:00,Intensité de Pluie,Intensité de Pluie,mm/h,0.0
2025-06-16 18:30:00,Pluie Totale,Pluie Totale,mm,623.6
2025-06-16 18:30:00,Pluie quotidienne,Pluie quotidienne,mm,0.0
2025-06-16 18:30:00,Intensité de Pluie,Intensité de Pluie,mm/h,0.0
2025-06-16 17:30:00,Pluie quotidienne,Pluie quotidienne,mm,0.0
2025-06-16 17:30:00,Pluie Totale,Pluie Totale,mm,623.6
2025-06-16 17:30:00,Intensité de Pluie,Intensité de Pluie,mm/h,0.0
2025-06-16 17:00:00,Pluie quotidienne,Pluie quotidienne,mm,0.0
2025-06-16 17:00:00,Pluie Totale,Pluie Totale,mm,623.6
2025-06-16 17:00:00,Intensité de Pluie,Intensité de Pluie,mm/h,0.0
2025-06-16 16:30:00,Pluie Totale,Pluie Totale,mm,623.6
2025-06-16 16:30:00,Intensité de Pluie,Intensité de Pluie,mm/h,0.0
2025-06-16 16:30:00,Pluie quotidienne,Pluie quotidienne,mm,0.0
2025-06-16 16:00:00,Intensité de Pluie,Intensité de Pluie,mm/h,0.0
2025-06-16 16:00:00,Pluie Totale,Pluie Totale,mm,623.6
2025-06-16 16:00:00,Pluie quotidienne,Pluie quotidienne,mm,0.0
2025-06-16 15:30:00,Pluie Totale,Pluie Totale,mm,623.6
2025-06-16 15:30:00,Pluie quotidienne,Pluie quotidienne,mm,0.0
2025-06-16 15:30:00,Intensité de Pluie,Intensité de Pluie,mm/h,0.0
2025-06-16 15:00:00,Pluie quotidienne,Pluie quotidienne,mm,0.0
2025-06-16 15:00:00,Pluie Totale,Pluie Totale,mm,623.6
2025-06-16 15:00:00,Intensité de Pluie,Intensité de Pluie,mm/h,0.0
2025-06-16 14:30:00,Pluie quotidienne,Pluie quotidienne,mm,0.0
2025-06-16 14:30:00,Pluie Totale,Pluie Totale,mm,623.6
2025-06-16 14:30:00,Intensité de Pluie,Intensité de Pluie,mm/h,0.0
2025-06-16 14:00:00,Pluie quotidienne,Pluie quotidienne,mm,0.0
2025-06-16 14:00:00,Pluie Totale,Pluie Totale,mm,623.6
2025-06-16 14:00:00,Intensité de Pluie,Intensité de Pluie,mm/h,0.0
2025-06-16 13:30:00,Pluie Totale,Pluie Totale,mm,623.6
2025-06-16 13:30:00,Intensité de Pluie,Intensité de Pluie,mm/h,0.0
2025-06-16 13:30:00,Pluie quotidienne,Pluie quotidienne,mm,0.0
2025-06-16 13:00:00,Pluie Totale,Pluie Totale,mm,623.6
2025-06-16 13:00:00,Pluie quotidienne,Pluie quotidienne,mm,0.0
2025-06-16 13:00:00,Intensité de Pluie,Intensité de Pluie,mm/h,0.0
2025-06-16 12:30:00,Pluie quotidienne,Pluie quotidienne,mm,0.0
2025-06-16 12:30:00,Pluie Totale,Pluie Totale,mm,623.6
2025-06-16 12:30:00,Intensité de Pluie,Intensité de Pluie,mm/h,0.0
2025-06-16 12:00:00,Pluie Totale,Pluie Totale,mm,623.6
2025-06-16 12:00:00,Pluie quotidienne,Pluie quotidienne,mm,0.0
2025-06-16 12:00:00,Intensité de Pluie,Intensité de Pluie,mm/h,0.0
2025-06-16 11:30:00,Pluie Totale,Pluie Totale,mm,623.6
2025-06-16 11:30:00,Intensité de Pluie,Intensité de Pluie,mm/h,0.0
2025-06-16 11:30:00,Pluie quotidienne,Pluie quotidienne,mm,0.0
2025-06-16 11:00:00,Pluie Totale,Pluie Totale,mm,623.6
2025-06-16 11:00:00,Pluie quotidienne,Pluie quotidienne,mm,0.0
2025-06-16 11:00:00,Intensité de Pluie,Intensité de Pluie,mm/h,0.0
2025-06-16 10:30:00,Intensité de Pluie,Intensité de Pluie,mm/h,0.0
2025-06-16 10:30:00,Pluie Totale,Pluie Totale,mm,623.6
2025-06-16 10:30:00,Pluie quotidienne,Pluie quotidienne,mm,0.0
2025-06-16 10:00:00,Pluie quotidienne,Pluie quotidienne,mm,0.0
2025-06-16 10:00:00,Intensité de Pluie,Intensité de Pluie,mm/h,0.0
2025-06-16 10:00:00,Pluie Totale,Pluie Totale,mm,623.6
2025-06-16 09:30:00,Pluie Totale,Pluie Totale,mm,623.6
2025-06-16 09:30:00,Intensité de Pluie,Intensité de Pluie,mm/h,0.0
2025-06-16 09:30:00,Pluie quotidienne,Pluie quotidienne,mm,0.0
2025-06-16 09:00:00,Pluie Totale,Pluie Totale,mm,623.6
2025-06-16 09:00:00,Intensité de Pluie,Intensité de Pluie,mm/h,0.0
2025-06-16 09:00:00,Pluie quotidienne,Pluie quotidienne,mm,0.0
2025-06-16 08:30:00,Pluie quotidienne,Pluie quotidienne,mm,0.0
2025-06-16 08:30:00,Pluie Totale,Pluie Totale,mm,623.6
2025-06-16 08:30:00,Intensité de Pluie,Intensité de Pluie,mm/h,0.0
2025-06-16 08:00:00,Pluie Totale,Pluie Totale,mm,623.6
2025-06-16 08:00:00,Pluie quotidienne,Pluie quotidienne,mm,0.0
2025-06-16 08:00:00,Intensité de Pluie,Intensité de Pluie,mm/h,0.0
2025-06-16 07:30:00,Intensité de Pluie,Intensité de Pluie,mm/h,0.0
2025-06-16 07:30:00,Pluie quotidienne,Pluie quotidienne,mm,0.0
2025-06-16 07:30:00,Pluie Totale,Pluie Totale,mm,623.6
2025-06-16 07:00:00,Intensité de Pluie,Intensité de Pluie,mm/h,0.0
2025-06-16 07:00:00,Pluie quotidienne,Pluie quotidienne,mm,0.0
2025-06-16 07:00:00,Pluie Totale,Pluie Totale,mm,623.6
2025-06-16 06:30:00,Pluie Totale,Pluie Totale,mm,623.6
2025-06-16 06:30:00,Pluie quotidienne,Pluie quotidienne,mm,0.0
2025-06-16 06:30:00,Intensité de Pluie,Intensité de Pluie,mm/h,0.0
2025-06-16 06:00:00,Intensité de Pluie,Intensité de Pluie,mm/h,0.0
2025-06-16 06:00:00,Pluie Totale,Pluie Totale,mm,623.6
2025-06-16 06:00:00,Pluie quotidienne,Pluie quotidienne,mm,0.0
2025-06-16 05:30:00,Intensité de Pluie,Intensité de Pluie,mm/h,0.0
2025-06-16 05:30:00,Pluie Totale,Pluie Totale,mm,623.6
2025-06-16 05:30:00,Pluie quotidienne,Pluie quotidienne,mm,0.0
2025-06-16 05:00:00,Pluie quotidienne,Pluie quotidienne,mm,0.0
2025-06-16 05:00:00,Pluie Totale,Pluie Totale,mm,623.6
2025-06-16 05:00:00,Intensité de Pluie,Intensité de Pluie,mm/h,0.0
2025-06-16 04:30:00,Pluie quotidienne,Pluie quotidienne,mm,0.0
2025-06-16 04:30:00,Intensité de Pluie,Intensité de Pluie,mm/h,0.0
2025-06-16 04:30:00,Pluie Totale,Pluie Totale,mm,623.6
2025-06-16 04:00:00,Intensité de Pluie,Intensité de Pluie,mm/h,0.0
2025-06-16 04:00:00,Pluie quotidienne,Pluie quotidienne,mm,0.0
2025-06-16 04:00:00,Pluie Totale,Pluie Totale,mm,623.6
2025-06-16 03:30:00,Pluie Totale,Pluie Totale,mm,623.6
2025-06-16 03:30:00,Intensité de Pluie,Intensité de Pluie,mm/h,0.0
2025-06-16 03:30:00,Pluie quotidienne,Pluie quotidienne,mm,0.0
2025-06-16 03:00:00,Pluie quotidienne,Pluie quotidienne,mm,0.0
2025-06-16 03:00:00,Intensité de Pluie,Intensité de Pluie,mm/h,0.0
2025-06-16 03:00:00,Pluie Totale,Pluie Totale,mm,623.6
2025-06-16 02:30:00,Intensité de Pluie,Intensité de Pluie,mm/h,0.0
2025-06-16 02:30:00,Pluie Totale,Pluie Totale,mm,623.6
2025-06-16 02:30:00,Pluie quotidienne,Pluie quotidienne,mm,0.0
2025-06-16 02:00:00,Pluie quotidienne,Pluie quotidienne,mm,0.0
2025-06-16 02:00:00,Intensité de Pluie,Intensité de Pluie,mm/h,0.0
2025-06-16 02:00:00,Pluie Totale,Pluie Totale,mm,623.6
2025-06-16 01:30:00,Intensité de Pluie,Intensité de Pluie,mm/h,0.0
2025-06-16 01:30:00,Pluie quotidienne,Pluie quotidienne,mm,0.0
2025-06-16 01:30:00,Pluie Totale,Pluie Totale,mm,623.6
2025-06-16 01:00:00,Intensité de Pluie,Intensité de Pluie,mm/h,0.0
2025-06-16 01:00:00,Pluie Totale,Pluie Totale,mm,623.6
2025-06-16 01:00:00,Pluie quotidienne,Pluie quotidienne,mm,0.0
2025-06-16 00:30:00,Pluie quotidienne,Pluie quotidienne,mm,0.0
2025-06-16 00:30:00,Pluie Totale,Pluie Totale,mm,623.6
2025-06-16 00:30:00,Intensité de Pluie,Intensité de Pluie,mm/h,0.0
2025-06-16 00:00:00,Pluie quotidienne,Pluie quotidienne,mm,0.0
2025-06-16 00:00:00,Pluie Totale,Pluie Totale,mm,623.6
2025-06-16 00:00:00,Intensité de Pluie,Intensité de Pluie,mm/h,0.0
2025-06-15 23:30:00,Pluie quotidienne,Pluie quotidienne,mm,0.0
2025-06-15 23:30:00,Intensité de Pluie,Intensité de Pluie,mm/h,0.0
2025-06-15 23:30:00,Pluie Totale,Pluie Totale,mm,623.6
2025-06-15 23:00:00,Intensité de Pluie,Intensité de Pluie,mm/h,0.0
2025-06-15 23:00:00,Pluie Totale,Pluie Totale,mm,623.6
2025-06-15 23:00:00,Pluie quotidienne,Pluie quotidienne,mm,0.0
2025-06-15 22:30:00,Pluie Totale,Pluie Totale,mm,623.6
2025-06-15 22:30:00,Intensité de Pluie,Intensité de Pluie,mm/h,0.0
2025-06-15 22:30:00,Pluie quotidienne,Pluie quotidienne,mm,0.0
2025-06-15 22:00:00,Pluie Totale,Pluie Totale,mm,623.6
2025-06-15 22:00:00,Pluie quotidienne,Pluie quotidienne,mm,0.0
2025-06-15 22:00:00,Intensité de Pluie,Intensité de Pluie,mm/h,0.0
2025-06-15 21:30:00,Pluie quotidienne,Pluie quotidienne,mm,0.0
2025-06-15 21:30:00,Intensité de Pluie,Intensité de Pluie,mm/h,0.0
2025-06-15 21:30:00,Pluie Totale,Pluie Totale,mm,623.6
2025-06-15 21:00:00,Pluie Totale,Pluie Totale,mm,623.6
2025-06-15 21:00:00,Pluie quotidienne,Pluie quotidienne,mm,0.0
2025-06-15 21:00:00,Intensité de Pluie,Intensité de Pluie,mm/h,0.0
2025-06-15 20:30:00,Pluie Totale,Pluie Totale,mm,623.6
2025-06-15 20:30:00,Intensité de Pluie,Intensité de Pluie,mm/h,0.0
2025-06-15 20:30:00,Pluie quotidienne,Pluie quotidienne,mm,0.0
2025-06-15 20:00:00,Pluie Totale,Pluie Totale,mm,623.6
2025-06-15 20:00:00,Pluie quotidienne,Pluie quotidienne,mm,0.0
2025-06-15 20:00:00,Intensité de Pluie,Intensité de Pluie,mm/h,0.0
2025-06-15 19:30:00,Intensité de Pluie,Intensité de Pluie,mm/h,0.0
2025-06-15 19:30:00,Pluie Totale,Pluie Totale,mm,623.6
2025-06-15 19:30:00,Pluie quotidienne,Pluie quotidienne,mm,0.0
2025-06-15 19:00:00,Intensité de Pluie,Intensité de Pluie,mm/h,0.0
2025-06-15 19:00:00,Pluie Totale,Pluie Totale,mm,623.6
2025-06-15 19:00:00,Pluie quotidienne,Pluie quotidienne,mm,0.0
2025-06-15 18:30:00,Pluie quotidienne,Pluie quotidienne,mm,0.0
2025-06-15 18:30:00,Intensité de Pluie,Intensité de Pluie,mm/h,0.0
2025-06-15 18:30:00,Pluie Totale,Pluie Totale,mm,623.6
2025-06-15 17:30:00,Intensité de Pluie,Intensité de Pluie,mm/h,0.0
2025-06-15 17:30:00,Pluie Totale,Pluie Totale,mm,623.6
2025-06-15 17:30:00,Pluie quotidienne,Pluie quotidienne,mm,0.0
2025-06-15 17:00:00,Pluie Totale,Pluie Totale,mm,623.6
2025-06-15 17:00:00,Intensité de Pluie,Intensité de Pluie,mm/h,0.0
2025-06-15 17:00:00,Pluie quotidienne,Pluie quotidienne,mm,0.0
2025-06-15 16:30:00,Pluie quotidienne,Pluie quotidienne,mm,0.0
2025-06-15 16:30:00,Pluie Totale,Pluie Totale,mm,623.6
2025-06-15 16:30:00,Intensité de Pluie,Intensité de Pluie,mm/h,0.0
2025-06-15 16:00:00,Pluie quotidienne,Pluie quotidienne,mm,0.0
2025-06-15 16:00:00,Pluie Totale,Pluie Totale,mm,623.6
2025-06-15 16:00:00,Intensité de Pluie,Intensité de Pluie,mm/h,0.0
2025-06-15 15:30:00,Pluie Totale,Pluie Totale,mm,623.6
2025-06-15 15:30:00,Pluie quotidienne,Pluie quotidienne,mm,0.0
2025-06-15 15:30:00,Intensité de Pluie,Intensité de Pluie,mm/h,0.0
2025-06-15 15:00:00,Pluie quotidienne,Pluie quotidienne,mm,0.0
2025-06-15 15:00:00,Pluie Totale,Pluie Totale,mm,623.6
2025-06-15 15:00:00,Intensité de Pluie,Intensité de Pluie,mm/h,0.0
2025-06-15 14:30:00,Pluie Totale,Pluie Totale,mm,623.6
2025-06-15 14:30:00,Pluie quotidienne,Pluie quotidienne,mm,0.0
2025-06-15 14:30:00,Intensité de Pluie,Intensité de Pluie,mm/h,0.0
2025-06-15 14:00:00,Pluie Totale,Pluie Totale,mm,623.6
2025-06-15 14:00:00,Intensité de Pluie,Intensité de Pluie,mm/h,0.0
2025-06-15 14:00:00,Pluie quotidienne,Pluie quotidienne,mm,0.0
2025-06-15 13:30:00,Pluie quotidienne,Pluie quotidienne,mm,0.0
2025-06-15 13:30:00,Pluie Totale,Pluie Totale,mm,623.6
2025-06-15 13:30:00,Intensité de Pluie,Intensité de Pluie,mm/h,0.0
2025-06-15 13:00:00,Pluie Totale,Pluie Totale,mm,623.6
2025-06-15 13:00:00,Intensité de Pluie,Intensité de Pluie,mm/h,0.0
2025-06-15 13:00:00,Pluie quotidienne,Pluie quotidienne,mm,0.0
2025-06-15 12:30:00,Intensité de Pluie,Intensité de Pluie,mm/h,0.0
2025-06-15 12:30:00,Pluie quotidienne,Pluie quotidienne,mm,0.0
2025-06-15 12:30:00,Pluie Totale,Pluie Totale,mm,623.6
2025-06-15 11:30:00,Pluie Totale,Pluie Totale,mm,623.6
2025-06-15 11:30:00,Intensité de Pluie,Intensité de Pluie,mm/h,0.0
2025-06-15 11:30:00,Pluie quotidienne,Pluie quotidienne,mm,0.0
2025-06-15 11:00:00,Intensité de Pluie,Intensité de Pluie,mm/h,0.0
2025-06-15 11:00:00,Pluie quotidienne,Pluie quotidienne,mm,0.0
2025-06-15 11:00:00,Pluie Totale,Pluie Totale,mm,623.6
2025-06-15 10:30:00,Pluie Totale,Pluie Totale,mm,623.6
2025-06-15 10:30:00,Intensité de Pluie,Intensité de Pluie,mm/h,0.0
2025-06-15 10:30:00,Pluie quotidienne,Pluie quotidienne,mm,0.0
2025-06-15 09:30:00,Pluie Totale,Pluie Totale,mm,623.6
2025-06-15 09:30:00,Intensité de Pluie,Intensité de Pluie,mm/h,0.0
2025-06-15 09:30:00,Pluie quotidienne,Pluie quotidienne,mm,0.0
2025-06-15 09:00:00,Intensité de Pluie,Intensité de Pluie,mm/h,0.0
2025-06-15 09:00:00,Pluie quotidienne,Pluie quotidienne,mm,0.0
2025-06-15 09:00:00,Pluie Totale,Pluie Totale,mm,623.6
2025-06-15 08:30:00,Intensité de Pluie,Intensité de Pluie,mm/h,0.0
2025-06-15 08:30:00,Pluie Totale,Pluie Totale,mm,623.6
2025-06-15 08:30:00,Pluie quotidienne,Pluie quotidienne,mm,0.0
2025-06-15 08:00:00,Pluie Totale,Pluie Totale,mm,623.6
2025-06-15 08:00:00,Pluie quotidienne,Pluie quotidienne,mm,0.0
2025-06-15 08:00:00,Intensité de Pluie,Intensité de Pluie,mm/h,0.0
2025-06-15 07:30:00,Pluie Totale,Pluie Totale,mm,623.6
2025-06-15 07:30:00,Intensité de Pluie,Intensité de Pluie,mm/h,0.0
2025-06-15 07:30:00,Pluie quotidienne,Pluie quotidienne,mm,0.0
2025-06-15 07:00:00,Pluie Totale,Pluie Totale,mm,623.6
2025-06-15 07:00:00,Pluie quotidienne,Pluie quotidienne,mm,0.0
2025-06-15 07:00:00,Intensité de Pluie,Intensité de Pluie,mm/h,0.0
2025-06-15 06:30:00,Pluie Totale,Pluie Totale,mm,623.6
2025-06-15 06:30:00,Intensité de Pluie,Intensité de Pluie,mm/h,0.0
2025-06-15 06:30:00,Pluie quotidienne,Pluie quotidienne,mm,0.0
2025-06-15 06:00:00,Intensité de Pluie,Intensité de Pluie,mm/h,0.0
2025-06-15 06:00:00,Pluie Totale,Pluie Totale,mm,623.6
2025-06-15 06:00:00,Pluie quotidienne,Pluie quotidienne,mm,0.0
2025-06-15 05:30:00,Pluie Totale,Pluie Totale,mm,623.6
2025-06-15 05:30:00,Intensité de Pluie,Intensité de Pluie,mm/h,0.0
2025-06-15 05:30:00,Pluie quotidienne,Pluie quotidienne,mm,0.0
2025-06-15 05:00:00,Pluie quotidienne,Pluie quotidienne,mm,0.0
2025-06-15 05:00:00,Pluie Totale,Pluie Totale,mm,623.6
2025-06-15 05:00:00,Intensité de Pluie,Intensité de Pluie,mm/h,0.0
2025-06-15 04:30:00,Pluie Totale,Pluie Totale,mm,623.6
2025-06-15 04:30:00,Intensité de Pluie,Intensité de Pluie,mm/h,0.0
2025-06-15 04:30:00,Pluie quotidienne,Pluie quotidienne,mm,0.0
2025-06-15 04:00:00,Intensité de Pluie,Intensité de Pluie,mm/h,0.0
2025-06-15 04:00:00,Pluie Totale,Pluie Totale,mm,623.6
2025-06-15 04:00:00,Pluie quotidienne,Pluie quotidienne,mm,0.0
2025-06-15 03:30:00,Pluie Totale,Pluie Totale,mm,623.6
2025-06-15 03:30:00,Pluie quotidienne,Pluie quotidienne,mm,0.0
2025-06-15 03:30:00,Intensité de Pluie,Intensité de Pluie,mm/h,0.0
2025-06-15 03:00:00,Pluie quotidienne,Pluie quotidienne,mm,0.0
2025-06-15 03:00:00,Pluie Totale,Pluie Totale,mm,623.6
2025-06-15 03:00:00,Intensité de Pluie,Intensité de Pluie,mm/h,0.0
2025-06-15 02:30:00,Intensité de Pluie,Intensité de Pluie,mm/h,0.0
2025-06-15 02:30:00,Pluie quotidienne,Pluie quotidienne,mm,0.0
2025-06-15 02:30:00,Pluie Totale,Pluie Totale,mm,623.6
2025-06-15 02:00:00,Intensité de Pluie,Intensité de Pluie,mm/h,0.0
2025-06-15 02:00:00,Pluie quotidienne,Pluie quotidienne,mm,0.0
2025-06-15 02:00:00,Pluie Totale,Pluie Totale,mm,623.6
2025-06-15 01:30:00,Intensité de Pluie,Intensité de Pluie,mm/h,0.0
2025-06-15 01:30:00,Pluie quotidienne,Pluie quotidienne,mm,0.0
2025-06-15 01:30:00,Pluie Totale,Pluie Totale,mm,623.6
2025-06-15 01:00:00,Pluie quotidienne,Pluie quotidienne,mm,0.0
2025-06-15 01:00:00,Intensité de Pluie,Intensité de Pluie,mm/h,0.0
2025-06-15 01:00:00,Pluie Totale,Pluie Totale,mm,623.6
2025-06-15 00:30:00,Pluie Totale,Pluie Totale,mm,623.6
2025-06-15 00:30:00,Pluie quotidienne,Pluie quotidienne,mm,0.0
2025-06-15 00:30:00,Intensité de Pluie,Intensité de Pluie,mm/h,0.0
2025-06-15 00:00:00,Pluie quotidienne,Pluie quotidienne,mm,0.0
2025-06-15 00:00:00,Pluie Totale,Pluie Totale,mm,623.6
2025-06-15 00:00:00,Intensité de Pluie,Intensité de Pluie,mm/h,0.0
2025-06-14 23:30:00,Intensité de Pluie,Intensité de Pluie,mm/h,0.0
2025-06-14 23:30:00,Pluie Totale,Pluie Totale,mm,623.6
2025-06-14 23:30:00,Pluie quotidienne,Pluie quotidienne,mm,0.0
2025-06-14 23:00:00,Pluie quotidienne,Pluie quotidienne,mm,0.0
2025-06-14 23:00:00,Pluie Totale,Pluie Totale,mm,623.6
2025-06-14 23:00:00,Intensité de Pluie,Intensité de Pluie,mm/h,0.0
2025-06-14 22:30:00,Intensité de Pluie,Intensité de Pluie,mm/h,0.0
2025-06-14 22:30:00,Pluie quotidienne,Pluie quotidienne,mm,0.0
2025-06-14 22:30:00,Pluie Totale,Pluie Totale,mm,623.6
2025-06-14 22:00:00,Pluie Totale,Pluie Totale,mm,623.6
2025-06-14 22:00:00,Intensité de Pluie,Intensité de Pluie,mm/h,0.0
2025-06-14 22:00:00,Pluie quotidienne,Pluie quotidienne,mm,0.0
2025-06-14 21:30:00,Intensité de Pluie,Intensité de Pluie,mm/h,0.0
2025-06-14 21:30:00,Pluie quotidienne,Pluie quotidienne,mm,0.0
2025-06-14 21:30:00,Pluie Totale,Pluie Totale,mm,623.6
2025-06-14 21:00:00,Pluie Totale,Pluie Totale,mm,623.6
2025-06-14 21:00:00,Intensité de Pluie,Intensité de Pluie,mm/h,0.0
2025-06-14 21:00:00,Pluie quotidienne,Pluie quotidienne,mm,0.0
2025-06-14 20:30:00,Pluie Totale,Pluie Totale,mm,623.6
2025-06-14 20:30:00,Pluie quotidienne,Pluie quotidienne,mm,0.0
2025-06-14 20:30:00,Intensité de Pluie,Intensité de Pluie,mm/h,0.0
2025-06-14 19:30:00,Pluie quotidienne,Pluie quotidienne,mm,0.0
2025-06-14 19:30:00,Pluie Totale,Pluie Totale,mm,623.6
2025-06-14 19:30:00,Intensité de Pluie,Intensité de Pluie,mm/h,0.0
2025-06-14 19:00:00,Pluie quotidienne,Pluie quotidienne,mm,0.0
2025-06-14 19:00:00,Pluie Totale,Pluie Totale,mm,623.6
2025-06-14 19:00:00,Intensité de Pluie,Intensité de Pluie,mm/h,0.0
2025-06-14 18:30:00,Pluie quotidienne,Pluie quotidienne,mm,0.0
2025-06-14 18:30:00,Pluie Totale,Pluie Totale,mm,623.6
2025-06-14 18:30:00,Intensité de Pluie,Intensité de Pluie,mm/h,0.0
2025-06-14 17:30:00,Intensité de Pluie,Intensité de Pluie,mm/h,0.0
2025-06-14 17:30:00,Pluie quotidienne,Pluie quotidienne,mm,0.0
2025-06-14 17:30:00,Pluie Totale,Pluie Totale,mm,623.6
2025-06-14 17:00:00,Intensité de Pluie,Intensité de Pluie,mm/h,0.0
2025-06-14 17:00:00,Pluie Totale,Pluie Totale,mm,623.6
2025-06-14 17:00:00,Pluie quotidienne,Pluie quotidienne,mm,0.0
2025-06-14 16:30:00,Pluie quotidienne,Pluie quotidienne,mm,0.0
2025-06-14 16:30:00,Pluie Totale,Pluie Totale,mm,623.6
2025-06-14 16:30:00,Intensité de Pluie,Intensité de Pluie,mm/h,0.0
2025-06-14 16:00:00,Intensité de Pluie,Intensité de Pluie,mm/h,0.0
2025-06-14 16:00:00,Pluie Totale,Pluie Totale,mm,623.6
2025-06-14 16:00:00,Pluie quotidienne,Pluie quotidienne,mm,0.0
2025-06-14 15:30:00,Pluie Totale,Pluie Totale,mm,623.6
2025-06-14 15:30:00,Intensité de Pluie,Intensité de Pluie,mm/h,0.0
2025-06-14 15:30:00,Pluie quotidienne,Pluie quotidienne,mm,0.0
2025-06-14 15:00:00,Pluie Totale,Pluie Totale,mm,623.6
2025-06-14 15:00:00,Pluie quotidienne,Pluie quotidienne,mm,0.0
2025-06-14 15:00:00,Intensité de Pluie,Intensité de Pluie,mm/h,0.0
2025-06-14 14:30:00,Intensité de Pluie,Intensité de Pluie,mm/h,0.0
2025-06-14 14:30:00,Pluie quotidienne,Pluie quotidienne,mm,0.0
2025-06-14 14:30:00,Pluie Totale,Pluie Totale,mm,623.6
2025-06-14 13:30:00,Pluie Totale,Pluie Totale,mm,623.6
2025-06-14 13:30:00,Pluie quotidienne,Pluie quotidienne,mm,0.0
2025-06-14 13:30:00,Intensité de Pluie,Intensité de Pluie,mm/h,0.0
2025-06-14 13:00:00,Intensité de Pluie,Intensité de Pluie,mm/h,0.0
2025-06-14 13:00:00,Pluie quotidienne,Pluie quotidienne,mm,0.0
2025-06-14 13:00:00,Pluie Totale,Pluie Totale,mm,623.6
2025-06-14 12:30:00,Pluie quotidienne,Pluie quotidienne,mm,0.0
2025-06-14 12:30:00,Intensité de Pluie,Intensité de Pluie,mm/h,0.0
2025-06-14 12:30:00,Pluie Totale,Pluie Totale,mm,623.6
2025-06-14 11:30:00,Pluie quotidienne,Pluie quotidienne,mm,0.0
2025-06-14 11:30:00,Pluie Totale,Pluie Totale,mm,623.6
2025-06-14 11:30:00,Intensité de Pluie,Intensité de Pluie,mm/h,0.0
2025-06-14 11:00:00,Intensité de Pluie,Intensité de Pluie,mm/h,0.0
2025-06-14 11:00:00,Pluie Totale,Pluie Totale,mm,623.6
2025-06-14 11:00:00,Pluie quotidienne,Pluie quotidienne,mm,0.0
2025-06-14 10:30:00,Pluie quotidienne,Pluie quotidienne,mm,0.0
2025-06-14 10:30:00,Pluie Totale,Pluie Totale,mm,623.6
2025-06-14 10:30:00,Intensité de Pluie,Intensité de Pluie,mm/h,0.0
2025-06-14 10:00:00,Pluie quotidienne,Pluie quotidienne,mm,0.0
2025-06-14 10:00:00,Pluie Totale,Pluie Totale,mm,623.6
2025-06-14 10:00:00,Intensité de Pluie,Intensité de Pluie,mm/h,0.0
2025-06-14 09:30:00,Intensité de Pluie,Intensité de Pluie,mm/h,0.0
2025-06-14 09:30:00,Pluie Totale,Pluie Totale,mm,623.6
2025-06-14 09:30:00,Pluie quotidienne,Pluie quotidienne,mm,0.0
2025-06-14 09:00:00,Intensité de Pluie,Intensité de Pluie,mm/h,0.0
2025-06-14 09:00:00,Pluie Totale,Pluie Totale,mm,623.6
2025-06-14 09:00:00,Pluie quotidienne,Pluie quotidienne,mm,0.0
2025-06-14 08:30:00,Pluie quotidienne,Pluie quotidienne,mm,0.0
2025-06-14 08:30:00,Pluie Totale,Pluie Totale,mm,623.6
2025-06-14 08:30:00,Intensité de Pluie,Intensité de Pluie,mm/h,0.0
2025-06-14 08:00:00,Pluie quotidienne,Pluie quotidienne,mm,0.0
2025-06-14 08:00:00,Pluie Totale,Pluie Totale,mm,623.6
2025-06-14 08:00:00,Intensité de Pluie,Intensité de Pluie,mm/h,0.0
2025-06-14 07:30:00,Intensité de Pluie,Intensité de Pluie,mm/h,0.0
2025-06-14 07:30:00,Pluie quotidienne,Pluie quotidienne,mm,0.0
2025-06-14 07:30:00,Pluie Totale,Pluie Totale,mm,623.6
2025-06-14 07:00:00,Intensité de Pluie,Intensité de Pluie,mm/h,0.0
2025-06-14 07:00:00,Pluie quotidienne,Pluie quotidienne,mm,0.0
2025-06-14 07:00:00,Pluie Totale,Pluie Totale,mm,623.6
2025-06-14 06:30:00,Pluie Totale,Pluie Totale,mm,623.6
2025-06-14 06:30:00,Pluie quotidienne,Pluie quotidienne,mm,0.0
2025-06-14 06:30:00,Intensité de Pluie,Intensité de Pluie,mm/h,0.0
2025-06-14 06:00:00,Pluie Totale,Pluie Totale,mm,623.6
2025-06-14 06:00:00,Intensité de Pluie,Intensité de Pluie,mm/h,0.0
2025-06-14 06:00:00,Pluie quotidienne,Pluie quotidienne,mm,0.0
2025-06-14 05:30:00,Pluie Totale,Pluie Totale,mm,623.6
2025-06-14 05:30:00,Intensité de Pluie,Intensité de Pluie,mm/h,0.0
2025-06-14 05:30:00,Pluie quotidienne,Pluie quotidienne,mm,0.0
2025-06-14 05:00:00,Pluie quotidienne,Pluie quotidienne,mm,0.0
2025-06-14 05:00:00,Pluie Totale,Pluie Totale,mm,623.6
2025-06-14 05:00:00,Intensité de Pluie,Intensité de Pluie,mm/h,0.0
2025-06-14 04:30:00,Pluie Totale,Pluie Totale,mm,623.6
2025-06-14 04:30:00,Intensité de Pluie,Intensité de Pluie,mm/h,0.0
2025-06-14 04:30:00,Pluie quotidienne,Pluie quotidienne,mm,0.0
2025-06-13 23:30:00,Pluie Totale,Pluie Totale,mm,623.6
2025-06-13 23:30:00,Pluie quotidienne,Pluie quotidienne,mm,0.0
2025-06-13 23:30:00,Intensité de Pluie,Intensité de Pluie,mm/h,0.0
2025-06-13 23:00:00,Pluie quotidienne,Pluie quotidienne,mm,0.0
2025-06-13 23:00:00,Pluie Totale,Pluie Totale,mm,623.6
2025-06-13 23:00:00,Intensité de Pluie,Intensité de Pluie,mm/h,0.0
2025-06-13 22:30:00,Pluie Totale,Pluie Totale,mm,623.6
2025-06-13 22:30:00,Pluie quotidienne,Pluie quotidienne,mm,0.0
2025-06-13 22:30:00,Intensité de Pluie,Intensité de Pluie,mm/h,0.0
2025-06-13 22:00:00,Pluie Totale,Pluie Totale,mm,623.6
2025-06-13 22:00:00,Pluie quotidienne,Pluie quotidienne,mm,0.0
2025-06-13 22:00:00,Intensité de Pluie,Intensité de Pluie,mm/h,0.0
2025-06-13 21:30:00,Pluie Totale,Pluie Totale,mm,623.6
2025-06-13 21:30:00,Intensité de Pluie,Intensité de Pluie,mm/h,0.0
2025-06-13 21:30:00,Pluie quotidienne,Pluie quotidienne,mm,0.0
2025-06-13 21:00:00,Pluie quotidienne,Pluie quotidienne,mm,0.0
2025-06-13 21:00:00,Pluie Totale,Pluie Totale,mm,623.6
2025-06-13 21:00:00,Intensité de Pluie,Intensité de Pluie,mm/h,0.0
2025-06-13 20:30:00,Intensité de Pluie,Intensité de Pluie,mm/h,0.0
2025-06-13 20:30:00,Pluie Totale,Pluie Totale,mm,623.6
2025-06-13 20:30:00,Pluie quotidienne,Pluie quotidienne,mm,0.0
2025-06-13 20:00:00,Pluie Totale,Pluie Totale,mm,623.6
2025-06-13 20:00:00,Pluie quotidienne,Pluie quotidienne,mm,0.0
2025-06-13 20:00:00,Intensité de Pluie,Intensité de Pluie,mm/h,0.0
2025-06-13 19:30:00,Pluie Totale,Pluie Totale,mm,623.6
2025-06-13 19:30:00,Intensité de Pluie,Intensité de Pluie,mm/h,0.0
2025-06-13 19:30:00,Pluie quotidienne,Pluie quotidienne,mm,0.0
2025-06-13 19:00:00,Pluie Totale,Pluie Totale,mm,623.6
2025-06-13 19:00:00,Pluie quotidienne,Pluie quotidienne,mm,0.0
2025-06-13 19:00:00,Intensité de Pluie,Intensité de Pluie,mm/h,0.0
2025-06-13 18:30:00,Pluie Totale,Pluie Totale,mm,623.6
2025-06-13 18:30:00,Pluie quotidienne,Pluie quotidienne,mm,0.0
2025-06-13 18:30:00,Intensité de Pluie,Intensité de Pluie,mm/h,0.0
2025-06-13 18:00:00,Intensité de Pluie,Intensité de Pluie,mm/h,0.0
2025-06-13 18:00:00,Pluie Totale,Pluie Totale,mm,623.6
2025-06-13 18:00:00,Pluie quotidienne,Pluie quotidienne,mm,0.0
2025-06-13 17:30:00,Pluie quotidienne,Pluie quotidienne,mm,0.0
2025-06-13 17:30:00,Intensité de Pluie,Intensité de Pluie,mm/h,0.0
2025-06-13 17:30:00,Pluie Totale,Pluie Totale,mm,623.6
2025-06-13 17:00:00,Pluie Totale,Pluie Totale,mm,623.6
2025-06-13 17:00:00,Intensité de Pluie,Intensité de Pluie,mm/h,0.0
2025-06-13 17:00:00,Pluie quotidienne,Pluie quotidienne,mm,0.0
2025-06-13 16:30:00,Intensité de Pluie,Intensité de Pluie,mm/h,0.0
2025-06-13 16:30:00,Pluie quotidienne,Pluie quotidienne,mm,0.0
2025-06-13 16:30:00,Pluie Totale,Pluie Totale,mm,623.6
2025-06-13 16:00:00,Intensité de Pluie,Intensité de Pluie,mm/h,0.0
2025-06-13 16:00:00,Pluie Totale,Pluie Totale,mm,623.6
2025-06-13 16:00:00,Pluie quotidienne,Pluie quotidienne,mm,0.0
2025-06-13 15:30:00,Intensité de Pluie,Intensité de Pluie,mm/h,0.0
2025-06-13 15:30:00,Pluie quotidienne,Pluie quotidienne,mm,0.0
2025-06-13 15:30:00,Pluie Totale,Pluie Totale,mm,623.6
2025-06-13 15:00:00,Pluie Totale,Pluie Totale,mm,623.6
2025-06-13 15:00:00,Intensité de Pluie,Intensité de Pluie,mm/h,0.0
2025-06-13 15:00:00,Pluie quotidienne,Pluie quotidienne,mm,0.0
2025-06-13 14:30:00,Intensité de Pluie,Intensité de Pluie,mm/h,0.0
2025-06-13 14:30:00,Pluie Totale,Pluie Totale,mm,623.6
2025-06-13 14:30:00,Pluie quotidienne,Pluie quotidienne,mm,0.0
2025-06-13 13:30:00,Intensité de Pluie,Intensité de Pluie,mm/h,0.0
2025-06-13 13:30:00,Pluie Totale,Pluie Totale,mm,623.6
2025-06-13 13:30:00,Pluie quotidienne,Pluie quotidienne,mm,0.0
2025-06-13 13:00:00,Intensité de Pluie,Intensité de Pluie,mm/h,0.0
2025-06-13 13:00:00,Pluie Totale,Pluie Totale,mm,623.6
2025-06-13 13:00:00,Pluie quotidienne,Pluie quotidienne,mm,0.0
2025-06-13 12:30:00,Pluie quotidienne,Pluie quotidienne,mm,0.0
2025-06-13 12:30:00,Pluie Totale,Pluie Totale,mm,623.6
2025-06-13 12:30:00,Intensité de Pluie,Intensité de Pluie,mm/h,0.0
2025-06-13 11:30:00,Pluie quotidienne,Pluie quotidienne,mm,0.0
2025-06-13 11:30:00,Pluie Totale,Pluie Totale,mm,623.6
2025-06-13 11:30:00,Intensité de Pluie,Intensité de Pluie,mm/h,0.0
2025-06-13 11:00:00,Pluie quotidienne,Pluie quotidienne,mm,0.0
2025-06-13 11:00:00,Pluie Totale,Pluie Totale,mm,623.6
2025-06-13 11:00:00,Intensité de Pluie,Intensité de Pluie,mm/h,0.0
2025-06-13 10:30:00,Intensité de Pluie,Intensité de Pluie,mm/h,0.0
2025-06-13 10:30:00,Pluie Totale,Pluie Totale,mm,623.6
2025-06-13 10:30:00,Pluie quotidienne,Pluie quotidienne,mm,0.0
2025-06-13 10:00:00,Intensité de Pluie,Intensité de Pluie,mm/h,0.0
2025-06-13 10:00:00,Pluie Totale,Pluie Totale,mm,623.6
2025-06-13 10:00:00,Pluie quotidienne,Pluie quotidienne,mm,0.0
2025-06-13 09:30:00,Pluie quotidienne,Pluie quotidienne,mm,0.0
2025-06-13 09:30:00,Pluie Totale,Pluie Totale,mm,623.6
2025-06-13 09:30:00,Intensité de Pluie,Intensité de Pluie,mm/h,0.0
2025-06-13 09:00:00,Intensité de Pluie,Intensité de Pluie,mm/h,0.0
2025-06-13 09:00:00,Pluie Totale,Pluie Totale,mm,623.6
2025-06-13 09:00:00,Pluie quotidienne,Pluie quotidienne,mm,0.0
2025-06-13 08:30:00,Pluie quotidienne,Pluie quotidienne,mm,0.0
2025-06-13 08:30:00,Pluie Totale,Pluie Totale,mm,623.6
2025-06-13 08:30:00,Intensité de Pluie,Intensité de Pluie,mm/h,0.0
2025-06-13 08:00:00,Intensité de Pluie,Intensité de Pluie,mm/h,0.0
2025-06-13 08:00:00,Pluie Totale,Pluie Totale,mm,623.6
2025-06-13 08:00:00,Pluie quotidienne,Pluie quotidienne,mm,0.0
2025-06-13 07:30:00,Intensité de Pluie,Intensité de Pluie,mm/h,0.0
2025-06-13 07:30:00,Pluie quotidienne,Pluie quotidienne,mm,0.0
2025-06-13 07:30:00,Pluie Totale,Pluie Totale,mm,623.6
2025-06-13 07:00:00,Pluie Totale,Pluie Totale,mm,623.6
2025-06-13 07:00:00,Intensité de Pluie,Intensité de Pluie,mm/h,0.0
2025-06-13 07:00:00,Pluie quotidienne,Pluie quotidienne,mm,0.0
2025-06-13 06:30:00,Intensité de Pluie,Intensité de Pluie,mm/h,0.0
2025-06-13 06:30:00,Pluie Totale,Pluie Totale,mm,623.6
2025-06-13 06:30:00,Pluie quotidienne,Pluie quotidienne,mm,0.0
2025-06-13 06:00:00,Intensité de Pluie,Intensité de Pluie,mm/h,0.0
2025-06-13 06:00:00,Pluie Totale,Pluie Totale,mm,623.6
2025-06-13 06:00:00,Pluie quotidienne,Pluie quotidienne,mm,0.0
2025-06-13 05:30:00,Pluie quotidienne,Pluie quotidienne,mm,0.0
2025-06-13 05:30:00,Pluie Totale,Pluie Totale,mm,623.6
2025-06-13 05:30:00,Intensité de Pluie,Intensité de Pluie,mm/h,0.0
2025-06-13 05:00:00,Pluie quotidienne,Pluie quotidienne,mm,0.0
2025-06-13 05:00:00,Pluie Totale,Pluie Totale,mm,623.6
2025-06-13 05:00:00,Intensité de Pluie,Intensité de Pluie,mm/h,0.0
2025-06-13 04:30:00,Pluie Totale,Pluie Totale,mm,623.6
2025-06-13 04:30:00,Intensité de Pluie,Intensité de Pluie,mm/h,0.0
2025-06-13 04:30:00,Pluie quotidienne,Pluie quotidienne,mm,0.0
2025-06-12 15:30:00,Intensité de Pluie,Intensité de Pluie,mm/h,0.0
2025-06-12 15:30:00,Pluie quotidienne,Pluie quotidienne,mm,0.0
2025-06-12 15:30:00,Pluie Totale,Pluie Totale,mm,623.6
2025-06-12 15:00:00,Intensité de Pluie,Intensité de Pluie,mm/h,0.0
2025-06-12 15:00:00,Pluie Totale,Pluie Totale,mm,623.6
2025-06-12 15:00:00,Pluie quotidienne,Pluie quotidienne,mm,0.0
2025-06-12 14:30:00,Pluie quotidienne,Pluie quotidienne,mm,0.0
2025-06-12 14:30:00,Pluie Totale,Pluie Totale,mm,623.6
2025-06-12 14:30:00,Intensité de Pluie,Intensité de Pluie,mm/h,0.0
2025-06-12 14:00:00,Pluie quotidienne,Pluie quotidienne,mm,0.0
2025-06-12 14:00:00,Intensité de Pluie,Intensité de Pluie,mm/h,0.0
2025-06-12 14:00:00,Pluie Totale,Pluie Totale,mm,623.6
2025-06-12 13:30:00,Pluie Totale,Pluie Totale,mm,623.6
2025-06-12 13:30:00,Intensité de Pluie,Intensité de Pluie,mm/h,0.0
2025-06-12 13:30:00,Pluie quotidienne,Pluie quotidienne,mm,0.0
2025-06-12 13:00:00,Pluie quotidienne,Pluie quotidienne,mm,0.0
2025-06-12 13:00:00,Pluie Totale,Pluie Totale,mm,623.6
2025-06-12 13:00:00,Intensité de Pluie,Intensité de Pluie,mm/h,0.0
2025-06-12 12:30:00,Pluie quotidienne,Pluie quotidienne,mm,0.0
2025-06-12 12:30:00,Intensité de Pluie,Intensité de Pluie,mm/h,0.0
2025-06-12 12:30:00,Pluie Totale,Pluie Totale,mm,623.6
2025-06-12 12:00:00,Intensité de Pluie,Intensité de Pluie,mm/h,0.0
2025-06-12 12:00:00,Pluie quotidienne,Pluie quotidienne,mm,0.0
2025-06-12 12:00:00,Pluie Totale,Pluie Totale,mm,623.6
2025-06-12 11:30:00,Intensité de Pluie,Intensité de Pluie,mm/h,0.0
2025-06-12 11:30:00,Pluie Totale,Pluie Totale,mm,623.6
2025-06-12 11:30:00,Pluie quotidienne,Pluie quotidienne,mm,0.0
2025-06-12 11:00:00,Pluie Totale,Pluie Totale,mm,623.6
2025-06-12 11:00:00,Pluie quotidienne,Pluie quotidienne,mm,0.0
2025-06-12 11:00:00,Intensité de Pluie,Intensité de Pluie,mm/h,0.0
2025-06-12 10:30:00,Intensité de Pluie,Intensité de Pluie,mm/h,0.0
2025-06-12 10:30:00,Pluie quotidienne,Pluie quotidienne,mm,0.0
2025-06-12 10:30:00,Pluie Totale,Pluie Totale,mm,623.6
2025-06-12 09:30:00,Intensité de Pluie,Intensité de Pluie,mm/h,0.0
2025-06-12 09:30:00,Pluie Totale,Pluie Totale,mm,623.6
2025-06-12 09:30:00,Pluie quotidienne,Pluie quotidienne,mm,0.0
2025-06-12 09:00:00,Pluie Totale,Pluie Totale,mm,623.6
2025-06-12 09:00:00,Intensité de Pluie,Intensité de Pluie,mm/h,0.0
2025-06-12 09:00:00,Pluie quotidienne,Pluie quotidienne,mm,0.0
2025-06-12 08:30:00,Pluie Totale,Pluie Totale,mm,623.6
2025-06-12 08:30:00,Pluie quotidienne,Pluie quotidienne,mm,0.0
2025-06-12 08:30:00,Intensité de Pluie,Intensité de Pluie,mm/h,0.0
2025-06-12 08:00:00,Intensité de Pluie,Intensité de Pluie,mm/h,0.0
2025-06-12 08:00:00,Pluie Totale,Pluie Totale,mm,623.6
2025-06-12 08:00:00,Pluie quotidienne,Pluie quotidienne,mm,0.0
2025-06-12 07:30:00,Pluie quotidienne,Pluie quotidienne,mm,0.0
2025-06-12 07:30:00,Pluie Totale,Pluie Totale,mm,623.6
2025-06-12 07:30:00,Intensité de Pluie,Intensité de Pluie,mm/h,0.0
2025-06-12 07:00:00,Pluie quotidienne,Pluie quotidienne,mm,0.0
2025-06-12 07:00:00,Pluie Totale,Pluie Totale,mm,623.6
2025-06-12 07:00:00,Intensité de Pluie,Intensité de Pluie,mm/h,0.0
2025-06-12 06:30:00,Intensité de Pluie,Intensité de Pluie,mm/h,0.0
2025-06-12 06:30:00,Pluie quotidienne,Pluie quotidienne,mm,0.0
2025-06-12 06:30:00,Pluie Totale,Pluie Totale,mm,623.6
2025-06-12 06:00:00,Pluie quotidienne,Pluie quotidienne,mm,0.0
2025-06-12 06:00:00,Intensité de Pluie,Intensité de Pluie,mm/h,0.0
2025-06-12 06:00:00,Pluie Totale,Pluie Totale,mm,623.6
2025-06-12 05:30:00,Pluie Totale,Pluie Totale,mm,623.6
2025-06-12 05:30:00,Intensité de Pluie,Intensité de Pluie,mm/h,0.0
2025-06-12 05:30:00,Pluie quotidienne,Pluie quotidienne,mm,0.0
2025-06-12 05:00:00,Intensité de Pluie,Intensité de Pluie,mm/h,0.0
2025-06-12 05:00:00,Pluie Totale,Pluie Totale,mm,623.6
2025-06-12 05:00:00,Pluie quotidienne,Pluie quotidienne,mm,0.0
2025-06-12 04:30:00,Pluie quotidienne,Pluie quotidienne,mm,0.0
2025-06-12 04:30:00,Pluie Totale,Pluie Totale,mm,623.6
2025-06-12 04:30:00,Intensité de Pluie,Intensité de Pluie,mm/h,0.0
2025-06-11 10:30:00,Pluie quotidienne,Pluie quotidienne,mm,0.0
2025-06-11 10:30:00,Pluie Totale,Pluie Totale,mm,623.6
2025-06-11 10:30:00,Intensité de Pluie,Intensité de Pluie,mm/h,0.0
2025-06-11 10:00:00,Pluie quotidienne,Pluie quotidienne,mm,0.0
2025-06-11 10:00:00,Intensité de Pluie,Intensité de Pluie,mm/h,0.0
2025-06-11 10:00:00,Pluie Totale,Pluie Totale,mm,623.6
2025-06-11 09:30:00,Pluie Totale,Pluie Totale,mm,623.6
2025-06-11 09:30:00,Intensité de Pluie,Intensité de Pluie,mm/h,0.0
2025-06-11 09:30:00,Pluie quotidienne,Pluie quotidienne,mm,0.0
2025-06-11 09:00:00,Pluie quotidienne,Pluie quotidienne,mm,0.0
2025-06-11 09:00:00,Pluie Totale,Pluie Totale,mm,623.6
2025-06-11 09:00:00,Intensité de Pluie,Intensité de Pluie,mm/h,0.0
2025-06-11 08:30:00,Pluie quotidienne,Pluie quotidienne,mm,0.0
2025-06-11 08:30:00,Intensité de Pluie,Intensité de Pluie,mm/h,0.0
2025-06-11 08:30:00,Pluie Totale,Pluie Totale,mm,623.6
2025-06-11 08:00:00,Intensité de Pluie,Intensité de Pluie,mm/h,0.0
2025-06-11 08:00:00,Pluie quotidienne,Pluie quotidienne,mm,0.0
2025-06-11 08:00:00,Pluie Totale,Pluie Totale,mm,623.6
2025-06-11 07:30:00,Intensité de Pluie,Intensité de Pluie,mm/h,0.0
2025-06-11 07:30:00,Pluie Totale,Pluie Totale,mm,623.6
2025-06-11 07:30:00,Pluie quotidienne,Pluie quotidienne,mm,0.0
2025-06-11 07:00:00,Pluie quotidienne,Pluie quotidienne,mm,0.0
2025-06-11 07:00:00,Pluie Totale,Pluie Totale,mm,623.6
2025-06-11 07:00:00,Intensité de Pluie,Intensité de Pluie,mm/h,0.0
2025-06-11 06:30:00,Intensité de Pluie,Intensité de Pluie,mm/h,0.0
2025-06-11 06:30:00,Pluie quotidienne,Pluie quotidienne,mm,0.0
2025-06-11 06:30:00,Pluie Totale,Pluie Totale,mm,623.6
2025-06-11 06:00:00,Intensité de Pluie,Intensité de Pluie,mm/h,0.0
2025-06-11 06:00:00,Pluie Totale,Pluie Totale,mm,623.6
2025-06-11 06:00:00,Pluie quotidienne,Pluie quotidienne,mm,0.0
2025-06-11 05:30:00,Pluie quotidienne,Pluie quotidienne,mm,0.0
2025-06-11 05:30:00,Pluie Totale,Pluie Totale,mm,623.6
2025-06-11 05:30:00,Intensité de Pluie,Intensité de Pluie,mm/h,0.0
2025-06-11 05:00:00,Pluie quotidienne,Pluie quotidienne,mm,0.0
2025-06-11 05:00:00,Pluie Totale,Pluie Totale,mm,623.6
2025-06-11 05:00:00,Intensité de Pluie,Intensité de Pluie,mm/h,0.0
2025-06-11 04:30:00,Intensité de Pluie,Intensité de Pluie,mm/h,0.0
2025-06-11 04:30:00,Pluie quotidienne,Pluie quotidienne,mm,0.0
2025-06-11 04:30:00,Pluie Totale,Pluie Totale,mm,623.6
2025-06-11 04:00:00,Pluie quotidienne,Pluie quotidienne,mm,0.0
2025-06-11 04:00:00,Pluie Totale,Pluie Totale,mm,623.6
2025-06-11 04:00:00,Intensité de Pluie,Intensité de Pluie,mm/h,0.0
2025-06-11 03:30:00,Intensité de Pluie,Intensité de Pluie,mm/h,0.0
2025-06-11 03:30:00,Pluie quotidienne,Pluie quotidienne,mm,0.0
2025-06-11 03:30:00,Pluie Totale,Pluie Totale,mm,623.6
2025-06-11 03:00:00,Intensité de Pluie,Intensité de Pluie,mm/h,0.0
2025-06-11 03:00:00,Pluie quotidienne,Pluie quotidienne,mm,0.0
2025-06-11 03:00:00,Pluie Totale,Pluie Totale,mm,623.6
2025-06-11 02:30:00,Intensité de Pluie,Intensité de Pluie,mm/h,0.0
2025-06-11 02:30:00,Pluie Totale,Pluie Totale,mm,623.6
2025-06-11 02:30:00,Pluie quotidienne,Pluie quotidienne,mm,0.0
2025-06-11 02:00:00,Intensité de Pluie,Intensité de Pluie,mm/h,0.0
2025-06-11 02:00:00,Pluie Totale,Pluie Totale,mm,623.6
2025-06-11 02:00:00,Pluie quotidienne,Pluie quotidienne,mm,0.0
2025-06-11 01:30:00,Pluie Totale,Pluie Totale,mm,623.6
2025-06-11 01:30:00,Intensité de Pluie,Intensité de Pluie,mm/h,0.0
2025-06-11 01:30:00,Pluie quotidienne,Pluie quotidienne,mm,0.0
2025-06-11 01:00:00,Pluie quotidienne,Pluie quotidienne,mm,0.0
2025-06-11 01:00:00,Intensité de Pluie,Intensité de Pluie,mm/h,0.0
2025-06-11 01:00:00,Pluie Totale,Pluie Totale,mm,623.6
2025-06-11 00:30:00,Pluie Totale,Pluie Totale,mm,623.6
2025-06-11 00:30:00,Pluie quotidienne,Pluie quotidienne,mm,0.0
2025-06-11 00:30:00,Intensité de Pluie,Intensité de Pluie,mm/h,0.0
2025-06-10 23:30:00,Pluie Totale,Pluie Totale,mm,623.6
2025-06-10 23:30:00,Pluie quotidienne,Pluie quotidienne,mm,0.0
2025-06-10 23:30:00,Intensité de Pluie,Intensité de Pluie,mm/h,0.0
2025-06-10 23:00:00,Intensité de Pluie,Intensité de Pluie,mm/h,0.0
2025-06-10 23:00:00,Pluie Totale,Pluie Totale,mm,623.6
2025-06-10 23:00:00,Pluie quotidienne,Pluie quotidienne,mm,0.0
2025-06-10 22:30:00,Pluie Totale,Pluie Totale,mm,623.6
2025-06-10 22:30:00,Pluie quotidienne,Pluie quotidienne,mm,0.0
2025-06-10 22:30:00,Intensité de Pluie,Intensité de Pluie,mm/h,0.0
2025-06-10 22:00:00,Pluie quotidienne,Pluie quotidienne,mm,0.0
2025-06-10 22:00:00,Pluie Totale,Pluie Totale,mm,623.6
2025-06-10 22:00:00,Intensité de Pluie,Intensité de Pluie,mm/h,0.0
2025-06-10 21:30:00,Intensité de Pluie,Intensité de Pluie,mm/h,0.0
2025-06-10 21:30:00,Pluie Totale,Pluie Totale,mm,623.6
2025-06-10 21:30:00,Pluie quotidienne,Pluie quotidienne,mm,0.0
2025-06-10 21:00:00,Intensité de Pluie,Intensité de Pluie,mm/h,0.0
2025-06-10 21:00:00,Pluie Totale,Pluie Totale,mm,623.6
2025-06-10 21:00:00,Pluie quotidienne,Pluie quotidienne,mm,0.0
2025-06-10 20:30:00,Pluie quotidienne,Pluie quotidienne,mm,0.0
2025-06-10 20:30:00,Pluie Totale,Pluie Totale,mm,623.6
2025-06-10 20:30:00,Intensité de Pluie,Intensité de Pluie,mm/h,0.0
2025-06-10 19:30:00,Pluie Totale,Pluie Totale,mm,623.6
2025-06-10 19:30:00,Pluie quotidienne,Pluie quotidienne,mm,0.0
2025-06-10 19:30:00,Intensité de Pluie,Intensité de Pluie,mm/h,0.0
2025-06-10 19:00:00,Pluie Totale,Pluie Totale,mm,623.6
2025-06-10 19:00:00,Pluie quotidienne,Pluie quotidienne,mm,0.0
2025-06-10 19:00:00,Intensité de Pluie,Intensité de Pluie,mm/h,0.0
2025-06-10 18:30:00,Pluie quotidienne,Pluie quotidienne,mm,0.0
2025-06-10 18:30:00,Pluie Totale,Pluie Totale,mm,623.6
2025-06-10 18:30:00,Intensité de Pluie,Intensité de Pluie,mm/h,0.0
2025-06-10 18:00:00,Pluie Totale,Pluie Totale,mm,623.6
2025-06-10 18:00:00,Intensité de Pluie,Intensité de Pluie,mm/h,0.0
2025-06-10 18:00:00,Pluie quotidienne,Pluie quotidienne,mm,0.0
2025-06-10 17:30:00,Intensité de Pluie,Intensité de Pluie,mm/h,0.0
2025-06-10 17:30:00,Pluie Totale,Pluie Totale,mm,623.6
2025-06-10 17:30:00,Pluie quotidienne,Pluie quotidienne,mm,0.0
2025-06-10 17:00:00,Pluie Totale,Pluie Totale,mm,623.6
2025-06-10 17:00:00,Intensité de Pluie,Intensité de Pluie,mm/h,0.0
2025-06-10 17:00:00,Pluie quotidienne,Pluie quotidienne,mm,0.0
2025-06-10 16:30:00,Intensité de Pluie,Intensité de Pluie,mm/h,0.0
2025-06-10 16:30:00,Pluie quotidienne,Pluie quotidienne,mm,0.0
2025-06-10 16:30:00,Pluie Totale,Pluie Totale,mm,623.6
2025-06-10 15:30:00,Pluie Totale,Pluie Totale,mm,623.6
2025-06-10 15:30:00,Intensité de Pluie,Intensité de Pluie,mm/h,0.0
2025-06-10 15:30:00,Pluie quotidienne,Pluie quotidienne,mm,0.0
2025-06-10 15:00:00,Intensité de Pluie,Intensité de Pluie,mm/h,0.0
2025-06-10 15:00:00,Pluie quotidienne,Pluie quotidienne,mm,0.0
2025-06-10 15:00:00,Pluie Totale,Pluie Totale,mm,623.6
2025-06-10 14:30:00,Intensité de Pluie,Intensité de Pluie,mm/h,0.0
2025-06-10 14:30:00,Pluie Totale,Pluie Totale,mm,623.6
2025-06-10 14:30:00,Pluie quotidienne,Pluie quotidienne,mm,0.0
2025-06-10 13:30:00,Intensité de Pluie,Intensité de Pluie,mm/h,0.0
2025-06-10 13:30:00,Pluie quotidienne,Pluie quotidienne,mm,0.0
2025-06-10 13:30:00,Pluie Totale,Pluie Totale,mm,623.6
2025-06-10 13:00:00,Intensité de Pluie,Intensité de Pluie,mm/h,0.0
2025-06-10 13:00:00,Pluie Totale,Pluie Totale,mm,623.6
2025-06-10 13:00:00,Pluie quotidienne,Pluie quotidienne,mm,0.0
2025-06-10 12:30:00,Pluie quotidienne,Pluie quotidienne,mm,0.0
2025-06-10 12:30:00,Pluie Totale,Pluie Totale,mm,623.6
2025-06-10 12:30:00,Intensité de Pluie,Intensité de Pluie,mm/h,0.0
2025-06-10 12:00:00,Pluie quotidienne,Pluie quotidienne,mm,0.0
2025-06-10 12:00:00,Pluie Totale,Pluie Totale,mm,623.6
2025-06-10 12:00:00,Intensité de Pluie,Intensité de Pluie,mm/h,0.0
2025-06-10 11:30:00,Pluie quotidienne,Pluie quotidienne,mm,0.0
2025-06-10 11:30:00,Pluie Totale,Pluie Totale,mm,623.6
2025-06-10 11:30:00,Intensité de Pluie,Intensité de Pluie,mm/h,0.0
2025-06-10 11:00:00,Intensité de Pluie,Intensité de Pluie,mm/h,0.0
2025-06-10 11:00:00,Pluie Totale,Pluie Totale,mm,623.6
2025-06-10 11:00:00,Pluie quotidienne,Pluie quotidienne,mm,0.0
2025-06-10 10:30:00,Pluie quotidienne,Pluie quotidienne,mm,0.0
2025-06-10 10:30:00,Intensité de Pluie,Intensité de Pluie,mm/h,0.0
2025-06-10 10:30:00,Pluie Totale,Pluie Totale,mm,623.6
2025-06-10 09:30:00,Pluie Totale,Pluie Totale,mm,623.6
2025-06-10 09:30:00,Pluie quotidienne,Pluie quotidienne,mm,0.0
2025-06-10 09:30:00,Intensité de Pluie,Intensité de Pluie,mm/h,0.0
2025-06-10 09:00:00,Intensité de Pluie,Intensité de Pluie,mm/h,0.0
2025-06-10 09:00:00,Pluie quotidienne,Pluie quotidienne,mm,0.0
2025-06-10 09:00:00,Pluie Totale,Pluie Totale,mm,623.6
2025-06-10 08:30:00,Intensité de Pluie,Intensité de Pluie,mm/h,0.0
2025-06-10 08:30:00,Pluie quotidienne,Pluie quotidienne,mm,0.0
2025-06-10 08:30:00,Pluie Totale,Pluie Totale,mm,623.6
2025-06-10 08:00:00,Intensité de Pluie,Intensité de Pluie,mm/h,0.0
2025-06-10 08:00:00,Pluie Totale,Pluie Totale,mm,623.6
2025-06-10 08:00:00,Pluie quotidienne,Pluie quotidienne,mm,0.0
2025-06-10 07:30:00,Intensité de Pluie,Intensité de Pluie,mm/h,0.0
2025-06-10 07:30:00,Pluie quotidienne,Pluie quotidienne,mm,0.0
2025-06-10 07:30:00,Pluie Totale,Pluie Totale,mm,623.6
2025-06-10 07:00:00,Pluie Totale,Pluie Totale,mm,623.6
2025-06-10 07:00:00,Intensité de Pluie,Intensité de Pluie,mm/h,0.0
2025-06-10 07:00:00,Pluie quotidienne,Pluie quotidienne,mm,0.0
2025-06-10 06:30:00,Pluie Totale,Pluie Totale,mm,623.6
2025-06-10 06:30:00,Intensité de Pluie,Intensité de Pluie,mm/h,0.0
2025-06-10 06:30:00,Pluie quotidienne,Pluie quotidienne,mm,0.0
2025-06-10 06:00:00,Pluie quotidienne,Pluie quotidienne,mm,0.0
2025-06-10 06:00:00,Pluie Totale,Pluie Totale,mm,623.6
2025-06-10 06:00:00,Intensité de Pluie,Intensité de Pluie,mm/h,0.0
2025-06-10 05:30:00,Pluie quotidienne,Pluie quotidienne,mm,0.0
2025-06-10 05:30:00,Intensité de Pluie,Intensité de Pluie,mm/h,0.0
2025-06-10 05:30:00,Pluie Totale,Pluie Totale,mm,623.6
2025-06-10 05:00:00,Pluie quotidienne,Pluie quotidienne,mm,0.0
2025-06-10 05:00:00,Intensité de Pluie,Intensité de Pluie,mm/h,0.0
2025-06-10 05:00:00,Pluie Totale,Pluie Totale,mm,623.6
2025-06-10 04:30:00,Intensité de Pluie,Intensité de Pluie,mm/h,0.0
2025-06-10 04:30:00,Pluie Totale,Pluie Totale,mm,623.6
2025-06-10 04:30:00,Pluie quotidienne,Pluie quotidienne,mm,0.0
2025-06-09 12:30:00,Pluie quotidienne,Pluie quotidienne,mm,0.0
2025-06-09 12:30:00,Intensité de Pluie,Intensité de Pluie,mm/h,0.0
2025-06-09 12:30:00,Pluie Totale,Pluie Totale,mm,623.6
2025-06-09 11:00:00,Intensité de Pluie,Intensité de Pluie,mm/h,0.0
2025-06-09 11:00:00,Pluie Totale,Pluie Totale,mm,623.6
2025-06-09 11:00:00,Pluie quotidienne,Pluie quotidienne,mm,0.0
2025-06-09 10:30:00,Intensité de Pluie,Intensité de Pluie,mm/h,0.0
2025-06-09 10:30:00,Pluie Totale,Pluie Totale,mm,623.6
2025-06-09 10:30:00,Pluie quotidienne,Pluie quotidienne,mm,0.0
2025-06-09 09:30:00,Pluie Totale,Pluie Totale,mm,623.6
2025-06-09 09:30:00,Intensité de Pluie,Intensité de Pluie,mm/h,0.0
2025-06-09 09:30:00,Pluie quotidienne,Pluie quotidienne,mm,0.0
2025-06-09 09:00:00,Pluie Totale,Pluie Totale,mm,623.6
2025-06-09 09:00:00,Pluie quotidienne,Pluie quotidienne,mm,0.0
2025-06-09 09:00:00,Intensité de Pluie,Intensité de Pluie,mm/h,0.0
2025-06-09 08:30:00,Intensité de Pluie,Intensité de Pluie,mm/h,0.0
2025-06-09 08:30:00,Pluie quotidienne,Pluie quotidienne,mm,0.0
2025-06-09 08:30:00,Pluie Totale,Pluie Totale,mm,623.6
2025-06-09 08:00:00,Intensité de Pluie,Intensité de Pluie,mm/h,0.0
2025-06-09 08:00:00,Pluie Totale,Pluie Totale,mm,623.6
2025-06-09 08:00:00,Pluie quotidienne,Pluie quotidienne,mm,0.0
2025-06-09 07:30:00,Pluie quotidienne,Pluie quotidienne,mm,0.0
2025-06-09 07:30:00,Pluie Totale,Pluie Totale,mm,623.6
2025-06-09 07:30:00,Intensité de Pluie,Intensité de Pluie,mm/h,0.0
2025-06-09 07:00:00,Pluie Totale,Pluie Totale,mm,623.6
2025-06-09 07:00:00,Pluie quotidienne,Pluie quotidienne,mm,0.0
2025-06-09 07:00:00,Intensité de Pluie,Intensité de Pluie,mm/h,0.0
2025-06-09 06:30:00,Pluie quotidienne,Pluie quotidienne,mm,0.0
2025-06-09 06:30:00,Pluie Totale,Pluie Totale,mm,623.6
2025-06-09 06:30:00,Intensité de Pluie,Intensité de Pluie,mm/h,0.0
2025-06-09 06:00:00,Pluie Totale,Pluie Totale,mm,623.6
2025-06-09 06:00:00,Pluie quotidienne,Pluie quotidienne,mm,0.0
2025-06-09 06:00:00,Intensité de Pluie,Intensité de Pluie,mm/h,0.0
2025-06-09 05:30:00,Pluie Totale,Pluie Totale,mm,623.6
2025-06-09 05:30:00,Pluie quotidienne,Pluie quotidienne,mm,0.0
2025-06-09 05:30:00,Intensité de Pluie,Intensité de Pluie,mm/h,0.0
2025-06-09 05:00:00,Pluie quotidienne,Pluie quotidienne,mm,0.0
2025-06-09 05:00:00,Intensité de Pluie,Intensité de Pluie,mm/h,0.0
2025-06-09 05:00:00,Pluie Totale,Pluie Totale,mm,623.6
2025-06-09 04:30:00,Intensité de Pluie,Intensité de Pluie,mm/h,0.0
2025-06-09 04:30:00,Pluie quotidienne,Pluie quotidienne,mm,0.0
2025-06-09 04:30:00,Pluie Totale,Pluie Totale,mm,623.6
2025-06-08 15:30:00,Intensité de Pluie,Intensité de Pluie,mm/h,0.0
2025-06-08 15:30:00,Pluie quotidienne,Pluie quotidienne,mm,0.0
2025-06-08 15:30:00,Pluie Totale,Pluie Totale,mm,623.6
2025-06-08 15:00:00,Intensité de Pluie,Intensité de Pluie,mm/h,0.0
2025-06-08 15:00:00,Pluie Totale,Pluie Totale,mm,623.6
2025-06-08 15:00:00,Pluie quotidienne,Pluie quotidienne,mm,0.0
2025-06-08 14:30:00,Pluie quotidienne,Pluie quotidienne,mm,0.0
2025-06-08 14:30:00,Pluie Totale,Pluie Totale,mm,623.6
2025-06-08 14:30:00,Intensité de Pluie,Intensité de Pluie,mm/h,0.0
2025-06-08 13:30:00,Pluie Totale,Pluie Totale,mm,623.6
2025-06-08 13:30:00,Pluie quotidienne,Pluie quotidienne,mm,0.0
2025-06-08 13:30:00,Intensité de Pluie,Intensité de Pluie,mm/h,0.0
2025-06-08 13:00:00,Pluie Totale,Pluie Totale,mm,623.6
2025-06-08 13:00:00,Intensité de Pluie,Intensité de Pluie,mm/h,0.0
2025-06-08 13:00:00,Pluie quotidienne,Pluie quotidienne,mm,0.0
2025-06-08 12:30:00,Pluie Totale,Pluie Totale,mm,623.6
2025-06-08 12:30:00,Pluie quotidienne,Pluie quotidienne,mm,0.0
2025-06-08 12:30:00,Intensité de Pluie,Intensité de Pluie,mm/h,0.0
2025-06-08 11:30:00,Pluie Totale,Pluie Totale,mm,623.6
2025-06-08 11:30:00,Pluie quotidienne,Pluie quotidienne,mm,0.0
2025-06-08 11:30:00,Intensité de Pluie,Intensité de Pluie,mm/h,0.0
2025-06-08 11:00:00,Intensité de Pluie,Intensité de Pluie,mm/h,0.0
2025-06-08 11:00:00,Pluie Totale,Pluie Totale,mm,623.6
2025-06-08 11:00:00,Pluie quotidienne,Pluie quotidienne,mm,0.0
2025-06-08 10:30:00,Intensité de Pluie,Intensité de Pluie,mm/h,0.0
2025-06-08 10:30:00,Pluie Totale,Pluie Totale,mm,623.6
2025-06-08 10:30:00,Pluie quotidienne,Pluie quotidienne,mm,0.0
2025-06-08 09:30:00,Intensité de Pluie,Intensité de Pluie,mm/h,0.0
2025-06-08 09:30:00,Pluie quotidienne,Pluie quotidienne,mm,0.0
2025-06-08 09:30:00,Pluie Totale,Pluie Totale,mm,623.6
2025-06-08 09:00:00,Pluie quotidienne,Pluie quotidienne,mm,0.0
2025-06-08 09:00:00,Pluie Totale,Pluie Totale,mm,623.6
2025-06-08 09:00:00,Intensité de Pluie,Intensité de Pluie,mm/h,0.0
2025-06-08 08:30:00,Pluie Totale,Pluie Totale,mm,623.6
2025-06-08 08:30:00,Pluie quotidienne,Pluie quotidienne,mm,0.0
2025-06-08 08:30:00,Intensité de Pluie,Intensité de Pluie,mm/h,0.0
2025-06-08 08:00:00,Pluie quotidienne,Pluie quotidienne,mm,0.0
2025-06-08 08:00:00,Pluie Totale,Pluie Totale,mm,623.6
2025-06-08 08:00:00,Intensité de Pluie,Intensité de Pluie,mm/h,0.0
2025-06-08 07:30:00,Intensité de Pluie,Intensité de Pluie,mm/h,0.0
2025-06-08 07:30:00,Pluie Totale,Pluie Totale,mm,623.6
2025-06-08 07:30:00,Pluie quotidienne,Pluie quotidienne,mm,0.0
2025-06-08 07:00:00,Pluie quotidienne,Pluie quotidienne,mm,0.0
2025-06-08 07:00:00,Pluie Totale,Pluie Totale,mm,623.6
2025-06-08 07:00:00,Intensité de Pluie,Intensité de Pluie,mm/h,0.0
2025-06-08 06:30:00,Pluie Totale,Pluie Totale,mm,623.6
2025-06-08 06:30:00,Intensité de Pluie,Intensité de Pluie,mm/h,0.0
2025-06-08 06:30:00,Pluie quotidienne,Pluie quotidienne,mm,0.0
2025-06-08 06:00:00,Intensité de Pluie,Intensité de Pluie,mm/h,0.0
2025-06-08 06:00:00,Pluie Totale,Pluie Totale,mm,623.6
2025-06-08 06:00:00,Pluie quotidienne,Pluie quotidienne,mm,0.0
2025-06-08 05:30:00,Pluie Totale,Pluie Totale,mm,623.6
2025-06-08 05:30:00,Intensité de Pluie,Intensité de Pluie,mm/h,0.0
2025-06-08 05:30:00,Pluie quotidienne,Pluie quotidienne,mm,0.0
2025-06-08 05:00:00,Pluie quotidienne,Pluie quotidienne,mm,0.0
2025-06-08 05:00:00,Pluie Totale,Pluie Totale,mm,623.6
2025-06-08 05:00:00,Intensité de Pluie,Intensité de Pluie,mm/h,0.0
2025-06-08 04:30:00,Pluie Totale,Pluie Totale,mm,623.6
2025-06-08 04:30:00,Intensité de Pluie,Intensité de Pluie,mm/h,0.0
2025-06-08 04:30:00,Pluie quotidienne,Pluie quotidienne,mm,0.0
2025-06-07 07:30:00,Intensité de Pluie,Intensité de Pluie,mm/h,0.0
2025-06-07 07:30:00,Pluie Totale,Pluie Totale,mm,623.6
2025-06-07 07:30:00,Pluie quotidienne,Pluie quotidienne,mm,0.0
2025-06-07 07:00:00,Pluie Totale,Pluie Totale,mm,623.6
2025-06-07 07:00:00,Intensité de Pluie,Intensité de Pluie,mm/h,0.0
2025-06-07 07:00:00,Pluie quotidienne,Pluie quotidienne,mm,0.0
2025-06-07 06:30:00,Pluie Totale,Pluie Totale,mm,623.6
2025-06-07 06:30:00,Pluie quotidienne,Pluie quotidienne,mm,0.0
2025-06-07 06:30:00,Intensité de Pluie,Intensité de Pluie,mm/h,0.0
2025-06-07 05:30:00,Pluie Totale,Pluie Totale,mm,623.6
2025-06-07 05:30:00,Intensité de Pluie,Intensité de Pluie,mm/h,0.0
2025-06-07 05:30:00,Pluie quotidienne,Pluie quotidienne,mm,0.0
2025-06-07 05:00:00,Pluie quotidienne,Pluie quotidienne,mm,0.0
2025-06-07 05:00:00,Pluie Totale,Pluie Totale,mm,623.6
2025-06-07 05:00:00,Intensité de Pluie,Intensité de Pluie,mm/h,0.0
2025-06-07 04:30:00,Pluie Totale,Pluie Totale,mm,623.6
2025-06-07 04:30:00,Pluie quotidienne,Pluie quotidienne,mm,0.0
2025-06-07 04:30:00,Intensité de Pluie,Intensité de Pluie,mm/h,0.0
2025-06-06 08:30:00,Pluie quotidienne,Pluie quotidienne,mm,0.0
2025-06-06 08:30:00,Pluie Totale,Pluie Totale,mm,623.6
2025-06-06 08:30:00,Intensité de Pluie,Intensité de Pluie,mm/h,0.0
2025-06-06 08:00:00,Pluie Totale,Pluie Totale,mm,623.6
2025-06-06 08:00:00,Pluie quotidienne,Pluie quotidienne,mm,0.0
2025-06-06 08:00:00,Intensité de Pluie,Intensité de Pluie,mm/h,0.0
2025-06-06 07:30:00,Pluie quotidienne,Pluie quotidienne,mm,0.0
2025-06-06 07:30:00,Intensité de Pluie,Intensité de Pluie,mm/h,0.0
2025-06-06 07:30:00,Pluie Totale,Pluie Totale,mm,623.6
2025-06-06 07:00:00,Pluie quotidienne,Pluie quotidienne,mm,0.0
2025-06-06 07:00:00,Intensité de Pluie,Intensité de Pluie,mm/h,0.0
2025-06-06 07:00:00,Pluie Totale,Pluie Totale,mm,623.6
2025-06-06 06:30:00,Pluie Totale,Pluie Totale,mm,623.6
2025-06-06 06:30:00,Pluie quotidienne,Pluie quotidienne,mm,0.0
2025-06-06 06:30:00,Intensité de Pluie,Intensité de Pluie,mm/h,0.0
2025-06-06 06:00:00,Intensité de Pluie,Intensité de Pluie,mm/h,0.0
2025-06-06 06:00:00,Pluie Totale,Pluie Totale,mm,623.6
2025-06-06 06:00:00,Pluie quotidienne,Pluie quotidienne,mm,0.0
2025-06-06 05:30:00,Intensité de Pluie,Intensité de Pluie,mm/h,0.0
2025-06-06 05:30:00,Pluie Totale,Pluie Totale,mm,623.6
2025-06-06 05:30:00,Pluie quotidienne,Pluie quotidienne,mm,0.0
2025-06-06 05:00:00,Pluie quotidienne,Pluie quotidienne,mm,0.0
2025-06-06 05:00:00,Pluie Totale,Pluie Totale,mm,623.6
2025-06-06 05:00:00,Intensité de Pluie,Intensité de Pluie,mm/h,0.0
2025-06-06 04:30:00,Intensité de Pluie,Intensité de Pluie,mm/h,0.0
2025-06-06 04:30:00,Pluie quotidienne,Pluie quotidienne,mm,0.0
2025-06-06 04:30:00,Pluie Totale,Pluie Totale,mm,623.6
2025-06-05 06:30:00,Pluie quotidienne,Pluie quotidienne,mm,0.0
2025-06-05 06:30:00,Pluie Totale,Pluie Totale,mm,623.6
2025-06-05 06:30:00,Intensité de Pluie,Intensité de Pluie,mm/h,0.0
2025-06-05 06:00:00,Pluie Totale,Pluie Totale,mm,623.6
2025-06-05 06:00:00,Intensité de Pluie,Intensité de Pluie,mm/h,0.0
2025-06-05 06:00:00,Pluie quotidienne,Pluie quotidienne,mm,0.0
2025-06-05 05:30:00,Pluie Totale,Pluie Totale,mm,623.6
2025-06-05 05:30:00,Intensité de Pluie,Intensité de Pluie,mm/h,0.0
2025-06-05 05:30:00,Pluie quotidienne,Pluie quotidienne,mm,0.0
2025-06-05 05:00:00,Intensité de Pluie,Intensité de Pluie,mm/h,0.0
2025-06-05 05:00:00,Pluie Totale,Pluie Totale,mm,623.6
2025-06-05 05:00:00,Pluie quotidienne,Pluie quotidienne,mm,0.0
2025-06-05 04:30:00,Pluie quotidienne,Pluie quotidienne,mm,0.0
2025-06-05 04:30:00,Pluie Totale,Pluie Totale,mm,623.6
2025-06-05 04:30:00,Intensité de Pluie,Intensité de Pluie,mm/h,0.0
2025-06-05 04:00:00,Pluie Totale,Pluie Totale,mm,623.6
2025-06-05 04:00:00,Pluie quotidienne,Pluie quotidienne,mm,0.0
2025-06-05 04:00:00,Intensité de Pluie,Intensité de Pluie,mm/h,0.0
2025-06-05 03:30:00,Pluie Totale,Pluie Totale,mm,623.6
2025-06-05 03:30:00,Intensité de Pluie,Intensité de Pluie,mm/h,0.0
2025-06-05 03:30:00,Pluie quotidienne,Pluie quotidienne,mm,0.0
2025-06-04 05:30:00,Pluie quotidienne,Pluie quotidienne,mm,0.0
2025-06-04 05:30:00,Pluie Totale,Pluie Totale,mm,623.6
2025-06-04 05:30:00,Intensité de Pluie,Intensité de Pluie,mm/h,0.0
2025-06-04 05:00:00,Intensité de Pluie,Intensité de Pluie,mm/h,0.0
2025-06-04 05:00:00,Pluie quotidienne,Pluie quotidienne,mm,0.0
2025-06-04 05:00:00,Pluie Totale,Pluie Totale,mm,623.6
2025-06-04 04:30:00,Pluie Totale,Pluie Totale,mm,623.6
2025-06-04 04:30:00,Intensité de Pluie,Intensité de Pluie,mm/h,0.0
2025-06-04 04:30:00,Pluie quotidienne,Pluie quotidienne,mm,0.0
2025-06-04 04:00:00,Pluie Totale,Pluie Totale,mm,623.6
2025-06-04 04:00:00,Intensité de Pluie,Intensité de Pluie,mm/h,0.0
2025-06-04 04:00:00,Pluie quotidienne,Pluie quotidienne,mm,0.0
2025-06-04 03:30:00,Pluie Totale,Pluie Totale,mm,623.6
2025-06-04 03:30:00,Pluie quotidienne,Pluie quotidienne,mm,0.0
2025-06-04 03:30:00,Intensité de Pluie,Intensité de Pluie,mm/h,0.0
2025-06-04 03:00:00,Pluie quotidienne,Pluie quotidienne,mm,0.0
2025-06-04 03:00:00,Pluie Totale,Pluie Totale,mm,623.6
2025-06-04 03:00:00,Intensité de Pluie,Intensité de Pluie,mm/h,0.0
2025-06-04 02:30:00,Pluie Totale,Pluie Totale,mm,623.6
2025-06-04 02:30:00,Intensité de Pluie,Intensité de Pluie,mm/h,0.0
2025-06-04 02:30:00,Pluie quotidienne,Pluie quotidienne,mm,0.0
2025-06-04 01:30:00,Pluie quotidienne,Pluie quotidienne,mm,0.0
2025-06-04 01:30:00,Pluie Totale,Pluie Totale,mm,623.6
2025-06-04 01:30:00,Intensité de Pluie,Intensité de Pluie,mm/h,0.0
2025-06-04 01:00:00,Intensité de Pluie,Intensité de Pluie,mm/h,0.0
2025-06-04 01:00:00,Pluie Totale,Pluie Totale,mm,623.6
2025-06-04 01:00:00,Pluie quotidienne,Pluie quotidienne,mm,0.0
2025-06-04 00:30:00,Pluie quotidienne,Pluie quotidienne,mm,0.0
2025-06-04 00:30:00,Intensité de Pluie,Intensité de Pluie,mm/h,0.0
2025-06-04 00:30:00,Pluie Totale,Pluie Totale,mm,623.6
2025-06-04 00:00:00,Pluie Totale,Pluie Totale,mm,623.6
2025-06-04 00:00:00,Pluie quotidienne,Pluie quotidienne,mm,0.0
2025-06-04 00:00:00,Intensité de Pluie,Intensité de Pluie,mm/h,0.0
2025-06-03 23:30:00,Intensité de Pluie,Intensité de Pluie,mm/h,0.0
2025-06-03 23:30:00,Pluie quotidienne,Pluie quotidienne,mm,0.0
2025-06-03 23:30:00,Pluie Totale,Pluie Totale,mm,623.6
2025-06-03 23:00:00,Intensité de Pluie,Intensité de Pluie,mm/h,0.0
2025-06-03 23:00:00,Pluie quotidienne,Pluie quotidienne,mm,0.0
2025-06-03 23:00:00,Pluie Totale,Pluie Totale,mm,623.6
2025-06-03 22:30:00,Intensité de Pluie,Intensité de Pluie,mm/h,0.0
2025-06-03 22:30:00,Pluie quotidienne,Pluie quotidienne,mm,0.0
2025-06-03 22:30:00,Pluie Totale,Pluie Totale,mm,623.6
2025-06-03 21:30:00,Intensité de Pluie,Intensité de Pluie,mm/h,0.0
2025-06-03 21:30:00,Pluie Totale,Pluie Totale,mm,623.6
2025-06-03 21:30:00,Pluie quotidienne,Pluie quotidienne,mm,0.0
2025-06-03 21:00:00,Pluie quotidienne,Pluie quotidienne,mm,0.0
2025-06-03 21:00:00,Pluie Totale,Pluie Totale,mm,623.6
2025-06-03 21:00:00,Intensité de Pluie,Intensité de Pluie,mm/h,0.0
2025-06-03 20:30:00,Pluie quotidienne,Pluie quotidienne,mm,0.0
2025-06-03 20:30:00,Intensité de Pluie,Intensité de Pluie,mm/h,0.0
2025-06-03 20:30:00,Pluie Totale,Pluie Totale,mm,623.6
2025-06-03 20:00:00,Intensité de Pluie,Intensité de Pluie,mm/h,0.0
2025-06-03 20:00:00,Pluie Totale,Pluie Totale,mm,623.6
2025-06-03 20:00:00,Pluie quotidienne,Pluie quotidienne,mm,0.0
2025-06-03 19:30:00,Pluie Totale,Pluie Totale,mm,623.6
2025-06-03 19:30:00,Intensité de Pluie,Intensité de Pluie,mm/h,0.0
2025-06-03 19:30:00,Pluie quotidienne,Pluie quotidienne,mm,0.0
2025-06-03 19:00:00,Pluie quotidienne,Pluie quotidienne,mm,0.0
2025-06-03 19:00:00,Pluie Totale,Pluie Totale,mm,623.6
2025-06-03 19:00:00,Intensité de Pluie,Intensité de Pluie,mm/h,0.0
2025-06-03 18:30:00,Pluie Totale,Pluie Totale,mm,623.6
2025-06-03 18:30:00,Intensité de Pluie,Intensité de Pluie,mm/h,0.0
2025-06-03 18:30:00,Pluie quotidienne,Pluie quotidienne,mm,0.0
2025-06-03 17:30:00,Pluie quotidienne,Pluie quotidienne,mm,0.0
2025-06-03 17:30:00,Pluie Totale,Pluie Totale,mm,623.6
2025-06-03 17:30:00,Intensité de Pluie,Intensité de Pluie,mm/h,0.0
2025-06-03 17:00:00,Pluie Totale,Pluie Totale,mm,623.6
2025-06-03 17:00:00,Intensité de Pluie,Intensité de Pluie,mm/h,0.0
2025-06-03 17:00:00,Pluie quotidienne,Pluie quotidienne,mm,0.0
2025-06-03 16:30:00,Pluie Totale,Pluie Totale,mm,623.6
2025-06-03 16:30:00,Pluie quotidienne,Pluie quotidienne,mm,0.0
2025-06-03 16:30:00,Intensité de Pluie,Intensité de Pluie,mm/h,0.0
2025-06-03 15:30:00,Pluie quotidienne,Pluie quotidienne,mm,0.0
2025-06-03 15:30:00,Pluie Totale,Pluie Totale,mm,623.6
2025-06-03 15:30:00,Intensité de Pluie,Intensité de Pluie,mm/h,0.0
2025-06-03 15:00:00,Pluie quotidienne,Pluie quotidienne,mm,0.0
2025-06-03 15:00:00,Pluie Totale,Pluie Totale,mm,623.6
2025-06-03 15:00:00,Intensité de Pluie,Intensité de Pluie,mm/h,0.0
2025-06-03 14:30:00,Pluie Totale,Pluie Totale,mm,623.6
2025-06-03 14:30:00,Intensité de Pluie,Intensité de Pluie,mm/h,0.0
2025-06-03 14:30:00,Pluie quotidienne,Pluie quotidienne,mm,0.0
2025-06-03 13:30:00,Intensité de Pluie,Intensité de Pluie,mm/h,0.0
2025-06-03 13:30:00,Pluie Totale,Pluie Totale,mm,623.6
2025-06-03 13:30:00,Pluie quotidienne,Pluie quotidienne,mm,0.0
2025-06-03 13:00:00,Pluie quotidienne,Pluie quotidienne,mm,0.0
2025-06-03 13:00:00,Pluie Totale,Pluie Totale,mm,623.6
2025-06-03 13:00:00,Intensité de Pluie,Intensité de Pluie,mm/h,0.0
2025-06-03 12:30:00,Pluie Totale,Pluie Totale,mm,623.6
2025-06-03 12:30:00,Intensité de Pluie,Intensité de Pluie,mm/h,0.0
2025-06-03 12:30:00,Pluie quotidienne,Pluie quotidienne,mm,0.0
2025-06-03 12:00:00,Intensité de Pluie,Intensité de Pluie,mm/h,0.0
2025-06-03 12:00:00,Pluie quotidienne,Pluie quotidienne,mm,0.0
2025-06-03 12:00:00,Pluie Totale,Pluie Totale,mm,623.6
2025-06-03 11:30:00,Intensité de Pluie,Intensité de Pluie,mm/h,0.0
2025-06-03 11:30:00,Pluie quotidienne,Pluie quotidienne,mm,0.0
2025-06-03 11:30:00,Pluie Totale,Pluie Totale,mm,623.6
2025-06-03 11:00:00,Intensité de Pluie,Intensité de Pluie,mm/h,0.0
2025-06-03 11:00:00,Pluie quotidienne,Pluie quotidienne,mm,0.0
2025-06-03 11:00:00,Pluie Totale,Pluie Totale,mm,623.6
2025-06-03 10:30:00,Pluie Totale,Pluie Totale,mm,623.6
2025-06-03 10:30:00,Pluie quotidienne,Pluie quotidienne,mm,0.0
2025-06-03 10:30:00,Intensité de Pluie,Intensité de Pluie,mm/h,0.0
2025-06-03 09:30:00,Pluie quotidienne,Pluie quotidienne,mm,0.0
2025-06-03 09:30:00,Pluie Totale,Pluie Totale,mm,623.6
2025-06-03 09:30:00,Intensité de Pluie,Intensité de Pluie,mm/h,0.0
2025-06-03 09:00:00,Pluie quotidienne,Pluie quotidienne,mm,0.0
2025-06-03 09:00:00,Pluie Totale,Pluie Totale,mm,623.6
2025-06-03 09:00:00,Intensité de Pluie,Intensité de Pluie,mm/h,0.0
2025-06-03 08:30:00,Pluie Totale,Pluie Totale,mm,623.6
2025-06-03 08:30:00,Intensité de Pluie,Intensité de Pluie,mm/h,0.0
2025-06-03 08:30:00,Pluie quotidienne,Pluie quotidienne,mm,0.0
2025-06-03 08:00:00,Intensité de Pluie,Intensité de Pluie,mm/h,0.0
2025-06-03 08:00:00,Pluie Totale,Pluie Totale,mm,623.6
2025-06-03 08:00:00,Pluie quotidienne,Pluie quotidienne,mm,0.0
2025-06-03 07:30:00,Pluie Totale,Pluie Totale,mm,623.6
2025-06-03 07:30:00,Pluie quotidienne,Pluie quotidienne,mm,0.0
2025-06-03 07:30:00,Intensité de Pluie,Intensité de Pluie,mm/h,0.0
2025-06-03 07:00:00,Pluie quotidienne,Pluie quotidienne,mm,0.0
2025-06-03 07:00:00,Pluie Totale,Pluie Totale,mm,623.6
2025-06-03 07:00:00,Intensité de Pluie,Intensité de Pluie,mm/h,0.0
2025-06-03 06:30:00,Pluie quotidienne,Pluie quotidienne,mm,0.0
2025-06-03 06:30:00,Intensité de Pluie,Intensité de Pluie,mm/h,0.0
2025-06-03 06:30:00,Pluie Totale,Pluie Totale,mm,623.6
2025-06-03 06:00:00,Intensité de Pluie,Intensité de Pluie,mm/h,0.0
2025-06-03 06:00:00,Pluie Totale,Pluie Totale,mm,623.6
2025-06-03 06:00:00,Pluie quotidienne,Pluie quotidienne,mm,0.0
2025-06-03 05:30:00,Pluie quotidienne,Pluie quotidienne,mm,0.0
2025-06-03 05:30:00,Intensité de Pluie,Intensité de Pluie,mm/h,0.0
2025-06-03 05:30:00,Pluie Totale,Pluie Totale,mm,623.6
2025-06-03 05:00:00,Pluie Totale,Pluie Totale,mm,623.6
2025-06-03 05:00:00,Intensité de Pluie,Intensité de Pluie,mm/h,0.0
2025-06-03 05:00:00,Pluie quotidienne,Pluie quotidienne,mm,0.0
2025-06-03 04:30:00,Pluie Totale,Pluie Totale,mm,623.6
2025-06-03 04:30:00,Intensité de Pluie,Intensité de Pluie,mm/h,0.0
2025-06-03 04:30:00,Pluie quotidienne,Pluie quotidienne,mm,0.0
2025-06-02 07:30:00,Pluie quotidienne,Pluie quotidienne,mm,0.0
2025-06-02 07:30:00,Pluie Totale,Pluie Totale,mm,623.6
2025-06-02 07:30:00,Intensité de Pluie,Intensité de Pluie,mm/h,0.0
2025-06-02 07:00:00,Pluie quotidienne,Pluie quotidienne,mm,0.0
2025-06-02 07:00:00,Pluie Totale,Pluie Totale,mm,623.6
2025-06-02 07:00:00,Intensité de Pluie,Intensité de Pluie,mm/h,0.0
2025-06-02 06:30:00,Pluie Totale,Pluie Totale,mm,623.6
2025-06-02 06:30:00,Intensité de Pluie,Intensité de Pluie,mm/h,0.0
2025-06-02 06:30:00,Pluie quotidienne,Pluie quotidienne,mm,0.0
2025-06-02 06:00:00,Pluie Totale,Pluie Totale,mm,623.6
2025-06-02 06:00:00,Pluie quotidienne,Pluie quotidienne,mm,0.0
2025-06-02 06:00:00,Intensité de Pluie,Intensité de Pluie,mm/h,0.0
2025-06-02 05:30:00,Intensité de Pluie,Intensité de Pluie,mm/h,0.0
2025-06-02 05:30:00,Pluie quotidienne,Pluie quotidienne,mm,0.0
2025-06-02 05:30:00,Pluie Totale,Pluie Totale,mm,623.6
2025-06-02 05:00:00,Intensité de Pluie,Intensité de Pluie,mm/h,0.0
2025-06-02 05:00:00,Pluie quotidienne,Pluie quotidienne,mm,0.0
2025-06-02 05:00:00,Pluie Totale,Pluie Totale,mm,623.6
2025-06-02 04:30:00,Pluie Totale,Pluie Totale,mm,623.6
2025-06-02 04:30:00,Intensité de Pluie,Intensité de Pluie,mm/h,0.0
2025-06-02 04:30:00,Pluie quotidienne,Pluie quotidienne,mm,0.0
2025-06-01 22:30:00,Pluie Totale,Pluie Totale,mm,623.6
2025-06-01 22:30:00,Intensité de Pluie,Intensité de Pluie,mm/h,0.0
2025-06-01 22:30:00,Pluie quotidienne,Pluie quotidienne,mm,0.0
2025-06-01 22:00:00,Pluie quotidienne,Pluie quotidienne,mm,0.0
2025-06-01 22:00:00,Intensité de Pluie,Intensité de Pluie,mm/h,0.0
2025-06-01 22:00:00,Pluie Totale,Pluie Totale,mm,623.6
2025-06-01 21:30:00,Pluie quotidienne,Pluie quotidienne,mm,0.0
2025-06-01 21:30:00,Intensité de Pluie,Intensité de Pluie,mm/h,0.0
2025-06-01 21:30:00,Pluie Totale,Pluie Totale,mm,623.6
2025-06-01 21:00:00,Intensité de Pluie,Intensité de Pluie,mm/h,0.0
2025-06-01 21:00:00,Pluie Totale,Pluie Totale,mm,623.6
2025-06-01 21:00:00,Pluie quotidienne,Pluie quotidienne,mm,0.0
2025-06-01 20:30:00,Intensité de Pluie,Intensité de Pluie,mm/h,0.0
2025-06-01 20:30:00,Pluie Totale,Pluie Totale,mm,623.6
2025-06-01 20:30:00,Pluie quotidienne,Pluie quotidienne,mm,0.0
2025-06-01 20:00:00,Intensité de Pluie,Intensité de Pluie,mm/h,0.0
2025-06-01 20:00:00,Pluie Totale,Pluie Totale,mm,623.6
2025-06-01 20:00:00,Pluie quotidienne,Pluie quotidienne,mm,0.0
2025-06-01 19:30:00,Pluie quotidienne,Pluie quotidienne,mm,0.0
2025-06-01 19:30:00,Pluie Totale,Pluie Totale,mm,623.6
2025-06-01 19:30:00,Intensité de Pluie,Intensité de Pluie,mm/h,0.0
2025-06-01 19:00:00,Pluie quotidienne,Pluie quotidienne,mm,0.0
2025-06-01 19:00:00,Pluie Totale,Pluie Totale,mm,623.6
2025-06-01 19:00:00,Intensité de Pluie,Intensité de Pluie,mm/h,0.0
2025-06-01 18:30:00,Pluie quotidienne,Pluie quotidienne,mm,0.0
2025-06-01 18:30:00,Intensité de Pluie,Intensité de Pluie,mm/h,0.0
2025-06-01 18:30:00,Pluie Totale,Pluie Totale,mm,623.6
2025-06-01 18:00:00,Pluie Totale,Pluie Totale,mm,623.6
2025-06-01 18:00:00,Intensité de Pluie,Intensité de Pluie,mm/h,0.0
2025-06-01 18:00:00,Pluie quotidienne,Pluie quotidienne,mm,0.0
2025-06-01 17:30:00,Pluie Totale,Pluie Totale,mm,623.6
2025-06-01 17:30:00,Intensité de Pluie,Intensité de Pluie,mm/h,0.0
2025-06-01 17:30:00,Pluie quotidienne,Pluie quotidienne,mm,0.0
2025-06-01 17:00:00,Pluie Totale,Pluie Totale,mm,623.6
2025-06-01 17:00:00,Pluie quotidienne,Pluie quotidienne,mm,0.0
2025-06-01 17:00:00,Intensité de Pluie,Intensité de Pluie,mm/h,0.0
2025-06-01 16:30:00,Intensité de Pluie,Intensité de Pluie,mm/h,0.0
2025-06-01 16:30:00,Pluie Totale,Pluie Totale,mm,623.6
2025-06-01 16:30:00,Pluie quotidienne,Pluie quotidienne,mm,0.0
2025-06-01 16:00:00,Pluie quotidienne,Pluie quotidienne,mm,0.0
2025-06-01 16:00:00,Intensité de Pluie,Intensité de Pluie,mm/h,0.0
2025-06-01 16:00:00,Pluie Totale,Pluie Totale,mm,623.6
2025-06-01 15:30:00,Pluie Totale,Pluie Totale,mm,623.6
2025-06-01 15:30:00,Pluie quotidienne,Pluie quotidienne,mm,0.0
2025-06-01 15:30:00,Intensité de Pluie,Intensité de Pluie,mm/h,0.0
2025-06-01 15:00:00,Pluie quotidienne,Pluie quotidienne,mm,0.0
2025-06-01 15:00:00,Pluie Totale,Pluie Totale,mm,623.6
2025-06-01 15:00:00,Intensité de Pluie,Intensité de Pluie,mm/h,0.0
2025-06-01 14:30:00,Pluie Totale,Pluie Totale,mm,623.6
2025-06-01 14:30:00,Pluie quotidienne,Pluie quotidienne,mm,0.0
2025-06-01 14:30:00,Intensité de Pluie,Intensité de Pluie,mm/h,0.0
2025-06-01 14:00:00,Intensité de Pluie,Intensité de Pluie,mm/h,0.0
2025-06-01 14:00:00,Pluie Totale,Pluie Totale,mm,623.6
2025-06-01 14:00:00,Pluie quotidienne,Pluie quotidienne,mm,0.0
2025-06-01 13:30:00,Pluie Totale,Pluie Totale,mm,623.6
2025-06-01 13:30:00,Intensité de Pluie,Intensité de Pluie,mm/h,0.0
2025-06-01 13:30:00,Pluie quotidienne,Pluie quotidienne,mm,0.0
2025-06-01 13:00:00,Pluie quotidienne,Pluie quotidienne,mm,0.0
2025-06-01 13:00:00,Intensité de Pluie,Intensité de Pluie,mm/h,0.0
2025-06-01 13:00:00,Pluie Totale,Pluie Totale,mm,623.6
2025-06-01 12:30:00,Pluie quotidienne,Pluie quotidienne,mm,0.0
2025-06-01 12:30:00,Pluie Totale,Pluie Totale,mm,623.6
2025-06-01 12:30:00,Intensité de Pluie,Intensité de Pluie,mm/h,0.0
2025-06-01 12:00:00,Pluie Totale,Pluie Totale,mm,623.6
2025-06-01 12:00:00,Pluie quotidienne,Pluie quotidienne,mm,0.0
2025-06-01 12:00:00,Intensité de Pluie,Intensité de Pluie,mm/h,0.0
2025-06-01 11:30:00,Pluie Totale,Pluie Totale,mm,623.6
2025-06-01 11:30:00,Pluie quotidienne,Pluie quotidienne,mm,0.0
2025-06-01 11:30:00,Intensité de Pluie,Intensité de Pluie,mm/h,0.0
2025-06-01 11:00:00,Pluie Totale,Pluie Totale,mm,623.6
2025-06-01 11:00:00,Intensité de Pluie,Intensité de Pluie,mm/h,0.0
2025-06-01 11:00:00,Pluie quotidienne,Pluie quotidienne,mm,0.0
2025-06-01 10:30:00,Pluie Totale,Pluie Totale,mm,623.6
2025-06-01 10:30:00,Pluie quotidienne,Pluie quotidienne,mm,0.0
2025-06-01 10:30:00,Intensité de Pluie,Intensité de Pluie,mm/h,0.0
2025-06-01 10:00:00,Pluie quotidienne,Pluie quotidienne,mm,0.0
2025-06-01 10:00:00,Pluie Totale,Pluie Totale,mm,623.6
2025-06-01 10:00:00,Intensité de Pluie,Intensité de Pluie,mm/h,0.0
2025-06-01 09:30:00,Intensité de Pluie,Intensité de Pluie,mm/h,0.0
2025-06-01 09:30:00,Pluie Totale,Pluie Totale,mm,623.6
2025-06-01 09:30:00,Pluie quotidienne,Pluie quotidienne,mm,0.0
2025-06-01 09:00:00,Intensité de Pluie,Intensité de Pluie,mm/h,0.0
2025-06-01 09:00:00,Pluie Totale,Pluie Totale,mm,623.6
2025-06-01 09:00:00,Pluie quotidienne,Pluie quotidienne,mm,0.0
2025-06-01 08:30:00,Pluie quotidienne,Pluie quotidienne,mm,0.0
2025-06-01 08:30:00,Pluie Totale,Pluie Totale,mm,623.6
2025-06-01 08:30:00,Intensité de Pluie,Intensité de Pluie,mm/h,0.0
2025-06-01 08:00:00,Intensité de Pluie,Intensité de Pluie,mm/h,0.0
2025-06-01 08:00:00,Pluie Totale,Pluie Totale,mm,623.6
2025-06-01 08:00:00,Pluie quotidienne,Pluie quotidienne,mm,0.0
2025-06-01 07:30:00,Pluie Totale,Pluie Totale,mm,623.6
2025-06-01 07:30:00,Intensité de Pluie,Intensité de Pluie,mm/h,0.0
2025-06-01 07:30:00,Pluie quotidienne,Pluie quotidienne,mm,0.0
2025-06-01 07:00:00,Pluie quotidienne,Pluie quotidienne,mm,0.0
2025-06-01 07:00:00,Intensité de Pluie,Intensité de Pluie,mm/h,0.0
2025-06-01 07:00:00,Pluie Totale,Pluie Totale,mm,623.6
2025-06-01 06:30:00,Pluie quotidienne,Pluie quotidienne,mm,0.0
2025-06-01 06:30:00,Pluie Totale,Pluie Totale,mm,623.6
2025-06-01 06:30:00,Intensité de Pluie,Intensité de Pluie,mm/h,0.0
2025-06-01 05:30:00,Pluie quotidienne,Pluie quotidienne,mm,0.0
2025-06-01 05:30:00,Pluie Totale,Pluie Totale,mm,623.6
2025-06-01 05:30:00,Intensité de Pluie,Intensité de Pluie,mm/h,0.0
2025-06-01 05:00:00,Pluie quotidienne,Pluie quotidienne,mm,0.0
2025-06-01 05:00:00,Pluie Totale,Pluie Totale,mm,623.6
2025-06-01 05:00:00,Intensité de Pluie,Intensité de Pluie,mm/h,0.0
2025-06-01 04:30:00,Pluie Totale,Pluie Totale,mm,623.6
2025-06-01 04:30:00,Intensité de Pluie,Intensité de Pluie,mm/h,0.0
2025-06-01 04:30:00,Pluie quotidienne,Pluie quotidienne,mm,0.0
2025-05-31 06:30:00,Pluie Totale,Pluie Totale,mm,623.6
2025-05-31 06:30:00,Pluie quotidienne,Pluie quotidienne,mm,0.0
2025-05-31 06:30:00,Intensité de Pluie,Intensité de Pluie,mm/h,0.0
2025-05-31 06:00:00,Pluie Totale,Pluie Totale,mm,623.6
2025-05-31 06:00:00,Intensité de Pluie,Intensité de Pluie,mm/h,0.0
2025-05-31 06:00:00,Pluie quotidienne,Pluie quotidienne,mm,0.0
2025-05-31 05:30:00,Pluie Totale,Pluie Totale,mm,623.6
2025-05-31 05:30:00,Intensité de Pluie,Intensité de Pluie,mm/h,0.0
2025-05-31 05:30:00,Pluie quotidienne,Pluie quotidienne,mm,0.0
2025-05-31 05:00:00,Intensité de Pluie,Intensité de Pluie,mm/h,0.0
2025-05-31 05:00:00,Pluie Totale,Pluie Totale,mm,623.6
2025-05-31 05:00:00,Pluie quotidienne,Pluie quotidienne,mm,0.0
2025-05-31 04:30:00,Intensité de Pluie,Intensité de Pluie,mm/h,0.0
2025-05-31 04:30:00,Pluie quotidienne,Pluie quotidienne,mm,0.0
2025-05-31 04:30:00,Pluie Totale,Pluie Totale,mm,623.6
2025-05-30 11:30:00,Pluie quotidienne,Pluie quotidienne,mm,0.0
2025-05-30 11:30:00,Intensité de Pluie,Intensité de Pluie,mm/h,0.0
2025-05-30 11:30:00,Pluie Totale,Pluie Totale,mm,623.6
2025-05-30 11:00:00,Intensité de Pluie,Intensité de Pluie,mm/h,0.0
2025-05-30 11:00:00,Pluie Totale,Pluie Totale,mm,623.6
2025-05-30 11:00:00,Pluie quotidienne,Pluie quotidienne,mm,0.0
2025-05-30 10:30:00,Pluie Totale,Pluie Totale,mm,623.6
2025-05-30 10:30:00,Pluie quotidienne,Pluie quotidienne,mm,0.0
2025-05-30 10:30:00,Intensité de Pluie,Intensité de Pluie,mm/h,0.0
2025-05-30 09:30:00,Pluie quotidienne,Pluie quotidienne,mm,0.0
2025-05-30 09:30:00,Pluie Totale,Pluie Totale,mm,623.6
2025-05-30 09:30:00,Intensité de Pluie,Intensité de Pluie,mm/h,0.0
2025-05-30 09:00:00,Pluie Totale,Pluie Totale,mm,623.6
2025-05-30 09:00:00,Pluie quotidienne,Pluie quotidienne,mm,0.0
2025-05-30 09:00:00,Intensité de Pluie,Intensité de Pluie,mm/h,0.0
2025-05-30 08:30:00,Pluie quotidienne,Pluie quotidienne,mm,0.0
2025-05-30 08:30:00,Intensité de Pluie,Intensité de Pluie,mm/h,0.0
2025-05-30 08:30:00,Pluie Totale,Pluie Totale,mm,623.6
2025-05-30 08:00:00,Pluie quotidienne,Pluie quotidienne,mm,0.0
2025-05-30 08:00:00,Pluie Totale,Pluie Totale,mm,623.6
2025-05-30 08:00:00,Intensité de Pluie,Intensité de Pluie,mm/h,0.0
2025-05-30 07:30:00,Intensité de Pluie,Intensité de Pluie,mm/h,0.0
2025-05-30 07:30:00,Pluie quotidienne,Pluie quotidienne,mm,0.0
2025-05-30 07:30:00,Pluie Totale,Pluie Totale,mm,623.6
2025-05-30 07:00:00,Intensité de Pluie,Intensité de Pluie,mm/h,0.0
2025-05-30 07:00:00,Pluie quotidienne,Pluie quotidienne,mm,0.0
2025-05-30 07:00:00,Pluie Totale,Pluie Totale,mm,623.6
2025-05-30 06:30:00,Pluie Totale,Pluie Totale,mm,623.6
2025-05-30 06:30:00,Pluie quotidienne,Pluie quotidienne,mm,0.0
2025-05-30 06:30:00,Intensité de Pluie,Intensité de Pluie,mm/h,0.0
2025-05-30 05:30:00,Pluie quotidienne,Pluie quotidienne,mm,0.0
2025-05-30 05:30:00,Pluie Totale,Pluie Totale,mm,623.6
2025-05-30 05:30:00,Intensité de Pluie,Intensité de Pluie,mm/h,0.0
2025-05-30 05:00:00,Pluie quotidienne,Pluie quotidienne,mm,0.0
2025-05-30 05:00:00,Pluie Totale,Pluie Totale,mm,623.6
2025-05-30 05:00:00,Intensité de Pluie,Intensité de Pluie,mm/h,0.0
2025-05-30 04:30:00,Pluie Totale,Pluie Totale,mm,623.6
2025-05-30 04:30:00,Intensité de Pluie,Intensité de Pluie,mm/h,0.0
2025-05-30 04:30:00,Pluie quotidienne,Pluie quotidienne,mm,0.0
2025-05-29 08:30:00,Pluie Totale,Pluie Totale,mm,623.6
2025-05-29 08:30:00,Pluie quotidienne,Pluie quotidienne,mm,0.0
2025-05-29 08:30:00,Intensité de Pluie,Intensité de Pluie,mm/h,0.0
2025-05-29 08:00:00,Pluie Totale,Pluie Totale,mm,623.6
2025-05-29 08:00:00,Intensité de Pluie,Intensité de Pluie,mm/h,0.0
2025-05-29 08:00:00,Pluie quotidienne,Pluie quotidienne,mm,0.0
2025-05-29 07:30:00,Pluie Totale,Pluie Totale,mm,623.6
2025-05-29 07:30:00,Intensité de Pluie,Intensité de Pluie,mm/h,0.0
2025-05-29 07:30:00,Pluie quotidienne,Pluie quotidienne,mm,0.0
2025-05-29 07:00:00,Intensité de Pluie,Intensité de Pluie,mm/h,0.0
2025-05-29 07:00:00,Pluie Totale,Pluie Totale,mm,623.6
2025-05-29 07:00:00,Pluie quotidienne,Pluie quotidienne,mm,0.0
2025-05-29 06:30:00,Intensité de Pluie,Intensité de Pluie,mm/h,0.0
2025-05-29 06:30:00,Pluie quotidienne,Pluie quotidienne,mm,0.0
2025-05-29 06:30:00,Pluie Totale,Pluie Totale,mm,623.6
2025-05-29 06:00:00,Intensité de Pluie,Intensité de Pluie,mm/h,0.0
2025-05-29 06:00:00,Pluie quotidienne,Pluie quotidienne,mm,0.0
2025-05-29 06:00:00,Pluie Totale,Pluie Totale,mm,623.6
2025-05-29 05:30:00,Intensité de Pluie,Intensité de Pluie,mm/h,0.0
2025-05-29 05:30:00,Pluie Totale,Pluie Totale,mm,623.6
2025-05-29 05:30:00,Pluie quotidienne,Pluie quotidienne,mm,0.0
2025-05-29 05:00:00,Pluie quotidienne,Pluie quotidienne,mm,0.0
2025-05-29 05:00:00,Pluie Totale,Pluie Totale,mm,623.6
2025-05-29 05:00:00,Intensité de Pluie,Intensité de Pluie,mm/h,0.0
2025-05-29 04:30:00,Pluie quotidienne,Pluie quotidienne,mm,0.0
2025-05-29 04:30:00,Pluie Totale,Pluie Totale,mm,623.6
2025-05-29 04:30:00,Intensité de Pluie,Intensité de Pluie,mm/h,0.0
2025-05-29 01:30:00,Intensité de Pluie,Intensité de Pluie,mm/h,0.0
2025-05-29 01:30:00,Pluie Totale,Pluie Totale,mm,623.6
2025-05-29 01:30:00,Pluie quotidienne,Pluie quotidienne,mm,0.0
2025-05-29 01:00:00,Pluie Totale,Pluie Totale,mm,623.6
2025-05-29 01:00:00,Pluie quotidienne,Pluie quotidienne,mm,0.0
2025-05-29 01:00:00,Intensité de Pluie,Intensité de Pluie,mm/h,0.0
2025-05-29 00:30:00,Pluie Totale,Pluie Totale,mm,623.6
2025-05-29 00:30:00,Intensité de Pluie,Intensité de Pluie,mm/h,0.0
2025-05-29 00:30:00,Pluie quotidienne,Pluie quotidienne,mm,0.0
2025-05-29 00:00:00,Pluie Totale,Pluie Totale,mm,623.6
2025-05-29 00:00:00,Pluie quotidienne,Pluie quotidienne,mm,0.0
2025-05-29 00:00:00,Intensité de Pluie,Intensité de Pluie,mm/h,0.0
2025-05-28 23:30:00,Pluie quotidienne,Pluie quotidienne,mm,0.0
2025-05-28 23:30:00,Pluie Totale,Pluie Totale,mm,623.6
2025-05-28 23:30:00,Intensité de Pluie,Intensité de Pluie,mm/h,0.0
2025-05-28 23:00:00,Pluie Totale,Pluie Totale,mm,623.6
2025-05-28 23:00:00,Pluie quotidienne,Pluie quotidienne,mm,0.0
2025-05-28 23:00:00,Intensité de Pluie,Intensité de Pluie,mm/h,0.0
2025-05-28 22:30:00,Pluie Totale,Pluie Totale,mm,623.6
2025-05-28 22:30:00,Intensité de Pluie,Intensité de Pluie,mm/h,0.0
2025-05-28 22:30:00,Pluie quotidienne,Pluie quotidienne,mm,0.0
2025-05-28 22:00:00,Intensité de Pluie,Intensité de Pluie,mm/h,0.0
2025-05-28 22:00:00,Pluie Totale,Pluie Totale,mm,623.6
2025-05-28 22:00:00,Pluie quotidienne,Pluie quotidienne,mm,0.0
2025-05-28 21:30:00,Pluie Totale,Pluie Totale,mm,623.6
2025-05-28 21:30:00,Pluie quotidienne,Pluie quotidienne,mm,0.0
2025-05-28 21:30:00,Intensité de Pluie,Intensité de Pluie,mm/h,0.0
2025-05-28 21:00:00,Pluie quotidienne,Pluie quotidienne,mm,0.0
2025-05-28 21:00:00,Pluie Totale,Pluie Totale,mm,623.6
2025-05-28 21:00:00,Intensité de Pluie,Intensité de Pluie,mm/h,0.0
2025-05-28 20:30:00,Pluie quotidienne,Pluie quotidienne,mm,0.0
2025-05-28 20:30:00,Intensité de Pluie,Intensité de Pluie,mm/h,0.0
2025-05-28 20:30:00,Pluie Totale,Pluie Totale,mm,623.6
2025-05-28 20:00:00,Pluie quotidienne,Pluie quotidienne,mm,0.0
2025-05-28 20:00:00,Pluie Totale,Pluie Totale,mm,623.6
2025-05-28 20:00:00,Intensité de Pluie,Intensité de Pluie,mm/h,0.0
2025-05-28 19:30:00,Intensité de Pluie,Intensité de Pluie,mm/h,0.0
2025-05-28 19:30:00,Pluie Totale,Pluie Totale,mm,623.6
2025-05-28 19:30:00,Pluie quotidienne,Pluie quotidienne,mm,0.0
2025-05-28 19:00:00,Intensité de Pluie,Intensité de Pluie,mm/h,0.0
2025-05-28 19:00:00,Pluie quotidienne,Pluie quotidienne,mm,0.0
2025-05-28 19:00:00,Pluie Totale,Pluie Totale,mm,623.6
2025-05-28 18:30:00,Intensité de Pluie,Intensité de Pluie,mm/h,0.0
2025-05-28 18:30:00,Pluie Totale,Pluie Totale,mm,623.6
2025-05-28 18:30:00,Pluie quotidienne,Pluie quotidienne,mm,0.0
2025-05-28 18:00:00,Pluie quotidienne,Pluie quotidienne,mm,0.0
2025-05-28 18:00:00,Pluie Totale,Pluie Totale,mm,623.6
2025-05-28 18:00:00,Intensité de Pluie,Intensité de Pluie,mm/h,0.0
2025-05-28 17:30:00,Pluie Totale,Pluie Totale,mm,623.6
2025-05-28 17:30:00,Intensité de Pluie,Intensité de Pluie,mm/h,0.0
2025-05-28 17:30:00,Pluie quotidienne,Pluie quotidienne,mm,0.0
2025-05-28 17:00:00,Pluie Totale,Pluie Totale,mm,623.6
2025-05-28 17:00:00,Pluie quotidienne,Pluie quotidienne,mm,0.0
2025-05-28 17:00:00,Intensité de Pluie,Intensité de Pluie,mm/h,0.0
2025-05-28 16:30:00,Intensité de Pluie,Intensité de Pluie,mm/h,0.0
2025-05-28 16:30:00,Pluie quotidienne,Pluie quotidienne,mm,0.0
2025-05-28 16:30:00,Pluie Totale,Pluie Totale,mm,623.6
2025-05-28 16:00:00,Pluie quotidienne,Pluie quotidienne,mm,0.0
2025-05-28 16:00:00,Pluie Totale,Pluie Totale,mm,623.6
2025-05-28 16:00:00,Intensité de Pluie,Intensité de Pluie,mm/h,0.0
2025-05-28 15:30:00,Pluie quotidienne,Pluie quotidienne,mm,0.0
2025-05-28 15:30:00,Pluie Totale,Pluie Totale,mm,623.6
2025-05-28 15:30:00,Intensité de Pluie,Intensité de Pluie,mm/h,0.0
2025-05-28 15:00:00,Pluie quotidienne,Pluie quotidienne,mm,0.0
2025-05-28 15:00:00,Pluie Totale,Pluie Totale,mm,623.6
2025-05-28 15:00:00,Intensité de Pluie,Intensité de Pluie,mm/h,0.0
2025-05-28 14:30:00,Pluie Totale,Pluie Totale,mm,623.6
2025-05-28 14:30:00,Intensité de Pluie,Intensité de Pluie,mm/h,0.0
2025-05-28 14:30:00,Pluie quotidienne,Pluie quotidienne,mm,0.0
2025-05-28 14:00:00,Intensité de Pluie,Intensité de Pluie,mm/h,0.0
2025-05-28 14:00:00,Pluie Totale,Pluie Totale,mm,623.6
2025-05-28 14:00:00,Pluie quotidienne,Pluie quotidienne,mm,0.0
2025-05-28 13:30:00,Pluie Totale,Pluie Totale,mm,623.6
2025-05-28 13:30:00,Intensité de Pluie,Intensité de Pluie,mm/h,0.0
2025-05-28 13:30:00,Pluie quotidienne,Pluie quotidienne,mm,0.0
2025-05-28 13:00:00,Intensité de Pluie,Intensité de Pluie,mm/h,0.0
2025-05-28 13:00:00,Pluie Totale,Pluie Totale,mm,623.6
2025-05-28 13:00:00,Pluie quotidienne,Pluie quotidienne,mm,0.0
2025-05-28 12:30:00,Pluie quotidienne,Pluie quotidienne,mm,0.0
2025-05-28 12:30:00,Intensité de Pluie,Intensité de Pluie,mm/h,0.0
2025-05-28 12:30:00,Pluie Totale,Pluie Totale,mm,623.6
2025-05-28 12:00:00,Pluie quotidienne,Pluie quotidienne,mm,0.0
2025-05-28 12:00:00,Pluie Totale,Pluie Totale,mm,623.6
2025-05-28 12:00:00,Intensité de Pluie,Intensité de Pluie,mm/h,0.0
2025-05-28 11:30:00,Intensité de Pluie,Intensité de Pluie,mm/h,0.0
2025-05-28 11:30:00,Pluie Totale,Pluie Totale,mm,623.6
2025-05-28 11:30:00,Pluie quotidienne,Pluie quotidienne,mm,0.0
2025-05-28 11:00:00,Pluie quotidienne,Pluie quotidienne,mm,0.0
2025-05-28 11:00:00,Pluie Totale,Pluie Totale,mm,623.6
2025-05-28 11:00:00,Intensité de Pluie,Intensité de Pluie,mm/h,0.0
2025-05-28 10:30:00,Pluie quotidienne,Pluie quotidienne,mm,0.0
2025-05-28 10:30:00,Pluie Totale,Pluie Totale,mm,623.6
2025-05-28 10:30:00,Intensité de Pluie,Intensité de Pluie,mm/h,0.0
2025-05-28 09:30:00,Pluie quotidienne,Pluie quotidienne,mm,0.0
2025-05-28 09:30:00,Pluie Totale,Pluie Totale,mm,623.6
2025-05-28 09:30:00,Intensité de Pluie,Intensité de Pluie,mm/h,0.0
2025-05-28 09:00:00,Pluie quotidienne,Pluie quotidienne,mm,0.0
2025-05-28 09:00:00,Pluie Totale,Pluie Totale,mm,623.6
2025-05-28 09:00:00,Intensité de Pluie,Intensité de Pluie,mm/h,0.0
2025-05-28 08:30:00,Pluie Totale,Pluie Totale,mm,623.6
2025-05-28 08:30:00,Intensité de Pluie,Intensité de Pluie,mm/h,0.0
2025-05-28 08:30:00,Pluie quotidienne,Pluie quotidienne,mm,0.0
2025-05-28 08:00:00,Intensité de Pluie,Intensité de Pluie,mm/h,0.0
2025-05-28 08:00:00,Pluie Totale,Pluie Totale,mm,623.6
2025-05-28 08:00:00,Pluie quotidienne,Pluie quotidienne,mm,0.0
2025-05-28 07:30:00,Pluie Totale,Pluie Totale,mm,623.6
2025-05-28 07:30:00,Pluie quotidienne,Pluie quotidienne,mm,0.0
2025-05-28 07:30:00,Intensité de Pluie,Intensité de Pluie,mm/h,0.0
2025-05-28 07:00:00,Pluie quotidienne,Pluie quotidienne,mm,0.0
2025-05-28 07:00:00,Pluie Totale,Pluie Totale,mm,623.6
2025-05-28 07:00:00,Intensité de Pluie,Intensité de Pluie,mm/h,0.0
2025-05-28 06:30:00,Pluie quotidienne,Pluie quotidienne,mm,0.0
2025-05-28 06:30:00,Intensité de Pluie,Intensité de Pluie,mm/h,0.0
2025-05-28 06:30:00,Pluie Totale,Pluie Totale,mm,623.6
2025-05-28 06:00:00,Pluie quotidienne,Pluie quotidienne,mm,0.0
2025-05-28 06:00:00,Pluie Totale,Pluie Totale,mm,623.6
2025-05-28 06:00:00,Intensité de Pluie,Intensité de Pluie,mm/h,0.0
2025-05-28 05:30:00,Intensité de Pluie,Intensité de Pluie,mm/h,0.0
2025-05-28 05:30:00,Pluie quotidienne,Pluie quotidienne,mm,0.0
2025-05-28 05:30:00,Pluie Totale,Pluie Totale,mm,623.6
2025-05-28 05:00:00,Intensité de Pluie,Intensité de Pluie,mm/h,0.0
2025-05-28 05:00:00,Pluie quotidienne,Pluie quotidienne,mm,0.0
2025-05-28 05:00:00,Pluie Totale,Pluie Totale,mm,623.6
2025-05-28 04:30:00,Pluie Totale,Pluie Totale,mm,623.6
2025-05-28 04:30:00,Pluie quotidienne,Pluie quotidienne,mm,0.0
2025-05-28 04:30:00,Intensité de Pluie,Intensité de Pluie,mm/h,0.0
2025-05-28 00:30:00,Pluie quotidienne,Pluie quotidienne,mm,0.0
2025-05-28 00:30:00,Pluie Totale,Pluie Totale,mm,623.6
2025-05-28 00:30:00,Intensité de Pluie,Intensité de Pluie,mm/h,0.0
2025-05-28 00:00:00,Intensité de Pluie,Intensité de Pluie,mm/h,0.0
2025-05-28 00:00:00,Pluie Totale,Pluie Totale,mm,623.6
2025-05-28 00:00:00,Pluie quotidienne,Pluie quotidienne,mm,0.0
2025-05-27 23:00:00,Pluie quotidienne,Pluie quotidienne,mm,0.0
2025-05-27 23:00:00,Pluie Totale,Pluie Totale,mm,623.6
2025-05-27 23:00:00,Intensité de Pluie,Intensité de Pluie,mm/h,0.0
2025-05-27 22:30:00,Pluie Totale,Pluie Totale,mm,623.6
2025-05-27 22:30:00,Pluie quotidienne,Pluie quotidienne,mm,0.0
2025-05-27 22:30:00,Intensité de Pluie,Intensité de Pluie,mm/h,0.0
2025-05-27 22:00:00,Pluie Totale,Pluie Totale,mm,623.6
2025-05-27 22:00:00,Intensité de Pluie,Intensité de Pluie,mm/h,0.0
2025-05-27 22:00:00,Pluie quotidienne,Pluie quotidienne,mm,0.0
2025-05-27 21:30:00,Intensité de Pluie,Intensité de Pluie,mm/h,0.0
2025-05-27 21:30:00,Pluie Totale,Pluie Totale,mm,623.6
2025-05-27 21:30:00,Pluie quotidienne,Pluie quotidienne,mm,0.0
2025-05-27 21:00:00,Pluie quotidienne,Pluie quotidienne,mm,0.0
2025-05-27 21:00:00,Pluie Totale,Pluie Totale,mm,623.6
2025-05-27 21:00:00,Intensité de Pluie,Intensité de Pluie,mm/h,0.0
2025-05-27 20:30:00,Intensité de Pluie,Intensité de Pluie,mm/h,0.0
2025-05-27 20:30:00,Pluie Totale,Pluie Totale,mm,623.6
2025-05-27 20:30:00,Pluie quotidienne,Pluie quotidienne,mm,0.0
2025-05-27 20:00:00,Intensité de Pluie,Intensité de Pluie,mm/h,0.0
2025-05-27 20:00:00,Pluie quotidienne,Pluie quotidienne,mm,0.0
2025-05-27 20:00:00,Pluie Totale,Pluie Totale,mm,623.6
2025-05-27 19:30:00,Intensité de Pluie,Intensité de Pluie,mm/h,0.0
2025-05-27 19:30:00,Pluie Totale,Pluie Totale,mm,623.6
2025-05-27 19:30:00,Pluie quotidienne,Pluie quotidienne,mm,0.0
2025-05-27 19:00:00,Pluie quotidienne,Pluie quotidienne,mm,0.0
2025-05-27 19:00:00,Pluie Totale,Pluie Totale,mm,623.6
2025-05-27 19:00:00,Intensité de Pluie,Intensité de Pluie,mm/h,0.0
2025-05-27 18:30:00,Pluie quotidienne,Pluie quotidienne,mm,0.0
2025-05-27 18:30:00,Pluie Totale,Pluie Totale,mm,623.6
2025-05-27 18:30:00,Intensité de Pluie,Intensité de Pluie,mm/h,0.0
2025-05-27 17:30:00,Intensité de Pluie,Intensité de Pluie,mm/h,0.0
2025-05-27 17:30:00,Pluie Totale,Pluie Totale,mm,623.6
2025-05-27 17:30:00,Pluie quotidienne,Pluie quotidienne,mm,0.0
2025-05-27 17:00:00,Pluie Totale,Pluie Totale,mm,623.6
2025-05-27 17:00:00,Pluie quotidienne,Pluie quotidienne,mm,0.0
2025-05-27 17:00:00,Intensité de Pluie,Intensité de Pluie,mm/h,0.0
2025-05-27 16:30:00,Pluie Totale,Pluie Totale,mm,623.6
2025-05-27 16:30:00,Intensité de Pluie,Intensité de Pluie,mm/h,0.0
2025-05-27 16:30:00,Pluie quotidienne,Pluie quotidienne,mm,0.0
2025-05-27 15:30:00,Intensité de Pluie,Intensité de Pluie,mm/h,0.0
2025-05-27 15:30:00,Pluie Totale,Pluie Totale,mm,623.6
2025-05-27 15:30:00,Pluie quotidienne,Pluie quotidienne,mm,0.0
2025-05-27 15:00:00,Pluie quotidienne,Pluie quotidienne,mm,0.0
2025-05-27 15:00:00,Pluie Totale,Pluie Totale,mm,623.6
2025-05-27 15:00:00,Intensité de Pluie,Intensité de Pluie,mm/h,0.0
2025-05-27 14:30:00,Pluie quotidienne,Pluie quotidienne,mm,0.0
2025-05-27 14:30:00,Pluie Totale,Pluie Totale,mm,623.6
2025-05-27 14:30:00,Intensité de Pluie,Intensité de Pluie,mm/h,0.0
2025-05-27 14:00:00,Pluie quotidienne,Pluie quotidienne,mm,0.0
2025-05-27 14:00:00,Pluie Totale,Pluie Totale,mm,623.6
2025-05-27 14:00:00,Intensité de Pluie,Intensité de Pluie,mm/h,0.0
2025-05-27 13:30:00,Pluie quotidienne,Pluie quotidienne,mm,0.0
2025-05-27 13:30:00,Intensité de Pluie,Intensité de Pluie,mm/h,0.0
2025-05-27 13:30:00,Pluie Totale,Pluie Totale,mm,623.6
2025-05-27 13:00:00,Pluie Totale,Pluie Totale,mm,623.6
2025-05-27 13:00:00,Intensité de Pluie,Intensité de Pluie,mm/h,0.0
2025-05-27 13:00:00,Pluie quotidienne,Pluie quotidienne,mm,0.0
2025-05-27 12:30:00,Pluie quotidienne,Pluie quotidienne,mm,0.0
2025-05-27 12:30:00,Intensité de Pluie,Intensité de Pluie,mm/h,0.0
2025-05-27 12:30:00,Pluie Totale,Pluie Totale,mm,623.6
2025-05-27 11:30:00,Pluie Totale,Pluie Totale,mm,623.6
2025-05-27 11:30:00,Pluie quotidienne,Pluie quotidienne,mm,0.0
2025-05-27 11:30:00,Intensité de Pluie,Intensité de Pluie,mm/h,0.0
2025-05-27 11:00:00,Pluie quotidienne,Pluie quotidienne,mm,0.0
2025-05-27 11:00:00,Pluie Totale,Pluie Totale,mm,623.6
2025-05-27 11:00:00,Intensité de Pluie,Intensité de Pluie,mm/h,0.0
2025-05-27 10:00:00,Pluie Totale,Pluie Totale,mm,623.6
2025-05-27 10:00:00,Intensité de Pluie,Intensité de Pluie,mm/h,0.0
2025-05-27 10:00:00,Pluie quotidienne,Pluie quotidienne,mm,0.0
2025-05-27 09:30:00,Pluie Totale,Pluie Totale,mm,623.6
2025-05-27 09:30:00,Intensité de Pluie,Intensité de Pluie,mm/h,0.0
2025-05-27 09:30:00,Pluie quotidienne,Pluie quotidienne,mm,0.0
2025-05-27 09:00:00,Pluie quotidienne,Pluie quotidienne,mm,0.0
2025-05-27 09:00:00,Pluie Totale,Pluie Totale,mm,623.6
2025-05-27 09:00:00,Intensité de Pluie,Intensité de Pluie,mm/h,0.0
2025-05-27 08:30:00,Pluie Totale,Pluie Totale,mm,623.6
2025-05-27 08:30:00,Intensité de Pluie,Intensité de Pluie,mm/h,0.0
2025-05-27 08:30:00,Pluie quotidienne,Pluie quotidienne,mm,0.0
2025-05-27 08:00:00,Pluie Totale,Pluie Totale,mm,623.6
2025-05-27 08:00:00,Pluie quotidienne,Pluie quotidienne,mm,0.0
2025-05-27 08:00:00,Intensité de Pluie,Intensité de Pluie,mm/h,0.0
2025-05-27 07:30:00,Intensité de Pluie,Intensité de Pluie,mm/h,0.0
2025-05-27 07:30:00,Pluie Totale,Pluie Totale,mm,623.6
2025-05-27 07:30:00,Pluie quotidienne,Pluie quotidienne,mm,0.0
2025-05-27 07:00:00,Pluie Totale,Pluie Totale,mm,623.6
2025-05-27 07:00:00,Pluie quotidienne,Pluie quotidienne,mm,0.0
2025-05-27 07:00:00,Intensité de Pluie,Intensité de Pluie,mm/h,0.0
2025-05-27 06:30:00,Pluie quotidienne,Pluie quotidienne,mm,0.0
2025-05-27 06:30:00,Pluie Totale,Pluie Totale,mm,623.6
2025-05-27 06:30:00,Intensité de Pluie,Intensité de Pluie,mm/h,0.0
2025-05-27 06:00:00,Pluie Totale,Pluie Totale,mm,623.6
2025-05-27 06:00:00,Pluie quotidienne,Pluie quotidienne,mm,0.0
2025-05-27 06:00:00,Intensité de Pluie,Intensité de Pluie,mm/h,0.0
2025-05-27 05:30:00,Intensité de Pluie,Intensité de Pluie,mm/h,0.0
2025-05-27 05:30:00,Pluie quotidienne,Pluie quotidienne,mm,0.0
2025-05-27 05:30:00,Pluie Totale,Pluie Totale,mm,623.6
2025-05-27 05:00:00,Intensité de Pluie,Intensité de Pluie,mm/h,0.0
2025-05-27 05:00:00,Pluie quotidienne,Pluie quotidienne,mm,0.0
2025-05-27 05:00:00,Pluie Totale,Pluie Totale,mm,623.6
2025-05-27 04:30:00,Pluie Totale,Pluie Totale,mm,623.6
2025-05-27 04:30:00,Pluie quotidienne,Pluie quotidienne,mm,0.0
2025-05-27 04:30:00,Intensité de Pluie,Intensité de Pluie,mm/h,0.0
2025-05-27 04:00:00,Intensité de Pluie,Intensité de Pluie,mm/h,0.0
2025-05-27 04:00:00,Pluie Totale,Pluie Totale,mm,623.6
2025-05-27 04:00:00,Pluie quotidienne,Pluie quotidienne,mm,0.0
2025-05-27 03:30:00,Pluie Totale,Pluie Totale,mm,623.6
2025-05-27 03:30:00,Intensité de Pluie,Intensité de Pluie,mm/h,0.0
2025-05-27 03:30:00,Pluie quotidienne,Pluie quotidienne,mm,0.0
2025-05-27 03:00:00,Intensité de Pluie,Intensité de Pluie,mm/h,0.0
2025-05-27 03:00:00,Pluie Totale,Pluie Totale,mm,623.6
2025-05-27 03:00:00,Pluie quotidienne,Pluie quotidienne,mm,0.0
2025-05-27 02:30:00,Pluie quotidienne,Pluie quotidienne,mm,0.0
2025-05-27 02:30:00,Intensité de Pluie,Intensité de Pluie,mm/h,0.0
2025-05-27 02:30:00,Pluie Totale,Pluie Totale,mm,623.6
2025-05-27 02:00:00,Pluie Totale,Pluie Totale,mm,623.6
2025-05-27 02:00:00,Pluie quotidienne,Pluie quotidienne,mm,0.0
2025-05-27 02:00:00,Intensité de Pluie,Intensité de Pluie,mm/h,0.0
2025-05-27 01:30:00,Intensité de Pluie,Intensité de Pluie,mm/h,0.0
2025-05-27 01:30:00,Pluie quotidienne,Pluie quotidienne,mm,0.0
2025-05-27 01:30:00,Pluie Totale,Pluie Totale,mm,623.6
2025-05-27 01:00:00,Intensité de Pluie,Intensité de Pluie,mm/h,0.0
2025-05-27 01:00:00,Pluie quotidienne,Pluie quotidienne,mm,0.0
2025-05-27 01:00:00,Pluie Totale,Pluie Totale,mm,623.6
2025-05-27 00:30:00,Intensité de Pluie,Intensité de Pluie,mm/h,0.0
2025-05-27 00:30:00,Pluie quotidienne,Pluie quotidienne,mm,0.0
2025-05-27 00:30:00,Pluie Totale,Pluie Totale,mm,623.6
2025-05-27 00:00:00,Intensité de Pluie,Intensité de Pluie,mm/h,0.0
2025-05-27 00:00:00,Pluie Totale,Pluie Totale,mm,623.6
2025-05-27 00:00:00,Pluie quotidienne,Pluie quotidienne,mm,0.0
2025-05-26 23:30:00,Pluie Totale,Pluie Totale,mm,623.6
2025-05-26 23:30:00,Pluie quotidienne,Pluie quotidienne,mm,0.0
2025-05-26 23:30:00,Intensité de Pluie,Intensité de Pluie,mm/h,0.0
2025-05-26 23:00:00,Pluie quotidienne,Pluie quotidienne,mm,0.0
2025-05-26 23:00:00,Pluie Totale,Pluie Totale,mm,623.6
2025-05-26 23:00:00,Intensité de Pluie,Intensité de Pluie,mm/h,0.0
2025-05-26 22:30:00,Pluie quotidienne,Pluie quotidienne,mm,0.0
2025-05-26 22:30:00,Intensité de Pluie,Intensité de Pluie,mm/h,0.0
2025-05-26 22:30:00,Pluie Totale,Pluie Totale,mm,623.6
2025-05-26 22:00:00,Intensité de Pluie,Intensité de Pluie,mm/h,0.0
2025-05-26 22:00:00,Pluie Totale,Pluie Totale,mm,623.6
2025-05-26 22:00:00,Pluie quotidienne,Pluie quotidienne,mm,0.0
2025-05-26 21:30:00,Pluie Totale,Pluie Totale,mm,623.6
2025-05-26 21:30:00,Pluie quotidienne,Pluie quotidienne,mm,0.0
2025-05-26 21:30:00,Intensité de Pluie,Intensité de Pluie,mm/h,0.0
2025-05-26 21:00:00,Pluie Totale,Pluie Totale,mm,623.6
2025-05-26 21:00:00,Pluie quotidienne,Pluie quotidienne,mm,0.0
2025-05-26 21:00:00,Intensité de Pluie,Intensité de Pluie,mm/h,0.0
2025-05-26 20:30:00,Pluie quotidienne,Pluie quotidienne,mm,0.0
2025-05-26 20:30:00,Intensité de Pluie,Intensité de Pluie,mm/h,0.0
2025-05-26 20:30:00,Pluie Totale,Pluie Totale,mm,623.6
2025-05-26 20:00:00,Intensité de Pluie,Intensité de Pluie,mm/h,0.0
2025-05-26 20:00:00,Pluie Totale,Pluie Totale,mm,623.6
2025-05-26 20:00:00,Pluie quotidienne,Pluie quotidienne,mm,0.0
2025-05-26 19:30:00,Pluie Totale,Pluie Totale,mm,623.6
2025-05-26 19:30:00,Intensité de Pluie,Intensité de Pluie,mm/h,0.0
2025-05-26 19:30:00,Pluie quotidienne,Pluie quotidienne,mm,0.0
2025-05-26 19:00:00,Pluie quotidienne,Pluie quotidienne,mm,0.0
2025-05-26 19:00:00,Pluie Totale,Pluie Totale,mm,623.6
2025-05-26 19:00:00,Intensité de Pluie,Intensité de Pluie,mm/h,0.0
2025-05-26 18:30:00,Intensité de Pluie,Intensité de Pluie,mm/h,0.0
2025-05-26 18:30:00,Pluie Totale,Pluie Totale,mm,623.6
2025-05-26 18:30:00,Pluie quotidienne,Pluie quotidienne,mm,0.0
2025-05-26 18:00:00,Intensité de Pluie,Intensité de Pluie,mm/h,0.0
2025-05-26 18:00:00,Pluie quotidienne,Pluie quotidienne,mm,0.0
2025-05-26 18:00:00,Pluie Totale,Pluie Totale,mm,623.6
2025-05-26 17:30:00,Pluie quotidienne,Pluie quotidienne,mm,0.0
2025-05-26 17:30:00,Pluie Totale,Pluie Totale,mm,623.6
2025-05-26 17:30:00,Intensité de Pluie,Intensité de Pluie,mm/h,0.0
2025-05-26 17:00:00,Pluie Totale,Pluie Totale,mm,623.6
2025-05-26 17:00:00,Pluie quotidienne,Pluie quotidienne,mm,0.0
2025-05-26 17:00:00,Intensité de Pluie,Intensité de Pluie,mm/h,0.0
2025-05-26 16:30:00,Pluie quotidienne,Pluie quotidienne,mm,0.0
2025-05-26 16:30:00,Intensité de Pluie,Intensité de Pluie,mm/h,0.0
2025-05-26 16:30:00,Pluie Totale,Pluie Totale,mm,623.6
2025-05-26 16:00:00,Pluie quotidienne,Pluie quotidienne,mm,0.0
2025-05-26 16:00:00,Intensité de Pluie,Intensité de Pluie,mm/h,0.0
2025-05-26 16:00:00,Pluie Totale,Pluie Totale,mm,623.6
2025-05-26 15:30:00,Pluie quotidienne,Pluie quotidienne,mm,0.0
2025-05-26 15:30:00,Pluie Totale,Pluie Totale,mm,623.6
2025-05-26 15:30:00,Intensité de Pluie,Intensité de Pluie,mm/h,0.0
2025-05-26 15:00:00,Pluie Totale,Pluie Totale,mm,623.6
2025-05-26 15:00:00,Intensité de Pluie,Intensité de Pluie,mm/h,0.0
2025-05-26 15:00:00,Pluie quotidienne,Pluie quotidienne,mm,0.0
2025-05-26 14:30:00,Pluie Totale,Pluie Totale,mm,623.6
2025-05-26 14:30:00,Pluie quotidienne,Pluie quotidienne,mm,0.0
2025-05-26 14:30:00,Intensité de Pluie,Intensité de Pluie,mm/h,0.0
2025-05-26 14:00:00,Pluie quotidienne,Pluie quotidienne,mm,0.0
2025-05-26 14:00:00,Intensité de Pluie,Intensité de Pluie,mm/h,0.0
2025-05-26 14:00:00,Pluie Totale,Pluie Totale,mm,623.6
2025-05-26 13:30:00,Pluie quotidienne,Pluie quotidienne,mm,0.0
2025-05-26 13:30:00,Pluie Totale,Pluie Totale,mm,623.6
2025-05-26 13:30:00,Intensité de Pluie,Intensité de Pluie,mm/h,0.0
2025-05-26 13:00:00,Pluie Totale,Pluie Totale,mm,623.6
2025-05-26 13:00:00,Intensité de Pluie,Intensité de Pluie,mm/h,0.0
2025-05-26 13:00:00,Pluie quotidienne,Pluie quotidienne,mm,0.0
2025-05-26 12:30:00,Pluie Totale,Pluie Totale,mm,623.6
2025-05-26 12:30:00,Pluie quotidienne,Pluie quotidienne,mm,0.0
2025-05-26 12:30:00,Intensité de Pluie,Intensité de Pluie,mm/h,0.0
2025-05-26 12:00:00,Intensité de Pluie,Intensité de Pluie,mm/h,0.0
2025-05-26 12:00:00,Pluie Totale,Pluie Totale,mm,623.6
2025-05-26 12:00:00,Pluie quotidienne,Pluie quotidienne,mm,0.0
2025-05-26 11:30:00,Pluie quotidienne,Pluie quotidienne,mm,0.0
2025-05-26 11:30:00,Pluie Totale,Pluie Totale,mm,623.6
2025-05-26 11:30:00,Intensité de Pluie,Intensité de Pluie,mm/h,0.0
2025-05-26 11:00:00,Pluie quotidienne,Pluie quotidienne,mm,0.0
2025-05-26 11:00:00,Pluie Totale,Pluie Totale,mm,623.6
2025-05-26 11:00:00,Intensité de Pluie,Intensité de Pluie,mm/h,0.0
2025-05-26 10:30:00,Pluie Totale,Pluie Totale,mm,623.6
2025-05-26 10:30:00,Intensité de Pluie,Intensité de Pluie,mm/h,0.0
2025-05-26 10:30:00,Pluie quotidienne,Pluie quotidienne,mm,0.0
2025-05-26 10:00:00,Pluie quotidienne,Pluie quotidienne,mm,0.0
2025-05-26 10:00:00,Intensité de Pluie,Intensité de Pluie,mm/h,0.0
2025-05-26 10:00:00,Pluie Totale,Pluie Totale,mm,623.6
2025-05-26 09:30:00,Intensité de Pluie,Intensité de Pluie,mm/h,0.0
2025-05-26 09:30:00,Pluie Totale,Pluie Totale,mm,623.6
2025-05-26 09:30:00,Pluie quotidienne,Pluie quotidienne,mm,0.0
2025-05-26 09:00:00,Intensité de Pluie,Intensité de Pluie,mm/h,0.0
2025-05-26 09:00:00,Pluie quotidienne,Pluie quotidienne,mm,0.0
2025-05-26 09:00:00,Pluie Totale,Pluie Totale,mm,623.6
2025-05-26 08:30:00,Pluie Totale,Pluie Totale,mm,623.6
2025-05-26 08:30:00,Pluie quotidienne,Pluie quotidienne,mm,0.0
2025-05-26 08:30:00,Intensité de Pluie,Intensité de Pluie,mm/h,0.0
2025-05-26 08:00:00,Pluie Totale,Pluie Totale,mm,623.6
2025-05-26 08:00:00,Intensité de Pluie,Intensité de Pluie,mm/h,0.0
2025-05-26 08:00:00,Pluie quotidienne,Pluie quotidienne,mm,0.0
2025-05-26 07:30:00,Intensité de Pluie,Intensité de Pluie,mm/h,0.0
2025-05-26 07:30:00,Pluie quotidienne,Pluie quotidienne,mm,0.0
2025-05-26 07:30:00,Pluie Totale,Pluie Totale,mm,623.6
2025-05-26 07:00:00,Pluie Totale,Pluie Totale,mm,623.6
2025-05-26 07:00:00,Pluie quotidienne,Pluie quotidienne,mm,0.0
2025-05-26 07:00:00,Intensité de Pluie,Intensité de Pluie,mm/h,0.0
2025-05-26 06:30:00,Pluie Totale,Pluie Totale,mm,623.6
2025-05-26 06:30:00,Intensité de Pluie,Intensité de Pluie,mm/h,0.0
2025-05-26 06:30:00,Pluie quotidienne,Pluie quotidienne,mm,0.0
2025-05-26 06:00:00,Pluie quotidienne,Pluie quotidienne,mm,0.0
2025-05-26 06:00:00,Pluie Totale,Pluie Totale,mm,623.6
2025-05-26 06:00:00,Intensité de Pluie,Intensité de Pluie,mm/h,0.0
2025-05-26 05:30:00,Pluie Totale,Pluie Totale,mm,623.6
2025-05-26 05:30:00,Intensité de Pluie,Intensité de Pluie,mm/h,0.0
2025-05-26 05:30:00,Pluie quotidienne,Pluie quotidienne,mm,0.0
2025-05-26 05:00:00,Pluie quotidienne,Pluie quotidienne,mm,0.0
2025-05-26 05:00:00,Intensité de Pluie,Intensité de Pluie,mm/h,0.0
2025-05-26 05:00:00,Pluie Totale,Pluie Totale,mm,623.6
2025-05-26 04:30:00,Intensité de Pluie,Intensité de Pluie,mm/h,0.0
2025-05-26 04:30:00,Pluie Totale,Pluie Totale,mm,623.6
2025-05-26 04:30:00,Pluie quotidienne,Pluie quotidienne,mm,0.0
2025-05-26 04:00:00,Intensité de Pluie,Intensité de Pluie,mm/h,0.0
2025-05-26 04:00:00,Pluie Totale,Pluie Totale,mm,623.6
2025-05-26 04:00:00,Pluie quotidienne,Pluie quotidienne,mm,0.0
2025-05-26 03:30:00,Intensité de Pluie,Intensité de Pluie,mm/h,0.0
2025-05-26 03:30:00,Pluie quotidienne,Pluie quotidienne,mm,0.0
2025-05-26 03:30:00,Pluie Totale,Pluie Totale,mm,623.6
2025-05-26 03:00:00,Pluie Totale,Pluie Totale,mm,623.6
2025-05-26 03:00:00,Pluie quotidienne,Pluie quotidienne,mm,0.0
2025-05-26 03:00:00,Intensité de Pluie,Intensité de Pluie,mm/h,0.0
2025-05-26 02:30:00,Pluie Totale,Pluie Totale,mm,623.6
2025-05-26 02:30:00,Pluie quotidienne,Pluie quotidienne,mm,0.0
2025-05-26 02:30:00,Intensité de Pluie,Intensité de Pluie,mm/h,0.0
2025-05-26 02:00:00,Pluie Totale,Pluie Totale,mm,623.6
2025-05-26 02:00:00,Intensité de Pluie,Intensité de Pluie,mm/h,0.0
2025-05-26 02:00:00,Pluie quotidienne,Pluie quotidienne,mm,0.0
2025-05-26 01:30:00,Intensité de Pluie,Intensité de Pluie,mm/h,0.0
2025-05-26 01:30:00,Pluie Totale,Pluie Totale,mm,623.6
2025-05-26 01:30:00,Pluie quotidienne,Pluie quotidienne,mm,0.0
2025-05-26 01:00:00,Pluie Totale,Pluie Totale,mm,623.6
2025-05-26 01:00:00,Intensité de Pluie,Intensité de Pluie,mm/h,0.0
2025-05-26 01:00:00,Pluie quotidienne,Pluie quotidienne,mm,0.0
2025-05-26 00:30:00,Intensité de Pluie,Intensité de Pluie,mm/h,0.0
2025-05-26 00:30:00,Pluie Totale,Pluie Totale,mm,623.6
2025-05-26 00:30:00,Pluie quotidienne,Pluie quotidienne,mm,0.0
2025-05-26 00:00:00,Intensité de Pluie,Intensité de Pluie,mm/h,0.0
2025-05-26 00:00:00,Pluie Totale,Pluie Totale,mm,623.6
2025-05-26 00:00:00,Pluie quotidienne,Pluie quotidienne,mm,0.0
2025-05-25 23:30:00,Intensité de Pluie,Intensité de Pluie,mm/h,0.0
2025-05-25 23:30:00,Pluie quotidienne,Pluie quotidienne,mm,0.0
2025-05-25 23:30:00,Pluie Totale,Pluie Totale,mm,623.6
2025-05-25 23:00:00,Pluie Totale,Pluie Totale,mm,623.6
2025-05-25 23:00:00,Intensité de Pluie,Intensité de Pluie,mm/h,0.0
2025-05-25 23:00:00,Pluie quotidienne,Pluie quotidienne,mm,0.0
2025-05-25 22:30:00,Pluie Totale,Pluie Totale,mm,623.6
2025-05-25 22:30:00,Intensité de Pluie,Intensité de Pluie,mm/h,0.0
2025-05-25 22:30:00,Pluie quotidienne,Pluie quotidienne,mm,0.0
2025-05-25 22:00:00,Pluie quotidienne,Pluie quotidienne,mm,0.0
2025-05-25 22:00:00,Pluie Totale,Pluie Totale,mm,623.6
2025-05-25 22:00:00,Intensité de Pluie,Intensité de Pluie,mm/h,0.0
2025-05-25 21:30:00,Intensité de Pluie,Intensité de Pluie,mm/h,0.0
2025-05-25 21:30:00,Pluie quotidienne,Pluie quotidienne,mm,0.0
2025-05-25 21:30:00,Pluie Totale,Pluie Totale,mm,623.6
2025-05-25 21:00:00,Pluie Totale,Pluie Totale,mm,623.6
2025-05-25 21:00:00,Pluie quotidienne,Pluie quotidienne,mm,0.0
2025-05-25 21:00:00,Intensité de Pluie,Intensité de Pluie,mm/h,0.0
2025-05-25 20:30:00,Pluie Totale,Pluie Totale,mm,623.6
2025-05-25 20:30:00,Intensité de Pluie,Intensité de Pluie,mm/h,0.0
2025-05-25 20:30:00,Pluie quotidienne,Pluie quotidienne,mm,0.0
2025-05-25 20:00:00,Intensité de Pluie,Intensité de Pluie,mm/h,0.0
2025-05-25 20:00:00,Pluie Totale,Pluie Totale,mm,623.6
2025-05-25 20:00:00,Pluie quotidienne,Pluie quotidienne,mm,0.0
2025-05-25 19:30:00,Pluie Totale,Pluie Totale,mm,623.6
2025-05-25 19:30:00,Pluie quotidienne,Pluie quotidienne,mm,0.0
2025-05-25 19:30:00,Intensité de Pluie,Intensité de Pluie,mm/h,0.0
2025-05-25 19:00:00,Intensité de Pluie,Intensité de Pluie,mm/h,0.0
2025-05-25 19:00:00,Pluie quotidienne,Pluie quotidienne,mm,0.0
2025-05-25 19:00:00,Pluie Totale,Pluie Totale,mm,623.6
2025-05-25 18:30:00,Pluie quotidienne,Pluie quotidienne,mm,0.0
2025-05-25 18:30:00,Pluie Totale,Pluie Totale,mm,623.6
2025-05-25 18:30:00,Intensité de Pluie,Intensité de Pluie,mm/h,0.0
2025-05-25 18:00:00,Pluie quotidienne,Pluie quotidienne,mm,0.0
2025-05-25 18:00:00,Pluie Totale,Pluie Totale,mm,623.6
2025-05-25 18:00:00,Intensité de Pluie,Intensité de Pluie,mm/h,0.0
2025-05-25 17:30:00,Intensité de Pluie,Intensité de Pluie,mm/h,0.0
2025-05-25 17:30:00,Pluie quotidienne,Pluie quotidienne,mm,0.0
2025-05-25 17:30:00,Pluie Totale,Pluie Totale,mm,623.6
2025-05-25 17:00:00,Pluie quotidienne,Pluie quotidienne,mm,0.0
2025-05-25 17:00:00,Intensité de Pluie,Intensité de Pluie,mm/h,0.0
2025-05-25 17:00:00,Pluie Totale,Pluie Totale,mm,623.6
2025-05-25 16:30:00,Pluie quotidienne,Pluie quotidienne,mm,0.0
2025-05-25 16:30:00,Intensité de Pluie,Intensité de Pluie,mm/h,0.0
2025-05-25 16:30:00,Pluie Totale,Pluie Totale,mm,623.6
2025-05-25 16:00:00,Intensité de Pluie,Intensité de Pluie,mm/h,0.0
2025-05-25 16:00:00,Pluie Totale,Pluie Totale,mm,623.6
2025-05-25 16:00:00,Pluie quotidienne,Pluie quotidienne,mm,0.0
2025-05-25 15:30:00,Pluie quotidienne,Pluie quotidienne,mm,0.0
2025-05-25 15:30:00,Pluie Totale,Pluie Totale,mm,623.6
2025-05-25 15:30:00,Intensité de Pluie,Intensité de Pluie,mm/h,0.0
2025-05-25 15:00:00,Pluie quotidienne,Pluie quotidienne,mm,0.0
2025-05-25 15:00:00,Intensité de Pluie,Intensité de Pluie,mm/h,0.0
2025-05-25 15:00:00,Pluie Totale,Pluie Totale,mm,623.6
2025-05-25 14:30:00,Pluie quotidienne,Pluie quotidienne,mm,0.0
2025-05-25 14:30:00,Intensité de Pluie,Intensité de Pluie,mm/h,0.0
2025-05-25 14:30:00,Pluie Totale,Pluie Totale,mm,623.6
2025-05-25 14:00:00,Pluie Totale,Pluie Totale,mm,623.6
2025-05-25 14:00:00,Pluie quotidienne,Pluie quotidienne,mm,0.0
2025-05-25 14:00:00,Intensité de Pluie,Intensité de Pluie,mm/h,0.0
2025-05-25 13:30:00,Pluie quotidienne,Pluie quotidienne,mm,0.0
2025-05-25 13:30:00,Intensité de Pluie,Intensité de Pluie,mm/h,0.0
2025-05-25 13:30:00,Pluie Totale,Pluie Totale,mm,623.6
2025-05-25 13:00:00,Pluie quotidienne,Pluie quotidienne,mm,0.0
2025-05-25 13:00:00,Pluie Totale,Pluie Totale,mm,623.6
2025-05-25 13:00:00,Intensité de Pluie,Intensité de Pluie,mm/h,0.0
2025-05-25 12:30:00,Intensité de Pluie,Intensité de Pluie,mm/h,0.0
2025-05-25 12:30:00,Pluie Totale,Pluie Totale,mm,623.6
2025-05-25 12:30:00,Pluie quotidienne,Pluie quotidienne,mm,0.0
2025-05-25 12:00:00,Pluie quotidienne,Pluie quotidienne,mm,0.0
2025-05-25 12:00:00,Intensité de Pluie,Intensité de Pluie,mm/h,0.0
2025-05-25 12:00:00,Pluie Totale,Pluie Totale,mm,623.6
2025-05-25 11:30:00,Pluie quotidienne,Pluie quotidienne,mm,0.0
2025-05-25 11:30:00,Pluie Totale,Pluie Totale,mm,623.6
2025-05-25 11:30:00,Intensité de Pluie,Intensité de Pluie,mm/h,0.0
2025-05-25 11:00:00,Pluie quotidienne,Pluie quotidienne,mm,0.0
2025-05-25 11:00:00,Pluie Totale,Pluie Totale,mm,623.6
2025-05-25 11:00:00,Intensité de Pluie,Intensité de Pluie,mm/h,0.0
2025-05-25 10:30:00,Pluie quotidienne,Pluie quotidienne,mm,0.0
2025-05-25 10:30:00,Pluie Totale,Pluie Totale,mm,623.6
2025-05-25 10:30:00,Intensité de Pluie,Intensité de Pluie,mm/h,0.0
2025-05-25 10:00:00,Pluie quotidienne,Pluie quotidienne,mm,0.0
2025-05-25 10:00:00,Intensité de Pluie,Intensité de Pluie,mm/h,0.0
2025-05-25 10:00:00,Pluie Totale,Pluie Totale,mm,623.6
2025-05-25 09:30:00,Pluie quotidienne,Pluie quotidienne,mm,0.0
2025-05-25 09:30:00,Pluie Totale,Pluie Totale,mm,623.6
2025-05-25 09:30:00,Intensité de Pluie,Intensité de Pluie,mm/h,0.0
2025-05-25 09:00:00,Pluie quotidienne,Pluie quotidienne,mm,0.0
2025-05-25 09:00:00,Intensité de Pluie,Intensité de Pluie,mm/h,0.0
2025-05-25 09:00:00,Pluie Totale,Pluie Totale,mm,623.6
2025-05-25 08:30:00,Intensité de Pluie,Intensité de Pluie,mm/h,0.0
2025-05-25 08:30:00,Pluie quotidienne,Pluie quotidienne,mm,0.0
2025-05-25 08:30:00,Pluie Totale,Pluie Totale,mm,623.6
2025-05-25 08:00:00,Intensité de Pluie,Intensité de Pluie,mm/h,0.0
2025-05-25 08:00:00,Pluie quotidienne,Pluie quotidienne,mm,0.0
2025-05-25 08:00:00,Pluie Totale,Pluie Totale,mm,623.6
2025-05-25 07:30:00,Intensité de Pluie,Intensité de Pluie,mm/h,0.0
2025-05-25 07:30:00,Pluie Totale,Pluie Totale,mm,623.6
2025-05-25 07:30:00,Pluie quotidienne,Pluie quotidienne,mm,0.0
2025-05-25 07:00:00,Pluie Totale,Pluie Totale,mm,623.6
2025-05-25 07:00:00,Pluie quotidienne,Pluie quotidienne,mm,0.0
2025-05-25 07:00:00,Intensité de Pluie,Intensité de Pluie,mm/h,0.0
2025-05-25 06:30:00,Pluie Totale,Pluie Totale,mm,623.6
2025-05-25 06:30:00,Pluie quotidienne,Pluie quotidienne,mm,0.0
2025-05-25 06:30:00,Intensité de Pluie,Intensité de Pluie,mm/h,0.0
2025-05-25 06:00:00,Pluie quotidienne,Pluie quotidienne,mm,0.0
2025-05-25 06:00:00,Pluie Totale,Pluie Totale,mm,623.6
2025-05-25 06:00:00,Intensité de Pluie,Intensité de Pluie,mm/h,0.0
2025-05-25 05:30:00,Pluie Totale,Pluie Totale,mm,623.6
2025-05-25 05:30:00,Pluie quotidienne,Pluie quotidienne,mm,0.0
2025-05-25 05:30:00,Intensité de Pluie,Intensité de Pluie,mm/h,0.0
2025-05-25 05:00:00,Pluie quotidienne,Pluie quotidienne,mm,0.0
2025-05-25 05:00:00,Pluie Totale,Pluie Totale,mm,623.6
2025-05-25 05:00:00,Intensité de Pluie,Intensité de Pluie,mm/h,0.0
2025-05-25 04:30:00,Pluie Totale,Pluie Totale,mm,623.6
2025-05-25 04:30:00,Pluie quotidienne,Pluie quotidienne,mm,0.0
2025-05-25 04:30:00,Intensité de Pluie,Intensité de Pluie,mm/h,0.0
2025-05-25 04:00:00,Pluie Totale,Pluie Totale,mm,623.6
2025-05-25 04:00:00,Intensité de Pluie,Intensité de Pluie,mm/h,0.0
2025-05-25 04:00:00,Pluie quotidienne,Pluie quotidienne,mm,0.0
2025-05-25 03:30:00,Pluie quotidienne,Pluie quotidienne,mm,0.0
2025-05-25 03:30:00,Pluie Totale,Pluie Totale,mm,623.6
2025-05-25 03:30:00,Intensité de Pluie,Intensité de Pluie,mm/h,0.0
2025-05-25 03:00:00,Intensité de Pluie,Intensité de Pluie,mm/h,0.0
2025-05-25 03:00:00,Pluie quotidienne,Pluie quotidienne,mm,0.0
2025-05-25 03:00:00,Pluie Totale,Pluie Totale,mm,623.6
2025-05-25 02:30:00,Pluie Totale,Pluie Totale,mm,623.6
2025-05-25 02:30:00,Intensité de Pluie,Intensité de Pluie,mm/h,0.0
2025-05-25 02:30:00,Pluie quotidienne,Pluie quotidienne,mm,0.0
2025-05-25 02:00:00,Intensité de Pluie,Intensité de Pluie,mm/h,0.0
2025-05-25 02:00:00,Pluie quotidienne,Pluie quotidienne,mm,0.0
2025-05-25 02:00:00,Pluie Totale,Pluie Totale,mm,623.6
2025-05-25 01:30:00,Intensité de Pluie,Intensité de Pluie,mm/h,0.0
2025-05-25 01:30:00,Pluie Totale,Pluie Totale,mm,623.6
2025-05-25 01:30:00,Pluie quotidienne,Pluie quotidienne,mm,0.0
2025-05-25 01:00:00,Pluie quotidienne,Pluie quotidienne,mm,0.0
2025-05-25 01:00:00,Pluie Totale,Pluie Totale,mm,623.6
2025-05-25 01:00:00,Intensité de Pluie,Intensité de Pluie,mm/h,0.0
2025-05-25 00:30:00,Intensité de Pluie,Intensité de Pluie,mm/h,0.0
2025-05-25 00:30:00,Pluie quotidienne,Pluie quotidienne,mm,0.0
2025-05-25 00:30:00,Pluie Totale,Pluie Totale,mm,623.6
2025-05-25 00:00:00,Pluie quotidienne,Pluie quotidienne,mm,0.0
2025-05-25 00:00:00,Intensité de Pluie,Intensité de Pluie,mm/h,0.0
2025-05-25 00:00:00,Pluie Totale,Pluie Totale,mm,623.6
2025-05-24 23:30:00,Pluie Totale,Pluie Totale,mm,623.6
2025-05-24 23:30:00,Intensité de Pluie,Intensité de Pluie,mm/h,0.0
2025-05-24 23:30:00,Pluie quotidienne,Pluie quotidienne,mm,0.0
2025-05-24 23:00:00,Pluie Totale,Pluie Totale,mm,623.6
2025-05-24 23:00:00,Intensité de Pluie,Intensité de Pluie,mm/h,0.0
2025-05-24 23:00:00,Pluie quotidienne,Pluie quotidienne,mm,0.0
2025-05-24 22:30:00,Pluie quotidienne,Pluie quotidienne,mm,0.0
2025-05-24 22:30:00,Pluie Totale,Pluie Totale,mm,623.6
2025-05-24 22:30:00,Intensité de Pluie,Intensité de Pluie,mm/h,0.0
2025-05-24 22:00:00,Intensité de Pluie,Intensité de Pluie,mm/h,0.0
2025-05-24 22:00:00,Pluie Totale,Pluie Totale,mm,623.6
2025-05-24 22:00:00,Pluie quotidienne,Pluie quotidienne,mm,0.0
2025-05-24 21:30:00,Intensité de Pluie,Intensité de Pluie,mm/h,0.0
2025-05-24 21:30:00,Pluie quotidienne,Pluie quotidienne,mm,0.0
2025-05-24 21:30:00,Pluie Totale,Pluie Totale,mm,623.6
2025-05-24 21:00:00,Pluie Totale,Pluie Totale,mm,623.6
2025-05-24 21:00:00,Pluie quotidienne,Pluie quotidienne,mm,0.0
2025-05-24 21:00:00,Intensité de Pluie,Intensité de Pluie,mm/h,0.0
2025-05-24 20:30:00,Pluie Totale,Pluie Totale,mm,623.6
2025-05-24 20:30:00,Pluie quotidienne,Pluie quotidienne,mm,0.0
2025-05-24 20:30:00,Intensité de Pluie,Intensité de Pluie,mm/h,0.0
2025-05-24 20:00:00,Intensité de Pluie,Intensité de Pluie,mm/h,0.0
2025-05-24 20:00:00,Pluie Totale,Pluie Totale,mm,623.6
2025-05-24 20:00:00,Pluie quotidienne,Pluie quotidienne,mm,0.0
2025-05-24 19:30:00,Pluie Totale,Pluie Totale,mm,623.6
2025-05-24 19:30:00,Intensité de Pluie,Intensité de Pluie,mm/h,0.0
2025-05-24 19:30:00,Pluie quotidienne,Pluie quotidienne,mm,0.0
2025-05-24 19:00:00,Pluie quotidienne,Pluie quotidienne,mm,0.0
2025-05-24 19:00:00,Pluie Totale,Pluie Totale,mm,623.6
2025-05-24 19:00:00,Intensité de Pluie,Intensité de Pluie,mm/h,0.0
2025-05-24 18:30:00,Pluie Totale,Pluie Totale,mm,623.6
2025-05-24 18:30:00,Intensité de Pluie,Intensité de Pluie,mm/h,0.0
2025-05-24 18:30:00,Pluie quotidienne,Pluie quotidienne,mm,0.0
2025-05-24 18:00:00,Pluie quotidienne,Pluie quotidienne,mm,0.0
2025-05-24 18:00:00,Pluie Totale,Pluie Totale,mm,623.6
2025-05-24 18:00:00,Intensité de Pluie,Intensité de Pluie,mm/h,0.0
2025-05-24 17:30:00,Intensité de Pluie,Intensité de Pluie,mm/h,0.0
2025-05-24 17:30:00,Pluie quotidienne,Pluie quotidienne,mm,0.0
2025-05-24 17:30:00,Pluie Totale,Pluie Totale,mm,623.6
2025-05-24 17:00:00,Intensité de Pluie,Intensité de Pluie,mm/h,0.0
2025-05-24 17:00:00,Pluie quotidienne,Pluie quotidienne,mm,0.0
2025-05-24 17:00:00,Pluie Totale,Pluie Totale,mm,623.6
2025-05-24 16:30:00,Pluie Totale,Pluie Totale,mm,623.6
2025-05-24 16:30:00,Pluie quotidienne,Pluie quotidienne,mm,0.0
2025-05-24 16:30:00,Intensité de Pluie,Intensité de Pluie,mm/h,0.0
2025-05-24 16:00:00,Pluie quotidienne,Pluie quotidienne,mm,0.0
2025-05-24 16:00:00,Pluie Totale,Pluie Totale,mm,623.6
2025-05-24 16:00:00,Intensité de Pluie,Intensité de Pluie,mm/h,0.0
2025-05-24 15:30:00,Intensité de Pluie,Intensité de Pluie,mm/h,0.0
2025-05-24 15:30:00,Pluie Totale,Pluie Totale,mm,623.6
2025-05-24 15:30:00,Pluie quotidienne,Pluie quotidienne,mm,0.0
2025-05-24 15:00:00,Pluie quotidienne,Pluie quotidienne,mm,0.0
2025-05-24 15:00:00,Intensité de Pluie,Intensité de Pluie,mm/h,0.0
2025-05-24 15:00:00,Pluie Totale,Pluie Totale,mm,623.6
2025-05-24 14:30:00,Pluie quotidienne,Pluie quotidienne,mm,0.0
2025-05-24 14:30:00,Intensité de Pluie,Intensité de Pluie,mm/h,0.0
2025-05-24 14:30:00,Pluie Totale,Pluie Totale,mm,623.6
2025-05-24 14:00:00,Intensité de Pluie,Intensité de Pluie,mm/h,0.0
2025-05-24 14:00:00,Pluie Totale,Pluie Totale,mm,623.6
2025-05-24 14:00:00,Pluie quotidienne,Pluie quotidienne,mm,0.0
2025-05-24 13:30:00,Pluie quotidienne,Pluie quotidienne,mm,0.0
2025-05-24 13:30:00,Pluie Totale,Pluie Totale,mm,623.6
2025-05-24 13:30:00,Intensité de Pluie,Intensité de Pluie,mm/h,0.0
2025-05-24 13:00:00,Pluie quotidienne,Pluie quotidienne,mm,0.0
2025-05-24 13:00:00,Pluie Totale,Pluie Totale,mm,623.6
2025-05-24 13:00:00,Intensité de Pluie,Intensité de Pluie,mm/h,0.0
2025-05-24 12:30:00,Pluie Totale,Pluie Totale,mm,623.6
2025-05-24 12:30:00,Intensité de Pluie,Intensité de Pluie,mm/h,0.0
2025-05-24 12:30:00,Pluie quotidienne,Pluie quotidienne,mm,0.0
2025-05-24 12:00:00,Intensité de Pluie,Intensité de Pluie,mm/h,0.0
2025-05-24 12:00:00,Pluie quotidienne,Pluie quotidienne,mm,0.0
2025-05-24 12:00:00,Pluie Totale,Pluie Totale,mm,623.6
2025-05-24 11:30:00,Intensité de Pluie,Intensité de Pluie,mm/h,0.0
2025-05-24 11:30:00,Pluie Totale,Pluie Totale,mm,623.6
2025-05-24 11:30:00,Pluie quotidienne,Pluie quotidienne,mm,0.0
2025-05-24 11:00:00,Pluie quotidienne,Pluie quotidienne,mm,0.0
2025-05-24 11:00:00,Pluie Totale,Pluie Totale,mm,623.6
2025-05-24 11:00:00,Intensité de Pluie,Intensité de Pluie,mm/h,0.0
2025-05-24 10:30:00,Intensité de Pluie,Intensité de Pluie,mm/h,0.0
2025-05-24 10:30:00,Pluie quotidienne,Pluie quotidienne,mm,0.0
2025-05-24 10:30:00,Pluie Totale,Pluie Totale,mm,623.6
2025-05-24 10:00:00,Pluie quotidienne,Pluie quotidienne,mm,0.0
2025-05-24 10:00:00,Intensité de Pluie,Intensité de Pluie,mm/h,0.0
2025-05-24 10:00:00,Pluie Totale,Pluie Totale,mm,623.6
2025-05-24 09:30:00,Pluie Totale,Pluie Totale,mm,623.6
2025-05-24 09:30:00,Intensité de Pluie,Intensité de Pluie,mm/h,0.0
2025-05-24 09:30:00,Pluie quotidienne,Pluie quotidienne,mm,0.0
2025-05-24 09:00:00,Pluie quotidienne,Pluie quotidienne,mm,0.0
2025-05-24 09:00:00,Pluie Totale,Pluie Totale,mm,623.6
2025-05-24 09:00:00,Intensité de Pluie,Intensité de Pluie,mm/h,0.0
2025-05-24 08:30:00,Pluie quotidienne,Pluie quotidienne,mm,0.0
2025-05-24 08:30:00,Intensité de Pluie,Intensité de Pluie,mm/h,0.0
2025-05-24 08:30:00,Pluie Totale,Pluie Totale,mm,623.6
2025-05-24 08:00:00,Pluie quotidienne,Pluie quotidienne,mm,0.0
2025-05-24 08:00:00,Intensité de Pluie,Intensité de Pluie,mm/h,0.0
2025-05-24 08:00:00,Pluie Totale,Pluie Totale,mm,623.6
2025-05-24 07:30:00,Intensité de Pluie,Intensité de Pluie,mm/h,0.0
2025-05-24 07:30:00,Pluie Totale,Pluie Totale,mm,623.6
2025-05-24 07:30:00,Pluie quotidienne,Pluie quotidienne,mm,0.0
2025-05-24 07:00:00,Pluie Totale,Pluie Totale,mm,623.6
2025-05-24 07:00:00,Pluie quotidienne,Pluie quotidienne,mm,0.0
2025-05-24 07:00:00,Intensité de Pluie,Intensité de Pluie,mm/h,0.0
2025-05-24 06:30:00,Pluie Totale,Pluie Totale,mm,623.6
2025-05-24 06:30:00,Pluie quotidienne,Pluie quotidienne,mm,0.0
2025-05-24 06:30:00,Intensité de Pluie,Intensité de Pluie,mm/h,0.0
2025-05-24 06:00:00,Pluie Totale,Pluie Totale,mm,623.6
2025-05-24 06:00:00,Pluie quotidienne,Pluie quotidienne,mm,0.0
2025-05-24 06:00:00,Intensité de Pluie,Intensité de Pluie,mm/h,0.0
2025-05-24 05:30:00,Intensité de Pluie,Intensité de Pluie,mm/h,0.0
2025-05-24 05:30:00,Pluie quotidienne,Pluie quotidienne,mm,0.0
2025-05-24 05:30:00,Pluie Totale,Pluie Totale,mm,623.6
2025-05-24 05:00:00,Pluie Totale,Pluie Totale,mm,623.6
2025-05-24 05:00:00,Pluie quotidienne,Pluie quotidienne,mm,0.0
2025-05-24 05:00:00,Intensité de Pluie,Intensité de Pluie,mm/h,0.0
2025-05-24 04:30:00,Intensité de Pluie,Intensité de Pluie,mm/h,0.0
2025-05-24 04:30:00,Pluie Totale,Pluie Totale,mm,623.6
2025-05-24 04:30:00,Pluie quotidienne,Pluie quotidienne,mm,0.0
2025-05-24 04:00:00,Pluie quotidienne,Pluie quotidienne,mm,0.0
2025-05-24 04:00:00,Pluie Totale,Pluie Totale,mm,623.6
2025-05-24 04:00:00,Intensité de Pluie,Intensité de Pluie,mm/h,0.0
2025-05-24 03:30:00,Intensité de Pluie,Intensité de Pluie,mm/h,0.0
2025-05-24 03:30:00,Pluie quotidienne,Pluie quotidienne,mm,0.0
2025-05-24 03:30:00,Pluie Totale,Pluie Totale,mm,623.6
2025-05-24 03:00:00,Intensité de Pluie,Intensité de Pluie,mm/h,0.0
2025-05-24 03:00:00,Pluie quotidienne,Pluie quotidienne,mm,0.0
2025-05-24 03:00:00,Pluie Totale,Pluie Totale,mm,623.6
2025-05-24 02:30:00,Pluie Totale,Pluie Totale,mm,623.6
2025-05-24 02:30:00,Pluie quotidienne,Pluie quotidienne,mm,0.0
2025-05-24 02:30:00,Intensité de Pluie,Intensité de Pluie,mm/h,0.0
2025-05-24 02:00:00,Pluie Totale,Pluie Totale,mm,623.6
2025-05-24 02:00:00,Pluie quotidienne,Pluie quotidienne,mm,0.0
2025-05-24 02:00:00,Intensité de Pluie,Intensité de Pluie,mm/h,0.0
2025-05-24 01:30:00,Intensité de Pluie,Intensité de Pluie,mm/h,0.0
2025-05-24 01:30:00,Pluie quotidienne,Pluie quotidienne,mm,0.0
2025-05-24 01:30:00,Pluie Totale,Pluie Totale,mm,623.6
2025-05-24 01:00:00,Intensité de Pluie,Intensité de Pluie,mm/h,0.0
2025-05-24 01:00:00,Pluie quotidienne,Pluie quotidienne,mm,0.0
2025-05-24 01:00:00,Pluie Totale,Pluie Totale,mm,623.6
2025-05-24 00:30:00,Pluie quotidienne,Pluie quotidienne,mm,0.0
2025-05-24 00:30:00,Pluie Totale,Pluie Totale,mm,623.6
2025-05-24 00:30:00,Intensité de Pluie,Intensité de Pluie,mm/h,0.0
2025-05-24 00:00:00,Pluie quotidienne,Pluie quotidienne,mm,0.0
2025-05-24 00:00:00,Pluie Totale,Pluie Totale,mm,623.6
2025-05-24 00:00:00,Intensité de Pluie,Intensité de Pluie,mm/h,0.0
2025-05-23 23:30:00,Pluie Totale,Pluie Totale,mm,623.6
2025-05-23 23:30:00,Pluie quotidienne,Pluie quotidienne,mm,0.8
2025-05-23 23:30:00,Intensité de Pluie,Intensité de Pluie,mm/h,0.0
2025-05-23 23:00:00,Pluie Totale,Pluie Totale,mm,623.6
2025-05-23 23:00:00,Pluie quotidienne,Pluie quotidienne,mm,0.8
2025-05-23 23:00:00,Intensité de Pluie,Intensité de Pluie,mm/h,0.0
2025-05-23 22:30:00,Pluie quotidienne,Pluie quotidienne,mm,0.8
2025-05-23 22:30:00,Pluie Totale,Pluie Totale,mm,623.6
2025-05-23 22:30:00,Intensité de Pluie,Intensité de Pluie,mm/h,0.0
2025-05-23 22:00:00,Pluie quotidienne,Pluie quotidienne,mm,0.8
2025-05-23 22:00:00,Pluie Totale,Pluie Totale,mm,623.6
2025-05-23 22:00:00,Intensité de Pluie,Intensité de Pluie,mm/h,0.0
2025-05-23 21:30:00,Intensité de Pluie,Intensité de Pluie,mm/h,0.0
2025-05-23 21:30:00,Pluie Totale,Pluie Totale,mm,623.6
2025-05-23 21:30:00,Pluie quotidienne,Pluie quotidienne,mm,0.8
2025-05-23 21:00:00,Pluie quotidienne,Pluie quotidienne,mm,0.8
2025-05-23 21:00:00,Pluie Totale,Pluie Totale,mm,623.6
2025-05-23 21:00:00,Intensité de Pluie,Intensité de Pluie,mm/h,0.0
2025-05-23 20:30:00,Pluie Totale,Pluie Totale,mm,623.6
2025-05-23 20:30:00,Intensité de Pluie,Intensité de Pluie,mm/h,0.0
2025-05-23 20:30:00,Pluie quotidienne,Pluie quotidienne,mm,0.8
2025-05-23 20:00:00,Intensité de Pluie,Intensité de Pluie,mm/h,0.0
2025-05-23 20:00:00,Pluie Totale,Pluie Totale,mm,623.6
2025-05-23 20:00:00,Pluie quotidienne,Pluie quotidienne,mm,0.8
2025-05-23 19:30:00,Pluie Totale,Pluie Totale,mm,623.6
2025-05-23 19:30:00,Intensité de Pluie,Intensité de Pluie,mm/h,0.0
2025-05-23 19:30:00,Pluie quotidienne,Pluie quotidienne,mm,0.8
2025-05-23 19:00:00,Intensité de Pluie,Intensité de Pluie,mm/h,0.0
2025-05-23 19:00:00,Pluie Totale,Pluie Totale,mm,623.6
2025-05-23 19:00:00,Pluie quotidienne,Pluie quotidienne,mm,0.8
2025-05-23 18:30:00,Pluie quotidienne,Pluie quotidienne,mm,0.8
2025-05-23 18:30:00,Intensité de Pluie,Intensité de Pluie,mm/h,0.0
2025-05-23 18:30:00,Pluie Totale,Pluie Totale,mm,623.6
2025-05-23 18:00:00,Intensité de Pluie,Intensité de Pluie,mm/h,0.0
2025-05-23 18:00:00,Pluie Totale,Pluie Totale,mm,623.6
2025-05-23 18:00:00,Pluie quotidienne,Pluie quotidienne,mm,0.8
2025-05-23 17:30:00,Pluie Totale,Pluie Totale,mm,623.6
2025-05-23 17:30:00,Pluie quotidienne,Pluie quotidienne,mm,0.8
2025-05-23 17:30:00,Intensité de Pluie,Intensité de Pluie,mm/h,0.0
2025-05-23 17:00:00,Pluie quotidienne,Pluie quotidienne,mm,0.8
2025-05-23 17:00:00,Pluie Totale,Pluie Totale,mm,623.6
2025-05-23 17:00:00,Intensité de Pluie,Intensité de Pluie,mm/h,0.0
2025-05-23 16:30:00,Pluie quotidienne,Pluie quotidienne,mm,0.8
2025-05-23 16:30:00,Pluie Totale,Pluie Totale,mm,623.6
2025-05-23 16:30:00,Intensité de Pluie,Intensité de Pluie,mm/h,0.0
2025-05-23 15:30:00,Intensité de Pluie,Intensité de Pluie,mm/h,0.0
2025-05-23 15:30:00,Pluie Totale,Pluie Totale,mm,623.6
2025-05-23 15:30:00,Pluie quotidienne,Pluie quotidienne,mm,0.8
2025-05-23 15:00:00,Pluie Totale,Pluie Totale,mm,623.6
2025-05-23 15:00:00,Pluie quotidienne,Pluie quotidienne,mm,0.8
2025-05-23 15:00:00,Intensité de Pluie,Intensité de Pluie,mm/h,0.0
2025-05-23 14:30:00,Pluie Totale,Pluie Totale,mm,623.6
2025-05-23 14:30:00,Intensité de Pluie,Intensité de Pluie,mm/h,0.0
2025-05-23 14:30:00,Pluie quotidienne,Pluie quotidienne,mm,0.8
2025-05-23 14:00:00,Intensité de Pluie,Intensité de Pluie,mm/h,0.0
2025-05-23 14:00:00,Pluie Totale,Pluie Totale,mm,623.6
2025-05-23 14:00:00,Pluie quotidienne,Pluie quotidienne,mm,0.8
2025-05-23 13:30:00,Pluie Totale,Pluie Totale,mm,623.6
2025-05-23 13:30:00,Pluie quotidienne,Pluie quotidienne,mm,0.8
2025-05-23 13:30:00,Intensité de Pluie,Intensité de Pluie,mm/h,0.0
2025-05-23 13:00:00,Pluie Totale,Pluie Totale,mm,623.6
2025-05-23 13:00:00,Pluie quotidienne,Pluie quotidienne,mm,0.8
2025-05-23 13:00:00,Intensité de Pluie,Intensité de Pluie,mm/h,0.0
2025-05-23 12:30:00,Pluie quotidienne,Pluie quotidienne,mm,0.8
2025-05-23 12:30:00,Pluie Totale,Pluie Totale,mm,623.6
2025-05-23 12:30:00,Intensité de Pluie,Intensité de Pluie,mm/h,0.0
2025-05-23 12:00:00,Intensité de Pluie,Intensité de Pluie,mm/h,0.0
2025-05-23 12:00:00,Pluie Totale,Pluie Totale,mm,623.6
2025-05-23 12:00:00,Pluie quotidienne,Pluie quotidienne,mm,0.8
2025-05-23 11:30:00,Pluie quotidienne,Pluie quotidienne,mm,0.8
2025-05-23 11:30:00,Pluie Totale,Pluie Totale,mm,623.6
2025-05-23 11:30:00,Intensité de Pluie,Intensité de Pluie,mm/h,0.0
2025-05-23 11:00:00,Pluie quotidienne,Pluie quotidienne,mm,0.8
2025-05-23 11:00:00,Intensité de Pluie,Intensité de Pluie,mm/h,0.0
2025-05-23 11:00:00,Pluie Totale,Pluie Totale,mm,623.6
2025-05-23 10:30:00,Pluie quotidienne,Pluie quotidienne,mm,0.8
2025-05-23 10:30:00,Pluie Totale,Pluie Totale,mm,623.6
2025-05-23 10:30:00,Intensité de Pluie,Intensité de Pluie,mm/h,0.0
2025-05-23 10:00:00,Intensité de Pluie,Intensité de Pluie,mm/h,0.0
2025-05-23 10:00:00,Pluie quotidienne,Pluie quotidienne,mm,0.8
2025-05-23 10:00:00,Pluie Totale,Pluie Totale,mm,623.6
2025-05-23 09:30:00,Pluie Totale,Pluie Totale,mm,623.6
2025-05-23 09:30:00,Intensité de Pluie,Intensité de Pluie,mm/h,0.0
2025-05-23 09:30:00,Pluie quotidienne,Pluie quotidienne,mm,0.8
2025-05-23 09:00:00,Pluie quotidienne,Pluie quotidienne,mm,0.8
2025-05-23 09:00:00,Intensité de Pluie,Intensité de Pluie,mm/h,0.0
2025-05-23 09:00:00,Pluie Totale,Pluie Totale,mm,623.6
2025-05-23 08:30:00,Pluie quotidienne,Pluie quotidienne,mm,0.8
2025-05-23 08:30:00,Pluie Totale,Pluie Totale,mm,623.6
2025-05-23 08:30:00,Intensité de Pluie,Intensité de Pluie,mm/h,0.0
2025-05-23 08:00:00,Pluie Totale,Pluie Totale,mm,623.6
2025-05-23 08:00:00,Pluie quotidienne,Pluie quotidienne,mm,0.8
2025-05-23 08:00:00,Intensité de Pluie,Intensité de Pluie,mm/h,0.0
2025-05-23 07:30:00,Pluie quotidienne,Pluie quotidienne,mm,0.8
2025-05-23 07:30:00,Pluie Totale,Pluie Totale,mm,623.6
2025-05-23 07:30:00,Intensité de Pluie,Intensité de Pluie,mm/h,0.0
2025-05-23 07:00:00,Pluie quotidienne,Pluie quotidienne,mm,0.8
2025-05-23 07:00:00,Pluie Totale,Pluie Totale,mm,623.6
2025-05-23 07:00:00,Intensité de Pluie,Intensité de Pluie,mm/h,0.0
2025-05-23 06:30:00,Pluie Totale,Pluie Totale,mm,623.6
2025-05-23 06:30:00,Intensité de Pluie,Intensité de Pluie,mm/h,0.0
2025-05-23 06:30:00,Pluie quotidienne,Pluie quotidienne,mm,0.8
2025-05-23 06:00:00,Pluie quotidienne,Pluie quotidienne,mm,0.8
2025-05-23 06:00:00,Pluie Totale,Pluie Totale,mm,623.6
2025-05-23 06:00:00,Intensité de Pluie,Intensité de Pluie,mm/h,0.0
2025-05-23 05:30:00,Pluie quotidienne,Pluie quotidienne,mm,0.8
2025-05-23 05:30:00,Pluie Totale,Pluie Totale,mm,623.6
2025-05-23 05:30:00,Intensité de Pluie,Intensité de Pluie,mm/h,0.0
2025-05-23 05:00:00,Pluie quotidienne,Pluie quotidienne,mm,0.8
2025-05-23 05:00:00,Pluie Totale,Pluie Totale,mm,623.6
2025-05-23 05:00:00,Intensité de Pluie,Intensité de Pluie,mm/h,0.0
2025-05-23 04:30:00,Intensité de Pluie,Intensité de Pluie,mm/h,0.0
2025-05-23 04:30:00,Pluie Totale,Pluie Totale,mm,623.6
2025-05-23 04:30:00,Pluie quotidienne,Pluie quotidienne,mm,0.8
2025-05-23 04:00:00,Pluie quotidienne,Pluie quotidienne,mm,0.8
2025-05-23 04:00:00,Intensité de Pluie,Intensité de Pluie,mm/h,0.0
2025-05-23 04:00:00,Pluie Totale,Pluie Totale,mm,623.6
2025-05-23 03:30:00,Pluie Totale,Pluie Totale,mm,623.6
2025-05-23 03:30:00,Pluie quotidienne,Pluie quotidienne,mm,0.8
2025-05-23 03:30:00,Intensité de Pluie,Intensité de Pluie,mm/h,0.0
2025-05-23 03:00:00,Pluie Totale,Pluie Totale,mm,623.6
2025-05-23 03:00:00,Pluie quotidienne,Pluie quotidienne,mm,0.8
2025-05-23 03:00:00,Intensité de Pluie,Intensité de Pluie,mm/h,0.0
2025-05-23 02:30:00,Pluie Totale,Pluie Totale,mm,623.6
2025-05-23 02:30:00,Pluie quotidienne,Pluie quotidienne,mm,0.8
2025-05-23 02:30:00,Intensité de Pluie,Intensité de Pluie,mm/h,2.4
2025-05-23 02:00:00,Pluie Totale,Pluie Totale,mm,623.4
2025-05-23 02:00:00,Pluie quotidienne,Pluie quotidienne,mm,0.6
2025-05-23 02:00:00,Intensité de Pluie,Intensité de Pluie,mm/h,2.4
2025-05-23 01:30:00,Pluie Totale,Pluie Totale,mm,623.2
2025-05-23 01:30:00,Intensité de Pluie,Intensité de Pluie,mm/h,0.0
2025-05-23 01:30:00,Pluie quotidienne,Pluie quotidienne,mm,0.4
2025-05-23 01:00:00,Pluie quotidienne,Pluie quotidienne,mm,0.4
2025-05-23 01:00:00,Pluie Totale,Pluie Totale,mm,623.2
2025-05-23 01:00:00,Intensité de Pluie,Intensité de Pluie,mm/h,4.8
2025-05-23 00:30:00,Intensité de Pluie,Intensité de Pluie,mm/h,2.4
2025-05-23 00:30:00,Pluie Totale,Pluie Totale,mm,623.0
2025-05-23 00:30:00,Pluie quotidienne,Pluie quotidienne,mm,0.2
2025-05-23 00:00:00,Pluie Totale,Pluie Totale,mm,622.8
2025-05-23 00:00:00,Pluie quotidienne,Pluie quotidienne,mm,0.0
2025-05-23 00:00:00,Intensité de Pluie,Intensité de Pluie,mm/h,0.0
2025-05-22 23:30:00,Pluie Totale,Pluie Totale,mm,622.8
2025-05-22 23:30:00,Intensité de Pluie,Intensité de Pluie,mm/h,0.0
2025-05-22 23:30:00,Pluie quotidienne,Pluie quotidienne,mm,1.8
2025-05-22 23:00:00,Pluie Totale,Pluie Totale,mm,622.8
2025-05-22 23:00:00,Pluie quotidienne,Pluie quotidienne,mm,1.8
2025-05-22 23:00:00,Intensité de Pluie,Intensité de Pluie,mm/h,0.0
2025-05-22 22:30:00,Pluie Totale,Pluie Totale,mm,622.8
2025-05-22 22:30:00,Pluie quotidienne,Pluie quotidienne,mm,1.8
2025-05-22 22:30:00,Intensité de Pluie,Intensité de Pluie,mm/h,0.0
2025-05-22 22:00:00,Pluie quotidienne,Pluie quotidienne,mm,1.8
2025-05-22 22:00:00,Pluie Totale,Pluie Totale,mm,622.8
2025-05-22 22:00:00,Intensité de Pluie,Intensité de Pluie,mm/h,2.4
2025-05-22 21:30:00,Intensité de Pluie,Intensité de Pluie,mm/h,0.0
2025-05-22 21:30:00,Pluie quotidienne,Pluie quotidienne,mm,1.4
2025-05-22 21:30:00,Pluie Totale,Pluie Totale,mm,622.4
2025-05-22 21:00:00,Intensité de Pluie,Intensité de Pluie,mm/h,0.0
2025-05-22 21:00:00,Pluie Totale,Pluie Totale,mm,622.4
2025-05-22 21:00:00,Pluie quotidienne,Pluie quotidienne,mm,1.4
2025-05-22 20:30:00,Pluie quotidienne,Pluie quotidienne,mm,1.4
2025-05-22 20:30:00,Intensité de Pluie,Intensité de Pluie,mm/h,2.4
2025-05-22 20:30:00,Pluie Totale,Pluie Totale,mm,622.4
2025-05-22 19:30:00,Pluie quotidienne,Pluie quotidienne,mm,0.2
2025-05-22 19:30:00,Pluie Totale,Pluie Totale,mm,621.2
2025-05-22 19:30:00,Intensité de Pluie,Intensité de Pluie,mm/h,2.4
2025-05-22 19:00:00,Pluie Totale,Pluie Totale,mm,621.0
2025-05-22 19:00:00,Pluie quotidienne,Pluie quotidienne,mm,0.0
2025-05-22 19:00:00,Intensité de Pluie,Intensité de Pluie,mm/h,0.0
2025-05-22 18:30:00,Pluie quotidienne,Pluie quotidienne,mm,0.0
2025-05-22 18:30:00,Intensité de Pluie,Intensité de Pluie,mm/h,0.0
2025-05-22 18:30:00,Pluie Totale,Pluie Totale,mm,621.0
2025-05-22 18:00:00,Intensité de Pluie,Intensité de Pluie,mm/h,0.0
2025-05-22 18:00:00,Pluie Totale,Pluie Totale,mm,621.0
2025-05-22 18:00:00,Pluie quotidienne,Pluie quotidienne,mm,0.0
2025-05-22 17:30:00,Pluie Totale,Pluie Totale,mm,621.0
2025-05-22 17:30:00,Intensité de Pluie,Intensité de Pluie,mm/h,0.0
2025-05-22 17:30:00,Pluie quotidienne,Pluie quotidienne,mm,0.0
2025-05-22 17:00:00,Pluie quotidienne,Pluie quotidienne,mm,0.0
2025-05-22 17:00:00,Intensité de Pluie,Intensité de Pluie,mm/h,0.0
2025-05-22 17:00:00,Pluie Totale,Pluie Totale,mm,621.0
2025-05-22 16:30:00,Pluie quotidienne,Pluie quotidienne,mm,0.0
2025-05-22 16:30:00,Pluie Totale,Pluie Totale,mm,621.0
2025-05-22 16:30:00,Intensité de Pluie,Intensité de Pluie,mm/h,0.0
2025-05-22 15:30:00,Pluie quotidienne,Pluie quotidienne,mm,0.0
2025-05-22 15:30:00,Pluie Totale,Pluie Totale,mm,621.0
2025-05-22 15:30:00,Intensité de Pluie,Intensité de Pluie,mm/h,0.0
2025-05-22 15:00:00,Intensité de Pluie,Intensité de Pluie,mm/h,0.0
2025-05-22 15:00:00,Pluie Totale,Pluie Totale,mm,621.0
2025-05-22 15:00:00,Pluie quotidienne,Pluie quotidienne,mm,0.0
2025-05-22 14:30:00,Intensité de Pluie,Intensité de Pluie,mm/h,0.0
2025-05-22 14:30:00,Pluie quotidienne,Pluie quotidienne,mm,0.0
2025-05-22 14:30:00,Pluie Totale,Pluie Totale,mm,621.0
2025-05-22 14:00:00,Pluie quotidienne,Pluie quotidienne,mm,0.0
2025-05-22 14:00:00,Pluie Totale,Pluie Totale,mm,621.0
2025-05-22 14:00:00,Intensité de Pluie,Intensité de Pluie,mm/h,0.0
2025-05-22 13:30:00,Pluie quotidienne,Pluie quotidienne,mm,0.0
2025-05-22 13:30:00,Pluie Totale,Pluie Totale,mm,621.0
2025-05-22 13:30:00,Intensité de Pluie,Intensité de Pluie,mm/h,0.0
2025-05-22 13:00:00,Intensité de Pluie,Intensité de Pluie,mm/h,0.0
2025-05-22 13:00:00,Pluie Totale,Pluie Totale,mm,621.0
2025-05-22 13:00:00,Pluie quotidienne,Pluie quotidienne,mm,0.0
2025-05-22 12:30:00,Pluie Totale,Pluie Totale,mm,621.0
2025-05-22 12:30:00,Pluie quotidienne,Pluie quotidienne,mm,0.0
2025-05-22 12:30:00,Intensité de Pluie,Intensité de Pluie,mm/h,0.0
2025-05-22 12:00:00,Pluie quotidienne,Pluie quotidienne,mm,0.0
2025-05-22 12:00:00,Pluie Totale,Pluie Totale,mm,621.0
2025-05-22 12:00:00,Intensité de Pluie,Intensité de Pluie,mm/h,0.0
2025-05-22 11:30:00,Intensité de Pluie,Intensité de Pluie,mm/h,0.0
2025-05-22 11:30:00,Pluie Totale,Pluie Totale,mm,621.0
2025-05-22 11:30:00,Pluie quotidienne,Pluie quotidienne,mm,0.0
2025-05-22 11:00:00,Intensité de Pluie,Intensité de Pluie,mm/h,0.0
2025-05-22 11:00:00,Pluie Totale,Pluie Totale,mm,621.0
2025-05-22 11:00:00,Pluie quotidienne,Pluie quotidienne,mm,0.0
2025-05-22 10:30:00,Pluie quotidienne,Pluie quotidienne,mm,0.0
2025-05-22 10:30:00,Pluie Totale,Pluie Totale,mm,621.0
2025-05-22 10:30:00,Intensité de Pluie,Intensité de Pluie,mm/h,0.0
2025-05-22 10:00:00,Intensité de Pluie,Intensité de Pluie,mm/h,0.0
2025-05-22 10:00:00,Pluie Totale,Pluie Totale,mm,621.0
2025-05-22 10:00:00,Pluie quotidienne,Pluie quotidienne,mm,0.0
2025-05-22 09:30:00,Pluie Totale,Pluie Totale,mm,621.0
2025-05-22 09:30:00,Intensité de Pluie,Intensité de Pluie,mm/h,0.0
2025-05-22 09:30:00,Pluie quotidienne,Pluie quotidienne,mm,0.0
2025-05-22 09:00:00,Pluie quotidienne,Pluie quotidienne,mm,0.0
2025-05-22 09:00:00,Intensité de Pluie,Intensité de Pluie,mm/h,0.0
2025-05-22 09:00:00,Pluie Totale,Pluie Totale,mm,621.0
2025-05-22 08:30:00,Pluie quotidienne,Pluie quotidienne,mm,0.0
2025-05-22 08:30:00,Pluie Totale,Pluie Totale,mm,621.0
2025-05-22 08:30:00,Intensité de Pluie,Intensité de Pluie,mm/h,0.0
2025-05-22 08:00:00,Intensité de Pluie,Intensité de Pluie,mm/h,0.0
2025-05-22 08:00:00,Pluie quotidienne,Pluie quotidienne,mm,0.0
2025-05-22 08:00:00,Pluie Totale,Pluie Totale,mm,621.0
2025-05-22 07:30:00,Intensité de Pluie,Intensité de Pluie,mm/h,0.0
2025-05-22 07:30:00,Pluie Totale,Pluie Totale,mm,621.0
2025-05-22 07:30:00,Pluie quotidienne,Pluie quotidienne,mm,0.0
2025-05-22 07:00:00,Pluie quotidienne,Pluie quotidienne,mm,0.0
2025-05-22 07:00:00,Pluie Totale,Pluie Totale,mm,621.0
2025-05-22 07:00:00,Intensité de Pluie,Intensité de Pluie,mm/h,0.0
2025-05-22 06:30:00,Pluie quotidienne,Pluie quotidienne,mm,0.0
2025-05-22 06:30:00,Pluie Totale,Pluie Totale,mm,621.0
2025-05-22 06:30:00,Intensité de Pluie,Intensité de Pluie,mm/h,0.0
2025-05-22 06:00:00,Pluie Totale,Pluie Totale,mm,621.0
2025-05-22 06:00:00,Intensité de Pluie,Intensité de Pluie,mm/h,0.0
2025-05-22 06:00:00,Pluie quotidienne,Pluie quotidienne,mm,0.0
2025-05-22 05:30:00,Intensité de Pluie,Intensité de Pluie,mm/h,0.0
2025-05-22 05:30:00,Pluie Totale,Pluie Totale,mm,621.0
2025-05-22 05:30:00,Pluie quotidienne,Pluie quotidienne,mm,0.0
2025-05-22 05:00:00,Intensité de Pluie,Intensité de Pluie,mm/h,0.0
2025-05-22 05:00:00,Pluie Totale,Pluie Totale,mm,621.0
2025-05-22 05:00:00,Pluie quotidienne,Pluie quotidienne,mm,0.0
2025-05-22 04:30:00,Pluie quotidienne,Pluie quotidienne,mm,0.0
2025-05-22 04:30:00,Pluie Totale,Pluie Totale,mm,621.0
2025-05-22 04:30:00,Intensité de Pluie,Intensité de Pluie,mm/h,0.0
2025-05-21 05:30:00,Intensité de Pluie,Intensité de Pluie,mm/h,0.0
2025-05-21 05:30:00,Pluie quotidienne,Pluie quotidienne,mm,0.0
2025-05-21 05:30:00,Pluie Totale,Pluie Totale,mm,621.0
2025-05-21 05:00:00,Intensité de Pluie,Intensité de Pluie,mm/h,0.0
2025-05-21 05:00:00,Pluie quotidienne,Pluie quotidienne,mm,0.0
2025-05-21 05:00:00,Pluie Totale,Pluie Totale,mm,621.0
2025-05-21 04:30:00,Intensité de Pluie,Intensité de Pluie,mm/h,0.0
2025-05-21 04:30:00,Pluie quotidienne,Pluie quotidienne,mm,0.0
2025-05-21 04:30:00,Pluie Totale,Pluie Totale,mm,621.0
2025-05-21 04:00:00,Intensité de Pluie,Intensité de Pluie,mm/h,0.0
2025-05-21 04:00:00,Pluie quotidienne,Pluie quotidienne,mm,0.0
2025-05-21 04:00:00,Pluie Totale,Pluie Totale,mm,621.0
2025-05-21 03:30:00,Intensité de Pluie,Intensité de Pluie,mm/h,0.0
2025-05-21 03:30:00,Pluie quotidienne,Pluie quotidienne,mm,0.0
2025-05-21 03:30:00,Pluie Totale,Pluie Totale,mm,621.0
2025-05-21 03:00:00,Intensité de Pluie,Intensité de Pluie,mm/h,0.0
2025-05-21 03:00:00,Pluie quotidienne,Pluie quotidienne,mm,0.0
2025-05-21 03:00:00,Pluie Totale,Pluie Totale,mm,621.0
2025-05-21 02:30:00,Intensité de Pluie,Intensité de Pluie,mm/h,0.0
2025-05-21 02:30:00,Pluie quotidienne,Pluie quotidienne,mm,0.0
2025-05-21 02:30:00,Pluie Totale,Pluie Totale,mm,621.0
2025-05-21 02:00:00,Intensité de Pluie,Intensité de Pluie,mm/h,0.0
2025-05-21 02:00:00,Pluie quotidienne,Pluie quotidienne,mm,0.0
2025-05-21 02:00:00,Pluie Totale,Pluie Totale,mm,621.0
2025-05-21 01:30:00,Intensité de Pluie,Intensité de Pluie,mm/h,0.0
2025-05-21 01:30:00,Pluie quotidienne,Pluie quotidienne,mm,0.0
2025-05-21 01:30:00,Pluie Totale,Pluie Totale,mm,621.0
2025-05-21 01:00:00,Intensité de Pluie,Intensité de Pluie,mm/h,0.0
2025-05-21 01:00:00,Pluie quotidienne,Pluie quotidienne,mm,0.0
2025-05-21 01:00:00,Pluie Totale,Pluie Totale,mm,621.0
2025-05-21 00:30:00,Intensité de Pluie,Intensité de Pluie,mm/h,0.0
2025-05-21 00:30:00,Pluie quotidienne,Pluie quotidienne,mm,0.0
2025-05-21 00:30:00,Pluie Totale,Pluie Totale,mm,621.0
2025-05-21 00:00:00,Intensité de Pluie,Intensité de Pluie,mm/h,0.0
2025-05-21 00:00:00,Pluie quotidienne,Pluie quotidienne,mm,0.0
2025-05-21 00:00:00,Pluie Totale,Pluie Totale,mm,621.0
2025-05-20 23:30:00,Intensité de Pluie,Intensité de Pluie,mm/h,0.0
2025-05-20 23:30:00,Pluie quotidienne,Pluie quotidienne,mm,0.6
2025-05-20 23:30:00,Pluie Totale,Pluie Totale,mm,621.0
2025-05-20 23:00:00,Intensité de Pluie,Intensité de Pluie,mm/h,0.0
2025-05-20 23:00:00,Pluie quotidienne,Pluie quotidienne,mm,0.6
2025-05-20 23:00:00,Pluie Totale,Pluie Totale,mm,621.0
2025-05-20 22:30:00,Intensité de Pluie,Intensité de Pluie,mm/h,0.0
2025-05-20 22:30:00,Pluie quotidienne,Pluie quotidienne,mm,0.6
2025-05-20 22:30:00,Pluie Totale,Pluie Totale,mm,621.0
2025-05-20 22:00:00,Intensité de Pluie,Intensité de Pluie,mm/h,0.0
2025-05-20 22:00:00,Pluie quotidienne,Pluie quotidienne,mm,0.6
2025-05-20 22:00:00,Pluie Totale,Pluie Totale,mm,621.0
2025-05-20 21:30:00,Intensité de Pluie,Intensité de Pluie,mm/h,2.4
2025-05-20 21:30:00,Pluie quotidienne,Pluie quotidienne,mm,0.6
2025-05-20 21:30:00,Pluie Totale,Pluie Totale,mm,621.0
2025-05-20 21:00:00,Intensité de Pluie,Intensité de Pluie,mm/h,4.8
2025-05-20 21:00:00,Pluie quotidienne,Pluie quotidienne,mm,0.4
2025-05-20 21:00:00,Pluie Totale,Pluie Totale,mm,620.8
2025-05-20 20:30:00,Intensité de Pluie,Intensité de Pluie,mm/h,4.8
2025-05-20 20:30:00,Pluie quotidienne,Pluie quotidienne,mm,0.4
2025-05-20 20:30:00,Pluie Totale,Pluie Totale,mm,620.8
2025-05-20 19:30:00,Intensité de Pluie,Intensité de Pluie,mm/h,0.0
2025-05-20 19:30:00,Pluie quotidienne,Pluie quotidienne,mm,0.0
2025-05-20 19:30:00,Pluie Totale,Pluie Totale,mm,620.4
2025-05-20 19:00:00,Intensité de Pluie,Intensité de Pluie,mm/h,0.0
2025-05-20 19:00:00,Pluie quotidienne,Pluie quotidienne,mm,0.0
2025-05-20 19:00:00,Pluie Totale,Pluie Totale,mm,620.4
2025-05-20 18:30:00,Intensité de Pluie,Intensité de Pluie,mm/h,0.0
2025-05-20 18:30:00,Pluie quotidienne,Pluie quotidienne,mm,0.0
2025-05-20 18:30:00,Pluie Totale,Pluie Totale,mm,620.4
2025-05-20 17:30:00,Intensité de Pluie,Intensité de Pluie,mm/h,0.0
2025-05-20 17:30:00,Pluie quotidienne,Pluie quotidienne,mm,0.0
2025-05-20 17:30:00,Pluie Totale,Pluie Totale,mm,620.4
2025-05-20 17:00:00,Intensité de Pluie,Intensité de Pluie,mm/h,0.0
2025-05-20 17:00:00,Pluie quotidienne,Pluie quotidienne,mm,0.0
2025-05-20 17:00:00,Pluie Totale,Pluie Totale,mm,620.4
2025-05-20 16:30:00,Intensité de Pluie,Intensité de Pluie,mm/h,0.0
2025-05-20 16:30:00,Pluie quotidienne,Pluie quotidienne,mm,0.0
2025-05-20 16:30:00,Pluie Totale,Pluie Totale,mm,620.4
2025-05-20 16:00:00,Intensité de Pluie,Intensité de Pluie,mm/h,0.0
2025-05-20 16:00:00,Pluie quotidienne,Pluie quotidienne,mm,0.0
2025-05-20 16:00:00,Pluie Totale,Pluie Totale,mm,620.4
2025-05-20 15:30:00,Intensité de Pluie,Intensité de Pluie,mm/h,0.0
2025-05-20 15:30:00,Pluie quotidienne,Pluie quotidienne,mm,0.0
2025-05-20 15:30:00,Pluie Totale,Pluie Totale,mm,620.4
2025-05-20 15:00:00,Intensité de Pluie,Intensité de Pluie,mm/h,0.0
2025-05-20 15:00:00,Pluie quotidienne,Pluie quotidienne,mm,0.0
2025-05-20 15:00:00,Pluie Totale,Pluie Totale,mm,620.4
2025-05-20 14:30:00,Intensité de Pluie,Intensité de Pluie,mm/h,0.0
2025-05-20 14:30:00,Pluie quotidienne,Pluie quotidienne,mm,0.0
2025-05-20 14:30:00,Pluie Totale,Pluie Totale,mm,620.4
2025-05-20 14:00:00,Intensité de Pluie,Intensité de Pluie,mm/h,0.0
2025-05-20 14:00:00,Pluie quotidienne,Pluie quotidienne,mm,0.0
2025-05-20 14:00:00,Pluie Totale,Pluie Totale,mm,620.4
2025-05-20 13:30:00,Intensité de Pluie,Intensité de Pluie,mm/h,0.0
2025-05-20 13:30:00,Pluie quotidienne,Pluie quotidienne,mm,0.0
2025-05-20 13:30:00,Pluie Totale,Pluie Totale,mm,620.4
2025-05-20 13:00:00,Intensité de Pluie,Intensité de Pluie,mm/h,0.0
2025-05-20 13:00:00,Pluie quotidienne,Pluie quotidienne,mm,0.0
2025-05-20 13:00:00,Pluie Totale,Pluie Totale,mm,620.4
2025-05-20 12:30:00,Intensité de Pluie,Intensité de Pluie,mm/h,0.0
2025-05-20 12:30:00,Pluie quotidienne,Pluie quotidienne,mm,0.0
2025-05-20 12:30:00,Pluie Totale,Pluie Totale,mm,620.4
2025-05-20 12:00:00,Intensité de Pluie,Intensité de Pluie,mm/h,0.0
2025-05-20 12:00:00,Pluie quotidienne,Pluie quotidienne,mm,0.0
2025-05-20 12:00:00,Pluie Totale,Pluie Totale,mm,620.4
2025-05-20 11:30:00,Intensité de Pluie,Intensité de Pluie,mm/h,0.0
2025-05-20 11:30:00,Pluie quotidienne,Pluie quotidienne,mm,0.0
2025-05-20 11:30:00,Pluie Totale,Pluie Totale,mm,620.4
2025-05-20 11:00:00,Intensité de Pluie,Intensité de Pluie,mm/h,0.0
2025-05-20 11:00:00,Pluie quotidienne,Pluie quotidienne,mm,0.0
2025-05-20 11:00:00,Pluie Totale,Pluie Totale,mm,620.4
2025-05-20 10:30:00,Intensité de Pluie,Intensité de Pluie,mm/h,0.0
2025-05-20 10:30:00,Pluie quotidienne,Pluie quotidienne,mm,0.0
2025-05-20 10:30:00,Pluie Totale,Pluie Totale,mm,620.4
2025-05-20 10:00:00,Intensité de Pluie,Intensité de Pluie,mm/h,0.0
2025-05-20 10:00:00,Pluie quotidienne,Pluie quotidienne,mm,0.0
2025-05-20 10:00:00,Pluie Totale,Pluie Totale,mm,620.4
2025-05-20 09:30:00,Intensité de Pluie,Intensité de Pluie,mm/h,0.0
2025-05-20 09:30:00,Pluie quotidienne,Pluie quotidienne,mm,0.0
2025-05-20 09:30:00,Pluie Totale,Pluie Totale,mm,620.4
2025-05-20 09:00:00,Intensité de Pluie,Intensité de Pluie,mm/h,0.0
2025-05-20 09:00:00,Pluie quotidienne,Pluie quotidienne,mm,0.0
2025-05-20 09:00:00,Pluie Totale,Pluie Totale,mm,620.4
2025-05-20 08:30:00,Intensité de Pluie,Intensité de Pluie,mm/h,0.0
2025-05-20 08:30:00,Pluie quotidienne,Pluie quotidienne,mm,0.0
2025-05-20 08:30:00,Pluie Totale,Pluie Totale,mm,620.4
2025-05-20 08:00:00,Intensité de Pluie,Intensité de Pluie,mm/h,0.0
2025-05-20 08:00:00,Pluie quotidienne,Pluie quotidienne,mm,0.0
2025-05-20 08:00:00,Pluie Totale,Pluie Totale,mm,620.4
2025-05-20 07:30:00,Intensité de Pluie,Intensité de Pluie,mm/h,0.0
2025-05-20 07:30:00,Pluie quotidienne,Pluie quotidienne,mm,0.0
2025-05-20 07:30:00,Pluie Totale,Pluie Totale,mm,620.4
2025-05-20 07:00:00,Intensité de Pluie,Intensité de Pluie,mm/h,0.0
2025-05-20 07:00:00,Pluie quotidienne,Pluie quotidienne,mm,0.0
2025-05-20 07:00:00,Pluie Totale,Pluie Totale,mm,620.4
2025-05-20 06:30:00,Intensité de Pluie,Intensité de Pluie,mm/h,0.0
2025-05-20 06:30:00,Pluie quotidienne,Pluie quotidienne,mm,0.0
2025-05-20 06:30:00,Pluie Totale,Pluie Totale,mm,620.4
2025-05-20 06:00:00,Intensité de Pluie,Intensité de Pluie,mm/h,0.0
2025-05-20 06:00:00,Pluie quotidienne,Pluie quotidienne,mm,0.0
2025-05-20 06:00:00,Pluie Totale,Pluie Totale,mm,620.4
2025-05-20 05:30:00,Intensité de Pluie,Intensité de Pluie,mm/h,0.0
2025-05-20 05:30:00,Pluie quotidienne,Pluie quotidienne,mm,0.0
2025-05-20 05:30:00,Pluie Totale,Pluie Totale,mm,620.4
2025-05-20 05:00:00,Intensité de Pluie,Intensité de Pluie,mm/h,0.0
2025-05-20 05:00:00,Pluie quotidienne,Pluie quotidienne,mm,0.0
2025-05-20 05:00:00,Pluie Totale,Pluie Totale,mm,620.4
2025-05-20 04:30:00,Intensité de Pluie,Intensité de Pluie,mm/h,0.0
2025-05-20 04:30:00,Pluie quotidienne,Pluie quotidienne,mm,0.0
2025-05-20 04:30:00,Pluie Totale,Pluie Totale,mm,620.4
2025-05-20 04:00:00,Intensité de Pluie,Intensité de Pluie,mm/h,0.0
2025-05-20 04:00:00,Pluie quotidienne,Pluie quotidienne,mm,0.0
2025-05-20 04:00:00,Pluie Totale,Pluie Totale,mm,620.4
2025-05-20 03:30:00,Intensité de Pluie,Intensité de Pluie,mm/h,0.0
2025-05-20 03:30:00,Pluie quotidienne,Pluie quotidienne,mm,0.0
2025-05-20 03:30:00,Pluie Totale,Pluie Totale,mm,620.4
2025-05-20 03:00:00,Intensité de Pluie,Intensité de Pluie,mm/h,0.0
2025-05-20 03:00:00,Pluie quotidienne,Pluie quotidienne,mm,0.0
2025-05-20 03:00:00,Pluie Totale,Pluie Totale,mm,620.4
2025-05-20 02:30:00,Intensité de Pluie,Intensité de Pluie,mm/h,0.0
2025-05-20 02:30:00,Pluie quotidienne,Pluie quotidienne,mm,0.0
2025-05-20 02:30:00,Pluie Totale,Pluie Totale,mm,620.4
2025-05-20 02:00:00,Intensité de Pluie,Intensité de Pluie,mm/h,0.0
2025-05-20 02:00:00,Pluie quotidienne,Pluie quotidienne,mm,0.0
2025-05-20 02:00:00,Pluie Totale,Pluie Totale,mm,620.4
2025-05-20 01:30:00,Intensité de Pluie,Intensité de Pluie,mm/h,0.0
2025-05-20 01:30:00,Pluie quotidienne,Pluie quotidienne,mm,0.0
2025-05-20 01:30:00,Pluie Totale,Pluie Totale,mm,620.4
2025-05-20 01:00:00,Intensité de Pluie,Intensité de Pluie,mm/h,0.0
2025-05-20 01:00:00,Pluie quotidienne,Pluie quotidienne,mm,0.0
2025-05-20 01:00:00,Pluie Totale,Pluie Totale,mm,620.4
2025-05-20 00:30:00,Intensité de Pluie,Intensité de Pluie,mm/h,0.0
2025-05-20 00:30:00,Pluie quotidienne,Pluie quotidienne,mm,0.0
2025-05-20 00:30:00,Pluie Totale,Pluie Totale,mm,620.4
2025-05-20 00:00:00,Intensité de Pluie,Intensité de Pluie,mm/h,0.0
2025-05-20 00:00:00,Pluie quotidienne,Pluie quotidienne,mm,0.0
2025-05-20 00:00:00,Pluie Totale,Pluie Totale,mm,620.4
