Nom_Fr,Nom_Ar,apports,id_barrage,lachers,stock,cumul_mensuel_apports,cumul_annuel_apports,cumul_mensuel_lachers,cumul_annuel_lachers,moy_mois,cumul_annee_prec,moy_periode,stock_annee_prec,Cap_tot_act,Cote,Cap_tot_init,fonctionnel,Annee_prod,Latitude,Longitude,Bassin_versant,Date
mellegue,مـــــلاق,0.0,1,0.02,25.342,4.47527,123.618,0.36,112.089,14.8922,14.871,161.379,13.5996,51.13,265.0,267.67,1.0,1954,36.3144,8.70273,10300.0,2025-06-18 00:00:00
sarrat,سراط,0.0,36,0.018239,9.04109,0.180773,13.7641,0.266773,5.1118,1.867,2.99257,16.7022,3.41519,21.0,546.0,21.0,1.0,2016,35.8322,8.4434,1850.0,2025-06-18 00:00:00
benmetir,بني مطيــر,0.0,2,0.0432,44.163,0.0,28.0278,0.7776,15.1749,0.282436,28.4242,43.0842,38.4857,60.393,436.5,61.63,1.0,1954,36.7471,8.7419,103.0,2025-06-18 00:00:00
kasseb,كســاب,0.0201493,3,0.06858,26.1517,0.274257,29.946,1.22472,18.6829,0.430066,24.1273,43.265,21.1036,76.9,292.04,81.875,1.0,1968,36.7614,9.0024,101.0,2025-06-18 00:00:00
barbara,بربرة,0.0203574,4,0.0,60.3793,0.293315,57.5185,0.00936,47.3891,0.293949,69.3815,83.4241,56.5646,60.545,182.0,74.82,1.0,1998,36.7341,8.53173,177.0,2025-06-18 00:00:00
sidisalem,سيدي ســــالم,0.109008,5,0.74054,219.242,0.790912,120.884,11.8443,96.5258,9.72415,123.49,390.421,182.956,580.348,115.0,814.0,1.0,1981,36.5907,9.3971,7950.0,2025-06-18 00:00:00
bouheurtma,بو هرتمـــــه,0.00809485,6,0.192687,54.0773,0.684845,51.2966,3.41031,43.5426,1.18503,49.8422,81.0978,64.0792,145.037,221.0,150.5,1.0,1976,36.6719,8.78758,390.0,2025-06-18 00:00:00
joumine,جوميــــــن,0.0134816,7,0.118382,22.3512,0.407817,36.028,2.13959,25.125,0.735881,29.9127,75.7631,27.4462,118.773,90.0,129.9,1.0,1983,36.9909,9.6137,418.0,2025-06-18 00:00:00
ghezala,غزالـــــــة,0.0,8,0.0122,1.84513,0.0145054,2.41591,0.1263,0.326534,0.103143,2.89218,9.49425,1.37711,10.004,82.5,11.7,1.0,1984,37.0594,9.5458,48.0,2025-06-18 00:00:00
melah,المالح,0.0,33,0.06961,9.936,0.0344947,9.87924,0.38128,0.38128,0.37,10.9998,25.572,2.1814,41.0,136.0,41.0,1.0,2015,37.0761,9.4488,85.9,2025-06-18 00:00:00
tine,الطين,0.00589302,34,0.0,2.8591,0.0835732,3.05767,0.0,0.0,0.16,2.70041,17.336,3.3154,34.0,136.0,34.0,1.0,2017,36.864,9.6287,276.0,2025-06-18 00:00:00
sejnane,سجنــــــان,0.0,9,0.603677,57.8543,1.26572,69.8225,12.1615,177.226,1.37957,49.7104,118.756,43.9199,132.59,86.5,137.5,1.0,1994,37.181,9.4751,367.0,2025-06-18 00:00:00
zarga,الزرقـة,0.0,10,0.0,21.952,0.0714413,21.1764,0.044,3.79338,0.09,18.6549,22.054,15.49,24.256,93.0,24.0,1.0,2012,36.8824,8.6992,60.0,2025-06-18 00:00:00
kebir,الكبيــر,0.0,31,0.0,46.2848,0.149073,30.1891,0.0,11.5034,0.124519,20.1943,39.5699,28.52,64.4,85.0,64.4,1.0,2014,36.8802,8.7211,85.2,2025-06-18 00:00:00
moula,المولى,0.00446482,32,0.0,20.228,0.0472594,20.8259,0.0,8.08648,0.118173,11.5416,31.8114,16.4,26.337,110.0,26.3,1.0,2013,36.9347,8.845,58.0,2025-06-18 00:00:00
selbarrak,سيدي البــــراق,0.0,11,0.503,174.86,0.742501,209.007,12.7386,141.799,1.97054,131.862,295.247,120.586,286.514,27.0,286.514,1.0,1999,37.0244,8.93652,865.0,2025-06-18 00:00:00
ziatine,الزياتيـن,0.0174712,12,0.020803,14.7326,0.337854,15.102,0.645275,8.27291,0.1,10.7071,29.16,12.093,33.3,37.0,33.0,1.0,2012,37.1856,9.2011,95.0,2025-06-18 00:00:00
gamgoum,القمقـوم,0.0,13,0.0,9.10654,0.0401995,4.59669,0.0,3.995,0.0,3.31864,7.96404,11.6973,18.3,48.0,18.3,1.0,2012,37.1989,9.2679,35.5,2025-06-18 00:00:00
harka,الحركـة,0.0,35,0.0,13.0183,0.0888077,7.24243,0.0,0.0,0.34,5.44787,24.364,8.65186,30.3,38.4,30.3,1.0,2016,37.222,9.4024,77.0,2025-06-18 00:00:00
siliana,سليانـــــــة,0.0,14,0.0,11.182,0.150526,9.38364,0.0,0.2375,0.902666,6.08749,34.8052,6.81019,30.986,388.5,70.0,1.0,1987,36.1571,9.3521,1040.0,2025-06-18 00:00:00
lakhmess,لخمـــــــاس,0.00444312,15,5e-05,2.21386,0.0682006,1.52963,0.000835,0.017867,0.481743,0.761405,12.2115,1.29575,7.22,517.06,8.22,1.0,1966,35.9994,9.4752,127.0,2025-06-18 00:00:00
rmil,الرميـــــــل,0.0004646,16,0.0,0.7678,0.0221859,0.870621,0.0,0.0,0.0634854,0.492037,9.98985,0.4924,2.0,285.0,4.0,1.0,2002,36.3023,9.5019,232.0,2025-06-18 00:00:00
birmcherga,بئر المشارقـــة,0.0,17,0.0068,9.52544,0.00248593,8.32353,0.1224,0.66272,0.338467,6.97176,25.8489,9.78361,41.599,122.5,52.9,1.0,1971,36.5119,10.0102,1263.0,2025-06-18 00:00:00
rmel,الرمــــــل,0.0,18,0.0105,18.3496,0.0,27.4841,0.189,2.34021,0.16196,6.30358,15.8279,1.29636,23.825,43.0,22.0,1.0,1998,36.3308,10.3584,675.0,2025-06-18 00:00:00
nebhana,نبهانــــــة,0.0101837,19,0.017045,5.31958,0.0797036,6.2469,0.453195,1.27526,0.741472,1.7664,22.029,2.34222,64.61,230.0,86.5,1.0,1965,36.06,9.8724,855.0,2025-06-18 00:00:00
sidisaad,سيدي سعـــد,0.0,20,0.0064,25.2339,0.148615,10.4978,0.0064,0.143923,2.50689,4.22008,43.4821,24.6192,133.317,270.0,209.0,1.0,1981,35.3902,9.6948,8950.0,2025-06-18 00:00:00
elhaouareb,هـــــــوارب,0.000314797,21,0.0,0.00576132,0.0116945,8.96274,0.0,0.028406,0.496056,0.209116,14.5312,0.00576132,77.47,217.0,0.0,1.0,1989,35.5727,9.7468,1120.0,2025-06-18 00:00:00
sficifa,سفيسيفة,0.0,22,0.0,2.00829,0.0,1.14743,0.0,0.0,0.025429,1.23023,1.42052,2.20709,7.71,677.8,4.24,1.0,2005,35.3413,9.0705,173.65,2025-06-18 00:00:00
sidiach,سيدي يعيــــش,0.0,23,0.0,0.0,0.0,0.407372,0.0,0.022,0.111814,0.621172,1.80856,1.337,88.0,541.0,88.0,1.0,1997,34.7468,8.7476,1900.0,2025-06-18 00:00:00
elbrek,البــــــــرك,0.0,24,0.0,0.216,0.0276077,2.24805,0.0,0.02,0.0835049,0.549263,2.07752,0.09,14.6,849.0,16.0,1.0,2002,35.4705,8.9677,293.0,2025-06-18 00:00:00
bezirk,بزيـــــــغ,0.0,25,0.0,2.638,0.0070024,3.33337,0.0,0.042,0.130037,0.226875,5.04002,0.12824,5.01,54.62,6.5,1.0,1959,36.7195,10.6272,86.0,2025-06-18 00:00:00
chiba,شيبـــــــة,0.0,26,0.0,0.67932,0.00588561,1.21013,0.0,0.050184,0.18711,0.000549519,6.67759,0.000475792,3.79,77.88,7.8,1.0,1963,36.6973,10.772,64.0,2025-06-18 00:00:00
masri,مصــــــري,0.00529529,27,0.0,2.76005,0.224289,4.20098,0.3,6.2617,0.158997,1.39699,4.66608,4.46897,5.068,163.0,6.9,1.0,1968,36.534,10.4911,53.0,2025-06-18 00:00:00
lebna,لبنــــــــة,0.0109349,28,0.0,4.48788,0.0331233,6.2844,0.0,0.0,0.182602,0.597427,17.973,0.48053,25.46,18.04,30.1,1.0,1986,36.7388,10.9218,199.0,2025-06-18 00:00:00
hma,الحمـــــى,0.0,29,0.011,3.09921,0.0048187,4.11252,0.078,0.11304,0.0578286,0.763968,4.44287,0.107052,12.854,102.4,12.1,1.0,2002,36.5874,10.304,123.0,2025-06-18 00:00:00
abid,العبيـــــــد,0.0,30,0.00576,3.94567,0.0190331,4.17015,0.00576,0.04398,0.0124065,0.30755,5.2352,0.673805,9.615,42.2,10.0,1.0,2002,36.8308,10.7086,54.0,2025-06-18 00:00:00
mellegue,مـــــلاق,0.0,1,0.02,25.4278,4.47527,123.618,0.34,112.069,14.8922,14.871,160.883,13.6546,51.13,265.0,267.67,1.0,1954,36.3144,8.70273,10300.0,2025-06-17 00:00:00
sarrat,سراط,0.0210389,36,0.025217,9.09149,0.180773,13.7641,0.248534,5.09356,1.867,2.94449,16.64,3.37218,21.0,546.0,21.0,1.0,2016,35.8322,8.4434,1850.0,2025-06-17 00:00:00
benmetir,بني مطيــر,0.0,2,0.0432,44.2407,0.0,28.0278,0.7344,15.1317,0.282436,28.4242,43.0747,38.5846,60.393,436.5,61.63,1.0,1954,36.7471,8.7419,103.0,2025-06-17 00:00:00
kasseb,كســاب,0.040969,3,0.06858,26.216,0.254108,29.9259,1.15614,18.6143,0.430066,24.1273,43.2506,21.1774,76.9,292.04,81.875,1.0,1968,36.7614,9.0024,101.0,2025-06-17 00:00:00
barbara,بربرة,0.0,4,0.0,60.3793,0.272957,57.4981,0.00936,47.3891,0.293949,69.3815,83.4143,56.6426,60.545,182.0,74.82,1.0,1998,36.7341,8.53173,177.0,2025-06-17 00:00:00
sidisalem,سيدي ســــالم,0.0,5,0.84134,220.048,0.681904,120.775,11.1038,95.7853,9.72415,123.49,390.097,184.187,580.348,115.0,814.0,1.0,1981,36.5907,9.3971,7950.0,2025-06-17 00:00:00
bouheurtma,بو هرتمـــــه,7.51791e-06,6,0.183743,54.2909,0.67675,51.2885,3.21763,43.3499,1.18503,49.8267,81.0583,64.196,145.037,221.0,150.5,1.0,1976,36.6719,8.78758,390.0,2025-06-17 00:00:00
joumine,جوميــــــن,0.0,7,0.123426,22.4717,0.394335,36.0146,2.02121,25.0066,0.735881,29.9115,75.7386,27.6614,118.773,90.0,129.9,1.0,1983,36.9909,9.6137,418.0,2025-06-17 00:00:00
ghezala,غزالـــــــة,0.0,8,0.0119,1.86931,0.0145054,2.41591,0.1141,0.314334,0.103143,2.89218,9.49081,1.38985,10.004,82.5,11.7,1.0,1984,37.0594,9.5458,48.0,2025-06-17 00:00:00
melah,المالح,0.0,33,0.0693,10.02,0.0344947,9.87924,0.31167,0.31167,0.37,10.9998,25.5597,2.2474,41.0,136.0,41.0,1.0,2015,37.0761,9.4488,85.9,2025-06-17 00:00:00
tine,الطين,0.0,34,0.0,2.8591,0.0776802,3.05178,0.0,0.0,0.16,2.70041,17.3307,3.3271,34.0,136.0,34.0,1.0,2017,36.864,9.6287,276.0,2025-06-17 00:00:00
sejnane,سجنــــــان,0.0930492,9,0.610177,58.0874,1.26572,69.8225,11.5578,176.622,1.37957,49.7104,118.71,44.0401,132.59,86.5,137.5,1.0,1994,37.181,9.4751,367.0,2025-06-17 00:00:00
zarga,الزرقـة,0.0,10,0.0,22.006,0.0714413,21.1764,0.044,3.79338,0.09,18.6549,22.051,15.62,24.256,93.0,24.0,1.0,2012,36.8824,8.6992,60.0,2025-06-17 00:00:00
kebir,الكبيــر,0.0151965,31,0.0,46.3106,0.149073,30.1891,0.0,11.5034,0.124519,20.1943,39.5657,28.54,64.4,85.0,64.4,1.0,2014,36.8802,8.7211,85.2,2025-06-17 00:00:00
moula,المولى,0.0,32,0.0,20.228,0.0427945,20.8215,0.0,8.08648,0.118173,11.5416,31.8075,16.56,26.337,110.0,26.3,1.0,2013,36.9347,8.845,58.0,2025-06-17 00:00:00
selbarrak,سيدي البــــراق,0.00822193,11,0.532,175.521,0.742501,209.007,12.2356,141.296,1.97054,131.666,295.181,120.586,286.514,27.0,286.514,1.0,1999,37.0244,8.93652,865.0,2025-06-17 00:00:00
ziatine,الزياتيـن,0.0126531,12,0.027899,14.7459,0.320383,15.0845,0.624472,8.2521,0.1,10.6978,29.1567,12.1339,33.3,37.0,33.0,1.0,2012,37.1856,9.2011,95.0,2025-06-17 00:00:00
gamgoum,القمقـوم,0.00459963,13,0.0,9.11514,0.0401995,4.59669,0.0,3.995,0.0,3.3142,7.96404,11.728,18.3,48.0,18.3,1.0,2012,37.1989,9.2679,35.5,2025-06-17 00:00:00
harka,الحركـة,0.00936038,35,0.0,13.0413,0.0888077,7.24243,0.0,0.0,0.34,5.44787,24.3527,8.6636,30.3,38.4,30.3,1.0,2016,37.222,9.4024,77.0,2025-06-17 00:00:00
siliana,سليانـــــــة,0.0,14,0.0,11.2162,0.150526,9.38364,0.0,0.2375,0.902666,6.08749,34.7751,6.84084,30.986,388.5,70.0,1.0,1987,36.1571,9.3521,1040.0,2025-06-17 00:00:00
lakhmess,لخمـــــــاس,0.0,15,5.4e-05,2.21386,0.0637575,1.52519,0.000785,0.017817,0.481743,0.758206,12.1954,1.29575,7.22,517.06,8.22,1.0,1966,35.9994,9.4752,127.0,2025-06-17 00:00:00
rmil,الرميـــــــل,0.000537312,16,0.0,0.7712,0.0217213,0.870156,0.0,0.0,0.0634854,0.492037,9.98773,0.4963,2.0,285.0,4.0,1.0,2002,36.3023,9.5019,232.0,2025-06-17 00:00:00
birmcherga,بئر المشارقـــة,0.0,17,0.0068,9.58998,0.00248593,8.32353,0.1156,0.65592,0.338467,6.94424,25.8377,9.78361,41.599,122.5,52.9,1.0,1971,36.5119,10.0102,1263.0,2025-06-17 00:00:00
rmel,الرمــــــل,0.0,18,0.0105,18.4092,0.0,27.4841,0.1785,2.32971,0.16196,6.30358,15.8225,1.3264,23.825,43.0,22.0,1.0,1998,36.3308,10.3584,675.0,2025-06-17 00:00:00
nebhana,نبهانــــــة,0.0106484,19,0.0175,5.3349,0.0695199,6.23671,0.43615,1.25822,0.741472,1.76174,22.0042,2.36027,64.61,230.0,86.5,1.0,1965,36.06,9.8724,855.0,2025-06-17 00:00:00
sidisaad,سيدي سعـــد,0.0,20,0.0,25.3705,0.148615,10.4978,0.0,0.137523,2.50689,4.1805,43.3986,24.6192,133.317,270.0,209.0,1.0,1981,35.3902,9.6948,8950.0,2025-06-17 00:00:00
elhaouareb,هـــــــوارب,0.000309416,21,0.0,0.00576132,0.0113797,8.96243,0.0,0.028406,0.496056,0.208777,14.5147,0.00576132,77.47,217.0,0.0,1.0,1989,35.5727,9.7468,1120.0,2025-06-17 00:00:00
sficifa,سفيسيفة,0.0,22,0.0,2.01226,0.0,1.14743,0.0,0.0,0.025429,1.23023,1.41967,2.21504,7.71,677.8,4.24,1.0,2005,35.3413,9.0705,173.65,2025-06-17 00:00:00
sidiach,سيدي يعيــــش,0.0,23,0.0,0.0,0.0,0.407372,0.0,0.022,0.111814,0.618585,1.80483,1.337,88.0,541.0,88.0,1.0,1997,34.7468,8.7476,1900.0,2025-06-17 00:00:00
elbrek,البــــــــرك,0.0019866,24,0.0,0.274,0.0276077,2.24805,0.0,0.02,0.0835049,0.547984,2.07474,0.09,14.6,849.0,16.0,1.0,2002,35.4705,8.9677,293.0,2025-06-17 00:00:00
bezirk,بزيـــــــغ,0.0,25,0.0,2.645,0.0070024,3.33337,0.0,0.042,0.130037,0.226875,5.03569,0.12958,5.01,54.62,6.5,1.0,1959,36.7195,10.6272,86.0,2025-06-17 00:00:00
chiba,شيبـــــــة,0.0,26,0.0,0.684732,0.00588561,1.21013,0.0,0.050184,0.18711,0.000546274,6.67135,0.000475792,3.79,77.88,7.8,1.0,1963,36.6973,10.772,64.0,2025-06-17 00:00:00
masri,مصــــــري,0.00123936,27,0.0,2.74806,0.218994,4.19568,0.3,6.2617,0.158997,1.39439,4.66078,4.46897,5.068,163.0,6.9,1.0,1968,36.534,10.4911,53.0,2025-06-17 00:00:00
lebna,لبنــــــــة,0.0,28,0.0,4.48788,0.0221885,6.27347,0.0,0.0,0.182602,0.594346,17.9669,0.48053,25.46,18.04,30.1,1.0,1986,36.7388,10.9218,199.0,2025-06-17 00:00:00
hma,الحمـــــى,0.0,29,0.0,3.11497,0.0048187,4.11252,0.067,0.10204,0.0578286,0.763968,4.44094,0.111717,12.854,102.4,12.1,1.0,2002,36.5874,10.304,123.0,2025-06-17 00:00:00
abid,العبيـــــــد,0.00402116,30,0.0,3.9609,0.0190331,4.17015,0.0,0.03822,0.0124065,0.30755,5.23479,0.676475,9.615,42.2,10.0,1.0,2002,36.8308,10.7086,54.0,2025-06-17 00:00:00
mellegue,مـــــلاق,0.0,1,0.02,25.5136,4.47527,123.618,0.32,112.049,14.8922,14.8644,160.386,13.682,51.13,265.0,267.67,1.0,1954,36.3144,8.70273,10300.0,2025-06-16 00:00:00
sarrat,سراط,0.0095701,36,0.013726,9.1083,0.159734,13.743,0.223317,5.06834,1.867,2.7895,16.5777,3.22164,21.0,546.0,21.0,1.0,2016,35.8322,8.4434,1850.0,2025-06-16 00:00:00
benmetir,بني مطيــر,0.0,2,0.0432,44.3185,0.0,28.0278,0.6912,15.0885,0.282436,28.4242,43.0653,38.6834,60.393,436.5,61.63,1.0,1954,36.7471,8.7419,103.0,2025-06-16 00:00:00
kasseb,كســاب,0.0208489,3,0.06858,26.2589,0.213139,29.8849,1.08756,18.5457,0.430066,24.1273,43.2363,21.2328,76.9,292.04,81.875,1.0,1968,36.7614,9.0024,101.0,2025-06-16 00:00:00
barbara,بربرة,0.0263662,4,0.0,60.4207,0.272957,57.4981,0.00936,47.3891,0.293949,69.3679,83.4045,56.6816,60.545,182.0,74.82,1.0,1998,36.7341,8.53173,177.0,2025-06-16 00:00:00
sidisalem,سيدي ســــالم,0.0,5,0.84134,221.123,0.681904,120.775,10.2624,94.944,9.72415,123.49,389.773,185.419,580.348,115.0,814.0,1.0,1981,36.5907,9.3971,7950.0,2025-06-16 00:00:00
bouheurtma,بو هرتمـــــه,0.0685481,6,0.200045,54.5045,0.676742,51.2884,3.03388,43.1662,1.18503,49.8267,81.0188,64.3128,145.037,221.0,150.5,1.0,1976,36.6719,8.78758,390.0,2025-06-16 00:00:00
joumine,جوميــــــن,0.0898325,7,0.121681,22.6938,0.394335,36.0146,1.89779,24.8832,0.735881,29.8743,75.7141,27.8298,118.773,90.0,129.9,1.0,1983,36.9909,9.6137,418.0,2025-06-16 00:00:00
ghezala,غزالـــــــة,0.0,8,0.011,1.88866,0.0145054,2.41591,0.1022,0.302434,0.103143,2.89037,9.48737,1.38985,10.004,82.5,11.7,1.0,1984,37.0594,9.5458,48.0,2025-06-16 00:00:00
melah,المالح,0.0,33,0.06301,10.104,0.0344947,9.87924,0.24237,0.24237,0.37,10.9998,25.5473,2.3134,41.0,136.0,41.0,1.0,2015,37.0761,9.4488,85.9,2025-06-16 00:00:00
tine,الطين,0.0073872,34,0.0,2.8708,0.0776802,3.05178,0.0,0.0,0.16,2.69495,17.3253,3.3271,34.0,136.0,34.0,1.0,2017,36.864,9.6287,276.0,2025-06-16 00:00:00
sejnane,سجنــــــان,0.0540892,9,0.719177,58.1807,1.17267,69.7295,10.9477,176.012,1.37957,49.7104,118.664,44.1603,132.59,86.5,137.5,1.0,1994,37.181,9.4751,367.0,2025-06-16 00:00:00
zarga,الزرقـة,0.00927991,10,0.0,22.042,0.0714413,21.1764,0.044,3.79338,0.09,18.6454,22.048,15.737,24.256,93.0,24.0,1.0,2012,36.8824,8.6992,60.0,2025-06-16 00:00:00
kebir,الكبيــر,0.0,31,0.0,46.3106,0.133876,30.1739,0.0,11.5034,0.124519,20.1846,39.5616,28.54,64.4,85.0,64.4,1.0,2014,36.8802,8.7211,85.2,2025-06-16 00:00:00
moula,المولى,0.00857606,32,0.0,20.24,0.0427945,20.8215,0.0,8.08648,0.118173,11.5262,31.8035,16.6667,26.337,110.0,26.3,1.0,2013,36.9347,8.845,58.0,2025-06-16 00:00:00
selbarrak,سيدي البــــراق,0.0,11,0.6836,176.181,0.734279,208.999,11.7036,140.764,1.97054,131.63,295.116,120.586,286.514,27.0,286.514,1.0,1999,37.0244,8.93652,865.0,2025-06-16 00:00:00
ziatine,الزياتيـن,0.0196481,12,0.034159,14.7726,0.30773,15.0718,0.596573,8.2242,0.1,10.6734,29.1533,12.1611,33.3,37.0,33.0,1.0,2012,37.1856,9.2011,95.0,2025-06-16 00:00:00
gamgoum,القمقـوم,0.0,13,0.0,9.11514,0.0355999,4.59209,0.0,3.995,0.0,3.3142,7.96404,11.7688,18.3,48.0,18.3,1.0,2012,37.1989,9.2679,35.5,2025-06-16 00:00:00
harka,الحركـة,0.0,35,0.0,13.0413,0.0794473,7.23307,0.0,0.0,0.34,5.44221,24.3413,8.6636,30.3,38.4,30.3,1.0,2016,37.222,9.4024,77.0,2025-06-16 00:00:00
siliana,سليانـــــــة,0.0,14,0.0,11.2504,0.150526,9.38364,0.0,0.2375,0.902666,6.08749,34.745,6.87149,30.986,388.5,70.0,1.0,1987,36.1571,9.3521,1040.0,2025-06-16 00:00:00
lakhmess,لخمـــــــاس,0.00448678,15,4.9e-05,2.21936,0.0637575,1.52519,0.000731,0.017763,0.481743,0.758206,12.1794,1.29996,7.22,517.06,8.22,1.0,1966,35.9994,9.4752,127.0,2025-06-16 00:00:00
rmil,الرميـــــــل,0.0005759,16,0.0,0.7746,0.021184,0.869619,0.0,0.0,0.0634854,0.489234,9.98562,0.4963,2.0,285.0,4.0,1.0,2002,36.3023,9.5019,232.0,2025-06-16 00:00:00
birmcherga,بئر المشارقـــة,0.00159444,17,0.0068,9.65452,0.00248593,8.32353,0.1088,0.64912,0.338467,6.94424,25.8264,9.84815,41.599,122.5,52.9,1.0,1971,36.5119,10.0102,1263.0,2025-06-16 00:00:00
rmel,الرمــــــل,0.0,18,0.0105,18.5286,0.0,27.4841,0.168,2.31921,0.16196,6.30358,15.8171,1.37146,23.825,43.0,22.0,1.0,1998,36.3308,10.3584,675.0,2025-06-16 00:00:00
nebhana,نبهانــــــة,0.00432737,19,0.02648,5.35021,0.0588715,6.22606,0.41865,1.24072,0.741472,1.74771,21.9795,2.36929,64.61,230.0,86.5,1.0,1965,36.06,9.8724,855.0,2025-06-16 00:00:00
sidisaad,سيدي سعـــد,0.0,20,0.0,25.4388,0.148615,10.4978,0.0,0.137523,2.50689,4.1805,43.315,24.6875,133.317,270.0,209.0,1.0,1981,35.3902,9.6948,8950.0,2025-06-16 00:00:00
elhaouareb,هـــــــوارب,0.000291478,21,0.0,0.00576132,0.0110703,8.96212,0.0,0.028406,0.496056,0.208446,14.4982,0.00576132,77.47,217.0,0.0,1.0,1989,35.5727,9.7468,1120.0,2025-06-16 00:00:00
sficifa,سفيسيفة,0.0,22,0.0,2.01624,0.0,1.14743,0.0,0.0,0.025429,1.23023,1.41883,2.22697,7.71,677.8,4.24,1.0,2005,35.3413,9.0705,173.65,2025-06-16 00:00:00
sidiach,سيدي يعيــــش,0.0,23,0.0,0.0,0.0,0.407372,0.0,0.022,0.111814,0.615997,1.8011,1.337,88.0,541.0,88.0,1.0,1997,34.7468,8.7476,1900.0,2025-06-16 00:00:00
elbrek,البــــــــرك,0.00204336,24,0.0,0.274,0.0256211,2.24606,0.0,0.02,0.0835049,0.546706,2.07195,0.09,14.6,849.0,16.0,1.0,2002,35.4705,8.9677,293.0,2025-06-16 00:00:00
bezirk,بزيـــــــغ,0.0,25,0.0,2.652,0.0070024,3.33337,0.0,0.042,0.130037,0.226875,5.03135,0.13092,5.01,54.62,6.5,1.0,1959,36.7195,10.6272,86.0,2025-06-16 00:00:00
chiba,شيبـــــــة,0.0,26,0.0,0.690144,0.00588561,1.21013,0.0,0.050184,0.18711,0.000542435,6.66511,0.000475792,3.79,77.88,7.8,1.0,1963,36.6973,10.772,64.0,2025-06-16 00:00:00
masri,مصــــــري,0.0,27,0.0,2.73007,0.217754,4.19444,0.3,6.2617,0.158997,1.39214,4.65548,4.46897,5.068,163.0,6.9,1.0,1968,36.534,10.4911,53.0,2025-06-16 00:00:00
lebna,لبنــــــــة,0.0124878,28,0.0,4.50878,0.0221885,6.27347,0.0,0.0,0.182602,0.594346,17.9608,0.487885,25.46,18.04,30.1,1.0,1986,36.7388,10.9218,199.0,2025-06-16 00:00:00
hma,الحمـــــى,7.94656e-05,29,0.011,3.12285,0.0048187,4.11252,0.067,0.10204,0.0578286,0.763968,4.43902,0.114827,12.854,102.4,12.1,1.0,2002,36.5874,10.304,123.0,2025-06-16 00:00:00
abid,العبيـــــــد,0.0,30,0.0,3.9609,0.0150119,4.16613,0.0,0.03822,0.0124065,0.306376,5.23438,0.676475,9.615,42.2,10.0,1.0,2002,36.8308,10.7086,54.0,2025-06-16 00:00:00
mellegue,مـــــلاق,0.0,1,0.02,25.5564,4.47527,123.618,0.3,112.029,14.8922,14.8644,159.89,13.737,51.13,265.0,267.67,1.0,1954,36.3144,8.70273,10300.0,2025-06-15 00:00:00
sarrat,سراط,0.00636955,36,0.01177,9.1251,0.150164,13.7335,0.209591,5.05462,1.867,2.7895,16.5155,3.24314,21.0,546.0,21.0,1.0,2016,35.8322,8.4434,1850.0,2025-06-15 00:00:00
benmetir,بني مطيــر,0.0,2,0.0432,44.3962,0.0,28.0278,0.648,15.0453,0.282436,28.4242,43.0559,38.7823,60.393,436.5,61.63,1.0,1954,36.7471,8.7419,103.0,2025-06-15 00:00:00
kasseb,كســاب,0.0200648,3,0.06858,26.3232,0.19229,29.8641,1.01898,18.4771,0.430066,24.1273,43.222,21.2882,76.9,292.04,81.875,1.0,1968,36.7614,9.0024,101.0,2025-06-15 00:00:00
barbara,بربرة,0.0,4,0.0,60.4207,0.246591,57.4718,0.00936,47.3891,0.293949,69.3679,83.3948,56.7596,60.545,182.0,74.82,1.0,1998,36.7341,8.53173,177.0,2025-06-15 00:00:00
sidisalem,سيدي ســــالم,0.0,5,0.84134,222.198,0.681904,120.775,9.4211,94.1026,9.72415,123.49,389.449,186.65,580.348,115.0,814.0,1.0,1981,36.5907,9.3971,7950.0,2025-06-15 00:00:00
bouheurtma,بو هرتمـــــه,0.0656396,6,0.201787,54.6647,0.608194,51.2199,2.83384,42.9662,1.18503,49.8267,80.9793,64.488,145.037,221.0,150.5,1.0,1976,36.6719,8.78758,390.0,2025-06-15 00:00:00
joumine,جوميــــــن,0.0168348,7,0.120059,22.7433,0.304503,35.9247,1.77611,24.7615,0.735881,29.8743,75.6896,28.0542,118.773,90.0,129.9,1.0,1983,36.9909,9.6137,418.0,2025-06-15 00:00:00
ghezala,غزالـــــــة,0.0,8,0.0,1.90317,0.0145054,2.41591,0.0912,0.291434,0.103143,2.89037,9.48394,1.39409,10.004,82.5,11.7,1.0,1984,37.0594,9.5458,48.0,2025-06-15 00:00:00
melah,المالح,0.0,33,0.0632,10.188,0.0344947,9.87924,0.17936,0.17936,0.37,10.9998,25.535,2.375,41.0,136.0,41.0,1.0,2015,37.0761,9.4488,85.9,2025-06-15 00:00:00
tine,الطين,0.0,34,0.0,2.8708,0.070293,3.04439,0.0,0.0,0.16,2.69495,17.32,3.3388,34.0,136.0,34.0,1.0,2017,36.864,9.6287,276.0,2025-06-15 00:00:00
sejnane,سجنــــــان,0.0314233,9,0.737677,58.274,1.0992,69.656,10.2285,175.293,1.37957,49.7104,118.618,44.2804,132.59,86.5,137.5,1.0,1994,37.181,9.4751,367.0,2025-06-15 00:00:00
zarga,الزرقـة,0.0,10,0.0,22.042,0.0621614,21.1671,0.044,3.79338,0.09,18.6454,22.045,15.854,24.256,93.0,24.0,1.0,2012,36.8824,8.6992,60.0,2025-06-15 00:00:00
kebir,الكبيــر,0.0201416,31,0.0,46.3364,0.133876,30.1739,0.0,11.5034,0.124519,20.1846,39.5574,28.56,64.4,85.0,64.4,1.0,2014,36.8802,8.7211,85.2,2025-06-15 00:00:00
moula,المولى,0.0,32,0.0,20.24,0.0342185,20.8129,0.0,8.08648,0.118173,11.5238,31.7996,16.7734,26.337,110.0,26.3,1.0,2013,36.9347,8.845,58.0,2025-06-15 00:00:00
selbarrak,سيدي البــــراق,0.0,11,0.739808,177.062,0.734279,208.999,11.0428,140.104,1.97054,131.63,295.05,120.777,286.514,27.0,286.514,1.0,1999,37.0244,8.93652,865.0,2025-06-15 00:00:00
ziatine,الزياتيـن,0.0240873,12,0.037861,14.7994,0.288082,15.0522,0.562414,8.19005,0.1,10.6694,29.15,12.202,33.3,37.0,33.0,1.0,2012,37.1856,9.2011,95.0,2025-06-15 00:00:00
gamgoum,القمقـوم,0.0,13,0.0,9.12374,0.0355999,4.59209,0.0,3.995,0.0,3.3108,7.96404,11.8005,18.3,48.0,18.3,1.0,2012,37.1989,9.2679,35.5,2025-06-15 00:00:00
harka,الحركـة,0.0103704,35,0.0,13.0643,0.0794473,7.23307,0.0,0.0,0.34,5.44221,24.33,8.67535,30.3,38.4,30.3,1.0,2016,37.222,9.4024,77.0,2025-06-15 00:00:00
siliana,سليانـــــــة,0.0,14,0.0,11.2846,0.150526,9.38364,0.0,0.2375,0.902666,6.08749,34.7149,6.9328,30.986,388.5,70.0,1.0,1987,36.1571,9.3521,1040.0,2025-06-15 00:00:00
lakhmess,لخمـــــــاس,0.00423993,15,5.1e-05,2.21936,0.0592707,1.5207,0.000682,0.017714,0.481743,0.754679,12.1633,1.29996,7.22,517.06,8.22,1.0,1966,35.9994,9.4752,127.0,2025-06-15 00:00:00
rmil,الرميـــــــل,0.000340063,16,0.0,0.778,0.0206081,0.869043,0.0,0.0,0.0634854,0.489234,9.9835,0.5002,2.0,285.0,4.0,1.0,2002,36.3023,9.5019,232.0,2025-06-15 00:00:00
birmcherga,بئر المشارقـــة,0.0,17,0.0068,9.6868,0.000891485,8.32194,0.102,0.64232,0.338467,6.94424,25.8151,9.91269,41.599,122.5,52.9,1.0,1971,36.5119,10.0102,1263.0,2025-06-15 00:00:00
rmel,الرمــــــل,0.0,18,0.0105,18.6479,0.0,27.4841,0.1575,2.30871,0.16196,6.30358,15.8117,1.4015,23.825,43.0,22.0,1.0,1998,36.3308,10.3584,675.0,2025-06-15 00:00:00
nebhana,نبهانــــــة,0.00868229,19,0.03167,5.38083,0.0545441,6.22174,0.39217,1.21424,0.741472,1.7412,21.9548,2.38734,64.61,230.0,86.5,1.0,1965,36.06,9.8724,855.0,2025-06-15 00:00:00
sidisaad,سيدي سعـــد,0.0,20,0.0,25.5071,0.148615,10.4978,0.0,0.137523,2.50689,4.14275,43.2315,24.6875,133.317,270.0,209.0,1.0,1981,35.3902,9.6948,8950.0,2025-06-15 00:00:00
elhaouareb,هـــــــوارب,0.000290133,21,0.0,0.00576132,0.0107788,8.96183,0.0,0.028406,0.496056,0.208121,14.4816,0.00576132,77.47,217.0,0.0,1.0,1989,35.5727,9.7468,1120.0,2025-06-15 00:00:00
sficifa,سفيسيفة,0.0,22,0.0,2.02021,0.0,1.14743,0.0,0.0,0.025429,1.23023,1.41798,2.23493,7.71,677.8,4.24,1.0,2005,35.3413,9.0705,173.65,2025-06-15 00:00:00
sidiach,سيدي يعيــــش,0.0,23,0.0,0.0,0.0,0.407372,0.0,0.022,0.111814,0.61341,1.79737,1.337,88.0,541.0,88.0,1.0,1997,34.7468,8.7476,1900.0,2025-06-15 00:00:00
elbrek,البــــــــرك,0.0021285,24,0.0,0.274,0.0235778,2.24402,0.0,0.02,0.0835049,0.546706,2.06917,0.1,14.6,849.0,16.0,1.0,2002,35.4705,8.9677,293.0,2025-06-15 00:00:00
bezirk,بزيـــــــغ,0.0,25,0.0,2.659,0.0070024,3.33337,0.0,0.042,0.130037,0.226079,5.02702,0.13092,5.01,54.62,6.5,1.0,1959,36.7195,10.6272,86.0,2025-06-15 00:00:00
chiba,شيبـــــــة,0.00342682,26,0.0,0.700967,0.00588561,1.21013,0.0,0.050184,0.18711,0.000538704,6.65888,0.000475792,3.79,77.88,7.8,1.0,1963,36.6973,10.772,64.0,2025-06-15 00:00:00
masri,مصــــــري,0.00747489,27,0.0,2.72408,0.217754,4.19444,0.3,6.2617,0.158997,1.39214,4.65018,4.5142,5.068,163.0,6.9,1.0,1968,36.534,10.4911,53.0,2025-06-15 00:00:00
lebna,لبنــــــــة,0.0,28,0.0,4.50878,0.00970066,6.26098,0.0,0.0,0.182602,0.590636,17.9548,0.487885,25.46,18.04,30.1,1.0,1986,36.7388,10.9218,199.0,2025-06-15 00:00:00
hma,الحمـــــى,1.85692e-05,29,0.011,3.13862,0.00473923,4.11244,0.056,0.09104,0.0578286,0.763968,4.43709,0.117937,12.854,102.4,12.1,1.0,2002,36.5874,10.304,123.0,2025-06-15 00:00:00
abid,العبيـــــــد,0.0,30,0.0,3.96851,0.0150119,4.16613,0.0,0.03822,0.0124065,0.306376,5.23396,0.679145,9.615,42.2,10.0,1.0,2002,36.8308,10.7086,54.0,2025-06-15 00:00:00
mellegue,مـــــلاق,0.0,1,0.02,25.6028,4.47527,123.618,0.28,112.009,14.8922,14.8644,159.394,13.792,51.13,265.0,267.67,1.0,1954,36.3144,8.70273,10300.0,2025-06-14 00:00:00
sarrat,سراط,0.0,36,0.023071,9.1419,0.143794,13.7271,0.197821,5.04284,1.867,2.78745,16.4533,3.25748,21.0,546.0,21.0,1.0,2016,35.8322,8.4434,1850.0,2025-06-14 00:00:00
benmetir,بني مطيــر,0.0,2,0.0432,44.474,0.0,28.0278,0.6048,15.0021,0.282436,28.4242,43.0465,38.8482,60.393,436.5,61.63,1.0,1954,36.7471,8.7419,103.0,2025-06-14 00:00:00
kasseb,كســاب,0.0184074,3,0.06858,26.3876,0.172225,29.844,0.9504,18.4086,0.430066,24.1273,43.2076,21.3435,76.9,292.04,81.875,1.0,1968,36.7614,9.0024,101.0,2025-06-14 00:00:00
barbara,بربرة,0.0298805,4,0.0,60.4621,0.246591,57.4718,0.00936,47.3891,0.293949,69.3679,83.3849,56.8376,60.545,182.0,74.82,1.0,1998,36.7341,8.53173,177.0,2025-06-14 00:00:00
sidisalem,سيدي ســــالم,0.00898142,5,0.641,223.274,0.681904,120.775,8.57976,93.2613,9.72415,123.49,389.125,187.881,580.348,115.0,814.0,1.0,1981,36.5907,9.3971,7950.0,2025-06-14 00:00:00
bouheurtma,بو هرتمـــــه,0.0,6,0.189174,54.8284,0.542555,51.1543,2.63205,42.7644,1.18503,49.7879,80.9398,64.5464,145.037,221.0,150.5,1.0,1976,36.6719,8.78758,390.0,2025-06-14 00:00:00
joumine,جوميــــــن,0.0154886,7,0.121537,22.8671,0.287668,35.9079,1.65605,24.6414,0.735881,29.8743,75.665,28.2787,118.773,90.0,129.9,1.0,1983,36.9909,9.6137,418.0,2025-06-14 00:00:00
ghezala,غزالـــــــة,0.0,8,0.0,1.90801,0.0145054,2.41591,0.0912,0.291434,0.103143,2.89037,9.4805,1.39833,10.004,82.5,11.7,1.0,1984,37.0594,9.5458,48.0,2025-06-14 00:00:00
melah,المالح,0.0,33,0.06306,10.272,0.0344947,9.87924,0.11616,0.11616,0.37,10.9998,25.5227,2.441,41.0,136.0,41.0,1.0,2015,37.0761,9.4488,85.9,2025-06-14 00:00:00
tine,الطين,0.0,34,0.0,2.8825,0.070293,3.04439,0.0,0.0,0.16,2.68764,17.3147,3.3388,34.0,136.0,34.0,1.0,2017,36.864,9.6287,276.0,2025-06-14 00:00:00
sejnane,سجنــــــان,0.120494,9,0.739677,58.3672,1.06777,69.6246,9.4908,174.555,1.37957,49.7104,118.572,44.4407,132.59,86.5,137.5,1.0,1994,37.181,9.4751,367.0,2025-06-14 00:00:00
zarga,الزرقـة,0.00853116,10,0.0,22.06,0.0621614,21.1671,0.044,3.79338,0.09,18.6255,22.042,15.958,24.256,93.0,24.0,1.0,2012,36.8824,8.6992,60.0,2025-06-14 00:00:00
kebir,الكبيــر,0.0,31,0.0,46.3364,0.113735,30.1538,0.0,11.5034,0.124519,20.1731,39.5533,28.56,64.4,85.0,64.4,1.0,2014,36.8802,8.7211,85.2,2025-06-14 00:00:00
moula,المولى,0.0,32,0.0,20.252,0.0342185,20.8129,0.0,8.08648,0.118173,11.52,31.7957,16.88,26.337,110.0,26.3,1.0,2013,36.9347,8.845,58.0,2025-06-14 00:00:00
selbarrak,سيدي البــــراق,0.0,11,0.739,177.942,0.734279,208.999,10.303,139.364,1.97054,131.487,294.984,120.777,286.514,27.0,286.514,1.0,1999,37.0244,8.93652,865.0,2025-06-14 00:00:00
ziatine,الزياتيـن,0.0254084,12,0.037723,14.8261,0.263995,15.0281,0.524553,8.15218,0.1,10.6489,29.1467,12.2293,33.3,37.0,33.0,1.0,2012,37.1856,9.2011,95.0,2025-06-14 00:00:00
gamgoum,القمقـوم,0.00592029,13,0.0,9.13234,0.0355999,4.59209,0.0,3.995,0.0,3.30709,7.96404,11.8323,18.3,48.0,18.3,1.0,2012,37.1989,9.2679,35.5,2025-06-14 00:00:00
harka,الحركـة,0.0,35,0.0,13.0643,0.0690769,7.2227,0.0,0.0,0.34,5.44221,24.3187,8.68709,30.3,38.4,30.3,1.0,2016,37.222,9.4024,77.0,2025-06-14 00:00:00
siliana,سليانـــــــة,0.0,14,0.0,11.3188,0.150526,9.38364,0.0,0.2375,0.902666,6.06323,34.6848,6.9328,30.986,388.5,70.0,1.0,1987,36.1571,9.3521,1040.0,2025-06-14 00:00:00
lakhmess,لخمـــــــاس,0.0,15,4.8e-05,2.21936,0.0550307,1.51646,0.000631,0.017663,0.481743,0.754679,12.1473,1.30417,7.22,517.06,8.22,1.0,1966,35.9994,9.4752,127.0,2025-06-14 00:00:00
rmil,الرميـــــــل,0.0001037,16,0.0,0.7814,0.020268,0.868703,0.0,0.0,0.0634854,0.488168,9.98139,0.5041,2.0,285.0,4.0,1.0,2002,36.3023,9.5019,232.0,2025-06-14 00:00:00
birmcherga,بئر المشارقـــة,0.000569719,17,0.0068,9.75134,0.000891485,8.32194,0.0952,0.63552,0.338467,6.94424,25.8038,9.97724,41.599,122.5,52.9,1.0,1971,36.5119,10.0102,1263.0,2025-06-14 00:00:00
rmel,الرمــــــل,0.0,18,0.0105,18.7075,0.0,27.4841,0.147,2.29821,0.16196,6.30358,15.8063,1.44656,23.825,43.0,22.0,1.0,1998,36.3308,10.3584,675.0,2025-06-14 00:00:00
nebhana,نبهانــــــة,0.00437701,19,0.0282,5.4123,0.0458618,6.21305,0.3605,1.18257,0.741472,1.72824,21.9301,2.39637,64.61,230.0,86.5,1.0,1965,36.06,9.8724,855.0,2025-06-14 00:00:00
sidisaad,سيدي سعـــد,0.0,20,0.0,25.5753,0.148615,10.4978,0.0,0.137523,2.50689,4.14275,43.1479,24.7558,133.317,270.0,209.0,1.0,1981,35.3902,9.6948,8950.0,2025-06-14 00:00:00
elhaouareb,هـــــــوارب,0.000288788,21,0.0,0.00576132,0.0104887,8.96154,0.0,0.028406,0.496056,0.207799,14.4651,0.00576132,77.47,217.0,0.0,1.0,1989,35.5727,9.7468,1120.0,2025-06-14 00:00:00
sficifa,سفيسيفة,0.0,22,0.0,2.02419,0.0,1.14743,0.0,0.0,0.025429,1.23023,1.41713,2.25083,7.71,677.8,4.24,1.0,2005,35.3413,9.0705,173.65,2025-06-14 00:00:00
sidiach,سيدي يعيــــش,0.0,23,0.0,0.0,0.0,0.407372,0.0,0.022,0.111814,0.610822,1.79365,1.337,88.0,541.0,88.0,1.0,1997,34.7468,8.7476,1900.0,2025-06-14 00:00:00
elbrek,البــــــــرك,0.0,24,0.0,0.274,0.0214493,2.24189,0.0,0.02,0.0835049,0.546706,2.06639,0.158,14.6,849.0,16.0,1.0,2002,35.4705,8.9677,293.0,2025-06-14 00:00:00
bezirk,بزيـــــــغ,0.0,25,0.0,2.666,0.0070024,3.33337,0.0,0.042,0.130037,0.226079,5.02268,0.13226,5.01,54.62,6.5,1.0,1959,36.7195,10.6272,86.0,2025-06-14 00:00:00
chiba,شيبـــــــة,0.0,26,0.0,0.700967,0.0024588,1.20671,0.0,0.050184,0.18711,0.000534649,6.65264,0.000475792,3.79,77.88,7.8,1.0,1963,36.6973,10.772,64.0,2025-06-14 00:00:00
masri,مصــــــري,0.00555082,27,0.0,2.7001,0.210279,4.18697,0.3,6.2617,0.158997,1.3852,4.64488,4.5142,5.068,163.0,6.9,1.0,1968,36.534,10.4911,53.0,2025-06-14 00:00:00
lebna,لبنــــــــة,0.0,28,0.0,4.52968,0.00970066,6.26098,0.0,0.0,0.182602,0.587037,17.9487,0.487885,25.46,18.04,30.1,1.0,1986,36.7388,10.9218,199.0,2025-06-14 00:00:00
hma,الحمـــــى,0.00472066,29,0.0,3.15438,0.00472066,4.11242,0.045,0.08004,0.0578286,0.763968,4.43516,0.122602,12.854,102.4,12.1,1.0,2002,36.5874,10.304,123.0,2025-06-14 00:00:00
abid,العبيـــــــد,0.0,30,0.0,3.97612,0.0150119,4.16613,0.0,0.03822,0.0124065,0.305077,5.23355,0.679145,9.615,42.2,10.0,1.0,2002,36.8308,10.7086,54.0,2025-06-14 00:00:00
mellegue,مـــــلاق,0.0,1,0.02,25.6493,4.47527,123.618,0.26,111.989,14.8922,14.8644,158.897,13.847,51.13,265.0,267.67,1.0,1954,36.3144,8.70273,10300.0,2025-06-13 00:00:00
sarrat,سراط,0.0,36,0.013517,9.1923,0.143794,13.7271,0.17475,5.01977,1.867,2.78105,16.391,3.27899,21.0,546.0,21.0,1.0,2016,35.8322,8.4434,1850.0,2025-06-13 00:00:00
benmetir,بني مطيــر,0.0,2,0.0432,44.5531,0.0,28.0278,0.5616,14.9589,0.282436,28.4242,43.0371,38.9142,60.393,436.5,61.63,1.0,1954,36.7471,8.7419,103.0,2025-06-13 00:00:00
kasseb,كســاب,0.0,3,0.06858,26.4532,0.153818,29.8256,0.88182,18.34,0.430066,24.1204,43.1933,21.381,76.9,292.04,81.875,1.0,1968,36.7614,9.0024,101.0,2025-06-13 00:00:00
barbara,بربرة,0.0,4,0.0,60.4621,0.216711,57.4419,0.00936,47.3891,0.293949,69.3628,83.3752,56.8766,60.545,182.0,74.82,1.0,1998,36.7341,8.53173,177.0,2025-06-13 00:00:00
sidisalem,سيدي ســــالم,0.00124881,5,0.641,224.08,0.672923,120.766,7.93876,92.6203,9.72415,123.487,388.801,188.866,580.348,115.0,814.0,1.0,1981,36.5907,9.3971,7950.0,2025-06-13 00:00:00
bouheurtma,بو هرتمـــــه,0.0436586,6,0.18013,55.0466,0.542555,51.1543,2.44288,42.5752,1.18503,49.781,80.9003,64.7216,145.037,221.0,150.5,1.0,1976,36.6719,8.78758,390.0,2025-06-13 00:00:00
joumine,جوميــــــن,0.0112781,7,0.118759,22.9909,0.272179,35.8924,1.53451,24.5199,0.735881,29.8743,75.6405,28.5031,118.773,90.0,129.9,1.0,1983,36.9909,9.6137,418.0,2025-06-13 00:00:00
ghezala,غزالـــــــة,0.0,8,0.0,1.91284,0.0145054,2.41591,0.0912,0.291434,0.103143,2.89037,9.47706,1.40258,10.004,82.5,11.7,1.0,1984,37.0594,9.5458,48.0,2025-06-13 00:00:00
melah,المالح,0.0,33,0.0531,10.356,0.0344947,9.87924,0.0531,0.0531,0.37,10.9998,25.5103,2.5026,41.0,136.0,41.0,1.0,2015,37.0761,9.4488,85.9,2025-06-13 00:00:00
tine,الطين,0.00594324,34,0.0,2.8942,0.070293,3.04439,0.0,0.0,0.16,2.68764,17.3093,3.3505,34.0,136.0,34.0,1.0,2017,36.864,9.6287,276.0,2025-06-13 00:00:00
sejnane,سجنــــــان,0.0684553,9,0.732441,58.3672,0.947278,69.5041,8.75112,173.815,1.37957,49.7104,118.526,44.6009,132.59,86.5,137.5,1.0,1994,37.181,9.4751,367.0,2025-06-13 00:00:00
zarga,الزرقـة,0.0171548,10,0.027,22.06,0.0636302,21.1686,0.054,3.80338,0.09,18.6252,22.039,16.075,24.256,93.0,24.0,1.0,2012,36.8824,8.6992,60.0,2025-06-13 00:00:00
kebir,الكبيــر,0.0171067,31,0.0,46.3622,0.113735,30.1538,0.0,11.5034,0.124519,20.1731,39.5491,28.58,64.4,85.0,64.4,1.0,2014,36.8802,8.7211,85.2,2025-06-13 00:00:00
moula,المولى,0.0,32,0.0,20.264,0.0342185,20.8129,0.0,8.08648,0.118173,11.5187,31.7917,16.9867,26.337,110.0,26.3,1.0,2013,36.9347,8.845,58.0,2025-06-13 00:00:00
selbarrak,سيدي البــــراق,0.0,11,0.732,178.823,0.734279,208.999,9.564,138.625,1.97054,131.485,294.919,120.968,286.514,27.0,286.514,1.0,1999,37.0244,8.93652,865.0,2025-06-13 00:00:00
ziatine,الزياتيـن,0.00951814,12,0.038049,14.8528,0.238586,15.0027,0.48683,8.11446,0.1,10.6299,29.1433,12.2565,33.3,37.0,33.0,1.0,2012,37.1856,9.2011,95.0,2025-06-13 00:00:00
gamgoum,القمقـوم,0.0,13,0.0,9.13234,0.0296796,4.58617,0.0,3.995,0.0,3.30347,7.96404,11.864,18.3,48.0,18.3,1.0,2012,37.1989,9.2679,35.5,2025-06-13 00:00:00
harka,الحركـة,0.00878706,35,0.0,13.0873,0.0690769,7.2227,0.0,0.0,0.34,5.44221,24.3073,8.69884,30.3,38.4,30.3,1.0,2016,37.222,9.4024,77.0,2025-06-13 00:00:00
siliana,سليانـــــــة,0.0,14,0.0,11.3529,0.150526,9.38364,0.0,0.2375,0.902666,6.06323,34.6547,6.96345,30.986,388.5,70.0,1.0,1987,36.1571,9.3521,1040.0,2025-06-13 00:00:00
lakhmess,لخمـــــــاس,0.00378541,15,5e-05,2.22486,0.0550307,1.51646,0.000583,0.017615,0.481743,0.751662,12.1312,1.30417,7.22,517.06,8.22,1.0,1966,35.9994,9.4752,127.0,2025-06-13 00:00:00
rmil,الرميـــــــل,0.00310863,16,0.0,0.7848,0.0201643,0.868599,0.0,0.0,0.0634854,0.488168,9.97927,0.508,2.0,285.0,4.0,1.0,2002,36.3023,9.5019,232.0,2025-06-13 00:00:00
birmcherga,بئر المشارقـــة,0.000321766,17,0.0068,9.78361,0.000321766,8.32137,0.0884,0.62872,0.338467,6.94424,25.7925,10.0418,41.599,122.5,52.9,1.0,1971,36.5119,10.0102,1263.0,2025-06-13 00:00:00
rmel,الرمــــــل,0.0,18,0.0105,18.7672,0.0,27.4841,0.1365,2.28771,0.16196,6.30358,15.8009,1.49162,23.825,43.0,22.0,1.0,1998,36.3308,10.3584,675.0,2025-06-13 00:00:00
nebhana,نبهانــــــة,0.0105665,19,0.0201,5.44463,0.0414848,6.20868,0.3323,1.15437,0.741472,1.72534,21.9054,2.40539,64.61,230.0,86.5,1.0,1965,36.06,9.8724,855.0,2025-06-13 00:00:00
sidisaad,سيدي سعـــد,0.0,20,0.0,25.6436,0.148615,10.4978,0.0,0.137523,2.50689,4.10609,43.0643,24.7558,133.317,270.0,209.0,1.0,1981,35.3902,9.6948,8950.0,2025-06-13 00:00:00
elhaouareb,هـــــــوارب,0.000286097,21,0.0,0.00576132,0.0101999,8.96125,0.0,0.028406,0.496056,0.20748,14.4486,0.00576132,77.47,217.0,0.0,1.0,1989,35.5727,9.7468,1120.0,2025-06-13 00:00:00
sficifa,سفيسيفة,0.0,22,0.0,2.02817,0.0,1.14743,0.0,0.0,0.025429,1.23023,1.41628,2.26276,7.71,677.8,4.24,1.0,2005,35.3413,9.0705,173.65,2025-06-13 00:00:00
sidiach,سيدي يعيــــش,0.0,23,0.0,0.0,0.0,0.407372,0.0,0.022,0.111814,0.608752,1.78992,1.337,88.0,541.0,88.0,1.0,1997,34.7468,8.7476,1900.0,2025-06-13 00:00:00
elbrek,البــــــــرك,0.00210168,24,0.0,0.332,0.0214493,2.24189,0.0,0.02,0.0835049,0.545502,2.0636,0.158,14.6,849.0,16.0,1.0,2002,35.4705,8.9677,293.0,2025-06-13 00:00:00
bezirk,بزيـــــــغ,0.0,25,0.0,2.673,0.0070024,3.33337,0.0,0.042,0.130037,0.226079,5.01835,0.1336,5.01,54.62,6.5,1.0,1959,36.7195,10.6272,86.0,2025-06-13 00:00:00
chiba,شيبـــــــة,0.0,26,0.0,0.706379,0.0024588,1.20671,0.0,0.050184,0.18711,0.000530972,6.6464,0.000475792,3.79,77.88,7.8,1.0,1963,36.6973,10.772,64.0,2025-06-13 00:00:00
masri,مصــــــري,0.00148593,27,0.0,2.68811,0.204729,4.18142,0.3,6.2617,0.158997,1.3831,4.63958,4.54435,5.068,163.0,6.9,1.0,1968,36.534,10.4911,53.0,2025-06-13 00:00:00
lebna,لبنــــــــة,0.0,28,0.0,4.55058,0.00970066,6.26098,0.0,0.0,0.182602,0.587037,17.9426,0.49524,25.46,18.04,30.1,1.0,1986,36.7388,10.9218,199.0,2025-06-13 00:00:00
hma,الحمـــــى,0.0,29,0.011,3.15438,0.0,4.1077,0.045,0.08004,0.0578286,0.763968,4.43323,0.125712,12.854,102.4,12.1,1.0,2002,36.5874,10.304,123.0,2025-06-13 00:00:00
abid,العبيـــــــد,0.0,30,0.0,3.98374,0.0150119,4.16613,0.0,0.03822,0.0124065,0.305077,5.23313,0.681815,9.615,42.2,10.0,1.0,2002,36.8308,10.7086,54.0,2025-06-13 00:00:00
mellegue,مـــــلاق,0.0,1,0.02,25.6957,4.47527,123.618,0.24,111.969,14.8922,14.8644,158.401,13.902,51.13,265.0,267.67,1.0,1954,36.3144,8.70273,10300.0,2025-06-12 00:00:00
sarrat,سراط,0.0,36,0.014965,9.2259,0.143794,13.7271,0.161233,5.00626,1.867,2.78105,16.3288,3.30766,21.0,546.0,21.0,1.0,2016,35.8322,8.4434,1850.0,2025-06-12 00:00:00
benmetir,بني مطيــر,0.0,2,0.0432,44.6323,0.0,28.0278,0.5184,14.9157,0.282436,28.4242,43.0277,38.9801,60.393,436.5,61.63,1.0,1954,36.7471,8.7419,103.0,2025-06-12 00:00:00
kasseb,كســاب,0.0168133,3,0.06858,26.5417,0.153818,29.8256,0.81324,18.2714,0.430066,24.1145,43.1789,21.419,76.9,292.04,81.875,1.0,1968,36.7614,9.0024,101.0,2025-06-12 00:00:00
barbara,بربرة,0.0231142,4,0.0,60.5035,0.216711,57.4419,0.00936,47.3891,0.293949,69.3577,83.3654,56.9156,60.545,182.0,74.82,1.0,1998,36.7341,8.53173,177.0,2025-06-12 00:00:00
sidisalem,سيدي ســــالم,0.0,5,0.641,224.887,0.671674,120.764,7.29776,91.9793,9.72415,123.487,388.476,190.097,580.348,115.0,814.0,1.0,1981,36.5907,9.3971,7950.0,2025-06-12 00:00:00
bouheurtma,بو هرتمـــــه,0.0,6,0.186516,55.2103,0.498896,51.1106,2.26275,42.3951,1.18503,49.7784,80.8608,64.8384,145.037,221.0,150.5,1.0,1976,36.6719,8.78758,390.0,2025-06-12 00:00:00
joumine,جوميــــــن,0.00613901,7,0.115172,23.1147,0.260901,35.8811,1.41575,24.4011,0.735881,29.8466,75.616,28.6995,118.773,90.0,129.9,1.0,1983,36.9909,9.6137,418.0,2025-06-12 00:00:00
ghezala,غزالـــــــة,0.00383248,8,0.0113,1.91768,0.0145054,2.41591,0.0912,0.291434,0.103143,2.89037,9.47362,1.40682,10.004,82.5,11.7,1.0,1984,37.0594,9.5458,48.0,2025-06-12 00:00:00
melah,المالح,0.0,33,0.0,10.428,0.0344947,9.87924,0.0,0.0,0.37,10.9998,25.498,2.5598,41.0,136.0,41.0,1.0,2015,37.0761,9.4488,85.9,2025-06-12 00:00:00
tine,الطين,0.0,34,0.0,2.8942,0.0643497,3.03845,0.0,0.0,0.16,2.68764,17.304,3.3622,34.0,136.0,34.0,1.0,2017,36.864,9.6287,276.0,2025-06-12 00:00:00
sejnane,سجنــــــان,0.0727733,9,0.795677,58.4139,0.878822,69.4356,8.01868,173.083,1.37957,49.7104,118.48,44.7211,132.59,86.5,137.5,1.0,1994,37.181,9.4751,367.0,2025-06-12 00:00:00
zarga,الزرقـة,0.0,10,0.027,22.078,0.0464754,21.1514,0.027,3.77638,0.09,18.6179,22.036,16.192,24.256,93.0,24.0,1.0,2012,36.8824,8.6992,60.0,2025-06-12 00:00:00
kebir,الكبيــر,0.0142556,31,0.0,46.3622,0.0966278,30.1367,0.0,11.5034,0.124519,20.1626,39.545,28.58,64.4,85.0,64.4,1.0,2014,36.8802,8.7211,85.2,2025-06-12 00:00:00
moula,المولى,0.0053668,32,0.0,20.276,0.0342185,20.8129,0.0,8.08648,0.118173,11.5162,31.7878,17.0933,26.337,110.0,26.3,1.0,2013,36.9347,8.845,58.0,2025-06-12 00:00:00
selbarrak,سيدي البــــراق,0.198,11,0.732,179.703,0.729279,208.994,8.827,137.888,1.97054,131.365,294.853,120.968,286.514,27.0,286.514,1.0,1999,37.0244,8.93652,865.0,2025-06-12 00:00:00
ziatine,الزياتيـن,0.0219341,12,0.038529,14.8928,0.229068,14.9932,0.448781,8.07641,0.1,10.6237,29.14,12.2974,33.3,37.0,33.0,1.0,2012,37.1856,9.2011,95.0,2025-06-12 00:00:00
gamgoum,القمقـوم,0.0,13,0.0,9.14094,0.0296796,4.58617,0.0,3.995,0.0,3.29984,7.96404,11.8957,18.3,48.0,18.3,1.0,2012,37.1989,9.2679,35.5,2025-06-12 00:00:00
harka,الحركـة,0.0,35,0.0,13.0873,0.0602898,7.21392,0.0,0.0,0.34,5.4329,24.296,8.69884,30.3,38.4,30.3,1.0,2016,37.222,9.4024,77.0,2025-06-12 00:00:00
siliana,سليانـــــــة,0.0,14,0.0,11.3871,0.150526,9.38364,0.0,0.2375,0.902666,6.06323,34.6246,6.9941,30.986,388.5,70.0,1.0,1987,36.1571,9.3521,1040.0,2025-06-12 00:00:00
lakhmess,لخمـــــــاس,0.0036559,15,4.5e-05,2.22486,0.0512453,1.51267,0.000533,0.017565,0.481743,0.751662,12.1151,1.30838,7.22,517.06,8.22,1.0,1966,35.9994,9.4752,127.0,2025-06-12 00:00:00
rmil,الرميـــــــل,0.0,16,0.0,0.7848,0.0170557,0.865491,0.0,0.0,0.0634854,0.485447,9.97715,0.508,2.0,285.0,4.0,1.0,2002,36.3023,9.5019,232.0,2025-06-12 00:00:00
birmcherga,بئر المشارقـــة,0.0,17,0.0068,9.81588,0.0,8.32105,0.0816,0.62192,0.338467,6.94424,25.7813,10.1063,41.599,122.5,52.9,1.0,1971,36.5119,10.0102,1263.0,2025-06-12 00:00:00
rmel,الرمــــــل,0.0,18,0.0105,18.8865,0.0,27.4841,0.126,2.27721,0.16196,6.30144,15.7955,1.50664,23.825,43.0,22.0,1.0,1998,36.3308,10.3584,675.0,2025-06-12 00:00:00
nebhana,نبهانــــــة,0.0,19,0.02023,5.4608,0.0309183,6.19811,0.31557,1.13764,0.741472,1.71606,21.8807,2.41442,64.61,230.0,86.5,1.0,1965,36.06,9.8724,855.0,2025-06-12 00:00:00
sidisaad,سيدي سعـــد,0.0,20,0.0,25.7119,0.148615,10.4978,0.0,0.137523,2.50689,4.10609,42.9808,24.8241,133.317,270.0,209.0,1.0,1981,35.3902,9.6948,8950.0,2025-06-12 00:00:00
elhaouareb,هـــــــوارب,0.000307173,21,0.0,0.00576132,0.00991377,8.96096,0.0,0.028406,0.496056,0.207162,14.432,0.00576132,77.47,217.0,0.0,1.0,1989,35.5727,9.7468,1120.0,2025-06-12 00:00:00
sficifa,سفيسيفة,0.0,22,0.0,2.03214,0.0,1.14743,0.0,0.0,0.025429,1.23023,1.41543,2.2747,7.71,677.8,4.24,1.0,2005,35.3413,9.0705,173.65,2025-06-12 00:00:00
sidiach,سيدي يعيــــش,0.0,23,0.0,0.0,0.0,0.407372,0.0,0.022,0.111814,0.606423,1.78619,1.337,88.0,541.0,88.0,1.0,1997,34.7468,8.7476,1900.0,2025-06-12 00:00:00
elbrek,البــــــــرك,0.00210168,24,0.0,0.332,0.0193476,2.23979,0.0,0.02,0.0835049,0.545502,2.06082,0.187,14.6,849.0,16.0,1.0,2002,35.4705,8.9677,293.0,2025-06-12 00:00:00
bezirk,بزيـــــــغ,0.0,25,0.0,2.68,0.0070024,3.33337,0.0,0.042,0.130037,0.226079,5.01402,0.13494,5.01,54.62,6.5,1.0,1959,36.7195,10.6272,86.0,2025-06-12 00:00:00
chiba,شيبـــــــة,0.0,26,0.0,0.711791,0.0024588,1.20671,0.0,0.050184,0.18711,0.000528701,6.64017,0.000475792,3.79,77.88,7.8,1.0,1963,36.6973,10.772,64.0,2025-06-12 00:00:00
masri,مصــــــري,0.0,27,0.08,2.67012,0.203243,4.17993,0.3,6.2617,0.158997,1.38076,4.63428,4.54435,5.068,163.0,6.9,1.0,1968,36.534,10.4911,53.0,2025-06-12 00:00:00
lebna,لبنــــــــة,0.0,28,0.0,4.57148,0.00970066,6.26098,0.0,0.0,0.182602,0.583026,17.9365,0.49524,25.46,18.04,30.1,1.0,1986,36.7388,10.9218,199.0,2025-06-12 00:00:00
hma,الحمـــــى,0.0,29,0.011,3.17014,0.0,4.1077,0.034,0.06904,0.0578286,0.763968,4.43131,0.128822,12.854,102.4,12.1,1.0,2002,36.5874,10.304,123.0,2025-06-12 00:00:00
abid,العبيـــــــد,0.00323184,30,0.0,3.99135,0.0150119,4.16613,0.0,0.03822,0.0124065,0.304242,5.23272,0.681815,9.615,42.2,10.0,1.0,2002,36.8308,10.7086,54.0,2025-06-12 00:00:00
mellegue,مـــــلاق,0.0323899,1,0.02,21.7656,0.176285,119.319,0.06,111.789,14.8922,14.8593,153.933,14.3694,51.13,265.0,267.67,1.0,1954,36.3144,8.70273,10300.0,2025-06-03 00:00:00
sarrat,سراط,0.0104,36,0.0,9.37711,0.0363707,13.6197,0.036785,4.88181,1.867,2.6562,15.7687,3.38651,21.0,546.0,21.0,1.0,2016,35.8322,8.4434,1850.0,2025-06-03 00:00:00
benmetir,بني مطيــر,0.0,2,0.0432,45.2918,0.0,28.0278,0.1296,14.5269,0.282436,28.4242,42.9429,39.6063,60.393,436.5,61.63,1.0,1954,36.7471,8.7419,103.0,2025-06-03 00:00:00
kasseb,كســاب,0.0049542,3,0.0648,27.1832,0.0551158,29.7269,0.1944,17.6526,0.430066,24.0699,43.0499,21.78,76.9,292.04,81.875,1.0,1968,36.7614,9.0024,101.0,2025-06-03 00:00:00
barbara,بربرة,0.0247121,4,0.0,60.5881,0.0510686,57.2763,0.00936,47.3891,0.293949,69.3409,83.2772,57.3447,60.545,182.0,74.82,1.0,1998,36.7341,8.53173,177.0,2025-06-03 00:00:00
sidisalem,سيدي ســــالم,0.0793618,5,0.74117,230.8,0.0793618,120.172,2.22351,86.905,9.72415,123.44,385.559,199.616,580.348,115.0,814.0,1.0,1981,36.5907,9.3971,7950.0,2025-06-03 00:00:00
bouheurtma,بو هرتمـــــه,0.0602253,6,0.154932,56.847,0.163286,50.775,0.558544,40.6909,1.18503,49.6714,80.5052,66.0077,145.037,221.0,150.5,1.0,1976,36.6719,8.78758,390.0,2025-06-03 00:00:00
joumine,جوميــــــن,0.0326337,7,0.120288,24.1667,0.0918415,35.7121,0.349674,23.335,0.735881,29.7278,75.3952,30.0182,118.773,90.0,129.9,1.0,1983,36.9909,9.6137,418.0,2025-06-03 00:00:00
ghezala,غزالـــــــة,0.0,8,0.0089,1.99991,0.00400709,2.40542,0.0322,0.232434,0.103143,2.88461,9.44268,1.52565,10.004,82.5,11.7,1.0,1984,37.0594,9.5458,48.0,2025-06-03 00:00:00
melah,المالح,0.00396675,33,0.0,10.5,0.0214992,9.86624,0.0,0.0,0.37,10.9917,25.387,3.101,41.0,136.0,41.0,1.0,2015,37.0761,9.4488,85.9,2025-06-03 00:00:00
tine,الطين,0.0060102,34,0.0,2.941,0.0110327,2.98513,0.0,0.0,0.16,2.65412,17.256,3.4324,34.0,136.0,34.0,1.0,2017,36.864,9.6287,276.0,2025-06-03 00:00:00
sejnane,سجنــــــان,0.0963744,9,0.435263,58.274,0.227344,68.7842,1.83059,166.895,1.37957,49.7061,118.067,45.9262,132.59,86.5,137.5,1.0,1994,37.181,9.4751,367.0,2025-06-03 00:00:00
zarga,الزرقـة,0.0,10,0.0,22.222,0.0112139,21.1161,0.0,3.74938,0.09,18.5342,22.009,17.167,24.256,93.0,24.0,1.0,2012,36.8824,8.6992,60.0,2025-06-03 00:00:00
kebir,الكبيــر,0.0,31,0.0,46.4654,0.0152345,30.0553,0.0,11.5034,0.124519,20.1379,39.5076,28.7,64.4,85.0,64.4,1.0,2014,36.8802,8.7211,85.2,2025-06-03 00:00:00
moula,المولى,0.0,32,0.0,20.324,0.00538258,20.784,0.0,8.08648,0.118173,11.4823,31.7523,17.9787,26.337,110.0,26.3,1.0,2013,36.9347,8.845,58.0,2025-06-03 00:00:00
selbarrak,سيدي البــــراق,0.0,11,0.726,187.1,0.168683,208.433,2.223,131.284,1.97054,130.943,294.262,122.304,286.514,27.0,286.514,1.0,1999,37.0244,8.93652,865.0,2025-06-03 00:00:00
ziatine,الزياتيـن,0.00842826,12,0.036776,15.1332,0.0172158,14.7813,0.100506,7.72814,0.1,10.4794,29.11,12.5836,33.3,37.0,33.0,1.0,2012,37.1856,9.2011,95.0,2025-06-03 00:00:00
gamgoum,القمقـوم,0.0,13,0.0,9.18393,0.0112256,4.56772,0.0,3.995,0.0,3.24584,7.96404,12.2128,18.3,48.0,18.3,1.0,2012,37.1989,9.2679,35.5,2025-06-03 00:00:00
harka,الحركـة,0.00842222,35,0.0,13.1563,0.0168444,7.17047,0.0,0.0,0.34,5.39728,24.194,8.75757,30.3,38.4,30.3,1.0,2016,37.222,9.4024,77.0,2025-06-03 00:00:00
siliana,سليانـــــــة,0.0,14,0.0,11.4897,0.0186112,9.25173,0.0,0.2375,0.902666,6.04202,34.3538,7.23931,30.986,388.5,70.0,1.0,1987,36.1571,9.3521,1040.0,2025-06-03 00:00:00
lakhmess,لخمـــــــاس,0.00315659,15,4.6e-05,2.21936,0.0141813,1.47561,0.000136,0.017168,0.481743,0.724031,11.9706,1.36346,7.22,517.06,8.22,1.0,1966,35.9994,9.4752,127.0,2025-06-03 00:00:00
rmil,الرميـــــــل,0.00276816,16,0.0,0.802,0.00508991,0.853525,0.0,0.0,0.0634854,0.473771,9.95811,0.5275,2.0,285.0,4.0,1.0,2002,36.3023,9.5019,232.0,2025-06-03 00:00:00
birmcherga,بئر المشارقـــة,0.0,17,0.0068,10.3645,0.0,8.32105,0.0204,0.56072,0.338467,6.94424,25.6797,10.6549,41.599,122.5,52.9,1.0,1971,36.5119,10.0102,1263.0,2025-06-03 00:00:00
rmel,الرمــــــل,0.0,18,0.0105,19.6024,0.0,27.4841,0.0315,2.18271,0.16196,6.30144,15.7469,2.01282,23.825,43.0,22.0,1.0,1998,36.3308,10.3584,675.0,2025-06-03 00:00:00
nebhana,نبهانــــــة,0.0,19,0.03845,5.7841,0.00497846,6.17217,0.08128,0.903346,0.741472,1.6884,21.6582,2.45052,64.61,230.0,86.5,1.0,1965,36.06,9.8724,855.0,2025-06-03 00:00:00
sidisaad,سيدي سعـــد,0.0283637,20,0.0,26.1335,0.0554896,10.4046,0.0,0.137523,2.50689,4.06838,42.2287,25.3705,133.317,270.0,209.0,1.0,1981,35.3902,9.6948,8950.0,2025-06-03 00:00:00
elhaouareb,هـــــــوارب,0.0087927,21,0.0,0.885017,0.0087927,8.95984,0.0,0.028406,0.496056,0.204436,14.2832,0.00576132,77.47,217.0,0.0,1.0,1989,35.5727,9.7468,1120.0,2025-06-03 00:00:00
sficifa,سفيسيفة,0.0,22,0.0,2.06792,0.0,1.14743,0.0,0.0,0.025429,1.23023,1.40781,2.45645,7.71,677.8,4.24,1.0,2005,35.3413,9.0705,173.65,2025-06-03 00:00:00
sidiach,سيدي يعيــــش,0.0,23,0.0,0.0,0.0,0.407372,0.0,0.022,0.111814,0.585723,1.75265,1.337,88.0,541.0,88.0,1.0,1997,34.7468,8.7476,1900.0,2025-06-03 00:00:00
elbrek,البــــــــرك,0.0022344,24,0.0,0.558,0.0042756,2.22472,0.0,0.02,0.0835049,0.53905,2.03577,0.332,14.6,849.0,16.0,1.0,2002,35.4705,8.9677,293.0,2025-06-03 00:00:00
bezirk,بزيـــــــغ,0.0,25,0.0,2.729,0.0,3.32636,0.0,0.042,0.130037,0.224988,4.975,0.14432,5.01,54.62,6.5,1.0,1959,36.7195,10.6272,86.0,2025-06-03 00:00:00
chiba,شيبـــــــة,0.0,26,0.0,0.765911,0.0,1.20425,0.0,0.050184,0.18711,0.000496475,6.58403,0.000475792,3.79,77.88,7.8,1.0,1963,36.6973,10.772,64.0,2025-06-03 00:00:00
masri,مصــــــري,0.0072325,27,0.0,2.76604,0.178044,4.15473,0.09,6.0517,0.158997,1.35949,4.58658,4.2812,5.068,163.0,6.9,1.0,1968,36.534,10.4911,53.0,2025-06-03 00:00:00
lebna,لبنــــــــة,0.0,28,0.0,4.73868,0.0,6.25128,0.0,0.0,0.182602,0.563156,17.8817,0.517305,25.46,18.04,30.1,1.0,1986,36.7388,10.9218,199.0,2025-06-03 00:00:00
hma,الحمـــــى,0.0,29,0.0,3.2903,0.0,4.1077,0.0,0.03504,0.0578286,0.763968,4.41396,0.158368,12.854,102.4,12.1,1.0,2002,36.5874,10.304,123.0,2025-06-03 00:00:00
abid,العبيـــــــد,0.0,30,0.0,4.03703,0.00394118,4.15506,0.0,0.03822,0.0124065,0.304242,5.229,0.721869,9.615,42.2,10.0,1.0,2002,36.8308,10.7086,54.0,2025-06-03 00:00:00
mellegue,مـــــلاق,0.0317999,1,0.02,21.7656,0.143895,119.286,0.04,111.769,14.8922,14.8593,153.437,14.4243,51.13,265.0,267.67,1.0,1954,36.3144,8.70273,10300.0,2025-06-02 00:00:00
sarrat,سراط,0.00343393,36,0.025336,9.37711,0.0259707,13.6093,0.036785,4.88181,1.867,2.61277,15.7065,3.35784,21.0,546.0,21.0,1.0,2016,35.8322,8.4434,1850.0,2025-06-02 00:00:00
benmetir,بني مطيــر,0.0,2,0.0432,45.3445,0.0,28.0278,0.0864,14.4837,0.282436,28.4242,42.9335,39.6722,60.393,436.5,61.63,1.0,1954,36.7471,8.7419,103.0,2025-06-02 00:00:00
kasseb,كســاب,0.0257478,3,0.0648,27.2496,0.0501616,29.7219,0.1296,17.5878,0.430066,24.066,43.0356,21.818,76.9,292.04,81.875,1.0,1968,36.7614,9.0024,101.0,2025-06-02 00:00:00
barbara,بربرة,0.0,4,0.0,60.5881,0.0263565,57.2515,0.00936,47.3891,0.293949,69.3409,83.2674,57.3837,60.545,182.0,74.82,1.0,1998,36.7341,8.53173,177.0,2025-06-02 00:00:00
sidisalem,سيدي ســــالم,0.0,5,0.74117,231.607,0.0,120.093,1.48234,86.1639,9.72415,123.44,385.235,200.628,580.348,115.0,814.0,1.0,1981,36.5907,9.3971,7950.0,2025-06-02 00:00:00
bouheurtma,بو هرتمـــــه,0.0463762,6,0.195217,56.9561,0.103061,50.7148,0.403612,40.5359,1.18503,49.6714,80.4657,66.1868,145.037,221.0,150.5,1.0,1976,36.6719,8.78758,390.0,2025-06-02 00:00:00
joumine,جوميــــــن,0.0326872,7,0.116078,24.2686,0.0592078,35.6794,0.229386,23.2148,0.735881,29.7278,75.3707,30.1866,118.773,90.0,129.9,1.0,1983,36.9909,9.6137,418.0,2025-06-02 00:00:00
ghezala,غزالـــــــة,0.00400709,8,0.0121,2.01442,0.00400709,2.40542,0.0233,0.223534,0.103143,2.88461,9.43924,1.55536,10.004,82.5,11.7,1.0,1984,37.0594,9.5458,48.0,2025-06-02 00:00:00
melah,المالح,0.014952,33,0.0,10.5,0.0175325,9.86228,0.0,0.0,0.37,10.9917,25.3747,3.1794,41.0,136.0,41.0,1.0,2015,37.0761,9.4488,85.9,2025-06-02 00:00:00
tine,الطين,0.0,34,0.0,2.941,0.00502245,2.97912,0.0,0.0,0.16,2.65412,17.2507,3.4441,34.0,136.0,34.0,1.0,2017,36.864,9.6287,276.0,2025-06-02 00:00:00
sejnane,سجنــــــان,0.0505765,9,0.618863,57.9942,0.13097,68.6878,1.39533,166.459,1.37957,49.7061,118.021,45.9673,132.59,86.5,137.5,1.0,1994,37.181,9.4751,367.0,2025-06-02 00:00:00
zarga,الزرقـة,0.00566995,10,0.0,22.24,0.0112139,21.1161,0.0,3.74938,0.09,18.5299,22.006,17.271,24.256,93.0,24.0,1.0,2012,36.8824,8.6992,60.0,2025-06-02 00:00:00
kebir,الكبيــر,0.0152345,31,0.0,46.517,0.0152345,30.0553,0.0,11.5034,0.124519,20.135,39.5035,28.7,64.4,85.0,64.4,1.0,2014,36.8802,8.7211,85.2,2025-06-02 00:00:00
moula,المولى,0.0,32,0.0,20.348,0.00538258,20.784,0.0,8.08648,0.118173,11.4823,31.7484,18.032,26.337,110.0,26.3,1.0,2013,36.9347,8.845,58.0,2025-06-02 00:00:00
selbarrak,سيدي البــــراق,0.168683,11,0.747,188.004,0.168683,208.433,1.497,130.558,1.97054,130.925,294.196,122.494,286.514,27.0,286.514,1.0,1999,37.0244,8.93652,865.0,2025-06-02 00:00:00
ziatine,الزياتيـن,0.00267549,12,0.020578,15.1733,0.00878749,14.7729,0.06373,7.69136,0.1,10.4554,29.1067,12.6108,33.3,37.0,33.0,1.0,2012,37.1856,9.2011,95.0,2025-06-02 00:00:00
gamgoum,القمقـوم,0.0066033,13,0.0,9.19253,0.0112256,4.56772,0.0,3.995,0.0,3.23571,7.96404,12.2445,18.3,48.0,18.3,1.0,2012,37.1989,9.2679,35.5,2025-06-02 00:00:00
harka,الحركـة,0.00842222,35,0.0,13.1563,0.00842222,7.16205,0.0,0.0,0.34,5.38849,24.1827,8.75757,30.3,38.4,30.3,1.0,2016,37.222,9.4024,77.0,2025-06-02 00:00:00
siliana,سليانـــــــة,0.0186112,14,0.0,11.5239,0.0186112,9.25173,0.0,0.2375,0.902666,6.04202,34.3237,7.26996,30.986,388.5,70.0,1.0,1987,36.1571,9.3521,1040.0,2025-06-02 00:00:00
lakhmess,لخمـــــــاس,0.00286527,15,4.5e-05,2.21936,0.0110247,1.47245,9e-05,0.017122,0.481743,0.720918,11.9546,1.36346,7.22,517.06,8.22,1.0,1966,35.9994,9.4752,127.0,2025-06-02 00:00:00
rmil,الرميـــــــل,0.0,16,0.0,0.802,0.00232175,0.850757,0.0,0.0,0.0634854,0.470905,9.95599,0.5275,2.0,285.0,4.0,1.0,2002,36.3023,9.5019,232.0,2025-06-02 00:00:00
birmcherga,بئر المشارقـــة,0.0,17,0.0068,10.429,0.0,8.32105,0.0136,0.55392,0.338467,6.94424,25.6684,10.7195,41.599,122.5,52.9,1.0,1971,36.5119,10.0102,1263.0,2025-06-02 00:00:00
rmel,الرمــــــل,0.0,18,0.0105,19.7814,0.0,27.4841,0.021,2.17221,0.16196,6.30144,15.7415,2.06724,23.825,43.0,22.0,1.0,1998,36.3308,10.3584,675.0,2025-06-02 00:00:00
nebhana,نبهانــــــة,0.00497846,19,0.03244,5.84876,0.00497846,6.17217,0.04283,0.864896,0.741472,1.68373,21.6335,2.45052,64.61,230.0,86.5,1.0,1965,36.06,9.8724,855.0,2025-06-02 00:00:00
sidisaad,سيدي سعـــد,0.0,20,0.0,26.1335,0.0271259,10.3763,0.0,0.137523,2.50689,4.03654,42.1451,25.3705,133.317,270.0,209.0,1.0,1981,35.3902,9.6948,8950.0,2025-06-02 00:00:00
elhaouareb,هـــــــوارب,0.0,21,0.0,0.885017,0.0,8.95105,0.0,0.028406,0.496056,0.204186,14.2667,0.00576132,77.47,217.0,0.0,1.0,1989,35.5727,9.7468,1120.0,2025-06-02 00:00:00
sficifa,سفيسيفة,0.0,22,0.0,2.0719,0.0,1.14743,0.0,0.0,0.025429,1.23023,1.40696,2.51061,7.71,677.8,4.24,1.0,2005,35.3413,9.0705,173.65,2025-06-02 00:00:00
sidiach,سيدي يعيــــش,0.0,23,0.0,0.0,0.0,0.407372,0.0,0.022,0.111814,0.583653,1.74892,1.337,88.0,541.0,88.0,1.0,1997,34.7468,8.7476,1900.0,2025-06-02 00:00:00
elbrek,البــــــــرك,0.0,24,0.0,0.558,0.0020412,2.22248,0.0,0.02,0.0835049,0.53905,2.03298,0.39,14.6,849.0,16.0,1.0,2002,35.4705,8.9677,293.0,2025-06-02 00:00:00
bezirk,بزيـــــــغ,0.0,25,0.0,2.736,0.0,3.32636,0.0,0.042,0.130037,0.224988,4.97067,0.14566,5.01,54.62,6.5,1.0,1959,36.7195,10.6272,86.0,2025-06-02 00:00:00
chiba,شيبـــــــة,0.0,26,0.0,0.771322,0.0,1.20425,0.0,0.050184,0.18711,0.000493015,6.5778,0.000475792,3.79,77.88,7.8,1.0,1963,36.6973,10.772,64.0,2025-06-02 00:00:00
masri,مصــــــري,0.0911292,27,0.05,2.71209,0.170812,4.1475,0.09,6.0517,0.158997,1.35949,4.58128,4.24515,5.068,163.0,6.9,1.0,1968,36.534,10.4911,53.0,2025-06-02 00:00:00
lebna,لبنــــــــة,0.0,28,0.0,4.75958,0.0,6.25128,0.0,0.0,0.182602,0.563156,17.8756,0.52466,25.46,18.04,30.1,1.0,1986,36.7388,10.9218,199.0,2025-06-02 00:00:00
hma,الحمـــــى,0.0,29,0.0,3.308,0.0,4.1077,0.0,0.03504,0.0578286,0.763968,4.41203,0.161478,12.854,102.4,12.1,1.0,2002,36.5874,10.304,123.0,2025-06-02 00:00:00
abid,العبيـــــــد,0.0,30,0.0,4.04465,0.00394118,4.15506,0.0,0.03822,0.0124065,0.304242,5.22859,0.724824,9.615,42.2,10.0,1.0,2002,36.8308,10.7086,54.0,2025-06-02 00:00:00
mellegue,مـــــلاق,0.112095,1,0.02,21.7656,0.112095,119.254,0.02,111.749,14.8922,14.8593,152.94,14.4793,51.13,265.0,267.67,1.0,1954,36.3144,8.70273,10300.0,2025-06-01 00:00:00
sarrat,سراط,0.0225367,36,0.011449,9.41072,0.0225367,13.6058,0.011449,4.85647,1.867,2.60901,15.6442,3.37218,21.0,546.0,21.0,1.0,2016,35.8322,8.4434,1850.0,2025-06-01 00:00:00
benmetir,بني مطيــر,0.0,2,0.0432,45.3973,0.0,28.0278,0.0432,14.4405,0.282436,28.4242,42.9241,39.7382,60.393,436.5,61.63,1.0,1954,36.7471,8.7419,103.0,2025-06-01 00:00:00
kasseb,كســاب,0.0244138,3,0.0648,27.2938,0.0244138,29.6962,0.0648,17.523,0.430066,24.0617,43.0213,21.856,76.9,292.04,81.875,1.0,1968,36.7614,9.0024,101.0,2025-06-01 00:00:00
barbara,بربرة,0.0263565,4,0.00936,60.6313,0.0263565,57.2515,0.00936,47.3891,0.293949,69.3409,83.2576,57.4227,60.545,182.0,74.82,1.0,1998,36.7341,8.53173,177.0,2025-06-01 00:00:00
sidisalem,سيدي ســــالم,0.0,5,0.74117,232.144,0.0,120.093,0.74117,85.4227,9.72415,123.44,384.911,201.641,580.348,115.0,814.0,1.0,1981,36.5907,9.3971,7950.0,2025-06-01 00:00:00
bouheurtma,بو هرتمـــــه,0.0566848,6,0.208395,57.1198,0.0566848,50.6684,0.208395,40.3407,1.18503,49.6667,80.4262,66.3061,145.037,221.0,150.5,1.0,1976,36.6719,8.78758,390.0,2025-06-01 00:00:00
joumine,جوميــــــن,0.0265206,7,0.113308,24.3706,0.0265206,35.6467,0.113308,23.0987,0.735881,29.7268,75.3461,30.2988,118.773,90.0,129.9,1.0,1983,36.9909,9.6137,418.0,2025-06-01 00:00:00
ghezala,غزالـــــــة,0.0,8,0.0112,2.02409,0.0,2.40141,0.0112,0.211434,0.103143,2.88461,9.4358,1.58984,10.004,82.5,11.7,1.0,1984,37.0594,9.5458,48.0,2025-06-01 00:00:00
melah,المالح,0.00258048,33,0.0,10.488,0.00258048,9.84732,0.0,0.0,0.37,10.9917,25.3623,3.2578,41.0,136.0,41.0,1.0,2015,37.0761,9.4488,85.9,2025-06-01 00:00:00
tine,الطين,0.00502245,34,0.0,2.9527,0.00502245,2.97912,0.0,0.0,0.16,2.64365,17.2453,3.4441,34.0,136.0,34.0,1.0,2017,36.864,9.6287,276.0,2025-06-01 00:00:00
sejnane,سجنــــــان,0.0803936,9,0.776463,57.9475,0.0803936,68.6372,0.776463,165.841,1.37957,49.7061,117.975,46.0497,132.59,86.5,137.5,1.0,1994,37.181,9.4751,367.0,2025-06-01 00:00:00
zarga,الزرقـة,0.00554395,10,0.0,22.24,0.00554395,21.1105,0.0,3.74938,0.09,18.5099,22.003,17.362,24.256,93.0,24.0,1.0,2012,36.8824,8.6992,60.0,2025-06-01 00:00:00
kebir,الكبيــر,0.0,31,0.0,46.517,0.0,30.04,0.0,11.5034,0.124519,20.1264,39.4993,28.7,64.4,85.0,64.4,1.0,2014,36.8802,8.7211,85.2,2025-06-01 00:00:00
moula,المولى,0.00538258,32,0.0,20.36,0.00538258,20.784,0.0,8.08648,0.118173,11.4772,31.7445,18.1067,26.337,110.0,26.3,1.0,2013,36.9347,8.845,58.0,2025-06-01 00:00:00
selbarrak,سيدي البــــراق,0.0,11,0.75,188.683,0.0,208.265,0.75,129.811,1.97054,130.925,294.131,122.685,286.514,27.0,286.514,1.0,1999,37.0244,8.93652,865.0,2025-06-01 00:00:00
ziatine,الزياتيـن,0.006112,12,0.043152,15.2,0.006112,14.7702,0.043152,7.67078,0.1,10.4516,29.1033,12.6517,33.3,37.0,33.0,1.0,2012,37.1856,9.2011,95.0,2025-06-01 00:00:00
gamgoum,القمقـوم,0.00462231,13,0.0,9.19253,0.00462231,4.56111,0.0,3.995,0.0,3.23327,7.96404,12.2762,18.3,48.0,18.3,1.0,2012,37.1989,9.2679,35.5,2025-06-01 00:00:00
harka,الحركـة,0.0,35,0.0,13.1563,0.0,7.15363,0.0,0.0,0.34,5.38849,24.1713,8.76932,30.3,38.4,30.3,1.0,2016,37.222,9.4024,77.0,2025-06-01 00:00:00
siliana,سليانـــــــة,0.0,14,0.0,11.5239,0.0,9.23312,0.0,0.2375,0.902666,6.0224,34.2937,7.26996,30.986,388.5,70.0,1.0,1987,36.1571,9.3521,1040.0,2025-06-01 00:00:00
lakhmess,لخمـــــــاس,0.00815948,15,4.5e-05,2.21936,0.00815948,1.46959,4.5e-05,0.017077,0.481743,0.717895,11.9385,1.36346,7.22,517.06,8.22,1.0,1966,35.9994,9.4752,127.0,2025-06-01 00:00:00
rmil,الرميـــــــل,0.00232175,16,0.0,0.8055,0.00232175,0.850757,0.0,0.0,0.0634854,0.470905,9.95388,0.5314,2.0,285.0,4.0,1.0,2002,36.3023,9.5019,232.0,2025-06-01 00:00:00
birmcherga,بئر المشارقـــة,0.0,17,0.0068,10.4936,0.0,8.32105,0.0068,0.54712,0.338467,6.94424,25.6571,10.784,41.599,122.5,52.9,1.0,1971,36.5119,10.0102,1263.0,2025-06-01 00:00:00
rmel,الرمــــــل,0.0,18,0.0105,19.8411,0.0,27.4841,0.0105,2.16171,0.16196,6.30144,15.7361,2.12166,23.825,43.0,22.0,1.0,1998,36.3308,10.3584,675.0,2025-06-01 00:00:00
nebhana,نبهانــــــة,0.0,19,0.01039,5.8811,0.0,6.16719,0.01039,0.832456,0.741472,1.68373,21.6088,2.45954,64.61,230.0,86.5,1.0,1965,36.06,9.8724,855.0,2025-06-01 00:00:00
sidisaad,سيدي سعـــد,0.0271259,20,0.0,26.2047,0.0271259,10.3763,0.0,0.137523,2.50689,4.03654,42.0616,25.4388,133.317,270.0,209.0,1.0,1981,35.3902,9.6948,8950.0,2025-06-01 00:00:00
elhaouareb,هـــــــوارب,0.0,21,0.0,0.947662,0.0,8.95105,0.0,0.028406,0.496056,0.203927,14.2501,0.00576132,77.47,217.0,0.0,1.0,1989,35.5727,9.7468,1120.0,2025-06-01 00:00:00
sficifa,سفيسيفة,0.0,22,0.0,2.07588,0.0,1.14743,0.0,0.0,0.025429,0.430571,1.40611,1.71246,7.71,677.8,4.24,1.0,2005,35.3413,9.0705,173.65,2025-06-01 00:00:00
sidiach,سيدي يعيــــش,0.0,23,0.0,0.0,0.0,0.407372,0.0,0.022,0.111814,0.581066,1.74519,1.337,88.0,541.0,88.0,1.0,1997,34.7468,8.7476,1900.0,2025-06-01 00:00:00
elbrek,البــــــــرك,0.0020412,24,0.0,0.6,0.0020412,2.22248,0.0,0.02,0.0835049,0.20785,2.0302,0.06,14.6,849.0,16.0,1.0,2002,35.4705,8.9677,293.0,2025-06-01 00:00:00
bezirk,بزيـــــــغ,0.0,25,0.0,2.743,0.0,3.32636,0.0,0.042,0.130037,0.224491,4.96634,0.14566,5.01,54.62,6.5,1.0,1959,36.7195,10.6272,86.0,2025-06-01 00:00:00
chiba,شيبـــــــة,0.0,26,0.0,0.776734,0.0,1.20425,0.0,0.050184,0.18711,0.000489717,6.57156,0.000475792,3.79,77.88,7.8,1.0,1963,36.6973,10.772,64.0,2025-06-01 00:00:00
masri,مصــــــري,0.0796824,27,0.04,2.66413,0.0796824,4.05637,0.04,6.0017,0.158997,1.35879,4.57598,4.21631,5.068,163.0,6.9,1.0,1968,36.534,10.4911,53.0,2025-06-01 00:00:00
lebna,لبنــــــــة,0.0,28,0.0,4.78048,0.0,6.25128,0.0,0.0,0.182602,0.563156,17.8695,0.53937,25.46,18.04,30.1,1.0,1986,36.7388,10.9218,199.0,2025-06-01 00:00:00
hma,الحمـــــى,0.0,29,0.0,3.3257,0.0,4.1077,0.0,0.03504,0.0578286,0.763968,4.4101,0.164588,12.854,102.4,12.1,1.0,2002,36.5874,10.304,123.0,2025-06-01 00:00:00
abid,العبيـــــــد,0.00394118,30,0.0,4.05226,0.00394118,4.15506,0.0,0.03822,0.0124065,0.304242,5.22817,0.72778,9.615,42.2,10.0,1.0,2002,36.8308,10.7086,54.0,2025-06-01 00:00:00
mellegue,مـــــلاق,0.450665,1,0.02,21.6853,39.7957,119.142,45.89,111.729,17.3775,14.8561,152.444,14.5068,51.13,265.0,267.67,1.0,1954,36.3144,8.70273,10300.0,2025-05-31 00:00:00
sarrat,سراط,0.01174,36,0.0,9.41072,3.70571,13.5833,3.163,4.84502,2.095,2.60899,15.582,3.38651,21.0,546.0,21.0,1.0,2016,35.8322,8.4434,1850.0,2025-05-31 00:00:00
benmetir,بني مطيــر,0.0,2,0.0432,45.4501,3.25232,28.0278,1.3392,14.3973,1.27743,28.4242,42.9147,39.8041,60.393,436.5,61.63,1.0,1954,36.7471,8.7419,103.0,2025-05-31 00:00:00
kasseb,كســاب,0.0240832,3,0.0648,27.338,2.78931,29.6718,2.0088,17.4582,0.913573,24.0577,43.0069,21.894,76.9,292.04,81.875,1.0,1968,36.7614,9.0024,101.0,2025-05-31 00:00:00
barbara,بربرة,0.0248287,4,0.00936,60.6313,5.23013,57.2252,5.33226,47.3797,1.69462,69.3332,83.2478,57.4617,60.545,182.0,74.82,1.0,1998,36.7341,8.53173,177.0,2025-05-31 00:00:00
sidisalem,سيدي ســــالم,0.0,5,0.74117,232.958,36.2038,120.093,7.81906,84.6815,19.9305,123.44,384.587,202.653,580.348,115.0,814.0,1.0,1981,36.5907,9.3971,7950.0,2025-05-31 00:00:00
bouheurtma,بو هرتمـــــه,0.0365349,6,0.139042,57.2835,5.99686,50.6117,2.58111,40.1323,2.78374,49.6667,80.3867,66.4255,145.037,221.0,150.5,1.0,1976,36.6719,8.78758,390.0,2025-05-31 00:00:00
joumine,جوميــــــن,0.00356455,7,0.114878,24.4725,1.90059,35.6202,3.17489,22.9854,1.85273,29.6868,75.3216,30.383,118.773,90.0,129.9,1.0,1983,36.9909,9.6137,418.0,2025-05-31 00:00:00
ghezala,غزالـــــــة,0.00119761,8,0.0094,2.0386,0.097691,2.40141,0.14404,0.200234,0.226176,2.88461,9.43236,1.63045,10.004,82.5,11.7,1.0,1984,37.0594,9.5458,48.0,2025-05-31 00:00:00
melah,المالح,0.002304,33,0.0,10.488,0.262643,9.84474,0.0,0.0,0.68,10.9917,25.35,3.325,41.0,136.0,41.0,1.0,2015,37.0761,9.4488,85.9,2025-05-31 00:00:00
tine,الطين,0.0,34,0.0,2.9527,0.112495,2.9741,0.0,0.0,0.52,2.64365,17.24,3.4558,34.0,136.0,34.0,1.0,2017,36.864,9.6287,276.0,2025-05-31 00:00:00
sejnane,سجنــــــان,0.00438867,9,0.776463,57.9942,3.11312,68.5568,22.3369,165.064,0.61677,49.7061,117.929,46.132,132.59,86.5,137.5,1.0,1994,37.181,9.4751,367.0,2025-05-31 00:00:00
zarga,الزرقـة,0.0,10,0.0,22.24,0.29918,21.1049,2.02462,3.74938,0.64,18.5099,22.0,17.479,24.256,93.0,24.0,1.0,2012,36.8824,8.6992,60.0,2025-05-31 00:00:00
kebir,الكبيــر,0.0123819,31,0.0,46.5428,1.35791,30.04,0.0,11.5034,3.33512,20.1264,39.4952,28.72,64.4,85.0,64.4,1.0,2014,36.8802,8.7211,85.2,2025-05-31 00:00:00
moula,المولى,0.00484433,32,0.0,20.36,0.509396,20.7787,0.0,8.08648,1.49326,11.4743,31.7405,18.16,26.337,110.0,26.3,1.0,2013,36.9347,8.845,58.0,2025-05-31 00:00:00
selbarrak,سيدي البــــراق,0.0746103,11,0.6764,189.587,3.75339,208.265,18.079,129.061,3.70243,130.841,294.065,122.876,286.514,27.0,286.514,1.0,1999,37.0244,8.93652,865.0,2025-05-31 00:00:00
ziatine,الزياتيـن,2.168e-05,12,0.039988,15.2488,0.219949,14.7641,1.25966,7.62763,0.9,10.4309,29.1,12.679,33.3,37.0,33.0,1.0,2012,37.1856,9.2011,95.0,2025-05-31 00:00:00
gamgoum,القمقـوم,0.00462231,13,0.0,9.19253,0.110995,4.55649,0.023,3.995,0.035559,3.22919,7.96404,12.3082,18.3,48.0,18.3,1.0,2012,37.1989,9.2679,35.5,2025-05-31 00:00:00
harka,الحركـة,0.00763053,35,0.0,13.1793,0.166328,7.15363,0.0,0.0,0.88,5.38379,24.16,8.76932,30.3,38.4,30.3,1.0,2016,37.222,9.4024,77.0,2025-05-31 00:00:00
siliana,سليانـــــــة,0.0157417,14,0.0,11.558,0.631388,9.23312,0.0062,0.2375,2.01139,6.0224,34.2636,7.30062,30.986,388.5,70.0,1.0,1987,36.1571,9.3521,1040.0,2025-05-31 00:00:00
lakhmess,لخمـــــــاس,0.00240734,15,4.5e-05,2.21386,0.13568,1.46143,0.001258,0.017032,1.00958,0.714781,11.9224,1.36346,7.22,517.06,8.22,1.0,1966,35.9994,9.4752,127.0,2025-05-31 00:00:00
rmil,الرميـــــــل,0.00207918,16,0.0,0.8055,0.0877189,0.848435,0.0,0.0,0.174369,0.468034,9.95176,0.5314,2.0,285.0,4.0,1.0,2002,36.3023,9.5019,232.0,2025-05-31 00:00:00
birmcherga,بئر المشارقـــة,0.0,17,0.0044,10.5581,0.394509,8.32105,0.0444,0.54032,1.17327,6.94424,25.6459,10.8486,41.599,122.5,52.9,1.0,1971,36.5119,10.0102,1263.0,2025-05-31 00:00:00
rmel,الرمــــــل,0.0,18,0.0105,19.9007,0.56651,27.4841,0.3295,2.15121,0.16702,6.30144,15.7307,2.17608,23.825,43.0,22.0,1.0,1998,36.3308,10.3584,675.0,2025-05-31 00:00:00
nebhana,نبهانــــــة,0.00820341,19,0.01753,5.89726,0.421267,6.16719,0.291593,0.822066,1.36161,1.68373,21.5841,2.46857,64.61,230.0,86.5,1.0,1965,36.06,9.8724,855.0,2025-05-31 00:00:00
sidisaad,سيدي سعـــد,0.0,20,0.0,26.2047,4.2389,10.3492,0.071415,0.137523,4.36556,4.03654,41.978,25.5071,133.317,270.0,209.0,1.0,1981,35.3902,9.6948,8950.0,2025-05-31 00:00:00
elhaouareb,هـــــــوارب,0.0,21,0.0,0.968543,1.40429,8.95105,0.0,0.028406,0.818174,0.203677,14.2336,0.00576132,77.47,217.0,0.0,1.0,1989,35.5727,9.7468,1120.0,2025-05-31 00:00:00
sficifa,سفيسيفة,0.0,22,0.0,2.07985,0.225437,1.14743,0.0,0.0,0.220226,0.429522,1.40526,1.71246,7.71,677.8,4.24,1.0,2005,35.3413,9.0705,173.65,2025-05-31 00:00:00
sidiach,سيدي يعيــــش,0.0,23,0.0,0.0,0.0,0.407372,0.0,0.022,0.262516,0.578478,1.74147,1.337,88.0,541.0,88.0,1.0,1997,34.7468,8.7476,1900.0,2025-05-31 00:00:00
elbrek,البــــــــرك,0.0020412,24,0.0,0.6,0.848337,2.22044,0.0,0.02,0.0006324,0.206629,2.02742,0.06,14.6,849.0,16.0,1.0,2002,35.4705,8.9677,293.0,2025-05-31 00:00:00
bezirk,بزيـــــــغ,0.0,25,0.0,2.75,0.0644599,3.32636,0.0,0.042,0.266449,0.224491,4.962,0.147,5.01,54.62,6.5,1.0,1959,36.7195,10.6272,86.0,2025-05-31 00:00:00
chiba,شيبـــــــة,0.0029666,26,0.0,0.782146,0.0120357,1.20425,0.0,0.050184,0.191438,0.000485823,6.56532,0.000475792,3.79,77.88,7.8,1.0,1963,36.6973,10.772,64.0,2025-05-31 00:00:00
masri,مصــــــري,0.0,27,0.03,2.61759,0.217134,3.97669,0.66,5.9617,0.158997,1.35077,4.57068,4.18026,5.068,163.0,6.9,1.0,1968,36.534,10.4911,53.0,2025-05-31 00:00:00
lebna,لبنــــــــة,0.0103056,28,0.0,4.82228,0.563158,6.25128,0.0,0.0,0.13729,0.563156,17.8635,0.546725,25.46,18.04,30.1,1.0,1986,36.7388,10.9218,199.0,2025-05-31 00:00:00
hma,الحمـــــى,0.0,29,0.0,3.33454,0.0205738,4.1077,0.0,0.03504,0.0291232,0.763968,4.40817,0.167698,12.854,102.4,12.1,1.0,2002,36.5874,10.304,123.0,2025-05-31 00:00:00
abid,العبيـــــــد,0.0,30,0.0,4.05226,0.12601,4.15111,0.02502,0.03822,0.0146496,0.304242,5.22776,0.730735,9.615,42.2,10.0,1.0,2002,36.8308,10.7086,54.0,2025-05-31 00:00:00
mellegue,مـــــلاق,0.122458,1,0.02,20.3164,39.345,118.692,45.87,111.709,17.3775,14.8561,151.883,14.5618,51.13,265.0,267.67,1.0,1954,36.3144,8.70273,10300.0,2025-05-30 00:00:00
sarrat,سراط,0.01868,36,0.493752,9.41072,3.69397,13.5716,3.163,4.84502,2.095,2.60073,15.5144,3.40085,21.0,546.0,21.0,1.0,2016,35.8322,8.4434,1850.0,2025-05-30 00:00:00
benmetir,بني مطيــر,0.0,2,0.0432,45.5028,3.25232,28.0278,1.296,14.3541,1.27743,28.4242,42.8735,39.87,60.393,436.5,61.63,1.0,1954,36.7471,8.7419,103.0,2025-05-30 00:00:00
kasseb,كســاب,0.0458716,3,0.0648,27.3823,2.76523,29.6477,1.944,17.3934,0.913573,24.054,42.9774,21.932,76.9,292.04,81.875,1.0,1968,36.7614,9.0024,101.0,2025-05-30 00:00:00
barbara,بربرة,0.0224734,4,0.00936,60.6313,5.2053,57.2004,5.3229,47.3704,1.69462,69.3246,83.1931,57.5007,60.545,182.0,74.82,1.0,1998,36.7341,8.53173,177.0,2025-05-30 00:00:00
sidisalem,سيدي ســــالم,0.0,5,0.64226,233.511,36.2038,120.093,7.07789,83.9404,19.9305,123.44,383.944,203.665,580.348,115.0,814.0,1.0,1981,36.5907,9.3971,7950.0,2025-05-30 00:00:00
bouheurtma,بو هرتمـــــه,0.0171628,6,0.122756,57.3926,5.96032,50.5752,2.44207,39.9933,2.78374,49.6109,80.2969,66.4255,145.037,221.0,150.5,1.0,1976,36.6719,8.78758,390.0,2025-05-30 00:00:00
joumine,جوميــــــن,0.0196061,7,0.107008,24.5999,1.89703,35.6167,3.06001,22.8705,1.85273,29.6786,75.2618,30.4965,118.773,90.0,129.9,1.0,1983,36.9909,9.6137,418.0,2025-05-30 00:00:00
ghezala,غزالـــــــة,0.00115569,8,0.0101,2.04828,0.0964933,2.40021,0.13464,0.190834,0.226176,2.88461,9.42507,1.67106,10.004,82.5,11.7,1.0,1984,37.0594,9.5458,48.0,2025-05-30 00:00:00
melah,المالح,0.0018432,33,0.0,10.488,0.260339,9.84244,0.0,0.0,0.68,10.9917,25.3281,3.4034,41.0,136.0,41.0,1.0,2015,37.0761,9.4488,85.9,2025-05-30 00:00:00
tine,الطين,0.0050364,34,0.0,2.9644,0.112495,2.9741,0.0,0.0,0.52,2.63221,17.2232,3.4558,34.0,136.0,34.0,1.0,2017,36.864,9.6287,276.0,2025-05-30 00:00:00
sejnane,سجنــــــان,0.11154,9,0.774793,58.1807,3.10873,68.5524,21.5605,164.288,0.61677,49.7061,117.909,46.1732,132.59,86.5,137.5,1.0,1994,37.181,9.4751,367.0,2025-05-30 00:00:00
zarga,الزرقـة,0.00378159,10,0.0,22.258,0.29918,21.1049,2.02462,3.74938,0.64,18.4998,21.9794,17.583,24.256,93.0,24.0,1.0,2012,36.8824,8.6992,60.0,2025-05-30 00:00:00
kebir,الكبيــر,0.0123819,31,0.0,46.5428,1.34553,30.0277,0.0,11.5034,3.33512,20.1163,39.3876,28.72,64.4,85.0,64.4,1.0,2014,36.8802,8.7211,85.2,2025-05-30 00:00:00
moula,المولى,0.00538258,32,0.0,20.36,0.504552,20.7738,0.0,8.08648,1.49326,11.4705,31.6924,18.2134,26.337,110.0,26.3,1.0,2013,36.9347,8.845,58.0,2025-05-30 00:00:00
selbarrak,سيدي البــــراق,0.0508136,11,0.6576,190.266,3.67877,208.19,17.4025,128.384,3.70243,130.734,293.945,123.067,286.514,27.0,286.514,1.0,1999,37.0244,8.93652,865.0,2025-05-30 00:00:00
ziatine,الزياتيـن,8.136e-05,12,0.040034,15.2976,0.219927,14.7641,1.21967,7.58764,0.9,10.4246,29.071,12.7198,33.3,37.0,33.0,1.0,2012,37.1856,9.2011,95.0,2025-05-30 00:00:00
gamgoum,القمقـوم,0.0,13,0.0,9.19253,0.106372,4.55187,0.023,3.995,0.035559,3.22411,7.96289,12.341,18.3,48.0,18.3,1.0,2012,37.1989,9.2679,35.5,2025-05-30 00:00:00
harka,الحركـة,0.00763053,35,0.0,13.1793,0.158698,7.146,0.0,0.0,0.88,5.37646,24.1316,8.76932,30.3,38.4,30.3,1.0,2016,37.222,9.4024,77.0,2025-05-30 00:00:00
siliana,سليانـــــــة,0.0141675,14,0.0,11.558,0.615646,9.21737,0.0062,0.2375,2.01139,6.00344,34.1987,7.30062,30.986,388.5,70.0,1.0,1987,36.1571,9.3521,1040.0,2025-05-30 00:00:00
lakhmess,لخمـــــــاس,0.00215367,15,4e-05,2.21386,0.133272,1.45902,0.001213,0.016987,1.00958,0.714781,11.8899,1.36799,7.22,517.06,8.22,1.0,1966,35.9994,9.4752,127.0,2025-05-30 00:00:00
rmil,الرميـــــــل,0.0,16,0.0,0.8055,0.0856398,0.846356,0.0,0.0,0.174369,0.468034,9.94613,0.5353,2.0,285.0,4.0,1.0,2002,36.3023,9.5019,232.0,2025-05-30 00:00:00
birmcherga,بئر المشارقـــة,0.0,17,0.0028,10.5904,0.394509,8.32105,0.04,0.53592,1.17327,6.94424,25.608,10.9156,41.599,122.5,52.9,1.0,1971,36.5119,10.0102,1263.0,2025-05-30 00:00:00
rmel,الرمــــــل,0.0403936,18,0.0105,19.9604,0.56651,27.4841,0.319,2.14071,0.16702,6.30144,15.7253,2.21236,23.825,43.0,22.0,1.0,1998,36.3308,10.3584,675.0,2025-05-30 00:00:00
nebhana,نبهانــــــة,0.0,19,0.01021,5.91343,0.413063,6.15899,0.274063,0.804536,1.36161,1.67903,21.5402,2.46857,64.61,230.0,86.5,1.0,1965,36.06,9.8724,855.0,2025-05-30 00:00:00
sidisaad,سيدي سعـــد,0.0252546,20,0.0,26.276,4.2389,10.3492,0.071415,0.137523,4.36556,4.00839,41.8372,25.5071,133.317,270.0,209.0,1.0,1981,35.3902,9.6948,8950.0,2025-05-30 00:00:00
elhaouareb,هـــــــوارب,0.0,21,0.0,1.01031,1.40429,8.95105,0.0,0.028406,0.818174,0.203476,14.2072,0.00576132,77.47,217.0,0.0,1.0,1989,35.5727,9.7468,1120.0,2025-05-30 00:00:00
sficifa,سفيسيفة,0.000552504,22,0.0,2.08781,0.225437,1.14743,0.0,0.0,0.220226,0.428648,1.39816,1.71246,7.71,677.8,4.24,1.0,2005,35.3413,9.0705,173.65,2025-05-30 00:00:00
sidiach,سيدي يعيــــش,0.0,23,0.0,0.0,0.0,0.407372,0.0,0.022,0.262516,0.57615,1.733,1.337,88.0,541.0,88.0,1.0,1997,34.7468,8.7476,1900.0,2025-05-30 00:00:00
elbrek,البــــــــرك,0.001944,24,0.0,0.6,0.846296,2.2184,0.0,0.02,0.0006324,0.20553,2.0274,0.06,14.6,849.0,16.0,1.0,2002,35.4705,8.9677,293.0,2025-05-30 00:00:00
bezirk,بزيـــــــغ,0.00386189,25,0.0,2.7574,0.0644599,3.32636,0.0,0.042,0.266449,0.22392,4.95341,0.147,5.01,54.62,6.5,1.0,1959,36.7195,10.6272,86.0,2025-05-30 00:00:00
chiba,شيبـــــــة,0.0,26,0.0,0.782146,0.00906915,1.20128,0.0,0.050184,0.191438,0.000482471,6.55915,0.000475792,3.79,77.88,7.8,1.0,1963,36.6973,10.772,64.0,2025-05-30 00:00:00
masri,مصــــــري,0.0,27,0.06,2.64614,0.217134,3.97669,0.63,5.9317,0.285983,1.34558,4.56146,4.137,5.068,163.0,6.9,1.0,1968,36.534,10.4911,53.0,2025-05-30 00:00:00
lebna,لبنــــــــة,0.0,28,0.0,4.82228,0.552852,6.24097,0.0,0.0,0.13729,0.563156,17.859,0.55408,25.46,18.04,30.1,1.0,1986,36.7388,10.9218,199.0,2025-05-30 00:00:00
hma,الحمـــــى,0.0,29,0.0,3.35224,0.0205738,4.1077,0.0,0.03504,0.0291232,0.763968,4.40723,0.170808,12.854,102.4,12.1,1.0,2002,36.5874,10.304,123.0,2025-05-30 00:00:00
abid,العبيـــــــد,0.0,30,0.0,4.05987,0.12601,4.15111,0.02502,0.03822,0.0146496,0.304242,5.22729,0.733691,9.615,42.2,10.0,1.0,2002,36.8308,10.7086,54.0,2025-05-30 00:00:00
mellegue,مـــــلاق,0.196583,1,0.02,20.0163,39.2226,118.569,45.85,111.689,17.3775,14.8561,151.323,14.6168,51.13,265.0,267.67,1.0,1954,36.3144,8.70273,10300.0,2025-05-29 00:00:00
sarrat,سراط,0.0119464,36,0.829,9.89687,3.67529,13.5529,2.66925,4.35127,2.095,2.59487,15.4468,3.41519,21.0,546.0,21.0,1.0,2016,35.8322,8.4434,1850.0,2025-05-29 00:00:00
benmetir,بني مطيــر,0.0,2,0.0432,45.5556,3.25232,28.0278,1.2528,14.3109,1.27743,28.417,42.8323,39.9014,60.393,436.5,61.63,1.0,1954,36.7471,8.7419,103.0,2025-05-29 00:00:00
kasseb,كســاب,0.0234175,3,0.0648,27.4044,2.71936,29.6018,1.8792,17.3286,0.913573,24.0524,42.948,21.97,76.9,292.04,81.875,1.0,1968,36.7614,9.0024,101.0,2025-05-29 00:00:00
barbara,بربرة,0.0245741,4,0.00936,60.6313,5.18283,57.1779,5.31354,47.361,1.69462,69.3194,83.1384,57.5397,60.545,182.0,74.82,1.0,1998,36.7341,8.53173,177.0,2025-05-29 00:00:00
sidisalem,سيدي ســــالم,0.289466,5,0.44066,234.34,36.2038,120.093,6.43563,83.2981,19.9305,123.44,383.301,204.677,580.348,115.0,814.0,1.0,1981,36.5907,9.3971,7950.0,2025-05-29 00:00:00
bouheurtma,بو هرتمـــــه,0.0772917,6,0.128017,57.504,5.94316,50.558,2.31931,39.8705,2.78374,49.6077,80.2071,66.5449,145.037,221.0,150.5,1.0,1976,36.6719,8.78758,390.0,2025-05-29 00:00:00
joumine,جوميــــــن,0.0188305,7,0.105738,24.7018,1.87742,35.5971,2.953,22.7635,1.85273,29.6772,75.2021,30.614,118.773,90.0,129.9,1.0,1983,36.9909,9.6137,418.0,2025-05-29 00:00:00
ghezala,غزالـــــــة,0.0,8,0.012,2.05856,0.0953377,2.39906,0.12454,0.180734,0.226176,2.88461,9.41777,1.70265,10.004,82.5,11.7,1.0,1984,37.0594,9.5458,48.0,2025-05-29 00:00:00
melah,المالح,0.013751,33,0.0,10.488,0.258496,9.8406,0.0,0.0,0.68,10.9917,25.3061,3.4762,41.0,136.0,41.0,1.0,2015,37.0761,9.4488,85.9,2025-05-29 00:00:00
tine,الطين,0.00453276,34,0.0,2.9644,0.107459,2.96907,0.0,0.0,0.52,2.63221,17.2065,3.4675,34.0,136.0,34.0,1.0,2017,36.864,9.6287,276.0,2025-05-29 00:00:00
sejnane,سجنــــــان,0.108045,9,0.650237,58.274,2.99719,68.4409,20.7857,163.513,0.61677,49.7061,117.889,46.132,132.59,86.5,137.5,1.0,1994,37.181,9.4751,367.0,2025-05-29 00:00:00
zarga,الزرقـة,0.00479001,10,0.0,22.258,0.295398,21.1011,2.02462,3.74938,0.64,18.4778,21.9587,17.674,24.256,93.0,24.0,1.0,2012,36.8824,8.6992,60.0,2025-05-29 00:00:00
kebir,الكبيــر,0.010477,31,0.0,46.5428,1.33315,30.0153,0.0,11.5034,3.33512,20.1163,39.28,28.74,64.4,85.0,64.4,1.0,2014,36.8802,8.7211,85.2,2025-05-29 00:00:00
moula,المولى,0.0168443,32,0.0,20.36,0.49917,20.7684,0.0,8.08648,1.49326,11.4675,31.6442,18.2667,26.337,110.0,26.3,1.0,2013,36.9347,8.845,58.0,2025-05-29 00:00:00
selbarrak,سيدي البــــراق,0.0664929,11,0.68,190.944,3.62796,208.139,16.7449,127.727,3.70243,130.609,293.826,123.258,286.514,27.0,286.514,1.0,1999,37.0244,8.93652,865.0,2025-05-29 00:00:00
ziatine,الزياتيـن,0.0,12,0.039843,15.3464,0.219846,14.764,1.17964,7.54761,0.9,10.4047,29.0419,12.7471,33.3,37.0,33.0,1.0,2012,37.1856,9.2011,95.0,2025-05-29 00:00:00
gamgoum,القمقـوم,0.00198207,13,0.0,9.20113,0.106372,4.55187,0.023,3.995,0.035559,3.22003,7.96175,12.3739,18.3,48.0,18.3,1.0,2012,37.1989,9.2679,35.5,2025-05-29 00:00:00
harka,الحركـة,0.00763053,35,0.0,13.1793,0.151067,7.13837,0.0,0.0,0.88,5.37646,24.1032,8.78106,30.3,38.4,30.3,1.0,2016,37.222,9.4024,77.0,2025-05-29 00:00:00
siliana,سليانـــــــة,0.0,14,0.0,11.558,0.601479,9.20321,0.0062,0.2375,2.01139,6.00344,34.1338,7.33127,30.986,388.5,70.0,1.0,1987,36.1571,9.3521,1040.0,2025-05-29 00:00:00
lakhmess,لخمـــــــاس,0.00194645,15,4e-05,2.21386,0.131119,1.45687,0.001173,0.016947,1.00958,0.711735,11.8573,1.36799,7.22,517.06,8.22,1.0,1966,35.9994,9.4752,127.0,2025-05-29 00:00:00
rmil,الرميـــــــل,0.0017005,16,0.0,0.809,0.0856398,0.846356,0.0,0.0,0.174369,0.465475,9.94051,0.5353,2.0,285.0,4.0,1.0,2002,36.3023,9.5019,232.0,2025-05-29 00:00:00
birmcherga,بئر المشارقـــة,0.0,17,0.0024,10.6227,0.394509,8.32105,0.0372,0.53312,1.17327,6.94424,25.5702,10.9505,41.599,122.5,52.9,1.0,1971,36.5119,10.0102,1263.0,2025-05-29 00:00:00
rmel,الرمــــــل,0.0,18,0.0105,19.9604,0.526117,27.4437,0.3085,2.13021,0.16702,6.30144,15.7199,2.26678,23.825,43.0,22.0,1.0,1998,36.3308,10.3584,675.0,2025-05-29 00:00:00
nebhana,نبهانــــــة,0.0,19,0.009749,5.94576,0.413063,6.15899,0.263853,0.794326,1.36161,1.67903,21.4962,2.47759,64.61,230.0,86.5,1.0,1965,36.06,9.8724,855.0,2025-05-29 00:00:00
sidisaad,سيدي سعـــد,0.0,20,0.0,26.276,4.21364,10.3239,0.071415,0.137523,4.36556,4.00839,41.6964,25.5753,133.317,270.0,209.0,1.0,1981,35.3902,9.6948,8950.0,2025-05-29 00:00:00
elhaouareb,هـــــــوارب,0.0,21,0.0,1.05207,1.40429,8.95105,0.0,0.028406,0.818174,0.203234,14.1808,0.00576132,77.47,217.0,0.0,1.0,1989,35.5727,9.7468,1120.0,2025-05-29 00:00:00
sficifa,سفيسيفة,0.0,22,0.0,2.08781,0.224884,1.14688,0.0,0.0,0.220226,0.428036,1.39106,1.71246,7.71,677.8,4.24,1.0,2005,35.3413,9.0705,173.65,2025-05-29 00:00:00
sidiach,سيدي يعيــــش,0.0,23,0.0,0.0,0.0,0.407372,0.0,0.022,0.262516,0.57408,1.72453,1.337,88.0,541.0,88.0,1.0,1997,34.7468,8.7476,1900.0,2025-05-29 00:00:00
elbrek,البــــــــرك,0.0,24,0.0,0.6,0.844352,2.21645,0.0,0.02,0.0006324,0.204554,2.02738,0.06,14.6,849.0,16.0,1.0,2002,35.4705,8.9677,293.0,2025-05-29 00:00:00
bezirk,بزيـــــــغ,0.0,25,0.0,2.7574,0.060598,3.3225,0.0,0.042,0.266449,0.22392,4.94481,0.14886,5.01,54.62,6.5,1.0,1959,36.7195,10.6272,86.0,2025-05-29 00:00:00
chiba,شيبـــــــة,0.0,26,0.0,0.788313,0.00906915,1.20128,0.0,0.050184,0.191438,0.000479065,6.55297,0.000475792,3.79,77.88,7.8,1.0,1963,36.6973,10.772,64.0,2025-05-29 00:00:00
masri,مصــــــري,0.00462264,27,0.0,2.71209,0.217134,3.97669,0.57,5.8717,0.285983,1.34558,4.55223,4.10095,5.068,163.0,6.9,1.0,1968,36.534,10.4911,53.0,2025-05-29 00:00:00
lebna,لبنــــــــة,0.0,28,0.0,4.84318,0.552852,6.24097,0.0,0.0,0.13729,0.559295,17.8546,0.55408,25.46,18.04,30.1,1.0,1986,36.7388,10.9218,199.0,2025-05-29 00:00:00
hma,الحمـــــى,0.0,29,0.0,3.36109,0.0205738,4.1077,0.0,0.03504,0.0291232,0.763968,4.4063,0.174508,12.854,102.4,12.1,1.0,2002,36.5874,10.304,123.0,2025-05-29 00:00:00
abid,العبيـــــــد,0.0,30,0.0,4.06749,0.12601,4.15111,0.02502,0.03822,0.0146496,0.304242,5.22681,0.736646,9.615,42.2,10.0,1.0,2002,36.8308,10.7086,54.0,2025-05-29 00:00:00
mellegue,مـــــلاق,0.168043,1,0.02,18.8652,39.026,118.373,45.83,111.669,17.3775,14.8561,150.762,14.6743,51.13,265.0,267.67,1.0,1954,36.3144,8.70273,10300.0,2025-05-28 00:00:00
sarrat,سراط,0.0101384,36,0.928,10.7248,3.66335,13.5409,1.84025,3.52227,2.095,2.59487,15.3793,3.42952,21.0,546.0,21.0,1.0,2016,35.8322,8.4434,1850.0,2025-05-28 00:00:00
benmetir,بني مطيــر,0.0,2,0.0432,45.6083,3.25232,28.0278,1.2096,14.2677,1.27743,28.4096,42.7911,39.9327,60.393,436.5,61.63,1.0,1954,36.7471,8.7419,103.0,2025-05-28 00:00:00
kasseb,كســاب,0.0235894,3,0.0648,27.4486,2.69594,29.5784,1.8144,17.2638,0.913573,24.0524,42.9185,22.008,76.9,292.04,81.875,1.0,1968,36.7614,9.0024,101.0,2025-05-28 00:00:00
barbara,بربرة,0.0258472,4,0.00936,60.6313,5.15825,57.1533,5.30418,47.3516,1.69462,69.3142,83.0838,57.5787,60.545,182.0,74.82,1.0,1998,36.7341,8.53173,177.0,2025-05-28 00:00:00
sidisalem,سيدي ســــالم,0.133419,5,0.84134,234.616,35.9144,119.803,5.99497,82.8574,19.9305,123.44,382.658,205.689,580.348,115.0,814.0,1.0,1981,36.5907,9.3971,7950.0,2025-05-28 00:00:00
bouheurtma,بو هرتمـــــه,0.0742707,6,0.12458,57.5597,5.86587,50.4807,2.19129,39.7425,2.78374,49.6077,80.1173,66.6643,145.037,221.0,150.5,1.0,1976,36.6719,8.78758,390.0,2025-05-28 00:00:00
joumine,جوميــــــن,0.0245155,7,0.111158,24.8037,1.85859,35.5782,2.84727,22.6577,1.85273,29.6606,75.1423,30.6728,118.773,90.0,129.9,1.0,1983,36.9909,9.6137,418.0,2025-05-28 00:00:00
ghezala,غزالـــــــة,0.0,8,0.0139,2.07397,0.0953377,2.39906,0.11254,0.168734,0.226176,2.88461,9.41048,1.73875,10.004,82.5,11.7,1.0,1984,37.0594,9.5458,48.0,2025-05-28 00:00:00
melah,المالح,0.00257796,33,0.0,10.476,0.244745,9.82684,0.0,0.0,0.68,10.9917,25.2842,3.5434,41.0,136.0,41.0,1.0,2015,37.0761,9.4488,85.9,2025-05-28 00:00:00
tine,الطين,0.00453276,34,0.0,2.9644,0.102926,2.96453,0.0,0.0,0.52,2.62076,17.1897,3.4675,34.0,136.0,34.0,1.0,2017,36.864,9.6287,276.0,2025-05-28 00:00:00
sejnane,سجنــــــان,0.0566002,9,0.367499,58.2273,2.88914,68.3328,20.1354,162.863,0.61677,49.7061,117.869,46.0497,132.59,86.5,137.5,1.0,1994,37.181,9.4751,367.0,2025-05-28 00:00:00
zarga,الزرقـة,0.0215379,10,0.071,22.258,0.290608,21.0964,2.02462,3.74938,0.64,18.4778,21.9381,17.791,24.256,93.0,24.0,1.0,2012,36.8824,8.6992,60.0,2025-05-28 00:00:00
kebir,الكبيــر,0.0,31,0.0,46.5428,1.32267,30.0048,0.0,11.5034,3.33512,20.1103,39.1724,28.74,64.4,85.0,64.4,1.0,2014,36.8802,8.7211,85.2,2025-05-28 00:00:00
moula,المولى,0.00376623,32,0.0,20.348,0.482325,20.7516,0.0,8.08648,1.49326,11.465,31.596,18.32,26.337,110.0,26.3,1.0,2013,36.9347,8.845,58.0,2025-05-28 00:00:00
selbarrak,سيدي البــــراق,0.0483046,11,0.679,191.623,3.56147,208.073,16.065,127.047,3.70243,130.609,293.707,123.83,286.514,27.0,286.514,1.0,1999,37.0244,8.93652,865.0,2025-05-28 00:00:00
ziatine,الزياتيـن,0.0,12,0.040481,15.3952,0.219846,14.764,1.1398,7.50777,0.9,10.3847,29.0129,12.7743,33.3,37.0,33.0,1.0,2012,37.1856,9.2011,95.0,2025-05-28 00:00:00
gamgoum,القمقـوم,0.00396414,13,0.0,9.20113,0.10439,4.54989,0.023,3.995,0.035559,3.21493,7.9606,12.4067,18.3,48.0,18.3,1.0,2012,37.1989,9.2679,35.5,2025-05-28 00:00:00
harka,الحركـة,0.0,35,0.0,13.1793,0.143437,7.13074,0.0,0.0,0.88,5.36999,24.0748,8.78106,30.3,38.4,30.3,1.0,2016,37.222,9.4024,77.0,2025-05-28 00:00:00
siliana,سليانـــــــة,0.0112954,14,0.0,11.5942,0.601479,9.20321,0.0062,0.2375,2.01139,5.98332,34.0689,7.33127,30.986,388.5,70.0,1.0,1987,36.1571,9.3521,1040.0,2025-05-28 00:00:00
lakhmess,لخمـــــــاس,0.00170278,15,4.5e-05,2.21386,0.129172,1.45492,0.001133,0.016907,1.00958,0.707906,11.8247,1.36799,7.22,517.06,8.22,1.0,1966,35.9994,9.4752,127.0,2025-05-28 00:00:00
rmil,الرميـــــــل,0.00145757,16,0.0,0.809,0.0839393,0.844655,0.0,0.0,0.174369,0.465475,9.93489,0.5392,2.0,285.0,4.0,1.0,2002,36.3023,9.5019,232.0,2025-05-28 00:00:00
birmcherga,بئر المشارقـــة,0.0149178,17,0.0018,10.6549,0.394509,8.32105,0.0348,0.53072,1.17327,6.94424,25.5323,10.9853,41.599,122.5,52.9,1.0,1971,36.5119,10.0102,1263.0,2025-05-28 00:00:00
rmel,الرمــــــل,0.031231,18,0.0105,20.0201,0.526117,27.4437,0.298,2.11971,0.16702,6.30144,15.7145,2.33934,23.825,43.0,22.0,1.0,1998,36.3308,10.3584,675.0,2025-05-28 00:00:00
nebhana,نبهانــــــة,0.0,19,0.00118,5.99425,0.413063,6.15899,0.254104,0.784577,1.36161,1.67903,21.4523,2.48662,64.61,230.0,86.5,1.0,1965,36.06,9.8724,855.0,2025-05-28 00:00:00
sidisaad,سيدي سعـــد,0.0252759,20,0.0,26.3472,4.21364,10.3239,0.071415,0.137523,4.36556,3.98147,41.5555,25.5753,133.317,270.0,209.0,1.0,1981,35.3902,9.6948,8950.0,2025-05-28 00:00:00
elhaouareb,هـــــــوارب,0.0,21,0.0,1.13559,1.40429,8.95105,0.0,0.028406,0.818174,0.203004,14.1544,0.00576132,77.47,217.0,0.0,1.0,1989,35.5727,9.7468,1120.0,2025-05-28 00:00:00
sficifa,سفيسيفة,0.0,22,0.0,2.09178,0.224884,1.14688,0.0,0.0,0.220226,0.42725,1.38395,1.71246,7.71,677.8,4.24,1.0,2005,35.3413,9.0705,173.65,2025-05-28 00:00:00
sidiach,سيدي يعيــــش,0.0,23,0.0,0.0,0.0,0.407372,0.0,0.022,0.262516,0.571751,1.71606,1.337,88.0,541.0,88.0,1.0,1997,34.7468,8.7476,1900.0,2025-05-28 00:00:00
elbrek,البــــــــرك,0.00208183,24,0.0,0.65,0.844352,2.21645,0.0,0.02,0.0006324,0.203455,2.02736,0.06,14.6,849.0,16.0,1.0,2002,35.4705,8.9677,293.0,2025-05-28 00:00:00
bezirk,بزيـــــــغ,0.0,25,0.0,2.7648,0.060598,3.3225,0.0,0.042,0.266449,0.223202,4.93622,0.14886,5.01,54.62,6.5,1.0,1959,36.7195,10.6272,86.0,2025-05-28 00:00:00
chiba,شيبـــــــة,0.0,26,0.0,0.800645,0.00906915,1.20128,0.0,0.050184,0.191438,0.000475496,6.54679,0.000475792,3.79,77.88,7.8,1.0,1963,36.6973,10.772,64.0,2025-05-28 00:00:00
masri,مصــــــري,0.00618915,27,0.0,2.7001,0.212512,3.97206,0.57,5.8717,0.285983,1.34558,4.54301,4.0649,5.068,163.0,6.9,1.0,1968,36.534,10.4911,53.0,2025-05-28 00:00:00
lebna,لبنــــــــة,0.0,28,0.0,4.86408,0.552852,6.24097,0.0,0.0,0.13729,0.556252,17.8502,0.55408,25.46,18.04,30.1,1.0,1986,36.7388,10.9218,199.0,2025-05-28 00:00:00
hma,الحمـــــى,0.0,29,0.0,3.37879,0.0205738,4.1077,0.0,0.03504,0.0291232,0.763064,4.40536,0.174508,12.854,102.4,12.1,1.0,2002,36.5874,10.304,123.0,2025-05-28 00:00:00
abid,العبيـــــــد,0.0,30,0.0,4.0751,0.12601,4.15111,0.02502,0.03822,0.0146496,0.304242,5.22634,0.739602,9.615,42.2,10.0,1.0,2002,36.8308,10.7086,54.0,2025-05-28 00:00:00
mellegue,مـــــلاق,0.134221,1,0.02,18.0273,38.8579,118.205,45.81,111.649,17.3775,14.8554,150.202,14.7044,51.13,265.0,267.67,1.0,1954,36.3144,8.70273,10300.0,2025-05-27 00:00:00
sarrat,سراط,0.0156283,36,0.77,11.6515,3.65321,13.5308,0.912251,2.59427,2.095,2.58035,15.3117,3.43669,21.0,546.0,21.0,1.0,2016,35.8322,8.4434,1850.0,2025-05-27 00:00:00
benmetir,بني مطيــر,0.0,2,0.0432,45.6611,3.25232,28.0278,1.1664,14.2245,1.27743,28.4015,42.7499,39.9641,60.393,436.5,61.63,1.0,1954,36.7471,8.7419,103.0,2025-05-27 00:00:00
kasseb,كســاب,0.0227046,3,0.0648,27.4929,2.67235,29.5548,1.7496,17.199,0.913573,24.0524,42.889,22.046,76.9,292.04,81.875,1.0,1968,36.7614,9.0024,101.0,2025-05-27 00:00:00
barbara,بربرة,0.0,4,0.01296,60.6313,5.13241,57.1275,5.29482,47.3423,1.69462,69.3083,83.0291,57.6177,60.545,182.0,74.82,1.0,1998,36.7341,8.53173,177.0,2025-05-27 00:00:00
sidisalem,سيدي ســــالم,0.430573,5,0.0432,235.445,35.781,119.67,5.15363,82.0161,19.9305,123.44,382.015,206.717,580.348,115.0,814.0,1.0,1981,36.5907,9.3971,7950.0,2025-05-27 00:00:00
bouheurtma,بو هرتمـــــه,0.0992954,6,0.094326,57.6154,5.7916,50.4064,2.06672,39.6179,2.78374,49.6077,80.0275,66.7239,145.037,221.0,150.5,1.0,1976,36.6719,8.78758,390.0,2025-05-27 00:00:00
joumine,جوميــــــن,0.0416472,7,0.107048,24.9056,1.83408,35.5537,2.73611,22.5466,1.85273,29.6436,75.0826,30.7315,118.773,90.0,129.9,1.0,1983,36.9909,9.6137,418.0,2025-05-27 00:00:00
ghezala,غزالـــــــة,0.00185502,8,0.0109,2.08939,0.0953377,2.39906,0.09864,0.154834,0.226176,2.88461,9.40318,1.77485,10.004,82.5,11.7,1.0,1984,37.0594,9.5458,48.0,2025-05-27 00:00:00
melah,المالح,0.0141176,33,0.0,10.476,0.242167,9.82427,0.0,0.0,0.68,10.9917,25.2623,3.6106,41.0,136.0,41.0,1.0,2015,37.0761,9.4488,85.9,2025-05-27 00:00:00
tine,الطين,0.0,34,0.0,2.9644,0.0983935,2.96,0.0,0.0,0.52,2.62076,17.1729,3.4792,34.0,136.0,34.0,1.0,2017,36.864,9.6287,276.0,2025-05-27 00:00:00
sejnane,سجنــــــان,0.0965957,9,0.714723,57.9475,2.83254,68.2762,19.7679,162.495,0.61677,49.7061,117.849,46.0908,132.59,86.5,137.5,1.0,1994,37.181,9.4751,367.0,2025-05-27 00:00:00
zarga,الزرقـة,0.0060486,10,0.073,22.312,0.26907,21.0748,1.95362,3.67838,0.64,18.4595,21.9174,17.882,24.256,93.0,24.0,1.0,2012,36.8824,8.6992,60.0,2025-05-27 00:00:00
kebir,الكبيــر,0.0,31,0.0,46.5428,1.32267,30.0048,0.0,11.5034,3.33512,20.1042,39.0648,28.74,64.4,85.0,64.4,1.0,2014,36.8802,8.7211,85.2,2025-05-27 00:00:00
moula,المولى,0.00430426,32,0.0,20.348,0.478559,20.7478,0.0,8.08648,1.49326,11.4606,31.5478,18.3734,26.337,110.0,26.3,1.0,2013,36.9347,8.845,58.0,2025-05-27 00:00:00
selbarrak,سيدي البــــراق,0.0,11,0.659,192.301,3.51316,208.025,15.386,126.368,3.70243,130.568,293.587,124.021,286.514,27.0,286.514,1.0,1999,37.0244,8.93652,865.0,2025-05-27 00:00:00
ziatine,الزياتيـن,0.0,12,0.040317,15.444,0.219846,14.764,1.09932,7.46729,0.9,10.362,28.9839,12.8016,33.3,37.0,33.0,1.0,2012,37.1856,9.2011,95.0,2025-05-27 00:00:00
gamgoum,القمقـوم,0.0,13,0.0,9.20113,0.100426,4.54592,0.023,3.995,0.035559,3.21493,7.95945,12.4504,18.3,48.0,18.3,1.0,2012,37.1989,9.2679,35.5,2025-05-27 00:00:00
harka,الحركـة,0.00663557,35,0.0,13.2023,0.143437,7.13074,0.0,0.0,0.88,5.36999,24.0465,8.79281,30.3,38.4,30.3,1.0,2016,37.222,9.4024,77.0,2025-05-27 00:00:00
siliana,سليانـــــــة,0.0118208,14,0.0,11.5942,0.590183,9.19191,0.0062,0.2375,2.01139,5.98332,34.004,7.36192,30.986,388.5,70.0,1.0,1987,36.1571,9.3521,1040.0,2025-05-27 00:00:00
lakhmess,لخمـــــــاس,0.0073237,15,4e-05,2.21386,0.127469,1.45322,0.001088,0.016862,1.00958,0.703999,11.7922,1.36799,7.22,517.06,8.22,1.0,1966,35.9994,9.4752,127.0,2025-05-27 00:00:00
rmil,الرميـــــــل,0.00156168,16,0.0,0.809,0.0824817,0.843198,0.0,0.0,0.174369,0.462723,9.92926,0.5392,2.0,285.0,4.0,1.0,2002,36.3023,9.5019,232.0,2025-05-27 00:00:00
birmcherga,بئر المشارقـــة,0.0,17,0.0018,10.6549,0.379591,8.30613,0.033,0.52892,1.17327,6.94424,25.4945,11.0201,41.599,122.5,52.9,1.0,1971,36.5119,10.0102,1263.0,2025-05-27 00:00:00
rmel,الرمــــــل,0.0,18,0.0105,20.0201,0.494886,27.4125,0.2875,2.10921,0.16702,6.30144,15.7091,2.35748,23.825,43.0,22.0,1.0,1998,36.3308,10.3584,675.0,2025-05-27 00:00:00
nebhana,نبهانــــــة,0.0,19,0.0,6.04275,0.413063,6.15899,0.252924,0.783397,1.36161,1.67428,21.4084,2.48662,64.61,230.0,86.5,1.0,1965,36.06,9.8724,855.0,2025-05-27 00:00:00
sidisaad,سيدي سعـــد,0.0,20,0.0,26.3472,4.18837,10.2986,0.071415,0.137523,4.36556,3.98147,41.4147,25.6436,133.317,270.0,209.0,1.0,1981,35.3902,9.6948,8950.0,2025-05-27 00:00:00
elhaouareb,هـــــــوارب,0.0,21,0.0,1.24,1.40429,8.95105,0.0,0.028406,0.818174,0.202778,14.128,0.00576132,77.47,217.0,0.0,1.0,1989,35.5727,9.7468,1120.0,2025-05-27 00:00:00
sficifa,سفيسيفة,0.0,22,0.0,2.09576,0.224884,1.14688,0.0,0.0,0.220226,0.426375,1.37685,1.71246,7.71,677.8,4.24,1.0,2005,35.3413,9.0705,173.65,2025-05-27 00:00:00
sidiach,سيدي يعيــــش,0.0,23,0.0,0.0,0.0,0.407372,0.0,0.022,0.262516,0.569422,1.70759,1.337,88.0,541.0,88.0,1.0,1997,34.7468,8.7476,1900.0,2025-05-27 00:00:00
elbrek,البــــــــرك,0.00221401,24,0.0,0.65,0.84227,2.21437,0.0,0.02,0.0006324,0.202356,2.02734,0.06,14.6,849.0,16.0,1.0,2002,35.4705,8.9677,293.0,2025-05-27 00:00:00
bezirk,بزيـــــــغ,0.0,25,0.0,2.7722,0.060598,3.3225,0.0,0.042,0.266449,0.223202,4.92762,0.15072,5.01,54.62,6.5,1.0,1959,36.7195,10.6272,86.0,2025-05-27 00:00:00
chiba,شيبـــــــة,0.0,26,0.0,0.806811,0.00906915,1.20128,0.0,0.050184,0.191438,0.000471711,6.54062,0.000475792,3.79,77.88,7.8,1.0,1963,36.6973,10.772,64.0,2025-05-27 00:00:00
masri,مصــــــري,0.0,27,0.0,2.64614,0.206323,3.96587,0.57,5.8717,0.285983,1.34214,4.53378,4.04327,5.068,163.0,6.9,1.0,1968,36.534,10.4911,53.0,2025-05-27 00:00:00
lebna,لبنــــــــة,0.0102272,28,0.0,4.88498,0.552852,6.24097,0.0,0.0,0.13729,0.556252,17.8457,0.561435,25.46,18.04,30.1,1.0,1986,36.7388,10.9218,199.0,2025-05-27 00:00:00
hma,الحمـــــى,0.0,29,0.0,3.39648,0.0205738,4.1077,0.0,0.03504,0.0291232,0.763064,4.40442,0.178209,12.854,102.4,12.1,1.0,2002,36.5874,10.304,123.0,2025-05-27 00:00:00
abid,العبيـــــــد,0.00354963,30,0.0,4.08271,0.12601,4.15111,0.02502,0.03822,0.0146496,0.304242,5.22587,0.742558,9.615,42.2,10.0,1.0,2002,36.8308,10.7086,54.0,2025-05-27 00:00:00
mellegue,مـــــلاق,0.0987554,1,0.02,17.9225,38.7237,118.07,45.79,111.629,17.3775,14.8554,149.641,14.7645,51.13,265.0,267.67,1.0,1954,36.3144,8.70273,10300.0,2025-05-26 00:00:00
sarrat,سراط,0.0,36,0.022827,12.416,3.63758,13.5152,0.142251,1.82427,2.095,2.57673,15.2441,3.45103,21.0,546.0,21.0,1.0,2016,35.8322,8.4434,1850.0,2025-05-26 00:00:00
benmetir,بني مطيــر,0.0,2,0.0432,45.7139,3.25232,28.0278,1.1232,14.1813,1.27743,28.3932,42.7087,39.9954,60.393,436.5,61.63,1.0,1954,36.7471,8.7419,103.0,2025-05-26 00:00:00
kasseb,كســاب,0.0446595,3,0.0648,27.5378,2.64965,29.5321,1.6848,17.1342,0.913573,24.0524,42.8596,22.084,76.9,292.04,81.875,1.0,1968,36.7614,9.0024,101.0,2025-05-26 00:00:00
barbara,بربرة,0.0325056,4,0.01728,60.6745,5.13241,57.1275,5.28186,47.3293,1.69462,69.302,82.9744,57.6567,60.545,182.0,74.82,1.0,1998,36.7341,8.53173,177.0,2025-05-26 00:00:00
sidisalem,سيدي ســــالم,0.471514,5,0.641,235.169,35.3504,119.239,5.11042,81.9729,19.9305,123.34,381.372,207.5,580.348,115.0,814.0,1.0,1981,36.5907,9.3971,7950.0,2025-05-26 00:00:00
bouheurtma,بو هرتمـــــه,0.0190197,6,0.070155,57.6154,5.6923,50.3072,1.97239,39.5236,2.78374,49.5959,79.9378,66.7836,145.037,221.0,150.5,1.0,1976,36.6719,8.78758,390.0,2025-05-26 00:00:00
joumine,جوميــــــن,0.0732032,7,0.107434,24.9821,1.79243,35.5121,2.62906,22.4395,1.85273,29.6436,75.0228,30.8197,118.773,90.0,129.9,1.0,1983,36.9909,9.6137,418.0,2025-05-26 00:00:00
ghezala,غزالـــــــة,0.000667319,8,0.00977,2.09966,0.0934826,2.3972,0.08774,0.143934,0.226176,2.88461,9.39588,1.80643,10.004,82.5,11.7,1.0,1984,37.0594,9.5458,48.0,2025-05-26 00:00:00
melah,المالح,0.00165564,33,0.0,10.464,0.228049,9.81015,0.0,0.0,0.68,10.9917,25.2403,3.6834,41.0,136.0,41.0,1.0,2015,37.0761,9.4488,85.9,2025-05-26 00:00:00
tine,الطين,0.0033669,34,0.0,2.9761,0.0983935,2.96,0.0,0.0,0.52,2.60985,17.1561,3.4792,34.0,136.0,34.0,1.0,2017,36.864,9.6287,276.0,2025-05-26 00:00:00
sejnane,سجنــــــان,0.120315,9,0.615663,57.9942,2.73595,68.1796,19.0532,161.78,0.61677,49.7061,117.829,45.9673,132.59,86.5,137.5,1.0,1994,37.181,9.4751,367.0,2025-05-26 00:00:00
zarga,الزرقـة,0.00580439,10,0.073,22.384,0.263022,21.0688,1.88062,3.60538,0.64,18.429,21.8968,17.973,24.256,93.0,24.0,1.0,2012,36.8824,8.6992,60.0,2025-05-26 00:00:00
kebir,الكبيــر,0.0148704,31,0.0,46.4912,1.32267,30.0048,0.0,11.5034,3.33512,20.1042,38.9573,28.76,64.4,85.0,64.4,1.0,2014,36.8802,8.7211,85.2,2025-05-26 00:00:00
moula,المولى,0.00430426,32,0.0,20.348,0.474255,20.7435,0.0,8.08648,1.49326,11.4465,31.4997,18.4267,26.337,110.0,26.3,1.0,2013,36.9347,8.845,58.0,2025-05-26 00:00:00
selbarrak,سيدي البــــراق,0.0,11,0.679,192.98,3.51316,208.025,14.7269,125.709,3.70243,130.568,293.468,124.593,286.514,27.0,286.514,1.0,1999,37.0244,8.93652,865.0,2025-05-26 00:00:00
ziatine,الزياتيـن,0.0,12,0.040454,15.4928,0.219846,14.764,1.059,7.42697,0.9,10.3539,28.9548,12.8425,33.3,37.0,33.0,1.0,2012,37.1856,9.2011,95.0,2025-05-26 00:00:00
gamgoum,القمقـوم,0.00330525,13,0.0,9.20973,0.100426,4.54592,0.023,3.995,0.035559,3.21493,7.9583,12.4941,18.3,48.0,18.3,1.0,2012,37.1989,9.2679,35.5,2025-05-26 00:00:00
harka,الحركـة,0.00663557,35,0.0,13.2023,0.136801,7.1241,0.0,0.0,0.88,5.36234,24.0181,8.79281,30.3,38.4,30.3,1.0,2016,37.222,9.4024,77.0,2025-05-26 00:00:00
siliana,سليانـــــــة,0.0105074,14,0.0,11.5942,0.578362,9.18009,0.0062,0.2375,2.01139,5.98332,33.9391,7.39257,30.986,388.5,70.0,1.0,1987,36.1571,9.3521,1040.0,2025-05-26 00:00:00
lakhmess,لخمـــــــاس,0.00169758,15,4.1e-05,2.20835,0.120146,1.4459,0.001048,0.016822,1.00958,0.700293,11.7596,1.36799,7.22,517.06,8.22,1.0,1966,35.9994,9.4752,127.0,2025-05-26 00:00:00
rmil,الرميـــــــل,0.00145757,16,0.0,0.809,0.08092,0.841636,0.0,0.0,0.174369,0.462723,9.92364,0.5431,2.0,285.0,4.0,1.0,2002,36.3023,9.5019,232.0,2025-05-26 00:00:00
birmcherga,بئر المشارقـــة,0.010959,17,0.0012,10.6872,0.379591,8.30613,0.0312,0.52712,1.17327,6.94424,25.4566,11.0549,41.599,122.5,52.9,1.0,1971,36.5119,10.0102,1263.0,2025-05-26 00:00:00
rmel,الرمــــــل,0.0,18,0.0105,20.0797,0.494886,27.4125,0.277,2.09871,0.16702,6.30144,15.7037,2.37562,23.825,43.0,22.0,1.0,1998,36.3308,10.3584,675.0,2025-05-26 00:00:00
nebhana,نبهانــــــة,0.0,19,0.0,6.05891,0.413063,6.15899,0.252924,0.783397,1.36161,1.67428,21.3645,2.49564,64.61,230.0,86.5,1.0,1965,36.06,9.8724,855.0,2025-05-26 00:00:00
sidisaad,سيدي سعـــد,0.0233998,20,0.0,26.4184,4.18837,10.2986,0.071415,0.137523,4.36556,3.95453,41.2739,25.6436,133.317,270.0,209.0,1.0,1981,35.3902,9.6948,8950.0,2025-05-26 00:00:00
elhaouareb,هـــــــوارب,0.0,21,0.0,1.32353,1.40429,8.95105,0.0,0.028406,0.818174,0.202576,14.1016,0.00576132,77.47,217.0,0.0,1.0,1989,35.5727,9.7468,1120.0,2025-05-26 00:00:00
sficifa,سفيسيفة,0.0,22,0.0,2.09973,0.224884,1.14688,0.0,0.0,0.220226,0.425501,1.36974,1.71246,7.71,677.8,4.24,1.0,2005,35.3413,9.0705,173.65,2025-05-26 00:00:00
sidiach,سيدي يعيــــش,0.0,23,0.0,0.0,0.0,0.407372,0.0,0.022,0.262516,0.567093,1.69913,1.337,88.0,541.0,88.0,1.0,1997,34.7468,8.7476,1900.0,2025-05-26 00:00:00
elbrek,البــــــــرك,0.0,24,0.0,0.65,0.840056,2.21216,0.0,0.02,0.0006324,0.201257,2.02732,0.06,14.6,849.0,16.0,1.0,2002,35.4705,8.9677,293.0,2025-05-26 00:00:00
bezirk,بزيـــــــغ,0.00323128,25,0.0,2.7796,0.060598,3.3225,0.0,0.042,0.266449,0.223202,4.91902,0.15258,5.01,54.62,6.5,1.0,1959,36.7195,10.6272,86.0,2025-05-26 00:00:00
chiba,شيبـــــــة,0.0,26,0.0,0.812978,0.00906915,1.20128,0.0,0.050184,0.191438,0.000468413,6.53444,0.000475792,3.79,77.88,7.8,1.0,1963,36.6973,10.772,64.0,2025-05-26 00:00:00
masri,مصــــــري,0.00659563,27,0.0,2.61188,0.206323,3.96587,0.57,5.8717,0.285983,1.34162,4.52455,4.01443,5.068,163.0,6.9,1.0,1968,36.534,10.4911,53.0,2025-05-26 00:00:00
lebna,لبنــــــــة,0.0,28,0.0,4.88498,0.542625,6.23074,0.0,0.0,0.13729,0.552603,17.8413,0.561435,25.46,18.04,30.1,1.0,1986,36.7388,10.9218,199.0,2025-05-26 00:00:00
hma,الحمـــــى,0.0,29,0.0,3.40533,0.0205738,4.1077,0.0,0.03504,0.0291232,0.763064,4.40348,0.181909,12.854,102.4,12.1,1.0,2002,36.5874,10.304,123.0,2025-05-26 00:00:00
abid,العبيـــــــد,0.0,30,0.0,4.08271,0.122461,4.14757,0.02502,0.03822,0.0146496,0.304242,5.2254,0.745513,9.615,42.2,10.0,1.0,2002,36.8308,10.7086,54.0,2025-05-26 00:00:00
mellegue,مـــــلاق,0.229618,1,0.02,17.8527,38.625,117.972,45.77,111.609,17.3775,14.8554,149.081,14.8246,51.13,265.0,267.67,1.0,1954,36.3144,8.70273,10300.0,2025-05-25 00:00:00
sarrat,سراط,0.00659295,36,0.0,12.4585,3.63758,13.5152,0.119424,1.80145,2.095,2.57673,15.1765,3.48319,21.0,546.0,21.0,1.0,2016,35.8322,8.4434,1850.0,2025-05-25 00:00:00
benmetir,بني مطيــر,0.0,2,0.0432,45.7666,3.25232,28.0278,1.08,14.1381,1.27743,28.3849,42.6674,40.0268,60.393,436.5,61.63,1.0,1954,36.7471,8.7419,103.0,2025-05-25 00:00:00
kasseb,كســاب,0.0444924,3,0.0648,27.5607,2.60499,29.4875,1.62,17.0694,0.913573,24.0524,42.8301,22.122,76.9,292.04,81.875,1.0,1968,36.7614,9.0024,101.0,2025-05-25 00:00:00
barbara,بربرة,0.0,4,0.03348,60.6745,5.0999,57.095,5.26458,47.312,1.69462,69.3006,82.9198,57.6957,60.545,182.0,74.82,1.0,1998,36.7341,8.53173,177.0,2025-05-25 00:00:00
sidisalem,سيدي ســــالم,1.57382,5,0.0432,235.445,34.8789,118.768,4.46943,81.3319,19.9305,123.34,380.729,208.543,580.348,115.0,814.0,1.0,1981,36.5907,9.3971,7950.0,2025-05-25 00:00:00
bouheurtma,بو هرتمـــــه,0.0678563,6,0.064542,57.6711,5.67328,50.2881,1.90223,39.4534,2.78374,49.5959,79.848,66.903,145.037,221.0,150.5,1.0,1976,36.6719,8.78758,390.0,2025-05-25 00:00:00
joumine,جوميــــــن,0.0595222,7,0.101835,25.0337,1.71923,35.4389,2.52163,22.3321,1.85273,29.6287,74.963,30.8784,118.773,90.0,129.9,1.0,1983,36.9909,9.6137,418.0,2025-05-25 00:00:00
ghezala,غزالـــــــة,0.0,8,0.0,2.10994,0.0928153,2.39653,0.07797,0.134164,0.226176,2.88461,9.38859,1.84513,10.004,82.5,11.7,1.0,1984,37.0594,9.5458,48.0,2025-05-25 00:00:00
melah,المالح,0.0004599,33,0.0,10.464,0.226393,9.80849,0.0,0.0,0.68,10.9917,25.2184,3.7562,41.0,136.0,41.0,1.0,2015,37.0761,9.4488,85.9,2025-05-25 00:00:00
tine,الطين,0.00303021,34,0.0,2.9761,0.0950266,2.95663,0.0,0.0,0.52,2.60985,17.1394,3.4909,34.0,136.0,34.0,1.0,2017,36.864,9.6287,276.0,2025-05-25 00:00:00
sejnane,سجنــــــان,0.108151,9,0.663063,57.9009,2.61563,68.0593,18.4376,161.165,0.61677,49.7061,117.809,45.885,132.59,86.5,137.5,1.0,1994,37.181,9.4751,367.0,2025-05-25 00:00:00
zarga,الزرقـة,0.00530602,10,0.073,22.456,0.257217,21.063,1.80762,3.53238,0.64,18.3948,21.8761,18.051,24.256,93.0,24.0,1.0,2012,36.8824,8.6992,60.0,2025-05-25 00:00:00
kebir,الكبيــر,0.0,31,0.0,46.4138,1.3078,29.9899,0.0,11.5034,3.33512,20.0956,38.8497,28.76,64.4,85.0,64.4,1.0,2014,36.8802,8.7211,85.2,2025-05-25 00:00:00
moula,المولى,0.00376623,32,0.0,20.348,0.46995,20.7392,0.0,8.08648,1.49326,11.4436,31.4515,18.48,26.337,110.0,26.3,1.0,2013,36.9347,8.845,58.0,2025-05-25 00:00:00
selbarrak,سيدي البــــراق,0.0226542,11,0.7362,193.664,3.51316,208.025,14.0479,125.03,3.70243,130.564,293.348,124.975,286.514,27.0,286.514,1.0,1999,37.0244,8.93652,865.0,2025-05-25 00:00:00
ziatine,الزياتيـن,0.0,12,0.047532,15.5416,0.219846,14.764,1.01854,7.38651,0.9,10.334,28.9258,12.8697,33.3,37.0,33.0,1.0,2012,37.1856,9.2011,95.0,2025-05-25 00:00:00
gamgoum,القمقـوم,0.0,13,0.0,9.20973,0.0971207,4.54262,0.023,3.995,0.035559,3.20999,7.95716,12.5269,18.3,48.0,18.3,1.0,2012,37.1989,9.2679,35.5,2025-05-25 00:00:00
harka,الحركـة,0.00663557,35,0.0,13.2023,0.130165,7.11746,0.0,0.0,0.88,5.36234,23.9897,8.80455,30.3,38.4,30.3,1.0,2016,37.222,9.4024,77.0,2025-05-25 00:00:00
siliana,سليانـــــــة,0.00945664,14,0.0,11.5942,0.567855,9.16958,0.0062,0.2375,2.01139,5.96475,33.8743,7.39257,30.986,388.5,70.0,1.0,1987,36.1571,9.3521,1040.0,2025-05-25 00:00:00
lakhmess,لخمـــــــاس,0.00149051,15,4.1e-05,2.20835,0.118448,1.4442,0.001007,0.016781,1.00958,0.69914,11.727,1.37707,7.22,517.06,8.22,1.0,1966,35.9994,9.4752,127.0,2025-05-25 00:00:00
rmil,الرميـــــــل,0.00135346,16,0.0,0.809,0.0794625,0.840178,0.0,0.0,0.174369,0.460094,9.91801,0.5431,2.0,285.0,4.0,1.0,2002,36.3023,9.5019,232.0,2025-05-25 00:00:00
birmcherga,بئر المشارقـــة,0.0109339,17,0.0012,10.6872,0.368632,8.29517,0.03,0.52592,1.17327,6.94424,25.4188,11.0897,41.599,122.5,52.9,1.0,1971,36.5119,10.0102,1263.0,2025-05-25 00:00:00
rmel,الرمــــــل,0.0,18,0.0105,20.1394,0.494886,27.4125,0.2665,2.08821,0.16702,6.30144,15.6984,2.39376,23.825,43.0,22.0,1.0,1998,36.3308,10.3584,675.0,2025-05-25 00:00:00
nebhana,نبهانــــــة,0.0139228,19,0.00898,6.07508,0.413063,6.15899,0.252924,0.783397,1.36161,1.66951,21.3205,2.49564,64.61,230.0,86.5,1.0,1965,36.06,9.8724,855.0,2025-05-25 00:00:00
sidisaad,سيدي سعـــد,0.0,20,0.0,26.4184,4.16497,10.2752,0.071415,0.137523,4.36556,3.95453,41.1331,25.7119,133.317,270.0,209.0,1.0,1981,35.3902,9.6948,8950.0,2025-05-25 00:00:00
elhaouareb,هـــــــوارب,0.0,21,0.0,1.43813,1.40429,8.95105,0.0,0.028406,0.818174,0.202382,14.0753,0.00576132,77.47,217.0,0.0,1.0,1989,35.5727,9.7468,1120.0,2025-05-25 00:00:00
sficifa,سفيسيفة,0.000557591,22,0.0,2.10371,0.224884,1.14688,0.0,0.0,0.220226,0.424802,1.36264,1.71246,7.71,677.8,4.24,1.0,2005,35.3413,9.0705,173.65,2025-05-25 00:00:00
sidiach,سيدي يعيــــش,0.0,23,0.0,0.0,0.0,0.407372,0.0,0.022,0.262516,0.565023,1.69066,1.337,88.0,541.0,88.0,1.0,1997,34.7468,8.7476,1900.0,2025-05-25 00:00:00
elbrek,البــــــــرك,0.0,24,0.0,0.675,0.840056,2.21216,0.0,0.02,0.0006324,0.20028,2.0273,0.06,14.6,849.0,16.0,1.0,2002,35.4705,8.9677,293.0,2025-05-25 00:00:00
bezirk,بزيـــــــغ,0.0,25,0.0,2.7796,0.0573668,3.31927,0.0,0.042,0.266449,0.223202,4.91043,0.15444,5.01,54.62,6.5,1.0,1959,36.7195,10.6272,86.0,2025-05-25 00:00:00
chiba,شيبـــــــة,0.0,26,0.0,0.82531,0.00906915,1.20128,0.0,0.050184,0.191438,0.00046506,6.52827,0.000475792,3.79,77.88,7.8,1.0,1963,36.6973,10.772,64.0,2025-05-25 00:00:00
masri,مصــــــري,0.0,27,0.0,2.57762,0.199727,3.95928,0.57,5.8717,0.285983,1.34124,4.51533,3.98559,5.068,163.0,6.9,1.0,1968,36.534,10.4911,53.0,2025-05-25 00:00:00
lebna,لبنــــــــة,0.0,28,0.0,4.90588,0.542625,6.23074,0.0,0.0,0.13729,0.552603,17.8369,0.56879,25.46,18.04,30.1,1.0,1986,36.7388,10.9218,199.0,2025-05-25 00:00:00
hma,الحمـــــى,0.0,29,0.0,3.41418,0.0205738,4.1077,0.0,0.03504,0.0291232,0.763064,4.40254,0.185609,12.854,102.4,12.1,1.0,2002,36.5874,10.304,123.0,2025-05-25 00:00:00
abid,العبيـــــــد,0.0,30,0.00324,4.09033,0.122461,4.14757,0.02502,0.03822,0.0146496,0.303085,5.22492,0.745513,9.615,42.2,10.0,1.0,2002,36.8308,10.7086,54.0,2025-05-25 00:00:00
mellegue,مـــــلاق,0.289341,1,0.02,17.652,38.3953,117.742,45.75,111.589,17.3775,14.8554,148.52,14.8847,51.13,265.0,267.67,1.0,1954,36.3144,8.70273,10300.0,2025-05-24 00:00:00
sarrat,سراط,0.0,36,0.0,12.4585,3.63099,13.5086,0.119424,1.80145,2.095,2.57673,15.1089,3.50732,21.0,546.0,21.0,1.0,2016,35.8322,8.4434,1850.0,2025-05-24 00:00:00
benmetir,بني مطيــر,0.0183563,2,0.0432,45.8198,3.25232,28.0278,1.0368,14.0949,1.27743,28.3773,42.6262,40.0582,60.393,436.5,61.63,1.0,1954,36.7471,8.7419,103.0,2025-05-24 00:00:00
kasseb,كســاب,0.0668272,3,0.0648,27.5835,2.5605,29.443,1.5552,17.0046,0.913573,24.0524,42.8006,22.16,76.9,292.04,81.875,1.0,1968,36.7614,9.0024,101.0,2025-05-24 00:00:00
barbara,بربرة,0.0,4,0.05184,60.7609,5.0999,57.095,5.2311,47.2786,1.69462,69.3,82.8651,57.7347,60.545,182.0,74.82,1.0,1998,36.7341,8.53173,177.0,2025-05-24 00:00:00
sidisalem,سيدي ســــالم,0.139778,5,0.641005,233.235,33.3051,117.194,4.42623,81.2887,19.9305,123.239,380.086,209.326,580.348,115.0,814.0,1.0,1981,36.5907,9.3971,7950.0,2025-05-24 00:00:00
bouheurtma,بو هرتمـــــه,0.0876892,6,0.02827,57.6711,5.60543,50.2203,1.83769,39.3889,2.78374,49.5573,79.7582,66.903,145.037,221.0,150.5,1.0,1976,36.6719,8.78758,390.0,2025-05-24 00:00:00
joumine,جوميــــــن,0.0771434,7,0.098469,25.0861,1.6597,35.3793,2.41979,22.2303,1.85273,29.6168,74.9033,30.9372,118.773,90.0,129.9,1.0,1983,36.9909,9.6137,418.0,2025-05-24 00:00:00
ghezala,غزالـــــــة,0.000798459,8,0.0,2.11508,0.0928153,2.39653,0.07797,0.134164,0.226176,2.88461,9.38129,1.88382,10.004,82.5,11.7,1.0,1984,37.0594,9.5458,48.0,2025-05-24 00:00:00
melah,المالح,0.012184,33,0.0,10.464,0.225934,9.80803,0.0,0.0,0.68,10.9917,25.1965,3.8178,41.0,136.0,41.0,1.0,2015,37.0761,9.4488,85.9,2025-05-24 00:00:00
tine,الطين,0.0,34,0.0,2.9761,0.0919964,2.9536,0.0,0.0,0.52,2.60005,17.1226,3.4909,34.0,136.0,34.0,1.0,2017,36.864,9.6287,276.0,2025-05-24 00:00:00
sejnane,سجنــــــان,0.0604335,9,0.707764,57.8076,2.50748,67.9512,17.7745,160.502,0.61677,49.7061,117.789,46.0497,132.59,86.5,137.5,1.0,1994,37.181,9.4751,367.0,2025-05-24 00:00:00
zarga,الزرقـة,0.00505964,10,0.073,22.528,0.251911,21.0577,1.73462,3.45938,0.64,18.3948,21.8555,18.168,24.256,93.0,24.0,1.0,2012,36.8824,8.6992,60.0,2025-05-24 00:00:00
kebir,الكبيــر,0.0101022,31,0.0,46.3622,1.3078,29.9899,0.0,11.5034,3.33512,20.0956,38.7421,28.78,64.4,85.0,64.4,1.0,2014,36.8802,8.7211,85.2,2025-05-24 00:00:00
moula,المولى,0.00430426,32,0.0,20.348,0.466184,20.7355,0.0,8.08648,1.49326,11.4406,31.4033,18.5333,26.337,110.0,26.3,1.0,2013,36.9347,8.845,58.0,2025-05-24 00:00:00
selbarrak,سيدي البــــراق,0.0,11,0.6784,194.362,3.49051,208.002,13.3118,124.294,3.70243,130.481,293.229,124.975,286.514,27.0,286.514,1.0,1999,37.0244,8.93652,865.0,2025-05-24 00:00:00
ziatine,الزياتيـن,0.0,12,0.040785,15.6148,0.219846,14.764,0.971012,7.33898,0.9,10.315,28.8968,12.897,33.3,37.0,33.0,1.0,2012,37.1856,9.2011,95.0,2025-05-24 00:00:00
gamgoum,القمقـوم,0.00264564,13,0.0,9.21833,0.0971207,4.54262,0.023,3.995,0.035559,3.20586,7.95601,12.5598,18.3,48.0,18.3,1.0,2012,37.1989,9.2679,35.5,2025-05-24 00:00:00
harka,الحركـة,0.0,35,0.0,13.2023,0.12353,7.11083,0.0,0.0,0.88,5.35305,23.9613,8.80455,30.3,38.4,30.3,1.0,2016,37.222,9.4024,77.0,2025-05-24 00:00:00
siliana,سليانـــــــة,0.0084059,14,0.0,11.5942,0.558398,9.16013,0.0062,0.2375,2.01139,5.9464,33.8094,7.39257,30.986,388.5,70.0,1.0,1987,36.1571,9.3521,1040.0,2025-05-24 00:00:00
lakhmess,لخمـــــــاس,0.00128544,15,4.3e-05,2.20835,0.116958,1.44271,0.000966,0.01674,1.00958,0.694643,11.6945,1.41789,7.22,517.06,8.22,1.0,1966,35.9994,9.4752,127.0,2025-05-24 00:00:00
rmil,الرميـــــــل,0.00111053,16,0.0,0.809,0.078109,0.838825,0.0,0.0,0.174369,0.460094,9.91239,0.547,2.0,285.0,4.0,1.0,2002,36.3023,9.5019,232.0,2025-05-24 00:00:00
birmcherga,بئر المشارقـــة,0.0,17,0.0012,10.6872,0.357698,8.28424,0.0288,0.52472,1.17327,6.94424,25.3809,11.1246,41.599,122.5,52.9,1.0,1971,36.5119,10.0102,1263.0,2025-05-24 00:00:00
rmel,الرمــــــل,0.0267067,18,0.0105,20.199,0.494886,27.4125,0.256,2.07771,0.16702,6.30144,15.693,2.4119,23.825,43.0,22.0,1.0,1998,36.3308,10.3584,675.0,2025-05-24 00:00:00
nebhana,نبهانــــــة,0.0,19,0.00723,6.07508,0.399141,6.14507,0.243944,0.774417,1.36161,1.66951,21.2766,2.50467,64.61,230.0,86.5,1.0,1965,36.06,9.8724,855.0,2025-05-24 00:00:00
sidisaad,سيدي سعـــد,0.0164569,20,0.0,26.4897,4.16497,10.2752,0.071415,0.137523,4.36556,3.92882,40.9922,25.7119,133.317,270.0,209.0,1.0,1981,35.3902,9.6948,8950.0,2025-05-24 00:00:00
elhaouareb,هـــــــوارب,0.0,21,0.0,1.46936,1.40429,8.95105,0.0,0.028406,0.818174,0.202198,14.0489,0.00576132,77.47,217.0,0.0,1.0,1989,35.5727,9.7468,1120.0,2025-05-24 00:00:00
sficifa,سفيسيفة,0.0,22,0.0,2.10371,0.224327,1.14632,0.0,0.0,0.220226,0.424015,1.35553,1.71246,7.71,677.8,4.24,1.0,2005,35.3413,9.0705,173.65,2025-05-24 00:00:00
sidiach,سيدي يعيــــش,0.0,23,0.0,0.0,0.0,0.407372,0.0,0.022,0.262516,0.562953,1.68219,1.337,88.0,541.0,88.0,1.0,1997,34.7468,8.7476,1900.0,2025-05-24 00:00:00
elbrek,البــــــــرك,0.0013605,24,0.0,0.725,0.840056,2.21216,0.0,0.02,0.0006324,0.199303,2.02727,0.06,14.6,849.0,16.0,1.0,2002,35.4705,8.9677,293.0,2025-05-24 00:00:00
bezirk,بزيـــــــغ,0.0,25,0.0,2.787,0.0573668,3.31927,0.0,0.042,0.266449,0.222689,4.90183,0.15444,5.01,54.62,6.5,1.0,1959,36.7195,10.6272,86.0,2025-05-24 00:00:00
chiba,شيبـــــــة,0.0,26,0.0,0.831477,0.00906915,1.20128,0.0,0.050184,0.191438,0.000461708,6.52209,0.000475792,3.79,77.88,7.8,1.0,1963,36.6973,10.772,64.0,2025-05-24 00:00:00
masri,مصــــــري,0.0,27,0.0,2.52051,0.199727,3.95928,0.57,5.8717,0.285983,1.33635,4.5061,3.94233,5.068,163.0,6.9,1.0,1968,36.534,10.4911,53.0,2025-05-24 00:00:00
lebna,لبنــــــــة,0.00995931,28,0.0,4.92678,0.542625,6.23074,0.0,0.0,0.13729,0.549525,17.8324,0.56879,25.46,18.04,30.1,1.0,1986,36.7388,10.9218,199.0,2025-05-24 00:00:00
hma,الحمـــــى,0.0,29,0.0,3.42303,0.0205738,4.1077,0.0,0.03504,0.0291232,0.763064,4.4016,0.189309,12.854,102.4,12.1,1.0,2002,36.5874,10.304,123.0,2025-05-24 00:00:00
abid,العبيـــــــد,0.000166134,30,0.00504,4.10556,0.122461,4.14757,0.02178,0.03498,0.0146496,0.303085,5.22445,0.748469,9.615,42.2,10.0,1.0,2002,36.8308,10.7086,54.0,2025-05-24 00:00:00
mellegue,مـــــلاق,1.51231,1,0.02,17.3902,38.106,117.453,45.73,111.569,17.3775,14.8222,147.959,14.8847,51.13,265.0,267.67,1.0,1954,36.3144,8.70273,10300.0,2025-05-23 00:00:00
sarrat,سراط,0.00577659,36,0.0,12.4812,3.63099,13.5086,0.119424,1.80145,2.095,2.57673,15.0414,3.53144,21.0,546.0,21.0,1.0,2016,35.8322,8.4434,1850.0,2025-05-23 00:00:00
benmetir,بني مطيــر,0.018357,2,0.0432,45.8467,3.23397,28.0095,0.9936,14.0517,1.27743,28.3695,42.585,40.0895,60.393,436.5,61.63,1.0,1954,36.7471,8.7419,103.0,2025-05-23 00:00:00
kasseb,كســاب,0.112676,3,0.0648,27.5835,2.49367,29.3761,1.4904,16.9398,0.913573,24.0524,42.7712,22.198,76.9,292.04,81.875,1.0,1968,36.7614,9.0024,101.0,2025-05-23 00:00:00
barbara,بربرة,0.00528559,4,0.08064,60.8473,5.0999,57.095,5.17926,47.2267,1.69462,69.2993,82.8105,57.7738,60.545,182.0,74.82,1.0,1998,36.7341,8.53173,177.0,2025-05-23 00:00:00
sidisalem,سيدي ســــالم,0.244094,5,0.0432,229.456,33.1653,117.054,3.78522,80.6477,19.9305,123.239,379.443,210.37,580.348,115.0,814.0,1.0,1981,36.5907,9.3971,7950.0,2025-05-23 00:00:00
bouheurtma,بو هرتمـــــه,0.0194022,6,0.072194,57.6154,5.51774,50.1326,1.80942,39.3606,2.78374,49.5573,79.6684,66.9627,145.037,221.0,150.5,1.0,1976,36.6719,8.78758,390.0,2025-05-23 00:00:00
joumine,جوميــــــن,0.0887383,7,0.100937,25.1122,1.58256,35.3022,2.32132,22.1318,1.85273,29.5963,74.8435,30.9959,118.773,90.0,129.9,1.0,1983,36.9909,9.6137,418.0,2025-05-23 00:00:00
ghezala,غزالـــــــة,0.0,8,0.0,2.11508,0.0920169,2.39574,0.07797,0.134164,0.226176,2.88461,9.374,1.92736,10.004,82.5,11.7,1.0,1984,37.0594,9.5458,48.0,2025-05-23 00:00:00
melah,المالح,0.00101079,33,0.0,10.452,0.21375,9.79585,0.0,0.0,0.68,10.9917,25.1745,3.885,41.0,136.0,41.0,1.0,2015,37.0761,9.4488,85.9,2025-05-23 00:00:00
tine,الطين,0.0033762,34,0.0,2.9878,0.0919964,2.9536,0.0,0.0,0.52,2.60005,17.1058,3.5026,34.0,136.0,34.0,1.0,2017,36.864,9.6287,276.0,2025-05-23 00:00:00
sejnane,سجنــــــان,0.0476097,9,0.774162,57.8543,2.44705,67.8908,17.0667,159.794,0.61677,49.7061,117.769,45.9673,132.59,86.5,137.5,1.0,1994,37.181,9.4751,367.0,2025-05-23 00:00:00
zarga,الزرقـة,0.0048124,10,0.073,22.6,0.246852,21.0526,1.66162,3.38638,0.64,18.3614,21.8348,18.246,24.256,93.0,24.0,1.0,2012,36.8824,8.6992,60.0,2025-05-23 00:00:00
kebir,الكبيــر,0.0,31,0.0,46.2848,1.2977,29.9798,0.0,11.5034,3.33512,20.0884,38.6345,28.78,64.4,85.0,64.4,1.0,2014,36.8802,8.7211,85.2,2025-05-23 00:00:00
moula,المولى,0.00376623,32,0.0,20.348,0.46188,20.7312,0.0,8.08648,1.49326,11.4377,31.3552,18.5867,26.337,110.0,26.3,1.0,2013,36.9347,8.845,58.0,2025-05-23 00:00:00
selbarrak,سيدي البــــراق,0.0,11,0.67285,195.292,3.49051,208.002,12.6334,123.615,3.70243,130.412,293.109,125.166,286.514,27.0,286.514,1.0,1999,37.0244,8.93652,865.0,2025-05-23 00:00:00
ziatine,الزياتيـن,0.0,12,0.040178,15.6636,0.219846,14.764,0.930227,7.2982,0.9,10.3085,28.8677,12.9379,33.3,37.0,33.0,1.0,2012,37.1856,9.2011,95.0,2025-05-23 00:00:00
gamgoum,القمقـوم,0.00330705,13,0.0,9.21833,0.0944751,4.53997,0.023,3.995,0.035559,3.20245,7.95486,12.5926,18.3,48.0,18.3,1.0,2012,37.1989,9.2679,35.5,2025-05-23 00:00:00
harka,الحركـة,0.00684597,35,0.0,13.2253,0.12353,7.11083,0.0,0.0,0.88,5.35305,23.9329,8.8163,30.3,38.4,30.3,1.0,2016,37.222,9.4024,77.0,2025-05-23 00:00:00
siliana,سليانـــــــة,0.0102447,14,0.0,11.5942,0.549993,9.15172,0.0062,0.2375,2.01139,5.92852,33.7445,7.39257,30.986,388.5,70.0,1.0,1987,36.1571,9.3521,1040.0,2025-05-23 00:00:00
lakhmess,لخمـــــــاس,0.0070325,15,4e-05,2.20835,0.115672,1.44142,0.000923,0.016697,1.00958,0.691826,11.6619,1.41789,7.22,517.06,8.22,1.0,1966,35.9994,9.4752,127.0,2025-05-23 00:00:00
rmil,الرميـــــــل,0.00138816,16,0.0,0.809,0.0769985,0.837714,0.0,0.0,0.174369,0.457524,9.90676,0.547,2.0,285.0,4.0,1.0,2002,36.3023,9.5019,232.0,2025-05-23 00:00:00
birmcherga,بئر المشارقـــة,0.0108731,17,0.0012,10.7195,0.357698,8.28424,0.0276,0.52352,1.17327,6.94424,25.3431,11.1594,41.599,122.5,52.9,1.0,1971,36.5119,10.0102,1263.0,2025-05-23 00:00:00
rmel,الرمــــــل,0.0,18,0.0105,20.199,0.468179,27.3858,0.2455,2.06721,0.16702,6.30144,15.6876,2.43004,23.825,43.0,22.0,1.0,1998,36.3308,10.3584,675.0,2025-05-23 00:00:00
nebhana,نبهانــــــة,0.0102433,19,0.00579,6.09124,0.399141,6.14507,0.236714,0.767187,1.36161,1.66472,21.2327,2.50467,64.61,230.0,86.5,1.0,1965,36.06,9.8724,855.0,2025-05-23 00:00:00
sidisaad,سيدي سعـــد,0.0,20,0.0,26.4897,4.14851,10.2588,0.071415,0.137523,4.36556,3.92882,40.8514,25.7802,133.317,270.0,209.0,1.0,1981,35.3902,9.6948,8950.0,2025-05-23 00:00:00
elhaouareb,هـــــــوارب,0.0,21,0.0,1.53184,1.40429,8.95105,0.0,0.028406,0.818174,0.202005,14.0225,0.00576132,77.47,217.0,0.0,1.0,1989,35.5727,9.7468,1120.0,2025-05-23 00:00:00
sficifa,سفيسيفة,0.0,22,0.0,2.10769,0.224327,1.14632,0.0,0.0,0.220226,0.423403,1.34843,1.71246,7.71,677.8,4.24,1.0,2005,35.3413,9.0705,173.65,2025-05-23 00:00:00
sidiach,سيدي يعيــــش,0.0,23,0.0,0.0,0.0,0.407372,0.0,0.022,0.262516,0.561142,1.67372,1.337,88.0,541.0,88.0,1.0,1997,34.7468,8.7476,1900.0,2025-05-23 00:00:00
elbrek,البــــــــرك,0.0,24,0.0,0.725,0.838695,2.2108,0.0,0.02,0.0006324,0.198449,2.02725,0.06,14.6,849.0,16.0,1.0,2002,35.4705,8.9677,293.0,2025-05-23 00:00:00
bezirk,بزيـــــــغ,0.0,25,0.0,2.7944,0.0573668,3.31927,0.0,0.042,0.266449,0.222689,4.89324,0.1563,5.01,54.62,6.5,1.0,1959,36.7195,10.6272,86.0,2025-05-23 00:00:00
chiba,شيبـــــــة,0.0,26,0.0,0.837643,0.00906915,1.20128,0.0,0.050184,0.191438,0.000458734,6.51592,0.000475792,3.79,77.88,7.8,1.0,1963,36.6973,10.772,64.0,2025-05-23 00:00:00
masri,مصــــــري,0.00243443,27,0.0,2.48624,0.199727,3.95928,0.57,5.8717,0.285983,1.33241,4.49688,3.87996,5.068,163.0,6.9,1.0,1968,36.534,10.4911,53.0,2025-05-23 00:00:00
lebna,لبنــــــــة,0.0,28,0.0,4.92678,0.532666,6.22079,0.0,0.0,0.13729,0.546209,17.828,0.56879,25.46,18.04,30.1,1.0,1986,36.7388,10.9218,199.0,2025-05-23 00:00:00
hma,الحمـــــى,0.0,29,0.0,3.43187,0.0205738,4.1077,0.0,0.03504,0.0291232,0.763064,4.40066,0.193009,12.854,102.4,12.1,1.0,2002,36.5874,10.304,123.0,2025-05-23 00:00:00
abid,العبيـــــــد,0.0,30,0.00648,4.11317,0.122294,4.1474,0.01674,0.02994,0.0146496,0.303085,5.22398,0.751424,9.615,42.2,10.0,1.0,2002,36.8308,10.7086,54.0,2025-05-23 00:00:00
mellegue,مـــــلاق,0.177248,1,0.02,15.9064,36.5937,115.94,45.71,111.549,17.3775,14.7891,147.399,14.8847,51.13,265.0,267.67,1.0,1954,36.3144,8.70273,10300.0,2025-05-22 00:00:00
sarrat,سراط,0.00627173,36,0.0,12.4812,3.62521,13.5028,0.119424,1.80145,2.095,2.57673,14.9738,3.54752,21.0,546.0,21.0,1.0,2016,35.8322,8.4434,1850.0,2025-05-22 00:00:00
benmetir,بني مطيــر,0.0183577,2,0.0432,45.8735,3.21561,27.9911,0.9504,14.0085,1.27743,28.3628,42.5438,40.1209,60.393,436.5,61.63,1.0,1954,36.7471,8.7419,103.0,2025-05-22 00:00:00
kasseb,كســاب,0.199927,3,0.0648,27.5378,2.38099,29.2635,1.4256,16.875,0.913573,24.0524,42.7417,22.236,76.9,292.04,81.875,1.0,1968,36.7614,9.0024,101.0,2025-05-22 00:00:00
barbara,بربرة,0.0660907,4,0.0988,60.9337,5.09462,57.0897,5.09862,47.1461,1.69462,69.2993,82.7558,57.8128,60.545,182.0,74.82,1.0,1998,36.7341,8.53173,177.0,2025-05-22 00:00:00
sidisalem,سيدي ســــالم,0.302117,5,0.64094,224.349,32.9212,116.81,3.74202,80.6045,19.9305,123.174,378.8,211.153,580.348,115.0,814.0,1.0,1981,36.5907,9.3971,7950.0,2025-05-22 00:00:00
bouheurtma,بو هرتمـــــه,0.16158,6,0.102575,57.6711,5.49833,50.1132,1.73723,39.2884,2.78374,49.5573,79.5786,67.0224,145.037,221.0,150.5,1.0,1976,36.6719,8.78758,390.0,2025-05-22 00:00:00
joumine,جوميــــــن,0.0793185,7,0.097803,25.1384,1.49382,35.2135,2.22039,22.0309,1.85273,29.5783,74.7837,30.9959,118.773,90.0,129.9,1.0,1983,36.9909,9.6137,418.0,2025-05-22 00:00:00
ghezala,غزالـــــــة,0.00127142,8,0.0,2.12022,0.0920169,2.39574,0.07797,0.134164,0.226176,2.88461,9.3667,1.96605,10.004,82.5,11.7,1.0,1984,37.0594,9.5458,48.0,2025-05-22 00:00:00
melah,المالح,0.0131946,33,0.0,10.452,0.212739,9.79484,0.0,0.0,0.68,10.9897,25.1526,3.9466,41.0,136.0,41.0,1.0,2015,37.0761,9.4488,85.9,2025-05-22 00:00:00
tine,الطين,0.00219453,34,0.0,2.9878,0.0886202,2.95023,0.0,0.0,0.52,2.59137,17.089,3.5026,34.0,136.0,34.0,1.0,2017,36.864,9.6287,276.0,2025-05-22 00:00:00
sejnane,سجنــــــان,0.119946,9,0.770013,57.9942,2.39944,67.8431,16.2926,159.02,0.61677,49.7061,117.75,45.9262,132.59,86.5,137.5,1.0,1994,37.181,9.4751,367.0,2025-05-22 00:00:00
zarga,الزرقـة,0.00545537,10,0.073,22.672,0.242039,21.0478,1.58862,3.31338,0.64,18.3435,21.8142,18.337,24.256,93.0,24.0,1.0,2012,36.8824,8.6992,60.0,2025-05-22 00:00:00
kebir,الكبيــر,0.0119911,31,0.0,46.2332,1.2977,29.9798,0.0,11.5034,3.33512,20.0829,38.5269,28.78,64.4,85.0,64.4,1.0,2014,36.8802,8.7211,85.2,2025-05-22 00:00:00
moula,المولى,0.0148695,32,0.0,20.348,0.458114,20.7274,0.0,8.08648,1.49326,11.4377,31.307,18.6507,26.337,110.0,26.3,1.0,2013,36.9347,8.845,58.0,2025-05-22 00:00:00
selbarrak,سيدي البــــراق,0.0,11,0.682,195.989,3.49051,208.002,11.9605,122.942,3.70243,130.191,292.99,125.166,286.514,27.0,286.514,1.0,1999,37.0244,8.93652,865.0,2025-05-22 00:00:00
ziatine,الزياتيـن,0.0,12,0.040093,15.7124,0.219846,14.764,0.890049,7.25802,0.9,10.2905,28.8387,12.9651,33.3,37.0,33.0,1.0,2012,37.1856,9.2011,95.0,2025-05-22 00:00:00
gamgoum,القمقـوم,0.00264564,13,0.0,9.21833,0.091168,4.53666,0.023,3.995,0.035559,3.19893,7.95372,12.6254,18.3,48.0,18.3,1.0,2012,37.1989,9.2679,35.5,2025-05-22 00:00:00
harka,الحركـة,0.00583921,35,0.0,13.2253,0.116684,7.10398,0.0,0.0,0.88,5.34597,23.9045,8.8163,30.3,38.4,30.3,1.0,2016,37.222,9.4024,77.0,2025-05-22 00:00:00
siliana,سليانـــــــة,0.0120835,14,0.0,11.5942,0.539748,9.14148,0.0062,0.2375,2.01139,5.92852,33.6796,7.42322,30.986,388.5,70.0,1.0,1987,36.1571,9.3521,1040.0,2025-05-22 00:00:00
lakhmess,لخمـــــــاس,0.0019003,15,3.8e-05,2.20285,0.10864,1.43439,0.000883,0.016657,1.00958,0.689076,11.6293,1.41789,7.22,517.06,8.22,1.0,1966,35.9994,9.4752,127.0,2025-05-22 00:00:00
rmil,الرميـــــــل,0.00159638,16,0.0,0.809,0.0756103,0.836326,0.0,0.0,0.174369,0.457524,9.90114,0.5509,2.0,285.0,4.0,1.0,2002,36.3023,9.5019,232.0,2025-05-22 00:00:00
birmcherga,بئر المشارقـــة,0.0102215,17,0.0012,10.7195,0.346825,8.27336,0.0264,0.52232,1.17327,6.94424,25.3052,11.1942,41.599,122.5,52.9,1.0,1971,36.5119,10.0102,1263.0,2025-05-22 00:00:00
rmel,الرمــــــل,0.0,18,0.0105,20.2587,0.468179,27.3858,0.235,2.05671,0.16702,6.30144,15.6822,2.44818,23.825,43.0,22.0,1.0,1998,36.3308,10.3584,675.0,2025-05-22 00:00:00
nebhana,نبهانــــــة,0.0,19,0.00819,6.09124,0.388897,6.13482,0.230924,0.761397,1.36161,1.66472,21.1888,2.51369,64.61,230.0,86.5,1.0,1965,36.06,9.8724,855.0,2025-05-22 00:00:00
sidisaad,سيدي سعـــد,0.0176321,20,0.0,26.5609,4.14851,10.2588,0.071415,0.137523,4.36556,3.90309,40.7106,25.7802,133.317,270.0,209.0,1.0,1981,35.3902,9.6948,8950.0,2025-05-22 00:00:00
elhaouareb,هـــــــوارب,0.0,21,0.0,1.56308,1.40429,8.95105,0.0,0.028406,0.818174,0.201811,13.9961,0.00576132,77.47,217.0,0.0,1.0,1989,35.5727,9.7468,1120.0,2025-05-22 00:00:00
sficifa,سفيسيفة,0.0,22,0.0,2.11166,0.224327,1.14632,0.0,0.0,0.220226,0.422704,1.34133,1.71246,7.71,677.8,4.24,1.0,2005,35.3413,9.0705,173.65,2025-05-22 00:00:00
sidiach,سيدي يعيــــش,0.0,23,0.0,0.0,0.0,0.407372,0.0,0.022,0.262516,0.559072,1.66525,1.337,88.0,541.0,88.0,1.0,1997,34.7468,8.7476,1900.0,2025-05-22 00:00:00
elbrek,البــــــــرك,0.00120172,24,0.0,0.75,0.838695,2.2108,0.0,0.02,0.0006324,0.197472,2.02723,0.06,14.6,849.0,16.0,1.0,2002,35.4705,8.9677,293.0,2025-05-22 00:00:00
bezirk,بزيـــــــغ,0.0,25,0.0,2.8018,0.0573668,3.31927,0.0,0.042,0.266449,0.221951,4.88464,0.1563,5.01,54.62,6.5,1.0,1959,36.7195,10.6272,86.0,2025-05-22 00:00:00
chiba,شيبـــــــة,0.0,26,0.0,0.843809,0.00906915,1.20128,0.0,0.050184,0.191438,0.00045576,6.50974,0.000475792,3.79,77.88,7.8,1.0,1963,36.6973,10.772,64.0,2025-05-22 00:00:00
masri,مصــــــري,0.00243854,27,0.08,2.48624,0.197293,3.95684,0.57,5.8717,0.285983,1.33241,4.48765,3.8317,5.068,163.0,6.9,1.0,1968,36.534,10.4911,53.0,2025-05-22 00:00:00
lebna,لبنــــــــة,0.0,28,0.0,4.94768,0.532666,6.22079,0.0,0.0,0.13729,0.542657,17.8236,0.56879,25.46,18.04,30.1,1.0,1986,36.7388,10.9218,199.0,2025-05-22 00:00:00
hma,الحمـــــى,0.00274779,29,0.0,3.44072,0.0205738,4.1077,0.0,0.03504,0.0291232,0.763064,4.39972,0.196709,12.854,102.4,12.1,1.0,2002,36.5874,10.304,123.0,2025-05-22 00:00:00
abid,العبيـــــــد,0.00068272,30,0.00612,4.1284,0.122294,4.1474,0.01026,0.02346,0.0146496,0.30182,5.22351,0.751424,9.615,42.2,10.0,1.0,2002,36.8308,10.7086,54.0,2025-05-22 00:00:00
mellegue,مـــــلاق,0.239595,1,0.02,15.7561,36.4165,115.763,45.69,111.529,17.3775,14.6379,146.838,14.7645,51.13,265.0,267.67,1.0,1954,36.3144,8.70273,10300.0,2025-05-21 00:00:00
sarrat,سراط,0.0317934,36,0.0,12.4812,3.61894,13.4965,0.119424,1.80145,2.095,2.57673,14.9062,3.5636,21.0,546.0,21.0,1.0,2016,35.8322,8.4434,1850.0,2025-05-21 00:00:00
benmetir,بني مطيــر,0.0191577,2,0.0432,45.9004,3.19725,27.9728,0.9072,13.9653,1.27743,28.3565,42.5026,40.1522,60.393,436.5,61.63,1.0,1954,36.7471,8.7419,103.0,2025-05-21 00:00:00
kasseb,كســاب,0.111729,3,0.0648,27.4044,2.18107,29.0635,1.3608,16.8102,0.913573,24.0351,42.7122,22.255,76.9,292.04,81.875,1.0,1968,36.7614,9.0024,101.0,2025-05-21 00:00:00
barbara,بربرة,0.0540227,4,0.12916,60.9769,5.02853,57.0236,4.99982,47.0473,1.69462,69.2993,82.7011,57.8518,60.545,182.0,74.82,1.0,1998,36.7341,8.53173,177.0,2025-05-21 00:00:00
sidisalem,سيدي ســــالم,0.408416,5,0.0432,219.779,32.6191,116.508,3.10108,79.9636,19.9305,122.974,378.158,211.935,580.348,115.0,814.0,1.0,1981,36.5907,9.3971,7950.0,2025-05-21 00:00:00
bouheurtma,بو هرتمـــــه,0.0876577,6,0.138793,57.6154,5.33675,49.9516,1.63465,39.1859,2.78374,49.5573,79.4888,67.0821,145.037,221.0,150.5,1.0,1976,36.6719,8.78758,390.0,2025-05-21 00:00:00
joumine,جوميــــــن,0.0860017,7,0.10215,25.1646,1.4145,35.1341,2.12258,21.9331,1.85273,29.5595,74.724,30.9959,118.773,90.0,129.9,1.0,1983,36.9909,9.6137,418.0,2025-05-21 00:00:00
ghezala,غزالـــــــة,0.00689176,8,0.00543,2.12022,0.0907454,2.39446,0.07797,0.134164,0.226176,2.88461,9.3594,2.00958,10.004,82.5,11.7,1.0,1984,37.0594,9.5458,48.0,2025-05-21 00:00:00
melah,المالح,0.0015606,33,0.0,10.44,0.199544,9.78164,0.0,0.0,0.68,10.9897,25.1306,4.0138,41.0,136.0,41.0,1.0,2015,37.0761,9.4488,85.9,2025-05-21 00:00:00
tine,الطين,0.00405144,34,0.0,2.9878,0.0864257,2.94803,0.0,0.0,0.52,2.59137,17.0723,3.5143,34.0,136.0,34.0,1.0,2017,36.864,9.6287,276.0,2025-05-21 00:00:00
sejnane,سجنــــــان,0.0873235,9,0.771778,58.0408,2.27949,67.7232,15.5226,158.25,0.61677,49.7061,117.73,45.8027,132.59,86.5,137.5,1.0,1994,37.181,9.4751,367.0,2025-05-21 00:00:00
zarga,الزرقـة,0.00584548,10,0.073,22.744,0.236584,21.0423,1.51562,3.24038,0.64,18.3231,21.7935,18.428,24.256,93.0,24.0,1.0,2012,36.8824,8.6992,60.0,2025-05-21 00:00:00
kebir,الكبيــر,0.01388,31,0.0,46.1558,1.28571,29.9678,0.0,11.5034,3.33512,20.0562,38.4193,28.76,64.4,85.0,64.4,1.0,2014,36.8802,8.7211,85.2,2025-05-21 00:00:00
moula,المولى,0.00376465,32,0.0,20.336,0.443244,20.7125,0.0,8.08648,1.49326,11.4247,31.2588,18.6933,26.337,110.0,26.3,1.0,2013,36.9347,8.845,58.0,2025-05-21 00:00:00
selbarrak,سيدي البــــراق,0.199646,11,0.6785,196.687,3.49051,208.002,11.2785,122.26,3.70243,130.003,292.871,125.357,286.514,27.0,286.514,1.0,1999,37.0244,8.93652,865.0,2025-05-21 00:00:00
ziatine,الزياتيـن,0.0,12,0.0403,15.7612,0.219846,14.764,0.849956,7.21793,0.9,10.2813,28.8097,12.9924,33.3,37.0,33.0,1.0,2012,37.1856,9.2011,95.0,2025-05-21 00:00:00
gamgoum,القمقـوم,0.0,13,0.0,9.21833,0.0885224,4.53402,0.023,3.995,0.035559,3.19692,7.95257,12.6582,18.3,48.0,18.3,1.0,2012,37.1989,9.2679,35.5,2025-05-21 00:00:00
harka,الحركـة,0.00583921,35,0.0,13.2253,0.110845,7.09814,0.0,0.0,0.88,5.33712,23.8761,8.8163,30.3,38.4,30.3,1.0,2016,37.222,9.4024,77.0,2025-05-21 00:00:00
siliana,سليانـــــــة,0.0126089,14,0.0,11.5942,0.527664,9.12939,0.0062,0.2375,2.01139,5.91291,33.6147,7.42322,30.986,388.5,70.0,1.0,1987,36.1571,9.3521,1040.0,2025-05-21 00:00:00
lakhmess,لخمـــــــاس,0.0019033,15,4.1e-05,2.20285,0.106739,1.43249,0.000845,0.016619,1.00958,0.686378,11.5968,1.41789,7.22,517.06,8.22,1.0,1966,35.9994,9.4752,127.0,2025-05-21 00:00:00
rmil,الرميـــــــل,0.00159638,16,0.0,0.809,0.0740139,0.83473,0.0,0.0,0.174369,0.455236,9.89551,0.5509,2.0,285.0,4.0,1.0,2002,36.3023,9.5019,232.0,2025-05-21 00:00:00
birmcherga,بئر المشارقـــة,0.0,17,0.0012,10.7195,0.336604,8.26314,0.0252,0.52112,1.17327,6.94424,25.2674,11.229,41.599,122.5,52.9,1.0,1971,36.5119,10.0102,1263.0,2025-05-21 00:00:00
rmel,الرمــــــل,0.0360975,18,0.0105,20.378,0.468179,27.3858,0.2245,2.04621,0.16702,6.30144,15.6768,2.46632,23.825,43.0,22.0,1.0,1998,36.3308,10.3584,675.0,2025-05-21 00:00:00
nebhana,نبهانــــــة,0.00585814,19,0.01707,6.10741,0.388897,6.13482,0.222734,0.753207,1.36161,1.66044,21.1448,2.51369,64.61,230.0,86.5,1.0,1965,36.06,9.8724,855.0,2025-05-21 00:00:00
sidisaad,سيدي سعـــد,0.0,20,0.0,26.5609,4.13088,10.2411,0.071415,0.137523,4.36556,3.90309,40.5698,25.8485,133.317,270.0,209.0,1.0,1981,35.3902,9.6948,8950.0,2025-05-21 00:00:00
elhaouareb,هـــــــوارب,0.0,21,0.0,1.68803,1.40429,8.95105,0.0,0.028406,0.818174,0.201613,13.9697,0.00576132,77.47,217.0,0.0,1.0,1989,35.5727,9.7468,1120.0,2025-05-21 00:00:00
sficifa,سفيسيفة,0.0,22,0.0,2.11564,0.224327,1.14632,0.0,0.0,0.220226,0.421917,1.33422,1.71246,7.71,677.8,4.24,1.0,2005,35.3413,9.0705,173.65,2025-05-21 00:00:00
sidiach,سيدي يعيــــش,0.0,23,0.0,0.0,0.0,0.407372,0.0,0.022,0.262516,0.557002,1.65678,1.337,88.0,541.0,88.0,1.0,1997,34.7468,8.7476,1900.0,2025-05-21 00:00:00
elbrek,البــــــــرك,0.0,24,0.0,0.75,0.837494,2.2096,0.0,0.02,0.0006324,0.196495,2.02721,0.06,14.6,849.0,16.0,1.0,2002,35.4705,8.9677,293.0,2025-05-21 00:00:00
bezirk,بزيـــــــغ,0.0,25,0.0,2.8092,0.0573668,3.31927,0.0,0.042,0.266449,0.221951,4.87605,0.15816,5.01,54.62,6.5,1.0,1959,36.7195,10.6272,86.0,2025-05-21 00:00:00
chiba,شيبـــــــة,0.0,26,0.0,0.849975,0.00906915,1.20128,0.0,0.050184,0.191438,0.000452895,6.50357,0.000475792,3.79,77.88,7.8,1.0,1963,36.6973,10.772,64.0,2025-05-21 00:00:00
masri,مصــــــري,0.0126237,27,0.09,2.56619,0.194854,3.95441,0.49,5.7917,0.285983,1.32972,4.47843,3.79033,5.068,163.0,6.9,1.0,1968,36.534,10.4911,53.0,2025-05-21 00:00:00
lebna,لبنــــــــة,0.00904224,28,0.0,4.96858,0.532666,6.22079,0.0,0.0,0.13729,0.542657,17.8192,0.576145,25.46,18.04,30.1,1.0,1986,36.7388,10.9218,199.0,2025-05-21 00:00:00
hma,الحمـــــى,0.0,29,0.0,3.44072,0.017826,4.10496,0.0,0.03504,0.0291232,0.763064,4.39878,0.200409,12.854,102.4,12.1,1.0,2002,36.5874,10.304,123.0,2025-05-21 00:00:00
abid,العبيـــــــد,0.0,30,0.0,4.13601,0.121612,4.14672,0.00414,0.01734,0.0146496,0.30182,5.22303,0.75438,9.615,42.2,10.0,1.0,2002,36.8308,10.7086,54.0,2025-05-21 00:00:00
mellegue,مـــــلاق,0.388351,1,0.02,15.5458,36.1769,115.523,45.67,111.509,17.3775,13.9296,146.278,14.0669,51.13,265.0,267.67,1.0,1954,36.3144,8.70273,10300.0,2025-05-20 00:00:00
sarrat,سراط,0.0,36,0.0,12.4585,3.58715,13.4647,0.119424,1.80145,2.095,2.57162,14.8386,3.57968,21.0,546.0,21.0,1.0,2016,35.8322,8.4434,1850.0,2025-05-20 00:00:00
benmetir,بني مطيــر,0.0457988,2,0.0432,45.9272,3.17809,27.9536,0.864,13.9221,1.27743,28.3514,42.4614,40.1836,60.393,436.5,61.63,1.0,1954,36.7471,8.7419,103.0,2025-05-20 00:00:00
kasseb,كســاب,0.111055,3,0.0648,27.3602,2.06934,28.9518,1.296,16.7454,0.913573,23.9997,42.6827,22.255,76.9,292.04,81.875,1.0,1968,36.7614,9.0024,101.0,2025-05-20 00:00:00
barbara,بربرة,0.0313806,4,0.19214,61.0633,4.9745,56.9696,4.87066,46.9181,1.69462,69.2615,82.6465,57.8518,60.545,182.0,74.82,1.0,1998,36.7341,8.53173,177.0,2025-05-20 00:00:00
sidisalem,سيدي ســــالم,0.896072,5,0.641,215.588,32.2106,116.1,3.05788,79.9203,19.9305,122.879,377.515,212.718,580.348,115.0,814.0,1.0,1981,36.5907,9.3971,7950.0,2025-05-20 00:00:00
bouheurtma,بو هرتمـــــه,0.082299,6,0.134261,57.6711,5.2491,49.8639,1.49586,39.0471,2.78374,49.5573,79.399,67.1418,145.037,221.0,150.5,1.0,1976,36.6719,8.78758,390.0,2025-05-20 00:00:00
joumine,جوميــــــن,0.083194,7,0.098598,25.1908,1.3285,35.0481,2.02043,21.8309,1.85273,29.5451,74.6642,31.0547,118.773,90.0,129.9,1.0,1983,36.9909,9.6137,418.0,2025-05-20 00:00:00
ghezala,غزالـــــــة,0.0122851,8,0.016,2.12022,0.0838537,2.38757,0.07254,0.128734,0.226176,2.88338,9.35211,2.04344,10.004,82.5,11.7,1.0,1984,37.0594,9.5458,48.0,2025-05-20 00:00:00
melah,المالح,0.0130098,33,0.0,10.44,0.197984,9.78008,0.0,0.0,0.68,10.9872,25.1087,4.0754,41.0,136.0,41.0,1.0,2015,37.0761,9.4488,85.9,2025-05-20 00:00:00
tine,الطين,0.00405144,34,0.0,2.9878,0.0823743,2.94398,0.0,0.0,0.52,2.58363,17.0555,3.5143,34.0,136.0,34.0,1.0,2017,36.864,9.6287,276.0,2025-05-20 00:00:00
sejnane,سجنــــــان,0.0538401,9,0.760663,58.1341,2.19217,67.6359,14.7508,157.478,0.61677,49.7006,117.71,45.7225,132.59,86.5,137.5,1.0,1994,37.181,9.4751,367.0,2025-05-20 00:00:00
zarga,الزرقـة,0.00483187,10,0.073,22.816,0.230739,21.0365,1.44262,3.16738,0.64,18.3081,21.7729,18.519,24.256,93.0,24.0,1.0,2012,36.8824,8.6992,60.0,2025-05-20 00:00:00
kebir,الكبيــر,0.0131134,31,0.0,46.0784,1.27183,29.954,0.0,11.5034,3.33512,20.0347,38.3118,28.74,64.4,85.0,64.4,1.0,2014,36.8802,8.7211,85.2,2025-05-20 00:00:00
moula,المولى,0.0152268,32,0.0,20.336,0.43948,20.7088,0.0,8.08648,1.49326,11.4223,31.2107,18.7467,26.337,110.0,26.3,1.0,2013,36.9347,8.845,58.0,2025-05-20 00:00:00
selbarrak,سيدي البــــراق,0.0,11,0.484,197.152,3.29086,207.802,10.6,121.582,3.70243,130.003,292.751,125.547,286.514,27.0,286.514,1.0,1999,37.0244,8.93652,865.0,2025-05-20 00:00:00
ziatine,الزياتيـن,0.0,12,0.040431,15.81,0.219846,14.764,0.809656,7.17763,0.9,10.2636,28.7806,13.0196,33.3,37.0,33.0,1.0,2012,37.1856,9.2011,95.0,2025-05-20 00:00:00
gamgoum,القمقـوم,0.00264708,13,0.0,9.22693,0.0885224,4.53402,0.023,3.995,0.035559,3.19692,7.95142,12.7019,18.3,48.0,18.3,1.0,2012,37.1989,9.2679,35.5,2025-05-20 00:00:00
harka,الحركـة,0.00583921,35,0.0,13.2253,0.105006,7.0923,0.0,0.0,0.88,5.33712,23.8477,8.8383,30.3,38.4,30.3,1.0,2016,37.222,9.4024,77.0,2025-05-20 00:00:00
siliana,سليانـــــــة,0.0136596,14,0.0,11.5942,0.515056,9.11678,0.0062,0.2375,2.01139,5.90879,33.5498,7.45387,30.986,388.5,70.0,1.0,1987,36.1571,9.3521,1040.0,2025-05-20 00:00:00
lakhmess,لخمـــــــاس,0.00761081,15,4e-05,2.20285,0.104836,1.43059,0.000804,0.016578,1.00958,0.684008,11.5642,1.41789,7.22,517.06,8.22,1.0,1966,35.9994,9.4752,127.0,2025-05-20 00:00:00
rmil,الرميـــــــل,0.00194342,16,0.0,0.809,0.0724175,0.833134,0.0,0.0,0.174369,0.453171,9.88989,0.5509,2.0,285.0,4.0,1.0,2002,36.3023,9.5019,232.0,2025-05-20 00:00:00
birmcherga,بئر المشارقـــة,0.0122174,17,0.0012,10.7517,0.336604,8.26314,0.024,0.51992,1.17327,6.94424,25.2295,11.2638,41.599,122.5,52.9,1.0,1971,36.5119,10.0102,1263.0,2025-05-20 00:00:00
rmel,الرمــــــل,0.0,18,0.0105,20.378,0.432081,27.3497,0.214,2.03571,0.16702,6.30144,15.6714,2.48446,23.825,43.0,22.0,1.0,1998,36.3308,10.3584,675.0,2025-05-20 00:00:00
nebhana,نبهانــــــة,0.00116997,19,0.01436,6.12357,0.381499,6.12743,0.204124,0.734597,1.36161,1.65757,21.1009,2.52272,64.61,230.0,86.5,1.0,1965,36.06,9.8724,855.0,2025-05-20 00:00:00
sidisaad,سيدي سعـــد,0.0158505,20,0.0,26.6322,4.13088,10.2411,0.071415,0.137523,4.36556,3.87733,40.4289,25.8485,133.317,270.0,209.0,1.0,1981,35.3902,9.6948,8950.0,2025-05-20 00:00:00
elhaouareb,هـــــــوارب,0.0,21,0.0,1.81299,1.40429,8.95105,0.0,0.028406,0.818174,0.201419,13.9433,0.00576132,77.47,217.0,0.0,1.0,1989,35.5727,9.7468,1120.0,2025-05-20 00:00:00
sficifa,سفيسيفة,0.0,22,0.0,2.11961,0.224327,1.14632,0.0,0.0,0.220226,0.421306,1.32712,1.71246,7.71,677.8,4.24,1.0,2005,35.3413,9.0705,173.65,2025-05-20 00:00:00
sidiach,سيدي يعيــــش,0.0,23,0.0,0.0,0.0,0.407372,0.0,0.022,0.262516,0.555191,1.64832,1.337,88.0,541.0,88.0,1.0,1997,34.7468,8.7476,1900.0,2025-05-20 00:00:00
elbrek,البــــــــرك,0.00218342,24,0.0,0.775,0.837494,2.2096,0.0,0.02,0.0006324,0.19564,2.02719,0.06,14.6,849.0,16.0,1.0,2002,35.4705,8.9677,293.0,2025-05-20 00:00:00
bezirk,بزيـــــــغ,0.0,25,0.0,2.8166,0.0573668,3.31927,0.0,0.042,0.266449,0.221356,4.86745,0.15816,5.01,54.62,6.5,1.0,1959,36.7195,10.6272,86.0,2025-05-20 00:00:00
chiba,شيبـــــــة,0.0,26,0.0,0.856142,0.00906915,1.20128,0.0,0.050184,0.191438,0.000448677,6.49739,0.000475792,3.79,77.88,7.8,1.0,1963,36.6973,10.772,64.0,2025-05-20 00:00:00
masri,مصــــــري,0.0,27,0.0,2.64614,0.18223,3.94178,0.4,5.7017,0.285983,1.32972,4.4692,3.73516,5.068,163.0,6.9,1.0,1968,36.534,10.4911,53.0,2025-05-20 00:00:00
lebna,لبنــــــــة,0.00742755,28,0.0,4.96858,0.523623,6.21174,0.0,0.0,0.13729,0.539203,17.8147,0.576145,25.46,18.04,30.1,1.0,1986,36.7388,10.9218,199.0,2025-05-20 00:00:00
hma,الحمـــــى,0.00340949,29,0.0,3.44957,0.017826,4.10496,0.0,0.03504,0.0291232,0.763064,4.39784,0.20411,12.854,102.4,12.1,1.0,2002,36.5874,10.304,123.0,2025-05-20 00:00:00
abid,العبيـــــــد,0.00281274,30,0.0,4.14362,0.121612,4.14672,0.00414,0.01734,0.0146496,0.300707,5.22256,0.75438,9.615,42.2,10.0,1.0,2002,36.8308,10.7086,54.0,2025-05-20 00:00:00
mellegue,مـــــلاق,0.483621,1,5.96,15.1852,35.7885,115.135,45.65,111.489,17.3775,11.7811,145.717,11.9268,51.13,265.0,267.67,1.0,1954,36.3144,8.70273,10300.0,2025-05-19 00:00:00
sarrat,سراط,0.0,36,0.03599,12.4812,3.58715,13.4647,0.119424,1.80145,2.095,2.52333,14.771,3.53948,21.0,546.0,21.0,1.0,2016,35.8322,8.4434,1850.0,2025-05-19 00:00:00
benmetir,بني مطيــر,0.0463985,2,0.0432,45.9272,3.1323,27.9078,0.8208,13.8789,1.27743,28.3462,42.4202,40.215,60.393,436.5,61.63,1.0,1954,36.7471,8.7419,103.0,2025-05-19 00:00:00
kasseb,كســاب,0.089435,3,0.0648,27.3159,1.95828,28.8407,1.2312,16.6806,0.913573,23.9854,42.6533,22.274,76.9,292.04,81.875,1.0,1968,36.7614,9.0024,101.0,2025-05-19 00:00:00
barbara,بربرة,0.171427,4,0.24156,61.2361,4.94312,56.9382,4.67852,46.726,1.69462,69.2615,82.5918,57.8908,60.545,182.0,74.82,1.0,1998,36.7341,8.53173,177.0,2025-05-19 00:00:00
sidisalem,سيدي ســــالم,1.95996,5,0.0432,213.762,31.3146,115.203,2.41688,79.2794,19.9305,122.188,376.872,212.979,580.348,115.0,814.0,1.0,1981,36.5907,9.3971,7950.0,2025-05-19 00:00:00
bouheurtma,بو هرتمـــــه,0.0889224,6,0.139225,57.7267,5.1668,49.7816,1.3616,38.9128,2.78374,49.5244,79.3092,67.1418,145.037,221.0,150.5,1.0,1976,36.6719,8.78758,390.0,2025-05-19 00:00:00
joumine,جوميــــــن,0.0710147,7,0.111383,25.2169,1.24531,34.9649,1.92183,21.7323,1.85273,29.5405,74.6044,31.1134,118.773,90.0,129.9,1.0,1983,36.9909,9.6137,418.0,2025-05-19 00:00:00
ghezala,غزالـــــــة,0.0063325,8,0.01,2.12536,0.0715686,2.37529,0.05654,0.112734,0.226176,2.88338,9.34481,2.07397,10.004,82.5,11.7,1.0,1984,37.0594,9.5458,48.0,2025-05-19 00:00:00
melah,المالح,0.00165078,33,0.0,10.428,0.184974,9.76707,0.0,0.0,0.68,10.9859,25.0868,4.137,41.0,136.0,41.0,1.0,2015,37.0761,9.4488,85.9,2025-05-19 00:00:00
tine,الطين,0.0,34,0.0,2.9878,0.0783228,2.93993,0.0,0.0,0.52,2.58363,17.0387,3.526,34.0,136.0,34.0,1.0,2017,36.864,9.6287,276.0,2025-05-19 00:00:00
sejnane,سجنــــــان,0.112225,9,0.762783,58.4139,2.13833,67.582,13.9901,156.717,0.61677,49.7006,117.69,45.5223,132.59,86.5,137.5,1.0,1994,37.181,9.4751,367.0,2025-05-19 00:00:00
zarga,الزرقـة,0.00560603,10,0.073,22.888,0.225907,21.0317,1.36962,3.09438,0.64,18.3081,21.7523,18.649,24.256,93.0,24.0,1.0,2012,36.8824,8.6992,60.0,2025-05-19 00:00:00
kebir,الكبيــر,0.0119697,31,0.0,46.001,1.25871,29.9408,0.0,11.5034,3.33512,20.0098,38.2042,28.72,64.4,85.0,64.4,1.0,2014,36.8802,8.7211,85.2,2025-05-19 00:00:00
moula,المولى,0.0283007,32,0.0,20.324,0.424253,20.6935,0.0,8.08648,1.49326,11.4097,31.1625,18.8,26.337,110.0,26.3,1.0,2013,36.9347,8.845,58.0,2025-05-19 00:00:00
selbarrak,سيدي البــــراق,0.0,11,0.697,197.617,3.29086,207.802,10.116,121.098,3.70243,130.003,292.632,126.12,286.514,27.0,286.514,1.0,1999,37.0244,8.93652,865.0,2025-05-19 00:00:00
ziatine,الزياتيـن,0.00076168,12,0.040557,15.8588,0.219846,14.764,0.769225,7.1372,0.9,10.239,28.7516,13.0469,33.3,37.0,33.0,1.0,2012,37.1856,9.2011,95.0,2025-05-19 00:00:00
gamgoum,القمقـوم,0.00264708,13,0.0,9.22693,0.0858753,4.53137,0.023,3.995,0.035559,3.18997,7.95027,12.7347,18.3,48.0,18.3,1.0,2012,37.1989,9.2679,35.5,2025-05-19 00:00:00
harka,الحركـة,0.0,35,0.0,13.2253,0.0991663,7.08647,0.0,0.0,0.88,5.33165,23.8194,8.8383,30.3,38.4,30.3,1.0,2016,37.222,9.4024,77.0,2025-05-19 00:00:00
siliana,سليانـــــــة,0.0157611,14,0.0,11.5942,0.501396,9.10312,0.0062,0.2375,2.01139,5.8144,33.485,7.45387,30.986,388.5,70.0,1.0,1987,36.1571,9.3521,1040.0,2025-05-19 00:00:00
lakhmess,لخمـــــــاس,0.00235885,15,4.3e-05,2.19735,0.0972252,1.42297,0.000764,0.016538,1.00958,0.68146,11.5316,1.41789,7.22,517.06,8.22,1.0,1966,35.9994,9.4752,127.0,2025-05-19 00:00:00
rmil,الرميـــــــل,0.00190872,16,0.0,0.809,0.0704741,0.83119,0.0,0.0,0.174369,0.451075,9.88426,0.5509,2.0,285.0,4.0,1.0,2002,36.3023,9.5019,232.0,2025-05-19 00:00:00
birmcherga,بئر المشارقـــة,0.0108622,17,0.0012,10.7517,0.324386,8.25093,0.0228,0.51872,1.17327,6.94424,25.1917,11.2986,41.599,122.5,52.9,1.0,1971,36.5119,10.0102,1263.0,2025-05-19 00:00:00
rmel,الرمــــــل,0.0361408,18,0.0105,20.4377,0.432081,27.3497,0.2035,2.02521,0.16702,6.30144,15.666,2.5026,23.825,43.0,22.0,1.0,1998,36.3308,10.3584,675.0,2025-05-19 00:00:00
nebhana,نبهانــــــة,0.0031587,19,0.01436,6.13974,0.380329,6.12626,0.189764,0.720237,1.36161,1.6503,21.057,2.54077,64.61,230.0,86.5,1.0,1965,36.06,9.8724,855.0,2025-05-19 00:00:00
sidisaad,سيدي سعـــد,0.0126804,20,0.0,26.6322,4.11503,10.2253,0.071415,0.137523,4.36556,3.87733,40.2881,25.9198,133.317,270.0,209.0,1.0,1981,35.3902,9.6948,8950.0,2025-05-19 00:00:00
elhaouareb,هـــــــوارب,0.0,21,0.0,1.9067,1.40429,8.95105,0.0,0.028406,0.818174,0.201234,13.9169,0.00576132,77.47,217.0,0.0,1.0,1989,35.5727,9.7468,1120.0,2025-05-19 00:00:00
sficifa,سفيسيفة,0.0,22,0.0,2.12359,0.224327,1.14632,0.0,0.0,0.220226,0.420606,1.32001,1.71246,7.71,677.8,4.24,1.0,2005,35.3413,9.0705,173.65,2025-05-19 00:00:00
sidiach,سيدي يعيــــش,0.0,23,0.0,0.0,0.0,0.407372,0.0,0.022,0.262516,0.553121,1.63985,1.337,88.0,541.0,88.0,1.0,1997,34.7468,8.7476,1900.0,2025-05-19 00:00:00
elbrek,البــــــــرك,0.0,24,0.0,0.775,0.83531,2.20741,0.0,0.02,0.0006324,0.194664,2.02717,0.06,14.6,849.0,16.0,1.0,2002,35.4705,8.9677,293.0,2025-05-19 00:00:00
bezirk,بزيـــــــغ,0.00293436,25,0.0,2.824,0.0573668,3.31927,0.0,0.042,0.266449,0.22124,4.85886,0.15816,5.01,54.62,6.5,1.0,1959,36.7195,10.6272,86.0,2025-05-19 00:00:00
chiba,شيبـــــــة,0.0,26,0.0,0.862308,0.00906915,1.20128,0.0,0.050184,0.191438,0.000447109,6.49122,0.000475792,3.79,77.88,7.8,1.0,1963,36.6973,10.772,64.0,2025-05-19 00:00:00
masri,مصــــــري,0.0,27,0.08,2.62901,0.18223,3.94178,0.4,5.7017,0.285983,1.32409,4.45998,3.70069,5.068,163.0,6.9,1.0,1968,36.534,10.4911,53.0,2025-05-19 00:00:00
lebna,لبنــــــــة,0.00678168,28,0.0,4.96858,0.516196,6.20432,0.0,0.0,0.13729,0.537059,17.8103,0.576145,25.46,18.04,30.1,1.0,1986,36.7388,10.9218,199.0,2025-05-19 00:00:00
hma,الحمـــــى,0.0,29,0.0,3.44957,0.0144165,4.10155,0.0,0.03504,0.0291232,0.762507,4.3969,0.20411,12.854,102.4,12.1,1.0,2002,36.5874,10.304,123.0,2025-05-19 00:00:00
abid,العبيـــــــد,0.0,30,0.0,4.14362,0.118799,4.1439,0.00414,0.01734,0.0146496,0.299987,5.22209,0.75438,9.615,42.2,10.0,1.0,2002,36.8308,10.7086,54.0,2025-05-19 00:00:00
mellegue,مـــــلاق,0.0,1,6.5,20.654,35.3049,114.651,39.69,105.529,17.3775,11.5311,145.157,11.6842,51.13,265.0,267.67,1.0,1954,36.3144,8.70273,10300.0,2025-05-18 00:00:00
sarrat,سراط,0.0,36,0.024457,12.5494,3.58715,13.4647,0.083434,1.76546,2.095,2.52333,14.7035,3.55556,21.0,546.0,21.0,1.0,2016,35.8322,8.4434,1850.0,2025-05-18 00:00:00
benmetir,بني مطيــر,0.072239,2,0.0432,45.9272,3.0859,27.8614,0.7776,13.8357,1.27743,28.3412,42.379,40.2463,60.393,436.5,61.63,1.0,1954,36.7471,8.7419,103.0,2025-05-18 00:00:00
kasseb,كســاب,0.0674809,3,0.0648,27.2938,1.86885,28.7513,1.1664,16.6158,0.913573,23.9854,42.6238,22.312,76.9,292.04,81.875,1.0,1968,36.7614,9.0024,101.0,2025-05-18 00:00:00
barbara,بربرة,0.138856,4,0.33948,61.3225,4.77169,56.7668,4.43696,46.4844,1.69462,69.2615,82.5371,57.9298,60.545,182.0,74.82,1.0,1998,36.7341,8.53173,177.0,2025-05-18 00:00:00
sidisalem,سيدي ســــالم,1.23475,5,0.63867,211.935,29.3501,113.239,2.36915,79.2316,19.9305,122.132,376.229,213.762,580.348,115.0,814.0,1.0,1981,36.5907,9.3971,7950.0,2025-05-18 00:00:00
bouheurtma,بو هرتمـــــه,0.215244,6,0.04444,57.7824,5.07787,49.6927,1.22237,38.7736,2.78374,49.4866,79.2194,67.1418,145.037,221.0,150.5,1.0,1976,36.6719,8.78758,390.0,2025-05-18 00:00:00
joumine,جوميــــــن,0.0636848,7,0.105053,25.2693,1.17429,34.8939,1.81045,21.6209,1.85273,29.529,74.5447,31.1722,118.773,90.0,129.9,1.0,1983,36.9909,9.6137,418.0,2025-05-18 00:00:00
ghezala,غزالـــــــة,0.0,8,0.0,2.1305,0.0652361,2.36895,0.04654,0.102734,0.226176,2.88296,9.33752,2.1048,10.004,82.5,11.7,1.0,1984,37.0594,9.5458,48.0,2025-05-18 00:00:00
melah,المالح,0.00311814,33,0.0,10.428,0.183323,9.76542,0.0,0.0,0.68,10.984,25.0648,4.1986,41.0,136.0,41.0,1.0,2015,37.0761,9.4488,85.9,2025-05-18 00:00:00
tine,الطين,0.0040626,34,0.0,2.9995,0.0783228,2.93993,0.0,0.0,0.52,2.57778,17.0219,3.526,34.0,136.0,34.0,1.0,2017,36.864,9.6287,276.0,2025-05-18 00:00:00
sejnane,سجنــــــان,0.0855199,9,0.770993,58.4605,2.0261,67.4698,13.2273,155.955,0.61677,49.7006,117.67,45.4021,132.59,86.5,137.5,1.0,1994,37.181,9.4751,367.0,2025-05-18 00:00:00
zarga,الزرقـة,0.0228448,10,0.073,22.96,0.220301,21.0261,1.29662,3.02138,0.64,18.2962,21.7316,18.74,24.256,93.0,24.0,1.0,2012,36.8824,8.6992,60.0,2025-05-18 00:00:00
kebir,الكبيــر,0.0396532,31,0.0,45.9236,1.24675,29.9289,0.0,11.5034,3.33512,20.0055,38.0966,28.72,64.4,85.0,64.4,1.0,2014,36.8802,8.7211,85.2,2025-05-18 00:00:00
moula,المولى,0.0157599,32,0.0,20.3,0.395952,20.6652,0.0,8.08648,1.49326,11.4097,31.1143,18.86,26.337,110.0,26.3,1.0,2013,36.9347,8.845,58.0,2025-05-18 00:00:00
selbarrak,سيدي البــــراق,0.0612823,11,0.7776,198.314,3.29086,207.802,9.419,120.401,3.70243,129.631,292.512,126.12,286.514,27.0,286.514,1.0,1999,37.0244,8.93652,865.0,2025-05-18 00:00:00
ziatine,الزياتيـن,0.00784136,12,0.047623,15.9076,0.219084,14.7632,0.728668,7.09664,0.9,10.194,28.7226,13.0333,33.3,37.0,33.0,1.0,2012,37.1856,9.2011,95.0,2025-05-18 00:00:00
gamgoum,القمقـوم,0.0,13,0.0,9.22693,0.0832282,4.52873,0.023,3.995,0.035559,3.15267,7.94913,12.7347,18.3,48.0,18.3,1.0,2012,37.1989,9.2679,35.5,2025-05-18 00:00:00
harka,الحركـة,0.00786344,35,0.0,13.2483,0.0991663,7.08647,0.0,0.0,0.88,5.32381,23.791,8.8383,30.3,38.4,30.3,1.0,2016,37.222,9.4024,77.0,2025-05-18 00:00:00
siliana,سليانـــــــة,0.0118208,14,0.0,11.5942,0.485635,9.08736,0.0062,0.2375,2.01139,4.51865,33.4201,6.17238,30.986,388.5,70.0,1.0,1987,36.1571,9.3521,1040.0,2025-05-18 00:00:00
lakhmess,لخمـــــــاس,0.00181724,15,3.9e-05,2.19735,0.0948663,1.42062,0.000721,0.016495,1.00958,0.674223,11.4991,1.41336,7.22,517.06,8.22,1.0,1966,35.9994,9.4752,127.0,2025-05-18 00:00:00
rmil,الرميـــــــل,0.00156168,16,0.0,0.809,0.0685654,0.829281,0.0,0.0,0.174369,0.44121,9.87864,0.5431,2.0,285.0,4.0,1.0,2002,36.3023,9.5019,232.0,2025-05-18 00:00:00
birmcherga,بئر المشارقـــة,0.0,17,0.0012,10.7517,0.313524,8.24006,0.0216,0.51752,1.17327,6.92154,25.1539,11.2986,41.599,122.5,52.9,1.0,1971,36.5119,10.0102,1263.0,2025-05-18 00:00:00
rmel,الرمــــــل,0.0,18,0.0105,20.4377,0.395941,27.3135,0.193,2.01471,0.16702,6.30144,15.6606,2.52074,23.825,43.0,22.0,1.0,1998,36.3308,10.3584,675.0,2025-05-18 00:00:00
nebhana,نبهانــــــة,0.0137192,19,0.00875,6.1559,0.377171,6.1231,0.175404,0.705877,1.36161,1.64619,21.0131,2.54979,64.61,230.0,86.5,1.0,1965,36.06,9.8724,855.0,2025-05-18 00:00:00
sidisaad,سيدي سعـــد,0.0826532,20,0.0,26.6322,4.10235,10.2126,0.071415,0.137523,4.36556,3.8536,40.1473,25.9198,133.317,270.0,209.0,1.0,1981,35.3902,9.6948,8950.0,2025-05-18 00:00:00
elhaouareb,هـــــــوارب,0.0,21,0.0,2.03165,1.40429,8.95105,0.0,0.028406,0.818174,0.201052,13.8905,0.00576132,77.47,217.0,0.0,1.0,1989,35.5727,9.7468,1120.0,2025-05-18 00:00:00
sficifa,سفيسيفة,0.0,22,0.0,2.12756,0.224327,1.14632,0.0,0.0,0.220226,0.419732,1.31291,1.71246,7.71,677.8,4.24,1.0,2005,35.3413,9.0705,173.65,2025-05-18 00:00:00
sidiach,سيدي يعيــــش,0.0,23,0.0,0.0,0.0,0.407372,0.0,0.022,0.262516,0.553121,1.63138,1.344,88.0,541.0,88.0,1.0,1997,34.7468,8.7476,1900.0,2025-05-18 00:00:00
elbrek,البــــــــرك,0.00211815,24,0.0,0.825,0.83531,2.20741,0.0,0.02,0.0006324,0.193565,2.02715,0.06,14.6,849.0,16.0,1.0,2002,35.4705,8.9677,293.0,2025-05-18 00:00:00
bezirk,بزيـــــــغ,0.0,25,0.0,2.824,0.0544324,3.31634,0.0,0.042,0.266449,0.221137,4.85026,0.15816,5.01,54.62,6.5,1.0,1959,36.7195,10.6272,86.0,2025-05-18 00:00:00
chiba,شيبـــــــة,0.0,26,0.0,0.868474,0.00906915,1.20128,0.0,0.050184,0.191438,0.000445325,6.48504,0.000475792,3.79,77.88,7.8,1.0,1963,36.6973,10.772,64.0,2025-05-18 00:00:00
masri,مصــــــري,0.00624307,27,0.01,2.71209,0.18223,3.94178,0.32,5.6217,0.285983,1.32409,4.45075,3.67311,5.068,163.0,6.9,1.0,1968,36.534,10.4911,53.0,2025-05-18 00:00:00
lebna,لبنــــــــة,0.0270358,28,0.0,4.96858,0.509414,6.19753,0.0,0.0,0.13729,0.53432,17.8059,0.576145,25.46,18.04,30.1,1.0,1986,36.7388,10.9218,199.0,2025-05-18 00:00:00
hma,الحمـــــى,0.0,29,0.0,3.45842,0.0144165,4.10155,0.0,0.03504,0.0291232,0.762071,4.39596,0.20411,12.854,102.4,12.1,1.0,2002,36.5874,10.304,123.0,2025-05-18 00:00:00
abid,العبيـــــــد,0.00344806,30,0.0,4.15124,0.118799,4.1439,0.00414,0.01734,0.0146496,0.299987,5.22161,0.757336,9.615,42.2,10.0,1.0,2002,36.8308,10.7086,54.0,2025-05-18 00:00:00
mellegue,مـــــلاق,3.89162,1,6.5,27.1805,35.3049,114.651,33.19,99.0294,17.3775,11.522,144.596,11.6842,51.13,265.0,267.67,1.0,1954,36.3144,8.70273,10300.0,2025-05-17 00:00:00
sarrat,سراط,0.0,36,0.0,12.5948,3.58715,13.4647,0.058977,1.741,2.095,2.52333,14.6359,3.58772,21.0,546.0,21.0,1.0,2016,35.8322,8.4434,1850.0,2025-05-17 00:00:00
benmetir,بني مطيــر,0.152558,2,0.0432,45.9004,3.01366,27.7892,0.7344,13.7925,1.27743,28.3354,42.3378,40.2777,60.393,436.5,61.63,1.0,1954,36.7471,8.7419,103.0,2025-05-17 00:00:00
kasseb,كســاب,0.0894334,3,0.0648,27.2938,1.80137,28.6838,1.1016,16.551,0.913573,23.9854,42.5943,22.3511,76.9,292.04,81.875,1.0,1968,36.7614,9.0024,101.0,2025-05-17 00:00:00
barbara,بربرة,0.167781,4,0.50184,61.5386,4.63284,56.6279,4.09748,46.1449,1.69462,69.2232,82.4825,57.9298,60.545,182.0,74.82,1.0,1998,36.7341,8.53173,177.0,2025-05-17 00:00:00
sidisalem,سيدي ســــالم,1.66731,5,0.0432,211.414,28.1153,112.004,1.73048,78.5929,19.9305,122.132,375.586,214.806,580.348,115.0,814.0,1.0,1981,36.5907,9.3971,7950.0,2025-05-17 00:00:00
bouheurtma,بو هرتمـــــه,0.215526,6,0.045555,57.6154,4.86263,49.4775,1.17793,38.7291,2.78374,49.4866,79.1296,67.2014,145.037,221.0,150.5,1.0,1976,36.6719,8.78758,390.0,2025-05-17 00:00:00
joumine,جوميــــــن,0.0576178,7,0.100378,25.3216,1.11061,34.8302,1.7054,21.5159,1.85273,29.4578,74.4849,31.1722,118.773,90.0,129.9,1.0,1983,36.9909,9.6137,418.0,2025-05-17 00:00:00
ghezala,غزالـــــــة,0.00118422,8,0.0,2.13563,0.0652361,2.36895,0.04654,0.102734,0.226176,2.88296,9.33022,2.14591,10.004,82.5,11.7,1.0,1984,37.0594,9.5458,48.0,2025-05-17 00:00:00
melah,المالح,0.0138342,33,0.0,10.428,0.180205,9.7623,0.0,0.0,0.68,10.984,25.0429,4.2658,41.0,136.0,41.0,1.0,2015,37.0761,9.4488,85.9,2025-05-17 00:00:00
tine,الطين,0.0,34,0.0,2.9995,0.0742602,2.93587,0.0,0.0,0.52,2.57778,17.0052,3.5377,34.0,136.0,34.0,1.0,2017,36.864,9.6287,276.0,2025-05-17 00:00:00
sejnane,سجنــــــان,0.0930763,9,0.595883,58.4605,1.94058,67.3843,12.4563,155.184,0.61677,49.7006,117.65,45.322,132.59,86.5,137.5,1.0,1994,37.181,9.4751,367.0,2025-05-17 00:00:00
zarga,الزرقـة,0.00446474,10,0.073,23.014,0.197456,21.0032,1.22362,2.94838,0.64,18.2811,21.711,18.831,24.256,93.0,24.0,1.0,2012,36.8824,8.6992,60.0,2025-05-17 00:00:00
kebir,الكبيــر,0.0626089,31,0.0,45.8204,1.20709,29.8892,0.0,11.5034,3.33512,20.0011,37.989,28.72,64.4,85.0,64.4,1.0,2014,36.8802,8.7211,85.2,2025-05-17 00:00:00
moula,المولى,0.0272214,32,0.0,20.288,0.380192,20.6495,0.0,8.08648,1.49326,11.4097,31.0661,18.944,26.337,110.0,26.3,1.0,2013,36.9347,8.845,58.0,2025-05-17 00:00:00
selbarrak,سيدي البــــراق,0.37359,11,0.6318,199.012,3.22958,207.741,8.6414,119.623,3.70243,129.618,292.393,126.502,286.514,27.0,286.514,1.0,1999,37.0244,8.93652,865.0,2025-05-17 00:00:00
ziatine,الزياتيـن,0.0,12,0.037995,15.9564,0.211243,14.7554,0.681045,7.04902,0.9,10.1798,28.6935,13.0605,33.3,37.0,33.0,1.0,2012,37.1856,9.2011,95.0,2025-05-17 00:00:00
gamgoum,القمقـوم,0.00264852,13,0.0,9.23553,0.0832282,4.52873,0.023,3.995,0.035559,3.15181,7.94798,12.7675,18.3,48.0,18.3,1.0,2012,37.1989,9.2679,35.5,2025-05-17 00:00:00
harka,الحركـة,0.00746018,35,0.0,13.2483,0.0913029,7.0786,0.0,0.0,0.88,5.32381,23.7626,8.8603,30.3,38.4,30.3,1.0,2016,37.222,9.4024,77.0,2025-05-17 00:00:00
siliana,سليانـــــــة,0.0107701,14,0.0,11.5942,0.473814,9.07554,0.0062,0.2375,2.01139,4.50178,33.3552,6.17238,30.986,388.5,70.0,1.0,1987,36.1571,9.3521,1040.0,2025-05-17 00:00:00
lakhmess,لخمـــــــاس,0.00711505,15,4.2e-05,2.19735,0.0930491,1.4188,0.000682,0.016456,1.00958,0.671018,11.4665,1.41336,7.22,517.06,8.22,1.0,1966,35.9994,9.4752,127.0,2025-05-17 00:00:00
rmil,الرميـــــــل,0.00145757,16,0.0,0.809,0.0670037,0.82772,0.0,0.0,0.174369,0.44121,9.87301,0.547,2.0,285.0,4.0,1.0,2002,36.3023,9.5019,232.0,2025-05-17 00:00:00
birmcherga,بئر المشارقـــة,0.0130126,17,0.0012,10.784,0.313524,8.24006,0.0204,0.51632,1.17327,6.92154,25.116,11.3335,41.599,122.5,52.9,1.0,1971,36.5119,10.0102,1263.0,2025-05-17 00:00:00
rmel,الرمــــــل,0.0,18,0.01075,20.4973,0.395941,27.3135,0.1825,2.00421,0.16702,6.30144,15.6553,2.53888,23.825,43.0,22.0,1.0,1998,36.3308,10.3584,675.0,2025-05-17 00:00:00
nebhana,نبهانــــــة,0.000549301,19,0.013733,6.1559,0.363451,6.10938,0.166654,0.697127,1.36161,1.62762,20.9692,2.56784,64.61,230.0,86.5,1.0,1965,36.06,9.8724,855.0,2025-05-17 00:00:00
sidisaad,سيدي سعـــد,0.0107693,20,0.0,26.5609,4.01969,10.13,0.071415,0.137523,4.36556,3.8536,40.0065,25.991,133.317,270.0,209.0,1.0,1981,35.3902,9.6948,8950.0,2025-05-17 00:00:00
elhaouareb,هـــــــوارب,0.0,21,0.0,2.15661,1.40429,8.95105,0.0,0.028406,0.818174,0.200875,13.8641,0.00576132,77.47,217.0,0.0,1.0,1989,35.5727,9.7468,1120.0,2025-05-17 00:00:00
sficifa,سفيسيفة,0.00075702,22,0.0,2.13552,0.225084,1.14708,0.0,0.0,0.220226,0.418945,1.30581,1.71246,7.71,677.8,4.24,1.0,2005,35.3413,9.0705,173.65,2025-05-17 00:00:00
sidiach,سيدي يعيــــش,0.0,23,0.0,0.0,0.0,0.407372,0.0,0.022,0.262516,0.551047,1.62291,1.344,88.0,541.0,88.0,1.0,1997,34.7468,8.7476,1900.0,2025-05-17 00:00:00
elbrek,البــــــــرك,0.00190634,24,0.0,0.825,0.833192,2.2053,0.0,0.02,0.0006324,0.192588,2.02713,0.06,14.6,849.0,16.0,1.0,2002,35.4705,8.9677,293.0,2025-05-17 00:00:00
bezirk,بزيـــــــغ,0.00195702,25,0.0,2.8314,0.0544324,3.31634,0.0,0.042,0.266449,0.221137,4.84167,0.16002,5.01,54.62,6.5,1.0,1959,36.7195,10.6272,86.0,2025-05-17 00:00:00
chiba,شيبـــــــة,0.0,26,0.0,0.87464,0.00906915,1.20128,0.0,0.050184,0.191438,0.000441648,6.47887,0.000475792,3.79,77.88,7.8,1.0,1963,36.6973,10.772,64.0,2025-05-17 00:00:00
masri,مصــــــري,0.00204067,27,0.0,2.71808,0.175987,3.93554,0.31,5.6117,0.285983,1.32409,4.44153,3.62484,5.068,163.0,6.9,1.0,1968,36.534,10.4911,53.0,2025-05-17 00:00:00
lebna,لبنــــــــة,0.00515364,28,0.0,4.94768,0.482378,6.1705,0.0,0.0,0.13729,0.530746,17.8014,0.576145,25.46,18.04,30.1,1.0,1986,36.7388,10.9218,199.0,2025-05-17 00:00:00
hma,الحمـــــى,0.00316101,29,0.0,3.46727,0.0146536,4.10178,0.0,0.03504,0.0291232,0.762071,4.39502,0.20781,12.854,102.4,12.1,1.0,2002,36.5874,10.304,123.0,2025-05-17 00:00:00
abid,العبيـــــــد,0.0,30,0.0,4.15124,0.115351,4.14046,0.00414,0.01734,0.0146496,0.299987,5.22114,0.760291,9.615,42.2,10.0,1.0,2002,36.8308,10.7086,54.0,2025-05-17 00:00:00
mellegue,مـــــلاق,5.79675,1,4.07,29.7978,31.4133,110.76,26.69,92.5294,17.3775,11.522,144.036,11.7085,51.13,265.0,267.67,1.0,1954,36.3144,8.70273,10300.0,2025-05-16 00:00:00
sarrat,سراط,0.249783,36,0.0,12.6175,3.58715,13.4647,0.058977,1.741,2.095,2.51448,14.5683,3.61185,21.0,546.0,21.0,1.0,2016,35.8322,8.4434,1850.0,2025-05-16 00:00:00
benmetir,بني مطيــر,1.02126,2,0.0432,45.793,2.8611,27.6366,0.6912,13.7493,1.27743,28.3285,42.2966,40.309,60.393,436.5,61.63,1.0,1954,36.7471,8.7419,103.0,2025-05-16 00:00:00
kasseb,كســاب,0.132835,3,0.0648,27.2717,1.71193,28.5944,1.0368,16.4862,0.913573,23.9854,42.5649,22.3902,76.9,292.04,81.875,1.0,1968,36.7614,9.0024,101.0,2025-05-16 00:00:00
barbara,بربرة,1.30979,4,0.60948,61.8842,4.46506,56.4601,3.59564,45.6431,1.69462,69.2232,82.4278,58.0078,60.545,182.0,74.82,1.0,1998,36.7341,8.53173,177.0,2025-05-16 00:00:00
sidisalem,سيدي ســــالم,3.6899,5,0.0432,209.848,26.448,110.337,1.68728,78.5498,19.9305,122.028,374.943,215.588,580.348,115.0,814.0,1.0,1981,36.5907,9.3971,7950.0,2025-05-16 00:00:00
bouheurtma,بو هرتمـــــه,1.02525,6,0.04042,57.4483,4.64711,49.262,1.13238,38.6836,2.78374,49.4866,79.0398,67.2611,145.037,221.0,150.5,1.0,1976,36.6719,8.78758,390.0,2025-05-16 00:00:00
joumine,جوميــــــن,0.0517667,7,0.095512,25.374,1.05299,34.7726,1.60502,21.4155,1.85273,29.4116,74.4251,31.2016,118.773,90.0,129.9,1.0,1983,36.9909,9.6137,418.0,2025-05-16 00:00:00
ghezala,غزالـــــــة,0.0,8,0.0,2.13563,0.0640519,2.36777,0.04654,0.102734,0.226176,2.88296,9.32292,2.18188,10.004,82.5,11.7,1.0,1984,37.0594,9.5458,48.0,2025-05-16 00:00:00
melah,المالح,0.00109944,33,0.0,10.416,0.166371,9.74847,0.0,0.0,0.68,10.984,25.021,4.333,41.0,136.0,41.0,1.0,2015,37.0761,9.4488,85.9,2025-05-16 00:00:00
tine,الطين,0.0025461,34,0.0,3.0112,0.0742602,2.93587,0.0,0.0,0.52,2.56906,16.9884,3.5377,34.0,136.0,34.0,1.0,2017,36.864,9.6287,276.0,2025-05-16 00:00:00
sejnane,سجنــــــان,0.139886,9,0.773513,58.4139,1.84751,67.2912,11.8605,154.588,0.61677,49.7006,117.63,45.2418,132.59,86.5,137.5,1.0,1994,37.181,9.4751,367.0,2025-05-16 00:00:00
zarga,الزرقـة,0.0762135,10,0.073,23.086,0.192991,20.9987,1.15062,2.87538,0.64,18.2456,21.6903,18.909,24.256,93.0,24.0,1.0,2012,36.8824,8.6992,60.0,2025-05-16 00:00:00
kebir,الكبيــر,0.371256,31,0.0,45.6914,1.14448,29.8266,0.0,11.5034,3.33512,19.9924,37.8814,28.72,64.4,85.0,64.4,1.0,2014,36.8802,8.7211,85.2,2025-05-16 00:00:00
moula,المولى,0.0386823,32,0.0,20.264,0.352971,20.6222,0.0,8.08648,1.49326,11.4097,31.018,19.016,26.337,110.0,26.3,1.0,2013,36.9347,8.845,58.0,2025-05-16 00:00:00
selbarrak,سيدي البــــراق,0.647329,11,0.451,199.244,2.85599,207.367,8.0096,118.991,3.70243,129.436,292.273,126.692,286.514,27.0,286.514,1.0,1999,37.0244,8.93652,865.0,2025-05-16 00:00:00
ziatine,الزياتيـن,0.0,12,0.039824,16.0052,0.211243,14.7554,0.64305,7.01102,0.9,10.1734,28.6645,13.1014,33.3,37.0,33.0,1.0,2012,37.1856,9.2011,95.0,2025-05-16 00:00:00
gamgoum,القمقـوم,0.0,13,0.0,9.23553,0.0805797,4.52608,0.023,3.995,0.035559,3.14931,7.94683,12.8003,18.3,48.0,18.3,1.0,2012,37.1989,9.2679,35.5,2025-05-16 00:00:00
harka,الحركـة,0.00746018,35,0.0,13.2483,0.0838427,7.07114,0.0,0.0,0.88,5.31552,23.7342,8.8603,30.3,38.4,30.3,1.0,2016,37.222,9.4024,77.0,2025-05-16 00:00:00
siliana,سليانـــــــة,0.00893127,14,0.0,11.5942,0.463044,9.06477,0.0062,0.2375,2.01139,4.50178,33.2903,6.201,30.986,388.5,70.0,1.0,1987,36.1571,9.3521,1040.0,2025-05-16 00:00:00
lakhmess,لخمـــــــاس,0.00127973,15,4e-05,2.19185,0.085934,1.41168,0.00064,0.016414,1.00958,0.66757,11.4339,1.41336,7.22,517.06,8.22,1.0,1966,35.9994,9.4752,127.0,2025-05-16 00:00:00
rmil,الرميـــــــل,0.00111053,16,0.0,0.809,0.0655461,0.826262,0.0,0.0,0.174369,0.43883,9.86739,0.547,2.0,285.0,4.0,1.0,2002,36.3023,9.5019,232.0,2025-05-16 00:00:00
birmcherga,بئر المشارقـــة,0.0,17,0.0012,10.784,0.300512,8.22705,0.0192,0.51512,1.17327,6.92154,25.0782,11.3683,41.599,122.5,52.9,1.0,1971,36.5119,10.0102,1263.0,2025-05-16 00:00:00
rmel,الرمــــــل,0.0317997,18,0.01075,20.557,0.395941,27.3135,0.17175,1.99346,0.16702,6.30144,15.6499,2.55702,23.825,43.0,22.0,1.0,1998,36.3308,10.3584,675.0,2025-05-16 00:00:00
nebhana,نبهانــــــة,0.00198979,19,0.0,6.17207,0.362902,6.10883,0.152921,0.683394,1.36161,1.60964,20.9252,2.56784,64.61,230.0,86.5,1.0,1965,36.06,9.8724,855.0,2025-05-16 00:00:00
sidisaad,سيدي سعـــد,0.00950233,20,0.0,26.5609,4.00892,10.1192,0.071415,0.137523,4.36556,3.82843,39.8656,25.991,133.317,270.0,209.0,1.0,1981,35.3902,9.6948,8950.0,2025-05-16 00:00:00
elhaouareb,هـــــــوارب,0.0357484,21,0.0,2.21908,1.40429,8.95105,0.0,0.028406,0.818174,0.200693,13.8377,0.00576132,77.47,217.0,0.0,1.0,1989,35.5727,9.7468,1120.0,2025-05-16 00:00:00
sficifa,سفيسيفة,0.0,22,0.0,2.13552,0.224327,1.14632,0.0,0.0,0.220226,0.418246,1.2987,1.71246,7.71,677.8,4.24,1.0,2005,35.3413,9.0705,173.65,2025-05-16 00:00:00
sidiach,سيدي يعيــــش,0.0,23,0.0,0.0,0.0,0.407372,0.0,0.022,0.262516,0.551047,1.61444,1.358,88.0,541.0,88.0,1.0,1997,34.7468,8.7476,1900.0,2025-05-16 00:00:00
elbrek,البــــــــرك,0.0014121,24,0.0,0.825,0.831286,2.20339,0.0,0.02,0.0006324,0.191611,2.02711,0.06,14.6,849.0,16.0,1.0,2002,35.4705,8.9677,293.0,2025-05-16 00:00:00
bezirk,بزيـــــــغ,0.0,25,0.0,2.8314,0.0524754,3.31438,0.0,0.042,0.266449,0.221137,4.83307,0.16188,5.01,54.62,6.5,1.0,1959,36.7195,10.6272,86.0,2025-05-16 00:00:00
chiba,شيبـــــــة,0.0,26,0.0,0.880807,0.00906915,1.20128,0.0,0.050184,0.191438,0.000437971,6.47269,0.000475792,3.79,77.88,7.8,1.0,1963,36.6973,10.772,64.0,2025-05-16 00:00:00
masri,مصــــــري,0.0561096,27,0.03,2.71808,0.173947,3.9335,0.31,5.6117,0.285983,1.32176,4.4323,3.58377,5.068,163.0,6.9,1.0,1968,36.534,10.4911,53.0,2025-05-16 00:00:00
lebna,لبنــــــــة,0.108688,28,0.0,4.94768,0.477225,6.16534,0.0,0.0,0.13729,0.527352,17.797,0.576145,25.46,18.04,30.1,1.0,1986,36.7388,10.9218,199.0,2025-05-16 00:00:00
hma,الحمـــــى,0.00287125,29,0.0,3.46727,0.0114926,4.09862,0.0,0.03504,0.0291232,0.762071,4.39408,0.21151,12.854,102.4,12.1,1.0,2002,36.5874,10.304,123.0,2025-05-16 00:00:00
abid,العبيـــــــد,0.00262347,30,0.0,4.15885,0.115351,4.14046,0.00414,0.01734,0.0146496,0.298843,5.22067,0.760291,9.615,42.2,10.0,1.0,2002,36.8308,10.7086,54.0,2025-05-16 00:00:00
mellegue,مـــــلاق,5.29597,1,0.02,28.0788,25.6165,104.963,22.62,88.4594,17.3775,11.522,143.475,11.7328,51.13,265.0,267.67,1.0,1954,36.3144,8.70273,10300.0,2025-05-15 00:00:00
sarrat,سراط,1.59434,36,0.0,12.3735,3.33736,13.215,0.058977,1.741,2.095,2.51448,14.5007,3.65205,21.0,546.0,21.0,1.0,2016,35.8322,8.4434,1850.0,2025-05-15 00:00:00
benmetir,بني مطيــر,0.28259,2,0.0432,44.8169,1.83984,26.6154,0.648,13.7061,1.27743,28.3211,42.2554,40.3404,60.393,436.5,61.63,1.0,1954,36.7471,8.7419,103.0,2025-05-15 00:00:00
kasseb,كســاب,0.0885914,3,0.0648,27.2053,1.5791,28.4616,0.972,16.4214,0.913573,23.9854,42.5354,22.4294,76.9,292.04,81.875,1.0,1968,36.7614,9.0024,101.0,2025-05-15 00:00:00
barbara,بربرة,0.271931,4,0.17604,61.1929,3.15526,55.1503,2.98616,45.0336,1.69462,69.2207,82.3731,58.0468,60.545,182.0,74.82,1.0,1998,36.7341,8.53173,177.0,2025-05-15 00:00:00
sidisalem,سيدي ســــالم,3.48023,5,0.0432,206.195,22.7581,106.647,1.64408,78.5066,19.9305,121.846,374.3,216.371,580.348,115.0,814.0,1.0,1981,36.5907,9.3971,7950.0,2025-05-15 00:00:00
bouheurtma,بو هرتمـــــه,0.339898,6,0.065876,56.4651,3.62185,48.2367,1.09196,38.6432,2.78374,49.4456,78.95,67.2611,145.037,221.0,150.5,1.0,1976,36.6719,8.78758,390.0,2025-05-15 00:00:00
joumine,جوميــــــن,0.0483471,7,0.094506,25.4264,1.00122,34.7209,1.50951,21.32,1.85273,29.3972,74.3654,31.2603,118.773,90.0,129.9,1.0,1983,36.9909,9.6137,418.0,2025-05-15 00:00:00
ghezala,غزالـــــــة,0.000894943,8,0.0,2.14077,0.0640519,2.36777,0.04654,0.102734,0.226176,2.88296,9.31563,2.22299,10.004,82.5,11.7,1.0,1984,37.0594,9.5458,48.0,2025-05-15 00:00:00
melah,المالح,0.0122749,33,0.0,10.416,0.165271,9.74737,0.0,0.0,0.68,10.9746,24.999,4.389,41.0,136.0,41.0,1.0,2015,37.0761,9.4488,85.9,2025-05-15 00:00:00
tine,الطين,0.0025461,34,0.0,3.0112,0.0717141,2.93332,0.0,0.0,0.52,2.56906,16.9716,3.5494,34.0,136.0,34.0,1.0,2017,36.864,9.6287,276.0,2025-05-15 00:00:00
sejnane,سجنــــــان,0.00506535,9,0.746703,58.647,1.70762,67.1513,11.0869,153.814,0.61677,49.7006,117.61,45.1617,132.59,86.5,137.5,1.0,1994,37.181,9.4751,367.0,2025-05-15 00:00:00
zarga,الزرقـة,0.00382788,10,0.073,23.086,0.116778,20.9225,1.07762,2.80238,0.64,18.2232,21.6697,19.0,24.256,93.0,24.0,1.0,2012,36.8824,8.6992,60.0,2025-05-15 00:00:00
kebir,الكبيــر,0.0846128,31,0.0,45.2528,0.773227,29.4554,0.0,11.5034,3.33512,19.9864,37.7738,28.72,64.4,85.0,64.4,1.0,2014,36.8802,8.7211,85.2,2025-05-15 00:00:00
moula,المولى,0.0148575,32,0.0,20.228,0.314288,20.5836,0.0,8.08648,1.49326,11.4097,30.9698,19.088,26.337,110.0,26.3,1.0,2013,36.9347,8.845,58.0,2025-05-15 00:00:00
selbarrak,سيدي البــــراق,0.197168,11,0.6966,199.012,2.20866,206.72,7.5586,118.54,3.70243,129.393,292.154,127.074,286.514,27.0,286.514,1.0,1999,37.0244,8.93652,865.0,2025-05-15 00:00:00
ziatine,الزياتيـن,0.0,12,0.029756,16.054,0.211243,14.7554,0.603226,6.9712,0.9,10.1523,28.6355,13.1287,33.3,37.0,33.0,1.0,2012,37.1856,9.2011,95.0,2025-05-15 00:00:00
gamgoum,القمقـوم,0.00264996,13,0.0,9.24413,0.0805797,4.52608,0.023,3.995,0.035559,3.14584,7.94569,12.8331,18.3,48.0,18.3,1.0,2012,37.1989,9.2679,35.5,2025-05-15 00:00:00
harka,الحركـة,0.00524229,35,0.0,13.2483,0.0763825,7.06368,0.0,0.0,0.88,5.31552,23.7058,8.8823,30.3,38.4,30.3,1.0,2016,37.222,9.4024,77.0,2025-05-15 00:00:00
siliana,سليانـــــــة,0.215179,14,0.0,11.5942,0.454113,9.05584,0.0062,0.2375,2.01139,4.50178,33.2254,6.22962,30.986,388.5,70.0,1.0,1987,36.1571,9.3521,1040.0,2025-05-15 00:00:00
lakhmess,لخمـــــــاس,0.00678031,15,3.9e-05,2.19185,0.0846543,1.4104,0.0006,0.016374,1.00958,0.66757,11.4014,1.41789,7.22,517.06,8.22,1.0,1966,35.9994,9.4752,127.0,2025-05-15 00:00:00
rmil,الرميـــــــل,0.00114523,16,0.0,0.809,0.0644356,0.825152,0.0,0.0,0.174369,0.43883,9.86176,0.5509,2.0,285.0,4.0,1.0,2002,36.3023,9.5019,232.0,2025-05-15 00:00:00
birmcherga,بئر المشارقـــة,0.0131558,17,0.0012,10.8163,0.300512,8.22705,0.018,0.51392,1.17327,6.92154,25.0403,11.4031,41.599,122.5,52.9,1.0,1971,36.5119,10.0102,1263.0,2025-05-15 00:00:00
rmel,الرمــــــل,0.0294608,18,0.01075,20.557,0.364141,27.2817,0.161,1.98271,0.16702,6.30144,15.6445,2.57516,23.825,43.0,22.0,1.0,1998,36.3308,10.3584,675.0,2025-05-15 00:00:00
nebhana,نبهانــــــة,0.259638,19,0.0,6.17207,0.360912,6.10684,0.152921,0.683394,1.36161,1.6058,20.8813,2.56784,64.61,230.0,86.5,1.0,1965,36.06,9.8724,855.0,2025-05-15 00:00:00
sidisaad,سيدي سعـــد,0.723811,20,0.0,26.5609,3.99942,10.1097,0.071415,0.137523,4.36556,3.82843,39.7248,26.0622,133.317,270.0,209.0,1.0,1981,35.3902,9.6948,8950.0,2025-05-15 00:00:00
elhaouareb,هـــــــوارب,0.47302,21,0.0,2.18785,1.36855,8.9153,0.0,0.028406,0.818174,0.200507,13.8113,0.00576132,77.47,217.0,0.0,1.0,1989,35.5727,9.7468,1120.0,2025-05-15 00:00:00
sficifa,سفيسيفة,0.000341422,22,0.0,2.13949,0.224327,1.14632,0.0,0.0,0.220226,0.417459,1.2916,1.71246,7.71,677.8,4.24,1.0,2005,35.3413,9.0705,173.65,2025-05-15 00:00:00
sidiach,سيدي يعيــــش,0.0,23,0.0,0.0,0.0,0.407372,0.0,0.022,0.262516,0.551047,1.60597,1.372,88.0,541.0,88.0,1.0,1997,34.7468,8.7476,1900.0,2025-05-15 00:00:00
elbrek,البــــــــرك,0.0507061,24,0.0,0.825,0.829874,2.20198,0.0,0.02,0.0006324,0.190634,2.02709,0.06,14.6,849.0,16.0,1.0,2002,35.4705,8.9677,293.0,2025-05-15 00:00:00
bezirk,بزيـــــــغ,0.0238358,25,0.0,2.8388,0.0524754,3.31438,0.0,0.042,0.266449,0.221137,4.82448,0.16374,5.01,54.62,6.5,1.0,1959,36.7195,10.6272,86.0,2025-05-15 00:00:00
chiba,شيبـــــــة,0.00136098,26,0.0,0.886973,0.00906915,1.20128,0.0,0.050184,0.191438,0.000434186,6.46651,0.000475792,3.79,77.88,7.8,1.0,1963,36.6973,10.772,64.0,2025-05-15 00:00:00
masri,مصــــــري,0.0262117,27,0.0,2.6941,0.117837,3.87739,0.28,5.5817,0.285983,1.31428,4.42308,3.5376,5.068,163.0,6.9,1.0,1968,36.534,10.4911,53.0,2025-05-15 00:00:00
lebna,لبنــــــــة,0.192869,28,0.0,4.84318,0.368537,6.05666,0.0,0.0,0.13729,0.527352,17.7926,0.5835,25.46,18.04,30.1,1.0,1986,36.7388,10.9218,199.0,2025-05-15 00:00:00
hma,الحمـــــى,0.00210734,29,0.0,3.46727,0.00888478,4.09601,0.0,0.03504,0.0291232,0.762071,4.39314,0.21521,12.854,102.4,12.1,1.0,2002,36.5874,10.304,123.0,2025-05-15 00:00:00
abid,العبيـــــــد,0.0472929,30,0.0,4.15885,0.112727,4.13783,0.00414,0.01734,0.0146496,0.298843,5.2202,0.763247,9.615,42.2,10.0,1.0,2002,36.8308,10.7086,54.0,2025-05-15 00:00:00
mellegue,مـــــلاق,0.42283,1,0.02,22.8094,20.3205,99.6671,22.6,88.4394,17.3775,11.522,142.914,11.757,51.13,265.0,267.67,1.0,1954,36.3144,8.70273,10300.0,2025-05-14 00:00:00
sarrat,سراط,0.462161,36,0.008491,10.7841,1.74302,11.6206,0.058977,1.741,2.095,2.50549,14.4331,3.66813,21.0,546.0,21.0,1.0,2016,35.8322,8.4434,1850.0,2025-05-14 00:00:00
benmetir,بني مطيــر,0.0187843,2,0.0432,44.5795,1.55725,26.3328,0.6048,13.6629,1.27743,28.3133,42.2142,40.3718,60.393,436.5,61.63,1.0,1954,36.7471,8.7419,103.0,2025-05-14 00:00:00
kasseb,كســاب,0.11071,3,0.0648,27.1832,1.49051,28.373,0.9072,16.3566,0.913573,23.9813,42.5059,22.4685,76.9,292.04,81.875,1.0,1968,36.7614,9.0024,101.0,2025-05-14 00:00:00
barbara,بربرة,0.228154,4,0.13032,61.1065,2.88333,54.8784,2.81012,44.8576,1.69462,69.2186,82.3185,58.0858,60.545,182.0,74.82,1.0,1998,36.7341,8.53173,177.0,2025-05-14 00:00:00
sidisalem,سيدي ســــالم,1.96559,5,0.0432,202.653,19.2779,103.167,1.60088,78.4633,19.9305,121.772,373.657,217.154,580.348,115.0,814.0,1.0,1981,36.5907,9.3971,7950.0,2025-05-14 00:00:00
bouheurtma,بو هرتمـــــه,0.195263,6,0.02995,56.1923,3.28195,47.8968,1.02608,38.5773,2.78374,49.416,78.8602,67.2611,145.037,221.0,150.5,1.0,1976,36.6719,8.78758,390.0,2025-05-14 00:00:00
joumine,جوميــــــن,0.0541554,7,0.100249,25.4787,0.952876,34.6725,1.415,21.2255,1.85273,29.379,74.3056,31.2603,118.773,90.0,129.9,1.0,1983,36.9909,9.6137,418.0,2025-05-14 00:00:00
ghezala,غزالـــــــة,0.0111568,8,0.0,2.14077,0.0631569,2.36688,0.04654,0.102734,0.226176,2.88296,9.30833,2.25896,10.004,82.5,11.7,1.0,1984,37.0594,9.5458,48.0,2025-05-14 00:00:00
melah,المالح,0.0240915,33,0.0,10.404,0.152996,9.7351,0.0,0.0,0.68,10.9708,24.9771,4.4506,41.0,136.0,41.0,1.0,2015,37.0761,9.4488,85.9,2025-05-14 00:00:00
tine,الطين,0.0133974,34,0.0,3.0112,0.069168,2.93077,0.0,0.0,0.52,2.56032,16.9548,3.5494,34.0,136.0,34.0,1.0,2017,36.864,9.6287,276.0,2025-05-14 00:00:00
sejnane,سجنــــــان,0.191461,9,0.661623,58.7869,1.70256,67.1463,10.3402,153.067,0.61677,49.6931,117.59,45.1617,132.59,86.5,137.5,1.0,1994,37.181,9.4751,367.0,2025-05-14 00:00:00
zarga,الزرقـة,0.00421891,10,0.073,23.158,0.11295,20.9187,1.00462,2.72938,0.64,18.2232,21.649,19.126,24.256,93.0,24.0,1.0,2012,36.8824,8.6992,60.0,2025-05-14 00:00:00
kebir,الكبيــر,0.0090791,31,0.0,45.098,0.688614,29.3707,0.0,11.5034,3.33512,19.9803,37.6662,28.72,64.4,85.0,64.4,1.0,2014,36.8802,8.7211,85.2,2025-05-14 00:00:00
moula,المولى,0.0302481,32,0.0,20.216,0.299431,20.5687,0.0,8.08648,1.49326,11.4097,30.9216,19.16,26.337,110.0,26.3,1.0,2013,36.9347,8.845,58.0,2025-05-14 00:00:00
selbarrak,سيدي البــــراق,0.0,11,0.696,199.477,2.01149,206.523,6.862,117.844,3.70243,129.195,292.034,127.074,286.514,27.0,286.514,1.0,1999,37.0244,8.93652,865.0,2025-05-14 00:00:00
ziatine,الزياتيـن,0.0173264,12,0.038702,16.1028,0.211243,14.7554,0.57347,6.94144,0.9,10.1325,28.6065,13.1559,33.3,37.0,33.0,1.0,2012,37.1856,9.2011,95.0,2025-05-14 00:00:00
gamgoum,القمقـوم,0.0105866,13,0.0,9.24413,0.0779298,4.52343,0.023,3.995,0.035559,3.14385,7.94454,12.8667,18.3,48.0,18.3,1.0,2012,37.1989,9.2679,35.5,2025-05-14 00:00:00
harka,الحركـة,0.00665368,35,0.0,13.2483,0.0711402,7.05844,0.0,0.0,0.88,5.30765,23.6774,8.8823,30.3,38.4,30.3,1.0,2016,37.222,9.4024,77.0,2025-05-14 00:00:00
siliana,سليانـــــــة,0.0775097,14,0.0,11.3871,0.238933,8.84066,0.0062,0.2375,2.01139,4.50178,33.1605,6.25824,30.986,388.5,70.0,1.0,1987,36.1571,9.3521,1040.0,2025-05-14 00:00:00
lakhmess,لخمـــــــاس,0.0123656,15,4.1e-05,2.18635,0.077874,1.40362,0.000561,0.016335,1.00958,0.664285,11.3688,1.41789,7.22,517.06,8.22,1.0,1966,35.9994,9.4752,127.0,2025-05-14 00:00:00
rmil,الرميـــــــل,0.0117146,16,0.0,0.809,0.0632904,0.824006,0.0,0.0,0.174369,0.436638,9.85614,0.5509,2.0,285.0,4.0,1.0,2002,36.3023,9.5019,232.0,2025-05-14 00:00:00
birmcherga,بئر المشارقـــة,0.0116456,17,0.0012,10.8163,0.287356,8.21389,0.0168,0.51272,1.17327,6.90186,25.0025,11.4031,41.599,122.5,52.9,1.0,1971,36.5119,10.0102,1263.0,2025-05-14 00:00:00
rmel,الرمــــــل,0.203763,18,0.01075,20.557,0.33468,27.2523,0.15025,1.97196,0.16702,6.30144,15.6391,2.5933,23.825,43.0,22.0,1.0,1998,36.3308,10.3584,675.0,2025-05-14 00:00:00
nebhana,نبهانــــــة,0.008017,19,0.008017,5.91343,0.101274,5.8472,0.152921,0.683394,1.36161,1.57598,20.8374,2.54077,64.61,230.0,86.5,1.0,1965,36.06,9.8724,855.0,2025-05-14 00:00:00
sidisaad,سيدي سعـــد,0.352143,20,0.0,25.8485,3.27561,9.38587,0.071415,0.137523,4.36556,3.80292,39.584,26.0622,133.317,270.0,209.0,1.0,1981,35.3902,9.6948,8950.0,2025-05-14 00:00:00
elhaouareb,هـــــــوارب,0.0,21,0.0,1.71927,0.895525,8.44228,0.0,0.028406,0.818174,0.20033,13.7849,0.00576132,77.47,217.0,0.0,1.0,1989,35.5727,9.7468,1120.0,2025-05-14 00:00:00
sficifa,سفيسيفة,0.151316,22,0.0,2.13949,0.223985,1.14598,0.0,0.0,0.220226,0.416585,1.28449,1.71246,7.71,677.8,4.24,1.0,2005,35.3413,9.0705,173.65,2025-05-14 00:00:00
sidiach,سيدي يعيــــش,0.0,23,0.0,0.0,0.0,0.407372,0.0,0.022,0.262516,0.551047,1.59751,1.393,88.0,541.0,88.0,1.0,1997,34.7468,8.7476,1900.0,2025-05-14 00:00:00
elbrek,البــــــــرك,0.0760397,24,0.0,0.775,0.779168,2.15127,0.0,0.02,0.0006324,0.189535,2.02707,0.06,14.6,849.0,16.0,1.0,2002,35.4705,8.9677,293.0,2025-05-14 00:00:00
bezirk,بزيـــــــغ,0.0225991,25,0.0,2.8166,0.0286396,3.29054,0.0,0.042,0.266449,0.220682,4.81588,0.16374,5.01,54.62,6.5,1.0,1959,36.7195,10.6272,86.0,2025-05-14 00:00:00
chiba,شيبـــــــة,0.00172391,26,0.0,0.886973,0.00770816,1.19992,0.0,0.050184,0.191438,0.000431266,6.46034,0.000475792,3.79,77.88,7.8,1.0,1963,36.6973,10.772,64.0,2025-05-14 00:00:00
masri,مصــــــري,0.0551524,27,0.0,2.67012,0.0916253,3.85118,0.28,5.5817,0.285983,1.31428,4.41385,3.49143,5.068,163.0,6.9,1.0,1968,36.534,10.4911,53.0,2025-05-14 00:00:00
lebna,لبنــــــــة,0.129281,28,0.0,4.65508,0.175668,5.86379,0.0,0.0,0.13729,0.524597,17.7882,0.5835,25.46,18.04,30.1,1.0,1986,36.7388,10.9218,199.0,2025-05-14 00:00:00
hma,الحمـــــى,0.00210734,29,0.0,3.46727,0.00677744,4.09391,0.0,0.03504,0.0291232,0.762071,4.3922,0.21891,12.854,102.4,12.1,1.0,2002,36.5874,10.304,123.0,2025-05-14 00:00:00
abid,العبيـــــــد,0.0461963,30,0.0,4.11317,0.0654345,4.09054,0.00414,0.01734,0.0146496,0.297593,5.21972,0.763247,9.615,42.2,10.0,1.0,2002,36.8308,10.7086,54.0,2025-05-14 00:00:00
mellegue,مـــــلاق,0.43051,1,0.02,22.408,19.8977,99.2443,22.58,88.4194,17.3775,11.5127,142.354,11.757,51.13,265.0,267.67,1.0,1954,36.3144,8.70273,10300.0,2025-05-13 00:00:00
sarrat,سراط,0.199627,36,0.01045,10.3356,1.28086,11.1585,0.050486,1.73251,2.095,2.49098,14.3655,3.67617,21.0,546.0,21.0,1.0,2016,35.8322,8.4434,1850.0,2025-05-13 00:00:00
benmetir,بني مطيــر,0.018785,2,0.0432,44.6059,1.53847,26.314,0.5616,13.6197,1.27743,28.3058,42.173,40.4031,60.393,436.5,61.63,1.0,1954,36.7471,8.7419,103.0,2025-05-13 00:00:00
kasseb,كســاب,0.0669687,3,0.0648,27.139,1.3798,28.2623,0.8424,16.2918,0.913573,23.9421,42.4765,22.4685,76.9,292.04,81.875,1.0,1968,36.7614,9.0024,101.0,2025-05-13 00:00:00
barbara,بربرة,0.105916,4,0.13752,61.0201,2.65518,54.6502,2.6798,44.7273,1.69462,69.2186,82.2638,58.1638,60.545,182.0,74.82,1.0,1998,36.7341,8.53173,177.0,2025-05-13 00:00:00
sidisalem,سيدي ســــالم,0.317204,5,1.03928,197.845,17.3123,101.201,1.55768,78.4202,19.9305,121.772,373.014,218.198,580.348,115.0,814.0,1.0,1981,36.5907,9.3971,7950.0,2025-05-13 00:00:00
bouheurtma,بو هرتمـــــه,0.0522445,6,0.050608,56.0286,3.08669,47.7015,0.996133,38.5473,2.78374,49.3685,78.7704,67.2611,145.037,221.0,150.5,1.0,1976,36.6719,8.78758,390.0,2025-05-13 00:00:00
joumine,جوميــــــن,0.0529506,7,0.096492,25.5311,0.89872,34.6184,1.31475,21.1252,1.85273,29.3631,74.2458,31.2603,118.773,90.0,129.9,1.0,1983,36.9909,9.6137,418.0,2025-05-13 00:00:00
ghezala,غزالـــــــة,0.0009539,8,0.0,2.1305,0.0520001,2.35572,0.04654,0.102734,0.226176,2.88296,9.30104,2.29493,10.004,82.5,11.7,1.0,1984,37.0594,9.5458,48.0,2025-05-13 00:00:00
melah,المالح,0.00063945,33,0.0,10.38,0.128905,9.711,0.0,0.0,0.68,10.9683,24.9552,4.5154,41.0,136.0,41.0,1.0,2015,37.0761,9.4488,85.9,2025-05-13 00:00:00
tine,الطين,0.00253913,34,0.0,2.9995,0.0557706,2.91738,0.0,0.0,0.52,2.55255,16.9381,3.5494,34.0,136.0,34.0,1.0,2017,36.864,9.6287,276.0,2025-05-13 00:00:00
sejnane,سجنــــــان,0.0,9,0.429563,58.647,1.5111,66.9548,9.67862,152.406,0.61677,49.68,117.57,45.0816,132.59,86.5,137.5,1.0,1994,37.181,9.4751,367.0,2025-05-13 00:00:00
zarga,الزرقـة,0.0,10,0.075,23.23,0.108731,20.9145,0.93162,2.65638,0.64,18.2232,21.6284,19.234,24.256,93.0,24.0,1.0,2012,36.8824,8.6992,60.0,2025-05-13 00:00:00
kebir,الكبيــر,0.00670067,31,0.0,45.0206,0.679535,29.3617,0.0,11.5034,3.33512,19.976,37.5587,28.72,64.4,85.0,64.4,1.0,2014,36.8802,8.7211,85.2,2025-05-13 00:00:00
moula,المولى,0.0146755,32,0.0,20.192,0.269183,20.5385,0.0,8.08648,1.49326,11.4011,30.8735,19.208,26.337,110.0,26.3,1.0,2013,36.9347,8.845,58.0,2025-05-13 00:00:00
selbarrak,سيدي البــــراق,0.0,11,0.659,200.174,2.01149,206.523,6.166,117.148,3.70243,129.081,291.915,127.265,286.514,27.0,286.514,1.0,1999,37.0244,8.93652,865.0,2025-05-13 00:00:00
ziatine,الزياتيـن,0.0,12,0.039736,16.1272,0.193916,14.7381,0.534768,6.90274,0.9,10.1119,28.5774,13.1832,33.3,37.0,33.0,1.0,2012,37.1856,9.2011,95.0,2025-05-13 00:00:00
gamgoum,القمقـوم,0.00198639,13,0.0,9.23553,0.0673431,4.51284,0.023,3.995,0.035559,3.14224,7.94339,12.9006,18.3,48.0,18.3,1.0,2012,37.1989,9.2679,35.5,2025-05-13 00:00:00
harka,الحركـة,0.0,35,0.0,13.2483,0.0644865,7.05179,0.0,0.0,0.88,5.30765,23.649,8.9043,30.3,38.4,30.3,1.0,2016,37.222,9.4024,77.0,2025-05-13 00:00:00
siliana,سليانـــــــة,0.010951,14,0.0,11.3188,0.161424,8.76315,0.0062,0.2375,2.01139,4.487,33.0957,6.25824,30.986,388.5,70.0,1.0,1987,36.1571,9.3521,1040.0,2025-05-13 00:00:00
lakhmess,لخمـــــــاس,0.00727143,15,3.8e-05,2.17534,0.0655084,1.39126,0.00052,0.016294,1.00958,0.660817,11.3362,1.41789,7.22,517.06,8.22,1.0,1966,35.9994,9.4752,127.0,2025-05-13 00:00:00
rmil,الرميـــــــل,0.00152024,16,0.0,0.7985,0.0515757,0.812292,0.0,0.0,0.174369,0.436638,9.85051,0.5548,2.0,285.0,4.0,1.0,2002,36.3023,9.5019,232.0,2025-05-13 00:00:00
birmcherga,بئر المشارقـــة,0.0,17,0.0012,10.8163,0.27571,8.20225,0.0156,0.51152,1.17327,6.81461,24.9646,11.3335,41.599,122.5,52.9,1.0,1971,36.5119,10.0102,1263.0,2025-05-13 00:00:00
rmel,الرمــــــل,0.0356321,18,0.0105,20.378,0.130917,27.0485,0.1395,1.96121,0.16702,6.30144,15.6337,2.61144,23.825,43.0,22.0,1.0,1998,36.3308,10.3584,675.0,2025-05-13 00:00:00
nebhana,نبهانــــــة,0.00382479,19,0.0151,5.91343,0.0932568,5.83918,0.144904,0.675377,1.36161,1.50138,20.7935,2.46857,64.61,230.0,86.5,1.0,1965,36.06,9.8724,855.0,2025-05-13 00:00:00
sidisaad,سيدي سعـــد,0.150966,20,0.071415,25.5071,2.92347,9.03373,0.071415,0.137523,4.36556,3.80292,39.4432,26.1335,133.317,270.0,209.0,1.0,1981,35.3902,9.6948,8950.0,2025-05-13 00:00:00
elhaouareb,هـــــــوارب,0.317118,21,0.0,1.75051,0.895525,8.44228,0.0,0.028406,0.818174,0.200148,13.7585,0.00576132,77.47,217.0,0.0,1.0,1989,35.5727,9.7468,1120.0,2025-05-13 00:00:00
sficifa,سفيسيفة,0.0,22,0.0,1.9884,0.0726696,0.994664,0.0,0.0,0.220226,0.415799,1.27739,1.71246,7.71,677.8,4.24,1.0,2005,35.3413,9.0705,173.65,2025-05-13 00:00:00
sidiach,سيدي يعيــــش,0.0,23,0.0,0.0,0.0,0.407372,0.0,0.022,0.262516,0.551047,1.58904,1.414,88.0,541.0,88.0,1.0,1997,34.7468,8.7476,1900.0,2025-05-13 00:00:00
elbrek,البــــــــرك,0.00151605,24,0.0,0.7,0.703128,2.07523,0.0,0.02,0.0006324,0.188681,2.02705,0.06,14.6,849.0,16.0,1.0,2002,35.4705,8.9677,293.0,2025-05-13 00:00:00
bezirk,بزيـــــــغ,0.0,25,0.0,2.7944,0.00604051,3.26794,0.0,0.042,0.266449,0.220076,4.80729,0.16374,5.01,54.62,6.5,1.0,1959,36.7195,10.6272,86.0,2025-05-13 00:00:00
chiba,شيبـــــــة,0.0,26,0.0,0.886973,0.00598425,1.19819,0.0,0.050184,0.191438,0.000428833,6.45416,0.000475792,3.79,77.88,7.8,1.0,1963,36.6973,10.772,64.0,2025-05-13 00:00:00
masri,مصــــــري,0.0020505,27,0.0,2.61759,0.036473,3.79603,0.28,5.5817,0.285983,1.31015,4.40463,3.45845,5.068,163.0,6.9,1.0,1968,36.534,10.4911,53.0,2025-05-13 00:00:00
lebna,لبنــــــــة,0.0,28,0.0,4.52968,0.0463872,5.73451,0.0,0.0,0.13729,0.522081,17.7837,0.5835,25.46,18.04,30.1,1.0,1986,36.7388,10.9218,199.0,2025-05-13 00:00:00
hma,الحمـــــى,0.0,29,0.0,3.46727,0.0046701,4.0918,0.0,0.03504,0.0291232,0.762071,4.39126,0.22261,12.854,102.4,12.1,1.0,2002,36.5874,10.304,123.0,2025-05-13 00:00:00
abid,العبيـــــــد,0.0,30,0.0,4.06749,0.0192382,4.04434,0.00414,0.01734,0.0146496,0.297593,5.21925,0.766202,9.615,42.2,10.0,1.0,2002,36.8308,10.7086,54.0,2025-05-13 00:00:00
mellegue,مـــــلاق,1.00566,1,0.02,22.0065,19.4672,98.8138,22.56,88.3994,17.3775,11.498,141.793,11.757,51.13,265.0,267.67,1.0,1954,36.3144,8.70273,10300.0,2025-05-12 00:00:00
sarrat,سراط,0.28572,36,0.022827,10.1528,1.08124,10.9588,0.040036,1.72206,2.095,2.48221,14.298,3.71637,21.0,546.0,21.0,1.0,2016,35.8322,8.4434,1850.0,2025-05-12 00:00:00
benmetir,بني مطيــر,0.0457554,2,0.0432,44.6323,1.51968,26.2952,0.5184,13.5765,1.27743,28.282,42.1318,40.4188,60.393,436.5,61.63,1.0,1954,36.7471,8.7419,103.0,2025-05-12 00:00:00
kasseb,كســاب,0.0894223,3,0.0648,27.139,1.31283,28.1953,0.7776,16.227,0.913573,23.9136,42.447,22.4685,76.9,292.04,81.875,1.0,1968,36.7614,9.0024,101.0,2025-05-12 00:00:00
barbara,بربرة,0.0648974,4,0.18412,61.0633,2.54926,54.5443,2.54228,44.5897,1.69462,69.2186,82.2091,58.2418,60.545,182.0,74.82,1.0,1998,36.7341,8.53173,177.0,2025-05-12 00:00:00
sidisalem,سيدي ســــالم,0.368088,5,0.0432,194.809,16.9951,100.884,0.5184,77.3809,19.9305,121.675,372.371,218.981,580.348,115.0,814.0,1.0,1981,36.5907,9.3971,7950.0,2025-05-12 00:00:00
bouheurtma,بو هرتمـــــه,0.144626,6,0.032646,56.0286,3.03444,47.6493,0.945525,38.4967,2.78374,49.3289,78.6806,67.2611,145.037,221.0,150.5,1.0,1976,36.6719,8.78758,390.0,2025-05-12 00:00:00
joumine,جوميــــــن,0.0612524,7,0.102001,25.5834,0.84577,34.5654,1.21826,21.0287,1.85273,29.3434,74.1861,31.2603,118.773,90.0,129.9,1.0,1983,36.9909,9.6137,418.0,2025-05-12 00:00:00
ghezala,غزالـــــــة,0.0,8,0.0,2.1305,0.0510462,2.35476,0.04654,0.102734,0.226176,2.88296,9.29374,2.33245,10.004,82.5,11.7,1.0,1984,37.0594,9.5458,48.0,2025-05-12 00:00:00
melah,المالح,0.0125481,33,0.0,10.38,0.128265,9.71036,0.0,0.0,0.68,10.9683,24.9332,4.5874,41.0,136.0,41.0,1.0,2015,37.0761,9.4488,85.9,2025-05-12 00:00:00
tine,الطين,0.0,34,0.0,2.9995,0.0532315,2.91484,0.0,0.0,0.52,2.55255,16.9213,3.5611,34.0,136.0,34.0,1.0,2017,36.864,9.6287,276.0,2025-05-12 00:00:00
sejnane,سجنــــــان,0.147146,9,0.763153,58.6004,1.5111,66.9548,9.24906,151.976,0.61677,49.68,117.551,44.9614,132.59,86.5,137.5,1.0,1994,37.181,9.4751,367.0,2025-05-12 00:00:00
zarga,الزرقـة,0.0,10,0.065,23.32,0.108731,20.9145,0.85662,2.58138,0.64,18.2232,21.6077,19.378,24.256,93.0,24.0,1.0,2012,36.8824,8.6992,60.0,2025-05-12 00:00:00
kebir,الكبيــر,0.0208063,31,0.0,44.9432,0.672835,29.355,0.0,11.5034,3.33512,19.9695,37.4511,28.72,64.4,85.0,64.4,1.0,2014,36.8802,8.7211,85.2,2025-05-12 00:00:00
moula,المولى,0.028279,32,0.0,20.18,0.254507,20.5238,0.0,8.08648,1.49326,11.4011,30.8253,19.28,26.337,110.0,26.3,1.0,2013,36.9347,8.845,58.0,2025-05-12 00:00:00
selbarrak,سيدي البــــراق,0.0,11,0.1566,200.872,2.01149,206.523,5.507,116.489,3.70243,129.059,291.796,127.646,286.514,27.0,286.514,1.0,1999,37.0244,8.93652,865.0,2025-05-12 00:00:00
ziatine,الزياتيـن,0.0,12,0.039216,16.176,0.193916,14.7381,0.495032,6.863,0.9,10.0985,28.5484,13.224,33.3,37.0,33.0,1.0,2012,37.1856,9.2011,95.0,2025-05-12 00:00:00
gamgoum,القمقـوم,0.0,13,0.0,9.23553,0.0653567,4.51085,0.023,3.995,0.035559,3.13397,7.94225,12.9346,18.3,48.0,18.3,1.0,2012,37.1989,9.2679,35.5,2025-05-12 00:00:00
harka,الحركـة,0.00625893,35,0.0,13.2713,0.0644865,7.05179,0.0,0.0,0.88,5.30067,23.6206,8.9043,30.3,38.4,30.3,1.0,2016,37.222,9.4024,77.0,2025-05-12 00:00:00
siliana,سليانـــــــة,0.0117332,14,0.0,11.3188,0.150473,8.7522,0.0062,0.2375,2.01139,4.487,33.0308,6.28687,30.986,388.5,70.0,1.0,1987,36.1571,9.3521,1040.0,2025-05-12 00:00:00
lakhmess,لخمـــــــاس,0.00177059,15,4e-05,2.16984,0.058237,1.38399,0.000482,0.016256,1.00958,0.660654,11.3037,1.42243,7.22,517.06,8.22,1.0,1966,35.9994,9.4752,127.0,2025-05-12 00:00:00
rmil,الرميـــــــل,0.00155479,16,0.0,0.7985,0.0500555,0.810771,0.0,0.0,0.174369,0.43457,9.84489,0.5548,2.0,285.0,4.0,1.0,2002,36.3023,9.5019,232.0,2025-05-12 00:00:00
birmcherga,بئر المشارقـــة,0.0131732,17,0.0012,10.8486,0.27571,8.20225,0.0144,0.51032,1.17327,6.81461,24.9268,11.3683,41.599,122.5,52.9,1.0,1971,36.5119,10.0102,1263.0,2025-05-12 00:00:00
rmel,الرمــــــل,0.0,18,0.01075,20.378,0.0952849,27.0129,0.129,1.95071,0.16702,6.28609,15.6283,2.61144,23.825,43.0,22.0,1.0,1998,36.3308,10.3584,675.0,2025-05-12 00:00:00
nebhana,نبهانــــــة,0.0,19,0.00911,5.92959,0.089432,5.83536,0.129804,0.660277,1.36161,1.49667,20.7495,2.46857,64.61,230.0,86.5,1.0,1965,36.06,9.8724,855.0,2025-05-12 00:00:00
sidisaad,سيدي سعـــد,1.6484,20,0.0,25.4388,2.7725,8.88276,0.0,0.066108,4.36556,3.78402,39.3023,26.1335,133.317,270.0,209.0,1.0,1981,35.3902,9.6948,8950.0,2025-05-12 00:00:00
elhaouareb,هـــــــوارب,0.578407,21,0.0,1.43813,0.578407,8.12516,0.0,0.028406,0.818174,0.199971,13.7321,0.00576132,77.47,217.0,0.0,1.0,1989,35.5727,9.7468,1120.0,2025-05-12 00:00:00
sficifa,سفيسيفة,0.00031319,22,0.0,1.99238,0.0726696,0.994664,0.0,0.0,0.220226,0.415187,1.27029,1.71246,7.71,677.8,4.24,1.0,2005,35.3413,9.0705,173.65,2025-05-12 00:00:00
sidiach,سيدي يعيــــش,0.0,23,0.0,0.0,0.0,0.407372,0.0,0.022,0.262516,0.551047,1.58057,1.456,88.0,541.0,88.0,1.0,1997,34.7468,8.7476,1900.0,2025-05-12 00:00:00
elbrek,البــــــــرك,0.0016845,24,0.0,0.7,0.701612,2.07371,0.0,0.02,0.0006324,0.187826,2.02703,0.06,14.6,849.0,16.0,1.0,2002,35.4705,8.9677,293.0,2025-05-12 00:00:00
bezirk,بزيـــــــغ,0.000976022,25,0.0,2.8018,0.00604051,3.26794,0.0,0.042,0.266449,0.220076,4.79869,0.1656,5.01,54.62,6.5,1.0,1959,36.7195,10.6272,86.0,2025-05-12 00:00:00
chiba,شيبـــــــة,0.0,26,0.0,0.893139,0.00598425,1.19819,0.0,0.050184,0.191438,0.000426021,6.44799,0.000475792,3.79,77.88,7.8,1.0,1963,36.6973,10.772,64.0,2025-05-12 00:00:00
masri,مصــــــري,0.00662344,27,0.01,2.61759,0.0344224,3.79397,0.28,5.5817,0.285983,1.3094,4.3954,3.41887,5.068,163.0,6.9,1.0,1968,36.534,10.4911,53.0,2025-05-12 00:00:00
lebna,لبنــــــــة,0.00643124,28,0.0,4.55058,0.0463872,5.73451,0.0,0.0,0.13729,0.518966,17.7793,0.5835,25.46,18.04,30.1,1.0,1986,36.7388,10.9218,199.0,2025-05-12 00:00:00
hma,الحمـــــى,0.0,29,0.0,3.47612,0.0046701,4.0918,0.0,0.03504,0.0291232,0.762071,4.39032,0.226311,12.854,102.4,12.1,1.0,2002,36.5874,10.304,123.0,2025-05-12 00:00:00
abid,العبيـــــــد,0.00320467,30,0.0,4.0751,0.0192382,4.04434,0.00414,0.01734,0.0146496,0.296393,5.21878,0.766202,9.615,42.2,10.0,1.0,2002,36.8308,10.7086,54.0,2025-05-12 00:00:00
mellegue,مـــــلاق,0.364801,1,0.02,21.0291,18.4615,97.8081,22.54,88.3794,17.3775,11.4347,141.233,11.7085,51.13,265.0,267.67,1.0,1954,36.3144,8.70273,10300.0,2025-05-11 00:00:00
sarrat,سراط,0.474816,36,0.0,9.89687,0.795516,10.6731,0.017209,1.69923,2.095,2.47449,14.2304,3.76462,21.0,546.0,21.0,1.0,2016,35.8322,8.4434,1850.0,2025-05-11 00:00:00
benmetir,بني مطيــر,0.0453622,2,0.0432,44.6323,1.47393,26.2494,0.4752,13.5333,1.27743,28.2448,42.0905,40.4188,60.393,436.5,61.63,1.0,1954,36.7471,8.7419,103.0,2025-05-11 00:00:00
kasseb,كســاب,0.0887539,3,0.0648,27.1168,1.22341,28.1059,0.7128,16.1622,0.913573,23.9136,42.4175,22.488,76.9,292.04,81.875,1.0,1968,36.7614,9.0024,101.0,2025-05-11 00:00:00
barbara,بربرة,0.0597569,4,0.26424,61.1929,2.48437,54.4794,2.35816,44.4056,1.69462,69.2186,82.1545,58.2808,60.545,182.0,74.82,1.0,1998,36.7341,8.53173,177.0,2025-05-11 00:00:00
sidisalem,سيدي ســــالم,0.40703,5,0.0432,191.082,16.627,100.516,0.4752,77.3377,19.9305,121.675,371.728,220.048,580.348,115.0,814.0,1.0,1981,36.5907,9.3971,7950.0,2025-05-11 00:00:00
bouheurtma,بو هرتمـــــه,0.108818,6,0.051807,55.9195,2.88982,47.5047,0.912879,38.4641,2.78374,49.3289,78.5908,67.3208,145.037,221.0,150.5,1.0,1976,36.6719,8.78758,390.0,2025-05-11 00:00:00
joumine,جوميــــــن,0.0571279,7,0.103378,25.6358,0.784517,34.5042,1.11626,20.9267,1.85273,29.3253,74.1263,31.2603,118.773,90.0,129.9,1.0,1983,36.9909,9.6137,418.0,2025-05-11 00:00:00
ghezala,غزالـــــــة,0.000779294,8,0.0,2.13563,0.0510462,2.35476,0.04654,0.102734,0.226176,2.88296,9.28644,2.37058,10.004,82.5,11.7,1.0,1984,37.0594,9.5458,48.0,2025-05-11 00:00:00
melah,المالح,0.00073008,33,0.0,10.368,0.115717,9.69782,0.0,0.0,0.68,10.9683,24.9113,4.6666,41.0,136.0,41.0,1.0,2015,37.0761,9.4488,85.9,2025-05-11 00:00:00
tine,الطين,0.0025461,34,0.0,3.0112,0.0532315,2.91484,0.0,0.0,0.52,2.54476,16.9045,3.5611,34.0,136.0,34.0,1.0,2017,36.864,9.6287,276.0,2025-05-11 00:00:00
sejnane,سجنــــــان,0.143866,9,0.769303,59.0689,1.36395,66.8077,8.4859,151.213,0.61677,49.68,117.531,44.8813,132.59,86.5,137.5,1.0,1994,37.181,9.4751,367.0,2025-05-11 00:00:00
zarga,الزرقـة,0.0,10,0.0605,23.392,0.108731,20.9145,0.79162,2.51638,0.64,18.2232,21.5871,19.504,24.256,93.0,24.0,1.0,2012,36.8824,8.6992,60.0,2025-05-11 00:00:00
kebir,الكبيــر,0.0,31,0.0,44.8658,0.652028,29.3342,0.0,11.5034,3.33512,19.9624,37.3435,28.72,64.4,85.0,64.4,1.0,2014,36.8802,8.7211,85.2,2025-05-11 00:00:00
moula,المولى,0.0392066,32,0.0,20.156,0.226228,20.4955,0.0,8.08648,1.49326,11.3923,30.7771,19.328,26.337,110.0,26.3,1.0,2013,36.9347,8.845,58.0,2025-05-11 00:00:00
selbarrak,سيدي البــــراق,0.238035,11,0.4806,201.104,2.01149,206.523,5.3504,116.332,3.70243,128.909,291.676,127.837,286.514,27.0,286.514,1.0,1999,37.0244,8.93652,865.0,2025-05-11 00:00:00
ziatine,الزياتيـن,0.0,12,0.048214,16.2492,0.193916,14.7381,0.455816,6.82379,0.9,10.0788,28.5194,13.2513,33.3,37.0,33.0,1.0,2012,37.1856,9.2011,95.0,2025-05-11 00:00:00
gamgoum,القمقـوم,0.0,13,0.0,9.24413,0.0653567,4.51085,0.023,3.995,0.035559,3.1315,7.9411,12.9685,18.3,48.0,18.3,1.0,2012,37.1989,9.2679,35.5,2025-05-11 00:00:00
harka,الحركـة,0.00625893,35,0.0,13.2713,0.0582276,7.04553,0.0,0.0,0.88,5.30067,23.5923,8.9263,30.3,38.4,30.3,1.0,2016,37.222,9.4024,77.0,2025-05-11 00:00:00
siliana,سليانـــــــة,0.0106902,14,0.0,11.3188,0.13874,8.74047,0.0062,0.2375,2.01139,4.47612,32.9659,6.28687,30.986,388.5,70.0,1.0,1987,36.1571,9.3521,1040.0,2025-05-11 00:00:00
lakhmess,لخمـــــــاس,0.00168818,15,4e-05,2.16984,0.0564664,1.38222,0.000442,0.016216,1.00958,0.658871,11.2711,1.47233,7.22,517.06,8.22,1.0,1966,35.9994,9.4752,127.0,2025-05-11 00:00:00
rmil,الرميـــــــل,0.00148569,16,0.0,0.7985,0.0485007,0.809217,0.0,0.0,0.174369,0.43457,9.83926,0.5587,2.0,285.0,4.0,1.0,2002,36.3023,9.5019,232.0,2025-05-11 00:00:00
birmcherga,بئر المشارقـــة,0.0107534,17,0.0012,10.8486,0.262537,8.18908,0.0132,0.50912,1.17327,6.81461,24.8889,11.4031,41.599,122.5,52.9,1.0,1971,36.5119,10.0102,1263.0,2025-05-11 00:00:00
rmel,الرمــــــل,0.0340598,18,0.01075,20.4377,0.0952849,27.0129,0.11825,1.93996,0.16702,6.28609,15.6229,2.62958,23.825,43.0,22.0,1.0,1998,36.3308,10.3584,675.0,2025-05-11 00:00:00
nebhana,نبهانــــــة,0.00957012,19,0.00859,5.94576,0.089432,5.83536,0.120694,0.651167,1.36161,1.49667,20.7056,2.47759,64.61,230.0,86.5,1.0,1965,36.06,9.8724,855.0,2025-05-11 00:00:00
sidisaad,سيدي سعـــد,0.0,20,0.0,23.7997,1.1241,7.23436,0.0,0.066108,4.36556,3.7588,39.1615,26.1335,133.317,270.0,209.0,1.0,1981,35.3902,9.6948,8950.0,2025-05-11 00:00:00
elhaouareb,هـــــــوارب,0.0,21,0.0,0.864136,0.0,7.54675,0.0,0.028406,0.818174,0.199809,13.7058,0.00576132,77.47,217.0,0.0,1.0,1989,35.5727,9.7468,1120.0,2025-05-11 00:00:00
sficifa,سفيسيفة,0.0,22,0.0,1.99238,0.0723564,0.994351,0.0,0.0,0.220226,0.414662,1.26318,1.71246,7.71,677.8,4.24,1.0,2005,35.3413,9.0705,173.65,2025-05-11 00:00:00
sidiach,سيدي يعيــــش,0.0,23,0.0,0.0,0.0,0.407372,0.0,0.022,0.262516,0.551047,1.5721,1.484,88.0,541.0,88.0,1.0,1997,34.7468,8.7476,1900.0,2025-05-11 00:00:00
elbrek,البــــــــرك,0.0,24,0.0,0.7,0.699927,2.07203,0.0,0.02,0.0006324,0.187093,2.02701,0.06,14.6,849.0,16.0,1.0,2002,35.4705,8.9677,293.0,2025-05-11 00:00:00
bezirk,بزيـــــــغ,0.0,25,0.0,2.8018,0.00506449,3.26697,0.0,0.042,0.266449,0.219541,4.7901,0.1656,5.01,54.62,6.5,1.0,1959,36.7195,10.6272,86.0,2025-05-11 00:00:00
chiba,شيبـــــــة,0.0,26,0.0,0.905472,0.00598425,1.19819,0.0,0.050184,0.191438,0.000423426,6.44181,0.000475792,3.79,77.88,7.8,1.0,1963,36.6973,10.772,64.0,2025-05-11 00:00:00
masri,مصــــــري,0.000631249,27,0.01,2.6233,0.027799,3.78735,0.27,5.5717,0.285983,1.3094,4.38618,3.40568,5.068,163.0,6.9,1.0,1968,36.534,10.4911,53.0,2025-05-11 00:00:00
lebna,لبنــــــــة,0.00505312,28,0.0,4.55058,0.0399559,5.72808,0.0,0.0,0.13729,0.518966,17.7749,0.590855,25.46,18.04,30.1,1.0,1986,36.7388,10.9218,199.0,2025-05-11 00:00:00
hma,الحمـــــى,0.0,29,0.0,3.48496,0.0046701,4.0918,0.0,0.03504,0.0291232,0.762071,4.38938,0.230011,12.854,102.4,12.1,1.0,2002,36.5874,10.304,123.0,2025-05-11 00:00:00
abid,العبيـــــــد,0.0,30,0.0,4.0751,0.0160335,4.04114,0.00414,0.01734,0.0146496,0.29561,5.21831,0.766202,9.615,42.2,10.0,1.0,2002,36.8308,10.7086,54.0,2025-05-11 00:00:00
mellegue,مـــــلاق,0.76992,1,0.65,20.6915,18.0967,97.4433,22.52,88.3594,17.3775,11.3043,140.672,11.5872,51.13,265.0,267.67,1.0,1954,36.3144,8.70273,10300.0,2025-05-10 00:00:00
sarrat,سراط,0.00350425,36,0.015732,9.42752,0.3207,10.1983,0.017209,1.69923,2.095,2.46933,14.1628,3.79678,21.0,546.0,21.0,1.0,2016,35.8322,8.4434,1850.0,2025-05-10 00:00:00
benmetir,بني مطيــر,0.0979257,2,0.0432,44.6323,1.42857,26.2041,0.432,13.4901,1.27743,28.2082,42.0493,40.4188,60.393,436.5,61.63,1.0,1954,36.7471,8.7419,103.0,2025-05-10 00:00:00
kasseb,كســاب,0.154946,3,0.0648,27.0947,1.13465,28.0171,0.648,16.0974,0.913573,23.9015,42.388,22.488,76.9,292.04,81.875,1.0,1968,36.7614,9.0024,101.0,2025-05-10 00:00:00
barbara,بربرة,0.101317,4,0.30708,61.409,2.42461,54.4197,2.09392,44.1414,1.69462,69.1828,82.0998,58.2808,60.545,182.0,74.82,1.0,1998,36.7341,8.53173,177.0,2025-05-10 00:00:00
sidisalem,سيدي ســــالم,0.811474,5,0.0432,188.127,16.22,100.109,0.432,77.2945,19.9305,121.635,371.085,220.854,580.348,115.0,814.0,1.0,1981,36.5907,9.3971,7950.0,2025-05-10 00:00:00
bouheurtma,بو هرتمـــــه,0.218572,6,0.052854,55.865,2.781,47.3959,0.861072,38.4123,2.78374,49.2223,78.501,67.2611,145.037,221.0,150.5,1.0,1976,36.6719,8.78758,390.0,2025-05-10 00:00:00
joumine,جوميــــــن,0.0807058,7,0.098632,25.6881,0.72739,34.447,1.01288,20.8234,1.85273,29.2792,74.0665,31.2309,118.773,90.0,129.9,1.0,1983,36.9909,9.6137,418.0,2025-05-10 00:00:00
ghezala,غزالـــــــة,0.0,8,0.0,2.13563,0.0502669,2.35399,0.04654,0.102734,0.226176,2.88216,9.27915,2.40327,10.004,82.5,11.7,1.0,1984,37.0594,9.5458,48.0,2025-05-10 00:00:00
melah,المالح,0.0124563,33,0.0,10.368,0.114987,9.69709,0.0,0.0,0.68,10.9683,24.8894,4.7386,41.0,136.0,41.0,1.0,2015,37.0761,9.4488,85.9,2025-05-10 00:00:00
tine,الطين,0.0016974,34,0.0,3.0112,0.0506854,2.91229,0.0,0.0,0.52,2.53658,16.8877,3.5611,34.0,136.0,34.0,1.0,2017,36.864,9.6287,276.0,2025-05-10 00:00:00
sejnane,سجنــــــان,0.0622715,9,0.764033,59.2598,1.22008,66.6638,7.7166,150.444,0.61677,49.649,117.511,44.8012,132.59,86.5,137.5,1.0,1994,37.181,9.4751,367.0,2025-05-10 00:00:00
zarga,الزرقـة,0.0175012,10,0.05,23.464,0.108731,20.9145,0.73112,2.45588,0.64,18.1875,21.5665,19.576,24.256,93.0,24.0,1.0,2012,36.8824,8.6992,60.0,2025-05-10 00:00:00
kebir,الكبيــر,0.00719532,31,0.0,44.8142,0.652028,29.3342,0.0,11.5034,3.33512,19.9393,37.2359,28.7,64.4,85.0,64.4,1.0,2014,36.8802,8.7211,85.2,2025-05-10 00:00:00
moula,المولى,0.0268467,32,0.0,20.12,0.187022,20.4563,0.0,8.08648,1.49326,11.3849,30.729,19.376,26.337,110.0,26.3,1.0,2013,36.9347,8.845,58.0,2025-05-10 00:00:00
selbarrak,سيدي البــــراق,0.0,11,0.696,201.337,1.77346,206.285,4.8698,115.852,3.70243,128.646,291.557,127.837,286.514,27.0,286.514,1.0,1999,37.0244,8.93652,865.0,2025-05-10 00:00:00
ziatine,الزياتيـن,0.0427249,12,0.03968,16.3224,0.193916,14.7381,0.407602,6.77557,0.9,10.0629,28.4903,13.2786,33.3,37.0,33.0,1.0,2012,37.1856,9.2011,95.0,2025-05-10 00:00:00
gamgoum,القمقـوم,0.0026514,13,0.0,9.25273,0.0653567,4.51085,0.023,3.995,0.035559,3.12892,7.93995,13.0024,18.3,48.0,18.3,1.0,2012,37.1989,9.2679,35.5,2025-05-10 00:00:00
harka,الحركـة,0.00747034,35,0.0,13.2713,0.0519687,7.03927,0.0,0.0,0.88,5.29411,23.5639,8.9263,30.3,38.4,30.3,1.0,2016,37.222,9.4024,77.0,2025-05-10 00:00:00
siliana,سليانـــــــة,0.00912582,14,0.0,11.3188,0.128049,8.72978,0.0062,0.2375,2.01139,4.46633,32.901,6.28687,30.986,388.5,70.0,1.0,1987,36.1571,9.3521,1040.0,2025-05-10 00:00:00
lakhmess,لخمـــــــاس,0.00686012,15,4e-05,2.16984,0.0547782,1.38053,0.000402,0.016176,1.00958,0.655948,11.2385,1.47686,7.22,517.06,8.22,1.0,1966,35.9994,9.4752,127.0,2025-05-10 00:00:00
rmil,الرميـــــــل,0.00124384,16,0.0,0.7985,0.047015,0.807731,0.0,0.0,0.174369,0.43285,9.83364,0.5587,2.0,285.0,4.0,1.0,2002,36.3023,9.5019,232.0,2025-05-10 00:00:00
birmcherga,بئر المشارقـــة,0.0,17,0.0012,10.8486,0.251784,8.17832,0.012,0.50792,1.17327,6.81461,24.8511,11.4379,41.599,122.5,52.9,1.0,1971,36.5119,10.0102,1263.0,2025-05-10 00:00:00
rmel,الرمــــــل,0.0,18,0.01075,20.4377,0.0612251,26.9788,0.1075,1.92921,0.16702,6.27188,15.6175,2.62958,23.825,43.0,22.0,1.0,1998,36.3308,10.3584,675.0,2025-05-10 00:00:00
nebhana,نبهانــــــة,0.00185524,19,0.0141,5.94576,0.0798619,5.82579,0.112104,0.642577,1.36161,1.49194,20.6617,2.47759,64.61,230.0,86.5,1.0,1965,36.06,9.8724,855.0,2025-05-10 00:00:00
sidisaad,سيدي سعـــد,0.0110221,20,0.0,23.868,1.1241,7.23436,0.0,0.066108,4.36556,3.74242,39.0207,26.1335,133.317,270.0,209.0,1.0,1981,35.3902,9.6948,8950.0,2025-05-10 00:00:00
elhaouareb,هـــــــوارب,0.0,21,0.0,0.885017,0.0,7.54675,0.0,0.028406,0.818174,0.199656,13.6794,0.00576132,77.47,217.0,0.0,1.0,1989,35.5727,9.7468,1120.0,2025-05-10 00:00:00
sficifa,سفيسيفة,0.0,22,0.0,1.99636,0.0723564,0.994351,0.0,0.0,0.220226,0.414225,1.25608,1.71246,7.71,677.8,4.24,1.0,2005,35.3413,9.0705,173.65,2025-05-10 00:00:00
sidiach,سيدي يعيــــش,0.0,23,0.0,0.0,0.0,0.407372,0.0,0.022,0.262516,0.551047,1.56363,1.512,88.0,541.0,88.0,1.0,1997,34.7468,8.7476,1900.0,2025-05-10 00:00:00
elbrek,البــــــــرك,0.00183667,24,0.0,0.725,0.699927,2.07203,0.0,0.02,0.0006324,0.186483,2.02699,0.06,14.6,849.0,16.0,1.0,2002,35.4705,8.9677,293.0,2025-05-10 00:00:00
bezirk,بزيـــــــغ,0.00162706,25,0.0,2.8092,0.00506449,3.26697,0.0,0.042,0.266449,0.219236,4.7815,0.1656,5.01,54.62,6.5,1.0,1959,36.7195,10.6272,86.0,2025-05-10 00:00:00
chiba,شيبـــــــة,0.00196835,26,0.0,0.911638,0.00598425,1.19819,0.0,0.050184,0.191438,0.000421588,6.43564,0.000475792,3.79,77.88,7.8,1.0,1963,36.6973,10.772,64.0,2025-05-10 00:00:00
masri,مصــــــري,0.0029346,27,0.03,2.63472,0.0271678,3.78672,0.26,5.5617,0.285983,1.30229,4.37695,3.35951,5.068,163.0,6.9,1.0,1968,36.534,10.4911,53.0,2025-05-10 00:00:00
lebna,لبنــــــــة,0.00643124,28,0.0,4.55058,0.0349028,5.72302,0.0,0.0,0.13729,0.516797,17.7704,0.590855,25.46,18.04,30.1,1.0,1986,36.7388,10.9218,199.0,2025-05-10 00:00:00
hma,الحمـــــى,0.0,29,0.0,3.49381,0.0046701,4.0918,0.0,0.03504,0.0291232,0.762071,4.38845,0.233711,12.854,102.4,12.1,1.0,2002,36.5874,10.304,123.0,2025-05-10 00:00:00
abid,العبيـــــــد,0.00314006,30,0.0,4.08271,0.0160335,4.04114,0.00414,0.01734,0.0146496,0.29561,5.21783,0.769158,9.615,42.2,10.0,1.0,2002,36.8308,10.7086,54.0,2025-05-10 00:00:00
mellegue,مـــــلاق,2.23707,1,4.34,20.579,17.3268,96.6734,21.87,87.7094,17.3775,10.7894,140.112,11.0779,51.13,265.0,267.67,1.0,1954,36.3144,8.70273,10300.0,2025-05-09 00:00:00
sarrat,سراط,0.0,36,0.0,9.44432,0.317196,10.1948,0.001477,1.6835,2.095,2.46314,14.0952,3.81286,21.0,546.0,21.0,1.0,2016,35.8322,8.4434,1850.0,2025-05-09 00:00:00
benmetir,بني مطيــر,0.254954,2,0.0432,44.5795,1.33064,26.1062,0.3888,13.4469,1.27743,28.1248,42.0081,40.3718,60.393,436.5,61.63,1.0,1954,36.7471,8.7419,103.0,2025-05-09 00:00:00
kasseb,كســاب,0.133487,3,0.0648,27.0062,0.979706,27.8622,0.5832,16.0326,0.913573,23.8761,42.3586,22.4685,76.9,292.04,81.875,1.0,1968,36.7614,9.0024,101.0,2025-05-09 00:00:00
barbara,بربرة,0.273356,4,0.56536,61.625,2.32329,54.3184,1.78684,43.8343,1.69462,69.069,82.0451,58.2028,60.545,182.0,74.82,1.0,1998,36.7341,8.53173,177.0,2025-05-09 00:00:00
sidisalem,سيدي ســــالم,1.76133,5,0.0432,186.157,15.4085,99.2974,0.3888,77.2513,19.9305,121.635,370.443,221.93,580.348,115.0,814.0,1.0,1981,36.5907,9.3971,7950.0,2025-05-09 00:00:00
bouheurtma,بو هرتمـــــه,0.384123,6,0.053917,55.7013,2.56243,47.1773,0.808218,38.3594,2.78374,49.0797,78.4112,67.1418,145.037,221.0,150.5,1.0,1976,36.6719,8.78758,390.0,2025-05-09 00:00:00
joumine,جوميــــــن,0.106553,7,0.099203,25.7143,0.646684,34.3663,0.91425,20.7247,1.85273,29.2709,74.0068,31.2309,118.773,90.0,129.9,1.0,1983,36.9909,9.6137,418.0,2025-05-09 00:00:00
ghezala,غزالـــــــة,0.000841399,8,0.0,2.14077,0.0502669,2.35399,0.04654,0.102734,0.226176,2.87712,9.27185,2.43051,10.004,82.5,11.7,1.0,1984,37.0594,9.5458,48.0,2025-05-09 00:00:00
melah,المالح,0.0123647,33,0.0,10.356,0.102531,9.68463,0.0,0.0,0.68,10.9673,24.8674,4.8034,41.0,136.0,41.0,1.0,2015,37.0761,9.4488,85.9,2025-05-09 00:00:00
tine,الطين,0.0025461,34,0.0,3.0112,0.048988,2.91059,0.0,0.0,0.52,2.53658,16.871,3.5728,34.0,136.0,34.0,1.0,2017,36.864,9.6287,276.0,2025-05-09 00:00:00
sejnane,سجنــــــان,0.115751,9,0.771763,59.3552,1.15781,66.6015,6.95257,149.68,0.61677,49.649,117.491,44.641,132.59,86.5,137.5,1.0,1994,37.181,9.4751,367.0,2025-05-09 00:00:00
zarga,الزرقـة,0.0376339,10,0.07,23.5,0.0912296,20.897,0.68112,2.40588,0.64,18.1875,21.5458,19.684,24.256,93.0,24.0,1.0,2012,36.8824,8.6992,60.0,2025-05-09 00:00:00
kebir,الكبيــر,0.192846,31,0.0,44.7626,0.644833,29.327,0.0,11.5034,3.33512,19.896,37.1283,28.66,64.4,85.0,64.4,1.0,2014,36.8802,8.7211,85.2,2025-05-09 00:00:00
moula,المولى,0.0631998,32,0.0,20.096,0.160175,20.4294,0.0,8.08648,1.49326,11.3558,30.6808,19.4,26.337,110.0,26.3,1.0,2013,36.9347,8.845,58.0,2025-05-09 00:00:00
selbarrak,سيدي البــــراق,0.661786,11,0.6966,202.034,1.77346,206.285,4.1738,115.156,3.70243,128.073,291.437,127.646,286.514,27.0,286.514,1.0,1999,37.0244,8.93652,865.0,2025-05-09 00:00:00
ziatine,الزياتيـن,0.0176359,12,0.038991,16.3224,0.151191,14.6953,0.367922,6.73589,0.9,10.0073,28.4613,13.2649,33.3,37.0,33.0,1.0,2012,37.1856,9.2011,95.0,2025-05-09 00:00:00
gamgoum,القمقـوم,0.0125763,13,0.0,9.25273,0.0627053,4.5082,0.023,3.995,0.035559,3.1277,7.9388,13.0364,18.3,48.0,18.3,1.0,2012,37.1989,9.2679,35.5,2025-05-09 00:00:00
harka,الحركـة,0.0,35,0.0,13.2713,0.0444983,7.0318,0.0,0.0,0.88,5.29411,23.5355,8.9483,30.3,38.4,30.3,1.0,2016,37.222,9.4024,77.0,2025-05-09 00:00:00
siliana,سليانـــــــة,0.00990803,14,0.0,11.3188,0.118924,8.72065,0.0062,0.2375,2.01139,4.46633,32.8361,6.31549,30.986,388.5,70.0,1.0,1987,36.1571,9.3521,1040.0,2025-05-09 00:00:00
lakhmess,لخمـــــــاس,0.00152128,15,3.9e-05,2.16434,0.0479181,1.37367,0.000362,0.016136,1.00958,0.654568,11.206,1.47686,7.22,517.06,8.22,1.0,1966,35.9994,9.4752,127.0,2025-05-09 00:00:00
rmil,الرميـــــــل,0.00134749,16,0.0,0.7985,0.0457712,0.806487,0.0,0.0,0.174369,0.43285,9.82801,0.5626,2.0,285.0,4.0,1.0,2002,36.3023,9.5019,232.0,2025-05-09 00:00:00
birmcherga,بئر المشارقـــة,0.00927795,17,0.0012,10.8808,0.251784,8.17832,0.0108,0.50672,1.17327,6.798,24.8132,11.4379,41.599,122.5,52.9,1.0,1971,36.5119,10.0102,1263.0,2025-05-09 00:00:00
rmel,الرمــــــل,0.0317643,18,0.01075,20.4973,0.0612251,26.9788,0.09675,1.91846,0.16702,6.25724,15.6122,2.62958,23.825,43.0,22.0,1.0,1998,36.3308,10.3584,675.0,2025-05-09 00:00:00
nebhana,نبهانــــــة,0.0380551,19,0.0018,5.96192,0.0780067,5.82393,0.098004,0.628477,1.36161,1.49194,20.6178,2.48662,64.61,230.0,86.5,1.0,1965,36.06,9.8724,855.0,2025-05-09 00:00:00
sidisaad,سيدي سعـــد,0.0102567,20,0.0,23.868,1.11308,7.22334,0.0,0.066108,4.36556,3.74242,38.8799,26.2047,133.317,270.0,209.0,1.0,1981,35.3902,9.6948,8950.0,2025-05-09 00:00:00
elhaouareb,هـــــــوارب,0.0,21,0.0,0.92678,0.0,7.54675,0.0,0.028406,0.818174,0.199519,13.653,0.00576132,77.47,217.0,0.0,1.0,1989,35.5727,9.7468,1120.0,2025-05-09 00:00:00
sficifa,سفيسيفة,0.0,22,0.0,2.00033,0.0723564,0.994351,0.0,0.0,0.220226,0.414138,1.24897,1.71246,7.71,677.8,4.24,1.0,2005,35.3413,9.0705,173.65,2025-05-09 00:00:00
sidiach,سيدي يعيــــش,0.0,23,0.0,0.0,0.0,0.407372,0.0,0.022,0.262516,0.551047,1.55517,1.54,88.0,541.0,88.0,1.0,1997,34.7468,8.7476,1900.0,2025-05-09 00:00:00
elbrek,البــــــــرك,0.0,24,0.0,0.725,0.698091,2.07019,0.0,0.02,0.0006324,0.186239,2.02697,0.06,14.6,849.0,16.0,1.0,2002,35.4705,8.9677,293.0,2025-05-09 00:00:00
bezirk,بزيـــــــغ,0.0,25,0.0,2.8092,0.00343743,3.26534,0.0,0.042,0.266449,0.219112,4.77291,0.1656,5.01,54.62,6.5,1.0,1959,36.7195,10.6272,86.0,2025-05-09 00:00:00
chiba,شيبـــــــة,0.0,26,0.0,0.911638,0.0040159,1.19623,0.0,0.050184,0.191438,0.000420074,6.42946,0.000475792,3.79,77.88,7.8,1.0,1963,36.6973,10.772,64.0,2025-05-09 00:00:00
masri,مصــــــري,0.00381777,27,0.02,2.66413,0.0242332,3.78379,0.23,5.5317,0.285983,1.2991,4.36773,3.30674,5.068,163.0,6.9,1.0,1968,36.534,10.4911,53.0,2025-05-09 00:00:00
lebna,لبنــــــــة,0.0,28,0.0,4.55058,0.0284716,5.71659,0.0,0.0,0.13729,0.514688,17.766,0.590855,25.46,18.04,30.1,1.0,1986,36.7388,10.9218,199.0,2025-05-09 00:00:00
hma,الحمـــــى,0.0,29,0.0,3.50266,0.0046701,4.0918,0.0,0.03504,0.0291232,0.761651,4.38751,0.233711,12.854,102.4,12.1,1.0,2002,36.5874,10.304,123.0,2025-05-09 00:00:00
abid,العبيـــــــد,0.0,30,0.0,4.08271,0.0128935,4.038,0.00414,0.01734,0.0146496,0.292389,5.21736,0.766202,9.615,42.2,10.0,1.0,2002,36.8308,10.7086,54.0,2025-05-09 00:00:00
mellegue,مـــــلاق,2.55193,1,4.34,22.689,15.0898,94.4363,17.53,83.3694,17.3775,9.91933,139.551,10.2132,51.13,265.0,267.67,1.0,1954,36.3144,8.70273,10300.0,2025-05-08 00:00:00
sarrat,سراط,0.0,36,0.0,9.46112,0.317196,10.1948,0.001477,1.6835,2.095,2.46277,14.0276,3.8209,21.0,546.0,21.0,1.0,2016,35.8322,8.4434,1850.0,2025-05-08 00:00:00
benmetir,بني مطيــر,0.900519,2,0.0432,44.3703,1.07569,25.8512,0.3456,13.4037,1.27743,28.0256,41.9669,40.309,60.393,436.5,61.63,1.0,1954,36.7471,8.7419,103.0,2025-05-08 00:00:00
kasseb,كســاب,0.221299,3,0.0648,26.9399,0.846219,27.7287,0.5184,15.9678,0.913573,23.8703,42.3291,22.4685,76.9,292.04,81.875,1.0,1968,36.7614,9.0024,101.0,2025-05-08 00:00:00
barbara,بربرة,1.14119,4,0.44028,61.9274,2.04994,54.045,1.22148,43.2689,1.69462,68.911,81.9905,58.1248,60.545,182.0,74.82,1.0,1998,36.7341,8.53173,177.0,2025-05-08 00:00:00
sidisalem,سيدي ســــالم,1.26319,5,0.0432,184.434,13.6472,97.5361,0.3456,77.2081,19.9305,121.599,369.8,222.736,580.348,115.0,814.0,1.0,1981,36.5907,9.3971,7950.0,2025-05-08 00:00:00
bouheurtma,بو هرتمـــــه,1.4772,6,0.072516,55.3739,2.17831,46.7932,0.754301,38.3055,2.78374,49.0201,78.3214,67.0821,145.037,221.0,150.5,1.0,1976,36.6719,8.78758,390.0,2025-05-08 00:00:00
joumine,جوميــــــن,0.0648253,7,0.084909,25.7143,0.54013,34.2598,0.815047,20.6255,1.85273,29.2526,73.947,31.2309,118.773,90.0,129.9,1.0,1983,36.9909,9.6137,418.0,2025-05-08 00:00:00
ghezala,غزالـــــــة,0.0121418,8,0.0062,2.14077,0.0494255,2.35314,0.04654,0.102734,0.226176,2.87172,9.26456,2.45775,10.004,82.5,11.7,1.0,1984,37.0594,9.5458,48.0,2025-05-08 00:00:00
melah,المالح,0.0120911,33,0.0,10.344,0.0901663,9.67227,0.0,0.0,0.68,10.9667,24.8455,4.8682,41.0,136.0,41.0,1.0,2015,37.0761,9.4488,85.9,2025-05-08 00:00:00
tine,الطين,0.0016974,34,0.0,3.0112,0.0464419,2.90805,0.0,0.0,0.52,2.52782,16.8542,3.5728,34.0,136.0,34.0,1.0,2017,36.864,9.6287,276.0,2025-05-08 00:00:00
sejnane,سجنــــــان,0.0,9,0.631563,59.403,1.04206,66.4858,6.1808,148.908,0.61677,49.649,117.471,44.6009,132.59,86.5,137.5,1.0,1994,37.181,9.4751,367.0,2025-05-08 00:00:00
zarga,الزرقـة,0.0192473,10,0.07,23.536,0.0535956,20.8593,0.61112,2.33588,0.64,18.1833,21.5252,19.792,24.256,93.0,24.0,1.0,2012,36.8824,8.6992,60.0,2025-05-08 00:00:00
kebir,الكبيــر,0.164058,31,0.0,44.5046,0.451987,29.1341,0.0,11.5034,3.33512,19.8326,37.0207,28.6,64.4,85.0,64.4,1.0,2014,36.8802,8.7211,85.2,2025-05-08 00:00:00
moula,المولى,0.0261287,32,0.0,20.036,0.0969753,20.3662,0.0,8.08648,1.49326,11.2879,30.6326,19.388,26.337,110.0,26.3,1.0,2013,36.9347,8.845,58.0,2025-05-08 00:00:00
selbarrak,سيدي البــــراق,0.431665,11,0.47,202.034,1.11167,205.623,3.4772,114.459,3.70243,127.934,291.318,127.837,286.514,27.0,286.514,1.0,1999,37.0244,8.93652,865.0,2025-05-08 00:00:00
ziatine,الزياتيـن,0.0410646,12,0.039541,16.3468,0.133556,14.6777,0.328931,6.6969,0.9,9.98895,28.4323,13.2922,33.3,37.0,33.0,1.0,2012,37.1856,9.2011,95.0,2025-05-08 00:00:00
gamgoum,القمقـوم,0.0284474,13,0.0,9.24413,0.0501291,4.49563,0.023,3.995,0.035559,3.12531,7.93766,13.0703,18.3,48.0,18.3,1.0,2012,37.1989,9.2679,35.5,2025-05-08 00:00:00
harka,الحركـة,0.00525656,35,0.0,13.2943,0.0444983,7.0318,0.0,0.0,0.88,5.28814,23.5071,8.9483,30.3,38.4,30.3,1.0,2016,37.222,9.4024,77.0,2025-05-08 00:00:00
siliana,سليانـــــــة,0.00912582,14,0.0,11.3188,0.109016,8.71074,0.0062,0.2375,2.01139,4.45761,32.7712,6.31549,30.986,388.5,70.0,1.0,1987,36.1571,9.3521,1040.0,2025-05-08 00:00:00
lakhmess,لخمـــــــاس,0.0234916,15,4.1e-05,2.18085,0.0629047,1.38865,0.000323,0.016097,1.00958,0.653085,11.1734,1.47686,7.22,517.06,8.22,1.0,1966,35.9994,9.4752,127.0,2025-05-08 00:00:00
rmil,الرميـــــــل,0.00114018,16,0.0,0.7985,0.0444237,0.80514,0.0,0.0,0.174369,0.431637,9.82239,0.5626,2.0,285.0,4.0,1.0,2002,36.3023,9.5019,232.0,2025-05-08 00:00:00
birmcherga,بئر المشارقـــة,0.00927795,17,0.0012,10.8808,0.242506,8.16904,0.0096,0.50552,1.17327,6.798,24.7754,11.4727,41.599,122.5,52.9,1.0,1971,36.5119,10.0102,1263.0,2025-05-08 00:00:00
rmel,الرمــــــل,0.0,18,0.01075,20.4973,0.0294608,26.9471,0.086,1.90771,0.16702,6.25724,15.6068,2.64772,23.825,43.0,22.0,1.0,1998,36.3308,10.3584,675.0,2025-05-08 00:00:00
nebhana,نبهانــــــة,0.0,19,0.01432,5.92959,0.0399516,5.78588,0.096204,0.626677,1.36161,1.48719,20.5739,2.48662,64.61,230.0,86.5,1.0,1965,36.06,9.8724,855.0,2025-05-08 00:00:00
sidisaad,سيدي سعـــد,0.0110221,20,0.0,23.868,1.10282,7.21308,0.0,0.066108,4.36556,3.73169,38.739,26.2047,133.317,270.0,209.0,1.0,1981,35.3902,9.6948,8950.0,2025-05-08 00:00:00
elhaouareb,هـــــــوارب,0.0,21,0.0,0.947662,0.0,7.54675,0.0,0.028406,0.818174,0.199422,13.6266,0.00576132,77.47,217.0,0.0,1.0,1989,35.5727,9.7468,1120.0,2025-05-08 00:00:00
sficifa,سفيسيفة,0.000420639,22,0.0,2.00431,0.0723564,0.994351,0.0,0.0,0.220226,0.413963,1.24187,1.71246,7.71,677.8,4.24,1.0,2005,35.3413,9.0705,173.65,2025-05-08 00:00:00
sidiach,سيدي يعيــــش,0.0,23,0.0,0.0,0.0,0.407372,0.0,0.022,0.262516,0.347501,1.5467,1.337,88.0,541.0,88.0,1.0,1997,34.7468,8.7476,1900.0,2025-05-08 00:00:00
elbrek,البــــــــرك,0.00120172,24,0.0,0.75,0.698091,2.07019,0.0,0.02,0.0006324,0.18575,2.02695,0.06,14.6,849.0,16.0,1.0,2002,35.4705,8.9677,293.0,2025-05-08 00:00:00
bezirk,بزيـــــــغ,0.000442847,25,0.0,2.8166,0.00343743,3.26534,0.0,0.042,0.266449,0.21854,4.76431,0.1656,5.01,54.62,6.5,1.0,1959,36.7195,10.6272,86.0,2025-05-08 00:00:00
chiba,شيبـــــــة,0.0,26,0.0,0.923971,0.0040159,1.19623,0.0,0.050184,0.191438,0.000417857,6.42329,0.000475792,3.79,77.88,7.8,1.0,1963,36.6973,10.772,64.0,2025-05-08 00:00:00
masri,مصــــــري,0.00192121,27,0.03,2.68211,0.0204154,3.77997,0.21,5.5117,0.285983,1.29863,4.3585,3.26716,5.068,163.0,6.9,1.0,1968,36.534,10.4911,53.0,2025-05-08 00:00:00
lebna,لبنــــــــة,0.0047598,28,0.0,4.57148,0.0284716,5.71659,0.0,0.0,0.13729,0.511977,17.7616,0.590855,25.46,18.04,30.1,1.0,1986,36.7388,10.9218,199.0,2025-05-08 00:00:00
hma,الحمـــــى,0.0,29,0.0,3.51151,0.0046701,4.0918,0.0,0.03504,0.0291232,0.761651,4.38657,0.237411,12.854,102.4,12.1,1.0,2002,36.5874,10.304,123.0,2025-05-08 00:00:00
abid,العبيـــــــد,0.00338321,30,0.0018,4.09033,0.0128935,4.038,0.00414,0.01734,0.0146496,0.291441,5.21689,0.766202,9.615,42.2,10.0,1.0,2002,36.8308,10.7086,54.0,2025-05-08 00:00:00
mellegue,مـــــلاق,3.83104,1,4.34,24.484,12.5378,91.8844,13.19,79.0294,17.3775,9.91246,138.99,10.2132,51.13,265.0,267.67,1.0,1954,36.3144,8.70273,10300.0,2025-05-07 00:00:00
sarrat,سراط,0.0,36,0.0,9.47792,0.317196,10.1948,0.001477,1.6835,2.095,2.45321,13.9601,3.85307,21.0,546.0,21.0,1.0,2016,35.8322,8.4434,1850.0,2025-05-07 00:00:00
benmetir,بني مطيــر,0.045136,2,0.0432,43.515,0.175168,24.9507,0.3024,13.3605,1.27743,28.0044,41.9257,40.3247,60.393,436.5,61.63,1.0,1954,36.7471,8.7419,103.0,2025-05-07 00:00:00
kasseb,كســاب,0.177051,3,0.0648,26.785,0.624921,27.5074,0.4536,15.903,0.913573,23.845,42.2996,22.4489,76.9,292.04,81.875,1.0,1968,36.7614,9.0024,101.0,2025-05-07 00:00:00
barbara,بربرة,0.491318,4,0.0936,61.2361,0.908749,52.9038,0.7812,42.8287,1.69462,68.8283,81.9358,58.1248,60.545,182.0,74.82,1.0,1998,36.7341,8.53173,177.0,2025-05-07 00:00:00
sidisalem,سيدي ســــالم,2.34,5,0.0432,183.203,12.384,96.2729,0.3024,77.1649,19.9305,121.155,369.157,223.274,580.348,115.0,814.0,1.0,1981,36.5907,9.3971,7950.0,2025-05-07 00:00:00
bouheurtma,بو هرتمـــــه,0.310339,6,0.149332,53.9705,0.701104,45.316,0.681785,38.233,2.78374,49.0201,78.2316,67.1418,145.037,221.0,150.5,1.0,1976,36.6719,8.78758,390.0,2025-05-07 00:00:00
joumine,جوميــــــن,0.106061,7,0.101538,25.7405,0.475305,34.1949,0.730138,20.5406,1.85273,29.2047,73.8872,31.2016,118.773,90.0,129.9,1.0,1983,36.9909,9.6137,418.0,2025-05-07 00:00:00
ghezala,غزالـــــــة,0.0230572,8,0.01704,2.13563,0.0372837,2.341,0.04034,0.096534,0.226176,2.86728,9.25726,2.48499,10.004,82.5,11.7,1.0,1984,37.0594,9.5458,48.0,2025-05-07 00:00:00
melah,المالح,0.024091,33,0.0,10.332,0.0780752,9.66017,0.0,0.0,0.68,10.9667,24.8235,4.9402,41.0,136.0,41.0,1.0,2015,37.0761,9.4488,85.9,2025-05-07 00:00:00
tine,الطين,0.0374764,34,0.0,3.0112,0.0447445,2.90635,0.0,0.0,0.52,2.52002,16.8374,3.5728,34.0,136.0,34.0,1.0,2017,36.864,9.6287,276.0,2025-05-07 00:00:00
sejnane,سجنــــــان,0.082218,9,0.772263,59.6415,1.04206,66.4858,5.54924,148.276,0.61677,49.649,117.451,44.5608,132.59,86.5,137.5,1.0,1994,37.181,9.4751,367.0,2025-05-07 00:00:00
zarga,الزرقـة,0.00138153,10,0.07,23.59,0.0343483,20.8401,0.54112,2.26588,0.64,18.1833,21.5045,19.918,24.256,93.0,24.0,1.0,2012,36.8824,8.6992,60.0,2025-05-07 00:00:00
kebir,الكبيــر,0.0885053,31,0.0,44.2724,0.287929,28.9701,0.0,11.5034,3.33512,19.8301,36.9132,28.6,64.4,85.0,64.4,1.0,2014,36.8802,8.7211,85.2,2025-05-07 00:00:00
moula,المولى,0.0146586,32,0.0,20.012,0.0708466,20.3401,0.0,8.08648,1.49326,11.2879,30.5844,19.424,26.337,110.0,26.3,1.0,2013,36.9347,8.845,58.0,2025-05-07 00:00:00
selbarrak,سيدي البــــراق,0.438977,11,0.0,202.034,0.680007,205.191,3.0072,113.989,3.70243,127.805,291.198,128.219,286.514,27.0,286.514,1.0,1999,37.0244,8.93652,865.0,2025-05-07 00:00:00
ziatine,الزياتيـن,0.0909506,12,0.040627,16.3468,0.0924909,14.6366,0.28939,6.65736,0.9,9.97161,28.4032,13.3194,33.3,37.0,33.0,1.0,2012,37.1856,9.2011,95.0,2025-05-07 00:00:00
gamgoum,القمقـوم,0.00132282,13,0.0,9.21833,0.0216816,4.46718,0.023,3.995,0.035559,3.11501,7.93651,13.0929,18.3,48.0,18.3,1.0,2012,37.1989,9.2679,35.5,2025-05-07 00:00:00
harka,الحركـة,0.00606526,35,0.0,13.2943,0.0392418,7.02654,0.0,0.0,0.88,5.28814,23.4787,8.9703,30.3,38.4,30.3,1.0,2016,37.222,9.4024,77.0,2025-05-07 00:00:00
siliana,سليانـــــــة,0.0106902,14,0.0,11.3188,0.0998897,8.70162,0.0062,0.2375,2.01139,4.45761,32.7064,6.34411,30.986,388.5,70.0,1.0,1987,36.1571,9.3521,1040.0,2025-05-07 00:00:00
lakhmess,لخمـــــــاس,0.00164263,15,3.8e-05,2.15884,0.0394131,1.36516,0.000282,0.016056,1.00958,0.650946,11.1408,1.47686,7.22,517.06,8.22,1.0,1966,35.9994,9.4752,127.0,2025-05-07 00:00:00
rmil,الرميـــــــل,0.00800563,16,0.0,0.7985,0.0432835,0.803999,0.0,0.0,0.174369,0.431637,9.81676,0.5665,2.0,285.0,4.0,1.0,2002,36.3023,9.5019,232.0,2025-05-07 00:00:00
birmcherga,بئر المشارقـــة,0.00953039,17,0.0012,10.8808,0.233228,8.15977,0.0084,0.50432,1.17327,6.78325,24.7375,11.4727,41.599,122.5,52.9,1.0,1971,36.5119,10.0102,1263.0,2025-05-07 00:00:00
rmel,الرمــــــل,0.0294608,18,0.01075,20.557,0.0294608,26.9471,0.07525,1.89696,0.16702,6.24146,15.6014,2.64772,23.825,43.0,22.0,1.0,1998,36.3308,10.3584,675.0,2025-05-07 00:00:00
nebhana,نبهانــــــة,0.00504368,19,0.01728,5.97809,0.0399516,5.78588,0.081884,0.612357,1.36161,1.48244,20.5299,2.48662,64.61,230.0,86.5,1.0,1965,36.06,9.8724,855.0,2025-05-07 00:00:00
sidisaad,سيدي سعـــد,0.217125,20,0.0,23.868,1.0918,7.20206,0.0,0.066108,4.36556,3.71277,38.5982,26.2047,133.317,270.0,209.0,1.0,1981,35.3902,9.6948,8950.0,2025-05-07 00:00:00
elhaouareb,هـــــــوارب,0.0,21,0.0,0.989425,0.0,7.54675,0.0,0.028406,0.818174,0.199274,13.6002,0.00576132,77.47,217.0,0.0,1.0,1989,35.5727,9.7468,1120.0,2025-05-07 00:00:00
sficifa,سفيسيفة,0.0,22,0.0,2.00431,0.0719357,0.99393,0.0,0.0,0.220226,0.413264,1.23477,1.71246,7.71,677.8,4.24,1.0,2005,35.3413,9.0705,173.65,2025-05-07 00:00:00
sidiach,سيدي يعيــــش,0.0,23,0.0,0.0,0.0,0.407372,0.0,0.022,0.262516,0.34569,1.53823,1.337,88.0,541.0,88.0,1.0,1997,34.7468,8.7476,1900.0,2025-05-07 00:00:00
elbrek,البــــــــرك,0.0006867,24,0.0,0.75,0.696889,2.06899,0.0,0.02,0.0006324,0.185018,2.02693,0.06,14.6,849.0,16.0,1.0,2002,35.4705,8.9677,293.0,2025-05-07 00:00:00
bezirk,بزيـــــــغ,0.0,25,0.0,2.8166,0.00299458,3.2649,0.0,0.042,0.266449,0.21854,4.75572,0.16746,5.01,54.62,6.5,1.0,1959,36.7195,10.6272,86.0,2025-05-07 00:00:00
chiba,شيبـــــــة,0.0,26,0.0,0.930137,0.0040159,1.19623,0.0,0.050184,0.191438,0.000415316,6.41711,0.000475792,3.79,77.88,7.8,1.0,1963,36.6973,10.772,64.0,2025-05-07 00:00:00
masri,مصــــــري,0.00414218,27,0.02,2.71209,0.0184942,3.77805,0.18,5.4817,0.285983,1.29737,4.34927,3.21651,5.068,163.0,6.9,1.0,1968,36.534,10.4911,53.0,2025-05-07 00:00:00
lebna,لبنــــــــة,0.00568105,28,0.0,4.57148,0.0237118,5.71183,0.0,0.0,0.13729,0.509446,17.7572,0.590855,25.46,18.04,30.1,1.0,1986,36.7388,10.9218,199.0,2025-05-07 00:00:00
hma,الحمـــــى,0.0021349,29,0.0,3.52036,0.0046701,4.0918,0.0,0.03504,0.0291232,0.761651,4.38563,0.239261,12.854,102.4,12.1,1.0,2002,36.5874,10.304,123.0,2025-05-07 00:00:00
abid,العبيـــــــد,0.0,30,0.00234,4.09033,0.00951026,4.03462,0.00234,0.01554,0.0146496,0.291441,5.21642,0.769158,9.615,42.2,10.0,1.0,2002,36.8308,10.7086,54.0,2025-05-07 00:00:00
mellegue,مـــــلاق,4.4903,1,3.71,24.9988,8.70678,88.0534,8.85,74.6894,17.3775,9.91246,138.43,10.2361,51.13,265.0,267.67,1.0,1954,36.3144,8.70273,10300.0,2025-05-06 00:00:00
sarrat,سراط,0.104358,36,0.0,9.49472,0.317196,10.1948,0.001477,1.6835,2.095,2.45321,13.8925,3.90655,21.0,546.0,21.0,1.0,2016,35.8322,8.4434,1850.0,2025-05-06 00:00:00
benmetir,بني مطيــر,0.0227009,2,0.0432,43.515,0.130032,24.9055,0.2592,13.3173,1.27743,27.9969,41.8845,40.3561,60.393,436.5,61.63,1.0,1954,36.7471,8.7419,103.0,2025-05-06 00:00:00
kasseb,كســاب,0.0231936,3,0.0648,26.6744,0.447869,27.3303,0.3888,15.8382,0.913573,23.8346,42.2702,22.4489,76.9,292.04,81.875,1.0,1968,36.7614,9.0024,101.0,2025-05-06 00:00:00
barbara,بربرة,0.0648412,4,0.09648,60.8473,0.417432,52.4125,0.6876,42.7351,1.69462,68.8216,81.8811,58.2028,60.545,182.0,74.82,1.0,1998,36.7341,8.53173,177.0,2025-05-06 00:00:00
sidisalem,سيدي ســــالم,2.88,5,0.0432,180.754,10.044,93.9329,0.2592,77.1217,19.9305,121.079,368.514,224.08,580.348,115.0,814.0,1.0,1981,36.5907,9.3971,7950.0,2025-05-06 00:00:00
bouheurtma,بو هرتمـــــه,0.0244509,6,0.074635,53.8103,0.390765,45.0056,0.532453,38.0837,2.78374,49.0201,78.1418,67.2611,145.037,221.0,150.5,1.0,1976,36.6719,8.78758,390.0,2025-05-06 00:00:00
joumine,جوميــــــن,0.0636581,7,0.106808,25.7405,0.369244,34.0889,0.6286,20.4391,1.85273,29.185,73.8275,31.2016,118.773,90.0,129.9,1.0,1983,36.9909,9.6137,418.0,2025-05-06 00:00:00
ghezala,غزالـــــــة,0.0118358,8,0.0157,2.1305,0.0142265,2.31795,0.0233,0.079494,0.226176,2.86158,9.24996,2.51223,10.004,82.5,11.7,1.0,1984,37.0594,9.5458,48.0,2025-05-06 00:00:00
melah,المالح,0.00099891,33,0.0,10.308,0.0539842,9.63608,0.0,0.0,0.68,10.9667,24.8016,5.0194,41.0,136.0,41.0,1.0,2015,37.0761,9.4488,85.9,2025-05-06 00:00:00
tine,الطين,0.0,34,0.0,2.9761,0.00726813,2.86887,0.0,0.0,0.52,2.52002,16.8206,3.5845,34.0,136.0,34.0,1.0,2017,36.864,9.6287,276.0,2025-05-06 00:00:00
sejnane,سجنــــــان,0.0988975,9,0.779793,60.3096,0.959843,66.4035,4.77698,147.504,0.61677,49.5573,117.431,44.5608,132.59,86.5,137.5,1.0,1994,37.181,9.4751,367.0,2025-05-06 00:00:00
zarga,الزرقـة,0.0209506,10,0.07,23.662,0.0329667,20.8387,0.47112,2.19588,0.64,18.1833,21.4839,20.044,24.256,93.0,24.0,1.0,2012,36.8824,8.6992,60.0,2025-05-06 00:00:00
kebir,الكبيــر,0.0157208,31,0.0,44.1176,0.199423,28.8816,0.0,11.5034,3.33512,19.8301,36.8056,28.62,64.4,85.0,64.4,1.0,2014,36.8802,8.7211,85.2,2025-05-06 00:00:00
moula,المولى,0.00318897,32,0.0,20.0,0.056188,20.3255,0.0,8.08648,1.49326,11.2879,30.5363,19.496,26.337,110.0,26.3,1.0,2013,36.9347,8.845,58.0,2025-05-06 00:00:00
selbarrak,سيدي البــــراق,0.0,11,0.0,201.569,0.24103,204.752,3.0072,113.989,3.70243,127.668,291.079,128.219,286.514,27.0,286.514,1.0,1999,37.0244,8.93652,865.0,2025-05-06 00:00:00
ziatine,الزياتيـن,0.0004518,12,0.040124,16.298,0.00154036,14.5457,0.248763,6.61673,0.9,9.96407,28.3742,13.3603,33.3,37.0,33.0,1.0,2012,37.1856,9.2011,95.0,2025-05-06 00:00:00
gamgoum,القمقـوم,0.00396846,13,0.0,9.21833,0.0203588,4.46586,0.023,3.995,0.035559,3.10139,7.93536,13.1156,18.3,48.0,18.3,1.0,2012,37.1989,9.2679,35.5,2025-05-06 00:00:00
harka,الحركـة,0.00606526,35,0.0,13.2943,0.0331765,7.02048,0.0,0.0,0.88,5.27962,23.4503,8.9703,30.3,38.4,30.3,1.0,2016,37.222,9.4024,77.0,2025-05-06 00:00:00
siliana,سليانـــــــة,0.00938656,14,0.0,11.3188,0.0891995,8.69093,0.0062,0.2375,2.01139,4.44189,32.6415,6.34411,30.986,388.5,70.0,1.0,1987,36.1571,9.3521,1040.0,2025-05-06 00:00:00
lakhmess,لخمـــــــاس,0.00693649,15,3.6e-05,2.15884,0.0377705,1.36352,0.000244,0.016018,1.00958,0.648531,11.1083,1.47686,7.22,517.06,8.22,1.0,1966,35.9994,9.4752,127.0,2025-05-06 00:00:00
rmil,الرميـــــــل,0.00793726,16,0.0,0.7916,0.0352779,0.795994,0.0,0.0,0.174369,0.429337,9.81114,0.5665,2.0,285.0,4.0,1.0,2002,36.3023,9.5019,232.0,2025-05-06 00:00:00
birmcherga,بئر المشارقـــة,0.0107673,17,0.0012,10.8808,0.223697,8.15024,0.0072,0.50312,1.17327,6.78325,24.6997,11.5076,41.599,122.5,52.9,1.0,1971,36.5119,10.0102,1263.0,2025-05-06 00:00:00
rmel,الرمــــــل,0.0,18,0.01075,20.557,0.0,26.9176,0.0645,1.88621,0.16702,6.22553,15.596,2.64772,23.825,43.0,22.0,1.0,1998,36.3308,10.3584,675.0,2025-05-06 00:00:00
nebhana,نبهانــــــة,0.0,19,0.00931,5.99425,0.0328098,5.77874,0.056634,0.587107,1.36161,1.48244,20.486,2.49564,64.61,230.0,86.5,1.0,1965,36.06,9.8724,855.0,2025-05-06 00:00:00
sidisaad,سيدي سعـــد,0.487211,20,0.0,23.6631,0.874674,6.98493,0.0,0.066108,4.36556,3.71277,38.4574,26.276,133.317,270.0,209.0,1.0,1981,35.3902,9.6948,8950.0,2025-05-06 00:00:00
elhaouareb,هـــــــوارب,0.0,21,0.0,1.03119,0.0,7.54675,0.0,0.028406,0.818174,0.199096,13.5738,0.00576132,77.47,217.0,0.0,1.0,1989,35.5727,9.7468,1120.0,2025-05-06 00:00:00
sficifa,سفيسيفة,0.0719357,22,0.0,2.00829,0.0719357,0.99393,0.0,0.0,0.220226,0.412477,1.22766,1.71246,7.71,677.8,4.24,1.0,2005,35.3413,9.0705,173.65,2025-05-06 00:00:00
sidiach,سيدي يعيــــش,0.0,23,0.0,0.0,0.0,0.407372,0.0,0.022,0.262516,0.34362,1.52976,1.337,88.0,541.0,88.0,1.0,1997,34.7468,8.7476,1900.0,2025-05-06 00:00:00
elbrek,البــــــــرك,0.0006867,24,0.0,0.75,0.696202,2.06831,0.0,0.02,0.0006324,0.184041,2.02691,0.06,14.6,849.0,16.0,1.0,2002,35.4705,8.9677,293.0,2025-05-06 00:00:00
bezirk,بزيـــــــغ,0.00147265,25,0.0,2.824,0.00299458,3.2649,0.0,0.042,0.266449,0.217694,4.74712,0.16746,5.01,54.62,6.5,1.0,1959,36.7195,10.6272,86.0,2025-05-06 00:00:00
chiba,شيبـــــــة,0.0,26,0.0,0.936303,0.0040159,1.19623,0.0,0.050184,0.191438,0.00041245,6.41094,0.000475792,3.79,77.88,7.8,1.0,1963,36.6973,10.772,64.0,2025-05-06 00:00:00
masri,مصــــــري,0.00428431,27,0.05,2.73007,0.014352,3.7739,0.16,5.4617,0.285983,1.29737,4.34005,3.17246,5.068,163.0,6.9,1.0,1968,36.534,10.4911,53.0,2025-05-06 00:00:00
lebna,لبنــــــــة,0.0,28,0.0,4.57148,0.0180307,5.70615,0.0,0.0,0.13729,0.507277,17.7527,0.590855,25.46,18.04,30.1,1.0,1986,36.7388,10.9218,199.0,2025-05-06 00:00:00
hma,الحمـــــى,0.0025352,29,0.0,3.52036,0.0025352,4.08966,0.0,0.03504,0.0291232,0.761651,4.38469,0.242961,12.854,102.4,12.1,1.0,2002,36.5874,10.304,123.0,2025-05-06 00:00:00
abid,العبيـــــــد,0.00294195,30,0.0,4.09794,0.00951026,4.03462,0.0,0.0132,0.0146496,0.290238,5.21594,0.769158,9.615,42.2,10.0,1.0,2002,36.8308,10.7086,54.0,2025-05-06 00:00:00
mellegue,مـــــلاق,3.59903,1,0.02,24.2267,4.21648,83.563,5.14,70.9794,17.3775,9.90215,137.869,10.2361,51.13,265.0,267.67,1.0,1954,36.3144,8.70273,10300.0,2025-05-05 00:00:00
sarrat,سراط,0.0906911,36,0.001477,9.39391,0.212838,10.0904,0.001477,1.6835,2.095,2.45001,13.8249,3.96894,21.0,546.0,21.0,1.0,2016,35.8322,8.4434,1850.0,2025-05-05 00:00:00
benmetir,بني مطيــر,0.0215408,2,0.0432,43.5409,0.107331,24.8828,0.216,13.2741,1.27743,27.9891,41.8433,40.3874,60.393,436.5,61.63,1.0,1954,36.7471,8.7419,103.0,2025-05-05 00:00:00
kasseb,كســاب,0.0449874,3,0.0648,26.7187,0.424676,27.3071,0.324,15.7734,0.913573,23.8045,42.2407,22.4294,76.9,292.04,81.875,1.0,1968,36.7614,9.0024,101.0,2025-05-05 00:00:00
barbara,بربرة,0.0461631,4,0.0792,60.8905,0.35259,52.3477,0.59112,42.6386,1.69462,68.815,81.8265,58.2808,60.545,182.0,74.82,1.0,1998,36.7341,8.53173,177.0,2025-05-05 00:00:00
sidisalem,سيدي ســــالم,2.48,5,0.0432,177.403,7.164,91.0529,0.216,77.0785,19.9305,121.079,367.871,225.155,580.348,115.0,814.0,1.0,1981,36.5907,9.3971,7950.0,2025-05-05 00:00:00
bouheurtma,بو هرتمـــــه,0.0579745,6,0.107755,53.8637,0.366314,44.9812,0.457818,38.009,2.78374,49.0201,78.052,67.4999,145.037,221.0,150.5,1.0,1976,36.6719,8.78758,390.0,2025-05-05 00:00:00
joumine,جوميــــــن,0.0547902,7,0.101198,25.7928,0.305586,34.0252,0.521792,20.3323,1.85273,29.1691,73.7677,31.2016,118.773,90.0,129.9,1.0,1983,36.9909,9.6137,418.0,2025-05-05 00:00:00
ghezala,غزالـــــــة,0.0,8,0.0076,2.13563,0.00239071,2.30611,0.0076,0.063794,0.226176,2.86106,9.24267,2.54491,10.004,82.5,11.7,1.0,1984,37.0594,9.5458,48.0,2025-05-05 00:00:00
melah,المالح,0.0130897,33,0.0,10.308,0.0529853,9.63509,0.0,0.0,0.68,10.9667,24.7797,5.1058,41.0,136.0,41.0,1.0,2015,37.0761,9.4488,85.9,2025-05-05 00:00:00
tine,الطين,0.00084405,34,0.0,2.9878,0.00726813,2.86887,0.0,0.0,0.52,2.51067,16.8039,3.5845,34.0,136.0,34.0,1.0,2017,36.864,9.6287,276.0,2025-05-05 00:00:00
sejnane,سجنــــــان,0.168587,9,0.796433,60.9777,0.860945,66.3046,3.99718,146.724,0.61677,49.5573,117.411,44.3606,132.59,86.5,137.5,1.0,1994,37.181,9.4751,367.0,2025-05-05 00:00:00
zarga,الزرقـة,0.0,10,0.082,23.716,0.0120161,20.8178,0.40112,2.12588,0.64,18.1824,21.4632,20.17,24.256,93.0,24.0,1.0,2012,36.8824,8.6992,60.0,2025-05-05 00:00:00
kebir,الكبيــر,0.00278914,31,0.0,44.0402,0.183703,28.8658,0.0,11.5034,3.33512,19.8301,36.698,28.64,64.4,85.0,64.4,1.0,2014,36.8802,8.7211,85.2,2025-05-05 00:00:00
moula,المولى,0.015189,32,0.0,20.0,0.052999,20.3223,0.0,8.08648,1.49326,11.2879,30.4881,19.58,26.337,110.0,26.3,1.0,2013,36.9347,8.845,58.0,2025-05-05 00:00:00
selbarrak,سيدي البــــراق,0.24103,11,0.5022,201.569,0.24103,204.752,3.0072,113.989,3.70243,127.606,290.96,128.601,286.514,27.0,286.514,1.0,1999,37.0244,8.93652,865.0,2025-05-05 00:00:00
ziatine,الزياتيـن,0.0,12,0.039671,16.3468,0.00108856,14.5452,0.208639,6.57661,0.9,9.93568,28.3452,13.3876,33.3,37.0,33.0,1.0,2012,37.1856,9.2011,95.0,2025-05-05 00:00:00
gamgoum,القمقـوم,0.00198423,13,0.0,9.21833,0.0163904,4.46189,0.023,3.995,0.035559,3.09287,7.93422,13.1495,18.3,48.0,18.3,1.0,2012,37.1989,9.2679,35.5,2025-05-05 00:00:00
harka,الحركـة,0.00606526,35,0.0,13.2943,0.0271113,7.01441,0.0,0.0,0.88,5.27962,23.4219,8.9923,30.3,38.4,30.3,1.0,2016,37.222,9.4024,77.0,2025-05-05 00:00:00
siliana,سليانـــــــة,0.0443526,14,0.0,11.3188,0.0798129,8.68154,0.0062,0.2375,2.01139,4.4277,32.5766,6.34411,30.986,388.5,70.0,1.0,1987,36.1571,9.3521,1040.0,2025-05-05 00:00:00
lakhmess,لخمـــــــاس,0.0125674,15,4.3e-05,2.15334,0.030834,1.35658,0.000208,0.015982,1.00958,0.646427,11.0757,1.47686,7.22,517.06,8.22,1.0,1966,35.9994,9.4752,127.0,2025-05-05 00:00:00
rmil,الرميـــــــل,0.0212597,16,0.0,0.7848,0.0273406,0.788057,0.0,0.0,0.174369,0.429337,9.80551,0.5704,2.0,285.0,4.0,1.0,2002,36.3023,9.5019,232.0,2025-05-05 00:00:00
birmcherga,بئر المشارقـــة,0.0,17,0.0012,10.8808,0.21293,8.13947,0.006,0.50192,1.17327,6.76801,24.6618,11.5076,41.599,122.5,52.9,1.0,1971,36.5119,10.0102,1263.0,2025-05-05 00:00:00
rmel,الرمــــــل,0.0,18,0.01075,20.6104,0.0,26.9176,0.05375,1.87546,0.16702,6.22553,15.5906,2.66586,23.825,43.0,22.0,1.0,1998,36.3308,10.3584,675.0,2025-05-05 00:00:00
nebhana,نبهانــــــة,0.00928834,19,0.008304,6.01042,0.0318038,5.77773,0.046318,0.576791,1.36161,1.47767,20.4421,2.49564,64.61,230.0,86.5,1.0,1965,36.06,9.8724,855.0,2025-05-05 00:00:00
sidisaad,سيدي سعـــد,0.212161,20,0.0,23.1851,0.387463,6.49772,0.0,0.066108,4.36556,3.69446,38.3166,26.276,133.317,270.0,209.0,1.0,1981,35.3902,9.6948,8950.0,2025-05-05 00:00:00
elhaouareb,هـــــــوارب,0.0,21,0.0,1.05207,0.0,7.54675,0.0,0.028406,0.818174,0.198935,13.5474,0.00576132,77.47,217.0,0.0,1.0,1989,35.5727,9.7468,1120.0,2025-05-05 00:00:00
sficifa,سفيسيفة,0.0,22,0.0,1.93667,0.0,0.921995,0.0,0.0,0.220226,0.411952,1.22056,1.71246,7.71,677.8,4.24,1.0,2005,35.3413,9.0705,173.65,2025-05-05 00:00:00
sidiach,سيدي يعيــــش,0.0,23,0.0,0.0,0.0,0.407372,0.0,0.022,0.262516,0.342068,1.52129,1.337,88.0,541.0,88.0,1.0,1997,34.7468,8.7476,1900.0,2025-05-05 00:00:00
elbrek,البــــــــرك,0.67,24,0.0,0.75,0.695516,2.06762,0.0,0.02,0.0006324,0.183308,2.02689,0.06,14.6,849.0,16.0,1.0,2002,35.4705,8.9677,293.0,2025-05-05 00:00:00
bezirk,بزيـــــــغ,0.00152192,25,0.0,2.824,0.00152192,3.26343,0.0,0.042,0.266449,0.217694,4.73853,0.16932,5.01,54.62,6.5,1.0,1959,36.7195,10.6272,86.0,2025-05-05 00:00:00
chiba,شيبـــــــة,0.0,26,0.0,0.94247,0.0040159,1.19623,0.0,0.050184,0.191438,0.000410017,6.40476,0.000475792,3.79,77.88,7.8,1.0,1963,36.6973,10.772,64.0,2025-05-05 00:00:00
masri,مصــــــري,0.0,27,0.02,2.77803,0.0100677,3.76962,0.11,5.4117,0.285983,1.29505,4.33082,3.14099,5.068,163.0,6.9,1.0,1968,36.534,10.4911,53.0,2025-05-05 00:00:00
lebna,لبنــــــــة,0.00662024,28,0.0,4.59238,0.0180307,5.70615,0.0,0.0,0.13729,0.503964,17.7483,0.590855,25.46,18.04,30.1,1.0,1986,36.7388,10.9218,199.0,2025-05-05 00:00:00
hma,الحمـــــى,0.0,29,0.0,3.52036,0.0,4.08713,0.0,0.03504,0.0291232,0.761651,4.38375,0.246661,12.854,102.4,12.1,1.0,2002,36.5874,10.304,123.0,2025-05-05 00:00:00
abid,العبيـــــــد,0.0,30,0.0,4.09794,0.00656831,4.03167,0.0,0.0132,0.0146496,0.290238,5.21547,0.772114,9.615,42.2,10.0,1.0,2002,36.8308,10.7086,54.0,2025-05-05 00:00:00
mellegue,مـــــلاق,0.289676,1,0.02,20.654,0.617444,79.964,5.12,70.9594,17.3775,9.82471,137.309,10.1673,51.13,265.0,267.67,1.0,1954,36.3144,8.70273,10300.0,2025-05-04 00:00:00
sarrat,سراط,0.0,36,0.0,9.30991,0.122147,9.99974,0.0,1.68202,2.095,2.43662,13.7573,4.02242,21.0,546.0,21.0,1.0,2016,35.8322,8.4434,1850.0,2025-05-04 00:00:00
benmetir,بني مطيــر,0.0209611,2,0.0432,43.5668,0.0857906,24.8613,0.1728,13.2309,1.27743,27.9819,41.8021,40.4188,60.393,436.5,61.63,1.0,1954,36.7471,8.7419,103.0,2025-05-04 00:00:00
kasseb,كســاب,0.066779,3,0.0648,26.7408,0.379688,27.2622,0.2592,15.7086,0.913573,23.7942,42.2112,22.4294,76.9,292.04,81.875,1.0,1968,36.7614,9.0024,101.0,2025-05-04 00:00:00
barbara,بربرة,0.105471,4,0.09504,60.9337,0.306427,52.3015,0.51192,42.5594,1.69462,68.7711,81.7718,58.3198,60.545,182.0,74.82,1.0,1998,36.7341,8.53173,177.0,2025-05-04 00:00:00
sidisalem,سيدي ســــالم,1.76,5,0.0432,174.292,4.684,88.5729,0.1728,77.0353,19.9305,121.032,367.228,225.962,580.348,115.0,814.0,1.0,1981,36.5907,9.3971,7950.0,2025-05-04 00:00:00
bouheurtma,بو هرتمـــــه,0.076646,6,0.128437,53.9171,0.30834,44.9232,0.350063,37.9013,2.78374,49.0201,77.9622,67.7386,145.037,221.0,150.5,1.0,1976,36.6719,8.78758,390.0,2025-05-04 00:00:00
joumine,جوميــــــن,0.0551245,7,0.103733,25.8452,0.250796,33.9704,0.420594,20.2311,1.85273,29.1484,73.7079,31.2016,118.773,90.0,129.9,1.0,1983,36.9909,9.6137,418.0,2025-05-04 00:00:00
ghezala,غزالـــــــة,0.00118699,8,0.0,2.14591,0.00239071,2.30611,0.0,0.056194,0.226176,2.86106,9.23537,2.5776,10.004,82.5,11.7,1.0,1984,37.0594,9.5458,48.0,2025-05-04 00:00:00
melah,المالح,0.0127258,33,0.0,10.296,0.0398956,9.62199,0.0,0.0,0.68,10.9667,24.7577,5.1706,41.0,136.0,41.0,1.0,2015,37.0761,9.4488,85.9,2025-05-04 00:00:00
tine,الطين,0.00303858,34,0.0,2.9878,0.00642408,2.86803,0.0,0.0,0.52,2.50189,16.7871,3.5845,34.0,136.0,34.0,1.0,2017,36.864,9.6287,276.0,2025-05-04 00:00:00
sejnane,سجنــــــان,0.316672,9,0.762763,61.1686,0.692358,66.1361,3.20075,145.928,0.61677,49.5033,117.391,44.2404,132.59,86.5,137.5,1.0,1994,37.181,9.4751,367.0,2025-05-04 00:00:00
zarga,الزرقـة,0.0047059,10,0.09,23.806,0.0120161,20.8178,0.31912,2.04388,0.64,18.1824,21.4426,20.296,24.256,93.0,24.0,1.0,2012,36.8824,8.6992,60.0,2025-05-04 00:00:00
kebir,الكبيــر,0.0,31,0.0,43.9628,0.180913,28.863,0.0,11.5034,3.33512,19.8215,36.5904,28.64,64.4,85.0,64.4,1.0,2014,36.8802,8.7211,85.2,2025-05-04 00:00:00
moula,المولى,0.00265635,32,0.0,19.988,0.0378101,20.3071,0.0,8.08648,1.49326,11.2879,30.4399,19.64,26.337,110.0,26.3,1.0,2013,36.9347,8.845,58.0,2025-05-04 00:00:00
selbarrak,سيدي البــــراق,0.0,11,0.474,201.802,0.0,204.511,2.505,113.487,3.70243,127.48,290.84,128.791,286.514,27.0,286.514,1.0,1999,37.0244,8.93652,865.0,2025-05-04 00:00:00
ziatine,الزياتيـن,0.0,12,0.048136,16.42,0.00108856,14.5452,0.168968,6.53694,0.9,9.91476,28.3161,13.4148,33.3,37.0,33.0,1.0,2012,37.1856,9.2011,95.0,2025-05-04 00:00:00
gamgoum,القمقـوم,0.00772366,13,0.015,9.21833,0.0144061,4.4599,0.023,3.995,0.035559,3.091,7.93307,13.1834,18.3,48.0,18.3,1.0,2012,37.1989,9.2679,35.5,2025-05-04 00:00:00
harka,الحركـة,0.00646961,35,0.0,13.2943,0.021046,7.00835,0.0,0.0,0.88,5.27184,23.3935,8.9923,30.3,38.4,30.3,1.0,2016,37.222,9.4024,77.0,2025-05-04 00:00:00
siliana,سليانـــــــة,0.0,14,0.0062,11.2846,0.0354603,8.63719,0.0062,0.2375,2.01139,4.41461,32.5117,6.34411,30.986,388.5,70.0,1.0,1987,36.1571,9.3521,1040.0,2025-05-04 00:00:00
lakhmess,لخمـــــــاس,0.00722781,15,4.3e-05,2.14233,0.0182666,1.34402,0.000165,0.015939,1.00958,0.64446,11.0431,1.47686,7.22,517.06,8.22,1.0,1966,35.9994,9.4752,127.0,2025-05-04 00:00:00
rmil,الرميـــــــل,0.00150315,16,0.0,0.7644,0.00608092,0.766797,0.0,0.0,0.174369,0.427353,9.79989,0.5704,2.0,285.0,4.0,1.0,2002,36.3023,9.5019,232.0,2025-05-04 00:00:00
birmcherga,بئر المشارقـــة,0.0132089,17,0.0012,10.9156,0.21293,8.13947,0.0048,0.50072,1.17327,6.76801,24.624,11.5424,41.599,122.5,52.9,1.0,1971,36.5119,10.0102,1263.0,2025-05-04 00:00:00
rmel,الرمــــــل,0.0,18,0.01075,20.6637,0.0,26.9176,0.043,1.86471,0.16702,6.21009,15.5852,2.66586,23.825,43.0,22.0,1.0,1998,36.3308,10.3584,675.0,2025-05-04 00:00:00
nebhana,نبهانــــــة,0.0,19,0.01262,6.01042,0.0225155,5.76844,0.04233,0.572803,1.36161,1.47767,20.3982,2.50467,64.61,230.0,86.5,1.0,1965,36.06,9.8724,855.0,2025-05-04 00:00:00
sidisaad,سيدي سعـــد,0.00605236,20,0.0,22.9802,0.175302,6.28556,0.0,0.066108,4.36556,3.67678,38.1757,26.276,133.317,270.0,209.0,1.0,1981,35.3902,9.6948,8950.0,2025-05-04 00:00:00
elhaouareb,هـــــــوارب,0.0,21,0.0,1.11471,0.0,7.54675,0.0,0.028406,0.818174,0.198781,13.521,0.00576132,77.47,217.0,0.0,1.0,1989,35.5727,9.7468,1120.0,2025-05-04 00:00:00
sficifa,سفيسيفة,0.0,22,0.0,1.94011,0.0,0.921995,0.0,0.0,0.220226,0.411341,1.21345,1.71246,7.71,677.8,4.24,1.0,2005,35.3413,9.0705,173.65,2025-05-04 00:00:00
sidiach,سيدي يعيــــش,0.0,23,0.0,0.0,0.0,0.407372,0.0,0.022,0.262516,0.340515,1.51282,1.337,88.0,541.0,88.0,1.0,1997,34.7468,8.7476,1900.0,2025-05-04 00:00:00
elbrek,البــــــــرك,0.00135999,24,0.0,0.08,0.0255155,1.39762,0.0,0.02,0.0006324,0.182576,2.02687,0.06,14.6,849.0,16.0,1.0,2002,35.4705,8.9677,293.0,2025-05-04 00:00:00
bezirk,بزيـــــــغ,0.0,25,0.0,2.824,0.0,3.2619,0.0,0.042,0.266449,0.217153,4.72993,0.16932,5.01,54.62,6.5,1.0,1959,36.7195,10.6272,86.0,2025-05-04 00:00:00
chiba,شيبـــــــة,0.0,26,0.0,0.948636,0.0040159,1.19623,0.0,0.050184,0.191438,0.000407421,6.39858,0.000475792,3.79,77.88,7.8,1.0,1963,36.6973,10.772,64.0,2025-05-04 00:00:00
masri,مصــــــري,0.000685471,27,0.01,2.80201,0.0100677,3.76962,0.09,5.3917,0.285983,1.29402,4.3216,3.09064,5.068,163.0,6.9,1.0,1968,36.534,10.4911,53.0,2025-05-04 00:00:00
lebna,لبنــــــــة,0.00492669,28,0.0,4.59238,0.0114105,5.69953,0.0,0.0,0.13729,0.500831,17.7439,0.590855,25.46,18.04,30.1,1.0,1986,36.7388,10.9218,199.0,2025-05-04 00:00:00
hma,الحمـــــى,0.0,29,0.0,3.5292,0.0,4.08713,0.0,0.03504,0.0291232,0.761651,4.38281,0.250362,12.854,102.4,12.1,1.0,2002,36.5874,10.304,123.0,2025-05-04 00:00:00
abid,العبيـــــــد,0.00286538,30,0.0,4.10556,0.00656831,4.03167,0.0,0.0132,0.0146496,0.289217,5.215,0.772114,9.615,42.2,10.0,1.0,2002,36.8308,10.7086,54.0,2025-05-04 00:00:00
mellegue,مـــــلاق,0.179595,1,0.02,20.3914,0.327768,79.6743,5.1,70.9394,17.3775,9.69971,136.748,10.0525,51.13,265.0,267.67,1.0,1954,36.3144,8.70273,10300.0,2025-05-03 00:00:00
sarrat,سراط,0.0077601,36,0.0,9.32671,0.122147,9.99974,0.0,1.68202,2.095,2.43662,13.6897,4.09372,21.0,546.0,21.0,1.0,2016,35.8322,8.4434,1850.0,2025-05-03 00:00:00
benmetir,بني مطيــر,0.0217376,2,0.0432,43.5927,0.0648296,24.8403,0.1296,13.1877,1.27743,27.9755,41.7609,40.4502,60.393,436.5,61.63,1.0,1954,36.7471,8.7419,103.0,2025-05-03 00:00:00
kasseb,كســاب,0.0893938,3,0.0648,26.7408,0.312909,27.1954,0.1944,15.6438,0.913573,23.7841,42.1818,22.4294,76.9,292.04,81.875,1.0,1968,36.7614,9.0024,101.0,2025-05-03 00:00:00
barbara,بربرة,0.0755064,4,0.10476,60.9337,0.200956,52.196,0.41688,42.4643,1.69462,68.7075,81.7171,58.3588,60.545,182.0,74.82,1.0,1998,36.7341,8.53173,177.0,2025-05-03 00:00:00
sidisalem,سيدي ســــالم,1.108,5,0.0432,171.899,2.924,86.8129,0.1296,76.9921,19.9305,121.025,366.585,226.499,580.348,115.0,814.0,1.0,1981,36.5907,9.3971,7950.0,2025-05-03 00:00:00
bouheurtma,بو هرتمـــــه,0.0582591,6,0.160632,53.9705,0.231694,44.8465,0.221626,37.7728,2.78374,49.0201,77.8724,67.9177,145.037,221.0,150.5,1.0,1976,36.6719,8.78758,390.0,2025-05-03 00:00:00
joumine,جوميــــــن,0.0418181,7,0.108511,25.8975,0.195671,33.9153,0.316861,20.1273,1.85273,29.13,73.6482,31.2016,118.773,90.0,129.9,1.0,1983,36.9909,9.6137,418.0,2025-05-03 00:00:00
ghezala,غزالـــــــة,0.0,8,0.0,2.14591,0.00120371,2.30492,0.0,0.056194,0.226176,2.86106,9.22808,2.60631,10.004,82.5,11.7,1.0,1984,37.0594,9.5458,48.0,2025-05-03 00:00:00
melah,المالح,0.0129063,33,0.0,10.284,0.0271698,9.60927,0.0,0.0,0.68,10.9508,24.7358,5.1562,41.0,136.0,41.0,1.0,2015,37.0761,9.4488,85.9,2025-05-03 00:00:00
tine,الطين,0.0,34,0.0,2.9878,0.0033855,2.86499,0.0,0.0,0.52,2.50189,16.7703,3.5962,34.0,136.0,34.0,1.0,2017,36.864,9.6287,276.0,2025-05-03 00:00:00
sejnane,سجنــــــان,0.192996,9,0.775883,61.1686,0.375686,65.8194,2.43799,145.165,0.61677,49.5033,117.371,44.1603,132.59,86.5,137.5,1.0,1994,37.181,9.4751,367.0,2025-05-03 00:00:00
zarga,الزرقـة,0.0047158,10,0.09,23.896,0.00731024,20.8131,0.22912,1.95388,0.64,18.1824,21.4219,20.422,24.256,93.0,24.0,1.0,2012,36.8824,8.6992,60.0,2025-05-03 00:00:00
kebir,الكبيــر,0.0989074,31,0.0,43.9886,0.180913,28.863,0.0,11.5034,3.33512,19.8143,36.4828,28.64,64.4,85.0,64.4,1.0,2014,36.8802,8.7211,85.2,2025-05-03 00:00:00
moula,المولى,0.0162502,32,0.0,19.988,0.0351537,20.3044,0.0,8.08648,1.49326,11.2879,30.3918,19.7,26.337,110.0,26.3,1.0,2013,36.9347,8.845,58.0,2025-05-03 00:00:00
selbarrak,سيدي البــــراق,0.0,11,0.665,202.499,0.0,204.511,2.031,113.013,3.70243,127.33,290.721,128.982,286.514,27.0,286.514,1.0,1999,37.0244,8.93652,865.0,2025-05-03 00:00:00
ziatine,الزياتيـن,0.0,12,0.03965,16.4932,0.00108856,14.5452,0.120832,6.4888,0.9,9.89616,28.2871,13.4421,33.3,37.0,33.0,1.0,2012,37.1856,9.2011,95.0,2025-05-03 00:00:00
gamgoum,القمقـوم,0.00270969,13,0.008,9.22693,0.00668247,4.45218,0.008,3.98,0.035559,3.08627,7.93192,13.2174,18.3,48.0,18.3,1.0,2012,37.1989,9.2679,35.5,2025-05-03 00:00:00
harka,الحركـة,0.0,35,0.0,13.2943,0.0145764,7.00188,0.0,0.0,0.88,5.27184,23.3652,9.0143,30.3,38.4,30.3,1.0,2016,37.222,9.4024,77.0,2025-05-03 00:00:00
siliana,سليانـــــــة,0.0125154,14,0.0,11.3188,0.0354603,8.63719,0.0,0.2313,2.01139,4.41461,32.4468,6.37273,30.986,388.5,70.0,1.0,1987,36.1571,9.3521,1040.0,2025-05-03 00:00:00
lakhmess,لخمـــــــاس,0.00201117,15,4.2e-05,2.13683,0.0110388,1.33679,0.000122,0.015896,1.00958,0.642735,11.0106,1.47686,7.22,517.06,8.22,1.0,1966,35.9994,9.4752,127.0,2025-05-03 00:00:00
rmil,الرميـــــــل,0.00157147,16,0.0,0.7644,0.00457778,0.765294,0.0,0.0,0.174369,0.427353,9.79426,0.5743,2.0,285.0,4.0,1.0,2002,36.3023,9.5019,232.0,2025-05-03 00:00:00
birmcherga,بئر المشارقـــة,0.0121976,17,0.0012,10.9156,0.199721,8.12626,0.0036,0.49952,1.17327,6.76801,24.5861,11.5772,41.599,122.5,52.9,1.0,1971,36.5119,10.0102,1263.0,2025-05-03 00:00:00
rmel,الرمــــــل,0.0,18,0.01075,20.7171,0.0,26.9176,0.03225,1.85396,0.16702,6.21009,15.5798,2.684,23.825,43.0,22.0,1.0,1998,36.3308,10.3584,675.0,2025-05-03 00:00:00
nebhana,نبهانــــــة,0.0,19,0.01262,6.02658,0.0225155,5.76844,0.02971,0.560183,1.36161,1.47528,20.3542,2.50467,64.61,230.0,86.5,1.0,1965,36.06,9.8724,855.0,2025-05-03 00:00:00
sidisaad,سيدي سعـــد,0.0114995,20,0.0,22.9802,0.16925,6.27951,0.0,0.066108,4.36556,3.67678,38.0349,26.3472,133.317,270.0,209.0,1.0,1981,35.3902,9.6948,8950.0,2025-05-03 00:00:00
elhaouareb,هـــــــوارب,0.0,21,0.0,1.15648,0.0,7.54675,0.0,0.028406,0.818174,0.198624,13.4946,0.00576132,77.47,217.0,0.0,1.0,1989,35.5727,9.7468,1120.0,2025-05-03 00:00:00
sficifa,سفيسيفة,0.0,22,0.0,1.94356,0.0,0.921995,0.0,0.0,0.220226,0.410641,1.20635,1.71246,7.71,677.8,4.24,1.0,2005,35.3413,9.0705,173.65,2025-05-03 00:00:00
sidiach,سيدي يعيــــش,0.0,23,0.0,0.0,0.0,0.407372,0.0,0.022,0.262516,0.338704,1.50436,1.337,88.0,541.0,88.0,1.0,1997,34.7468,8.7476,1900.0,2025-05-03 00:00:00
elbrek,البــــــــرك,0.00135999,24,0.0,0.08,0.0241555,1.39626,0.0,0.02,0.0006324,0.181721,2.02685,0.06,14.6,849.0,16.0,1.0,2002,35.4705,8.9677,293.0,2025-05-03 00:00:00
bezirk,بزيـــــــغ,0.0,25,0.0,2.8314,0.0,3.2619,0.0,0.042,0.266449,0.217153,4.72134,0.17118,5.01,54.62,6.5,1.0,1959,36.7195,10.6272,86.0,2025-05-03 00:00:00
chiba,شيبـــــــة,0.0,26,0.0,0.960968,0.0040159,1.19623,0.0,0.050184,0.191438,0.00040515,6.39241,0.000475792,3.79,77.88,7.8,1.0,1963,36.6973,10.772,64.0,2025-05-03 00:00:00
masri,مصــــــري,0.0066834,27,0.04,2.814,0.00938222,3.76893,0.08,5.3817,0.285983,1.29309,4.31237,3.0403,5.068,163.0,6.9,1.0,1968,36.534,10.4911,53.0,2025-05-03 00:00:00
lebna,لبنــــــــة,0.0,28,0.0,4.59238,0.0064838,5.6946,0.0,0.0,0.13729,0.500831,17.7394,0.59821,25.46,18.04,30.1,1.0,1986,36.7388,10.9218,199.0,2025-05-03 00:00:00
hma,الحمـــــى,0.0,29,0.0,3.53805,0.0,4.08713,0.0,0.03504,0.0291232,0.761651,4.38187,0.254062,12.854,102.4,12.1,1.0,2002,36.5874,10.304,123.0,2025-05-03 00:00:00
abid,العبيـــــــد,0.0,30,0.0,4.10556,0.00370293,4.02881,0.0,0.0132,0.0146496,0.289217,5.21453,0.775069,9.615,42.2,10.0,1.0,2002,36.8308,10.7086,54.0,2025-05-03 00:00:00
mellegue,مـــــلاق,0.148173,1,0.74,20.2414,0.148173,79.4947,5.08,70.9194,17.3775,9.15689,136.188,9.51312,51.13,265.0,267.67,1.0,1954,36.3144,8.70273,10300.0,2025-05-02 00:00:00
sarrat,سراط,0.00711342,36,0.0,9.32671,0.114386,9.99198,0.0,1.68202,2.095,2.43662,13.6222,4.1472,21.0,546.0,21.0,1.0,2016,35.8322,8.4434,1850.0,2025-05-02 00:00:00
benmetir,بني مطيــر,0.022127,2,0.0432,43.6186,0.043092,24.8186,0.0864,13.1445,1.27743,27.9694,41.7197,40.4815,60.393,436.5,61.63,1.0,1954,36.7471,8.7419,103.0,2025-05-02 00:00:00
kasseb,كســاب,0.111842,3,0.0648,26.7187,0.223515,27.106,0.1296,15.579,0.913573,23.7841,42.1523,22.4489,76.9,292.04,81.875,1.0,1968,36.7614,9.0024,101.0,2025-05-02 00:00:00
barbara,بربرة,0.0612979,4,0.13176,60.9769,0.12545,52.1205,0.31212,42.3596,1.69462,68.6832,81.6625,58.4368,60.545,182.0,74.82,1.0,1998,36.7341,8.53173,177.0,2025-05-02 00:00:00
sidisalem,سيدي ســــالم,0.908,5,0.0432,169.505,1.816,85.7049,0.0864,76.9489,19.9305,120.895,365.942,226.499,580.348,115.0,814.0,1.0,1981,36.5907,9.3971,7950.0,2025-05-02 00:00:00
bouheurtma,بو هرتمـــــه,0.0865232,6,0.030705,54.0773,0.173435,44.7883,0.060994,37.6122,2.78374,49.0201,77.7826,67.9774,145.037,221.0,150.5,1.0,1976,36.6719,8.78758,390.0,2025-05-02 00:00:00
joumine,جوميــــــن,0.0884659,7,0.102985,25.9761,0.153853,33.8735,0.20835,20.0188,1.85273,29.105,73.5884,31.2016,118.773,90.0,129.9,1.0,1983,36.9909,9.6137,418.0,2025-05-02 00:00:00
ghezala,غزالـــــــة,0.00120371,8,0.0,2.15105,0.00120371,2.30492,0.0,0.056194,0.226176,2.85691,9.22078,2.62927,10.004,82.5,11.7,1.0,1984,37.0594,9.5458,48.0,2025-05-02 00:00:00
melah,المالح,0.00108648,33,0.0,10.272,0.0142635,9.59636,0.0,0.0,0.68,10.9308,24.7139,5.1562,41.0,136.0,41.0,1.0,2015,37.0761,9.4488,85.9,2025-05-02 00:00:00
tine,الطين,0.0033855,34,0.0,2.9995,0.0033855,2.86499,0.0,0.0,0.52,2.49426,16.7535,3.5962,34.0,136.0,34.0,1.0,2017,36.864,9.6287,276.0,2025-05-02 00:00:00
sejnane,سجنــــــان,0.113799,9,0.834133,61.1686,0.182691,65.6264,1.66211,144.389,0.61677,49.4684,117.352,44.0,132.59,86.5,137.5,1.0,1994,37.181,9.4751,367.0,2025-05-02 00:00:00
zarga,الزرقـة,0.00259444,10,0.07,23.986,0.00259444,20.8083,0.13912,1.86388,0.64,18.1824,21.4013,20.548,24.256,93.0,24.0,1.0,2012,36.8824,8.6992,60.0,2025-05-02 00:00:00
kebir,الكبيــر,0.0405678,31,0.0,43.808,0.082006,28.7641,0.0,11.5034,3.33512,19.8079,36.3752,28.64,64.4,85.0,64.4,1.0,2014,36.8802,8.7211,85.2,2025-05-02 00:00:00
moula,المولى,0.00371731,32,0.0,19.976,0.0189036,20.2882,0.0,8.08648,1.49326,11.2683,30.3436,19.736,26.337,110.0,26.3,1.0,2013,36.9347,8.845,58.0,2025-05-02 00:00:00
selbarrak,سيدي البــــراق,0.0,11,0.662,203.197,0.0,204.511,1.366,112.348,3.70243,127.219,290.601,129.173,286.514,27.0,286.514,1.0,1999,37.0244,8.93652,865.0,2025-05-02 00:00:00
ziatine,الزياتيـن,0.0,12,0.040517,16.5664,0.00108856,14.5452,0.081182,6.44915,0.9,9.87742,28.2581,13.4693,33.3,37.0,33.0,1.0,2012,37.1856,9.2011,95.0,2025-05-02 00:00:00
gamgoum,القمقـوم,0.00397278,13,0.0,9.23553,0.00397278,4.44947,0.0,3.972,0.035559,3.08268,7.93077,13.2513,18.3,48.0,18.3,1.0,2012,37.1989,9.2679,35.5,2025-05-02 00:00:00
harka,الحركـة,0.00728819,35,0.0,13.3173,0.0145764,7.00188,0.0,0.0,0.88,5.26433,23.3368,9.0143,30.3,38.4,30.3,1.0,2016,37.222,9.4024,77.0,2025-05-02 00:00:00
siliana,سليانـــــــة,0.0119939,14,0.0,11.3188,0.0229449,8.62467,0.0,0.2313,2.01139,4.40192,32.3819,6.37273,30.986,388.5,70.0,1.0,1987,36.1571,9.3521,1040.0,2025-05-02 00:00:00
lakhmess,لخمـــــــاس,0.00188609,15,4e-05,2.13683,0.00902762,1.33478,8e-05,0.015854,1.00958,0.640838,10.978,1.47686,7.22,517.06,8.22,1.0,1966,35.9994,9.4752,127.0,2025-05-02 00:00:00
rmil,الرميـــــــل,0.00157147,16,0.0,0.7644,0.0030063,0.763722,0.0,0.0,0.174369,0.425431,9.78864,0.5743,2.0,285.0,4.0,1.0,2002,36.3023,9.5019,232.0,2025-05-02 00:00:00
birmcherga,بئر المشارقـــة,0.0467626,17,0.0012,10.9156,0.187523,8.11406,0.0024,0.49832,1.17327,6.76801,24.5483,11.612,41.599,122.5,52.9,1.0,1971,36.5119,10.0102,1263.0,2025-05-02 00:00:00
rmel,الرمــــــل,0.0,18,0.01075,20.8238,0.0,26.9176,0.0215,1.84321,0.16702,6.19543,15.5744,2.684,23.825,43.0,22.0,1.0,1998,36.3308,10.3584,675.0,2025-05-02 00:00:00
nebhana,نبهانــــــة,0.0091029,19,0.00713,6.04275,0.0225155,5.76844,0.01709,0.547563,1.36161,1.47528,20.3103,2.51369,64.61,230.0,86.5,1.0,1965,36.06,9.8724,855.0,2025-05-02 00:00:00
sidisaad,سيدي سعـــد,0.14748,20,0.0,22.9802,0.15775,6.26801,0.0,0.066108,4.36556,3.65241,37.8941,26.3472,133.317,270.0,209.0,1.0,1981,35.3902,9.6948,8950.0,2025-05-02 00:00:00
elhaouareb,هـــــــوارب,0.0,21,0.0,1.19824,0.0,7.54675,0.0,0.028406,0.818174,0.198475,13.4682,0.00576132,77.47,217.0,0.0,1.0,1989,35.5727,9.7468,1120.0,2025-05-02 00:00:00
sficifa,سفيسيفة,0.0,22,0.0,1.94701,0.0,0.921995,0.0,0.0,0.220226,0.410117,1.19925,1.71246,7.71,677.8,4.24,1.0,2005,35.3413,9.0705,173.65,2025-05-02 00:00:00
sidiach,سيدي يعيــــش,0.0,23,0.0,0.0,0.0,0.407372,0.0,0.022,0.262516,0.337151,1.49589,1.337,88.0,541.0,88.0,1.0,1997,34.7468,8.7476,1900.0,2025-05-02 00:00:00
elbrek,البــــــــرك,0.00143555,24,0.0,0.08,0.0227955,1.3949,0.0,0.02,0.0006324,0.180988,2.02683,0.06,14.6,849.0,16.0,1.0,2002,35.4705,8.9677,293.0,2025-05-02 00:00:00
bezirk,بزيـــــــغ,0.0,25,0.0,2.8388,0.0,3.2619,0.0,0.042,0.266449,0.216763,4.71274,0.17118,5.01,54.62,6.5,1.0,1959,36.7195,10.6272,86.0,2025-05-02 00:00:00
chiba,شيبـــــــة,0.00200795,26,0.0,0.967135,0.0040159,1.19623,0.0,0.050184,0.191438,0.000403042,6.38623,0.000475792,3.79,77.88,7.8,1.0,1963,36.6973,10.772,64.0,2025-05-02 00:00:00
masri,مصــــــري,0.0,27,0.01,2.84997,0.00269881,3.76225,0.04,5.3417,0.285983,1.28855,4.30315,2.99624,5.068,163.0,6.9,1.0,1968,36.534,10.4911,53.0,2025-05-02 00:00:00
lebna,لبنــــــــة,0.0064838,28,0.0,4.61328,0.0064838,5.6946,0.0,0.0,0.13729,0.498286,17.735,0.59821,25.46,18.04,30.1,1.0,1986,36.7388,10.9218,199.0,2025-05-02 00:00:00
hma,الحمـــــى,0.0,29,0.0,3.5469,0.0,4.08713,0.0,0.03504,0.0291232,0.761651,4.38093,0.255912,12.854,102.4,12.1,1.0,2002,36.5874,10.304,123.0,2025-05-02 00:00:00
abid,العبيـــــــد,0.00370293,30,0.0,4.11317,0.00370293,4.02881,0.0,0.0132,0.0146496,0.288429,5.21405,0.775069,9.615,42.2,10.0,1.0,2002,36.8308,10.7086,54.0,2025-05-02 00:00:00
mellegue,مـــــلاق,0.0,1,4.34,20.8416,0.0,79.3466,4.34,70.1794,17.3775,8.37101,135.627,8.73379,51.13,265.0,267.67,1.0,1954,36.3144,8.70273,10300.0,2025-05-01 00:00:00
sarrat,سراط,0.107273,36,0.0,9.32671,0.107273,9.98487,0.0,1.68202,2.095,2.43662,13.5546,4.18285,21.0,546.0,21.0,1.0,2016,35.8322,8.4434,1850.0,2025-05-01 00:00:00
benmetir,بني مطيــر,0.020965,2,0.0432,43.6446,0.020965,24.7965,0.0432,13.1013,1.27743,27.9643,41.6785,40.5129,60.393,436.5,61.63,1.0,1954,36.7471,8.7419,103.0,2025-05-01 00:00:00
kasseb,كســاب,0.111674,3,0.0648,26.6744,0.111674,26.9941,0.0648,15.5142,0.913573,23.7702,42.1228,22.4489,76.9,292.04,81.875,1.0,1968,36.7614,9.0024,101.0,2025-05-01 00:00:00
barbara,بربرة,0.0641519,4,0.18036,61.0633,0.0641519,52.0592,0.18036,42.2278,1.69462,68.6201,81.6078,58.4758,60.545,182.0,74.82,1.0,1998,36.7341,8.53173,177.0,2025-05-01 00:00:00
sidisalem,سيدي ســــالم,0.908,5,0.0432,167.178,0.908,84.7969,0.0432,76.9057,19.9305,120.895,365.299,227.037,580.348,115.0,814.0,1.0,1981,36.5907,9.3971,7950.0,2025-05-01 00:00:00
bouheurtma,بو هرتمـــــه,0.0869116,6,0.030289,54.0239,0.0869116,44.7018,0.030289,37.5815,2.78374,49.0201,77.6928,68.0371,145.037,221.0,150.5,1.0,1976,36.6719,8.78758,390.0,2025-05-01 00:00:00
joumine,جوميــــــن,0.0653875,7,0.105365,26.0022,0.0653875,33.785,0.105365,19.9158,1.85273,29.084,73.5287,31.2309,118.773,90.0,129.9,1.0,1983,36.9909,9.6137,418.0,2025-05-01 00:00:00
ghezala,غزالـــــــة,0.0,8,0.0,2.15105,0.0,2.30372,0.0,0.056194,0.226176,2.84419,9.21348,2.6465,10.004,82.5,11.7,1.0,1984,37.0594,9.5458,48.0,2025-05-01 00:00:00
melah,المالح,0.013177,33,0.0,10.272,0.013177,9.59528,0.0,0.0,0.68,10.9164,24.6919,5.2066,41.0,136.0,41.0,1.0,2015,37.0761,9.4488,85.9,2025-05-01 00:00:00
tine,الطين,0.0,34,0.0,2.9995,0.0,2.86161,0.0,0.0,0.52,2.48721,16.7368,3.5962,34.0,136.0,34.0,1.0,2017,36.864,9.6287,276.0,2025-05-01 00:00:00
sejnane,سجنــــــان,0.068892,9,0.827973,61.3117,0.068892,65.5126,0.827973,143.555,0.61677,49.4384,117.332,43.8798,132.59,86.5,137.5,1.0,1994,37.181,9.4751,367.0,2025-05-01 00:00:00
zarga,الزرقـة,0.0,10,0.06912,24.058,0.0,20.8057,0.06912,1.79388,0.64,18.1824,21.3806,20.674,24.256,93.0,24.0,1.0,2012,36.8824,8.6992,60.0,2025-05-01 00:00:00
kebir,الكبيــر,0.0414383,31,0.0,43.7048,0.0414383,28.7236,0.0,11.5034,3.33512,19.7829,36.2676,28.62,64.4,85.0,64.4,1.0,2014,36.8802,8.7211,85.2,2025-05-01 00:00:00
moula,المولى,0.0151863,32,0.0,19.976,0.0151863,20.2845,0.0,8.08648,1.49326,11.1763,30.2954,19.7,26.337,110.0,26.3,1.0,2013,36.9347,8.845,58.0,2025-05-01 00:00:00
selbarrak,سيدي البــــراق,0.0,11,0.704,203.894,0.0,204.511,0.704,111.686,3.70243,127.068,290.482,129.364,286.514,27.0,286.514,1.0,1999,37.0244,8.93652,865.0,2025-05-01 00:00:00
ziatine,الزياتيـن,0.00108856,12,0.040665,16.6396,0.00108856,14.5452,0.040665,6.40864,0.9,9.86321,28.229,13.4966,33.3,37.0,33.0,1.0,2012,37.1856,9.2011,95.0,2025-05-01 00:00:00
gamgoum,القمقـوم,0.0,13,0.0,9.23553,0.0,4.4455,0.0,3.972,0.035559,3.07963,7.92963,13.2853,18.3,48.0,18.3,1.0,2012,37.1989,9.2679,35.5,2025-05-01 00:00:00
harka,الحركـة,0.00728819,35,0.0,13.3173,0.00728819,6.99459,0.0,0.0,0.88,5.26433,23.3084,9.0363,30.3,38.4,30.3,1.0,2016,37.222,9.4024,77.0,2025-05-01 00:00:00
siliana,سليانـــــــة,0.010951,14,0.0,11.3188,0.010951,8.61268,0.0,0.2313,2.01139,4.39077,32.3171,6.37273,30.986,388.5,70.0,1.0,1987,36.1571,9.3521,1040.0,2025-05-01 00:00:00
lakhmess,لخمـــــــاس,0.00714153,15,4e-05,2.13683,0.00714153,1.33289,4e-05,0.015814,1.00958,0.639182,10.9454,1.47686,7.22,517.06,8.22,1.0,1966,35.9994,9.4752,127.0,2025-05-01 00:00:00
rmil,الرميـــــــل,0.00143483,16,0.0,0.7644,0.00143483,0.762151,0.0,0.0,0.174369,0.425431,9.78302,0.5782,2.0,285.0,4.0,1.0,2002,36.3023,9.5019,232.0,2025-05-01 00:00:00
birmcherga,بئر المشارقـــة,0.140761,17,0.0012,10.8808,0.140761,8.0673,0.0012,0.49712,1.17327,6.75351,24.5104,11.612,41.599,122.5,52.9,1.0,1971,36.5119,10.0102,1263.0,2025-05-01 00:00:00
rmel,الرمــــــل,0.0,18,0.01075,20.8772,0.0,26.9176,0.01075,1.83246,0.16702,6.18151,15.5691,2.684,23.825,43.0,22.0,1.0,1998,36.3308,10.3584,675.0,2025-05-01 00:00:00
nebhana,نبهانــــــة,0.0134126,19,0.00996,6.04275,0.0134126,5.75934,0.00996,0.540433,1.36161,1.47153,20.2664,2.51369,64.61,230.0,86.5,1.0,1965,36.06,9.8724,855.0,2025-05-01 00:00:00
sidisaad,سيدي سعـــد,0.0102704,20,0.0,22.8436,0.0102704,6.12053,0.0,0.066108,4.36556,3.63661,37.7533,26.3472,133.317,270.0,209.0,1.0,1981,35.3902,9.6948,8950.0,2025-05-01 00:00:00
elhaouareb,هـــــــوارب,0.0,21,0.0,1.26088,0.0,7.54675,0.0,0.028406,0.818174,0.198321,13.4418,0.00576132,77.47,217.0,0.0,1.0,1989,35.5727,9.7468,1120.0,2025-05-01 00:00:00
sficifa,سفيسيفة,0.0,22,0.0,1.95046,0.0,0.921995,0.0,0.0,0.220226,0.409592,1.19214,1.71246,7.71,677.8,4.24,1.0,2005,35.3413,9.0705,173.65,2025-05-01 00:00:00
sidiach,سيدي يعيــــش,0.0,23,0.0,0.0,0.0,0.407372,0.0,0.022,0.262516,0.335599,1.48742,1.337,88.0,541.0,88.0,1.0,1997,34.7468,8.7476,1900.0,2025-05-01 00:00:00
elbrek,البــــــــرك,0.00131868,24,0.0,0.06,0.00131868,1.37342,0.0,0.02,0.0006324,0.180256,2.02681,0.06,14.6,849.0,16.0,1.0,2002,35.4705,8.9677,293.0,2025-05-01 00:00:00
bezirk,بزيـــــــغ,0.0,25,0.0,2.8462,0.0,3.2619,0.0,0.042,0.266449,0.216608,4.70415,0.17118,5.01,54.62,6.5,1.0,1959,36.7195,10.6272,86.0,2025-05-01 00:00:00
chiba,شيبـــــــة,0.00200795,26,0.0,0.967135,0.00200795,1.19422,0.0,0.050184,0.191438,0.000400933,6.38006,0.000475792,3.79,77.88,7.8,1.0,1963,36.6973,10.772,64.0,2025-05-01 00:00:00
masri,مصــــــري,0.00269881,27,0.03,2.86196,0.00269881,3.76225,0.03,5.3317,0.285983,1.28799,4.29392,2.94589,5.068,163.0,6.9,1.0,1968,36.534,10.4911,53.0,2025-05-01 00:00:00
lebna,لبنــــــــة,0.0,28,0.0,4.61328,0.0,5.68812,0.0,0.0,0.13729,0.496165,17.7306,0.59821,25.46,18.04,30.1,1.0,1986,36.7388,10.9218,199.0,2025-05-01 00:00:00
hma,الحمـــــى,0.0,29,0.0,3.55575,0.0,4.08713,0.0,0.03504,0.0291232,0.761097,4.37999,0.255912,12.854,102.4,12.1,1.0,2002,36.5874,10.304,123.0,2025-05-01 00:00:00
abid,العبيـــــــد,0.0,30,0.0,4.11317,0.0,4.0251,0.0,0.0132,0.0146496,0.288429,5.21358,0.778025,9.615,42.2,10.0,1.0,2002,36.8308,10.7086,54.0,2025-05-01 00:00:00
mellegue,مـــــلاق,0.708282,1,4.34,25.2562,42.0387,79.3466,40.0847,65.8394,15.1831,8.30174,135.066,8.6706,51.13,265.0,267.67,1.0,1954,36.3144,8.70273,10300.0,2025-04-30 00:00:00
sarrat,سراط,0.314536,36,0.023158,9.2259,3.526,9.87759,0.911348,1.68202,1.382,2.42055,13.487,4.19176,21.0,546.0,21.0,1.0,2016,35.8322,8.4434,1850.0,2025-04-30 00:00:00
benmetir,بني مطيــر,0.0463043,2,0.0432,43.6705,3.31843,24.7755,1.296,13.0581,4.65287,27.9592,41.6373,40.5442,60.393,436.5,61.63,1.0,1954,36.7471,8.7419,103.0,2025-04-30 00:00:00
kasseb,كســاب,0.11167,3,0.0648,26.6302,4.60338,26.8825,1.944,15.4494,3.88401,23.7014,42.0933,22.3902,76.9,292.04,81.875,1.0,1968,36.7614,9.0024,101.0,2025-04-30 00:00:00
barbara,بربرة,0.164747,4,0.23772,61.1929,7.65866,51.9951,6.76399,42.0475,8.57463,68.5194,81.5532,58.4758,60.545,182.0,74.82,1.0,1998,36.7341,8.53173,177.0,2025-04-30 00:00:00
sidisalem,سيدي ســــالم,0.508,5,0.0432,163.466,17.4869,83.8889,1.28988,76.8625,45.272,120.076,364.656,227.037,580.348,115.0,814.0,1.0,1981,36.5907,9.3971,7950.0,2025-04-30 00:00:00
bouheurtma,بو هرتمـــــه,0.0862197,6,0.030001,53.9705,5.66025,44.6148,1.39286,37.5512,8.32129,49.0201,77.603,68.0967,145.037,221.0,150.5,1.0,1976,36.6719,8.78758,390.0,2025-04-30 00:00:00
joumine,جوميــــــن,0.0820736,7,0.098751,26.0546,3.35693,33.7196,2.99317,19.8105,6.67555,28.9502,73.4689,31.1428,118.773,90.0,129.9,1.0,1983,36.9909,9.6137,418.0,2025-04-30 00:00:00
ghezala,غزالـــــــة,0.0,8,0.0,2.15619,0.153141,2.30372,0.056194,0.056194,0.955746,2.82827,9.20619,2.66372,10.004,82.5,11.7,1.0,1984,37.0594,9.5458,48.0,2025-04-30 00:00:00
melah,المالح,0.0127236,33,0.0,10.26,0.802287,9.5821,0.0,0.0,1.57,10.9152,24.67,5.2714,41.0,136.0,41.0,1.0,2015,37.0761,9.4488,85.9,2025-04-30 00:00:00
tine,الطين,0.00305532,34,0.0,3.0112,0.117755,2.86161,0.0,0.0,1.39,2.48228,16.72,3.5962,34.0,136.0,34.0,1.0,2017,36.864,9.6287,276.0,2025-04-30 00:00:00
sejnane,سجنــــــان,0.19394,9,0.832523,61.4571,4.77936,65.4437,23.8469,142.727,6.74178,49.4384,117.312,43.7997,132.59,86.5,137.5,1.0,1994,37.181,9.4751,367.0,2025-04-30 00:00:00
zarga,الزرقـة,0.00179295,10,0.05184,24.148,2.37031,20.8057,1.40598,1.72476,2.08,18.1775,21.36,20.782,24.256,93.0,24.0,1.0,2012,36.8824,8.6992,60.0,2025-04-30 00:00:00
kebir,الكبيــر,0.0596273,31,0.0,43.6016,3.72961,28.6821,0.0,11.5034,0.804585,19.7593,36.1601,28.6,64.4,85.0,64.4,1.0,2014,36.8802,8.7211,85.2,2025-04-30 00:00:00
moula,المولى,0.026831,32,0.0,19.964,1.96329,20.2693,0.08159,8.08648,0.59641,11.118,30.2473,19.7,26.337,110.0,26.3,1.0,2013,36.9347,8.845,58.0,2025-04-30 00:00:00
selbarrak,سيدي البــــراق,0.204086,11,0.674,204.592,15.9551,204.511,18.7242,110.982,21.6344,126.753,290.362,129.364,286.514,27.0,286.514,1.0,1999,37.0244,8.93652,865.0,2025-04-30 00:00:00
ziatine,الزياتيـن,0.0,12,0.039265,16.6884,0.754652,14.5442,0.869677,6.36797,2.35,9.8392,28.2,13.5102,33.3,37.0,33.0,1.0,2012,37.1856,9.2011,95.0,2025-04-30 00:00:00
gamgoum,القمقـوم,0.00264996,13,0.0,9.24413,0.300406,4.4455,0.63,3.972,0.154951,3.05511,7.92848,13.2966,18.3,48.0,18.3,1.0,2012,37.1989,9.2679,35.5,2025-04-30 00:00:00
harka,الحركـة,0.0,35,0.0,13.3173,0.403195,6.9873,0.0,0.0,1.42,5.26073,23.28,9.0363,30.3,38.4,30.3,1.0,2016,37.222,9.4024,77.0,2025-04-30 00:00:00
siliana,سليانـــــــة,0.00938656,14,0.0,11.3188,2.85713,8.60173,0.0124,0.2313,3.07689,4.39077,32.2522,6.40136,30.986,388.5,70.0,1.0,1987,36.1571,9.3521,1040.0,2025-04-30 00:00:00
lakhmess,لخمـــــــاس,0.0014728,15,3.8e-05,2.13133,0.414437,1.32575,0.001209,0.015774,1.48475,0.628125,10.9129,1.46779,7.22,517.06,8.22,1.0,1966,35.9994,9.4752,127.0,2025-04-30 00:00:00
rmil,الرميـــــــل,0.00133234,16,0.0,0.7644,0.113966,0.760716,0.0,0.0,0.582374,0.424212,9.77739,0.5782,2.0,285.0,4.0,1.0,2002,36.3023,9.5019,232.0,2025-04-30 00:00:00
birmcherga,بئر المشارقـــة,0.0428824,17,0.0012,10.7517,0.93786,7.92654,0.036,0.49592,2.54987,6.60119,24.4726,11.4727,41.599,122.5,52.9,1.0,1971,36.5119,10.0102,1263.0,2025-04-30 00:00:00
rmel,الرمــــــل,0.0,18,0.01075,20.9839,0.552879,26.9176,0.32185,1.82171,1.02624,6.11369,15.5637,2.62958,23.825,43.0,22.0,1.0,1998,36.3308,10.3584,675.0,2025-04-30 00:00:00
nebhana,نبهانــــــة,0.0,19,0.0,6.04275,0.360318,5.74593,0.241276,0.530473,1.84899,1.47153,20.2225,2.52272,64.61,230.0,86.5,1.0,1965,36.06,9.8724,855.0,2025-04-30 00:00:00
sidisaad,سيدي سعـــد,0.00906214,20,0.0,22.8436,1.56483,6.11026,0.066108,0.066108,2.67582,3.60866,37.6124,26.3472,133.317,270.0,209.0,1.0,1981,35.3902,9.6948,8950.0,2025-04-30 00:00:00
elhaouareb,هـــــــوارب,0.0,21,0.0,1.30265,1.81857,7.54675,0.015985,0.028406,0.880421,0.198172,13.4154,0.00576132,77.47,217.0,0.0,1.0,1989,35.5727,9.7468,1120.0,2025-04-30 00:00:00
sficifa,سفيسيفة,0.000815686,22,0.0,1.95391,0.303545,0.921995,0.0,0.0,0.0109432,0.409243,1.18504,1.71246,7.71,677.8,4.24,1.0,2005,35.3413,9.0705,173.65,2025-04-30 00:00:00
sidiach,سيدي يعيــــش,0.0,23,0.0,0.0,0.0280088,0.407372,0.0,0.022,0.0245687,0.334305,1.47895,1.337,88.0,541.0,88.0,1.0,1997,34.7468,8.7476,1900.0,2025-04-30 00:00:00
elbrek,البــــــــرك,0.0009768,24,0.0,0.06,0.0375121,1.3721,0.0,0.02,0.00478571,0.179645,2.02679,0.06,14.6,849.0,16.0,1.0,2002,35.4705,8.9677,293.0,2025-04-30 00:00:00
bezirk,بزيـــــــغ,0.0013099,25,0.0,2.8536,0.0192281,3.2619,0.0,0.042,0.385796,0.216531,4.69555,0.17118,5.01,54.62,6.5,1.0,1959,36.7195,10.6272,86.0,2025-04-30 00:00:00
chiba,شيبـــــــة,0.0,26,0.0,0.967135,0.0298555,1.19221,0.0,0.050184,0.40619,0.000400068,6.37388,0.000475792,3.79,77.88,7.8,1.0,1963,36.6973,10.772,64.0,2025-04-30 00:00:00
masri,مصــــــري,0.00379388,27,0.02,2.89194,0.0730732,3.75955,1.58,5.3017,0.285983,1.26582,4.2847,2.87395,5.068,163.0,6.9,1.0,1968,36.534,10.4911,53.0,2025-04-30 00:00:00
lebna,لبنــــــــة,0.00696571,28,0.0,4.63418,0.162442,5.68812,0.0,0.0,0.762047,0.494831,17.7262,0.59821,25.46,18.04,30.1,1.0,1986,36.7388,10.9218,199.0,2025-04-30 00:00:00
hma,الحمـــــى,0.00283824,29,0.0,3.57345,0.0489987,4.08713,0.0,0.03504,0.060987,0.760709,4.37905,0.255912,12.854,102.4,12.1,1.0,2002,36.5874,10.304,123.0,2025-04-30 00:00:00
abid,العبيـــــــد,0.00274602,30,0.0,4.12078,0.0452548,4.0251,0.0,0.0132,0.221428,0.288091,5.21311,0.778025,9.615,42.2,10.0,1.0,2002,36.8308,10.7086,54.0,2025-04-30 00:00:00
mellegue,مـــــلاق,3.85394,1,2.0,28.8877,41.3304,78.6383,35.7447,61.4994,15.1831,8.29268,134.56,8.6706,51.13,265.0,267.67,1.0,1954,36.3144,8.70273,10300.0,2025-04-29 00:00:00
sarrat,سراط,0.00922112,36,0.021674,8.94029,3.21146,9.56306,0.88819,1.65886,1.382,2.39973,13.4409,4.24524,21.0,546.0,21.0,1.0,2016,35.8322,8.4434,1850.0,2025-04-29 00:00:00
benmetir,بني مطيــر,0.0453342,2,0.0432,43.6705,3.27212,24.7292,1.2528,13.0149,4.65287,27.9372,41.4822,40.5599,60.393,436.5,61.63,1.0,1954,36.7471,8.7419,103.0,2025-04-29 00:00:00
kasseb,كســاب,0.133459,3,0.0648,26.586,4.49171,26.7708,1.8792,15.3846,3.88401,23.6873,41.9639,22.3902,76.9,292.04,81.875,1.0,1968,36.7614,9.0024,101.0,2025-04-29 00:00:00
barbara,بربرة,0.135196,4,0.2538,61.2793,7.49391,51.8303,6.52627,41.8097,8.57463,68.4572,81.2673,58.5172,60.545,182.0,74.82,1.0,1998,36.7341,8.53173,177.0,2025-04-29 00:00:00
sidisalem,سيدي ســــالم,1.108,5,0.0432,158.827,16.9789,83.3809,1.24668,76.8193,45.272,120.022,363.147,227.843,580.348,115.0,814.0,1.0,1981,36.5907,9.3971,7950.0,2025-04-29 00:00:00
bouheurtma,بو هرتمـــــه,0.139071,6,0.03066,53.9171,5.57403,44.5286,1.36286,37.5212,8.32129,49.0201,77.3256,68.3952,145.037,221.0,150.5,1.0,1976,36.6719,8.78758,390.0,2025-04-29 00:00:00
joumine,جوميــــــن,0.0545023,7,0.102103,26.0808,3.27486,33.6376,2.89442,19.7117,6.67555,28.9083,73.2464,31.1428,118.773,90.0,129.9,1.0,1983,36.9909,9.6137,418.0,2025-04-29 00:00:00
ghezala,غزالـــــــة,0.0,8,0.0,2.16133,0.153141,2.30372,0.056194,0.056194,0.955746,2.82005,9.17433,2.69243,10.004,82.5,11.7,1.0,1984,37.0594,9.5458,48.0,2025-04-29 00:00:00
melah,المالح,0.0245422,33,0.0,10.248,0.789563,9.56938,0.0,0.0,1.57,10.9152,24.6177,5.3434,41.0,136.0,41.0,1.0,2015,37.0761,9.4488,85.9,2025-04-29 00:00:00
tine,الطين,0.0,34,0.0,3.0112,0.114699,2.85855,0.0,0.0,1.39,2.48228,16.6737,3.6079,34.0,136.0,34.0,1.0,2017,36.864,9.6287,276.0,2025-04-29 00:00:00
sejnane,سجنــــــان,0.171894,9,0.831863,61.5059,4.58542,65.2498,23.0144,141.895,6.74178,49.3178,117.087,43.7997,132.59,86.5,137.5,1.0,1994,37.181,9.4751,367.0,2025-04-29 00:00:00
zarga,الزرقـة,0.0,10,0.0504,24.202,2.36852,20.804,1.35414,1.67292,2.08,18.1775,21.2907,20.89,24.256,93.0,24.0,1.0,2012,36.8824,8.6992,60.0,2025-04-29 00:00:00
kebir,الكبيــر,0.0592218,31,0.0,43.4984,3.66999,28.6225,0.0,11.5034,0.804585,19.7535,36.1332,28.6,64.4,85.0,64.4,1.0,2014,36.8802,8.7211,85.2,2025-04-29 00:00:00
moula,المولى,0.0506518,32,0.0,19.94,1.93645,20.2424,0.08159,8.08648,0.59641,11.118,30.2274,19.76,26.337,110.0,26.3,1.0,2013,36.9347,8.845,58.0,2025-04-29 00:00:00
selbarrak,سيدي البــــراق,0.573625,11,0.586,205.057,15.751,204.307,18.0502,110.308,21.6344,126.753,289.641,129.555,286.514,27.0,286.514,1.0,1999,37.0244,8.93652,865.0,2025-04-29 00:00:00
ziatine,الزياتيـن,0.0,12,0.040787,16.7372,0.754652,14.5442,0.830412,6.3287,2.35,9.81719,28.1217,13.5375,33.3,37.0,33.0,1.0,2012,37.1856,9.2011,95.0,2025-04-29 00:00:00
gamgoum,القمقـوم,0.00198747,13,0.0,9.24413,0.297756,4.44285,0.63,3.972,0.154951,3.05511,7.92332,13.3531,18.3,48.0,18.3,1.0,2012,37.1989,9.2679,35.5,2025-04-29 00:00:00
harka,الحركـة,0.00729848,35,0.0,13.3472,0.403195,6.9873,0.0,0.0,1.42,5.25246,23.2327,9.0363,30.3,38.4,30.3,1.0,2016,37.222,9.4024,77.0,2025-04-29 00:00:00
siliana,سليانـــــــة,0.0210043,14,0.0124,11.3188,2.84774,8.59234,0.0124,0.2313,3.07689,4.37763,32.1496,6.40136,30.986,388.5,70.0,1.0,1987,36.1571,9.3521,1040.0,2025-04-29 00:00:00
lakhmess,لخمـــــــاس,0.00677041,15,3.9e-05,2.13133,0.412964,1.32428,0.001171,0.015736,1.48475,0.6262,10.8634,1.46779,7.22,517.06,8.22,1.0,1966,35.9994,9.4752,127.0,2025-04-29 00:00:00
rmil,الرميـــــــل,0.00116153,16,0.0,0.7644,0.112634,0.759384,0.0,0.0,0.582374,0.422222,9.75798,0.5782,2.0,285.0,4.0,1.0,2002,36.3023,9.5019,232.0,2025-04-29 00:00:00
birmcherga,بئر المشارقـــة,0.268266,17,0.0012,10.7195,0.894978,7.88366,0.0348,0.49472,2.54987,6.60119,24.3876,11.5076,41.599,122.5,52.9,1.0,1971,36.5119,10.0102,1263.0,2025-04-29 00:00:00
rmel,الرمــــــل,0.0,18,0.0101,21.0372,0.552879,26.9176,0.3111,1.81096,1.02624,6.10044,15.5295,2.62958,23.825,43.0,22.0,1.0,1998,36.3308,10.3584,675.0,2025-04-29 00:00:00
nebhana,نبهانــــــة,0.00773876,19,0.00527,6.05891,0.360318,5.74593,0.241276,0.530473,1.84899,1.46858,20.1608,2.52272,64.61,230.0,86.5,1.0,1965,36.06,9.8724,855.0,2025-04-29 00:00:00
sidisaad,سيدي سعـــد,0.0761467,20,0.0,22.8436,1.55576,6.1012,0.066108,0.066108,2.67582,3.60866,37.5233,26.4184,133.317,270.0,209.0,1.0,1981,35.3902,9.6948,8950.0,2025-04-29 00:00:00
elhaouareb,هـــــــوارب,0.274986,21,0.0,1.34441,1.81857,7.54675,0.015985,0.028406,0.880421,0.198027,13.3861,0.00576132,77.47,217.0,0.0,1.0,1989,35.5727,9.7468,1120.0,2025-04-29 00:00:00
sficifa,سفيسيفة,0.0,22,0.0,1.95391,0.302729,0.921179,0.0,0.0,0.0109432,0.408631,1.18467,1.71246,7.71,677.8,4.24,1.0,2005,35.3413,9.0705,173.65,2025-04-29 00:00:00
sidiach,سيدي يعيــــش,0.0,23,0.0,0.0,0.0280088,0.407372,0.0,0.022,0.0245687,0.332752,1.47813,1.337,88.0,541.0,88.0,1.0,1997,34.7468,8.7476,1900.0,2025-04-29 00:00:00
elbrek,البــــــــرك,0.0010989,24,0.0,0.06,0.0365353,1.37113,0.0,0.02,0.00478571,0.178913,2.02663,0.06,14.6,849.0,16.0,1.0,2002,35.4705,8.9677,293.0,2025-04-29 00:00:00
bezirk,بزيـــــــغ,0.0,25,0.0,2.8536,0.0179182,3.26059,0.0,0.042,0.385796,0.216297,4.68269,0.17118,5.01,54.62,6.5,1.0,1959,36.7195,10.6272,86.0,2025-04-29 00:00:00
chiba,شيبـــــــة,0.00159464,26,0.0,0.979467,0.0298555,1.19221,0.0,0.050184,0.40619,0.0003985,6.36034,0.000475792,3.79,77.88,7.8,1.0,1963,36.6973,10.772,64.0,2025-04-29 00:00:00
masri,مصــــــري,0.00199183,27,0.03,2.90992,0.0692793,3.75576,1.56,5.2817,0.400928,1.25947,4.27133,2.83798,5.068,163.0,6.9,1.0,1968,36.534,10.4911,53.0,2025-04-29 00:00:00
lebna,لبنــــــــة,0.0,28,0.0,4.63418,0.155476,5.68115,0.0,0.0,0.762047,0.492892,17.7008,0.59821,25.46,18.04,30.1,1.0,1986,36.7388,10.9218,199.0,2025-04-29 00:00:00
hma,الحمـــــى,0.0,29,0.0,3.57345,0.0461605,4.08429,0.0,0.03504,0.060987,0.760709,4.37702,0.259612,12.854,102.4,12.1,1.0,2002,36.5874,10.304,123.0,2025-04-29 00:00:00
abid,العبيـــــــد,0.0,30,0.0,4.12078,0.0425088,4.02236,0.0,0.0132,0.221428,0.287381,5.20573,0.778025,9.615,42.2,10.0,1.0,2002,36.8308,10.7086,54.0,2025-04-29 00:00:00
mellegue,مـــــلاق,8.34034,1,0.02,27.0413,37.4765,74.7843,33.7447,59.4994,15.1831,8.23847,134.054,8.62848,51.13,265.0,267.67,1.0,1954,36.3144,8.70273,10300.0,2025-04-28 00:00:00
sarrat,سراط,0.308642,36,0.0,8.95709,3.20224,9.55384,0.866516,1.63719,1.382,2.39043,13.3949,4.29872,21.0,546.0,21.0,1.0,2016,35.8322,8.4434,1850.0,2025-04-28 00:00:00
benmetir,بني مطيــر,0.0710602,2,0.0432,43.6705,3.22679,24.6839,1.2096,12.9717,4.65287,27.9372,41.3271,40.607,60.393,436.5,61.63,1.0,1954,36.7471,8.7419,103.0,2025-04-28 00:00:00
kasseb,كســاب,0.348559,3,0.0648,26.5196,4.35826,26.6373,1.8144,15.3198,3.88401,23.6726,41.8344,22.3902,76.9,292.04,81.875,1.0,1968,36.7614,9.0024,101.0,2025-04-28 00:00:00
barbara,بربرة,0.555437,4,0.24336,61.409,7.35871,51.6951,6.27247,41.5559,8.57463,68.4307,80.9815,58.6,60.545,182.0,74.82,1.0,1998,36.7341,8.53173,177.0,2025-04-28 00:00:00
sidisalem,سيدي ســــالم,1.108,5,0.0432,154.059,15.8709,82.2729,1.20348,76.7761,45.272,120.022,361.638,228.919,580.348,115.0,814.0,1.0,1981,36.5907,9.3971,7950.0,2025-04-28 00:00:00
bouheurtma,بو هرتمـــــه,0.138338,6,0.030331,53.8103,5.43496,44.3896,1.3322,37.4905,8.32129,49.0201,77.0482,68.6339,145.037,221.0,150.5,1.0,1976,36.6719,8.78758,390.0,2025-04-28 00:00:00
joumine,جوميــــــن,0.0502977,7,0.099816,26.1331,3.22035,33.5831,2.79232,19.6096,6.67555,28.8235,73.0238,31.1134,118.773,90.0,129.9,1.0,1983,36.9909,9.6137,418.0,2025-04-28 00:00:00
ghezala,غزالـــــــة,0.00185545,8,0.00594,2.16647,0.153141,2.30372,0.056194,0.056194,0.955746,2.80699,9.14247,2.72114,10.004,82.5,11.7,1.0,1984,37.0594,9.5458,48.0,2025-04-28 00:00:00
melah,المالح,0.0360902,33,0.0,10.224,0.765021,9.54483,0.0,0.0,1.57,10.9111,24.5653,5.4082,41.0,136.0,41.0,1.0,2015,37.0761,9.4488,85.9,2025-04-28 00:00:00
tine,الطين,0.00204246,34,0.0,3.0229,0.114699,2.85855,0.0,0.0,1.39,2.47521,16.6273,3.6079,34.0,136.0,34.0,1.0,2017,36.864,9.6287,276.0,2025-04-28 00:00:00
sejnane,سجنــــــان,0.412856,9,0.835403,61.6524,4.41352,65.0779,22.1825,141.063,6.74178,49.3178,116.862,43.6437,132.59,86.5,137.5,1.0,1994,37.181,9.4751,367.0,2025-04-28 00:00:00
zarga,الزرقـة,0.0191067,10,0.033408,24.256,2.36852,20.804,1.30374,1.62252,2.08,18.1775,21.2213,21.016,24.256,93.0,24.0,1.0,2012,36.8824,8.6992,60.0,2025-04-28 00:00:00
kebir,الكبيــر,0.0816649,31,0.0,43.3952,3.61076,28.5633,0.0,11.5034,0.804585,19.7463,36.1064,28.6,64.4,85.0,64.4,1.0,2014,36.8802,8.7211,85.2,2025-04-28 00:00:00
moula,المولى,0.0391768,32,0.0,19.892,1.8858,20.1918,0.08159,8.08648,0.59641,11.1117,30.2075,19.82,26.337,110.0,26.3,1.0,2013,36.9347,8.845,58.0,2025-04-28 00:00:00
selbarrak,سيدي البــــراق,0.71234,11,0.699,205.057,15.1774,203.734,17.4642,109.722,21.6344,126.663,288.92,129.936,286.514,27.0,286.514,1.0,1999,37.0244,8.93652,865.0,2025-04-28 00:00:00
ziatine,الزياتيـن,0.0,12,0.040368,16.786,0.754652,14.5442,0.789625,6.28792,2.35,9.78839,28.0433,13.5647,33.3,37.0,33.0,1.0,2012,37.1856,9.2011,95.0,2025-04-28 00:00:00
gamgoum,القمقـوم,0.00132498,13,0.0,9.24413,0.295769,4.44086,0.63,3.972,0.154951,3.05511,7.91815,13.4097,18.3,48.0,18.3,1.0,2012,37.1989,9.2679,35.5,2025-04-28 00:00:00
harka,الحركـة,0.00608207,35,0.0,13.3472,0.395897,6.98,0.0,0.0,1.42,5.25246,23.1853,9.0583,30.3,38.4,30.3,1.0,2016,37.222,9.4024,77.0,2025-04-28 00:00:00
siliana,سليانـــــــة,0.176395,14,0.0,11.3188,2.82673,8.57134,0.0,0.2189,3.07689,4.36559,32.047,6.40136,30.986,388.5,70.0,1.0,1987,36.1571,9.3521,1040.0,2025-04-28 00:00:00
lakhmess,لخمـــــــاس,0.0282423,15,3.8e-05,2.12583,0.406194,1.31751,0.001132,0.015697,1.48475,0.624282,10.8139,1.46779,7.22,517.06,8.22,1.0,1966,35.9994,9.4752,127.0,2025-04-28 00:00:00
rmil,الرميـــــــل,0.0377075,16,0.0,0.7644,0.111472,0.758222,0.0,0.0,0.582374,0.422222,9.73857,0.5821,2.0,285.0,4.0,1.0,2002,36.3023,9.5019,232.0,2025-04-28 00:00:00
birmcherga,بئر المشارقـــة,0.13712,17,0.0012,10.4613,0.626712,7.61539,0.0336,0.49352,2.54987,6.60119,24.3026,11.5424,41.599,122.5,52.9,1.0,1971,36.5119,10.0102,1263.0,2025-04-28 00:00:00
rmel,الرمــــــل,0.0,18,0.01075,21.0906,0.552879,26.9176,0.301,1.80086,1.02624,6.10044,15.4953,2.64772,23.825,43.0,22.0,1.0,1998,36.3308,10.3584,675.0,2025-04-28 00:00:00
nebhana,نبهانــــــة,0.000987506,19,0.0,6.05891,0.352579,5.73819,0.236006,0.525203,1.84899,1.46429,20.0992,2.52272,64.61,230.0,86.5,1.0,1965,36.06,9.8724,855.0,2025-04-28 00:00:00
sidisaad,سيدي سعـــد,0.142622,20,0.0,22.7753,1.47962,6.02505,0.066108,0.066108,2.67582,3.59222,37.4341,26.4184,133.317,270.0,209.0,1.0,1981,35.3902,9.6948,8950.0,2025-04-28 00:00:00
elhaouareb,هـــــــوارب,0.212043,21,0.0,1.07295,1.54359,7.27177,0.015985,0.028406,0.880421,0.197893,13.3567,0.00576132,77.47,217.0,0.0,1.0,1989,35.5727,9.7468,1120.0,2025-04-28 00:00:00
sficifa,سفيسيفة,0.0,22,0.0,1.95736,0.302729,0.921179,0.0,0.0,0.0109432,0.408194,1.18431,1.71246,7.71,677.8,4.24,1.0,2005,35.3413,9.0705,173.65,2025-04-28 00:00:00
sidiach,سيدي يعيــــش,0.0,23,0.0,0.0,0.0280088,0.407372,0.0,0.022,0.0245687,0.331459,1.47731,1.337,88.0,541.0,88.0,1.0,1997,34.7468,8.7476,1900.0,2025-04-28 00:00:00
elbrek,البــــــــرك,0.0,24,0.0,0.06,0.0354364,1.37003,0.0,0.02,0.00478571,0.178302,2.02647,0.06,14.6,849.0,16.0,1.0,2002,35.4705,8.9677,293.0,2025-04-28 00:00:00
bezirk,بزيـــــــغ,0.000655818,25,0.0,2.861,0.0179182,3.26059,0.0,0.042,0.385796,0.216297,4.66983,0.17304,5.01,54.62,6.5,1.0,1959,36.7195,10.6272,86.0,2025-04-28 00:00:00
chiba,شيبـــــــة,0.00112563,26,0.0,0.979467,0.0282609,1.19062,0.0,0.050184,0.40619,0.000396769,6.3468,0.000475792,3.79,77.88,7.8,1.0,1963,36.6973,10.772,64.0,2025-04-28 00:00:00
masri,مصــــــري,0.00581787,27,0.06,2.9399,0.0672874,3.75377,1.53,5.2517,0.400928,1.25947,4.25797,2.80801,5.068,163.0,6.9,1.0,1968,36.534,10.4911,53.0,2025-04-28 00:00:00
lebna,لبنــــــــة,0.00388027,28,0.0,4.65508,0.155476,5.68115,0.0,0.0,0.762047,0.491074,17.6754,0.59821,25.46,18.04,30.1,1.0,1986,36.7388,10.9218,199.0,2025-04-28 00:00:00
hma,الحمـــــى,0.00189618,29,0.0,3.58229,0.0461605,4.08429,0.0,0.03504,0.060987,0.760709,4.37499,0.263312,12.854,102.4,12.1,1.0,2002,36.5874,10.304,123.0,2025-04-28 00:00:00
abid,العبيـــــــد,0.0017182,30,0.0,4.1284,0.0425088,4.02236,0.0,0.0132,0.221428,0.287381,5.19835,0.78098,9.615,42.2,10.0,1.0,2002,36.8308,10.7086,54.0,2025-04-28 00:00:00
mellegue,مـــــلاق,0.477857,1,0.02,18.7256,29.1361,66.444,33.7247,59.4794,15.1831,8.20538,133.548,8.60741,51.13,265.0,267.67,1.0,1954,36.3144,8.70273,10300.0,2025-04-27 00:00:00
sarrat,سراط,1.34973,36,0.02707,8.65467,2.8936,9.24519,0.866516,1.63719,1.382,2.39031,13.3488,4.35743,21.0,546.0,21.0,1.0,2016,35.8322,8.4434,1850.0,2025-04-27 00:00:00
benmetir,بني مطيــر,0.0192195,2,0.0432,43.6446,3.15573,24.6128,1.1664,12.9285,4.65287,27.9314,41.172,40.6383,60.393,436.5,61.63,1.0,1954,36.7471,8.7419,103.0,2025-04-27 00:00:00
kasseb,كســاب,0.109305,3,0.0648,26.2375,4.0097,26.2888,1.7496,15.255,3.88401,23.6581,41.7049,22.3902,76.9,292.04,81.875,1.0,1968,36.7614,9.0024,101.0,2025-04-27 00:00:00
barbara,بربرة,0.131286,4,0.16682,61.1065,6.80328,51.1397,6.02911,41.3126,8.57463,68.4048,80.6957,58.6827,60.545,182.0,74.82,1.0,1998,36.7341,8.53173,177.0,2025-04-27 00:00:00
sidisalem,سيدي ســــالم,0.17,5,0.0432,149.324,14.7629,81.1649,1.16028,76.7329,45.272,119.998,360.129,229.725,580.348,115.0,814.0,1.0,1981,36.5907,9.3971,7950.0,2025-04-27 00:00:00
bouheurtma,بو هرتمـــــه,0.0834068,6,0.028801,53.7035,5.29662,44.2512,1.30187,37.4602,8.32129,49.0201,76.7709,68.8727,145.037,221.0,150.5,1.0,1976,36.6719,8.78758,390.0,2025-04-27 00:00:00
joumine,جوميــــــن,0.102028,7,0.099845,26.1855,3.17006,33.5328,2.6925,19.5098,6.67555,28.8235,72.8013,31.1722,118.773,90.0,129.9,1.0,1983,36.9909,9.6137,418.0,2025-04-27 00:00:00
ghezala,غزالـــــــة,0.0130783,8,0.0171,2.1716,0.151285,2.30186,0.050254,0.050254,0.955746,2.79456,9.11061,2.7441,10.004,82.5,11.7,1.0,1984,37.0594,9.5458,48.0,2025-04-27 00:00:00
melah,المالح,0.0242697,33,0.0,10.188,0.728931,9.50874,0.0,0.0,1.57,10.9086,24.513,5.473,41.0,136.0,41.0,1.0,2015,37.0761,9.4488,85.9,2025-04-27 00:00:00
tine,الطين,0.012551,34,0.0,3.0229,0.112657,2.85651,0.0,0.0,1.39,2.47521,16.581,3.6196,34.0,136.0,34.0,1.0,2017,36.864,9.6287,276.0,2025-04-27 00:00:00
sejnane,سجنــــــان,0.101108,9,0.840273,61.4571,4.00067,64.665,21.3471,140.227,6.74178,49.3039,116.638,43.5266,132.59,86.5,137.5,1.0,1994,37.181,9.4751,367.0,2025-04-27 00:00:00
zarga,الزرقـة,0.0274365,10,0.005472,24.274,2.34941,20.7849,1.27033,1.58911,2.08,18.1775,21.152,21.142,24.256,93.0,24.0,1.0,2012,36.8824,8.6992,60.0,2025-04-27 00:00:00
kebir,الكبيــر,0.0801451,31,0.0,43.292,3.5291,28.4816,0.0,11.5034,0.804585,19.7356,36.0796,28.6,64.4,85.0,64.4,1.0,2014,36.8802,8.7211,85.2,2025-04-27 00:00:00
moula,المولى,0.0506439,32,0.0,19.856,1.84663,20.1526,0.08159,8.08648,0.59641,11.1117,30.1876,19.88,26.337,110.0,26.3,1.0,2013,36.9347,8.845,58.0,2025-04-27 00:00:00
selbarrak,سيدي البــــراق,0.566405,11,0.779,205.057,14.465,203.021,16.7652,109.023,21.6344,126.515,288.199,130.127,286.514,27.0,286.514,1.0,1999,37.0244,8.93652,865.0,2025-04-27 00:00:00
ziatine,الزياتيـن,0.220182,12,0.047836,16.8348,0.754652,14.5442,0.749257,6.24755,2.35,9.76533,27.965,13.592,33.3,37.0,33.0,1.0,2012,37.1856,9.2011,95.0,2025-04-27 00:00:00
gamgoum,القمقـوم,0.00264996,13,0.0,9.24413,0.294444,4.43953,0.63,3.972,0.154951,3.05253,7.91299,13.4448,18.3,48.0,18.3,1.0,2012,37.1989,9.2679,35.5,2025-04-27 00:00:00
harka,الحركـة,0.0,35,0.0,13.3472,0.389815,6.97392,0.0,0.0,1.42,5.24448,23.138,9.0583,30.3,38.4,30.3,1.0,2016,37.222,9.4024,77.0,2025-04-27 00:00:00
siliana,سليانـــــــة,2.01873,14,0.0,11.1478,2.65034,8.39494,0.0,0.2189,3.07689,4.35332,31.9445,6.40136,30.986,388.5,70.0,1.0,1987,36.1571,9.3521,1040.0,2025-04-27 00:00:00
lakhmess,لخمـــــــاس,0.151206,15,4.2e-05,2.09832,0.377951,1.28926,0.001094,0.015659,1.48475,0.62226,10.7644,1.46779,7.22,517.06,8.22,1.0,1966,35.9994,9.4752,127.0,2025-04-27 00:00:00
rmil,الرميـــــــل,0.0143087,16,0.0,0.727,0.0737647,0.720515,0.0,0.0,0.582374,0.420359,9.71915,0.5821,2.0,285.0,4.0,1.0,2002,36.3023,9.5019,232.0,2025-04-27 00:00:00
birmcherga,بئر المشارقـــة,0.13767,17,0.0012,10.3322,0.489592,7.47827,0.0324,0.49232,2.54987,6.60119,24.2176,11.5772,41.599,122.5,52.9,1.0,1971,36.5119,10.0102,1263.0,2025-04-27 00:00:00
rmel,الرمــــــل,0.345255,18,0.01075,21.144,0.552879,26.9176,0.29025,1.79011,1.02624,6.10044,15.461,2.66586,23.825,43.0,22.0,1.0,1998,36.3308,10.3584,675.0,2025-04-27 00:00:00
nebhana,نبهانــــــة,0.0969913,19,0.0,6.05891,0.351592,5.7372,0.236006,0.525203,1.84899,1.46429,20.0376,2.53174,64.61,230.0,86.5,1.0,1965,36.06,9.8724,855.0,2025-04-27 00:00:00
sidisaad,سيدي سعـــد,0.145623,20,0.0,22.6388,1.33699,5.88243,0.066108,0.066108,2.67582,3.57704,37.3449,26.4184,133.317,270.0,209.0,1.0,1981,35.3902,9.6948,8950.0,2025-04-27 00:00:00
elhaouareb,هـــــــوارب,0.0,21,0.0,0.864136,1.33155,7.05973,0.015985,0.028406,0.880421,0.197756,13.3274,0.00576132,77.47,217.0,0.0,1.0,1989,35.5727,9.7468,1120.0,2025-04-27 00:00:00
sficifa,سفيسيفة,0.000819177,22,0.0,1.96081,0.302729,0.921179,0.0,0.0,0.0109432,0.407669,1.18394,1.71246,7.71,677.8,4.24,1.0,2005,35.3413,9.0705,173.65,2025-04-27 00:00:00
sidiach,سيدي يعيــــش,0.0,23,0.0,0.0,0.0280088,0.407372,0.0,0.022,0.0245687,0.330165,1.47649,1.337,88.0,541.0,88.0,1.0,1997,34.7468,8.7476,1900.0,2025-04-27 00:00:00
elbrek,البــــــــرك,0.000744075,24,0.0,0.07,0.0354364,1.37003,0.0,0.02,0.00478571,0.177692,2.02631,0.06,14.6,849.0,16.0,1.0,2002,35.4705,8.9677,293.0,2025-04-27 00:00:00
bezirk,بزيـــــــغ,0.0077968,25,0.0,2.861,0.0172624,3.25994,0.0,0.042,0.385796,0.215748,4.65697,0.17304,5.01,54.62,6.5,1.0,1959,36.7195,10.6272,86.0,2025-04-27 00:00:00
chiba,شيبـــــــة,0.00201675,26,0.0,0.979467,0.0271353,1.18949,0.0,0.050184,0.40619,0.000394877,6.33326,0.000475792,3.79,77.88,7.8,1.0,1963,36.6973,10.772,64.0,2025-04-27 00:00:00
masri,مصــــــري,0.0,27,0.07,2.99624,0.0614696,3.74795,1.47,5.1917,0.400928,1.24897,4.24461,2.74806,5.068,163.0,6.9,1.0,1968,36.534,10.4911,53.0,2025-04-27 00:00:00
lebna,لبنــــــــة,0.046922,28,0.0,4.65508,0.151596,5.67727,0.0,0.0,0.762047,0.491074,17.65,0.605565,25.46,18.04,30.1,1.0,1986,36.7388,10.9218,199.0,2025-04-27 00:00:00
hma,الحمـــــى,0.00232959,29,0.0,3.58229,0.0442643,4.08239,0.0,0.03504,0.060987,0.760709,4.37295,0.267793,12.854,102.4,12.1,1.0,2002,36.5874,10.304,123.0,2025-04-27 00:00:00
abid,العبيـــــــد,0.00130583,30,0.0,4.1284,0.0407906,4.02064,0.0,0.0132,0.221428,0.286169,5.19097,0.78098,9.615,42.2,10.0,1.0,2002,36.8308,10.7086,54.0,2025-04-27 00:00:00
mellegue,مـــــلاق,0.15138,1,0.11,18.2717,28.6583,65.9661,33.7047,59.4594,15.1831,8.18295,133.042,8.79698,51.13,265.0,267.67,1.0,1954,36.3144,8.70273,10300.0,2025-04-26 00:00:00
sarrat,سراط,0.00177528,36,0.01123,7.33682,1.54386,7.89546,0.839446,1.61012,1.382,2.38854,13.3027,4.41614,21.0,546.0,21.0,1.0,2016,35.8322,8.4434,1850.0,2025-04-26 00:00:00
benmetir,بني مطيــر,0.0453342,2,0.0432,43.6705,3.13651,24.5936,1.1232,12.8853,4.65287,27.9105,41.0169,40.654,60.393,436.5,61.63,1.0,1954,36.7471,8.7419,103.0,2025-04-26 00:00:00
kasseb,كســاب,0.110277,3,0.0648,26.1946,3.90039,26.1795,1.6848,15.1902,3.88401,23.6581,41.5755,22.4294,76.9,292.04,81.875,1.0,1968,36.7614,9.0024,101.0,2025-04-26 00:00:00
barbara,بربرة,0.129858,4,0.20448,61.1497,6.67199,51.0084,5.86229,41.1458,8.57463,68.3869,80.4099,58.7655,60.545,182.0,74.82,1.0,1998,36.7341,8.53173,177.0,2025-04-26 00:00:00
sidisalem,سيدي ســــالم,0.0,5,0.0432,144.641,14.5929,80.9949,1.11708,76.6897,45.272,119.998,358.62,230.8,580.348,115.0,814.0,1.0,1981,36.5907,9.3971,7950.0,2025-04-26 00:00:00
bouheurtma,بو هرتمـــــه,0.139127,6,0.030318,53.6501,5.21321,44.1678,1.27307,37.4314,8.32129,49.0201,76.4935,69.1158,145.037,221.0,150.5,1.0,1976,36.6719,8.78758,390.0,2025-04-26 00:00:00
joumine,جوميــــــن,0.0888087,7,0.105461,26.1855,3.06803,33.4307,2.59265,19.41,6.67555,28.8134,72.5788,31.2309,118.773,90.0,129.9,1.0,1983,36.9909,9.6137,418.0,2025-04-26 00:00:00
ghezala,غزالـــــــة,0.00938671,8,0.01333,2.17674,0.138207,2.28878,0.033154,0.033154,0.955746,2.7826,9.07876,2.76707,10.004,82.5,11.7,1.0,1984,37.0594,9.5458,48.0,2025-04-26 00:00:00
melah,المالح,0.0124486,33,0.0,10.164,0.704661,9.48447,0.0,0.0,1.57,10.9063,24.4607,5.5378,41.0,136.0,41.0,1.0,2015,37.0761,9.4488,85.9,2025-04-26 00:00:00
tine,الطين,0.0,34,0.0,3.0112,0.100106,2.84396,0.0,0.0,1.39,2.46736,16.5347,3.6196,34.0,136.0,34.0,1.0,2017,36.864,9.6287,276.0,2025-04-26 00:00:00
sejnane,سجنــــــان,0.090698,9,0.832353,61.5059,3.89956,64.5639,20.5068,139.387,6.74178,49.3039,116.413,43.4876,132.59,86.5,137.5,1.0,1994,37.181,9.4751,367.0,2025-04-26 00:00:00
zarga,الزرقـة,0.00422705,10,0.0,24.256,2.32198,20.7574,1.26486,1.58364,2.08,18.166,21.0827,21.232,24.256,93.0,24.0,1.0,2012,36.8824,8.6992,60.0,2025-04-26 00:00:00
kebir,الكبيــر,0.032199,31,0.0,43.2146,3.44895,28.4015,0.0,11.5034,0.804585,19.7296,36.0528,28.6,64.4,85.0,64.4,1.0,2014,36.8802,8.7211,85.2,2025-04-26 00:00:00
moula,المولى,0.0269914,32,0.0,19.808,1.79598,20.102,0.08159,8.08648,0.59641,11.1117,30.1677,19.94,26.337,110.0,26.3,1.0,2013,36.9347,8.845,58.0,2025-04-26 00:00:00
selbarrak,سيدي البــــراق,0.00443288,11,0.683,205.299,13.8986,202.455,15.9862,108.244,21.6344,126.421,287.478,130.324,286.514,27.0,286.514,1.0,1999,37.0244,8.93652,865.0,2025-04-26 00:00:00
ziatine,الزياتيـن,0.0217366,12,0.039983,16.664,0.53447,14.324,0.701421,6.19971,2.35,9.73126,27.8867,13.6056,33.3,37.0,33.0,1.0,2012,37.1856,9.2011,95.0,2025-04-26 00:00:00
gamgoum,القمقـوم,0.0105866,13,0.0,9.24413,0.291794,4.43688,0.63,3.972,0.154951,3.04048,7.90782,13.4682,18.3,48.0,18.3,1.0,2012,37.1989,9.2679,35.5,2025-04-26 00:00:00
harka,الحركـة,0.00710575,35,0.0,13.377,0.389815,6.97392,0.0,0.0,1.42,5.24448,23.0907,9.0803,30.3,38.4,30.3,1.0,2016,37.222,9.4024,77.0,2025-04-26 00:00:00
siliana,سليانـــــــة,0.0102828,14,0.0,9.13223,0.631614,6.37622,0.0,0.2189,3.07689,4.35332,31.8419,6.42998,30.986,388.5,70.0,1.0,1987,36.1571,9.3521,1040.0,2025-04-26 00:00:00
lakhmess,لخمـــــــاس,0.00160032,15,3.9e-05,1.94757,0.226745,1.13806,0.001052,0.015617,1.48475,0.620445,10.7149,1.46779,7.22,517.06,8.22,1.0,1966,35.9994,9.4752,127.0,2025-04-26 00:00:00
rmil,الرميـــــــل,0.0014112,16,0.0,0.7134,0.0594559,0.706206,0.0,0.0,0.582374,0.420359,9.69974,0.586,2.0,285.0,4.0,1.0,2002,36.3023,9.5019,232.0,2025-04-26 00:00:00
birmcherga,بئر المشارقـــة,0.0120898,17,0.0012,10.2031,0.351921,7.3406,0.0312,0.49112,2.54987,6.60119,24.1326,11.612,41.599,122.5,52.9,1.0,1971,36.5119,10.0102,1263.0,2025-04-26 00:00:00
rmel,الرمــــــل,0.0,18,0.01075,20.8238,0.207624,26.5724,0.2795,1.77936,1.02624,6.10044,15.4268,2.684,23.825,43.0,22.0,1.0,1998,36.3308,10.3584,675.0,2025-04-26 00:00:00
nebhana,نبهانــــــة,0.004826,19,0.03176,5.96192,0.2546,5.64021,0.236006,0.525203,1.84899,1.46267,19.9759,2.53174,64.61,230.0,86.5,1.0,1965,36.06,9.8724,855.0,2025-04-26 00:00:00
sidisaad,سيدي سعـــد,0.010224,20,0.0,22.5022,1.19137,5.73681,0.066108,0.066108,2.67582,3.56566,37.2557,26.4184,133.317,270.0,209.0,1.0,1981,35.3902,9.6948,8950.0,2025-04-26 00:00:00
elhaouareb,هـــــــوارب,0.0,21,0.0,0.885017,1.33155,7.05973,0.015985,0.028406,0.880421,0.197627,13.298,0.00576132,77.47,217.0,0.0,1.0,1989,35.5727,9.7468,1120.0,2025-04-26 00:00:00
sficifa,سفيسيفة,0.000921574,22,0.0,1.96081,0.30191,0.92036,0.0,0.0,0.0109432,0.40732,1.18358,1.71246,7.71,677.8,4.24,1.0,2005,35.3413,9.0705,173.65,2025-04-26 00:00:00
sidiach,سيدي يعيــــش,0.0,23,0.0,0.0,0.0280088,0.407372,0.0,0.022,0.0245687,0.32913,1.47568,1.337,88.0,541.0,88.0,1.0,1997,34.7468,8.7476,1900.0,2025-04-26 00:00:00
elbrek,البــــــــرك,0.00133933,24,0.0,0.07,0.0346923,1.36928,0.0,0.02,0.00478571,0.177203,2.02615,0.06,14.6,849.0,16.0,1.0,2002,35.4705,8.9677,293.0,2025-04-26 00:00:00
bezirk,بزيـــــــغ,0.0,25,0.0,2.8536,0.0094656,3.25214,0.0,0.042,0.385796,0.215279,4.64411,0.17304,5.01,54.62,6.5,1.0,1959,36.7195,10.6272,86.0,2025-04-26 00:00:00
chiba,شيبـــــــة,0.00225126,26,0.0,0.979467,0.0251185,1.18747,0.0,0.050184,0.40619,0.000393579,6.31972,0.000475792,3.79,77.88,7.8,1.0,1963,36.6973,10.772,64.0,2025-04-26 00:00:00
masri,مصــــــري,0.00429031,27,0.09,3.07176,0.0614696,3.74795,1.4,5.1217,0.400928,1.24897,4.23124,2.6941,5.068,163.0,6.9,1.0,1968,36.534,10.4911,53.0,2025-04-26 00:00:00
lebna,لبنــــــــة,0.00802757,28,0.0,4.61328,0.104674,5.63035,0.0,0.0,0.762047,0.489246,17.6246,0.605565,25.46,18.04,30.1,1.0,1986,36.7388,10.9218,199.0,2025-04-26 00:00:00
hma,الحمـــــى,0.0,29,0.0,3.57345,0.0387248,4.07686,0.0,0.03504,0.060987,0.760709,4.37092,0.272273,12.854,102.4,12.1,1.0,2002,36.5874,10.304,123.0,2025-04-26 00:00:00
abid,العبيـــــــد,0.0,30,0.0,4.1284,0.0394847,4.01933,0.0,0.0132,0.221428,0.286169,5.18358,0.783936,9.615,42.2,10.0,1.0,2002,36.8308,10.7086,54.0,2025-04-26 00:00:00
mellegue,مـــــلاق,0.0537711,1,4.34,18.2367,28.5069,65.8148,33.5947,59.3494,15.1831,8.15118,132.536,8.77592,51.13,265.0,267.67,1.0,1954,36.3144,8.70273,10300.0,2025-04-25 00:00:00
sarrat,سراط,0.0,36,0.0,7.35097,1.54209,7.89369,0.828216,1.59889,1.382,2.38854,13.2567,4.45529,21.0,546.0,21.0,1.0,2016,35.8322,8.4434,1850.0,2025-04-25 00:00:00
benmetir,بني مطيــر,0.0451402,2,0.0432,43.6705,3.09118,24.5483,1.08,12.8421,4.65287,27.8741,40.8618,40.654,60.393,436.5,61.63,1.0,1954,36.7471,8.7419,103.0,2025-04-25 00:00:00
kasseb,كســاب,0.110112,3,0.0648,26.1517,3.79011,26.0692,1.62,15.1254,3.88401,23.6489,41.446,22.4294,76.9,292.04,81.875,1.0,1968,36.7614,9.0024,101.0,2025-04-25 00:00:00
barbara,بربرة,0.11893,4,0.28094,61.2361,6.54213,50.8785,5.65781,40.9413,8.57463,68.3663,80.1241,58.8483,60.545,182.0,74.82,1.0,1998,36.7341,8.53173,177.0,2025-04-25 00:00:00
sidisalem,سيدي ســــالم,0.1,5,0.0432,141.138,14.5929,80.9949,1.07388,76.6465,45.272,119.995,357.111,231.607,580.348,115.0,814.0,1.0,1981,36.5907,9.3971,7950.0,2025-04-25 00:00:00
bouheurtma,بو هرتمـــــه,0.192901,6,0.030292,53.5433,5.07408,44.0287,1.24275,37.4011,8.32129,49.0201,76.2161,69.2993,145.037,221.0,150.5,1.0,1976,36.6719,8.78758,390.0,2025-04-25 00:00:00
joumine,جوميــــــن,0.0845547,7,0.101202,26.2116,2.97922,33.3419,2.48719,19.3045,6.67555,28.8021,72.3563,31.2897,118.773,90.0,129.9,1.0,1983,36.9909,9.6137,418.0,2025-04-25 00:00:00
ghezala,غزالـــــــة,0.0,8,0.0,2.18188,0.12882,2.2794,0.019824,0.019824,0.955746,2.76402,9.0469,2.78429,10.004,82.5,11.7,1.0,1984,37.0594,9.5458,48.0,2025-04-25 00:00:00
melah,المالح,0.0124482,33,0.0,10.152,0.692213,9.47202,0.0,0.0,1.57,10.8971,24.4083,5.5954,41.0,136.0,41.0,1.0,2015,37.0761,9.4488,85.9,2025-04-25 00:00:00
tine,الطين,0.0,34,0.0,3.0229,0.100106,2.84396,0.0,0.0,1.39,2.45971,16.4883,3.6196,34.0,136.0,34.0,1.0,2017,36.864,9.6287,276.0,2025-04-25 00:00:00
sejnane,سجنــــــان,0.14633,9,0.836093,61.6524,3.80886,64.4732,19.6745,138.555,6.74178,49.2664,116.188,43.4096,132.59,86.5,137.5,1.0,1994,37.181,9.4751,367.0,2025-04-25 00:00:00
zarga,الزرقـة,0.00237886,10,0.016416,24.256,2.31775,20.7532,1.26486,1.58364,2.08,18.166,21.0133,21.34,24.256,93.0,24.0,1.0,2012,36.8824,8.6992,60.0,2025-04-25 00:00:00
kebir,الكبيــر,0.0331107,31,0.0,43.1888,3.41675,28.3693,0.0,11.5034,0.804585,19.7031,36.026,28.58,64.4,85.0,64.4,1.0,2014,36.8802,8.7211,85.2,2025-04-25 00:00:00
moula,المولى,0.0266372,32,0.0,19.784,1.76899,20.075,0.08159,8.08648,0.59641,11.1117,30.1479,20.0,26.337,110.0,26.3,1.0,2013,36.9347,8.845,58.0,2025-04-25 00:00:00
selbarrak,سيدي البــــراق,0.368565,11,0.565,206.028,13.8942,202.451,15.3032,107.561,21.6344,126.421,286.757,130.717,286.514,27.0,286.514,1.0,1999,37.0244,8.93652,865.0,2025-04-25 00:00:00
ziatine,الزياتيـن,0.0213292,12,0.039571,16.6884,0.512733,14.3022,0.661438,6.15973,2.35,9.72524,27.8083,13.6465,33.3,37.0,33.0,1.0,2012,37.1856,9.2011,95.0,2025-04-25 00:00:00
gamgoum,القمقـوم,0.00198639,13,0.0,9.23553,0.281207,4.4263,0.63,3.972,0.154951,3.03952,7.90266,13.5033,18.3,48.0,18.3,1.0,2012,37.1989,9.2679,35.5,2025-04-25 00:00:00
harka,الحركـة,0.00710575,35,0.0,13.377,0.382709,6.96681,0.0,0.0,1.42,5.2401,23.0433,9.0803,30.3,38.4,30.3,1.0,2016,37.222,9.4024,77.0,2025-04-25 00:00:00
siliana,سليانـــــــة,0.00930352,14,0.0,9.13223,0.621331,6.36593,0.0,0.2189,3.07689,4.34345,31.7394,6.42998,30.986,388.5,70.0,1.0,1987,36.1571,9.3521,1040.0,2025-04-25 00:00:00
lakhmess,لخمـــــــاس,0.00661921,15,3.8e-05,1.94757,0.225145,1.13646,0.001013,0.015578,1.48475,0.618801,10.6654,1.46779,7.22,517.06,8.22,1.0,1966,35.9994,9.4752,127.0,2025-04-25 00:00:00
rmil,الرميـــــــل,0.0013104,16,0.0,0.7134,0.0580447,0.704795,0.0,0.0,0.582374,0.418879,9.68033,0.586,2.0,285.0,4.0,1.0,2002,36.3023,9.5019,232.0,2025-04-25 00:00:00
birmcherga,بئر المشارقـــة,0.0,17,0.0012,10.2031,0.339831,7.32851,0.03,0.48992,2.54987,6.60119,24.0476,11.6468,41.599,122.5,52.9,1.0,1971,36.5119,10.0102,1263.0,2025-04-25 00:00:00
rmel,الرمــــــل,0.0,18,0.01075,20.8772,0.207624,26.5724,0.26875,1.76861,1.02624,6.10044,15.3926,2.70554,23.825,43.0,22.0,1.0,1998,36.3308,10.3584,675.0,2025-04-25 00:00:00
nebhana,نبهانــــــة,0.0214924,19,0.06458,5.99425,0.271267,5.65687,0.232336,0.521533,1.84899,1.45835,19.9143,2.53174,64.61,230.0,86.5,1.0,1965,36.06,9.8724,855.0,2025-04-25 00:00:00
sidisaad,سيدي سعـــد,0.00902117,20,0.0,22.5022,1.18115,5.72658,0.066108,0.066108,2.67582,3.56566,37.1665,26.4897,133.317,270.0,209.0,1.0,1981,35.3902,9.6948,8950.0,2025-04-25 00:00:00
elhaouareb,هـــــــوارب,0.0,21,0.0,0.92678,1.33155,7.05973,0.015985,0.028406,0.880421,0.19753,13.2687,0.00576132,77.47,217.0,0.0,1.0,1989,35.5727,9.7468,1120.0,2025-04-25 00:00:00
sficifa,سفيسيفة,0.0,22,0.0,1.96081,0.300989,0.919438,0.0,0.0,0.0109432,0.407057,1.18321,1.71246,7.71,677.8,4.24,1.0,2005,35.3413,9.0705,173.65,2025-04-25 00:00:00
sidiach,سيدي يعيــــش,0.0,23,0.0,0.0,0.0280088,0.407372,0.0,0.022,0.0245687,0.328354,1.47486,1.337,88.0,541.0,88.0,1.0,1997,34.7468,8.7476,1900.0,2025-04-25 00:00:00
elbrek,البــــــــرك,0.00133933,24,0.0,0.07,0.033353,1.36794,0.0,0.02,0.00478571,0.176837,2.02599,0.06,14.6,849.0,16.0,1.0,2002,35.4705,8.9677,293.0,2025-04-25 00:00:00
bezirk,بزيـــــــغ,0.0,25,0.0,2.861,0.0094656,3.25214,0.0,0.042,0.385796,0.214887,4.63125,0.17304,5.01,54.62,6.5,1.0,1959,36.7195,10.6272,86.0,2025-04-25 00:00:00
chiba,شيبـــــــة,0.0,26,0.0,0.979467,0.0228673,1.18522,0.0,0.050184,0.40619,0.00039147,6.30618,0.000475792,3.79,77.88,7.8,1.0,1963,36.6973,10.772,64.0,2025-04-25 00:00:00
masri,مصــــــري,0.0,27,0.07,3.15987,0.0571793,3.74366,1.31,5.0317,0.400928,1.24484,4.21788,2.64043,5.068,163.0,6.9,1.0,1968,36.534,10.4911,53.0,2025-04-25 00:00:00
lebna,لبنــــــــة,0.0,28,0.0,4.61328,0.0966461,5.62232,0.0,0.0,0.762047,0.472281,17.5992,0.590855,25.46,18.04,30.1,1.0,1986,36.7388,10.9218,199.0,2025-04-25 00:00:00
hma,الحمـــــى,0.0,29,0.0,3.58229,0.0387248,4.07686,0.0,0.03504,0.060987,0.760709,4.36889,0.274514,12.854,102.4,12.1,1.0,2002,36.5874,10.304,123.0,2025-04-25 00:00:00
abid,العبيـــــــد,0.00247701,30,0.0,4.13601,0.0394847,4.01933,0.0,0.0132,0.221428,0.285455,5.1762,0.783936,9.615,42.2,10.0,1.0,2002,36.8308,10.7086,54.0,2025-04-25 00:00:00
mellegue,مـــــلاق,0.621051,1,4.34,22.5284,28.4531,65.761,29.2547,55.0094,15.1831,8.14202,132.03,8.77592,51.13,265.0,267.67,1.0,1954,36.3144,8.70273,10300.0,2025-04-24 00:00:00
sarrat,سراط,0.00470391,36,0.0,7.36512,1.54209,7.89369,0.828216,1.59889,1.382,2.38854,13.2106,4.514,21.0,546.0,21.0,1.0,2016,35.8322,8.4434,1850.0,2025-04-24 00:00:00
benmetir,بني مطيــر,0.0451402,2,0.0432,43.6705,3.04604,24.5031,1.0368,12.7989,4.65287,27.7749,40.7067,40.5913,60.393,436.5,61.63,1.0,1954,36.7471,8.7419,103.0,2025-04-24 00:00:00
kasseb,كســاب,0.131549,3,0.0648,26.1088,3.68,25.9591,1.5552,15.0606,3.88401,23.6236,41.3165,22.4098,76.9,292.04,81.875,1.0,1968,36.7614,9.0024,101.0,2025-04-24 00:00:00
barbara,بربرة,0.0774797,4,0.41292,61.409,6.4232,50.7596,5.37687,40.6603,8.57463,68.3061,79.8382,58.8896,60.545,182.0,74.82,1.0,1998,36.7341,8.53173,177.0,2025-04-24 00:00:00
sidisalem,سيدي ســــالم,0.1,5,0.0432,137.853,14.4929,80.8949,1.03068,76.6033,45.272,119.995,355.602,232.682,580.348,115.0,814.0,1.0,1981,36.5907,9.3971,7950.0,2025-04-24 00:00:00
bouheurtma,بو هرتمـــــه,0.139173,6,0.030368,53.3831,4.88118,43.8358,1.21246,37.3708,8.32129,49.0201,75.9387,69.4215,145.037,221.0,150.5,1.0,1976,36.6719,8.78758,390.0,2025-04-24 00:00:00
joumine,جوميــــــن,0.0817569,7,0.099591,26.2378,2.89467,33.2574,2.38599,19.2033,6.67555,28.7603,72.1338,31.3191,118.773,90.0,129.9,1.0,1983,36.9909,9.6137,418.0,2025-04-24 00:00:00
ghezala,غزالـــــــة,0.0,8,0.0,2.18702,0.12882,2.2794,0.019824,0.019824,0.955746,2.74946,9.01504,2.80152,10.004,82.5,11.7,1.0,1984,37.0594,9.5458,48.0,2025-04-24 00:00:00
melah,المالح,0.0126269,33,0.0,10.14,0.679765,9.45958,0.0,0.0,1.57,10.8895,24.356,5.653,41.0,136.0,41.0,1.0,2015,37.0761,9.4488,85.9,2025-04-24 00:00:00
tine,الطين,0.0,34,0.0,3.0346,0.100106,2.84396,0.0,0.0,1.39,2.45971,16.442,3.6313,34.0,136.0,34.0,1.0,2017,36.864,9.6287,276.0,2025-04-24 00:00:00
sejnane,سجنــــــان,0.0,9,0.838233,61.8477,3.66253,64.3269,18.8384,137.719,6.74178,49.1815,115.963,43.3316,132.59,86.5,137.5,1.0,1994,37.181,9.4751,367.0,2025-04-24 00:00:00
zarga,الزرقـة,0.0,10,0.028728,24.274,2.31537,20.7508,1.24845,1.56723,2.08,18.166,20.944,21.466,24.256,93.0,24.0,1.0,2012,36.8824,8.6992,60.0,2025-04-24 00:00:00
kebir,الكبيــر,0.0847084,31,0.0,43.163,3.38364,28.3362,0.0,11.5034,0.804585,19.6609,35.9991,28.54,64.4,85.0,64.4,1.0,2014,36.8802,8.7211,85.2,2025-04-24 00:00:00
moula,المولى,0.0269862,32,0.0,19.76,1.74235,20.0483,0.08159,8.08648,0.59641,11.0318,30.128,20.0,26.337,110.0,26.3,1.0,2013,36.9347,8.845,58.0,2025-04-24 00:00:00
selbarrak,سيدي البــــراق,0.340333,11,0.54029,206.27,13.5256,202.082,14.7382,106.996,21.6344,125.819,286.036,130.324,286.514,27.0,286.514,1.0,1999,37.0244,8.93652,865.0,2025-04-24 00:00:00
ziatine,الزياتيـن,0.00067272,12,0.04331,16.7128,0.491404,14.2809,0.621867,6.12016,2.35,9.7077,27.73,13.6737,33.3,37.0,33.0,1.0,2012,37.1856,9.2011,95.0,2025-04-24 00:00:00
gamgoum,القمقـوم,0.00264852,13,0.0,9.23553,0.279221,4.42431,0.63,3.972,0.154951,3.02919,7.89749,13.5267,18.3,48.0,18.3,1.0,2012,37.1989,9.2679,35.5,2025-04-24 00:00:00
harka,الحركـة,0.0,35,0.0,13.377,0.375603,6.95971,0.0,0.0,1.42,5.23528,22.996,9.0803,30.3,38.4,30.3,1.0,2016,37.222,9.4024,77.0,2025-04-24 00:00:00
siliana,سليانـــــــة,0.00856903,14,0.0,9.13223,0.612028,6.35663,0.0,0.2189,3.07689,4.336,31.6368,6.42998,30.986,388.5,70.0,1.0,1987,36.1571,9.3521,1040.0,2025-04-24 00:00:00
lakhmess,لخمـــــــاس,0.00132698,15,4.1e-05,1.94239,0.218526,1.12984,0.000975,0.01554,1.48475,0.61757,10.6159,1.46779,7.22,517.06,8.22,1.0,1966,35.9994,9.4752,127.0,2025-04-24 00:00:00
rmil,الرميـــــــل,0.0012096,16,0.0,0.7134,0.0567343,0.703484,0.0,0.0,0.582374,0.418879,9.66092,0.5899,2.0,285.0,4.0,1.0,2002,36.3023,9.5019,232.0,2025-04-24 00:00:00
birmcherga,بئر المشارقـــة,0.0128414,17,0.0012,10.2354,0.339831,7.32851,0.0288,0.48872,2.54987,6.58803,23.9626,11.6468,41.599,122.5,52.9,1.0,1971,36.5119,10.0102,1263.0,2025-04-24 00:00:00
rmel,الرمــــــل,0.0,18,0.01075,20.9305,0.207624,26.5724,0.258,1.75786,1.02624,6.10044,15.3584,2.72708,23.825,43.0,22.0,1.0,1998,36.3308,10.3584,675.0,2025-04-24 00:00:00
nebhana,نبهانــــــة,0.00118503,19,0.02809,6.04275,0.249774,5.63538,0.167756,0.456953,1.84899,1.45835,19.8527,2.54077,64.61,230.0,86.5,1.0,1965,36.06,9.8724,855.0,2025-04-24 00:00:00
sidisaad,سيدي سعـــد,0.0,20,0.0,22.5022,1.17213,5.71756,0.066108,0.066108,2.67582,3.55933,37.0773,26.4897,133.317,270.0,209.0,1.0,1981,35.3902,9.6948,8950.0,2025-04-24 00:00:00
elhaouareb,هـــــــوارب,0.0,21,0.0,0.968543,1.33155,7.05973,0.015985,0.028406,0.880421,0.197458,13.2394,0.00576132,77.47,217.0,0.0,1.0,1989,35.5727,9.7468,1120.0,2025-04-24 00:00:00
sficifa,سفيسيفة,0.0,22,0.0,1.96426,0.300989,0.919438,0.0,0.0,0.0109432,0.406882,1.18285,1.71246,7.71,677.8,4.24,1.0,2005,35.3413,9.0705,173.65,2025-04-24 00:00:00
sidiach,سيدي يعيــــش,0.0,23,0.0,0.0,0.0280088,0.407372,0.0,0.022,0.0245687,0.327578,1.47404,1.337,88.0,541.0,88.0,1.0,1997,34.7468,8.7476,1900.0,2025-04-24 00:00:00
elbrek,البــــــــرك,0.00133933,24,0.0,0.07,0.0320137,1.3666,0.0,0.02,0.00478571,0.176471,2.02583,0.06,14.6,849.0,16.0,1.0,2002,35.4705,8.9677,293.0,2025-04-24 00:00:00
bezirk,بزيـــــــغ,0.00098779,25,0.0,2.8684,0.0094656,3.25214,0.0,0.042,0.385796,0.214826,4.61839,0.17304,5.01,54.62,6.5,1.0,1959,36.7195,10.6272,86.0,2025-04-24 00:00:00
chiba,شيبـــــــة,0.00206816,26,0.0,0.985634,0.0228673,1.18522,0.0,0.050184,0.40619,0.000390497,6.29265,0.000475792,3.79,77.88,7.8,1.0,1963,36.6973,10.772,64.0,2025-04-24 00:00:00
masri,مصــــــري,0.0111426,27,0.08,3.23539,0.0571793,3.74366,1.24,4.9617,0.400928,1.24307,4.20451,2.58904,5.068,163.0,6.9,1.0,1968,36.534,10.4911,53.0,2025-04-24 00:00:00
lebna,لبنــــــــة,0.0071205,28,0.0,4.63418,0.0966461,5.62232,0.0,0.0,0.762047,0.470775,17.5738,0.590855,25.46,18.04,30.1,1.0,1986,36.7388,10.9218,199.0,2025-04-24 00:00:00
hma,الحمـــــى,0.00309461,29,0.0,3.59114,0.0387248,4.07686,0.0,0.03504,0.060987,0.760129,4.36685,0.274514,12.854,102.4,12.1,1.0,2002,36.5874,10.304,123.0,2025-04-24 00:00:00
abid,العبيـــــــد,0.00282104,30,0.0,4.13601,0.0370077,4.01686,0.0,0.0132,0.221428,0.28513,5.16882,0.783936,9.615,42.2,10.0,1.0,2002,36.8308,10.7086,54.0,2025-04-24 00:00:00
mellegue,مـــــلاق,1.86224,1,4.34,26.2525,27.8321,65.1399,24.9147,50.6694,15.1831,8.13592,131.524,8.77592,51.13,265.0,267.67,1.0,1954,36.3144,8.70273,10300.0,2025-04-23 00:00:00
sarrat,سراط,0.00441021,36,0.028,7.36512,1.53739,7.88898,0.828216,1.59889,1.382,2.34597,13.1645,4.53357,21.0,546.0,21.0,1.0,2016,35.8322,8.4434,1850.0,2025-04-23 00:00:00
benmetir,بني مطيــر,0.0969802,2,0.0432,43.6705,3.0009,24.458,0.9936,12.7557,4.65287,27.7699,40.5516,40.6226,60.393,436.5,61.63,1.0,1954,36.7471,8.7419,103.0,2025-04-23 00:00:00
kasseb,كســاب,0.110105,3,0.0648,26.0445,3.54845,25.8275,1.4904,14.9958,3.88401,23.5896,41.1871,22.3902,76.9,292.04,81.875,1.0,1968,36.7614,9.0024,101.0,2025-04-23 00:00:00
barbara,بربرة,0.289221,4,0.6246,61.7546,6.34572,50.6821,4.96395,40.2474,8.57463,68.2462,79.5524,58.931,60.545,182.0,74.82,1.0,1998,36.7341,8.53173,177.0,2025-04-23 00:00:00
sidisalem,سيدي ســــالم,2.86179,5,0.0432,134.595,20.6528,87.0548,0.98748,76.5601,45.272,119.735,354.093,233.235,580.348,115.0,814.0,1.0,1981,36.5907,9.3971,7950.0,2025-04-23 00:00:00
bouheurtma,بو هرتمـــــه,0.0859514,6,0.030549,53.2763,4.74201,43.6966,1.18209,37.3404,8.32129,49.0201,75.6614,69.6661,145.037,221.0,150.5,1.0,1976,36.6719,8.78758,390.0,2025-04-23 00:00:00
joumine,جوميــــــن,0.108882,7,0.099343,26.264,2.81291,33.1756,2.2864,19.1037,6.67555,28.7385,71.9113,31.4072,118.773,90.0,129.9,1.0,1983,36.9909,9.6137,418.0,2025-04-23 00:00:00
ghezala,غزالـــــــة,0.00109887,8,0.0,2.19216,0.12882,2.2794,0.019824,0.019824,0.955746,2.73186,8.98318,2.81874,10.004,82.5,11.7,1.0,1984,37.0594,9.5458,48.0,2025-04-23 00:00:00
melah,المالح,0.0123578,33,0.0,10.128,0.667138,9.44695,0.0,0.0,1.57,10.8799,24.3037,5.7106,41.0,136.0,41.0,1.0,2015,37.0761,9.4488,85.9,2025-04-23 00:00:00
tine,الطين,0.00308043,34,0.0,3.0463,0.100106,2.84396,0.0,0.0,1.39,2.45379,16.3957,3.6313,34.0,136.0,34.0,1.0,2017,36.864,9.6287,276.0,2025-04-23 00:00:00
sejnane,سجنــــــان,0.258115,9,0.833013,62.2383,3.66253,64.3269,18.0001,136.88,6.74178,49.1815,115.739,43.2146,132.59,86.5,137.5,1.0,1994,37.181,9.4751,367.0,2025-04-23 00:00:00
zarga,الزرقـة,0.0,10,0.083942,24.31,2.31537,20.7508,1.21972,1.5385,2.08,18.166,20.8747,21.592,24.256,93.0,24.0,1.0,2012,36.8824,8.6992,60.0,2025-04-23 00:00:00
kebir,الكبيــر,0.110501,31,0.0,43.0856,3.29894,28.2515,0.0,11.5034,0.804585,19.6349,35.9723,28.52,64.4,85.0,64.4,1.0,2014,36.8802,8.7211,85.2,2025-04-23 00:00:00
moula,المولى,0.0626327,32,0.0,19.736,1.71537,20.0214,0.08159,8.08648,0.59641,10.9189,30.1081,20.0,26.337,110.0,26.3,1.0,2013,36.9347,8.845,58.0,2025-04-23 00:00:00
selbarrak,سيدي البــــراق,0.304591,11,0.0261,206.513,13.1853,201.742,14.1979,106.456,21.6344,125.533,285.314,130.324,286.514,27.0,286.514,1.0,1999,37.0244,8.93652,865.0,2025-04-23 00:00:00
ziatine,الزياتيـن,0.0419619,12,0.038876,16.7616,0.490731,14.2802,0.578557,6.07685,2.35,9.68992,27.6517,13.701,33.3,37.0,33.0,1.0,2012,37.1856,9.2011,95.0,2025-04-23 00:00:00
gamgoum,القمقـوم,0.00264852,13,0.0,9.23553,0.276572,4.42166,0.63,3.972,0.154951,3.01805,7.89233,13.5501,18.3,48.0,18.3,1.0,2012,37.1989,9.2679,35.5,2025-04-23 00:00:00
harka,الحركـة,0.00711576,35,0.0,13.4069,0.375603,6.95971,0.0,0.0,1.42,5.23528,22.9487,9.1023,30.3,38.4,30.3,1.0,2016,37.222,9.4024,77.0,2025-04-23 00:00:00
siliana,سليانـــــــة,0.00856903,14,0.0,9.13223,0.603458,6.34806,0.0,0.2189,3.07689,4.336,31.5342,6.4586,30.986,388.5,70.0,1.0,1987,36.1571,9.3521,1040.0,2025-04-23 00:00:00
lakhmess,لخمـــــــاس,0.00646603,15,4.3e-05,1.94239,0.217199,1.12851,0.000934,0.015499,1.48475,0.615858,10.5664,1.46779,7.22,517.06,8.22,1.0,1966,35.9994,9.4752,127.0,2025-04-23 00:00:00
rmil,الرميـــــــل,0.0011424,16,0.0,0.7134,0.0555247,0.702275,0.0,0.0,0.582374,0.417268,9.6415,0.5899,2.0,285.0,4.0,1.0,2002,36.3023,9.5019,232.0,2025-04-23 00:00:00
birmcherga,بئر المشارقـــة,0.0,17,0.0012,10.2354,0.32699,7.31567,0.0276,0.48752,2.54987,6.58803,23.8776,11.6816,41.599,122.5,52.9,1.0,1971,36.5119,10.0102,1263.0,2025-04-23 00:00:00
rmel,الرمــــــل,0.0273866,18,0.01075,20.9839,0.207624,26.5724,0.24725,1.74711,1.02624,6.10044,15.3242,2.74862,23.825,43.0,22.0,1.0,1998,36.3308,10.3584,675.0,2025-04-23 00:00:00
nebhana,نبهانــــــة,0.0156353,19,0.027352,6.07508,0.248589,5.6342,0.139666,0.428863,1.84899,1.44933,19.791,2.53174,64.61,230.0,86.5,1.0,1965,36.06,9.8724,855.0,2025-04-23 00:00:00
sidisaad,سيدي سعـــد,0.0102333,20,0.0,22.5705,1.17213,5.71756,0.066108,0.066108,2.67582,3.52613,36.9881,26.4897,133.317,270.0,209.0,1.0,1981,35.3902,9.6948,8950.0,2025-04-23 00:00:00
elhaouareb,هـــــــوارب,0.0,21,0.0,1.03119,1.33155,7.05973,0.015985,0.028406,0.880421,0.197357,13.21,0.00576132,77.47,217.0,0.0,1.0,1989,35.5727,9.7468,1120.0,2025-04-23 00:00:00
sficifa,سفيسيفة,0.0,22,0.0,1.96771,0.300989,0.919438,0.0,0.0,0.0109432,0.406795,1.18248,1.71246,7.71,677.8,4.24,1.0,2005,35.3413,9.0705,173.65,2025-04-23 00:00:00
sidiach,سيدي يعيــــش,0.0,23,0.0,0.0,0.0280088,0.407372,0.0,0.022,0.0245687,0.326542,1.47322,1.337,88.0,541.0,88.0,1.0,1997,34.7468,8.7476,1900.0,2025-04-23 00:00:00
elbrek,البــــــــرك,0.0009921,24,0.0,0.07,0.0306743,1.36527,0.0,0.02,0.00478571,0.175982,2.02567,0.06,14.6,849.0,16.0,1.0,2002,35.4705,8.9677,293.0,2025-04-23 00:00:00
bezirk,بزيـــــــغ,0.0,25,0.0,2.8684,0.00847781,3.25115,0.0,0.042,0.385796,0.214696,4.60553,0.17304,5.01,54.62,6.5,1.0,1959,36.7195,10.6272,86.0,2025-04-23 00:00:00
chiba,شيبـــــــة,0.0,26,0.0,0.985634,0.0207991,1.18315,0.0,0.050184,0.40619,0.000388172,6.27911,0.000475792,3.79,77.88,7.8,1.0,1963,36.6973,10.772,64.0,2025-04-23 00:00:00
masri,مصــــــري,4.61667e-05,27,0.07,3.30674,0.0460366,3.73252,1.16,4.8817,0.400928,1.24307,4.19115,2.53193,5.068,163.0,6.9,1.0,1968,36.534,10.4911,53.0,2025-04-23 00:00:00
lebna,لبنــــــــة,0.0,28,0.0,4.63418,0.0895256,5.6152,0.0,0.0,0.762047,0.468485,17.5483,0.590855,25.46,18.04,30.1,1.0,1986,36.7388,10.9218,199.0,2025-04-23 00:00:00
hma,الحمـــــى,0.0,29,0.0,3.59114,0.0356302,4.07376,0.0,0.03504,0.060987,0.759769,4.36482,0.274514,12.854,102.4,12.1,1.0,2002,36.5874,10.304,123.0,2025-04-23 00:00:00
abid,العبيـــــــد,0.0,30,0.0,4.13601,0.0341867,4.01404,0.0,0.0132,0.221428,0.284399,5.16144,0.783936,9.615,42.2,10.0,1.0,2002,36.8308,10.7086,54.0,2025-04-23 00:00:00
mellegue,مـــــلاق,6.8292,1,4.34,28.7361,25.9698,63.2777,20.5747,46.3294,15.1831,8.10723,131.018,8.75485,51.13,265.0,267.67,1.0,1954,36.3144,8.70273,10300.0,2025-04-22 00:00:00
sarrat,سراط,0.0613031,36,0.0,7.39341,1.53298,7.88457,0.800216,1.57089,1.382,2.33825,13.1185,4.59228,21.0,546.0,21.0,1.0,2016,35.8322,8.4434,1850.0,2025-04-22 00:00:00
benmetir,بني مطيــر,0.330259,2,0.0432,43.6186,2.90392,24.361,0.9504,12.7125,4.65287,27.7648,40.3965,40.654,60.393,436.5,61.63,1.0,1954,36.7471,8.7419,103.0,2025-04-22 00:00:00
kasseb,كســاب,0.281299,3,0.0648,26.0016,3.43835,25.7174,1.4256,14.931,3.88401,23.5776,41.0576,22.4098,76.9,292.04,81.875,1.0,1968,36.7614,9.0024,101.0,2025-04-22 00:00:00
barbara,بربرة,0.435198,4,0.98902,62.1002,6.0565,50.3929,4.33935,39.6228,8.57463,68.2268,79.2666,59.0138,60.545,182.0,74.82,1.0,1998,36.7341,8.53173,177.0,2025-04-22 00:00:00
sidisalem,سيدي ســــالم,2.00827,5,0.0432,131.833,17.791,84.193,0.94428,76.5169,45.272,119.735,352.584,234.34,580.348,115.0,814.0,1.0,1981,36.5907,9.3971,7950.0,2025-04-22 00:00:00
bouheurtma,بو هرتمـــــه,0.352115,6,0.03011,53.2229,4.65606,43.6107,1.15154,37.3099,8.32129,49.0201,75.384,69.7884,145.037,221.0,150.5,1.0,1976,36.6719,8.78758,390.0,2025-04-22 00:00:00
joumine,جوميــــــن,0.080421,7,0.099443,26.264,2.70403,33.0667,2.18706,19.0044,6.67555,28.7091,71.6887,31.4953,118.773,90.0,129.9,1.0,1983,36.9909,9.6137,418.0,2025-04-22 00:00:00
ghezala,غزالـــــــة,0.00106791,8,0.0,2.19216,0.127721,2.2783,0.019824,0.019824,0.955746,2.71498,8.95132,2.83022,10.004,82.5,11.7,1.0,1984,37.0594,9.5458,48.0,2025-04-22 00:00:00
melah,المالح,0.0124468,33,0.0,10.116,0.65478,9.43459,0.0,0.0,1.57,10.8696,24.2513,5.7682,41.0,136.0,41.0,1.0,2015,37.0761,9.4488,85.9,2025-04-22 00:00:00
tine,الطين,0.00256702,34,0.0,3.0463,0.0970254,2.84088,0.0,0.0,1.39,2.44555,16.3493,3.6313,34.0,136.0,34.0,1.0,2017,36.864,9.6287,276.0,2025-04-22 00:00:00
sejnane,سجنــــــان,0.311466,9,0.816183,62.7753,3.40441,64.0688,17.1671,136.047,6.74178,49.0796,115.514,43.1755,132.59,86.5,137.5,1.0,1994,37.181,9.4751,367.0,2025-04-22 00:00:00
zarga,الزرقـة,0.0375965,10,0.268812,24.418,2.31537,20.7508,1.13578,1.45456,2.08,18.166,20.8053,21.718,24.256,93.0,24.0,1.0,2012,36.8824,8.6992,60.0,2025-04-22 00:00:00
kebir,الكبيــر,0.238763,31,0.0,42.9824,3.18843,28.141,0.0,11.5034,0.804585,19.6306,35.9455,28.52,64.4,85.0,64.4,1.0,2014,36.8802,8.7211,85.2,2025-04-22 00:00:00
moula,المولى,0.134627,32,0.0,19.676,1.65273,19.9587,0.08159,8.08648,0.59641,10.8891,30.0882,20.084,26.337,110.0,26.3,1.0,2013,36.9347,8.845,58.0,2025-04-22 00:00:00
selbarrak,سيدي البــــراق,1.44088,11,0.6858,206.27,12.8807,201.437,14.1718,106.429,21.6344,125.533,284.593,130.52,286.514,27.0,286.514,1.0,1999,37.0244,8.93652,865.0,2025-04-22 00:00:00
ziatine,الزياتيـن,0.0185279,12,0.038299,16.7616,0.44877,14.2383,0.539681,6.03797,2.35,9.68495,27.5733,13.7419,33.3,37.0,33.0,1.0,2012,37.1856,9.2011,95.0,2025-04-22 00:00:00
gamgoum,القمقـوم,0.00198639,13,0.0,9.23553,0.273924,4.41901,0.63,3.972,0.154951,3.0046,7.88716,13.5735,18.3,48.0,18.3,1.0,2012,37.1989,9.2679,35.5,2025-04-22 00:00:00
harka,الحركـة,0.00609922,35,0.0,13.4069,0.368488,6.95259,0.0,0.0,1.42,5.22802,22.9013,9.1023,30.3,38.4,30.3,1.0,2016,37.222,9.4024,77.0,2025-04-22 00:00:00
siliana,سليانـــــــة,0.0404085,14,0.0,9.13223,0.594889,6.33949,0.0,0.2189,3.07689,4.336,31.4317,6.48723,30.986,388.5,70.0,1.0,1987,36.1571,9.3521,1040.0,2025-04-22 00:00:00
lakhmess,لخمـــــــاس,0.0114505,15,4.8e-05,1.93721,0.210733,1.12205,0.000891,0.015456,1.48475,0.612307,10.5169,1.47686,7.22,517.06,8.22,1.0,1966,35.9994,9.4752,127.0,2025-04-22 00:00:00
rmil,الرميـــــــل,0.001008,16,0.0,0.7134,0.0543823,0.701132,0.0,0.0,0.582374,0.417268,9.62209,0.5938,2.0,285.0,4.0,1.0,2002,36.3023,9.5019,232.0,2025-04-22 00:00:00
birmcherga,بئر المشارقـــة,0.0095453,17,0.0012,10.2677,0.32699,7.31567,0.0264,0.48632,2.54987,6.58803,23.7926,11.7165,41.599,122.5,52.9,1.0,1971,36.5119,10.0102,1263.0,2025-04-22 00:00:00
rmel,الرمــــــل,0.0,18,0.01075,20.9839,0.180237,26.545,0.2365,1.73636,1.02624,6.10044,15.29,2.7917,23.825,43.0,22.0,1.0,1998,36.3308,10.3584,675.0,2025-04-22 00:00:00
nebhana,نبهانــــــة,0.0,19,0.012548,6.09124,0.232954,5.61856,0.112314,0.401511,1.84899,1.44448,19.7294,2.53174,64.61,230.0,86.5,1.0,1965,36.06,9.8724,855.0,2025-04-22 00:00:00
sidisaad,سيدي سعـــد,0.00782545,20,0.0,22.5705,1.16189,5.70733,0.066108,0.066108,2.67582,3.52613,36.8989,26.5609,133.317,270.0,209.0,1.0,1981,35.3902,9.6948,8950.0,2025-04-22 00:00:00
elhaouareb,هـــــــوارب,0.0,21,0.0,1.09383,1.33155,7.05973,0.015985,0.028406,0.880421,0.197219,13.1807,0.00576132,77.47,217.0,0.0,1.0,1989,35.5727,9.7468,1120.0,2025-04-22 00:00:00
sficifa,سفيسيفة,0.0,22,0.0,1.97461,0.300989,0.919438,0.0,0.0,0.0109432,0.406271,1.18212,1.71246,7.71,677.8,4.24,1.0,2005,35.3413,9.0705,173.65,2025-04-22 00:00:00
sidiach,سيدي يعيــــش,0.0,23,0.0,0.0,0.0280088,0.407372,0.0,0.022,0.0245687,0.325249,1.4724,1.337,88.0,541.0,88.0,1.0,1997,34.7468,8.7476,1900.0,2025-04-22 00:00:00
elbrek,البــــــــرك,0.00133933,24,0.0,0.07,0.0296822,1.36427,0.0,0.02,0.00478571,0.175372,2.02551,0.06,14.6,849.0,16.0,1.0,2002,35.4705,8.9677,293.0,2025-04-22 00:00:00
bezirk,بزيـــــــغ,0.000657557,25,0.0,2.8758,0.00847781,3.25115,0.0,0.042,0.385796,0.214226,4.59267,0.17304,5.01,54.62,6.5,1.0,1959,36.7195,10.6272,86.0,2025-04-22 00:00:00
chiba,شيبـــــــة,0.00183713,26,0.0,0.9918,0.0207991,1.18315,0.0,0.050184,0.40619,0.000385631,6.26557,0.000475792,3.79,77.88,7.8,1.0,1963,36.6973,10.772,64.0,2025-04-22 00:00:00
masri,مصــــــري,0.0,27,0.05,3.37929,0.0459905,3.73247,1.09,4.8117,0.400928,1.24067,4.17778,2.48053,5.068,163.0,6.9,1.0,1968,36.534,10.4911,53.0,2025-04-22 00:00:00
lebna,لبنــــــــة,0.00589801,28,0.0,4.65508,0.0895256,5.6152,0.0,0.0,0.762047,0.465774,17.5229,0.590855,25.46,18.04,30.1,1.0,1986,36.7388,10.9218,199.0,2025-04-22 00:00:00
hma,الحمـــــى,0.00250949,29,0.0,3.59999,0.0356302,4.07376,0.0,0.03504,0.060987,0.759769,4.36279,0.278994,12.854,102.4,12.1,1.0,2002,36.5874,10.304,123.0,2025-04-22 00:00:00
abid,العبيـــــــد,0.00205502,30,0.0,4.14362,0.0341867,4.01404,0.0,0.0132,0.221428,0.284399,5.15406,0.786891,9.615,42.2,10.0,1.0,2002,36.8308,10.7086,54.0,2025-04-22 00:00:00
mellegue,مـــــلاق,8.38369,1,3.53,26.2525,19.1406,56.4485,16.2347,41.9894,15.1831,8.09809,130.512,8.75485,51.13,265.0,267.67,1.0,1954,36.3144,8.70273,10300.0,2025-04-21 00:00:00
sarrat,سراط,0.967936,36,0.021964,7.33682,1.47167,7.82327,0.800216,1.57089,1.382,2.30557,13.0724,4.63142,21.0,546.0,21.0,1.0,2016,35.8322,8.4434,1850.0,2025-04-21 00:00:00
benmetir,بني مطيــر,1.01601,2,0.0432,43.3335,2.57366,24.0307,0.9072,12.6693,4.65287,27.7648,40.2414,40.704,60.393,436.5,61.63,1.0,1954,36.7471,8.7419,103.0,2025-04-21 00:00:00
kasseb,كســاب,0.237924,3,0.0648,25.7872,3.15705,25.4361,1.3608,14.8662,3.88401,23.5776,40.9281,22.4685,76.9,292.04,81.875,1.0,1968,36.7614,9.0024,101.0,2025-04-21 00:00:00
barbara,بربرة,1.65523,4,1.21752,62.6619,5.6213,49.9577,3.35033,38.6338,8.57463,68.206,78.9808,59.0965,60.545,182.0,74.82,1.0,1998,36.7341,8.53173,177.0,2025-04-21 00:00:00
sidisalem,سيدي ســــالم,1.78118,5,0.0432,129.92,15.7827,82.1847,0.90108,76.4737,45.272,119.735,351.075,235.169,580.348,115.0,814.0,1.0,1981,36.5907,9.3971,7950.0,2025-04-21 00:00:00
bouheurtma,بو هرتمـــــه,0.938749,6,0.03014,52.9025,4.30394,43.2585,1.12143,37.2798,8.32129,48.9843,75.1066,69.9107,145.037,221.0,150.5,1.0,1976,36.6719,8.78758,390.0,2025-04-21 00:00:00
joumine,جوميــــــن,0.0764114,7,0.097418,26.2902,2.62361,32.9863,2.08761,18.9049,6.67555,28.6816,71.4662,31.5835,118.773,90.0,129.9,1.0,1983,36.9909,9.6137,418.0,2025-04-21 00:00:00
ghezala,غزالـــــــة,0.00902793,8,0.0031,2.19216,0.126654,2.27723,0.019824,0.019824,0.955746,2.70213,8.91946,2.84171,10.004,82.5,11.7,1.0,1984,37.0594,9.5458,48.0,2025-04-21 00:00:00
melah,المالح,0.0360893,33,0.0,10.104,0.642333,9.42214,0.0,0.0,1.57,10.8658,24.199,5.833,41.0,136.0,41.0,1.0,2015,37.0761,9.4488,85.9,2025-04-21 00:00:00
tine,الطين,0.0242557,34,0.0,3.0463,0.0944584,2.83831,0.0,0.0,1.39,2.44555,16.303,3.643,34.0,136.0,34.0,1.0,2017,36.864,9.6287,276.0,2025-04-21 00:00:00
sejnane,سجنــــــان,0.401334,9,0.837193,62.6777,3.09295,63.7573,16.3509,135.231,6.74178,49.0796,115.289,42.8634,132.59,86.5,137.5,1.0,1994,37.181,9.4751,367.0,2025-04-21 00:00:00
zarga,الزرقـة,0.659151,10,0.746484,24.652,2.27777,20.7132,0.866964,1.18574,2.08,18.166,20.736,21.844,24.256,93.0,24.0,1.0,2012,36.8824,8.6992,60.0,2025-04-21 00:00:00
kebir,الكبيــر,1.00711,31,0.0,42.7502,2.94967,27.9022,0.0,11.5034,0.804585,19.6232,35.9187,28.52,64.4,85.0,64.4,1.0,2014,36.8802,8.7211,85.2,2025-04-21 00:00:00
moula,المولى,0.44644,32,0.0,19.544,1.51811,19.8241,0.08159,8.08648,0.59641,10.875,30.0683,20.192,26.337,110.0,26.3,1.0,2013,36.9347,8.845,58.0,2025-04-21 00:00:00
selbarrak,سيدي البــــراق,2.36057,11,0.6912,205.542,11.4398,199.996,13.486,105.744,21.6344,125.391,283.872,130.914,286.514,27.0,286.514,1.0,1999,37.0244,8.93652,865.0,2025-04-21 00:00:00
ziatine,الزياتيـن,0.0409911,12,0.039447,16.786,0.430242,14.2197,0.501382,5.99967,2.35,9.65681,27.495,13.7691,33.3,37.0,33.0,1.0,2012,37.1856,9.2011,95.0,2025-04-21 00:00:00
gamgoum,القمقـوم,0.0663201,13,0.022,9.23553,0.271937,4.41703,0.63,3.972,0.154951,2.99967,7.882,13.6086,18.3,48.0,18.3,1.0,2012,37.1989,9.2679,35.5,2025-04-21 00:00:00
harka,الحركـة,0.0928329,35,0.0,13.4069,0.362388,6.94649,0.0,0.0,1.42,5.22802,22.854,9.1243,30.3,38.4,30.3,1.0,2016,37.222,9.4024,77.0,2025-04-21 00:00:00
siliana,سليانـــــــة,0.0715064,14,0.0,9.09966,0.554481,6.29908,0.0,0.2189,3.07689,4.336,31.3291,6.51585,30.986,388.5,70.0,1.0,1987,36.1571,9.3521,1040.0,2025-04-21 00:00:00
lakhmess,لخمـــــــاس,0.0214381,15,3.6e-05,1.92686,0.199282,1.1106,0.000843,0.015408,1.48475,0.609166,10.4674,1.52223,7.22,517.06,8.22,1.0,1966,35.9994,9.4752,127.0,2025-04-21 00:00:00
rmil,الرميـــــــل,0.0007056,16,0.0,0.7134,0.0533743,0.700124,0.0,0.0,0.582374,0.415235,9.60268,0.5938,2.0,285.0,4.0,1.0,2002,36.3023,9.5019,232.0,2025-04-21 00:00:00
birmcherga,بئر المشارقـــة,0.0728114,17,0.0012,10.2677,0.317445,7.30612,0.0252,0.48512,2.54987,6.58803,23.7076,11.7513,41.599,122.5,52.9,1.0,1971,36.5119,10.0102,1263.0,2025-04-21 00:00:00
rmel,الرمــــــل,0.0250383,18,0.01075,21.0372,0.180237,26.545,0.22575,1.72561,1.02624,6.10044,15.2558,2.83478,23.825,43.0,22.0,1.0,1998,36.3308,10.3584,675.0,2025-04-21 00:00:00
nebhana,نبهانــــــة,0.00914202,19,0.00617,6.10741,0.226674,5.61228,0.093486,0.382683,1.84899,1.43962,19.6678,2.53174,64.61,230.0,86.5,1.0,1965,36.06,9.8724,855.0,2025-04-21 00:00:00
sidisaad,سيدي سعـــد,0.00451468,20,0.0,22.5705,1.15407,5.6995,0.066108,0.066108,2.67582,3.52613,36.8097,26.6322,133.317,270.0,209.0,1.0,1981,35.3902,9.6948,8950.0,2025-04-21 00:00:00
elhaouareb,هـــــــوارب,0.0654502,21,0.0,1.13559,1.33155,7.05973,0.015985,0.028406,0.880421,0.197086,13.1513,0.00576132,77.47,217.0,0.0,1.0,1989,35.5727,9.7468,1120.0,2025-04-21 00:00:00
sficifa,سفيسيفة,0.0,22,0.0,1.97806,0.300989,0.919438,0.0,0.0,0.0109432,0.405834,1.18175,1.71246,7.71,677.8,4.24,1.0,2005,35.3413,9.0705,173.65,2025-04-21 00:00:00
sidiach,سيدي يعيــــش,0.0,23,0.0,0.0,0.0280088,0.407372,0.0,0.022,0.0245687,0.323955,1.47158,1.337,88.0,541.0,88.0,1.0,1997,34.7468,8.7476,1900.0,2025-04-21 00:00:00
elbrek,البــــــــرك,0.000558056,24,0.0,0.07,0.0283429,1.36293,0.0,0.02,0.00478571,0.174761,2.02535,0.06,14.6,849.0,16.0,1.0,2002,35.4705,8.9677,293.0,2025-04-21 00:00:00
bezirk,بزيـــــــغ,0.000248656,25,0.0,2.8758,0.00782025,3.2505,0.0,0.042,0.385796,0.214226,4.57981,0.1749,5.01,54.62,6.5,1.0,1959,36.7195,10.6272,86.0,2025-04-21 00:00:00
chiba,شيبـــــــة,0.00183713,26,0.0,0.9918,0.018962,1.18132,0.0,0.050184,0.40619,0.000382711,6.25203,0.000475792,3.79,77.88,7.8,1.0,1963,36.6973,10.772,64.0,2025-04-21 00:00:00
masri,مصــــــري,0.00093311,27,0.06,3.43206,0.0459905,3.73247,1.04,4.7617,0.400928,1.24067,4.16442,2.42343,5.068,163.0,6.9,1.0,1968,36.534,10.4911,53.0,2025-04-21 00:00:00
lebna,لبنــــــــة,0.0288158,28,0.0,4.65508,0.0836276,5.60931,0.0,0.0,0.762047,0.465774,17.4975,0.59821,25.46,18.04,30.1,1.0,1986,36.7388,10.9218,199.0,2025-04-21 00:00:00
hma,الحمـــــى,0.00190422,29,0.0,3.59999,0.0331207,4.07125,0.0,0.03504,0.060987,0.759769,4.36075,0.283475,12.854,102.4,12.1,1.0,2002,36.5874,10.304,123.0,2025-04-21 00:00:00
abid,العبيـــــــد,0.00172209,30,0.0,4.14362,0.0321317,4.01198,0.0,0.0132,0.221428,0.284399,5.14668,0.789847,9.615,42.2,10.0,1.0,2002,36.8308,10.7086,54.0,2025-04-21 00:00:00
mellegue,مـــــلاق,1.5338,1,0.254,21.4043,10.757,48.0648,12.7047,38.4594,15.1831,8.07246,130.005,8.73379,51.13,265.0,267.67,1.0,1954,36.3144,8.70273,10300.0,2025-04-20 00:00:00
sarrat,سراط,0.0166763,36,0.0,6.39346,0.503736,6.85533,0.778252,1.54893,1.382,2.30557,13.0263,4.71949,21.0,546.0,21.0,1.0,2016,35.8322,8.4434,1850.0,2025-04-20 00:00:00
benmetir,بني مطيــر,0.223465,2,0.0432,42.3626,1.55765,23.0147,0.864,12.6261,4.65287,27.7648,40.0863,40.754,60.393,436.5,61.63,1.0,1954,36.7471,8.7419,103.0,2025-04-20 00:00:00
kasseb,كســاب,0.216476,3,0.0648,25.6157,2.91913,25.1982,1.296,14.8014,3.88401,23.5766,40.7987,22.5076,76.9,292.04,81.875,1.0,1968,36.7614,9.0024,101.0,2025-04-20 00:00:00
barbara,بربرة,1.504,4,0.33172,62.2298,3.96607,48.3025,2.13281,37.4163,8.57463,68.1844,78.6949,59.1793,60.545,182.0,74.82,1.0,1998,36.7341,8.53173,177.0,2025-04-20 00:00:00
sidisalem,سيدي ســــالم,1.15468,5,0.0432,128.221,14.0016,80.4036,0.85788,76.4305,45.272,119.653,349.566,235.998,580.348,115.0,814.0,1.0,1981,36.5907,9.3971,7950.0,2025-04-20 00:00:00
bouheurtma,بو هرتمـــــه,0.136669,6,0.031044,51.9947,3.36519,42.3198,1.09129,37.2496,8.32129,48.9843,74.8292,70.1553,145.037,221.0,150.5,1.0,1976,36.6719,8.78758,390.0,2025-04-20 00:00:00
joumine,جوميــــــن,0.0816893,7,0.104413,26.3163,2.54719,32.9099,1.9902,18.8075,6.67555,28.6557,71.2437,31.6716,118.773,90.0,129.9,1.0,1983,36.9909,9.6137,418.0,2025-04-20 00:00:00
ghezala,غزالـــــــة,0.0153198,8,0.00913,2.18702,0.117626,2.2682,0.016724,0.016724,0.955746,2.6918,8.88761,2.85319,10.004,82.5,11.7,1.0,1984,37.0594,9.5458,48.0,2025-04-20 00:00:00
melah,المالح,0.048089,33,0.0,10.068,0.606244,9.38606,0.0,0.0,1.57,10.8498,24.1467,5.8834,41.0,136.0,41.0,1.0,2015,37.0761,9.4488,85.9,2025-04-20 00:00:00
tine,الطين,0.00204246,34,0.0,3.0229,0.0702027,2.81405,0.0,0.0,1.39,2.43787,16.2567,3.643,34.0,136.0,34.0,1.0,2017,36.864,9.6287,276.0,2025-04-20 00:00:00
sejnane,سجنــــــان,0.161252,9,0.839623,62.4824,2.69161,63.356,15.5137,134.394,6.74178,49.0796,115.065,42.8634,132.59,86.5,137.5,1.0,1994,37.181,9.4751,367.0,2025-04-20 00:00:00
zarga,الزرقـة,0.627287,10,0.12048,24.742,1.61862,20.0541,0.12048,0.43926,2.08,18.166,20.6667,21.97,24.256,93.0,24.0,1.0,2012,36.8824,8.6992,60.0,2025-04-20 00:00:00
kebir,الكبيــر,0.626378,31,0.0,41.744,1.94256,26.8951,0.0,11.5034,0.804585,19.617,35.8919,28.52,64.4,85.0,64.4,1.0,2014,36.8802,8.7211,85.2,2025-04-20 00:00:00
moula,المولى,0.366569,32,0.0,19.1,1.07167,19.3777,0.08159,8.08648,0.59641,10.8596,30.0485,20.288,26.337,110.0,26.3,1.0,2013,36.9347,8.845,58.0,2025-04-20 00:00:00
selbarrak,سيدي البــــراق,0.807682,11,0.7776,203.894,9.07924,197.636,12.7948,105.052,21.6344,125.391,283.151,131.307,286.514,27.0,286.514,1.0,1999,37.0244,8.93652,865.0,2025-04-20 00:00:00
ziatine,الزياتيـن,0.0503852,12,0.047297,16.786,0.389251,14.1788,0.461935,5.96023,2.35,9.64852,27.4167,13.81,33.3,37.0,33.0,1.0,2012,37.1856,9.2011,95.0,2025-04-20 00:00:00
gamgoum,القمقـوم,0.0217827,13,0.037,9.19253,0.205617,4.35071,0.608,3.95,0.154951,2.99967,7.87683,13.6555,18.3,48.0,18.3,1.0,2012,37.1989,9.2679,35.5,2025-04-20 00:00:00
harka,الحركـة,0.0496441,35,0.0,13.3173,0.269555,6.85366,0.0,0.0,1.42,5.22106,22.8067,9.1243,30.3,38.4,30.3,1.0,2016,37.222,9.4024,77.0,2025-04-20 00:00:00
siliana,سليانـــــــة,0.00780866,14,0.0,9.03451,0.482975,6.22758,0.0,0.2189,3.07689,4.32409,31.2265,6.51585,30.986,388.5,70.0,1.0,1987,36.1571,9.3521,1040.0,2025-04-20 00:00:00
lakhmess,لخمـــــــاس,0.00637171,15,4e-05,1.90616,0.177844,1.08916,0.000807,0.015372,1.48475,0.604409,10.4179,1.56305,7.22,517.06,8.22,1.0,1966,35.9994,9.4752,127.0,2025-04-20 00:00:00
rmil,الرميـــــــل,0.0011088,16,0.0,0.7134,0.0526687,0.699419,0.0,0.0,0.582374,0.415235,9.58327,0.5977,2.0,285.0,4.0,1.0,2002,36.3023,9.5019,232.0,2025-04-20 00:00:00
birmcherga,بئر المشارقـــة,0.0128239,17,0.0012,10.2031,0.244633,7.23331,0.024,0.48392,2.54987,6.58803,23.6226,11.7861,41.599,122.5,52.9,1.0,1971,36.5119,10.0102,1263.0,2025-04-20 00:00:00
rmel,الرمــــــل,0.0,18,0.01075,21.0372,0.155199,26.5199,0.215,1.71486,1.02624,6.10044,15.2216,2.87786,23.825,43.0,22.0,1.0,1998,36.3308,10.3584,675.0,2025-04-20 00:00:00
nebhana,نبهانــــــة,0.016152,19,0.01318,6.10741,0.217532,5.60314,0.087316,0.376513,1.84899,1.43962,19.6061,2.54077,64.61,230.0,86.5,1.0,1965,36.06,9.8724,855.0,2025-04-20 00:00:00
sidisaad,سيدي سعـــد,0.0102333,20,0.0,22.5705,1.14955,5.69499,0.066108,0.066108,2.67582,3.52613,36.7205,26.7034,133.317,270.0,209.0,1.0,1981,35.3902,9.6948,8950.0,2025-04-20 00:00:00
elhaouareb,هـــــــوارب,0.0,21,0.0,1.07295,1.2661,6.99428,0.015985,0.028406,0.880421,0.196949,13.122,0.00576132,77.47,217.0,0.0,1.0,1989,35.5727,9.7468,1120.0,2025-04-20 00:00:00
sficifa,سفيسيفة,0.0,22,0.0,1.98151,0.300989,0.919438,0.0,0.0,0.0109432,0.405231,1.18139,1.71246,7.71,677.8,4.24,1.0,2005,35.3413,9.0705,173.65,2025-04-20 00:00:00
sidiach,سيدي يعيــــش,0.0,23,0.0,0.0,0.0280088,0.407372,0.0,0.022,0.0245687,0.322403,1.47076,1.337,88.0,541.0,88.0,1.0,1997,34.7468,8.7476,1900.0,2025-04-20 00:00:00
elbrek,البــــــــرك,0.0009921,24,0.0,0.07,0.0277848,1.36238,0.0,0.02,0.00478571,0.174029,2.02519,0.06,14.6,849.0,16.0,1.0,2002,35.4705,8.9677,293.0,2025-04-20 00:00:00
bezirk,بزيـــــــغ,0.0,25,0.0,2.8758,0.0075716,3.25025,0.0,0.042,0.385796,0.213674,4.56695,0.1749,5.01,54.62,6.5,1.0,1959,36.7195,10.6272,86.0,2025-04-20 00:00:00
chiba,شيبـــــــة,0.0,26,0.0,0.9918,0.0171249,1.17948,0.0,0.050184,0.40619,0.00038017,6.23849,0.000475792,3.79,77.88,7.8,1.0,1963,36.6973,10.772,64.0,2025-04-20 00:00:00
masri,مصــــــري,0.0,27,0.05,3.49143,0.0450574,3.73154,0.98,4.7017,0.400928,1.23247,4.15106,2.36632,5.068,163.0,6.9,1.0,1968,36.534,10.4911,53.0,2025-04-20 00:00:00
lebna,لبنــــــــة,0.0,28,0.0,4.63418,0.0548118,5.58049,0.0,0.0,0.762047,0.463047,17.4721,0.59821,25.46,18.04,30.1,1.0,1986,36.7388,10.9218,199.0,2025-04-20 00:00:00
hma,الحمـــــى,0.0,29,0.0,3.59999,0.0312165,4.06935,0.0,0.03504,0.060987,0.759769,4.35872,0.290196,12.854,102.4,12.1,1.0,2002,36.5874,10.304,123.0,2025-04-20 00:00:00
abid,العبيـــــــد,0.0,30,0.0,4.14362,0.0304096,4.01026,0.0,0.0132,0.221428,0.283338,5.1393,0.789847,9.615,42.2,10.0,1.0,2002,36.8308,10.7086,54.0,2025-04-20 00:00:00
mellegue,مـــــلاق,0.421538,1,4.34,20.1288,9.22316,46.531,12.4507,38.2054,15.1831,8.07246,129.499,8.75485,51.13,265.0,267.67,1.0,1954,36.3144,8.70273,10300.0,2025-04-19 00:00:00
sarrat,سراط,0.0154127,36,0.024021,6.38106,0.48706,6.83866,0.778252,1.54893,1.382,2.30557,12.9803,4.76842,21.0,546.0,21.0,1.0,2016,35.8322,8.4434,1850.0,2025-04-19 00:00:00
benmetir,بني مطيــر,0.0452903,2,0.0432,42.1843,1.33418,22.7913,0.8208,12.5829,4.65287,27.7648,39.9312,40.804,60.393,436.5,61.63,1.0,1954,36.7471,8.7419,103.0,2025-04-19 00:00:00
kasseb,كســاب,0.067343,3,0.0648,25.4656,2.70265,24.9817,1.2312,14.7366,3.88401,23.5766,40.6692,22.5663,76.9,292.04,81.875,1.0,1968,36.7614,9.0024,101.0,2025-04-19 00:00:00
barbara,بربرة,0.0,4,0.22536,61.0633,2.46207,46.7985,1.80109,37.0846,8.57463,68.1647,78.4091,59.2621,60.545,182.0,74.82,1.0,1998,36.7341,8.53173,177.0,2025-04-19 00:00:00
sidisalem,سيدي ســــالم,0.523445,5,0.0432,127.158,12.8469,79.2489,0.81468,76.3873,45.272,119.401,348.057,236.551,580.348,115.0,814.0,1.0,1981,36.5907,9.3971,7950.0,2025-04-19 00:00:00
bouheurtma,بو هرتمـــــه,0.0860187,6,0.030238,51.8902,3.22853,42.1831,1.06025,37.2186,8.32129,48.9843,74.5519,70.2165,145.037,221.0,150.5,1.0,1976,36.6719,8.78758,390.0,2025-04-19 00:00:00
joumine,جوميــــــن,0.0830611,7,0.100408,26.3433,2.4655,32.8282,1.88578,18.7031,6.67555,28.63,71.0212,31.7597,118.773,90.0,129.9,1.0,1983,36.9909,9.6137,418.0,2025-04-19 00:00:00
ghezala,غزالـــــــة,0.00355945,8,0.007594,2.18188,0.102306,2.25288,0.007594,0.007594,0.955746,2.68306,8.85575,2.85893,10.004,82.5,11.7,1.0,1984,37.0594,9.5458,48.0,2025-04-19 00:00:00
melah,المالح,0.0126205,33,0.0,10.02,0.558155,9.33797,0.0,0.0,1.57,10.8391,24.0943,5.941,41.0,136.0,41.0,1.0,2015,37.0761,9.4488,85.9,2025-04-19 00:00:00
tine,الطين,0.00306369,34,0.0,3.0229,0.0681602,2.81201,0.0,0.0,1.39,2.43078,16.2103,3.643,34.0,136.0,34.0,1.0,2017,36.864,9.6287,276.0,2025-04-19 00:00:00
sejnane,سجنــــــان,0.15551,9,0.827603,62.4336,2.53036,63.1947,14.6741,133.554,6.74178,49.0473,114.84,42.6684,132.59,86.5,137.5,1.0,1994,37.181,9.4751,367.0,2025-04-19 00:00:00
zarga,الزرقـة,0.021169,10,0.0,24.238,0.991335,19.4268,0.0,0.31878,2.08,18.166,20.5973,22.096,24.256,93.0,24.0,1.0,2012,36.8824,8.6992,60.0,2025-04-19 00:00:00
kebir,الكبيــر,0.0329207,31,0.0,41.1248,1.31619,26.2687,0.0,11.5034,0.804585,19.6126,35.865,28.52,64.4,85.0,64.4,1.0,2014,36.8802,8.7211,85.2,2025-04-19 00:00:00
moula,المولى,0.0242084,32,0.0,18.736,0.705098,19.0111,0.08159,8.08648,0.59641,10.8426,30.0286,20.384,26.337,110.0,26.3,1.0,2013,36.9347,8.845,58.0,2025-04-19 00:00:00
selbarrak,سيدي البــــراق,0.265231,11,0.6966,203.894,8.27156,196.828,12.0172,104.275,21.6344,124.919,282.43,131.11,286.514,27.0,286.514,1.0,1999,37.0244,8.93652,865.0,2025-04-19 00:00:00
ziatine,الزياتيـن,0.0312494,12,0.025073,16.786,0.338865,14.1284,0.414638,5.91293,2.35,9.62978,27.3383,13.8373,33.3,37.0,33.0,1.0,2012,37.1856,9.2011,95.0,2025-04-19 00:00:00
gamgoum,القمقـوم,0.00884672,13,0.032,9.20973,0.183835,4.32893,0.571,3.913,0.154951,2.9975,7.87167,13.6906,18.3,48.0,18.3,1.0,2012,37.1989,9.2679,35.5,2025-04-19 00:00:00
harka,الحركـة,0.0,35,0.0,13.2713,0.219911,6.80402,0.0,0.0,1.42,5.21303,22.7593,9.1243,30.3,38.4,30.3,1.0,2016,37.222,9.4024,77.0,2025-04-19 00:00:00
siliana,سليانـــــــة,0.00902876,14,0.0,9.03451,0.475166,6.21977,0.0,0.2189,3.07689,4.32409,31.124,6.63034,30.986,388.5,70.0,1.0,1987,36.1571,9.3521,1040.0,2025-04-19 00:00:00
lakhmess,لخمـــــــاس,0.00659855,15,3.8e-05,1.90098,0.171473,1.08279,0.000767,0.015332,1.48475,0.602019,10.3685,1.56759,7.22,517.06,8.22,1.0,1966,35.9994,9.4752,127.0,2025-04-19 00:00:00
rmil,الرميـــــــل,0.0012096,16,0.0,0.7134,0.0515599,0.69831,0.0,0.0,0.582374,0.413426,9.56385,0.5977,2.0,285.0,4.0,1.0,2002,36.3023,9.5019,232.0,2025-04-19 00:00:00
birmcherga,بئر المشارقـــة,0.0,17,0.0012,10.2031,0.231809,7.22049,0.0228,0.48272,2.54987,6.58803,23.5376,11.8209,41.599,122.5,52.9,1.0,1971,36.5119,10.0102,1263.0,2025-04-19 00:00:00
rmel,الرمــــــل,0.0,18,0.01075,21.0906,0.155199,26.5199,0.20425,1.70411,1.02624,6.10044,15.1874,2.92094,23.825,43.0,22.0,1.0,1998,36.3308,10.3584,675.0,2025-04-19 00:00:00
nebhana,نبهانــــــة,0.000556798,19,0.01375,6.10741,0.20138,5.58699,0.074136,0.363333,1.84899,1.43475,19.5445,2.54077,64.61,230.0,86.5,1.0,1965,36.06,9.8724,855.0,2025-04-19 00:00:00
sidisaad,سيدي سعـــد,0.0114372,20,0.0,22.5705,1.13932,5.68475,0.066108,0.066108,2.67582,3.52613,36.6313,26.7747,133.317,270.0,209.0,1.0,1981,35.3902,9.6948,8950.0,2025-04-19 00:00:00
elhaouareb,هـــــــوارب,0.0,21,0.0,1.15648,1.2661,6.99428,0.015985,0.028406,0.880421,0.19682,13.0926,0.00576132,77.47,217.0,0.0,1.0,1989,35.5727,9.7468,1120.0,2025-04-19 00:00:00
sficifa,سفيسيفة,0.0,22,0.0,1.9884,0.300989,0.919438,0.0,0.0,0.0109432,0.404707,1.18103,1.71246,7.71,677.8,4.24,1.0,2005,35.3413,9.0705,173.65,2025-04-19 00:00:00
sidiach,سيدي يعيــــش,0.0,23,0.0,0.0,0.0280088,0.407372,0.0,0.022,0.0245687,0.321109,1.46994,1.337,88.0,541.0,88.0,1.0,1997,34.7468,8.7476,1900.0,2025-04-19 00:00:00
elbrek,البــــــــرك,0.00143854,24,0.0,0.07,0.0267927,1.36138,0.0,0.02,0.00478571,0.173418,2.02503,0.06,14.6,849.0,16.0,1.0,2002,35.4705,8.9677,293.0,2025-04-19 00:00:00
bezirk,بزيـــــــغ,0.0,25,0.0,2.8832,0.0075716,3.25025,0.0,0.042,0.385796,0.213674,4.55409,0.17676,5.01,54.62,6.5,1.0,1959,36.7195,10.6272,86.0,2025-04-19 00:00:00
chiba,شيبـــــــة,0.00188833,26,0.0,0.997966,0.0171249,1.17948,0.0,0.050184,0.40619,0.000377358,6.22495,0.000475792,3.79,77.88,7.8,1.0,1963,36.6973,10.772,64.0,2025-04-19 00:00:00
masri,مصــــــري,0.00831009,27,0.08,3.54419,0.0450574,3.73154,0.93,4.6517,0.400928,1.23247,4.13769,2.31812,5.068,163.0,6.9,1.0,1968,36.534,10.4911,53.0,2025-04-19 00:00:00
lebna,لبنــــــــة,0.00651885,28,0.0,4.65508,0.0548118,5.58049,0.0,0.0,0.762047,0.463047,17.4467,0.605565,25.46,18.04,30.1,1.0,1986,36.7388,10.9218,199.0,2025-04-19 00:00:00
hma,الحمـــــى,0.0033326,29,0.0,3.60884,0.0312165,4.06935,0.0,0.03504,0.060987,0.759769,4.35669,0.296916,12.854,102.4,12.1,1.0,2002,36.5874,10.304,123.0,2025-04-19 00:00:00
abid,العبيـــــــد,0.00351702,30,0.0,4.15124,0.0304096,4.01026,0.0,0.0132,0.221428,0.283338,5.13192,0.792803,9.615,42.2,10.0,1.0,2002,36.8308,10.7086,54.0,2025-04-19 00:00:00
mellegue,مـــــلاق,0.80327,1,4.34,24.0551,8.80162,46.1095,8.11073,33.8654,15.1831,8.04683,128.993,8.73379,51.13,265.0,267.67,1.0,1954,36.3144,8.70273,10300.0,2025-04-18 00:00:00
sarrat,سراط,0.0152516,36,0.0,6.39346,0.471647,6.82324,0.754231,1.5249,1.382,2.28573,12.9342,4.81996,21.0,546.0,21.0,1.0,2016,35.8322,8.4434,1850.0,2025-04-18 00:00:00
benmetir,بني مطيــر,0.0451002,2,0.0432,42.1843,1.28889,22.746,0.7776,12.5397,4.65287,27.7648,39.7761,40.854,60.393,436.5,61.63,1.0,1954,36.7471,8.7419,103.0,2025-04-18 00:00:00
kasseb,كســاب,0.110064,3,0.0648,25.4656,2.63531,24.9144,1.1664,14.6718,3.88401,23.5766,40.5397,22.6054,76.9,292.04,81.875,1.0,1968,36.7614,9.0024,101.0,2025-04-18 00:00:00
barbara,بربرة,0.197557,4,0.40332,61.409,2.46207,46.7985,1.57573,36.8592,8.57463,68.1579,78.1233,59.3448,60.545,182.0,74.82,1.0,1998,36.7341,8.53173,177.0,2025-04-18 00:00:00
sidisalem,سيدي ســــالم,0.517065,5,0.0432,126.733,12.3234,78.7254,0.77148,76.3441,45.272,119.327,346.547,237.38,580.348,115.0,814.0,1.0,1981,36.5907,9.3971,7950.0,2025-04-18 00:00:00
bouheurtma,بو هرتمـــــه,0.137892,6,0.030291,51.838,3.14251,42.0971,1.03001,37.1884,8.32129,48.9843,74.2745,70.3999,145.037,221.0,150.5,1.0,1976,36.6719,8.78758,390.0,2025-04-18 00:00:00
joumine,جوميــــــن,0.0789405,7,0.098433,26.3702,2.38244,32.7451,1.78537,18.6027,6.67555,28.6102,70.7987,31.8479,118.773,90.0,129.9,1.0,1983,36.9909,9.6137,418.0,2025-04-18 00:00:00
ghezala,غزالـــــــة,0.0061048,8,0.0,2.18702,0.0987464,2.24932,0.0,0.0,0.955746,2.68129,8.82389,2.86467,10.004,82.5,11.7,1.0,1984,37.0594,9.5458,48.0,2025-04-18 00:00:00
melah,المالح,0.0243542,33,0.0,10.008,0.545534,9.32535,0.0,0.0,1.57,10.8353,24.042,6.0058,41.0,136.0,41.0,1.0,2015,37.0761,9.4488,85.9,2025-04-18 00:00:00
tine,الطين,0.0,34,0.0,3.0229,0.0650965,2.80895,0.0,0.0,1.39,2.42486,16.164,3.643,34.0,136.0,34.0,1.0,2017,36.864,9.6287,276.0,2025-04-18 00:00:00
sejnane,سجنــــــان,0.185139,9,0.839763,62.4824,2.37485,63.0392,13.8465,132.727,6.74178,49.0473,114.615,42.5514,132.59,86.5,137.5,1.0,1994,37.181,9.4751,367.0,2025-04-18 00:00:00
zarga,الزرقـة,0.0209037,10,0.0,24.22,0.970166,19.4056,0.0,0.31878,2.08,18.166,20.528,22.222,24.256,93.0,24.0,1.0,2012,36.8824,8.6992,60.0,2025-04-18 00:00:00
kebir,الكبيــر,0.0596081,31,0.0,41.099,1.28326,26.2358,0.0,11.5034,0.804585,19.6114,35.8382,28.52,64.4,85.0,64.4,1.0,2014,36.8802,8.7211,85.2,2025-04-18 00:00:00
moula,المولى,0.0238677,32,0.0,18.7147,0.680889,18.9869,0.08159,8.08648,0.59641,10.8257,30.0087,20.48,26.337,110.0,26.3,1.0,2013,36.9347,8.845,58.0,2025-04-18 00:00:00
selbarrak,سيدي البــــراق,0.481654,11,0.6858,204.359,8.00632,196.563,11.3206,103.578,21.6344,124.919,281.709,131.504,286.514,27.0,286.514,1.0,1999,37.0244,8.93652,865.0,2025-04-18 00:00:00
ziatine,الزياتيـن,0.0493944,12,0.018818,16.786,0.307616,14.0971,0.389565,5.88786,2.35,9.6244,27.26,13.8782,33.3,37.0,33.0,1.0,2012,37.1856,9.2011,95.0,2025-04-18 00:00:00
gamgoum,القمقـوم,0.00618891,13,0.03,9.23553,0.174988,4.32008,0.539,3.881,0.154951,2.99542,7.8665,13.7257,18.3,48.0,18.3,1.0,2012,37.1989,9.2679,35.5,2025-04-18 00:00:00
harka,الحركـة,0.00525656,35,0.0,13.2943,0.219911,6.80402,0.0,0.0,1.42,5.21303,22.712,9.1463,30.3,38.4,30.3,1.0,2016,37.222,9.4024,77.0,2025-04-18 00:00:00
siliana,سليانـــــــة,0.00805268,14,0.0,9.03451,0.466137,6.21074,0.0,0.2189,3.07689,4.32409,31.0214,6.84084,30.986,388.5,70.0,1.0,1987,36.1571,9.3521,1040.0,2025-04-18 00:00:00
lakhmess,لخمـــــــاس,0.00636288,15,3.5e-05,1.89581,0.164874,1.07619,0.000729,0.015294,1.48475,0.600148,10.319,1.6003,7.22,517.06,8.22,1.0,1966,35.9994,9.4752,127.0,2025-04-18 00:00:00
rmil,الرميـــــــل,0.0011088,16,0.0,0.7134,0.0503503,0.6971,0.0,0.0,0.582374,0.413426,9.54444,0.6016,2.0,285.0,4.0,1.0,2002,36.3023,9.5019,232.0,2025-04-18 00:00:00
birmcherga,بئر المشارقـــة,0.0,17,0.0012,10.2354,0.231809,7.22049,0.0216,0.48152,2.54987,6.58803,23.4527,11.8557,41.599,122.5,52.9,1.0,1971,36.5119,10.0102,1263.0,2025-04-18 00:00:00
rmel,الرمــــــل,0.0,18,0.01075,21.144,0.155199,26.5199,0.1935,1.69336,1.02624,6.10044,15.1532,2.96402,23.825,43.0,22.0,1.0,1998,36.3308,10.3584,675.0,2025-04-18 00:00:00
nebhana,نبهانــــــة,0.0113902,19,0.008415,6.12357,0.200823,5.58643,0.060386,0.349583,1.84899,1.43475,19.4829,2.54979,64.61,230.0,86.5,1.0,1965,36.06,9.8724,855.0,2025-04-18 00:00:00
sidisaad,سيدي سعـــد,0.00804842,20,0.066108,22.5705,1.12788,5.67332,0.066108,0.066108,2.67582,3.52613,36.5421,26.8459,133.317,270.0,209.0,1.0,1981,35.3902,9.6948,8950.0,2025-04-18 00:00:00
elhaouareb,هـــــــوارب,0.0238308,21,0.0,1.24,1.2661,6.99428,0.015985,0.028406,0.880421,0.196723,13.0633,0.00576132,77.47,217.0,0.0,1.0,1989,35.5727,9.7468,1120.0,2025-04-18 00:00:00
sficifa,سفيسيفة,0.0,22,0.0,2.00033,0.300989,0.919438,0.0,0.0,0.0109432,0.40427,1.18066,1.71246,7.71,677.8,4.24,1.0,2005,35.3413,9.0705,173.65,2025-04-18 00:00:00
sidiach,سيدي يعيــــش,0.0,23,0.0,0.0,0.0280088,0.407372,0.0,0.022,0.0245687,0.319815,1.46912,1.337,88.0,541.0,88.0,1.0,1997,34.7468,8.7476,1900.0,2025-04-18 00:00:00
elbrek,البــــــــرك,0.00143854,24,0.0,0.07,0.0253542,1.35995,0.0,0.02,0.00478571,0.172808,2.02487,0.06,14.6,849.0,16.0,1.0,2002,35.4705,8.9677,293.0,2025-04-18 00:00:00
bezirk,بزيـــــــغ,0.0,25,0.0,2.8906,0.0075716,3.25025,0.0,0.042,0.385796,0.213357,4.54123,0.17676,5.01,54.62,6.5,1.0,1959,36.7195,10.6272,86.0,2025-04-18 00:00:00
chiba,شيبـــــــة,0.00165229,26,0.0,0.997966,0.0152365,1.17759,0.0,0.050184,0.40619,0.000374979,6.21141,0.000475792,3.79,77.88,7.8,1.0,1963,36.6973,10.772,64.0,2025-04-18 00:00:00
masri,مصــــــري,0.0,27,0.05,3.61795,0.0367473,3.72323,0.85,4.5717,0.400928,1.23247,4.12433,2.28094,5.068,163.0,6.9,1.0,1968,36.534,10.4911,53.0,2025-04-18 00:00:00
lebna,لبنــــــــة,0.00558758,28,0.0,4.65508,0.048293,5.57397,0.0,0.0,0.762047,0.460243,17.4213,0.605565,25.46,18.04,30.1,1.0,1986,36.7388,10.9218,199.0,2025-04-18 00:00:00
hma,الحمـــــى,0.0,29,0.0,3.60884,0.0278839,4.06601,0.0,0.03504,0.060987,0.759769,4.35466,0.303637,12.854,102.4,12.1,1.0,2002,36.5874,10.304,123.0,2025-04-18 00:00:00
abid,العبيـــــــد,0.0,30,0.0,4.15124,0.0268926,4.00674,0.0,0.0132,0.221428,0.282581,5.12454,0.792803,9.615,42.2,10.0,1.0,2002,36.8308,10.7086,54.0,2025-04-18 00:00:00
mellegue,مـــــلاق,4.51265,1,3.44,27.5982,7.99835,45.3062,3.77073,29.5254,15.1831,8.04227,128.487,8.73379,51.13,265.0,267.67,1.0,1954,36.3144,8.70273,10300.0,2025-04-17 00:00:00
sarrat,سراط,0.130664,36,0.003322,6.38106,0.456395,6.80799,0.754231,1.5249,1.382,2.28573,12.8881,4.89456,21.0,546.0,21.0,1.0,2016,35.8322,8.4434,1850.0,2025-04-17 00:00:00
benmetir,بني مطيــر,0.14702,2,0.0432,42.1843,1.24379,22.7009,0.7344,12.4965,4.65287,27.7648,39.621,40.904,60.393,436.5,61.63,1.0,1954,36.7471,8.7419,103.0,2025-04-17 00:00:00
kasseb,كســاب,0.152465,3,0.0648,25.4228,2.52524,24.8043,1.1016,14.607,3.88401,23.5766,40.4103,22.6641,76.9,292.04,81.875,1.0,1968,36.7614,9.0024,101.0,2025-04-17 00:00:00
barbara,بربرة,0.124118,4,0.50402,61.625,2.26451,46.6009,1.17241,36.4559,8.57463,68.1377,77.8375,59.4276,60.545,182.0,74.82,1.0,1998,36.7341,8.53173,177.0,2025-04-17 00:00:00
sidisalem,سيدي ســــالم,0.715288,5,0.0432,126.308,11.8064,78.2084,0.72828,76.3009,45.272,118.788,345.038,237.656,580.348,115.0,814.0,1.0,1981,36.5907,9.3971,7950.0,2025-04-17 00:00:00
bouheurtma,بو هرتمـــــه,0.29352,6,0.030058,51.7336,3.00462,41.9592,0.999721,37.1581,8.32129,48.9843,73.9971,70.5833,145.037,221.0,150.5,1.0,1976,36.6719,8.78758,390.0,2025-04-17 00:00:00
joumine,جوميــــــن,0.105223,7,0.097053,26.3971,2.3035,32.6662,1.68694,18.5043,6.67555,28.5535,70.5761,31.9066,118.773,90.0,129.9,1.0,1983,36.9909,9.6137,418.0,2025-04-17 00:00:00
ghezala,غزالـــــــة,0.00598787,8,0.0,2.18188,0.0926416,2.24322,0.0,0.0,0.955746,2.67786,8.79203,2.86467,10.004,82.5,11.7,1.0,1984,37.0594,9.5458,48.0,2025-04-17 00:00:00
melah,المالح,0.0240884,33,0.0,9.984,0.52118,9.30099,0.0,0.0,1.57,10.8317,23.9897,6.0706,41.0,136.0,41.0,1.0,2015,37.0761,9.4488,85.9,2025-04-17 00:00:00
tine,الطين,0.00307206,34,0.0,3.0346,0.0650965,2.80895,0.0,0.0,1.39,2.42486,16.1177,3.6547,34.0,136.0,34.0,1.0,2017,36.864,9.6287,276.0,2025-04-17 00:00:00
sejnane,سجنــــــان,0.223212,9,0.88655,62.5312,2.18971,62.8541,13.0068,131.887,6.74178,48.9815,114.39,42.3953,132.59,86.5,137.5,1.0,1994,37.181,9.4751,367.0,2025-04-17 00:00:00
zarga,الزرقـة,0.0566386,10,0.0,24.202,0.949262,19.3847,0.0,0.31878,2.08,18.166,20.4587,22.348,24.256,93.0,24.0,1.0,2012,36.8824,8.6992,60.0,2025-04-17 00:00:00
kebir,الكبيــر,0.0836243,31,0.0,41.0474,1.22366,26.1762,0.0,11.5034,0.804585,19.605,35.8114,28.52,64.4,85.0,64.4,1.0,2014,36.8802,8.7211,85.2,2025-04-17 00:00:00
moula,المولى,0.0766888,32,0.0,18.6933,0.657022,18.963,0.08159,8.08648,0.59641,10.8203,29.9888,20.528,26.337,110.0,26.3,1.0,2013,36.9347,8.845,58.0,2025-04-17 00:00:00
selbarrak,سيدي البــــراق,0.953916,11,0.6966,204.592,7.52467,196.081,10.6348,102.892,21.6344,124.793,280.988,131.7,286.514,27.0,286.514,1.0,1999,37.0244,8.93652,865.0,2025-04-17 00:00:00
ziatine,الزياتيـن,0.0204219,12,0.017336,16.7616,0.258222,14.0477,0.370747,5.86904,2.35,9.60511,27.1817,13.9054,33.3,37.0,33.0,1.0,2012,37.1856,9.2011,95.0,2025-04-17 00:00:00
gamgoum,القمقـوم,0.00652894,13,0.031,9.26133,0.168799,4.31389,0.509,3.851,0.154951,2.99432,7.86134,13.7608,18.3,48.0,18.3,1.0,2012,37.1989,9.2679,35.5,2025-04-17 00:00:00
harka,الحركـة,0.0512566,35,0.0,13.2943,0.214655,6.79876,0.0,0.0,1.42,5.20575,22.6647,9.1463,30.3,38.4,30.3,1.0,2016,37.222,9.4024,77.0,2025-04-17 00:00:00
siliana,سليانـــــــة,0.0712484,14,0.0,9.03451,0.458084,6.20269,0.0,0.2189,3.07689,4.32409,30.9188,7.02475,30.986,388.5,70.0,1.0,1987,36.1571,9.3521,1040.0,2025-04-17 00:00:00
lakhmess,لخمـــــــاس,0.0114663,15,4.1e-05,1.89063,0.158511,1.06982,0.000694,0.015259,1.48475,0.599632,10.2695,1.63429,7.22,517.06,8.22,1.0,1966,35.9994,9.4752,127.0,2025-04-17 00:00:00
rmil,الرميـــــــل,0.0008736,16,0.0,0.7134,0.0492415,0.695991,0.0,0.0,0.582374,0.411614,9.52503,0.6016,2.0,285.0,4.0,1.0,2002,36.3023,9.5019,232.0,2025-04-17 00:00:00
birmcherga,بئر المشارقـــة,0.0085635,17,0.0012,10.2677,0.231809,7.22049,0.0204,0.48032,2.54987,6.58803,23.3677,11.8905,41.599,122.5,52.9,1.0,1971,36.5119,10.0102,1263.0,2025-04-17 00:00:00
rmel,الرمــــــل,0.0,18,0.01075,21.1973,0.155199,26.5199,0.18275,1.68261,1.02624,6.10044,15.119,3.0071,23.825,43.0,22.0,1.0,1998,36.3308,10.3584,675.0,2025-04-17 00:00:00
nebhana,نبهانــــــة,0.116132,19,0.0,6.12357,0.189433,5.57504,0.051971,0.341168,1.84899,1.43108,19.4212,2.54979,64.61,230.0,86.5,1.0,1965,36.06,9.8724,855.0,2025-04-17 00:00:00
sidisaad,سيدي سعـــد,0.539823,20,0.0,22.6388,1.11983,5.66527,0.0,0.0,2.67582,3.52613,36.4529,26.9171,133.317,270.0,209.0,1.0,1981,35.3902,9.6948,8950.0,2025-04-17 00:00:00
elhaouareb,هـــــــوارب,0.206291,21,0.015985,1.21912,1.24226,6.97044,0.015985,0.028406,0.880421,0.196602,13.0339,0.00576132,77.47,217.0,0.0,1.0,1989,35.5727,9.7468,1120.0,2025-04-17 00:00:00
sficifa,سفيسيفة,0.0,22,0.0,2.01226,0.300989,0.919438,0.0,0.0,0.0109432,0.403745,1.1803,1.71246,7.71,677.8,4.24,1.0,2005,35.3413,9.0705,173.65,2025-04-17 00:00:00
sidiach,سيدي يعيــــش,0.0,23,0.0,0.0,0.0280088,0.407372,0.0,0.022,0.0245687,0.318521,1.4683,1.337,88.0,541.0,88.0,1.0,1997,34.7468,8.7476,1900.0,2025-04-17 00:00:00
elbrek,البــــــــرك,0.00133933,24,0.0,0.07,0.0239156,1.35851,0.0,0.02,0.00478571,0.172197,2.02471,0.06,14.6,849.0,16.0,1.0,2002,35.4705,8.9677,293.0,2025-04-17 00:00:00
bezirk,بزيـــــــغ,0.00099302,25,0.0,2.898,0.0075716,3.25025,0.0,0.042,0.385796,0.213357,4.52837,0.17862,5.01,54.62,6.5,1.0,1959,36.7195,10.6272,86.0,2025-04-17 00:00:00
chiba,شيبـــــــة,0.00122741,26,0.0,0.997966,0.0135842,1.17594,0.0,0.050184,0.40619,0.000372167,6.19787,0.000475792,3.79,77.88,7.8,1.0,1963,36.6973,10.772,64.0,2025-04-17 00:00:00
masri,مصــــــري,0.00434849,27,0.05,3.67311,0.0367473,3.72323,0.8,4.5217,0.400928,1.22902,4.11096,2.23844,5.068,163.0,6.9,1.0,1968,36.534,10.4911,53.0,2025-04-17 00:00:00
lebna,لبنــــــــة,0.0,28,0.0,4.65508,0.0427054,5.56838,0.0,0.0,0.762047,0.460243,17.3959,0.61292,25.46,18.04,30.1,1.0,1986,36.7388,10.9218,199.0,2025-04-17 00:00:00
hma,الحمـــــى,0.00286839,29,0.0,3.61769,0.0278839,4.06601,0.0,0.03504,0.060987,0.759769,4.35262,0.310358,12.854,102.4,12.1,1.0,2002,36.5874,10.304,123.0,2025-04-17 00:00:00
abid,العبيـــــــد,0.0,30,0.0,4.15885,0.0268926,4.00674,0.0,0.0132,0.221428,0.282581,5.11716,0.795758,9.615,42.2,10.0,1.0,2002,36.8308,10.7086,54.0,2025-04-17 00:00:00
mellegue,مـــــلاق,2.15714,1,0.02,26.5309,3.4857,40.7936,0.330728,26.0854,15.1831,8.03771,127.981,8.73379,51.13,265.0,267.67,1.0,1954,36.3144,8.70273,10300.0,2025-04-16 00:00:00
sarrat,سراط,0.197534,36,0.022032,6.25703,0.325731,6.67733,0.750909,1.52158,1.382,2.28509,12.8421,4.94785,21.0,546.0,21.0,1.0,2016,35.8322,8.4434,1850.0,2025-04-16 00:00:00
benmetir,بني مطيــر,0.423457,2,0.0432,42.0824,1.09677,22.5539,0.6912,12.4533,4.65287,27.7648,39.4659,40.954,60.393,436.5,61.63,1.0,1954,36.7471,8.7419,103.0,2025-04-16 00:00:00
kasseb,كســاب,0.357303,3,0.0648,25.337,2.37278,24.6519,1.0368,14.5422,3.88401,23.5764,40.2808,22.7032,76.9,292.04,81.875,1.0,1968,36.7614,9.0024,101.0,2025-04-16 00:00:00
barbara,بربرة,1.26015,4,0.04645,62.0138,2.1404,46.4768,0.668394,35.9519,8.57463,68.1178,77.5517,59.5104,60.545,182.0,74.82,1.0,1998,36.7341,8.53173,177.0,2025-04-16 00:00:00
sidisalem,سيدي ســــالم,0.498034,5,0.0432,125.671,11.0911,77.4931,0.68508,76.2577,45.272,117.058,343.529,236.827,580.348,115.0,814.0,1.0,1981,36.5907,9.3971,7950.0,2025-04-16 00:00:00
bouheurtma,بو هرتمـــــه,0.918036,6,0.02954,51.4725,2.7111,41.6657,0.969663,37.128,8.32129,48.9843,73.7197,70.7056,145.037,221.0,150.5,1.0,1976,36.6719,8.78758,390.0,2025-04-16 00:00:00
joumine,جوميــــــن,0.151554,7,0.094563,26.3971,2.19828,32.561,1.58989,18.4072,6.67555,28.5375,70.3536,31.9963,118.773,90.0,129.9,1.0,1983,36.9909,9.6137,418.0,2025-04-16 00:00:00
ghezala,غزالـــــــة,0.0109173,8,0.0,2.17674,0.0866537,2.23723,0.0,0.0,0.955746,2.67649,8.76017,2.86467,10.004,82.5,11.7,1.0,1984,37.0594,9.5458,48.0,2025-04-16 00:00:00
melah,المالح,0.0480882,33,0.0,9.96,0.497092,9.2769,0.0,0.0,1.57,10.8214,23.9373,6.1282,41.0,136.0,41.0,1.0,2015,37.0761,9.4488,85.9,2025-04-16 00:00:00
tine,الطين,0.0364654,34,0.0,3.0346,0.0620245,2.80588,0.0,0.0,1.39,2.41834,16.0713,3.6547,34.0,136.0,34.0,1.0,2017,36.864,9.6287,276.0,2025-04-16 00:00:00
sejnane,سجنــــــان,0.353722,9,0.866681,62.58,1.9665,62.6309,12.1202,131.001,6.74178,48.902,114.166,42.1612,132.59,86.5,137.5,1.0,1994,37.181,9.4751,367.0,2025-04-16 00:00:00
zarga,الزرقـة,0.722108,10,0.0,24.148,0.892624,19.3281,0.0,0.31878,2.08,18.166,20.3893,22.474,24.256,93.0,24.0,1.0,2012,36.8824,8.6992,60.0,2025-04-16 00:00:00
kebir,الكبيــر,0.699265,31,0.0,40.97,1.14003,26.0926,0.0,11.5034,0.804585,19.6014,35.7846,28.52,64.4,85.0,64.4,1.0,2014,36.8802,8.7211,85.2,2025-04-16 00:00:00
moula,المولى,0.288992,32,0.0,18.6187,0.580333,18.8863,0.08159,8.08648,0.59641,10.8131,29.9689,20.576,26.337,110.0,26.3,1.0,2013,36.9347,8.845,58.0,2025-04-16 00:00:00
selbarrak,سيدي البــــراق,1.42243,11,0.6966,204.359,6.57075,195.127,9.9382,102.196,21.6344,124.793,280.266,132.094,286.514,27.0,286.514,1.0,1999,37.0244,8.93652,865.0,2025-04-16 00:00:00
ziatine,الزياتيـن,0.215722,12,0.018979,16.7616,0.2378,14.0273,0.353411,5.8517,2.35,9.58616,27.1033,13.9327,33.3,37.0,33.0,1.0,2012,37.1856,9.2011,95.0,2025-04-16 00:00:00
gamgoum,القمقـوم,0.0603244,13,0.016,9.28712,0.16227,4.30736,0.478,3.82,0.154951,2.99252,7.85617,13.7959,18.3,48.0,18.3,1.0,2012,37.1989,9.2679,35.5,2025-04-16 00:00:00
harka,الحركـة,0.0960325,35,0.0,13.2483,0.163398,6.7475,0.0,0.0,1.42,5.2012,22.6173,9.1463,30.3,38.4,30.3,1.0,2016,37.222,9.4024,77.0,2025-04-16 00:00:00
siliana,سليانـــــــة,0.264244,14,0.0,8.96936,0.386836,6.13144,0.0,0.2189,3.07689,4.32234,30.8163,7.0554,30.986,388.5,70.0,1.0,1987,36.1571,9.3521,1040.0,2025-04-16 00:00:00
lakhmess,لخمـــــــاس,0.0813153,15,3.9e-05,1.88028,0.147045,1.05836,0.000653,0.015218,1.48475,0.596864,10.22,1.66342,7.22,517.06,8.22,1.0,1966,35.9994,9.4752,127.0,2025-04-16 00:00:00
rmil,الرميـــــــل,0.0311712,16,0.0,0.7134,0.0483679,0.695118,0.0,0.0,0.582374,0.411614,9.50562,0.6055,2.0,285.0,4.0,1.0,2002,36.3023,9.5019,232.0,2025-04-16 00:00:00
birmcherga,بئر المشارقـــة,0.0728114,17,0.0012,10.2677,0.223246,7.21193,0.0192,0.47912,2.54987,6.58803,23.2827,11.9254,41.599,122.5,52.9,1.0,1971,36.5119,10.0102,1263.0,2025-04-16 00:00:00
rmel,الرمــــــل,0.0251517,18,0.01075,21.2507,0.155199,26.5199,0.172,1.67186,1.02624,6.10044,15.0848,3.05018,23.825,43.0,22.0,1.0,1998,36.3308,10.3584,675.0,2025-04-16 00:00:00
nebhana,نبهانــــــة,0.0341054,19,0.001775,6.01042,0.0733013,5.45891,0.051971,0.341168,1.84899,1.43108,19.3596,2.55882,64.61,230.0,86.5,1.0,1965,36.06,9.8724,855.0,2025-04-16 00:00:00
sidisaad,سيدي سعـــد,0.20116,20,0.0,22.1086,0.580011,5.12545,0.0,0.0,2.67582,3.52613,36.3637,26.9884,133.317,270.0,209.0,1.0,1981,35.3902,9.6948,8950.0,2025-04-16 00:00:00
elhaouareb,هـــــــوارب,1.02753,21,0.0,1.03119,1.03597,6.76415,0.0,0.012421,0.880421,0.196509,13.0046,0.00576132,77.47,217.0,0.0,1.0,1989,35.5727,9.7468,1120.0,2025-04-16 00:00:00
sficifa,سفيسيفة,0.294694,22,0.0,2.02419,0.300989,0.919438,0.0,0.0,0.0109432,0.403396,1.17993,1.71246,7.71,677.8,4.24,1.0,2005,35.3413,9.0705,173.65,2025-04-16 00:00:00
sidiach,سيدي يعيــــش,0.0,23,0.0,0.0,0.0280088,0.407372,0.0,0.022,0.0245687,0.317745,1.46749,1.337,88.0,541.0,88.0,1.0,1997,34.7468,8.7476,1900.0,2025-04-16 00:00:00
elbrek,البــــــــرك,0.01,24,0.0,0.07,0.0225763,1.35717,0.0,0.02,0.00478571,0.17177,2.02455,0.06,14.6,849.0,16.0,1.0,2002,35.4705,8.9677,293.0,2025-04-16 00:00:00
bezirk,بزيـــــــغ,0.00029957,25,0.0,2.898,0.00657858,3.24925,0.0,0.042,0.385796,0.213357,4.51551,0.18048,5.01,54.62,6.5,1.0,1959,36.7195,10.6272,86.0,2025-04-16 00:00:00
chiba,شيبـــــــة,0.0,26,0.0,0.997966,0.0123568,1.17471,0.0,0.050184,0.40619,0.000370004,6.18433,0.000475792,3.79,77.88,7.8,1.0,1963,36.6973,10.772,64.0,2025-04-16 00:00:00
masri,مصــــــري,0.00297441,27,0.05,3.72137,0.0323988,3.71888,0.75,4.4717,0.400928,1.22902,4.0976,2.20126,5.068,163.0,6.9,1.0,1968,36.534,10.4911,53.0,2025-04-16 00:00:00
lebna,لبنــــــــة,0.00373507,28,0.0,4.67598,0.0427054,5.56838,0.0,0.0,0.762047,0.460243,17.3705,0.620275,25.46,18.04,30.1,1.0,1986,36.7388,10.9218,199.0,2025-04-16 00:00:00
hma,الحمـــــى,0.00218544,29,0.0,3.61769,0.0250155,4.06315,0.0,0.03504,0.060987,0.759769,4.35059,0.314839,12.854,102.4,12.1,1.0,2002,36.5874,10.304,123.0,2025-04-16 00:00:00
abid,العبيـــــــد,0.00861586,30,0.0,4.16646,0.0268926,4.00674,0.0,0.0132,0.221428,0.281676,5.10978,0.795758,9.615,42.2,10.0,1.0,2002,36.8308,10.7086,54.0,2025-04-16 00:00:00
mellegue,مـــــلاق,0.413445,1,0.02,24.3983,1.32856,38.6364,0.310728,26.0654,15.1831,8.01209,127.475,8.71273,51.13,265.0,267.67,1.0,1954,36.3144,8.70273,10300.0,2025-04-15 00:00:00
sarrat,سراط,0.00339709,36,0.06174,6.0834,0.128197,6.47979,0.728877,1.49955,1.382,2.28509,12.796,5.00114,21.0,546.0,21.0,1.0,2016,35.8322,8.4434,1850.0,2025-04-15 00:00:00
benmetir,بني مطيــر,0.0,2,0.0432,41.704,0.673312,22.1304,0.648,12.4101,4.65287,27.7648,39.3108,41.004,60.393,436.5,61.63,1.0,1954,36.7471,8.7419,103.0,2025-04-15 00:00:00
kasseb,كســاب,0.10793,3,0.0648,25.0461,2.01547,24.2946,0.972,14.4774,3.88401,23.5764,40.1513,22.7619,76.9,292.04,81.875,1.0,1968,36.7614,9.0024,101.0,2025-04-15 00:00:00
barbara,بربرة,0.276015,4,0.01034,60.8041,0.880244,45.2167,0.621944,35.9054,8.57463,68.0977,77.2658,59.5931,60.545,182.0,74.82,1.0,1998,36.7341,8.53173,177.0,2025-04-15 00:00:00
sidisalem,سيدي ســــالم,0.305958,5,0.0432,125.246,10.593,76.995,0.64188,76.2145,45.272,116.806,342.02,237.38,580.348,115.0,814.0,1.0,1981,36.5907,9.3971,7950.0,2025-04-15 00:00:00
bouheurtma,بو هرتمـــــه,0.0326426,6,0.029905,50.5848,1.79306,40.7477,0.940123,37.0985,8.32129,48.9843,73.4424,70.8279,145.037,221.0,150.5,1.0,1976,36.6719,8.78758,390.0,2025-04-15 00:00:00
joumine,جوميــــــن,0.0787262,7,0.100512,26.3433,2.04673,32.4094,1.49533,18.3126,6.67555,28.4835,70.1311,32.0566,118.773,90.0,129.9,1.0,1983,36.9909,9.6137,418.0,2025-04-15 00:00:00
ghezala,غزالـــــــة,0.00611571,8,0.0,2.16647,0.0757364,2.22631,0.0,0.0,0.955746,2.66929,8.72832,2.86467,10.004,82.5,11.7,1.0,1984,37.0594,9.5458,48.0,2025-04-15 00:00:00
melah,المالح,0.0243514,33,0.0,9.912,0.449003,9.22882,0.0,0.0,1.57,10.818,23.885,6.193,41.0,136.0,41.0,1.0,2015,37.0761,9.4488,85.9,2025-04-15 00:00:00
tine,الطين,0.0033855,34,0.0,2.9995,0.0255591,2.76941,0.0,0.0,1.39,2.41094,16.025,3.6664,34.0,136.0,34.0,1.0,2017,36.864,9.6287,276.0,2025-04-15 00:00:00
sejnane,سجنــــــان,0.0630345,9,0.840241,62.4824,1.61278,62.2771,11.2535,130.134,6.74178,48.7006,113.941,41.8491,132.59,86.5,137.5,1.0,1994,37.181,9.4751,367.0,2025-04-15 00:00:00
zarga,الزرقـة,0.0565914,10,0.0,23.428,0.170516,18.606,0.0,0.31878,2.08,18.1591,20.32,22.582,24.256,93.0,24.0,1.0,2012,36.8824,8.6992,60.0,2025-04-15 00:00:00
kebir,الكبيــر,0.0818014,31,0.0,40.2734,0.440768,25.3933,0.0,11.5034,0.804585,19.5997,35.7578,28.52,64.4,85.0,64.4,1.0,2014,36.8802,8.7211,85.2,2025-04-15 00:00:00
moula,المولى,0.104585,32,0.08159,18.3307,0.291341,18.5973,0.08159,8.08648,0.59641,10.8064,29.9491,20.624,26.337,110.0,26.3,1.0,2013,36.9347,8.845,58.0,2025-04-15 00:00:00
selbarrak,سيدي البــــراق,0.0,11,0.704,203.662,5.14832,193.705,9.2416,101.499,21.6344,124.793,279.545,132.487,286.514,27.0,286.514,1.0,1999,37.0244,8.93652,865.0,2025-04-15 00:00:00
ziatine,الزياتيـن,0.0,12,0.02085,16.5664,0.0220776,13.8116,0.334432,5.83273,2.35,9.55647,27.025,13.9463,33.3,37.0,33.0,1.0,2012,37.1856,9.2011,95.0,2025-04-15 00:00:00
gamgoum,القمقـوم,0.0164516,13,0.031,9.24413,0.101946,4.24704,0.462,3.804,0.154951,2.99198,7.85101,13.831,18.3,48.0,18.3,1.0,2012,37.1989,9.2679,35.5,2025-04-15 00:00:00
harka,الحركـة,0.00581534,35,0.0,13.1563,0.0673657,6.65147,0.0,0.0,1.42,5.19665,22.57,9.1463,30.3,38.4,30.3,1.0,2016,37.222,9.4024,77.0,2025-04-15 00:00:00
siliana,سليانـــــــة,0.00868766,14,0.0,8.70877,0.122593,5.8672,0.0,0.2189,3.07689,4.31081,30.7137,7.0554,30.986,388.5,70.0,1.0,1987,36.1571,9.3521,1040.0,2025-04-15 00:00:00
lakhmess,لخمـــــــاس,0.00620205,15,3.8e-05,1.79938,0.0657295,0.977042,0.000614,0.015179,1.48475,0.596864,10.1705,1.66828,7.22,517.06,8.22,1.0,1966,35.9994,9.4752,127.0,2025-04-15 00:00:00
rmil,الرميـــــــل,0.00119745,16,0.0,0.6828,0.0171967,0.663947,0.0,0.0,0.582374,0.409702,9.4862,0.6055,2.0,285.0,4.0,1.0,2002,36.3023,9.5019,232.0,2025-04-15 00:00:00
birmcherga,بئر المشارقـــة,0.00988737,17,0.0012,10.2031,0.150435,7.13911,0.018,0.47792,2.54987,6.58803,23.1977,11.9602,41.599,122.5,52.9,1.0,1971,36.5119,10.0102,1263.0,2025-04-15 00:00:00
rmel,الرمــــــل,0.0,18,0.01075,21.2507,0.130047,26.4948,0.16125,1.66111,1.02624,6.10044,15.0505,3.1148,23.825,43.0,22.0,1.0,1998,36.3308,10.3584,675.0,2025-04-15 00:00:00
nebhana,نبهانــــــة,0.0,19,0.01057,5.97809,0.0391959,5.4248,0.050196,0.339393,1.84899,1.42862,19.298,2.55882,64.61,230.0,86.5,1.0,1965,36.06,9.8724,855.0,2025-04-15 00:00:00
sidisaad,سيدي سعـــد,0.0101303,20,0.0,21.9134,0.378851,4.92429,0.0,0.0,2.67582,3.52613,36.2745,27.0596,133.317,270.0,209.0,1.0,1981,35.3902,9.6948,8950.0,2025-04-15 00:00:00
elhaouareb,هـــــــوارب,6.278e-05,21,0.0,0.00576132,0.00844797,5.73663,0.0,0.012421,0.880421,0.196428,12.9752,0.00576132,77.47,217.0,0.0,1.0,1989,35.5727,9.7468,1120.0,2025-04-15 00:00:00
sficifa,سفيسيفة,0.000265148,22,0.0,1.72971,0.00629482,0.624744,0.0,0.0,0.0109432,0.403133,1.17957,1.71246,7.71,677.8,4.24,1.0,2005,35.3413,9.0705,173.65,2025-04-15 00:00:00
sidiach,سيدي يعيــــش,0.0,23,0.0,0.0,0.0280088,0.407372,0.0,0.022,0.0245687,0.316969,1.46667,1.337,88.0,541.0,88.0,1.0,1997,34.7468,8.7476,1900.0,2025-04-15 00:00:00
elbrek,البــــــــرك,0.0008547,24,0.0,0.06,0.0125763,1.34717,0.0,0.02,0.00478571,0.171342,2.02439,0.06,14.6,849.0,16.0,1.0,2002,35.4705,8.9677,293.0,2025-04-15 00:00:00
bezirk,بزيـــــــغ,0.0,25,0.0,2.898,0.00627901,3.24895,0.0,0.042,0.385796,0.212955,4.50265,0.18048,5.01,54.62,6.5,1.0,1959,36.7195,10.6272,86.0,2025-04-15 00:00:00
chiba,شيبـــــــة,0.00118276,26,0.0,1.00413,0.0123568,1.17471,0.0,0.050184,0.40619,0.000368274,6.17079,0.000475792,3.79,77.88,7.8,1.0,1963,36.6973,10.772,64.0,2025-04-15 00:00:00
masri,مصــــــري,0.0,27,0.08,3.76964,0.0294244,3.7159,0.7,4.4217,0.400928,1.22519,4.08423,2.14815,5.068,163.0,6.9,1.0,1968,36.534,10.4911,53.0,2025-04-15 00:00:00
lebna,لبنــــــــة,0.00466884,28,0.0,4.67598,0.0389703,5.56465,0.0,0.0,0.762047,0.458271,17.3451,0.620275,25.46,18.04,30.1,1.0,1986,36.7388,10.9218,199.0,2025-04-15 00:00:00
hma,الحمـــــى,0.0,29,0.0,3.61769,0.02283,4.06096,0.0,0.03504,0.060987,0.759769,4.34856,0.319319,12.854,102.4,12.1,1.0,2002,36.5874,10.304,123.0,2025-04-15 00:00:00
abid,العبيـــــــد,0.0,30,0.0,4.15885,0.0182767,3.99813,0.0,0.0132,0.221428,0.281676,5.10239,0.798714,9.615,42.2,10.0,1.0,2002,36.8308,10.7086,54.0,2025-04-15 00:00:00
mellegue,مـــــلاق,0.155837,1,0.02081,24.0122,0.915112,38.223,0.290728,26.0454,15.1831,7.98496,126.969,8.69166,51.13,265.0,267.67,1.0,1954,36.3144,8.70273,10300.0,2025-04-14 00:00:00
sarrat,سراط,0.00773644,36,0.05596,6.14541,0.1248,6.4764,0.667137,1.43781,1.382,2.26475,12.7499,5.04377,21.0,546.0,21.0,1.0,2016,35.8322,8.4434,1850.0,2025-04-14 00:00:00
benmetir,بني مطيــر,0.0,2,0.0432,41.754,0.673312,22.1304,0.6048,12.3669,4.65287,27.7648,39.1557,41.054,60.393,436.5,61.63,1.0,1954,36.7471,8.7419,103.0,2025-04-14 00:00:00
kasseb,كســاب,0.0455879,3,0.0648,25.0045,1.90754,24.1866,0.9072,14.4126,3.88401,23.5759,40.0219,22.801,76.9,292.04,81.875,1.0,1968,36.7614,9.0024,101.0,2025-04-14 00:00:00
barbara,بربرة,0.0102969,4,0.0,60.5449,0.604229,44.9406,0.611604,35.8951,8.57463,68.0769,76.98,59.6759,60.545,182.0,74.82,1.0,1998,36.7341,8.53173,177.0,2025-04-14 00:00:00
sidisalem,سيدي ســــالم,0.500676,5,0.0432,125.034,10.2871,76.6891,0.59868,76.1713,45.272,116.806,340.511,238.485,580.348,115.0,814.0,1.0,1981,36.5907,9.3971,7950.0,2025-04-14 00:00:00
bouheurtma,بو هرتمـــــه,0.0613692,6,0.112414,50.5848,1.76042,40.715,0.910218,37.0686,8.32129,48.9843,73.165,71.0114,145.037,221.0,150.5,1.0,1976,36.6719,8.78758,390.0,2025-04-14 00:00:00
joumine,جوميــــــن,0.0767231,7,0.100637,26.3702,1.968,32.3307,1.39481,18.2121,6.67555,28.4659,69.9086,32.1471,118.773,90.0,129.9,1.0,1983,36.9909,9.6137,418.0,2025-04-14 00:00:00
ghezala,غزالـــــــة,0.006153,8,0.0,2.16133,0.0696207,2.2202,0.0,0.0,0.955746,2.65285,8.69646,2.86467,10.004,82.5,11.7,1.0,1984,37.0594,9.5458,48.0,2025-04-14 00:00:00
melah,المالح,0.0480877,33,0.0,9.888,0.424652,9.20446,0.0,0.0,1.57,10.7996,23.8327,6.2434,41.0,136.0,41.0,1.0,2015,37.0761,9.4488,85.9,2025-04-14 00:00:00
tine,الطين,0.00169275,34,0.0,2.9995,0.0221736,2.76603,0.0,0.0,1.39,2.41094,15.9787,3.6781,34.0,136.0,34.0,1.0,2017,36.864,9.6287,276.0,2025-04-14 00:00:00
sejnane,سجنــــــان,0.15921,9,0.788963,62.6289,1.54975,62.2141,10.4133,129.294,6.74178,48.7006,113.716,41.5457,132.59,86.5,137.5,1.0,1994,37.181,9.4751,367.0,2025-04-14 00:00:00
zarga,الزرقـة,0.0213645,10,0.0,23.374,0.113924,18.5494,0.0,0.31878,2.08,18.1264,20.2507,22.672,24.256,93.0,24.0,1.0,2012,36.8824,8.6992,60.0,2025-04-14 00:00:00
kebir,الكبيــر,0.0542382,31,0.0,40.196,0.358966,25.3115,0.0,11.5034,0.804585,19.5768,35.7309,28.5,64.4,85.0,64.4,1.0,2014,36.8802,8.7211,85.2,2025-04-14 00:00:00
moula,المولى,0.00249287,32,0.0,18.3094,0.186755,18.4927,0.0,8.00489,0.59641,10.7984,29.9292,20.684,26.337,110.0,26.3,1.0,2013,36.9347,8.845,58.0,2025-04-14 00:00:00
selbarrak,سيدي البــــراق,0.292534,11,0.715,204.359,5.14832,193.705,8.5376,100.795,21.6344,124.602,278.824,132.88,286.514,27.0,286.514,1.0,1999,37.0244,8.93652,865.0,2025-04-14 00:00:00
ziatine,الزياتيـن,0.0,12,0.019772,16.664,0.0220776,13.8116,0.313582,5.81187,2.35,9.5465,26.9467,13.9872,33.3,37.0,33.0,1.0,2012,37.1856,9.2011,95.0,2025-04-14 00:00:00
gamgoum,القمقـوم,0.0104649,13,0.027,9.26133,0.0854941,4.23058,0.431,3.773,0.154951,2.99198,7.84584,13.8778,18.3,48.0,18.3,1.0,2012,37.1989,9.2679,35.5,2025-04-14 00:00:00
harka,الحركـة,0.00581534,35,0.0,13.1563,0.0615504,6.64565,0.0,0.0,1.42,5.19165,22.5227,9.1463,30.3,38.4,30.3,1.0,2016,37.222,9.4024,77.0,2025-04-14 00:00:00
siliana,سليانـــــــة,0.00844634,14,0.0,8.70877,0.113905,5.85851,0.0,0.2189,3.07689,4.30064,30.6112,7.0554,30.986,388.5,70.0,1.0,1987,36.1571,9.3521,1040.0,2025-04-14 00:00:00
lakhmess,لخمـــــــاس,0.020659,15,4.1e-05,1.79453,0.0595275,0.97084,0.000576,0.015141,1.48475,0.593296,10.121,1.66828,7.22,517.06,8.22,1.0,1966,35.9994,9.4752,127.0,2025-04-14 00:00:00
rmil,الرميـــــــل,0.00113093,16,0.0,0.6828,0.0159993,0.662749,0.0,0.0,0.582374,0.409702,9.46679,0.6094,2.0,285.0,4.0,1.0,2002,36.3023,9.5019,232.0,2025-04-14 00:00:00
birmcherga,بئر المشارقـــة,0.00964265,17,0.0012,10.2031,0.140547,7.12923,0.0168,0.47672,2.54987,6.58803,23.1127,11.995,41.599,122.5,52.9,1.0,1971,36.5119,10.0102,1263.0,2025-04-14 00:00:00
rmel,الرمــــــل,0.0,18,0.01075,21.304,0.130047,26.4948,0.1505,1.65036,1.02624,6.10044,15.0163,3.15788,23.825,43.0,22.0,1.0,1998,36.3308,10.3584,675.0,2025-04-14 00:00:00
nebhana,نبهانــــــة,0.0,19,0.0,5.99425,0.0391959,5.4248,0.032936,0.322133,1.84899,1.42862,19.2363,2.56784,64.61,230.0,86.5,1.0,1965,36.06,9.8724,855.0,2025-04-14 00:00:00
sidisaad,سيدي سعـــد,0.005959,20,0.0,21.9134,0.368721,4.91416,0.0,0.0,2.67582,3.52613,36.1853,27.1309,133.317,270.0,209.0,1.0,1981,35.3902,9.6948,8950.0,2025-04-14 00:00:00
elhaouareb,هـــــــوارب,6.72642e-05,21,0.0,0.00576132,0.00838519,5.73656,0.0,0.012421,0.880421,0.19636,12.9459,0.00576132,77.47,217.0,0.0,1.0,1989,35.5727,9.7468,1120.0,2025-04-14 00:00:00
sficifa,سفيسيفة,0.000176766,22,0.0,1.72971,0.00602967,0.624479,0.0,0.0,0.0109432,0.402871,1.1792,1.71246,7.71,677.8,4.24,1.0,2005,35.3413,9.0705,173.65,2025-04-14 00:00:00
sidiach,سيدي يعيــــش,0.0,23,0.0,0.0,0.0280088,0.407372,0.0,0.022,0.0245687,0.316193,1.46585,1.337,88.0,541.0,88.0,1.0,1997,34.7468,8.7476,1900.0,2025-04-14 00:00:00
elbrek,البــــــــرك,0.0006105,24,0.0,0.06,0.0117216,1.34631,0.0,0.02,0.00478571,0.171037,2.02423,0.06,14.6,849.0,16.0,1.0,2002,35.4705,8.9677,293.0,2025-04-14 00:00:00
bezirk,بزيـــــــغ,0.00132207,25,0.0,2.9054,0.00627901,3.24895,0.0,0.042,0.385796,0.212553,4.48979,0.18048,5.01,54.62,6.5,1.0,1959,36.7195,10.6272,86.0,2025-04-14 00:00:00
chiba,شيبـــــــة,0.000946211,26,0.0,1.00413,0.0111741,1.17353,0.0,0.050184,0.40619,0.000366436,6.15725,0.000475792,3.79,77.88,7.8,1.0,1963,36.6973,10.772,64.0,2025-04-14 00:00:00
masri,مصــــــري,0.00227775,27,0.07,3.85238,0.0294244,3.7159,0.62,4.3417,0.400928,1.22151,4.07087,2.09503,5.068,163.0,6.9,1.0,1968,36.534,10.4911,53.0,2025-04-14 00:00:00
lebna,لبنــــــــة,0.0,28,0.0,4.67598,0.0343015,5.55998,0.0,0.0,0.762047,0.458271,17.3197,0.62763,25.46,18.04,30.1,1.0,1986,36.7388,10.9218,199.0,2025-04-14 00:00:00
hma,الحمـــــى,0.00219003,29,0.0,3.62653,0.02283,4.06096,0.0,0.03504,0.060987,0.759769,4.34652,0.3238,12.854,102.4,12.1,1.0,2002,36.5874,10.304,123.0,2025-04-14 00:00:00
abid,العبيـــــــد,0.00178551,30,0.0,4.16646,0.0182767,3.99813,0.0,0.0132,0.221428,0.280715,5.09501,0.798714,9.615,42.2,10.0,1.0,2002,36.8308,10.7086,54.0,2025-04-14 00:00:00
mellegue,مـــــلاق,0.0,1,0.021388,23.8835,0.759275,38.0671,0.269918,26.0246,15.1831,7.97891,126.463,8.69166,51.13,265.0,267.67,1.0,1954,36.3144,8.70273,10300.0,2025-04-13 00:00:00
sarrat,سراط,0.0109121,36,0.079288,6.19502,0.117063,6.46866,0.611177,1.38185,1.382,2.26473,12.7039,5.06509,21.0,546.0,21.0,1.0,2016,35.8322,8.4434,1850.0,2025-04-13 00:00:00
benmetir,بني مطيــر,0.0,2,0.0432,41.804,0.673312,22.1304,0.5616,12.3237,4.65287,27.7648,39.0006,41.104,60.393,436.5,61.63,1.0,1954,36.7471,8.7419,103.0,2025-04-13 00:00:00
kasseb,كســاب,0.0676239,3,0.0648,25.0253,1.86196,24.141,0.8424,14.3478,3.88401,23.5759,39.8924,22.8597,76.9,292.04,81.875,1.0,1968,36.7614,9.0024,101.0,2025-04-13 00:00:00
barbara,بربرة,0.0105511,4,0.0,60.5449,0.593932,44.9303,0.611604,35.8951,8.57463,68.016,76.6942,59.7173,60.545,182.0,74.82,1.0,1998,36.7341,8.53173,177.0,2025-04-13 00:00:00
sidisalem,سيدي ســــالم,0.0980958,5,0.0432,124.615,9.78641,76.1884,0.55548,76.1281,45.272,116.806,339.002,239.314,580.348,115.0,814.0,1.0,1981,36.5907,9.3971,7950.0,2025-04-13 00:00:00
bouheurtma,بو هرتمـــــه,0.126809,6,0.124853,50.637,1.69905,40.6537,0.797804,36.9561,8.32129,48.9843,72.8876,71.1948,145.037,221.0,150.5,1.0,1976,36.6719,8.78758,390.0,2025-04-13 00:00:00
joumine,جوميــــــن,0.0864733,7,0.108592,26.3971,1.89128,32.254,1.29418,18.1115,6.67555,28.418,69.6861,32.2075,118.773,90.0,129.9,1.0,1983,36.9909,9.6137,418.0,2025-04-13 00:00:00
ghezala,غزالـــــــة,0.00632837,8,0.0,2.15619,0.0634677,2.21405,0.0,0.0,0.955746,2.63034,8.6646,2.85893,10.004,82.5,11.7,1.0,1984,37.0594,9.5458,48.0,2025-04-13 00:00:00
melah,المالح,0.0365238,33,0.0,9.84,0.376564,9.15638,0.0,0.0,1.57,10.7873,23.7803,6.301,41.0,136.0,41.0,1.0,2015,37.0761,9.4488,85.9,2025-04-13 00:00:00
tine,الطين,0.0,34,0.0,2.9995,0.0204809,2.76433,0.0,0.0,1.39,2.40263,15.9323,3.6781,34.0,136.0,34.0,1.0,2017,36.864,9.6287,276.0,2025-04-13 00:00:00
sejnane,سجنــــــان,0.0577041,9,0.780103,62.6289,1.39053,62.0549,9.62432,128.505,6.74178,48.6764,113.491,41.3561,132.59,86.5,137.5,1.0,1994,37.181,9.4751,367.0,2025-04-13 00:00:00
zarga,الزرقـة,0.0,10,0.0,23.356,0.0925597,18.528,0.0,0.31878,2.08,18.1182,20.1813,22.78,24.256,93.0,24.0,1.0,2012,36.8824,8.6992,60.0,2025-04-13 00:00:00
kebir,الكبيــر,0.0317758,31,0.0,40.1444,0.304728,25.2572,0.0,11.5034,0.804585,19.5711,35.7041,28.5,64.4,85.0,64.4,1.0,2014,36.8802,8.7211,85.2,2025-04-13 00:00:00
moula,المولى,0.00299145,32,0.0,18.3094,0.184262,18.4902,0.0,8.00489,0.59641,10.7901,29.9093,20.732,26.337,110.0,26.3,1.0,2013,36.9347,8.845,58.0,2025-04-13 00:00:00
selbarrak,سيدي البــــراق,0.38078,11,0.8046,204.824,4.85579,193.412,7.8226,100.08,21.6344,124.407,278.103,133.077,286.514,27.0,286.514,1.0,1999,37.0244,8.93652,865.0,2025-04-13 00:00:00
ziatine,الزياتيـن,0.00649785,12,0.027049,16.6884,0.0220776,13.8116,0.29381,5.7921,2.35,9.52968,26.8683,14.0144,33.3,37.0,33.0,1.0,2012,37.1856,9.2011,95.0,2025-04-13 00:00:00
gamgoum,القمقـوم,0.0,13,0.037,9.27853,0.0750292,4.22012,0.404,3.746,0.154951,2.99198,7.84067,13.9129,18.3,48.0,18.3,1.0,2012,37.1989,9.2679,35.5,2025-04-13 00:00:00
harka,الحركـة,0.0,35,0.0,13.1563,0.055735,6.63984,0.0,0.0,1.42,5.19165,22.4753,9.1683,30.3,38.4,30.3,1.0,2016,37.222,9.4024,77.0,2025-04-13 00:00:00
siliana,سليانـــــــة,0.0111009,14,0.0,8.70877,0.105459,5.85006,0.0,0.2189,3.07689,4.29047,30.5086,7.0554,30.986,388.5,70.0,1.0,1987,36.1571,9.3521,1040.0,2025-04-13 00:00:00
lakhmess,لخمـــــــاس,0.00171827,15,4.3e-05,1.77511,0.0388685,0.950181,0.000535,0.0151,1.48475,0.590693,10.0715,1.66828,7.22,517.06,8.22,1.0,1966,35.9994,9.4752,127.0,2025-04-13 00:00:00
rmil,الرميـــــــل,0.0015966,16,0.0,0.6828,0.0148683,0.661618,0.0,0.0,0.582374,0.40808,9.44738,0.6094,2.0,285.0,4.0,1.0,2002,36.3023,9.5019,232.0,2025-04-13 00:00:00
birmcherga,بئر المشارقـــة,0.0,17,0.0012,10.2031,0.130905,7.11958,0.0156,0.47552,2.54987,6.58803,23.0277,12.0298,41.599,122.5,52.9,1.0,1971,36.5119,10.0102,1263.0,2025-04-13 00:00:00
rmel,الرمــــــل,0.0,18,0.01075,21.3574,0.130047,26.4948,0.13975,1.63961,1.02624,6.10044,14.9821,3.2225,23.825,43.0,22.0,1.0,1998,36.3308,10.3584,675.0,2025-04-13 00:00:00
nebhana,نبهانــــــة,0.0,19,0.00626,6.01042,0.0391959,5.4248,0.032936,0.322133,1.84899,1.42615,19.1747,2.56784,64.61,230.0,86.5,1.0,1965,36.06,9.8724,855.0,2025-04-13 00:00:00
sidisaad,سيدي سعـــد,0.0,20,0.0,21.9134,0.362762,4.9082,0.0,0.0,2.67582,3.52613,36.0961,27.2021,133.317,270.0,209.0,1.0,1981,35.3902,9.6948,8950.0,2025-04-13 00:00:00
elhaouareb,هـــــــوارب,7.17485e-05,21,0.0,0.00576132,0.00831792,5.7365,0.0,0.012421,0.880421,0.196283,12.9165,0.00576132,77.47,217.0,0.0,1.0,1989,35.5727,9.7468,1120.0,2025-04-13 00:00:00
sficifa,سفيسيفة,0.000530297,22,0.0,1.72971,0.00585291,0.624303,0.0,0.0,0.0109432,0.40258,1.17884,1.71246,7.71,677.8,4.24,1.0,2005,35.3413,9.0705,173.65,2025-04-13 00:00:00
sidiach,سيدي يعيــــش,0.0,23,0.0,0.0,0.0280088,0.407372,0.0,0.022,0.0245687,0.315416,1.46503,1.337,88.0,541.0,88.0,1.0,1997,34.7468,8.7476,1900.0,2025-04-13 00:00:00
elbrek,البــــــــرك,0.0008547,24,0.0,0.06,0.0111111,1.3457,0.0,0.02,0.00478571,0.170671,2.02407,0.06,14.6,849.0,16.0,1.0,2002,35.4705,8.9677,293.0,2025-04-13 00:00:00
bezirk,بزيـــــــغ,0.0,25,0.0,2.9054,0.00495694,3.24763,0.0,0.042,0.385796,0.212072,4.47693,0.18048,5.01,54.62,6.5,1.0,1959,36.7195,10.6272,86.0,2025-04-13 00:00:00
chiba,شيبـــــــة,0.0,26,0.0,1.00413,0.0102279,1.17258,0.0,0.050184,0.40619,0.000364381,6.14371,0.000475792,3.79,77.88,7.8,1.0,1963,36.6973,10.772,64.0,2025-04-13 00:00:00
masri,مصــــــري,0.000694405,27,0.07,3.92133,0.0271466,3.71363,0.55,4.2717,0.400928,1.22151,4.05751,2.05044,5.068,163.0,6.9,1.0,1968,36.534,10.4911,53.0,2025-04-13 00:00:00
lebna,لبنــــــــة,0.00343299,28,0.0,4.69688,0.0343015,5.55998,0.0,0.0,0.762047,0.456163,17.2943,0.62763,25.46,18.04,30.1,1.0,1986,36.7388,10.9218,199.0,2025-04-13 00:00:00
hma,الحمـــــى,0.0,29,0.0,3.62653,0.02064,4.05877,0.0,0.03504,0.060987,0.759769,4.34449,0.32828,12.854,102.4,12.1,1.0,2002,36.5874,10.304,123.0,2025-04-13 00:00:00
abid,العبيـــــــد,0.00210805,30,0.0,4.16646,0.0164912,3.99634,0.0,0.0132,0.221428,0.280715,5.08763,0.801669,9.615,42.2,10.0,1.0,2002,36.8308,10.7086,54.0,2025-04-13 00:00:00
mellegue,مـــــلاق,0.0,1,0.02,23.9264,0.759275,38.0671,0.24853,26.0032,15.1831,7.9533,125.957,8.6706,51.13,265.0,267.67,1.0,1954,36.3144,8.70273,10300.0,2025-04-12 00:00:00
sarrat,سراط,0.026193,36,0.082584,6.26943,0.106151,6.45775,0.531889,1.30256,1.382,2.25795,12.6578,5.07574,21.0,546.0,21.0,1.0,2016,35.8322,8.4434,1850.0,2025-04-12 00:00:00
benmetir,بني مطيــر,0.0212261,2,0.0432,41.854,0.673312,22.1304,0.5184,12.2805,4.65287,27.7534,38.8455,41.129,60.393,436.5,61.63,1.0,1954,36.7471,8.7419,103.0,2025-04-12 00:00:00
kasseb,كســاب,0.0676239,3,0.0648,25.0253,1.79433,24.0734,0.7776,14.283,3.88401,23.5759,39.7629,22.8988,76.9,292.04,81.875,1.0,1968,36.7614,9.0024,101.0,2025-04-12 00:00:00
barbara,بربرة,0.012013,4,0.0,60.5449,0.583381,44.9198,0.611604,35.8951,8.57463,67.9549,76.4084,59.7586,60.545,182.0,74.82,1.0,1998,36.7341,8.53173,177.0,2025-04-12 00:00:00
sidisalem,سيدي ســــالم,0.299133,5,0.0432,124.615,9.68831,76.0903,0.51228,76.0849,45.272,116.703,337.493,240.143,580.348,115.0,814.0,1.0,1981,36.5907,9.3971,7950.0,2025-04-12 00:00:00
bouheurtma,بو هرتمـــــه,0.0678459,6,0.117325,50.637,1.57224,40.5268,0.672951,36.8313,8.32129,48.9843,72.6102,71.3783,145.037,221.0,150.5,1.0,1976,36.6719,8.78758,390.0,2025-04-12 00:00:00
joumine,جوميــــــن,0.077332,7,0.099448,26.424,1.8048,32.1675,1.18559,18.0029,6.67555,28.3956,69.4636,32.2979,118.773,90.0,129.9,1.0,1983,36.9909,9.6137,418.0,2025-04-12 00:00:00
ghezala,غزالـــــــة,0.00113471,8,0.0,2.15105,0.0571393,2.20772,0.0,0.0,0.955746,2.60552,8.63274,2.84745,10.004,82.5,11.7,1.0,1984,37.0594,9.5458,48.0,2025-04-12 00:00:00
melah,المالح,0.0245222,33,0.0,9.804,0.340041,9.11985,0.0,0.0,1.57,10.7781,23.728,6.3586,41.0,136.0,41.0,1.0,2015,37.0761,9.4488,85.9,2025-04-12 00:00:00
tine,الطين,0.0033948,34,0.0,3.0112,0.0204809,2.76433,0.0,0.0,1.39,2.39608,15.886,3.6781,34.0,136.0,34.0,1.0,2017,36.864,9.6287,276.0,2025-04-12 00:00:00
sejnane,سجنــــــان,0.0989815,9,0.779023,62.6289,1.33283,61.9972,8.84422,127.725,6.74178,48.6579,113.267,41.2044,132.59,86.5,137.5,1.0,1994,37.181,9.4751,367.0,2025-04-12 00:00:00
zarga,الزرقـة,0.00414097,10,0.0,23.374,0.0925597,18.528,0.0,0.31878,2.08,18.1182,20.112,22.924,24.256,93.0,24.0,1.0,2012,36.8824,8.6992,60.0,2025-04-12 00:00:00
kebir,الكبيــر,0.00685229,31,0.0,40.1186,0.272952,25.2255,0.0,11.5034,0.804585,19.5625,35.6773,28.5,64.4,85.0,64.4,1.0,2014,36.8802,8.7211,85.2,2025-04-12 00:00:00
moula,المولى,0.014156,32,0.0,18.3094,0.181271,18.4873,0.0,8.00489,0.59641,10.7837,29.8894,20.78,26.337,110.0,26.3,1.0,2013,36.9347,8.845,58.0,2025-04-12 00:00:00
selbarrak,سيدي البــــراق,0.0327099,11,0.7095,205.299,4.47501,193.031,7.018,99.2757,21.6344,124.407,277.382,133.47,286.514,27.0,286.514,1.0,1999,37.0244,8.93652,865.0,2025-04-12 00:00:00
ziatine,الزياتيـن,0.00284172,12,0.021079,16.7128,0.0155798,13.8051,0.266761,5.76505,2.35,9.51393,26.79,14.0417,33.3,37.0,33.0,1.0,2012,37.1856,9.2011,95.0,2025-04-12 00:00:00
gamgoum,القمقـوم,0.00653398,13,0.031,9.32152,0.0750292,4.22012,0.367,3.709,0.154951,2.99198,7.83551,13.948,18.3,48.0,18.3,1.0,2012,37.1989,9.2679,35.5,2025-04-12 00:00:00
harka,الحركـة,0.00702812,35,0.0,13.1793,0.055735,6.63984,0.0,0.0,1.42,5.18678,22.428,9.1683,30.3,38.4,30.3,1.0,2016,37.222,9.4024,77.0,2025-04-12 00:00:00
siliana,سليانـــــــة,0.0113422,14,0.0,8.70877,0.0943577,5.83896,0.0,0.2189,3.07689,4.28143,30.406,7.0554,30.986,388.5,70.0,1.0,1987,36.1571,9.3521,1040.0,2025-04-12 00:00:00
lakhmess,لخمـــــــاس,0.00179472,15,4.5e-05,1.77511,0.0371502,0.948463,0.000492,0.015057,1.48475,0.588395,10.022,1.66828,7.22,517.06,8.22,1.0,1966,35.9994,9.4752,127.0,2025-04-12 00:00:00
rmil,الرميـــــــل,0.00162986,16,0.0,0.6828,0.0132717,0.660022,0.0,0.0,0.582374,0.40808,9.42797,0.6133,2.0,285.0,4.0,1.0,2002,36.3023,9.5019,232.0,2025-04-12 00:00:00
birmcherga,بئر المشارقـــة,0.0106357,17,0.0012,10.2354,0.130905,7.11958,0.0144,0.47432,2.54987,6.57795,22.9427,12.0298,41.599,122.5,52.9,1.0,1971,36.5119,10.0102,1263.0,2025-04-12 00:00:00
rmel,الرمــــــل,0.0,18,0.01075,21.4108,0.130047,26.4948,0.129,1.62886,1.02624,6.10044,14.9479,3.26558,23.825,43.0,22.0,1.0,1998,36.3308,10.3584,675.0,2025-04-12 00:00:00
nebhana,نبهانــــــة,0.00857618,19,0.00562,6.02658,0.0391959,5.4248,0.026676,0.315873,1.84899,1.4241,19.1131,2.56784,64.61,230.0,86.5,1.0,1965,36.06,9.8724,855.0,2025-04-12 00:00:00
sidisaad,سيدي سعـــد,0.0108368,20,0.0,21.9785,0.362762,4.9082,0.0,0.0,2.67582,3.52613,36.007,27.2733,133.317,270.0,209.0,1.0,1981,35.3902,9.6948,8950.0,2025-04-12 00:00:00
elhaouareb,هـــــــوارب,7.26454e-05,21,0.0,0.00576132,0.00824617,5.73643,0.0,0.012421,0.880421,0.19621,12.8872,0.00576132,77.47,217.0,0.0,1.0,1989,35.5727,9.7468,1120.0,2025-04-12 00:00:00
sficifa,سفيسيفة,0.000441914,22,0.0,1.72971,0.00532261,0.623772,0.0,0.0,0.0109432,0.402492,1.17847,1.71246,7.71,677.8,4.24,1.0,2005,35.3413,9.0705,173.65,2025-04-12 00:00:00
sidiach,سيدي يعيــــش,0.0,23,0.0,0.0,0.0280088,0.407372,0.0,0.022,0.0245687,0.314899,1.46421,1.337,88.0,541.0,88.0,1.0,1997,34.7468,8.7476,1900.0,2025-04-12 00:00:00
elbrek,البــــــــرك,0.001221,24,0.0,0.06,0.0102564,1.34485,0.0,0.02,0.00478571,0.170305,2.02391,0.06,14.6,849.0,16.0,1.0,2002,35.4705,8.9677,293.0,2025-04-12 00:00:00
bezirk,بزيـــــــغ,0.0,25,0.0,2.9128,0.00495694,3.24763,0.0,0.042,0.385796,0.212072,4.46407,0.18234,5.01,54.62,6.5,1.0,1959,36.7195,10.6272,86.0,2025-04-12 00:00:00
chiba,شيبـــــــة,0.00128015,26,0.0,1.0103,0.0102279,1.17258,0.0,0.050184,0.40619,0.000362489,6.13017,0.000475792,3.79,77.88,7.8,1.0,1963,36.6973,10.772,64.0,2025-04-12 00:00:00
masri,مصــــــري,0.00687391,27,0.07,3.9928,0.0264522,3.71293,0.48,4.2017,0.400928,1.22151,4.04414,2.00089,5.068,163.0,6.9,1.0,1968,36.534,10.4911,53.0,2025-04-12 00:00:00
lebna,لبنــــــــة,0.00436926,28,0.0,4.69688,0.0308685,5.55655,0.0,0.0,0.762047,0.456163,17.2689,0.634985,25.46,18.04,30.1,1.0,1986,36.7388,10.9218,199.0,2025-04-12 00:00:00
hma,الحمـــــى,0.00335366,29,0.0,3.63538,0.02064,4.05877,0.0,0.03504,0.060987,0.759769,4.34246,0.332761,12.854,102.4,12.1,1.0,2002,36.5874,10.304,123.0,2025-04-12 00:00:00
abid,العبيـــــــد,0.0,30,0.0,4.16646,0.0143831,3.99423,0.0,0.0132,0.221428,0.279913,5.08025,0.801669,9.615,42.2,10.0,1.0,2002,36.8308,10.7086,54.0,2025-04-12 00:00:00
mellegue,مـــــلاق,0.0288613,1,0.02,23.9693,0.759275,38.0671,0.22853,25.9832,15.1831,7.94877,125.451,8.6706,51.13,265.0,267.67,1.0,1954,36.3144,8.70273,10300.0,2025-04-11 00:00:00
sarrat,سراط,0.00223139,36,0.059998,6.33145,0.0799583,6.43155,0.449305,1.21998,1.382,2.23713,12.6117,5.12903,21.0,546.0,21.0,1.0,2016,35.8322,8.4434,1850.0,2025-04-11 00:00:00
benmetir,بني مطيــر,0.0208488,2,0.0432,41.879,0.652086,22.1092,0.4752,12.2373,4.65287,27.692,38.6904,41.104,60.393,436.5,61.63,1.0,1954,36.7471,8.7419,103.0,2025-04-11 00:00:00
kasseb,كســاب,0.0877764,3,0.0648,25.0253,1.72671,24.0058,0.7128,14.2182,3.88401,23.5759,39.6335,22.9379,76.9,292.04,81.875,1.0,1968,36.7614,9.0024,101.0,2025-04-11 00:00:00
barbara,بربرة,0.0106782,4,0.0,60.5449,0.571368,44.9078,0.611604,35.8951,8.57463,67.8529,76.1226,59.7586,60.545,182.0,74.82,1.0,1998,36.7341,8.53173,177.0,2025-04-11 00:00:00
sidisalem,سيدي ســــالم,0.511108,5,0.0432,124.41,9.38918,75.7912,0.46908,76.0417,45.272,116.669,335.984,240.972,580.348,115.0,814.0,1.0,1981,36.5907,9.3971,7950.0,2025-04-11 00:00:00
bouheurtma,بو هرتمـــــه,0.0567627,6,0.106632,50.6892,1.50439,40.459,0.555626,36.714,8.32129,48.9843,72.3329,71.5617,145.037,221.0,150.5,1.0,1976,36.6719,8.78758,390.0,2025-04-11 00:00:00
joumine,جوميــــــن,0.133526,7,0.097048,26.4509,1.72747,32.0902,1.08614,17.9034,6.67555,28.3403,69.241,32.3583,118.773,90.0,129.9,1.0,1983,36.9909,9.6137,418.0,2025-04-11 00:00:00
ghezala,غزالـــــــة,0.00108871,8,0.0,2.15105,0.0560046,2.20658,0.0,0.0,0.955746,2.57848,8.60088,2.83596,10.004,82.5,11.7,1.0,1984,37.0594,9.5458,48.0,2025-04-11 00:00:00
melah,المالح,0.0243474,33,0.0,9.78,0.315518,9.09533,0.0,0.0,1.57,10.7781,23.6757,6.4354,41.0,136.0,41.0,1.0,2015,37.0761,9.4488,85.9,2025-04-11 00:00:00
tine,الطين,0.0,34,0.0,3.0112,0.0170861,2.76094,0.0,0.0,1.39,2.38954,15.8397,3.6781,34.0,136.0,34.0,1.0,2017,36.864,9.6287,276.0,2025-04-11 00:00:00
sejnane,سجنــــــان,0.133602,9,0.720768,62.6777,1.23385,61.8982,8.0652,126.945,6.74178,48.6579,113.042,41.0906,132.59,86.5,137.5,1.0,1994,37.181,9.4751,367.0,2025-04-11 00:00:00
zarga,الزرقـة,0.00362335,10,0.0,23.374,0.0884188,18.5239,0.0,0.31878,2.08,18.1029,20.0427,23.014,24.256,93.0,24.0,1.0,2012,36.8824,8.6992,60.0,2025-04-11 00:00:00
kebir,الكبيــر,0.00527099,31,0.0,40.1186,0.2661,25.2186,0.0,11.5034,0.804585,19.5625,35.6505,28.52,64.4,85.0,64.4,1.0,2014,36.8802,8.7211,85.2,2025-04-11 00:00:00
moula,المولى,0.0136561,32,0.0,18.2987,0.167115,18.4731,0.0,8.00489,0.59641,10.7837,29.8695,20.84,26.337,110.0,26.3,1.0,2013,36.9347,8.845,58.0,2025-04-11 00:00:00
selbarrak,سيدي البــــراق,0.0292983,11,0.7095,206.028,4.4423,192.999,6.3085,98.5662,21.6344,124.374,276.661,133.864,286.514,27.0,286.514,1.0,1999,37.0244,8.93652,865.0,2025-04-11 00:00:00
ziatine,الزياتيـن,0.0,12,0.022794,16.7372,0.0127381,13.8022,0.245682,5.74398,2.35,9.51393,26.7117,14.0689,33.3,37.0,33.0,1.0,2012,37.1856,9.2011,95.0,2025-04-11 00:00:00
gamgoum,القمقـوم,0.00886976,13,0.032,9.34732,0.0684952,4.21359,0.336,3.678,0.154951,2.99198,7.83034,13.9597,18.3,48.0,18.3,1.0,2012,37.1989,9.2679,35.5,2025-04-11 00:00:00
harka,الحركـة,0.00702812,35,0.0,13.1793,0.0487069,6.63281,0.0,0.0,1.42,5.18192,22.3807,9.1683,30.3,38.4,30.3,1.0,2016,37.222,9.4024,77.0,2025-04-11 00:00:00
siliana,سليانـــــــة,0.0106183,14,0.0,8.70877,0.0830154,5.82762,0.0,0.2189,3.07689,4.27126,30.3035,7.0554,30.986,388.5,70.0,1.0,1987,36.1571,9.3521,1040.0,2025-04-11 00:00:00
lakhmess,لخمـــــــاس,0.00530719,15,4.2e-05,1.77511,0.0353555,0.946668,0.000447,0.015012,1.48475,0.588395,9.97252,1.67314,7.22,517.06,8.22,1.0,1966,35.9994,9.4752,127.0,2025-04-11 00:00:00
rmil,الرميـــــــل,0.00139702,16,0.0,0.6828,0.0116419,0.658392,0.0,0.0,0.582374,0.406455,9.40855,0.6133,2.0,285.0,4.0,1.0,2002,36.3023,9.5019,232.0,2025-04-11 00:00:00
birmcherga,بئر المشارقـــة,0.0,17,0.0012,10.2354,0.120269,7.10895,0.0132,0.47312,2.54987,6.57795,22.8577,12.0646,41.599,122.5,52.9,1.0,1971,36.5119,10.0102,1263.0,2025-04-11 00:00:00
rmel,الرمــــــل,0.0,18,0.01075,21.4641,0.130047,26.4948,0.11825,1.61811,1.02624,6.10044,14.9137,3.30866,23.825,43.0,22.0,1.0,1998,36.3308,10.3584,675.0,2025-04-11 00:00:00
nebhana,نبهانــــــة,0.0,19,0.00741,6.02658,0.0306197,5.41623,0.021056,0.310253,1.84899,1.4241,19.0514,2.57687,64.61,230.0,86.5,1.0,1965,36.06,9.8724,855.0,2025-04-11 00:00:00
sidisaad,سيدي سعـــد,0.0107374,20,0.0,21.9785,0.351925,4.89736,0.0,0.0,2.67582,3.52613,35.9178,27.3446,133.317,270.0,209.0,1.0,1981,35.3902,9.6948,8950.0,2025-04-11 00:00:00
elhaouareb,هـــــــوارب,7.17485e-05,21,0.0,0.00576132,0.00817353,5.73635,0.0,0.012421,0.880421,0.196118,12.8578,0.00576132,77.47,217.0,0.0,1.0,1989,35.5727,9.7468,1120.0,2025-04-11 00:00:00
sficifa,سفيسيفة,0.000441914,22,0.0,1.72971,0.0048807,0.62333,0.0,0.0,0.0109432,0.402405,1.17811,1.71246,7.71,677.8,4.24,1.0,2005,35.3413,9.0705,173.65,2025-04-11 00:00:00
sidiach,سيدي يعيــــش,0.0,23,0.0,0.0,0.0280088,0.407372,0.0,0.022,0.0245687,0.314381,1.46339,1.337,88.0,541.0,88.0,1.0,1997,34.7468,8.7476,1900.0,2025-04-11 00:00:00
elbrek,البــــــــرك,0.001221,24,0.0,0.06,0.0090354,1.34363,0.0,0.02,0.00478571,0.17006,2.02375,0.06,14.6,849.0,16.0,1.0,2002,35.4705,8.9677,293.0,2025-04-11 00:00:00
bezirk,بزيـــــــغ,0.000662772,25,0.0,2.9202,0.00495694,3.24763,0.0,0.042,0.385796,0.211664,4.45121,0.18234,5.01,54.62,6.5,1.0,1959,36.7195,10.6272,86.0,2025-04-11 00:00:00
chiba,شيبـــــــة,0.00165945,26,0.0,1.0103,0.0089477,1.1713,0.0,0.050184,0.40619,0.000360488,6.11663,0.000475792,3.79,77.88,7.8,1.0,1963,36.6973,10.772,64.0,2025-04-11 00:00:00
masri,مصــــــري,0.0,27,0.05,4.05769,0.0195783,3.70606,0.41,4.1317,0.400928,1.22129,4.03078,1.95135,5.068,163.0,6.9,1.0,1968,36.534,10.4911,53.0,2025-04-11 00:00:00
lebna,لبنــــــــة,0.0,28,0.0,4.69688,0.0264993,5.55218,0.0,0.0,0.762047,0.453108,17.2435,0.634985,25.46,18.04,30.1,1.0,1986,36.7388,10.9218,199.0,2025-04-11 00:00:00
hma,الحمـــــى,0.0,29,0.0,3.63538,0.0172863,4.05542,0.0,0.03504,0.060987,0.759769,4.34043,0.350683,12.854,102.4,12.1,1.0,2002,36.5874,10.304,123.0,2025-04-11 00:00:00
abid,العبيـــــــد,0.0023526,30,0.0,4.17408,0.0143831,3.99423,0.0,0.0132,0.221428,0.279913,5.07287,0.804625,9.615,42.2,10.0,1.0,2002,36.8308,10.7086,54.0,2025-04-11 00:00:00
mellegue,مـــــلاق,0.0279119,1,0.02,23.9693,0.730414,38.0383,0.20853,25.9632,15.1831,7.94122,124.944,8.6706,51.13,265.0,267.67,1.0,1954,36.3144,8.70273,10300.0,2025-04-10 00:00:00
sarrat,سراط,0.000589284,36,0.046874,6.39346,0.0777269,6.42932,0.389307,1.15998,1.382,2.2161,12.5657,5.19298,21.0,546.0,21.0,1.0,2016,35.8322,8.4434,1850.0,2025-04-10 00:00:00
benmetir,بني مطيــر,0.0456605,2,0.0432,41.904,0.631237,22.0883,0.432,12.1941,4.65287,27.692,38.5354,41.154,60.393,436.5,61.63,1.0,1954,36.7471,8.7419,103.0,2025-04-10 00:00:00
kasseb,كســاب,0.0673086,3,0.0648,25.0045,1.63893,23.918,0.648,14.1534,3.88401,23.558,39.504,22.9575,76.9,292.04,81.875,1.0,1968,36.7614,9.0024,101.0,2025-04-10 00:00:00
barbara,بربرة,0.00870783,4,0.0,60.5449,0.56069,44.8971,0.611604,35.8951,8.57463,67.8459,75.8367,59.7586,60.545,182.0,74.82,1.0,1998,36.7341,8.53173,177.0,2025-04-10 00:00:00
sidisalem,سيدي ســــالم,0.507896,5,0.0432,123.998,8.87807,75.2801,0.42588,75.9985,45.272,116.661,334.475,241.801,580.348,115.0,814.0,1.0,1981,36.5907,9.3971,7950.0,2025-04-10 00:00:00
bouheurtma,بو هرتمـــــه,0.0951566,6,0.092415,50.7414,1.44763,40.4022,0.448994,36.6073,8.32129,48.9843,72.0555,71.8063,145.037,221.0,150.5,1.0,1976,36.6719,8.78758,390.0,2025-04-10 00:00:00
joumine,جوميــــــن,0.158753,7,0.096337,26.424,1.59395,31.9566,0.989089,17.8064,6.67555,28.303,69.0185,32.4487,118.773,90.0,129.9,1.0,1983,36.9909,9.6137,418.0,2025-04-10 00:00:00
ghezala,غزالـــــــة,0.00105804,8,0.0,2.15105,0.0549159,2.20549,0.0,0.0,0.955746,2.56228,8.56902,2.83596,10.004,82.5,11.7,1.0,1984,37.0594,9.5458,48.0,2025-04-10 00:00:00
melah,المالح,0.0243467,33,0.0,9.756,0.291171,9.07098,0.0,0.0,1.57,10.7781,23.6233,6.5122,41.0,136.0,41.0,1.0,2015,37.0761,9.4488,85.9,2025-04-10 00:00:00
tine,الطين,0.00306369,34,0.0,3.0229,0.0170861,2.76094,0.0,0.0,1.39,2.38123,15.7933,3.6781,34.0,136.0,34.0,1.0,2017,36.864,9.6287,276.0,2025-04-10 00:00:00
sejnane,سجنــــــان,0.195717,9,0.768423,62.6289,1.10025,61.7646,7.34443,126.225,6.74178,48.6579,112.817,41.4699,132.59,86.5,137.5,1.0,1994,37.181,9.4751,367.0,2025-04-10 00:00:00
zarga,الزرقـة,0.00336454,10,0.0,23.374,0.0847954,18.5202,0.0,0.31878,2.08,18.1029,19.9733,23.14,24.256,93.0,24.0,1.0,2012,36.8824,8.6992,60.0,2025-04-10 00:00:00
kebir,الكبيــر,0.031071,31,0.0,40.1186,0.260829,25.2133,0.0,11.5034,0.804585,19.5575,35.6237,28.52,64.4,85.0,64.4,1.0,2014,36.8802,8.7211,85.2,2025-04-10 00:00:00
moula,المولى,0.00298874,32,0.0,18.288,0.153459,18.4594,0.0,8.00489,0.59641,10.7837,29.8497,20.9,26.337,110.0,26.3,1.0,2013,36.9347,8.845,58.0,2025-04-10 00:00:00
selbarrak,سيدي البــــراق,0.028565,11,0.473,206.756,4.413,192.969,5.599,97.8567,21.6344,124.049,275.94,133.47,286.514,27.0,286.514,1.0,1999,37.0244,8.93652,865.0,2025-04-10 00:00:00
ziatine,الزياتيـن,0.0016894,12,0.019913,16.786,0.0127381,13.8022,0.222888,5.72118,2.35,9.49455,26.6333,14.0689,33.3,37.0,33.0,1.0,2012,37.1856,9.2011,95.0,2025-04-10 00:00:00
gamgoum,القمقـوم,0.00293142,13,0.028,9.37312,0.0596255,4.20472,0.304,3.646,0.154951,2.98754,7.82518,13.9597,18.3,48.0,18.3,1.0,2012,37.1989,9.2679,35.5,2025-04-10 00:00:00
harka,الحركـة,0.0,35,0.0,13.1793,0.0416788,6.62578,0.0,0.0,1.42,5.17432,22.3333,9.1683,30.3,38.4,30.3,1.0,2016,37.222,9.4024,77.0,2025-04-10 00:00:00
siliana,سليانـــــــة,0.00965296,14,0.0,8.70877,0.0723972,5.817,0.0,0.2189,3.07689,4.25996,30.2009,7.0554,30.986,388.5,70.0,1.0,1987,36.1571,9.3521,1040.0,2025-04-10 00:00:00
lakhmess,لخمـــــــاس,0.0014143,15,3.8e-05,1.77025,0.0300483,0.941361,0.000405,0.01497,1.48475,0.585485,9.92303,1.67314,7.22,517.06,8.22,1.0,1966,35.9994,9.4752,127.0,2025-04-10 00:00:00
rmil,الرميـــــــل,0.00129724,16,0.0,0.6828,0.0102449,0.656995,0.0,0.0,0.582374,0.406455,9.38914,0.6172,2.0,285.0,4.0,1.0,2002,36.3023,9.5019,232.0,2025-04-10 00:00:00
birmcherga,بئر المشارقـــة,0.0113862,17,0.0012,10.2677,0.120269,7.10895,0.012,0.47192,2.54987,6.57795,22.7727,12.0995,41.599,122.5,52.9,1.0,1971,36.5119,10.0102,1263.0,2025-04-10 00:00:00
rmel,الرمــــــل,0.0,18,0.01075,21.5175,0.130047,26.4948,0.1075,1.60736,1.02624,6.10044,14.8795,3.35174,23.825,43.0,22.0,1.0,1998,36.3308,10.3584,675.0,2025-04-10 00:00:00
nebhana,نبهانــــــة,0.00984935,19,0.00689,6.04275,0.0306197,5.41623,0.013646,0.302843,1.84899,1.41959,18.9898,2.58589,64.61,230.0,86.5,1.0,1965,36.06,9.8724,855.0,2025-04-10 00:00:00
sidisaad,سيدي سعـــد,0.0101409,20,0.0,21.9785,0.341188,4.88662,0.0,0.0,2.67582,3.52613,35.8286,27.4158,133.317,270.0,209.0,1.0,1981,35.3902,9.6948,8950.0,2025-04-10 00:00:00
elhaouareb,هـــــــوارب,7.04032e-05,21,0.0,0.00576132,0.00810178,5.73628,0.0,0.012421,0.880421,0.196021,12.8285,0.00576132,77.47,217.0,0.0,1.0,1989,35.5727,9.7468,1120.0,2025-04-10 00:00:00
sficifa,سفيسيفة,0.000549937,22,0.0,1.72971,0.00443878,0.622888,0.0,0.0,0.0109432,0.401881,1.17774,1.71246,7.71,677.8,4.24,1.0,2005,35.3413,9.0705,173.65,2025-04-10 00:00:00
sidiach,سيدي يعيــــش,0.0,23,0.0,0.0,0.0280088,0.407372,0.0,0.022,0.0245687,0.312829,1.46257,1.337,88.0,541.0,88.0,1.0,1997,34.7468,8.7476,1900.0,2025-04-10 00:00:00
elbrek,البــــــــرك,0.0010989,24,0.0,0.06,0.0078144,1.34241,0.0,0.02,0.00478571,0.169328,2.02359,0.06,14.6,849.0,16.0,1.0,2002,35.4705,8.9677,293.0,2025-04-10 00:00:00
bezirk,بزيـــــــغ,0.0,25,0.0,2.9202,0.00429417,3.24697,0.0,0.042,0.385796,0.211664,4.43835,0.1842,5.01,54.62,6.5,1.0,1959,36.7195,10.6272,86.0,2025-04-10 00:00:00
chiba,شيبـــــــة,0.0,26,0.0,1.0103,0.00728825,1.16964,0.0,0.050184,0.40619,0.000358325,6.10309,0.000475792,3.79,77.88,7.8,1.0,1963,36.6973,10.772,64.0,2025-04-10 00:00:00
masri,مصــــــري,0.0063822,27,0.07,4.11537,0.0195783,3.70606,0.36,4.0817,0.400928,1.216,4.01741,1.89684,5.068,163.0,6.9,1.0,1968,36.534,10.4911,53.0,2025-04-10 00:00:00
lebna,لبنــــــــة,0.00563264,28,0.0,4.71778,0.0264993,5.55218,0.0,0.0,0.762047,0.450241,17.2181,0.634985,25.46,18.04,30.1,1.0,1986,36.7388,10.9218,199.0,2025-04-10 00:00:00
hma,الحمـــــى,0.00319574,29,0.0,3.64423,0.0174856,4.05562,0.0,0.03504,0.060987,0.759769,4.33839,0.357404,12.854,102.4,12.1,1.0,2002,36.5874,10.304,123.0,2025-04-10 00:00:00
abid,العبيـــــــد,0.0,30,0.0,4.17408,0.0120305,3.99188,0.0,0.0132,0.221428,0.279913,5.06549,0.807581,9.615,42.2,10.0,1.0,2002,36.8308,10.7086,54.0,2025-04-10 00:00:00
mellegue,مـــــلاق,0.0704915,1,0.02,23.9693,0.702502,38.0104,0.18853,25.9432,15.1831,7.93518,124.438,8.6706,51.13,265.0,267.67,1.0,1954,36.3144,8.70273,10300.0,2025-04-09 00:00:00
sarrat,سراط,0.0283294,36,0.059806,6.44307,0.0771376,6.42873,0.342433,1.11311,1.382,2.2161,12.5196,5.24627,21.0,546.0,21.0,1.0,2016,35.8322,8.4434,1850.0,2025-04-09 00:00:00
benmetir,بني مطيــر,0.0198019,2,0.0432,41.904,0.585577,22.0427,0.3888,12.1509,4.65287,27.692,38.3803,41.204,60.393,436.5,61.63,1.0,1954,36.7471,8.7419,103.0,2025-04-09 00:00:00
kasseb,كســاب,0.0879318,3,0.0648,25.0045,1.57162,23.8507,0.5832,14.0886,3.88401,23.5184,39.3745,22.9575,76.9,292.04,81.875,1.0,1968,36.7614,9.0024,101.0,2025-04-09 00:00:00
barbara,بربرة,0.00718237,4,0.0,60.5449,0.551982,44.8884,0.611604,35.8951,8.57463,67.8382,75.5509,59.7586,60.545,182.0,74.82,1.0,1998,36.7341,8.53173,177.0,2025-04-09 00:00:00
sidisalem,سيدي ســــالم,1.12348,5,0.0432,123.587,8.37018,74.7722,0.38268,75.9553,45.272,116.661,332.966,242.63,580.348,115.0,814.0,1.0,1981,36.5907,9.3971,7950.0,2025-04-09 00:00:00
bouheurtma,بو هرتمـــــه,0.0358569,6,0.033507,50.7414,1.35247,40.3071,0.356579,36.5149,8.32129,48.9843,71.7781,72.1156,145.037,221.0,150.5,1.0,1976,36.6719,8.78758,390.0,2025-04-09 00:00:00
joumine,جوميــــــن,0.160788,7,0.09862,26.3702,1.43519,31.7979,0.892752,17.7101,6.67555,28.2666,68.796,32.5392,118.773,90.0,129.9,1.0,1983,36.9909,9.6137,418.0,2025-04-09 00:00:00
ghezala,غزالـــــــة,0.00615064,8,0.0,2.15105,0.0538579,2.20444,0.0,0.0,0.955746,2.5422,8.53717,2.83596,10.004,82.5,11.7,1.0,1984,37.0594,9.5458,48.0,2025-04-09 00:00:00
melah,المالح,0.0242595,33,0.0,9.732,0.266824,9.04664,0.0,0.0,1.57,10.7765,23.571,6.5794,41.0,136.0,41.0,1.0,2015,37.0761,9.4488,85.9,2025-04-09 00:00:00
tine,الطين,0.00306369,34,0.0,3.0229,0.0140224,2.75787,0.0,0.0,1.39,2.37351,15.747,3.6781,34.0,136.0,34.0,1.0,2017,36.864,9.6287,276.0,2025-04-09 00:00:00
sejnane,سجنــــــان,0.0342785,9,0.743803,62.7753,0.90453,61.5689,6.57601,125.456,6.74178,48.5347,112.593,41.2044,132.59,86.5,137.5,1.0,1994,37.181,9.4751,367.0,2025-04-09 00:00:00
zarga,الزرقـة,0.00323513,10,0.0,23.374,0.0814309,18.5169,0.0,0.31878,2.08,18.1029,19.904,23.266,24.256,93.0,24.0,1.0,2012,36.8824,8.6992,60.0,2025-04-09 00:00:00
kebir,الكبيــر,0.00597177,31,0.0,40.0928,0.229758,25.1823,0.0,11.5034,0.804585,19.5542,35.5969,28.52,64.4,85.0,64.4,1.0,2014,36.8802,8.7211,85.2,2025-04-09 00:00:00
moula,المولى,0.0134887,32,0.0,18.288,0.15047,18.4565,0.0,8.00489,0.59641,10.7837,29.8298,20.96,26.337,110.0,26.3,1.0,2013,36.9347,8.845,58.0,2025-04-09 00:00:00
selbarrak,سيدي البــــراق,0.0,11,0.627,207.242,4.38443,192.941,5.126,97.3837,21.6344,124.049,275.218,133.864,286.514,27.0,286.514,1.0,1999,37.0244,8.93652,865.0,2025-04-09 00:00:00
ziatine,الزياتيـن,0.00038048,12,0.02169,16.8104,0.0110487,13.8006,0.202975,5.70127,2.35,9.46348,26.555,14.0962,33.3,37.0,33.0,1.0,2012,37.1856,9.2011,95.0,2025-04-09 00:00:00
gamgoum,القمقـوم,0.0125331,13,0.029,9.39952,0.056694,4.20178,0.276,3.618,0.154951,2.9785,7.82001,13.9831,18.3,48.0,18.3,1.0,2012,37.1989,9.2679,35.5,2025-04-09 00:00:00
harka,الحركـة,0.00663557,35,0.0,13.2023,0.0416788,6.62578,0.0,0.0,1.42,5.16748,22.286,9.1683,30.3,38.4,30.3,1.0,2016,37.222,9.4024,77.0,2025-04-09 00:00:00
siliana,سليانـــــــة,0.00868766,14,0.0,8.70877,0.0627442,5.80735,0.0,0.2189,3.07689,4.25996,30.0983,7.11671,30.986,388.5,70.0,1.0,1987,36.1571,9.3521,1040.0,2025-04-09 00:00:00
lakhmess,لخمـــــــاس,0.00130571,15,4.1e-05,1.77025,0.028634,0.939947,0.000367,0.014932,1.48475,0.581845,9.87354,1.67314,7.22,517.06,8.22,1.0,1966,35.9994,9.4752,127.0,2025-04-09 00:00:00
rmil,الرميـــــــل,0.00119745,16,0.0,0.6828,0.00894761,0.655698,0.0,0.0,0.582374,0.404341,9.36973,0.6172,2.0,285.0,4.0,1.0,2002,36.3023,9.5019,232.0,2025-04-09 00:00:00
birmcherga,بئر المشارقـــة,0.0,17,0.0012,10.2677,0.108883,7.09756,0.0108,0.47072,2.54987,6.57795,22.6877,12.1343,41.599,122.5,52.9,1.0,1971,36.5119,10.0102,1263.0,2025-04-09 00:00:00
rmel,الرمــــــل,0.026779,18,0.01075,21.5708,0.130047,26.4948,0.09675,1.59661,1.02624,6.10044,14.8453,3.39482,23.825,43.0,22.0,1.0,1998,36.3308,10.3584,675.0,2025-04-09 00:00:00
nebhana,نبهانــــــة,0.0,19,0.00612,6.04275,0.0207703,5.40638,0.006756,0.295953,1.84899,1.41334,18.9282,2.59492,64.61,230.0,86.5,1.0,1965,36.06,9.8724,855.0,2025-04-09 00:00:00
sidisaad,سيدي سعـــد,0.00954434,20,0.0,21.9785,0.331047,4.87648,0.0,0.0,2.67582,3.52613,35.7394,27.4871,133.317,270.0,209.0,1.0,1981,35.3902,9.6948,8950.0,2025-04-09 00:00:00
elhaouareb,هـــــــوارب,7.08517e-05,21,0.0,0.00576132,0.00803138,5.73621,0.0,0.012421,0.880421,0.195876,12.7991,0.00576132,77.47,217.0,0.0,1.0,1989,35.5727,9.7468,1120.0,2025-04-09 00:00:00
sficifa,سفيسيفة,0.00061868,22,0.0,1.72971,0.00388884,0.622338,0.0,0.0,0.0109432,0.401356,1.17738,1.71246,7.71,677.8,4.24,1.0,2005,35.3413,9.0705,173.65,2025-04-09 00:00:00
sidiach,سيدي يعيــــش,0.0,23,0.0,0.0,0.0280088,0.407372,0.0,0.022,0.0245687,0.311276,1.46175,1.337,88.0,541.0,88.0,1.0,1997,34.7468,8.7476,1900.0,2025-04-09 00:00:00
elbrek,البــــــــرك,0.0009768,24,0.0,0.06,0.0067155,1.34131,0.0,0.02,0.00478571,0.168595,2.02344,0.06,14.6,849.0,16.0,1.0,2002,35.4705,8.9677,293.0,2025-04-09 00:00:00
bezirk,بزيـــــــغ,0.0,25,0.0,2.9276,0.00429417,3.24697,0.0,0.042,0.385796,0.211664,4.42549,0.18606,5.01,54.62,6.5,1.0,1959,36.7195,10.6272,86.0,2025-04-09 00:00:00
chiba,شيبـــــــة,0.00171055,26,0.0,1.01646,0.00728825,1.16964,0.0,0.050184,0.40619,0.000355459,6.08955,0.000475792,3.79,77.88,7.8,1.0,1963,36.6973,10.772,64.0,2025-04-09 00:00:00
masri,مصــــــري,0.000534129,27,0.05,4.18026,0.0131961,3.69968,0.29,4.0117,0.400928,1.21567,4.00405,1.85721,5.068,163.0,6.9,1.0,1968,36.534,10.4911,53.0,2025-04-09 00:00:00
lebna,لبنــــــــة,0.0,28,0.0,4.71778,0.0208666,5.54655,0.0,0.0,0.762047,0.447435,17.1927,0.634985,25.46,18.04,30.1,1.0,1986,36.7388,10.9218,199.0,2025-04-09 00:00:00
hma,الحمـــــى,0.0,29,0.0,3.64423,0.0142899,4.05242,0.0,0.03504,0.060987,0.759769,4.33636,0.364125,12.854,102.4,12.1,1.0,2002,36.5874,10.304,123.0,2025-04-09 00:00:00
abid,العبيـــــــد,0.00277087,30,0.0,4.18169,0.0120305,3.99188,0.0,0.0132,0.221428,0.279913,5.05811,0.810536,9.615,42.2,10.0,1.0,2002,36.8308,10.7086,54.0,2025-04-09 00:00:00
mellegue,مـــــلاق,0.0303571,1,0.02561,23.9693,0.632011,37.9399,0.14561,25.9003,15.1831,7.9216,123.426,8.6706,51.13,265.0,267.67,1.0,1954,36.3144,8.70273,10300.0,2025-04-07 00:00:00
sarrat,سراط,0.00776161,36,0.059893,6.5573,0.0488082,6.4004,0.222639,0.993312,1.382,2.19379,12.4275,5.37852,21.0,546.0,21.0,1.0,2016,35.8322,8.4434,1850.0,2025-04-07 00:00:00
benmetir,بني مطيــر,0.0450934,2,0.0432,41.9295,0.520681,21.9778,0.3024,12.0645,4.65287,27.692,38.0701,41.304,60.393,436.5,61.63,1.0,1954,36.7471,8.7419,103.0,2025-04-07 00:00:00
kasseb,كســاب,0.378845,3,0.0648,24.9006,1.33327,23.6123,0.4536,13.959,3.88401,23.4571,39.1156,22.977,76.9,292.04,81.875,1.0,1968,36.7614,9.0024,101.0,2025-04-07 00:00:00
barbara,بربرة,0.135653,4,0.045455,60.5449,0.535202,44.8716,0.611604,35.8951,8.57463,67.7823,74.9793,59.9242,60.545,182.0,74.82,1.0,1998,36.7341,8.53173,177.0,2025-04-07 00:00:00
sidisalem,سيدي ســــالم,0.490366,5,0.0432,121.529,6.12807,72.5301,0.29628,75.8689,45.272,116.566,329.948,244.288,580.348,115.0,814.0,1.0,1981,36.5907,9.3971,7950.0,2025-04-07 00:00:00
bouheurtma,بو هرتمـــــه,0.217327,6,0.058715,50.6892,1.22938,40.184,0.290796,36.4491,8.32129,48.9843,71.2234,72.493,145.037,221.0,150.5,1.0,1976,36.6719,8.78758,390.0,2025-04-07 00:00:00
joumine,جوميــــــن,0.1638,7,0.101908,26.264,1.11927,31.482,0.694737,17.512,6.67555,28.1824,68.351,32.69,118.773,90.0,129.9,1.0,1983,36.9909,9.6137,418.0,2025-04-07 00:00:00
ghezala,غزالـــــــة,0.00604119,8,0.0,2.14077,0.0416956,2.19227,0.0,0.0,0.955746,2.49513,8.47345,2.83596,10.004,82.5,11.7,1.0,1984,37.0594,9.5458,48.0,2025-04-07 00:00:00
melah,المالح,0.0243438,33,0.0,9.66,0.194479,8.97429,0.0,0.0,1.57,10.7503,23.4663,6.7138,41.0,136.0,41.0,1.0,2015,37.0761,9.4488,85.9,2025-04-07 00:00:00
tine,الطين,0.00307206,34,0.0,3.0346,0.0109587,2.75481,0.0,0.0,1.39,2.37351,15.6543,3.7015,34.0,136.0,34.0,1.0,2017,36.864,9.6287,276.0,2025-04-07 00:00:00
sejnane,سجنــــــان,0.170389,9,0.749343,63.0683,0.814384,61.4787,5.07808,123.958,6.74178,48.4545,112.143,40.7113,132.59,86.5,137.5,1.0,1994,37.181,9.4751,367.0,2025-04-07 00:00:00
zarga,الزرقـة,0.00323513,10,0.0,23.374,0.0748312,18.5103,0.0,0.31878,2.08,18.1029,19.7653,23.518,24.256,93.0,24.0,1.0,2012,36.8824,8.6992,60.0,2025-04-07 00:00:00
kebir,الكبيــر,0.00526921,31,0.0,40.0928,0.219395,25.1719,0.0,11.5034,0.804585,19.5399,35.5432,28.52,64.4,85.0,64.4,1.0,2014,36.8802,8.7211,85.2,2025-04-07 00:00:00
moula,المولى,0.0141513,32,0.0,18.2774,0.133828,18.4398,0.0,8.00489,0.59641,10.7837,29.79,21.116,26.337,110.0,26.3,1.0,2013,36.9347,8.845,58.0,2025-04-07 00:00:00
selbarrak,سيدي البــــراق,1.54405,11,0.528,208.213,3.9755,192.532,3.894,96.1517,21.6344,123.856,273.776,134.847,286.514,27.0,286.514,1.0,1999,37.0244,8.93652,865.0,2025-04-07 00:00:00
ziatine,الزياتيـن,0.00111004,12,0.022415,16.8592,0.00892643,13.7984,0.158236,5.65653,2.35,9.42504,26.3983,14.1643,33.3,37.0,33.0,1.0,2012,37.1856,9.2011,95.0,2025-04-07 00:00:00
gamgoum,القمقـوم,0.0066359,13,0.032,9.45294,0.044161,4.18925,0.215,3.557,0.154951,2.97359,7.80968,14.0554,18.3,48.0,18.3,1.0,2012,37.1989,9.2679,35.5,2025-04-07 00:00:00
harka,الحركـة,0.0,35,0.0,13.2023,0.0294131,6.61352,0.0,0.0,1.42,5.16109,22.1913,9.1903,30.3,38.4,30.3,1.0,2016,37.222,9.4024,77.0,2025-04-07 00:00:00
siliana,سليانـــــــة,0.00748104,14,0.0,8.70877,0.0470582,5.79166,0.0,0.2189,3.07689,4.25996,29.8932,7.57648,30.986,388.5,70.0,1.0,1987,36.1571,9.3521,1040.0,2025-04-07 00:00:00
lakhmess,لخمـــــــاس,0.00108167,15,4.1e-05,1.76539,0.0215027,0.932815,0.000286,0.014851,1.48475,0.577812,9.77456,1.67799,7.22,517.06,8.22,1.0,1966,35.9994,9.4752,127.0,2025-04-07 00:00:00
rmil,الرميـــــــل,0.00109766,16,0.0,0.6828,0.00675229,0.653502,0.0,0.0,0.582374,0.401734,9.3309,0.6211,2.0,285.0,4.0,1.0,2002,36.3023,9.5019,232.0,2025-04-07 00:00:00
birmcherga,بئر المشارقـــة,0.0,17,0.0012,10.2999,0.0982188,7.0869,0.0084,0.46832,2.54987,6.57795,22.5177,12.2039,41.599,122.5,52.9,1.0,1971,36.5119,10.0102,1263.0,2025-04-07 00:00:00
rmel,الرمــــــل,0.0,18,0.01075,21.6242,0.103268,26.468,0.07525,1.57511,1.02624,6.10044,14.7769,3.50252,23.825,43.0,22.0,1.0,1998,36.3308,10.3584,675.0,2025-04-07 00:00:00
nebhana,نبهانــــــة,0.0,19,0.000636,6.05891,0.0173141,5.40292,0.000636,0.289833,1.84899,1.40216,18.8049,2.61297,64.61,230.0,86.5,1.0,1965,36.06,9.8724,855.0,2025-04-07 00:00:00
sidisaad,سيدي سعـــد,0.202929,20,0.0,21.9134,0.249283,4.79472,0.0,0.0,2.67582,3.52613,35.561,27.6295,133.317,270.0,209.0,1.0,1981,35.3902,9.6948,8950.0,2025-04-07 00:00:00
elhaouareb,هـــــــوارب,8.38561e-05,21,0.0,0.00576132,0.00788878,5.73607,0.0,0.012421,0.880421,0.195589,12.7404,0.00576132,77.47,217.0,0.0,1.0,1989,35.5727,9.7468,1120.0,2025-04-07 00:00:00
sficifa,سفيسيفة,0.000441914,22,0.0,1.72971,0.00282825,0.621278,0.0,0.0,0.0109432,0.400045,1.17665,1.71246,7.71,677.8,4.24,1.0,2005,35.3413,9.0705,173.65,2025-04-07 00:00:00
sidiach,سيدي يعيــــش,0.0280088,23,0.0,0.028,0.0280088,0.407372,0.0,0.022,0.0245687,0.307654,1.46012,1.337,88.0,541.0,88.0,1.0,1997,34.7468,8.7476,1900.0,2025-04-07 00:00:00
elbrek,البــــــــرك,0.0006105,24,0.0,0.06,0.00506715,1.33966,0.0,0.02,0.00478571,0.166886,2.02312,0.06,14.6,849.0,16.0,1.0,2002,35.4705,8.9677,293.0,2025-04-07 00:00:00
bezirk,بزيـــــــغ,0.0,25,0.0,2.935,0.00329461,3.24597,0.0,0.042,0.385796,0.211174,4.39977,0.18792,5.01,54.62,6.5,1.0,1959,36.7195,10.6272,86.0,2025-04-07 00:00:00
chiba,شيبـــــــة,0.0,26,0.0,1.01646,0.00419976,1.16655,0.0,0.050184,0.40619,0.000350809,6.06247,0.000475792,3.79,77.88,7.8,1.0,1963,36.6973,10.772,64.0,2025-04-07 00:00:00
masri,مصــــــري,0.00118374,27,0.06,4.2812,0.0120558,3.69853,0.19,3.9117,0.400928,1.21328,3.97732,1.75396,5.068,163.0,6.9,1.0,1968,36.534,10.4911,53.0,2025-04-07 00:00:00
lebna,لبنــــــــة,0.00503349,28,0.0,4.75958,0.0208666,5.54655,0.0,0.0,0.762047,0.445178,17.1419,0.64234,25.46,18.04,30.1,1.0,1986,36.7388,10.9218,199.0,2025-04-07 00:00:00
hma,الحمـــــى,0.0028925,29,0.0,3.65308,0.0113974,4.04953,0.0,0.03504,0.060987,0.759769,4.33229,0.375326,12.854,102.4,12.1,1.0,2002,36.5874,10.304,123.0,2025-04-07 00:00:00
abid,العبيـــــــد,0.0,30,0.0,4.18931,0.00925967,3.98911,0.0,0.0132,0.221428,0.278515,5.04335,0.813492,9.615,42.2,10.0,1.0,2002,36.8308,10.7086,54.0,2025-04-07 00:00:00
mellegue,مـــــلاق,0.0244306,1,0.02,23.9693,0.601654,37.9095,0.12,25.8747,15.1831,7.91556,122.92,8.6706,51.13,265.0,267.67,1.0,1954,36.3144,8.70273,10300.0,2025-04-06 00:00:00
sarrat,سراط,2.50957e-05,36,0.021714,6.6104,0.0410466,6.39264,0.162746,0.933419,1.382,2.17927,12.3814,5.47076,21.0,546.0,21.0,1.0,2016,35.8322,8.4434,1850.0,2025-04-06 00:00:00
benmetir,بني مطيــر,0.0196134,2,0.0432,41.9295,0.475588,21.9327,0.2592,12.0213,4.65287,27.692,37.915,41.354,60.393,436.5,61.63,1.0,1954,36.7471,8.7419,103.0,2025-04-06 00:00:00
kasseb,كســاب,0.191029,3,0.0648,24.5889,0.954421,23.2335,0.3888,13.8942,3.88401,23.4357,38.9861,22.9966,76.9,292.04,81.875,1.0,1968,36.7614,9.0024,101.0,2025-04-06 00:00:00
barbara,بربرة,0.111931,4,0.10435,60.4621,0.399549,44.736,0.566149,35.8496,8.57463,67.6727,74.6935,59.9242,60.545,182.0,74.82,1.0,1998,36.7341,8.53173,177.0,2025-04-06 00:00:00
sidisalem,سيدي ســــالم,1.53606,5,0.0432,121.118,5.6377,72.0397,0.25308,75.8257,45.272,116.566,328.439,245.394,580.348,115.0,814.0,1.0,1981,36.5907,9.3971,7950.0,2025-04-06 00:00:00
bouheurtma,بو هرتمـــــه,0.19766,6,0.029463,50.5326,1.01205,39.9667,0.232081,36.3904,8.32129,48.9843,70.946,72.8076,145.037,221.0,150.5,1.0,1976,36.6719,8.78758,390.0,2025-04-06 00:00:00
joumine,جوميــــــن,0.11298,7,0.10488,26.2116,0.955475,31.3182,0.592829,17.4101,6.67555,28.1555,68.1284,32.7805,118.773,90.0,129.9,1.0,1983,36.9909,9.6137,418.0,2025-04-06 00:00:00
ghezala,غزالـــــــة,0.00600194,8,0.0,2.13563,0.0356544,2.18623,0.0,0.0,0.955746,2.47431,8.44159,2.84171,10.004,82.5,11.7,1.0,1984,37.0594,9.5458,48.0,2025-04-06 00:00:00
melah,المالح,0.0243431,33,0.0,9.636,0.170135,8.94995,0.0,0.0,1.57,10.7503,23.414,6.7906,41.0,136.0,41.0,1.0,2015,37.0761,9.4488,85.9,2025-04-06 00:00:00
tine,الطين,0.0,34,0.0,3.0346,0.00788662,2.75174,0.0,0.0,1.39,2.37351,15.608,3.7132,34.0,136.0,34.0,1.0,2017,36.864,9.6287,276.0,2025-04-06 00:00:00
sejnane,سجنــــــان,0.0680395,9,0.730223,63.1659,0.643995,61.3083,4.32874,123.209,6.74178,48.4156,111.918,40.5217,132.59,86.5,137.5,1.0,1994,37.181,9.4751,367.0,2025-04-06 00:00:00
zarga,الزرقـة,0.00284692,10,0.0,23.374,0.0715961,18.507,0.0,0.31878,2.08,18.1029,19.696,23.644,24.256,93.0,24.0,1.0,2012,36.8824,8.6992,60.0,2025-04-06 00:00:00
kebir,الكبيــر,0.00456665,31,0.0,40.0928,0.214126,25.1666,0.0,11.5034,0.804585,19.5334,35.5164,28.52,64.4,85.0,64.4,1.0,2014,36.8802,8.7211,85.2,2025-04-06 00:00:00
moula,المولى,0.0233267,32,0.0,18.2667,0.119677,18.4257,0.0,8.00489,0.59641,10.7837,29.7701,21.2,26.337,110.0,26.3,1.0,2013,36.9347,8.845,58.0,2025-04-06 00:00:00
selbarrak,سيدي البــــراق,0.581338,11,0.7865,207.242,2.43145,190.988,3.366,95.6237,21.6344,123.845,273.055,135.24,286.514,27.0,286.514,1.0,1999,37.0244,8.93652,865.0,2025-04-06 00:00:00
ziatine,الزياتيـن,0.0,12,0.026067,16.8836,0.00781639,13.7973,0.135821,5.63411,2.35,9.40621,26.32,14.1916,33.3,37.0,33.0,1.0,2012,37.1856,9.2011,95.0,2025-04-06 00:00:00
gamgoum,القمقـوم,0.0034092,13,0.037,9.47964,0.0375251,4.18262,0.183,3.525,0.154951,2.96053,7.80452,14.0796,18.3,48.0,18.3,1.0,2012,37.1989,9.2679,35.5,2025-04-06 00:00:00
harka,الحركـة,0.0050338,35,0.0,13.2253,0.0294131,6.61352,0.0,0.0,1.42,5.1547,22.144,9.1903,30.3,38.4,30.3,1.0,2016,37.222,9.4024,77.0,2025-04-06 00:00:00
siliana,سليانـــــــة,0.00844634,14,0.0,8.70877,0.0395771,5.78418,0.0,0.2189,3.07689,4.25836,29.7907,7.76039,30.986,388.5,70.0,1.0,1987,36.1571,9.3521,1040.0,2025-04-06 00:00:00
lakhmess,لخمـــــــاس,0.00123233,15,4.3e-05,1.76539,0.020421,0.931734,0.000245,0.01481,1.48475,0.577812,9.72506,1.68285,7.22,517.06,8.22,1.0,1966,35.9994,9.4752,127.0,2025-04-06 00:00:00
rmil,الرميـــــــل,0.00119745,16,0.0,0.6828,0.00565463,0.652405,0.0,0.0,0.582374,0.401734,9.31149,0.625,2.0,285.0,4.0,1.0,2002,36.3023,9.5019,232.0,2025-04-06 00:00:00
birmcherga,بئر المشارقـــة,0.00993958,17,0.0012,10.3322,0.0982188,7.0869,0.0072,0.46712,2.54987,6.57795,22.4327,12.2387,41.599,122.5,52.9,1.0,1971,36.5119,10.0102,1263.0,2025-04-06 00:00:00
rmel,الرمــــــل,0.0,18,0.01075,21.7309,0.103268,26.468,0.0645,1.56436,1.02624,6.10044,14.7427,3.5456,23.825,43.0,22.0,1.0,1998,36.3308,10.3584,675.0,2025-04-06 00:00:00
nebhana,نبهانــــــة,0.00395425,19,0.0,6.07508,0.0173141,5.40292,0.0,0.289197,1.84899,1.40026,18.7433,2.63102,64.61,230.0,86.5,1.0,1965,36.06,9.8724,855.0,2025-04-06 00:00:00
sidisaad,سيدي سعـــد,0.00594039,20,0.0,21.7182,0.0463543,4.59179,0.0,0.0,2.67582,3.52613,35.4718,27.7008,133.317,270.0,209.0,1.0,1981,35.3902,9.6948,8950.0,2025-04-06 00:00:00
elhaouareb,هـــــــوارب,0.0,21,0.0,0.00576132,0.00780492,5.73598,0.0,0.012421,0.880421,0.19294,12.7111,0.00576132,77.47,217.0,0.0,1.0,1989,35.5727,9.7468,1120.0,2025-04-06 00:00:00
sficifa,سفيسيفة,0.000353531,22,0.0,1.72971,0.00238634,0.620836,0.0,0.0,0.0109432,0.399346,1.17628,1.71246,7.71,677.8,4.24,1.0,2005,35.3413,9.0705,173.65,2025-04-06 00:00:00
sidiach,سيدي يعيــــش,0.0,23,0.0,0.0,0.0,0.379363,0.0,0.022,0.0245687,0.305842,1.4593,1.337,88.0,541.0,88.0,1.0,1997,34.7468,8.7476,1900.0,2025-04-06 00:00:00
elbrek,البــــــــرك,0.0006105,24,0.0,0.06,0.00445665,1.33905,0.0,0.02,0.00478571,0.166031,2.02296,0.06,14.6,849.0,16.0,1.0,2002,35.4705,8.9677,293.0,2025-04-06 00:00:00
bezirk,بزيـــــــغ,0.00166625,25,0.0,2.9424,0.00329461,3.24597,0.0,0.042,0.385796,0.210598,4.38691,0.18792,5.01,54.62,6.5,1.0,1959,36.7195,10.6272,86.0,2025-04-06 00:00:00
chiba,شيبـــــــة,0.00133329,26,0.0,1.02263,0.00419976,1.16655,0.0,0.050184,0.40619,0.000348593,6.04893,0.000475792,3.79,77.88,7.8,1.0,1963,36.6973,10.772,64.0,2025-04-06 00:00:00
masri,مصــــــري,0.0,27,0.04,4.34084,0.0108721,3.69735,0.13,3.8517,0.400928,1.21328,3.96396,1.71663,5.068,163.0,6.9,1.0,1968,36.534,10.4911,53.0,2025-04-06 00:00:00
lebna,لبنــــــــة,0.0,28,0.0,4.75958,0.0158331,5.54151,0.0,0.0,0.762047,0.445178,17.1165,0.649695,25.46,18.04,30.1,1.0,1986,36.7388,10.9218,199.0,2025-04-06 00:00:00
hma,الحمـــــى,0.0,29,0.0,3.65308,0.00850489,4.04664,0.0,0.03504,0.060987,0.759769,4.33026,0.382861,12.854,102.4,12.1,1.0,2002,36.5874,10.304,123.0,2025-04-06 00:00:00
abid,العبيـــــــد,0.00202496,30,0.0,4.19692,0.00925967,3.98911,0.0,0.0132,0.221428,0.277491,5.03597,0.813492,9.615,42.2,10.0,1.0,2002,36.8308,10.7086,54.0,2025-04-06 00:00:00
mellegue,مـــــلاق,0.0,1,0.02,23.9693,0.577223,37.8851,0.1,25.8547,15.1831,7.88333,122.414,8.94442,51.13,265.0,267.67,1.0,1954,36.3144,8.70273,10300.0,2025-04-05 00:00:00
sarrat,سراط,0.0150014,36,0.022428,6.63695,0.0410215,6.39262,0.141032,0.911705,1.382,2.16796,12.3353,5.53994,21.0,546.0,21.0,1.0,2016,35.8322,8.4434,1850.0,2025-04-05 00:00:00
benmetir,بني مطيــر,0.0473669,2,0.0432,41.955,0.455975,21.9131,0.216,11.9781,4.65287,27.692,37.7599,41.404,60.393,436.5,61.63,1.0,1954,36.7471,8.7419,103.0,2025-04-05 00:00:00
kasseb,كســاب,0.0877398,3,0.0648,24.4642,0.763392,23.0425,0.324,13.8294,3.88401,23.4147,38.8567,23.0162,76.9,292.04,81.875,1.0,1968,36.7614,9.0024,101.0,2025-04-05 00:00:00
barbara,بربرة,0.0534442,4,0.0881,60.4621,0.287618,44.624,0.461799,35.7453,8.57463,67.6047,74.4076,59.9655,60.545,182.0,74.82,1.0,1998,36.7341,8.53173,177.0,2025-04-05 00:00:00
sidisalem,سيدي ســــالم,1.53271,5,0.0432,119.678,4.10164,70.5036,0.20988,75.7825,45.272,116.456,326.93,245.947,580.348,115.0,814.0,1.0,1981,36.5907,9.3971,7950.0,2025-04-05 00:00:00
bouheurtma,بو هرتمـــــه,0.159568,6,0.085418,50.3237,0.814393,39.769,0.202618,36.361,8.32129,48.9273,70.6686,72.9334,145.037,221.0,150.5,1.0,1976,36.6719,8.78758,390.0,2025-04-05 00:00:00
joumine,جوميــــــن,0.110613,7,0.102275,26.2116,0.842495,31.2052,0.487949,17.3053,6.67555,28.1016,67.9059,32.8408,118.773,90.0,129.9,1.0,1983,36.9909,9.6137,418.0,2025-04-05 00:00:00
ghezala,غزالـــــــة,0.00601619,8,0.0,2.1305,0.0296525,2.18023,0.0,0.0,0.955746,2.46011,8.40973,2.85319,10.004,82.5,11.7,1.0,1984,37.0594,9.5458,48.0,2025-04-05 00:00:00
melah,المالح,0.0245135,33,0.0,9.612,0.145792,8.9256,0.0,0.0,1.57,10.7399,23.3617,6.8386,41.0,136.0,41.0,1.0,2015,37.0761,9.4488,85.9,2025-04-05 00:00:00
tine,الطين,0.00256702,34,0.0,3.0463,0.00788662,2.75174,0.0,0.0,1.39,2.36537,15.5617,3.7132,34.0,136.0,34.0,1.0,2017,36.864,9.6287,276.0,2025-04-05 00:00:00
sejnane,سجنــــــان,0.119324,9,0.734933,63.1171,0.575955,61.2403,3.59852,122.479,6.74178,48.1906,111.694,40.5217,132.59,86.5,137.5,1.0,1994,37.181,9.4751,367.0,2025-04-05 00:00:00
zarga,الزرقـة,0.00310573,10,0.0,23.374,0.0687492,18.5042,0.0,0.31878,2.08,18.1029,19.6267,23.788,24.256,93.0,24.0,1.0,2012,36.8824,8.6992,60.0,2025-04-05 00:00:00
kebir,الكبيــر,0.0310692,31,0.0,40.0928,0.209559,25.1621,0.0,11.5034,0.804585,19.5277,35.4896,28.52,64.4,85.0,64.4,1.0,2014,36.8802,8.7211,85.2,2025-04-05 00:00:00
moula,المولى,0.0229934,32,0.0,18.2454,0.0963501,18.4023,0.0,8.00489,0.59641,10.7837,29.7503,21.308,26.337,110.0,26.3,1.0,2013,36.9347,8.845,58.0,2025-04-05 00:00:00
selbarrak,سيدي البــــراق,0.186272,11,0.627,207.484,1.85011,190.406,2.5795,94.8372,21.6344,123.64,272.334,135.437,286.514,27.0,286.514,1.0,1999,37.0244,8.93652,865.0,2025-04-05 00:00:00
ziatine,الزياتيـن,0.00197235,12,0.022495,16.9324,0.00781639,13.7973,0.109754,5.60805,2.35,9.38715,26.2417,14.2188,33.3,37.0,33.0,1.0,2012,37.1856,9.2011,95.0,2025-04-05 00:00:00
gamgoum,القمقـوم,0.0,13,0.031,9.51525,0.0341159,4.17921,0.146,3.488,0.154951,2.96027,7.79935,14.1159,18.3,48.0,18.3,1.0,2012,37.1989,9.2679,35.5,2025-04-05 00:00:00
harka,الحركـة,0.00644327,35,0.0,13.2253,0.0243793,6.60848,0.0,0.0,1.42,5.14907,22.0967,9.1903,30.3,38.4,30.3,1.0,2016,37.222,9.4024,77.0,2025-04-05 00:00:00
siliana,سليانـــــــة,0.00772237,14,0.0,8.70877,0.0311308,5.77573,0.0,0.2189,3.07689,4.25636,29.6881,7.85234,30.986,388.5,70.0,1.0,1987,36.1571,9.3521,1040.0,2025-04-05 00:00:00
lakhmess,لخمـــــــاس,0.00601068,15,4e-05,1.76539,0.0191887,0.930501,0.000202,0.014767,1.48475,0.574412,9.67557,1.68285,7.22,517.06,8.22,1.0,1966,35.9994,9.4752,127.0,2025-04-05 00:00:00
rmil,الرميـــــــل,0.00109766,16,0.0,0.6828,0.00445717,0.651207,0.0,0.0,0.582374,0.399385,9.29208,0.625,2.0,285.0,4.0,1.0,2002,36.3023,9.5019,232.0,2025-04-05 00:00:00
birmcherga,بئر المشارقـــة,0.0,17,0.0012,10.3322,0.0882792,7.07696,0.006,0.46592,2.54987,6.57795,22.3477,12.2735,41.599,122.5,52.9,1.0,1971,36.5119,10.0102,1263.0,2025-04-05 00:00:00
rmel,الرمــــــل,0.0254352,18,0.01075,21.7843,0.103268,26.468,0.05375,1.55361,1.02624,6.10044,14.7085,3.58868,23.825,43.0,22.0,1.0,1998,36.3308,10.3584,675.0,2025-04-05 00:00:00
nebhana,نبهانــــــة,0.0,19,0.0,6.07508,0.0133598,5.39897,0.0,0.289197,1.84899,1.39687,18.6816,2.63102,64.61,230.0,86.5,1.0,1965,36.06,9.8724,855.0,2025-04-05 00:00:00
sidisaad,سيدي سعـــد,0.0112867,20,0.0,21.7182,0.0404139,4.58585,0.0,0.0,2.67582,3.52613,35.3826,27.772,133.317,270.0,209.0,1.0,1981,35.3902,9.6948,8950.0,2025-04-05 00:00:00
elhaouareb,هـــــــوارب,0.00197973,21,0.0,0.342099,0.00780492,5.73598,0.0,0.012421,0.880421,0.190287,12.6818,0.00576132,77.47,217.0,0.0,1.0,1989,35.5727,9.7468,1120.0,2025-04-05 00:00:00
sficifa,سفيسيفة,0.000441914,22,0.0,1.72971,0.0020328,0.620482,0.0,0.0,0.0109432,0.398908,1.17592,1.71246,7.71,677.8,4.24,1.0,2005,35.3413,9.0705,173.65,2025-04-05 00:00:00
sidiach,سيدي يعيــــش,0.0,23,0.0,0.0,0.0,0.379363,0.0,0.022,0.0245687,0.304549,1.45848,1.337,88.0,541.0,88.0,1.0,1997,34.7468,8.7476,1900.0,2025-04-05 00:00:00
elbrek,البــــــــرك,0.0007326,24,0.0,0.06,0.00384615,1.33844,0.0,0.02,0.00478571,0.165421,2.0228,0.06,14.6,849.0,16.0,1.0,2002,35.4705,8.9677,293.0,2025-04-05 00:00:00
bezirk,بزيـــــــغ,0.00066538,25,0.0,2.9424,0.00162836,3.2443,0.0,0.042,0.385796,0.210598,4.37405,0.18978,5.01,54.62,6.5,1.0,1959,36.7195,10.6272,86.0,2025-04-05 00:00:00
chiba,شيبـــــــة,0.0,26,0.0,1.02263,0.00286647,1.16522,0.0,0.050184,0.40619,0.000346484,6.03539,0.000475792,3.79,77.88,7.8,1.0,1963,36.6973,10.772,64.0,2025-04-05 00:00:00
masri,مصــــــري,0.00801637,27,0.09,4.38606,0.0108721,3.69735,0.09,3.8117,0.400928,1.21236,3.95059,1.71663,5.068,163.0,6.9,1.0,1968,36.534,10.4911,53.0,2025-04-05 00:00:00
lebna,لبنــــــــة,0.00410056,28,0.0,4.78048,0.0158331,5.54151,0.0,0.0,0.762047,0.442783,17.0911,0.649695,25.46,18.04,30.1,1.0,1986,36.7388,10.9218,199.0,2025-04-05 00:00:00
hma,الحمـــــى,0.0,29,0.0,3.66193,0.00850489,4.04664,0.0,0.03504,0.060987,0.759769,4.32823,0.390396,12.854,102.4,12.1,1.0,2002,36.5874,10.304,123.0,2025-04-05 00:00:00
abid,العبيـــــــد,0.0,30,0.0,4.19692,0.00723472,3.98708,0.0,0.0132,0.221428,0.277491,5.02859,0.816447,9.615,42.2,10.0,1.0,2002,36.8308,10.7086,54.0,2025-04-05 00:00:00
mellegue,مـــــلاق,0.0279338,1,0.02,24.0551,0.577223,37.8851,0.08,25.8347,15.1831,7.87712,121.908,8.94442,51.13,265.0,267.67,1.0,1954,36.3144,8.70273,10300.0,2025-04-04 00:00:00
sarrat,سراط,0.0,36,0.0,6.65023,0.0260201,6.37762,0.118604,0.889277,1.382,2.13282,12.2893,5.60912,21.0,546.0,21.0,1.0,2016,35.8322,8.4434,1850.0,2025-04-04 00:00:00
benmetir,بني مطيــر,0.0462305,2,0.0432,41.955,0.408608,21.8657,0.1728,11.9349,4.65287,27.692,37.6048,41.454,60.393,436.5,61.63,1.0,1954,36.7471,8.7419,103.0,2025-04-04 00:00:00
kasseb,كســاب,0.108827,3,0.0648,24.4435,0.675652,22.9547,0.2592,13.7646,3.88401,23.394,38.7272,23.0357,76.9,292.04,81.875,1.0,1968,36.7614,9.0024,101.0,2025-04-04 00:00:00
barbara,بربرة,0.0581586,4,0.090522,60.5035,0.234174,44.5706,0.373699,35.6572,8.57463,67.496,74.1218,59.9655,60.545,182.0,74.82,1.0,1998,36.7341,8.53173,177.0,2025-04-04 00:00:00
sidisalem,سيدي ســــالم,0.704886,5,0.0432,118.237,2.56893,68.9709,0.16668,75.7393,45.272,115.908,325.421,247.066,580.348,115.0,814.0,1.0,1981,36.5907,9.3971,7950.0,2025-04-04 00:00:00
bouheurtma,بو هرتمـــــه,0.0917504,6,0.028754,50.167,0.654826,39.6094,0.1172,36.2755,8.32129,48.9273,70.3912,72.9963,145.037,221.0,150.5,1.0,1976,36.6719,8.78758,390.0,2025-04-04 00:00:00
joumine,جوميــــــن,0.184782,7,0.097915,26.2116,0.731882,31.0946,0.385674,17.203,6.67555,28.0771,67.6834,32.9313,118.773,90.0,129.9,1.0,1983,36.9909,9.6137,418.0,2025-04-04 00:00:00
ghezala,غزالـــــــة,0.00599229,8,0.0,2.12536,0.0236363,2.17421,0.0,0.0,0.955746,2.45423,8.37788,2.85893,10.004,82.5,11.7,1.0,1984,37.0594,9.5458,48.0,2025-04-04 00:00:00
melah,المالح,0.0244271,33,0.0,9.588,0.121278,8.90109,0.0,0.0,1.57,10.7399,23.3093,6.9058,41.0,136.0,41.0,1.0,2015,37.0761,9.4488,85.9,2025-04-04 00:00:00
tine,الطين,0.0,34,0.0,3.0463,0.0053196,2.74917,0.0,0.0,1.39,2.36537,15.5153,3.7249,34.0,136.0,34.0,1.0,2017,36.864,9.6287,276.0,2025-04-04 00:00:00
sejnane,سجنــــــان,0.0878383,9,0.691963,63.1659,0.456631,61.121,2.86358,121.744,6.74178,48.1906,111.469,40.901,132.59,86.5,137.5,1.0,1994,37.181,9.4751,367.0,2025-04-04 00:00:00
zarga,الزرقـة,0.00388216,10,0.0,23.374,0.0656434,18.5011,0.0,0.31878,2.08,18.077,19.5573,23.878,24.256,93.0,24.0,1.0,2012,36.8824,8.6992,60.0,2025-04-04 00:00:00
kebir,الكبيــر,0.0328232,31,0.0,40.067,0.17849,25.131,0.0,11.5034,0.804585,19.5027,35.4628,28.5,64.4,85.0,64.4,1.0,2014,36.8802,8.7211,85.2,2025-04-04 00:00:00
moula,المولى,0.0236543,32,0.0,18.224,0.0733567,18.3793,0.0,8.00489,0.59641,10.7837,29.7304,21.368,26.337,110.0,26.3,1.0,2013,36.9347,8.845,58.0,2025-04-04 00:00:00
selbarrak,سيدي البــــراق,0.0,11,0.627,207.97,1.66384,190.22,1.9525,94.2102,21.6344,123.64,271.613,135.83,286.514,27.0,286.514,1.0,1999,37.0244,8.93652,865.0,2025-04-04 00:00:00
ziatine,الزياتيـن,0.00387032,12,0.022062,16.9568,0.00584404,13.7953,0.087259,5.58555,2.35,9.37026,26.1633,14.2461,33.3,37.0,33.0,1.0,2012,37.1856,9.2011,95.0,2025-04-04 00:00:00
gamgoum,القمقـوم,0.0082252,13,0.024,9.55086,0.0341159,4.17921,0.115,3.457,0.154951,2.9602,7.79419,14.1522,18.3,48.0,18.3,1.0,2012,37.1989,9.2679,35.5,2025-04-04 00:00:00
harka,الحركـة,0.00644327,35,0.0,13.2253,0.017936,6.60204,0.0,0.0,1.42,5.14907,22.0493,9.2123,30.3,38.4,30.3,1.0,2016,37.222,9.4024,77.0,2025-04-04 00:00:00
siliana,سليانـــــــة,0.00796369,14,0.0,8.70877,0.0234084,5.76801,0.0,0.2189,3.07689,4.25636,29.5855,7.883,30.986,388.5,70.0,1.0,1987,36.1571,9.3521,1040.0,2025-04-04 00:00:00
lakhmess,لخمـــــــاس,0.00115408,15,4e-05,1.76054,0.013178,0.924491,0.000162,0.014727,1.48475,0.57125,9.62608,1.68285,7.22,517.06,8.22,1.0,1966,35.9994,9.4752,127.0,2025-04-04 00:00:00
rmil,الرميـــــــل,0.00116419,16,0.0,0.6828,0.00335951,0.650109,0.0,0.0,0.582374,0.399385,9.27267,0.6284,2.0,285.0,4.0,1.0,2002,36.3023,9.5019,232.0,2025-04-04 00:00:00
birmcherga,بئر المشارقـــة,0.00921297,17,0.0012,10.3645,0.0882792,7.07696,0.0048,0.46472,2.54987,6.57795,22.2627,12.3084,41.599,122.5,52.9,1.0,1971,36.5119,10.0102,1263.0,2025-04-04 00:00:00
rmel,الرمــــــل,0.0259247,18,0.01075,21.7843,0.0778328,26.4426,0.043,1.54286,1.02624,6.10044,14.6743,3.6533,23.825,43.0,22.0,1.0,1998,36.3308,10.3584,675.0,2025-04-04 00:00:00
nebhana,نبهانــــــة,0.00445328,19,0.0,6.09124,0.0133598,5.39897,0.0,0.289197,1.84899,1.39687,18.62,2.64004,64.61,230.0,86.5,1.0,1965,36.06,9.8724,855.0,2025-04-04 00:00:00
sidisaad,سيدي سعـــد,0.0106927,20,0.0,21.7182,0.0291271,4.57456,0.0,0.0,2.67582,3.52613,35.2934,27.8433,133.317,270.0,209.0,1.0,1981,35.3902,9.6948,8950.0,2025-04-04 00:00:00
elhaouareb,هـــــــوارب,0.00196937,21,0.0,0.342099,0.00582519,5.734,0.0,0.012421,0.880421,0.187637,12.6524,0.00576132,77.47,217.0,0.0,1.0,1989,35.5727,9.7468,1120.0,2025-04-04 00:00:00
sficifa,سفيسيفة,0.000530297,22,0.0,1.72971,0.00159089,0.620041,0.0,0.0,0.0109432,0.398471,1.17555,1.71246,7.71,677.8,4.24,1.0,2005,35.3413,9.0705,173.65,2025-04-04 00:00:00
sidiach,سيدي يعيــــش,0.0,23,0.0,0.0,0.0,0.379363,0.0,0.022,0.0245687,0.303255,1.45766,1.337,88.0,541.0,88.0,1.0,1997,34.7468,8.7476,1900.0,2025-04-04 00:00:00
elbrek,البــــــــرك,0.00091575,24,0.0,0.06,0.00311355,1.3377,0.0,0.02,0.00478571,0.16481,2.02264,0.06,14.6,849.0,16.0,1.0,2002,35.4705,8.9677,293.0,2025-04-04 00:00:00
bezirk,بزيـــــــغ,0.0,25,0.0,2.9424,0.000962982,3.24364,0.0,0.042,0.385796,0.210183,4.3612,0.18978,5.01,54.62,6.5,1.0,1959,36.7195,10.6272,86.0,2025-04-04 00:00:00
chiba,شيبـــــــة,0.00133616,26,0.0,1.0288,0.00286647,1.16522,0.0,0.050184,0.40619,0.000344375,6.02185,0.000475792,3.79,77.88,7.8,1.0,1963,36.6973,10.772,64.0,2025-04-04 00:00:00
masri,مصــــــري,0.00103844,27,0.0,4.46897,0.0028557,3.68933,0.0,3.7217,0.400928,1.21146,3.93723,1.71663,5.068,163.0,6.9,1.0,1968,36.534,10.4911,53.0,2025-04-04 00:00:00
lebna,لبنــــــــة,0.0,28,0.0,4.78048,0.0117326,5.53741,0.0,0.0,0.762047,0.440514,17.0657,0.649695,25.46,18.04,30.1,1.0,1986,36.7388,10.9218,199.0,2025-04-04 00:00:00
hma,الحمـــــى,0.00290456,29,0.0,3.67078,0.00850489,4.04664,0.0,0.03504,0.060987,0.759769,4.3262,0.397931,12.854,102.4,12.1,1.0,2002,36.5874,10.304,123.0,2025-04-04 00:00:00
abid,العبيـــــــد,0.00236316,30,0.0,4.20453,0.00723472,3.98708,0.0,0.0132,0.221428,0.276519,5.0212,0.816447,9.615,42.2,10.0,1.0,2002,36.8308,10.7086,54.0,2025-04-04 00:00:00
mellegue,مـــــلاق,0.0692431,1,0.02,24.0551,0.549289,37.8572,0.06,25.8147,15.1831,7.87092,121.402,8.94442,51.13,265.0,267.67,1.0,1954,36.3144,8.70273,10300.0,2025-04-03 00:00:00
sarrat,سراط,0.0,36,0.020815,6.69005,0.0260201,6.37762,0.118604,0.889277,1.382,2.09946,12.2432,5.66677,21.0,546.0,21.0,1.0,2016,35.8322,8.4434,1850.0,2025-04-03 00:00:00
benmetir,بني مطيــر,0.0462305,2,0.0432,41.955,0.362377,21.8195,0.1296,11.8917,4.65287,27.692,37.4497,41.504,60.393,436.5,61.63,1.0,1954,36.7471,8.7419,103.0,2025-04-03 00:00:00
kasseb,كســاب,0.17101,3,0.0648,24.4019,0.566826,22.8459,0.1944,13.6998,3.88401,23.354,38.5977,23.0357,76.9,292.04,81.875,1.0,1968,36.7614,9.0024,101.0,2025-04-03 00:00:00
barbara,بربرة,0.0599695,4,0.094339,60.5449,0.176016,44.5124,0.283177,35.5666,8.57463,67.4278,73.836,60.0069,60.545,182.0,74.82,1.0,1998,36.7341,8.53173,177.0,2025-04-03 00:00:00
sidisalem,سيدي ســــالم,0.902371,5,0.04116,117.62,1.86404,68.2661,0.12348,75.6961,45.272,115.908,323.911,248.768,580.348,115.0,814.0,1.0,1981,36.5907,9.3971,7950.0,2025-04-03 00:00:00
bouheurtma,بو هرتمـــــه,0.0829328,6,0.029158,50.0626,0.563075,39.5177,0.088446,36.2468,8.32129,48.9206,70.1138,72.9334,145.037,221.0,150.5,1.0,1976,36.6719,8.78758,390.0,2025-04-03 00:00:00
joumine,جوميــــــن,0.185152,7,0.097109,26.1331,0.547101,30.9098,0.287759,17.1051,6.67555,28.0218,67.4609,32.9916,118.773,90.0,129.9,1.0,1983,36.9909,9.6137,418.0,2025-04-03 00:00:00
ghezala,غزالـــــــة,0.005938,8,0.0,2.12022,0.017644,2.16822,0.0,0.0,0.955746,2.44702,8.34602,2.85319,10.004,82.5,11.7,1.0,1984,37.0594,9.5458,48.0,2025-04-03 00:00:00
melah,المالح,0.0244261,33,0.0,9.564,0.096851,8.87666,0.0,0.0,1.57,10.7292,23.257,6.9538,41.0,136.0,41.0,1.0,2015,37.0761,9.4488,85.9,2025-04-03 00:00:00
tine,الطين,0.0020592,34,0.0,3.058,0.0053196,2.74917,0.0,0.0,1.39,2.36537,15.469,3.7366,34.0,136.0,34.0,1.0,2017,36.864,9.6287,276.0,2025-04-03 00:00:00
sejnane,سجنــــــان,0.0968283,9,0.744553,63.2148,0.368793,61.0331,2.17162,121.052,6.74178,48.1685,111.244,41.2423,132.59,86.5,137.5,1.0,1994,37.181,9.4751,367.0,2025-04-03 00:00:00
zarga,الزرقـة,0.0208469,10,0.0,23.374,0.0617613,18.4972,0.0,0.31878,2.08,18.077,19.488,23.986,24.256,93.0,24.0,1.0,2012,36.8824,8.6992,60.0,2025-04-03 00:00:00
kebir,الكبيــر,0.0319433,31,0.0,40.0412,0.145667,25.0982,0.0,11.5034,0.804585,19.4969,35.4359,28.5,64.4,85.0,64.4,1.0,2014,36.8802,8.7211,85.2,2025-04-03 00:00:00
moula,المولى,0.0028952,32,0.0,18.2027,0.0497025,18.3557,0.0,8.00489,0.59641,10.7837,29.7105,21.44,26.337,110.0,26.3,1.0,2013,36.9347,8.845,58.0,2025-04-03 00:00:00
selbarrak,سيدي البــــراق,0.29556,11,0.5005,208.698,1.66384,190.22,1.3255,93.5832,21.6344,123.413,270.891,136.027,286.514,27.0,286.514,1.0,1999,37.0244,8.93652,865.0,2025-04-03 00:00:00
ziatine,الزياتيـن,0.0,12,0.020643,16.9812,0.00197372,13.7915,0.065197,5.56349,2.35,9.35172,26.085,14.2733,33.3,37.0,33.0,1.0,2012,37.1856,9.2011,95.0,2025-04-03 00:00:00
gamgoum,القمقـوم,0.0033253,13,0.028,9.56867,0.0258907,4.17098,0.091,3.433,0.154951,2.9602,7.78902,14.1885,18.3,48.0,18.3,1.0,2012,37.1989,9.2679,35.5,2025-04-03 00:00:00
harka,الحركـة,0.0,35,0.0,13.2253,0.0114927,6.5956,0.0,0.0,1.42,5.14388,22.002,9.2123,30.3,38.4,30.3,1.0,2016,37.222,9.4024,77.0,2025-04-03 00:00:00
siliana,سليانـــــــة,0.00627442,14,0.0,8.70877,0.0154447,5.76005,0.0,0.2189,3.07689,4.25449,29.483,7.9443,30.986,388.5,70.0,1.0,1987,36.1571,9.3521,1040.0,2025-04-03 00:00:00
lakhmess,لخمـــــــاس,0.000967396,15,3.9e-05,1.76054,0.0120239,0.923337,0.000122,0.014687,1.48475,0.57125,9.57659,1.6877,7.22,517.06,8.22,1.0,1966,35.9994,9.4752,127.0,2025-04-03 00:00:00
rmil,الرميـــــــل,0.000831563,16,0.0,0.6828,0.00219532,0.648945,0.0,0.0,0.582374,0.397425,9.25325,0.6284,2.0,285.0,4.0,1.0,2002,36.3023,9.5019,232.0,2025-04-03 00:00:00
birmcherga,بئر المشارقـــة,0.0,17,0.0012,10.3645,0.0790662,7.06775,0.0036,0.46352,2.54987,6.57795,22.1777,12.3432,41.599,122.5,52.9,1.0,1971,36.5119,10.0102,1263.0,2025-04-03 00:00:00
rmel,الرمــــــل,0.0,18,0.01075,21.7843,0.051908,26.4166,0.03225,1.53211,1.02624,6.10044,14.6401,3.69638,23.825,43.0,22.0,1.0,1998,36.3308,10.3584,675.0,2025-04-03 00:00:00
nebhana,نبهانــــــة,0.00445328,19,0.0,6.09124,0.00890656,5.39451,0.0,0.289197,1.84899,1.39347,18.5584,2.64004,64.61,230.0,86.5,1.0,1965,36.06,9.8724,855.0,2025-04-03 00:00:00
sidisaad,سيدي سعـــد,0.0,20,0.0,21.7182,0.0184344,4.56387,0.0,0.0,2.67582,3.48056,35.2042,27.8433,133.317,270.0,209.0,1.0,1981,35.3902,9.6948,8950.0,2025-04-03 00:00:00
elhaouareb,هـــــــوارب,0.00193827,21,0.0,0.342099,0.00385582,5.73204,0.0,0.012421,0.880421,0.185004,12.6231,0.00576132,77.47,217.0,0.0,1.0,1989,35.5727,9.7468,1120.0,2025-04-03 00:00:00
sficifa,سفيسيفة,0.000530297,22,0.0,1.72971,0.00106059,0.61951,0.0,0.0,0.0109432,0.397947,1.17519,1.71246,7.71,677.8,4.24,1.0,2005,35.3413,9.0705,173.65,2025-04-03 00:00:00
sidiach,سيدي يعيــــش,0.0,23,0.0,0.0,0.0,0.379363,0.0,0.022,0.0245687,0.301702,1.45684,1.337,88.0,541.0,88.0,1.0,1997,34.7468,8.7476,1900.0,2025-04-03 00:00:00
elbrek,البــــــــرك,0.00091575,24,0.0,0.06,0.0021978,1.33679,0.0,0.02,0.00478571,0.164078,2.02248,0.06,14.6,849.0,16.0,1.0,2002,35.4705,8.9677,293.0,2025-04-03 00:00:00
bezirk,بزيـــــــغ,0.000962982,25,0.0,2.9498,0.000962982,3.24364,0.0,0.042,0.385796,0.210183,4.34834,0.19164,5.01,54.62,6.5,1.0,1959,36.7195,10.6272,86.0,2025-04-03 00:00:00
chiba,شيبـــــــة,0.0,26,0.0,1.0288,0.00153031,1.16389,0.0,0.050184,0.40619,0.000342374,6.00831,0.000475792,3.79,77.88,7.8,1.0,1963,36.6973,10.772,64.0,2025-04-03 00:00:00
masri,مصــــــري,0.000970711,27,0.0,4.46897,0.00181726,3.6883,0.0,3.7217,0.400928,1.21062,3.92386,1.71663,5.068,163.0,6.9,1.0,1968,36.534,10.4911,53.0,2025-04-03 00:00:00
lebna,لبنــــــــة,0.0,28,0.0,4.80138,0.0117326,5.53741,0.0,0.0,0.762047,0.440514,17.0403,0.65705,25.46,18.04,30.1,1.0,1986,36.7388,10.9218,199.0,2025-04-03 00:00:00
hma,الحمـــــى,0.00290456,29,0.0,3.67078,0.00560033,4.04373,0.0,0.03504,0.060987,0.759769,4.32416,0.405466,12.854,102.4,12.1,1.0,2002,36.5874,10.304,123.0,2025-04-03 00:00:00
abid,العبيـــــــد,0.00208514,30,0.0,4.20453,0.00487155,3.98472,0.0,0.0132,0.221428,0.276519,5.01382,0.819403,9.615,42.2,10.0,1.0,2002,36.8308,10.7086,54.0,2025-04-03 00:00:00
mellegue,مـــــلاق,0.0692343,1,0.02,24.0122,0.480046,37.7879,0.04,25.7947,15.1831,7.86471,120.896,8.94442,51.13,265.0,267.67,1.0,1954,36.3144,8.70273,10300.0,2025-04-02 00:00:00
sarrat,سراط,0.00647108,36,0.055148,6.7166,0.0260201,6.37762,0.097789,0.868462,1.382,2.09946,12.1971,5.7936,21.0,546.0,21.0,1.0,2016,35.8322,8.4434,1850.0,2025-04-02 00:00:00
benmetir,بني مطيــر,0.096054,2,0.0432,41.955,0.316147,21.7732,0.0864,11.8485,4.65287,27.68,37.2946,41.529,60.393,436.5,61.63,1.0,1954,36.7471,8.7419,103.0,2025-04-02 00:00:00
kasseb,كســاب,0.208069,3,0.0648,24.298,0.395816,22.6749,0.1296,13.635,3.88401,23.3144,38.4683,23.0357,76.9,292.04,81.875,1.0,1968,36.7614,9.0024,101.0,2025-04-02 00:00:00
barbara,بربرة,0.0618843,4,0.097392,60.5881,0.116046,44.4525,0.188838,35.4723,8.57463,67.3192,73.5502,60.0069,60.545,182.0,74.82,1.0,1998,36.7341,8.53173,177.0,2025-04-02 00:00:00
sidisalem,سيدي ســــالم,0.693464,5,0.04116,116.797,0.96167,67.3637,0.08232,75.6549,45.272,115.465,322.402,248.485,580.348,115.0,814.0,1.0,1981,36.5907,9.3971,7950.0,2025-04-02 00:00:00
bouheurtma,بو هرتمـــــه,0.188248,6,0.029649,50.0104,0.480143,39.4347,0.059288,36.2176,8.32129,48.9206,69.8365,72.9963,145.037,221.0,150.5,1.0,1976,36.6719,8.78758,390.0,2025-04-02 00:00:00
joumine,جوميــــــن,0.183348,7,0.09532,26.0546,0.361949,30.7247,0.19065,17.008,6.67555,27.9668,67.2384,33.052,118.773,90.0,129.9,1.0,1983,36.9909,9.6137,418.0,2025-04-02 00:00:00
ghezala,غزالـــــــة,0.00588383,8,0.0,2.11508,0.011706,2.16228,0.0,0.0,0.955746,2.43412,8.31416,2.84171,10.004,82.5,11.7,1.0,1984,37.0594,9.5458,48.0,2025-04-02 00:00:00
melah,المالح,0.0242552,33,0.0,9.54,0.0724249,8.85224,0.0,0.0,1.57,10.7277,23.2047,7.0114,41.0,136.0,41.0,1.0,2015,37.0761,9.4488,85.9,2025-04-02 00:00:00
tine,الطين,0.001716,34,0.0,3.058,0.0032604,2.74711,0.0,0.0,1.39,2.3612,15.4227,3.7366,34.0,136.0,34.0,1.0,2017,36.864,9.6287,276.0,2025-04-02 00:00:00
sejnane,سجنــــــان,0.0905494,9,0.751203,63.41,0.271964,60.9363,1.42707,120.307,6.74178,48.1316,111.019,41.5837,132.59,86.5,137.5,1.0,1994,37.181,9.4751,367.0,2025-04-02 00:00:00
zarga,الزرقـة,0.020587,10,0.0,23.356,0.0409144,18.4764,0.0,0.31878,2.08,18.072,19.4187,23.986,24.256,93.0,24.0,1.0,2012,36.8824,8.6992,60.0,2025-04-02 00:00:00
kebir,الكبيــر,0.0559866,31,0.0,40.0154,0.113724,25.0662,0.0,11.5034,0.804585,19.4912,35.4091,28.5,64.4,85.0,64.4,1.0,2014,36.8802,8.7211,85.2,2025-04-02 00:00:00
moula,المولى,0.0131496,32,0.0,18.2027,0.0468073,18.3528,0.0,8.00489,0.59641,10.7837,29.6906,21.56,26.337,110.0,26.3,1.0,2013,36.9347,8.845,58.0,2025-04-02 00:00:00
selbarrak,سيدي البــــراق,0.361687,11,0.572,208.941,1.36828,189.925,0.825,93.0827,21.6344,123.167,270.17,136.223,286.514,27.0,286.514,1.0,1999,37.0244,8.93652,865.0,2025-04-02 00:00:00
ziatine,الزياتيـن,0.00106572,12,0.022357,17.0056,0.00197372,13.7915,0.044554,5.54285,2.35,9.33701,26.0067,14.3006,33.3,37.0,33.0,1.0,2012,37.1856,9.2011,95.0,2025-04-02 00:00:00
gamgoum,القمقـوم,0.00732935,13,0.032,9.59538,0.0225653,4.16766,0.063,3.405,0.154951,2.9602,7.78386,14.2248,18.3,48.0,18.3,1.0,2012,37.1989,9.2679,35.5,2025-04-02 00:00:00
harka,الحركـة,0.0060488,35,0.0,13.2483,0.0114927,6.5956,0.0,0.0,1.42,5.139,21.9547,9.2123,30.3,38.4,30.3,1.0,2016,37.222,9.4024,77.0,2025-04-02 00:00:00
siliana,سليانـــــــة,0.00555045,14,0.0,8.70877,0.00917031,5.75377,0.0,0.2189,3.07689,4.24112,29.3804,7.9443,30.986,388.5,70.0,1.0,1987,36.1571,9.3521,1040.0,2025-04-02 00:00:00
lakhmess,لخمـــــــاس,0.0056394,15,4.1e-05,1.76054,0.0110565,0.922369,8.3e-05,0.014648,1.48475,0.568316,9.5271,1.6877,7.22,517.06,8.22,1.0,1966,35.9994,9.4752,127.0,2025-04-02 00:00:00
rmil,الرميـــــــل,0.0007983,16,0.0,0.6828,0.00136376,0.648114,0.0,0.0,0.582374,0.397425,9.23384,0.6318,2.0,285.0,4.0,1.0,2002,36.3023,9.5019,232.0,2025-04-02 00:00:00
birmcherga,بئر المشارقـــة,0.00801501,17,0.0012,10.3968,0.0790662,7.06775,0.0024,0.46232,2.54987,6.57795,22.0927,12.378,41.599,122.5,52.9,1.0,1971,36.5119,10.0102,1263.0,2025-04-02 00:00:00
rmel,الرمــــــل,0.0264445,18,0.01075,21.8376,0.051908,26.4166,0.0215,1.52136,1.02624,6.10044,14.6058,3.73946,23.825,43.0,22.0,1.0,1998,36.3308,10.3584,675.0,2025-04-02 00:00:00
nebhana,نبهانــــــة,0.00445328,19,0.0,6.09124,0.00445328,5.39006,0.0,0.289197,1.84899,1.39007,18.4967,2.64004,64.61,230.0,86.5,1.0,1965,36.06,9.8724,855.0,2025-04-02 00:00:00
sidisaad,سيدي سعـــد,0.00951455,20,0.0,21.7833,0.0184344,4.56387,0.0,0.0,2.67582,3.48056,35.115,27.9145,133.317,270.0,209.0,1.0,1981,35.3902,9.6948,8950.0,2025-04-02 00:00:00
elhaouareb,هـــــــوارب,0.00191754,21,0.0,0.342099,0.00191754,5.7301,0.0,0.012421,0.880421,0.182363,12.5937,0.00576132,77.47,217.0,0.0,1.0,1989,35.5727,9.7468,1120.0,2025-04-02 00:00:00
sficifa,سفيسيفة,0.000353531,22,0.0,1.72971,0.000530297,0.61898,0.0,0.0,0.0109432,0.397335,1.17482,1.71246,7.71,677.8,4.24,1.0,2005,35.3413,9.0705,173.65,2025-04-02 00:00:00
sidiach,سيدي يعيــــش,0.0,23,0.0,0.0,0.0,0.379363,0.0,0.022,0.0245687,0.299891,1.45602,1.337,88.0,541.0,88.0,1.0,1997,34.7468,8.7476,1900.0,2025-04-02 00:00:00
elbrek,البــــــــرك,0.0008547,24,0.0,0.06,0.00128205,1.33587,0.0,0.02,0.00478571,0.163223,2.02232,0.06,14.6,849.0,16.0,1.0,2002,35.4705,8.9677,293.0,2025-04-02 00:00:00
bezirk,بزيـــــــغ,0.0,25,0.0,2.9498,0.0,3.24268,0.0,0.042,0.385796,0.209684,4.33548,0.19164,5.01,54.62,6.5,1.0,1959,36.7195,10.6272,86.0,2025-04-02 00:00:00
chiba,شيبـــــــة,0.00153031,26,0.0,1.03496,0.00153031,1.16389,0.0,0.050184,0.40619,0.000340482,5.99477,0.000475792,3.79,77.88,7.8,1.0,1963,36.6973,10.772,64.0,2025-04-02 00:00:00
masri,مصــــــري,0.00084655,27,0.0,4.46897,0.00084655,3.68733,0.0,3.7217,0.400928,1.20984,3.9105,1.71663,5.068,163.0,6.9,1.0,1968,36.534,10.4911,53.0,2025-04-02 00:00:00
lebna,لبنــــــــة,0.00507354,28,0.0,4.82228,0.0117326,5.53741,0.0,0.0,0.762047,0.437978,17.0149,0.65705,25.46,18.04,30.1,1.0,1986,36.7388,10.9218,199.0,2025-04-02 00:00:00
hma,الحمـــــى,0.0,29,0.0,3.67078,0.00269576,4.04083,0.0,0.03504,0.060987,0.759769,4.32213,0.410489,12.854,102.4,12.1,1.0,2002,36.5874,10.304,123.0,2025-04-02 00:00:00
abid,العبيـــــــد,0.0,30,0.0,4.20453,0.00278641,3.98264,0.0,0.0132,0.221428,0.275707,5.00644,0.819403,9.615,42.2,10.0,1.0,2002,36.8308,10.7086,54.0,2025-04-02 00:00:00
mellegue,مـــــلاق,0.410812,1,0.02,23.9693,0.410812,37.7187,0.02,25.7747,15.1831,7.86005,120.39,8.94442,51.13,265.0,267.67,1.0,1954,36.3144,8.70273,10300.0,2025-04-01 00:00:00
sarrat,سراط,0.019549,36,0.042641,6.7697,0.019549,6.37115,0.042641,0.813314,1.382,2.09946,12.1511,5.88584,21.0,546.0,21.0,1.0,2016,35.8322,8.4434,1850.0,2025-04-01 00:00:00
benmetir,بني مطيــر,0.220093,2,0.0432,41.904,0.220093,21.6772,0.0432,11.8053,4.65287,27.6672,37.1395,41.554,60.393,436.5,61.63,1.0,1954,36.7471,8.7419,103.0,2025-04-01 00:00:00
kasseb,كســاب,0.187747,3,0.0648,24.1569,0.187747,22.4668,0.0648,13.5702,3.88401,23.2949,38.3388,23.0553,76.9,292.04,81.875,1.0,1968,36.7614,9.0024,101.0,2025-04-01 00:00:00
barbara,بربرة,0.0541617,4,0.091446,60.6313,0.0541617,44.3906,0.091446,35.3749,8.57463,67.2567,73.2643,60.0483,60.545,182.0,74.82,1.0,1998,36.7341,8.53173,177.0,2025-04-01 00:00:00
sidisalem,سيدي ســــالم,0.268206,5,0.04116,116.18,0.268206,66.6702,0.04116,75.6138,45.272,115.298,320.893,248.485,580.348,115.0,814.0,1.0,1981,36.5907,9.3971,7950.0,2025-04-01 00:00:00
bouheurtma,بو هرتمـــــه,0.291895,6,0.029639,49.8537,0.291895,39.2465,0.029639,36.188,8.32129,48.8486,69.5591,72.8705,145.037,221.0,150.5,1.0,1976,36.6719,8.78758,390.0,2025-04-01 00:00:00
joumine,جوميــــــن,0.178601,7,0.09533,25.9761,0.178601,30.5413,0.09533,16.9126,6.67555,27.8817,67.0159,33.0821,118.773,90.0,129.9,1.0,1983,36.9909,9.6137,418.0,2025-04-01 00:00:00
ghezala,غزالـــــــة,0.00582219,8,0.0,2.10994,0.00582219,2.1564,0.0,0.0,0.955746,2.42125,8.2823,2.83022,10.004,82.5,11.7,1.0,1984,37.0594,9.5458,48.0,2025-04-01 00:00:00
melah,المالح,0.0481697,33,0.0,9.516,0.0481697,8.82798,0.0,0.0,1.57,10.7168,23.1523,7.0594,41.0,136.0,41.0,1.0,2015,37.0761,9.4488,85.9,2025-04-01 00:00:00
tine,الطين,0.0015444,34,0.0,3.058,0.0015444,2.7454,0.0,0.0,1.39,2.3612,15.3763,3.7483,34.0,136.0,34.0,1.0,2017,36.864,9.6287,276.0,2025-04-01 00:00:00
sejnane,سجنــــــان,0.181415,9,0.675863,63.5565,0.181415,60.8458,0.675863,119.556,6.74178,48.0262,110.795,41.8491,132.59,86.5,137.5,1.0,1994,37.181,9.4751,367.0,2025-04-01 00:00:00
zarga,الزرقـة,0.0203273,10,0.0,23.338,0.0203273,18.4558,0.0,0.31878,2.08,18.0668,19.3493,23.986,24.256,93.0,24.0,1.0,2012,36.8824,8.6992,60.0,2025-04-01 00:00:00
kebir,الكبيــر,0.057737,31,0.0,39.9638,0.057737,25.0103,0.0,11.5034,0.804585,19.4862,35.3823,28.5,64.4,85.0,64.4,1.0,2014,36.8802,8.7211,85.2,2025-04-01 00:00:00
moula,المولى,0.0336576,32,0.0,18.192,0.0336576,18.3396,0.0,8.00489,0.59641,10.7837,29.6707,21.704,26.337,110.0,26.3,1.0,2013,36.9347,8.845,58.0,2025-04-01 00:00:00
selbarrak,سيدي البــــراق,1.0066,11,0.253,209.184,1.0066,189.563,0.253,92.5107,21.6344,123.112,269.449,136.617,286.514,27.0,286.514,1.0,1999,37.0244,8.93652,865.0,2025-04-01 00:00:00
ziatine,الزياتيـن,0.000908,12,0.022197,17.03,0.000908,13.7904,0.022197,5.52049,2.35,9.31833,25.9283,14.3279,33.3,37.0,33.0,1.0,2012,37.1856,9.2011,95.0,2025-04-01 00:00:00
gamgoum,القمقـوم,0.015236,13,0.031,9.62209,0.015236,4.16033,0.031,3.373,0.154951,2.9602,7.77869,14.2611,18.3,48.0,18.3,1.0,2012,37.1989,9.2679,35.5,2025-04-01 00:00:00
harka,الحركـة,0.00544392,35,0.0,13.2483,0.00544392,6.58955,0.0,0.0,1.42,5.13412,21.9073,9.2123,30.3,38.4,30.3,1.0,2016,37.222,9.4024,77.0,2025-04-01 00:00:00
siliana,سليانـــــــة,0.00361986,14,0.0,8.70877,0.00361986,5.74822,0.0,0.2189,3.07689,4.23959,29.2778,7.97495,30.986,388.5,70.0,1.0,1987,36.1571,9.3521,1040.0,2025-04-01 00:00:00
lakhmess,لخمـــــــاس,0.00541715,15,4.2e-05,1.75568,0.00541715,0.91673,4.2e-05,0.014607,1.48475,0.565239,9.47761,1.6877,7.22,517.06,8.22,1.0,1966,35.9994,9.4752,127.0,2025-04-01 00:00:00
rmil,الرميـــــــل,0.000565463,16,0.0,0.6828,0.000565463,0.647315,0.0,0.0,0.582374,0.395211,9.21443,0.6318,2.0,285.0,4.0,1.0,2002,36.3023,9.5019,232.0,2025-04-01 00:00:00
birmcherga,بئر المشارقـــة,0.0710512,17,0.0012,10.3968,0.0710512,7.05973,0.0012,0.46112,2.54987,6.57795,22.0077,12.4128,41.599,122.5,52.9,1.0,1971,36.5119,10.0102,1263.0,2025-04-01 00:00:00
rmel,الرمــــــل,0.0254636,18,0.01075,21.8376,0.0254636,26.3902,0.01075,1.51061,1.02624,6.10044,14.5716,3.7869,23.825,43.0,22.0,1.0,1998,36.3308,10.3584,675.0,2025-04-01 00:00:00
nebhana,نبهانــــــة,0.0,19,0.0,6.09124,0.0,5.38561,0.0,0.289197,1.84899,1.38613,18.4351,2.65809,64.61,230.0,86.5,1.0,1965,36.06,9.8724,855.0,2025-04-01 00:00:00
sidisaad,سيدي سعـــد,0.00891989,20,0.0,21.7833,0.00891989,4.55435,0.0,0.0,2.67582,3.48056,35.0258,27.9857,133.317,270.0,209.0,1.0,1981,35.3902,9.6948,8950.0,2025-04-01 00:00:00
elhaouareb,هـــــــوارب,0.0,21,0.0,0.342099,0.0,5.72818,0.0,0.012421,0.880421,0.179714,12.5644,0.00576132,77.47,217.0,0.0,1.0,1989,35.5727,9.7468,1120.0,2025-04-01 00:00:00
sficifa,سفيسيفة,0.000176766,22,0.0,1.72971,0.000176766,0.618626,0.0,0.0,0.0109432,0.396636,1.17446,1.71246,7.71,677.8,4.24,1.0,2005,35.3413,9.0705,173.65,2025-04-01 00:00:00
sidiach,سيدي يعيــــش,0.0,23,0.0,0.0,0.0,0.379363,0.0,0.022,0.0245687,0.29808,1.4552,1.337,88.0,541.0,88.0,1.0,1997,34.7468,8.7476,1900.0,2025-04-01 00:00:00
elbrek,البــــــــرك,0.00042735,24,0.0,0.06,0.00042735,1.33502,0.0,0.02,0.00478571,0.162368,2.02216,0.06,14.6,849.0,16.0,1.0,2002,35.4705,8.9677,293.0,2025-04-01 00:00:00
bezirk,بزيـــــــغ,0.0,25,0.0,2.9572,0.0,3.24268,0.0,0.042,0.385796,0.209684,4.32262,0.1935,5.01,54.62,6.5,1.0,1959,36.7195,10.6272,86.0,2025-04-01 00:00:00
chiba,شيبـــــــة,0.0,26,0.0,1.03496,0.0,1.16236,0.0,0.050184,0.40619,0.000338752,5.98123,0.000475792,3.79,77.88,7.8,1.0,1963,36.6973,10.772,64.0,2025-04-01 00:00:00
masri,مصــــــري,0.0,27,0.0,4.46897,0.0,3.68648,0.0,3.7217,0.400928,1.20894,3.89713,1.71663,5.068,163.0,6.9,1.0,1968,36.534,10.4911,53.0,2025-04-01 00:00:00
lebna,لبنــــــــة,0.00665902,28,0.0,4.82228,0.00665902,5.53234,0.0,0.0,0.762047,0.437978,16.9895,0.664405,25.46,18.04,30.1,1.0,1986,36.7388,10.9218,199.0,2025-04-01 00:00:00
hma,الحمـــــى,0.00269576,29,0.0,3.67962,0.00269576,4.04083,0.0,0.03504,0.060987,0.759769,4.3201,0.415512,12.854,102.4,12.1,1.0,2002,36.5874,10.304,123.0,2025-04-01 00:00:00
abid,العبيـــــــد,0.00278641,30,0.0,4.21976,0.00278641,3.98264,0.0,0.0132,0.221428,0.275707,4.99906,0.822359,9.615,42.2,10.0,1.0,2002,36.8308,10.7086,54.0,2025-04-01 00:00:00
mellegue,مـــــلاق,1.07889,1,0.02,23.5832,6.1787,37.3079,0.626282,25.7547,12.6216,7.85539,119.883,8.94442,51.13,265.0,267.67,1.0,1954,36.3144,8.70273,10300.0,2025-03-31 00:00:00
sarrat,سراط,0.00198071,36,0.0,6.79625,0.196485,6.3516,0.658483,0.770673,1.903,2.08498,12.105,5.95938,21.0,546.0,21.0,1.0,2016,35.8322,8.4434,1850.0,2025-03-31 00:00:00
benmetir,بني مطيــر,0.570088,2,0.0432,41.729,3.4798,21.4571,1.3392,11.7621,7.20793,27.6535,36.9844,41.579,60.393,436.5,61.63,1.0,1954,36.7471,8.7419,103.0,2025-03-31 00:00:00
kasseb,كســاب,0.207443,3,0.0648,24.0359,2.65937,22.2791,2.06663,13.5054,7.47992,23.2596,38.2093,23.0553,76.9,292.04,81.875,1.0,1968,36.7614,9.0024,101.0,2025-03-31 00:00:00
barbara,بربرة,0.110258,4,0.063868,60.6745,2.42885,44.3364,2.27237,35.2835,11.9027,67.1501,72.9785,60.0483,60.545,182.0,74.82,1.0,1998,36.7341,8.53173,177.0,2025-03-31 00:00:00
sidisalem,سيدي ســــالم,0.257725,5,0.44066,115.974,7.84913,66.402,8.77692,75.5726,72.7512,115.136,319.384,248.485,580.348,115.0,814.0,1.0,1981,36.5907,9.3971,7950.0,2025-03-31 00:00:00
bouheurtma,بو هرتمـــــه,0.390933,6,0.028454,49.5926,5.2331,38.9546,2.97447,36.1583,14.2708,48.8387,69.2817,72.8076,145.037,221.0,150.5,1.0,1976,36.6719,8.78758,390.0,2025-03-31 00:00:00
joumine,جوميــــــن,0.601294,7,0.09921,25.8975,3.36453,30.3627,2.84124,16.8173,12.5586,27.826,66.7933,33.1424,118.773,90.0,129.9,1.0,1983,36.9909,9.6137,418.0,2025-03-31 00:00:00
ghezala,غزالـــــــة,0.00576069,8,0.0,2.1048,0.48167,2.15058,0.0,0.0,1.56608,2.40841,8.25044,2.81874,10.004,82.5,11.7,1.0,1984,37.0594,9.5458,48.0,2025-03-31 00:00:00
melah,المالح,0.0960845,33,0.0,9.468,1.31495,8.77981,0.0,0.0,5.89,10.6961,23.1,7.0978,41.0,136.0,41.0,1.0,2015,37.0761,9.4488,85.9,2025-03-31 00:00:00
tine,الطين,0.000858,34,0.0,3.058,0.211186,2.74385,0.0,0.0,2.18,2.35702,15.33,3.7483,34.0,136.0,34.0,1.0,2017,36.864,9.6287,276.0,2025-03-31 00:00:00
sejnane,سجنــــــان,0.3023,9,0.678643,63.8006,5.82388,60.6643,19.1307,118.88,16.7054,48.0262,110.57,42.0052,132.59,86.5,137.5,1.0,1994,37.181,9.4751,367.0,2025-03-31 00:00:00
zarga,الزرقـة,0.0560679,10,0.0,23.32,0.834049,18.4354,0.0,0.31878,3.41,18.0429,19.28,23.968,24.256,93.0,24.0,1.0,2012,36.8824,8.6992,60.0,2025-03-31 00:00:00
kebir,الكبيــر,0.131628,31,0.0,39.9122,1.635,24.9525,0.0,11.5034,5.17428,19.4812,35.3555,28.5,64.4,85.0,64.4,1.0,2014,36.8802,8.7211,85.2,2025-03-31 00:00:00
moula,المولى,0.0553217,32,0.0,18.16,0.827114,18.306,0.171294,8.00489,3.48188,10.7794,29.6509,21.824,26.337,110.0,26.3,1.0,2013,36.9347,8.845,58.0,2025-03-31 00:00:00
selbarrak,سيدي البــــراق,1.84392,11,0.1265,208.455,9.4575,188.556,14.1598,92.2577,46.3079,123.112,268.728,137.403,286.514,27.0,286.514,1.0,1999,37.0244,8.93652,865.0,2025-03-31 00:00:00
ziatine,الزياتيـن,0.0183756,12,0.016819,17.0544,0.253665,13.7895,0.531863,5.49829,2.95,9.30418,25.85,14.3687,33.3,37.0,33.0,1.0,2012,37.1856,9.2011,95.0,2025-03-31 00:00:00
gamgoum,القمقـوم,0.0203626,13,0.019,9.63989,0.183827,4.14509,0.607,3.342,1.45458,2.9602,7.77353,14.3096,18.3,48.0,18.3,1.0,2012,37.1989,9.2679,35.5,2025-03-31 00:00:00
harka,الحركـة,0.00544392,35,0.0,13.2483,0.935813,6.5841,0.0,0.0,2.53,5.12848,21.86,9.2123,30.3,38.4,30.3,1.0,2016,37.222,9.4024,77.0,2025-03-31 00:00:00
siliana,سليانـــــــة,0.0675611,14,0.0,8.70877,0.700803,5.7446,0.0,0.2189,5.336,4.23118,29.1753,8.0056,30.986,388.5,70.0,1.0,1987,36.1571,9.3521,1040.0,2025-03-31 00:00:00
lakhmess,لخمـــــــاس,0.010044,15,3.6e-05,1.75083,0.119185,0.911313,0.001241,0.014565,1.78231,0.562242,9.42811,1.69256,7.22,517.06,8.22,1.0,1966,35.9994,9.4752,127.0,2025-03-31 00:00:00
rmil,الرميـــــــل,0.000332625,16,0.0,0.6828,0.0352939,0.64675,0.0,0.0,1.58175,0.395211,9.19502,0.6352,2.0,285.0,4.0,1.0,2002,36.3023,9.5019,232.0,2025-03-31 00:00:00
birmcherga,بئر المشارقـــة,0.00612371,17,0.0012,10.3322,0.607647,6.98868,0.0372,0.45992,2.4676,6.57795,21.9227,12.4476,41.599,122.5,52.9,1.0,1971,36.5119,10.0102,1263.0,2025-03-31 00:00:00
rmel,الرمــــــل,0.0244827,18,0.01075,21.8376,1.84286,26.3647,0.33175,1.49986,1.86195,6.10044,14.5374,3.8646,23.825,43.0,22.0,1.0,1998,36.3308,10.3584,675.0,2025-03-31 00:00:00
nebhana,نبهانــــــة,0.00445803,19,0.0,6.10741,0.164892,5.38561,0.013708,0.289197,3.55211,1.382,18.3735,2.67614,64.61,230.0,86.5,1.0,1965,36.06,9.8724,855.0,2025-03-31 00:00:00
sidisaad,سيدي سعـــد,0.00728458,20,0.0,21.7833,0.22857,4.54543,0.0,0.0,2.95265,3.48056,34.9366,28.057,133.317,270.0,209.0,1.0,1981,35.3902,9.6948,8950.0,2025-03-31 00:00:00
elhaouareb,هـــــــوارب,0.0,21,0.0,0.383862,0.720323,5.72818,0.0,0.012421,1.21275,0.179593,12.535,0.00576132,77.47,217.0,0.0,1.0,1989,35.5727,9.7468,1120.0,2025-03-31 00:00:00
sficifa,سفيسيفة,4.91016e-05,22,0.0,1.72971,0.00697275,0.61845,0.0,0.0,0.0237058,0.396024,1.17409,1.71246,7.71,677.8,4.24,1.0,2005,35.3413,9.0705,173.65,2025-03-31 00:00:00
sidiach,سيدي يعيــــش,0.0,23,0.0,0.0,0.0,0.379363,0.0,0.022,0.0200728,0.296269,1.45438,1.337,88.0,541.0,88.0,1.0,1997,34.7468,8.7476,1900.0,2025-03-31 00:00:00
elbrek,البــــــــرك,0.0003663,24,0.0,0.06,0.016333,1.33459,0.0,0.02,0.32954,0.161513,2.022,0.06,14.6,849.0,16.0,1.0,2002,35.4705,8.9677,293.0,2025-03-31 00:00:00
bezirk,بزيـــــــغ,0.0,25,0.0,2.9646,0.0715479,3.24268,0.0,0.042,0.501218,0.209014,4.30976,0.1935,5.01,54.62,6.5,1.0,1959,36.7195,10.6272,86.0,2025-03-31 00:00:00
chiba,شيبـــــــة,0.00153359,26,0.0,1.04113,0.190366,1.16236,0.0,0.050184,0.850857,0.000337021,5.96769,0.000475792,3.79,77.88,7.8,1.0,1963,36.6973,10.772,64.0,2025-03-31 00:00:00
masri,مصــــــري,0.000779523,27,0.0,4.47651,1.00891,3.68648,1.4164,3.7217,0.400928,1.20808,3.88377,1.71663,5.068,163.0,6.9,1.0,1968,36.534,10.4911,53.0,2025-03-31 00:00:00
lebna,لبنــــــــة,0.0,28,0.0,4.82228,0.852413,5.52568,0.0,0.0,2.21669,0.435811,16.9641,0.664405,25.46,18.04,30.1,1.0,1986,36.7388,10.9218,199.0,2025-03-31 00:00:00
hma,الحمـــــى,0.0022176,29,0.0,3.67962,1.042,4.03813,0.0,0.03504,0.91804,0.759769,4.31806,0.425559,12.854,102.4,12.1,1.0,2002,36.5874,10.304,123.0,2025-03-31 00:00:00
abid,العبيـــــــد,0.00244972,30,0.0,4.21976,0.570797,3.97985,0.0,0.0132,0.951204,0.274732,4.99168,0.822359,9.615,42.2,10.0,1.0,2002,36.8308,10.7086,54.0,2025-03-31 00:00:00
mellegue,مـــــلاق,2.83522,1,0.02,22.5284,5.09981,36.229,0.606282,25.7347,12.6216,7.84919,119.476,8.94442,51.13,265.0,267.67,1.0,1954,36.3144,8.70273,10300.0,2025-03-30 00:00:00
sarrat,سراط,0.0949839,36,0.039905,6.79625,0.194505,6.34962,0.658483,0.770673,1.903,2.07655,12.0436,6.02139,21.0,546.0,21.0,1.0,2016,35.8322,8.4434,1850.0,2025-03-30 00:00:00
benmetir,بني مطيــر,0.814594,2,0.0432,41.204,2.90971,20.887,1.296,11.7189,7.20793,27.6413,36.7519,41.604,60.393,436.5,61.63,1.0,1954,36.7471,8.7419,103.0,2025-03-30 00:00:00
kasseb,كســاب,0.630796,3,0.0648,23.8948,2.45193,22.0716,2.00183,13.4406,7.47992,23.2237,37.968,23.0553,76.9,292.04,81.875,1.0,1968,36.7614,9.0024,101.0,2025-03-30 00:00:00
barbara,بربرة,0.159041,4,0.110139,60.6313,2.31859,44.2262,2.2085,35.2196,11.9027,67.0842,72.5946,60.0897,60.545,182.0,74.82,1.0,1998,36.7341,8.53173,177.0,2025-03-30 00:00:00
sidisalem,سيدي ســــالم,0.678687,5,0.0432,116.18,7.5914,66.1443,8.33626,75.1319,72.7512,114.698,317.037,248.201,580.348,115.0,814.0,1.0,1981,36.5907,9.3971,7950.0,2025-03-30 00:00:00
bouheurtma,بو هرتمـــــه,0.641038,6,0.030488,49.2313,4.84217,38.5637,2.94601,36.1299,14.2708,48.8079,68.8214,72.7447,145.037,221.0,150.5,1.0,1976,36.6719,8.78758,390.0,2025-03-30 00:00:00
joumine,جوميــــــن,0.260249,7,0.09577,25.4002,2.76324,29.7614,2.74203,16.7181,12.5586,27.8039,66.3882,33.2329,118.773,90.0,129.9,1.0,1983,36.9909,9.6137,418.0,2025-03-30 00:00:00
ghezala,غزالـــــــة,0.0108607,8,0.0,2.09966,0.475909,2.14482,0.0,0.0,1.56608,2.39573,8.19992,2.80726,10.004,82.5,11.7,1.0,1984,37.0594,9.5458,48.0,2025-03-30 00:00:00
melah,المالح,0.0720838,33,0.0,9.372,1.21887,8.68373,0.0,0.0,5.89,10.6863,22.91,7.1458,41.0,136.0,41.0,1.0,2015,37.0761,9.4488,85.9,2025-03-30 00:00:00
tine,الطين,0.013416,34,0.0,3.058,0.210328,2.74299,0.0,0.0,2.18,2.35702,15.2597,3.76,34.0,136.0,34.0,1.0,2017,36.864,9.6287,276.0,2025-03-30 00:00:00
sejnane,سجنــــــان,0.550877,9,0.733313,64.0503,5.56833,60.4088,18.4521,118.202,16.7054,47.9963,110.031,42.3173,132.59,86.5,137.5,1.0,1994,37.181,9.4751,367.0,2025-03-30 00:00:00
zarga,الزرقـة,0.0199362,10,0.0,23.266,0.777982,18.3794,0.0,0.31878,3.41,18.0372,19.17,23.968,24.256,93.0,24.0,1.0,2012,36.8824,8.6992,60.0,2025-03-30 00:00:00
kebir,الكبيــر,0.106699,31,0.0,39.7832,1.50337,24.8209,0.0,11.5034,5.17428,19.4769,35.1886,28.5,64.4,85.0,64.4,1.0,2014,36.8802,8.7211,85.2,2025-03-30 00:00:00
moula,المولى,0.0761589,32,0.0,18.1067,0.771792,18.2507,0.171294,8.00489,3.48188,10.773,29.5385,21.92,26.337,110.0,26.3,1.0,2013,36.9347,8.845,58.0,2025-03-30 00:00:00
selbarrak,سيدي البــــراق,0.646663,11,0.627,206.756,7.55858,186.657,13.9783,92.0762,46.3079,122.634,267.234,137.403,286.514,27.0,286.514,1.0,1999,37.0244,8.93652,865.0,2025-03-30 00:00:00
ziatine,الزياتيـن,0.0258246,12,0.024268,17.0544,0.235289,13.7711,0.515044,5.48147,2.95,9.28541,25.7548,14.396,33.3,37.0,33.0,1.0,2012,37.1856,9.2011,95.0,2025-03-30 00:00:00
gamgoum,القمقـوم,0.0116548,13,0.037,9.63989,0.163465,4.12473,0.588,3.323,1.45458,2.95918,7.72661,14.3459,18.3,48.0,18.3,1.0,2012,37.1989,9.2679,35.5,2025-03-30 00:00:00
harka,الحركـة,0.049226,35,0.0,13.2483,0.930369,6.57866,0.0,0.0,2.53,5.12848,21.7784,9.2343,30.3,38.4,30.3,1.0,2016,37.222,9.4024,77.0,2025-03-30 00:00:00
siliana,سليانـــــــة,0.360721,14,0.0,8.64362,0.633241,5.67704,0.0,0.2189,5.336,4.22199,29.0031,8.03625,30.986,388.5,70.0,1.0,1987,36.1571,9.3521,1040.0,2025-03-30 00:00:00
lakhmess,لخمـــــــاس,0.0245725,15,3.5e-05,1.74112,0.109141,0.901269,0.001205,0.014529,1.78231,0.555673,9.37062,1.7314,7.22,517.06,8.22,1.0,1966,35.9994,9.4752,127.0,2025-03-30 00:00:00
rmil,الرميـــــــل,0.0036661,16,0.0,0.6828,0.0349613,0.646417,0.0,0.0,1.58175,0.393247,9.14399,0.6352,2.0,285.0,4.0,1.0,2002,36.3023,9.5019,232.0,2025-03-30 00:00:00
birmcherga,بئر المشارقـــة,0.00661608,17,0.0012,10.3322,0.601523,6.98256,0.036,0.45872,2.4676,6.57795,21.8431,12.4824,41.599,122.5,52.9,1.0,1971,36.5119,10.0102,1263.0,2025-03-30 00:00:00
rmel,الرمــــــل,0.290302,18,0.01075,21.8376,1.81838,26.3402,0.321,1.48911,1.86195,6.10044,14.4774,3.9164,23.825,43.0,22.0,1.0,1998,36.3308,10.3584,675.0,2025-03-30 00:00:00
nebhana,نبهانــــــة,0.00198135,19,0.0,6.10741,0.160434,5.38115,0.013708,0.289197,3.55211,1.3803,18.2589,2.68517,64.61,230.0,86.5,1.0,1965,36.06,9.8724,855.0,2025-03-30 00:00:00
sidisaad,سيدي سعـــد,0.0,20,0.0,21.7833,0.221285,4.53815,0.0,0.0,2.95265,3.48056,34.8414,28.1282,133.317,270.0,209.0,1.0,1981,35.3902,9.6948,8950.0,2025-03-30 00:00:00
elhaouareb,هـــــــوارب,0.0,21,0.0,0.467388,0.720323,5.72818,0.0,0.012421,1.21275,0.176976,12.4959,0.00576132,77.47,217.0,0.0,1.0,1989,35.5727,9.7468,1120.0,2025-03-30 00:00:00
sficifa,سفيسيفة,0.000392813,22,0.0,1.72971,0.00692365,0.618401,0.0,0.0,0.0237058,0.395499,1.17333,1.71246,7.71,677.8,4.24,1.0,2005,35.3413,9.0705,173.65,2025-03-30 00:00:00
sidiach,سيدي يعيــــش,0.0,23,0.0,0.0,0.0,0.379363,0.0,0.022,0.0200728,0.294716,1.45373,1.337,88.0,541.0,88.0,1.0,1997,34.7468,8.7476,1900.0,2025-03-30 00:00:00
elbrek,البــــــــرك,0.00042735,24,0.0,0.06,0.0159667,1.33422,0.0,0.02,0.32954,0.160781,2.01137,0.06,14.6,849.0,16.0,1.0,2002,35.4705,8.9677,293.0,2025-03-30 00:00:00
bezirk,بزيـــــــغ,0.00034286,25,0.0,2.972,0.0715479,3.24268,0.0,0.042,0.501218,0.209014,4.29359,0.19536,5.01,54.62,6.5,1.0,1959,36.7195,10.6272,86.0,2025-03-30 00:00:00
chiba,شيبـــــــة,0.00100642,26,0.0,1.04113,0.188832,1.16082,0.0,0.050184,0.850857,0.000335616,5.94025,0.000475792,3.79,77.88,7.8,1.0,1963,36.6973,10.772,64.0,2025-03-30 00:00:00
masri,مصــــــري,0.000937688,27,0.0,4.47651,1.00813,3.6857,1.4164,3.7217,0.542286,1.20808,3.86628,1.72129,5.068,163.0,6.9,1.0,1968,36.534,10.4911,53.0,2025-03-30 00:00:00
lebna,لبنــــــــة,0.00508689,28,0.0,4.84318,0.852413,5.52568,0.0,0.0,2.21669,0.435811,16.8926,0.673908,25.46,18.04,30.1,1.0,1986,36.7388,10.9218,199.0,2025-03-30 00:00:00
hma,الحمـــــى,0.00155925,29,0.0,3.67962,1.03978,4.03591,0.0,0.03504,0.91804,0.759769,4.28845,0.430582,12.854,102.4,12.1,1.0,2002,36.5874,10.304,123.0,2025-03-30 00:00:00
abid,العبيـــــــد,0.000464401,30,0.0,4.21976,0.568347,3.9774,0.0,0.0132,0.951204,0.274732,4.961,0.825314,9.615,42.2,10.0,1.0,2002,36.8308,10.7086,54.0,2025-03-30 00:00:00
mellegue,مـــــلاق,0.0227353,1,0.02,19.7162,2.26459,33.3937,0.586282,25.7147,12.6216,7.84453,119.069,8.94442,51.13,265.0,267.67,1.0,1954,36.3144,8.70273,10300.0,2025-03-29 00:00:00
sarrat,سراط,0.0213587,36,0.058227,6.74315,0.0995207,6.25463,0.618578,0.730768,1.903,2.07655,11.9822,6.0958,21.0,546.0,21.0,1.0,2016,35.8322,8.4434,1850.0,2025-03-29 00:00:00
benmetir,بني مطيــر,0.327289,2,0.0432,40.4345,2.09512,20.0724,1.2528,11.6757,7.20793,27.6295,36.5194,41.629,60.393,436.5,61.63,1.0,1954,36.7471,8.7419,103.0,2025-03-29 00:00:00
kasseb,كســاب,0.145731,3,0.0648,23.3303,1.82113,21.4408,1.93703,13.3758,7.47992,23.2076,37.7268,23.0748,76.9,292.04,81.875,1.0,1968,36.7614,9.0024,101.0,2025-03-29 00:00:00
barbara,بربرة,0.141944,4,0.092824,60.5881,2.15955,44.0671,2.09836,35.1095,11.9027,66.9769,72.2106,60.0897,60.545,182.0,74.82,1.0,1998,36.7341,8.53173,177.0,2025-03-29 00:00:00
sidisalem,سيدي ســــالم,0.263764,5,0.44066,115.563,6.91271,65.4656,8.29306,75.0887,72.7512,114.547,314.691,248.201,580.348,115.0,814.0,1.0,1981,36.5907,9.3971,7950.0,2025-03-29 00:00:00
bouheurtma,بو هرتمـــــه,0.329143,6,0.023105,48.6215,4.20113,37.9226,2.91552,36.0994,14.2708,48.8079,68.361,72.8076,145.037,221.0,150.5,1.0,1976,36.6719,8.78758,390.0,2025-03-29 00:00:00
joumine,جوميــــــن,0.0990038,7,0.0955,25.2431,2.50299,29.5012,2.64627,16.6223,12.5586,27.746,65.9831,33.2932,118.773,90.0,129.9,1.0,1983,36.9909,9.6137,418.0,2025-03-29 00:00:00
ghezala,غزالـــــــة,0.0108669,8,0.0,2.08939,0.465048,2.13396,0.0,0.0,1.56608,2.37732,8.1494,2.79003,10.004,82.5,11.7,1.0,1984,37.0594,9.5458,48.0,2025-03-29 00:00:00
melah,المالح,0.0480832,33,0.0,9.3,1.14678,8.61164,0.0,0.0,5.89,10.6659,22.72,7.1842,41.0,136.0,41.0,1.0,2015,37.0761,9.4488,85.9,2025-03-29 00:00:00
tine,الطين,0.0128979,34,0.0,3.0463,0.196912,2.72958,0.0,0.0,2.18,2.35343,15.1894,3.76,34.0,136.0,34.0,1.0,2017,36.864,9.6287,276.0,2025-03-29 00:00:00
sejnane,سجنــــــان,0.145861,9,0.763333,63.6542,5.01746,59.8579,17.7188,117.468,16.7054,47.9661,109.492,42.7464,132.59,86.5,137.5,1.0,1994,37.181,9.4751,367.0,2025-03-29 00:00:00
zarga,الزرقـة,0.110064,10,0.0,23.248,0.758045,18.3594,0.0,0.31878,3.41,18.0137,19.06,23.95,24.256,93.0,24.0,1.0,2012,36.8824,8.6992,60.0,2025-03-29 00:00:00
kebir,الكبيــر,0.233073,31,0.0,39.68,1.39668,24.7142,0.0,11.5034,5.17428,19.4669,35.0217,28.5,64.4,85.0,64.4,1.0,2014,36.8802,8.7211,85.2,2025-03-29 00:00:00
moula,المولى,0.0868221,32,0.0,18.032,0.695633,18.1745,0.171294,8.00489,3.48188,10.7676,29.4262,22.016,26.337,110.0,26.3,1.0,2013,36.9347,8.845,58.0,2025-03-29 00:00:00
selbarrak,سيدي البــــراق,1.134,11,0.627,206.756,6.91192,186.011,13.3513,91.4492,46.3079,122.634,265.74,137.993,286.514,27.0,286.514,1.0,1999,37.0244,8.93652,865.0,2025-03-29 00:00:00
ziatine,الزياتيـن,0.00028028,12,0.021567,17.0544,0.209465,13.7453,0.490776,5.45721,2.95,9.27963,25.6597,14.4369,33.3,37.0,33.0,1.0,2012,37.1856,9.2011,95.0,2025-03-29 00:00:00
gamgoum,القمقـوم,0.00631618,13,0.032,9.6666,0.15181,4.11307,0.551,3.286,1.45458,2.95826,7.67969,14.3822,18.3,48.0,18.3,1.0,2012,37.1989,9.2679,35.5,2025-03-29 00:00:00
harka,الحركـة,0.0294345,35,0.0,13.2023,0.881143,6.52943,0.0,0.0,2.53,5.12282,21.6968,9.2343,30.3,38.4,30.3,1.0,2016,37.222,9.4024,77.0,2025-03-29 00:00:00
siliana,سليانـــــــة,0.00356728,14,0.0,8.28531,0.27252,5.31632,0.0,0.2189,5.336,4.20903,28.831,8.03625,30.986,388.5,70.0,1.0,1987,36.1571,9.3521,1040.0,2025-03-29 00:00:00
lakhmess,لخمـــــــاس,0.0054117,15,4e-05,1.71684,0.0845689,0.876696,0.00117,0.014494,1.78231,0.54972,9.31313,1.77025,7.22,517.06,8.22,1.0,1966,35.9994,9.4752,127.0,2025-03-29 00:00:00
rmil,الرميـــــــل,0.0003987,16,0.0,0.6794,0.0312952,0.642751,0.0,0.0,1.58175,0.391447,9.09297,0.6352,2.0,285.0,4.0,1.0,2002,36.3023,9.5019,232.0,2025-03-29 00:00:00
birmcherga,بئر المشارقـــة,0.0,17,0.0012,10.3322,0.594907,6.97594,0.0348,0.45752,2.4676,6.57795,21.7635,12.5173,41.599,122.5,52.9,1.0,1971,36.5119,10.0102,1263.0,2025-03-29 00:00:00
rmel,الرمــــــل,0.0258075,18,0.01075,21.5708,1.52808,26.0499,0.31025,1.47836,1.86195,6.10044,14.4173,3.9682,23.825,43.0,22.0,1.0,1998,36.3308,10.3584,675.0,2025-03-29 00:00:00
nebhana,نبهانــــــة,0.00445803,19,0.0,6.10741,0.158453,5.37917,0.013708,0.289197,3.55211,1.3777,18.1443,2.68517,64.61,230.0,86.5,1.0,1965,36.06,9.8724,855.0,2025-03-29 00:00:00
sidisaad,سيدي سعـــد,0.0059528,20,0.0,21.8483,0.221285,4.53815,0.0,0.0,2.95265,3.43381,34.7461,28.1282,133.317,270.0,209.0,1.0,1981,35.3902,9.6948,8950.0,2025-03-29 00:00:00
elhaouareb,هـــــــوارب,0.0,21,0.0,0.530032,0.720323,5.72818,0.0,0.012421,1.21275,0.174363,12.4568,0.00576132,77.47,217.0,0.0,1.0,1989,35.5727,9.7468,1120.0,2025-03-29 00:00:00
sficifa,سفيسيفة,0.000392813,22,0.0,1.72971,0.00653083,0.618008,0.0,0.0,0.0237058,0.394975,1.17257,1.71246,7.71,677.8,4.24,1.0,2005,35.3413,9.0705,173.65,2025-03-29 00:00:00
sidiach,سيدي يعيــــش,0.0,23,0.0,0.0,0.0,0.379363,0.0,0.022,0.0200728,0.293164,1.45309,1.337,88.0,541.0,88.0,1.0,1997,34.7468,8.7476,1900.0,2025-03-29 00:00:00
elbrek,البــــــــرك,0.00042735,24,0.0,0.06,0.0155394,1.3338,0.0,0.02,0.32954,0.160048,2.00074,0.06,14.6,849.0,16.0,1.0,2002,35.4705,8.9677,293.0,2025-03-29 00:00:00
bezirk,بزيـــــــغ,0.0,25,0.0,2.972,0.071205,3.24233,0.0,0.042,0.501218,0.208592,4.27742,0.19536,5.01,54.62,6.5,1.0,1959,36.7195,10.6272,86.0,2025-03-29 00:00:00
chiba,شيبـــــــة,0.00119811,26,0.0,1.04113,0.187826,1.15982,0.0,0.050184,0.850857,0.000334102,5.9128,0.000475792,3.79,77.88,7.8,1.0,1963,36.6973,10.772,64.0,2025-03-29 00:00:00
masri,مصــــــري,0.000847308,27,0.0,4.47651,1.00719,3.68476,1.4164,3.7217,0.542286,1.20721,3.84878,1.72129,5.068,163.0,6.9,1.0,1968,36.534,10.4911,53.0,2025-03-29 00:00:00
lebna,لبنــــــــة,0.00556379,28,0.0,4.84318,0.847326,5.52059,0.0,0.0,2.21669,0.433506,16.8211,0.673908,25.46,18.04,30.1,1.0,1986,36.7388,10.9218,199.0,2025-03-29 00:00:00
hma,الحمـــــى,0.00246707,29,0.0,3.67962,1.03822,4.03435,0.0,0.03504,0.91804,0.759769,4.25884,0.438117,12.854,102.4,12.1,1.0,2002,36.5874,10.304,123.0,2025-03-29 00:00:00
abid,العبيـــــــد,0.00110295,30,0.0,4.21976,0.567883,3.97694,0.0,0.0132,0.951204,0.273591,4.93031,0.825314,9.615,42.2,10.0,1.0,2002,36.8308,10.7086,54.0,2025-03-29 00:00:00
mellegue,مـــــلاق,0.0,1,0.02,19.7162,2.24185,33.371,0.566282,25.6947,12.6216,7.81881,118.662,8.92336,51.13,265.0,267.67,1.0,1954,36.3144,8.70273,10300.0,2025-03-28 00:00:00
sarrat,سراط,0.0,36,0.05998,6.78297,0.078162,6.23327,0.560351,0.672541,1.903,2.06034,11.9208,6.13301,21.0,546.0,21.0,1.0,2016,35.8322,8.4434,1850.0,2025-03-28 00:00:00
benmetir,بني مطيــر,0.264556,2,0.0432,40.1522,1.76783,19.7451,1.2096,11.6325,7.20793,27.6173,36.2869,41.654,60.393,436.5,61.63,1.0,1954,36.7471,8.7419,103.0,2025-03-28 00:00:00
kasseb,كســاب,0.222767,3,0.0648,23.2509,1.6754,21.2951,1.87223,13.311,7.47992,23.192,37.4855,23.0944,76.9,292.04,81.875,1.0,1968,36.7614,9.0024,101.0,2025-03-28 00:00:00
barbara,بربرة,0.180435,4,0.092335,60.5449,2.01761,43.9252,2.00554,35.0166,11.9027,66.8707,71.8266,60.0897,60.545,182.0,74.82,1.0,1998,36.7341,8.53173,177.0,2025-03-28 00:00:00
sidisalem,سيدي ســــالم,0.06751,5,0.0432,115.769,6.64895,65.2018,7.8524,74.6481,72.7512,114.405,312.344,248.201,580.348,115.0,814.0,1.0,1981,36.5907,9.3971,7950.0,2025-03-28 00:00:00
bouheurtma,بو هرتمـــــه,0.177931,6,0.075538,48.3166,3.87199,37.5935,2.89242,36.0763,14.2708,48.8079,67.9007,72.9334,145.037,221.0,150.5,1.0,1976,36.6719,8.78758,390.0,2025-03-28 00:00:00
joumine,جوميــــــن,0.135793,7,0.102609,25.2431,2.40399,29.4022,2.55077,16.5268,12.5586,27.6666,65.578,33.3234,118.773,90.0,129.9,1.0,1983,36.9909,9.6137,418.0,2025-03-28 00:00:00
ghezala,غزالـــــــة,0.00574948,8,0.0,2.07911,0.454181,2.12309,0.0,0.0,1.56608,2.35902,8.09889,2.77281,10.004,82.5,11.7,1.0,1984,37.0594,9.5458,48.0,2025-03-28 00:00:00
melah,المالح,0.0240829,33,0.0,9.252,1.0987,8.56356,0.0,0.0,5.89,10.6542,22.53,7.2322,41.0,136.0,41.0,1.0,2015,37.0761,9.4488,85.9,2025-03-28 00:00:00
tine,الطين,0.00102402,34,0.0,3.0346,0.184014,2.71668,0.0,0.0,2.18,2.35343,15.119,3.775,34.0,136.0,34.0,1.0,2017,36.864,9.6287,276.0,2025-03-28 00:00:00
sejnane,سجنــــــان,0.132459,9,0.745583,63.703,4.8716,59.7121,16.9554,116.705,16.7054,47.9241,108.953,43.0195,132.59,86.5,137.5,1.0,1994,37.181,9.4751,367.0,2025-03-28 00:00:00
zarga,الزرقـة,0.109802,10,0.0,23.14,0.647981,18.2494,0.0,0.31878,3.41,17.9725,18.95,23.914,24.256,93.0,24.0,1.0,2012,36.8824,8.6992,60.0,2025-03-28 00:00:00
kebir,الكبيــر,0.156542,31,0.0,39.4478,1.1636,24.4811,0.0,11.5034,5.17428,19.4197,34.8547,28.46,64.4,85.0,64.4,1.0,2014,36.8802,8.7211,85.2,2025-03-28 00:00:00
moula,المولى,0.0868167,32,0.0,17.9467,0.608811,18.0877,0.171294,8.00489,3.48188,10.7406,29.3139,22.088,26.337,110.0,26.3,1.0,2013,36.9347,8.845,58.0,2025-03-28 00:00:00
selbarrak,سيدي البــــراق,0.647125,11,0.6275,206.27,5.77792,184.877,12.7243,90.8222,46.3079,122.338,264.247,138.19,286.514,27.0,286.514,1.0,1999,37.0244,8.93652,865.0,2025-03-28 00:00:00
ziatine,الزياتيـن,0.0,12,0.020831,17.0788,0.209184,13.745,0.469209,5.43564,2.95,9.24714,25.5645,14.4505,33.3,37.0,33.0,1.0,2012,37.1856,9.2011,95.0,2025-03-28 00:00:00
gamgoum,القمقـوم,0.0080282,13,0.032,9.69331,0.145494,4.10676,0.519,3.254,1.45458,2.94522,7.63276,14.4064,18.3,48.0,18.3,1.0,2012,37.1989,9.2679,35.5,2025-03-28 00:00:00
harka,الحركـة,0.0,35,0.0,13.1793,0.851708,6.5,0.0,0.0,2.53,5.11824,21.6152,9.2343,30.3,38.4,30.3,1.0,2016,37.222,9.4024,77.0,2025-03-28 00:00:00
siliana,سليانـــــــة,0.130018,14,0.0,8.28531,0.268953,5.31275,0.0,0.2189,5.336,4.19702,28.6589,8.03625,30.986,388.5,70.0,1.0,1987,36.1571,9.3521,1040.0,2025-03-28 00:00:00
lakhmess,لخمـــــــاس,0.00526196,15,3.8e-05,1.71198,0.0791572,0.871285,0.00113,0.014454,1.78231,0.546803,9.25563,1.77025,7.22,517.06,8.22,1.0,1966,35.9994,9.4752,127.0,2025-03-28 00:00:00
rmil,الرميـــــــل,0.0005316,16,0.0,0.6794,0.0308965,0.642353,0.0,0.0,1.58175,0.391447,9.04194,0.6386,2.0,285.0,4.0,1.0,2002,36.3023,9.5019,232.0,2025-03-28 00:00:00
birmcherga,بئر المشارقـــة,0.0401281,17,0.0012,10.3645,0.594907,6.97594,0.0336,0.45632,2.4676,6.57795,21.6839,12.5521,41.599,122.5,52.9,1.0,1971,36.5119,10.0102,1263.0,2025-03-28 00:00:00
rmel,الرمــــــل,0.0,18,0.01075,21.5708,1.50227,26.0241,0.2995,1.46761,1.86195,6.10044,14.3572,4.02,23.825,43.0,22.0,1.0,1998,36.3308,10.3584,675.0,2025-03-28 00:00:00
nebhana,نبهانــــــة,0.0,19,0.0,6.10741,0.153995,5.37471,0.013708,0.289197,3.55211,1.3751,18.0297,2.68517,64.61,230.0,86.5,1.0,1965,36.06,9.8724,855.0,2025-03-28 00:00:00
sidisaad,سيدي سعـــد,0.00773864,20,0.0,21.8483,0.215333,4.5322,0.0,0.0,2.95265,3.43381,34.6509,28.1995,133.317,270.0,209.0,1.0,1981,35.3902,9.6948,8950.0,2025-03-28 00:00:00
elhaouareb,هـــــــوارب,0.0,21,0.0,0.592676,0.720323,5.72818,0.0,0.012421,1.21275,0.171734,12.4177,0.00576132,77.47,217.0,0.0,1.0,1989,35.5727,9.7468,1120.0,2025-03-28 00:00:00
sficifa,سفيسيفة,0.000392813,22,0.0,1.72971,0.00613802,0.617615,0.0,0.0,0.0237058,0.39445,1.1718,1.71246,7.71,677.8,4.24,1.0,2005,35.3413,9.0705,173.65,2025-03-28 00:00:00
sidiach,سيدي يعيــــش,0.0,23,0.0,0.0,0.0,0.379363,0.0,0.022,0.0200728,0.291611,1.45244,1.337,88.0,541.0,88.0,1.0,1997,34.7468,8.7476,1900.0,2025-03-28 00:00:00
elbrek,البــــــــرك,0.00042735,24,0.0,0.06,0.015112,1.33337,0.0,0.02,0.32954,0.159316,1.99011,0.06,14.6,849.0,16.0,1.0,2002,35.4705,8.9677,293.0,2025-03-28 00:00:00
bezirk,بزيـــــــغ,0.000281398,25,0.0,2.9794,0.071205,3.24233,0.0,0.042,0.501218,0.208086,4.26125,0.19536,5.01,54.62,6.5,1.0,1959,36.7195,10.6272,86.0,2025-03-28 00:00:00
chiba,شيبـــــــة,0.00129396,26,0.0,1.04113,0.186628,1.15862,0.0,0.050184,0.850857,0.00033275,5.88535,0.000475792,3.79,77.88,7.8,1.0,1963,36.6973,10.772,64.0,2025-03-28 00:00:00
masri,مصــــــري,0.000677846,27,0.0,4.47651,1.00634,3.68391,1.4164,3.7217,0.542286,1.20684,3.83129,1.72129,5.068,163.0,6.9,1.0,1968,36.534,10.4911,53.0,2025-03-28 00:00:00
lebna,لبنــــــــة,0.00508689,28,0.0,4.84318,0.841763,5.51503,0.0,0.0,2.21669,0.433506,16.7496,0.68341,25.46,18.04,30.1,1.0,1986,36.7388,10.9218,199.0,2025-03-28 00:00:00
hma,الحمـــــى,0.0,29,0.0,3.67962,1.03575,4.03189,0.0,0.03504,0.91804,0.759769,4.22922,0.44314,12.854,102.4,12.1,1.0,2002,36.5874,10.304,123.0,2025-03-28 00:00:00
abid,العبيـــــــد,0.00208981,30,0.0,4.21976,0.56678,3.97583,0.0,0.0132,0.951204,0.273591,4.89963,0.82827,9.615,42.2,10.0,1.0,2002,36.8308,10.7086,54.0,2025-03-28 00:00:00
mellegue,مـــــلاق,0.0629911,1,0.02,19.7537,2.24185,33.371,0.546282,25.6747,12.6216,7.81571,118.255,8.92336,51.13,265.0,267.67,1.0,1954,36.3144,8.70273,10300.0,2025-03-27 00:00:00
sarrat,سراط,0.0,36,0.039781,6.86262,0.078162,6.23327,0.500371,0.612561,1.903,2.05458,11.8595,6.17022,21.0,546.0,21.0,1.0,2016,35.8322,8.4434,1850.0,2025-03-27 00:00:00
benmetir,بني مطيــر,1.22839,2,0.0432,39.9327,1.50328,19.4806,1.1664,11.5893,7.20793,27.6058,36.0543,41.679,60.393,436.5,61.63,1.0,1954,36.7471,8.7419,103.0,2025-03-27 00:00:00
kasseb,كســاب,0.61396,3,0.0648,23.0944,1.45263,21.0723,1.80743,13.2462,7.47992,23.1398,37.2442,23.0748,76.9,292.04,81.875,1.0,1968,36.7614,9.0024,101.0,2025-03-27 00:00:00
barbara,بربرة,0.676806,4,0.092213,60.4621,1.83717,43.7447,1.91321,34.9243,11.9027,66.7662,71.4427,60.0897,60.545,182.0,74.82,1.0,1998,36.7341,8.53173,177.0,2025-03-27 00:00:00
sidisalem,سيدي ســــالم,0.165347,5,0.34526,115.769,6.58144,65.1343,7.8092,74.6049,72.7512,113.983,309.997,247.917,580.348,115.0,814.0,1.0,1981,36.5907,9.3971,7950.0,2025-03-27 00:00:00
bouheurtma,بو هرتمـــــه,0.791893,6,0.130538,48.215,3.69406,37.4156,2.81688,36.0008,14.2708,48.3943,67.4403,72.5559,145.037,221.0,150.5,1.0,1976,36.6719,8.78758,390.0,2025-03-27 00:00:00
joumine,جوميــــــن,0.077413,7,0.100671,25.2169,2.26819,29.2664,2.44816,16.4242,12.5586,27.5853,65.1729,33.3536,118.773,90.0,129.9,1.0,1983,36.9909,9.6137,418.0,2025-03-27 00:00:00
ghezala,غزالـــــــة,0.0108497,8,0.0,2.07397,0.448432,2.11734,0.0,0.0,1.56608,2.33515,8.04837,2.74984,10.004,82.5,11.7,1.0,1984,37.0594,9.5458,48.0,2025-03-27 00:00:00
melah,المالح,0.0480827,33,0.0,9.228,1.07462,8.53948,0.0,0.0,5.89,10.6367,22.34,7.2706,41.0,136.0,41.0,1.0,2015,37.0761,9.4488,85.9,2025-03-27 00:00:00
tine,الطين,0.05978,34,0.0,3.0346,0.18299,2.71566,0.0,0.0,2.18,2.35043,15.0487,3.775,34.0,136.0,34.0,1.0,2017,36.864,9.6287,276.0,2025-03-27 00:00:00
sejnane,سجنــــــان,0.111906,9,0.727343,63.7518,4.73914,59.5796,16.2099,115.959,16.7054,47.9241,108.414,43.2926,132.59,86.5,137.5,1.0,1994,37.181,9.4751,367.0,2025-03-27 00:00:00
zarga,الزرقـة,0.217926,10,0.0,23.032,0.538179,18.1396,0.0,0.31878,3.41,17.9323,18.84,23.878,24.256,93.0,24.0,1.0,2012,36.8824,8.6992,60.0,2025-03-27 00:00:00
kebir,الكبيــر,0.440338,31,0.0,39.293,1.00706,24.3246,0.0,11.5034,5.17428,19.356,34.6878,28.4,64.4,85.0,64.4,1.0,2014,36.8802,8.7211,85.2,2025-03-27 00:00:00
moula,المولى,0.236143,32,0.0,17.8613,0.521994,18.0009,0.171294,8.00489,3.48188,10.6556,29.2016,22.1,26.337,110.0,26.3,1.0,2013,36.9347,8.845,58.0,2025-03-27 00:00:00
selbarrak,سيدي البــــراق,1.13574,11,0.627,206.27,5.13079,184.23,12.0968,90.1947,46.3079,122.13,262.753,138.583,286.514,27.0,286.514,1.0,1999,37.0244,8.93652,865.0,2025-03-27 00:00:00
ziatine,الزياتيـن,0.0,12,0.021109,17.1032,0.209184,13.745,0.448378,5.41481,2.95,9.23202,25.4694,14.4778,33.3,37.0,33.0,1.0,2012,37.1856,9.2011,95.0,2025-03-27 00:00:00
gamgoum,القمقـوم,0.0129082,13,0.029,9.72001,0.137466,4.09873,0.487,3.222,1.45458,2.93208,7.58584,14.4306,18.3,48.0,18.3,1.0,2012,37.1989,9.2679,35.5,2025-03-27 00:00:00
harka,الحركـة,0.00643449,35,0.0,13.2023,0.851708,6.5,0.0,0.0,2.53,5.11549,21.5335,9.2343,30.3,38.4,30.3,1.0,2016,37.222,9.4024,77.0,2025-03-27 00:00:00
siliana,سليانـــــــة,0.00307692,14,0.0,8.15886,0.138935,5.18273,0.0,0.2189,5.336,4.19114,28.4868,8.03625,30.986,388.5,70.0,1.0,1987,36.1571,9.3521,1040.0,2025-03-27 00:00:00
lakhmess,لخمـــــــاس,0.014971,15,3.6e-05,1.70713,0.0738952,0.866023,0.001092,0.014416,1.78231,0.544886,9.19814,1.77025,7.22,517.06,8.22,1.0,1966,35.9994,9.4752,127.0,2025-03-27 00:00:00
rmil,الرميـــــــل,0.0003987,16,0.0,0.6794,0.0303649,0.641821,0.0,0.0,1.58175,0.390496,8.99092,0.6386,2.0,285.0,4.0,1.0,2002,36.3023,9.5019,232.0,2025-03-27 00:00:00
birmcherga,بئر المشارقـــة,0.0,17,0.0012,10.3322,0.554779,6.93581,0.0324,0.45512,2.4676,6.57795,21.6043,12.5869,41.599,122.5,52.9,1.0,1971,36.5119,10.0102,1263.0,2025-03-27 00:00:00
rmel,الرمــــــل,0.0253502,18,0.01075,21.6242,1.50227,26.0241,0.28875,1.45686,1.86195,6.10044,14.2972,4.0977,23.825,43.0,22.0,1.0,1998,36.3308,10.3584,675.0,2025-03-27 00:00:00
nebhana,نبهانــــــة,0.00495864,19,0.0,6.12357,0.153995,5.37471,0.013708,0.289197,3.55211,1.37163,17.9151,2.68517,64.61,230.0,86.5,1.0,1965,36.06,9.8724,855.0,2025-03-27 00:00:00
sidisaad,سيدي سعـــد,0.00714336,20,0.0,21.8483,0.207594,4.52446,0.0,0.0,2.95265,3.43381,34.5556,28.2707,133.317,270.0,209.0,1.0,1981,35.3902,9.6948,8950.0,2025-03-27 00:00:00
elhaouareb,هـــــــوارب,0.0,21,0.0,0.613558,0.720323,5.72818,0.0,0.012421,1.21275,0.169117,12.3785,0.00576132,77.47,217.0,0.0,1.0,1989,35.5727,9.7468,1120.0,2025-03-27 00:00:00
sficifa,سفيسيفة,0.000392813,22,0.0,1.72971,0.00574521,0.617222,0.0,0.0,0.0237058,0.393926,1.17104,1.71246,7.71,677.8,4.24,1.0,2005,35.3413,9.0705,173.65,2025-03-27 00:00:00
sidiach,سيدي يعيــــش,0.0,23,0.0,0.0,0.0,0.379363,0.0,0.022,0.0200728,0.290059,1.45179,1.337,88.0,541.0,88.0,1.0,1997,34.7468,8.7476,1900.0,2025-03-27 00:00:00
elbrek,البــــــــرك,0.00042735,24,0.0,0.06,0.0146847,1.33294,0.0,0.02,0.32954,0.158888,1.97948,0.06,14.6,849.0,16.0,1.0,2002,35.4705,8.9677,293.0,2025-03-27 00:00:00
bezirk,بزيـــــــغ,0.000472748,25,0.0,2.9794,0.0709236,3.24205,0.0,0.042,0.501218,0.208086,4.24508,0.19722,5.01,54.62,6.5,1.0,1959,36.7195,10.6272,86.0,2025-03-27 00:00:00
chiba,شيبـــــــة,0.00143774,26,0.0,1.04113,0.185334,1.15732,0.0,0.050184,0.850857,0.00033156,5.85791,0.000475792,3.79,77.88,7.8,1.0,1963,36.6973,10.772,64.0,2025-03-27 00:00:00
masri,مصــــــري,0.000813416,27,0.0,4.47651,1.00566,3.68324,1.4164,3.7217,0.542286,1.20667,3.8138,1.72129,5.068,163.0,6.9,1.0,1968,36.534,10.4911,53.0,2025-03-27 00:00:00
lebna,لبنــــــــة,0.00604068,28,0.0,4.84318,0.836676,5.50994,0.0,0.0,2.21669,0.431446,16.6781,0.68341,25.46,18.04,30.1,1.0,1986,36.7388,10.9218,199.0,2025-03-27 00:00:00
hma,الحمـــــى,0.00291662,29,0.0,3.68847,1.03575,4.03189,0.0,0.03504,0.91804,0.759769,4.19961,0.448163,12.854,102.4,12.1,1.0,2002,36.5874,10.304,123.0,2025-03-27 00:00:00
abid,العبيـــــــد,0.0,30,0.0,4.21976,0.56469,3.97374,0.0,0.0132,0.951204,0.272938,4.86894,0.82827,9.615,42.2,10.0,1.0,2002,36.8308,10.7086,54.0,2025-03-27 00:00:00
mellegue,مـــــلاق,0.0254705,1,0.02,19.7162,2.17886,33.308,0.526282,25.6547,12.6216,7.79,117.848,8.90229,51.13,265.0,267.67,1.0,1954,36.3144,8.70273,10300.0,2025-03-26 00:00:00
sarrat,سراط,0.00320382,36,0.03952,6.91572,0.078162,6.23327,0.46059,0.57278,1.903,2.04598,11.7981,6.21983,21.0,546.0,21.0,1.0,2016,35.8322,8.4434,1850.0,2025-03-26 00:00:00
benmetir,بني مطيــر,0.17684,2,0.0432,38.7494,0.274889,18.2522,1.1232,11.5461,7.20793,27.5944,35.8218,41.704,60.393,436.5,61.63,1.0,1954,36.7471,8.7419,103.0,2025-03-26 00:00:00
kasseb,كســاب,0.0466961,3,0.0648,22.5467,0.838673,20.4584,1.74263,13.1814,7.47992,23.0903,37.0029,23.0553,76.9,292.04,81.875,1.0,1968,36.7614,9.0024,101.0,2025-03-26 00:00:00
barbara,بربرة,0.347368,4,0.093482,59.8828,1.16037,43.0679,1.82099,34.8321,11.9027,66.0854,71.0587,59.5104,60.545,182.0,74.82,1.0,1998,36.7341,8.53173,177.0,2025-03-26 00:00:00
sidisalem,سيدي ســــالم,0.0872949,5,0.0432,115.974,6.41609,64.969,7.46394,74.2596,72.7512,113.854,307.65,247.917,580.348,115.0,814.0,1.0,1981,36.5907,9.3971,7950.0,2025-03-26 00:00:00
bouheurtma,بو هرتمـــــه,0.437575,6,0.131552,47.5544,2.90217,36.6237,2.68634,35.8702,14.2708,48.3943,66.98,72.6189,145.037,221.0,150.5,1.0,1976,36.6719,8.78758,390.0,2025-03-26 00:00:00
joumine,جوميــــــن,0.0521213,7,0.101632,25.2431,2.19078,29.1889,2.34749,16.3235,12.5586,27.4791,64.7678,33.3536,118.773,90.0,129.9,1.0,1983,36.9909,9.6137,418.0,2025-03-26 00:00:00
ghezala,غزالـــــــة,0.0109686,8,0.0,2.06369,0.437582,2.10649,0.0,0.0,1.56608,2.30565,7.99785,2.72114,10.004,82.5,11.7,1.0,1984,37.0594,9.5458,48.0,2025-03-26 00:00:00
melah,المالح,0.0480824,33,0.0,9.18,1.02653,8.49139,0.0,0.0,5.89,10.5991,22.15,7.2898,41.0,136.0,41.0,1.0,2015,37.0761,9.4488,85.9,2025-03-26 00:00:00
tine,الطين,0.00168345,34,0.0,2.9761,0.12321,2.65588,0.0,0.0,2.18,2.34803,14.9784,3.775,34.0,136.0,34.0,1.0,2017,36.864,9.6287,276.0,2025-03-26 00:00:00
sejnane,سجنــــــان,0.202446,9,0.748614,63.8006,4.62723,59.4677,15.4825,115.232,16.7054,47.8648,107.876,43.4486,132.59,86.5,137.5,1.0,1994,37.181,9.4751,367.0,2025-03-26 00:00:00
zarga,الزرقـة,0.164044,10,0.0,22.816,0.320253,17.9216,0.0,0.31878,3.41,17.7846,18.73,23.734,24.256,93.0,24.0,1.0,2012,36.8824,8.6992,60.0,2025-03-26 00:00:00
kebir,الكبيــر,0.129346,31,0.0,38.8544,0.566723,23.8842,0.0,11.5034,5.17428,19.2938,34.5209,28.34,64.4,85.0,64.4,1.0,2014,36.8802,8.7211,85.2,2025-03-26 00:00:00
moula,المولى,0.0761144,32,0.0,17.6266,0.285851,17.7647,0.171294,8.00489,3.48188,10.626,29.0893,22.16,26.337,110.0,26.3,1.0,2013,36.9347,8.845,58.0,2025-03-26 00:00:00
selbarrak,سيدي البــــراق,0.147939,11,0.605,205.785,3.99505,183.094,11.4698,89.5677,46.3079,121.729,261.259,138.78,286.514,27.0,286.514,1.0,1999,37.0244,8.93652,865.0,2025-03-26 00:00:00
ziatine,الزياتيـن,0.0248912,12,0.020211,17.1276,0.209184,13.745,0.427269,5.3937,2.95,9.19347,25.3742,14.4778,33.3,37.0,33.0,1.0,2012,37.1856,9.2011,95.0,2025-03-26 00:00:00
gamgoum,القمقـوم,0.0139398,13,0.029,9.73782,0.124557,4.08582,0.458,3.193,1.45458,2.92095,7.53892,14.4548,18.3,48.0,18.3,1.0,2012,37.1989,9.2679,35.5,2025-03-26 00:00:00
harka,الحركـة,0.00643449,35,0.0,13.2023,0.845274,6.49357,0.0,0.0,2.53,5.11305,21.4519,9.2343,30.3,38.4,30.3,1.0,2016,37.222,9.4024,77.0,2025-03-26 00:00:00
siliana,سليانـــــــة,0.00284024,14,0.0,8.15886,0.135858,5.17966,0.0,0.2189,5.336,4.17983,28.3146,8.03625,30.986,388.5,70.0,1.0,1987,36.1571,9.3521,1040.0,2025-03-26 00:00:00
lakhmess,لخمـــــــاس,0.0102979,15,3.6e-05,1.69256,0.0589242,0.851052,0.001056,0.01438,1.78231,0.541916,9.14065,1.77025,7.22,517.06,8.22,1.0,1966,35.9994,9.4752,127.0,2025-03-26 00:00:00
rmil,الرميـــــــل,0.000631275,16,0.0,0.6794,0.0299662,0.641422,0.0,0.0,1.58175,0.388605,8.9399,0.6386,2.0,285.0,4.0,1.0,2002,36.3023,9.5019,232.0,2025-03-26 00:00:00
birmcherga,بئر المشارقـــة,0.00860762,17,0.0012,10.3968,0.554779,6.93581,0.0312,0.45392,2.4676,6.57795,21.5247,12.6217,41.599,122.5,52.9,1.0,1971,36.5119,10.0102,1263.0,2025-03-26 00:00:00
rmel,الرمــــــل,0.0248635,18,0.01075,21.6242,1.47692,25.9988,0.278,1.44611,1.86195,6.10044,14.2371,4.1495,23.825,43.0,22.0,1.0,1998,36.3308,10.3584,675.0,2025-03-26 00:00:00
nebhana,نبهانــــــة,0.00446278,19,0.0,6.12357,0.149036,5.36975,0.013708,0.289197,3.55211,1.37163,17.8006,2.69419,64.61,230.0,86.5,1.0,1965,36.06,9.8724,855.0,2025-03-26 00:00:00
sidisaad,سيدي سعـــد,0.0059528,20,0.0,21.8483,0.200451,4.51732,0.0,0.0,2.95265,3.43381,34.4604,28.3419,133.317,270.0,209.0,1.0,1981,35.3902,9.6948,8950.0,2025-03-26 00:00:00
elhaouareb,هـــــــوارب,0.00164723,21,0.0,0.634439,0.720323,5.72818,0.0,0.012421,1.21275,0.169045,12.3394,0.00576132,77.47,217.0,0.0,1.0,1989,35.5727,9.7468,1120.0,2025-03-26 00:00:00
sficifa,سفيسيفة,8.83828e-05,22,0.0,1.72971,0.0053524,0.616829,0.0,0.0,0.0237058,0.393402,1.17027,1.71246,7.71,677.8,4.24,1.0,2005,35.3413,9.0705,173.65,2025-03-26 00:00:00
sidiach,سيدي يعيــــش,0.0,23,0.0,0.0,0.0,0.379363,0.0,0.022,0.0200728,0.288506,1.45114,1.337,88.0,541.0,88.0,1.0,1997,34.7468,8.7476,1900.0,2025-03-26 00:00:00
elbrek,البــــــــرك,0.00042735,24,0.0,0.06,0.0142573,1.33252,0.0,0.02,0.32954,0.1584,1.96885,0.06,14.6,849.0,16.0,1.0,2002,35.4705,8.9677,293.0,2025-03-26 00:00:00
bezirk,بزيـــــــغ,0.0,25,0.0,2.9794,0.0704509,3.24158,0.0,0.042,0.501218,0.207917,4.22891,0.19722,5.01,54.62,6.5,1.0,1959,36.7195,10.6272,86.0,2025-03-26 00:00:00
chiba,شيبـــــــة,0.00177321,26,0.0,1.04113,0.183896,1.15589,0.0,0.050184,0.850857,0.000329938,5.83046,0.000475792,3.79,77.88,7.8,1.0,1963,36.6973,10.772,64.0,2025-03-26 00:00:00
masri,مصــــــري,0.000779523,27,0.0,4.47651,1.00485,3.68242,1.4164,3.7217,0.542286,1.2064,3.7963,1.72129,5.068,163.0,6.9,1.0,1968,36.534,10.4911,53.0,2025-03-26 00:00:00
lebna,لبنــــــــة,0.00556379,28,0.0,4.84318,0.830635,5.5039,0.0,0.0,2.21669,0.431446,16.6066,0.692913,25.46,18.04,30.1,1.0,1986,36.7388,10.9218,199.0,2025-03-26 00:00:00
hma,الحمـــــى,0.00308329,29,0.0,3.68847,1.03284,4.02897,0.0,0.03504,0.91804,0.759769,4.16999,0.453187,12.854,102.4,12.1,1.0,2002,36.5874,10.304,123.0,2025-03-26 00:00:00
abid,العبيـــــــد,0.0,30,0.0,4.22737,0.56469,3.97374,0.0,0.0132,0.951204,0.272938,4.83826,0.831225,9.615,42.2,10.0,1.0,2002,36.8308,10.7086,54.0,2025-03-26 00:00:00
mellegue,مـــــلاق,0.0282058,1,0.02,19.7162,2.15339,33.2826,0.506282,25.6347,12.6216,7.7643,117.441,8.88123,51.13,265.0,267.67,1.0,1954,36.3144,8.70273,10300.0,2025-03-25 00:00:00
sarrat,سراط,0.0,36,0.04175,6.95554,0.0749582,6.23007,0.42107,0.53326,1.903,2.01248,11.7367,6.23223,21.0,546.0,21.0,1.0,2016,35.8322,8.4434,1850.0,2025-03-25 00:00:00
benmetir,بني مطيــر,0.0,2,0.0432,38.6175,0.0980487,18.0753,1.08,11.5029,7.20793,27.5824,35.5893,41.729,60.393,436.5,61.63,1.0,1954,36.7471,8.7419,103.0,2025-03-25 00:00:00
kasseb,كســاب,0.00815968,3,0.0648,22.5663,0.791977,20.4117,1.67783,13.1166,7.47992,23.0591,36.7616,23.0553,76.9,292.04,81.875,1.0,1968,36.7614,9.0024,101.0,2025-03-25 00:00:00
barbara,بربرة,0.0190939,4,0.093204,59.6345,0.813,42.7206,1.72751,34.7386,11.9027,66.0239,70.6748,59.5517,60.545,182.0,74.82,1.0,1998,36.7341,8.53173,177.0,2025-03-25 00:00:00
sidisalem,سيدي ســــالم,0.0808726,5,0.44066,115.974,6.3288,64.8817,7.42074,74.2164,72.7512,113.449,305.303,247.634,580.348,115.0,814.0,1.0,1981,36.5907,9.3971,7950.0,2025-03-25 00:00:00
bouheurtma,بو هرتمـــــه,0.0801457,6,0.129078,47.2495,2.46459,36.1861,2.55479,35.7387,14.2708,48.3716,66.5196,72.5559,145.037,221.0,150.5,1.0,1976,36.6719,8.78758,390.0,2025-03-25 00:00:00
joumine,جوميــــــن,0.0,7,0.00508,25.2955,2.07936,29.0775,2.14817,16.1242,12.5586,27.4323,64.3626,33.4139,118.773,90.0,129.9,1.0,1983,36.9909,9.6137,418.0,2025-03-25 00:00:00
ghezala,غزالـــــــة,0.0110251,8,0.0,2.05342,0.426614,2.09552,0.0,0.0,1.56608,2.28164,7.94733,2.69817,10.004,82.5,11.7,1.0,1984,37.0594,9.5458,48.0,2025-03-25 00:00:00
melah,المالح,0.0244919,33,0.0,9.132,0.978453,8.44331,0.0,0.0,5.89,10.5703,21.96,7.3186,41.0,136.0,41.0,1.0,2015,37.0761,9.4488,85.9,2025-03-25 00:00:00
tine,الطين,0.00252517,34,0.0,2.9761,0.121527,2.65419,0.0,0.0,2.18,2.33063,14.9081,3.76,34.0,136.0,34.0,1.0,2017,36.864,9.6287,276.0,2025-03-25 00:00:00
sejnane,سجنــــــان,0.107876,9,0.773483,63.8006,4.42479,59.2653,14.7339,114.483,16.7054,47.8019,107.337,43.6047,132.59,86.5,137.5,1.0,1994,37.181,9.4751,367.0,2025-03-25 00:00:00
zarga,الزرقـة,0.00356278,10,0.0,22.654,0.15621,17.7576,0.0,0.31878,3.41,17.781,18.62,23.734,24.256,93.0,24.0,1.0,2012,36.8824,8.6992,60.0,2025-03-25 00:00:00
kebir,الكبيــر,0.0524625,31,0.0,38.7254,0.437377,23.7549,0.0,11.5034,5.17428,19.2698,34.354,28.32,64.4,85.0,64.4,1.0,2014,36.8802,8.7211,85.2,2025-03-25 00:00:00
moula,المولى,0.0,32,0.0,17.552,0.209736,17.6886,0.171294,8.00489,3.48188,10.6221,28.9769,22.256,26.337,110.0,26.3,1.0,2013,36.9347,8.845,58.0,2025-03-25 00:00:00
selbarrak,سيدي البــــراق,0.0,11,0.627,206.27,3.84711,182.946,10.8648,88.9627,46.3079,121.535,259.765,139.173,286.514,27.0,286.514,1.0,1999,37.0244,8.93652,865.0,2025-03-25 00:00:00
ziatine,الزياتيـن,0.0,12,0.021486,17.1276,0.184293,13.7201,0.407058,5.37349,2.95,9.17399,25.279,14.505,33.3,37.0,33.0,1.0,2012,37.1856,9.2011,95.0,2025-03-25 00:00:00
gamgoum,القمقـوم,0.00635365,13,0.031,9.75562,0.110618,4.07188,0.429,3.164,1.45458,2.91145,7.492,14.479,18.3,48.0,18.3,1.0,2012,37.1989,9.2679,35.5,2025-03-25 00:00:00
harka,الحركـة,0.00603233,35,0.0,13.2023,0.838839,6.48713,0.0,0.0,2.53,5.10923,21.3703,9.2343,30.3,38.4,30.3,1.0,2016,37.222,9.4024,77.0,2025-03-25 00:00:00
siliana,سليانـــــــة,0.00591716,14,0.0,8.15886,0.133018,5.17682,0.0,0.2189,5.336,4.16853,28.1425,8.03625,30.986,388.5,70.0,1.0,1987,36.1571,9.3521,1040.0,2025-03-25 00:00:00
lakhmess,لخمـــــــاس,0.000919444,15,4e-05,1.68285,0.0486263,0.840754,0.00102,0.014344,1.78231,0.538322,9.08315,1.77025,7.22,517.06,8.22,1.0,1966,35.9994,9.4752,127.0,2025-03-25 00:00:00
rmil,الرميـــــــل,0.000897075,16,0.0,0.6794,0.0293349,0.640791,0.0,0.0,1.58175,0.388605,8.88887,0.642,2.0,285.0,4.0,1.0,2002,36.3023,9.5019,232.0,2025-03-25 00:00:00
birmcherga,بئر المشارقـــة,0.0,17,0.0012,10.3968,0.546171,6.9272,0.03,0.45272,2.4676,6.57795,21.4451,12.6591,41.599,122.5,52.9,1.0,1971,36.5119,10.0102,1263.0,2025-03-25 00:00:00
rmel,الرمــــــل,0.0253502,18,0.01075,21.6242,1.45206,25.9739,0.26725,1.43536,1.86195,6.10044,14.1771,4.2272,23.825,43.0,22.0,1.0,1998,36.3308,10.3584,675.0,2025-03-25 00:00:00
nebhana,نبهانــــــة,0.00495864,19,0.0,6.12357,0.144573,5.36529,0.013708,0.289197,3.55211,1.36989,17.686,2.69419,64.61,230.0,86.5,1.0,1965,36.06,9.8724,855.0,2025-03-25 00:00:00
sidisaad,سيدي سعـــد,0.00654808,20,0.0,21.8483,0.194498,4.51136,0.0,0.0,2.95265,3.39048,34.3651,28.3419,133.317,270.0,209.0,1.0,1981,35.3902,9.6948,8950.0,2025-03-25 00:00:00
elhaouareb,هـــــــوارب,0.0,21,0.0,0.634439,0.718675,5.72653,0.0,0.012421,1.21275,0.166448,12.3003,0.00576132,77.47,217.0,0.0,1.0,1989,35.5727,9.7468,1120.0,2025-03-25 00:00:00
sficifa,سفيسيفة,0.0,22,0.0,1.72971,0.00526401,0.616741,0.0,0.0,0.0237058,0.392877,1.16951,1.71246,7.71,677.8,4.24,1.0,2005,35.3413,9.0705,173.65,2025-03-25 00:00:00
sidiach,سيدي يعيــــش,0.0,23,0.0,0.0,0.0,0.379363,0.0,0.022,0.0200728,0.286954,1.4505,1.337,88.0,541.0,88.0,1.0,1997,34.7468,8.7476,1900.0,2025-03-25 00:00:00
elbrek,البــــــــرك,0.00042735,24,0.0,0.06,0.01383,1.33209,0.0,0.02,0.32954,0.157667,1.95822,0.06,14.6,849.0,16.0,1.0,2002,35.4705,8.9677,293.0,2025-03-25 00:00:00
bezirk,بزيـــــــغ,0.0,25,0.0,2.9868,0.0704509,3.24158,0.0,0.042,0.501218,0.207816,4.21275,0.19722,5.01,54.62,6.5,1.0,1959,36.7195,10.6272,86.0,2025-03-25 00:00:00
chiba,شيبـــــــة,0.00167736,26,0.0,1.04113,0.182123,1.15411,0.0,0.050184,0.850857,0.000328478,5.80301,0.000475792,3.79,77.88,7.8,1.0,1963,36.6973,10.772,64.0,2025-03-25 00:00:00
masri,مصــــــري,0.000937688,27,0.0,4.47651,1.00407,3.68164,1.4164,3.7217,0.542286,1.20602,3.77881,1.72129,5.068,163.0,6.9,1.0,1968,36.534,10.4911,53.0,2025-03-25 00:00:00
lebna,لبنــــــــة,0.0,28,0.0,4.84318,0.825071,5.49834,0.0,0.0,2.21669,0.430347,16.5351,0.692913,25.46,18.04,30.1,1.0,1986,36.7388,10.9218,199.0,2025-03-25 00:00:00
hma,الحمـــــى,0.00322912,29,0.0,3.68847,1.02975,4.02589,0.0,0.03504,0.91804,0.759769,4.14038,0.45821,12.854,102.4,12.1,1.0,2002,36.5874,10.304,123.0,2025-03-25 00:00:00
abid,العبيـــــــد,0.0,30,0.0,4.23499,0.56469,3.97374,0.0,0.0132,0.951204,0.27247,4.80758,0.831225,9.615,42.2,10.0,1.0,2002,36.8308,10.7086,54.0,2025-03-25 00:00:00
mellegue,مـــــلاق,0.0,1,0.02,19.7162,2.12519,33.2543,0.486282,25.6147,12.6216,7.75505,117.033,8.88123,51.13,265.0,267.67,1.0,1954,36.3144,8.70273,10300.0,2025-03-24 00:00:00
sarrat,سراط,0.00519411,36,0.03895,7.00864,0.0749582,6.23007,0.37932,0.49151,1.903,2.01248,11.6753,6.33145,21.0,546.0,21.0,1.0,2016,35.8322,8.4434,1850.0,2025-03-24 00:00:00
benmetir,بني مطيــر,0.0,2,0.0432,38.6834,0.0980487,18.0753,1.0368,11.4597,7.20793,27.5692,35.3568,41.754,60.393,436.5,61.63,1.0,1954,36.7471,8.7419,103.0,2025-03-24 00:00:00
kasseb,كســاب,0.00830926,3,0.0648,22.625,0.783817,20.4035,1.61303,13.0518,7.47992,23.046,36.5203,23.0748,76.9,292.04,81.875,1.0,1968,36.7614,9.0024,101.0,2025-03-24 00:00:00
barbara,بربرة,0.0195655,4,0.0921,59.7173,0.793907,42.7015,1.63431,34.6454,11.9027,65.9216,70.2908,59.5517,60.545,182.0,74.82,1.0,1998,36.7341,8.53173,177.0,2025-03-24 00:00:00
sidisalem,سيدي ســــالم,0.0995435,5,0.0432,116.386,6.24792,64.8008,6.98008,73.7757,72.7512,113.324,302.957,247.634,580.348,115.0,814.0,1.0,1981,36.5907,9.3971,7950.0,2025-03-24 00:00:00
bouheurtma,بو هرتمـــــه,0.127842,6,0.125205,47.3003,2.38444,36.1059,2.42571,35.6096,14.2708,48.3716,66.0593,72.6189,145.037,221.0,150.5,1.0,1976,36.6719,8.78758,390.0,2025-03-24 00:00:00
joumine,جوميــــــن,0.0626206,7,0.106312,25.3478,2.07936,29.0775,2.14309,16.1192,12.5586,27.3612,63.9575,33.444,118.773,90.0,129.9,1.0,1983,36.9909,9.6137,418.0,2025-03-24 00:00:00
ghezala,غزالـــــــة,0.0106087,8,0.0,2.04344,0.415589,2.0845,0.0,0.0,1.56608,2.25753,7.89681,2.6752,10.004,82.5,11.7,1.0,1984,37.0594,9.5458,48.0,2025-03-24 00:00:00
melah,المالح,0.0246545,33,0.0,9.108,0.953961,8.41882,0.0,0.0,5.89,10.5405,21.77,7.3474,41.0,136.0,41.0,1.0,2015,37.0761,9.4488,85.9,2025-03-24 00:00:00
tine,الطين,0.0033669,34,0.0,2.9761,0.119001,2.65167,0.0,0.0,2.18,2.32823,14.8377,3.76,34.0,136.0,34.0,1.0,2017,36.864,9.6287,276.0,2025-03-24 00:00:00
sejnane,سجنــــــان,0.106949,9,0.696203,63.9005,4.31691,59.1574,13.9604,113.71,16.7054,47.8019,106.798,43.7217,132.59,86.5,137.5,1.0,1994,37.181,9.4751,367.0,2025-03-24 00:00:00
zarga,الزرقـة,0.00394451,10,0.0,22.654,0.152647,17.754,0.0,0.31878,3.41,17.7777,18.51,23.734,24.256,93.0,24.0,1.0,2012,36.8824,8.6992,60.0,2025-03-24 00:00:00
kebir,الكبيــر,0.00689494,31,0.0,38.6738,0.384915,23.7024,0.0,11.5034,5.17428,19.2451,34.1871,28.3,64.4,85.0,64.4,1.0,2014,36.8802,8.7211,85.2,2025-03-24 00:00:00
moula,المولى,0.0,32,0.04348,17.5626,0.209736,17.6886,0.171294,8.00489,3.48188,10.6081,28.8646,22.364,26.337,110.0,26.3,1.0,2013,36.9347,8.845,58.0,2025-03-24 00:00:00
selbarrak,سيدي البــــراق,0.040246,11,0.517,206.999,3.84711,182.946,10.2378,88.3357,46.3079,121.329,258.271,139.763,286.514,27.0,286.514,1.0,1999,37.0244,8.93652,865.0,2025-03-24 00:00:00
ziatine,الزياتيـن,0.00314136,12,0.021292,17.1764,0.184293,13.7201,0.385572,5.352,2.95,9.14778,25.1839,14.5323,33.3,37.0,33.0,1.0,2012,37.1856,9.2011,95.0,2025-03-24 00:00:00
gamgoum,القمقـوم,0.0053577,13,0.03,9.78233,0.104264,4.06553,0.398,3.133,1.45458,2.90845,7.44508,14.5153,18.3,48.0,18.3,1.0,2012,37.1989,9.2679,35.5,2025-03-24 00:00:00
harka,الحركـة,0.0,35,0.0,13.2023,0.832807,6.4811,0.0,0.0,2.53,5.10541,21.2887,9.2343,30.3,38.4,30.3,1.0,2016,37.222,9.4024,77.0,2025-03-24 00:00:00
siliana,سليانـــــــة,0.00710059,14,0.0,8.15886,0.127101,5.1709,0.0,0.2189,5.336,4.15793,27.9704,8.03625,30.986,388.5,70.0,1.0,1987,36.1571,9.3521,1040.0,2025-03-24 00:00:00
lakhmess,لخمـــــــاس,0.00102737,15,3.8e-05,1.68285,0.0477068,0.839834,0.00098,0.014304,1.78231,0.533879,9.02566,1.79938,7.22,517.06,8.22,1.0,1966,35.9994,9.4752,127.0,2025-03-24 00:00:00
rmil,الرميـــــــل,0.000963525,16,0.0,0.6794,0.0284378,0.639894,0.0,0.0,1.58175,0.386827,8.83785,0.642,2.0,285.0,4.0,1.0,2002,36.3023,9.5019,232.0,2025-03-24 00:00:00
birmcherga,بئر المشارقـــة,0.00906377,17,0.0012,10.429,0.546171,6.9272,0.0288,0.45152,2.4676,6.57795,21.3655,12.6965,41.599,122.5,52.9,1.0,1971,36.5119,10.0102,1263.0,2025-03-24 00:00:00
rmel,الرمــــــل,0.0,18,0.01075,21.6242,1.42671,25.9486,0.2565,1.42461,1.86195,6.10044,14.117,4.2531,23.825,43.0,22.0,1.0,1998,36.3308,10.3584,675.0,2025-03-24 00:00:00
nebhana,نبهانــــــة,0.00347105,19,0.0,6.12357,0.139615,5.36033,0.013708,0.289197,3.55211,1.36728,17.5714,2.69419,64.61,230.0,86.5,1.0,1965,36.06,9.8724,855.0,2025-03-24 00:00:00
sidisaad,سيدي سعـــد,0.00773864,20,0.0,21.8483,0.18795,4.50481,0.0,0.0,2.95265,3.39048,34.2699,28.4132,133.317,270.0,209.0,1.0,1981,35.3902,9.6948,8950.0,2025-03-24 00:00:00
elhaouareb,هـــــــوارب,0.00182484,21,0.0,0.676202,0.718675,5.72653,0.0,0.012421,1.21275,0.166343,12.2612,0.00576132,77.47,217.0,0.0,1.0,1989,35.5727,9.7468,1120.0,2025-03-24 00:00:00
sficifa,سفيسيفة,0.000458409,22,0.0,1.78835,0.00526401,0.616741,0.0,0.0,0.0237058,0.392353,1.16874,1.71246,7.71,677.8,4.24,1.0,2005,35.3413,9.0705,173.65,2025-03-24 00:00:00
sidiach,سيدي يعيــــش,0.0,23,0.0,0.0,0.0,0.379363,0.0,0.022,0.0200728,0.285401,1.44985,1.337,88.0,541.0,88.0,1.0,1997,34.7468,8.7476,1900.0,2025-03-24 00:00:00
elbrek,البــــــــرك,0.00091575,24,0.0,0.06,0.0134026,1.33166,0.0,0.02,0.32954,0.156935,1.94759,0.06,14.6,849.0,16.0,1.0,2002,35.4705,8.9677,293.0,2025-03-24 00:00:00
bezirk,بزيـــــــغ,0.0,25,0.0,2.9942,0.0704509,3.24158,0.0,0.042,0.501218,0.207391,4.19658,0.19722,5.01,54.62,6.5,1.0,1959,36.7195,10.6272,86.0,2025-03-24 00:00:00
chiba,شيبـــــــة,0.00162944,26,0.0,1.04113,0.180446,1.15243,0.0,0.050184,0.850857,0.00032691,5.77556,0.000475792,3.79,77.88,7.8,1.0,1963,36.6973,10.772,64.0,2025-03-24 00:00:00
masri,مصــــــري,0.000813416,27,0.0,4.47651,1.00313,3.68071,1.4164,3.7217,0.542286,1.20602,3.76132,1.72596,5.068,163.0,6.9,1.0,1968,36.534,10.4911,53.0,2025-03-24 00:00:00
lebna,لبنــــــــة,0.00557839,28,0.0,4.86408,0.825071,5.49834,0.0,0.0,2.21669,0.428537,16.4636,0.692913,25.46,18.04,30.1,1.0,1986,36.7388,10.9218,199.0,2025-03-24 00:00:00
hma,الحمـــــى,0.0,29,0.0,3.68847,1.02652,4.02266,0.0,0.03504,0.91804,0.759769,4.11076,0.463233,12.854,102.4,12.1,1.0,2002,36.5874,10.304,123.0,2025-03-24 00:00:00
abid,العبيـــــــد,0.0,30,0.0,4.2426,0.56469,3.97374,0.0,0.0132,0.951204,0.27247,4.77689,0.834181,9.615,42.2,10.0,1.0,2002,36.8308,10.7086,54.0,2025-03-24 00:00:00
mellegue,مـــــلاق,0.0307685,1,0.021455,19.7537,2.12519,33.2543,0.466282,25.5947,12.6216,7.74425,116.626,8.88123,51.13,265.0,267.67,1.0,1954,36.3144,8.70273,10300.0,2025-03-23 00:00:00
sarrat,سراط,0.0174122,36,0.03787,7.04846,0.069764,6.22488,0.34037,0.45256,1.903,2.01248,11.6139,6.39346,21.0,546.0,21.0,1.0,2016,35.8322,8.4434,1850.0,2025-03-23 00:00:00
benmetir,بني مطيــر,0.0,2,0.0432,38.7494,0.0980487,18.0753,0.9936,11.4165,7.20793,27.557,35.1243,41.779,60.393,436.5,61.63,1.0,1954,36.7471,8.7419,103.0,2025-03-23 00:00:00
kasseb,كســاب,0.00816693,3,0.0648,22.6836,0.775508,20.3952,1.54823,12.987,7.47992,23.0124,36.279,23.0748,76.9,292.04,81.875,1.0,1968,36.7614,9.0024,101.0,2025-03-23 00:00:00
barbara,بربرة,0.0335829,4,0.107316,59.8,0.774341,42.6819,1.54221,34.5533,11.9027,65.8591,69.9069,59.5931,60.545,182.0,74.82,1.0,1998,36.7341,8.53173,177.0,2025-03-23 00:00:00
sidisalem,سيدي ســــالم,0.0809502,5,0.44066,116.386,6.14838,64.7013,6.93688,73.7326,72.7512,112.902,300.61,247.35,580.348,115.0,814.0,1.0,1981,36.5907,9.3971,7950.0,2025-03-23 00:00:00
bouheurtma,بو هرتمـــــه,0.115646,6,0.16307,47.3003,2.2566,35.9781,2.30051,35.4844,14.2708,48.3716,65.5989,72.6818,145.037,221.0,150.5,1.0,1976,36.6719,8.78758,390.0,2025-03-23 00:00:00
joumine,جوميــــــن,0.0585209,7,0.104312,25.4002,2.01674,29.0149,2.03678,16.0128,12.5586,27.2235,63.5524,33.4139,118.773,90.0,129.9,1.0,1983,36.9909,9.6137,418.0,2025-03-23 00:00:00
ghezala,غزالـــــــة,0.0105914,8,0.0,2.03377,0.40498,2.07389,0.0,0.0,1.56608,2.23348,7.84629,2.65224,10.004,82.5,11.7,1.0,1984,37.0594,9.5458,48.0,2025-03-23 00:00:00
melah,المالح,0.0245714,33,0.0,9.084,0.929306,8.39417,0.0,0.0,5.89,10.5104,21.58,7.3762,41.0,136.0,41.0,1.0,2015,37.0761,9.4488,85.9,2025-03-23 00:00:00
tine,الطين,0.0033669,34,0.0,2.9761,0.115635,2.6483,0.0,0.0,2.18,2.32584,14.7674,3.76,34.0,136.0,34.0,1.0,2017,36.864,9.6287,276.0,2025-03-23 00:00:00
sejnane,سجنــــــان,0.0685778,9,0.702643,64.0253,4.20996,59.0504,13.2642,113.014,16.7054,47.7706,106.259,43.9199,132.59,86.5,137.5,1.0,1994,37.181,9.4751,367.0,2025-03-23 00:00:00
zarga,الزرقـة,0.00381727,10,0.0,22.654,0.148702,17.7501,0.0,0.31878,3.41,17.7561,18.4,23.716,24.256,93.0,24.0,1.0,2012,36.8824,8.6992,60.0,2025-03-23 00:00:00
kebir,الكبيــر,0.0077568,31,0.0,38.6738,0.37802,23.6955,0.0,11.5034,5.17428,19.2417,34.0202,28.3,64.4,85.0,64.4,1.0,2014,36.8802,8.7211,85.2,2025-03-23 00:00:00
moula,المولى,0.0,32,0.06042,17.616,0.209736,17.6886,0.127814,7.96141,3.48188,10.6035,28.7523,22.46,26.337,110.0,26.3,1.0,2013,36.9347,8.845,58.0,2025-03-23 00:00:00
selbarrak,سيدي البــــراق,0.0528913,11,0.792,207.484,3.80687,182.906,9.72077,87.8187,46.3079,121.329,256.778,140.364,286.514,27.0,286.514,1.0,1999,37.0244,8.93652,865.0,2025-03-23 00:00:00
ziatine,الزياتيـن,0.0,12,0.025639,17.2008,0.181152,13.717,0.36428,5.33071,2.95,9.13071,25.0887,14.559,33.3,37.0,33.0,1.0,2012,37.1856,9.2011,95.0,2025-03-23 00:00:00
gamgoum,القمقـوم,0.00283327,13,0.037,9.80904,0.0989062,4.06017,0.368,3.103,1.45458,2.90845,7.39815,14.5516,18.3,48.0,18.3,1.0,2012,37.1989,9.2679,35.5,2025-03-23 00:00:00
harka,الحركـة,0.00523516,35,0.0,13.2253,0.832807,6.4811,0.0,0.0,2.53,5.10128,21.2071,9.2343,30.3,38.4,30.3,1.0,2016,37.222,9.4024,77.0,2025-03-23 00:00:00
siliana,سليانـــــــة,0.00781065,14,0.0,8.15886,0.12,5.1638,0.0,0.2189,5.336,4.14875,27.7982,8.03625,30.986,388.5,70.0,1.0,1987,36.1571,9.3521,1040.0,2025-03-23 00:00:00
lakhmess,لخمـــــــاس,0.0011403,15,4.1e-05,1.68285,0.0466795,0.838807,0.000942,0.014266,1.78231,0.529732,8.96816,1.82852,7.22,517.06,8.22,1.0,1966,35.9994,9.4752,127.0,2025-03-23 00:00:00
rmil,الرميـــــــل,0.00102998,16,0.0,0.6794,0.0274743,0.63893,0.0,0.0,1.58175,0.386827,8.78682,0.6454,2.0,285.0,4.0,1.0,2002,36.3023,9.5019,232.0,2025-03-23 00:00:00
birmcherga,بئر المشارقـــة,0.0,17,0.0012,10.429,0.537107,6.91814,0.0276,0.45032,2.4676,6.57795,21.2859,12.7339,41.599,122.5,52.9,1.0,1971,36.5119,10.0102,1263.0,2025-03-23 00:00:00
rmel,الرمــــــل,0.0219652,18,0.01075,21.6776,1.42671,25.9486,0.24575,1.41386,1.86195,6.10044,14.0569,4.279,23.825,43.0,22.0,1.0,1998,36.3308,10.3584,675.0,2025-03-23 00:00:00
nebhana,نبهانــــــة,0.00347105,19,0.0,6.12357,0.136144,5.35686,0.013708,0.289197,3.55211,1.36728,17.4568,2.70322,64.61,230.0,86.5,1.0,1965,36.06,9.8724,855.0,2025-03-23 00:00:00
sidisaad,سيدي سعـــد,0.0,20,0.0,21.8483,0.180211,4.49708,0.0,0.0,2.95265,3.39048,34.1747,28.4844,133.317,270.0,209.0,1.0,1981,35.3902,9.6948,8950.0,2025-03-23 00:00:00
elhaouareb,هـــــــوارب,0.00185249,21,0.0,0.676202,0.716851,5.72471,0.0,0.012421,1.21275,0.163715,12.222,0.00576132,77.47,217.0,0.0,1.0,1989,35.5727,9.7468,1120.0,2025-03-23 00:00:00
sficifa,سفيسيفة,0.0,22,0.0,1.78835,0.0048056,0.616282,0.0,0.0,0.0237058,0.391828,1.16798,1.71246,7.71,677.8,4.24,1.0,2005,35.3413,9.0705,173.65,2025-03-23 00:00:00
sidiach,سيدي يعيــــش,0.0,23,0.0,0.0,0.0,0.379363,0.0,0.022,0.0200728,0.283849,1.4492,1.337,88.0,541.0,88.0,1.0,1997,34.7468,8.7476,1900.0,2025-03-23 00:00:00
elbrek,البــــــــرك,0.0008547,24,0.0,0.06,0.0124869,1.33074,0.0,0.02,0.32954,0.156202,1.93696,0.06,14.6,849.0,16.0,1.0,2002,35.4705,8.9677,293.0,2025-03-23 00:00:00
bezirk,بزيـــــــغ,0.0,25,0.0,3.0016,0.0704509,3.24158,0.0,0.042,0.501218,0.207391,4.18041,0.19908,5.01,54.62,6.5,1.0,1959,36.7195,10.6272,86.0,2025-03-23 00:00:00
chiba,شيبـــــــة,0.00158151,26,0.0,1.04113,0.178816,1.15081,0.0,0.050184,0.850857,0.000325396,5.74812,0.000475792,3.79,77.88,7.8,1.0,1963,36.6973,10.772,64.0,2025-03-23 00:00:00
masri,مصــــــري,0.000677846,27,0.0,4.47651,1.00232,3.67989,1.4164,3.7217,0.542286,1.20531,3.74383,1.72596,5.068,163.0,6.9,1.0,1968,36.534,10.4911,53.0,2025-03-23 00:00:00
lebna,لبنــــــــة,0.0,28,0.0,4.86408,0.819493,5.49276,0.0,0.0,2.21669,0.428537,16.3921,0.702416,25.46,18.04,30.1,1.0,1986,36.7388,10.9218,199.0,2025-03-23 00:00:00
hma,الحمـــــى,0.00303399,29,0.0,3.69732,1.02626,4.02239,0.0,0.03504,0.91804,0.759769,4.08115,0.468256,12.854,102.4,12.1,1.0,2002,36.5874,10.304,123.0,2025-03-23 00:00:00
abid,العبيـــــــد,0.0021715,30,0.0,4.25783,0.56469,3.97374,0.0,0.0132,0.951204,0.271869,4.74621,0.834181,9.615,42.2,10.0,1.0,2002,36.8308,10.7086,54.0,2025-03-23 00:00:00
mellegue,مـــــلاق,0.0290396,1,0.02,19.7537,2.09442,33.2236,0.444827,25.5733,12.6216,7.71856,116.219,8.86017,51.13,265.0,267.67,1.0,1954,36.3144,8.70273,10300.0,2025-03-22 00:00:00
sarrat,سراط,0.00339552,36,0.03813,7.07501,0.0523518,6.20746,0.3025,0.41469,1.903,2.0025,11.5525,6.44307,21.0,546.0,21.0,1.0,2016,35.8322,8.4434,1850.0,2025-03-22 00:00:00
benmetir,بني مطيــر,0.0,2,0.0432,38.8153,0.0980487,18.0753,0.9504,11.3733,7.20793,27.5456,34.8918,41.804,60.393,436.5,61.63,1.0,1954,36.7471,8.7419,103.0,2025-03-22 00:00:00
kasseb,كســاب,0.00802408,3,0.0648,22.7423,0.767341,20.3871,1.48343,12.9222,7.47992,22.959,36.0377,23.0553,76.9,292.04,81.875,1.0,1968,36.7614,9.0024,101.0,2025-03-22 00:00:00
barbara,بربرة,0.0266123,4,0.098137,59.8828,0.740758,42.6483,1.43489,34.446,11.9027,65.7965,69.5229,59.6345,60.545,182.0,74.82,1.0,1998,36.7341,8.53173,177.0,2025-03-22 00:00:00
sidisalem,سيدي ســــالم,0.29927,5,0.0432,116.797,6.06743,64.6203,6.49622,73.2919,72.7512,112.483,298.263,247.066,580.348,115.0,814.0,1.0,1981,36.5907,9.3971,7950.0,2025-03-22 00:00:00
bouheurtma,بو هرتمـــــه,0.133613,6,0.130974,47.3512,2.14096,35.8625,2.13744,35.3213,14.2708,48.3703,65.1386,72.6189,145.037,221.0,150.5,1.0,1976,36.6719,8.78758,390.0,2025-03-22 00:00:00
joumine,جوميــــــن,0.0547516,7,0.100262,25.4525,1.95822,28.9564,1.93246,15.9085,12.5586,27.1143,63.1473,33.4139,118.773,90.0,129.9,1.0,1983,36.9909,9.6137,418.0,2025-03-22 00:00:00
ghezala,غزالـــــــة,0.0154037,8,0.0,2.02409,0.394389,2.0633,0.0,0.0,1.56608,2.20949,7.79577,2.62927,10.004,82.5,11.7,1.0,1984,37.0594,9.5458,48.0,2025-03-22 00:00:00
melah,المالح,0.0364887,33,0.0,9.06,0.904735,8.36959,0.0,0.0,5.89,10.481,21.39,7.405,41.0,136.0,41.0,1.0,2015,37.0761,9.4488,85.9,2025-03-22 00:00:00
tine,الطين,0.0,34,0.0,2.9761,0.112268,2.64493,0.0,0.0,2.18,2.32584,14.6971,3.775,34.0,136.0,34.0,1.0,2017,36.864,9.6287,276.0,2025-03-22 00:00:00
sejnane,سجنــــــان,0.0498947,9,0.718033,63.9504,4.14138,58.9818,12.5616,112.311,16.7054,47.7706,105.72,44.1603,132.59,86.5,137.5,1.0,1994,37.181,9.4751,367.0,2025-03-22 00:00:00
zarga,الزرقـة,0.00407175,10,0.0,22.654,0.144885,17.7463,0.0,0.31878,3.41,17.7528,18.29,23.716,24.256,93.0,24.0,1.0,2012,36.8824,8.6992,60.0,2025-03-22 00:00:00
kebir,الكبيــر,0.0051712,31,0.0,38.6738,0.370263,23.6878,0.0,11.5034,5.17428,19.2186,33.8533,28.28,64.4,85.0,64.4,1.0,2014,36.8802,8.7211,85.2,2025-03-22 00:00:00
moula,المولى,0.0,32,0.04837,17.68,0.209736,17.6886,0.067394,7.90099,3.48188,10.6035,28.64,22.568,26.337,110.0,26.3,1.0,2013,36.9347,8.845,58.0,2025-03-22 00:00:00
selbarrak,سيدي البــــراق,0.0,11,0.6325,208.213,3.75398,182.853,8.92877,87.0267,46.3079,120.96,255.284,140.566,286.514,27.0,286.514,1.0,1999,37.0244,8.93652,865.0,2025-03-22 00:00:00
ziatine,الزياتيـن,0.028319,12,0.022056,17.2496,0.181152,13.717,0.338641,5.30507,2.95,9.11102,24.9935,14.5857,33.3,37.0,33.0,1.0,2012,37.1856,9.2011,95.0,2025-03-22 00:00:00
gamgoum,القمقـوم,0.00473674,13,0.031,9.84528,0.096073,4.05734,0.331,3.066,1.45458,2.89813,7.35123,14.5759,18.3,48.0,18.3,1.0,2012,37.1989,9.2679,35.5,2025-03-22 00:00:00
harka,الحركـة,0.00523516,35,0.0,13.2253,0.827572,6.47586,0.0,0.0,2.53,5.10128,21.1255,9.2563,30.3,38.4,30.3,1.0,2016,37.222,9.4024,77.0,2025-03-22 00:00:00
siliana,سليانـــــــة,0.00852071,14,0.0,8.15886,0.112189,5.15599,0.0,0.2189,5.336,4.1405,27.6261,8.03625,30.986,388.5,70.0,1.0,1987,36.1571,9.3521,1040.0,2025-03-22 00:00:00
lakhmess,لخمـــــــاس,0.00614456,15,4.3e-05,1.68285,0.0455392,0.837667,0.000901,0.014225,1.78231,0.529732,8.91067,1.8544,7.22,517.06,8.22,1.0,1966,35.9994,9.4752,127.0,2025-03-22 00:00:00
rmil,الرميـــــــل,0.0011961,16,0.0,0.6794,0.0264443,0.6379,0.0,0.0,1.58175,0.385644,8.7358,0.6454,2.0,285.0,4.0,1.0,2002,36.3023,9.5019,232.0,2025-03-22 00:00:00
birmcherga,بئر المشارقـــة,0.00900117,17,0.0012,10.4613,0.537107,6.91814,0.0264,0.44912,2.4676,6.56673,21.2063,12.7339,41.599,122.5,52.9,1.0,1971,36.5119,10.0102,1263.0,2025-03-22 00:00:00
rmel,الرمــــــل,0.0229404,18,0.01075,21.6776,1.40474,25.9266,0.235,1.40311,1.86195,6.10044,13.9969,4.3049,23.825,43.0,22.0,1.0,1998,36.3308,10.3584,675.0,2025-03-22 00:00:00
nebhana,نبهانــــــة,0.00347105,19,0.0,6.12357,0.132673,5.35339,0.013708,0.289197,3.55211,1.36466,17.3422,2.70322,64.61,230.0,86.5,1.0,1965,36.06,9.8724,855.0,2025-03-22 00:00:00
sidisaad,سيدي سعـــد,0.00774671,20,0.0,21.9134,0.180211,4.49708,0.0,0.0,2.95265,3.39048,34.0794,28.5557,133.317,270.0,209.0,1.0,1981,35.3902,9.6948,8950.0,2025-03-22 00:00:00
elhaouareb,هـــــــوارب,0.0,21,0.0,0.676202,0.714998,5.72285,0.0,0.012421,1.21275,0.16109,12.1829,0.00576132,77.47,217.0,0.0,1.0,1989,35.5727,9.7468,1120.0,2025-03-22 00:00:00
sficifa,سفيسيفة,0.0,22,0.0,1.7918,0.0048056,0.616282,0.0,0.0,0.0237058,0.391129,1.16721,1.71246,7.71,677.8,4.24,1.0,2005,35.3413,9.0705,173.65,2025-03-22 00:00:00
sidiach,سيدي يعيــــش,0.0,23,0.0,0.0,0.0,0.379363,0.0,0.022,0.0200728,0.282037,1.44855,1.337,88.0,541.0,88.0,1.0,1997,34.7468,8.7476,1900.0,2025-03-22 00:00:00
elbrek,البــــــــرك,0.00067155,24,0.0,0.06,0.0116322,1.32989,0.0,0.02,0.32954,0.155347,1.92633,0.06,14.6,849.0,16.0,1.0,2002,35.4705,8.9677,293.0,2025-03-22 00:00:00
bezirk,بزيـــــــغ,0.0,25,0.0,3.009,0.0704509,3.24158,0.0,0.042,0.501218,0.206794,4.16424,0.19908,5.01,54.62,6.5,1.0,1959,36.7195,10.6272,86.0,2025-03-22 00:00:00
chiba,شيبـــــــة,0.00110227,26,0.0,1.04113,0.177235,1.14922,0.0,0.050184,0.850857,0.000323774,5.72067,0.000475792,3.79,77.88,7.8,1.0,1963,36.6973,10.772,64.0,2025-03-22 00:00:00
masri,مصــــــري,0.00097158,27,0.0,4.47651,1.00164,3.67921,1.4164,3.7217,0.542286,1.20467,3.72633,1.72596,5.068,163.0,6.9,1.0,1968,36.534,10.4911,53.0,2025-03-22 00:00:00
lebna,لبنــــــــة,0.00559299,28,0.0,4.88498,0.819493,5.49276,0.0,0.0,2.21669,0.426718,16.3206,0.702416,25.46,18.04,30.1,1.0,1986,36.7388,10.9218,199.0,2025-03-22 00:00:00
hma,الحمـــــى,0.0034028,29,0.0,3.69732,1.02323,4.01936,0.0,0.03504,0.91804,0.759769,4.05154,0.47328,12.854,102.4,12.1,1.0,2002,36.5874,10.304,123.0,2025-03-22 00:00:00
abid,العبيـــــــد,0.00207811,30,0.0,4.25783,0.562519,3.97157,0.0,0.0132,0.951204,0.271213,4.71552,0.834181,9.615,42.2,10.0,1.0,2002,36.8308,10.7086,54.0,2025-03-22 00:00:00
