Date,nom_ar,nom_fr,unite,valeur
2025-06-19 09:00:00,Évapotranspiration journalière,Évapotranspiration journalière,mm/j,0.0
2025-06-19 09:00:00,Vitesse du vent,Vitesse du vent,m/s,3.65
2025-06-19 09:00:00,Évapotranspiration Horaire,Évapotranspiration Horaire,mm/h,0.0
2025-06-19 09:00:00,Pression atmosphérique,Pression atmosphérique,mm/j,920.8
2025-06-19 09:00:00,Rayonnement solaire,Rayonnement solaire,W/m²,385.0
2025-06-19 09:00:00,Point de Rosée,Point de Rosée,°C,12.7
2025-06-19 09:00:00,Humidité relative,Humidité relative,%,63.8
2025-06-19 09:00:00,Température,Température,°C,19.8
2025-06-19 09:00:00,Direction du vent,Direction du vent,Deg,348.8
2025-06-19 07:00:00,Vitesse du vent,Vitesse du vent,m/s,2.97
2025-06-19 07:00:00,Direction du vent,Direction du vent,Deg,336.3
2025-06-19 07:00:00,Température,Température,°C,18.2
2025-06-19 07:00:00,Humidité relative,Humidité relative,%,69.0
2025-06-19 07:00:00,Point de Rosée,Point de Rosée,°C,12.4
2025-06-19 07:00:00,Rayonnement solaire,Rayonnement solaire,W/m²,224.0
2025-06-19 07:00:00,Pression atmosphérique,Pression atmosphérique,mm/j,920.7
2025-06-19 07:00:00,Évapotranspiration Horaire,Évapotranspiration Horaire,mm/h,0.0
2025-06-19 07:00:00,Évapotranspiration journalière,Évapotranspiration journalière,mm/j,0.0
2025-06-19 05:00:00,Vitesse du vent,Vitesse du vent,m/s,2.83
2025-06-19 05:00:00,Direction du vent,Direction du vent,Deg,315.9
2025-06-19 05:00:00,Température,Température,°C,16.2
2025-06-19 05:00:00,Humidité relative,Humidité relative,%,84.6
2025-06-19 05:00:00,Point de Rosée,Point de Rosée,°C,13.6
2025-06-19 05:00:00,Rayonnement solaire,Rayonnement solaire,W/m²,0.0
2025-06-19 05:00:00,Pression atmosphérique,Pression atmosphérique,mm/j,920.0
2025-06-19 05:00:00,Évapotranspiration Horaire,Évapotranspiration Horaire,mm/h,0.0
2025-06-19 05:00:00,Évapotranspiration journalière,Évapotranspiration journalière,mm/j,0.0
2025-06-19 03:00:00,Direction du vent,Direction du vent,Deg,279.4
2025-06-19 03:00:00,Vitesse du vent,Vitesse du vent,m/s,2.04
2025-06-19 03:00:00,Température,Température,°C,16.5
2025-06-19 03:00:00,Humidité relative,Humidité relative,%,76.7
2025-06-19 03:00:00,Point de Rosée,Point de Rosée,°C,12.4
2025-06-19 03:00:00,Rayonnement solaire,Rayonnement solaire,W/m²,0.0
2025-06-19 03:00:00,Pression atmosphérique,Pression atmosphérique,mm/j,920.0
2025-06-19 03:00:00,Évapotranspiration Horaire,Évapotranspiration Horaire,mm/h,0.0
2025-06-19 03:00:00,Évapotranspiration journalière,Évapotranspiration journalière,mm/j,0.0
2025-06-19 01:00:00,Direction du vent,Direction du vent,Deg,269.7
2025-06-19 01:00:00,Vitesse du vent,Vitesse du vent,m/s,3.14
2025-06-19 01:00:00,Évapotranspiration journalière,Évapotranspiration journalière,mm/j,0.0
2025-06-19 01:00:00,Évapotranspiration Horaire,Évapotranspiration Horaire,mm/h,0.0
2025-06-19 01:00:00,Pression atmosphérique,Pression atmosphérique,mm/j,920.9
2025-06-19 01:00:00,Rayonnement solaire,Rayonnement solaire,W/m²,0.0
2025-06-19 01:00:00,Point de Rosée,Point de Rosée,°C,13.0
2025-06-19 01:00:00,Humidité relative,Humidité relative,%,80.0
2025-06-19 01:00:00,Température,Température,°C,16.4
2025-06-18 23:00:00,Direction du vent,Direction du vent,Deg,337.6
2025-06-18 23:00:00,Évapotranspiration journalière,Évapotranspiration journalière,mm/j,0.0
2025-06-18 23:00:00,Évapotranspiration Horaire,Évapotranspiration Horaire,mm/h,0.0
2025-06-18 23:00:00,Pression atmosphérique,Pression atmosphérique,mm/j,921.7
2025-06-18 23:00:00,Rayonnement solaire,Rayonnement solaire,W/m²,0.0
2025-06-18 23:00:00,Point de Rosée,Point de Rosée,°C,12.8
2025-06-18 23:00:00,Humidité relative,Humidité relative,%,73.3
2025-06-18 23:00:00,Température,Température,°C,17.6
2025-06-18 23:00:00,Vitesse du vent,Vitesse du vent,m/s,1.97
2025-06-18 21:00:00,Vitesse du vent,Vitesse du vent,m/s,1.8
2025-06-18 21:00:00,Évapotranspiration journalière,Évapotranspiration journalière,mm/j,0.0
2025-06-18 21:00:00,Évapotranspiration Horaire,Évapotranspiration Horaire,mm/h,0.0
2025-06-18 21:00:00,Pression atmosphérique,Pression atmosphérique,mm/j,921.8
2025-06-18 21:00:00,Rayonnement solaire,Rayonnement solaire,W/m²,0.0
2025-06-18 21:00:00,Point de Rosée,Point de Rosée,°C,12.9
2025-06-18 21:00:00,Humidité relative,Humidité relative,%,66.5
2025-06-18 21:00:00,Température,Température,°C,19.3
2025-06-18 21:00:00,Direction du vent,Direction du vent,Deg,16.6
2025-06-18 17:00:00,Vitesse du vent,Vitesse du vent,m/s,9.02
2025-06-18 17:00:00,Évapotranspiration journalière,Évapotranspiration journalière,mm/j,0.0
2025-06-18 17:00:00,Évapotranspiration Horaire,Évapotranspiration Horaire,mm/h,0.0
2025-06-18 17:00:00,Pression atmosphérique,Pression atmosphérique,mm/j,919.4
2025-06-18 17:00:00,Rayonnement solaire,Rayonnement solaire,W/m²,408.0
2025-06-18 17:00:00,Point de Rosée,Point de Rosée,°C,10.2
2025-06-18 17:00:00,Humidité relative,Humidité relative,%,35.7
2025-06-18 17:00:00,Température,Température,°C,26.7
2025-06-18 17:00:00,Direction du vent,Direction du vent,Deg,326.6
2025-06-18 15:00:00,Direction du vent,Direction du vent,Deg,332.1
2025-06-18 15:00:00,Évapotranspiration journalière,Évapotranspiration journalière,mm/j,0.0
2025-06-18 15:00:00,Évapotranspiration Horaire,Évapotranspiration Horaire,mm/h,0.0
2025-06-18 15:00:00,Pression atmosphérique,Pression atmosphérique,mm/j,919.9
2025-06-18 15:00:00,Rayonnement solaire,Rayonnement solaire,W/m²,787.0
2025-06-18 15:00:00,Point de Rosée,Point de Rosée,°C,5.3
2025-06-18 15:00:00,Humidité relative,Humidité relative,%,23.6
2025-06-18 15:00:00,Température,Température,°C,28.0
2025-06-18 15:00:00,Vitesse du vent,Vitesse du vent,m/s,6.66
2025-06-18 11:00:00,Température,Température,°C,25.7
2025-06-18 11:00:00,Évapotranspiration journalière,Évapotranspiration journalière,mm/j,0.0
2025-06-18 11:00:00,Évapotranspiration Horaire,Évapotranspiration Horaire,mm/h,0.0
2025-06-18 11:00:00,Pression atmosphérique,Pression atmosphérique,mm/j,920.7
2025-06-18 11:00:00,Rayonnement solaire,Rayonnement solaire,W/m²,951.0
2025-06-18 11:00:00,Point de Rosée,Point de Rosée,°C,5.5
2025-06-18 11:00:00,Humidité relative,Humidité relative,%,27.4
2025-06-18 11:00:00,Direction du vent,Direction du vent,Deg,272.9
2025-06-18 11:00:00,Vitesse du vent,Vitesse du vent,m/s,5.34
2025-06-18 09:00:00,Vitesse du vent,Vitesse du vent,m/s,4.58
2025-06-18 09:00:00,Évapotranspiration journalière,Évapotranspiration journalière,mm/j,0.0
2025-06-18 09:00:00,Évapotranspiration Horaire,Évapotranspiration Horaire,mm/h,0.0
2025-06-18 09:00:00,Pression atmosphérique,Pression atmosphérique,mm/j,920.5
2025-06-18 09:00:00,Rayonnement solaire,Rayonnement solaire,W/m²,682.0
2025-06-18 09:00:00,Point de Rosée,Point de Rosée,°C,7.3
2025-06-18 09:00:00,Humidité relative,Humidité relative,%,37.6
2025-06-18 09:00:00,Température,Température,°C,22.5
2025-06-18 09:00:00,Direction du vent,Direction du vent,Deg,328.2
2025-06-18 07:00:00,Direction du vent,Direction du vent,Deg,330.7
2025-06-18 07:00:00,Évapotranspiration journalière,Évapotranspiration journalière,mm/j,0.0
2025-06-18 07:00:00,Évapotranspiration Horaire,Évapotranspiration Horaire,mm/h,0.0
2025-06-18 07:00:00,Pression atmosphérique,Pression atmosphérique,mm/j,920.1
2025-06-18 07:00:00,Rayonnement solaire,Rayonnement solaire,W/m²,230.0
2025-06-18 07:00:00,Point de Rosée,Point de Rosée,°C,8.2
2025-06-18 07:00:00,Humidité relative,Humidité relative,%,44.5
2025-06-18 07:00:00,Température,Température,°C,20.8
2025-06-18 07:00:00,Vitesse du vent,Vitesse du vent,m/s,5.73
2025-06-18 05:00:00,Direction du vent,Direction du vent,Deg,300.2
2025-06-18 05:00:00,Évapotranspiration journalière,Évapotranspiration journalière,mm/j,0.0
2025-06-18 05:00:00,Évapotranspiration Horaire,Évapotranspiration Horaire,mm/h,0.0
2025-06-18 05:00:00,Pression atmosphérique,Pression atmosphérique,mm/j,919.9
2025-06-18 05:00:00,Rayonnement solaire,Rayonnement solaire,W/m²,0.0
2025-06-18 05:00:00,Point de Rosée,Point de Rosée,°C,8.9
2025-06-18 05:00:00,Humidité relative,Humidité relative,%,50.0
2025-06-18 05:00:00,Température,Température,°C,19.6
2025-06-18 05:00:00,Vitesse du vent,Vitesse du vent,m/s,2.92
2025-06-18 03:00:00,Vitesse du vent,Vitesse du vent,m/s,2.3
2025-06-18 03:00:00,Évapotranspiration journalière,Évapotranspiration journalière,mm/j,0.0
2025-06-18 03:00:00,Évapotranspiration Horaire,Évapotranspiration Horaire,mm/h,0.0
2025-06-18 03:00:00,Pression atmosphérique,Pression atmosphérique,mm/j,920.0
2025-06-18 03:00:00,Rayonnement solaire,Rayonnement solaire,W/m²,0.0
2025-06-18 03:00:00,Point de Rosée,Point de Rosée,°C,9.4
2025-06-18 03:00:00,Humidité relative,Humidité relative,%,50.9
2025-06-18 03:00:00,Température,Température,°C,19.9
2025-06-18 03:00:00,Direction du vent,Direction du vent,Deg,181.0
2025-06-18 01:00:00,Vitesse du vent,Vitesse du vent,m/s,0.52
2025-06-18 01:00:00,Évapotranspiration journalière,Évapotranspiration journalière,mm/j,0.0
2025-06-18 01:00:00,Évapotranspiration Horaire,Évapotranspiration Horaire,mm/h,0.0
2025-06-18 01:00:00,Pression atmosphérique,Pression atmosphérique,mm/j,920.9
2025-06-18 01:00:00,Rayonnement solaire,Rayonnement solaire,W/m²,0.0
2025-06-18 01:00:00,Point de Rosée,Point de Rosée,°C,6.6
2025-06-18 01:00:00,Humidité relative,Humidité relative,%,38.6
2025-06-18 01:00:00,Température,Température,°C,21.3
2025-06-18 01:00:00,Direction du vent,Direction du vent,Deg,290.2
2025-06-17 23:00:00,Direction du vent,Direction du vent,Deg,320.3
2025-06-17 23:00:00,Évapotranspiration journalière,Évapotranspiration journalière,mm/j,0.0
2025-06-17 23:00:00,Évapotranspiration Horaire,Évapotranspiration Horaire,mm/h,0.0
2025-06-17 23:00:00,Pression atmosphérique,Pression atmosphérique,mm/j,921.6
2025-06-17 23:00:00,Rayonnement solaire,Rayonnement solaire,W/m²,0.0
2025-06-17 23:00:00,Point de Rosée,Point de Rosée,°C,5.9
2025-06-17 23:00:00,Humidité relative,Humidité relative,%,32.2
2025-06-17 23:00:00,Température,Température,°C,23.4
2025-06-17 23:00:00,Vitesse du vent,Vitesse du vent,m/s,2.34
2025-06-17 21:00:00,Vitesse du vent,Vitesse du vent,m/s,2.33
2025-06-17 21:00:00,Évapotranspiration journalière,Évapotranspiration journalière,mm/j,0.0
2025-06-17 21:00:00,Évapotranspiration Horaire,Évapotranspiration Horaire,mm/h,0.0
2025-06-17 21:00:00,Pression atmosphérique,Pression atmosphérique,mm/j,921.4
2025-06-17 21:00:00,Rayonnement solaire,Rayonnement solaire,W/m²,0.0
2025-06-17 21:00:00,Point de Rosée,Point de Rosée,°C,7.1
2025-06-17 21:00:00,Humidité relative,Humidité relative,%,32.4
2025-06-17 21:00:00,Température,Température,°C,24.8
2025-06-17 21:00:00,Direction du vent,Direction du vent,Deg,334.6
2025-06-17 19:00:00,Point de Rosée,Point de Rosée,°C,7.6
2025-06-17 19:00:00,Évapotranspiration journalière,Évapotranspiration journalière,mm/j,0.0
2025-06-17 19:00:00,Vitesse du vent,Vitesse du vent,m/s,4.38
2025-06-17 19:00:00,Évapotranspiration Horaire,Évapotranspiration Horaire,mm/h,0.0
2025-06-17 19:00:00,Humidité relative,Humidité relative,%,27.8
2025-06-17 19:00:00,Pression atmosphérique,Pression atmosphérique,mm/j,920.5
2025-06-17 19:00:00,Direction du vent,Direction du vent,Deg,22.2
2025-06-17 19:00:00,Rayonnement solaire,Rayonnement solaire,W/m²,53.0
2025-06-17 19:00:00,Température,Température,°C,27.9
2025-06-17 17:00:00,Évapotranspiration journalière,Évapotranspiration journalière,mm/j,0.0
2025-06-17 17:00:00,Évapotranspiration Horaire,Évapotranspiration Horaire,mm/h,0.0
2025-06-17 17:00:00,Pression atmosphérique,Pression atmosphérique,mm/j,919.9
2025-06-17 17:00:00,Rayonnement solaire,Rayonnement solaire,W/m²,406.0
2025-06-17 17:00:00,Point de Rosée,Point de Rosée,°C,3.7
2025-06-17 17:00:00,Humidité relative,Humidité relative,%,17.2
2025-06-17 17:00:00,Température,Température,°C,31.5
2025-06-17 17:00:00,Direction du vent,Direction du vent,Deg,8.7
2025-06-17 17:00:00,Vitesse du vent,Vitesse du vent,m/s,2.41
2025-06-17 15:00:00,Pression atmosphérique,Pression atmosphérique,mm/j,920.4
2025-06-17 15:00:00,Évapotranspiration Horaire,Évapotranspiration Horaire,mm/h,0.0
2025-06-17 15:00:00,Rayonnement solaire,Rayonnement solaire,W/m²,774.0
2025-06-17 15:00:00,Point de Rosée,Point de Rosée,°C,2.0
2025-06-17 15:00:00,Évapotranspiration journalière,Évapotranspiration journalière,mm/j,0.0
2025-06-17 15:00:00,Humidité relative,Humidité relative,%,14.0
2025-06-17 15:00:00,Température,Température,°C,33.0
2025-06-17 15:00:00,Direction du vent,Direction du vent,Deg,3.0
2025-06-17 15:00:00,Vitesse du vent,Vitesse du vent,m/s,7.57
2025-06-17 14:00:00,Pression atmosphérique,Pression atmosphérique,mm/j,920.8
2025-06-17 14:00:00,Évapotranspiration journalière,Évapotranspiration journalière,mm/j,0.0
2025-06-17 14:00:00,Évapotranspiration Horaire,Évapotranspiration Horaire,mm/h,0.0
2025-06-17 14:00:00,Rayonnement solaire,Rayonnement solaire,W/m²,888.0
2025-06-17 14:00:00,Point de Rosée,Point de Rosée,°C,2.0
2025-06-17 14:00:00,Humidité relative,Humidité relative,%,14.2
2025-06-17 14:00:00,Température,Température,°C,32.7
2025-06-17 14:00:00,Direction du vent,Direction du vent,Deg,322.9
2025-06-17 14:00:00,Vitesse du vent,Vitesse du vent,m/s,4.57
2025-06-17 13:00:00,Point de Rosée,Point de Rosée,°C,2.4
2025-06-17 13:00:00,Vitesse du vent,Vitesse du vent,m/s,6.63
2025-06-17 13:00:00,Humidité relative,Humidité relative,%,14.2
2025-06-17 13:00:00,Évapotranspiration Horaire,Évapotranspiration Horaire,mm/h,0.0
2025-06-17 13:00:00,Évapotranspiration journalière,Évapotranspiration journalière,mm/j,0.0
2025-06-17 13:00:00,Pression atmosphérique,Pression atmosphérique,mm/j,920.8
2025-06-17 13:00:00,Direction du vent,Direction du vent,Deg,321.6
2025-06-17 13:00:00,Rayonnement solaire,Rayonnement solaire,W/m²,952.0
2025-06-17 13:00:00,Température,Température,°C,33.3
2025-06-17 11:00:00,Point de Rosée,Point de Rosée,°C,4.6
2025-06-17 11:00:00,Évapotranspiration journalière,Évapotranspiration journalière,mm/j,0.0
2025-06-17 11:00:00,Évapotranspiration Horaire,Évapotranspiration Horaire,mm/h,0.0
2025-06-17 11:00:00,Pression atmosphérique,Pression atmosphérique,mm/j,921.6
2025-06-17 11:00:00,Rayonnement solaire,Rayonnement solaire,W/m²,911.0
2025-06-17 11:00:00,Humidité relative,Humidité relative,%,20.6
2025-06-17 11:00:00,Température,Température,°C,29.5
2025-06-17 11:00:00,Direction du vent,Direction du vent,Deg,34.9
2025-06-17 11:00:00,Vitesse du vent,Vitesse du vent,m/s,1.66
2025-06-17 09:00:00,Évapotranspiration journalière,Évapotranspiration journalière,mm/j,0.0
2025-06-17 09:00:00,Évapotranspiration Horaire,Évapotranspiration Horaire,mm/h,0.0
2025-06-17 09:00:00,Pression atmosphérique,Pression atmosphérique,mm/j,921.2
2025-06-17 09:00:00,Rayonnement solaire,Rayonnement solaire,W/m²,639.0
2025-06-17 09:00:00,Point de Rosée,Point de Rosée,°C,4.7
2025-06-17 09:00:00,Humidité relative,Humidité relative,%,22.6
2025-06-17 09:00:00,Température,Température,°C,28.0
2025-06-17 09:00:00,Direction du vent,Direction du vent,Deg,61.8
2025-06-17 09:00:00,Vitesse du vent,Vitesse du vent,m/s,2.35
2025-06-17 07:00:00,Évapotranspiration journalière,Évapotranspiration journalière,mm/j,0.0
2025-06-17 07:00:00,Évapotranspiration Horaire,Évapotranspiration Horaire,mm/h,0.0
2025-06-17 07:00:00,Pression atmosphérique,Pression atmosphérique,mm/j,921.2
2025-06-17 07:00:00,Rayonnement solaire,Rayonnement solaire,W/m²,212.0
2025-06-17 07:00:00,Point de Rosée,Point de Rosée,°C,1.9
2025-06-17 07:00:00,Humidité relative,Humidité relative,%,20.2
2025-06-17 07:00:00,Température,Température,°C,26.5
2025-06-17 07:00:00,Direction du vent,Direction du vent,Deg,10.6
2025-06-17 07:00:00,Vitesse du vent,Vitesse du vent,m/s,1.72
2025-06-17 05:00:00,Évapotranspiration journalière,Évapotranspiration journalière,mm/j,0.0
2025-06-17 05:00:00,Évapotranspiration Horaire,Évapotranspiration Horaire,mm/h,0.0
2025-06-17 05:00:00,Pression atmosphérique,Pression atmosphérique,mm/j,921.0
2025-06-17 05:00:00,Rayonnement solaire,Rayonnement solaire,W/m²,1.0
2025-06-17 05:00:00,Point de Rosée,Point de Rosée,°C,6.7
2025-06-17 05:00:00,Humidité relative,Humidité relative,%,32.9
2025-06-17 05:00:00,Température,Température,°C,24.0
2025-06-17 05:00:00,Vitesse du vent,Vitesse du vent,m/s,3.27
2025-06-17 05:00:00,Direction du vent,Direction du vent,Deg,344.9
2025-06-17 03:00:00,Humidité relative,Humidité relative,%,34.6
2025-06-17 03:00:00,Vitesse du vent,Vitesse du vent,m/s,0.95
2025-06-17 03:00:00,Direction du vent,Direction du vent,Deg,292.3
2025-06-17 03:00:00,Température,Température,°C,24.8
2025-06-17 03:00:00,Point de Rosée,Point de Rosée,°C,8.1
2025-06-17 03:00:00,Rayonnement solaire,Rayonnement solaire,W/m²,0.0
2025-06-17 03:00:00,Pression atmosphérique,Pression atmosphérique,mm/j,921.5
2025-06-17 03:00:00,Évapotranspiration Horaire,Évapotranspiration Horaire,mm/h,0.0
2025-06-17 03:00:00,Évapotranspiration journalière,Évapotranspiration journalière,mm/j,0.0
2025-06-17 01:00:00,Vitesse du vent,Vitesse du vent,m/s,3.27
2025-06-17 01:00:00,Direction du vent,Direction du vent,Deg,254.2
2025-06-17 01:00:00,Température,Température,°C,24.8
2025-06-17 01:00:00,Humidité relative,Humidité relative,%,31.2
2025-06-17 01:00:00,Point de Rosée,Point de Rosée,°C,6.6
2025-06-17 01:00:00,Rayonnement solaire,Rayonnement solaire,W/m²,0.0
2025-06-17 01:00:00,Pression atmosphérique,Pression atmosphérique,mm/j,921.8
2025-06-17 01:00:00,Évapotranspiration Horaire,Évapotranspiration Horaire,mm/h,0.0
2025-06-17 01:00:00,Évapotranspiration journalière,Évapotranspiration journalière,mm/j,0.0
2025-06-16 23:00:00,Direction du vent,Direction du vent,Deg,261.6
2025-06-16 23:00:00,Évapotranspiration journalière,Évapotranspiration journalière,mm/j,0.0
2025-06-16 23:00:00,Évapotranspiration Horaire,Évapotranspiration Horaire,mm/h,0.0
2025-06-16 23:00:00,Pression atmosphérique,Pression atmosphérique,mm/j,922.2
2025-06-16 23:00:00,Rayonnement solaire,Rayonnement solaire,W/m²,0.0
2025-06-16 23:00:00,Point de Rosée,Point de Rosée,°C,6.5
2025-06-16 23:00:00,Humidité relative,Humidité relative,%,28.8
2025-06-16 23:00:00,Température,Température,°C,26.0
2025-06-16 23:00:00,Vitesse du vent,Vitesse du vent,m/s,1.8
2025-06-16 21:00:00,Vitesse du vent,Vitesse du vent,m/s,2.8
2025-06-16 21:00:00,Évapotranspiration journalière,Évapotranspiration journalière,mm/j,0.0
2025-06-16 21:00:00,Évapotranspiration Horaire,Évapotranspiration Horaire,mm/h,0.0
2025-06-16 21:00:00,Pression atmosphérique,Pression atmosphérique,mm/j,922.1
2025-06-16 21:00:00,Rayonnement solaire,Rayonnement solaire,W/m²,0.0
2025-06-16 21:00:00,Point de Rosée,Point de Rosée,°C,7.0
2025-06-16 21:00:00,Humidité relative,Humidité relative,%,28.2
2025-06-16 21:00:00,Température,Température,°C,27.0
2025-06-16 21:00:00,Direction du vent,Direction du vent,Deg,15.4
2025-06-16 19:00:00,Vitesse du vent,Vitesse du vent,m/s,2.56
2025-06-16 19:00:00,Évapotranspiration journalière,Évapotranspiration journalière,mm/j,0.0
2025-06-16 19:00:00,Évapotranspiration Horaire,Évapotranspiration Horaire,mm/h,0.0
2025-06-16 19:00:00,Pression atmosphérique,Pression atmosphérique,mm/j,920.9
2025-06-16 19:00:00,Rayonnement solaire,Rayonnement solaire,W/m²,44.0
2025-06-16 19:00:00,Point de Rosée,Point de Rosée,°C,7.0
2025-06-16 19:00:00,Humidité relative,Humidité relative,%,22.7
2025-06-16 19:00:00,Température,Température,°C,30.6
2025-06-16 19:00:00,Direction du vent,Direction du vent,Deg,59.8
2025-06-16 17:00:00,Direction du vent,Direction du vent,Deg,39.9
2025-06-16 17:00:00,Évapotranspiration journalière,Évapotranspiration journalière,mm/j,0.0
2025-06-16 17:00:00,Évapotranspiration Horaire,Évapotranspiration Horaire,mm/h,0.0
2025-06-16 17:00:00,Pression atmosphérique,Pression atmosphérique,mm/j,920.8
2025-06-16 17:00:00,Rayonnement solaire,Rayonnement solaire,W/m²,398.0
2025-06-16 17:00:00,Point de Rosée,Point de Rosée,°C,5.2
2025-06-16 17:00:00,Humidité relative,Humidité relative,%,17.9
2025-06-16 17:00:00,Température,Température,°C,32.7
2025-06-16 17:00:00,Vitesse du vent,Vitesse du vent,m/s,3.89
2025-06-16 15:00:00,Rayonnement solaire,Rayonnement solaire,W/m²,749.0
2025-06-16 15:00:00,Évapotranspiration journalière,Évapotranspiration journalière,mm/j,0.0
2025-06-16 15:00:00,Évapotranspiration Horaire,Évapotranspiration Horaire,mm/h,0.0
2025-06-16 15:00:00,Pression atmosphérique,Pression atmosphérique,mm/j,921.4
2025-06-16 15:00:00,Point de Rosée,Point de Rosée,°C,4.8
2025-06-16 15:00:00,Humidité relative,Humidité relative,%,16.8
2025-06-16 15:00:00,Température,Température,°C,33.3
2025-06-16 15:00:00,Direction du vent,Direction du vent,Deg,40.4
2025-06-16 15:00:00,Vitesse du vent,Vitesse du vent,m/s,4.63
2025-06-16 13:00:00,Évapotranspiration journalière,Évapotranspiration journalière,mm/j,0.0
2025-06-16 13:00:00,Point de Rosée,Point de Rosée,°C,5.0
2025-06-16 13:00:00,Vitesse du vent,Vitesse du vent,m/s,2.83
2025-06-16 13:00:00,Humidité relative,Humidité relative,%,18.7
2025-06-16 13:00:00,Pression atmosphérique,Pression atmosphérique,mm/j,921.9
2025-06-16 13:00:00,Température,Température,°C,31.7
2025-06-16 13:00:00,Évapotranspiration Horaire,Évapotranspiration Horaire,mm/h,0.0
2025-06-16 13:00:00,Direction du vent,Direction du vent,Deg,42.7
2025-06-16 13:00:00,Rayonnement solaire,Rayonnement solaire,W/m²,934.0
2025-06-16 11:00:00,Vitesse du vent,Vitesse du vent,m/s,5.96
2025-06-16 11:00:00,Évapotranspiration Horaire,Évapotranspiration Horaire,mm/h,0.0
2025-06-16 11:00:00,Pression atmosphérique,Pression atmosphérique,mm/j,922.4
2025-06-16 11:00:00,Rayonnement solaire,Rayonnement solaire,W/m²,908.0
2025-06-16 11:00:00,Point de Rosée,Point de Rosée,°C,3.9
2025-06-16 11:00:00,Humidité relative,Humidité relative,%,18.5
2025-06-16 11:00:00,Température,Température,°C,30.5
2025-06-16 11:00:00,Direction du vent,Direction du vent,Deg,3.9
2025-06-16 11:00:00,Évapotranspiration journalière,Évapotranspiration journalière,mm/j,0.0
2025-06-16 09:00:00,Point de Rosée,Point de Rosée,°C,6.0
2025-06-16 09:00:00,Évapotranspiration journalière,Évapotranspiration journalière,mm/j,0.0
2025-06-16 09:00:00,Évapotranspiration Horaire,Évapotranspiration Horaire,mm/h,0.0
2025-06-16 09:00:00,Pression atmosphérique,Pression atmosphérique,mm/j,922.4
2025-06-16 09:00:00,Rayonnement solaire,Rayonnement solaire,W/m²,646.0
2025-06-16 09:00:00,Humidité relative,Humidité relative,%,23.4
2025-06-16 09:00:00,Température,Température,°C,29.0
2025-06-16 09:00:00,Direction du vent,Direction du vent,Deg,30.3
2025-06-16 09:00:00,Vitesse du vent,Vitesse du vent,m/s,3.52
2025-06-16 07:00:00,Évapotranspiration journalière,Évapotranspiration journalière,mm/j,0.0
2025-06-16 07:00:00,Évapotranspiration Horaire,Évapotranspiration Horaire,mm/h,0.0
2025-06-16 07:00:00,Pression atmosphérique,Pression atmosphérique,mm/j,921.9
2025-06-16 07:00:00,Rayonnement solaire,Rayonnement solaire,W/m²,219.0
2025-06-16 07:00:00,Point de Rosée,Point de Rosée,°C,8.3
2025-06-16 07:00:00,Humidité relative,Humidité relative,%,33.7
2025-06-16 07:00:00,Température,Température,°C,25.5
2025-06-16 07:00:00,Direction du vent,Direction du vent,Deg,191.6
2025-06-16 07:00:00,Vitesse du vent,Vitesse du vent,m/s,1.07
2025-06-16 05:00:00,Évapotranspiration journalière,Évapotranspiration journalière,mm/j,0.0
2025-06-16 05:00:00,Évapotranspiration Horaire,Évapotranspiration Horaire,mm/h,0.0
2025-06-16 05:00:00,Pression atmosphérique,Pression atmosphérique,mm/j,921.6
2025-06-16 05:00:00,Rayonnement solaire,Rayonnement solaire,W/m²,1.0
2025-06-16 05:00:00,Vitesse du vent,Vitesse du vent,m/s,2.44
2025-06-16 05:00:00,Point de Rosée,Point de Rosée,°C,8.7
2025-06-16 05:00:00,Humidité relative,Humidité relative,%,42.5
2025-06-16 05:00:00,Température,Température,°C,22.0
2025-06-16 05:00:00,Direction du vent,Direction du vent,Deg,291.2
2025-06-16 03:00:00,Évapotranspiration Horaire,Évapotranspiration Horaire,mm/h,0.0
2025-06-16 03:00:00,Vitesse du vent,Vitesse du vent,m/s,2.96
2025-06-16 03:00:00,Direction du vent,Direction du vent,Deg,280.2
2025-06-16 03:00:00,Température,Température,°C,22.4
2025-06-16 03:00:00,Humidité relative,Humidité relative,%,42.0
2025-06-16 03:00:00,Point de Rosée,Point de Rosée,°C,8.9
2025-06-16 03:00:00,Rayonnement solaire,Rayonnement solaire,W/m²,0.0
2025-06-16 03:00:00,Pression atmosphérique,Pression atmosphérique,mm/j,921.4
2025-06-16 03:00:00,Évapotranspiration journalière,Évapotranspiration journalière,mm/j,0.0
2025-06-16 01:00:00,Vitesse du vent,Vitesse du vent,m/s,2.6
2025-06-16 01:00:00,Pression atmosphérique,Pression atmosphérique,mm/j,921.9
2025-06-16 01:00:00,Point de Rosée,Point de Rosée,°C,9.8
2025-06-16 01:00:00,Évapotranspiration Horaire,Évapotranspiration Horaire,mm/h,0.0
2025-06-16 01:00:00,Humidité relative,Humidité relative,%,44.6
2025-06-16 01:00:00,Évapotranspiration journalière,Évapotranspiration journalière,mm/j,0.0
2025-06-16 01:00:00,Température,Température,°C,22.4
2025-06-16 01:00:00,Rayonnement solaire,Rayonnement solaire,W/m²,0.0
2025-06-16 01:00:00,Direction du vent,Direction du vent,Deg,281.6
2025-06-15 23:00:00,Rayonnement solaire,Rayonnement solaire,W/m²,0.0
2025-06-15 23:00:00,Évapotranspiration journalière,Évapotranspiration journalière,mm/j,0.0
2025-06-15 23:00:00,Évapotranspiration Horaire,Évapotranspiration Horaire,mm/h,0.0
2025-06-15 23:00:00,Pression atmosphérique,Pression atmosphérique,mm/j,922.1
2025-06-15 23:00:00,Point de Rosée,Point de Rosée,°C,9.4
2025-06-15 23:00:00,Humidité relative,Humidité relative,%,40.3
2025-06-15 23:00:00,Température,Température,°C,23.7
2025-06-15 23:00:00,Direction du vent,Direction du vent,Deg,80.7
2025-06-15 23:00:00,Vitesse du vent,Vitesse du vent,m/s,0.63
2025-06-15 21:00:00,Point de Rosée,Point de Rosée,°C,9.0
2025-06-15 21:00:00,Direction du vent,Direction du vent,Deg,110.0
2025-06-15 21:00:00,Évapotranspiration journalière,Évapotranspiration journalière,mm/j,0.0
2025-06-15 21:00:00,Température,Température,°C,24.9
2025-06-15 21:00:00,Vitesse du vent,Vitesse du vent,m/s,2.0
2025-06-15 21:00:00,Évapotranspiration Horaire,Évapotranspiration Horaire,mm/h,0.0
2025-06-15 21:00:00,Pression atmosphérique,Pression atmosphérique,mm/j,922.0
2025-06-15 21:00:00,Rayonnement solaire,Rayonnement solaire,W/m²,0.0
2025-06-15 21:00:00,Humidité relative,Humidité relative,%,36.6
2025-06-15 19:00:00,Rayonnement solaire,Rayonnement solaire,W/m²,53.0
2025-06-15 19:00:00,Direction du vent,Direction du vent,Deg,117.2
2025-06-15 19:00:00,Température,Température,°C,28.6
2025-06-15 19:00:00,Humidité relative,Humidité relative,%,20.8
2025-06-15 19:00:00,Point de Rosée,Point de Rosée,°C,4.0
2025-06-15 19:00:00,Vitesse du vent,Vitesse du vent,m/s,3.14
2025-06-15 19:00:00,Pression atmosphérique,Pression atmosphérique,mm/j,921.1
2025-06-15 19:00:00,Évapotranspiration Horaire,Évapotranspiration Horaire,mm/h,0.0
2025-06-15 19:00:00,Évapotranspiration journalière,Évapotranspiration journalière,mm/j,0.0
2025-06-15 17:00:00,Évapotranspiration journalière,Évapotranspiration journalière,mm/j,0.0
2025-06-15 17:00:00,Évapotranspiration Horaire,Évapotranspiration Horaire,mm/h,0.0
2025-06-15 17:00:00,Pression atmosphérique,Pression atmosphérique,mm/j,920.8
2025-06-15 17:00:00,Rayonnement solaire,Rayonnement solaire,W/m²,412.0
2025-06-15 17:00:00,Point de Rosée,Point de Rosée,°C,3.3
2025-06-15 17:00:00,Humidité relative,Humidité relative,%,17.2
2025-06-15 17:00:00,Température,Température,°C,31.1
2025-06-15 17:00:00,Direction du vent,Direction du vent,Deg,131.9
2025-06-15 17:00:00,Vitesse du vent,Vitesse du vent,m/s,3.08
2025-06-15 15:00:00,Point de Rosée,Point de Rosée,°C,2.5
2025-06-15 15:00:00,Vitesse du vent,Vitesse du vent,m/s,3.31
2025-06-15 15:00:00,Direction du vent,Direction du vent,Deg,19.2
2025-06-15 15:00:00,Température,Température,°C,30.8
2025-06-15 15:00:00,Humidité relative,Humidité relative,%,16.5
2025-06-15 15:00:00,Rayonnement solaire,Rayonnement solaire,W/m²,775.0
2025-06-15 15:00:00,Pression atmosphérique,Pression atmosphérique,mm/j,921.2
2025-06-15 15:00:00,Évapotranspiration Horaire,Évapotranspiration Horaire,mm/h,0.0
2025-06-15 15:00:00,Évapotranspiration journalière,Évapotranspiration journalière,mm/j,0.0
2025-06-15 13:00:00,Vitesse du vent,Vitesse du vent,m/s,4.24
2025-06-15 13:00:00,Direction du vent,Direction du vent,Deg,19.6
2025-06-15 13:00:00,Température,Température,°C,30.2
2025-06-15 13:00:00,Humidité relative,Humidité relative,%,21.9
2025-06-15 13:00:00,Point de Rosée,Point de Rosée,°C,6.0
2025-06-15 13:00:00,Rayonnement solaire,Rayonnement solaire,W/m²,953.0
2025-06-15 13:00:00,Pression atmosphérique,Pression atmosphérique,mm/j,921.8
2025-06-15 13:00:00,Évapotranspiration Horaire,Évapotranspiration Horaire,mm/h,0.0
2025-06-15 13:00:00,Évapotranspiration journalière,Évapotranspiration journalière,mm/j,0.0
2025-06-15 11:00:00,Évapotranspiration journalière,Évapotranspiration journalière,mm/j,0.0
2025-06-15 11:00:00,Vitesse du vent,Vitesse du vent,m/s,2.09
2025-06-15 11:00:00,Direction du vent,Direction du vent,Deg,41.6
2025-06-15 11:00:00,Température,Température,°C,29.6
2025-06-15 11:00:00,Humidité relative,Humidité relative,%,23.3
2025-06-15 11:00:00,Point de Rosée,Point de Rosée,°C,6.5
2025-06-15 11:00:00,Rayonnement solaire,Rayonnement solaire,W/m²,923.0
2025-06-15 11:00:00,Pression atmosphérique,Pression atmosphérique,mm/j,922.5
2025-06-15 11:00:00,Évapotranspiration Horaire,Évapotranspiration Horaire,mm/h,0.0
2025-06-15 09:00:00,Vitesse du vent,Vitesse du vent,m/s,2.48
2025-06-15 09:00:00,Direction du vent,Direction du vent,Deg,145.7
2025-06-15 09:00:00,Température,Température,°C,27.7
2025-06-15 09:00:00,Humidité relative,Humidité relative,%,29.5
2025-06-15 09:00:00,Point de Rosée,Point de Rosée,°C,8.3
2025-06-15 09:00:00,Rayonnement solaire,Rayonnement solaire,W/m²,656.0
2025-06-15 09:00:00,Pression atmosphérique,Pression atmosphérique,mm/j,922.6
2025-06-15 09:00:00,Évapotranspiration Horaire,Évapotranspiration Horaire,mm/h,0.0
2025-06-15 09:00:00,Évapotranspiration journalière,Évapotranspiration journalière,mm/j,0.0
2025-06-15 07:00:00,Pression atmosphérique,Pression atmosphérique,mm/j,922.3
2025-06-15 07:00:00,Direction du vent,Direction du vent,Deg,153.8
2025-06-15 07:00:00,Température,Température,°C,25.3
2025-06-15 07:00:00,Humidité relative,Humidité relative,%,33.9
2025-06-15 07:00:00,Point de Rosée,Point de Rosée,°C,8.3
2025-06-15 07:00:00,Rayonnement solaire,Rayonnement solaire,W/m²,229.0
2025-06-15 07:00:00,Vitesse du vent,Vitesse du vent,m/s,0.69
2025-06-15 07:00:00,Évapotranspiration Horaire,Évapotranspiration Horaire,mm/h,0.0
2025-06-15 07:00:00,Évapotranspiration journalière,Évapotranspiration journalière,mm/j,0.0
2025-06-15 05:00:00,Vitesse du vent,Vitesse du vent,m/s,1.56
2025-06-15 05:00:00,Direction du vent,Direction du vent,Deg,254.8
2025-06-15 05:00:00,Température,Température,°C,21.9
2025-06-15 05:00:00,Humidité relative,Humidité relative,%,43.0
2025-06-15 05:00:00,Point de Rosée,Point de Rosée,°C,8.8
2025-06-15 05:00:00,Rayonnement solaire,Rayonnement solaire,W/m²,1.0
2025-06-15 05:00:00,Pression atmosphérique,Pression atmosphérique,mm/j,922.0
2025-06-15 05:00:00,Évapotranspiration Horaire,Évapotranspiration Horaire,mm/h,0.0
2025-06-15 05:00:00,Évapotranspiration journalière,Évapotranspiration journalière,mm/j,0.0
2025-06-14 09:00:00,Évapotranspiration journalière,Évapotranspiration journalière,mm/j,0.0
2025-06-14 09:00:00,Pression atmosphérique,Pression atmosphérique,mm/j,922.4
2025-06-14 09:00:00,Rayonnement solaire,Rayonnement solaire,W/m²,667.0
2025-06-14 09:00:00,Point de Rosée,Point de Rosée,°C,5.6
2025-06-14 09:00:00,Humidité relative,Humidité relative,%,25.7
2025-06-14 09:00:00,Température,Température,°C,26.9
2025-06-14 09:00:00,Direction du vent,Direction du vent,Deg,159.5
2025-06-14 09:00:00,Vitesse du vent,Vitesse du vent,m/s,2.13
2025-06-14 09:00:00,Évapotranspiration Horaire,Évapotranspiration Horaire,mm/h,0.0
2025-06-14 08:00:00,Température,Température,°C,25.0
2025-06-14 08:00:00,Vitesse du vent,Vitesse du vent,m/s,1.84
2025-06-14 08:00:00,Direction du vent,Direction du vent,Deg,177.8
2025-06-14 08:00:00,Humidité relative,Humidité relative,%,28.8
2025-06-14 08:00:00,Point de Rosée,Point de Rosée,°C,5.6
2025-06-14 08:00:00,Rayonnement solaire,Rayonnement solaire,W/m²,454.0
2025-06-14 08:00:00,Pression atmosphérique,Pression atmosphérique,mm/j,922.5
2025-06-14 08:00:00,Évapotranspiration Horaire,Évapotranspiration Horaire,mm/h,0.0
2025-06-14 08:00:00,Évapotranspiration journalière,Évapotranspiration journalière,mm/j,0.0
2025-06-14 07:00:00,Évapotranspiration Horaire,Évapotranspiration Horaire,mm/h,0.0
2025-06-14 07:00:00,Humidité relative,Humidité relative,%,31.3
2025-06-14 07:00:00,Évapotranspiration journalière,Évapotranspiration journalière,mm/j,0.0
2025-06-14 07:00:00,Température,Température,°C,23.2
2025-06-14 07:00:00,Direction du vent,Direction du vent,Deg,232.9
2025-06-14 07:00:00,Vitesse du vent,Vitesse du vent,m/s,3.03
2025-06-14 07:00:00,Pression atmosphérique,Pression atmosphérique,mm/j,922.3
2025-06-14 07:00:00,Rayonnement solaire,Rayonnement solaire,W/m²,235.0
2025-06-14 07:00:00,Point de Rosée,Point de Rosée,°C,5.3
2025-06-14 06:00:00,Pression atmosphérique,Pression atmosphérique,mm/j,922.1
2025-06-14 06:00:00,Évapotranspiration journalière,Évapotranspiration journalière,mm/j,0.0
2025-06-14 06:00:00,Humidité relative,Humidité relative,%,36.7
2025-06-14 06:00:00,Point de Rosée,Point de Rosée,°C,6.0
2025-06-14 06:00:00,Température,Température,°C,21.4
2025-06-14 06:00:00,Évapotranspiration Horaire,Évapotranspiration Horaire,mm/h,0.0
2025-06-14 06:00:00,Direction du vent,Direction du vent,Deg,244.4
2025-06-14 06:00:00,Rayonnement solaire,Rayonnement solaire,W/m²,100.0
2025-06-14 06:00:00,Vitesse du vent,Vitesse du vent,m/s,2.53
2025-06-14 05:00:00,Rayonnement solaire,Rayonnement solaire,W/m²,1.0
2025-06-14 05:00:00,Vitesse du vent,Vitesse du vent,m/s,2.44
2025-06-14 05:00:00,Évapotranspiration journalière,Évapotranspiration journalière,mm/j,0.0
2025-06-14 05:00:00,Évapotranspiration Horaire,Évapotranspiration Horaire,mm/h,0.0
2025-06-14 05:00:00,Pression atmosphérique,Pression atmosphérique,mm/j,921.6
2025-06-14 05:00:00,Point de Rosée,Point de Rosée,°C,7.2
2025-06-14 05:00:00,Humidité relative,Humidité relative,%,42.0
2025-06-14 05:00:00,Température,Température,°C,20.6
2025-06-14 05:00:00,Direction du vent,Direction du vent,Deg,257.4
2025-06-14 04:00:00,Évapotranspiration Horaire,Évapotranspiration Horaire,mm/h,0.0
2025-06-14 04:00:00,Humidité relative,Humidité relative,%,49.4
2025-06-14 04:00:00,Rayonnement solaire,Rayonnement solaire,W/m²,0.0
2025-06-14 04:00:00,Température,Température,°C,20.1
2025-06-14 04:00:00,Point de Rosée,Point de Rosée,°C,9.1
2025-06-14 04:00:00,Direction du vent,Direction du vent,Deg,249.2
2025-06-14 04:00:00,Pression atmosphérique,Pression atmosphérique,mm/j,921.4
2025-06-14 04:00:00,Vitesse du vent,Vitesse du vent,m/s,3.87
2025-06-14 04:00:00,Évapotranspiration journalière,Évapotranspiration journalière,mm/j,0.0
2025-06-14 03:00:00,Vitesse du vent,Vitesse du vent,m/s,2.9
2025-06-14 03:00:00,Évapotranspiration journalière,Évapotranspiration journalière,mm/j,0.0
2025-06-14 03:00:00,Évapotranspiration Horaire,Évapotranspiration Horaire,mm/h,0.0
2025-06-14 03:00:00,Pression atmosphérique,Pression atmosphérique,mm/j,921.4
2025-06-14 03:00:00,Rayonnement solaire,Rayonnement solaire,W/m²,0.0
2025-06-14 03:00:00,Point de Rosée,Point de Rosée,°C,8.3
2025-06-14 03:00:00,Humidité relative,Humidité relative,%,46.4
2025-06-14 03:00:00,Température,Température,°C,20.2
2025-06-14 03:00:00,Direction du vent,Direction du vent,Deg,251.3
2025-06-14 02:00:00,Point de Rosée,Point de Rosée,°C,9.2
2025-06-14 02:00:00,Évapotranspiration journalière,Évapotranspiration journalière,mm/j,0.0
2025-06-14 02:00:00,Évapotranspiration Horaire,Évapotranspiration Horaire,mm/h,0.0
2025-06-14 02:00:00,Pression atmosphérique,Pression atmosphérique,mm/j,921.6
2025-06-14 02:00:00,Rayonnement solaire,Rayonnement solaire,W/m²,0.0
2025-06-14 02:00:00,Humidité relative,Humidité relative,%,48.4
2025-06-14 02:00:00,Température,Température,°C,20.5
2025-06-14 02:00:00,Direction du vent,Direction du vent,Deg,226.7
2025-06-14 02:00:00,Vitesse du vent,Vitesse du vent,m/s,3.03
2025-06-14 01:00:00,Point de Rosée,Point de Rosée,°C,8.8
2025-06-14 01:00:00,Humidité relative,Humidité relative,%,44.7
2025-06-14 01:00:00,Température,Température,°C,21.3
2025-06-14 01:00:00,Direction du vent,Direction du vent,Deg,220.3
2025-06-14 01:00:00,Vitesse du vent,Vitesse du vent,m/s,4.32
2025-06-14 01:00:00,Évapotranspiration Horaire,Évapotranspiration Horaire,mm/h,0.0
2025-06-14 01:00:00,Pression atmosphérique,Pression atmosphérique,mm/j,921.6
2025-06-14 01:00:00,Rayonnement solaire,Rayonnement solaire,W/m²,0.0
2025-06-14 01:00:00,Évapotranspiration journalière,Évapotranspiration journalière,mm/j,0.0
2025-06-14 00:00:00,Évapotranspiration journalière,Évapotranspiration journalière,mm/j,0.0
2025-06-14 00:00:00,Point de Rosée,Point de Rosée,°C,10.3
2025-06-14 00:00:00,Vitesse du vent,Vitesse du vent,m/s,4.13
2025-06-14 00:00:00,Rayonnement solaire,Rayonnement solaire,W/m²,0.0
2025-06-14 00:00:00,Direction du vent,Direction du vent,Deg,226.9
2025-06-14 00:00:00,Pression atmosphérique,Pression atmosphérique,mm/j,922.0
2025-06-14 00:00:00,Humidité relative,Humidité relative,%,49.9
2025-06-14 00:00:00,Évapotranspiration Horaire,Évapotranspiration Horaire,mm/h,0.0
2025-06-14 00:00:00,Température,Température,°C,21.2
2025-06-13 23:00:00,Direction du vent,Direction du vent,Deg,235.8
2025-06-13 23:00:00,Vitesse du vent,Vitesse du vent,m/s,1.69
2025-06-13 23:00:00,Température,Température,°C,21.8
2025-06-13 23:00:00,Humidité relative,Humidité relative,%,47.4
2025-06-13 23:00:00,Point de Rosée,Point de Rosée,°C,10.1
2025-06-13 23:00:00,Rayonnement solaire,Rayonnement solaire,W/m²,0.0
2025-06-13 23:00:00,Pression atmosphérique,Pression atmosphérique,mm/j,922.4
2025-06-13 23:00:00,Évapotranspiration Horaire,Évapotranspiration Horaire,mm/h,0.0
2025-06-13 23:00:00,Évapotranspiration journalière,Évapotranspiration journalière,mm/j,0.0
2025-06-13 21:00:00,Vitesse du vent,Vitesse du vent,m/s,1.38
2025-06-13 21:00:00,Évapotranspiration journalière,Évapotranspiration journalière,mm/j,0.0
2025-06-13 21:00:00,Évapotranspiration Horaire,Évapotranspiration Horaire,mm/h,0.0
2025-06-13 21:00:00,Pression atmosphérique,Pression atmosphérique,mm/j,921.9
2025-06-13 21:00:00,Rayonnement solaire,Rayonnement solaire,W/m²,0.0
2025-06-13 21:00:00,Point de Rosée,Point de Rosée,°C,9.8
2025-06-13 21:00:00,Humidité relative,Humidité relative,%,42.2
2025-06-13 21:00:00,Température,Température,°C,23.4
2025-06-13 21:00:00,Direction du vent,Direction du vent,Deg,172.1
2025-06-13 19:00:00,Direction du vent,Direction du vent,Deg,75.5
2025-06-13 19:00:00,Évapotranspiration journalière,Évapotranspiration journalière,mm/j,0.0
2025-06-13 19:00:00,Évapotranspiration Horaire,Évapotranspiration Horaire,mm/h,0.0
2025-06-13 19:00:00,Pression atmosphérique,Pression atmosphérique,mm/j,921.2
2025-06-13 19:00:00,Rayonnement solaire,Rayonnement solaire,W/m²,52.0
2025-06-13 19:00:00,Point de Rosée,Point de Rosée,°C,11.0
2025-06-13 19:00:00,Humidité relative,Humidité relative,%,39.7
2025-06-13 19:00:00,Température,Température,°C,25.7
2025-06-13 19:00:00,Vitesse du vent,Vitesse du vent,m/s,4.92
2025-06-13 17:00:00,Direction du vent,Direction du vent,Deg,93.3
2025-06-13 17:00:00,Évapotranspiration journalière,Évapotranspiration journalière,mm/j,0.0
2025-06-13 17:00:00,Évapotranspiration Horaire,Évapotranspiration Horaire,mm/h,0.0
2025-06-13 17:00:00,Pression atmosphérique,Pression atmosphérique,mm/j,920.8
2025-06-13 17:00:00,Rayonnement solaire,Rayonnement solaire,W/m²,408.0
2025-06-13 17:00:00,Point de Rosée,Point de Rosée,°C,6.1
2025-06-13 17:00:00,Humidité relative,Humidité relative,%,23.4
2025-06-13 17:00:00,Température,Température,°C,29.1
2025-06-13 17:00:00,Vitesse du vent,Vitesse du vent,m/s,4.3
2025-06-13 15:00:00,Direction du vent,Direction du vent,Deg,134.8
2025-06-13 15:00:00,Évapotranspiration journalière,Évapotranspiration journalière,mm/j,0.0
2025-06-13 15:00:00,Évapotranspiration Horaire,Évapotranspiration Horaire,mm/h,0.0
2025-06-13 15:00:00,Pression atmosphérique,Pression atmosphérique,mm/j,921.0
2025-06-13 15:00:00,Rayonnement solaire,Rayonnement solaire,W/m²,778.0
2025-06-13 15:00:00,Point de Rosée,Point de Rosée,°C,6.2
2025-06-13 15:00:00,Humidité relative,Humidité relative,%,22.7
2025-06-13 15:00:00,Température,Température,°C,29.7
2025-06-13 15:00:00,Vitesse du vent,Vitesse du vent,m/s,2.94
2025-06-13 13:00:00,Vitesse du vent,Vitesse du vent,m/s,1.98
2025-06-13 13:00:00,Évapotranspiration journalière,Évapotranspiration journalière,mm/j,0.0
2025-06-13 13:00:00,Évapotranspiration Horaire,Évapotranspiration Horaire,mm/h,0.0
2025-06-13 13:00:00,Pression atmosphérique,Pression atmosphérique,mm/j,921.3
2025-06-13 13:00:00,Rayonnement solaire,Rayonnement solaire,W/m²,956.0
2025-06-13 13:00:00,Point de Rosée,Point de Rosée,°C,5.7
2025-06-13 13:00:00,Humidité relative,Humidité relative,%,23.8
2025-06-13 13:00:00,Température,Température,°C,28.3
2025-06-13 13:00:00,Direction du vent,Direction du vent,Deg,112.9
2025-06-13 12:00:00,Évapotranspiration journalière,Évapotranspiration journalière,mm/j,0.0
2025-06-13 12:00:00,Point de Rosée,Point de Rosée,°C,5.5
2025-06-13 12:00:00,Évapotranspiration Horaire,Évapotranspiration Horaire,mm/h,0.0
2025-06-13 12:00:00,Pression atmosphérique,Pression atmosphérique,mm/j,921.5
2025-06-13 12:00:00,Rayonnement solaire,Rayonnement solaire,W/m²,981.0
2025-06-13 12:00:00,Humidité relative,Humidité relative,%,23.8
2025-06-13 12:00:00,Température,Température,°C,28.1
2025-06-13 12:00:00,Direction du vent,Direction du vent,Deg,114.3
2025-06-13 12:00:00,Vitesse du vent,Vitesse du vent,m/s,4.09
2025-06-13 11:00:00,Point de Rosée,Point de Rosée,°C,5.9
2025-06-13 11:00:00,Température,Température,°C,27.7
2025-06-13 11:00:00,Évapotranspiration journalière,Évapotranspiration journalière,mm/j,0.0
2025-06-13 11:00:00,Humidité relative,Humidité relative,%,24.9
2025-06-13 11:00:00,Évapotranspiration Horaire,Évapotranspiration Horaire,mm/h,0.0
2025-06-13 11:00:00,Vitesse du vent,Vitesse du vent,m/s,3.97
2025-06-13 11:00:00,Pression atmosphérique,Pression atmosphérique,mm/j,921.6
2025-06-13 11:00:00,Direction du vent,Direction du vent,Deg,114.2
2025-06-13 11:00:00,Rayonnement solaire,Rayonnement solaire,W/m²,950.0
2025-06-13 10:00:00,Pression atmosphérique,Pression atmosphérique,mm/j,921.4
2025-06-13 10:00:00,Évapotranspiration journalière,Évapotranspiration journalière,mm/j,0.0
2025-06-13 10:00:00,Évapotranspiration Horaire,Évapotranspiration Horaire,mm/h,0.0
2025-06-13 10:00:00,Rayonnement solaire,Rayonnement solaire,W/m²,845.0
2025-06-13 10:00:00,Point de Rosée,Point de Rosée,°C,6.8
2025-06-13 10:00:00,Humidité relative,Humidité relative,%,28.1
2025-06-13 10:00:00,Température,Température,°C,26.8
2025-06-13 10:00:00,Direction du vent,Direction du vent,Deg,115.7
2025-06-13 10:00:00,Vitesse du vent,Vitesse du vent,m/s,2.23
2025-06-13 09:00:00,Humidité relative,Humidité relative,%,29.3
2025-06-13 09:00:00,Direction du vent,Direction du vent,Deg,202.2
2025-06-13 09:00:00,Température,Température,°C,25.3
2025-06-13 09:00:00,Évapotranspiration Horaire,Évapotranspiration Horaire,mm/h,0.0
2025-06-13 09:00:00,Évapotranspiration journalière,Évapotranspiration journalière,mm/j,0.0
2025-06-13 09:00:00,Pression atmosphérique,Pression atmosphérique,mm/j,921.2
2025-06-13 09:00:00,Vitesse du vent,Vitesse du vent,m/s,5.2
2025-06-13 09:00:00,Rayonnement solaire,Rayonnement solaire,W/m²,681.0
2025-06-13 09:00:00,Point de Rosée,Point de Rosée,°C,6.1
2025-06-13 07:00:00,Point de Rosée,Point de Rosée,°C,7.4
2025-06-13 07:00:00,Humidité relative,Humidité relative,%,40.4
2025-06-13 07:00:00,Température,Température,°C,21.4
2025-06-13 07:00:00,Direction du vent,Direction du vent,Deg,215.5
2025-06-13 07:00:00,Vitesse du vent,Vitesse du vent,m/s,4.44
2025-06-13 07:00:00,Évapotranspiration journalière,Évapotranspiration journalière,mm/j,0.0
2025-06-13 07:00:00,Évapotranspiration Horaire,Évapotranspiration Horaire,mm/h,0.0
2025-06-13 07:00:00,Pression atmosphérique,Pression atmosphérique,mm/j,920.4
2025-06-13 07:00:00,Rayonnement solaire,Rayonnement solaire,W/m²,242.0
2025-06-13 06:00:00,Évapotranspiration journalière,Évapotranspiration journalière,mm/j,0.0
2025-06-13 06:00:00,Évapotranspiration Horaire,Évapotranspiration Horaire,mm/h,0.0
2025-06-13 06:00:00,Pression atmosphérique,Pression atmosphérique,mm/j,920.0
2025-06-13 06:00:00,Rayonnement solaire,Rayonnement solaire,W/m²,89.0
2025-06-13 06:00:00,Point de Rosée,Point de Rosée,°C,9.2
2025-06-13 06:00:00,Humidité relative,Humidité relative,%,51.1
2025-06-13 06:00:00,Température,Température,°C,19.6
2025-06-13 06:00:00,Direction du vent,Direction du vent,Deg,203.5
2025-06-13 06:00:00,Vitesse du vent,Vitesse du vent,m/s,2.65
2025-06-13 05:00:00,Rayonnement solaire,Rayonnement solaire,W/m²,0.0
2025-06-13 05:00:00,Point de Rosée,Point de Rosée,°C,10.8
2025-06-13 05:00:00,Humidité relative,Humidité relative,%,59.7
2025-06-13 05:00:00,Pression atmosphérique,Pression atmosphérique,mm/j,919.6
2025-06-13 05:00:00,Température,Température,°C,18.8
2025-06-13 05:00:00,Évapotranspiration Horaire,Évapotranspiration Horaire,mm/h,0.0
2025-06-13 05:00:00,Direction du vent,Direction du vent,Deg,222.1
2025-06-13 05:00:00,Évapotranspiration journalière,Évapotranspiration journalière,mm/j,0.0
2025-06-13 05:00:00,Vitesse du vent,Vitesse du vent,m/s,3.21
2025-06-13 03:00:00,Évapotranspiration journalière,Évapotranspiration journalière,mm/j,0.0
2025-06-13 03:00:00,Évapotranspiration Horaire,Évapotranspiration Horaire,mm/h,0.0
2025-06-13 03:00:00,Pression atmosphérique,Pression atmosphérique,mm/j,919.2
2025-06-13 03:00:00,Rayonnement solaire,Rayonnement solaire,W/m²,0.0
2025-06-13 03:00:00,Point de Rosée,Point de Rosée,°C,11.4
2025-06-13 03:00:00,Humidité relative,Humidité relative,%,61.6
2025-06-13 03:00:00,Température,Température,°C,19.0
2025-06-13 03:00:00,Direction du vent,Direction du vent,Deg,222.5
2025-06-13 03:00:00,Vitesse du vent,Vitesse du vent,m/s,3.56
2025-06-13 02:00:00,Vitesse du vent,Vitesse du vent,m/s,4.0
2025-06-13 02:00:00,Évapotranspiration journalière,Évapotranspiration journalière,mm/j,0.0
2025-06-13 02:00:00,Évapotranspiration Horaire,Évapotranspiration Horaire,mm/h,0.0
2025-06-13 02:00:00,Pression atmosphérique,Pression atmosphérique,mm/j,919.5
2025-06-13 02:00:00,Rayonnement solaire,Rayonnement solaire,W/m²,0.0
2025-06-13 02:00:00,Point de Rosée,Point de Rosée,°C,11.5
2025-06-13 02:00:00,Humidité relative,Humidité relative,%,61.6
2025-06-13 02:00:00,Température,Température,°C,19.1
2025-06-13 02:00:00,Direction du vent,Direction du vent,Deg,249.8
2025-06-13 01:00:00,Température,Température,°C,19.5
2025-06-13 01:00:00,Humidité relative,Humidité relative,%,60.5
2025-06-13 01:00:00,Direction du vent,Direction du vent,Deg,249.1
2025-06-13 01:00:00,Évapotranspiration Horaire,Évapotranspiration Horaire,mm/h,0.0
2025-06-13 01:00:00,Évapotranspiration journalière,Évapotranspiration journalière,mm/j,0.0
2025-06-13 01:00:00,Pression atmosphérique,Pression atmosphérique,mm/j,919.7
2025-06-13 01:00:00,Vitesse du vent,Vitesse du vent,m/s,2.92
2025-06-13 01:00:00,Rayonnement solaire,Rayonnement solaire,W/m²,0.0
2025-06-13 01:00:00,Point de Rosée,Point de Rosée,°C,11.7
2025-06-13 00:00:00,Rayonnement solaire,Rayonnement solaire,W/m²,0.0
2025-06-13 00:00:00,Température,Température,°C,20.0
2025-06-13 00:00:00,Point de Rosée,Point de Rosée,°C,12.2
2025-06-13 00:00:00,Humidité relative,Humidité relative,%,61.1
2025-06-13 00:00:00,Évapotranspiration journalière,Évapotranspiration journalière,mm/j,0.0
2025-06-13 00:00:00,Évapotranspiration Horaire,Évapotranspiration Horaire,mm/h,0.0
2025-06-13 00:00:00,Vitesse du vent,Vitesse du vent,m/s,5.42
2025-06-13 00:00:00,Pression atmosphérique,Pression atmosphérique,mm/j,920.1
2025-06-13 00:00:00,Direction du vent,Direction du vent,Deg,229.5
2025-06-12 23:00:00,Vitesse du vent,Vitesse du vent,m/s,1.72
2025-06-12 23:00:00,Direction du vent,Direction du vent,Deg,248.0
2025-06-12 23:00:00,Température,Température,°C,20.9
2025-06-12 23:00:00,Humidité relative,Humidité relative,%,58.7
2025-06-12 23:00:00,Point de Rosée,Point de Rosée,°C,12.5
2025-06-12 23:00:00,Rayonnement solaire,Rayonnement solaire,W/m²,0.0
2025-06-12 23:00:00,Pression atmosphérique,Pression atmosphérique,mm/j,920.2
2025-06-12 23:00:00,Évapotranspiration Horaire,Évapotranspiration Horaire,mm/h,0.0
2025-06-12 23:00:00,Évapotranspiration journalière,Évapotranspiration journalière,mm/j,0.0
2025-06-12 21:00:00,Vitesse du vent,Vitesse du vent,m/s,4.4
2025-06-12 21:00:00,Évapotranspiration journalière,Évapotranspiration journalière,mm/j,0.0
2025-06-12 21:00:00,Évapotranspiration Horaire,Évapotranspiration Horaire,mm/h,0.0
2025-06-12 21:00:00,Pression atmosphérique,Pression atmosphérique,mm/j,919.8
2025-06-12 21:00:00,Rayonnement solaire,Rayonnement solaire,W/m²,0.0
2025-06-12 21:00:00,Point de Rosée,Point de Rosée,°C,12.0
2025-06-12 21:00:00,Humidité relative,Humidité relative,%,51.2
2025-06-12 21:00:00,Température,Température,°C,22.6
2025-06-12 21:00:00,Direction du vent,Direction du vent,Deg,168.4
2025-06-12 19:00:00,Direction du vent,Direction du vent,Deg,144.8
2025-06-12 19:00:00,Évapotranspiration journalière,Évapotranspiration journalière,mm/j,0.0
2025-06-12 19:00:00,Évapotranspiration Horaire,Évapotranspiration Horaire,mm/h,0.0
2025-06-12 19:00:00,Pression atmosphérique,Pression atmosphérique,mm/j,918.6
2025-06-12 19:00:00,Rayonnement solaire,Rayonnement solaire,W/m²,48.0
2025-06-12 19:00:00,Point de Rosée,Point de Rosée,°C,11.1
2025-06-12 19:00:00,Humidité relative,Humidité relative,%,40.7
2025-06-12 19:00:00,Température,Température,°C,25.5
2025-06-12 19:00:00,Vitesse du vent,Vitesse du vent,m/s,1.41
2025-06-12 17:00:00,Direction du vent,Direction du vent,Deg,91.6
2025-06-12 17:00:00,Évapotranspiration journalière,Évapotranspiration journalière,mm/j,0.0
2025-06-12 17:00:00,Évapotranspiration Horaire,Évapotranspiration Horaire,mm/h,0.0
2025-06-12 17:00:00,Pression atmosphérique,Pression atmosphérique,mm/j,917.9
2025-06-12 17:00:00,Rayonnement solaire,Rayonnement solaire,W/m²,399.0
2025-06-12 17:00:00,Point de Rosée,Point de Rosée,°C,8.2
2025-06-12 17:00:00,Humidité relative,Humidité relative,%,26.9
2025-06-12 17:00:00,Température,Température,°C,29.2
2025-06-12 17:00:00,Vitesse du vent,Vitesse du vent,m/s,4.61
2025-06-12 15:00:00,Rayonnement solaire,Rayonnement solaire,W/m²,777.0
2025-06-12 15:00:00,Évapotranspiration journalière,Évapotranspiration journalière,mm/j,0.0
2025-06-12 15:00:00,Évapotranspiration Horaire,Évapotranspiration Horaire,mm/h,0.0
2025-06-12 15:00:00,Pression atmosphérique,Pression atmosphérique,mm/j,917.9
2025-06-12 15:00:00,Point de Rosée,Point de Rosée,°C,1.6
2025-06-12 15:00:00,Humidité relative,Humidité relative,%,15.6
2025-06-12 15:00:00,Température,Température,°C,30.6
2025-06-12 15:00:00,Direction du vent,Direction du vent,Deg,49.6
2025-06-12 15:00:00,Vitesse du vent,Vitesse du vent,m/s,0.82
2025-06-12 13:00:00,Vitesse du vent,Vitesse du vent,m/s,3.26
2025-06-12 13:00:00,Évapotranspiration journalière,Évapotranspiration journalière,mm/j,0.0
2025-06-12 13:00:00,Évapotranspiration Horaire,Évapotranspiration Horaire,mm/h,0.0
2025-06-12 13:00:00,Pression atmosphérique,Pression atmosphérique,mm/j,918.3
2025-06-12 13:00:00,Rayonnement solaire,Rayonnement solaire,W/m²,983.0
2025-06-12 13:00:00,Point de Rosée,Point de Rosée,°C,4.0
2025-06-12 13:00:00,Humidité relative,Humidité relative,%,20.6
2025-06-12 13:00:00,Température,Température,°C,28.7
2025-06-12 13:00:00,Direction du vent,Direction du vent,Deg,345.9
2025-06-12 11:00:00,Direction du vent,Direction du vent,Deg,11.4
2025-06-12 11:00:00,Évapotranspiration journalière,Évapotranspiration journalière,mm/j,0.0
2025-06-12 11:00:00,Évapotranspiration Horaire,Évapotranspiration Horaire,mm/h,0.0
2025-06-12 11:00:00,Pression atmosphérique,Pression atmosphérique,mm/j,918.9
2025-06-12 11:00:00,Rayonnement solaire,Rayonnement solaire,W/m²,957.0
2025-06-12 11:00:00,Point de Rosée,Point de Rosée,°C,3.5
2025-06-12 11:00:00,Humidité relative,Humidité relative,%,23.2
2025-06-12 11:00:00,Température,Température,°C,26.1
2025-06-12 11:00:00,Vitesse du vent,Vitesse du vent,m/s,2.5
2025-06-12 09:00:00,Température,Température,°C,23.2
2025-06-12 09:00:00,Évapotranspiration journalière,Évapotranspiration journalière,mm/j,0.0
2025-06-12 09:00:00,Évapotranspiration Horaire,Évapotranspiration Horaire,mm/h,0.0
2025-06-12 09:00:00,Pression atmosphérique,Pression atmosphérique,mm/j,918.5
2025-06-12 09:00:00,Vitesse du vent,Vitesse du vent,m/s,3.51
2025-06-12 09:00:00,Rayonnement solaire,Rayonnement solaire,W/m²,678.0
2025-06-12 09:00:00,Point de Rosée,Point de Rosée,°C,13.1
2025-06-12 09:00:00,Humidité relative,Humidité relative,%,53.0
2025-06-12 09:00:00,Direction du vent,Direction du vent,Deg,33.2
2025-06-12 07:00:00,Rayonnement solaire,Rayonnement solaire,W/m²,237.0
2025-06-12 07:00:00,Évapotranspiration journalière,Évapotranspiration journalière,mm/j,0.0
2025-06-12 07:00:00,Évapotranspiration Horaire,Évapotranspiration Horaire,mm/h,0.0
2025-06-12 07:00:00,Pression atmosphérique,Pression atmosphérique,mm/j,917.8
2025-06-12 07:00:00,Point de Rosée,Point de Rosée,°C,13.3
2025-06-12 07:00:00,Humidité relative,Humidité relative,%,57.3
2025-06-12 07:00:00,Température,Température,°C,22.2
2025-06-12 07:00:00,Direction du vent,Direction du vent,Deg,43.0
2025-06-12 07:00:00,Vitesse du vent,Vitesse du vent,m/s,1.69
2025-06-12 05:00:00,Vitesse du vent,Vitesse du vent,m/s,2.74
2025-06-12 05:00:00,Évapotranspiration Horaire,Évapotranspiration Horaire,mm/h,0.0
2025-06-12 05:00:00,Pression atmosphérique,Pression atmosphérique,mm/j,917.3
2025-06-12 05:00:00,Rayonnement solaire,Rayonnement solaire,W/m²,1.0
2025-06-12 05:00:00,Évapotranspiration journalière,Évapotranspiration journalière,mm/j,0.0
2025-06-12 05:00:00,Point de Rosée,Point de Rosée,°C,13.9
2025-06-12 05:00:00,Humidité relative,Humidité relative,%,75.9
2025-06-12 05:00:00,Température,Température,°C,18.2
2025-06-12 05:00:00,Direction du vent,Direction du vent,Deg,273.6
2025-06-12 03:00:00,Rayonnement solaire,Rayonnement solaire,W/m²,0.0
2025-06-12 03:00:00,Évapotranspiration journalière,Évapotranspiration journalière,mm/j,0.0
2025-06-12 03:00:00,Évapotranspiration Horaire,Évapotranspiration Horaire,mm/h,0.0
2025-06-12 03:00:00,Pression atmosphérique,Pression atmosphérique,mm/j,917.8
2025-06-12 03:00:00,Point de Rosée,Point de Rosée,°C,13.7
2025-06-12 03:00:00,Humidité relative,Humidité relative,%,76.5
2025-06-12 03:00:00,Température,Température,°C,17.9
2025-06-12 03:00:00,Direction du vent,Direction du vent,Deg,247.7
2025-06-12 03:00:00,Vitesse du vent,Vitesse du vent,m/s,2.39
2025-06-12 01:00:00,Direction du vent,Direction du vent,Deg,260.7
2025-06-12 01:00:00,Évapotranspiration journalière,Évapotranspiration journalière,mm/j,0.0
2025-06-12 01:00:00,Évapotranspiration Horaire,Évapotranspiration Horaire,mm/h,0.0
2025-06-12 01:00:00,Pression atmosphérique,Pression atmosphérique,mm/j,918.6
2025-06-12 01:00:00,Vitesse du vent,Vitesse du vent,m/s,1.99
2025-06-12 01:00:00,Rayonnement solaire,Rayonnement solaire,W/m²,0.0
2025-06-12 01:00:00,Point de Rosée,Point de Rosée,°C,12.1
2025-06-12 01:00:00,Humidité relative,Humidité relative,%,65.8
2025-06-12 01:00:00,Température,Température,°C,18.7
2025-06-11 23:00:00,Point de Rosée,Point de Rosée,°C,12.0
2025-06-11 23:00:00,Évapotranspiration journalière,Évapotranspiration journalière,mm/j,0.0
2025-06-11 23:00:00,Évapotranspiration Horaire,Évapotranspiration Horaire,mm/h,0.0
2025-06-11 23:00:00,Pression atmosphérique,Pression atmosphérique,mm/j,919.2
2025-06-11 23:00:00,Rayonnement solaire,Rayonnement solaire,W/m²,0.0
2025-06-11 23:00:00,Humidité relative,Humidité relative,%,62.2
2025-06-11 23:00:00,Température,Température,°C,19.5
2025-06-11 23:00:00,Direction du vent,Direction du vent,Deg,23.2
2025-06-11 23:00:00,Vitesse du vent,Vitesse du vent,m/s,2.96
2025-06-11 21:00:00,Évapotranspiration journalière,Évapotranspiration journalière,mm/j,0.0
2025-06-11 21:00:00,Évapotranspiration Horaire,Évapotranspiration Horaire,mm/h,0.0
2025-06-11 21:00:00,Pression atmosphérique,Pression atmosphérique,mm/j,918.7
2025-06-11 21:00:00,Rayonnement solaire,Rayonnement solaire,W/m²,0.0
2025-06-11 21:00:00,Point de Rosée,Point de Rosée,°C,14.3
2025-06-11 21:00:00,Humidité relative,Humidité relative,%,66.9
2025-06-11 21:00:00,Température,Température,°C,20.7
2025-06-11 21:00:00,Direction du vent,Direction du vent,Deg,37.4
2025-06-11 21:00:00,Vitesse du vent,Vitesse du vent,m/s,3.0
2025-06-11 19:00:00,Évapotranspiration journalière,Évapotranspiration journalière,mm/j,0.0
2025-06-11 19:00:00,Évapotranspiration Horaire,Évapotranspiration Horaire,mm/h,0.0
2025-06-11 19:00:00,Pression atmosphérique,Pression atmosphérique,mm/j,917.5
2025-06-11 19:00:00,Rayonnement solaire,Rayonnement solaire,W/m²,46.0
2025-06-11 19:00:00,Point de Rosée,Point de Rosée,°C,13.3
2025-06-11 19:00:00,Humidité relative,Humidité relative,%,50.5
2025-06-11 19:00:00,Température,Température,°C,24.3
2025-06-11 19:00:00,Direction du vent,Direction du vent,Deg,40.7
2025-06-11 19:00:00,Vitesse du vent,Vitesse du vent,m/s,5.3
2025-06-11 17:00:00,Évapotranspiration journalière,Évapotranspiration journalière,mm/j,0.0
2025-06-11 17:00:00,Évapotranspiration Horaire,Évapotranspiration Horaire,mm/h,0.0
2025-06-11 17:00:00,Pression atmosphérique,Pression atmosphérique,mm/j,917.3
2025-06-11 17:00:00,Rayonnement solaire,Rayonnement solaire,W/m²,392.0
2025-06-11 17:00:00,Vitesse du vent,Vitesse du vent,m/s,4.25
2025-06-11 17:00:00,Point de Rosée,Point de Rosée,°C,3.9
2025-06-11 17:00:00,Humidité relative,Humidité relative,%,20.4
2025-06-11 17:00:00,Température,Température,°C,28.8
2025-06-11 17:00:00,Direction du vent,Direction du vent,Deg,18.9
2025-06-11 15:00:00,Évapotranspiration journalière,Évapotranspiration journalière,mm/j,0.0
2025-06-11 15:00:00,Évapotranspiration Horaire,Évapotranspiration Horaire,mm/h,0.0
2025-06-11 15:00:00,Pression atmosphérique,Pression atmosphérique,mm/j,917.8
2025-06-11 15:00:00,Rayonnement solaire,Rayonnement solaire,W/m²,766.0
2025-06-11 15:00:00,Point de Rosée,Point de Rosée,°C,1.6
2025-06-11 15:00:00,Humidité relative,Humidité relative,%,17.6
2025-06-11 15:00:00,Température,Température,°C,28.5
2025-06-11 15:00:00,Direction du vent,Direction du vent,Deg,275.2
2025-06-11 15:00:00,Vitesse du vent,Vitesse du vent,m/s,2.14
2025-06-11 13:00:00,Pression atmosphérique,Pression atmosphérique,mm/j,918.3
2025-06-11 13:00:00,Évapotranspiration Horaire,Évapotranspiration Horaire,mm/h,0.0
2025-06-11 13:00:00,Rayonnement solaire,Rayonnement solaire,W/m²,969.0
2025-06-11 13:00:00,Point de Rosée,Point de Rosée,°C,3.3
2025-06-11 13:00:00,Évapotranspiration journalière,Évapotranspiration journalière,mm/j,0.0
2025-06-11 13:00:00,Humidité relative,Humidité relative,%,21.4
2025-06-11 13:00:00,Température,Température,°C,27.3
2025-06-11 13:00:00,Direction du vent,Direction du vent,Deg,34.5
2025-06-11 13:00:00,Vitesse du vent,Vitesse du vent,m/s,6.37
2025-06-11 12:00:00,Pression atmosphérique,Pression atmosphérique,mm/j,918.6
2025-06-11 12:00:00,Évapotranspiration journalière,Évapotranspiration journalière,mm/j,0.0
2025-06-11 12:00:00,Évapotranspiration Horaire,Évapotranspiration Horaire,mm/h,0.0
2025-06-11 12:00:00,Rayonnement solaire,Rayonnement solaire,W/m²,995.0
2025-06-11 12:00:00,Point de Rosée,Point de Rosée,°C,2.3
2025-06-11 12:00:00,Humidité relative,Humidité relative,%,20.4
2025-06-11 12:00:00,Température,Température,°C,26.9
2025-06-11 12:00:00,Direction du vent,Direction du vent,Deg,26.7
2025-06-11 12:00:00,Vitesse du vent,Vitesse du vent,m/s,3.83
2025-06-11 11:00:00,Point de Rosée,Point de Rosée,°C,1.8
2025-06-11 11:00:00,Vitesse du vent,Vitesse du vent,m/s,2.96
2025-06-11 11:00:00,Humidité relative,Humidité relative,%,21.5
2025-06-11 11:00:00,Évapotranspiration Horaire,Évapotranspiration Horaire,mm/h,0.0
2025-06-11 11:00:00,Évapotranspiration journalière,Évapotranspiration journalière,mm/j,0.0
2025-06-11 11:00:00,Pression atmosphérique,Pression atmosphérique,mm/j,918.7
2025-06-11 11:00:00,Direction du vent,Direction du vent,Deg,53.0
2025-06-11 11:00:00,Rayonnement solaire,Rayonnement solaire,W/m²,951.0
2025-06-11 11:00:00,Température,Température,°C,25.4
2025-06-11 09:00:00,Point de Rosée,Point de Rosée,°C,3.5
2025-06-11 09:00:00,Évapotranspiration journalière,Évapotranspiration journalière,mm/j,0.0
2025-06-11 09:00:00,Évapotranspiration Horaire,Évapotranspiration Horaire,mm/h,0.0
2025-06-11 09:00:00,Pression atmosphérique,Pression atmosphérique,mm/j,918.7
2025-06-11 09:00:00,Rayonnement solaire,Rayonnement solaire,W/m²,684.0
2025-06-11 09:00:00,Humidité relative,Humidité relative,%,26.9
2025-06-11 09:00:00,Température,Température,°C,23.7
2025-06-11 09:00:00,Direction du vent,Direction du vent,Deg,36.9
2025-06-11 09:00:00,Vitesse du vent,Vitesse du vent,m/s,4.02
2025-06-11 07:00:00,Évapotranspiration Horaire,Évapotranspiration Horaire,mm/h,0.0
2025-06-11 07:00:00,Évapotranspiration journalière,Évapotranspiration journalière,mm/j,0.0
2025-06-11 07:00:00,Pression atmosphérique,Pression atmosphérique,mm/j,918.4
2025-06-11 07:00:00,Rayonnement solaire,Rayonnement solaire,W/m²,237.0
2025-06-11 07:00:00,Point de Rosée,Point de Rosée,°C,1.3
2025-06-11 07:00:00,Humidité relative,Humidité relative,%,24.3
2025-06-11 07:00:00,Température,Température,°C,22.7
2025-06-11 07:00:00,Direction du vent,Direction du vent,Deg,288.6
2025-06-11 07:00:00,Vitesse du vent,Vitesse du vent,m/s,2.6
2025-06-11 06:00:00,Pression atmosphérique,Pression atmosphérique,mm/j,918.4
2025-06-11 06:00:00,Évapotranspiration journalière,Évapotranspiration journalière,mm/j,0.0
2025-06-11 06:00:00,Évapotranspiration Horaire,Évapotranspiration Horaire,mm/h,0.0
2025-06-11 06:00:00,Rayonnement solaire,Rayonnement solaire,W/m²,81.0
2025-06-11 06:00:00,Point de Rosée,Point de Rosée,°C,2.5
2025-06-11 06:00:00,Humidité relative,Humidité relative,%,30.0
2025-06-11 06:00:00,Température,Température,°C,20.7
2025-06-11 06:00:00,Direction du vent,Direction du vent,Deg,273.6
2025-06-11 06:00:00,Vitesse du vent,Vitesse du vent,m/s,2.14
2025-06-11 05:00:00,Point de Rosée,Point de Rosée,°C,0.2
2025-06-11 05:00:00,Vitesse du vent,Vitesse du vent,m/s,3.85
2025-06-11 05:00:00,Humidité relative,Humidité relative,%,27.0
2025-06-11 05:00:00,Évapotranspiration Horaire,Évapotranspiration Horaire,mm/h,0.0
2025-06-11 05:00:00,Évapotranspiration journalière,Évapotranspiration journalière,mm/j,0.0
2025-06-11 05:00:00,Pression atmosphérique,Pression atmosphérique,mm/j,918.4
2025-06-11 05:00:00,Direction du vent,Direction du vent,Deg,287.9
2025-06-11 05:00:00,Rayonnement solaire,Rayonnement solaire,W/m²,1.0
2025-06-11 05:00:00,Température,Température,°C,19.8
2025-06-11 03:00:00,Vitesse du vent,Vitesse du vent,m/s,2.98
2025-06-11 03:00:00,Évapotranspiration journalière,Évapotranspiration journalière,mm/j,0.0
2025-06-11 03:00:00,Évapotranspiration Horaire,Évapotranspiration Horaire,mm/h,0.0
2025-06-11 03:00:00,Pression atmosphérique,Pression atmosphérique,mm/j,919.0
2025-06-11 03:00:00,Rayonnement solaire,Rayonnement solaire,W/m²,0.0
2025-06-11 03:00:00,Point de Rosée,Point de Rosée,°C,2.9
2025-06-11 03:00:00,Humidité relative,Humidité relative,%,32.5
2025-06-11 03:00:00,Température,Température,°C,19.8
2025-06-11 03:00:00,Direction du vent,Direction du vent,Deg,293.5
2025-06-11 01:00:00,Humidité relative,Humidité relative,%,33.7
2025-06-11 01:00:00,Rayonnement solaire,Rayonnement solaire,W/m²,0.0
2025-06-11 01:00:00,Pression atmosphérique,Pression atmosphérique,mm/j,919.9
2025-06-11 01:00:00,Température,Température,°C,20.4
2025-06-11 01:00:00,Évapotranspiration Horaire,Évapotranspiration Horaire,mm/h,0.0
2025-06-11 01:00:00,Direction du vent,Direction du vent,Deg,334.2
2025-06-11 01:00:00,Point de Rosée,Point de Rosée,°C,3.9
2025-06-11 01:00:00,Évapotranspiration journalière,Évapotranspiration journalière,mm/j,0.0
2025-06-11 01:00:00,Vitesse du vent,Vitesse du vent,m/s,2.74
2025-06-11 00:00:00,Pression atmosphérique,Pression atmosphérique,mm/j,920.4
2025-06-11 00:00:00,Évapotranspiration journalière,Évapotranspiration journalière,mm/j,0.0
2025-06-11 00:00:00,Évapotranspiration Horaire,Évapotranspiration Horaire,mm/h,0.0
2025-06-11 00:00:00,Rayonnement solaire,Rayonnement solaire,W/m²,0.0
2025-06-11 00:00:00,Point de Rosée,Point de Rosée,°C,3.7
2025-06-11 00:00:00,Humidité relative,Humidité relative,%,32.3
2025-06-11 00:00:00,Température,Température,°C,20.9
2025-06-11 00:00:00,Direction du vent,Direction du vent,Deg,268.9
2025-06-11 00:00:00,Vitesse du vent,Vitesse du vent,m/s,2.61
2025-06-10 23:00:00,Point de Rosée,Point de Rosée,°C,4.2
2025-06-10 23:00:00,Vitesse du vent,Vitesse du vent,m/s,1.28
2025-06-10 23:00:00,Humidité relative,Humidité relative,%,32.1
2025-06-10 23:00:00,Évapotranspiration Horaire,Évapotranspiration Horaire,mm/h,0.0
2025-06-10 23:00:00,Évapotranspiration journalière,Évapotranspiration journalière,mm/j,0.0
2025-06-10 23:00:00,Pression atmosphérique,Pression atmosphérique,mm/j,921.0
2025-06-10 23:00:00,Direction du vent,Direction du vent,Deg,270.1
2025-06-10 23:00:00,Rayonnement solaire,Rayonnement solaire,W/m²,0.0
2025-06-10 23:00:00,Température,Température,°C,21.6
2025-06-10 19:00:00,Température,Température,°C,25.8
2025-06-10 19:00:00,Évapotranspiration journalière,Évapotranspiration journalière,mm/j,0.0
2025-06-10 19:00:00,Évapotranspiration Horaire,Évapotranspiration Horaire,mm/h,0.0
2025-06-10 19:00:00,Pression atmosphérique,Pression atmosphérique,mm/j,920.0
2025-06-10 19:00:00,Rayonnement solaire,Rayonnement solaire,W/m²,50.0
2025-06-10 19:00:00,Point de Rosée,Point de Rosée,°C,6.8
2025-06-10 19:00:00,Humidité relative,Humidité relative,%,29.7
2025-06-10 19:00:00,Direction du vent,Direction du vent,Deg,18.2
2025-06-10 19:00:00,Vitesse du vent,Vitesse du vent,m/s,5.82
2025-06-10 17:00:00,Évapotranspiration journalière,Évapotranspiration journalière,mm/j,0.0
2025-06-10 17:00:00,Évapotranspiration Horaire,Évapotranspiration Horaire,mm/h,0.0
2025-06-10 17:00:00,Pression atmosphérique,Pression atmosphérique,mm/j,919.5
2025-06-10 17:00:00,Rayonnement solaire,Rayonnement solaire,W/m²,416.0
2025-06-10 17:00:00,Point de Rosée,Point de Rosée,°C,0.3
2025-06-10 17:00:00,Humidité relative,Humidité relative,%,14.8
2025-06-10 17:00:00,Température,Température,°C,29.9
2025-06-10 17:00:00,Direction du vent,Direction du vent,Deg,3.5
2025-06-10 17:00:00,Vitesse du vent,Vitesse du vent,m/s,6.17
2025-06-10 15:00:00,Évapotranspiration journalière,Évapotranspiration journalière,mm/j,0.0
2025-06-10 15:00:00,Vitesse du vent,Vitesse du vent,m/s,3.2
2025-06-10 15:00:00,Évapotranspiration Horaire,Évapotranspiration Horaire,mm/h,0.0
2025-06-10 15:00:00,Direction du vent,Direction du vent,Deg,350.5
2025-06-10 15:00:00,Pression atmosphérique,Pression atmosphérique,mm/j,920.1
2025-06-10 15:00:00,Température,Température,°C,30.8
2025-06-10 15:00:00,Rayonnement solaire,Rayonnement solaire,W/m²,768.0
2025-06-10 15:00:00,Humidité relative,Humidité relative,%,18.6
2025-06-10 15:00:00,Point de Rosée,Point de Rosée,°C,4.2
2025-06-10 13:00:00,Pression atmosphérique,Pression atmosphérique,mm/j,920.8
2025-06-10 13:00:00,Vitesse du vent,Vitesse du vent,m/s,5.19
2025-06-10 13:00:00,Direction du vent,Direction du vent,Deg,4.6
2025-06-10 13:00:00,Température,Température,°C,28.9
2025-06-10 13:00:00,Humidité relative,Humidité relative,%,25.3
2025-06-10 13:00:00,Point de Rosée,Point de Rosée,°C,7.0
2025-06-10 13:00:00,Rayonnement solaire,Rayonnement solaire,W/m²,956.0
2025-06-10 13:00:00,Évapotranspiration Horaire,Évapotranspiration Horaire,mm/h,0.0
2025-06-10 13:00:00,Évapotranspiration journalière,Évapotranspiration journalière,mm/j,0.0
2025-06-10 11:00:00,Évapotranspiration journalière,Évapotranspiration journalière,mm/j,0.0
2025-06-10 11:00:00,Direction du vent,Direction du vent,Deg,79.6
2025-06-10 11:00:00,Évapotranspiration Horaire,Évapotranspiration Horaire,mm/h,0.0
2025-06-10 11:00:00,Température,Température,°C,27.0
2025-06-10 11:00:00,Pression atmosphérique,Pression atmosphérique,mm/j,921.6
2025-06-10 11:00:00,Vitesse du vent,Vitesse du vent,m/s,3.5
2025-06-10 11:00:00,Rayonnement solaire,Rayonnement solaire,W/m²,926.0
2025-06-10 11:00:00,Humidité relative,Humidité relative,%,30.5
2025-06-10 11:00:00,Point de Rosée,Point de Rosée,°C,8.2
2025-06-10 07:00:00,Vitesse du vent,Vitesse du vent,m/s,2.05
2025-06-10 07:00:00,Direction du vent,Direction du vent,Deg,13.9
2025-06-10 07:00:00,Température,Température,°C,22.4
2025-06-10 07:00:00,Humidité relative,Humidité relative,%,50.6
2025-06-10 07:00:00,Point de Rosée,Point de Rosée,°C,11.6
2025-06-10 07:00:00,Rayonnement solaire,Rayonnement solaire,W/m²,219.0
2025-06-10 07:00:00,Pression atmosphérique,Pression atmosphérique,mm/j,921.9
2025-06-10 07:00:00,Évapotranspiration Horaire,Évapotranspiration Horaire,mm/h,0.0
2025-06-10 07:00:00,Évapotranspiration journalière,Évapotranspiration journalière,mm/j,0.0
2025-06-10 05:00:00,Point de Rosée,Point de Rosée,°C,11.2
2025-06-10 05:00:00,Rayonnement solaire,Rayonnement solaire,W/m²,1.0
2025-06-10 05:00:00,Humidité relative,Humidité relative,%,58.7
2025-06-10 05:00:00,Pression atmosphérique,Pression atmosphérique,mm/j,921.0
2025-06-10 05:00:00,Température,Température,°C,19.5
2025-06-10 05:00:00,Évapotranspiration Horaire,Évapotranspiration Horaire,mm/h,0.0
2025-06-10 05:00:00,Direction du vent,Direction du vent,Deg,10.7
2025-06-10 05:00:00,Évapotranspiration journalière,Évapotranspiration journalière,mm/j,0.0
2025-06-10 05:00:00,Vitesse du vent,Vitesse du vent,m/s,1.8
2025-06-09 06:00:00,Évapotranspiration Horaire,Évapotranspiration Horaire,mm/h,0.0
2025-06-09 06:00:00,Vitesse du vent,Vitesse du vent,m/s,0.92
2025-06-09 06:00:00,Direction du vent,Direction du vent,Deg,293.5
2025-06-09 06:00:00,Température,Température,°C,23.8
2025-06-09 06:00:00,Humidité relative,Humidité relative,%,48.0
2025-06-09 06:00:00,Point de Rosée,Point de Rosée,°C,12.1
2025-06-09 06:00:00,Rayonnement solaire,Rayonnement solaire,W/m²,81.0
2025-06-09 06:00:00,Pression atmosphérique,Pression atmosphérique,mm/j,920.9
2025-06-09 06:00:00,Évapotranspiration journalière,Évapotranspiration journalière,mm/j,0.0
2025-06-09 05:00:00,Vitesse du vent,Vitesse du vent,m/s,0.34
2025-06-09 05:00:00,Point de Rosée,Point de Rosée,°C,11.6
2025-06-09 05:00:00,Direction du vent,Direction du vent,Deg,123.5
2025-06-09 05:00:00,Humidité relative,Humidité relative,%,48.4
2025-06-09 05:00:00,Température,Température,°C,23.1
2025-06-09 05:00:00,Pression atmosphérique,Pression atmosphérique,mm/j,920.8
2025-06-09 05:00:00,Évapotranspiration Horaire,Évapotranspiration Horaire,mm/h,0.0
2025-06-09 05:00:00,Rayonnement solaire,Rayonnement solaire,W/m²,1.0
2025-06-09 05:00:00,Évapotranspiration journalière,Évapotranspiration journalière,mm/j,0.0
2025-06-08 09:00:00,Évapotranspiration journalière,Évapotranspiration journalière,mm/j,0.0
2025-06-08 09:00:00,Vitesse du vent,Vitesse du vent,m/s,4.33
2025-06-08 09:00:00,Direction du vent,Direction du vent,Deg,303.7
2025-06-08 09:00:00,Température,Température,°C,30.2
2025-06-08 09:00:00,Humidité relative,Humidité relative,%,25.1
2025-06-08 09:00:00,Point de Rosée,Point de Rosée,°C,8.0
2025-06-08 09:00:00,Rayonnement solaire,Rayonnement solaire,W/m²,635.0
2025-06-08 09:00:00,Pression atmosphérique,Pression atmosphérique,mm/j,920.7
2025-06-08 09:00:00,Évapotranspiration Horaire,Évapotranspiration Horaire,mm/h,0.0
2025-06-08 07:00:00,Vitesse du vent,Vitesse du vent,m/s,1.42
2025-06-08 07:00:00,Direction du vent,Direction du vent,Deg,204.4
2025-06-08 07:00:00,Température,Température,°C,26.3
2025-06-08 07:00:00,Humidité relative,Humidité relative,%,31.2
2025-06-08 07:00:00,Point de Rosée,Point de Rosée,°C,7.9
2025-06-08 07:00:00,Rayonnement solaire,Rayonnement solaire,W/m²,223.0
2025-06-08 07:00:00,Pression atmosphérique,Pression atmosphérique,mm/j,920.5
2025-06-08 07:00:00,Évapotranspiration Horaire,Évapotranspiration Horaire,mm/h,0.0
2025-06-08 07:00:00,Évapotranspiration journalière,Évapotranspiration journalière,mm/j,0.0
2025-06-08 06:00:00,Évapotranspiration Horaire,Évapotranspiration Horaire,mm/h,0.0
2025-06-08 06:00:00,Rayonnement solaire,Rayonnement solaire,W/m²,79.0
2025-06-08 06:00:00,Pression atmosphérique,Pression atmosphérique,mm/j,920.3
2025-06-08 06:00:00,Point de Rosée,Point de Rosée,°C,7.2
2025-06-08 06:00:00,Évapotranspiration journalière,Évapotranspiration journalière,mm/j,0.0
2025-06-08 06:00:00,Vitesse du vent,Vitesse du vent,m/s,1.09
2025-06-08 06:00:00,Direction du vent,Direction du vent,Deg,232.4
2025-06-08 06:00:00,Température,Température,°C,24.2
2025-06-08 06:00:00,Humidité relative,Humidité relative,%,33.8
2025-06-08 05:00:00,Évapotranspiration journalière,Évapotranspiration journalière,mm/j,0.0
2025-06-08 05:00:00,Point de Rosée,Point de Rosée,°C,6.7
2025-06-08 05:00:00,Direction du vent,Direction du vent,Deg,245.6
2025-06-08 05:00:00,Humidité relative,Humidité relative,%,34.7
2025-06-08 05:00:00,Température,Température,°C,23.1
2025-06-08 05:00:00,Pression atmosphérique,Pression atmosphérique,mm/j,919.9
2025-06-08 05:00:00,Vitesse du vent,Vitesse du vent,m/s,1.68
2025-06-08 05:00:00,Rayonnement solaire,Rayonnement solaire,W/m²,0.0
2025-06-08 05:00:00,Évapotranspiration Horaire,Évapotranspiration Horaire,mm/h,0.0
2025-06-07 10:00:00,Évapotranspiration Horaire,Évapotranspiration Horaire,mm/h,0.0
2025-06-07 10:00:00,Température,Température,°C,28.9
2025-06-07 10:00:00,Direction du vent,Direction du vent,Deg,199.0
2025-06-07 10:00:00,Vitesse du vent,Vitesse du vent,m/s,6.33
2025-06-07 10:00:00,Évapotranspiration journalière,Évapotranspiration journalière,mm/j,0.0
2025-06-07 10:00:00,Rayonnement solaire,Rayonnement solaire,W/m²,806.0
2025-06-07 10:00:00,Pression atmosphérique,Pression atmosphérique,mm/j,921.2
2025-06-07 10:00:00,Point de Rosée,Point de Rosée,°C,5.3
2025-06-07 10:00:00,Humidité relative,Humidité relative,%,22.4
2025-06-07 09:00:00,Pression atmosphérique,Pression atmosphérique,mm/j,921.4
2025-06-07 09:00:00,Vitesse du vent,Vitesse du vent,m/s,4.3
2025-06-07 09:00:00,Direction du vent,Direction du vent,Deg,215.2
2025-06-07 09:00:00,Température,Température,°C,27.1
2025-06-07 09:00:00,Humidité relative,Humidité relative,%,26.0
2025-06-07 09:00:00,Point de Rosée,Point de Rosée,°C,6.0
2025-06-07 09:00:00,Rayonnement solaire,Rayonnement solaire,W/m²,638.0
2025-06-07 09:00:00,Évapotranspiration Horaire,Évapotranspiration Horaire,mm/h,0.0
2025-06-07 09:00:00,Évapotranspiration journalière,Évapotranspiration journalière,mm/j,0.0
2025-06-07 07:00:00,Vitesse du vent,Vitesse du vent,m/s,4.14
2025-06-07 07:00:00,Point de Rosée,Point de Rosée,°C,6.0
2025-06-07 07:00:00,Humidité relative,Humidité relative,%,33.4
2025-06-07 07:00:00,Température,Température,°C,22.9
2025-06-07 07:00:00,Direction du vent,Direction du vent,Deg,234.1
2025-06-07 07:00:00,Évapotranspiration journalière,Évapotranspiration journalière,mm/j,0.0
2025-06-07 07:00:00,Évapotranspiration Horaire,Évapotranspiration Horaire,mm/h,0.0
2025-06-07 07:00:00,Pression atmosphérique,Pression atmosphérique,mm/j,921.3
2025-06-07 07:00:00,Rayonnement solaire,Rayonnement solaire,W/m²,222.0
2025-06-07 06:00:00,Évapotranspiration journalière,Évapotranspiration journalière,mm/j,0.0
2025-06-07 06:00:00,Humidité relative,Humidité relative,%,36.2
2025-06-07 06:00:00,Rayonnement solaire,Rayonnement solaire,W/m²,77.0
2025-06-07 06:00:00,Température,Température,°C,21.4
2025-06-07 06:00:00,Évapotranspiration Horaire,Évapotranspiration Horaire,mm/h,0.0
2025-06-07 06:00:00,Direction du vent,Direction du vent,Deg,215.3
2025-06-07 06:00:00,Point de Rosée,Point de Rosée,°C,5.8
2025-06-07 06:00:00,Vitesse du vent,Vitesse du vent,m/s,4.41
2025-06-07 06:00:00,Pression atmosphérique,Pression atmosphérique,mm/j,921.2
2025-06-07 05:00:00,Point de Rosée,Point de Rosée,°C,6.4
2025-06-07 05:00:00,Évapotranspiration journalière,Évapotranspiration journalière,mm/j,0.0
2025-06-07 05:00:00,Évapotranspiration Horaire,Évapotranspiration Horaire,mm/h,0.0
2025-06-07 05:00:00,Pression atmosphérique,Pression atmosphérique,mm/j,920.9
2025-06-07 05:00:00,Rayonnement solaire,Rayonnement solaire,W/m²,0.0
2025-06-07 05:00:00,Humidité relative,Humidité relative,%,38.9
2025-06-07 05:00:00,Température,Température,°C,20.9
2025-06-07 05:00:00,Direction du vent,Direction du vent,Deg,230.8
2025-06-07 05:00:00,Vitesse du vent,Vitesse du vent,m/s,6.7
2025-06-06 09:00:00,Évapotranspiration journalière,Évapotranspiration journalière,mm/j,0.0
2025-06-06 09:00:00,Évapotranspiration Horaire,Évapotranspiration Horaire,mm/h,0.0
2025-06-06 09:00:00,Pression atmosphérique,Pression atmosphérique,mm/j,921.4
2025-06-06 09:00:00,Rayonnement solaire,Rayonnement solaire,W/m²,634.0
2025-06-06 09:00:00,Point de Rosée,Point de Rosée,°C,6.6
2025-06-06 09:00:00,Humidité relative,Humidité relative,%,26.1
2025-06-06 09:00:00,Température,Température,°C,27.8
2025-06-06 09:00:00,Direction du vent,Direction du vent,Deg,107.1
2025-06-06 09:00:00,Vitesse du vent,Vitesse du vent,m/s,2.08
2025-06-06 07:00:00,Évapotranspiration journalière,Évapotranspiration journalière,mm/j,0.0
2025-06-06 07:00:00,Évapotranspiration Horaire,Évapotranspiration Horaire,mm/h,0.0
2025-06-06 07:00:00,Pression atmosphérique,Pression atmosphérique,mm/j,920.7
2025-06-06 07:00:00,Rayonnement solaire,Rayonnement solaire,W/m²,218.0
2025-06-06 07:00:00,Point de Rosée,Point de Rosée,°C,7.4
2025-06-06 07:00:00,Humidité relative,Humidité relative,%,34.8
2025-06-06 07:00:00,Température,Température,°C,23.9
2025-06-06 07:00:00,Direction du vent,Direction du vent,Deg,203.2
2025-06-06 07:00:00,Vitesse du vent,Vitesse du vent,m/s,1.63
2025-06-06 06:00:00,Évapotranspiration Horaire,Évapotranspiration Horaire,mm/h,0.0
2025-06-06 06:00:00,Humidité relative,Humidité relative,%,36.8
2025-06-06 06:00:00,Rayonnement solaire,Rayonnement solaire,W/m²,74.0
2025-06-06 06:00:00,Température,Température,°C,22.1
2025-06-06 06:00:00,Évapotranspiration journalière,Évapotranspiration journalière,mm/j,0.0
2025-06-06 06:00:00,Direction du vent,Direction du vent,Deg,244.6
2025-06-06 06:00:00,Pression atmosphérique,Pression atmosphérique,mm/j,920.6
2025-06-06 06:00:00,Vitesse du vent,Vitesse du vent,m/s,3.36
2025-06-06 06:00:00,Point de Rosée,Point de Rosée,°C,6.7
2025-06-06 05:00:00,Température,Température,°C,22.2
2025-06-06 05:00:00,Évapotranspiration journalière,Évapotranspiration journalière,mm/j,0.0
2025-06-06 05:00:00,Évapotranspiration Horaire,Évapotranspiration Horaire,mm/h,0.0
2025-06-06 05:00:00,Pression atmosphérique,Pression atmosphérique,mm/j,920.2
2025-06-06 05:00:00,Rayonnement solaire,Rayonnement solaire,W/m²,1.0
2025-06-06 05:00:00,Point de Rosée,Point de Rosée,°C,5.8
2025-06-06 05:00:00,Humidité relative,Humidité relative,%,34.5
2025-06-06 05:00:00,Direction du vent,Direction du vent,Deg,241.3
2025-06-06 05:00:00,Vitesse du vent,Vitesse du vent,m/s,2.87
2025-06-05 22:00:00,Évapotranspiration journalière,Évapotranspiration journalière,mm/j,0.0
2025-06-05 22:00:00,Vitesse du vent,Vitesse du vent,m/s,1.85
2025-06-05 22:00:00,Direction du vent,Direction du vent,Deg,155.8
2025-06-05 22:00:00,Température,Température,°C,23.9
2025-06-05 22:00:00,Humidité relative,Humidité relative,%,28.2
2025-06-05 22:00:00,Point de Rosée,Point de Rosée,°C,4.4
2025-06-05 22:00:00,Rayonnement solaire,Rayonnement solaire,W/m²,0.0
2025-06-05 22:00:00,Pression atmosphérique,Pression atmosphérique,mm/j,921.4
2025-06-05 22:00:00,Évapotranspiration Horaire,Évapotranspiration Horaire,mm/h,0.0
2025-06-05 21:00:00,Évapotranspiration journalière,Évapotranspiration journalière,mm/j,0.0
2025-06-05 21:00:00,Vitesse du vent,Vitesse du vent,m/s,2.25
2025-06-05 21:00:00,Direction du vent,Direction du vent,Deg,157.4
2025-06-05 21:00:00,Température,Température,°C,23.6
2025-06-05 21:00:00,Humidité relative,Humidité relative,%,33.4
2025-06-05 21:00:00,Point de Rosée,Point de Rosée,°C,6.6
2025-06-05 21:00:00,Rayonnement solaire,Rayonnement solaire,W/m²,0.0
2025-06-05 21:00:00,Pression atmosphérique,Pression atmosphérique,mm/j,921.1
2025-06-05 21:00:00,Évapotranspiration Horaire,Évapotranspiration Horaire,mm/h,0.0
2025-06-05 19:00:00,Rayonnement solaire,Rayonnement solaire,W/m²,29.0
2025-06-05 19:00:00,Direction du vent,Direction du vent,Deg,121.6
2025-06-05 19:00:00,Point de Rosée,Point de Rosée,°C,10.0
2025-06-05 19:00:00,Vitesse du vent,Vitesse du vent,m/s,1.69
2025-06-05 19:00:00,Évapotranspiration journalière,Évapotranspiration journalière,mm/j,0.0
2025-06-05 19:00:00,Température,Température,°C,24.3
2025-06-05 19:00:00,Pression atmosphérique,Pression atmosphérique,mm/j,919.8
2025-06-05 19:00:00,Humidité relative,Humidité relative,%,40.6
2025-06-05 19:00:00,Évapotranspiration Horaire,Évapotranspiration Horaire,mm/h,0.0
2025-06-05 18:00:00,Pression atmosphérique,Pression atmosphérique,mm/j,919.4
2025-06-05 18:00:00,Évapotranspiration journalière,Évapotranspiration journalière,mm/j,0.0
2025-06-05 18:00:00,Évapotranspiration Horaire,Évapotranspiration Horaire,mm/h,0.0
2025-06-05 18:00:00,Rayonnement solaire,Rayonnement solaire,W/m²,90.0
2025-06-05 18:00:00,Point de Rosée,Point de Rosée,°C,10.4
2025-06-05 18:00:00,Humidité relative,Humidité relative,%,38.5
2025-06-05 18:00:00,Température,Température,°C,25.6
2025-06-05 18:00:00,Direction du vent,Direction du vent,Deg,155.4
2025-06-05 18:00:00,Vitesse du vent,Vitesse du vent,m/s,1.93
2025-06-05 17:00:00,Point de Rosée,Point de Rosée,°C,11.0
2025-06-05 17:00:00,Vitesse du vent,Vitesse du vent,m/s,3.4
2025-06-05 17:00:00,Humidité relative,Humidité relative,%,37.8
2025-06-05 17:00:00,Évapotranspiration Horaire,Évapotranspiration Horaire,mm/h,0.0
2025-06-05 17:00:00,Évapotranspiration journalière,Évapotranspiration journalière,mm/j,0.0
2025-06-05 17:00:00,Pression atmosphérique,Pression atmosphérique,mm/j,919.3
2025-06-05 17:00:00,Direction du vent,Direction du vent,Deg,33.8
2025-06-05 17:00:00,Rayonnement solaire,Rayonnement solaire,W/m²,125.0
2025-06-05 17:00:00,Température,Température,°C,26.6
2025-06-05 15:00:00,Point de Rosée,Point de Rosée,°C,10.2
2025-06-05 15:00:00,Évapotranspiration journalière,Évapotranspiration journalière,mm/j,0.0
2025-06-05 15:00:00,Évapotranspiration Horaire,Évapotranspiration Horaire,mm/h,0.0
2025-06-05 15:00:00,Pression atmosphérique,Pression atmosphérique,mm/j,919.7
2025-06-05 15:00:00,Rayonnement solaire,Rayonnement solaire,W/m²,554.0
2025-06-05 15:00:00,Humidité relative,Humidité relative,%,38.8
2025-06-05 15:00:00,Température,Température,°C,25.2
2025-06-05 15:00:00,Direction du vent,Direction du vent,Deg,21.2
2025-06-05 15:00:00,Vitesse du vent,Vitesse du vent,m/s,2.38
2025-06-05 13:00:00,Évapotranspiration journalière,Évapotranspiration journalière,mm/j,0.0
2025-06-05 13:00:00,Évapotranspiration Horaire,Évapotranspiration Horaire,mm/h,0.0
2025-06-05 13:00:00,Pression atmosphérique,Pression atmosphérique,mm/j,919.4
2025-06-05 13:00:00,Rayonnement solaire,Rayonnement solaire,W/m²,949.0
2025-06-05 13:00:00,Point de Rosée,Point de Rosée,°C,7.8
2025-06-05 13:00:00,Humidité relative,Humidité relative,%,25.9
2025-06-05 13:00:00,Température,Température,°C,29.3
2025-06-05 13:00:00,Direction du vent,Direction du vent,Deg,30.8
2025-06-05 13:00:00,Vitesse du vent,Vitesse du vent,m/s,4.54
2025-06-05 11:00:00,Évapotranspiration journalière,Évapotranspiration journalière,mm/j,0.0
2025-06-05 11:00:00,Évapotranspiration Horaire,Évapotranspiration Horaire,mm/h,0.0
2025-06-05 11:00:00,Pression atmosphérique,Pression atmosphérique,mm/j,919.9
2025-06-05 11:00:00,Rayonnement solaire,Rayonnement solaire,W/m²,863.0
2025-06-05 11:00:00,Point de Rosée,Point de Rosée,°C,6.7
2025-06-05 11:00:00,Humidité relative,Humidité relative,%,25.1
2025-06-05 11:00:00,Température,Température,°C,28.6
2025-06-05 11:00:00,Direction du vent,Direction du vent,Deg,359.8
2025-06-05 11:00:00,Vitesse du vent,Vitesse du vent,m/s,0.97
2025-06-05 10:00:00,Évapotranspiration journalière,Évapotranspiration journalière,mm/j,0.0
2025-06-05 10:00:00,Vitesse du vent,Vitesse du vent,m/s,2.63
2025-06-05 10:00:00,Évapotranspiration Horaire,Évapotranspiration Horaire,mm/h,0.0
2025-06-05 10:00:00,Direction du vent,Direction du vent,Deg,23.3
2025-06-05 10:00:00,Pression atmosphérique,Pression atmosphérique,mm/j,919.8
2025-06-05 10:00:00,Température,Température,°C,28.3
2025-06-05 10:00:00,Rayonnement solaire,Rayonnement solaire,W/m²,766.0
2025-06-05 10:00:00,Humidité relative,Humidité relative,%,28.9
2025-06-05 10:00:00,Point de Rosée,Point de Rosée,°C,8.5
2025-06-05 09:00:00,Point de Rosée,Point de Rosée,°C,8.0
2025-06-05 09:00:00,Évapotranspiration journalière,Évapotranspiration journalière,mm/j,0.0
2025-06-05 09:00:00,Évapotranspiration Horaire,Évapotranspiration Horaire,mm/h,0.0
2025-06-05 09:00:00,Pression atmosphérique,Pression atmosphérique,mm/j,919.7
2025-06-05 09:00:00,Rayonnement solaire,Rayonnement solaire,W/m²,577.0
2025-06-05 09:00:00,Humidité relative,Humidité relative,%,30.4
2025-06-05 09:00:00,Température,Température,°C,26.8
2025-06-05 09:00:00,Direction du vent,Direction du vent,Deg,197.7
2025-06-05 09:00:00,Vitesse du vent,Vitesse du vent,m/s,2.49
2025-06-05 07:00:00,Évapotranspiration Horaire,Évapotranspiration Horaire,mm/h,0.0
2025-06-05 07:00:00,Évapotranspiration journalière,Évapotranspiration journalière,mm/j,0.0
2025-06-05 07:00:00,Pression atmosphérique,Pression atmosphérique,mm/j,919.3
2025-06-05 07:00:00,Rayonnement solaire,Rayonnement solaire,W/m²,280.0
2025-06-05 07:00:00,Point de Rosée,Point de Rosée,°C,8.9
2025-06-05 07:00:00,Humidité relative,Humidité relative,%,40.5
2025-06-05 07:00:00,Température,Température,°C,23.0
2025-06-05 07:00:00,Direction du vent,Direction du vent,Deg,227.5
2025-06-05 07:00:00,Vitesse du vent,Vitesse du vent,m/s,1.34
2025-06-05 06:00:00,Vitesse du vent,Vitesse du vent,m/s,2.37
2025-06-05 06:00:00,Évapotranspiration journalière,Évapotranspiration journalière,mm/j,0.0
2025-06-05 06:00:00,Évapotranspiration Horaire,Évapotranspiration Horaire,mm/h,0.0
2025-06-05 06:00:00,Pression atmosphérique,Pression atmosphérique,mm/j,919.2
2025-06-05 06:00:00,Rayonnement solaire,Rayonnement solaire,W/m²,90.0
2025-06-05 06:00:00,Point de Rosée,Point de Rosée,°C,8.7
2025-06-05 06:00:00,Humidité relative,Humidité relative,%,45.1
2025-06-05 06:00:00,Température,Température,°C,21.1
2025-06-05 06:00:00,Direction du vent,Direction du vent,Deg,243.4
2025-06-05 05:00:00,Rayonnement solaire,Rayonnement solaire,W/m²,1.0
2025-06-05 05:00:00,Température,Température,°C,21.3
2025-06-05 05:00:00,Évapotranspiration Horaire,Évapotranspiration Horaire,mm/h,0.0
2025-06-05 05:00:00,Point de Rosée,Point de Rosée,°C,7.9
2025-06-05 05:00:00,Direction du vent,Direction du vent,Deg,2.3
2025-06-05 05:00:00,Pression atmosphérique,Pression atmosphérique,mm/j,918.6
2025-06-05 05:00:00,Évapotranspiration journalière,Évapotranspiration journalière,mm/j,0.0
2025-06-05 05:00:00,Vitesse du vent,Vitesse du vent,m/s,0.74
2025-06-05 05:00:00,Humidité relative,Humidité relative,%,42.1
2025-06-05 04:00:00,Vitesse du vent,Vitesse du vent,m/s,0.46
2025-06-05 04:00:00,Rayonnement solaire,Rayonnement solaire,W/m²,0.0
2025-06-05 04:00:00,Évapotranspiration journalière,Évapotranspiration journalière,mm/j,0.0
2025-06-05 04:00:00,Évapotranspiration Horaire,Évapotranspiration Horaire,mm/h,0.0
2025-06-05 04:00:00,Humidité relative,Humidité relative,%,42.9
2025-06-05 04:00:00,Pression atmosphérique,Pression atmosphérique,mm/j,918.6
2025-06-05 04:00:00,Température,Température,°C,20.9
2025-06-05 04:00:00,Direction du vent,Direction du vent,Deg,189.4
2025-06-05 04:00:00,Point de Rosée,Point de Rosée,°C,7.8
2025-06-04 05:00:00,Direction du vent,Direction du vent,Deg,233.6
2025-06-04 05:00:00,Évapotranspiration journalière,Évapotranspiration journalière,mm/j,0.0
2025-06-04 05:00:00,Évapotranspiration Horaire,Évapotranspiration Horaire,mm/h,0.0
2025-06-04 05:00:00,Pression atmosphérique,Pression atmosphérique,mm/j,918.2
2025-06-04 05:00:00,Rayonnement solaire,Rayonnement solaire,W/m²,0.0
2025-06-04 05:00:00,Point de Rosée,Point de Rosée,°C,5.9
2025-06-04 05:00:00,Humidité relative,Humidité relative,%,37.6
2025-06-04 05:00:00,Température,Température,°C,20.9
2025-06-04 05:00:00,Vitesse du vent,Vitesse du vent,m/s,1.91
2025-06-03 10:00:00,Point de Rosée,Point de Rosée,°C,7.1
2025-06-03 10:00:00,Pression atmosphérique,Pression atmosphérique,mm/j,919.0
2025-06-03 10:00:00,Température,Température,°C,26.2
2025-06-03 10:00:00,Rayonnement solaire,Rayonnement solaire,W/m²,835.0
2025-06-03 10:00:00,Humidité relative,Humidité relative,%,29.8
2025-06-03 10:00:00,Vitesse du vent,Vitesse du vent,m/s,2.99
2025-06-03 10:00:00,Évapotranspiration journalière,Évapotranspiration journalière,mm/j,0.0
2025-06-03 10:00:00,Direction du vent,Direction du vent,Deg,215.0
2025-06-03 10:00:00,Évapotranspiration Horaire,Évapotranspiration Horaire,mm/h,0.0
2025-06-03 09:00:00,Évapotranspiration Horaire,Évapotranspiration Horaire,mm/h,0.0
2025-06-03 09:00:00,Évapotranspiration journalière,Évapotranspiration journalière,mm/j,0.0
2025-06-03 09:00:00,Pression atmosphérique,Pression atmosphérique,mm/j,918.8
2025-06-03 09:00:00,Rayonnement solaire,Rayonnement solaire,W/m²,664.0
2025-06-03 09:00:00,Point de Rosée,Point de Rosée,°C,7.1
2025-06-03 09:00:00,Humidité relative,Humidité relative,%,33.8
2025-06-03 09:00:00,Température,Température,°C,24.0
2025-06-03 09:00:00,Direction du vent,Direction du vent,Deg,207.4
2025-06-03 09:00:00,Vitesse du vent,Vitesse du vent,m/s,6.48
2025-06-03 08:00:00,Vitesse du vent,Vitesse du vent,m/s,4.44
2025-06-03 08:00:00,Évapotranspiration journalière,Évapotranspiration journalière,mm/j,0.0
2025-06-03 08:00:00,Évapotranspiration Horaire,Évapotranspiration Horaire,mm/h,0.0
2025-06-03 08:00:00,Pression atmosphérique,Pression atmosphérique,mm/j,919.1
2025-06-03 08:00:00,Rayonnement solaire,Rayonnement solaire,W/m²,448.0
2025-06-03 08:00:00,Point de Rosée,Point de Rosée,°C,8.0
2025-06-03 08:00:00,Humidité relative,Humidité relative,%,41.5
2025-06-03 08:00:00,Température,Température,°C,21.7
2025-06-03 08:00:00,Direction du vent,Direction du vent,Deg,201.9
2025-06-03 07:00:00,Température,Température,°C,19.2
2025-06-03 07:00:00,Point de Rosée,Point de Rosée,°C,8.4
2025-06-03 07:00:00,Évapotranspiration journalière,Évapotranspiration journalière,mm/j,0.0
2025-06-03 07:00:00,Vitesse du vent,Vitesse du vent,m/s,6.02
2025-06-03 07:00:00,Évapotranspiration Horaire,Évapotranspiration Horaire,mm/h,0.0
2025-06-03 07:00:00,Humidité relative,Humidité relative,%,49.5
2025-06-03 07:00:00,Pression atmosphérique,Pression atmosphérique,mm/j,919.1
2025-06-03 07:00:00,Direction du vent,Direction du vent,Deg,254.2
2025-06-03 07:00:00,Rayonnement solaire,Rayonnement solaire,W/m²,246.0
2025-06-03 05:00:00,Pression atmosphérique,Pression atmosphérique,mm/j,918.7
2025-06-03 05:00:00,Évapotranspiration journalière,Évapotranspiration journalière,mm/j,0.0
2025-06-03 05:00:00,Évapotranspiration Horaire,Évapotranspiration Horaire,mm/h,0.0
2025-06-03 05:00:00,Rayonnement solaire,Rayonnement solaire,W/m²,0.0
2025-06-03 05:00:00,Point de Rosée,Point de Rosée,°C,8.0
2025-06-03 05:00:00,Humidité relative,Humidité relative,%,53.2
2025-06-03 05:00:00,Température,Température,°C,17.6
2025-06-03 05:00:00,Direction du vent,Direction du vent,Deg,225.2
2025-06-03 05:00:00,Vitesse du vent,Vitesse du vent,m/s,5.5
2025-06-02 19:00:00,Vitesse du vent,Vitesse du vent,m/s,2.88
2025-06-02 19:00:00,Évapotranspiration journalière,Évapotranspiration journalière,mm/j,0.0
2025-06-02 19:00:00,Évapotranspiration Horaire,Évapotranspiration Horaire,mm/h,0.0
2025-06-02 19:00:00,Pression atmosphérique,Pression atmosphérique,mm/j,920.2
2025-06-02 19:00:00,Rayonnement solaire,Rayonnement solaire,W/m²,47.0
2025-06-02 19:00:00,Point de Rosée,Point de Rosée,°C,5.0
2025-06-02 19:00:00,Humidité relative,Humidité relative,%,30.3
2025-06-02 19:00:00,Température,Température,°C,23.5
2025-06-02 19:00:00,Direction du vent,Direction du vent,Deg,149.1
2025-06-02 17:00:00,Direction du vent,Direction du vent,Deg,167.3
2025-06-02 17:00:00,Évapotranspiration journalière,Évapotranspiration journalière,mm/j,0.0
2025-06-02 17:00:00,Évapotranspiration Horaire,Évapotranspiration Horaire,mm/h,0.0
2025-06-02 17:00:00,Pression atmosphérique,Pression atmosphérique,mm/j,919.9
2025-06-02 17:00:00,Rayonnement solaire,Rayonnement solaire,W/m²,409.0
2025-06-02 17:00:00,Point de Rosée,Point de Rosée,°C,5.2
2025-06-02 17:00:00,Humidité relative,Humidité relative,%,26.7
2025-06-02 17:00:00,Température,Température,°C,25.8
2025-06-02 17:00:00,Vitesse du vent,Vitesse du vent,m/s,5.79
2025-06-02 15:00:00,Température,Température,°C,26.4
2025-06-02 15:00:00,Évapotranspiration journalière,Évapotranspiration journalière,mm/j,0.0
2025-06-02 15:00:00,Évapotranspiration Horaire,Évapotranspiration Horaire,mm/h,0.0
2025-06-02 15:00:00,Vitesse du vent,Vitesse du vent,m/s,2.56
2025-06-02 15:00:00,Pression atmosphérique,Pression atmosphérique,mm/j,920.6
2025-06-02 15:00:00,Rayonnement solaire,Rayonnement solaire,W/m²,780.0
2025-06-02 15:00:00,Point de Rosée,Point de Rosée,°C,3.4
2025-06-02 15:00:00,Humidité relative,Humidité relative,%,22.7
2025-06-02 15:00:00,Direction du vent,Direction du vent,Deg,149.0
2025-06-02 13:00:00,Évapotranspiration journalière,Évapotranspiration journalière,mm/j,0.0
2025-06-02 13:00:00,Évapotranspiration Horaire,Évapotranspiration Horaire,mm/h,0.0
2025-06-02 13:00:00,Pression atmosphérique,Pression atmosphérique,mm/j,921.3
2025-06-02 13:00:00,Rayonnement solaire,Rayonnement solaire,W/m²,999.0
2025-06-02 13:00:00,Point de Rosée,Point de Rosée,°C,3.0
2025-06-02 13:00:00,Humidité relative,Humidité relative,%,24.2
2025-06-02 13:00:00,Température,Température,°C,24.9
2025-06-02 13:00:00,Direction du vent,Direction du vent,Deg,185.4
2025-06-02 13:00:00,Vitesse du vent,Vitesse du vent,m/s,4.95
2025-06-02 11:00:00,Évapotranspiration Horaire,Évapotranspiration Horaire,mm/h,0.0
2025-06-02 11:00:00,Évapotranspiration journalière,Évapotranspiration journalière,mm/j,0.0
2025-06-02 11:00:00,Pression atmosphérique,Pression atmosphérique,mm/j,921.8
2025-06-02 11:00:00,Rayonnement solaire,Rayonnement solaire,W/m²,979.0
2025-06-02 11:00:00,Point de Rosée,Point de Rosée,°C,4.1
2025-06-02 11:00:00,Humidité relative,Humidité relative,%,29.9
2025-06-02 11:00:00,Température,Température,°C,22.6
2025-06-02 11:00:00,Direction du vent,Direction du vent,Deg,182.5
2025-06-02 11:00:00,Vitesse du vent,Vitesse du vent,m/s,5.53
2025-06-02 09:00:00,Évapotranspiration journalière,Évapotranspiration journalière,mm/j,0.0
2025-06-02 09:00:00,Évapotranspiration Horaire,Évapotranspiration Horaire,mm/h,0.0
2025-06-02 09:00:00,Pression atmosphérique,Pression atmosphérique,mm/j,922.0
2025-06-02 09:00:00,Rayonnement solaire,Rayonnement solaire,W/m²,679.0
2025-06-02 09:00:00,Point de Rosée,Point de Rosée,°C,3.8
2025-06-02 09:00:00,Humidité relative,Humidité relative,%,32.2
2025-06-02 09:00:00,Température,Température,°C,21.0
2025-06-02 09:00:00,Direction du vent,Direction du vent,Deg,191.7
2025-06-02 09:00:00,Vitesse du vent,Vitesse du vent,m/s,5.84
2025-06-02 08:00:00,Pression atmosphérique,Pression atmosphérique,mm/j,922.0
2025-06-02 08:00:00,Évapotranspiration journalière,Évapotranspiration journalière,mm/j,0.0
2025-06-02 08:00:00,Évapotranspiration Horaire,Évapotranspiration Horaire,mm/h,0.0
2025-06-02 08:00:00,Rayonnement solaire,Rayonnement solaire,W/m²,460.0
2025-06-02 08:00:00,Point de Rosée,Point de Rosée,°C,4.4
2025-06-02 08:00:00,Humidité relative,Humidité relative,%,37.1
2025-06-02 08:00:00,Température,Température,°C,19.4
2025-06-02 08:00:00,Direction du vent,Direction du vent,Deg,206.6
2025-06-02 08:00:00,Vitesse du vent,Vitesse du vent,m/s,4.91
2025-06-02 07:00:00,Humidité relative,Humidité relative,%,44.6
2025-06-02 07:00:00,Direction du vent,Direction du vent,Deg,198.2
2025-06-02 07:00:00,Température,Température,°C,17.4
2025-06-02 07:00:00,Évapotranspiration Horaire,Évapotranspiration Horaire,mm/h,0.0
2025-06-02 07:00:00,Évapotranspiration journalière,Évapotranspiration journalière,mm/j,0.0
2025-06-02 07:00:00,Pression atmosphérique,Pression atmosphérique,mm/j,922.0
2025-06-02 07:00:00,Vitesse du vent,Vitesse du vent,m/s,4.45
2025-06-02 07:00:00,Rayonnement solaire,Rayonnement solaire,W/m²,251.0
2025-06-02 07:00:00,Point de Rosée,Point de Rosée,°C,5.2
2025-06-02 05:00:00,Rayonnement solaire,Rayonnement solaire,W/m²,0.0
2025-06-02 05:00:00,Point de Rosée,Point de Rosée,°C,6.2
2025-06-02 05:00:00,Humidité relative,Humidité relative,%,53.4
2025-06-02 05:00:00,Température,Température,°C,15.7
2025-06-02 05:00:00,Direction du vent,Direction du vent,Deg,230.5
2025-06-02 05:00:00,Évapotranspiration journalière,Évapotranspiration journalière,mm/j,0.0
2025-06-02 05:00:00,Évapotranspiration Horaire,Évapotranspiration Horaire,mm/h,0.0
2025-06-02 05:00:00,Pression atmosphérique,Pression atmosphérique,mm/j,921.5
2025-06-02 05:00:00,Vitesse du vent,Vitesse du vent,m/s,4.4
2025-06-01 08:00:00,Direction du vent,Direction du vent,Deg,7.8
2025-06-01 08:00:00,Vitesse du vent,Vitesse du vent,m/s,1.85
2025-06-01 08:00:00,Température,Température,°C,20.6
2025-06-01 08:00:00,Humidité relative,Humidité relative,%,39.0
2025-06-01 08:00:00,Point de Rosée,Point de Rosée,°C,6.1
2025-06-01 08:00:00,Rayonnement solaire,Rayonnement solaire,W/m²,450.0
2025-06-01 08:00:00,Pression atmosphérique,Pression atmosphérique,mm/j,922.8
2025-06-01 08:00:00,Évapotranspiration Horaire,Évapotranspiration Horaire,mm/h,0.0
2025-06-01 08:00:00,Évapotranspiration journalière,Évapotranspiration journalière,mm/j,0.0
2025-06-01 07:00:00,Vitesse du vent,Vitesse du vent,m/s,1.39
2025-06-01 07:00:00,Pression atmosphérique,Pression atmosphérique,mm/j,922.5
2025-06-01 07:00:00,Point de Rosée,Point de Rosée,°C,6.6
2025-06-01 07:00:00,Évapotranspiration Horaire,Évapotranspiration Horaire,mm/h,0.0
2025-06-01 07:00:00,Humidité relative,Humidité relative,%,43.9
2025-06-01 07:00:00,Température,Température,°C,19.2
2025-06-01 07:00:00,Évapotranspiration journalière,Évapotranspiration journalière,mm/j,0.0
2025-06-01 07:00:00,Rayonnement solaire,Rayonnement solaire,W/m²,247.0
2025-06-01 07:00:00,Direction du vent,Direction du vent,Deg,52.9
2025-06-01 05:00:00,Vitesse du vent,Vitesse du vent,m/s,2.37
2025-06-01 05:00:00,Évapotranspiration journalière,Évapotranspiration journalière,mm/j,0.0
2025-06-01 05:00:00,Évapotranspiration Horaire,Évapotranspiration Horaire,mm/h,0.0
2025-06-01 05:00:00,Pression atmosphérique,Pression atmosphérique,mm/j,922.3
2025-06-01 05:00:00,Rayonnement solaire,Rayonnement solaire,W/m²,0.0
2025-06-01 05:00:00,Point de Rosée,Point de Rosée,°C,6.4
2025-06-01 05:00:00,Humidité relative,Humidité relative,%,52.1
2025-06-01 05:00:00,Température,Température,°C,16.3
2025-06-01 05:00:00,Direction du vent,Direction du vent,Deg,11.9
2025-06-01 04:00:00,Vitesse du vent,Vitesse du vent,m/s,2.88
2025-06-01 04:00:00,Évapotranspiration journalière,Évapotranspiration journalière,mm/j,0.0
2025-06-01 04:00:00,Évapotranspiration Horaire,Évapotranspiration Horaire,mm/h,0.0
2025-06-01 04:00:00,Pression atmosphérique,Pression atmosphérique,mm/j,922.1
2025-06-01 04:00:00,Rayonnement solaire,Rayonnement solaire,W/m²,0.0
2025-06-01 04:00:00,Point de Rosée,Point de Rosée,°C,6.4
2025-06-01 04:00:00,Humidité relative,Humidité relative,%,50.5
2025-06-01 04:00:00,Température,Température,°C,16.7
2025-06-01 04:00:00,Direction du vent,Direction du vent,Deg,358.4
2025-06-01 03:00:00,Direction du vent,Direction du vent,Deg,356.3
2025-06-01 03:00:00,Point de Rosée,Point de Rosée,°C,6.4
2025-06-01 03:00:00,Évapotranspiration journalière,Évapotranspiration journalière,mm/j,0.0
2025-06-01 03:00:00,Température,Température,°C,16.6
2025-06-01 03:00:00,Évapotranspiration Horaire,Évapotranspiration Horaire,mm/h,0.0
2025-06-01 03:00:00,Vitesse du vent,Vitesse du vent,m/s,2.48
2025-06-01 03:00:00,Pression atmosphérique,Pression atmosphérique,mm/j,922.1
2025-06-01 03:00:00,Humidité relative,Humidité relative,%,51.0
2025-06-01 03:00:00,Rayonnement solaire,Rayonnement solaire,W/m²,0.0
2025-06-01 02:00:00,Évapotranspiration Horaire,Évapotranspiration Horaire,mm/h,0.0
2025-06-01 02:00:00,Rayonnement solaire,Rayonnement solaire,W/m²,0.0
2025-06-01 02:00:00,Pression atmosphérique,Pression atmosphérique,mm/j,922.4
2025-06-01 02:00:00,Point de Rosée,Point de Rosée,°C,6.0
2025-06-01 02:00:00,Évapotranspiration journalière,Évapotranspiration journalière,mm/j,0.0
2025-06-01 02:00:00,Humidité relative,Humidité relative,%,48.8
2025-06-01 02:00:00,Température,Température,°C,16.9
2025-06-01 02:00:00,Direction du vent,Direction du vent,Deg,346.5
2025-06-01 02:00:00,Vitesse du vent,Vitesse du vent,m/s,1.88
2025-06-01 01:00:00,Point de Rosée,Point de Rosée,°C,6.4
2025-06-01 01:00:00,Vitesse du vent,Vitesse du vent,m/s,1.89
2025-06-01 01:00:00,Humidité relative,Humidité relative,%,48.7
2025-06-01 01:00:00,Direction du vent,Direction du vent,Deg,8.4
2025-06-01 01:00:00,Température,Température,°C,17.3
2025-06-01 01:00:00,Évapotranspiration journalière,Évapotranspiration journalière,mm/j,0.0
2025-06-01 01:00:00,Évapotranspiration Horaire,Évapotranspiration Horaire,mm/h,0.0
2025-06-01 01:00:00,Pression atmosphérique,Pression atmosphérique,mm/j,922.6
2025-06-01 01:00:00,Rayonnement solaire,Rayonnement solaire,W/m²,0.0
2025-05-31 23:00:00,Température,Température,°C,17.8
2025-05-31 23:00:00,Vitesse du vent,Vitesse du vent,m/s,3.19
2025-05-31 23:00:00,Direction du vent,Direction du vent,Deg,3.8
2025-05-31 23:00:00,Humidité relative,Humidité relative,%,50.6
2025-05-31 23:00:00,Point de Rosée,Point de Rosée,°C,7.4
2025-05-31 23:00:00,Rayonnement solaire,Rayonnement solaire,W/m²,0.0
2025-05-31 23:00:00,Pression atmosphérique,Pression atmosphérique,mm/j,923.2
2025-05-31 23:00:00,Évapotranspiration Horaire,Évapotranspiration Horaire,mm/h,0.0
2025-05-31 23:00:00,Évapotranspiration journalière,Évapotranspiration journalière,mm/j,0.0
2025-05-31 21:00:00,Vitesse du vent,Vitesse du vent,m/s,4.3
2025-05-31 21:00:00,Direction du vent,Direction du vent,Deg,28.9
2025-05-31 21:00:00,Température,Température,°C,18.4
2025-05-31 21:00:00,Humidité relative,Humidité relative,%,48.4
2025-05-31 21:00:00,Point de Rosée,Point de Rosée,°C,7.3
2025-05-31 21:00:00,Rayonnement solaire,Rayonnement solaire,W/m²,0.0
2025-05-31 21:00:00,Pression atmosphérique,Pression atmosphérique,mm/j,922.9
2025-05-31 21:00:00,Évapotranspiration Horaire,Évapotranspiration Horaire,mm/h,0.0
2025-05-31 21:00:00,Évapotranspiration journalière,Évapotranspiration journalière,mm/j,0.0
2025-05-31 20:00:00,Évapotranspiration journalière,Évapotranspiration journalière,mm/j,0.0
2025-05-31 20:00:00,Vitesse du vent,Vitesse du vent,m/s,6.3
2025-05-31 20:00:00,Direction du vent,Direction du vent,Deg,37.4
2025-05-31 20:00:00,Température,Température,°C,20.3
2025-05-31 20:00:00,Humidité relative,Humidité relative,%,42.8
2025-05-31 20:00:00,Point de Rosée,Point de Rosée,°C,7.2
2025-05-31 20:00:00,Rayonnement solaire,Rayonnement solaire,W/m²,0.0
2025-05-31 20:00:00,Pression atmosphérique,Pression atmosphérique,mm/j,922.2
2025-05-31 20:00:00,Évapotranspiration Horaire,Évapotranspiration Horaire,mm/h,0.0
2025-05-31 19:00:00,Vitesse du vent,Vitesse du vent,m/s,5.3
2025-05-31 19:00:00,Rayonnement solaire,Rayonnement solaire,W/m²,43.0
2025-05-31 19:00:00,Direction du vent,Direction du vent,Deg,18.2
2025-05-31 19:00:00,Température,Température,°C,22.4
2025-05-31 19:00:00,Pression atmosphérique,Pression atmosphérique,mm/j,921.9
2025-05-31 19:00:00,Humidité relative,Humidité relative,%,43.6
2025-05-31 19:00:00,Évapotranspiration journalière,Évapotranspiration journalière,mm/j,0.0
2025-05-31 19:00:00,Point de Rosée,Point de Rosée,°C,9.4
2025-05-31 19:00:00,Évapotranspiration Horaire,Évapotranspiration Horaire,mm/h,0.0
2025-05-31 18:00:00,Évapotranspiration journalière,Évapotranspiration journalière,mm/j,0.0
2025-05-31 18:00:00,Température,Température,°C,24.9
2025-05-31 18:00:00,Rayonnement solaire,Rayonnement solaire,W/m²,202.0
2025-05-31 18:00:00,Point de Rosée,Point de Rosée,°C,6.7
2025-05-31 18:00:00,Direction du vent,Direction du vent,Deg,34.6
2025-05-31 18:00:00,Pression atmosphérique,Pression atmosphérique,mm/j,921.5
2025-05-31 18:00:00,Humidité relative,Humidité relative,%,31.2
2025-05-31 18:00:00,Évapotranspiration Horaire,Évapotranspiration Horaire,mm/h,0.0
2025-05-31 18:00:00,Vitesse du vent,Vitesse du vent,m/s,4.67
2025-05-31 17:00:00,Évapotranspiration Horaire,Évapotranspiration Horaire,mm/h,0.0
2025-05-31 17:00:00,Direction du vent,Direction du vent,Deg,16.5
2025-05-31 17:00:00,Température,Température,°C,25.4
2025-05-31 17:00:00,Humidité relative,Humidité relative,%,29.1
2025-05-31 17:00:00,Point de Rosée,Point de Rosée,°C,6.1
2025-05-31 17:00:00,Rayonnement solaire,Rayonnement solaire,W/m²,396.0
2025-05-31 17:00:00,Pression atmosphérique,Pression atmosphérique,mm/j,921.4
2025-05-31 17:00:00,Vitesse du vent,Vitesse du vent,m/s,3.93
2025-05-31 17:00:00,Évapotranspiration journalière,Évapotranspiration journalière,mm/j,0.0
2025-05-31 16:00:00,Humidité relative,Humidité relative,%,28.0
2025-05-31 16:00:00,Point de Rosée,Point de Rosée,°C,6.1
2025-05-31 16:00:00,Température,Température,°C,26.1
2025-05-31 16:00:00,Direction du vent,Direction du vent,Deg,355.5
2025-05-31 16:00:00,Vitesse du vent,Vitesse du vent,m/s,2.73
2025-05-31 16:00:00,Rayonnement solaire,Rayonnement solaire,W/m²,587.0
2025-05-31 16:00:00,Pression atmosphérique,Pression atmosphérique,mm/j,921.7
2025-05-31 16:00:00,Évapotranspiration Horaire,Évapotranspiration Horaire,mm/h,0.0
2025-05-31 16:00:00,Évapotranspiration journalière,Évapotranspiration journalière,mm/j,0.0
2025-05-31 15:00:00,Point de Rosée,Point de Rosée,°C,5.1
2025-05-31 15:00:00,Humidité relative,Humidité relative,%,27.2
2025-05-31 15:00:00,Rayonnement solaire,Rayonnement solaire,W/m²,768.0
2025-05-31 15:00:00,Évapotranspiration Horaire,Évapotranspiration Horaire,mm/h,0.0
2025-05-31 15:00:00,Température,Température,°C,25.4
2025-05-31 15:00:00,Pression atmosphérique,Pression atmosphérique,mm/j,921.8
2025-05-31 15:00:00,Direction du vent,Direction du vent,Deg,9.3
2025-05-31 15:00:00,Évapotranspiration journalière,Évapotranspiration journalière,mm/j,0.0
2025-05-31 15:00:00,Vitesse du vent,Vitesse du vent,m/s,4.73
2025-05-31 14:00:00,Vitesse du vent,Vitesse du vent,m/s,4.79
2025-05-31 14:00:00,Direction du vent,Direction du vent,Deg,52.0
2025-05-31 14:00:00,Température,Température,°C,24.9
2025-05-31 14:00:00,Humidité relative,Humidité relative,%,30.5
2025-05-31 14:00:00,Point de Rosée,Point de Rosée,°C,6.4
2025-05-31 14:00:00,Rayonnement solaire,Rayonnement solaire,W/m²,893.0
2025-05-31 14:00:00,Pression atmosphérique,Pression atmosphérique,mm/j,922.0
2025-05-31 14:00:00,Évapotranspiration Horaire,Évapotranspiration Horaire,mm/h,0.0
2025-05-31 14:00:00,Évapotranspiration journalière,Évapotranspiration journalière,mm/j,0.0
2025-05-31 13:00:00,Vitesse du vent,Vitesse du vent,m/s,2.89
2025-05-31 13:00:00,Pression atmosphérique,Pression atmosphérique,mm/j,922.2
2025-05-31 13:00:00,Évapotranspiration journalière,Évapotranspiration journalière,mm/j,0.0
2025-05-31 13:00:00,Rayonnement solaire,Rayonnement solaire,W/m²,963.0
2025-05-31 13:00:00,Point de Rosée,Point de Rosée,°C,5.6
2025-05-31 13:00:00,Humidité relative,Humidité relative,%,29.4
2025-05-31 13:00:00,Température,Température,°C,24.6
2025-05-31 13:00:00,Direction du vent,Direction du vent,Deg,112.8
2025-05-31 13:00:00,Évapotranspiration Horaire,Évapotranspiration Horaire,mm/h,0.0
2025-05-31 11:00:00,Direction du vent,Direction du vent,Deg,62.6
2025-05-31 11:00:00,Évapotranspiration journalière,Évapotranspiration journalière,mm/j,0.0
2025-05-31 11:00:00,Évapotranspiration Horaire,Évapotranspiration Horaire,mm/h,0.0
2025-05-31 11:00:00,Pression atmosphérique,Pression atmosphérique,mm/j,922.7
2025-05-31 11:00:00,Rayonnement solaire,Rayonnement solaire,W/m²,950.0
2025-05-31 11:00:00,Point de Rosée,Point de Rosée,°C,6.7
2025-05-31 11:00:00,Humidité relative,Humidité relative,%,36.1
2025-05-31 11:00:00,Température,Température,°C,22.5
2025-05-31 11:00:00,Vitesse du vent,Vitesse du vent,m/s,5.44
2025-05-31 10:00:00,Évapotranspiration Horaire,Évapotranspiration Horaire,mm/h,0.0
2025-05-31 10:00:00,Évapotranspiration journalière,Évapotranspiration journalière,mm/j,0.0
2025-05-31 10:00:00,Pression atmosphérique,Pression atmosphérique,mm/j,923.1
2025-05-31 10:00:00,Rayonnement solaire,Rayonnement solaire,W/m²,842.0
2025-05-31 10:00:00,Point de Rosée,Point de Rosée,°C,5.8
2025-05-31 10:00:00,Humidité relative,Humidité relative,%,37.5
2025-05-31 10:00:00,Température,Température,°C,20.8
2025-05-31 10:00:00,Direction du vent,Direction du vent,Deg,0.7
2025-05-31 10:00:00,Vitesse du vent,Vitesse du vent,m/s,3.93
2025-05-31 09:00:00,Point de Rosée,Point de Rosée,°C,6.5
2025-05-31 09:00:00,Température,Température,°C,19.5
2025-05-31 09:00:00,Humidité relative,Humidité relative,%,42.7
2025-05-31 09:00:00,Évapotranspiration Horaire,Évapotranspiration Horaire,mm/h,0.0
2025-05-31 09:00:00,Vitesse du vent,Vitesse du vent,m/s,0.71
2025-05-31 09:00:00,Direction du vent,Direction du vent,Deg,308.5
2025-05-31 09:00:00,Rayonnement solaire,Rayonnement solaire,W/m²,653.0
2025-05-31 09:00:00,Évapotranspiration journalière,Évapotranspiration journalière,mm/j,0.0
2025-05-31 09:00:00,Pression atmosphérique,Pression atmosphérique,mm/j,923.1
2025-05-31 07:00:00,Humidité relative,Humidité relative,%,58.5
2025-05-31 07:00:00,Évapotranspiration journalière,Évapotranspiration journalière,mm/j,0.0
2025-05-31 07:00:00,Vitesse du vent,Vitesse du vent,m/s,2.31
2025-05-31 07:00:00,Évapotranspiration Horaire,Évapotranspiration Horaire,mm/h,0.0
2025-05-31 07:00:00,Pression atmosphérique,Pression atmosphérique,mm/j,922.6
2025-05-31 07:00:00,Rayonnement solaire,Rayonnement solaire,W/m²,242.0
2025-05-31 07:00:00,Point de Rosée,Point de Rosée,°C,9.5
2025-05-31 07:00:00,Température,Température,°C,17.8
2025-05-31 07:00:00,Direction du vent,Direction du vent,Deg,39.7
2025-05-31 05:00:00,Évapotranspiration journalière,Évapotranspiration journalière,mm/j,0.0
2025-05-31 05:00:00,Évapotranspiration Horaire,Évapotranspiration Horaire,mm/h,0.0
2025-05-31 05:00:00,Vitesse du vent,Vitesse du vent,m/s,3.27
2025-05-31 05:00:00,Point de Rosée,Point de Rosée,°C,4.7
2025-05-31 05:00:00,Direction du vent,Direction du vent,Deg,344.0
2025-05-31 05:00:00,Pression atmosphérique,Pression atmosphérique,mm/j,922.1
2025-05-31 05:00:00,Température,Température,°C,15.9
2025-05-31 05:00:00,Rayonnement solaire,Rayonnement solaire,W/m²,0.0
2025-05-31 05:00:00,Humidité relative,Humidité relative,%,47.3
2025-05-30 15:00:00,Pression atmosphérique,Pression atmosphérique,mm/j,921.9
2025-05-30 15:00:00,Évapotranspiration journalière,Évapotranspiration journalière,mm/j,0.0
2025-05-30 15:00:00,Évapotranspiration Horaire,Évapotranspiration Horaire,mm/h,0.0
2025-05-30 15:00:00,Rayonnement solaire,Rayonnement solaire,W/m²,760.0
2025-05-30 15:00:00,Point de Rosée,Point de Rosée,°C,8.1
2025-05-30 15:00:00,Humidité relative,Humidité relative,%,36.7
2025-05-30 15:00:00,Température,Température,°C,23.8
2025-05-30 15:00:00,Direction du vent,Direction du vent,Deg,20.8
2025-05-30 15:00:00,Vitesse du vent,Vitesse du vent,m/s,5.02
2025-05-30 14:00:00,Évapotranspiration Horaire,Évapotranspiration Horaire,mm/h,0.0
2025-05-30 14:00:00,Humidité relative,Humidité relative,%,33.9
2025-05-30 14:00:00,Rayonnement solaire,Rayonnement solaire,W/m²,893.0
2025-05-30 14:00:00,Température,Température,°C,24.0
2025-05-30 14:00:00,Évapotranspiration journalière,Évapotranspiration journalière,mm/j,0.0
2025-05-30 14:00:00,Direction du vent,Direction du vent,Deg,33.1
2025-05-30 14:00:00,Pression atmosphérique,Pression atmosphérique,mm/j,922.0
2025-05-30 14:00:00,Vitesse du vent,Vitesse du vent,m/s,8.29
2025-05-30 14:00:00,Point de Rosée,Point de Rosée,°C,7.1
2025-05-30 13:00:00,Température,Température,°C,23.3
2025-05-30 13:00:00,Évapotranspiration journalière,Évapotranspiration journalière,mm/j,0.0
2025-05-30 13:00:00,Évapotranspiration Horaire,Évapotranspiration Horaire,mm/h,0.0
2025-05-30 13:00:00,Pression atmosphérique,Pression atmosphérique,mm/j,922.4
2025-05-30 13:00:00,Rayonnement solaire,Rayonnement solaire,W/m²,973.0
2025-05-30 13:00:00,Point de Rosée,Point de Rosée,°C,5.2
2025-05-30 13:00:00,Humidité relative,Humidité relative,%,31.0
2025-05-30 13:00:00,Direction du vent,Direction du vent,Deg,38.9
2025-05-30 13:00:00,Vitesse du vent,Vitesse du vent,m/s,6.37
2025-05-30 11:00:00,Évapotranspiration journalière,Évapotranspiration journalière,mm/j,0.0
2025-05-30 11:00:00,Vitesse du vent,Vitesse du vent,m/s,6.13
2025-05-30 11:00:00,Direction du vent,Direction du vent,Deg,36.4
2025-05-30 11:00:00,Température,Température,°C,20.6
2025-05-30 11:00:00,Humidité relative,Humidité relative,%,45.4
2025-05-30 11:00:00,Point de Rosée,Point de Rosée,°C,8.4
2025-05-30 11:00:00,Rayonnement solaire,Rayonnement solaire,W/m²,962.0
2025-05-30 11:00:00,Pression atmosphérique,Pression atmosphérique,mm/j,922.8
2025-05-30 11:00:00,Évapotranspiration Horaire,Évapotranspiration Horaire,mm/h,0.0
2025-05-30 09:00:00,Humidité relative,Humidité relative,%,60.1
2025-05-30 09:00:00,Vitesse du vent,Vitesse du vent,m/s,4.66
2025-05-30 09:00:00,Direction du vent,Direction du vent,Deg,346.3
2025-05-30 09:00:00,Température,Température,°C,18.0
2025-05-30 09:00:00,Point de Rosée,Point de Rosée,°C,10.1
2025-05-30 09:00:00,Rayonnement solaire,Rayonnement solaire,W/m²,663.0
2025-05-30 09:00:00,Pression atmosphérique,Pression atmosphérique,mm/j,922.6
2025-05-30 09:00:00,Évapotranspiration Horaire,Évapotranspiration Horaire,mm/h,0.0
2025-05-30 09:00:00,Évapotranspiration journalière,Évapotranspiration journalière,mm/j,0.0
2025-05-30 07:00:00,Vitesse du vent,Vitesse du vent,m/s,2.11
2025-05-30 07:00:00,Rayonnement solaire,Rayonnement solaire,W/m²,245.0
2025-05-30 07:00:00,Point de Rosée,Point de Rosée,°C,9.7
2025-05-30 07:00:00,Pression atmosphérique,Pression atmosphérique,mm/j,922.3
2025-05-30 07:00:00,Humidité relative,Humidité relative,%,70.1
2025-05-30 07:00:00,Évapotranspiration Horaire,Évapotranspiration Horaire,mm/h,0.0
2025-05-30 07:00:00,Température,Température,°C,15.1
2025-05-30 07:00:00,Évapotranspiration journalière,Évapotranspiration journalière,mm/j,0.0
2025-05-30 07:00:00,Direction du vent,Direction du vent,Deg,311.5
2025-05-30 05:00:00,Direction du vent,Direction du vent,Deg,335.0
2025-05-30 05:00:00,Évapotranspiration journalière,Évapotranspiration journalière,mm/j,0.0
2025-05-30 05:00:00,Évapotranspiration Horaire,Évapotranspiration Horaire,mm/h,0.0
2025-05-30 05:00:00,Pression atmosphérique,Pression atmosphérique,mm/j,921.9
2025-05-30 05:00:00,Rayonnement solaire,Rayonnement solaire,W/m²,1.0
2025-05-30 05:00:00,Point de Rosée,Point de Rosée,°C,7.3
2025-05-30 05:00:00,Humidité relative,Humidité relative,%,64.5
2025-05-30 05:00:00,Température,Température,°C,13.9
2025-05-30 05:00:00,Vitesse du vent,Vitesse du vent,m/s,2.73
2025-05-29 16:00:00,Direction du vent,Direction du vent,Deg,327.0
2025-05-29 16:00:00,Évapotranspiration journalière,Évapotranspiration journalière,mm/j,0.0
2025-05-29 16:00:00,Évapotranspiration Horaire,Évapotranspiration Horaire,mm/h,0.0
2025-05-29 16:00:00,Pression atmosphérique,Pression atmosphérique,mm/j,921.5
2025-05-29 16:00:00,Rayonnement solaire,Rayonnement solaire,W/m²,612.0
2025-05-29 16:00:00,Point de Rosée,Point de Rosée,°C,8.7
2025-05-29 16:00:00,Humidité relative,Humidité relative,%,38.6
2025-05-29 16:00:00,Température,Température,°C,23.6
2025-05-29 16:00:00,Vitesse du vent,Vitesse du vent,m/s,4.12
2025-05-29 14:00:00,Rayonnement solaire,Rayonnement solaire,W/m²,891.0
2025-05-29 14:00:00,Évapotranspiration journalière,Évapotranspiration journalière,mm/j,0.0
2025-05-29 14:00:00,Évapotranspiration Horaire,Évapotranspiration Horaire,mm/h,0.0
2025-05-29 14:00:00,Pression atmosphérique,Pression atmosphérique,mm/j,921.7
2025-05-29 14:00:00,Point de Rosée,Point de Rosée,°C,7.3
2025-05-29 14:00:00,Humidité relative,Humidité relative,%,32.8
2025-05-29 14:00:00,Température,Température,°C,24.8
2025-05-29 14:00:00,Direction du vent,Direction du vent,Deg,324.6
2025-05-29 14:00:00,Vitesse du vent,Vitesse du vent,m/s,5.12
2025-05-29 12:00:00,Vitesse du vent,Vitesse du vent,m/s,3.77
2025-05-29 12:00:00,Évapotranspiration journalière,Évapotranspiration journalière,mm/j,0.0
2025-05-29 12:00:00,Évapotranspiration Horaire,Évapotranspiration Horaire,mm/h,0.0
2025-05-29 12:00:00,Pression atmosphérique,Pression atmosphérique,mm/j,922.2
2025-05-29 12:00:00,Rayonnement solaire,Rayonnement solaire,W/m²,993.0
2025-05-29 12:00:00,Point de Rosée,Point de Rosée,°C,5.6
2025-05-29 12:00:00,Humidité relative,Humidité relative,%,31.6
2025-05-29 12:00:00,Température,Température,°C,23.4
2025-05-29 12:00:00,Direction du vent,Direction du vent,Deg,311.8
2025-05-29 10:00:00,Direction du vent,Direction du vent,Deg,338.6
2025-05-29 10:00:00,Évapotranspiration journalière,Évapotranspiration journalière,mm/j,0.0
2025-05-29 10:00:00,Évapotranspiration Horaire,Évapotranspiration Horaire,mm/h,0.0
2025-05-29 10:00:00,Pression atmosphérique,Pression atmosphérique,mm/j,921.7
2025-05-29 10:00:00,Rayonnement solaire,Rayonnement solaire,W/m²,869.0
2025-05-29 10:00:00,Point de Rosée,Point de Rosée,°C,4.8
2025-05-29 10:00:00,Humidité relative,Humidité relative,%,35.2
2025-05-29 10:00:00,Température,Température,°C,20.7
2025-05-29 10:00:00,Vitesse du vent,Vitesse du vent,m/s,10.64
2025-05-29 08:00:00,Température,Température,°C,18.0
2025-05-29 08:00:00,Évapotranspiration journalière,Évapotranspiration journalière,mm/j,0.0
2025-05-29 08:00:00,Évapotranspiration Horaire,Évapotranspiration Horaire,mm/h,0.0
2025-05-29 08:00:00,Pression atmosphérique,Pression atmosphérique,mm/j,921.6
2025-05-29 08:00:00,Vitesse du vent,Vitesse du vent,m/s,4.55
2025-05-29 08:00:00,Rayonnement solaire,Rayonnement solaire,W/m²,465.0
2025-05-29 08:00:00,Point de Rosée,Point de Rosée,°C,4.3
2025-05-29 08:00:00,Humidité relative,Humidité relative,%,40.3
2025-05-29 08:00:00,Direction du vent,Direction du vent,Deg,311.5
2025-05-29 06:00:00,Vitesse du vent,Vitesse du vent,m/s,6.78
2025-05-29 06:00:00,Évapotranspiration journalière,Évapotranspiration journalière,mm/j,0.0
2025-05-29 06:00:00,Évapotranspiration Horaire,Évapotranspiration Horaire,mm/h,0.0
2025-05-29 06:00:00,Pression atmosphérique,Pression atmosphérique,mm/j,921.6
2025-05-29 06:00:00,Rayonnement solaire,Rayonnement solaire,W/m²,93.0
2025-05-29 06:00:00,Point de Rosée,Point de Rosée,°C,4.4
2025-05-29 06:00:00,Humidité relative,Humidité relative,%,46.7
2025-05-29 06:00:00,Température,Température,°C,15.8
2025-05-29 06:00:00,Direction du vent,Direction du vent,Deg,300.6
2025-05-29 04:00:00,Vitesse du vent,Vitesse du vent,m/s,7.13
2025-05-29 04:00:00,Évapotranspiration journalière,Évapotranspiration journalière,mm/j,0.0
2025-05-29 04:00:00,Évapotranspiration Horaire,Évapotranspiration Horaire,mm/h,0.0
2025-05-29 04:00:00,Pression atmosphérique,Pression atmosphérique,mm/j,921.5
2025-05-29 04:00:00,Rayonnement solaire,Rayonnement solaire,W/m²,0.0
2025-05-29 04:00:00,Point de Rosée,Point de Rosée,°C,3.6
2025-05-29 04:00:00,Humidité relative,Humidité relative,%,44.7
2025-05-29 04:00:00,Température,Température,°C,15.6
2025-05-29 04:00:00,Direction du vent,Direction du vent,Deg,276.3
2025-05-28 05:00:00,Évapotranspiration journalière,Évapotranspiration journalière,mm/j,0.0
2025-05-28 05:00:00,Évapotranspiration Horaire,Évapotranspiration Horaire,mm/h,0.0
2025-05-28 05:00:00,Pression atmosphérique,Pression atmosphérique,mm/j,921.6
2025-05-28 05:00:00,Rayonnement solaire,Rayonnement solaire,W/m²,0.0
2025-05-28 05:00:00,Point de Rosée,Point de Rosée,°C,6.7
2025-05-28 05:00:00,Humidité relative,Humidité relative,%,53.2
2025-05-28 05:00:00,Température,Température,°C,16.2
2025-05-28 05:00:00,Direction du vent,Direction du vent,Deg,276.0
2025-05-28 05:00:00,Vitesse du vent,Vitesse du vent,m/s,4.55
2025-05-28 04:00:00,Évapotranspiration journalière,Évapotranspiration journalière,mm/j,0.0
2025-05-28 04:00:00,Évapotranspiration Horaire,Évapotranspiration Horaire,mm/h,0.0
2025-05-28 04:00:00,Pression atmosphérique,Pression atmosphérique,mm/j,921.9
2025-05-28 04:00:00,Rayonnement solaire,Rayonnement solaire,W/m²,0.0
2025-05-28 04:00:00,Point de Rosée,Point de Rosée,°C,4.8
2025-05-28 04:00:00,Humidité relative,Humidité relative,%,50.1
2025-05-28 04:00:00,Température,Température,°C,15.1
2025-05-28 04:00:00,Direction du vent,Direction du vent,Deg,259.7
2025-05-28 04:00:00,Vitesse du vent,Vitesse du vent,m/s,0.89
2025-05-28 03:00:00,Point de Rosée,Point de Rosée,°C,3.1
2025-05-28 03:00:00,Évapotranspiration journalière,Évapotranspiration journalière,mm/j,0.0
2025-05-28 03:00:00,Vitesse du vent,Vitesse du vent,m/s,2.41
2025-05-28 03:00:00,Évapotranspiration Horaire,Évapotranspiration Horaire,mm/h,0.0
2025-05-28 03:00:00,Humidité relative,Humidité relative,%,42.3
2025-05-28 03:00:00,Pression atmosphérique,Pression atmosphérique,mm/j,922.1
2025-05-28 03:00:00,Direction du vent,Direction du vent,Deg,338.2
2025-05-28 03:00:00,Rayonnement solaire,Rayonnement solaire,W/m²,0.0
2025-05-28 03:00:00,Température,Température,°C,15.9
2025-05-28 02:00:00,Évapotranspiration journalière,Évapotranspiration journalière,mm/j,0.0
2025-05-28 02:00:00,Évapotranspiration Horaire,Évapotranspiration Horaire,mm/h,0.0
2025-05-28 02:00:00,Pression atmosphérique,Pression atmosphérique,mm/j,922.1
2025-05-28 02:00:00,Rayonnement solaire,Rayonnement solaire,W/m²,0.0
2025-05-28 02:00:00,Point de Rosée,Point de Rosée,°C,2.5
2025-05-28 02:00:00,Humidité relative,Humidité relative,%,38.9
2025-05-28 02:00:00,Température,Température,°C,16.5
2025-05-28 02:00:00,Direction du vent,Direction du vent,Deg,305.3
2025-05-28 02:00:00,Vitesse du vent,Vitesse du vent,m/s,3.79
2025-05-28 01:00:00,Rayonnement solaire,Rayonnement solaire,W/m²,0.0
2025-05-28 01:00:00,Humidité relative,Humidité relative,%,30.7
2025-05-28 01:00:00,Pression atmosphérique,Pression atmosphérique,mm/j,922.3
2025-05-28 01:00:00,Température,Température,°C,17.6
2025-05-28 01:00:00,Point de Rosée,Point de Rosée,°C,0.1
2025-05-28 01:00:00,Évapotranspiration Horaire,Évapotranspiration Horaire,mm/h,0.0
2025-05-28 01:00:00,Direction du vent,Direction du vent,Deg,318.0
2025-05-28 01:00:00,Évapotranspiration journalière,Évapotranspiration journalière,mm/j,0.0
2025-05-28 01:00:00,Vitesse du vent,Vitesse du vent,m/s,2.94
2025-05-27 23:00:00,Point de Rosée,Point de Rosée,°C,1.7
2025-05-27 23:00:00,Évapotranspiration journalière,Évapotranspiration journalière,mm/j,0.0
2025-05-27 23:00:00,Évapotranspiration Horaire,Évapotranspiration Horaire,mm/h,0.0
2025-05-27 23:00:00,Pression atmosphérique,Pression atmosphérique,mm/j,923.0
2025-05-27 23:00:00,Rayonnement solaire,Rayonnement solaire,W/m²,0.0
2025-05-27 23:00:00,Humidité relative,Humidité relative,%,33.3
2025-05-27 23:00:00,Température,Température,°C,18.1
2025-05-27 23:00:00,Direction du vent,Direction du vent,Deg,188.1
2025-05-27 23:00:00,Vitesse du vent,Vitesse du vent,m/s,0.89
2025-05-27 22:00:00,Évapotranspiration journalière,Évapotranspiration journalière,mm/j,0.0
2025-05-27 22:00:00,Point de Rosée,Point de Rosée,°C,4.4
2025-05-27 22:00:00,Vitesse du vent,Vitesse du vent,m/s,1.58
2025-05-27 22:00:00,Humidité relative,Humidité relative,%,38.7
2025-05-27 22:00:00,Évapotranspiration Horaire,Évapotranspiration Horaire,mm/h,0.0
2025-05-27 22:00:00,Rayonnement solaire,Rayonnement solaire,W/m²,0.0
2025-05-27 22:00:00,Direction du vent,Direction du vent,Deg,329.8
2025-05-27 22:00:00,Température,Température,°C,18.8
2025-05-27 22:00:00,Pression atmosphérique,Pression atmosphérique,mm/j,922.9
2025-05-27 21:00:00,Point de Rosée,Point de Rosée,°C,5.3
2025-05-27 21:00:00,Évapotranspiration journalière,Évapotranspiration journalière,mm/j,0.0
2025-05-27 21:00:00,Évapotranspiration Horaire,Évapotranspiration Horaire,mm/h,0.0
2025-05-27 21:00:00,Pression atmosphérique,Pression atmosphérique,mm/j,922.3
2025-05-27 21:00:00,Rayonnement solaire,Rayonnement solaire,W/m²,0.0
2025-05-27 21:00:00,Humidité relative,Humidité relative,%,40.0
2025-05-27 21:00:00,Température,Température,°C,19.2
2025-05-27 21:00:00,Direction du vent,Direction du vent,Deg,14.1
2025-05-27 21:00:00,Vitesse du vent,Vitesse du vent,m/s,3.24
2025-05-27 20:00:00,Évapotranspiration journalière,Évapotranspiration journalière,mm/j,0.0
2025-05-27 20:00:00,Humidité relative,Humidité relative,%,37.2
2025-05-27 20:00:00,Rayonnement solaire,Rayonnement solaire,W/m²,0.0
2025-05-27 20:00:00,Température,Température,°C,20.8
2025-05-27 20:00:00,Évapotranspiration Horaire,Évapotranspiration Horaire,mm/h,0.0
2025-05-27 20:00:00,Direction du vent,Direction du vent,Deg,357.7
2025-05-27 20:00:00,Pression atmosphérique,Pression atmosphérique,mm/j,922.0
2025-05-27 20:00:00,Vitesse du vent,Vitesse du vent,m/s,3.3
2025-05-27 20:00:00,Point de Rosée,Point de Rosée,°C,5.7
2025-05-27 19:00:00,Température,Température,°C,23.0
2025-05-27 19:00:00,Évapotranspiration Horaire,Évapotranspiration Horaire,mm/h,0.0
2025-05-27 19:00:00,Évapotranspiration journalière,Évapotranspiration journalière,mm/j,0.0
2025-05-27 19:00:00,Pression atmosphérique,Pression atmosphérique,mm/j,921.4
2025-05-27 19:00:00,Rayonnement solaire,Rayonnement solaire,W/m²,37.0
2025-05-27 19:00:00,Point de Rosée,Point de Rosée,°C,5.6
2025-05-27 19:00:00,Humidité relative,Humidité relative,%,32.3
2025-05-27 19:00:00,Direction du vent,Direction du vent,Deg,356.9
2025-05-27 19:00:00,Vitesse du vent,Vitesse du vent,m/s,4.09
2025-05-27 17:00:00,Évapotranspiration journalière,Évapotranspiration journalière,mm/j,0.0
2025-05-27 17:00:00,Évapotranspiration Horaire,Évapotranspiration Horaire,mm/h,0.0
2025-05-27 17:00:00,Pression atmosphérique,Pression atmosphérique,mm/j,921.0
2025-05-27 17:00:00,Rayonnement solaire,Rayonnement solaire,W/m²,384.0
2025-05-27 17:00:00,Point de Rosée,Point de Rosée,°C,4.9
2025-05-27 17:00:00,Humidité relative,Humidité relative,%,26.8
2025-05-27 17:00:00,Température,Température,°C,25.3
2025-05-27 17:00:00,Direction du vent,Direction du vent,Deg,35.8
2025-05-27 17:00:00,Vitesse du vent,Vitesse du vent,m/s,1.89
2025-05-27 15:00:00,Point de Rosée,Point de Rosée,°C,4.4
2025-05-27 15:00:00,Évapotranspiration journalière,Évapotranspiration journalière,mm/j,0.0
2025-05-27 15:00:00,Évapotranspiration Horaire,Évapotranspiration Horaire,mm/h,0.0
2025-05-27 15:00:00,Pression atmosphérique,Pression atmosphérique,mm/j,921.4
2025-05-27 15:00:00,Rayonnement solaire,Rayonnement solaire,W/m²,754.0
2025-05-27 15:00:00,Humidité relative,Humidité relative,%,25.6
2025-05-27 15:00:00,Température,Température,°C,25.5
2025-05-27 15:00:00,Direction du vent,Direction du vent,Deg,343.6
2025-05-27 15:00:00,Vitesse du vent,Vitesse du vent,m/s,5.98
2025-05-27 13:00:00,Évapotranspiration journalière,Évapotranspiration journalière,mm/j,0.0
2025-05-27 13:00:00,Évapotranspiration Horaire,Évapotranspiration Horaire,mm/h,0.0
2025-05-27 13:00:00,Pression atmosphérique,Pression atmosphérique,mm/j,921.9
2025-05-27 13:00:00,Rayonnement solaire,Rayonnement solaire,W/m²,958.0
2025-05-27 13:00:00,Point de Rosée,Point de Rosée,°C,2.8
2025-05-27 13:00:00,Humidité relative,Humidité relative,%,23.5
2025-05-27 13:00:00,Température,Température,°C,25.1
2025-05-27 13:00:00,Direction du vent,Direction du vent,Deg,356.4
2025-05-27 13:00:00,Vitesse du vent,Vitesse du vent,m/s,3.42
2025-05-27 11:00:00,Évapotranspiration journalière,Évapotranspiration journalière,mm/j,0.0
2025-05-27 11:00:00,Évapotranspiration Horaire,Évapotranspiration Horaire,mm/h,0.0
2025-05-27 11:00:00,Pression atmosphérique,Pression atmosphérique,mm/j,922.3
2025-05-27 11:00:00,Rayonnement solaire,Rayonnement solaire,W/m²,940.0
2025-05-27 11:00:00,Point de Rosée,Point de Rosée,°C,4.2
2025-05-27 11:00:00,Humidité relative,Humidité relative,%,28.2
2025-05-27 11:00:00,Température,Température,°C,23.7
2025-05-27 11:00:00,Direction du vent,Direction du vent,Deg,172.0
2025-05-27 11:00:00,Vitesse du vent,Vitesse du vent,m/s,0.81
2025-05-27 09:00:00,Évapotranspiration journalière,Évapotranspiration journalière,mm/j,0.0
2025-05-27 09:00:00,Évapotranspiration Horaire,Évapotranspiration Horaire,mm/h,0.0
2025-05-27 09:00:00,Pression atmosphérique,Pression atmosphérique,mm/j,922.4
2025-05-27 09:00:00,Rayonnement solaire,Rayonnement solaire,W/m²,655.0
2025-05-27 09:00:00,Point de Rosée,Point de Rosée,°C,4.3
2025-05-27 09:00:00,Humidité relative,Humidité relative,%,33.2
2025-05-27 09:00:00,Température,Température,°C,21.1
2025-05-27 09:00:00,Direction du vent,Direction du vent,Deg,42.3
2025-05-27 09:00:00,Vitesse du vent,Vitesse du vent,m/s,3.2
2025-05-27 07:00:00,Point de Rosée,Point de Rosée,°C,4.1
2025-05-27 07:00:00,Évapotranspiration journalière,Évapotranspiration journalière,mm/j,0.0
2025-05-27 07:00:00,Évapotranspiration Horaire,Évapotranspiration Horaire,mm/h,0.0
2025-05-27 07:00:00,Pression atmosphérique,Pression atmosphérique,mm/j,921.9
2025-05-27 07:00:00,Rayonnement solaire,Rayonnement solaire,W/m²,238.0
2025-05-27 07:00:00,Humidité relative,Humidité relative,%,36.0
2025-05-27 07:00:00,Température,Température,°C,19.6
2025-05-27 07:00:00,Direction du vent,Direction du vent,Deg,193.9
2025-05-27 07:00:00,Vitesse du vent,Vitesse du vent,m/s,1.74
2025-05-27 05:00:00,Évapotranspiration journalière,Évapotranspiration journalière,mm/j,0.0
2025-05-27 05:00:00,Évapotranspiration Horaire,Évapotranspiration Horaire,mm/h,0.0
2025-05-27 05:00:00,Pression atmosphérique,Pression atmosphérique,mm/j,921.4
2025-05-27 05:00:00,Rayonnement solaire,Rayonnement solaire,W/m²,0.0
2025-05-27 05:00:00,Point de Rosée,Point de Rosée,°C,1.6
2025-05-27 05:00:00,Humidité relative,Humidité relative,%,37.2
2025-05-27 05:00:00,Température,Température,°C,16.2
2025-05-27 05:00:00,Direction du vent,Direction du vent,Deg,298.7
2025-05-27 05:00:00,Vitesse du vent,Vitesse du vent,m/s,1.87
2025-05-26 22:00:00,Pression atmosphérique,Pression atmosphérique,mm/j,922.6
2025-05-26 22:00:00,Évapotranspiration journalière,Évapotranspiration journalière,mm/j,0.0
2025-05-26 22:00:00,Évapotranspiration Horaire,Évapotranspiration Horaire,mm/h,0.0
2025-05-26 22:00:00,Rayonnement solaire,Rayonnement solaire,W/m²,0.0
2025-05-26 22:00:00,Point de Rosée,Point de Rosée,°C,3.6
2025-05-26 22:00:00,Humidité relative,Humidité relative,%,40.2
2025-05-26 22:00:00,Température,Température,°C,17.2
2025-05-26 22:00:00,Direction du vent,Direction du vent,Deg,351.2
2025-05-26 22:00:00,Vitesse du vent,Vitesse du vent,m/s,2.36
2025-05-26 21:00:00,Point de Rosée,Point de Rosée,°C,3.2
2025-05-26 21:00:00,Vitesse du vent,Vitesse du vent,m/s,4.93
2025-05-26 21:00:00,Humidité relative,Humidité relative,%,38.8
2025-05-26 21:00:00,Évapotranspiration Horaire,Évapotranspiration Horaire,mm/h,0.0
2025-05-26 21:00:00,Évapotranspiration journalière,Évapotranspiration journalière,mm/j,0.0
2025-05-26 21:00:00,Pression atmosphérique,Pression atmosphérique,mm/j,922.5
2025-05-26 21:00:00,Direction du vent,Direction du vent,Deg,3.2
2025-05-26 21:00:00,Rayonnement solaire,Rayonnement solaire,W/m²,0.0
2025-05-26 21:00:00,Température,Température,°C,17.4
2025-05-26 20:00:00,Pression atmosphérique,Pression atmosphérique,mm/j,922.2
2025-05-26 20:00:00,Évapotranspiration journalière,Évapotranspiration journalière,mm/j,0.0
2025-05-26 20:00:00,Évapotranspiration Horaire,Évapotranspiration Horaire,mm/h,0.0
2025-05-26 20:00:00,Rayonnement solaire,Rayonnement solaire,W/m²,0.0
2025-05-26 20:00:00,Point de Rosée,Point de Rosée,°C,4.0
2025-05-26 20:00:00,Humidité relative,Humidité relative,%,37.8
2025-05-26 20:00:00,Température,Température,°C,18.6
2025-05-26 20:00:00,Direction du vent,Direction du vent,Deg,352.5
2025-05-26 20:00:00,Vitesse du vent,Vitesse du vent,m/s,4.77
2025-05-26 19:00:00,Rayonnement solaire,Rayonnement solaire,W/m²,38.0
2025-05-26 19:00:00,Humidité relative,Humidité relative,%,32.4
2025-05-26 19:00:00,Pression atmosphérique,Pression atmosphérique,mm/j,921.7
2025-05-26 19:00:00,Température,Température,°C,20.9
2025-05-26 19:00:00,Point de Rosée,Point de Rosée,°C,3.8
2025-05-26 19:00:00,Évapotranspiration journalière,Évapotranspiration journalière,mm/j,0.0
2025-05-26 19:00:00,Direction du vent,Direction du vent,Deg,354.6
2025-05-26 19:00:00,Évapotranspiration Horaire,Évapotranspiration Horaire,mm/h,0.0
2025-05-26 19:00:00,Vitesse du vent,Vitesse du vent,m/s,2.86
2025-05-26 17:00:00,Point de Rosée,Point de Rosée,°C,3.6
2025-05-26 17:00:00,Évapotranspiration journalière,Évapotranspiration journalière,mm/j,0.0
2025-05-26 17:00:00,Évapotranspiration Horaire,Évapotranspiration Horaire,mm/h,0.0
2025-05-26 17:00:00,Pression atmosphérique,Pression atmosphérique,mm/j,921.1
2025-05-26 17:00:00,Rayonnement solaire,Rayonnement solaire,W/m²,385.0
2025-05-26 17:00:00,Humidité relative,Humidité relative,%,29.3
2025-05-26 17:00:00,Température,Température,°C,22.4
2025-05-26 17:00:00,Direction du vent,Direction du vent,Deg,358.2
2025-05-26 17:00:00,Vitesse du vent,Vitesse du vent,m/s,3.25
2025-05-26 16:00:00,Évapotranspiration journalière,Évapotranspiration journalière,mm/j,0.0
2025-05-26 16:00:00,Évapotranspiration Horaire,Évapotranspiration Horaire,mm/h,0.0
2025-05-26 16:00:00,Pression atmosphérique,Pression atmosphérique,mm/j,921.2
2025-05-26 16:00:00,Direction du vent,Direction du vent,Deg,11.2
2025-05-26 16:00:00,Température,Température,°C,23.0
2025-05-26 16:00:00,Vitesse du vent,Vitesse du vent,m/s,3.82
2025-05-26 16:00:00,Rayonnement solaire,Rayonnement solaire,W/m²,590.0
2025-05-26 16:00:00,Humidité relative,Humidité relative,%,25.9
2025-05-26 16:00:00,Point de Rosée,Point de Rosée,°C,2.4
2025-05-26 15:00:00,Humidité relative,Humidité relative,%,27.2
2025-05-26 15:00:00,Vitesse du vent,Vitesse du vent,m/s,6.44
2025-05-26 15:00:00,Direction du vent,Direction du vent,Deg,17.5
2025-05-26 15:00:00,Température,Température,°C,23.0
2025-05-26 15:00:00,Point de Rosée,Point de Rosée,°C,3.1
2025-05-26 15:00:00,Rayonnement solaire,Rayonnement solaire,W/m²,761.0
2025-05-26 15:00:00,Pression atmosphérique,Pression atmosphérique,mm/j,921.5
2025-05-26 15:00:00,Évapotranspiration Horaire,Évapotranspiration Horaire,mm/h,0.0
2025-05-26 15:00:00,Évapotranspiration journalière,Évapotranspiration journalière,mm/j,0.0
2025-05-26 13:00:00,Vitesse du vent,Vitesse du vent,m/s,3.37
2025-05-26 13:00:00,Température,Température,°C,21.4
2025-05-26 13:00:00,Évapotranspiration Horaire,Évapotranspiration Horaire,mm/h,0.0
2025-05-26 13:00:00,Rayonnement solaire,Rayonnement solaire,W/m²,964.0
2025-05-26 13:00:00,Évapotranspiration journalière,Évapotranspiration journalière,mm/j,0.0
2025-05-26 13:00:00,Humidité relative,Humidité relative,%,30.6
2025-05-26 13:00:00,Point de Rosée,Point de Rosée,°C,3.4
2025-05-26 13:00:00,Direction du vent,Direction du vent,Deg,275.3
2025-05-26 13:00:00,Pression atmosphérique,Pression atmosphérique,mm/j,922.1
2025-05-26 12:00:00,Température,Température,°C,20.4
2025-05-26 12:00:00,Point de Rosée,Point de Rosée,°C,4.6
2025-05-26 12:00:00,Humidité relative,Humidité relative,%,35.5
2025-05-26 12:00:00,Évapotranspiration journalière,Évapotranspiration journalière,mm/j,0.0
2025-05-26 12:00:00,Évapotranspiration Horaire,Évapotranspiration Horaire,mm/h,0.0
2025-05-26 12:00:00,Pression atmosphérique,Pression atmosphérique,mm/j,922.3
2025-05-26 12:00:00,Rayonnement solaire,Rayonnement solaire,W/m²,987.0
2025-05-26 12:00:00,Vitesse du vent,Vitesse du vent,m/s,1.69
2025-05-26 12:00:00,Direction du vent,Direction du vent,Deg,244.7
2025-05-26 11:00:00,Évapotranspiration Horaire,Évapotranspiration Horaire,mm/h,0.0
2025-05-26 11:00:00,Température,Température,°C,19.9
2025-05-26 11:00:00,Évapotranspiration journalière,Évapotranspiration journalière,mm/j,0.0
2025-05-26 11:00:00,Direction du vent,Direction du vent,Deg,22.2
2025-05-26 11:00:00,Point de Rosée,Point de Rosée,°C,4.0
2025-05-26 11:00:00,Humidité relative,Humidité relative,%,35.0
2025-05-26 11:00:00,Pression atmosphérique,Pression atmosphérique,mm/j,922.4
2025-05-26 11:00:00,Vitesse du vent,Vitesse du vent,m/s,1.02
2025-05-26 11:00:00,Rayonnement solaire,Rayonnement solaire,W/m²,947.0
2025-05-26 09:00:00,Température,Température,°C,18.5
2025-05-26 09:00:00,Évapotranspiration journalière,Évapotranspiration journalière,mm/j,0.0
2025-05-26 09:00:00,Évapotranspiration Horaire,Évapotranspiration Horaire,mm/h,0.0
2025-05-26 09:00:00,Pression atmosphérique,Pression atmosphérique,mm/j,922.2
2025-05-26 09:00:00,Rayonnement solaire,Rayonnement solaire,W/m²,657.0
2025-05-26 09:00:00,Point de Rosée,Point de Rosée,°C,3.8
2025-05-26 09:00:00,Humidité relative,Humidité relative,%,37.6
2025-05-26 09:00:00,Direction du vent,Direction du vent,Deg,332.1
2025-05-26 09:00:00,Vitesse du vent,Vitesse du vent,m/s,2.51
2025-05-26 07:00:00,Évapotranspiration Horaire,Évapotranspiration Horaire,mm/h,0.0
2025-05-26 07:00:00,Évapotranspiration journalière,Évapotranspiration journalière,mm/j,0.0
2025-05-26 07:00:00,Pression atmosphérique,Pression atmosphérique,mm/j,921.7
2025-05-26 07:00:00,Rayonnement solaire,Rayonnement solaire,W/m²,243.0
2025-05-26 07:00:00,Point de Rosée,Point de Rosée,°C,6.5
2025-05-26 07:00:00,Humidité relative,Humidité relative,%,61.0
2025-05-26 07:00:00,Température,Température,°C,13.9
2025-05-26 07:00:00,Direction du vent,Direction du vent,Deg,244.7
2025-05-26 07:00:00,Vitesse du vent,Vitesse du vent,m/s,1.53
2025-05-26 06:00:00,Vitesse du vent,Vitesse du vent,m/s,0.92
2025-05-26 06:00:00,Évapotranspiration journalière,Évapotranspiration journalière,mm/j,0.0
2025-05-26 06:00:00,Évapotranspiration Horaire,Évapotranspiration Horaire,mm/h,0.0
2025-05-26 06:00:00,Pression atmosphérique,Pression atmosphérique,mm/j,921.7
2025-05-26 06:00:00,Rayonnement solaire,Rayonnement solaire,W/m²,87.0
2025-05-26 06:00:00,Point de Rosée,Point de Rosée,°C,3.8
2025-05-26 06:00:00,Humidité relative,Humidité relative,%,51.9
2025-05-26 06:00:00,Température,Température,°C,13.5
2025-05-26 06:00:00,Direction du vent,Direction du vent,Deg,319.2
2025-05-26 05:00:00,Température,Température,°C,12.3
2025-05-26 05:00:00,Point de Rosée,Point de Rosée,°C,3.7
2025-05-26 05:00:00,Vitesse du vent,Vitesse du vent,m/s,2.72
2025-05-26 05:00:00,Évapotranspiration journalière,Évapotranspiration journalière,mm/j,0.0
2025-05-26 05:00:00,Évapotranspiration Horaire,Évapotranspiration Horaire,mm/h,0.0
2025-05-26 05:00:00,Humidité relative,Humidité relative,%,55.8
2025-05-26 05:00:00,Pression atmosphérique,Pression atmosphérique,mm/j,921.6
2025-05-26 05:00:00,Direction du vent,Direction du vent,Deg,293.7
2025-05-26 05:00:00,Rayonnement solaire,Rayonnement solaire,W/m²,0.0
2025-05-26 04:00:00,Évapotranspiration journalière,Évapotranspiration journalière,mm/j,0.0
2025-05-26 04:00:00,Vitesse du vent,Vitesse du vent,m/s,2.07
2025-05-26 04:00:00,Direction du vent,Direction du vent,Deg,295.8
2025-05-26 04:00:00,Température,Température,°C,12.3
2025-05-26 04:00:00,Humidité relative,Humidité relative,%,57.6
2025-05-26 04:00:00,Point de Rosée,Point de Rosée,°C,4.1
2025-05-26 04:00:00,Rayonnement solaire,Rayonnement solaire,W/m²,0.0
2025-05-26 04:00:00,Pression atmosphérique,Pression atmosphérique,mm/j,921.7
2025-05-26 04:00:00,Évapotranspiration Horaire,Évapotranspiration Horaire,mm/h,0.0
2025-05-26 03:00:00,Évapotranspiration journalière,Évapotranspiration journalière,mm/j,0.0
2025-05-26 03:00:00,Évapotranspiration Horaire,Évapotranspiration Horaire,mm/h,0.0
2025-05-26 03:00:00,Vitesse du vent,Vitesse du vent,m/s,1.9
2025-05-26 03:00:00,Pression atmosphérique,Pression atmosphérique,mm/j,921.6
2025-05-26 03:00:00,Rayonnement solaire,Rayonnement solaire,W/m²,0.0
2025-05-26 03:00:00,Point de Rosée,Point de Rosée,°C,6.0
2025-05-26 03:00:00,Humidité relative,Humidité relative,%,72.9
2025-05-26 03:00:00,Température,Température,°C,10.7
2025-05-26 03:00:00,Direction du vent,Direction du vent,Deg,249.7
2025-05-25 11:00:00,Vitesse du vent,Vitesse du vent,m/s,3.94
2025-05-25 11:00:00,Direction du vent,Direction du vent,Deg,312.7
2025-05-25 11:00:00,Température,Température,°C,16.7
2025-05-25 11:00:00,Humidité relative,Humidité relative,%,57.1
2025-05-25 11:00:00,Point de Rosée,Point de Rosée,°C,8.1
2025-05-25 11:00:00,Rayonnement solaire,Rayonnement solaire,W/m²,1007.0
2025-05-25 11:00:00,Pression atmosphérique,Pression atmosphérique,mm/j,920.4
2025-05-25 11:00:00,Évapotranspiration Horaire,Évapotranspiration Horaire,mm/h,0.0
2025-05-25 11:00:00,Évapotranspiration journalière,Évapotranspiration journalière,mm/j,0.0
2025-05-25 09:00:00,Vitesse du vent,Vitesse du vent,m/s,5.74
2025-05-25 09:00:00,Direction du vent,Direction du vent,Deg,312.2
2025-05-25 09:00:00,Température,Température,°C,14.1
2025-05-25 09:00:00,Humidité relative,Humidité relative,%,64.7
2025-05-25 09:00:00,Point de Rosée,Point de Rosée,°C,7.5
2025-05-25 09:00:00,Rayonnement solaire,Rayonnement solaire,W/m²,734.0
2025-05-25 09:00:00,Pression atmosphérique,Pression atmosphérique,mm/j,920.5
2025-05-25 09:00:00,Évapotranspiration Horaire,Évapotranspiration Horaire,mm/h,0.0
2025-05-25 09:00:00,Évapotranspiration journalière,Évapotranspiration journalière,mm/j,0.0
2025-05-25 07:00:00,Température,Température,°C,11.3
2025-05-25 07:00:00,Vitesse du vent,Vitesse du vent,m/s,10.33
2025-05-25 07:00:00,Direction du vent,Direction du vent,Deg,339.6
2025-05-25 07:00:00,Humidité relative,Humidité relative,%,80.4
2025-05-25 07:00:00,Point de Rosée,Point de Rosée,°C,8.0
2025-05-25 07:00:00,Rayonnement solaire,Rayonnement solaire,W/m²,162.0
2025-05-25 07:00:00,Pression atmosphérique,Pression atmosphérique,mm/j,919.2
2025-05-25 07:00:00,Évapotranspiration Horaire,Évapotranspiration Horaire,mm/h,0.0
2025-05-25 07:00:00,Évapotranspiration journalière,Évapotranspiration journalière,mm/j,0.0
2025-05-25 05:00:00,Rayonnement solaire,Rayonnement solaire,W/m²,0.0
2025-05-25 05:00:00,Pression atmosphérique,Pression atmosphérique,mm/j,918.2
2025-05-25 05:00:00,Vitesse du vent,Vitesse du vent,m/s,7.35
2025-05-25 05:00:00,Direction du vent,Direction du vent,Deg,296.2
2025-05-25 05:00:00,Évapotranspiration journalière,Évapotranspiration journalière,mm/j,0.0
2025-05-25 05:00:00,Température,Température,°C,10.1
2025-05-25 05:00:00,Humidité relative,Humidité relative,%,88.4
2025-05-25 05:00:00,Point de Rosée,Point de Rosée,°C,8.2
2025-05-25 05:00:00,Évapotranspiration Horaire,Évapotranspiration Horaire,mm/h,0.0
2025-05-25 03:00:00,Évapotranspiration journalière,Évapotranspiration journalière,mm/j,0.0
2025-05-25 03:00:00,Vitesse du vent,Vitesse du vent,m/s,5.31
2025-05-25 03:00:00,Direction du vent,Direction du vent,Deg,277.5
2025-05-25 03:00:00,Température,Température,°C,10.3
2025-05-25 03:00:00,Humidité relative,Humidité relative,%,85.9
2025-05-25 03:00:00,Point de Rosée,Point de Rosée,°C,8.0
2025-05-25 03:00:00,Rayonnement solaire,Rayonnement solaire,W/m²,0.0
2025-05-25 03:00:00,Pression atmosphérique,Pression atmosphérique,mm/j,918.2
2025-05-25 03:00:00,Évapotranspiration Horaire,Évapotranspiration Horaire,mm/h,0.0
2025-05-25 01:00:00,Direction du vent,Direction du vent,Deg,272.9
2025-05-25 01:00:00,Vitesse du vent,Vitesse du vent,m/s,3.55
2025-05-25 01:00:00,Évapotranspiration Horaire,Évapotranspiration Horaire,mm/h,0.0
2025-05-25 01:00:00,Humidité relative,Humidité relative,%,86.2
2025-05-25 01:00:00,Pression atmosphérique,Pression atmosphérique,mm/j,918.3
2025-05-25 01:00:00,Rayonnement solaire,Rayonnement solaire,W/m²,0.0
2025-05-25 01:00:00,Point de Rosée,Point de Rosée,°C,7.7
2025-05-25 01:00:00,Température,Température,°C,9.9
2025-05-25 01:00:00,Évapotranspiration journalière,Évapotranspiration journalière,mm/j,0.0
2025-05-25 00:00:00,Évapotranspiration journalière,Évapotranspiration journalière,mm/j,0.0
2025-05-25 00:00:00,Humidité relative,Humidité relative,%,88.2
2025-05-25 00:00:00,Point de Rosée,Point de Rosée,°C,8.0
2025-05-25 00:00:00,Température,Température,°C,9.9
2025-05-25 00:00:00,Rayonnement solaire,Rayonnement solaire,W/m²,0.0
2025-05-25 00:00:00,Direction du vent,Direction du vent,Deg,277.5
2025-05-25 00:00:00,Pression atmosphérique,Pression atmosphérique,mm/j,918.2
2025-05-25 00:00:00,Vitesse du vent,Vitesse du vent,m/s,5.42
2025-05-25 00:00:00,Évapotranspiration Horaire,Évapotranspiration Horaire,mm/h,0.0
2025-05-24 23:00:00,Point de Rosée,Point de Rosée,°C,7.9
2025-05-24 23:00:00,Évapotranspiration journalière,Évapotranspiration journalière,mm/j,0.0
2025-05-24 23:00:00,Évapotranspiration Horaire,Évapotranspiration Horaire,mm/h,0.0
2025-05-24 23:00:00,Pression atmosphérique,Pression atmosphérique,mm/j,918.4
2025-05-24 23:00:00,Rayonnement solaire,Rayonnement solaire,W/m²,0.0
2025-05-24 23:00:00,Humidité relative,Humidité relative,%,84.4
2025-05-24 23:00:00,Température,Température,°C,10.4
2025-05-24 23:00:00,Direction du vent,Direction du vent,Deg,322.6
2025-05-24 23:00:00,Vitesse du vent,Vitesse du vent,m/s,4.11
2025-05-24 22:00:00,Évapotranspiration journalière,Évapotranspiration journalière,mm/j,0.0
2025-05-24 22:00:00,Évapotranspiration Horaire,Évapotranspiration Horaire,mm/h,0.0
2025-05-24 22:00:00,Vitesse du vent,Vitesse du vent,m/s,2.44
2025-05-24 22:00:00,Pression atmosphérique,Pression atmosphérique,mm/j,918.2
2025-05-24 22:00:00,Point de Rosée,Point de Rosée,°C,7.5
2025-05-24 22:00:00,Direction du vent,Direction du vent,Deg,303.5
2025-05-24 22:00:00,Température,Température,°C,10.8
2025-05-24 22:00:00,Rayonnement solaire,Rayonnement solaire,W/m²,0.0
2025-05-24 22:00:00,Humidité relative,Humidité relative,%,80.1
2025-05-24 21:00:00,Évapotranspiration Horaire,Évapotranspiration Horaire,mm/h,0.0
2025-05-24 21:00:00,Vitesse du vent,Vitesse du vent,m/s,6.81
2025-05-24 21:00:00,Direction du vent,Direction du vent,Deg,332.7
2025-05-24 21:00:00,Température,Température,°C,11.0
2025-05-24 21:00:00,Humidité relative,Humidité relative,%,83.4
2025-05-24 21:00:00,Point de Rosée,Point de Rosée,°C,8.3
2025-05-24 21:00:00,Rayonnement solaire,Rayonnement solaire,W/m²,0.0
2025-05-24 21:00:00,Pression atmosphérique,Pression atmosphérique,mm/j,917.9
2025-05-24 21:00:00,Évapotranspiration journalière,Évapotranspiration journalière,mm/j,0.0
2025-05-24 19:00:00,Évapotranspiration journalière,Évapotranspiration journalière,mm/j,0.0
2025-05-24 19:00:00,Évapotranspiration Horaire,Évapotranspiration Horaire,mm/h,0.0
2025-05-24 19:00:00,Pression atmosphérique,Pression atmosphérique,mm/j,916.5
2025-05-24 19:00:00,Rayonnement solaire,Rayonnement solaire,W/m²,18.0
2025-05-24 19:00:00,Point de Rosée,Point de Rosée,°C,7.1
2025-05-24 19:00:00,Humidité relative,Humidité relative,%,71.7
2025-05-24 19:00:00,Température,Température,°C,12.1
2025-05-24 19:00:00,Direction du vent,Direction du vent,Deg,335.5
2025-05-24 19:00:00,Vitesse du vent,Vitesse du vent,m/s,8.43
2025-05-24 17:00:00,Direction du vent,Direction du vent,Deg,329.7
2025-05-24 17:00:00,Évapotranspiration journalière,Évapotranspiration journalière,mm/j,0.0
2025-05-24 17:00:00,Vitesse du vent,Vitesse du vent,m/s,6.38
2025-05-24 17:00:00,Évapotranspiration Horaire,Évapotranspiration Horaire,mm/h,0.0
2025-05-24 17:00:00,Pression atmosphérique,Pression atmosphérique,mm/j,915.1
2025-05-24 17:00:00,Rayonnement solaire,Rayonnement solaire,W/m²,154.0
2025-05-24 17:00:00,Point de Rosée,Point de Rosée,°C,7.1
2025-05-24 17:00:00,Humidité relative,Humidité relative,%,66.6
2025-05-24 17:00:00,Température,Température,°C,13.2
2025-05-24 16:00:00,Évapotranspiration Horaire,Évapotranspiration Horaire,mm/h,0.0
2025-05-24 16:00:00,Évapotranspiration journalière,Évapotranspiration journalière,mm/j,0.0
2025-05-24 16:00:00,Point de Rosée,Point de Rosée,°C,8.4
2025-05-24 16:00:00,Humidité relative,Humidité relative,%,72.9
2025-05-24 16:00:00,Température,Température,°C,13.2
2025-05-24 16:00:00,Pression atmosphérique,Pression atmosphérique,mm/j,915.1
2025-05-24 16:00:00,Direction du vent,Direction du vent,Deg,311.1
2025-05-24 16:00:00,Rayonnement solaire,Rayonnement solaire,W/m²,133.0
2025-05-24 16:00:00,Vitesse du vent,Vitesse du vent,m/s,4.94
2025-05-24 15:00:00,Température,Température,°C,13.4
2025-05-24 15:00:00,Pression atmosphérique,Pression atmosphérique,mm/j,915.1
2025-05-24 15:00:00,Direction du vent,Direction du vent,Deg,343.1
2025-05-24 15:00:00,Rayonnement solaire,Rayonnement solaire,W/m²,141.0
2025-05-24 15:00:00,Vitesse du vent,Vitesse du vent,m/s,9.28
2025-05-24 15:00:00,Point de Rosée,Point de Rosée,°C,8.3
2025-05-24 15:00:00,Évapotranspiration journalière,Évapotranspiration journalière,mm/j,0.0
2025-05-24 15:00:00,Humidité relative,Humidité relative,%,71.5
2025-05-24 15:00:00,Évapotranspiration Horaire,Évapotranspiration Horaire,mm/h,0.0
2025-05-24 13:00:00,Évapotranspiration journalière,Évapotranspiration journalière,mm/j,0.0
2025-05-24 13:00:00,Humidité relative,Humidité relative,%,88.8
2025-05-24 13:00:00,Température,Température,°C,11.9
2025-05-24 13:00:00,Évapotranspiration Horaire,Évapotranspiration Horaire,mm/h,0.0
2025-05-24 13:00:00,Pression atmosphérique,Pression atmosphérique,mm/j,915.5
2025-05-24 13:00:00,Direction du vent,Direction du vent,Deg,335.4
2025-05-24 13:00:00,Vitesse du vent,Vitesse du vent,m/s,5.69
2025-05-24 13:00:00,Rayonnement solaire,Rayonnement solaire,W/m²,194.0
2025-05-24 13:00:00,Point de Rosée,Point de Rosée,°C,10.1
2025-05-24 11:00:00,Évapotranspiration journalière,Évapotranspiration journalière,mm/j,0.0
2025-05-24 11:00:00,Évapotranspiration Horaire,Évapotranspiration Horaire,mm/h,0.0
2025-05-24 11:00:00,Pression atmosphérique,Pression atmosphérique,mm/j,915.0
2025-05-24 11:00:00,Rayonnement solaire,Rayonnement solaire,W/m²,330.0
2025-05-24 11:00:00,Point de Rosée,Point de Rosée,°C,7.9
2025-05-24 11:00:00,Humidité relative,Humidité relative,%,65.2
2025-05-24 11:00:00,Température,Température,°C,14.3
2025-05-24 11:00:00,Direction du vent,Direction du vent,Deg,333.9
2025-05-24 11:00:00,Vitesse du vent,Vitesse du vent,m/s,5.91
2025-05-24 09:00:00,Évapotranspiration journalière,Évapotranspiration journalière,mm/j,0.0
2025-05-24 09:00:00,Évapotranspiration Horaire,Évapotranspiration Horaire,mm/h,0.0
2025-05-24 09:00:00,Pression atmosphérique,Pression atmosphérique,mm/j,915.2
2025-05-24 09:00:00,Rayonnement solaire,Rayonnement solaire,W/m²,312.0
2025-05-24 09:00:00,Point de Rosée,Point de Rosée,°C,8.4
2025-05-24 09:00:00,Humidité relative,Humidité relative,%,76.5
2025-05-24 09:00:00,Température,Température,°C,12.4
2025-05-24 09:00:00,Direction du vent,Direction du vent,Deg,345.9
2025-05-24 09:00:00,Vitesse du vent,Vitesse du vent,m/s,3.34
2025-05-24 07:00:00,Évapotranspiration journalière,Évapotranspiration journalière,mm/j,0.0
2025-05-24 07:00:00,Évapotranspiration Horaire,Évapotranspiration Horaire,mm/h,0.0
2025-05-24 07:00:00,Pression atmosphérique,Pression atmosphérique,mm/j,914.9
2025-05-24 07:00:00,Rayonnement solaire,Rayonnement solaire,W/m²,60.0
2025-05-24 07:00:00,Point de Rosée,Point de Rosée,°C,8.6
2025-05-24 07:00:00,Humidité relative,Humidité relative,%,87.5
2025-05-24 07:00:00,Température,Température,°C,10.6
2025-05-24 07:00:00,Direction du vent,Direction du vent,Deg,358.3
2025-05-24 07:00:00,Vitesse du vent,Vitesse du vent,m/s,4.19
2025-05-24 05:00:00,Évapotranspiration journalière,Évapotranspiration journalière,mm/j,0.0
2025-05-24 05:00:00,Évapotranspiration Horaire,Évapotranspiration Horaire,mm/h,0.0
2025-05-24 05:00:00,Pression atmosphérique,Pression atmosphérique,mm/j,914.3
2025-05-24 05:00:00,Rayonnement solaire,Rayonnement solaire,W/m²,0.0
2025-05-24 05:00:00,Point de Rosée,Point de Rosée,°C,8.7
2025-05-24 05:00:00,Humidité relative,Humidité relative,%,90.1
2025-05-24 05:00:00,Température,Température,°C,10.3
2025-05-24 05:00:00,Direction du vent,Direction du vent,Deg,301.8
2025-05-24 05:00:00,Vitesse du vent,Vitesse du vent,m/s,1.93
2025-05-24 03:00:00,Évapotranspiration journalière,Évapotranspiration journalière,mm/j,0.0
2025-05-24 03:00:00,Évapotranspiration Horaire,Évapotranspiration Horaire,mm/h,0.0
2025-05-24 03:00:00,Pression atmosphérique,Pression atmosphérique,mm/j,914.8
2025-05-24 03:00:00,Rayonnement solaire,Rayonnement solaire,W/m²,0.0
2025-05-24 03:00:00,Point de Rosée,Point de Rosée,°C,8.8
2025-05-24 03:00:00,Humidité relative,Humidité relative,%,90.3
2025-05-24 03:00:00,Température,Température,°C,10.3
2025-05-24 03:00:00,Direction du vent,Direction du vent,Deg,351.1
2025-05-24 03:00:00,Vitesse du vent,Vitesse du vent,m/s,1.81
2025-05-24 01:00:00,Évapotranspiration journalière,Évapotranspiration journalière,mm/j,0.0
2025-05-24 01:00:00,Évapotranspiration Horaire,Évapotranspiration Horaire,mm/h,0.0
2025-05-24 01:00:00,Pression atmosphérique,Pression atmosphérique,mm/j,914.1
2025-05-24 01:00:00,Rayonnement solaire,Rayonnement solaire,W/m²,0.0
2025-05-24 01:00:00,Point de Rosée,Point de Rosée,°C,9.5
2025-05-24 01:00:00,Humidité relative,Humidité relative,%,95.0
2025-05-24 01:00:00,Température,Température,°C,10.3
2025-05-24 01:00:00,Direction du vent,Direction du vent,Deg,356.1
2025-05-24 01:00:00,Vitesse du vent,Vitesse du vent,m/s,5.55
2025-05-23 23:00:00,Point de Rosée,Point de Rosée,°C,10.0
2025-05-23 23:00:00,Humidité relative,Humidité relative,%,94.5
2025-05-23 23:00:00,Rayonnement solaire,Rayonnement solaire,W/m²,0.0
2025-05-23 23:00:00,Température,Température,°C,10.9
2025-05-23 23:00:00,Évapotranspiration journalière,Évapotranspiration journalière,mm/j,0.0
2025-05-23 23:00:00,Pression atmosphérique,Pression atmosphérique,mm/j,915.6
2025-05-23 23:00:00,Direction du vent,Direction du vent,Deg,338.7
2025-05-23 23:00:00,Évapotranspiration Horaire,Évapotranspiration Horaire,mm/h,0.0
2025-05-23 23:00:00,Vitesse du vent,Vitesse du vent,m/s,6.54
2025-05-23 21:00:00,Évapotranspiration journalière,Évapotranspiration journalière,mm/j,0.0
2025-05-23 21:00:00,Évapotranspiration Horaire,Évapotranspiration Horaire,mm/h,0.0
2025-05-23 21:00:00,Pression atmosphérique,Pression atmosphérique,mm/j,915.6
2025-05-23 21:00:00,Rayonnement solaire,Rayonnement solaire,W/m²,0.0
2025-05-23 21:00:00,Point de Rosée,Point de Rosée,°C,10.0
2025-05-23 21:00:00,Humidité relative,Humidité relative,%,85.4
2025-05-23 21:00:00,Température,Température,°C,12.4
2025-05-23 21:00:00,Direction du vent,Direction du vent,Deg,332.3
2025-05-23 21:00:00,Vitesse du vent,Vitesse du vent,m/s,3.87
2025-05-23 19:00:00,Évapotranspiration journalière,Évapotranspiration journalière,mm/j,0.0
2025-05-23 19:00:00,Évapotranspiration Horaire,Évapotranspiration Horaire,mm/h,0.0
2025-05-23 19:00:00,Pression atmosphérique,Pression atmosphérique,mm/j,915.2
2025-05-23 19:00:00,Rayonnement solaire,Rayonnement solaire,W/m²,3.0
2025-05-23 19:00:00,Point de Rosée,Point de Rosée,°C,9.9
2025-05-23 19:00:00,Humidité relative,Humidité relative,%,75.2
2025-05-23 19:00:00,Température,Température,°C,14.2
2025-05-23 19:00:00,Direction du vent,Direction du vent,Deg,349.1
2025-05-23 19:00:00,Vitesse du vent,Vitesse du vent,m/s,2.49
2025-05-23 17:00:00,Point de Rosée,Point de Rosée,°C,10.0
2025-05-23 17:00:00,Évapotranspiration journalière,Évapotranspiration journalière,mm/j,0.0
2025-05-23 17:00:00,Évapotranspiration Horaire,Évapotranspiration Horaire,mm/h,0.0
2025-05-23 17:00:00,Pression atmosphérique,Pression atmosphérique,mm/j,914.4
2025-05-23 17:00:00,Rayonnement solaire,Rayonnement solaire,W/m²,164.0
2025-05-23 17:00:00,Humidité relative,Humidité relative,%,68.8
2025-05-23 17:00:00,Température,Température,°C,15.8
2025-05-23 17:00:00,Direction du vent,Direction du vent,Deg,334.4
2025-05-23 17:00:00,Vitesse du vent,Vitesse du vent,m/s,6.28
2025-05-23 15:00:00,Évapotranspiration journalière,Évapotranspiration journalière,mm/j,0.0
2025-05-23 15:00:00,Évapotranspiration Horaire,Évapotranspiration Horaire,mm/h,0.0
2025-05-23 15:00:00,Pression atmosphérique,Pression atmosphérique,mm/j,914.6
2025-05-23 15:00:00,Rayonnement solaire,Rayonnement solaire,W/m²,236.0
2025-05-23 15:00:00,Point de Rosée,Point de Rosée,°C,9.7
2025-05-23 15:00:00,Humidité relative,Humidité relative,%,62.2
2025-05-23 15:00:00,Température,Température,°C,17.0
2025-05-23 15:00:00,Direction du vent,Direction du vent,Deg,325.9
2025-05-23 15:00:00,Vitesse du vent,Vitesse du vent,m/s,3.14
2025-05-23 13:00:00,Évapotranspiration journalière,Évapotranspiration journalière,mm/j,0.0
2025-05-23 13:00:00,Évapotranspiration Horaire,Évapotranspiration Horaire,mm/h,0.0
2025-05-23 13:00:00,Pression atmosphérique,Pression atmosphérique,mm/j,914.4
2025-05-23 13:00:00,Rayonnement solaire,Rayonnement solaire,W/m²,640.0
2025-05-23 13:00:00,Point de Rosée,Point de Rosée,°C,10.4
2025-05-23 13:00:00,Humidité relative,Humidité relative,%,67.2
2025-05-23 13:00:00,Température,Température,°C,16.5
2025-05-23 13:00:00,Direction du vent,Direction du vent,Deg,334.8
2025-05-23 13:00:00,Vitesse du vent,Vitesse du vent,m/s,6.07
2025-05-23 12:00:00,Évapotranspiration journalière,Évapotranspiration journalière,mm/j,0.0
2025-05-23 12:00:00,Vitesse du vent,Vitesse du vent,m/s,3.23
2025-05-23 12:00:00,Évapotranspiration Horaire,Évapotranspiration Horaire,mm/h,0.0
2025-05-23 12:00:00,Direction du vent,Direction du vent,Deg,320.7
2025-05-23 12:00:00,Pression atmosphérique,Pression atmosphérique,mm/j,914.5
2025-05-23 12:00:00,Température,Température,°C,16.3
2025-05-23 12:00:00,Rayonnement solaire,Rayonnement solaire,W/m²,482.0
2025-05-23 12:00:00,Humidité relative,Humidité relative,%,66.8
2025-05-23 12:00:00,Point de Rosée,Point de Rosée,°C,10.1
2025-05-23 11:00:00,Point de Rosée,Point de Rosée,°C,9.5
2025-05-23 11:00:00,Évapotranspiration journalière,Évapotranspiration journalière,mm/j,0.0
2025-05-23 11:00:00,Évapotranspiration Horaire,Évapotranspiration Horaire,mm/h,0.0
2025-05-23 11:00:00,Pression atmosphérique,Pression atmosphérique,mm/j,914.5
2025-05-23 11:00:00,Rayonnement solaire,Rayonnement solaire,W/m²,1048.0
2025-05-23 11:00:00,Humidité relative,Humidité relative,%,63.6
2025-05-23 11:00:00,Température,Température,°C,16.4
2025-05-23 11:00:00,Direction du vent,Direction du vent,Deg,27.1
2025-05-23 11:00:00,Vitesse du vent,Vitesse du vent,m/s,8.26
2025-05-23 10:00:00,Pression atmosphérique,Pression atmosphérique,mm/j,914.7
2025-05-23 10:00:00,Humidité relative,Humidité relative,%,72.6
2025-05-23 10:00:00,Évapotranspiration Horaire,Évapotranspiration Horaire,mm/h,0.0
2025-05-23 10:00:00,Température,Température,°C,15.0
2025-05-23 10:00:00,Rayonnement solaire,Rayonnement solaire,W/m²,329.0
2025-05-23 10:00:00,Direction du vent,Direction du vent,Deg,356.0
2025-05-23 10:00:00,Évapotranspiration journalière,Évapotranspiration journalière,mm/j,0.0
2025-05-23 10:00:00,Vitesse du vent,Vitesse du vent,m/s,5.23
2025-05-23 10:00:00,Point de Rosée,Point de Rosée,°C,10.1
2025-05-23 09:00:00,Évapotranspiration journalière,Évapotranspiration journalière,mm/j,0.0
2025-05-23 09:00:00,Évapotranspiration Horaire,Évapotranspiration Horaire,mm/h,0.0
2025-05-23 09:00:00,Pression atmosphérique,Pression atmosphérique,mm/j,914.5
2025-05-23 09:00:00,Rayonnement solaire,Rayonnement solaire,W/m²,780.0
2025-05-23 09:00:00,Point de Rosée,Point de Rosée,°C,10.8
2025-05-23 09:00:00,Humidité relative,Humidité relative,%,77.9
2025-05-23 09:00:00,Température,Température,°C,14.6
2025-05-23 09:00:00,Direction du vent,Direction du vent,Deg,13.0
2025-05-23 09:00:00,Vitesse du vent,Vitesse du vent,m/s,5.53
2025-05-23 07:00:00,Évapotranspiration journalière,Évapotranspiration journalière,mm/j,0.0
2025-05-23 07:00:00,Évapotranspiration Horaire,Évapotranspiration Horaire,mm/h,0.0
2025-05-23 07:00:00,Pression atmosphérique,Pression atmosphérique,mm/j,914.9
2025-05-23 07:00:00,Rayonnement solaire,Rayonnement solaire,W/m²,145.0
2025-05-23 07:00:00,Point de Rosée,Point de Rosée,°C,12.1
2025-05-23 07:00:00,Humidité relative,Humidité relative,%,100.0
2025-05-23 07:00:00,Température,Température,°C,12.1
2025-05-23 07:00:00,Direction du vent,Direction du vent,Deg,331.0
2025-05-23 07:00:00,Vitesse du vent,Vitesse du vent,m/s,3.0
2025-05-23 06:00:00,Rayonnement solaire,Rayonnement solaire,W/m²,36.0
2025-05-23 06:00:00,Évapotranspiration journalière,Évapotranspiration journalière,mm/j,0.0
2025-05-23 06:00:00,Évapotranspiration Horaire,Évapotranspiration Horaire,mm/h,0.0
2025-05-23 06:00:00,Pression atmosphérique,Pression atmosphérique,mm/j,914.8
2025-05-23 06:00:00,Point de Rosée,Point de Rosée,°C,11.5
2025-05-23 06:00:00,Humidité relative,Humidité relative,%,100.0
2025-05-23 06:00:00,Température,Température,°C,11.5
2025-05-23 06:00:00,Direction du vent,Direction du vent,Deg,19.6
2025-05-23 06:00:00,Vitesse du vent,Vitesse du vent,m/s,1.85
2025-05-23 05:00:00,Humidité relative,Humidité relative,%,100.0
2025-05-23 05:00:00,Direction du vent,Direction du vent,Deg,356.9
2025-05-23 05:00:00,Température,Température,°C,11.2
2025-05-23 05:00:00,Évapotranspiration Horaire,Évapotranspiration Horaire,mm/h,0.0
2025-05-23 05:00:00,Vitesse du vent,Vitesse du vent,m/s,2.52
2025-05-23 05:00:00,Pression atmosphérique,Pression atmosphérique,mm/j,914.3
2025-05-23 05:00:00,Évapotranspiration journalière,Évapotranspiration journalière,mm/j,0.0
2025-05-23 05:00:00,Rayonnement solaire,Rayonnement solaire,W/m²,0.0
2025-05-23 05:00:00,Point de Rosée,Point de Rosée,°C,11.2
2025-05-22 07:00:00,Point de Rosée,Point de Rosée,°C,11.1
2025-05-22 07:00:00,Humidité relative,Humidité relative,%,71.0
2025-05-22 07:00:00,Température,Température,°C,16.4
2025-05-22 07:00:00,Direction du vent,Direction du vent,Deg,215.8
2025-05-22 07:00:00,Vitesse du vent,Vitesse du vent,m/s,5.15
2025-05-22 07:00:00,Évapotranspiration journalière,Évapotranspiration journalière,mm/j,0.0
2025-05-22 07:00:00,Évapotranspiration Horaire,Évapotranspiration Horaire,mm/h,0.0
2025-05-22 07:00:00,Pression atmosphérique,Pression atmosphérique,mm/j,916.5
2025-05-22 07:00:00,Rayonnement solaire,Rayonnement solaire,W/m²,298.0
2025-05-22 05:00:00,Évapotranspiration journalière,Évapotranspiration journalière,mm/j,0.0
2025-05-22 05:00:00,Évapotranspiration Horaire,Évapotranspiration Horaire,mm/h,0.0
2025-05-22 05:00:00,Pression atmosphérique,Pression atmosphérique,mm/j,916.8
2025-05-22 05:00:00,Rayonnement solaire,Rayonnement solaire,W/m²,0.0
2025-05-22 05:00:00,Point de Rosée,Point de Rosée,°C,12.3
2025-05-22 05:00:00,Humidité relative,Humidité relative,%,92.9
2025-05-22 05:00:00,Température,Température,°C,13.5
2025-05-22 05:00:00,Direction du vent,Direction du vent,Deg,222.4
2025-05-22 05:00:00,Vitesse du vent,Vitesse du vent,m/s,3.51
2025-05-21 16:00:00,Vitesse du vent,Vitesse du vent,m/s,2.55
2025-05-21 16:00:00,Direction du vent,Direction du vent,Deg,344.0
2025-05-21 16:00:00,Température,Température,°C,22.9
2025-05-21 16:00:00,Humidité relative,Humidité relative,%,42.1
2025-05-21 16:00:00,Point de Rosée,Point de Rosée,°C,9.3
2025-05-21 16:00:00,Rayonnement solaire,Rayonnement solaire,W/m²,549.0
2025-05-21 16:00:00,Pression atmosphérique,Pression atmosphérique,mm/j,918.3
2025-05-21 16:00:00,Évapotranspiration Horaire,Évapotranspiration Horaire,mm/h,0.0
2025-05-21 16:00:00,Évapotranspiration journalière,Évapotranspiration journalière,mm/j,0.0
2025-05-21 14:00:00,Vitesse du vent,Vitesse du vent,m/s,5.33
2025-05-21 14:00:00,Direction du vent,Direction du vent,Deg,359.6
2025-05-21 14:00:00,Température,Température,°C,21.3
2025-05-21 14:00:00,Humidité relative,Humidité relative,%,48.3
2025-05-21 14:00:00,Point de Rosée,Point de Rosée,°C,10.0
2025-05-21 14:00:00,Rayonnement solaire,Rayonnement solaire,W/m²,853.0
2025-05-21 14:00:00,Pression atmosphérique,Pression atmosphérique,mm/j,918.8
2025-05-21 14:00:00,Évapotranspiration Horaire,Évapotranspiration Horaire,mm/h,0.0
2025-05-21 14:00:00,Évapotranspiration journalière,Évapotranspiration journalière,mm/j,0.0
2025-05-21 12:00:00,Vitesse du vent,Vitesse du vent,m/s,5.1
2025-05-21 12:00:00,Direction du vent,Direction du vent,Deg,35.9
2025-05-21 12:00:00,Température,Température,°C,20.0
2025-05-21 12:00:00,Humidité relative,Humidité relative,%,48.3
2025-05-21 12:00:00,Point de Rosée,Point de Rosée,°C,8.8
2025-05-21 12:00:00,Rayonnement solaire,Rayonnement solaire,W/m²,949.0
2025-05-21 12:00:00,Pression atmosphérique,Pression atmosphérique,mm/j,919.5
2025-05-21 12:00:00,Évapotranspiration Horaire,Évapotranspiration Horaire,mm/h,0.0
2025-05-21 12:00:00,Évapotranspiration journalière,Évapotranspiration journalière,mm/j,0.0
2025-05-21 11:00:00,Vitesse du vent,Vitesse du vent,m/s,3.19
2025-05-21 11:00:00,Direction du vent,Direction du vent,Deg,29.5
2025-05-21 11:00:00,Température,Température,°C,19.2
2025-05-21 11:00:00,Humidité relative,Humidité relative,%,50.4
2025-05-21 11:00:00,Point de Rosée,Point de Rosée,°C,8.6
2025-05-21 11:00:00,Rayonnement solaire,Rayonnement solaire,W/m²,908.0
2025-05-21 11:00:00,Pression atmosphérique,Pression atmosphérique,mm/j,919.7
2025-05-21 11:00:00,Évapotranspiration Horaire,Évapotranspiration Horaire,mm/h,0.0
2025-05-21 11:00:00,Évapotranspiration journalière,Évapotranspiration journalière,mm/j,0.0
2025-05-21 10:00:00,Vitesse du vent,Vitesse du vent,m/s,3.48
2025-05-21 10:00:00,Direction du vent,Direction du vent,Deg,11.8
2025-05-21 10:00:00,Température,Température,°C,18.1
2025-05-21 10:00:00,Humidité relative,Humidité relative,%,48.7
2025-05-21 10:00:00,Point de Rosée,Point de Rosée,°C,7.1
2025-05-21 10:00:00,Rayonnement solaire,Rayonnement solaire,W/m²,811.0
2025-05-21 10:00:00,Pression atmosphérique,Pression atmosphérique,mm/j,919.8
2025-05-21 10:00:00,Évapotranspiration Horaire,Évapotranspiration Horaire,mm/h,0.0
2025-05-21 10:00:00,Évapotranspiration journalière,Évapotranspiration journalière,mm/j,0.0
2025-05-21 08:00:00,Vitesse du vent,Vitesse du vent,m/s,2.53
2025-05-21 08:00:00,Direction du vent,Direction du vent,Deg,347.3
2025-05-21 08:00:00,Température,Température,°C,15.6
2025-05-21 08:00:00,Humidité relative,Humidité relative,%,57.5
2025-05-21 08:00:00,Point de Rosée,Point de Rosée,°C,7.2
2025-05-21 08:00:00,Rayonnement solaire,Rayonnement solaire,W/m²,408.0
2025-05-21 08:00:00,Pression atmosphérique,Pression atmosphérique,mm/j,919.7
2025-05-21 08:00:00,Évapotranspiration Horaire,Évapotranspiration Horaire,mm/h,0.0
2025-05-21 08:00:00,Évapotranspiration journalière,Évapotranspiration journalière,mm/j,0.0
2025-05-21 07:00:00,Vitesse du vent,Vitesse du vent,m/s,4.01
2025-05-21 07:00:00,Direction du vent,Direction du vent,Deg,331.1
2025-05-21 07:00:00,Température,Température,°C,14.3
2025-05-21 07:00:00,Humidité relative,Humidité relative,%,65.0
2025-05-21 07:00:00,Point de Rosée,Point de Rosée,°C,7.8
2025-05-21 07:00:00,Rayonnement solaire,Rayonnement solaire,W/m²,189.0
2025-05-21 07:00:00,Pression atmosphérique,Pression atmosphérique,mm/j,919.4
2025-05-21 07:00:00,Évapotranspiration Horaire,Évapotranspiration Horaire,mm/h,0.0
2025-05-21 07:00:00,Évapotranspiration journalière,Évapotranspiration journalière,mm/j,0.0
2025-05-21 06:00:00,Vitesse du vent,Vitesse du vent,m/s,2.7
2025-05-21 06:00:00,Direction du vent,Direction du vent,Deg,341.4
2025-05-21 06:00:00,Température,Température,°C,13.0
2025-05-21 06:00:00,Humidité relative,Humidité relative,%,85.4
2025-05-21 06:00:00,Point de Rosée,Point de Rosée,°C,10.6
2025-05-21 06:00:00,Rayonnement solaire,Rayonnement solaire,W/m²,67.0
2025-05-21 06:00:00,Pression atmosphérique,Pression atmosphérique,mm/j,919.1
2025-05-21 06:00:00,Évapotranspiration Horaire,Évapotranspiration Horaire,mm/h,0.0
2025-05-21 06:00:00,Évapotranspiration journalière,Évapotranspiration journalière,mm/j,0.0
2025-05-20 06:00:00,Vitesse du vent,Vitesse du vent,m/s,4.2
2025-05-20 06:00:00,Direction du vent,Direction du vent,Deg,224.6
2025-05-20 06:00:00,Température,Température,°C,22.0
2025-05-20 06:00:00,Humidité relative,Humidité relative,%,33.6
2025-05-20 06:00:00,Point de Rosée,Point de Rosée,°C,5.2
2025-05-20 06:00:00,Rayonnement solaire,Rayonnement solaire,W/m²,69.0
2025-05-20 06:00:00,Pression atmosphérique,Pression atmosphérique,mm/j,919.0
2025-05-20 06:00:00,Évapotranspiration Horaire,Évapotranspiration Horaire,mm/h,0.0
2025-05-20 06:00:00,Évapotranspiration journalière,Évapotranspiration journalière,mm/j,0.0
2025-05-20 05:00:00,Vitesse du vent,Vitesse du vent,m/s,3.08
2025-05-20 05:00:00,Direction du vent,Direction du vent,Deg,228.2
2025-05-20 05:00:00,Température,Température,°C,20.8
2025-05-20 05:00:00,Humidité relative,Humidité relative,%,37.0
2025-05-20 05:00:00,Point de Rosée,Point de Rosée,°C,5.6
2025-05-20 05:00:00,Rayonnement solaire,Rayonnement solaire,W/m²,0.0
2025-05-20 05:00:00,Pression atmosphérique,Pression atmosphérique,mm/j,918.8
2025-05-20 05:00:00,Évapotranspiration Horaire,Évapotranspiration Horaire,mm/h,0.0
2025-05-20 05:00:00,Évapotranspiration journalière,Évapotranspiration journalière,mm/j,0.0
2025-05-20 04:00:00,Vitesse du vent,Vitesse du vent,m/s,1.41
2025-05-20 04:00:00,Direction du vent,Direction du vent,Deg,250.6
2025-05-20 04:00:00,Température,Température,°C,20.0
2025-05-20 04:00:00,Humidité relative,Humidité relative,%,40.8
2025-05-20 04:00:00,Point de Rosée,Point de Rosée,°C,6.3
2025-05-20 04:00:00,Rayonnement solaire,Rayonnement solaire,W/m²,0.0
2025-05-20 04:00:00,Pression atmosphérique,Pression atmosphérique,mm/j,919.1
2025-05-20 04:00:00,Évapotranspiration Horaire,Évapotranspiration Horaire,mm/h,0.0
2025-05-20 04:00:00,Évapotranspiration journalière,Évapotranspiration journalière,mm/j,0.0
2025-05-20 02:00:00,Vitesse du vent,Vitesse du vent,m/s,4.99
2025-05-20 02:00:00,Direction du vent,Direction du vent,Deg,245.3
2025-05-20 02:00:00,Température,Température,°C,23.0
2025-05-20 02:00:00,Humidité relative,Humidité relative,%,26.4
2025-05-20 02:00:00,Point de Rosée,Point de Rosée,°C,2.7
2025-05-20 02:00:00,Rayonnement solaire,Rayonnement solaire,W/m²,0.0
2025-05-20 02:00:00,Pression atmosphérique,Pression atmosphérique,mm/j,919.3
2025-05-20 02:00:00,Évapotranspiration Horaire,Évapotranspiration Horaire,mm/h,0.0
2025-05-20 02:00:00,Évapotranspiration journalière,Évapotranspiration journalière,mm/j,0.0
2025-05-20 00:00:00,Vitesse du vent,Vitesse du vent,m/s,4.7
2025-05-20 00:00:00,Évapotranspiration journalière,Évapotranspiration journalière,mm/j,0.0
2025-05-20 00:00:00,Évapotranspiration Horaire,Évapotranspiration Horaire,mm/h,0.0
2025-05-20 00:00:00,Pression atmosphérique,Pression atmosphérique,mm/j,920.0
2025-05-20 00:00:00,Rayonnement solaire,Rayonnement solaire,W/m²,0.0
2025-05-20 00:00:00,Point de Rosée,Point de Rosée,°C,4.3
2025-05-20 00:00:00,Humidité relative,Humidité relative,%,29.5
2025-05-20 00:00:00,Température,Température,°C,23.1
2025-05-20 00:00:00,Direction du vent,Direction du vent,Deg,222.5
