Date,nom_ar,nom_fr,unite,valeur
2025-06-19 09:00:00,Direction du vent,Direction du vent,Deg,24.1
2025-06-19 09:00:00,Température,Température,°c,26.7
2025-06-19 09:00:00,Humidité relative,Humidité relative,%,46.2
2025-06-19 09:00:00,Point de Rosée,Point de Rosée,°c,14.2
2025-06-19 09:00:00,Vitesse du vent,Vitesse du vent,m/s,0.7
2025-06-19 09:00:00,Rayonnement solaire,Rayonnement solaire,W/m²,706.0
2025-06-19 09:00:00,Pression atmosphérique,Pression atmosphérique,hPa,986.4
2025-06-19 09:00:00,Évapotranspiration Horaire,Évapotranspiration Horaire,mm/h,0.1
2025-06-19 09:00:00,Évapotranspiration journalière,Évapotranspiration journalière,mm/j,6.86
2025-06-19 07:00:00,Vitesse du vent,Vitesse du vent,m/s,1.14
2025-06-19 07:00:00,Direction du vent,Direction du vent,Deg,156.5
2025-06-19 07:00:00,Température,Température,°c,23.8
2025-06-19 07:00:00,Humidité relative,Humidité relative,%,52.5
2025-06-19 07:00:00,Point de Rosée,Point de Rosée,°c,13.5
2025-06-19 07:00:00,Rayonnement solaire,Rayonnement solaire,W/m²,258.0
2025-06-19 07:00:00,Pression atmosphérique,Pression atmosphérique,hPa,986.6
2025-06-19 07:00:00,Évapotranspiration Horaire,Évapotranspiration Horaire,mm/h,0.1
2025-06-19 07:00:00,Évapotranspiration journalière,Évapotranspiration journalière,mm/j,6.86
2025-06-19 05:00:00,Vitesse du vent,Vitesse du vent,m/s,0.46
2025-06-19 05:00:00,Direction du vent,Direction du vent,Deg,262.1
2025-06-19 05:00:00,Température,Température,°c,21.2
2025-06-19 05:00:00,Humidité relative,Humidité relative,%,63.3
2025-06-19 05:00:00,Point de Rosée,Point de Rosée,°c,14.0
2025-06-19 05:00:00,Rayonnement solaire,Rayonnement solaire,W/m²,1.0
2025-06-19 05:00:00,Pression atmosphérique,Pression atmosphérique,hPa,985.7
2025-06-19 05:00:00,Évapotranspiration Horaire,Évapotranspiration Horaire,mm/h,0.09
2025-06-19 05:00:00,Évapotranspiration journalière,Évapotranspiration journalière,mm/j,6.86
2025-06-19 03:00:00,Vitesse du vent,Vitesse du vent,m/s,4.42
2025-06-19 03:00:00,Direction du vent,Direction du vent,Deg,289.4
2025-06-19 03:00:00,Température,Température,°c,22.0
2025-06-19 03:00:00,Humidité relative,Humidité relative,%,60.4
2025-06-19 03:00:00,Point de Rosée,Point de Rosée,°c,14.0
2025-06-19 03:00:00,Rayonnement solaire,Rayonnement solaire,W/m²,0.0
2025-06-19 03:00:00,Pression atmosphérique,Pression atmosphérique,hPa,985.4
2025-06-19 03:00:00,Évapotranspiration Horaire,Évapotranspiration Horaire,mm/h,0.1
2025-06-19 03:00:00,Évapotranspiration journalière,Évapotranspiration journalière,mm/j,6.86
2025-06-18 23:00:00,Vitesse du vent,Vitesse du vent,m/s,1.86
2025-06-18 23:00:00,Évapotranspiration journalière,Évapotranspiration journalière,mm/j,7.26
2025-06-18 23:00:00,Évapotranspiration Horaire,Évapotranspiration Horaire,mm/h,0.13
2025-06-18 23:00:00,Pression atmosphérique,Pression atmosphérique,hPa,987.1
2025-06-18 23:00:00,Rayonnement solaire,Rayonnement solaire,W/m²,0.0
2025-06-18 23:00:00,Point de Rosée,Point de Rosée,°c,15.5
2025-06-18 23:00:00,Humidité relative,Humidité relative,%,59.8
2025-06-18 23:00:00,Température,Température,°c,23.8
2025-06-18 23:00:00,Direction du vent,Direction du vent,Deg,337.6
2025-06-18 21:00:00,Direction du vent,Direction du vent,Deg,161.6
2025-06-18 21:00:00,Évapotranspiration journalière,Évapotranspiration journalière,mm/j,7.26
2025-06-18 21:00:00,Évapotranspiration Horaire,Évapotranspiration Horaire,mm/h,0.14
2025-06-18 21:00:00,Pression atmosphérique,Pression atmosphérique,hPa,986.8
2025-06-18 21:00:00,Rayonnement solaire,Rayonnement solaire,W/m²,0.0
2025-06-18 21:00:00,Point de Rosée,Point de Rosée,°c,17.9
2025-06-18 21:00:00,Humidité relative,Humidité relative,%,62.2
2025-06-18 21:00:00,Température,Température,°c,25.7
2025-06-18 21:00:00,Vitesse du vent,Vitesse du vent,m/s,1.32
2025-06-18 19:00:00,Direction du vent,Direction du vent,Deg,292.8
2025-06-18 19:00:00,Évapotranspiration journalière,Évapotranspiration journalière,mm/j,7.26
2025-06-18 19:00:00,Évapotranspiration Horaire,Évapotranspiration Horaire,mm/h,0.27
2025-06-18 19:00:00,Pression atmosphérique,Pression atmosphérique,hPa,985.0
2025-06-18 19:00:00,Rayonnement solaire,Rayonnement solaire,W/m²,48.0
2025-06-18 19:00:00,Point de Rosée,Point de Rosée,°c,16.6
2025-06-18 19:00:00,Humidité relative,Humidité relative,%,47.4
2025-06-18 19:00:00,Température,Température,°c,28.9
2025-06-18 19:00:00,Vitesse du vent,Vitesse du vent,m/s,0.93
2025-06-18 17:00:00,Direction du vent,Direction du vent,Deg,48.9
2025-06-18 17:00:00,Évapotranspiration journalière,Évapotranspiration journalière,mm/j,7.26
2025-06-18 17:00:00,Évapotranspiration Horaire,Évapotranspiration Horaire,mm/h,0.31
2025-06-18 17:00:00,Pression atmosphérique,Pression atmosphérique,hPa,983.9
2025-06-18 17:00:00,Rayonnement solaire,Rayonnement solaire,W/m²,328.0
2025-06-18 17:00:00,Point de Rosée,Point de Rosée,°c,17.2
2025-06-18 17:00:00,Humidité relative,Humidité relative,%,44.0
2025-06-18 17:00:00,Température,Température,°c,30.9
2025-06-18 17:00:00,Vitesse du vent,Vitesse du vent,m/s,2.72
2025-06-18 15:00:00,Humidité relative,Humidité relative,%,21.0
2025-06-18 15:00:00,Évapotranspiration journalière,Évapotranspiration journalière,mm/j,7.26
2025-06-18 15:00:00,Évapotranspiration Horaire,Évapotranspiration Horaire,mm/h,0.23
2025-06-18 15:00:00,Pression atmosphérique,Pression atmosphérique,hPa,983.8
2025-06-18 15:00:00,Rayonnement solaire,Rayonnement solaire,W/m²,553.0
2025-06-18 15:00:00,Point de Rosée,Point de Rosée,°c,8.5
2025-06-18 15:00:00,Température,Température,°c,33.9
2025-06-18 15:00:00,Direction du vent,Direction du vent,Deg,336.0
2025-06-18 15:00:00,Vitesse du vent,Vitesse du vent,m/s,1.1
2025-06-18 13:00:00,Vitesse du vent,Vitesse du vent,m/s,2.0
2025-06-18 13:00:00,Évapotranspiration journalière,Évapotranspiration journalière,mm/j,7.26
2025-06-18 13:00:00,Évapotranspiration Horaire,Évapotranspiration Horaire,mm/h,0.23
2025-06-18 13:00:00,Pression atmosphérique,Pression atmosphérique,hPa,984.6
2025-06-18 13:00:00,Rayonnement solaire,Rayonnement solaire,W/m²,862.0
2025-06-18 13:00:00,Point de Rosée,Point de Rosée,°c,7.2
2025-06-18 13:00:00,Humidité relative,Humidité relative,%,20.8
2025-06-18 13:00:00,Température,Température,°c,32.5
2025-06-18 13:00:00,Direction du vent,Direction du vent,Deg,0.1
2025-06-18 11:00:00,Direction du vent,Direction du vent,Deg,29.0
2025-06-18 11:00:00,Évapotranspiration journalière,Évapotranspiration journalière,mm/j,7.26
2025-06-18 11:00:00,Évapotranspiration Horaire,Évapotranspiration Horaire,mm/h,0.23
2025-06-18 11:00:00,Pression atmosphérique,Pression atmosphérique,hPa,985.2
2025-06-18 11:00:00,Rayonnement solaire,Rayonnement solaire,W/m²,885.0
2025-06-18 11:00:00,Point de Rosée,Point de Rosée,°c,8.3
2025-06-18 11:00:00,Humidité relative,Humidité relative,%,24.9
2025-06-18 11:00:00,Température,Température,°c,30.6
2025-06-18 11:00:00,Vitesse du vent,Vitesse du vent,m/s,0.8
2025-06-18 09:00:00,Direction du vent,Direction du vent,Deg,294.7
2025-06-18 09:00:00,Évapotranspiration journalière,Évapotranspiration journalière,mm/j,7.26
2025-06-18 09:00:00,Évapotranspiration Horaire,Évapotranspiration Horaire,mm/h,0.21
2025-06-18 09:00:00,Pression atmosphérique,Pression atmosphérique,hPa,985.1
2025-06-18 09:00:00,Rayonnement solaire,Rayonnement solaire,W/m²,684.0
2025-06-18 09:00:00,Point de Rosée,Point de Rosée,°c,10.0
2025-06-18 09:00:00,Humidité relative,Humidité relative,%,32.4
2025-06-18 09:00:00,Température,Température,°c,28.0
2025-06-18 09:00:00,Vitesse du vent,Vitesse du vent,m/s,5.76
2025-06-18 07:00:00,Rayonnement solaire,Rayonnement solaire,W/m²,289.0
2025-06-18 07:00:00,Évapotranspiration journalière,Évapotranspiration journalière,mm/j,7.26
2025-06-18 07:00:00,Évapotranspiration Horaire,Évapotranspiration Horaire,mm/h,0.16
2025-06-18 07:00:00,Pression atmosphérique,Pression atmosphérique,hPa,985.4
2025-06-18 07:00:00,Point de Rosée,Point de Rosée,°c,11.8
2025-06-18 07:00:00,Humidité relative,Humidité relative,%,41.8
2025-06-18 07:00:00,Température,Température,°c,25.7
2025-06-18 07:00:00,Direction du vent,Direction du vent,Deg,284.6
2025-06-18 07:00:00,Vitesse du vent,Vitesse du vent,m/s,5.34
2025-06-18 05:00:00,Pression atmosphérique,Pression atmosphérique,hPa,984.9
2025-06-18 05:00:00,Vitesse du vent,Vitesse du vent,m/s,0.16
2025-06-18 05:00:00,Rayonnement solaire,Rayonnement solaire,W/m²,1.0
2025-06-18 05:00:00,Évapotranspiration Horaire,Évapotranspiration Horaire,mm/h,0.08
2025-06-18 05:00:00,Point de Rosée,Point de Rosée,°c,10.1
2025-06-18 05:00:00,Humidité relative,Humidité relative,%,39.4
2025-06-18 05:00:00,Température,Température,°c,24.9
2025-06-18 05:00:00,Direction du vent,Direction du vent,Deg,212.8
2025-06-18 05:00:00,Évapotranspiration journalière,Évapotranspiration journalière,mm/j,7.26
2025-06-18 01:00:00,Direction du vent,Direction du vent,Deg,257.7
2025-06-18 01:00:00,Vitesse du vent,Vitesse du vent,m/s,0.19
2025-06-18 01:00:00,Évapotranspiration journalière,Évapotranspiration journalière,mm/j,7.26
2025-06-18 01:00:00,Évapotranspiration Horaire,Évapotranspiration Horaire,mm/h,0.12
2025-06-18 01:00:00,Pression atmosphérique,Pression atmosphérique,hPa,986.0
2025-06-18 01:00:00,Rayonnement solaire,Rayonnement solaire,W/m²,0.0
2025-06-18 01:00:00,Point de Rosée,Point de Rosée,°c,15.8
2025-06-18 01:00:00,Humidité relative,Humidité relative,%,63.6
2025-06-18 01:00:00,Température,Température,°c,23.1
2025-06-17 23:00:00,Direction du vent,Direction du vent,Deg,284.4
2025-06-17 23:00:00,Évapotranspiration journalière,Évapotranspiration journalière,mm/j,7.1
2025-06-17 23:00:00,Évapotranspiration Horaire,Évapotranspiration Horaire,mm/h,0.18
2025-06-17 23:00:00,Pression atmosphérique,Pression atmosphérique,hPa,986.5
2025-06-17 23:00:00,Rayonnement solaire,Rayonnement solaire,W/m²,0.0
2025-06-17 23:00:00,Point de Rosée,Point de Rosée,°c,15.8
2025-06-17 23:00:00,Humidité relative,Humidité relative,%,60.1
2025-06-17 23:00:00,Température,Température,°c,24.0
2025-06-17 23:00:00,Vitesse du vent,Vitesse du vent,m/s,1.18
2025-06-17 21:00:00,Évapotranspiration journalière,Évapotranspiration journalière,mm/j,7.1
2025-06-17 21:00:00,Évapotranspiration Horaire,Évapotranspiration Horaire,mm/h,0.19
2025-06-17 21:00:00,Pression atmosphérique,Pression atmosphérique,hPa,986.2
2025-06-17 21:00:00,Rayonnement solaire,Rayonnement solaire,W/m²,0.0
2025-06-17 21:00:00,Point de Rosée,Point de Rosée,°c,16.0
2025-06-17 21:00:00,Humidité relative,Humidité relative,%,50.8
2025-06-17 21:00:00,Température,Température,°c,27.0
2025-06-17 21:00:00,Direction du vent,Direction du vent,Deg,144.7
2025-06-17 21:00:00,Vitesse du vent,Vitesse du vent,m/s,0.28
2025-06-17 19:00:00,Évapotranspiration journalière,Évapotranspiration journalière,mm/j,7.1
2025-06-17 19:00:00,Évapotranspiration Horaire,Évapotranspiration Horaire,mm/h,0.35
2025-06-17 19:00:00,Pression atmosphérique,Pression atmosphérique,hPa,984.9
2025-06-17 19:00:00,Rayonnement solaire,Rayonnement solaire,W/m²,26.0
2025-06-17 19:00:00,Point de Rosée,Point de Rosée,°c,13.9
2025-06-17 19:00:00,Humidité relative,Humidité relative,%,35.0
2025-06-17 19:00:00,Température,Température,°c,31.2
2025-06-17 19:00:00,Direction du vent,Direction du vent,Deg,133.1
2025-06-17 19:00:00,Vitesse du vent,Vitesse du vent,m/s,1.55
2025-06-17 17:00:00,Évapotranspiration journalière,Évapotranspiration journalière,mm/j,7.1
2025-06-17 17:00:00,Évapotranspiration Horaire,Évapotranspiration Horaire,mm/h,0.35
2025-06-17 17:00:00,Pression atmosphérique,Pression atmosphérique,hPa,983.6
2025-06-17 17:00:00,Rayonnement solaire,Rayonnement solaire,W/m²,297.0
2025-06-17 17:00:00,Point de Rosée,Point de Rosée,°c,12.0
2025-06-17 17:00:00,Humidité relative,Humidité relative,%,23.5
2025-06-17 17:00:00,Température,Température,°c,36.0
2025-06-17 17:00:00,Direction du vent,Direction du vent,Deg,131.0
2025-06-17 17:00:00,Vitesse du vent,Vitesse du vent,m/s,0.78
2025-06-17 15:00:00,Évapotranspiration journalière,Évapotranspiration journalière,mm/j,7.1
2025-06-17 15:00:00,Évapotranspiration Horaire,Évapotranspiration Horaire,mm/h,0.44
2025-06-17 15:00:00,Pression atmosphérique,Pression atmosphérique,hPa,983.7
2025-06-17 15:00:00,Rayonnement solaire,Rayonnement solaire,W/m²,782.0
2025-06-17 15:00:00,Point de Rosée,Point de Rosée,°c,3.1
2025-06-17 15:00:00,Humidité relative,Humidité relative,%,11.2
2025-06-17 15:00:00,Température,Température,°c,38.6
2025-06-17 15:00:00,Direction du vent,Direction du vent,Deg,54.1
2025-06-17 15:00:00,Vitesse du vent,Vitesse du vent,m/s,1.83
2025-06-17 13:00:00,Évapotranspiration journalière,Évapotranspiration journalière,mm/j,7.1
2025-06-17 13:00:00,Évapotranspiration Horaire,Évapotranspiration Horaire,mm/h,0.4
2025-06-17 13:00:00,Pression atmosphérique,Pression atmosphérique,hPa,984.3
2025-06-17 13:00:00,Rayonnement solaire,Rayonnement solaire,W/m²,844.0
2025-06-17 13:00:00,Point de Rosée,Point de Rosée,°c,8.9
2025-06-17 13:00:00,Humidité relative,Humidité relative,%,17.8
2025-06-17 13:00:00,Température,Température,°c,37.3
2025-06-17 13:00:00,Direction du vent,Direction du vent,Deg,301.6
2025-06-17 13:00:00,Vitesse du vent,Vitesse du vent,m/s,4.53
2025-06-17 11:00:00,Évapotranspiration journalière,Évapotranspiration journalière,mm/j,7.1
2025-06-17 11:00:00,Évapotranspiration Horaire,Évapotranspiration Horaire,mm/h,0.35
2025-06-17 11:00:00,Pression atmosphérique,Pression atmosphérique,hPa,985.2
2025-06-17 11:00:00,Rayonnement solaire,Rayonnement solaire,W/m²,847.0
2025-06-17 11:00:00,Point de Rosée,Point de Rosée,°c,10.2
2025-06-17 11:00:00,Humidité relative,Humidité relative,%,21.5
2025-06-17 11:00:00,Température,Température,°c,35.6
2025-06-17 11:00:00,Direction du vent,Direction du vent,Deg,16.3
2025-06-17 11:00:00,Vitesse du vent,Vitesse du vent,m/s,2.29
2025-06-17 09:00:00,Évapotranspiration journalière,Évapotranspiration journalière,mm/j,7.1
2025-06-17 09:00:00,Évapotranspiration Horaire,Évapotranspiration Horaire,mm/h,0.28
2025-06-17 09:00:00,Pression atmosphérique,Pression atmosphérique,hPa,985.5
2025-06-17 09:00:00,Rayonnement solaire,Rayonnement solaire,W/m²,625.0
2025-06-17 09:00:00,Point de Rosée,Point de Rosée,°c,10.3
2025-06-17 09:00:00,Humidité relative,Humidité relative,%,23.8
2025-06-17 09:00:00,Vitesse du vent,Vitesse du vent,m/s,1.85
2025-06-17 09:00:00,Température,Température,°c,33.8
2025-06-17 09:00:00,Direction du vent,Direction du vent,Deg,307.8
2025-06-17 07:00:00,Point de Rosée,Point de Rosée,°c,8.5
2025-06-17 07:00:00,Vitesse du vent,Vitesse du vent,m/s,1.42
2025-06-17 07:00:00,Direction du vent,Direction du vent,Deg,309.4
2025-06-17 07:00:00,Température,Température,°c,30.5
2025-06-17 07:00:00,Humidité relative,Humidité relative,%,25.5
2025-06-17 07:00:00,Rayonnement solaire,Rayonnement solaire,W/m²,227.0
2025-06-17 07:00:00,Pression atmosphérique,Pression atmosphérique,hPa,985.3
2025-06-17 07:00:00,Évapotranspiration Horaire,Évapotranspiration Horaire,mm/h,0.13
2025-06-17 07:00:00,Évapotranspiration journalière,Évapotranspiration journalière,mm/j,7.1
2025-06-17 05:00:00,Vitesse du vent,Vitesse du vent,m/s,0.9
2025-06-17 05:00:00,Direction du vent,Direction du vent,Deg,260.0
2025-06-17 05:00:00,Température,Température,°c,28.0
2025-06-17 05:00:00,Humidité relative,Humidité relative,%,29.5
2025-06-17 05:00:00,Point de Rosée,Point de Rosée,°c,8.6
2025-06-17 05:00:00,Rayonnement solaire,Rayonnement solaire,W/m²,2.0
2025-06-17 05:00:00,Pression atmosphérique,Pression atmosphérique,hPa,985.1
2025-06-17 05:00:00,Évapotranspiration Horaire,Évapotranspiration Horaire,mm/h,0.11
2025-06-17 05:00:00,Évapotranspiration journalière,Évapotranspiration journalière,mm/j,7.1
2025-06-17 03:00:00,Direction du vent,Direction du vent,Deg,300.5
2025-06-17 03:00:00,Évapotranspiration journalière,Évapotranspiration journalière,mm/j,7.1
2025-06-17 03:00:00,Évapotranspiration Horaire,Évapotranspiration Horaire,mm/h,0.1
2025-06-17 03:00:00,Pression atmosphérique,Pression atmosphérique,hPa,985.8
2025-06-17 03:00:00,Rayonnement solaire,Rayonnement solaire,W/m²,0.0
2025-06-17 03:00:00,Point de Rosée,Point de Rosée,°c,9.0
2025-06-17 03:00:00,Humidité relative,Humidité relative,%,35.1
2025-06-17 03:00:00,Température,Température,°c,25.6
2025-06-17 03:00:00,Vitesse du vent,Vitesse du vent,m/s,2.66
2025-06-17 01:00:00,Direction du vent,Direction du vent,Deg,249.3
2025-06-17 01:00:00,Évapotranspiration journalière,Évapotranspiration journalière,mm/j,7.1
2025-06-17 01:00:00,Évapotranspiration Horaire,Évapotranspiration Horaire,mm/h,0.12
2025-06-17 01:00:00,Pression atmosphérique,Pression atmosphérique,hPa,986.0
2025-06-17 01:00:00,Rayonnement solaire,Rayonnement solaire,W/m²,0.0
2025-06-17 01:00:00,Point de Rosée,Point de Rosée,°c,8.1
2025-06-17 01:00:00,Humidité relative,Humidité relative,%,32.3
2025-06-17 01:00:00,Température,Température,°c,26.0
2025-06-17 01:00:00,Vitesse du vent,Vitesse du vent,m/s,1.5
2025-06-16 23:00:00,Direction du vent,Direction du vent,Deg,284.3
2025-06-16 23:00:00,Évapotranspiration journalière,Évapotranspiration journalière,mm/j,6.88
2025-06-16 23:00:00,Évapotranspiration Horaire,Évapotranspiration Horaire,mm/h,0.24
2025-06-16 23:00:00,Pression atmosphérique,Pression atmosphérique,hPa,986.8
2025-06-16 23:00:00,Rayonnement solaire,Rayonnement solaire,W/m²,0.0
2025-06-16 23:00:00,Point de Rosée,Point de Rosée,°c,9.0
2025-06-16 23:00:00,Humidité relative,Humidité relative,%,32.5
2025-06-16 23:00:00,Température,Température,°c,26.8
2025-06-16 23:00:00,Vitesse du vent,Vitesse du vent,m/s,1.86
2025-06-16 19:00:00,Direction du vent,Direction du vent,Deg,6.4
2025-06-16 19:00:00,Évapotranspiration journalière,Évapotranspiration journalière,mm/j,6.88
2025-06-16 19:00:00,Évapotranspiration Horaire,Évapotranspiration Horaire,mm/h,0.34
2025-06-16 19:00:00,Pression atmosphérique,Pression atmosphérique,hPa,985.0
2025-06-16 19:00:00,Rayonnement solaire,Rayonnement solaire,W/m²,32.0
2025-06-16 19:00:00,Point de Rosée,Point de Rosée,°c,7.1
2025-06-16 19:00:00,Humidité relative,Humidité relative,%,18.6
2025-06-16 19:00:00,Température,Température,°c,34.4
2025-06-16 19:00:00,Vitesse du vent,Vitesse du vent,m/s,0.48
2025-06-16 17:00:00,Point de Rosée,Point de Rosée,°c,7.5
2025-06-16 17:00:00,Rayonnement solaire,Rayonnement solaire,W/m²,309.0
2025-06-16 17:00:00,Humidité relative,Humidité relative,%,16.4
2025-06-16 17:00:00,Pression atmosphérique,Pression atmosphérique,hPa,984.6
2025-06-16 17:00:00,Évapotranspiration Horaire,Évapotranspiration Horaire,mm/h,0.39
2025-06-16 17:00:00,Vitesse du vent,Vitesse du vent,m/s,0.87
2025-06-16 17:00:00,Température,Température,°c,37.2
2025-06-16 17:00:00,Évapotranspiration journalière,Évapotranspiration journalière,mm/j,6.88
2025-06-16 17:00:00,Direction du vent,Direction du vent,Deg,51.2
2025-06-16 15:00:00,Évapotranspiration journalière,Évapotranspiration journalière,mm/j,6.88
2025-06-16 15:00:00,Évapotranspiration Horaire,Évapotranspiration Horaire,mm/h,0.42
2025-06-16 15:00:00,Pression atmosphérique,Pression atmosphérique,hPa,985.0
2025-06-16 15:00:00,Rayonnement solaire,Rayonnement solaire,W/m²,641.0
2025-06-16 15:00:00,Point de Rosée,Point de Rosée,°c,7.8
2025-06-16 15:00:00,Humidité relative,Humidité relative,%,15.3
2025-06-16 15:00:00,Température,Température,°c,38.8
2025-06-16 15:00:00,Direction du vent,Direction du vent,Deg,37.1
2025-06-16 15:00:00,Vitesse du vent,Vitesse du vent,m/s,3.76
2025-06-16 13:00:00,Évapotranspiration journalière,Évapotranspiration journalière,mm/j,6.88
2025-06-16 13:00:00,Évapotranspiration Horaire,Évapotranspiration Horaire,mm/h,0.42
2025-06-16 13:00:00,Pression atmosphérique,Pression atmosphérique,hPa,985.8
2025-06-16 13:00:00,Rayonnement solaire,Rayonnement solaire,W/m²,829.0
2025-06-16 13:00:00,Point de Rosée,Point de Rosée,°c,10.9
2025-06-16 13:00:00,Humidité relative,Humidité relative,%,21.5
2025-06-16 13:00:00,Température,Température,°c,36.3
2025-06-16 13:00:00,Direction du vent,Direction du vent,Deg,37.7
2025-06-16 13:00:00,Vitesse du vent,Vitesse du vent,m/s,1.97
2025-06-16 11:00:00,Évapotranspiration journalière,Évapotranspiration journalière,mm/j,6.88
2025-06-16 11:00:00,Vitesse du vent,Vitesse du vent,m/s,1.29
2025-06-16 11:00:00,Évapotranspiration Horaire,Évapotranspiration Horaire,mm/h,0.24
2025-06-16 11:00:00,Direction du vent,Direction du vent,Deg,312.7
2025-06-16 11:00:00,Pression atmosphérique,Pression atmosphérique,hPa,986.5
2025-06-16 11:00:00,Température,Température,°c,35.5
2025-06-16 11:00:00,Rayonnement solaire,Rayonnement solaire,W/m²,834.0
2025-06-16 11:00:00,Humidité relative,Humidité relative,%,19.0
2025-06-16 11:00:00,Point de Rosée,Point de Rosée,°c,8.3
2025-06-16 09:00:00,Humidité relative,Humidité relative,%,27.5
2025-06-16 09:00:00,Vitesse du vent,Vitesse du vent,m/s,1.51
2025-06-16 09:00:00,Direction du vent,Direction du vent,Deg,120.7
2025-06-16 09:00:00,Température,Température,°c,32.7
2025-06-16 09:00:00,Point de Rosée,Point de Rosée,°c,11.5
2025-06-16 09:00:00,Rayonnement solaire,Rayonnement solaire,W/m²,633.0
2025-06-16 09:00:00,Pression atmosphérique,Pression atmosphérique,hPa,986.7
2025-06-16 09:00:00,Évapotranspiration Horaire,Évapotranspiration Horaire,mm/h,0.24
2025-06-16 09:00:00,Évapotranspiration journalière,Évapotranspiration journalière,mm/j,6.88
2025-06-16 07:00:00,Évapotranspiration journalière,Évapotranspiration journalière,mm/j,6.88
2025-06-16 07:00:00,Évapotranspiration Horaire,Évapotranspiration Horaire,mm/h,0.15
2025-06-16 07:00:00,Pression atmosphérique,Pression atmosphérique,hPa,986.5
2025-06-16 07:00:00,Rayonnement solaire,Rayonnement solaire,W/m²,256.0
2025-06-16 07:00:00,Point de Rosée,Point de Rosée,°c,12.3
2025-06-16 07:00:00,Humidité relative,Humidité relative,%,40.3
2025-06-16 07:00:00,Température,Température,°c,27.0
2025-06-16 07:00:00,Direction du vent,Direction du vent,Deg,176.0
2025-06-16 07:00:00,Vitesse du vent,Vitesse du vent,m/s,0.52
2025-06-16 05:00:00,Direction du vent,Direction du vent,Deg,297.4
2025-06-16 05:00:00,Évapotranspiration journalière,Évapotranspiration journalière,mm/j,6.88
2025-06-16 05:00:00,Évapotranspiration Horaire,Évapotranspiration Horaire,mm/h,0.08
2025-06-16 05:00:00,Vitesse du vent,Vitesse du vent,m/s,1.1
2025-06-16 05:00:00,Pression atmosphérique,Pression atmosphérique,hPa,986.4
2025-06-16 05:00:00,Rayonnement solaire,Rayonnement solaire,W/m²,1.0
2025-06-16 05:00:00,Point de Rosée,Point de Rosée,°c,12.5
2025-06-16 05:00:00,Humidité relative,Humidité relative,%,59.0
2025-06-16 05:00:00,Température,Température,°c,20.8
2025-06-16 03:00:00,Vitesse du vent,Vitesse du vent,m/s,1.62
2025-06-16 03:00:00,Direction du vent,Direction du vent,Deg,265.5
2025-06-16 03:00:00,Température,Température,°c,22.2
2025-06-16 03:00:00,Humidité relative,Humidité relative,%,53.6
2025-06-16 03:00:00,Point de Rosée,Point de Rosée,°c,12.3
2025-06-16 03:00:00,Rayonnement solaire,Rayonnement solaire,W/m²,0.0
2025-06-16 03:00:00,Pression atmosphérique,Pression atmosphérique,hPa,986.4
2025-06-16 03:00:00,Évapotranspiration Horaire,Évapotranspiration Horaire,mm/h,0.09
2025-06-16 03:00:00,Évapotranspiration journalière,Évapotranspiration journalière,mm/j,6.88
2025-06-16 01:00:00,Évapotranspiration journalière,Évapotranspiration journalière,mm/j,6.88
2025-06-16 01:00:00,Évapotranspiration Horaire,Évapotranspiration Horaire,mm/h,0.11
2025-06-16 01:00:00,Pression atmosphérique,Pression atmosphérique,hPa,987.1
2025-06-16 01:00:00,Rayonnement solaire,Rayonnement solaire,W/m²,0.0
2025-06-16 01:00:00,Point de Rosée,Point de Rosée,°c,13.0
2025-06-16 01:00:00,Humidité relative,Humidité relative,%,52.3
2025-06-16 01:00:00,Température,Température,°c,23.4
2025-06-16 01:00:00,Direction du vent,Direction du vent,Deg,296.3
2025-06-16 01:00:00,Vitesse du vent,Vitesse du vent,m/s,0.96
2025-06-15 21:00:00,Point de Rosée,Point de Rosée,°c,15.4
2025-06-15 21:00:00,Vitesse du vent,Vitesse du vent,m/s,0.82
2025-06-15 21:00:00,Direction du vent,Direction du vent,Deg,21.5
2025-06-15 21:00:00,Température,Température,°c,27.3
2025-06-15 21:00:00,Humidité relative,Humidité relative,%,48.2
2025-06-15 21:00:00,Rayonnement solaire,Rayonnement solaire,W/m²,0.0
2025-06-15 21:00:00,Pression atmosphérique,Pression atmosphérique,hPa,986.9
2025-06-15 21:00:00,Évapotranspiration Horaire,Évapotranspiration Horaire,mm/h,0.21
2025-06-15 21:00:00,Évapotranspiration journalière,Évapotranspiration journalière,mm/j,6.18
2025-06-15 19:00:00,Vitesse du vent,Vitesse du vent,m/s,0.77
2025-06-15 19:00:00,Direction du vent,Direction du vent,Deg,75.0
2025-06-15 19:00:00,Température,Température,°c,32.7
2025-06-15 19:00:00,Humidité relative,Humidité relative,%,25.2
2025-06-15 19:00:00,Point de Rosée,Point de Rosée,°c,10.2
2025-06-15 19:00:00,Rayonnement solaire,Rayonnement solaire,W/m²,29.0
2025-06-15 19:00:00,Pression atmosphérique,Pression atmosphérique,hPa,985.8
2025-06-15 19:00:00,Évapotranspiration Horaire,Évapotranspiration Horaire,mm/h,0.31
2025-06-15 19:00:00,Évapotranspiration journalière,Évapotranspiration journalière,mm/j,6.18
2025-06-15 17:00:00,Évapotranspiration journalière,Évapotranspiration journalière,mm/j,6.18
2025-06-15 17:00:00,Vitesse du vent,Vitesse du vent,m/s,1.92
2025-06-15 17:00:00,Direction du vent,Direction du vent,Deg,148.0
2025-06-15 17:00:00,Température,Température,°c,36.3
2025-06-15 17:00:00,Humidité relative,Humidité relative,%,13.5
2025-06-15 17:00:00,Point de Rosée,Point de Rosée,°c,4.0
2025-06-15 17:00:00,Rayonnement solaire,Rayonnement solaire,W/m²,328.0
2025-06-15 17:00:00,Pression atmosphérique,Pression atmosphérique,hPa,985.2
2025-06-15 17:00:00,Évapotranspiration Horaire,Évapotranspiration Horaire,mm/h,0.37
2025-06-15 15:00:00,Vitesse du vent,Vitesse du vent,m/s,2.16
2025-06-15 15:00:00,Direction du vent,Direction du vent,Deg,164.0
2025-06-15 15:00:00,Température,Température,°c,36.2
2025-06-15 15:00:00,Humidité relative,Humidité relative,%,13.2
2025-06-15 15:00:00,Point de Rosée,Point de Rosée,°c,3.6
2025-06-15 15:00:00,Rayonnement solaire,Rayonnement solaire,W/m²,680.0
2025-06-15 15:00:00,Pression atmosphérique,Pression atmosphérique,hPa,985.6
2025-06-15 15:00:00,Évapotranspiration Horaire,Évapotranspiration Horaire,mm/h,0.37
2025-06-15 15:00:00,Évapotranspiration journalière,Évapotranspiration journalière,mm/j,6.18
2025-06-15 13:00:00,Vitesse du vent,Vitesse du vent,m/s,3.46
2025-06-15 13:00:00,Direction du vent,Direction du vent,Deg,108.9
2025-06-15 13:00:00,Température,Température,°c,35.1
2025-06-15 13:00:00,Humidité relative,Humidité relative,%,14.6
2025-06-15 13:00:00,Point de Rosée,Point de Rosée,°c,4.2
2025-06-15 13:00:00,Rayonnement solaire,Rayonnement solaire,W/m²,838.0
2025-06-15 13:00:00,Pression atmosphérique,Pression atmosphérique,hPa,986.5
2025-06-15 13:00:00,Évapotranspiration Horaire,Évapotranspiration Horaire,mm/h,0.37
2025-06-15 13:00:00,Évapotranspiration journalière,Évapotranspiration journalière,mm/j,6.18
2025-06-15 11:00:00,Évapotranspiration Horaire,Évapotranspiration Horaire,mm/h,0.27
2025-06-15 11:00:00,Direction du vent,Direction du vent,Deg,66.3
2025-06-15 11:00:00,Température,Température,°c,34.2
2025-06-15 11:00:00,Humidité relative,Humidité relative,%,19.8
2025-06-15 11:00:00,Point de Rosée,Point de Rosée,°c,7.9
2025-06-15 11:00:00,Rayonnement solaire,Rayonnement solaire,W/m²,849.0
2025-06-15 11:00:00,Pression atmosphérique,Pression atmosphérique,hPa,987.4
2025-06-15 11:00:00,Vitesse du vent,Vitesse du vent,m/s,0.98
2025-06-15 11:00:00,Évapotranspiration journalière,Évapotranspiration journalière,mm/j,6.18
2025-06-15 09:00:00,Vitesse du vent,Vitesse du vent,m/s,1.18
2025-06-15 09:00:00,Direction du vent,Direction du vent,Deg,81.2
2025-06-15 09:00:00,Température,Température,°c,33.0
2025-06-15 09:00:00,Humidité relative,Humidité relative,%,22.8
2025-06-15 09:00:00,Point de Rosée,Point de Rosée,°c,9.0
2025-06-15 09:00:00,Rayonnement solaire,Rayonnement solaire,W/m²,640.0
2025-06-15 09:00:00,Pression atmosphérique,Pression atmosphérique,hPa,987.5
2025-06-15 09:00:00,Évapotranspiration Horaire,Évapotranspiration Horaire,mm/h,0.17
2025-06-15 09:00:00,Évapotranspiration journalière,Évapotranspiration journalière,mm/j,6.18
2025-06-15 07:00:00,Évapotranspiration journalière,Évapotranspiration journalière,mm/j,6.18
2025-06-15 07:00:00,Pression atmosphérique,Pression atmosphérique,hPa,987.3
2025-06-15 07:00:00,Rayonnement solaire,Rayonnement solaire,W/m²,267.0
2025-06-15 07:00:00,Point de Rosée,Point de Rosée,°c,13.8
2025-06-15 07:00:00,Humidité relative,Humidité relative,%,45.2
2025-06-15 07:00:00,Température,Température,°c,26.6
2025-06-15 07:00:00,Direction du vent,Direction du vent,Deg,302.7
2025-06-15 07:00:00,Vitesse du vent,Vitesse du vent,m/s,1.71
2025-06-15 07:00:00,Évapotranspiration Horaire,Évapotranspiration Horaire,mm/h,0.09
2025-06-15 05:00:00,Humidité relative,Humidité relative,%,53.0
2025-06-15 05:00:00,Vitesse du vent,Vitesse du vent,m/s,3.07
2025-06-15 05:00:00,Direction du vent,Direction du vent,Deg,279.7
2025-06-15 05:00:00,Température,Température,°c,22.1
2025-06-15 05:00:00,Point de Rosée,Point de Rosée,°c,12.0
2025-06-15 05:00:00,Rayonnement solaire,Rayonnement solaire,W/m²,2.0
2025-06-15 05:00:00,Pression atmosphérique,Pression atmosphérique,hPa,987.1
2025-06-15 05:00:00,Évapotranspiration Horaire,Évapotranspiration Horaire,mm/h,0.25
2025-06-15 05:00:00,Évapotranspiration journalière,Évapotranspiration journalière,mm/j,6.18
2025-06-14 09:00:00,Vitesse du vent,Vitesse du vent,m/s,0.93
2025-06-14 09:00:00,Évapotranspiration journalière,Évapotranspiration journalière,mm/j,6.78
2025-06-14 09:00:00,Évapotranspiration Horaire,Évapotranspiration Horaire,mm/h,0.24
2025-06-14 09:00:00,Pression atmosphérique,Pression atmosphérique,hPa,987.9
2025-06-14 09:00:00,Rayonnement solaire,Rayonnement solaire,W/m²,649.0
2025-06-14 09:00:00,Point de Rosée,Point de Rosée,°c,11.9
2025-06-14 09:00:00,Humidité relative,Humidité relative,%,29.3
2025-06-14 09:00:00,Température,Température,°c,32.0
2025-06-14 09:00:00,Direction du vent,Direction du vent,Deg,56.2
2025-06-14 07:00:00,Direction du vent,Direction du vent,Deg,318.0
2025-06-14 07:00:00,Évapotranspiration journalière,Évapotranspiration journalière,mm/j,6.78
2025-06-14 07:00:00,Évapotranspiration Horaire,Évapotranspiration Horaire,mm/h,0.09
2025-06-14 07:00:00,Pression atmosphérique,Pression atmosphérique,hPa,987.8
2025-06-14 07:00:00,Rayonnement solaire,Rayonnement solaire,W/m²,272.0
2025-06-14 07:00:00,Point de Rosée,Point de Rosée,°c,13.2
2025-06-14 07:00:00,Humidité relative,Humidité relative,%,48.5
2025-06-14 07:00:00,Température,Température,°c,24.8
2025-06-14 07:00:00,Vitesse du vent,Vitesse du vent,m/s,0.61
2025-06-14 05:00:00,Évapotranspiration journalière,Évapotranspiration journalière,mm/j,6.78
2025-06-14 05:00:00,Vitesse du vent,Vitesse du vent,m/s,0.95
2025-06-14 05:00:00,Direction du vent,Direction du vent,Deg,280.2
2025-06-14 05:00:00,Température,Température,°c,20.2
2025-06-14 05:00:00,Humidité relative,Humidité relative,%,58.4
2025-06-14 05:00:00,Point de Rosée,Point de Rosée,°c,11.8
2025-06-14 05:00:00,Rayonnement solaire,Rayonnement solaire,W/m²,2.0
2025-06-14 05:00:00,Pression atmosphérique,Pression atmosphérique,hPa,987.3
2025-06-14 05:00:00,Évapotranspiration Horaire,Évapotranspiration Horaire,mm/h,0.08
2025-06-14 04:00:00,Évapotranspiration Horaire,Évapotranspiration Horaire,mm/h,0.08
2025-06-14 04:00:00,Humidité relative,Humidité relative,%,61.2
2025-06-14 04:00:00,Rayonnement solaire,Rayonnement solaire,W/m²,0.0
2025-06-14 04:00:00,Température,Température,°c,19.9
2025-06-14 04:00:00,Évapotranspiration journalière,Évapotranspiration journalière,mm/j,6.78
2025-06-14 04:00:00,Direction du vent,Direction du vent,Deg,304.6
2025-06-14 04:00:00,Pression atmosphérique,Pression atmosphérique,hPa,987.1
2025-06-14 04:00:00,Vitesse du vent,Vitesse du vent,m/s,1.57
2025-06-14 04:00:00,Point de Rosée,Point de Rosée,°c,12.2
2025-06-14 03:00:00,Température,Température,°c,20.3
2025-06-14 03:00:00,Évapotranspiration journalière,Évapotranspiration journalière,mm/j,6.78
2025-06-14 03:00:00,Évapotranspiration Horaire,Évapotranspiration Horaire,mm/h,0.08
2025-06-14 03:00:00,Pression atmosphérique,Pression atmosphérique,hPa,987.1
2025-06-14 03:00:00,Rayonnement solaire,Rayonnement solaire,W/m²,0.0
2025-06-14 03:00:00,Point de Rosée,Point de Rosée,°c,12.0
2025-06-14 03:00:00,Humidité relative,Humidité relative,%,58.8
2025-06-14 03:00:00,Direction du vent,Direction du vent,Deg,280.9
2025-06-14 03:00:00,Vitesse du vent,Vitesse du vent,m/s,1.4
2025-06-14 01:00:00,Évapotranspiration journalière,Évapotranspiration journalière,mm/j,6.78
2025-06-14 01:00:00,Pression atmosphérique,Pression atmosphérique,hPa,987.8
2025-06-14 01:00:00,Rayonnement solaire,Rayonnement solaire,W/m²,0.0
2025-06-14 01:00:00,Évapotranspiration Horaire,Évapotranspiration Horaire,mm/h,0.1
2025-06-14 01:00:00,Point de Rosée,Point de Rosée,°c,11.6
2025-06-14 01:00:00,Humidité relative,Humidité relative,%,55.4
2025-06-14 01:00:00,Température,Température,°c,20.9
2025-06-14 01:00:00,Direction du vent,Direction du vent,Deg,266.6
2025-06-14 01:00:00,Vitesse du vent,Vitesse du vent,m/s,0.7
2025-06-14 00:00:00,Pression atmosphérique,Pression atmosphérique,hPa,987.9
2025-06-14 00:00:00,Vitesse du vent,Vitesse du vent,m/s,1.08
2025-06-14 00:00:00,Direction du vent,Direction du vent,Deg,291.2
2025-06-14 00:00:00,Température,Température,°c,21.7
2025-06-14 00:00:00,Humidité relative,Humidité relative,%,55.6
2025-06-14 00:00:00,Point de Rosée,Point de Rosée,°c,12.4
2025-06-14 00:00:00,Rayonnement solaire,Rayonnement solaire,W/m²,0.0
2025-06-14 00:00:00,Évapotranspiration Horaire,Évapotranspiration Horaire,mm/h,0.12
2025-06-14 00:00:00,Évapotranspiration journalière,Évapotranspiration journalière,mm/j,6.11
2025-06-13 23:00:00,Vitesse du vent,Vitesse du vent,m/s,1.29
2025-06-13 23:00:00,Évapotranspiration Horaire,Évapotranspiration Horaire,mm/h,0.12
2025-06-13 23:00:00,Pression atmosphérique,Pression atmosphérique,hPa,988.2
2025-06-13 23:00:00,Rayonnement solaire,Rayonnement solaire,W/m²,0.0
2025-06-13 23:00:00,Point de Rosée,Point de Rosée,°c,12.4
2025-06-13 23:00:00,Humidité relative,Humidité relative,%,53.1
2025-06-13 23:00:00,Évapotranspiration journalière,Évapotranspiration journalière,mm/j,6.11
2025-06-13 23:00:00,Température,Température,°c,22.4
2025-06-13 23:00:00,Direction du vent,Direction du vent,Deg,293.2
2025-06-13 21:00:00,Direction du vent,Direction du vent,Deg,334.4
2025-06-13 21:00:00,Évapotranspiration journalière,Évapotranspiration journalière,mm/j,6.11
2025-06-13 21:00:00,Évapotranspiration Horaire,Évapotranspiration Horaire,mm/h,0.23
2025-06-13 21:00:00,Pression atmosphérique,Pression atmosphérique,hPa,987.7
2025-06-13 21:00:00,Rayonnement solaire,Rayonnement solaire,W/m²,0.0
2025-06-13 21:00:00,Point de Rosée,Point de Rosée,°c,13.6
2025-06-13 21:00:00,Humidité relative,Humidité relative,%,46.7
2025-06-13 21:00:00,Température,Température,°c,25.9
2025-06-13 21:00:00,Vitesse du vent,Vitesse du vent,m/s,0.81
2025-06-13 19:00:00,Direction du vent,Direction du vent,Deg,133.2
2025-06-13 19:00:00,Évapotranspiration journalière,Évapotranspiration journalière,mm/j,6.11
2025-06-13 19:00:00,Évapotranspiration Horaire,Évapotranspiration Horaire,mm/h,0.27
2025-06-13 19:00:00,Pression atmosphérique,Pression atmosphérique,hPa,986.7
2025-06-13 19:00:00,Rayonnement solaire,Rayonnement solaire,W/m²,27.0
2025-06-13 19:00:00,Point de Rosée,Point de Rosée,°c,12.0
2025-06-13 19:00:00,Humidité relative,Humidité relative,%,33.1
2025-06-13 19:00:00,Température,Température,°c,29.9
2025-06-13 19:00:00,Vitesse du vent,Vitesse du vent,m/s,1.22
2025-06-13 17:00:00,Vitesse du vent,Vitesse du vent,m/s,1.88
2025-06-13 17:00:00,Évapotranspiration journalière,Évapotranspiration journalière,mm/j,6.11
2025-06-13 17:00:00,Évapotranspiration Horaire,Évapotranspiration Horaire,mm/h,0.3
2025-06-13 17:00:00,Pression atmosphérique,Pression atmosphérique,hPa,985.6
2025-06-13 17:00:00,Rayonnement solaire,Rayonnement solaire,W/m²,311.0
2025-06-13 17:00:00,Point de Rosée,Point de Rosée,°c,11.0
2025-06-13 17:00:00,Humidité relative,Humidité relative,%,24.3
2025-06-13 17:00:00,Température,Température,°c,34.2
2025-06-13 17:00:00,Direction du vent,Direction du vent,Deg,114.5
2025-06-13 15:00:00,Vitesse du vent,Vitesse du vent,m/s,4.79
2025-06-13 15:00:00,Évapotranspiration journalière,Évapotranspiration journalière,mm/j,6.11
2025-06-13 15:00:00,Évapotranspiration Horaire,Évapotranspiration Horaire,mm/h,0.35
2025-06-13 15:00:00,Pression atmosphérique,Pression atmosphérique,hPa,986.1
2025-06-13 15:00:00,Rayonnement solaire,Rayonnement solaire,W/m²,678.0
2025-06-13 15:00:00,Point de Rosée,Point de Rosée,°c,7.0
2025-06-13 15:00:00,Humidité relative,Humidité relative,%,19.1
2025-06-13 15:00:00,Température,Température,°c,33.7
2025-06-13 15:00:00,Direction du vent,Direction du vent,Deg,145.0
2025-06-13 13:00:00,Évapotranspiration journalière,Évapotranspiration journalière,mm/j,6.11
2025-06-13 13:00:00,Évapotranspiration Horaire,Évapotranspiration Horaire,mm/h,0.29
2025-06-13 13:00:00,Pression atmosphérique,Pression atmosphérique,hPa,986.5
2025-06-13 13:00:00,Rayonnement solaire,Rayonnement solaire,W/m²,847.0
2025-06-13 13:00:00,Vitesse du vent,Vitesse du vent,m/s,3.44
2025-06-13 13:00:00,Point de Rosée,Point de Rosée,°c,9.4
2025-06-13 13:00:00,Humidité relative,Humidité relative,%,24.0
2025-06-13 13:00:00,Température,Température,°c,32.6
2025-06-13 13:00:00,Direction du vent,Direction du vent,Deg,104.3
2025-06-13 11:00:00,Évapotranspiration journalière,Évapotranspiration journalière,mm/j,6.11
2025-06-13 11:00:00,Évapotranspiration Horaire,Évapotranspiration Horaire,mm/h,0.25
2025-06-13 11:00:00,Pression atmosphérique,Pression atmosphérique,hPa,987.3
2025-06-13 11:00:00,Rayonnement solaire,Rayonnement solaire,W/m²,861.0
2025-06-13 11:00:00,Point de Rosée,Point de Rosée,°c,10.3
2025-06-13 11:00:00,Humidité relative,Humidité relative,%,28.5
2025-06-13 11:00:00,Température,Température,°c,30.6
2025-06-13 11:00:00,Direction du vent,Direction du vent,Deg,127.0
2025-06-13 11:00:00,Vitesse du vent,Vitesse du vent,m/s,2.21
2025-06-13 09:00:00,Évapotranspiration journalière,Évapotranspiration journalière,mm/j,6.11
2025-06-13 09:00:00,Évapotranspiration Horaire,Évapotranspiration Horaire,mm/h,0.22
2025-06-13 09:00:00,Pression atmosphérique,Pression atmosphérique,hPa,987.4
2025-06-13 09:00:00,Rayonnement solaire,Rayonnement solaire,W/m²,655.0
2025-06-13 09:00:00,Point de Rosée,Point de Rosée,°c,12.9
2025-06-13 09:00:00,Humidité relative,Humidité relative,%,39.7
2025-06-13 09:00:00,Température,Température,°c,27.8
2025-06-13 09:00:00,Direction du vent,Direction du vent,Deg,136.3
2025-06-13 09:00:00,Vitesse du vent,Vitesse du vent,m/s,1.83
2025-06-13 07:00:00,Température,Température,°c,23.1
2025-06-13 07:00:00,Évapotranspiration journalière,Évapotranspiration journalière,mm/j,6.11
2025-06-13 07:00:00,Évapotranspiration Horaire,Évapotranspiration Horaire,mm/h,0.15
2025-06-13 07:00:00,Pression atmosphérique,Pression atmosphérique,hPa,986.5
2025-06-13 07:00:00,Rayonnement solaire,Rayonnement solaire,W/m²,273.0
2025-06-13 07:00:00,Point de Rosée,Point de Rosée,°c,14.1
2025-06-13 07:00:00,Humidité relative,Humidité relative,%,57.0
2025-06-13 07:00:00,Direction du vent,Direction du vent,Deg,327.7
2025-06-13 07:00:00,Vitesse du vent,Vitesse du vent,m/s,0.74
2025-06-13 05:00:00,Évapotranspiration journalière,Évapotranspiration journalière,mm/j,6.11
2025-06-13 05:00:00,Évapotranspiration Horaire,Évapotranspiration Horaire,mm/h,0.08
2025-06-13 05:00:00,Pression atmosphérique,Pression atmosphérique,hPa,985.8
2025-06-13 05:00:00,Rayonnement solaire,Rayonnement solaire,W/m²,2.0
2025-06-13 05:00:00,Point de Rosée,Point de Rosée,°c,14.0
2025-06-13 05:00:00,Humidité relative,Humidité relative,%,78.8
2025-06-13 05:00:00,Température,Température,°c,17.7
2025-06-13 05:00:00,Direction du vent,Direction du vent,Deg,290.4
2025-06-13 05:00:00,Vitesse du vent,Vitesse du vent,m/s,1.23
2025-06-13 03:00:00,Évapotranspiration journalière,Évapotranspiration journalière,mm/j,6.11
2025-06-13 03:00:00,Évapotranspiration Horaire,Évapotranspiration Horaire,mm/h,0.08
2025-06-13 03:00:00,Pression atmosphérique,Pression atmosphérique,hPa,985.5
2025-06-13 03:00:00,Rayonnement solaire,Rayonnement solaire,W/m²,0.0
2025-06-13 03:00:00,Point de Rosée,Point de Rosée,°c,13.8
2025-06-13 03:00:00,Humidité relative,Humidité relative,%,75.7
2025-06-13 03:00:00,Température,Température,°c,18.2
2025-06-13 03:00:00,Direction du vent,Direction du vent,Deg,292.5
2025-06-13 03:00:00,Vitesse du vent,Vitesse du vent,m/s,0.9
2025-06-13 01:00:00,Évapotranspiration journalière,Évapotranspiration journalière,mm/j,6.11
2025-06-13 01:00:00,Évapotranspiration Horaire,Évapotranspiration Horaire,mm/h,0.11
2025-06-13 01:00:00,Pression atmosphérique,Pression atmosphérique,hPa,985.8
2025-06-13 01:00:00,Rayonnement solaire,Rayonnement solaire,W/m²,0.0
2025-06-13 01:00:00,Point de Rosée,Point de Rosée,°c,13.8
2025-06-13 01:00:00,Humidité relative,Humidité relative,%,69.1
2025-06-13 01:00:00,Température,Température,°c,19.6
2025-06-13 01:00:00,Direction du vent,Direction du vent,Deg,280.3
2025-06-13 01:00:00,Vitesse du vent,Vitesse du vent,m/s,0.95
2025-06-12 23:00:00,Évapotranspiration journalière,Évapotranspiration journalière,mm/j,6.2
2025-06-12 23:00:00,Évapotranspiration Horaire,Évapotranspiration Horaire,mm/h,0.14
2025-06-12 23:00:00,Pression atmosphérique,Pression atmosphérique,hPa,986.3
2025-06-12 23:00:00,Rayonnement solaire,Rayonnement solaire,W/m²,0.0
2025-06-12 23:00:00,Point de Rosée,Point de Rosée,°c,14.4
2025-06-12 23:00:00,Humidité relative,Humidité relative,%,65.7
2025-06-12 23:00:00,Température,Température,°c,21.1
2025-06-12 23:00:00,Direction du vent,Direction du vent,Deg,276.0
2025-06-12 23:00:00,Vitesse du vent,Vitesse du vent,m/s,1.16
2025-06-12 21:00:00,Évapotranspiration journalière,Évapotranspiration journalière,mm/j,6.2
2025-06-12 21:00:00,Vitesse du vent,Vitesse du vent,m/s,1.37
2025-06-12 21:00:00,Direction du vent,Direction du vent,Deg,28.5
2025-06-12 21:00:00,Température,Température,°c,23.0
2025-06-12 21:00:00,Humidité relative,Humidité relative,%,67.7
2025-06-12 21:00:00,Point de Rosée,Point de Rosée,°c,16.7
2025-06-12 21:00:00,Rayonnement solaire,Rayonnement solaire,W/m²,0.0
2025-06-12 21:00:00,Pression atmosphérique,Pression atmosphérique,hPa,985.6
2025-06-12 21:00:00,Évapotranspiration Horaire,Évapotranspiration Horaire,mm/h,0.19
2025-06-12 19:00:00,Direction du vent,Direction du vent,Deg,32.8
2025-06-12 19:00:00,Vitesse du vent,Vitesse du vent,m/s,2.07
2025-06-12 19:00:00,Température,Température,°c,27.3
2025-06-12 19:00:00,Humidité relative,Humidité relative,%,40.5
2025-06-12 19:00:00,Point de Rosée,Point de Rosée,°c,12.7
2025-06-12 19:00:00,Rayonnement solaire,Rayonnement solaire,W/m²,26.0
2025-06-12 19:00:00,Pression atmosphérique,Pression atmosphérique,hPa,984.2
2025-06-12 19:00:00,Évapotranspiration Horaire,Évapotranspiration Horaire,mm/h,0.27
2025-06-12 19:00:00,Évapotranspiration journalière,Évapotranspiration journalière,mm/j,6.2
2025-06-12 17:00:00,Vitesse du vent,Vitesse du vent,m/s,4.5
2025-06-12 17:00:00,Évapotranspiration journalière,Évapotranspiration journalière,mm/j,6.2
2025-06-12 17:00:00,Évapotranspiration Horaire,Évapotranspiration Horaire,mm/h,0.36
2025-06-12 17:00:00,Pression atmosphérique,Pression atmosphérique,hPa,983.0
2025-06-12 17:00:00,Rayonnement solaire,Rayonnement solaire,W/m²,319.0
2025-06-12 17:00:00,Point de Rosée,Point de Rosée,°c,11.8
2025-06-12 17:00:00,Humidité relative,Humidité relative,%,28.9
2025-06-12 17:00:00,Température,Température,°c,32.1
2025-06-12 17:00:00,Direction du vent,Direction du vent,Deg,64.9
2025-06-12 15:00:00,Direction du vent,Direction du vent,Deg,162.1
2025-06-12 15:00:00,Évapotranspiration journalière,Évapotranspiration journalière,mm/j,6.2
2025-06-12 15:00:00,Évapotranspiration Horaire,Évapotranspiration Horaire,mm/h,0.41
2025-06-12 15:00:00,Pression atmosphérique,Pression atmosphérique,hPa,983.1
2025-06-12 15:00:00,Rayonnement solaire,Rayonnement solaire,W/m²,673.0
2025-06-12 15:00:00,Point de Rosée,Point de Rosée,°c,7.9
2025-06-12 15:00:00,Humidité relative,Humidité relative,%,20.8
2025-06-12 15:00:00,Température,Température,°c,33.3
2025-06-12 15:00:00,Vitesse du vent,Vitesse du vent,m/s,2.9
2025-06-12 13:00:00,Vitesse du vent,Vitesse du vent,m/s,2.47
2025-06-12 13:00:00,Évapotranspiration journalière,Évapotranspiration journalière,mm/j,6.2
2025-06-12 13:00:00,Évapotranspiration Horaire,Évapotranspiration Horaire,mm/h,0.34
2025-06-12 13:00:00,Pression atmosphérique,Pression atmosphérique,hPa,983.6
2025-06-12 13:00:00,Rayonnement solaire,Rayonnement solaire,W/m²,854.0
2025-06-12 13:00:00,Point de Rosée,Point de Rosée,°c,11.4
2025-06-12 13:00:00,Humidité relative,Humidité relative,%,29.6
2025-06-12 13:00:00,Température,Température,°c,31.3
2025-06-12 13:00:00,Direction du vent,Direction du vent,Deg,57.2
2025-06-12 11:00:00,Vitesse du vent,Vitesse du vent,m/s,1.59
2025-06-12 11:00:00,Évapotranspiration journalière,Évapotranspiration journalière,mm/j,6.2
2025-06-12 11:00:00,Évapotranspiration Horaire,Évapotranspiration Horaire,mm/h,0.25
2025-06-12 11:00:00,Pression atmosphérique,Pression atmosphérique,hPa,984.5
2025-06-12 11:00:00,Rayonnement solaire,Rayonnement solaire,W/m²,870.0
2025-06-12 11:00:00,Point de Rosée,Point de Rosée,°c,16.0
2025-06-12 11:00:00,Humidité relative,Humidité relative,%,49.5
2025-06-12 11:00:00,Température,Température,°c,27.5
2025-06-12 11:00:00,Direction du vent,Direction du vent,Deg,354.6
2025-06-12 09:00:00,Direction du vent,Direction du vent,Deg,157.8
2025-06-12 09:00:00,Évapotranspiration journalière,Évapotranspiration journalière,mm/j,6.2
2025-06-12 09:00:00,Évapotranspiration Horaire,Évapotranspiration Horaire,mm/h,0.18
2025-06-12 09:00:00,Pression atmosphérique,Pression atmosphérique,hPa,984.4
2025-06-12 09:00:00,Rayonnement solaire,Rayonnement solaire,W/m²,656.0
2025-06-12 09:00:00,Point de Rosée,Point de Rosée,°c,17.9
2025-06-12 09:00:00,Humidité relative,Humidité relative,%,64.8
2025-06-12 09:00:00,Température,Température,°c,25.0
2025-06-12 09:00:00,Vitesse du vent,Vitesse du vent,m/s,1.28
2025-06-12 07:00:00,Rayonnement solaire,Rayonnement solaire,W/m²,273.0
2025-06-12 07:00:00,Évapotranspiration journalière,Évapotranspiration journalière,mm/j,6.2
2025-06-12 07:00:00,Évapotranspiration Horaire,Évapotranspiration Horaire,mm/h,0.09
2025-06-12 07:00:00,Pression atmosphérique,Pression atmosphérique,hPa,983.9
2025-06-12 07:00:00,Point de Rosée,Point de Rosée,°c,18.8
2025-06-12 07:00:00,Humidité relative,Humidité relative,%,89.9
2025-06-12 07:00:00,Température,Température,°c,20.5
2025-06-12 07:00:00,Direction du vent,Direction du vent,Deg,181.8
2025-06-12 07:00:00,Vitesse du vent,Vitesse du vent,m/s,0.61
2025-06-12 05:00:00,Vitesse du vent,Vitesse du vent,m/s,0.88
2025-06-12 05:00:00,Évapotranspiration journalière,Évapotranspiration journalière,mm/j,6.2
2025-06-12 05:00:00,Évapotranspiration Horaire,Évapotranspiration Horaire,mm/h,0.08
2025-06-12 05:00:00,Pression atmosphérique,Pression atmosphérique,hPa,983.4
2025-06-12 05:00:00,Rayonnement solaire,Rayonnement solaire,W/m²,3.0
2025-06-12 05:00:00,Point de Rosée,Point de Rosée,°c,16.3
2025-06-12 05:00:00,Humidité relative,Humidité relative,%,90.0
2025-06-12 05:00:00,Température,Température,°c,18.0
2025-06-12 05:00:00,Direction du vent,Direction du vent,Deg,306.2
2025-06-12 03:00:00,Direction du vent,Direction du vent,Deg,306.4
2025-06-12 03:00:00,Évapotranspiration journalière,Évapotranspiration journalière,mm/j,6.2
2025-06-12 03:00:00,Évapotranspiration Horaire,Évapotranspiration Horaire,mm/h,0.09
2025-06-12 03:00:00,Pression atmosphérique,Pression atmosphérique,hPa,983.7
2025-06-12 03:00:00,Rayonnement solaire,Rayonnement solaire,W/m²,0.0
2025-06-12 03:00:00,Point de Rosée,Point de Rosée,°c,15.6
2025-06-12 03:00:00,Humidité relative,Humidité relative,%,85.5
2025-06-12 03:00:00,Température,Température,°c,18.1
2025-06-12 03:00:00,Vitesse du vent,Vitesse du vent,m/s,0.83
2025-06-12 01:00:00,Vitesse du vent,Vitesse du vent,m/s,0.34
2025-06-12 01:00:00,Évapotranspiration journalière,Évapotranspiration journalière,mm/j,6.2
2025-06-12 01:00:00,Évapotranspiration Horaire,Évapotranspiration Horaire,mm/h,0.1
2025-06-12 01:00:00,Pression atmosphérique,Pression atmosphérique,hPa,984.5
2025-06-12 01:00:00,Rayonnement solaire,Rayonnement solaire,W/m²,0.0
2025-06-12 01:00:00,Point de Rosée,Point de Rosée,°c,16.4
2025-06-12 01:00:00,Humidité relative,Humidité relative,%,83.2
2025-06-12 01:00:00,Température,Température,°c,19.3
2025-06-12 01:00:00,Direction du vent,Direction du vent,Deg,276.0
2025-06-12 00:00:00,Évapotranspiration journalière,Évapotranspiration journalière,mm/j,7.11
2025-06-12 00:00:00,Évapotranspiration Horaire,Évapotranspiration Horaire,mm/h,0.12
2025-06-12 00:00:00,Pression atmosphérique,Pression atmosphérique,hPa,984.9
2025-06-12 00:00:00,Rayonnement solaire,Rayonnement solaire,W/m²,0.0
2025-06-12 00:00:00,Vitesse du vent,Vitesse du vent,m/s,0.56
2025-06-12 00:00:00,Point de Rosée,Point de Rosée,°c,16.3
2025-06-12 00:00:00,Humidité relative,Humidité relative,%,80.8
2025-06-12 00:00:00,Température,Température,°c,19.7
2025-06-12 00:00:00,Direction du vent,Direction du vent,Deg,179.1
2025-06-11 23:00:00,Direction du vent,Direction du vent,Deg,265.8
2025-06-11 23:00:00,Évapotranspiration journalière,Évapotranspiration journalière,mm/j,7.11
2025-06-11 23:00:00,Évapotranspiration Horaire,Évapotranspiration Horaire,mm/h,0.12
2025-06-11 23:00:00,Pression atmosphérique,Pression atmosphérique,hPa,985.2
2025-06-11 23:00:00,Rayonnement solaire,Rayonnement solaire,W/m²,0.0
2025-06-11 23:00:00,Point de Rosée,Point de Rosée,°c,16.3
2025-06-11 23:00:00,Humidité relative,Humidité relative,%,78.8
2025-06-11 23:00:00,Température,Température,°c,20.1
2025-06-11 23:00:00,Vitesse du vent,Vitesse du vent,m/s,0.25
2025-06-11 21:00:00,Évapotranspiration journalière,Évapotranspiration journalière,mm/j,7.11
2025-06-11 21:00:00,Évapotranspiration Horaire,Évapotranspiration Horaire,mm/h,0.17
2025-06-11 21:00:00,Pression atmosphérique,Pression atmosphérique,hPa,984.4
2025-06-11 21:00:00,Rayonnement solaire,Rayonnement solaire,W/m²,0.0
2025-06-11 21:00:00,Point de Rosée,Point de Rosée,°c,16.5
2025-06-11 21:00:00,Humidité relative,Humidité relative,%,68.1
2025-06-11 21:00:00,Température,Température,°c,22.7
2025-06-11 21:00:00,Direction du vent,Direction du vent,Deg,32.9
2025-06-11 21:00:00,Vitesse du vent,Vitesse du vent,m/s,0.99
2025-06-11 20:00:00,Évapotranspiration Horaire,Évapotranspiration Horaire,mm/h,0.31
2025-06-11 20:00:00,Humidité relative,Humidité relative,%,61.4
2025-06-11 20:00:00,Évapotranspiration journalière,Évapotranspiration journalière,mm/j,7.11
2025-06-11 20:00:00,Température,Température,°c,24.1
2025-06-11 20:00:00,Rayonnement solaire,Rayonnement solaire,W/m²,0.0
2025-06-11 20:00:00,Direction du vent,Direction du vent,Deg,90.7
2025-06-11 20:00:00,Point de Rosée,Point de Rosée,°c,16.2
2025-06-11 20:00:00,Vitesse du vent,Vitesse du vent,m/s,0.5
2025-06-11 20:00:00,Pression atmosphérique,Pression atmosphérique,hPa,983.7
2025-06-11 19:00:00,Vitesse du vent,Vitesse du vent,m/s,0.32
2025-06-11 19:00:00,Pression atmosphérique,Pression atmosphérique,hPa,983.2
2025-06-11 19:00:00,Évapotranspiration Horaire,Évapotranspiration Horaire,mm/h,0.38
2025-06-11 19:00:00,Rayonnement solaire,Rayonnement solaire,W/m²,25.0
2025-06-11 19:00:00,Évapotranspiration journalière,Évapotranspiration journalière,mm/j,7.11
2025-06-11 19:00:00,Point de Rosée,Point de Rosée,°c,16.3
2025-06-11 19:00:00,Humidité relative,Humidité relative,%,54.4
2025-06-11 19:00:00,Température,Température,°c,26.3
2025-06-11 19:00:00,Direction du vent,Direction du vent,Deg,132.3
2025-06-11 18:00:00,Vitesse du vent,Vitesse du vent,m/s,1.43
2025-06-11 18:00:00,Évapotranspiration journalière,Évapotranspiration journalière,mm/j,7.11
2025-06-11 18:00:00,Évapotranspiration Horaire,Évapotranspiration Horaire,mm/h,0.38
2025-06-11 18:00:00,Pression atmosphérique,Pression atmosphérique,hPa,982.4
2025-06-11 18:00:00,Rayonnement solaire,Rayonnement solaire,W/m²,144.0
2025-06-11 18:00:00,Point de Rosée,Point de Rosée,°c,16.1
2025-06-11 18:00:00,Humidité relative,Humidité relative,%,46.8
2025-06-11 18:00:00,Température,Température,°c,28.6
2025-06-11 18:00:00,Direction du vent,Direction du vent,Deg,73.2
2025-06-11 17:00:00,Température,Température,°c,30.4
2025-06-11 17:00:00,Humidité relative,Humidité relative,%,38.2
2025-06-11 17:00:00,Direction du vent,Direction du vent,Deg,72.5
2025-06-11 17:00:00,Évapotranspiration Horaire,Évapotranspiration Horaire,mm/h,0.38
2025-06-11 17:00:00,Évapotranspiration journalière,Évapotranspiration journalière,mm/j,7.11
2025-06-11 17:00:00,Pression atmosphérique,Pression atmosphérique,hPa,982.1
2025-06-11 17:00:00,Vitesse du vent,Vitesse du vent,m/s,4.14
2025-06-11 17:00:00,Rayonnement solaire,Rayonnement solaire,W/m²,306.0
2025-06-11 17:00:00,Point de Rosée,Point de Rosée,°c,14.6
2025-06-11 16:00:00,Température,Température,°c,32.2
2025-06-11 16:00:00,Rayonnement solaire,Rayonnement solaire,W/m²,491.0
2025-06-11 16:00:00,Humidité relative,Humidité relative,%,31.2
2025-06-11 16:00:00,Point de Rosée,Point de Rosée,°c,13.0
2025-06-11 16:00:00,Évapotranspiration journalière,Évapotranspiration journalière,mm/j,7.11
2025-06-11 16:00:00,Vitesse du vent,Vitesse du vent,m/s,3.69
2025-06-11 16:00:00,Évapotranspiration Horaire,Évapotranspiration Horaire,mm/h,0.38
2025-06-11 16:00:00,Direction du vent,Direction du vent,Deg,52.5
2025-06-11 16:00:00,Pression atmosphérique,Pression atmosphérique,hPa,981.9
2025-06-11 15:00:00,Point de Rosée,Point de Rosée,°c,6.3
2025-06-11 15:00:00,Évapotranspiration journalière,Évapotranspiration journalière,mm/j,7.11
2025-06-11 15:00:00,Évapotranspiration Horaire,Évapotranspiration Horaire,mm/h,0.38
2025-06-11 15:00:00,Pression atmosphérique,Pression atmosphérique,hPa,981.9
2025-06-11 15:00:00,Rayonnement solaire,Rayonnement solaire,W/m²,660.0
2025-06-11 15:00:00,Humidité relative,Humidité relative,%,18.8
2025-06-11 15:00:00,Température,Température,°c,33.2
2025-06-11 15:00:00,Direction du vent,Direction du vent,Deg,28.7
2025-06-11 15:00:00,Vitesse du vent,Vitesse du vent,m/s,3.74
2025-06-11 13:00:00,Évapotranspiration journalière,Évapotranspiration journalière,mm/j,7.11
2025-06-11 13:00:00,Évapotranspiration Horaire,Évapotranspiration Horaire,mm/h,0.35
2025-06-11 13:00:00,Pression atmosphérique,Pression atmosphérique,hPa,982.8
2025-06-11 13:00:00,Rayonnement solaire,Rayonnement solaire,W/m²,865.0
2025-06-11 13:00:00,Point de Rosée,Point de Rosée,°c,8.6
2025-06-11 13:00:00,Humidité relative,Humidité relative,%,22.8
2025-06-11 13:00:00,Température,Température,°c,32.5
2025-06-11 13:00:00,Direction du vent,Direction du vent,Deg,345.5
2025-06-11 13:00:00,Vitesse du vent,Vitesse du vent,m/s,2.46
2025-06-11 11:00:00,Évapotranspiration journalière,Évapotranspiration journalière,mm/j,7.11
2025-06-11 11:00:00,Évapotranspiration Horaire,Évapotranspiration Horaire,mm/h,0.3
2025-06-11 11:00:00,Pression atmosphérique,Pression atmosphérique,hPa,983.6
2025-06-11 11:00:00,Rayonnement solaire,Rayonnement solaire,W/m²,873.0
2025-06-11 11:00:00,Point de Rosée,Point de Rosée,°c,8.4
2025-06-11 11:00:00,Humidité relative,Humidité relative,%,25.8
2025-06-11 11:00:00,Température,Température,°c,30.1
2025-06-11 11:00:00,Direction du vent,Direction du vent,Deg,160.9
2025-06-11 11:00:00,Vitesse du vent,Vitesse du vent,m/s,1.81
2025-06-11 09:00:00,Évapotranspiration journalière,Évapotranspiration journalière,mm/j,7.11
2025-06-11 09:00:00,Évapotranspiration Horaire,Évapotranspiration Horaire,mm/h,0.15
2025-06-11 09:00:00,Pression atmosphérique,Pression atmosphérique,hPa,984.2
2025-06-11 09:00:00,Rayonnement solaire,Rayonnement solaire,W/m²,660.0
2025-06-11 09:00:00,Point de Rosée,Point de Rosée,°c,14.2
2025-06-11 09:00:00,Humidité relative,Humidité relative,%,48.7
2025-06-11 09:00:00,Température,Température,°c,25.9
2025-06-11 09:00:00,Direction du vent,Direction du vent,Deg,176.0
2025-06-11 09:00:00,Vitesse du vent,Vitesse du vent,m/s,1.83
2025-06-11 07:00:00,Évapotranspiration journalière,Évapotranspiration journalière,mm/j,7.11
2025-06-11 07:00:00,Évapotranspiration Horaire,Évapotranspiration Horaire,mm/h,0.06
2025-06-11 07:00:00,Pression atmosphérique,Pression atmosphérique,hPa,984.4
2025-06-11 07:00:00,Rayonnement solaire,Rayonnement solaire,W/m²,265.0
2025-06-11 07:00:00,Point de Rosée,Point de Rosée,°c,17.0
2025-06-11 07:00:00,Humidité relative,Humidité relative,%,67.7
2025-06-11 07:00:00,Température,Température,°c,23.3
2025-06-11 07:00:00,Direction du vent,Direction du vent,Deg,46.8
2025-06-11 07:00:00,Vitesse du vent,Vitesse du vent,m/s,0.0
2025-06-11 05:00:00,Évapotranspiration journalière,Évapotranspiration journalière,mm/j,7.11
2025-06-11 05:00:00,Évapotranspiration Horaire,Évapotranspiration Horaire,mm/h,0.06
2025-06-11 05:00:00,Pression atmosphérique,Pression atmosphérique,hPa,983.9
2025-06-11 05:00:00,Rayonnement solaire,Rayonnement solaire,W/m²,1.0
2025-06-11 05:00:00,Point de Rosée,Point de Rosée,°c,13.5
2025-06-11 05:00:00,Humidité relative,Humidité relative,%,76.9
2025-06-11 05:00:00,Température,Température,°c,17.6
2025-06-11 05:00:00,Direction du vent,Direction du vent,Deg,292.6
2025-06-11 05:00:00,Vitesse du vent,Vitesse du vent,m/s,0.9
2025-06-10 23:00:00,Évapotranspiration journalière,Évapotranspiration journalière,mm/j,6.76
2025-06-10 23:00:00,Point de Rosée,Point de Rosée,°c,14.6
2025-06-10 23:00:00,Humidité relative,Humidité relative,%,64.9
2025-06-10 23:00:00,Rayonnement solaire,Rayonnement solaire,W/m²,0.0
2025-06-10 23:00:00,Température,Température,°c,21.5
2025-06-10 23:00:00,Pression atmosphérique,Pression atmosphérique,hPa,986.5
2025-06-10 23:00:00,Direction du vent,Direction du vent,Deg,180.0
2025-06-10 23:00:00,Évapotranspiration Horaire,Évapotranspiration Horaire,mm/h,0.13
2025-06-10 23:00:00,Vitesse du vent,Vitesse du vent,m/s,1.06
2025-06-10 21:00:00,Évapotranspiration journalière,Évapotranspiration journalière,mm/j,6.76
2025-06-10 21:00:00,Évapotranspiration Horaire,Évapotranspiration Horaire,mm/h,0.19
2025-06-10 21:00:00,Pression atmosphérique,Pression atmosphérique,hPa,986.3
2025-06-10 21:00:00,Rayonnement solaire,Rayonnement solaire,W/m²,0.0
2025-06-10 21:00:00,Point de Rosée,Point de Rosée,°c,14.4
2025-06-10 21:00:00,Humidité relative,Humidité relative,%,54.2
2025-06-10 21:00:00,Température,Température,°c,24.3
2025-06-10 21:00:00,Direction du vent,Direction du vent,Deg,115.7
2025-06-10 21:00:00,Vitesse du vent,Vitesse du vent,m/s,0.43
2025-06-10 19:00:00,Évapotranspiration journalière,Évapotranspiration journalière,mm/j,6.76
2025-06-10 19:00:00,Évapotranspiration Horaire,Évapotranspiration Horaire,mm/h,0.41
2025-06-10 19:00:00,Pression atmosphérique,Pression atmosphérique,hPa,984.8
2025-06-10 19:00:00,Rayonnement solaire,Rayonnement solaire,W/m²,25.0
2025-06-10 19:00:00,Point de Rosée,Point de Rosée,°c,13.3
2025-06-10 19:00:00,Humidité relative,Humidité relative,%,40.2
2025-06-10 19:00:00,Température,Température,°c,28.1
2025-06-10 19:00:00,Direction du vent,Direction du vent,Deg,26.7
2025-06-10 19:00:00,Vitesse du vent,Vitesse du vent,m/s,3.01
2025-06-10 18:00:00,Évapotranspiration journalière,Évapotranspiration journalière,mm/j,6.76
2025-06-10 18:00:00,Vitesse du vent,Vitesse du vent,m/s,1.79
2025-06-10 18:00:00,Évapotranspiration Horaire,Évapotranspiration Horaire,mm/h,0.41
2025-06-10 18:00:00,Direction du vent,Direction du vent,Deg,11.7
2025-06-10 18:00:00,Pression atmosphérique,Pression atmosphérique,hPa,984.5
2025-06-10 18:00:00,Température,Température,°c,30.9
2025-06-10 18:00:00,Rayonnement solaire,Rayonnement solaire,W/m²,149.0
2025-06-10 18:00:00,Humidité relative,Humidité relative,%,27.6
2025-06-10 18:00:00,Point de Rosée,Point de Rosée,°c,10.0
2025-06-10 17:00:00,Point de Rosée,Point de Rosée,°c,6.0
2025-06-10 17:00:00,Évapotranspiration journalière,Évapotranspiration journalière,mm/j,6.76
2025-06-10 17:00:00,Évapotranspiration Horaire,Évapotranspiration Horaire,mm/h,0.41
2025-06-10 17:00:00,Pression atmosphérique,Pression atmosphérique,hPa,983.9
2025-06-10 17:00:00,Rayonnement solaire,Rayonnement solaire,W/m²,319.0
2025-06-10 17:00:00,Humidité relative,Humidité relative,%,18.2
2025-06-10 17:00:00,Température,Température,°c,33.4
2025-06-10 17:00:00,Direction du vent,Direction du vent,Deg,62.0
2025-06-10 17:00:00,Vitesse du vent,Vitesse du vent,m/s,3.59
2025-06-10 16:00:00,Humidité relative,Humidité relative,%,14.3
2025-06-10 16:00:00,Pression atmosphérique,Pression atmosphérique,hPa,983.7
2025-06-10 16:00:00,Direction du vent,Direction du vent,Deg,34.7
2025-06-10 16:00:00,Évapotranspiration Horaire,Évapotranspiration Horaire,mm/h,0.41
2025-06-10 16:00:00,Point de Rosée,Point de Rosée,°c,4.1
2025-06-10 16:00:00,Rayonnement solaire,Rayonnement solaire,W/m²,459.0
2025-06-10 16:00:00,Vitesse du vent,Vitesse du vent,m/s,1.58
2025-06-10 16:00:00,Température,Température,°c,35.4
2025-06-10 16:00:00,Évapotranspiration journalière,Évapotranspiration journalière,mm/j,6.76
2025-06-10 15:00:00,Direction du vent,Direction du vent,Deg,257.8
2025-06-10 15:00:00,Point de Rosée,Point de Rosée,°c,3.0
2025-06-10 15:00:00,Évapotranspiration journalière,Évapotranspiration journalière,mm/j,6.76
2025-06-10 15:00:00,Humidité relative,Humidité relative,%,11.8
2025-06-10 15:00:00,Évapotranspiration Horaire,Évapotranspiration Horaire,mm/h,0.41
2025-06-10 15:00:00,Température,Température,°c,37.4
2025-06-10 15:00:00,Pression atmosphérique,Pression atmosphérique,hPa,983.6
2025-06-10 15:00:00,Rayonnement solaire,Rayonnement solaire,W/m²,680.0
2025-06-10 15:00:00,Vitesse du vent,Vitesse du vent,m/s,1.87
2025-06-10 13:00:00,Évapotranspiration journalière,Évapotranspiration journalière,mm/j,6.76
2025-06-10 13:00:00,Évapotranspiration Horaire,Évapotranspiration Horaire,mm/h,0.33
2025-06-10 13:00:00,Pression atmosphérique,Pression atmosphérique,hPa,984.9
2025-06-10 13:00:00,Rayonnement solaire,Rayonnement solaire,W/m²,854.0
2025-06-10 13:00:00,Point de Rosée,Point de Rosée,°c,4.7
2025-06-10 13:00:00,Humidité relative,Humidité relative,%,15.8
2025-06-10 13:00:00,Température,Température,°c,34.3
2025-06-10 13:00:00,Direction du vent,Direction du vent,Deg,353.9
2025-06-10 13:00:00,Vitesse du vent,Vitesse du vent,m/s,1.84
2025-06-10 11:00:00,Humidité relative,Humidité relative,%,20.8
2025-06-10 11:00:00,Vitesse du vent,Vitesse du vent,m/s,1.83
2025-06-10 11:00:00,Direction du vent,Direction du vent,Deg,14.0
2025-06-10 11:00:00,Température,Température,°c,32.2
2025-06-10 11:00:00,Point de Rosée,Point de Rosée,°c,7.0
2025-06-10 11:00:00,Rayonnement solaire,Rayonnement solaire,W/m²,862.0
2025-06-10 11:00:00,Pression atmosphérique,Pression atmosphérique,hPa,986.2
2025-06-10 11:00:00,Évapotranspiration Horaire,Évapotranspiration Horaire,mm/h,0.25
2025-06-10 11:00:00,Évapotranspiration journalière,Évapotranspiration journalière,mm/j,6.76
2025-06-10 09:00:00,Rayonnement solaire,Rayonnement solaire,W/m²,650.0
2025-06-10 09:00:00,Évapotranspiration journalière,Évapotranspiration journalière,mm/j,6.76
2025-06-10 09:00:00,Point de Rosée,Point de Rosée,°c,11.4
2025-06-10 09:00:00,Pression atmosphérique,Pression atmosphérique,hPa,986.8
2025-06-10 09:00:00,Humidité relative,Humidité relative,%,32.8
2025-06-10 09:00:00,Température,Température,°c,29.5
2025-06-10 09:00:00,Direction du vent,Direction du vent,Deg,348.0
2025-06-10 09:00:00,Évapotranspiration Horaire,Évapotranspiration Horaire,mm/h,0.25
2025-06-10 09:00:00,Vitesse du vent,Vitesse du vent,m/s,2.11
2025-06-10 07:00:00,Vitesse du vent,Vitesse du vent,m/s,0.92
2025-06-10 07:00:00,Direction du vent,Direction du vent,Deg,161.0
2025-06-10 07:00:00,Température,Température,°c,27.1
2025-06-10 07:00:00,Humidité relative,Humidité relative,%,44.4
2025-06-10 07:00:00,Point de Rosée,Point de Rosée,°c,14.0
2025-06-10 07:00:00,Rayonnement solaire,Rayonnement solaire,W/m²,252.0
2025-06-10 07:00:00,Pression atmosphérique,Pression atmosphérique,hPa,986.9
2025-06-10 07:00:00,Évapotranspiration Horaire,Évapotranspiration Horaire,mm/h,0.14
2025-06-10 07:00:00,Évapotranspiration journalière,Évapotranspiration journalière,mm/j,6.76
2025-06-09 05:00:00,Évapotranspiration journalière,Évapotranspiration journalière,mm/j,6.38
2025-06-09 05:00:00,Vitesse du vent,Vitesse du vent,m/s,1.24
2025-06-09 05:00:00,Direction du vent,Direction du vent,Deg,280.3
2025-06-09 05:00:00,Température,Température,°c,20.5
2025-06-09 05:00:00,Humidité relative,Humidité relative,%,62.4
2025-06-09 05:00:00,Point de Rosée,Point de Rosée,°c,13.0
2025-06-09 05:00:00,Rayonnement solaire,Rayonnement solaire,W/m²,1.0
2025-06-09 05:00:00,Pression atmosphérique,Pression atmosphérique,hPa,985.9
2025-06-09 05:00:00,Évapotranspiration Horaire,Évapotranspiration Horaire,mm/h,0.09
2025-06-08 09:00:00,Vitesse du vent,Vitesse du vent,m/s,0.36
2025-06-08 09:00:00,Direction du vent,Direction du vent,Deg,149.4
2025-06-08 09:00:00,Température,Température,°c,33.3
2025-06-08 09:00:00,Humidité relative,Humidité relative,%,20.2
2025-06-08 09:00:00,Point de Rosée,Point de Rosée,°c,7.4
2025-06-08 09:00:00,Pression atmosphérique,Pression atmosphérique,hPa,985.2
2025-06-08 09:00:00,Évapotranspiration Horaire,Évapotranspiration Horaire,mm/h,0.26
2025-06-08 09:00:00,Rayonnement solaire,Rayonnement solaire,W/m²,622.0
2025-06-08 09:00:00,Évapotranspiration journalière,Évapotranspiration journalière,mm/j,7.65
2025-06-08 05:00:00,Vitesse du vent,Vitesse du vent,m/s,1.14
2025-06-08 05:00:00,Direction du vent,Direction du vent,Deg,316.2
2025-06-08 05:00:00,Température,Température,°c,21.1
2025-06-08 05:00:00,Humidité relative,Humidité relative,%,49.9
2025-06-08 05:00:00,Point de Rosée,Point de Rosée,°c,10.2
2025-06-08 05:00:00,Rayonnement solaire,Rayonnement solaire,W/m²,0.0
2025-06-08 05:00:00,Pression atmosphérique,Pression atmosphérique,hPa,984.9
2025-06-08 05:00:00,Évapotranspiration Horaire,Évapotranspiration Horaire,mm/h,0.46
2025-06-08 05:00:00,Évapotranspiration journalière,Évapotranspiration journalière,mm/j,7.65
2025-06-07 10:00:00,Point de Rosée,Point de Rosée,°c,6.6
2025-06-07 10:00:00,Rayonnement solaire,Rayonnement solaire,W/m²,773.0
2025-06-07 10:00:00,Pression atmosphérique,Pression atmosphérique,hPa,986.2
2025-06-07 10:00:00,Évapotranspiration Horaire,Évapotranspiration Horaire,mm/h,0.3
2025-06-07 10:00:00,Évapotranspiration journalière,Évapotranspiration journalière,mm/j,6.52
2025-06-07 10:00:00,Vitesse du vent,Vitesse du vent,m/s,3.2
2025-06-07 10:00:00,Direction du vent,Direction du vent,Deg,134.6
2025-06-07 10:00:00,Température,Température,°c,33.2
2025-06-07 10:00:00,Humidité relative,Humidité relative,%,19.2
2025-06-07 09:00:00,Vitesse du vent,Vitesse du vent,m/s,1.89
2025-06-07 09:00:00,Point de Rosée,Point de Rosée,°c,9.0
2025-06-07 09:00:00,Direction du vent,Direction du vent,Deg,111.0
2025-06-07 09:00:00,Humidité relative,Humidité relative,%,25.8
2025-06-07 09:00:00,Température,Température,°c,30.9
2025-06-07 09:00:00,Évapotranspiration journalière,Évapotranspiration journalière,mm/j,6.52
2025-06-07 09:00:00,Évapotranspiration Horaire,Évapotranspiration Horaire,mm/h,0.26
2025-06-07 09:00:00,Pression atmosphérique,Pression atmosphérique,hPa,986.6
2025-06-07 09:00:00,Rayonnement solaire,Rayonnement solaire,W/m²,625.0
2025-06-07 08:00:00,Pression atmosphérique,Pression atmosphérique,hPa,986.7
2025-06-07 08:00:00,Vitesse du vent,Vitesse du vent,m/s,2.45
2025-06-07 08:00:00,Direction du vent,Direction du vent,Deg,198.7
2025-06-07 08:00:00,Température,Température,°c,29.4
2025-06-07 08:00:00,Humidité relative,Humidité relative,%,27.1
2025-06-07 08:00:00,Point de Rosée,Point de Rosée,°c,8.5
2025-06-07 08:00:00,Rayonnement solaire,Rayonnement solaire,W/m²,440.0
2025-06-07 08:00:00,Évapotranspiration Horaire,Évapotranspiration Horaire,mm/h,0.18
2025-06-07 08:00:00,Évapotranspiration journalière,Évapotranspiration journalière,mm/j,6.52
2025-06-07 07:00:00,Évapotranspiration journalière,Évapotranspiration journalière,mm/j,6.52
2025-06-07 07:00:00,Évapotranspiration Horaire,Évapotranspiration Horaire,mm/h,0.1
2025-06-07 07:00:00,Vitesse du vent,Vitesse du vent,m/s,0.83
2025-06-07 07:00:00,Pression atmosphérique,Pression atmosphérique,hPa,986.6
2025-06-07 07:00:00,Rayonnement solaire,Rayonnement solaire,W/m²,258.0
2025-06-07 07:00:00,Point de Rosée,Point de Rosée,°c,8.6
2025-06-07 07:00:00,Humidité relative,Humidité relative,%,32.5
2025-06-07 07:00:00,Température,Température,°c,26.4
2025-06-07 07:00:00,Direction du vent,Direction du vent,Deg,170.2
2025-06-07 05:00:00,Évapotranspiration journalière,Évapotranspiration journalière,mm/j,6.52
2025-06-07 05:00:00,Vitesse du vent,Vitesse du vent,m/s,0.68
2025-06-07 05:00:00,Direction du vent,Direction du vent,Deg,270.1
2025-06-07 05:00:00,Température,Température,°c,20.7
2025-06-07 05:00:00,Humidité relative,Humidité relative,%,43.4
2025-06-07 05:00:00,Point de Rosée,Point de Rosée,°c,7.8
2025-06-07 05:00:00,Rayonnement solaire,Rayonnement solaire,W/m²,3.0
2025-06-07 05:00:00,Pression atmosphérique,Pression atmosphérique,hPa,986.5
2025-06-07 05:00:00,Évapotranspiration Horaire,Évapotranspiration Horaire,mm/h,0.1
2025-06-06 09:00:00,Évapotranspiration journalière,Évapotranspiration journalière,mm/j,5.49
2025-06-06 09:00:00,Évapotranspiration Horaire,Évapotranspiration Horaire,mm/h,0.25
2025-06-06 09:00:00,Pression atmosphérique,Pression atmosphérique,hPa,987.3
2025-06-06 09:00:00,Rayonnement solaire,Rayonnement solaire,W/m²,630.0
2025-06-06 09:00:00,Point de Rosée,Point de Rosée,°c,15.2
2025-06-06 09:00:00,Humidité relative,Humidité relative,%,52.0
2025-06-06 09:00:00,Température,Température,°c,25.8
2025-06-06 09:00:00,Direction du vent,Direction du vent,Deg,139.9
2025-06-06 09:00:00,Vitesse du vent,Vitesse du vent,m/s,1.62
2025-06-06 08:00:00,Évapotranspiration journalière,Évapotranspiration journalière,mm/j,5.49
2025-06-06 08:00:00,Pression atmosphérique,Pression atmosphérique,hPa,987.2
2025-06-06 08:00:00,Rayonnement solaire,Rayonnement solaire,W/m²,440.0
2025-06-06 08:00:00,Évapotranspiration Horaire,Évapotranspiration Horaire,mm/h,0.2
2025-06-06 08:00:00,Point de Rosée,Point de Rosée,°c,16.7
2025-06-06 08:00:00,Humidité relative,Humidité relative,%,69.7
2025-06-06 08:00:00,Température,Température,°c,22.5
2025-06-06 08:00:00,Direction du vent,Direction du vent,Deg,177.8
2025-06-06 08:00:00,Vitesse du vent,Vitesse du vent,m/s,1.28
2025-06-06 07:00:00,Point de Rosée,Point de Rosée,°c,15.3
2025-06-06 07:00:00,Vitesse du vent,Vitesse du vent,m/s,0.07
2025-06-06 07:00:00,Direction du vent,Direction du vent,Deg,226.6
2025-06-06 07:00:00,Température,Température,°c,20.6
2025-06-06 07:00:00,Humidité relative,Humidité relative,%,71.9
2025-06-06 07:00:00,Rayonnement solaire,Rayonnement solaire,W/m²,250.0
2025-06-06 07:00:00,Pression atmosphérique,Pression atmosphérique,hPa,986.7
2025-06-06 07:00:00,Évapotranspiration Horaire,Évapotranspiration Horaire,mm/h,0.16
2025-06-06 07:00:00,Évapotranspiration journalière,Évapotranspiration journalière,mm/j,5.49
2025-06-06 05:00:00,Humidité relative,Humidité relative,%,41.8
2025-06-06 05:00:00,Pression atmosphérique,Pression atmosphérique,hPa,985.3
2025-06-06 05:00:00,Point de Rosée,Point de Rosée,°c,8.5
2025-06-06 05:00:00,Direction du vent,Direction du vent,Deg,271.3
2025-06-06 05:00:00,Évapotranspiration Horaire,Évapotranspiration Horaire,mm/h,0.11
2025-06-06 05:00:00,Rayonnement solaire,Rayonnement solaire,W/m²,1.0
2025-06-06 05:00:00,Vitesse du vent,Vitesse du vent,m/s,1.73
2025-06-06 05:00:00,Évapotranspiration journalière,Évapotranspiration journalière,mm/j,5.49
2025-06-06 05:00:00,Température,Température,°c,22.1
2025-06-05 22:00:00,Point de Rosée,Point de Rosée,°c,15.4
2025-06-05 22:00:00,Humidité relative,Humidité relative,%,66.1
2025-06-05 22:00:00,Température,Température,°c,22.0
2025-06-05 22:00:00,Direction du vent,Direction du vent,Deg,344.0
2025-06-05 22:00:00,Vitesse du vent,Vitesse du vent,m/s,0.54
2025-06-05 22:00:00,Évapotranspiration journalière,Évapotranspiration journalière,mm/j,6.28
2025-06-05 22:00:00,Évapotranspiration Horaire,Évapotranspiration Horaire,mm/h,0.15
2025-06-05 22:00:00,Pression atmosphérique,Pression atmosphérique,hPa,987.0
2025-06-05 22:00:00,Rayonnement solaire,Rayonnement solaire,W/m²,0.0
2025-06-05 21:00:00,Point de Rosée,Point de Rosée,°c,16.1
2025-06-05 21:00:00,Évapotranspiration journalière,Évapotranspiration journalière,mm/j,6.28
2025-06-05 21:00:00,Évapotranspiration Horaire,Évapotranspiration Horaire,mm/h,0.18
2025-06-05 21:00:00,Pression atmosphérique,Pression atmosphérique,hPa,986.8
2025-06-05 21:00:00,Rayonnement solaire,Rayonnement solaire,W/m²,0.0
2025-06-05 21:00:00,Humidité relative,Humidité relative,%,64.6
2025-06-05 21:00:00,Température,Température,°c,23.2
2025-06-05 21:00:00,Direction du vent,Direction du vent,Deg,26.3
2025-06-05 21:00:00,Vitesse du vent,Vitesse du vent,m/s,0.47
2025-06-05 19:00:00,Évapotranspiration journalière,Évapotranspiration journalière,mm/j,6.28
2025-06-05 19:00:00,Évapotranspiration Horaire,Évapotranspiration Horaire,mm/h,0.2
2025-06-05 19:00:00,Pression atmosphérique,Pression atmosphérique,hPa,985.1
2025-06-05 19:00:00,Rayonnement solaire,Rayonnement solaire,W/m²,21.0
2025-06-05 19:00:00,Point de Rosée,Point de Rosée,°c,15.1
2025-06-05 19:00:00,Humidité relative,Humidité relative,%,48.8
2025-06-05 19:00:00,Température,Température,°c,26.8
2025-06-05 19:00:00,Direction du vent,Direction du vent,Deg,32.8
2025-06-05 19:00:00,Vitesse du vent,Vitesse du vent,m/s,0.47
2025-06-05 18:00:00,Direction du vent,Direction du vent,Deg,47.8
2025-06-05 18:00:00,Évapotranspiration journalière,Évapotranspiration journalière,mm/j,6.28
2025-06-05 18:00:00,Évapotranspiration Horaire,Évapotranspiration Horaire,mm/h,0.21
2025-06-05 18:00:00,Pression atmosphérique,Pression atmosphérique,hPa,984.6
2025-06-05 18:00:00,Rayonnement solaire,Rayonnement solaire,W/m²,79.0
2025-06-05 18:00:00,Point de Rosée,Point de Rosée,°c,14.1
2025-06-05 18:00:00,Humidité relative,Humidité relative,%,40.8
2025-06-05 18:00:00,Température,Température,°c,28.8
2025-06-05 18:00:00,Vitesse du vent,Vitesse du vent,m/s,2.07
2025-06-05 17:00:00,Évapotranspiration journalière,Évapotranspiration journalière,mm/j,6.28
2025-06-05 17:00:00,Rayonnement solaire,Rayonnement solaire,W/m²,157.0
2025-06-05 17:00:00,Évapotranspiration Horaire,Évapotranspiration Horaire,mm/h,0.21
2025-06-05 17:00:00,Humidité relative,Humidité relative,%,30.7
2025-06-05 17:00:00,Direction du vent,Direction du vent,Deg,54.7
2025-06-05 17:00:00,Pression atmosphérique,Pression atmosphérique,hPa,984.4
2025-06-05 17:00:00,Vitesse du vent,Vitesse du vent,m/s,2.44
2025-06-05 17:00:00,Température,Température,°c,30.9
2025-06-05 17:00:00,Point de Rosée,Point de Rosée,°c,11.7
2025-06-05 16:00:00,Point de Rosée,Point de Rosée,°c,12.2
2025-06-05 16:00:00,Humidité relative,Humidité relative,%,30.0
2025-06-05 16:00:00,Température,Température,°c,32.0
2025-06-05 16:00:00,Direction du vent,Direction du vent,Deg,129.2
2025-06-05 16:00:00,Vitesse du vent,Vitesse du vent,m/s,0.49
2025-06-05 16:00:00,Évapotranspiration journalière,Évapotranspiration journalière,mm/j,6.28
2025-06-05 16:00:00,Évapotranspiration Horaire,Évapotranspiration Horaire,mm/h,0.29
2025-06-05 16:00:00,Pression atmosphérique,Pression atmosphérique,hPa,984.3
2025-06-05 16:00:00,Rayonnement solaire,Rayonnement solaire,W/m²,516.0
2025-06-05 15:00:00,Point de Rosée,Point de Rosée,°c,9.7
2025-06-05 15:00:00,Évapotranspiration journalière,Évapotranspiration journalière,mm/j,6.28
2025-06-05 15:00:00,Évapotranspiration Horaire,Évapotranspiration Horaire,mm/h,0.29
2025-06-05 15:00:00,Pression atmosphérique,Pression atmosphérique,hPa,984.4
2025-06-05 15:00:00,Rayonnement solaire,Rayonnement solaire,W/m²,282.0
2025-06-05 15:00:00,Humidité relative,Humidité relative,%,23.8
2025-06-05 15:00:00,Température,Température,°c,33.1
2025-06-05 15:00:00,Direction du vent,Direction du vent,Deg,93.6
2025-06-05 15:00:00,Vitesse du vent,Vitesse du vent,m/s,2.25
2025-06-05 14:00:00,Évapotranspiration journalière,Évapotranspiration journalière,mm/j,6.28
2025-06-05 14:00:00,Vitesse du vent,Vitesse du vent,m/s,2.01
2025-06-05 14:00:00,Évapotranspiration Horaire,Évapotranspiration Horaire,mm/h,0.35
2025-06-05 14:00:00,Point de Rosée,Point de Rosée,°c,10.2
2025-06-05 14:00:00,Direction du vent,Direction du vent,Deg,13.9
2025-06-05 14:00:00,Humidité relative,Humidité relative,%,22.8
2025-06-05 14:00:00,Pression atmosphérique,Pression atmosphérique,hPa,984.1
2025-06-05 14:00:00,Rayonnement solaire,Rayonnement solaire,W/m²,772.0
2025-06-05 14:00:00,Température,Température,°c,34.5
2025-06-05 13:00:00,Température,Température,°c,34.0
2025-06-05 13:00:00,Évapotranspiration journalière,Évapotranspiration journalière,mm/j,6.28
2025-06-05 13:00:00,Évapotranspiration Horaire,Évapotranspiration Horaire,mm/h,0.36
2025-06-05 13:00:00,Pression atmosphérique,Pression atmosphérique,hPa,984.6
2025-06-05 13:00:00,Rayonnement solaire,Rayonnement solaire,W/m²,817.0
2025-06-05 13:00:00,Point de Rosée,Point de Rosée,°c,11.0
2025-06-05 13:00:00,Humidité relative,Humidité relative,%,24.7
2025-06-05 13:00:00,Direction du vent,Direction du vent,Deg,59.3
2025-06-05 13:00:00,Vitesse du vent,Vitesse du vent,m/s,0.36
2025-06-05 11:00:00,Évapotranspiration journalière,Évapotranspiration journalière,mm/j,6.28
2025-06-05 11:00:00,Rayonnement solaire,Rayonnement solaire,W/m²,824.0
2025-06-05 11:00:00,Évapotranspiration Horaire,Évapotranspiration Horaire,mm/h,0.32
2025-06-05 11:00:00,Humidité relative,Humidité relative,%,28.0
2025-06-05 11:00:00,Direction du vent,Direction du vent,Deg,149.4
2025-06-05 11:00:00,Pression atmosphérique,Pression atmosphérique,hPa,985.2
2025-06-05 11:00:00,Vitesse du vent,Vitesse du vent,m/s,0.96
2025-06-05 11:00:00,Température,Température,°c,31.6
2025-06-05 11:00:00,Point de Rosée,Point de Rosée,°c,10.9
2025-06-05 10:00:00,Point de Rosée,Point de Rosée,°c,13.1
2025-06-05 10:00:00,Humidité relative,Humidité relative,%,34.1
2025-06-05 10:00:00,Température,Température,°c,30.8
2025-06-05 10:00:00,Direction du vent,Direction du vent,Deg,163.0
2025-06-05 10:00:00,Vitesse du vent,Vitesse du vent,m/s,0.88
2025-06-05 10:00:00,Évapotranspiration journalière,Évapotranspiration journalière,mm/j,6.28
2025-06-05 10:00:00,Évapotranspiration Horaire,Évapotranspiration Horaire,mm/h,0.26
2025-06-05 10:00:00,Pression atmosphérique,Pression atmosphérique,hPa,985.1
2025-06-05 10:00:00,Rayonnement solaire,Rayonnement solaire,W/m²,773.0
2025-06-05 09:00:00,Point de Rosée,Point de Rosée,°c,13.0
2025-06-05 09:00:00,Évapotranspiration journalière,Évapotranspiration journalière,mm/j,6.28
2025-06-05 09:00:00,Évapotranspiration Horaire,Évapotranspiration Horaire,mm/h,0.22
2025-06-05 09:00:00,Pression atmosphérique,Pression atmosphérique,hPa,985.0
2025-06-05 09:00:00,Rayonnement solaire,Rayonnement solaire,W/m²,636.0
2025-06-05 09:00:00,Humidité relative,Humidité relative,%,36.0
2025-06-05 09:00:00,Température,Température,°c,29.7
2025-06-05 09:00:00,Direction du vent,Direction du vent,Deg,165.8
2025-06-05 09:00:00,Vitesse du vent,Vitesse du vent,m/s,2.12
2025-06-05 08:00:00,Évapotranspiration journalière,Évapotranspiration journalière,mm/j,6.28
2025-06-05 08:00:00,Vitesse du vent,Vitesse du vent,m/s,0.71
2025-06-05 08:00:00,Évapotranspiration Horaire,Évapotranspiration Horaire,mm/h,0.22
2025-06-05 08:00:00,Direction du vent,Direction du vent,Deg,356.8
2025-06-05 08:00:00,Pression atmosphérique,Pression atmosphérique,hPa,985.1
2025-06-05 08:00:00,Température,Température,°c,26.8
2025-06-05 08:00:00,Rayonnement solaire,Rayonnement solaire,W/m²,452.0
2025-06-05 08:00:00,Humidité relative,Humidité relative,%,48.8
2025-06-05 08:00:00,Point de Rosée,Point de Rosée,°c,15.1
2025-06-05 07:00:00,Évapotranspiration Horaire,Évapotranspiration Horaire,mm/h,0.18
2025-06-05 07:00:00,Évapotranspiration journalière,Évapotranspiration journalière,mm/j,6.28
2025-06-05 07:00:00,Pression atmosphérique,Pression atmosphérique,hPa,985.2
2025-06-05 07:00:00,Rayonnement solaire,Rayonnement solaire,W/m²,261.0
2025-06-05 07:00:00,Point de Rosée,Point de Rosée,°c,15.0
2025-06-05 07:00:00,Humidité relative,Humidité relative,%,59.1
2025-06-05 07:00:00,Température,Température,°c,23.4
2025-06-05 07:00:00,Direction du vent,Direction du vent,Deg,273.5
2025-06-05 07:00:00,Vitesse du vent,Vitesse du vent,m/s,1.09
2025-06-05 06:00:00,Évapotranspiration journalière,Évapotranspiration journalière,mm/j,6.28
2025-06-05 06:00:00,Évapotranspiration Horaire,Évapotranspiration Horaire,mm/h,0.11
2025-06-05 06:00:00,Pression atmosphérique,Pression atmosphérique,hPa,985.0
2025-06-05 06:00:00,Rayonnement solaire,Rayonnement solaire,W/m²,93.0
2025-06-05 06:00:00,Point de Rosée,Point de Rosée,°c,14.6
2025-06-05 06:00:00,Humidité relative,Humidité relative,%,75.9
2025-06-05 06:00:00,Température,Température,°c,19.0
2025-06-05 06:00:00,Direction du vent,Direction du vent,Deg,282.3
2025-06-05 06:00:00,Vitesse du vent,Vitesse du vent,m/s,1.5
2025-06-05 05:00:00,Évapotranspiration journalière,Évapotranspiration journalière,mm/j,6.28
2025-06-05 05:00:00,Température,Température,°c,17.5
2025-06-05 05:00:00,Point de Rosée,Point de Rosée,°c,15.3
2025-06-05 05:00:00,Vitesse du vent,Vitesse du vent,m/s,0.55
2025-06-05 05:00:00,Direction du vent,Direction du vent,Deg,280.8
2025-06-05 05:00:00,Rayonnement solaire,Rayonnement solaire,W/m²,1.0
2025-06-05 05:00:00,Évapotranspiration Horaire,Évapotranspiration Horaire,mm/h,0.33
2025-06-05 05:00:00,Humidité relative,Humidité relative,%,87.3
2025-06-05 05:00:00,Pression atmosphérique,Pression atmosphérique,hPa,984.9
2025-06-05 04:00:00,Pression atmosphérique,Pression atmosphérique,hPa,984.6
2025-06-05 04:00:00,Rayonnement solaire,Rayonnement solaire,W/m²,0.0
2025-06-05 04:00:00,Point de Rosée,Point de Rosée,°c,15.5
2025-06-05 04:00:00,Humidité relative,Humidité relative,%,83.0
2025-06-05 04:00:00,Température,Température,°c,18.5
2025-06-05 04:00:00,Direction du vent,Direction du vent,Deg,180.8
2025-06-05 04:00:00,Vitesse du vent,Vitesse du vent,m/s,0.49
2025-06-05 04:00:00,Évapotranspiration journalière,Évapotranspiration journalière,mm/j,6.28
2025-06-05 04:00:00,Évapotranspiration Horaire,Évapotranspiration Horaire,mm/h,0.1
2025-06-03 10:00:00,Évapotranspiration journalière,Évapotranspiration journalière,mm/j,6.65
2025-06-03 10:00:00,Rayonnement solaire,Rayonnement solaire,W/m²,812.0
2025-06-03 10:00:00,Pression atmosphérique,Pression atmosphérique,hPa,985.7
2025-06-03 10:00:00,Vitesse du vent,Vitesse du vent,m/s,3.92
2025-06-03 10:00:00,Température,Température,°c,25.3
2025-06-03 10:00:00,Direction du vent,Direction du vent,Deg,152.1
2025-06-03 10:00:00,Point de Rosée,Point de Rosée,°c,12.3
2025-06-03 10:00:00,Humidité relative,Humidité relative,%,44.4
2025-06-03 10:00:00,Évapotranspiration Horaire,Évapotranspiration Horaire,mm/h,0.29
2025-06-03 09:00:00,Point de Rosée,Point de Rosée,°c,13.8
2025-06-03 09:00:00,Évapotranspiration journalière,Évapotranspiration journalière,mm/j,6.65
2025-06-03 09:00:00,Évapotranspiration Horaire,Évapotranspiration Horaire,mm/h,0.24
2025-06-03 09:00:00,Pression atmosphérique,Pression atmosphérique,hPa,985.8
2025-06-03 09:00:00,Rayonnement solaire,Rayonnement solaire,W/m²,673.0
2025-06-03 09:00:00,Humidité relative,Humidité relative,%,55.9
2025-06-03 09:00:00,Température,Température,°c,23.1
2025-06-03 09:00:00,Direction du vent,Direction du vent,Deg,144.7
2025-06-03 09:00:00,Vitesse du vent,Vitesse du vent,m/s,2.09
2025-06-03 08:00:00,Évapotranspiration journalière,Évapotranspiration journalière,mm/j,6.65
2025-06-03 08:00:00,Humidité relative,Humidité relative,%,61.2
2025-06-03 08:00:00,Évapotranspiration Horaire,Évapotranspiration Horaire,mm/h,0.22
2025-06-03 08:00:00,Température,Température,°c,21.3
2025-06-03 08:00:00,Rayonnement solaire,Rayonnement solaire,W/m²,473.0
2025-06-03 08:00:00,Direction du vent,Direction du vent,Deg,142.5
2025-06-03 08:00:00,Pression atmosphérique,Pression atmosphérique,hPa,986.0
2025-06-03 08:00:00,Vitesse du vent,Vitesse du vent,m/s,1.39
2025-06-03 08:00:00,Point de Rosée,Point de Rosée,°c,13.5
2025-06-03 07:00:00,Vitesse du vent,Vitesse du vent,m/s,0.38
2025-06-03 07:00:00,Évapotranspiration Horaire,Évapotranspiration Horaire,mm/h,0.17
2025-06-03 07:00:00,Pression atmosphérique,Pression atmosphérique,hPa,986.3
2025-06-03 07:00:00,Rayonnement solaire,Rayonnement solaire,W/m²,279.0
2025-06-03 07:00:00,Point de Rosée,Point de Rosée,°c,15.1
2025-06-03 07:00:00,Humidité relative,Humidité relative,%,73.8
2025-06-03 07:00:00,Température,Température,°c,20.0
2025-06-03 07:00:00,Direction du vent,Direction du vent,Deg,138.7
2025-06-03 07:00:00,Évapotranspiration journalière,Évapotranspiration journalière,mm/j,6.65
2025-06-03 06:00:00,Évapotranspiration journalière,Évapotranspiration journalière,mm/j,6.65
2025-06-03 06:00:00,Évapotranspiration Horaire,Évapotranspiration Horaire,mm/h,0.11
2025-06-03 06:00:00,Pression atmosphérique,Pression atmosphérique,hPa,986.5
2025-06-03 06:00:00,Rayonnement solaire,Rayonnement solaire,W/m²,104.0
2025-06-03 06:00:00,Point de Rosée,Point de Rosée,°c,14.3
2025-06-03 06:00:00,Humidité relative,Humidité relative,%,87.2
2025-06-03 06:00:00,Température,Température,°c,16.5
2025-06-03 06:00:00,Direction du vent,Direction du vent,Deg,324.6
2025-06-03 06:00:00,Vitesse du vent,Vitesse du vent,m/s,0.27
2025-06-03 05:00:00,Point de Rosée,Point de Rosée,°c,13.0
2025-06-03 05:00:00,Évapotranspiration journalière,Évapotranspiration journalière,mm/j,6.65
2025-06-03 05:00:00,Vitesse du vent,Vitesse du vent,m/s,0.16
2025-06-03 05:00:00,Évapotranspiration Horaire,Évapotranspiration Horaire,mm/h,0.15
2025-06-03 05:00:00,Humidité relative,Humidité relative,%,86.4
2025-06-03 05:00:00,Pression atmosphérique,Pression atmosphérique,hPa,986.7
2025-06-03 05:00:00,Direction du vent,Direction du vent,Deg,6.3
2025-06-03 05:00:00,Rayonnement solaire,Rayonnement solaire,W/m²,2.0
2025-06-03 05:00:00,Température,Température,°c,15.3
2025-06-02 19:00:00,Point de Rosée,Point de Rosée,°c,5.6
2025-06-02 19:00:00,Évapotranspiration journalière,Évapotranspiration journalière,mm/j,6.5
2025-06-02 19:00:00,Évapotranspiration Horaire,Évapotranspiration Horaire,mm/h,0.27
2025-06-02 19:00:00,Pression atmosphérique,Pression atmosphérique,hPa,986.6
2025-06-02 19:00:00,Rayonnement solaire,Rayonnement solaire,W/m²,15.0
2025-06-02 19:00:00,Humidité relative,Humidité relative,%,25.9
2025-06-02 19:00:00,Température,Température,°c,26.7
2025-06-02 19:00:00,Direction du vent,Direction du vent,Deg,137.6
2025-06-02 19:00:00,Vitesse du vent,Vitesse du vent,m/s,1.67
2025-06-02 17:00:00,Évapotranspiration journalière,Évapotranspiration journalière,mm/j,6.5
2025-06-02 17:00:00,Évapotranspiration Horaire,Évapotranspiration Horaire,mm/h,0.32
2025-06-02 17:00:00,Pression atmosphérique,Pression atmosphérique,hPa,985.8
2025-06-02 17:00:00,Rayonnement solaire,Rayonnement solaire,W/m²,337.0
2025-06-02 17:00:00,Point de Rosée,Point de Rosée,°c,6.0
2025-06-02 17:00:00,Humidité relative,Humidité relative,%,21.7
2025-06-02 17:00:00,Température,Température,°c,30.2
2025-06-02 17:00:00,Direction du vent,Direction du vent,Deg,149.6
2025-06-02 17:00:00,Vitesse du vent,Vitesse du vent,m/s,4.51
2025-06-02 15:00:00,Évapotranspiration journalière,Évapotranspiration journalière,mm/j,6.5
2025-06-02 15:00:00,Évapotranspiration Horaire,Évapotranspiration Horaire,mm/h,0.31
2025-06-02 15:00:00,Pression atmosphérique,Pression atmosphérique,hPa,986.6
2025-06-02 15:00:00,Rayonnement solaire,Rayonnement solaire,W/m²,701.0
2025-06-02 15:00:00,Point de Rosée,Point de Rosée,°c,6.2
2025-06-02 15:00:00,Humidité relative,Humidité relative,%,22.2
2025-06-02 15:00:00,Température,Température,°c,30.1
2025-06-02 15:00:00,Direction du vent,Direction du vent,Deg,216.6
2025-06-02 15:00:00,Vitesse du vent,Vitesse du vent,m/s,2.41
2025-06-02 13:00:00,Évapotranspiration journalière,Évapotranspiration journalière,mm/j,6.5
2025-06-02 13:00:00,Évapotranspiration Horaire,Évapotranspiration Horaire,mm/h,0.27
2025-06-02 13:00:00,Pression atmosphérique,Pression atmosphérique,hPa,987.8
2025-06-02 13:00:00,Rayonnement solaire,Rayonnement solaire,W/m²,897.0
2025-06-02 13:00:00,Point de Rosée,Point de Rosée,°c,5.8
2025-06-02 13:00:00,Humidité relative,Humidité relative,%,23.5
2025-06-02 13:00:00,Température,Température,°c,28.6
2025-06-02 13:00:00,Direction du vent,Direction du vent,Deg,173.9
2025-06-02 13:00:00,Vitesse du vent,Vitesse du vent,m/s,2.49
2025-06-02 11:00:00,Évapotranspiration journalière,Évapotranspiration journalière,mm/j,6.5
2025-06-02 11:00:00,Évapotranspiration Horaire,Évapotranspiration Horaire,mm/h,0.24
2025-06-02 11:00:00,Pression atmosphérique,Pression atmosphérique,hPa,988.9
2025-06-02 11:00:00,Rayonnement solaire,Rayonnement solaire,W/m²,906.0
2025-06-02 11:00:00,Point de Rosée,Point de Rosée,°c,6.8
2025-06-02 11:00:00,Humidité relative,Humidité relative,%,27.7
2025-06-02 11:00:00,Température,Température,°c,27.0
2025-06-02 11:00:00,Direction du vent,Direction du vent,Deg,150.0
2025-06-02 11:00:00,Vitesse du vent,Vitesse du vent,m/s,4.78
2025-06-02 10:00:00,Évapotranspiration journalière,Évapotranspiration journalière,mm/j,6.5
2025-06-02 10:00:00,Évapotranspiration Horaire,Évapotranspiration Horaire,mm/h,0.33
2025-06-02 10:00:00,Pression atmosphérique,Pression atmosphérique,hPa,989.2
2025-06-02 10:00:00,Rayonnement solaire,Rayonnement solaire,W/m²,834.0
2025-06-02 10:00:00,Point de Rosée,Point de Rosée,°c,6.1
2025-06-02 10:00:00,Humidité relative,Humidité relative,%,29.1
2025-06-02 10:00:00,Température,Température,°c,25.4
2025-06-02 10:00:00,Direction du vent,Direction du vent,Deg,190.9
2025-06-02 10:00:00,Vitesse du vent,Vitesse du vent,m/s,1.14
2025-06-02 09:00:00,Humidité relative,Humidité relative,%,31.1
2025-06-02 09:00:00,Température,Température,°c,24.3
2025-06-02 09:00:00,Rayonnement solaire,Rayonnement solaire,W/m²,698.0
2025-06-02 09:00:00,Évapotranspiration Horaire,Évapotranspiration Horaire,mm/h,0.33
2025-06-02 09:00:00,Évapotranspiration journalière,Évapotranspiration journalière,mm/j,6.5
2025-06-02 09:00:00,Pression atmosphérique,Pression atmosphérique,hPa,989.5
2025-06-02 09:00:00,Vitesse du vent,Vitesse du vent,m/s,4.31
2025-06-02 09:00:00,Direction du vent,Direction du vent,Deg,164.0
2025-06-02 09:00:00,Point de Rosée,Point de Rosée,°c,6.1
2025-06-02 08:00:00,Point de Rosée,Point de Rosée,°c,7.7
2025-06-02 08:00:00,Humidité relative,Humidité relative,%,37.0
2025-06-02 08:00:00,Température,Température,°c,23.2
2025-06-02 08:00:00,Direction du vent,Direction du vent,Deg,155.0
2025-06-02 08:00:00,Vitesse du vent,Vitesse du vent,m/s,2.37
2025-06-02 08:00:00,Évapotranspiration journalière,Évapotranspiration journalière,mm/j,6.5
2025-06-02 08:00:00,Évapotranspiration Horaire,Évapotranspiration Horaire,mm/h,0.33
2025-06-02 08:00:00,Pression atmosphérique,Pression atmosphérique,hPa,989.6
2025-06-02 08:00:00,Rayonnement solaire,Rayonnement solaire,W/m²,493.0
2025-06-02 07:00:00,Point de Rosée,Point de Rosée,°c,7.0
2025-06-02 07:00:00,Évapotranspiration journalière,Évapotranspiration journalière,mm/j,6.5
2025-06-02 07:00:00,Évapotranspiration Horaire,Évapotranspiration Horaire,mm/h,0.33
2025-06-02 07:00:00,Pression atmosphérique,Pression atmosphérique,hPa,989.3
2025-06-02 07:00:00,Rayonnement solaire,Rayonnement solaire,W/m²,298.0
2025-06-02 07:00:00,Humidité relative,Humidité relative,%,38.1
2025-06-02 07:00:00,Température,Température,°c,21.9
2025-06-02 07:00:00,Direction du vent,Direction du vent,Deg,176.6
2025-06-02 07:00:00,Vitesse du vent,Vitesse du vent,m/s,2.37
2025-06-02 06:00:00,Évapotranspiration journalière,Évapotranspiration journalière,mm/j,6.5
2025-06-02 06:00:00,Vitesse du vent,Vitesse du vent,m/s,0.82
2025-06-02 06:00:00,Évapotranspiration Horaire,Évapotranspiration Horaire,mm/h,0.33
2025-06-02 06:00:00,Direction du vent,Direction du vent,Deg,284.1
2025-06-02 06:00:00,Pression atmosphérique,Pression atmosphérique,hPa,989.1
2025-06-02 06:00:00,Température,Température,°c,17.1
2025-06-02 06:00:00,Rayonnement solaire,Rayonnement solaire,W/m²,118.0
2025-06-02 06:00:00,Humidité relative,Humidité relative,%,58.5
2025-06-02 06:00:00,Point de Rosée,Point de Rosée,°c,8.9
2025-06-02 05:00:00,Point de Rosée,Point de Rosée,°c,8.9
2025-06-02 05:00:00,Évapotranspiration journalière,Évapotranspiration journalière,mm/j,6.5
2025-06-02 05:00:00,Évapotranspiration Horaire,Évapotranspiration Horaire,mm/h,0.33
2025-06-02 05:00:00,Pression atmosphérique,Pression atmosphérique,hPa,988.9
2025-06-02 05:00:00,Rayonnement solaire,Rayonnement solaire,W/m²,1.0
2025-06-02 05:00:00,Humidité relative,Humidité relative,%,67.5
2025-06-02 05:00:00,Température,Température,°c,14.8
2025-06-02 05:00:00,Direction du vent,Direction du vent,Deg,292.6
2025-06-02 05:00:00,Vitesse du vent,Vitesse du vent,m/s,0.89
2025-06-01 07:00:00,Évapotranspiration journalière,Évapotranspiration journalière,mm/j,5.85
2025-06-01 07:00:00,Évapotranspiration Horaire,Évapotranspiration Horaire,mm/h,0.17
2025-06-01 07:00:00,Pression atmosphérique,Pression atmosphérique,hPa,989.0
2025-06-01 07:00:00,Rayonnement solaire,Rayonnement solaire,W/m²,290.0
2025-06-01 07:00:00,Point de Rosée,Point de Rosée,°c,8.3
2025-06-01 07:00:00,Humidité relative,Humidité relative,%,42.4
2025-06-01 07:00:00,Température,Température,°c,21.6
2025-06-01 07:00:00,Direction du vent,Direction du vent,Deg,302.8
2025-06-01 07:00:00,Vitesse du vent,Vitesse du vent,m/s,1.36
2025-06-01 05:00:00,Évapotranspiration journalière,Évapotranspiration journalière,mm/j,5.85
2025-06-01 05:00:00,Évapotranspiration Horaire,Évapotranspiration Horaire,mm/h,0.1
2025-06-01 05:00:00,Pression atmosphérique,Pression atmosphérique,hPa,988.7
2025-06-01 05:00:00,Rayonnement solaire,Rayonnement solaire,W/m²,1.0
2025-06-01 05:00:00,Point de Rosée,Point de Rosée,°c,7.0
2025-06-01 05:00:00,Humidité relative,Humidité relative,%,50.1
2025-06-01 05:00:00,Température,Température,°c,17.5
2025-06-01 05:00:00,Direction du vent,Direction du vent,Deg,287.7
2025-06-01 05:00:00,Vitesse du vent,Vitesse du vent,m/s,1.62
2025-06-01 01:00:00,Évapotranspiration journalière,Évapotranspiration journalière,mm/j,5.85
2025-06-01 01:00:00,Vitesse du vent,Vitesse du vent,m/s,1.8
2025-06-01 01:00:00,Évapotranspiration Horaire,Évapotranspiration Horaire,mm/h,0.13
2025-06-01 01:00:00,Direction du vent,Direction du vent,Deg,275.3
2025-06-01 01:00:00,Pression atmosphérique,Pression atmosphérique,hPa,988.9
2025-06-01 01:00:00,Température,Température,°c,17.6
2025-06-01 01:00:00,Rayonnement solaire,Rayonnement solaire,W/m²,0.0
2025-06-01 01:00:00,Humidité relative,Humidité relative,%,59.0
2025-06-01 01:00:00,Point de Rosée,Point de Rosée,°c,9.5
2025-05-31 23:00:00,Vitesse du vent,Vitesse du vent,m/s,0.42
2025-05-31 23:00:00,Direction du vent,Direction du vent,Deg,295.6
2025-05-31 23:00:00,Température,Température,°c,19.3
2025-05-31 23:00:00,Humidité relative,Humidité relative,%,57.8
2025-05-31 23:00:00,Point de Rosée,Point de Rosée,°c,10.8
2025-05-31 23:00:00,Rayonnement solaire,Rayonnement solaire,W/m²,0.0
2025-05-31 23:00:00,Pression atmosphérique,Pression atmosphérique,hPa,989.6
2025-05-31 23:00:00,Évapotranspiration Horaire,Évapotranspiration Horaire,mm/h,0.16
2025-05-31 23:00:00,Évapotranspiration journalière,Évapotranspiration journalière,mm/j,7.49
2025-05-31 21:00:00,Direction du vent,Direction du vent,Deg,288.6
2025-05-31 21:00:00,Évapotranspiration journalière,Évapotranspiration journalière,mm/j,7.49
2025-05-31 21:00:00,Évapotranspiration Horaire,Évapotranspiration Horaire,mm/h,0.18
2025-05-31 21:00:00,Pression atmosphérique,Pression atmosphérique,hPa,989.1
2025-05-31 21:00:00,Rayonnement solaire,Rayonnement solaire,W/m²,0.0
2025-05-31 21:00:00,Point de Rosée,Point de Rosée,°c,12.2
2025-05-31 21:00:00,Vitesse du vent,Vitesse du vent,m/s,0.21
2025-05-31 21:00:00,Humidité relative,Humidité relative,%,57.6
2025-05-31 21:00:00,Température,Température,°c,20.9
2025-05-31 19:00:00,Vitesse du vent,Vitesse du vent,m/s,1.1
2025-05-31 19:00:00,Direction du vent,Direction du vent,Deg,46.8
2025-05-31 19:00:00,Température,Température,°c,25.7
2025-05-31 19:00:00,Humidité relative,Humidité relative,%,39.3
2025-05-31 19:00:00,Point de Rosée,Point de Rosée,°c,10.8
2025-05-31 19:00:00,Rayonnement solaire,Rayonnement solaire,W/m²,18.0
2025-05-31 19:00:00,Pression atmosphérique,Pression atmosphérique,hPa,988.0
2025-05-31 19:00:00,Évapotranspiration Horaire,Évapotranspiration Horaire,mm/h,0.26
2025-05-31 19:00:00,Évapotranspiration journalière,Évapotranspiration journalière,mm/j,7.49
2025-05-31 17:00:00,Évapotranspiration journalière,Évapotranspiration journalière,mm/j,7.49
2025-05-31 17:00:00,Vitesse du vent,Vitesse du vent,m/s,0.66
2025-05-31 17:00:00,Direction du vent,Direction du vent,Deg,132.2
2025-05-31 17:00:00,Température,Température,°c,30.5
2025-05-31 17:00:00,Humidité relative,Humidité relative,%,25.5
2025-05-31 17:00:00,Point de Rosée,Point de Rosée,°c,8.5
2025-05-31 17:00:00,Rayonnement solaire,Rayonnement solaire,W/m²,318.0
2025-05-31 17:00:00,Pression atmosphérique,Pression atmosphérique,hPa,986.7
2025-05-31 17:00:00,Évapotranspiration Horaire,Évapotranspiration Horaire,mm/h,0.28
2025-05-31 15:00:00,Vitesse du vent,Vitesse du vent,m/s,0.55
2025-05-31 15:00:00,Direction du vent,Direction du vent,Deg,344.1
2025-05-31 15:00:00,Température,Température,°c,31.3
2025-05-31 15:00:00,Humidité relative,Humidité relative,%,25.4
2025-05-31 15:00:00,Point de Rosée,Point de Rosée,°c,9.1
2025-05-31 15:00:00,Pression atmosphérique,Pression atmosphérique,hPa,986.9
2025-05-31 15:00:00,Évapotranspiration Horaire,Évapotranspiration Horaire,mm/h,0.29
2025-05-31 15:00:00,Rayonnement solaire,Rayonnement solaire,W/m²,668.0
2025-05-31 15:00:00,Évapotranspiration journalière,Évapotranspiration journalière,mm/j,7.49
2025-05-31 14:00:00,Point de Rosée,Point de Rosée,°c,6.7
2025-05-31 14:00:00,Rayonnement solaire,Rayonnement solaire,W/m²,796.0
2025-05-31 14:00:00,Pression atmosphérique,Pression atmosphérique,hPa,987.4
2025-05-31 14:00:00,Évapotranspiration Horaire,Évapotranspiration Horaire,mm/h,0.29
2025-05-31 14:00:00,Évapotranspiration journalière,Évapotranspiration journalière,mm/j,7.49
2025-05-31 14:00:00,Vitesse du vent,Vitesse du vent,m/s,0.59
2025-05-31 14:00:00,Direction du vent,Direction du vent,Deg,264.8
2025-05-31 14:00:00,Température,Température,°c,29.8
2025-05-31 14:00:00,Humidité relative,Humidité relative,%,23.4
2025-05-31 13:00:00,Vitesse du vent,Vitesse du vent,m/s,1.44
2025-05-31 13:00:00,Point de Rosée,Point de Rosée,°c,7.3
2025-05-31 13:00:00,Direction du vent,Direction du vent,Deg,54.4
2025-05-31 13:00:00,Humidité relative,Humidité relative,%,25.6
2025-05-31 13:00:00,Température,Température,°c,29.0
2025-05-31 13:00:00,Évapotranspiration journalière,Évapotranspiration journalière,mm/j,7.49
2025-05-31 13:00:00,Évapotranspiration Horaire,Évapotranspiration Horaire,mm/h,0.22
2025-05-31 13:00:00,Pression atmosphérique,Pression atmosphérique,hPa,987.9
2025-05-31 13:00:00,Rayonnement solaire,Rayonnement solaire,W/m²,866.0
2025-05-31 11:00:00,Rayonnement solaire,Rayonnement solaire,W/m²,872.0
2025-05-31 11:00:00,Vitesse du vent,Vitesse du vent,m/s,2.14
2025-05-31 11:00:00,Direction du vent,Direction du vent,Deg,61.1
2025-05-31 11:00:00,Température,Température,°c,27.4
2025-05-31 11:00:00,Humidité relative,Humidité relative,%,32.7
2025-05-31 11:00:00,Point de Rosée,Point de Rosée,°c,9.6
2025-05-31 11:00:00,Pression atmosphérique,Pression atmosphérique,hPa,988.8
2025-05-31 11:00:00,Évapotranspiration Horaire,Évapotranspiration Horaire,mm/h,0.22
2025-05-31 11:00:00,Évapotranspiration journalière,Évapotranspiration journalière,mm/j,7.49
2025-05-31 09:00:00,Évapotranspiration journalière,Évapotranspiration journalière,mm/j,7.49
2025-05-31 09:00:00,Évapotranspiration Horaire,Évapotranspiration Horaire,mm/h,0.14
2025-05-31 09:00:00,Pression atmosphérique,Pression atmosphérique,hPa,989.2
2025-05-31 09:00:00,Rayonnement solaire,Rayonnement solaire,W/m²,669.0
2025-05-31 09:00:00,Direction du vent,Direction du vent,Deg,12.4
2025-05-31 09:00:00,Point de Rosée,Point de Rosée,°c,7.6
2025-05-31 09:00:00,Vitesse du vent,Vitesse du vent,m/s,1.69
2025-05-31 09:00:00,Humidité relative,Humidité relative,%,32.0
2025-05-31 09:00:00,Température,Température,°c,25.5
2025-05-31 07:00:00,Vitesse du vent,Vitesse du vent,m/s,2.47
2025-05-31 07:00:00,Évapotranspiration journalière,Évapotranspiration journalière,mm/j,7.49
2025-05-31 07:00:00,Évapotranspiration Horaire,Évapotranspiration Horaire,mm/h,0.14
2025-05-31 07:00:00,Pression atmosphérique,Pression atmosphérique,hPa,989.0
2025-05-31 07:00:00,Rayonnement solaire,Rayonnement solaire,W/m²,284.0
2025-05-31 07:00:00,Point de Rosée,Point de Rosée,°c,10.0
2025-05-31 07:00:00,Humidité relative,Humidité relative,%,44.4
2025-05-31 07:00:00,Température,Température,°c,22.8
2025-05-31 07:00:00,Direction du vent,Direction du vent,Deg,343.5
2025-05-31 05:00:00,Évapotranspiration journalière,Évapotranspiration journalière,mm/j,7.49
2025-05-31 05:00:00,Évapotranspiration Horaire,Évapotranspiration Horaire,mm/h,0.1
2025-05-31 05:00:00,Pression atmosphérique,Pression atmosphérique,hPa,988.7
2025-05-31 05:00:00,Rayonnement solaire,Rayonnement solaire,W/m²,2.0
2025-05-31 05:00:00,Point de Rosée,Point de Rosée,°c,9.1
2025-05-31 05:00:00,Humidité relative,Humidité relative,%,60.8
2025-05-31 05:00:00,Température,Température,°c,16.7
2025-05-31 05:00:00,Direction du vent,Direction du vent,Deg,222.9
2025-05-31 05:00:00,Vitesse du vent,Vitesse du vent,m/s,0.58
2025-05-30 17:00:00,Température,Température,°c,28.8
2025-05-30 17:00:00,Évapotranspiration journalière,Évapotranspiration journalière,mm/j,8.72
2025-05-30 17:00:00,Évapotranspiration Horaire,Évapotranspiration Horaire,mm/h,0.26
2025-05-30 17:00:00,Pression atmosphérique,Pression atmosphérique,hPa,987.1
2025-05-30 17:00:00,Rayonnement solaire,Rayonnement solaire,W/m²,322.0
2025-05-30 17:00:00,Point de Rosée,Point de Rosée,°c,7.8
2025-05-30 17:00:00,Humidité relative,Humidité relative,%,26.7
2025-05-30 17:00:00,Direction du vent,Direction du vent,Deg,79.8
2025-05-30 17:00:00,Vitesse du vent,Vitesse du vent,m/s,1.96
2025-05-30 16:00:00,Évapotranspiration Horaire,Évapotranspiration Horaire,mm/h,0.28
2025-05-30 16:00:00,Humidité relative,Humidité relative,%,25.3
2025-05-30 16:00:00,Rayonnement solaire,Rayonnement solaire,W/m²,505.0
2025-05-30 16:00:00,Température,Température,°c,29.6
2025-05-30 16:00:00,Pression atmosphérique,Pression atmosphérique,hPa,987.3
2025-05-30 16:00:00,Direction du vent,Direction du vent,Deg,19.6
2025-05-30 16:00:00,Point de Rosée,Point de Rosée,°c,7.7
2025-05-30 16:00:00,Vitesse du vent,Vitesse du vent,m/s,1.66
2025-05-30 16:00:00,Évapotranspiration journalière,Évapotranspiration journalière,mm/j,8.72
2025-05-30 15:00:00,Vitesse du vent,Vitesse du vent,m/s,1.42
2025-05-30 15:00:00,Évapotranspiration journalière,Évapotranspiration journalière,mm/j,8.72
2025-05-30 15:00:00,Évapotranspiration Horaire,Évapotranspiration Horaire,mm/h,0.3
2025-05-30 15:00:00,Pression atmosphérique,Pression atmosphérique,hPa,987.5
2025-05-30 15:00:00,Rayonnement solaire,Rayonnement solaire,W/m²,694.0
2025-05-30 15:00:00,Point de Rosée,Point de Rosée,°c,10.5
2025-05-30 15:00:00,Humidité relative,Humidité relative,%,32.2
2025-05-30 15:00:00,Température,Température,°c,28.7
2025-05-30 15:00:00,Direction du vent,Direction du vent,Deg,349.4
2025-05-30 13:00:00,Point de Rosée,Point de Rosée,°c,10.5
2025-05-30 13:00:00,Évapotranspiration journalière,Évapotranspiration journalière,mm/j,8.72
2025-05-30 13:00:00,Évapotranspiration Horaire,Évapotranspiration Horaire,mm/h,0.26
2025-05-30 13:00:00,Pression atmosphérique,Pression atmosphérique,hPa,988.1
2025-05-30 13:00:00,Rayonnement solaire,Rayonnement solaire,W/m²,907.0
2025-05-30 13:00:00,Humidité relative,Humidité relative,%,33.3
2025-05-30 13:00:00,Température,Température,°c,28.2
2025-05-30 13:00:00,Direction du vent,Direction du vent,Deg,44.3
2025-05-30 13:00:00,Vitesse du vent,Vitesse du vent,m/s,2.96
2025-05-30 12:00:00,Évapotranspiration Horaire,Évapotranspiration Horaire,mm/h,0.26
2025-05-30 12:00:00,Humidité relative,Humidité relative,%,32.6
2025-05-30 12:00:00,Pression atmosphérique,Pression atmosphérique,hPa,988.6
2025-05-30 12:00:00,Température,Température,°c,27.4
2025-05-30 12:00:00,Évapotranspiration journalière,Évapotranspiration journalière,mm/j,8.72
2025-05-30 12:00:00,Direction du vent,Direction du vent,Deg,26.1
2025-05-30 12:00:00,Rayonnement solaire,Rayonnement solaire,W/m²,900.0
2025-05-30 12:00:00,Vitesse du vent,Vitesse du vent,m/s,2.31
2025-05-30 12:00:00,Point de Rosée,Point de Rosée,°c,9.5
2025-05-30 11:00:00,Pression atmosphérique,Pression atmosphérique,hPa,988.8
2025-05-30 11:00:00,Rayonnement solaire,Rayonnement solaire,W/m²,891.0
2025-05-30 11:00:00,Évapotranspiration journalière,Évapotranspiration journalière,mm/j,8.72
2025-05-30 11:00:00,Point de Rosée,Point de Rosée,°c,10.3
2025-05-30 11:00:00,Humidité relative,Humidité relative,%,37.4
2025-05-30 11:00:00,Température,Température,°c,26.0
2025-05-30 11:00:00,Direction du vent,Direction du vent,Deg,59.8
2025-05-30 11:00:00,Vitesse du vent,Vitesse du vent,m/s,4.41
2025-05-30 11:00:00,Évapotranspiration Horaire,Évapotranspiration Horaire,mm/h,0.18
2025-05-30 10:00:00,Évapotranspiration journalière,Évapotranspiration journalière,mm/j,8.72
2025-05-30 10:00:00,Direction du vent,Direction du vent,Deg,355.5
2025-05-30 10:00:00,Évapotranspiration Horaire,Évapotranspiration Horaire,mm/h,0.18
2025-05-30 10:00:00,Température,Température,°c,25.1
2025-05-30 10:00:00,Pression atmosphérique,Pression atmosphérique,hPa,988.7
2025-05-30 10:00:00,Point de Rosée,Point de Rosée,°c,10.0
2025-05-30 10:00:00,Rayonnement solaire,Rayonnement solaire,W/m²,817.0
2025-05-30 10:00:00,Vitesse du vent,Vitesse du vent,m/s,3.0
2025-05-30 10:00:00,Humidité relative,Humidité relative,%,38.6
2025-05-30 09:00:00,Direction du vent,Direction du vent,Deg,356.9
2025-05-30 09:00:00,Évapotranspiration journalière,Évapotranspiration journalière,mm/j,8.72
2025-05-30 09:00:00,Évapotranspiration Horaire,Évapotranspiration Horaire,mm/h,0.18
2025-05-30 09:00:00,Pression atmosphérique,Pression atmosphérique,hPa,988.4
2025-05-30 09:00:00,Rayonnement solaire,Rayonnement solaire,W/m²,679.0
2025-05-30 09:00:00,Point de Rosée,Point de Rosée,°c,11.8
2025-05-30 09:00:00,Humidité relative,Humidité relative,%,45.4
2025-05-30 09:00:00,Température,Température,°c,24.4
2025-05-30 09:00:00,Vitesse du vent,Vitesse du vent,m/s,4.64
2025-05-30 08:00:00,Évapotranspiration Horaire,Évapotranspiration Horaire,mm/h,0.17
2025-05-30 08:00:00,Humidité relative,Humidité relative,%,46.0
2025-05-30 08:00:00,Rayonnement solaire,Rayonnement solaire,W/m²,491.0
2025-05-30 08:00:00,Température,Température,°c,22.8
2025-05-30 08:00:00,Pression atmosphérique,Pression atmosphérique,hPa,987.8
2025-05-30 08:00:00,Direction du vent,Direction du vent,Deg,322.4
2025-05-30 08:00:00,Point de Rosée,Point de Rosée,°c,10.6
2025-05-30 08:00:00,Vitesse du vent,Vitesse du vent,m/s,5.44
2025-05-30 08:00:00,Évapotranspiration journalière,Évapotranspiration journalière,mm/j,8.72
2025-05-30 07:00:00,Vitesse du vent,Vitesse du vent,m/s,2.48
2025-05-30 07:00:00,Évapotranspiration journalière,Évapotranspiration journalière,mm/j,8.72
2025-05-30 07:00:00,Évapotranspiration Horaire,Évapotranspiration Horaire,mm/h,0.15
2025-05-30 07:00:00,Pression atmosphérique,Pression atmosphérique,hPa,987.9
2025-05-30 07:00:00,Rayonnement solaire,Rayonnement solaire,W/m²,290.0
2025-05-30 07:00:00,Point de Rosée,Point de Rosée,°c,9.5
2025-05-30 07:00:00,Humidité relative,Humidité relative,%,44.3
2025-05-30 07:00:00,Température,Température,°c,22.2
2025-05-30 07:00:00,Direction du vent,Direction du vent,Deg,297.7
2025-05-30 06:00:00,Pression atmosphérique,Pression atmosphérique,hPa,987.4
2025-05-30 06:00:00,Évapotranspiration journalière,Évapotranspiration journalière,mm/j,8.72
2025-05-30 06:00:00,Évapotranspiration Horaire,Évapotranspiration Horaire,mm/h,0.13
2025-05-30 06:00:00,Rayonnement solaire,Rayonnement solaire,W/m²,117.0
2025-05-30 06:00:00,Point de Rosée,Point de Rosée,°c,8.0
2025-05-30 06:00:00,Humidité relative,Humidité relative,%,42.5
2025-05-30 06:00:00,Température,Température,°c,21.2
2025-05-30 06:00:00,Direction du vent,Direction du vent,Deg,297.4
2025-05-30 06:00:00,Vitesse du vent,Vitesse du vent,m/s,6.96
2025-05-30 05:00:00,Rayonnement solaire,Rayonnement solaire,W/m²,0.0
2025-05-30 05:00:00,Humidité relative,Humidité relative,%,45.4
2025-05-30 05:00:00,Pression atmosphérique,Pression atmosphérique,hPa,987.3
2025-05-30 05:00:00,Température,Température,°c,20.5
2025-05-30 05:00:00,Évapotranspiration journalière,Évapotranspiration journalière,mm/j,8.72
2025-05-30 05:00:00,Direction du vent,Direction du vent,Deg,293.9
2025-05-30 05:00:00,Point de Rosée,Point de Rosée,°c,8.3
2025-05-30 05:00:00,Évapotranspiration Horaire,Évapotranspiration Horaire,mm/h,0.22
2025-05-30 05:00:00,Vitesse du vent,Vitesse du vent,m/s,0.69
2025-05-29 15:00:00,Évapotranspiration journalière,Évapotranspiration journalière,mm/j,6.72
2025-05-29 15:00:00,Évapotranspiration Horaire,Évapotranspiration Horaire,mm/h,0.28
2025-05-29 15:00:00,Pression atmosphérique,Pression atmosphérique,hPa,985.7
2025-05-29 15:00:00,Rayonnement solaire,Rayonnement solaire,W/m²,692.0
2025-05-29 15:00:00,Point de Rosée,Point de Rosée,°c,9.7
2025-05-29 15:00:00,Humidité relative,Humidité relative,%,29.1
2025-05-29 15:00:00,Température,Température,°c,29.6
2025-05-29 15:00:00,Direction du vent,Direction du vent,Deg,349.6
2025-05-29 15:00:00,Vitesse du vent,Vitesse du vent,m/s,3.47
2025-05-29 13:00:00,Évapotranspiration journalière,Évapotranspiration journalière,mm/j,6.72
2025-05-29 13:00:00,Évapotranspiration Horaire,Évapotranspiration Horaire,mm/h,0.26
2025-05-29 13:00:00,Pression atmosphérique,Pression atmosphérique,hPa,986.5
2025-05-29 13:00:00,Rayonnement solaire,Rayonnement solaire,W/m²,880.0
2025-05-29 13:00:00,Point de Rosée,Point de Rosée,°c,7.5
2025-05-29 13:00:00,Humidité relative,Humidité relative,%,25.9
2025-05-29 13:00:00,Température,Température,°c,29.0
2025-05-29 13:00:00,Direction du vent,Direction du vent,Deg,348.7
2025-05-29 13:00:00,Vitesse du vent,Vitesse du vent,m/s,2.95
2025-05-29 11:00:00,Température,Température,°c,27.1
2025-05-29 11:00:00,Évapotranspiration journalière,Évapotranspiration journalière,mm/j,6.72
2025-05-29 11:00:00,Évapotranspiration Horaire,Évapotranspiration Horaire,mm/h,0.21
2025-05-29 11:00:00,Pression atmosphérique,Pression atmosphérique,hPa,987.0
2025-05-29 11:00:00,Rayonnement solaire,Rayonnement solaire,W/m²,902.0
2025-05-29 11:00:00,Point de Rosée,Point de Rosée,°c,6.8
2025-05-29 11:00:00,Humidité relative,Humidité relative,%,27.6
2025-05-29 11:00:00,Direction du vent,Direction du vent,Deg,333.6
2025-05-29 11:00:00,Vitesse du vent,Vitesse du vent,m/s,2.93
2025-05-29 09:00:00,Évapotranspiration journalière,Évapotranspiration journalière,mm/j,6.72
2025-05-29 09:00:00,Évapotranspiration Horaire,Évapotranspiration Horaire,mm/h,0.18
2025-05-29 09:00:00,Pression atmosphérique,Pression atmosphérique,hPa,987.6
2025-05-29 09:00:00,Rayonnement solaire,Rayonnement solaire,W/m²,692.0
2025-05-29 09:00:00,Point de Rosée,Point de Rosée,°c,6.9
2025-05-29 09:00:00,Humidité relative,Humidité relative,%,31.3
2025-05-29 09:00:00,Température,Température,°c,25.0
2025-05-29 09:00:00,Direction du vent,Direction du vent,Deg,306.4
2025-05-29 09:00:00,Vitesse du vent,Vitesse du vent,m/s,3.14
2025-05-29 07:00:00,Évapotranspiration journalière,Évapotranspiration journalière,mm/j,6.72
2025-05-29 07:00:00,Évapotranspiration Horaire,Évapotranspiration Horaire,mm/h,0.16
2025-05-29 07:00:00,Pression atmosphérique,Pression atmosphérique,hPa,987.6
2025-05-29 07:00:00,Vitesse du vent,Vitesse du vent,m/s,7.98
2025-05-29 07:00:00,Direction du vent,Direction du vent,Deg,292.5
2025-05-29 07:00:00,Température,Température,°c,22.2
2025-05-29 07:00:00,Rayonnement solaire,Rayonnement solaire,W/m²,294.0
2025-05-29 07:00:00,Humidité relative,Humidité relative,%,34.4
2025-05-29 07:00:00,Point de Rosée,Point de Rosée,°c,5.8
2025-05-29 06:00:00,Pression atmosphérique,Pression atmosphérique,hPa,987.5
2025-05-29 06:00:00,Évapotranspiration journalière,Évapotranspiration journalière,mm/j,6.72
2025-05-29 06:00:00,Évapotranspiration Horaire,Évapotranspiration Horaire,mm/h,0.13
2025-05-29 06:00:00,Rayonnement solaire,Rayonnement solaire,W/m²,111.0
2025-05-29 06:00:00,Point de Rosée,Point de Rosée,°c,6.1
2025-05-29 06:00:00,Humidité relative,Humidité relative,%,37.1
2025-05-29 06:00:00,Température,Température,°c,21.4
2025-05-29 06:00:00,Direction du vent,Direction du vent,Deg,321.1
2025-05-29 06:00:00,Vitesse du vent,Vitesse du vent,m/s,1.83
2025-05-29 05:00:00,Évapotranspiration journalière,Évapotranspiration journalière,mm/j,6.72
2025-05-29 05:00:00,Rayonnement solaire,Rayonnement solaire,W/m²,2.0
2025-05-29 05:00:00,Pression atmosphérique,Pression atmosphérique,hPa,987.8
2025-05-29 05:00:00,Température,Température,°c,20.5
2025-05-29 05:00:00,Direction du vent,Direction du vent,Deg,298.3
2025-05-29 05:00:00,Évapotranspiration Horaire,Évapotranspiration Horaire,mm/h,0.11
2025-05-29 05:00:00,Humidité relative,Humidité relative,%,35.7
2025-05-29 05:00:00,Point de Rosée,Point de Rosée,°c,4.8
2025-05-29 05:00:00,Vitesse du vent,Vitesse du vent,m/s,1.41
2025-05-28 05:00:00,Point de Rosée,Point de Rosée,°c,5.8
2025-05-28 05:00:00,Évapotranspiration journalière,Évapotranspiration journalière,mm/j,6.05
2025-05-28 05:00:00,Évapotranspiration Horaire,Évapotranspiration Horaire,mm/h,0.12
2025-05-28 05:00:00,Pression atmosphérique,Pression atmosphérique,hPa,987.7
2025-05-28 05:00:00,Rayonnement solaire,Rayonnement solaire,W/m²,1.0
2025-05-28 05:00:00,Humidité relative,Humidité relative,%,36.3
2025-05-28 05:00:00,Température,Température,°c,21.3
2025-05-28 05:00:00,Direction du vent,Direction du vent,Deg,83.3
2025-05-28 05:00:00,Vitesse du vent,Vitesse du vent,m/s,0.71
2025-05-28 04:00:00,Évapotranspiration journalière,Évapotranspiration journalière,mm/j,6.05
2025-05-28 04:00:00,Vitesse du vent,Vitesse du vent,m/s,4.8
2025-05-28 04:00:00,Évapotranspiration Horaire,Évapotranspiration Horaire,mm/h,0.12
2025-05-28 04:00:00,Direction du vent,Direction du vent,Deg,264.4
2025-05-28 04:00:00,Pression atmosphérique,Pression atmosphérique,hPa,987.5
2025-05-28 04:00:00,Température,Température,°c,21.1
2025-05-28 04:00:00,Rayonnement solaire,Rayonnement solaire,W/m²,0.0
2025-05-28 04:00:00,Humidité relative,Humidité relative,%,35.8
2025-05-28 04:00:00,Point de Rosée,Point de Rosée,°c,5.4
2025-05-28 03:00:00,Direction du vent,Direction du vent,Deg,257.6
2025-05-28 03:00:00,Évapotranspiration journalière,Évapotranspiration journalière,mm/j,6.05
2025-05-28 03:00:00,Évapotranspiration Horaire,Évapotranspiration Horaire,mm/h,0.12
2025-05-28 03:00:00,Pression atmosphérique,Pression atmosphérique,hPa,987.7
2025-05-28 03:00:00,Rayonnement solaire,Rayonnement solaire,W/m²,0.0
2025-05-28 03:00:00,Point de Rosée,Point de Rosée,°c,4.8
2025-05-28 03:00:00,Humidité relative,Humidité relative,%,35.3
2025-05-28 03:00:00,Température,Température,°c,20.7
2025-05-28 03:00:00,Vitesse du vent,Vitesse du vent,m/s,1.63
2025-05-28 01:00:00,Évapotranspiration journalière,Évapotranspiration journalière,mm/j,6.05
2025-05-28 01:00:00,Évapotranspiration Horaire,Évapotranspiration Horaire,mm/h,0.14
2025-05-28 01:00:00,Pression atmosphérique,Pression atmosphérique,hPa,988.3
2025-05-28 01:00:00,Rayonnement solaire,Rayonnement solaire,W/m²,0.0
2025-05-28 01:00:00,Point de Rosée,Point de Rosée,°c,7.5
2025-05-28 01:00:00,Humidité relative,Humidité relative,%,45.9
2025-05-28 01:00:00,Température,Température,°c,19.5
2025-05-28 01:00:00,Direction du vent,Direction du vent,Deg,302.6
2025-05-28 01:00:00,Vitesse du vent,Vitesse du vent,m/s,1.25
2025-05-28 00:00:00,Évapotranspiration journalière,Évapotranspiration journalière,mm/j,5.69
2025-05-28 00:00:00,Vitesse du vent,Vitesse du vent,m/s,0.6
2025-05-28 00:00:00,Évapotranspiration Horaire,Évapotranspiration Horaire,mm/h,0.16
2025-05-28 00:00:00,Direction du vent,Direction du vent,Deg,74.2
2025-05-28 00:00:00,Pression atmosphérique,Pression atmosphérique,hPa,988.6
2025-05-28 00:00:00,Température,Température,°c,19.1
2025-05-28 00:00:00,Rayonnement solaire,Rayonnement solaire,W/m²,0.0
2025-05-28 00:00:00,Humidité relative,Humidité relative,%,49.8
2025-05-28 00:00:00,Point de Rosée,Point de Rosée,°c,8.4
2025-05-27 23:00:00,Température,Température,°c,20.2
2025-05-27 23:00:00,Évapotranspiration journalière,Évapotranspiration journalière,mm/j,5.69
2025-05-27 23:00:00,Évapotranspiration Horaire,Évapotranspiration Horaire,mm/h,0.16
2025-05-27 23:00:00,Pression atmosphérique,Pression atmosphérique,hPa,989.0
2025-05-27 23:00:00,Rayonnement solaire,Rayonnement solaire,W/m²,0.0
2025-05-27 23:00:00,Point de Rosée,Point de Rosée,°c,10.0
2025-05-27 23:00:00,Humidité relative,Humidité relative,%,51.7
2025-05-27 23:00:00,Direction du vent,Direction du vent,Deg,293.7
2025-05-27 23:00:00,Vitesse du vent,Vitesse du vent,m/s,1.71
2025-05-27 21:00:00,Point de Rosée,Point de Rosée,°c,11.0
2025-05-27 21:00:00,Température,Température,°c,21.2
2025-05-27 21:00:00,Rayonnement solaire,Rayonnement solaire,W/m²,0.0
2025-05-27 21:00:00,Direction du vent,Direction du vent,Deg,203.4
2025-05-27 21:00:00,Humidité relative,Humidité relative,%,52.3
2025-05-27 21:00:00,Pression atmosphérique,Pression atmosphérique,hPa,988.4
2025-05-27 21:00:00,Évapotranspiration journalière,Évapotranspiration journalière,mm/j,5.69
2025-05-27 21:00:00,Évapotranspiration Horaire,Évapotranspiration Horaire,mm/h,0.17
2025-05-27 21:00:00,Vitesse du vent,Vitesse du vent,m/s,0.32
2025-05-27 19:00:00,Point de Rosée,Point de Rosée,°c,10.0
2025-05-27 19:00:00,Évapotranspiration journalière,Évapotranspiration journalière,mm/j,5.69
2025-05-27 19:00:00,Évapotranspiration Horaire,Évapotranspiration Horaire,mm/h,0.23
2025-05-27 19:00:00,Pression atmosphérique,Pression atmosphérique,hPa,987.0
2025-05-27 19:00:00,Rayonnement solaire,Rayonnement solaire,W/m²,16.0
2025-05-27 19:00:00,Humidité relative,Humidité relative,%,35.6
2025-05-27 19:00:00,Température,Température,°c,26.4
2025-05-27 19:00:00,Direction du vent,Direction du vent,Deg,57.5
2025-05-27 19:00:00,Vitesse du vent,Vitesse du vent,m/s,1.5
2025-05-27 18:00:00,Évapotranspiration journalière,Évapotranspiration journalière,mm/j,5.69
2025-05-27 18:00:00,Vitesse du vent,Vitesse du vent,m/s,2.37
2025-05-27 18:00:00,Évapotranspiration Horaire,Évapotranspiration Horaire,mm/h,0.26
2025-05-27 18:00:00,Direction du vent,Direction du vent,Deg,118.7
2025-05-27 18:00:00,Pression atmosphérique,Pression atmosphérique,hPa,986.1
2025-05-27 18:00:00,Température,Température,°c,28.9
2025-05-27 18:00:00,Rayonnement solaire,Rayonnement solaire,W/m²,162.0
2025-05-27 18:00:00,Humidité relative,Humidité relative,%,26.9
2025-05-27 18:00:00,Point de Rosée,Point de Rosée,°c,8.0
2025-05-27 17:00:00,Direction du vent,Direction du vent,Deg,359.9
2025-05-27 17:00:00,Évapotranspiration journalière,Évapotranspiration journalière,mm/j,5.69
2025-05-27 17:00:00,Évapotranspiration Horaire,Évapotranspiration Horaire,mm/h,0.31
2025-05-27 17:00:00,Pression atmosphérique,Pression atmosphérique,hPa,985.7
2025-05-27 17:00:00,Rayonnement solaire,Rayonnement solaire,W/m²,324.0
2025-05-27 17:00:00,Point de Rosée,Point de Rosée,°c,7.5
2025-05-27 17:00:00,Humidité relative,Humidité relative,%,22.5
2025-05-27 17:00:00,Température,Température,°c,31.4
2025-05-27 17:00:00,Vitesse du vent,Vitesse du vent,m/s,1.29
2025-05-27 15:00:00,Évapotranspiration journalière,Évapotranspiration journalière,mm/j,5.69
2025-05-27 15:00:00,Évapotranspiration Horaire,Évapotranspiration Horaire,mm/h,0.3
2025-05-27 15:00:00,Pression atmosphérique,Pression atmosphérique,hPa,986.0
2025-05-27 15:00:00,Rayonnement solaire,Rayonnement solaire,W/m²,807.0
2025-05-27 15:00:00,Point de Rosée,Point de Rosée,°c,3.4
2025-05-27 15:00:00,Humidité relative,Humidité relative,%,16.3
2025-05-27 15:00:00,Température,Température,°c,32.1
2025-05-27 15:00:00,Direction du vent,Direction du vent,Deg,168.0
2025-05-27 15:00:00,Vitesse du vent,Vitesse du vent,m/s,0.22
2025-05-27 14:00:00,Évapotranspiration journalière,Évapotranspiration journalière,mm/j,5.69
2025-05-27 14:00:00,Vitesse du vent,Vitesse du vent,m/s,2.67
2025-05-27 14:00:00,Évapotranspiration Horaire,Évapotranspiration Horaire,mm/h,0.3
2025-05-27 14:00:00,Direction du vent,Direction du vent,Deg,345.6
2025-05-27 14:00:00,Pression atmosphérique,Pression atmosphérique,hPa,986.3
2025-05-27 14:00:00,Température,Température,°c,30.7
2025-05-27 14:00:00,Rayonnement solaire,Rayonnement solaire,W/m²,238.0
2025-05-27 14:00:00,Humidité relative,Humidité relative,%,19.1
2025-05-27 14:00:00,Point de Rosée,Point de Rosée,°c,4.5
2025-05-27 13:00:00,Température,Température,°c,30.8
2025-05-27 13:00:00,Évapotranspiration journalière,Évapotranspiration journalière,mm/j,5.69
2025-05-27 13:00:00,Évapotranspiration Horaire,Évapotranspiration Horaire,mm/h,0.29
2025-05-27 13:00:00,Pression atmosphérique,Pression atmosphérique,hPa,987.0
2025-05-27 13:00:00,Rayonnement solaire,Rayonnement solaire,W/m²,866.0
2025-05-27 13:00:00,Point de Rosée,Point de Rosée,°c,2.5
2025-05-27 13:00:00,Humidité relative,Humidité relative,%,16.5
2025-05-27 13:00:00,Direction du vent,Direction du vent,Deg,16.8
2025-05-27 13:00:00,Vitesse du vent,Vitesse du vent,m/s,2.53
2025-05-27 11:00:00,Humidité relative,Humidité relative,%,20.9
2025-05-27 11:00:00,Point de Rosée,Point de Rosée,°c,4.1
2025-05-27 11:00:00,Température,Température,°c,28.7
2025-05-27 11:00:00,Rayonnement solaire,Rayonnement solaire,W/m²,881.0
2025-05-27 11:00:00,Évapotranspiration journalière,Évapotranspiration journalière,mm/j,5.69
2025-05-27 11:00:00,Pression atmosphérique,Pression atmosphérique,hPa,987.8
2025-05-27 11:00:00,Direction du vent,Direction du vent,Deg,61.2
2025-05-27 11:00:00,Évapotranspiration Horaire,Évapotranspiration Horaire,mm/h,0.27
2025-05-27 11:00:00,Vitesse du vent,Vitesse du vent,m/s,1.34
2025-05-27 10:00:00,Pression atmosphérique,Pression atmosphérique,hPa,988.1
2025-05-27 10:00:00,Évapotranspiration journalière,Évapotranspiration journalière,mm/j,5.69
2025-05-27 10:00:00,Évapotranspiration Horaire,Évapotranspiration Horaire,mm/h,0.24
2025-05-27 10:00:00,Rayonnement solaire,Rayonnement solaire,W/m²,808.0
2025-05-27 10:00:00,Point de Rosée,Point de Rosée,°c,6.3
2025-05-27 10:00:00,Humidité relative,Humidité relative,%,25.7
2025-05-27 10:00:00,Température,Température,°c,27.7
2025-05-27 10:00:00,Direction du vent,Direction du vent,Deg,325.3
2025-05-27 10:00:00,Vitesse du vent,Vitesse du vent,m/s,0.68
2025-05-27 09:00:00,Point de Rosée,Point de Rosée,°c,6.4
2025-05-27 09:00:00,Vitesse du vent,Vitesse du vent,m/s,1.83
2025-05-27 09:00:00,Humidité relative,Humidité relative,%,28.0
2025-05-27 09:00:00,Évapotranspiration Horaire,Évapotranspiration Horaire,mm/h,0.22
2025-05-27 09:00:00,Évapotranspiration journalière,Évapotranspiration journalière,mm/j,5.69
2025-05-27 09:00:00,Pression atmosphérique,Pression atmosphérique,hPa,988.3
2025-05-27 09:00:00,Direction du vent,Direction du vent,Deg,0.9
2025-05-27 09:00:00,Rayonnement solaire,Rayonnement solaire,W/m²,671.0
2025-05-27 09:00:00,Température,Température,°c,26.4
2025-05-27 08:00:00,Rayonnement solaire,Rayonnement solaire,W/m²,473.0
2025-05-27 08:00:00,Évapotranspiration journalière,Évapotranspiration journalière,mm/j,5.69
2025-05-27 08:00:00,Évapotranspiration Horaire,Évapotranspiration Horaire,mm/h,0.19
2025-05-27 08:00:00,Pression atmosphérique,Pression atmosphérique,hPa,988.3
2025-05-27 08:00:00,Point de Rosée,Point de Rosée,°c,6.9
2025-05-27 08:00:00,Humidité relative,Humidité relative,%,31.1
2025-05-27 08:00:00,Température,Température,°c,25.1
2025-05-27 08:00:00,Direction du vent,Direction du vent,Deg,149.2
2025-05-27 08:00:00,Vitesse du vent,Vitesse du vent,m/s,1.4
2025-05-27 07:00:00,Humidité relative,Humidité relative,%,45.3
2025-05-27 07:00:00,Direction du vent,Direction du vent,Deg,359.1
2025-05-27 07:00:00,Température,Température,°c,21.7
2025-05-27 07:00:00,Évapotranspiration Horaire,Évapotranspiration Horaire,mm/h,0.13
2025-05-27 07:00:00,Vitesse du vent,Vitesse du vent,m/s,0.37
2025-05-27 07:00:00,Pression atmosphérique,Pression atmosphérique,hPa,988.2
2025-05-27 07:00:00,Évapotranspiration journalière,Évapotranspiration journalière,mm/j,5.69
2025-05-27 07:00:00,Rayonnement solaire,Rayonnement solaire,W/m²,271.0
2025-05-27 07:00:00,Point de Rosée,Point de Rosée,°c,9.3
2025-05-27 06:00:00,Pression atmosphérique,Pression atmosphérique,hPa,988.0
2025-05-27 06:00:00,Température,Température,°c,17.6
2025-05-27 06:00:00,Rayonnement solaire,Rayonnement solaire,W/m²,103.0
2025-05-27 06:00:00,Humidité relative,Humidité relative,%,52.9
2025-05-27 06:00:00,Point de Rosée,Point de Rosée,°c,7.9
2025-05-27 06:00:00,Évapotranspiration journalière,Évapotranspiration journalière,mm/j,5.69
2025-05-27 06:00:00,Vitesse du vent,Vitesse du vent,m/s,1.86
2025-05-27 06:00:00,Évapotranspiration Horaire,Évapotranspiration Horaire,mm/h,0.13
2025-05-27 06:00:00,Direction du vent,Direction du vent,Deg,264.1
2025-05-27 05:00:00,Température,Température,°c,17.1
2025-05-27 05:00:00,Évapotranspiration journalière,Évapotranspiration journalière,mm/j,5.69
2025-05-27 05:00:00,Évapotranspiration Horaire,Évapotranspiration Horaire,mm/h,0.17
2025-05-27 05:00:00,Pression atmosphérique,Pression atmosphérique,hPa,987.6
2025-05-27 05:00:00,Rayonnement solaire,Rayonnement solaire,W/m²,0.0
2025-05-27 05:00:00,Point de Rosée,Point de Rosée,°c,7.7
2025-05-27 05:00:00,Humidité relative,Humidité relative,%,53.8
2025-05-27 05:00:00,Direction du vent,Direction du vent,Deg,271.7
2025-05-27 05:00:00,Vitesse du vent,Vitesse du vent,m/s,2.42
2025-05-26 22:00:00,Évapotranspiration Horaire,Évapotranspiration Horaire,mm/h,0.17
2025-05-26 22:00:00,Humidité relative,Humidité relative,%,50.1
2025-05-26 22:00:00,Rayonnement solaire,Rayonnement solaire,W/m²,0.0
2025-05-26 22:00:00,Température,Température,°c,19.0
2025-05-26 22:00:00,Évapotranspiration journalière,Évapotranspiration journalière,mm/j,6.55
2025-05-26 22:00:00,Direction du vent,Direction du vent,Deg,307.9
2025-05-26 22:00:00,Pression atmosphérique,Pression atmosphérique,hPa,989.2
2025-05-26 22:00:00,Vitesse du vent,Vitesse du vent,m/s,0.57
2025-05-26 22:00:00,Point de Rosée,Point de Rosée,°c,8.4
2025-05-26 21:00:00,Évapotranspiration journalière,Évapotranspiration journalière,mm/j,6.55
2025-05-26 21:00:00,Évapotranspiration Horaire,Évapotranspiration Horaire,mm/h,0.17
2025-05-26 21:00:00,Pression atmosphérique,Pression atmosphérique,hPa,989.1
2025-05-26 21:00:00,Rayonnement solaire,Rayonnement solaire,W/m²,0.0
2025-05-26 21:00:00,Point de Rosée,Point de Rosée,°c,11.1
2025-05-26 21:00:00,Humidité relative,Humidité relative,%,55.0
2025-05-26 21:00:00,Température,Température,°c,20.5
2025-05-26 21:00:00,Direction du vent,Direction du vent,Deg,4.9
2025-05-26 21:00:00,Vitesse du vent,Vitesse du vent,m/s,1.01
2025-05-26 19:00:00,Évapotranspiration journalière,Évapotranspiration journalière,mm/j,6.55
2025-05-26 19:00:00,Évapotranspiration Horaire,Évapotranspiration Horaire,mm/h,0.21
2025-05-26 19:00:00,Pression atmosphérique,Pression atmosphérique,hPa,987.2
2025-05-26 19:00:00,Rayonnement solaire,Rayonnement solaire,W/m²,14.0
2025-05-26 19:00:00,Point de Rosée,Point de Rosée,°c,7.2
2025-05-26 19:00:00,Humidité relative,Humidité relative,%,31.4
2025-05-26 19:00:00,Température,Température,°c,25.4
2025-05-26 19:00:00,Direction du vent,Direction du vent,Deg,18.1
2025-05-26 19:00:00,Vitesse du vent,Vitesse du vent,m/s,2.09
2025-05-26 17:00:00,Température,Température,°c,29.9
2025-05-26 17:00:00,Évapotranspiration journalière,Évapotranspiration journalière,mm/j,6.55
2025-05-26 17:00:00,Évapotranspiration Horaire,Évapotranspiration Horaire,mm/h,0.27
2025-05-26 17:00:00,Pression atmosphérique,Pression atmosphérique,hPa,986.2
2025-05-26 17:00:00,Rayonnement solaire,Rayonnement solaire,W/m²,315.0
2025-05-26 17:00:00,Point de Rosée,Point de Rosée,°c,7.4
2025-05-26 17:00:00,Humidité relative,Humidité relative,%,24.5
2025-05-26 17:00:00,Direction du vent,Direction du vent,Deg,9.6
2025-05-26 17:00:00,Vitesse du vent,Vitesse du vent,m/s,0.81
2025-05-26 16:00:00,Évapotranspiration journalière,Évapotranspiration journalière,mm/j,6.55
2025-05-26 16:00:00,Évapotranspiration Horaire,Évapotranspiration Horaire,mm/h,0.27
2025-05-26 16:00:00,Pression atmosphérique,Pression atmosphérique,hPa,986.6
2025-05-26 16:00:00,Rayonnement solaire,Rayonnement solaire,W/m²,507.0
2025-05-26 16:00:00,Point de Rosée,Point de Rosée,°c,3.8
2025-05-26 16:00:00,Vitesse du vent,Vitesse du vent,m/s,2.25
2025-05-26 16:00:00,Humidité relative,Humidité relative,%,18.9
2025-05-26 16:00:00,Température,Température,°c,30.0
2025-05-26 16:00:00,Direction du vent,Direction du vent,Deg,85.2
2025-05-26 15:00:00,Point de Rosée,Point de Rosée,°c,4.4
2025-05-26 15:00:00,Évapotranspiration journalière,Évapotranspiration journalière,mm/j,6.55
2025-05-26 15:00:00,Vitesse du vent,Vitesse du vent,m/s,0.44
2025-05-26 15:00:00,Évapotranspiration Horaire,Évapotranspiration Horaire,mm/h,0.28
2025-05-26 15:00:00,Température,Température,°c,28.9
2025-05-26 15:00:00,Pression atmosphérique,Pression atmosphérique,hPa,987.1
2025-05-26 15:00:00,Direction du vent,Direction du vent,Deg,226.8
2025-05-26 15:00:00,Rayonnement solaire,Rayonnement solaire,W/m²,672.0
2025-05-26 15:00:00,Humidité relative,Humidité relative,%,21.0
2025-05-26 13:00:00,Température,Température,°c,27.2
2025-05-26 13:00:00,Vitesse du vent,Vitesse du vent,m/s,0.69
2025-05-26 13:00:00,Direction du vent,Direction du vent,Deg,145.4
2025-05-26 13:00:00,Humidité relative,Humidité relative,%,24.1
2025-05-26 13:00:00,Point de Rosée,Point de Rosée,°c,5.0
2025-05-26 13:00:00,Rayonnement solaire,Rayonnement solaire,W/m²,871.0
2025-05-26 13:00:00,Pression atmosphérique,Pression atmosphérique,hPa,988.0
2025-05-26 13:00:00,Évapotranspiration Horaire,Évapotranspiration Horaire,mm/h,0.24
2025-05-26 13:00:00,Évapotranspiration journalière,Évapotranspiration journalière,mm/j,6.55
2025-05-26 11:00:00,Vitesse du vent,Vitesse du vent,m/s,1.0
2025-05-26 11:00:00,Évapotranspiration Horaire,Évapotranspiration Horaire,mm/h,0.22
2025-05-26 11:00:00,Évapotranspiration journalière,Évapotranspiration journalière,mm/j,6.55
2025-05-26 11:00:00,Pression atmosphérique,Pression atmosphérique,hPa,988.7
2025-05-26 11:00:00,Rayonnement solaire,Rayonnement solaire,W/m²,888.0
2025-05-26 11:00:00,Humidité relative,Humidité relative,%,31.3
2025-05-26 11:00:00,Température,Température,°c,24.9
2025-05-26 11:00:00,Point de Rosée,Point de Rosée,°c,6.8
2025-05-26 11:00:00,Direction du vent,Direction du vent,Deg,347.8
2025-05-26 09:00:00,Rayonnement solaire,Rayonnement solaire,W/m²,676.0
2025-05-26 09:00:00,Évapotranspiration journalière,Évapotranspiration journalière,mm/j,6.55
2025-05-26 09:00:00,Évapotranspiration Horaire,Évapotranspiration Horaire,mm/h,0.18
2025-05-26 09:00:00,Pression atmosphérique,Pression atmosphérique,hPa,988.9
2025-05-26 09:00:00,Point de Rosée,Point de Rosée,°c,4.7
2025-05-26 09:00:00,Humidité relative,Humidité relative,%,29.7
2025-05-26 09:00:00,Température,Température,°c,23.4
2025-05-26 09:00:00,Direction du vent,Direction du vent,Deg,337.1
2025-05-26 09:00:00,Vitesse du vent,Vitesse du vent,m/s,1.58
2025-05-26 07:00:00,Direction du vent,Direction du vent,Deg,75.0
2025-05-26 07:00:00,Évapotranspiration journalière,Évapotranspiration journalière,mm/j,6.55
2025-05-26 07:00:00,Évapotranspiration Horaire,Évapotranspiration Horaire,mm/h,0.12
2025-05-26 07:00:00,Pression atmosphérique,Pression atmosphérique,hPa,988.6
2025-05-26 07:00:00,Vitesse du vent,Vitesse du vent,m/s,1.56
2025-05-26 07:00:00,Rayonnement solaire,Rayonnement solaire,W/m²,276.0
2025-05-26 07:00:00,Point de Rosée,Point de Rosée,°c,6.3
2025-05-26 07:00:00,Humidité relative,Humidité relative,%,40.7
2025-05-26 07:00:00,Température,Température,°c,20.1
2025-05-26 05:00:00,Température,Température,°c,16.8
2025-05-26 05:00:00,Rayonnement solaire,Rayonnement solaire,W/m²,0.0
2025-05-26 05:00:00,Pression atmosphérique,Pression atmosphérique,hPa,988.5
2025-05-26 05:00:00,Évapotranspiration Horaire,Évapotranspiration Horaire,mm/h,0.19
2025-05-26 05:00:00,Évapotranspiration journalière,Évapotranspiration journalière,mm/j,6.55
2025-05-26 05:00:00,Humidité relative,Humidité relative,%,45.5
2025-05-26 05:00:00,Point de Rosée,Point de Rosée,°c,5.0
2025-05-26 05:00:00,Direction du vent,Direction du vent,Deg,183.8
2025-05-26 05:00:00,Vitesse du vent,Vitesse du vent,m/s,0.53
2025-05-26 04:00:00,Point de Rosée,Point de Rosée,°c,5.1
2025-05-26 04:00:00,Vitesse du vent,Vitesse du vent,m/s,0.83
2025-05-26 04:00:00,Humidité relative,Humidité relative,%,44.8
2025-05-26 04:00:00,Direction du vent,Direction du vent,Deg,219.8
2025-05-26 04:00:00,Température,Température,°c,17.2
2025-05-26 04:00:00,Évapotranspiration journalière,Évapotranspiration journalière,mm/j,6.55
2025-05-26 04:00:00,Évapotranspiration Horaire,Évapotranspiration Horaire,mm/h,0.1
2025-05-26 04:00:00,Pression atmosphérique,Pression atmosphérique,hPa,988.3
2025-05-26 04:00:00,Rayonnement solaire,Rayonnement solaire,W/m²,0.0
2025-05-25 11:00:00,Rayonnement solaire,Rayonnement solaire,W/m²,922.0
2025-05-25 11:00:00,Vitesse du vent,Vitesse du vent,m/s,7.03
2025-05-25 11:00:00,Direction du vent,Direction du vent,Deg,341.4
2025-05-25 11:00:00,Température,Température,°c,21.8
2025-05-25 11:00:00,Humidité relative,Humidité relative,%,44.2
2025-05-25 11:00:00,Point de Rosée,Point de Rosée,°c,9.0
2025-05-25 11:00:00,Pression atmosphérique,Pression atmosphérique,hPa,986.9
2025-05-25 11:00:00,Évapotranspiration Horaire,Évapotranspiration Horaire,mm/h,0.17
2025-05-25 11:00:00,Évapotranspiration journalière,Évapotranspiration journalière,mm/j,3.56
2025-05-25 09:00:00,Vitesse du vent,Vitesse du vent,m/s,3.5
2025-05-25 09:00:00,Direction du vent,Direction du vent,Deg,336.1
2025-05-25 09:00:00,Température,Température,°c,19.6
2025-05-25 09:00:00,Humidité relative,Humidité relative,%,51.2
2025-05-25 09:00:00,Point de Rosée,Point de Rosée,°c,9.2
2025-05-25 09:00:00,Rayonnement solaire,Rayonnement solaire,W/m²,689.0
2025-05-25 09:00:00,Pression atmosphérique,Pression atmosphérique,hPa,987.0
2025-05-25 09:00:00,Évapotranspiration Horaire,Évapotranspiration Horaire,mm/h,0.15
2025-05-25 09:00:00,Évapotranspiration journalière,Évapotranspiration journalière,mm/j,3.56
2025-05-25 07:00:00,Vitesse du vent,Vitesse du vent,m/s,4.87
2025-05-25 07:00:00,Direction du vent,Direction du vent,Deg,320.8
2025-05-25 07:00:00,Température,Température,°c,17.7
2025-05-25 07:00:00,Humidité relative,Humidité relative,%,57.9
2025-05-25 07:00:00,Point de Rosée,Point de Rosée,°c,9.3
2025-05-25 07:00:00,Rayonnement solaire,Rayonnement solaire,W/m²,281.0
2025-05-25 07:00:00,Pression atmosphérique,Pression atmosphérique,hPa,985.5
2025-05-25 07:00:00,Évapotranspiration Horaire,Évapotranspiration Horaire,mm/h,0.13
2025-05-25 07:00:00,Évapotranspiration journalière,Évapotranspiration journalière,mm/j,3.56
2025-05-25 05:00:00,Rayonnement solaire,Rayonnement solaire,W/m²,0.0
2025-05-25 05:00:00,Direction du vent,Direction du vent,Deg,307.3
2025-05-25 05:00:00,Température,Température,°c,16.5
2025-05-25 05:00:00,Humidité relative,Humidité relative,%,66.6
2025-05-25 05:00:00,Point de Rosée,Point de Rosée,°c,10.2
2025-05-25 05:00:00,Vitesse du vent,Vitesse du vent,m/s,6.8
2025-05-25 05:00:00,Pression atmosphérique,Pression atmosphérique,hPa,984.5
2025-05-25 05:00:00,Évapotranspiration Horaire,Évapotranspiration Horaire,mm/h,0.11
2025-05-25 05:00:00,Évapotranspiration journalière,Évapotranspiration journalière,mm/j,3.56
2025-05-25 03:00:00,Vitesse du vent,Vitesse du vent,m/s,3.83
2025-05-25 03:00:00,Direction du vent,Direction du vent,Deg,307.3
2025-05-25 03:00:00,Température,Température,°c,16.1
2025-05-25 03:00:00,Humidité relative,Humidité relative,%,65.7
2025-05-25 03:00:00,Point de Rosée,Point de Rosée,°c,9.7
2025-05-25 03:00:00,Rayonnement solaire,Rayonnement solaire,W/m²,0.0
2025-05-25 03:00:00,Pression atmosphérique,Pression atmosphérique,hPa,984.4
2025-05-25 03:00:00,Évapotranspiration Horaire,Évapotranspiration Horaire,mm/h,0.11
2025-05-25 03:00:00,Évapotranspiration journalière,Évapotranspiration journalière,mm/j,3.56
2025-05-25 01:00:00,Évapotranspiration journalière,Évapotranspiration journalière,mm/j,3.56
2025-05-25 01:00:00,Pression atmosphérique,Pression atmosphérique,hPa,984.2
2025-05-25 01:00:00,Rayonnement solaire,Rayonnement solaire,W/m²,0.0
2025-05-25 01:00:00,Point de Rosée,Point de Rosée,°c,8.7
2025-05-25 01:00:00,Humidité relative,Humidité relative,%,61.4
2025-05-25 01:00:00,Température,Température,°c,16.1
2025-05-25 01:00:00,Direction du vent,Direction du vent,Deg,305.2
2025-05-25 01:00:00,Vitesse du vent,Vitesse du vent,m/s,5.68
2025-05-25 01:00:00,Évapotranspiration Horaire,Évapotranspiration Horaire,mm/h,0.11
2025-05-24 23:00:00,Température,Température,°c,16.7
2025-05-24 23:00:00,Vitesse du vent,Vitesse du vent,m/s,3.5
2025-05-24 23:00:00,Direction du vent,Direction du vent,Deg,309.4
2025-05-24 23:00:00,Humidité relative,Humidité relative,%,59.8
2025-05-24 23:00:00,Point de Rosée,Point de Rosée,°c,8.9
2025-05-24 23:00:00,Rayonnement solaire,Rayonnement solaire,W/m²,0.0
2025-05-24 23:00:00,Pression atmosphérique,Pression atmosphérique,hPa,983.9
2025-05-24 23:00:00,Évapotranspiration Horaire,Évapotranspiration Horaire,mm/h,0.12
2025-05-24 23:00:00,Évapotranspiration journalière,Évapotranspiration journalière,mm/j,5.77
2025-05-24 21:00:00,Vitesse du vent,Vitesse du vent,m/s,4.22
2025-05-24 21:00:00,Point de Rosée,Point de Rosée,°c,8.9
2025-05-24 21:00:00,Pression atmosphérique,Pression atmosphérique,hPa,983.7
2025-05-24 21:00:00,Humidité relative,Humidité relative,%,58.2
2025-05-24 21:00:00,Rayonnement solaire,Rayonnement solaire,W/m²,0.0
2025-05-24 21:00:00,Évapotranspiration Horaire,Évapotranspiration Horaire,mm/h,0.14
2025-05-24 21:00:00,Température,Température,°c,17.2
2025-05-24 21:00:00,Évapotranspiration journalière,Évapotranspiration journalière,mm/j,5.77
2025-05-24 21:00:00,Direction du vent,Direction du vent,Deg,321.4
2025-05-24 19:00:00,Rayonnement solaire,Rayonnement solaire,W/m²,6.0
2025-05-24 19:00:00,Évapotranspiration journalière,Évapotranspiration journalière,mm/j,5.77
2025-05-24 19:00:00,Évapotranspiration Horaire,Évapotranspiration Horaire,mm/h,0.15
2025-05-24 19:00:00,Pression atmosphérique,Pression atmosphérique,hPa,982.9
2025-05-24 19:00:00,Point de Rosée,Point de Rosée,°c,11.0
2025-05-24 19:00:00,Humidité relative,Humidité relative,%,69.3
2025-05-24 19:00:00,Température,Température,°c,16.7
2025-05-24 19:00:00,Direction du vent,Direction du vent,Deg,333.9
2025-05-24 19:00:00,Vitesse du vent,Vitesse du vent,m/s,5.34
2025-05-24 17:00:00,Direction du vent,Direction du vent,Deg,339.3
2025-05-24 17:00:00,Évapotranspiration journalière,Évapotranspiration journalière,mm/j,5.77
2025-05-24 17:00:00,Évapotranspiration Horaire,Évapotranspiration Horaire,mm/h,0.15
2025-05-24 17:00:00,Pression atmosphérique,Pression atmosphérique,hPa,982.0
2025-05-24 17:00:00,Vitesse du vent,Vitesse du vent,m/s,2.67
2025-05-24 17:00:00,Rayonnement solaire,Rayonnement solaire,W/m²,44.0
2025-05-24 17:00:00,Point de Rosée,Point de Rosée,°c,11.9
2025-05-24 17:00:00,Humidité relative,Humidité relative,%,68.3
2025-05-24 17:00:00,Température,Température,°c,17.8
2025-05-24 15:00:00,Rayonnement solaire,Rayonnement solaire,W/m²,161.0
2025-05-24 15:00:00,Évapotranspiration journalière,Évapotranspiration journalière,mm/j,5.77
2025-05-24 15:00:00,Évapotranspiration Horaire,Évapotranspiration Horaire,mm/h,0.14
2025-05-24 15:00:00,Vitesse du vent,Vitesse du vent,m/s,3.01
2025-05-24 15:00:00,Pression atmosphérique,Pression atmosphérique,hPa,981.2
2025-05-24 15:00:00,Point de Rosée,Point de Rosée,°c,10.5
2025-05-24 15:00:00,Humidité relative,Humidité relative,%,57.3
2025-05-24 15:00:00,Température,Température,°c,19.2
2025-05-24 15:00:00,Direction du vent,Direction du vent,Deg,319.9
2025-05-24 11:00:00,Évapotranspiration journalière,Évapotranspiration journalière,mm/j,5.77
2025-05-24 11:00:00,Évapotranspiration Horaire,Évapotranspiration Horaire,mm/h,0.13
2025-05-24 11:00:00,Pression atmosphérique,Pression atmosphérique,hPa,981.2
2025-05-24 11:00:00,Rayonnement solaire,Rayonnement solaire,W/m²,325.0
2025-05-24 11:00:00,Point de Rosée,Point de Rosée,°c,9.4
2025-05-24 11:00:00,Humidité relative,Humidité relative,%,51.6
2025-05-24 11:00:00,Température,Température,°c,19.7
2025-05-24 11:00:00,Direction du vent,Direction du vent,Deg,316.3
2025-05-24 11:00:00,Vitesse du vent,Vitesse du vent,m/s,2.22
2025-05-24 09:00:00,Évapotranspiration journalière,Évapotranspiration journalière,mm/j,5.77
2025-05-24 09:00:00,Évapotranspiration Horaire,Évapotranspiration Horaire,mm/h,0.12
2025-05-24 09:00:00,Pression atmosphérique,Pression atmosphérique,hPa,981.5
2025-05-24 09:00:00,Rayonnement solaire,Rayonnement solaire,W/m²,320.0
2025-05-24 09:00:00,Point de Rosée,Point de Rosée,°c,8.6
2025-05-24 09:00:00,Humidité relative,Humidité relative,%,52.8
2025-05-24 09:00:00,Température,Température,°c,18.4
2025-05-24 09:00:00,Direction du vent,Direction du vent,Deg,291.6
2025-05-24 09:00:00,Vitesse du vent,Vitesse du vent,m/s,2.24
2025-05-24 08:00:00,Évapotranspiration journalière,Évapotranspiration journalière,mm/j,5.77
2025-05-24 08:00:00,Vitesse du vent,Vitesse du vent,m/s,5.73
2025-05-24 08:00:00,Évapotranspiration Horaire,Évapotranspiration Horaire,mm/h,0.12
2025-05-24 08:00:00,Direction du vent,Direction du vent,Deg,287.1
2025-05-24 08:00:00,Pression atmosphérique,Pression atmosphérique,hPa,982.0
2025-05-24 08:00:00,Température,Température,°c,17.2
2025-05-24 08:00:00,Rayonnement solaire,Rayonnement solaire,W/m²,229.0
2025-05-24 08:00:00,Humidité relative,Humidité relative,%,59.0
2025-05-24 08:00:00,Point de Rosée,Point de Rosée,°c,9.1
2025-05-24 07:00:00,Point de Rosée,Point de Rosée,°c,10.1
2025-05-24 07:00:00,Évapotranspiration journalière,Évapotranspiration journalière,mm/j,5.77
2025-05-24 07:00:00,Évapotranspiration Horaire,Évapotranspiration Horaire,mm/h,0.11
2025-05-24 07:00:00,Pression atmosphérique,Pression atmosphérique,hPa,981.6
2025-05-24 07:00:00,Rayonnement solaire,Rayonnement solaire,W/m²,91.0
2025-05-24 07:00:00,Humidité relative,Humidité relative,%,66.0
2025-05-24 07:00:00,Température,Température,°c,16.5
2025-05-24 07:00:00,Direction du vent,Direction du vent,Deg,196.6
2025-05-24 07:00:00,Vitesse du vent,Vitesse du vent,m/s,0.37
2025-05-24 06:00:00,Rayonnement solaire,Rayonnement solaire,W/m²,11.0
2025-05-24 06:00:00,Humidité relative,Humidité relative,%,62.7
2025-05-24 06:00:00,Évapotranspiration Horaire,Évapotranspiration Horaire,mm/h,0.11
2025-05-24 06:00:00,Température,Température,°c,16.8
2025-05-24 06:00:00,Pression atmosphérique,Pression atmosphérique,hPa,981.1
2025-05-24 06:00:00,Vitesse du vent,Vitesse du vent,m/s,1.86
2025-05-24 06:00:00,Évapotranspiration journalière,Évapotranspiration journalière,mm/j,5.77
2025-05-24 06:00:00,Direction du vent,Direction du vent,Deg,299.5
2025-05-24 06:00:00,Point de Rosée,Point de Rosée,°c,9.6
2025-05-24 05:00:00,Pression atmosphérique,Pression atmosphérique,hPa,978.7
2025-05-24 05:00:00,Rayonnement solaire,Rayonnement solaire,W/m²,0.0
2025-05-24 05:00:00,Point de Rosée,Point de Rosée,°c,9.7
2025-05-24 05:00:00,Humidité relative,Humidité relative,%,63.4
2025-05-24 05:00:00,Température,Température,°c,16.7
2025-05-24 05:00:00,Direction du vent,Direction du vent,Deg,293.8
2025-05-24 05:00:00,Vitesse du vent,Vitesse du vent,m/s,5.39
2025-05-24 05:00:00,Évapotranspiration journalière,Évapotranspiration journalière,mm/j,5.77
2025-05-24 05:00:00,Évapotranspiration Horaire,Évapotranspiration Horaire,mm/h,0.07
2025-05-24 04:00:00,Évapotranspiration journalière,Évapotranspiration journalière,mm/j,5.77
2025-05-24 04:00:00,Humidité relative,Humidité relative,%,60.8
2025-05-24 04:00:00,Évapotranspiration Horaire,Évapotranspiration Horaire,mm/h,0.07
2025-05-24 04:00:00,Température,Température,°c,16.7
2025-05-24 04:00:00,Pression atmosphérique,Pression atmosphérique,hPa,979.5
2025-05-24 04:00:00,Vitesse du vent,Vitesse du vent,m/s,4.14
2025-05-24 04:00:00,Point de Rosée,Point de Rosée,°c,9.1
2025-05-24 04:00:00,Direction du vent,Direction du vent,Deg,309.9
2025-05-24 04:00:00,Rayonnement solaire,Rayonnement solaire,W/m²,0.0
2025-05-24 03:00:00,Direction du vent,Direction du vent,Deg,338.5
2025-05-24 03:00:00,Évapotranspiration journalière,Évapotranspiration journalière,mm/j,5.77
2025-05-24 03:00:00,Évapotranspiration Horaire,Évapotranspiration Horaire,mm/h,0.08
2025-05-24 03:00:00,Pression atmosphérique,Pression atmosphérique,hPa,980.7
2025-05-24 03:00:00,Rayonnement solaire,Rayonnement solaire,W/m²,0.0
2025-05-24 03:00:00,Point de Rosée,Point de Rosée,°c,8.3
2025-05-24 03:00:00,Humidité relative,Humidité relative,%,56.6
2025-05-24 03:00:00,Température,Température,°c,17.0
2025-05-24 03:00:00,Vitesse du vent,Vitesse du vent,m/s,4.48
2025-05-24 02:00:00,Évapotranspiration Horaire,Évapotranspiration Horaire,mm/h,0.08
2025-05-24 02:00:00,Humidité relative,Humidité relative,%,55.6
2025-05-24 02:00:00,Rayonnement solaire,Rayonnement solaire,W/m²,0.0
2025-05-24 02:00:00,Température,Température,°c,16.9
2025-05-24 02:00:00,Pression atmosphérique,Pression atmosphérique,hPa,981.5
2025-05-24 02:00:00,Direction du vent,Direction du vent,Deg,262.3
2025-05-24 02:00:00,Point de Rosée,Point de Rosée,°c,8.0
2025-05-24 02:00:00,Vitesse du vent,Vitesse du vent,m/s,0.84
2025-05-24 02:00:00,Évapotranspiration journalière,Évapotranspiration journalière,mm/j,5.77
2025-05-24 01:00:00,Vitesse du vent,Vitesse du vent,m/s,3.37
2025-05-24 01:00:00,Évapotranspiration journalière,Évapotranspiration journalière,mm/j,5.77
2025-05-24 01:00:00,Évapotranspiration Horaire,Évapotranspiration Horaire,mm/h,0.09
2025-05-24 01:00:00,Pression atmosphérique,Pression atmosphérique,hPa,981.0
2025-05-24 01:00:00,Rayonnement solaire,Rayonnement solaire,W/m²,0.0
2025-05-24 01:00:00,Point de Rosée,Point de Rosée,°c,8.9
2025-05-24 01:00:00,Humidité relative,Humidité relative,%,59.4
2025-05-24 01:00:00,Température,Température,°c,16.8
2025-05-24 01:00:00,Direction du vent,Direction du vent,Deg,306.3
2025-05-24 00:00:00,Évapotranspiration journalière,Évapotranspiration journalière,mm/j,4.07
2025-05-24 00:00:00,Évapotranspiration Horaire,Évapotranspiration Horaire,mm/h,0.09
2025-05-24 00:00:00,Pression atmosphérique,Pression atmosphérique,hPa,982.4
2025-05-24 00:00:00,Rayonnement solaire,Rayonnement solaire,W/m²,0.0
2025-05-24 00:00:00,Point de Rosée,Point de Rosée,°c,8.1
2025-05-24 00:00:00,Humidité relative,Humidité relative,%,54.5
2025-05-24 00:00:00,Température,Température,°c,17.4
2025-05-24 00:00:00,Direction du vent,Direction du vent,Deg,334.8
2025-05-24 00:00:00,Vitesse du vent,Vitesse du vent,m/s,0.98
2025-05-23 23:00:00,Pression atmosphérique,Pression atmosphérique,hPa,982.6
2025-05-23 23:00:00,Humidité relative,Humidité relative,%,64.0
2025-05-23 23:00:00,Température,Température,°c,17.8
2025-05-23 23:00:00,Point de Rosée,Point de Rosée,°c,10.9
2025-05-23 23:00:00,Évapotranspiration Horaire,Évapotranspiration Horaire,mm/h,0.13
2025-05-23 23:00:00,Direction du vent,Direction du vent,Deg,344.0
2025-05-23 23:00:00,Rayonnement solaire,Rayonnement solaire,W/m²,0.0
2025-05-23 23:00:00,Évapotranspiration journalière,Évapotranspiration journalière,mm/j,4.07
2025-05-23 23:00:00,Vitesse du vent,Vitesse du vent,m/s,2.18
2025-05-23 22:00:00,Pression atmosphérique,Pression atmosphérique,hPa,982.5
2025-05-23 22:00:00,Évapotranspiration journalière,Évapotranspiration journalière,mm/j,4.07
2025-05-23 22:00:00,Évapotranspiration Horaire,Évapotranspiration Horaire,mm/h,0.13
2025-05-23 22:00:00,Rayonnement solaire,Rayonnement solaire,W/m²,0.0
2025-05-23 22:00:00,Point de Rosée,Point de Rosée,°c,11.0
2025-05-23 22:00:00,Humidité relative,Humidité relative,%,63.0
2025-05-23 22:00:00,Température,Température,°c,18.2
2025-05-23 22:00:00,Direction du vent,Direction du vent,Deg,331.5
2025-05-23 22:00:00,Vitesse du vent,Vitesse du vent,m/s,3.26
2025-05-23 21:00:00,Point de Rosée,Point de Rosée,°c,11.1
2025-05-23 21:00:00,Vitesse du vent,Vitesse du vent,m/s,4.15
2025-05-23 21:00:00,Humidité relative,Humidité relative,%,60.9
2025-05-23 21:00:00,Évapotranspiration Horaire,Évapotranspiration Horaire,mm/h,0.13
2025-05-23 21:00:00,Évapotranspiration journalière,Évapotranspiration journalière,mm/j,4.07
2025-05-23 21:00:00,Pression atmosphérique,Pression atmosphérique,hPa,981.9
2025-05-23 21:00:00,Direction du vent,Direction du vent,Deg,354.3
2025-05-23 21:00:00,Rayonnement solaire,Rayonnement solaire,W/m²,0.0
2025-05-23 21:00:00,Température,Température,°c,18.8
2025-05-23 19:00:00,Température,Température,°c,20.8
2025-05-23 19:00:00,Évapotranspiration journalière,Évapotranspiration journalière,mm/j,4.07
2025-05-23 19:00:00,Évapotranspiration Horaire,Évapotranspiration Horaire,mm/h,0.17
2025-05-23 19:00:00,Pression atmosphérique,Pression atmosphérique,hPa,980.9
2025-05-23 19:00:00,Rayonnement solaire,Rayonnement solaire,W/m²,2.0
2025-05-23 19:00:00,Point de Rosée,Point de Rosée,°c,11.2
2025-05-23 19:00:00,Humidité relative,Humidité relative,%,54.2
2025-05-23 19:00:00,Direction du vent,Direction du vent,Deg,346.9
2025-05-23 19:00:00,Vitesse du vent,Vitesse du vent,m/s,2.16
2025-05-23 17:00:00,Évapotranspiration journalière,Évapotranspiration journalière,mm/j,4.07
2025-05-23 17:00:00,Évapotranspiration Horaire,Évapotranspiration Horaire,mm/h,0.2
2025-05-23 17:00:00,Pression atmosphérique,Pression atmosphérique,hPa,979.9
2025-05-23 17:00:00,Rayonnement solaire,Rayonnement solaire,W/m²,186.0
2025-05-23 17:00:00,Point de Rosée,Point de Rosée,°c,11.6
2025-05-23 17:00:00,Humidité relative,Humidité relative,%,49.2
2025-05-23 17:00:00,Température,Température,°c,22.8
2025-05-23 17:00:00,Direction du vent,Direction du vent,Deg,306.9
2025-05-23 17:00:00,Vitesse du vent,Vitesse du vent,m/s,3.6
2025-05-23 15:00:00,Évapotranspiration journalière,Évapotranspiration journalière,mm/j,4.07
2025-05-23 15:00:00,Évapotranspiration Horaire,Évapotranspiration Horaire,mm/h,0.2
2025-05-23 15:00:00,Pression atmosphérique,Pression atmosphérique,hPa,979.5
2025-05-23 15:00:00,Rayonnement solaire,Rayonnement solaire,W/m²,681.0
2025-05-23 15:00:00,Point de Rosée,Point de Rosée,°c,11.5
2025-05-23 15:00:00,Humidité relative,Humidité relative,%,45.1
2025-05-23 15:00:00,Température,Température,°c,24.2
2025-05-23 15:00:00,Direction du vent,Direction du vent,Deg,347.8
2025-05-23 15:00:00,Vitesse du vent,Vitesse du vent,m/s,2.36
2025-05-23 14:00:00,Évapotranspiration journalière,Évapotranspiration journalière,mm/j,4.07
2025-05-23 14:00:00,Évapotranspiration Horaire,Évapotranspiration Horaire,mm/h,0.21
2025-05-23 14:00:00,Pression atmosphérique,Pression atmosphérique,hPa,979.2
2025-05-23 14:00:00,Rayonnement solaire,Rayonnement solaire,W/m²,797.0
2025-05-23 14:00:00,Point de Rosée,Point de Rosée,°c,12.1
2025-05-23 14:00:00,Humidité relative,Humidité relative,%,49.2
2025-05-23 14:00:00,Température,Température,°c,23.4
2025-05-23 14:00:00,Direction du vent,Direction du vent,Deg,336.6
2025-05-23 14:00:00,Vitesse du vent,Vitesse du vent,m/s,5.95
2025-05-23 13:00:00,Rayonnement solaire,Rayonnement solaire,W/m²,872.0
2025-05-23 13:00:00,Point de Rosée,Point de Rosée,°c,12.5
2025-05-23 13:00:00,Humidité relative,Humidité relative,%,50.6
2025-05-23 13:00:00,Pression atmosphérique,Pression atmosphérique,hPa,979.6
2025-05-23 13:00:00,Température,Température,°c,23.3
2025-05-23 13:00:00,Évapotranspiration Horaire,Évapotranspiration Horaire,mm/h,0.21
2025-05-23 13:00:00,Direction du vent,Direction du vent,Deg,354.4
2025-05-23 13:00:00,Évapotranspiration journalière,Évapotranspiration journalière,mm/j,4.07
2025-05-23 13:00:00,Vitesse du vent,Vitesse du vent,m/s,5.9
2025-05-23 11:00:00,Évapotranspiration journalière,Évapotranspiration journalière,mm/j,4.07
2025-05-23 11:00:00,Évapotranspiration Horaire,Évapotranspiration Horaire,mm/h,0.15
2025-05-23 11:00:00,Pression atmosphérique,Pression atmosphérique,hPa,980.2
2025-05-23 11:00:00,Rayonnement solaire,Rayonnement solaire,W/m²,886.0
2025-05-23 11:00:00,Point de Rosée,Point de Rosée,°c,11.6
2025-05-23 11:00:00,Humidité relative,Humidité relative,%,51.0
2025-05-23 11:00:00,Température,Température,°c,22.2
2025-05-23 11:00:00,Direction du vent,Direction du vent,Deg,323.2
2025-05-23 11:00:00,Vitesse du vent,Vitesse du vent,m/s,3.31
2025-05-23 10:00:00,Vitesse du vent,Vitesse du vent,m/s,2.52
2025-05-23 10:00:00,Évapotranspiration journalière,Évapotranspiration journalière,mm/j,4.07
2025-05-23 10:00:00,Évapotranspiration Horaire,Évapotranspiration Horaire,mm/h,0.15
2025-05-23 10:00:00,Pression atmosphérique,Pression atmosphérique,hPa,980.1
2025-05-23 10:00:00,Rayonnement solaire,Rayonnement solaire,W/m²,800.0
2025-05-23 10:00:00,Point de Rosée,Point de Rosée,°c,12.0
2025-05-23 10:00:00,Humidité relative,Humidité relative,%,56.2
2025-05-23 10:00:00,Température,Température,°c,21.0
2025-05-23 10:00:00,Direction du vent,Direction du vent,Deg,318.6
2025-05-23 09:00:00,Température,Température,°c,20.5
2025-05-23 09:00:00,Humidité relative,Humidité relative,%,60.8
2025-05-23 09:00:00,Direction du vent,Direction du vent,Deg,349.4
2025-05-23 09:00:00,Évapotranspiration Horaire,Évapotranspiration Horaire,mm/h,0.11
2025-05-23 09:00:00,Évapotranspiration journalière,Évapotranspiration journalière,mm/j,4.07
2025-05-23 09:00:00,Pression atmosphérique,Pression atmosphérique,hPa,980.2
2025-05-23 09:00:00,Vitesse du vent,Vitesse du vent,m/s,2.48
2025-05-23 09:00:00,Rayonnement solaire,Rayonnement solaire,W/m²,732.0
2025-05-23 09:00:00,Point de Rosée,Point de Rosée,°c,12.7
2025-05-23 07:00:00,Température,Température,°c,18.2
2025-05-23 07:00:00,Rayonnement solaire,Rayonnement solaire,W/m²,279.0
2025-05-23 07:00:00,Humidité relative,Humidité relative,%,71.0
2025-05-23 07:00:00,Point de Rosée,Point de Rosée,°c,12.9
2025-05-23 07:00:00,Évapotranspiration journalière,Évapotranspiration journalière,mm/j,4.07
2025-05-23 07:00:00,Vitesse du vent,Vitesse du vent,m/s,2.19
2025-05-23 07:00:00,Évapotranspiration Horaire,Évapotranspiration Horaire,mm/h,0.11
2025-05-23 07:00:00,Direction du vent,Direction du vent,Deg,298.5
2025-05-23 07:00:00,Pression atmosphérique,Pression atmosphérique,hPa,980.2
2025-05-23 05:00:00,Point de Rosée,Point de Rosée,°c,12.2
2025-05-23 05:00:00,Évapotranspiration journalière,Évapotranspiration journalière,mm/j,4.07
2025-05-23 05:00:00,Évapotranspiration Horaire,Évapotranspiration Horaire,mm/h,0.11
2025-05-23 05:00:00,Pression atmosphérique,Pression atmosphérique,hPa,980.0
2025-05-23 05:00:00,Rayonnement solaire,Rayonnement solaire,W/m²,0.0
2025-05-23 05:00:00,Humidité relative,Humidité relative,%,72.9
2025-05-23 05:00:00,Température,Température,°c,17.1
2025-05-23 05:00:00,Direction du vent,Direction du vent,Deg,16.5
2025-05-23 05:00:00,Vitesse du vent,Vitesse du vent,m/s,2.97
2025-05-22 07:00:00,Évapotranspiration journalière,Évapotranspiration journalière,mm/j,5.65
2025-05-22 07:00:00,Évapotranspiration Horaire,Évapotranspiration Horaire,mm/h,0.11
2025-05-22 07:00:00,Pression atmosphérique,Pression atmosphérique,hPa,983.5
2025-05-22 07:00:00,Rayonnement solaire,Rayonnement solaire,W/m²,200.0
2025-05-22 07:00:00,Point de Rosée,Point de Rosée,°c,14.6
2025-05-22 07:00:00,Humidité relative,Humidité relative,%,68.6
2025-05-22 07:00:00,Température,Température,°c,20.6
2025-05-22 07:00:00,Direction du vent,Direction du vent,Deg,355.8
2025-05-22 07:00:00,Vitesse du vent,Vitesse du vent,m/s,0.25
2025-05-22 05:00:00,Évapotranspiration journalière,Évapotranspiration journalière,mm/j,5.65
2025-05-22 05:00:00,Évapotranspiration Horaire,Évapotranspiration Horaire,mm/h,0.28
2025-05-22 05:00:00,Pression atmosphérique,Pression atmosphérique,hPa,983.8
2025-05-22 05:00:00,Rayonnement solaire,Rayonnement solaire,W/m²,0.0
2025-05-22 05:00:00,Point de Rosée,Point de Rosée,°c,13.5
2025-05-22 05:00:00,Humidité relative,Humidité relative,%,84.0
2025-05-22 05:00:00,Température,Température,°c,16.2
2025-05-22 05:00:00,Direction du vent,Direction du vent,Deg,290.7
2025-05-22 05:00:00,Vitesse du vent,Vitesse du vent,m/s,1.01
2025-05-21 17:00:00,Vitesse du vent,Vitesse du vent,m/s,3.33
2025-05-21 17:00:00,Direction du vent,Direction du vent,Deg,73.2
2025-05-21 17:00:00,Température,Température,°c,27.9
2025-05-21 17:00:00,Humidité relative,Humidité relative,%,32.5
2025-05-21 17:00:00,Point de Rosée,Point de Rosée,°c,9.9
2025-05-21 17:00:00,Rayonnement solaire,Rayonnement solaire,W/m²,366.0
2025-05-21 17:00:00,Pression atmosphérique,Pression atmosphérique,hPa,983.4
2025-05-21 17:00:00,Évapotranspiration Horaire,Évapotranspiration Horaire,mm/h,0.28
2025-05-21 17:00:00,Évapotranspiration journalière,Évapotranspiration journalière,mm/j,6.65
2025-05-21 15:00:00,Vitesse du vent,Vitesse du vent,m/s,0.99
2025-05-21 15:00:00,Direction du vent,Direction du vent,Deg,3.4
2025-05-21 15:00:00,Température,Température,°c,28.0
2025-05-21 15:00:00,Humidité relative,Humidité relative,%,39.3
2025-05-21 15:00:00,Point de Rosée,Point de Rosée,°c,12.9
2025-05-21 15:00:00,Rayonnement solaire,Rayonnement solaire,W/m²,674.0
2025-05-21 15:00:00,Pression atmosphérique,Pression atmosphérique,hPa,983.7
2025-05-21 15:00:00,Évapotranspiration Horaire,Évapotranspiration Horaire,mm/h,0.27
2025-05-21 15:00:00,Évapotranspiration journalière,Évapotranspiration journalière,mm/j,6.65
2025-05-21 13:00:00,Vitesse du vent,Vitesse du vent,m/s,1.72
2025-05-21 13:00:00,Direction du vent,Direction du vent,Deg,336.5
2025-05-21 13:00:00,Température,Température,°c,26.5
2025-05-21 13:00:00,Humidité relative,Humidité relative,%,35.9
2025-05-21 13:00:00,Point de Rosée,Point de Rosée,°c,10.2
2025-05-21 13:00:00,Rayonnement solaire,Rayonnement solaire,W/m²,861.0
2025-05-21 13:00:00,Pression atmosphérique,Pression atmosphérique,hPa,984.7
2025-05-21 13:00:00,Évapotranspiration Horaire,Évapotranspiration Horaire,mm/h,0.23
2025-05-21 13:00:00,Évapotranspiration journalière,Évapotranspiration journalière,mm/j,6.65
2025-05-21 11:00:00,Vitesse du vent,Vitesse du vent,m/s,0.9
2025-05-21 11:00:00,Direction du vent,Direction du vent,Deg,4.7
2025-05-21 11:00:00,Température,Température,°c,25.3
2025-05-21 11:00:00,Humidité relative,Humidité relative,%,38.7
2025-05-21 11:00:00,Point de Rosée,Point de Rosée,°c,10.2
2025-05-21 11:00:00,Rayonnement solaire,Rayonnement solaire,W/m²,655.0
2025-05-21 11:00:00,Pression atmosphérique,Pression atmosphérique,hPa,985.6
2025-05-21 11:00:00,Évapotranspiration Horaire,Évapotranspiration Horaire,mm/h,0.2
2025-05-21 11:00:00,Évapotranspiration journalière,Évapotranspiration journalière,mm/j,6.65
2025-05-21 09:00:00,Vitesse du vent,Vitesse du vent,m/s,1.88
2025-05-21 09:00:00,Direction du vent,Direction du vent,Deg,14.7
2025-05-21 09:00:00,Température,Température,°c,22.7
2025-05-21 09:00:00,Humidité relative,Humidité relative,%,47.6
2025-05-21 09:00:00,Point de Rosée,Point de Rosée,°c,11.0
2025-05-21 09:00:00,Rayonnement solaire,Rayonnement solaire,W/m²,630.0
2025-05-21 09:00:00,Pression atmosphérique,Pression atmosphérique,hPa,985.6
2025-05-21 09:00:00,Évapotranspiration Horaire,Évapotranspiration Horaire,mm/h,0.17
2025-05-21 09:00:00,Évapotranspiration journalière,Évapotranspiration journalière,mm/j,6.65
2025-05-21 07:00:00,Vitesse du vent,Vitesse du vent,m/s,4.16
2025-05-21 07:00:00,Direction du vent,Direction du vent,Deg,279.1
2025-05-21 07:00:00,Température,Température,°c,18.9
2025-05-21 07:00:00,Humidité relative,Humidité relative,%,54.7
2025-05-21 07:00:00,Point de Rosée,Point de Rosée,°c,9.6
2025-05-21 07:00:00,Rayonnement solaire,Rayonnement solaire,W/m²,231.0
2025-05-21 07:00:00,Pression atmosphérique,Pression atmosphérique,hPa,985.2
2025-05-21 07:00:00,Évapotranspiration Horaire,Évapotranspiration Horaire,mm/h,0.15
2025-05-21 07:00:00,Évapotranspiration journalière,Évapotranspiration journalière,mm/j,6.65
2025-05-21 05:00:00,Vitesse du vent,Vitesse du vent,m/s,3.35
2025-05-21 05:00:00,Direction du vent,Direction du vent,Deg,324.5
2025-05-21 05:00:00,Température,Température,°c,19.1
2025-05-21 05:00:00,Humidité relative,Humidité relative,%,50.8
2025-05-21 05:00:00,Point de Rosée,Point de Rosée,°c,8.7
2025-05-21 05:00:00,Rayonnement solaire,Rayonnement solaire,W/m²,0.0
2025-05-21 05:00:00,Pression atmosphérique,Pression atmosphérique,hPa,984.4
2025-05-21 05:00:00,Évapotranspiration Horaire,Évapotranspiration Horaire,mm/h,0.12
2025-05-21 05:00:00,Évapotranspiration journalière,Évapotranspiration journalière,mm/j,6.65
2025-05-20 05:00:00,Vitesse du vent,Vitesse du vent,m/s,1.06
2025-05-20 05:00:00,Direction du vent,Direction du vent,Deg,269.7
2025-05-20 05:00:00,Température,Température,°c,20.3
2025-05-20 05:00:00,Humidité relative,Humidité relative,%,49.8
2025-05-20 05:00:00,Point de Rosée,Point de Rosée,°c,9.5
2025-05-20 05:00:00,Rayonnement solaire,Rayonnement solaire,W/m²,0.0
2025-05-20 05:00:00,Pression atmosphérique,Pression atmosphérique,hPa,984.3
2025-05-20 05:00:00,Évapotranspiration Horaire,Évapotranspiration Horaire,mm/h,0.14
2025-05-20 05:00:00,Évapotranspiration journalière,Évapotranspiration journalière,mm/j,6.59
2025-05-20 03:00:00,Vitesse du vent,Vitesse du vent,m/s,1.37
2025-05-20 03:00:00,Direction du vent,Direction du vent,Deg,8.2
2025-05-20 03:00:00,Température,Température,°c,21.5
2025-05-20 03:00:00,Humidité relative,Humidité relative,%,53.9
2025-05-20 03:00:00,Point de Rosée,Point de Rosée,°c,11.8
2025-05-20 03:00:00,Rayonnement solaire,Rayonnement solaire,W/m²,0.0
2025-05-20 03:00:00,Pression atmosphérique,Pression atmosphérique,hPa,984.1
2025-05-20 03:00:00,Évapotranspiration Horaire,Évapotranspiration Horaire,mm/h,0.16
2025-05-20 03:00:00,Évapotranspiration journalière,Évapotranspiration journalière,mm/j,6.59
2025-05-20 01:00:00,Vitesse du vent,Vitesse du vent,m/s,1.09
2025-05-20 01:00:00,Direction du vent,Direction du vent,Deg,277.3
2025-05-20 01:00:00,Évapotranspiration journalière,Évapotranspiration journalière,mm/j,6.59
2025-05-20 01:00:00,Température,Température,°c,20.5
2025-05-20 01:00:00,Évapotranspiration Horaire,Évapotranspiration Horaire,mm/h,0.18
2025-05-20 01:00:00,Humidité relative,Humidité relative,%,71.5
2025-05-20 01:00:00,Pression atmosphérique,Pression atmosphérique,hPa,984.6
2025-05-20 01:00:00,Point de Rosée,Point de Rosée,°c,15.1
2025-05-20 01:00:00,Rayonnement solaire,Rayonnement solaire,W/m²,0.0
