Date,nom_ar,nom_fr,unite,valeur
2025-06-19 09:00:00,Température,Température,°c,25.7
2025-06-19 09:00:00,Direction du vent,Direction du vent,Deg,229.9
2025-06-19 09:00:00,Humidité relative,Humidité relative,%,100.0
2025-06-19 09:00:00,Vitesse du vent,Vitesse du vent,m/s,2.21
2025-06-19 09:00:00,Point de Rosée,Point de Rosée,°c,25.7
2025-06-19 09:00:00,Évapotranspiration journalière,Évapotranspiration journalière,mm/j,6.68
2025-06-19 09:00:00,Évapotranspiration Horaire,Évapotranspiration Horaire,mm/h,0.0
2025-06-19 09:00:00,Pression atmosphérique,Pression atmosphérique,hPa,966.2
2025-06-19 09:00:00,Rayonnement solaire,Rayonnement solaire,W/m²,668.0
2025-06-19 07:00:00,Humidité relative,Humidité relative,%,100.0
2025-06-19 07:00:00,Point de Rosée,Point de Rosée,°c,22.5
2025-06-19 07:00:00,Rayonnement solaire,Rayonnement solaire,W/m²,262.0
2025-06-19 07:00:00,Pression atmosphérique,Pression atmosphérique,hPa,966.2
2025-06-19 07:00:00,Évapotranspiration Horaire,Évapotranspiration Horaire,mm/h,0.0
2025-06-19 07:00:00,Évapotranspiration journalière,Évapotranspiration journalière,mm/j,6.68
2025-06-19 07:00:00,Vitesse du vent,Vitesse du vent,m/s,0.49
2025-06-19 07:00:00,Direction du vent,Direction du vent,Deg,176.3
2025-06-19 07:00:00,Température,Température,°c,22.5
2025-06-19 05:00:00,Humidité relative,Humidité relative,%,100.0
2025-06-19 05:00:00,Point de Rosée,Point de Rosée,°c,19.6
2025-06-19 05:00:00,Rayonnement solaire,Rayonnement solaire,W/m²,1.0
2025-06-19 05:00:00,Pression atmosphérique,Pression atmosphérique,hPa,966.2
2025-06-19 05:00:00,Évapotranspiration Horaire,Évapotranspiration Horaire,mm/h,0.0
2025-06-19 05:00:00,Évapotranspiration journalière,Évapotranspiration journalière,mm/j,6.68
2025-06-19 05:00:00,Vitesse du vent,Vitesse du vent,m/s,0.42
2025-06-19 05:00:00,Direction du vent,Direction du vent,Deg,7.4
2025-06-19 05:00:00,Température,Température,°c,19.6
2025-06-19 03:00:00,Humidité relative,Humidité relative,%,100.0
2025-06-19 03:00:00,Point de Rosée,Point de Rosée,°c,21.7
2025-06-19 03:00:00,Rayonnement solaire,Rayonnement solaire,W/m²,0.0
2025-06-19 03:00:00,Pression atmosphérique,Pression atmosphérique,hPa,966.2
2025-06-19 03:00:00,Évapotranspiration Horaire,Évapotranspiration Horaire,mm/h,0.0
2025-06-19 03:00:00,Évapotranspiration journalière,Évapotranspiration journalière,mm/j,6.68
2025-06-19 03:00:00,Vitesse du vent,Vitesse du vent,m/s,0.47
2025-06-19 03:00:00,Direction du vent,Direction du vent,Deg,61.4
2025-06-19 03:00:00,Température,Température,°c,21.7
2025-06-19 01:00:00,Humidité relative,Humidité relative,%,100.0
2025-06-19 01:00:00,Point de Rosée,Point de Rosée,°c,23.0
2025-06-19 01:00:00,Rayonnement solaire,Rayonnement solaire,W/m²,0.0
2025-06-19 01:00:00,Pression atmosphérique,Pression atmosphérique,hPa,966.2
2025-06-19 01:00:00,Évapotranspiration Horaire,Évapotranspiration Horaire,mm/h,0.0
2025-06-19 01:00:00,Évapotranspiration journalière,Évapotranspiration journalière,mm/j,6.68
2025-06-19 01:00:00,Vitesse du vent,Vitesse du vent,m/s,0.73
2025-06-19 01:00:00,Direction du vent,Direction du vent,Deg,98.2
2025-06-19 01:00:00,Température,Température,°c,23.0
2025-06-18 23:00:00,Température,Température,°c,24.3
2025-06-18 23:00:00,Direction du vent,Direction du vent,Deg,88.5
2025-06-18 23:00:00,Vitesse du vent,Vitesse du vent,m/s,1.34
2025-06-18 23:00:00,Évapotranspiration journalière,Évapotranspiration journalière,mm/j,7.32
2025-06-18 23:00:00,Évapotranspiration Horaire,Évapotranspiration Horaire,mm/h,0.0
2025-06-18 23:00:00,Pression atmosphérique,Pression atmosphérique,hPa,966.2
2025-06-18 23:00:00,Rayonnement solaire,Rayonnement solaire,W/m²,0.0
2025-06-18 23:00:00,Point de Rosée,Point de Rosée,°c,24.3
2025-06-18 23:00:00,Humidité relative,Humidité relative,%,100.0
2025-06-18 21:00:00,Température,Température,°c,26.2
2025-06-18 21:00:00,Direction du vent,Direction du vent,Deg,125.3
2025-06-18 21:00:00,Vitesse du vent,Vitesse du vent,m/s,3.02
2025-06-18 21:00:00,Évapotranspiration journalière,Évapotranspiration journalière,mm/j,7.32
2025-06-18 21:00:00,Évapotranspiration Horaire,Évapotranspiration Horaire,mm/h,0.0
2025-06-18 21:00:00,Pression atmosphérique,Pression atmosphérique,hPa,966.2
2025-06-18 21:00:00,Rayonnement solaire,Rayonnement solaire,W/m²,0.0
2025-06-18 21:00:00,Point de Rosée,Point de Rosée,°c,26.2
2025-06-18 21:00:00,Humidité relative,Humidité relative,%,100.0
2025-06-18 19:00:00,Température,Température,°c,29.2
2025-06-18 19:00:00,Direction du vent,Direction du vent,Deg,148.8
2025-06-18 19:00:00,Vitesse du vent,Vitesse du vent,m/s,4.93
2025-06-18 19:00:00,Évapotranspiration journalière,Évapotranspiration journalière,mm/j,7.32
2025-06-18 19:00:00,Évapotranspiration Horaire,Évapotranspiration Horaire,mm/h,0.0
2025-06-18 19:00:00,Pression atmosphérique,Pression atmosphérique,hPa,966.2
2025-06-18 19:00:00,Rayonnement solaire,Rayonnement solaire,W/m²,40.0
2025-06-18 19:00:00,Point de Rosée,Point de Rosée,°c,29.2
2025-06-18 19:00:00,Humidité relative,Humidité relative,%,100.0
2025-06-18 17:00:00,Température,Température,°c,36.3
2025-06-18 17:00:00,Direction du vent,Direction du vent,Deg,348.7
2025-06-18 17:00:00,Vitesse du vent,Vitesse du vent,m/s,3.93
2025-06-18 17:00:00,Évapotranspiration journalière,Évapotranspiration journalière,mm/j,7.32
2025-06-18 17:00:00,Évapotranspiration Horaire,Évapotranspiration Horaire,mm/h,0.0
2025-06-18 17:00:00,Pression atmosphérique,Pression atmosphérique,hPa,966.2
2025-06-18 17:00:00,Rayonnement solaire,Rayonnement solaire,W/m²,434.0
2025-06-18 17:00:00,Point de Rosée,Point de Rosée,°c,36.3
2025-06-18 17:00:00,Humidité relative,Humidité relative,%,100.0
2025-06-18 15:00:00,Température,Température,°c,36.0
2025-06-18 15:00:00,Direction du vent,Direction du vent,Deg,278.8
2025-06-18 15:00:00,Vitesse du vent,Vitesse du vent,m/s,1.07
2025-06-18 15:00:00,Évapotranspiration journalière,Évapotranspiration journalière,mm/j,7.32
2025-06-18 15:00:00,Évapotranspiration Horaire,Évapotranspiration Horaire,mm/h,0.0
2025-06-18 15:00:00,Pression atmosphérique,Pression atmosphérique,hPa,966.2
2025-06-18 15:00:00,Rayonnement solaire,Rayonnement solaire,W/m²,814.0
2025-06-18 15:00:00,Point de Rosée,Point de Rosée,°c,36.0
2025-06-18 15:00:00,Humidité relative,Humidité relative,%,100.0
2025-06-18 13:00:00,Température,Température,°c,34.4
2025-06-18 13:00:00,Direction du vent,Direction du vent,Deg,119.2
2025-06-18 13:00:00,Vitesse du vent,Vitesse du vent,m/s,2.51
2025-06-18 13:00:00,Évapotranspiration journalière,Évapotranspiration journalière,mm/j,7.32
2025-06-18 13:00:00,Évapotranspiration Horaire,Évapotranspiration Horaire,mm/h,0.0
2025-06-18 13:00:00,Pression atmosphérique,Pression atmosphérique,hPa,966.2
2025-06-18 13:00:00,Rayonnement solaire,Rayonnement solaire,W/m²,973.0
2025-06-18 13:00:00,Point de Rosée,Point de Rosée,°c,34.4
2025-06-18 13:00:00,Humidité relative,Humidité relative,%,100.0
2025-06-18 11:00:00,Température,Température,°c,32.7
2025-06-18 11:00:00,Direction du vent,Direction du vent,Deg,23.1
2025-06-18 11:00:00,Vitesse du vent,Vitesse du vent,m/s,1.02
2025-06-18 11:00:00,Évapotranspiration journalière,Évapotranspiration journalière,mm/j,7.32
2025-06-18 11:00:00,Évapotranspiration Horaire,Évapotranspiration Horaire,mm/h,0.0
2025-06-18 11:00:00,Pression atmosphérique,Pression atmosphérique,hPa,966.2
2025-06-18 11:00:00,Rayonnement solaire,Rayonnement solaire,W/m²,927.0
2025-06-18 11:00:00,Point de Rosée,Point de Rosée,°c,32.7
2025-06-18 11:00:00,Humidité relative,Humidité relative,%,100.0
2025-06-18 09:00:00,Température,Température,°c,29.3
2025-06-18 09:00:00,Direction du vent,Direction du vent,Deg,134.2
2025-06-18 09:00:00,Vitesse du vent,Vitesse du vent,m/s,0.52
2025-06-18 09:00:00,Évapotranspiration journalière,Évapotranspiration journalière,mm/j,7.32
2025-06-18 09:00:00,Évapotranspiration Horaire,Évapotranspiration Horaire,mm/h,0.0
2025-06-18 09:00:00,Pression atmosphérique,Pression atmosphérique,hPa,966.2
2025-06-18 09:00:00,Rayonnement solaire,Rayonnement solaire,W/m²,642.0
2025-06-18 09:00:00,Point de Rosée,Point de Rosée,°c,29.3
2025-06-18 09:00:00,Humidité relative,Humidité relative,%,100.0
2025-06-18 07:00:00,Température,Température,°c,23.7
2025-06-18 07:00:00,Direction du vent,Direction du vent,Deg,278.9
2025-06-18 07:00:00,Vitesse du vent,Vitesse du vent,m/s,2.14
2025-06-18 07:00:00,Évapotranspiration journalière,Évapotranspiration journalière,mm/j,7.32
2025-06-18 07:00:00,Évapotranspiration Horaire,Évapotranspiration Horaire,mm/h,0.0
2025-06-18 07:00:00,Pression atmosphérique,Pression atmosphérique,hPa,966.2
2025-06-18 07:00:00,Rayonnement solaire,Rayonnement solaire,W/m²,249.0
2025-06-18 07:00:00,Point de Rosée,Point de Rosée,°c,23.7
2025-06-18 07:00:00,Humidité relative,Humidité relative,%,100.0
2025-06-18 05:00:00,Température,Température,°c,20.5
2025-06-18 05:00:00,Direction du vent,Direction du vent,Deg,202.6
2025-06-18 05:00:00,Vitesse du vent,Vitesse du vent,m/s,0.56
2025-06-18 05:00:00,Évapotranspiration journalière,Évapotranspiration journalière,mm/j,7.32
2025-06-18 05:00:00,Évapotranspiration Horaire,Évapotranspiration Horaire,mm/h,0.0
2025-06-18 05:00:00,Pression atmosphérique,Pression atmosphérique,hPa,966.2
2025-06-18 05:00:00,Rayonnement solaire,Rayonnement solaire,W/m²,2.0
2025-06-18 05:00:00,Point de Rosée,Point de Rosée,°c,20.5
2025-06-18 05:00:00,Humidité relative,Humidité relative,%,100.0
2025-06-18 03:00:00,Température,Température,°c,22.3
2025-06-18 03:00:00,Direction du vent,Direction du vent,Deg,351.7
2025-06-18 03:00:00,Vitesse du vent,Vitesse du vent,m/s,0.43
2025-06-18 03:00:00,Évapotranspiration journalière,Évapotranspiration journalière,mm/j,7.32
2025-06-18 03:00:00,Évapotranspiration Horaire,Évapotranspiration Horaire,mm/h,0.0
2025-06-18 03:00:00,Pression atmosphérique,Pression atmosphérique,hPa,966.2
2025-06-18 03:00:00,Rayonnement solaire,Rayonnement solaire,W/m²,0.0
2025-06-18 03:00:00,Point de Rosée,Point de Rosée,°c,16.3
2025-06-18 03:00:00,Humidité relative,Humidité relative,%,68.8
2025-06-18 01:00:00,Température,Température,°c,24.3
2025-06-18 01:00:00,Direction du vent,Direction du vent,Deg,302.9
2025-06-18 01:00:00,Vitesse du vent,Vitesse du vent,m/s,0.63
2025-06-18 01:00:00,Évapotranspiration journalière,Évapotranspiration journalière,mm/j,7.32
2025-06-18 01:00:00,Évapotranspiration Horaire,Évapotranspiration Horaire,mm/h,0.0
2025-06-18 01:00:00,Pression atmosphérique,Pression atmosphérique,hPa,966.2
2025-06-18 01:00:00,Rayonnement solaire,Rayonnement solaire,W/m²,0.0
2025-06-18 01:00:00,Point de Rosée,Point de Rosée,°c,24.3
2025-06-18 01:00:00,Humidité relative,Humidité relative,%,100.0
2025-06-17 23:00:00,Température,Température,°c,27.4
2025-06-17 23:00:00,Direction du vent,Direction du vent,Deg,93.8
2025-06-17 23:00:00,Vitesse du vent,Vitesse du vent,m/s,1.57
2025-06-17 23:00:00,Évapotranspiration journalière,Évapotranspiration journalière,mm/j,7.79
2025-06-17 23:00:00,Évapotranspiration Horaire,Évapotranspiration Horaire,mm/h,0.0
2025-06-17 23:00:00,Pression atmosphérique,Pression atmosphérique,hPa,966.2
2025-06-17 23:00:00,Rayonnement solaire,Rayonnement solaire,W/m²,0.0
2025-06-17 23:00:00,Point de Rosée,Point de Rosée,°c,27.4
2025-06-17 23:00:00,Humidité relative,Humidité relative,%,100.0
2025-06-17 21:00:00,Température,Température,°c,29.7
2025-06-17 21:00:00,Direction du vent,Direction du vent,Deg,106.8
2025-06-17 21:00:00,Vitesse du vent,Vitesse du vent,m/s,2.98
2025-06-17 21:00:00,Évapotranspiration journalière,Évapotranspiration journalière,mm/j,7.79
2025-06-17 21:00:00,Évapotranspiration Horaire,Évapotranspiration Horaire,mm/h,0.0
2025-06-17 21:00:00,Pression atmosphérique,Pression atmosphérique,hPa,966.2
2025-06-17 21:00:00,Rayonnement solaire,Rayonnement solaire,W/m²,0.0
2025-06-17 21:00:00,Point de Rosée,Point de Rosée,°c,29.7
2025-06-17 21:00:00,Humidité relative,Humidité relative,%,100.0
2025-06-17 19:00:00,Température,Température,°c,34.3
2025-06-17 19:00:00,Direction du vent,Direction du vent,Deg,106.8
2025-06-17 19:00:00,Vitesse du vent,Vitesse du vent,m/s,4.97
2025-06-17 19:00:00,Évapotranspiration journalière,Évapotranspiration journalière,mm/j,7.79
2025-06-17 19:00:00,Évapotranspiration Horaire,Évapotranspiration Horaire,mm/h,0.0
2025-06-17 19:00:00,Pression atmosphérique,Pression atmosphérique,hPa,966.2
2025-06-17 19:00:00,Rayonnement solaire,Rayonnement solaire,W/m²,43.0
2025-06-17 19:00:00,Point de Rosée,Point de Rosée,°c,34.3
2025-06-17 19:00:00,Humidité relative,Humidité relative,%,100.0
2025-06-17 17:00:00,Température,Température,°c,37.2
2025-06-17 17:00:00,Direction du vent,Direction du vent,Deg,210.3
2025-06-17 17:00:00,Vitesse du vent,Vitesse du vent,m/s,2.77
2025-06-17 17:00:00,Évapotranspiration journalière,Évapotranspiration journalière,mm/j,7.79
2025-06-17 17:00:00,Évapotranspiration Horaire,Évapotranspiration Horaire,mm/h,0.0
2025-06-17 17:00:00,Pression atmosphérique,Pression atmosphérique,hPa,966.2
2025-06-17 17:00:00,Rayonnement solaire,Rayonnement solaire,W/m²,183.0
2025-06-17 17:00:00,Point de Rosée,Point de Rosée,°c,9.6
2025-06-17 17:00:00,Humidité relative,Humidité relative,%,18.8
2025-06-17 15:00:00,Température,Température,°c,37.9
2025-06-17 15:00:00,Direction du vent,Direction du vent,Deg,326.7
2025-06-17 15:00:00,Vitesse du vent,Vitesse du vent,m/s,1.34
2025-06-17 15:00:00,Évapotranspiration journalière,Évapotranspiration journalière,mm/j,7.79
2025-06-17 15:00:00,Évapotranspiration Horaire,Évapotranspiration Horaire,mm/h,0.0
2025-06-17 15:00:00,Pression atmosphérique,Pression atmosphérique,hPa,966.2
2025-06-17 15:00:00,Rayonnement solaire,Rayonnement solaire,W/m²,197.0
2025-06-17 15:00:00,Point de Rosée,Point de Rosée,°c,22.2
2025-06-17 15:00:00,Humidité relative,Humidité relative,%,40.8
2025-06-17 13:00:00,Température,Température,°c,37.0
2025-06-17 13:00:00,Direction du vent,Direction du vent,Deg,195.2
2025-06-17 13:00:00,Vitesse du vent,Vitesse du vent,m/s,0.8
2025-06-17 13:00:00,Évapotranspiration journalière,Évapotranspiration journalière,mm/j,7.79
2025-06-17 13:00:00,Évapotranspiration Horaire,Évapotranspiration Horaire,mm/h,0.0
2025-06-17 13:00:00,Pression atmosphérique,Pression atmosphérique,hPa,966.2
2025-06-17 13:00:00,Rayonnement solaire,Rayonnement solaire,W/m²,966.0
2025-06-17 13:00:00,Point de Rosée,Point de Rosée,°c,7.8
2025-06-17 13:00:00,Humidité relative,Humidité relative,%,16.9
2025-06-17 11:00:00,Température,Température,°c,34.9
2025-06-17 11:00:00,Direction du vent,Direction du vent,Deg,261.9
2025-06-17 11:00:00,Vitesse du vent,Vitesse du vent,m/s,1.62
2025-06-17 11:00:00,Évapotranspiration journalière,Évapotranspiration journalière,mm/j,7.79
2025-06-17 11:00:00,Évapotranspiration Horaire,Évapotranspiration Horaire,mm/h,0.0
2025-06-17 11:00:00,Pression atmosphérique,Pression atmosphérique,hPa,966.2
2025-06-17 11:00:00,Rayonnement solaire,Rayonnement solaire,W/m²,912.0
2025-06-17 11:00:00,Point de Rosée,Point de Rosée,°c,16.7
2025-06-17 11:00:00,Humidité relative,Humidité relative,%,34.0
2025-06-17 09:00:00,Évapotranspiration Horaire,Évapotranspiration Horaire,mm/h,0.0
2025-06-17 09:00:00,Température,Température,°c,32.7
2025-06-17 09:00:00,Direction du vent,Direction du vent,Deg,11.9
2025-06-17 09:00:00,Vitesse du vent,Vitesse du vent,m/s,0.96
2025-06-17 09:00:00,Évapotranspiration journalière,Évapotranspiration journalière,mm/j,7.79
2025-06-17 09:00:00,Pression atmosphérique,Pression atmosphérique,hPa,966.2
2025-06-17 09:00:00,Rayonnement solaire,Rayonnement solaire,W/m²,635.0
2025-06-17 09:00:00,Point de Rosée,Point de Rosée,°c,16.2
2025-06-17 09:00:00,Humidité relative,Humidité relative,%,37.4
2025-06-17 07:00:00,Température,Température,°c,25.7
2025-06-17 07:00:00,Direction du vent,Direction du vent,Deg,228.4
2025-06-17 07:00:00,Vitesse du vent,Vitesse du vent,m/s,0.95
2025-06-17 07:00:00,Évapotranspiration journalière,Évapotranspiration journalière,mm/j,7.79
2025-06-17 07:00:00,Évapotranspiration Horaire,Évapotranspiration Horaire,mm/h,0.0
2025-06-17 07:00:00,Pression atmosphérique,Pression atmosphérique,hPa,966.2
2025-06-17 07:00:00,Rayonnement solaire,Rayonnement solaire,W/m²,253.0
2025-06-17 07:00:00,Point de Rosée,Point de Rosée,°c,12.7
2025-06-17 07:00:00,Humidité relative,Humidité relative,%,44.5
2025-06-17 05:00:00,Température,Température,°c,21.5
2025-06-17 05:00:00,Direction du vent,Direction du vent,Deg,344.9
2025-06-17 05:00:00,Vitesse du vent,Vitesse du vent,m/s,0.41
2025-06-17 05:00:00,Évapotranspiration journalière,Évapotranspiration journalière,mm/j,7.79
2025-06-17 05:00:00,Évapotranspiration Horaire,Évapotranspiration Horaire,mm/h,0.0
2025-06-17 05:00:00,Pression atmosphérique,Pression atmosphérique,hPa,966.2
2025-06-17 05:00:00,Rayonnement solaire,Rayonnement solaire,W/m²,1.0
2025-06-17 05:00:00,Point de Rosée,Point de Rosée,°c,10.3
2025-06-17 05:00:00,Humidité relative,Humidité relative,%,48.9
2025-06-16 18:00:00,Température,Température,°c,36.4
2025-06-16 18:00:00,Direction du vent,Direction du vent,Deg,91.7
2025-06-16 18:00:00,Vitesse du vent,Vitesse du vent,m/s,2.17
2025-06-16 18:00:00,Évapotranspiration journalière,Évapotranspiration journalière,mm/j,5.88
2025-06-16 18:00:00,Évapotranspiration Horaire,Évapotranspiration Horaire,mm/h,0.0
2025-06-16 18:00:00,Pression atmosphérique,Pression atmosphérique,hPa,966.2
2025-06-16 18:00:00,Rayonnement solaire,Rayonnement solaire,W/m²,201.0
2025-06-16 18:00:00,Point de Rosée,Point de Rosée,°c,25.7
2025-06-16 18:00:00,Humidité relative,Humidité relative,%,54.4
2025-06-16 16:00:00,Humidité relative,Humidité relative,%,100.0
2025-06-16 16:00:00,Température,Température,°c,38.2
2025-06-16 16:00:00,Direction du vent,Direction du vent,Deg,81.2
2025-06-16 16:00:00,Vitesse du vent,Vitesse du vent,m/s,2.49
2025-06-16 16:00:00,Évapotranspiration journalière,Évapotranspiration journalière,mm/j,5.88
2025-06-16 16:00:00,Évapotranspiration Horaire,Évapotranspiration Horaire,mm/h,0.0
2025-06-16 16:00:00,Pression atmosphérique,Pression atmosphérique,hPa,966.2
2025-06-16 16:00:00,Rayonnement solaire,Rayonnement solaire,W/m²,608.0
2025-06-16 16:00:00,Point de Rosée,Point de Rosée,°c,38.2
2025-06-16 14:00:00,Température,Température,°c,37.9
2025-06-16 14:00:00,Direction du vent,Direction du vent,Deg,79.2
2025-06-16 14:00:00,Vitesse du vent,Vitesse du vent,m/s,1.18
2025-06-16 14:00:00,Évapotranspiration journalière,Évapotranspiration journalière,mm/j,5.88
2025-06-16 14:00:00,Évapotranspiration Horaire,Évapotranspiration Horaire,mm/h,0.0
2025-06-16 14:00:00,Pression atmosphérique,Pression atmosphérique,hPa,966.2
2025-06-16 14:00:00,Rayonnement solaire,Rayonnement solaire,W/m²,890.0
2025-06-16 14:00:00,Point de Rosée,Point de Rosée,°c,16.0
2025-06-16 14:00:00,Humidité relative,Humidité relative,%,27.6
2025-06-16 12:00:00,Température,Température,°c,35.4
2025-06-16 12:00:00,Direction du vent,Direction du vent,Deg,91.8
2025-06-16 12:00:00,Vitesse du vent,Vitesse du vent,m/s,3.23
2025-06-16 12:00:00,Évapotranspiration journalière,Évapotranspiration journalière,mm/j,5.88
2025-06-16 12:00:00,Évapotranspiration Horaire,Évapotranspiration Horaire,mm/h,0.0
2025-06-16 12:00:00,Pression atmosphérique,Pression atmosphérique,hPa,966.2
2025-06-16 12:00:00,Rayonnement solaire,Rayonnement solaire,W/m²,982.0
2025-06-16 12:00:00,Point de Rosée,Point de Rosée,°c,15.7
2025-06-16 12:00:00,Humidité relative,Humidité relative,%,31.1
2025-06-16 10:00:00,Température,Température,°c,32.6
2025-06-16 10:00:00,Direction du vent,Direction du vent,Deg,346.3
2025-06-16 10:00:00,Vitesse du vent,Vitesse du vent,m/s,0.38
2025-06-16 10:00:00,Évapotranspiration journalière,Évapotranspiration journalière,mm/j,5.88
2025-06-16 10:00:00,Évapotranspiration Horaire,Évapotranspiration Horaire,mm/h,0.0
2025-06-16 10:00:00,Pression atmosphérique,Pression atmosphérique,hPa,966.2
2025-06-16 10:00:00,Rayonnement solaire,Rayonnement solaire,W/m²,809.0
2025-06-16 10:00:00,Point de Rosée,Point de Rosée,°c,26.2
2025-06-16 10:00:00,Humidité relative,Humidité relative,%,69.3
2025-06-16 08:00:00,Température,Température,°c,28.0
2025-06-16 08:00:00,Humidité relative,Humidité relative,%,100.0
2025-06-16 08:00:00,Point de Rosée,Point de Rosée,°c,28.0
2025-06-16 08:00:00,Rayonnement solaire,Rayonnement solaire,W/m²,458.0
2025-06-16 08:00:00,Pression atmosphérique,Pression atmosphérique,hPa,966.2
2025-06-16 08:00:00,Évapotranspiration Horaire,Évapotranspiration Horaire,mm/h,0.0
2025-06-16 08:00:00,Évapotranspiration journalière,Évapotranspiration journalière,mm/j,5.88
2025-06-16 08:00:00,Vitesse du vent,Vitesse du vent,m/s,0.35
2025-06-16 08:00:00,Direction du vent,Direction du vent,Deg,274.8
2025-06-16 06:00:00,Humidité relative,Humidité relative,%,100.0
2025-06-16 06:00:00,Température,Température,°c,20.9
2025-06-16 06:00:00,Direction du vent,Direction du vent,Deg,275.8
2025-06-16 06:00:00,Vitesse du vent,Vitesse du vent,m/s,0.99
2025-06-16 06:00:00,Évapotranspiration journalière,Évapotranspiration journalière,mm/j,5.88
2025-06-16 06:00:00,Évapotranspiration Horaire,Évapotranspiration Horaire,mm/h,0.0
2025-06-16 06:00:00,Pression atmosphérique,Pression atmosphérique,hPa,966.2
2025-06-16 06:00:00,Rayonnement solaire,Rayonnement solaire,W/m²,78.0
2025-06-16 06:00:00,Point de Rosée,Point de Rosée,°c,20.9
2025-06-16 04:00:00,Point de Rosée,Point de Rosée,°c,20.3
2025-06-16 04:00:00,Température,Température,°c,20.3
2025-06-16 04:00:00,Direction du vent,Direction du vent,Deg,253.7
2025-06-16 04:00:00,Vitesse du vent,Vitesse du vent,m/s,0.99
2025-06-16 04:00:00,Évapotranspiration journalière,Évapotranspiration journalière,mm/j,5.88
2025-06-16 04:00:00,Évapotranspiration Horaire,Évapotranspiration Horaire,mm/h,0.0
2025-06-16 04:00:00,Pression atmosphérique,Pression atmosphérique,hPa,966.2
2025-06-16 04:00:00,Rayonnement solaire,Rayonnement solaire,W/m²,0.0
2025-06-16 04:00:00,Humidité relative,Humidité relative,%,100.0
2025-06-15 06:00:00,Humidité relative,Humidité relative,%,100.0
2025-06-15 06:00:00,Point de Rosée,Point de Rosée,°c,19.6
2025-06-15 06:00:00,Rayonnement solaire,Rayonnement solaire,W/m²,80.0
2025-06-15 06:00:00,Pression atmosphérique,Pression atmosphérique,hPa,966.2
2025-06-15 06:00:00,Évapotranspiration Horaire,Évapotranspiration Horaire,mm/h,0.0
2025-06-15 06:00:00,Évapotranspiration journalière,Évapotranspiration journalière,mm/j,6.79
2025-06-15 06:00:00,Vitesse du vent,Vitesse du vent,m/s,0.84
2025-06-15 06:00:00,Direction du vent,Direction du vent,Deg,222.6
2025-06-15 06:00:00,Température,Température,°c,19.6
2025-06-15 02:00:00,Température,Température,°c,20.3
2025-06-15 02:00:00,Direction du vent,Direction du vent,Deg,188.6
2025-06-15 02:00:00,Vitesse du vent,Vitesse du vent,m/s,0.6
2025-06-15 02:00:00,Évapotranspiration journalière,Évapotranspiration journalière,mm/j,6.79
2025-06-15 02:00:00,Évapotranspiration Horaire,Évapotranspiration Horaire,mm/h,0.0
2025-06-15 02:00:00,Pression atmosphérique,Pression atmosphérique,hPa,966.2
2025-06-15 02:00:00,Rayonnement solaire,Rayonnement solaire,W/m²,0.0
2025-06-15 02:00:00,Point de Rosée,Point de Rosée,°c,20.3
2025-06-15 02:00:00,Humidité relative,Humidité relative,%,100.0
2025-06-15 00:00:00,Direction du vent,Direction du vent,Deg,209.9
2025-06-15 00:00:00,Humidité relative,Humidité relative,%,100.0
2025-06-15 00:00:00,Point de Rosée,Point de Rosée,°c,22.6
2025-06-15 00:00:00,Rayonnement solaire,Rayonnement solaire,W/m²,0.0
2025-06-15 00:00:00,Pression atmosphérique,Pression atmosphérique,hPa,966.2
2025-06-15 00:00:00,Évapotranspiration Horaire,Évapotranspiration Horaire,mm/h,0.0
2025-06-15 00:00:00,Évapotranspiration journalière,Évapotranspiration journalière,mm/j,6.81
2025-06-15 00:00:00,Vitesse du vent,Vitesse du vent,m/s,0.58
2025-06-15 00:00:00,Température,Température,°c,22.6
2025-06-14 22:00:00,Température,Température,°c,26.1
2025-06-14 22:00:00,Humidité relative,Humidité relative,%,100.0
2025-06-14 22:00:00,Point de Rosée,Point de Rosée,°c,26.1
2025-06-14 22:00:00,Rayonnement solaire,Rayonnement solaire,W/m²,0.0
2025-06-14 22:00:00,Pression atmosphérique,Pression atmosphérique,hPa,966.2
2025-06-14 22:00:00,Évapotranspiration Horaire,Évapotranspiration Horaire,mm/h,0.0
2025-06-14 22:00:00,Évapotranspiration journalière,Évapotranspiration journalière,mm/j,6.81
2025-06-14 22:00:00,Vitesse du vent,Vitesse du vent,m/s,0.37
2025-06-14 22:00:00,Direction du vent,Direction du vent,Deg,34.1
2025-06-14 20:00:00,Humidité relative,Humidité relative,%,100.0
2025-06-14 20:00:00,Point de Rosée,Point de Rosée,°c,29.4
2025-06-14 20:00:00,Rayonnement solaire,Rayonnement solaire,W/m²,0.0
2025-06-14 20:00:00,Pression atmosphérique,Pression atmosphérique,hPa,966.2
2025-06-14 20:00:00,Évapotranspiration Horaire,Évapotranspiration Horaire,mm/h,0.0
2025-06-14 20:00:00,Évapotranspiration journalière,Évapotranspiration journalière,mm/j,6.81
2025-06-14 20:00:00,Vitesse du vent,Vitesse du vent,m/s,3.59
2025-06-14 20:00:00,Direction du vent,Direction du vent,Deg,133.8
2025-06-14 20:00:00,Température,Température,°c,29.4
2025-06-14 18:00:00,Température,Température,°c,33.9
2025-06-14 18:00:00,Humidité relative,Humidité relative,%,100.0
2025-06-14 18:00:00,Point de Rosée,Point de Rosée,°c,33.9
2025-06-14 18:00:00,Rayonnement solaire,Rayonnement solaire,W/m²,212.0
2025-06-14 18:00:00,Pression atmosphérique,Pression atmosphérique,hPa,966.2
2025-06-14 18:00:00,Évapotranspiration Horaire,Évapotranspiration Horaire,mm/h,0.0
2025-06-14 18:00:00,Évapotranspiration journalière,Évapotranspiration journalière,mm/j,6.81
2025-06-14 18:00:00,Vitesse du vent,Vitesse du vent,m/s,1.89
2025-06-14 18:00:00,Direction du vent,Direction du vent,Deg,93.4
2025-06-14 16:00:00,Température,Température,°c,34.6
2025-06-14 16:00:00,Vitesse du vent,Vitesse du vent,m/s,2.38
2025-06-14 16:00:00,Évapotranspiration journalière,Évapotranspiration journalière,mm/j,6.81
2025-06-14 16:00:00,Évapotranspiration Horaire,Évapotranspiration Horaire,mm/h,0.0
2025-06-14 16:00:00,Pression atmosphérique,Pression atmosphérique,hPa,966.2
2025-06-14 16:00:00,Rayonnement solaire,Rayonnement solaire,W/m²,622.0
2025-06-14 16:00:00,Point de Rosée,Point de Rosée,°c,19.7
2025-06-14 16:00:00,Direction du vent,Direction du vent,Deg,125.4
2025-06-14 16:00:00,Humidité relative,Humidité relative,%,41.8
2025-06-14 14:00:00,Humidité relative,Humidité relative,%,39.8
2025-06-14 14:00:00,Point de Rosée,Point de Rosée,°c,18.8
2025-06-14 14:00:00,Rayonnement solaire,Rayonnement solaire,W/m²,930.0
2025-06-14 14:00:00,Pression atmosphérique,Pression atmosphérique,hPa,966.2
2025-06-14 14:00:00,Évapotranspiration Horaire,Évapotranspiration Horaire,mm/h,0.0
2025-06-14 14:00:00,Évapotranspiration journalière,Évapotranspiration journalière,mm/j,6.81
2025-06-14 14:00:00,Vitesse du vent,Vitesse du vent,m/s,3.06
2025-06-14 14:00:00,Direction du vent,Direction du vent,Deg,68.3
2025-06-14 14:00:00,Température,Température,°c,34.4
2025-06-14 12:00:00,Humidité relative,Humidité relative,%,100.0
2025-06-14 12:00:00,Température,Température,°c,32.2
2025-06-14 12:00:00,Direction du vent,Direction du vent,Deg,128.9
2025-06-14 12:00:00,Vitesse du vent,Vitesse du vent,m/s,0.99
2025-06-14 12:00:00,Évapotranspiration journalière,Évapotranspiration journalière,mm/j,6.81
2025-06-14 12:00:00,Évapotranspiration Horaire,Évapotranspiration Horaire,mm/h,0.0
2025-06-14 12:00:00,Pression atmosphérique,Pression atmosphérique,hPa,966.2
2025-06-14 12:00:00,Rayonnement solaire,Rayonnement solaire,W/m²,1011.0
2025-06-14 12:00:00,Point de Rosée,Point de Rosée,°c,32.2
2025-06-14 10:00:00,Point de Rosée,Point de Rosée,°c,30.3
2025-06-14 10:00:00,Température,Température,°c,30.3
2025-06-14 10:00:00,Direction du vent,Direction du vent,Deg,259.4
2025-06-14 10:00:00,Vitesse du vent,Vitesse du vent,m/s,0.27
2025-06-14 10:00:00,Évapotranspiration journalière,Évapotranspiration journalière,mm/j,6.81
2025-06-14 10:00:00,Évapotranspiration Horaire,Évapotranspiration Horaire,mm/h,0.0
2025-06-14 10:00:00,Pression atmosphérique,Pression atmosphérique,hPa,966.2
2025-06-14 10:00:00,Rayonnement solaire,Rayonnement solaire,W/m²,838.0
2025-06-14 10:00:00,Humidité relative,Humidité relative,%,100.0
2025-06-14 08:00:00,Température,Température,°c,25.7
2025-06-14 08:00:00,Humidité relative,Humidité relative,%,100.0
2025-06-14 08:00:00,Point de Rosée,Point de Rosée,°c,25.7
2025-06-14 08:00:00,Rayonnement solaire,Rayonnement solaire,W/m²,484.0
2025-06-14 08:00:00,Pression atmosphérique,Pression atmosphérique,hPa,966.2
2025-06-14 08:00:00,Évapotranspiration Horaire,Évapotranspiration Horaire,mm/h,0.0
2025-06-14 08:00:00,Évapotranspiration journalière,Évapotranspiration journalière,mm/j,6.81
2025-06-14 08:00:00,Vitesse du vent,Vitesse du vent,m/s,0.37
2025-06-14 08:00:00,Direction du vent,Direction du vent,Deg,346.3
2025-06-14 06:00:00,Température,Température,°c,18.1
2025-06-14 06:00:00,Direction du vent,Direction du vent,Deg,243.1
2025-06-14 06:00:00,Vitesse du vent,Vitesse du vent,m/s,1.29
2025-06-14 06:00:00,Évapotranspiration journalière,Évapotranspiration journalière,mm/j,6.81
2025-06-14 06:00:00,Évapotranspiration Horaire,Évapotranspiration Horaire,mm/h,0.0
2025-06-14 06:00:00,Pression atmosphérique,Pression atmosphérique,hPa,966.2
2025-06-14 06:00:00,Rayonnement solaire,Rayonnement solaire,W/m²,85.0
2025-06-14 06:00:00,Point de Rosée,Point de Rosée,°c,18.1
2025-06-14 06:00:00,Humidité relative,Humidité relative,%,100.0
2025-06-14 04:00:00,Température,Température,°c,18.4
2025-06-14 04:00:00,Direction du vent,Direction du vent,Deg,274.3
2025-06-14 04:00:00,Vitesse du vent,Vitesse du vent,m/s,0.34
2025-06-14 04:00:00,Évapotranspiration journalière,Évapotranspiration journalière,mm/j,6.81
2025-06-14 04:00:00,Évapotranspiration Horaire,Évapotranspiration Horaire,mm/h,0.0
2025-06-14 04:00:00,Pression atmosphérique,Pression atmosphérique,hPa,966.2
2025-06-14 04:00:00,Rayonnement solaire,Rayonnement solaire,W/m²,0.0
2025-06-14 04:00:00,Point de Rosée,Point de Rosée,°c,18.4
2025-06-14 04:00:00,Humidité relative,Humidité relative,%,100.0
2025-06-14 02:00:00,Température,Température,°c,19.3
2025-06-14 02:00:00,Vitesse du vent,Vitesse du vent,m/s,0.77
2025-06-14 02:00:00,Évapotranspiration journalière,Évapotranspiration journalière,mm/j,6.81
2025-06-14 02:00:00,Évapotranspiration Horaire,Évapotranspiration Horaire,mm/h,0.0
2025-06-14 02:00:00,Pression atmosphérique,Pression atmosphérique,hPa,966.2
2025-06-14 02:00:00,Rayonnement solaire,Rayonnement solaire,W/m²,0.0
2025-06-14 02:00:00,Point de Rosée,Point de Rosée,°c,19.3
2025-06-14 02:00:00,Humidité relative,Humidité relative,%,100.0
2025-06-14 02:00:00,Direction du vent,Direction du vent,Deg,243.9
2025-06-14 00:00:00,Vitesse du vent,Vitesse du vent,m/s,0.49
2025-06-14 00:00:00,Humidité relative,Humidité relative,%,100.0
2025-06-14 00:00:00,Point de Rosée,Point de Rosée,°c,21.5
2025-06-14 00:00:00,Rayonnement solaire,Rayonnement solaire,W/m²,0.0
2025-06-14 00:00:00,Pression atmosphérique,Pression atmosphérique,hPa,966.2
2025-06-14 00:00:00,Évapotranspiration Horaire,Évapotranspiration Horaire,mm/h,0.0
2025-06-14 00:00:00,Évapotranspiration journalière,Évapotranspiration journalière,mm/j,6.18
2025-06-14 00:00:00,Direction du vent,Direction du vent,Deg,279.8
2025-06-14 00:00:00,Température,Température,°c,21.5
2025-06-13 22:00:00,Température,Température,°c,25.4
2025-06-13 22:00:00,Direction du vent,Direction du vent,Deg,109.6
2025-06-13 22:00:00,Vitesse du vent,Vitesse du vent,m/s,1.21
2025-06-13 22:00:00,Évapotranspiration journalière,Évapotranspiration journalière,mm/j,6.18
2025-06-13 22:00:00,Évapotranspiration Horaire,Évapotranspiration Horaire,mm/h,0.0
2025-06-13 22:00:00,Pression atmosphérique,Pression atmosphérique,hPa,966.2
2025-06-13 22:00:00,Rayonnement solaire,Rayonnement solaire,W/m²,0.0
2025-06-13 22:00:00,Point de Rosée,Point de Rosée,°c,25.4
2025-06-13 22:00:00,Humidité relative,Humidité relative,%,100.0
2025-06-13 20:00:00,Température,Température,°c,28.6
2025-06-13 20:00:00,Direction du vent,Direction du vent,Deg,124.7
2025-06-13 20:00:00,Vitesse du vent,Vitesse du vent,m/s,2.41
2025-06-13 20:00:00,Évapotranspiration journalière,Évapotranspiration journalière,mm/j,6.18
2025-06-13 20:00:00,Évapotranspiration Horaire,Évapotranspiration Horaire,mm/h,0.0
2025-06-13 20:00:00,Pression atmosphérique,Pression atmosphérique,hPa,966.2
2025-06-13 20:00:00,Rayonnement solaire,Rayonnement solaire,W/m²,0.0
2025-06-13 20:00:00,Point de Rosée,Point de Rosée,°c,28.6
2025-06-13 20:00:00,Humidité relative,Humidité relative,%,100.0
2025-06-13 18:00:00,Température,Température,°c,32.2
2025-06-13 18:00:00,Direction du vent,Direction du vent,Deg,110.9
2025-06-13 18:00:00,Vitesse du vent,Vitesse du vent,m/s,2.66
2025-06-13 18:00:00,Évapotranspiration journalière,Évapotranspiration journalière,mm/j,6.18
2025-06-13 18:00:00,Évapotranspiration Horaire,Évapotranspiration Horaire,mm/h,0.0
2025-06-13 18:00:00,Pression atmosphérique,Pression atmosphérique,hPa,966.2
2025-06-13 18:00:00,Rayonnement solaire,Rayonnement solaire,W/m²,207.0
2025-06-13 18:00:00,Point de Rosée,Point de Rosée,°c,32.2
2025-06-13 18:00:00,Humidité relative,Humidité relative,%,100.0
2025-06-13 16:00:00,Température,Température,°c,33.2
2025-06-13 16:00:00,Direction du vent,Direction du vent,Deg,90.5
2025-06-13 16:00:00,Vitesse du vent,Vitesse du vent,m/s,2.25
2025-06-13 16:00:00,Évapotranspiration journalière,Évapotranspiration journalière,mm/j,6.18
2025-06-13 16:00:00,Évapotranspiration Horaire,Évapotranspiration Horaire,mm/h,0.0
2025-06-13 16:00:00,Pression atmosphérique,Pression atmosphérique,hPa,966.2
2025-06-13 16:00:00,Rayonnement solaire,Rayonnement solaire,W/m²,624.0
2025-06-13 16:00:00,Point de Rosée,Point de Rosée,°c,33.2
2025-06-13 16:00:00,Humidité relative,Humidité relative,%,100.0
2025-06-13 14:00:00,Température,Température,°c,32.4
2025-06-13 14:00:00,Direction du vent,Direction du vent,Deg,148.8
2025-06-13 14:00:00,Vitesse du vent,Vitesse du vent,m/s,3.6
2025-06-13 14:00:00,Évapotranspiration journalière,Évapotranspiration journalière,mm/j,6.18
2025-06-13 14:00:00,Évapotranspiration Horaire,Évapotranspiration Horaire,mm/h,0.0
2025-06-13 14:00:00,Pression atmosphérique,Pression atmosphérique,hPa,966.2
2025-06-13 14:00:00,Rayonnement solaire,Rayonnement solaire,W/m²,922.0
2025-06-13 14:00:00,Point de Rosée,Point de Rosée,°c,32.4
2025-06-13 14:00:00,Humidité relative,Humidité relative,%,100.0
2025-06-13 12:00:00,Température,Température,°c,31.0
2025-06-13 12:00:00,Direction du vent,Direction du vent,Deg,88.2
2025-06-13 12:00:00,Vitesse du vent,Vitesse du vent,m/s,3.13
2025-06-13 12:00:00,Évapotranspiration journalière,Évapotranspiration journalière,mm/j,6.18
2025-06-13 12:00:00,Évapotranspiration Horaire,Évapotranspiration Horaire,mm/h,0.0
2025-06-13 12:00:00,Pression atmosphérique,Pression atmosphérique,hPa,966.2
2025-06-13 12:00:00,Rayonnement solaire,Rayonnement solaire,W/m²,1009.0
2025-06-13 12:00:00,Point de Rosée,Point de Rosée,°c,9.9
2025-06-13 12:00:00,Humidité relative,Humidité relative,%,27.2
2025-06-13 10:00:00,Température,Température,°c,29.1
2025-06-13 10:00:00,Direction du vent,Direction du vent,Deg,86.5
2025-06-13 10:00:00,Vitesse du vent,Vitesse du vent,m/s,0.5
2025-06-13 10:00:00,Évapotranspiration journalière,Évapotranspiration journalière,mm/j,6.18
2025-06-13 10:00:00,Évapotranspiration Horaire,Évapotranspiration Horaire,mm/h,0.0
2025-06-13 10:00:00,Pression atmosphérique,Pression atmosphérique,hPa,966.2
2025-06-13 10:00:00,Rayonnement solaire,Rayonnement solaire,W/m²,837.0
2025-06-13 10:00:00,Point de Rosée,Point de Rosée,°c,29.1
2025-06-13 10:00:00,Humidité relative,Humidité relative,%,100.0
2025-06-13 08:00:00,Température,Température,°c,24.4
2025-06-13 08:00:00,Direction du vent,Direction du vent,Deg,282.5
2025-06-13 08:00:00,Vitesse du vent,Vitesse du vent,m/s,1.2
2025-06-13 08:00:00,Évapotranspiration journalière,Évapotranspiration journalière,mm/j,6.18
2025-06-13 08:00:00,Évapotranspiration Horaire,Évapotranspiration Horaire,mm/h,0.0
2025-06-13 08:00:00,Pression atmosphérique,Pression atmosphérique,hPa,966.2
2025-06-13 08:00:00,Rayonnement solaire,Rayonnement solaire,W/m²,473.0
2025-06-13 08:00:00,Point de Rosée,Point de Rosée,°c,24.4
2025-06-13 08:00:00,Humidité relative,Humidité relative,%,100.0
2025-06-13 06:00:00,Température,Température,°c,17.7
2025-06-13 06:00:00,Direction du vent,Direction du vent,Deg,167.1
2025-06-13 06:00:00,Vitesse du vent,Vitesse du vent,m/s,0.31
2025-06-13 06:00:00,Évapotranspiration journalière,Évapotranspiration journalière,mm/j,6.18
2025-06-13 06:00:00,Évapotranspiration Horaire,Évapotranspiration Horaire,mm/h,0.0
2025-06-13 06:00:00,Pression atmosphérique,Pression atmosphérique,hPa,966.2
2025-06-13 06:00:00,Rayonnement solaire,Rayonnement solaire,W/m²,82.0
2025-06-13 06:00:00,Point de Rosée,Point de Rosée,°c,17.7
2025-06-13 06:00:00,Humidité relative,Humidité relative,%,100.0
2025-06-13 04:00:00,Température,Température,°c,16.6
2025-06-13 04:00:00,Direction du vent,Direction du vent,Deg,171.6
2025-06-13 04:00:00,Vitesse du vent,Vitesse du vent,m/s,0.63
2025-06-13 04:00:00,Évapotranspiration journalière,Évapotranspiration journalière,mm/j,6.18
2025-06-13 04:00:00,Évapotranspiration Horaire,Évapotranspiration Horaire,mm/h,0.0
2025-06-13 04:00:00,Pression atmosphérique,Pression atmosphérique,hPa,966.2
2025-06-13 04:00:00,Rayonnement solaire,Rayonnement solaire,W/m²,0.0
2025-06-13 04:00:00,Point de Rosée,Point de Rosée,°c,16.6
2025-06-13 04:00:00,Humidité relative,Humidité relative,%,100.0
2025-06-13 02:00:00,Température,Température,°c,18.8
2025-06-13 02:00:00,Direction du vent,Direction du vent,Deg,213.9
2025-06-13 02:00:00,Vitesse du vent,Vitesse du vent,m/s,0.55
2025-06-13 02:00:00,Évapotranspiration journalière,Évapotranspiration journalière,mm/j,6.18
2025-06-13 02:00:00,Évapotranspiration Horaire,Évapotranspiration Horaire,mm/h,0.0
2025-06-13 02:00:00,Pression atmosphérique,Pression atmosphérique,hPa,966.2
2025-06-13 02:00:00,Rayonnement solaire,Rayonnement solaire,W/m²,0.0
2025-06-13 02:00:00,Point de Rosée,Point de Rosée,°c,18.8
2025-06-13 02:00:00,Humidité relative,Humidité relative,%,100.0
2025-06-13 00:00:00,Température,Température,°c,21.6
2025-06-13 00:00:00,Direction du vent,Direction du vent,Deg,41.1
2025-06-13 00:00:00,Vitesse du vent,Vitesse du vent,m/s,0.14
2025-06-13 00:00:00,Évapotranspiration journalière,Évapotranspiration journalière,mm/j,5.92
2025-06-13 00:00:00,Évapotranspiration Horaire,Évapotranspiration Horaire,mm/h,0.0
2025-06-13 00:00:00,Pression atmosphérique,Pression atmosphérique,hPa,966.2
2025-06-13 00:00:00,Rayonnement solaire,Rayonnement solaire,W/m²,0.0
2025-06-13 00:00:00,Point de Rosée,Point de Rosée,°c,21.6
2025-06-13 00:00:00,Humidité relative,Humidité relative,%,100.0
2025-06-12 22:00:00,Température,Température,°c,24.6
2025-06-12 22:00:00,Direction du vent,Direction du vent,Deg,139.5
2025-06-12 22:00:00,Vitesse du vent,Vitesse du vent,m/s,1.16
2025-06-12 22:00:00,Évapotranspiration journalière,Évapotranspiration journalière,mm/j,5.92
2025-06-12 22:00:00,Évapotranspiration Horaire,Évapotranspiration Horaire,mm/h,0.0
2025-06-12 22:00:00,Pression atmosphérique,Pression atmosphérique,hPa,966.2
2025-06-12 22:00:00,Rayonnement solaire,Rayonnement solaire,W/m²,0.0
2025-06-12 22:00:00,Point de Rosée,Point de Rosée,°c,24.6
2025-06-12 22:00:00,Humidité relative,Humidité relative,%,100.0
2025-06-12 20:00:00,Température,Température,°c,26.7
2025-06-12 20:00:00,Direction du vent,Direction du vent,Deg,155.7
2025-06-12 20:00:00,Vitesse du vent,Vitesse du vent,m/s,2.67
2025-06-12 20:00:00,Évapotranspiration journalière,Évapotranspiration journalière,mm/j,5.92
2025-06-12 20:00:00,Évapotranspiration Horaire,Évapotranspiration Horaire,mm/h,0.0
2025-06-12 20:00:00,Pression atmosphérique,Pression atmosphérique,hPa,966.2
2025-06-12 20:00:00,Rayonnement solaire,Rayonnement solaire,W/m²,0.0
2025-06-12 20:00:00,Point de Rosée,Point de Rosée,°c,26.7
2025-06-12 20:00:00,Humidité relative,Humidité relative,%,100.0
2025-06-12 18:00:00,Température,Température,°c,32.6
2025-06-12 18:00:00,Direction du vent,Direction du vent,Deg,117.4
2025-06-12 18:00:00,Vitesse du vent,Vitesse du vent,m/s,3.09
2025-06-12 18:00:00,Évapotranspiration journalière,Évapotranspiration journalière,mm/j,5.92
2025-06-12 18:00:00,Évapotranspiration Horaire,Évapotranspiration Horaire,mm/h,0.0
2025-06-12 18:00:00,Pression atmosphérique,Pression atmosphérique,hPa,966.2
2025-06-12 18:00:00,Rayonnement solaire,Rayonnement solaire,W/m²,199.0
2025-06-12 18:00:00,Point de Rosée,Point de Rosée,°c,32.6
2025-06-12 18:00:00,Humidité relative,Humidité relative,%,100.0
2025-06-12 16:00:00,Température,Température,°c,33.9
2025-06-12 16:00:00,Direction du vent,Direction du vent,Deg,48.9
2025-06-12 16:00:00,Vitesse du vent,Vitesse du vent,m/s,1.15
2025-06-12 16:00:00,Évapotranspiration journalière,Évapotranspiration journalière,mm/j,5.92
2025-06-12 16:00:00,Évapotranspiration Horaire,Évapotranspiration Horaire,mm/h,0.0
2025-06-12 16:00:00,Pression atmosphérique,Pression atmosphérique,hPa,966.2
2025-06-12 16:00:00,Rayonnement solaire,Rayonnement solaire,W/m²,611.0
2025-06-12 16:00:00,Point de Rosée,Point de Rosée,°c,33.9
2025-06-12 16:00:00,Humidité relative,Humidité relative,%,100.0
2025-06-12 14:00:00,Température,Température,°c,32.7
2025-06-12 14:00:00,Direction du vent,Direction du vent,Deg,109.4
2025-06-12 14:00:00,Vitesse du vent,Vitesse du vent,m/s,3.69
2025-06-12 14:00:00,Évapotranspiration journalière,Évapotranspiration journalière,mm/j,5.92
2025-06-12 14:00:00,Évapotranspiration Horaire,Évapotranspiration Horaire,mm/h,0.0
2025-06-12 14:00:00,Pression atmosphérique,Pression atmosphérique,hPa,966.2
2025-06-12 14:00:00,Rayonnement solaire,Rayonnement solaire,W/m²,928.0
2025-06-12 14:00:00,Point de Rosée,Point de Rosée,°c,32.7
2025-06-12 14:00:00,Humidité relative,Humidité relative,%,100.0
2025-06-12 12:00:00,Température,Température,°c,30.5
2025-06-12 12:00:00,Direction du vent,Direction du vent,Deg,110.3
2025-06-12 12:00:00,Vitesse du vent,Vitesse du vent,m/s,1.44
2025-06-12 12:00:00,Évapotranspiration journalière,Évapotranspiration journalière,mm/j,5.92
2025-06-12 12:00:00,Évapotranspiration Horaire,Évapotranspiration Horaire,mm/h,0.0
2025-06-12 12:00:00,Pression atmosphérique,Pression atmosphérique,hPa,966.2
2025-06-12 12:00:00,Rayonnement solaire,Rayonnement solaire,W/m²,1020.0
2025-06-12 12:00:00,Point de Rosée,Point de Rosée,°c,30.5
2025-06-12 12:00:00,Humidité relative,Humidité relative,%,100.0
2025-06-12 08:00:00,Température,Température,°c,24.1
2025-06-12 08:00:00,Direction du vent,Direction du vent,Deg,311.5
2025-06-12 08:00:00,Vitesse du vent,Vitesse du vent,m/s,0.46
2025-06-12 08:00:00,Évapotranspiration journalière,Évapotranspiration journalière,mm/j,5.92
2025-06-12 08:00:00,Évapotranspiration Horaire,Évapotranspiration Horaire,mm/h,0.0
2025-06-12 08:00:00,Pression atmosphérique,Pression atmosphérique,hPa,966.2
2025-06-12 08:00:00,Rayonnement solaire,Rayonnement solaire,W/m²,461.0
2025-06-12 08:00:00,Point de Rosée,Point de Rosée,°c,23.3
2025-06-12 08:00:00,Humidité relative,Humidité relative,%,95.5
2025-06-12 06:00:00,Température,Température,°c,18.3
2025-06-12 06:00:00,Direction du vent,Direction du vent,Deg,193.2
2025-06-12 06:00:00,Vitesse du vent,Vitesse du vent,m/s,0.43
2025-06-12 06:00:00,Évapotranspiration journalière,Évapotranspiration journalière,mm/j,5.92
2025-06-12 06:00:00,Évapotranspiration Horaire,Évapotranspiration Horaire,mm/h,0.0
2025-06-12 06:00:00,Pression atmosphérique,Pression atmosphérique,hPa,966.2
2025-06-12 06:00:00,Rayonnement solaire,Rayonnement solaire,W/m²,79.0
2025-06-12 06:00:00,Point de Rosée,Point de Rosée,°c,15.0
2025-06-12 06:00:00,Humidité relative,Humidité relative,%,80.9
2025-06-12 04:00:00,Température,Température,°c,18.8
2025-06-12 04:00:00,Direction du vent,Direction du vent,Deg,257.1
2025-06-12 04:00:00,Vitesse du vent,Vitesse du vent,m/s,0.31
2025-06-12 04:00:00,Évapotranspiration journalière,Évapotranspiration journalière,mm/j,5.92
2025-06-12 04:00:00,Évapotranspiration Horaire,Évapotranspiration Horaire,mm/h,0.0
2025-06-12 04:00:00,Pression atmosphérique,Pression atmosphérique,hPa,966.2
2025-06-12 04:00:00,Rayonnement solaire,Rayonnement solaire,W/m²,0.0
2025-06-12 04:00:00,Point de Rosée,Point de Rosée,°c,15.6
2025-06-12 04:00:00,Humidité relative,Humidité relative,%,81.6
2025-06-12 02:00:00,Température,Température,°c,19.9
2025-06-12 02:00:00,Direction du vent,Direction du vent,Deg,89.6
2025-06-12 02:00:00,Vitesse du vent,Vitesse du vent,m/s,0.83
2025-06-12 02:00:00,Évapotranspiration journalière,Évapotranspiration journalière,mm/j,5.92
2025-06-12 02:00:00,Évapotranspiration Horaire,Évapotranspiration Horaire,mm/h,0.0
2025-06-12 02:00:00,Pression atmosphérique,Pression atmosphérique,hPa,966.2
2025-06-12 02:00:00,Rayonnement solaire,Rayonnement solaire,W/m²,0.0
2025-06-12 02:00:00,Point de Rosée,Point de Rosée,°c,19.9
2025-06-12 02:00:00,Humidité relative,Humidité relative,%,100.0
2025-06-12 00:00:00,Température,Température,°c,21.5
2025-06-12 00:00:00,Direction du vent,Direction du vent,Deg,247.7
2025-06-12 00:00:00,Vitesse du vent,Vitesse du vent,m/s,0.2
2025-06-12 00:00:00,Évapotranspiration journalière,Évapotranspiration journalière,mm/j,5.85
2025-06-12 00:00:00,Évapotranspiration Horaire,Évapotranspiration Horaire,mm/h,0.0
2025-06-12 00:00:00,Pression atmosphérique,Pression atmosphérique,hPa,966.2
2025-06-12 00:00:00,Rayonnement solaire,Rayonnement solaire,W/m²,0.0
2025-06-12 00:00:00,Point de Rosée,Point de Rosée,°c,21.5
2025-06-12 00:00:00,Humidité relative,Humidité relative,%,100.0
2025-06-11 22:00:00,Température,Température,°c,24.4
2025-06-11 22:00:00,Direction du vent,Direction du vent,Deg,156.0
2025-06-11 22:00:00,Vitesse du vent,Vitesse du vent,m/s,1.51
2025-06-11 22:00:00,Évapotranspiration journalière,Évapotranspiration journalière,mm/j,5.85
2025-06-11 22:00:00,Évapotranspiration Horaire,Évapotranspiration Horaire,mm/h,0.0
2025-06-11 22:00:00,Pression atmosphérique,Pression atmosphérique,hPa,966.2
2025-06-11 22:00:00,Rayonnement solaire,Rayonnement solaire,W/m²,0.0
2025-06-11 22:00:00,Point de Rosée,Point de Rosée,°c,24.4
2025-06-11 22:00:00,Humidité relative,Humidité relative,%,100.0
2025-06-11 20:00:00,Température,Température,°c,27.0
2025-06-11 20:00:00,Direction du vent,Direction du vent,Deg,110.5
2025-06-11 20:00:00,Vitesse du vent,Vitesse du vent,m/s,2.33
2025-06-11 20:00:00,Évapotranspiration journalière,Évapotranspiration journalière,mm/j,5.85
2025-06-11 20:00:00,Évapotranspiration Horaire,Évapotranspiration Horaire,mm/h,0.0
2025-06-11 20:00:00,Pression atmosphérique,Pression atmosphérique,hPa,966.2
2025-06-11 20:00:00,Rayonnement solaire,Rayonnement solaire,W/m²,0.0
2025-06-11 20:00:00,Point de Rosée,Point de Rosée,°c,27.0
2025-06-11 20:00:00,Humidité relative,Humidité relative,%,100.0
2025-06-11 18:00:00,Température,Température,°c,33.3
2025-06-11 18:00:00,Direction du vent,Direction du vent,Deg,93.9
2025-06-11 18:00:00,Vitesse du vent,Vitesse du vent,m/s,4.56
2025-06-11 18:00:00,Évapotranspiration journalière,Évapotranspiration journalière,mm/j,5.85
2025-06-11 18:00:00,Évapotranspiration Horaire,Évapotranspiration Horaire,mm/h,0.0
2025-06-11 18:00:00,Pression atmosphérique,Pression atmosphérique,hPa,966.2
2025-06-11 18:00:00,Rayonnement solaire,Rayonnement solaire,W/m²,198.0
2025-06-11 18:00:00,Point de Rosée,Point de Rosée,°c,33.3
2025-06-11 18:00:00,Humidité relative,Humidité relative,%,100.0
2025-06-11 16:00:00,Température,Température,°c,35.9
2025-06-11 16:00:00,Direction du vent,Direction du vent,Deg,101.4
2025-06-11 16:00:00,Vitesse du vent,Vitesse du vent,m/s,2.2
2025-06-11 16:00:00,Évapotranspiration journalière,Évapotranspiration journalière,mm/j,5.85
2025-06-11 16:00:00,Évapotranspiration Horaire,Évapotranspiration Horaire,mm/h,0.0
2025-06-11 16:00:00,Pression atmosphérique,Pression atmosphérique,hPa,966.2
2025-06-11 16:00:00,Rayonnement solaire,Rayonnement solaire,W/m²,618.0
2025-06-11 16:00:00,Point de Rosée,Point de Rosée,°c,35.9
2025-06-11 16:00:00,Humidité relative,Humidité relative,%,100.0
2025-06-11 14:00:00,Température,Température,°c,34.8
2025-06-11 14:00:00,Direction du vent,Direction du vent,Deg,37.0
2025-06-11 14:00:00,Vitesse du vent,Vitesse du vent,m/s,1.78
2025-06-11 14:00:00,Évapotranspiration journalière,Évapotranspiration journalière,mm/j,5.85
2025-06-11 14:00:00,Évapotranspiration Horaire,Évapotranspiration Horaire,mm/h,0.0
2025-06-11 14:00:00,Pression atmosphérique,Pression atmosphérique,hPa,966.2
2025-06-11 14:00:00,Rayonnement solaire,Rayonnement solaire,W/m²,894.0
2025-06-11 14:00:00,Point de Rosée,Point de Rosée,°c,34.8
2025-06-11 14:00:00,Humidité relative,Humidité relative,%,100.0
2025-06-11 12:00:00,Température,Température,°c,32.6
2025-06-11 12:00:00,Direction du vent,Direction du vent,Deg,140.4
2025-06-11 12:00:00,Vitesse du vent,Vitesse du vent,m/s,1.75
2025-06-11 12:00:00,Évapotranspiration journalière,Évapotranspiration journalière,mm/j,5.85
2025-06-11 12:00:00,Évapotranspiration Horaire,Évapotranspiration Horaire,mm/h,0.0
2025-06-11 12:00:00,Pression atmosphérique,Pression atmosphérique,hPa,966.2
2025-06-11 12:00:00,Rayonnement solaire,Rayonnement solaire,W/m²,998.0
2025-06-11 12:00:00,Point de Rosée,Point de Rosée,°c,32.6
2025-06-11 12:00:00,Humidité relative,Humidité relative,%,100.0
2025-06-11 10:00:00,Température,Température,°c,30.0
2025-06-11 10:00:00,Direction du vent,Direction du vent,Deg,1.7
2025-06-11 10:00:00,Vitesse du vent,Vitesse du vent,m/s,0.92
2025-06-11 10:00:00,Évapotranspiration journalière,Évapotranspiration journalière,mm/j,5.85
2025-06-11 10:00:00,Évapotranspiration Horaire,Évapotranspiration Horaire,mm/h,0.0
2025-06-11 10:00:00,Pression atmosphérique,Pression atmosphérique,hPa,966.2
2025-06-11 10:00:00,Rayonnement solaire,Rayonnement solaire,W/m²,838.0
2025-06-11 10:00:00,Point de Rosée,Point de Rosée,°c,30.0
2025-06-11 10:00:00,Humidité relative,Humidité relative,%,100.0
2025-06-11 08:00:00,Température,Température,°c,25.9
2025-06-11 08:00:00,Direction du vent,Direction du vent,Deg,307.9
2025-06-11 08:00:00,Vitesse du vent,Vitesse du vent,m/s,1.48
2025-06-11 08:00:00,Évapotranspiration journalière,Évapotranspiration journalière,mm/j,5.85
2025-06-11 08:00:00,Évapotranspiration Horaire,Évapotranspiration Horaire,mm/h,0.0
2025-06-11 08:00:00,Pression atmosphérique,Pression atmosphérique,hPa,966.2
2025-06-11 08:00:00,Rayonnement solaire,Rayonnement solaire,W/m²,474.0
2025-06-11 08:00:00,Point de Rosée,Point de Rosée,°c,25.9
2025-06-11 08:00:00,Humidité relative,Humidité relative,%,100.0
2025-06-11 06:00:00,Température,Température,°c,19.5
2025-06-11 06:00:00,Direction du vent,Direction du vent,Deg,217.9
2025-06-11 06:00:00,Vitesse du vent,Vitesse du vent,m/s,0.83
2025-06-11 06:00:00,Évapotranspiration journalière,Évapotranspiration journalière,mm/j,5.85
2025-06-11 06:00:00,Évapotranspiration Horaire,Évapotranspiration Horaire,mm/h,0.0
2025-06-11 06:00:00,Pression atmosphérique,Pression atmosphérique,hPa,966.2
2025-06-11 06:00:00,Rayonnement solaire,Rayonnement solaire,W/m²,91.0
2025-06-11 06:00:00,Point de Rosée,Point de Rosée,°c,19.5
2025-06-11 06:00:00,Humidité relative,Humidité relative,%,100.0
2025-06-11 04:00:00,Vitesse du vent,Vitesse du vent,m/s,0.53
2025-06-11 04:00:00,Humidité relative,Humidité relative,%,100.0
2025-06-11 04:00:00,Point de Rosée,Point de Rosée,°c,19.4
2025-06-11 04:00:00,Rayonnement solaire,Rayonnement solaire,W/m²,0.0
2025-06-11 04:00:00,Pression atmosphérique,Pression atmosphérique,hPa,966.2
2025-06-11 04:00:00,Évapotranspiration Horaire,Évapotranspiration Horaire,mm/h,0.0
2025-06-11 04:00:00,Évapotranspiration journalière,Évapotranspiration journalière,mm/j,5.85
2025-06-11 04:00:00,Direction du vent,Direction du vent,Deg,258.9
2025-06-11 04:00:00,Température,Température,°c,19.4
2025-06-11 02:00:00,Humidité relative,Humidité relative,%,100.0
2025-06-11 02:00:00,Température,Température,°c,21.4
2025-06-11 02:00:00,Direction du vent,Direction du vent,Deg,247.8
2025-06-11 02:00:00,Vitesse du vent,Vitesse du vent,m/s,0.78
2025-06-11 02:00:00,Évapotranspiration journalière,Évapotranspiration journalière,mm/j,5.85
2025-06-11 02:00:00,Évapotranspiration Horaire,Évapotranspiration Horaire,mm/h,0.0
2025-06-11 02:00:00,Pression atmosphérique,Pression atmosphérique,hPa,966.2
2025-06-11 02:00:00,Rayonnement solaire,Rayonnement solaire,W/m²,0.0
2025-06-11 02:00:00,Point de Rosée,Point de Rosée,°c,21.4
2025-06-11 00:00:00,Point de Rosée,Point de Rosée,°c,23.8
2025-06-11 00:00:00,Température,Température,°c,23.8
2025-06-11 00:00:00,Direction du vent,Direction du vent,Deg,92.7
2025-06-11 00:00:00,Vitesse du vent,Vitesse du vent,m/s,0.74
2025-06-11 00:00:00,Évapotranspiration journalière,Évapotranspiration journalière,mm/j,5.8
2025-06-11 00:00:00,Évapotranspiration Horaire,Évapotranspiration Horaire,mm/h,0.0
2025-06-11 00:00:00,Pression atmosphérique,Pression atmosphérique,hPa,966.2
2025-06-11 00:00:00,Rayonnement solaire,Rayonnement solaire,W/m²,0.0
2025-06-11 00:00:00,Humidité relative,Humidité relative,%,100.0
2025-06-10 22:00:00,Vitesse du vent,Vitesse du vent,m/s,0.82
2025-06-10 22:00:00,Température,Température,°c,26.5
2025-06-10 22:00:00,Direction du vent,Direction du vent,Deg,94.5
2025-06-10 22:00:00,Évapotranspiration journalière,Évapotranspiration journalière,mm/j,5.8
2025-06-10 22:00:00,Évapotranspiration Horaire,Évapotranspiration Horaire,mm/h,0.0
2025-06-10 22:00:00,Pression atmosphérique,Pression atmosphérique,hPa,966.2
2025-06-10 22:00:00,Rayonnement solaire,Rayonnement solaire,W/m²,0.0
2025-06-10 22:00:00,Point de Rosée,Point de Rosée,°c,26.5
2025-06-10 22:00:00,Humidité relative,Humidité relative,%,100.0
2025-06-10 20:00:00,Humidité relative,Humidité relative,%,100.0
2025-06-10 20:00:00,Température,Température,°c,28.9
2025-06-10 20:00:00,Direction du vent,Direction du vent,Deg,111.1
2025-06-10 20:00:00,Vitesse du vent,Vitesse du vent,m/s,4.25
2025-06-10 20:00:00,Évapotranspiration journalière,Évapotranspiration journalière,mm/j,5.8
2025-06-10 20:00:00,Évapotranspiration Horaire,Évapotranspiration Horaire,mm/h,0.0
2025-06-10 20:00:00,Pression atmosphérique,Pression atmosphérique,hPa,966.2
2025-06-10 20:00:00,Rayonnement solaire,Rayonnement solaire,W/m²,0.0
2025-06-10 20:00:00,Point de Rosée,Point de Rosée,°c,28.9
2025-06-10 18:00:00,Point de Rosée,Point de Rosée,°c,35.3
2025-06-10 18:00:00,Température,Température,°c,35.3
2025-06-10 18:00:00,Direction du vent,Direction du vent,Deg,100.1
2025-06-10 18:00:00,Vitesse du vent,Vitesse du vent,m/s,3.72
2025-06-10 18:00:00,Évapotranspiration journalière,Évapotranspiration journalière,mm/j,5.8
2025-06-10 18:00:00,Évapotranspiration Horaire,Évapotranspiration Horaire,mm/h,0.0
2025-06-10 18:00:00,Pression atmosphérique,Pression atmosphérique,hPa,966.2
2025-06-10 18:00:00,Rayonnement solaire,Rayonnement solaire,W/m²,199.0
2025-06-10 18:00:00,Humidité relative,Humidité relative,%,100.0
2025-06-10 16:00:00,Rayonnement solaire,Rayonnement solaire,W/m²,600.0
2025-06-10 16:00:00,Température,Température,°c,36.9
2025-06-10 16:00:00,Direction du vent,Direction du vent,Deg,338.4
2025-06-10 16:00:00,Humidité relative,Humidité relative,%,100.0
2025-06-10 16:00:00,Vitesse du vent,Vitesse du vent,m/s,4.09
2025-06-10 16:00:00,Évapotranspiration journalière,Évapotranspiration journalière,mm/j,5.8
2025-06-10 16:00:00,Évapotranspiration Horaire,Évapotranspiration Horaire,mm/h,0.0
2025-06-10 16:00:00,Pression atmosphérique,Pression atmosphérique,hPa,966.2
2025-06-10 16:00:00,Point de Rosée,Point de Rosée,°c,36.9
2025-06-10 14:00:00,Humidité relative,Humidité relative,%,100.0
2025-06-10 14:00:00,Point de Rosée,Point de Rosée,°c,35.6
2025-06-10 14:00:00,Rayonnement solaire,Rayonnement solaire,W/m²,907.0
2025-06-10 14:00:00,Pression atmosphérique,Pression atmosphérique,hPa,966.2
2025-06-10 14:00:00,Évapotranspiration Horaire,Évapotranspiration Horaire,mm/h,0.0
2025-06-10 14:00:00,Évapotranspiration journalière,Évapotranspiration journalière,mm/j,5.8
2025-06-10 14:00:00,Vitesse du vent,Vitesse du vent,m/s,2.46
2025-06-10 14:00:00,Direction du vent,Direction du vent,Deg,339.6
2025-06-10 14:00:00,Température,Température,°c,35.6
2025-06-10 12:00:00,Point de Rosée,Point de Rosée,°c,33.4
2025-06-10 12:00:00,Rayonnement solaire,Rayonnement solaire,W/m²,1000.0
2025-06-10 12:00:00,Pression atmosphérique,Pression atmosphérique,hPa,966.2
2025-06-10 12:00:00,Évapotranspiration Horaire,Évapotranspiration Horaire,mm/h,0.0
2025-06-10 12:00:00,Évapotranspiration journalière,Évapotranspiration journalière,mm/j,5.8
2025-06-10 12:00:00,Vitesse du vent,Vitesse du vent,m/s,1.78
2025-06-10 12:00:00,Direction du vent,Direction du vent,Deg,194.8
2025-06-10 12:00:00,Température,Température,°c,33.4
2025-06-10 12:00:00,Humidité relative,Humidité relative,%,100.0
2025-06-10 10:00:00,Température,Température,°c,30.7
2025-06-10 10:00:00,Humidité relative,Humidité relative,%,100.0
2025-06-10 10:00:00,Direction du vent,Direction du vent,Deg,86.7
2025-06-10 10:00:00,Vitesse du vent,Vitesse du vent,m/s,1.35
2025-06-10 10:00:00,Évapotranspiration journalière,Évapotranspiration journalière,mm/j,5.8
2025-06-10 10:00:00,Évapotranspiration Horaire,Évapotranspiration Horaire,mm/h,0.0
2025-06-10 10:00:00,Pression atmosphérique,Pression atmosphérique,hPa,966.2
2025-06-10 10:00:00,Rayonnement solaire,Rayonnement solaire,W/m²,830.0
2025-06-10 10:00:00,Point de Rosée,Point de Rosée,°c,30.7
2025-06-10 08:00:00,Point de Rosée,Point de Rosée,°c,26.1
2025-06-10 08:00:00,Température,Température,°c,26.1
2025-06-10 08:00:00,Direction du vent,Direction du vent,Deg,233.1
2025-06-10 08:00:00,Vitesse du vent,Vitesse du vent,m/s,0.82
2025-06-10 08:00:00,Évapotranspiration journalière,Évapotranspiration journalière,mm/j,5.8
2025-06-10 08:00:00,Évapotranspiration Horaire,Évapotranspiration Horaire,mm/h,0.0
2025-06-10 08:00:00,Pression atmosphérique,Pression atmosphérique,hPa,966.2
2025-06-10 08:00:00,Rayonnement solaire,Rayonnement solaire,W/m²,469.0
2025-06-10 08:00:00,Humidité relative,Humidité relative,%,100.0
2025-06-10 06:00:00,Point de Rosée,Point de Rosée,°c,18.8
2025-06-10 06:00:00,Température,Température,°c,18.8
2025-06-10 06:00:00,Direction du vent,Direction du vent,Deg,186.7
2025-06-10 06:00:00,Vitesse du vent,Vitesse du vent,m/s,0.53
2025-06-10 06:00:00,Évapotranspiration journalière,Évapotranspiration journalière,mm/j,5.8
2025-06-10 06:00:00,Évapotranspiration Horaire,Évapotranspiration Horaire,mm/h,0.0
2025-06-10 06:00:00,Pression atmosphérique,Pression atmosphérique,hPa,966.2
2025-06-10 06:00:00,Rayonnement solaire,Rayonnement solaire,W/m²,84.0
2025-06-10 06:00:00,Humidité relative,Humidité relative,%,100.0
2025-06-09 11:00:00,Évapotranspiration journalière,Évapotranspiration journalière,mm/j,5.43
2025-06-09 11:00:00,Température,Température,°c,33.2
2025-06-09 11:00:00,Direction du vent,Direction du vent,Deg,93.4
2025-06-09 11:00:00,Vitesse du vent,Vitesse du vent,m/s,1.77
2025-06-09 11:00:00,Évapotranspiration Horaire,Évapotranspiration Horaire,mm/h,0.0
2025-06-09 11:00:00,Pression atmosphérique,Pression atmosphérique,hPa,966.2
2025-06-09 11:00:00,Rayonnement solaire,Rayonnement solaire,W/m²,935.0
2025-06-09 11:00:00,Point de Rosée,Point de Rosée,°c,33.2
2025-06-09 11:00:00,Humidité relative,Humidité relative,%,100.0
2025-06-09 05:00:00,Humidité relative,Humidité relative,%,100.0
2025-06-09 05:00:00,Température,Température,°c,19.3
2025-06-09 05:00:00,Direction du vent,Direction du vent,Deg,230.8
2025-06-09 05:00:00,Vitesse du vent,Vitesse du vent,m/s,1.08
2025-06-09 05:00:00,Évapotranspiration journalière,Évapotranspiration journalière,mm/j,5.43
2025-06-09 05:00:00,Évapotranspiration Horaire,Évapotranspiration Horaire,mm/h,0.0
2025-06-09 05:00:00,Pression atmosphérique,Pression atmosphérique,hPa,966.2
2025-06-09 05:00:00,Rayonnement solaire,Rayonnement solaire,W/m²,1.0
2025-06-09 05:00:00,Point de Rosée,Point de Rosée,°c,19.3
2025-06-08 09:00:00,Point de Rosée,Point de Rosée,°c,33.6
2025-06-08 09:00:00,Température,Température,°c,33.6
2025-06-08 09:00:00,Direction du vent,Direction du vent,Deg,176.7
2025-06-08 09:00:00,Vitesse du vent,Vitesse du vent,m/s,2.39
2025-06-08 09:00:00,Évapotranspiration journalière,Évapotranspiration journalière,mm/j,5.71
2025-06-08 09:00:00,Évapotranspiration Horaire,Évapotranspiration Horaire,mm/h,0.0
2025-06-08 09:00:00,Pression atmosphérique,Pression atmosphérique,hPa,966.2
2025-06-08 09:00:00,Rayonnement solaire,Rayonnement solaire,W/m²,642.0
2025-06-08 09:00:00,Humidité relative,Humidité relative,%,100.0
2025-06-08 07:00:00,Humidité relative,Humidité relative,%,100.0
2025-06-08 07:00:00,Température,Température,°c,24.0
2025-06-08 07:00:00,Direction du vent,Direction du vent,Deg,264.4
2025-06-08 07:00:00,Vitesse du vent,Vitesse du vent,m/s,0.93
2025-06-08 07:00:00,Évapotranspiration journalière,Évapotranspiration journalière,mm/j,5.71
2025-06-08 07:00:00,Évapotranspiration Horaire,Évapotranspiration Horaire,mm/h,0.0
2025-06-08 07:00:00,Pression atmosphérique,Pression atmosphérique,hPa,966.2
2025-06-08 07:00:00,Rayonnement solaire,Rayonnement solaire,W/m²,258.0
2025-06-08 07:00:00,Point de Rosée,Point de Rosée,°c,24.0
2025-06-08 05:00:00,Température,Température,°c,21.4
2025-06-08 05:00:00,Rayonnement solaire,Rayonnement solaire,W/m²,2.0
2025-06-08 05:00:00,Humidité relative,Humidité relative,%,100.0
2025-06-08 05:00:00,Pression atmosphérique,Pression atmosphérique,hPa,966.2
2025-06-08 05:00:00,Point de Rosée,Point de Rosée,°c,21.4
2025-06-08 05:00:00,Évapotranspiration Horaire,Évapotranspiration Horaire,mm/h,0.0
2025-06-08 05:00:00,Évapotranspiration journalière,Évapotranspiration journalière,mm/j,5.71
2025-06-08 05:00:00,Vitesse du vent,Vitesse du vent,m/s,1.16
2025-06-08 05:00:00,Direction du vent,Direction du vent,Deg,255.6
2025-06-07 05:00:00,Température,Température,°c,18.8
2025-06-07 05:00:00,Direction du vent,Direction du vent,Deg,216.6
2025-06-07 05:00:00,Vitesse du vent,Vitesse du vent,m/s,0.6
2025-06-07 05:00:00,Évapotranspiration journalière,Évapotranspiration journalière,mm/j,5.3
2025-06-07 05:00:00,Évapotranspiration Horaire,Évapotranspiration Horaire,mm/h,0.0
2025-06-07 05:00:00,Pression atmosphérique,Pression atmosphérique,hPa,966.2
2025-06-07 05:00:00,Rayonnement solaire,Rayonnement solaire,W/m²,1.0
2025-06-07 05:00:00,Point de Rosée,Point de Rosée,°c,18.8
2025-06-07 05:00:00,Humidité relative,Humidité relative,%,100.0
2025-06-06 05:00:00,Évapotranspiration Horaire,Évapotranspiration Horaire,mm/h,0.0
2025-06-06 05:00:00,Évapotranspiration journalière,Évapotranspiration journalière,mm/j,5.74
2025-06-06 05:00:00,Température,Température,°c,18.2
2025-06-06 05:00:00,Pression atmosphérique,Pression atmosphérique,hPa,966.2
2025-06-06 05:00:00,Vitesse du vent,Vitesse du vent,m/s,1.18
2025-06-06 05:00:00,Rayonnement solaire,Rayonnement solaire,W/m²,1.0
2025-06-06 05:00:00,Direction du vent,Direction du vent,Deg,213.2
2025-06-06 05:00:00,Point de Rosée,Point de Rosée,°c,18.2
2025-06-06 05:00:00,Humidité relative,Humidité relative,%,100.0
2025-06-05 11:00:00,Température,Température,°c,32.0
2025-06-05 11:00:00,Direction du vent,Direction du vent,Deg,24.2
2025-06-05 11:00:00,Vitesse du vent,Vitesse du vent,m/s,2.0
2025-06-05 11:00:00,Évapotranspiration journalière,Évapotranspiration journalière,mm/j,5.68
2025-06-05 11:00:00,Évapotranspiration Horaire,Évapotranspiration Horaire,mm/h,0.0
2025-06-05 11:00:00,Pression atmosphérique,Pression atmosphérique,hPa,966.2
2025-06-05 11:00:00,Rayonnement solaire,Rayonnement solaire,W/m²,908.0
2025-06-05 11:00:00,Point de Rosée,Point de Rosée,°c,32.0
2025-06-05 11:00:00,Humidité relative,Humidité relative,%,100.0
2025-06-05 09:00:00,Température,Température,°c,27.6
2025-06-05 09:00:00,Direction du vent,Direction du vent,Deg,346.7
2025-06-05 09:00:00,Vitesse du vent,Vitesse du vent,m/s,1.07
2025-06-05 09:00:00,Évapotranspiration journalière,Évapotranspiration journalière,mm/j,5.68
2025-06-05 09:00:00,Évapotranspiration Horaire,Évapotranspiration Horaire,mm/h,0.0
2025-06-05 09:00:00,Pression atmosphérique,Pression atmosphérique,hPa,966.2
2025-06-05 09:00:00,Rayonnement solaire,Rayonnement solaire,W/m²,651.0
2025-06-05 09:00:00,Point de Rosée,Point de Rosée,°c,27.6
2025-06-05 09:00:00,Humidité relative,Humidité relative,%,100.0
2025-06-05 07:00:00,Rayonnement solaire,Rayonnement solaire,W/m²,255.0
2025-06-05 07:00:00,Température,Température,°c,21.9
2025-06-05 07:00:00,Direction du vent,Direction du vent,Deg,318.7
2025-06-05 07:00:00,Vitesse du vent,Vitesse du vent,m/s,1.1
2025-06-05 07:00:00,Évapotranspiration journalière,Évapotranspiration journalière,mm/j,5.68
2025-06-05 07:00:00,Évapotranspiration Horaire,Évapotranspiration Horaire,mm/h,0.0
2025-06-05 07:00:00,Pression atmosphérique,Pression atmosphérique,hPa,966.2
2025-06-05 07:00:00,Point de Rosée,Point de Rosée,°c,21.9
2025-06-05 07:00:00,Humidité relative,Humidité relative,%,100.0
2025-06-05 05:00:00,Température,Température,°c,19.0
2025-06-05 05:00:00,Direction du vent,Direction du vent,Deg,188.1
2025-06-05 05:00:00,Vitesse du vent,Vitesse du vent,m/s,1.03
2025-06-05 05:00:00,Évapotranspiration journalière,Évapotranspiration journalière,mm/j,5.68
2025-06-05 05:00:00,Évapotranspiration Horaire,Évapotranspiration Horaire,mm/h,0.0
2025-06-05 05:00:00,Pression atmosphérique,Pression atmosphérique,hPa,966.2
2025-06-05 05:00:00,Rayonnement solaire,Rayonnement solaire,W/m²,1.0
2025-06-05 05:00:00,Point de Rosée,Point de Rosée,°c,19.0
2025-06-05 05:00:00,Humidité relative,Humidité relative,%,100.0
2025-06-05 03:00:00,Température,Température,°c,20.5
2025-06-05 03:00:00,Évapotranspiration journalière,Évapotranspiration journalière,mm/j,5.68
2025-06-05 03:00:00,Humidité relative,Humidité relative,%,100.0
2025-06-05 03:00:00,Direction du vent,Direction du vent,Deg,218.0
2025-06-05 03:00:00,Pression atmosphérique,Pression atmosphérique,hPa,966.2
2025-06-05 03:00:00,Évapotranspiration Horaire,Évapotranspiration Horaire,mm/h,0.0
2025-06-05 03:00:00,Vitesse du vent,Vitesse du vent,m/s,0.84
2025-06-05 03:00:00,Rayonnement solaire,Rayonnement solaire,W/m²,0.0
2025-06-05 03:00:00,Point de Rosée,Point de Rosée,°c,20.5
2025-06-05 02:00:00,Point de Rosée,Point de Rosée,°c,21.6
2025-06-05 02:00:00,Température,Température,°c,21.6
2025-06-05 02:00:00,Direction du vent,Direction du vent,Deg,148.4
2025-06-05 02:00:00,Vitesse du vent,Vitesse du vent,m/s,0.95
2025-06-05 02:00:00,Évapotranspiration journalière,Évapotranspiration journalière,mm/j,5.68
2025-06-05 02:00:00,Évapotranspiration Horaire,Évapotranspiration Horaire,mm/h,0.0
2025-06-05 02:00:00,Pression atmosphérique,Pression atmosphérique,hPa,966.2
2025-06-05 02:00:00,Rayonnement solaire,Rayonnement solaire,W/m²,0.0
2025-06-05 02:00:00,Humidité relative,Humidité relative,%,100.0
2025-06-05 01:00:00,Évapotranspiration journalière,Évapotranspiration journalière,mm/j,5.68
2025-06-05 01:00:00,Pression atmosphérique,Pression atmosphérique,hPa,966.2
2025-06-05 01:00:00,Rayonnement solaire,Rayonnement solaire,W/m²,0.0
2025-06-05 01:00:00,Vitesse du vent,Vitesse du vent,m/s,0.41
2025-06-05 01:00:00,Direction du vent,Direction du vent,Deg,150.7
2025-06-05 01:00:00,Point de Rosée,Point de Rosée,°c,22.2
2025-06-05 01:00:00,Température,Température,°c,22.2
2025-06-05 01:00:00,Évapotranspiration Horaire,Évapotranspiration Horaire,mm/h,0.0
2025-06-05 01:00:00,Humidité relative,Humidité relative,%,100.0
2025-06-04 21:00:00,Température,Température,°c,27.8
2025-06-04 21:00:00,Direction du vent,Direction du vent,Deg,84.8
2025-06-04 21:00:00,Vitesse du vent,Vitesse du vent,m/s,1.11
2025-06-04 21:00:00,Évapotranspiration journalière,Évapotranspiration journalière,mm/j,5.55
2025-06-04 21:00:00,Évapotranspiration Horaire,Évapotranspiration Horaire,mm/h,0.0
2025-06-04 21:00:00,Pression atmosphérique,Pression atmosphérique,hPa,966.2
2025-06-04 21:00:00,Rayonnement solaire,Rayonnement solaire,W/m²,0.0
2025-06-04 21:00:00,Point de Rosée,Point de Rosée,°c,27.8
2025-06-04 21:00:00,Humidité relative,Humidité relative,%,100.0
2025-06-04 19:00:00,Température,Température,°c,32.1
2025-06-04 19:00:00,Direction du vent,Direction du vent,Deg,125.1
2025-06-04 19:00:00,Vitesse du vent,Vitesse du vent,m/s,3.34
2025-06-04 19:00:00,Évapotranspiration journalière,Évapotranspiration journalière,mm/j,5.55
2025-06-04 19:00:00,Évapotranspiration Horaire,Évapotranspiration Horaire,mm/h,0.0
2025-06-04 19:00:00,Pression atmosphérique,Pression atmosphérique,hPa,966.2
2025-06-04 19:00:00,Rayonnement solaire,Rayonnement solaire,W/m²,31.0
2025-06-04 19:00:00,Point de Rosée,Point de Rosée,°c,32.1
2025-06-04 19:00:00,Humidité relative,Humidité relative,%,100.0
2025-06-04 17:00:00,Température,Température,°c,35.1
2025-06-04 17:00:00,Direction du vent,Direction du vent,Deg,159.5
2025-06-04 17:00:00,Vitesse du vent,Vitesse du vent,m/s,2.68
2025-06-04 17:00:00,Évapotranspiration journalière,Évapotranspiration journalière,mm/j,5.55
2025-06-04 17:00:00,Évapotranspiration Horaire,Évapotranspiration Horaire,mm/h,0.0
2025-06-04 17:00:00,Pression atmosphérique,Pression atmosphérique,hPa,966.2
2025-06-04 17:00:00,Rayonnement solaire,Rayonnement solaire,W/m²,413.0
2025-06-04 17:00:00,Point de Rosée,Point de Rosée,°c,35.1
2025-06-04 17:00:00,Humidité relative,Humidité relative,%,100.0
2025-06-04 15:00:00,Température,Température,°c,34.9
2025-06-04 15:00:00,Direction du vent,Direction du vent,Deg,106.8
2025-06-04 15:00:00,Vitesse du vent,Vitesse du vent,m/s,5.82
2025-06-04 15:00:00,Évapotranspiration journalière,Évapotranspiration journalière,mm/j,5.55
2025-06-04 15:00:00,Évapotranspiration Horaire,Évapotranspiration Horaire,mm/h,0.0
2025-06-04 15:00:00,Pression atmosphérique,Pression atmosphérique,hPa,966.2
2025-06-04 15:00:00,Rayonnement solaire,Rayonnement solaire,W/m²,802.0
2025-06-04 15:00:00,Point de Rosée,Point de Rosée,°c,34.9
2025-06-04 15:00:00,Humidité relative,Humidité relative,%,100.0
2025-06-04 13:00:00,Température,Température,°c,33.8
2025-06-04 13:00:00,Direction du vent,Direction du vent,Deg,170.5
2025-06-04 13:00:00,Vitesse du vent,Vitesse du vent,m/s,2.54
2025-06-04 13:00:00,Évapotranspiration journalière,Évapotranspiration journalière,mm/j,5.55
2025-06-04 13:00:00,Évapotranspiration Horaire,Évapotranspiration Horaire,mm/h,0.0
2025-06-04 13:00:00,Pression atmosphérique,Pression atmosphérique,hPa,966.2
2025-06-04 13:00:00,Rayonnement solaire,Rayonnement solaire,W/m²,994.0
2025-06-04 13:00:00,Point de Rosée,Point de Rosée,°c,33.8
2025-06-04 13:00:00,Humidité relative,Humidité relative,%,100.0
2025-06-04 11:00:00,Température,Température,°c,31.9
2025-06-04 11:00:00,Direction du vent,Direction du vent,Deg,108.6
2025-06-04 11:00:00,Vitesse du vent,Vitesse du vent,m/s,2.7
2025-06-04 11:00:00,Évapotranspiration journalière,Évapotranspiration journalière,mm/j,5.55
2025-06-04 11:00:00,Évapotranspiration Horaire,Évapotranspiration Horaire,mm/h,0.0
2025-06-04 11:00:00,Pression atmosphérique,Pression atmosphérique,hPa,966.2
2025-06-04 11:00:00,Rayonnement solaire,Rayonnement solaire,W/m²,931.0
2025-06-04 11:00:00,Point de Rosée,Point de Rosée,°c,31.9
2025-06-04 11:00:00,Humidité relative,Humidité relative,%,100.0
2025-06-04 09:00:00,Température,Température,°c,28.1
2025-06-04 09:00:00,Humidité relative,Humidité relative,%,100.0
2025-06-04 09:00:00,Point de Rosée,Point de Rosée,°c,28.1
2025-06-04 09:00:00,Rayonnement solaire,Rayonnement solaire,W/m²,678.0
2025-06-04 09:00:00,Pression atmosphérique,Pression atmosphérique,hPa,966.2
2025-06-04 09:00:00,Évapotranspiration Horaire,Évapotranspiration Horaire,mm/h,0.0
2025-06-04 09:00:00,Direction du vent,Direction du vent,Deg,43.6
2025-06-04 09:00:00,Évapotranspiration journalière,Évapotranspiration journalière,mm/j,5.55
2025-06-04 09:00:00,Vitesse du vent,Vitesse du vent,m/s,0.63
2025-06-04 05:00:00,Évapotranspiration journalière,Évapotranspiration journalière,mm/j,5.55
2025-06-04 05:00:00,Humidité relative,Humidité relative,%,100.0
2025-06-04 05:00:00,Point de Rosée,Point de Rosée,°c,17.2
2025-06-04 05:00:00,Rayonnement solaire,Rayonnement solaire,W/m²,2.0
2025-06-04 05:00:00,Pression atmosphérique,Pression atmosphérique,hPa,966.2
2025-06-04 05:00:00,Évapotranspiration Horaire,Évapotranspiration Horaire,mm/h,0.0
2025-06-04 05:00:00,Vitesse du vent,Vitesse du vent,m/s,0.58
2025-06-04 05:00:00,Direction du vent,Direction du vent,Deg,352.9
2025-06-04 05:00:00,Température,Température,°c,17.2
2025-06-03 07:00:00,Évapotranspiration Horaire,Évapotranspiration Horaire,mm/h,0.0
2025-06-03 07:00:00,Évapotranspiration journalière,Évapotranspiration journalière,mm/j,5.08
2025-06-03 07:00:00,Vitesse du vent,Vitesse du vent,m/s,0.94
2025-06-03 07:00:00,Direction du vent,Direction du vent,Deg,20.8
2025-06-03 07:00:00,Température,Température,°c,19.2
2025-06-03 07:00:00,Humidité relative,Humidité relative,%,100.0
2025-06-03 07:00:00,Point de Rosée,Point de Rosée,°c,19.2
2025-06-03 07:00:00,Rayonnement solaire,Rayonnement solaire,W/m²,270.0
2025-06-03 07:00:00,Pression atmosphérique,Pression atmosphérique,hPa,966.2
2025-06-03 06:00:00,Vitesse du vent,Vitesse du vent,m/s,1.01
2025-06-03 06:00:00,Température,Température,°c,15.5
2025-06-03 06:00:00,Pression atmosphérique,Pression atmosphérique,hPa,966.2
2025-06-03 06:00:00,Évapotranspiration Horaire,Évapotranspiration Horaire,mm/h,0.0
2025-06-03 06:00:00,Rayonnement solaire,Rayonnement solaire,W/m²,80.0
2025-06-03 06:00:00,Direction du vent,Direction du vent,Deg,278.2
2025-06-03 06:00:00,Point de Rosée,Point de Rosée,°c,15.5
2025-06-03 06:00:00,Évapotranspiration journalière,Évapotranspiration journalière,mm/j,5.08
2025-06-03 06:00:00,Humidité relative,Humidité relative,%,100.0
2025-06-03 05:00:00,Direction du vent,Direction du vent,Deg,145.0
2025-06-03 05:00:00,Température,Température,°c,14.5
2025-06-03 05:00:00,Humidité relative,Humidité relative,%,100.0
2025-06-03 05:00:00,Vitesse du vent,Vitesse du vent,m/s,0.47
2025-06-03 05:00:00,Évapotranspiration journalière,Évapotranspiration journalière,mm/j,5.08
2025-06-03 05:00:00,Évapotranspiration Horaire,Évapotranspiration Horaire,mm/h,0.0
2025-06-03 05:00:00,Pression atmosphérique,Pression atmosphérique,hPa,966.2
2025-06-03 05:00:00,Rayonnement solaire,Rayonnement solaire,W/m²,2.0
2025-06-03 05:00:00,Point de Rosée,Point de Rosée,°c,14.5
2025-06-02 19:00:00,Rayonnement solaire,Rayonnement solaire,W/m²,21.0
2025-06-02 19:00:00,Température,Température,°c,26.5
2025-06-02 19:00:00,Direction du vent,Direction du vent,Deg,155.3
2025-06-02 19:00:00,Vitesse du vent,Vitesse du vent,m/s,3.4
2025-06-02 19:00:00,Évapotranspiration journalière,Évapotranspiration journalière,mm/j,5.04
2025-06-02 19:00:00,Évapotranspiration Horaire,Évapotranspiration Horaire,mm/h,0.0
2025-06-02 19:00:00,Pression atmosphérique,Pression atmosphérique,hPa,966.2
2025-06-02 19:00:00,Point de Rosée,Point de Rosée,°c,26.5
2025-06-02 19:00:00,Humidité relative,Humidité relative,%,100.0
2025-06-02 17:00:00,Humidité relative,Humidité relative,%,100.0
2025-06-02 17:00:00,Direction du vent,Direction du vent,Deg,82.5
2025-06-02 17:00:00,Vitesse du vent,Vitesse du vent,m/s,2.16
2025-06-02 17:00:00,Évapotranspiration journalière,Évapotranspiration journalière,mm/j,5.04
2025-06-02 17:00:00,Évapotranspiration Horaire,Évapotranspiration Horaire,mm/h,0.0
2025-06-02 17:00:00,Pression atmosphérique,Pression atmosphérique,hPa,966.2
2025-06-02 17:00:00,Température,Température,°c,29.1
2025-06-02 17:00:00,Rayonnement solaire,Rayonnement solaire,W/m²,429.0
2025-06-02 17:00:00,Point de Rosée,Point de Rosée,°c,29.1
2025-06-02 13:00:00,Évapotranspiration journalière,Évapotranspiration journalière,mm/j,5.04
2025-06-02 13:00:00,Température,Température,°c,26.8
2025-06-02 13:00:00,Direction du vent,Direction du vent,Deg,88.9
2025-06-02 13:00:00,Vitesse du vent,Vitesse du vent,m/s,2.37
2025-06-02 13:00:00,Évapotranspiration Horaire,Évapotranspiration Horaire,mm/h,0.0
2025-06-02 13:00:00,Pression atmosphérique,Pression atmosphérique,hPa,966.2
2025-06-02 13:00:00,Rayonnement solaire,Rayonnement solaire,W/m²,1026.0
2025-06-02 13:00:00,Point de Rosée,Point de Rosée,°c,26.8
2025-06-02 13:00:00,Humidité relative,Humidité relative,%,100.0
2025-06-02 11:00:00,Température,Température,°c,23.7
2025-06-02 11:00:00,Direction du vent,Direction du vent,Deg,103.4
2025-06-02 11:00:00,Vitesse du vent,Vitesse du vent,m/s,1.33
2025-06-02 11:00:00,Évapotranspiration journalière,Évapotranspiration journalière,mm/j,5.04
2025-06-02 11:00:00,Humidité relative,Humidité relative,%,100.0
2025-06-02 11:00:00,Évapotranspiration Horaire,Évapotranspiration Horaire,mm/h,0.0
2025-06-02 11:00:00,Pression atmosphérique,Pression atmosphérique,hPa,966.2
2025-06-02 11:00:00,Point de Rosée,Point de Rosée,°c,23.7
2025-06-02 11:00:00,Rayonnement solaire,Rayonnement solaire,W/m²,986.0
2025-06-02 09:00:00,Rayonnement solaire,Rayonnement solaire,W/m²,703.0
2025-06-02 09:00:00,Température,Température,°c,22.1
2025-06-02 09:00:00,Direction du vent,Direction du vent,Deg,115.6
2025-06-02 09:00:00,Vitesse du vent,Vitesse du vent,m/s,2.23
2025-06-02 09:00:00,Évapotranspiration journalière,Évapotranspiration journalière,mm/j,5.04
2025-06-02 09:00:00,Évapotranspiration Horaire,Évapotranspiration Horaire,mm/h,0.0
2025-06-02 09:00:00,Pression atmosphérique,Pression atmosphérique,hPa,966.2
2025-06-02 09:00:00,Point de Rosée,Point de Rosée,°c,22.1
2025-06-02 09:00:00,Humidité relative,Humidité relative,%,100.0
2025-06-02 07:00:00,Température,Température,°c,19.7
2025-06-02 07:00:00,Direction du vent,Direction du vent,Deg,174.6
2025-06-02 07:00:00,Vitesse du vent,Vitesse du vent,m/s,2.16
2025-06-02 07:00:00,Évapotranspiration journalière,Évapotranspiration journalière,mm/j,5.04
2025-06-02 07:00:00,Évapotranspiration Horaire,Évapotranspiration Horaire,mm/h,0.0
2025-06-02 07:00:00,Pression atmosphérique,Pression atmosphérique,hPa,966.2
2025-06-02 07:00:00,Rayonnement solaire,Rayonnement solaire,W/m²,287.0
2025-06-02 07:00:00,Point de Rosée,Point de Rosée,°c,19.7
2025-06-02 07:00:00,Humidité relative,Humidité relative,%,100.0
2025-06-02 05:00:00,Température,Température,°c,13.3
2025-06-02 05:00:00,Direction du vent,Direction du vent,Deg,152.9
2025-06-02 05:00:00,Vitesse du vent,Vitesse du vent,m/s,0.6
2025-06-02 05:00:00,Évapotranspiration journalière,Évapotranspiration journalière,mm/j,5.04
2025-06-02 05:00:00,Évapotranspiration Horaire,Évapotranspiration Horaire,mm/h,0.0
2025-06-02 05:00:00,Pression atmosphérique,Pression atmosphérique,hPa,966.2
2025-06-02 05:00:00,Rayonnement solaire,Rayonnement solaire,W/m²,1.0
2025-06-02 05:00:00,Humidité relative,Humidité relative,%,100.0
2025-06-02 05:00:00,Point de Rosée,Point de Rosée,°c,13.3
2025-06-01 19:00:00,Évapotranspiration journalière,Évapotranspiration journalière,mm/j,5.33
2025-06-01 19:00:00,Humidité relative,Humidité relative,%,100.0
2025-06-01 19:00:00,Point de Rosée,Point de Rosée,°c,27.6
2025-06-01 19:00:00,Rayonnement solaire,Rayonnement solaire,W/m²,20.0
2025-06-01 19:00:00,Pression atmosphérique,Pression atmosphérique,hPa,966.2
2025-06-01 19:00:00,Évapotranspiration Horaire,Évapotranspiration Horaire,mm/h,0.0
2025-06-01 19:00:00,Vitesse du vent,Vitesse du vent,m/s,1.5
2025-06-01 19:00:00,Direction du vent,Direction du vent,Deg,147.9
2025-06-01 19:00:00,Température,Température,°c,27.6
2025-06-01 17:00:00,Humidité relative,Humidité relative,%,100.0
2025-06-01 17:00:00,Température,Température,°c,30.2
2025-06-01 17:00:00,Direction du vent,Direction du vent,Deg,121.3
2025-06-01 17:00:00,Vitesse du vent,Vitesse du vent,m/s,0.78
2025-06-01 17:00:00,Évapotranspiration journalière,Évapotranspiration journalière,mm/j,5.33
2025-06-01 17:00:00,Évapotranspiration Horaire,Évapotranspiration Horaire,mm/h,0.0
2025-06-01 17:00:00,Pression atmosphérique,Pression atmosphérique,hPa,966.2
2025-06-01 17:00:00,Rayonnement solaire,Rayonnement solaire,W/m²,417.0
2025-06-01 17:00:00,Point de Rosée,Point de Rosée,°c,30.2
2025-06-01 15:00:00,Point de Rosée,Point de Rosée,°c,30.2
2025-06-01 15:00:00,Température,Température,°c,30.2
2025-06-01 15:00:00,Direction du vent,Direction du vent,Deg,142.4
2025-06-01 15:00:00,Vitesse du vent,Vitesse du vent,m/s,3.54
2025-06-01 15:00:00,Évapotranspiration journalière,Évapotranspiration journalière,mm/j,5.33
2025-06-01 15:00:00,Évapotranspiration Horaire,Évapotranspiration Horaire,mm/h,0.0
2025-06-01 15:00:00,Pression atmosphérique,Pression atmosphérique,hPa,966.2
2025-06-01 15:00:00,Rayonnement solaire,Rayonnement solaire,W/m²,810.0
2025-06-01 15:00:00,Humidité relative,Humidité relative,%,100.0
2025-06-01 13:00:00,Humidité relative,Humidité relative,%,100.0
2025-06-01 13:00:00,Point de Rosée,Point de Rosée,°c,29.2
2025-06-01 13:00:00,Rayonnement solaire,Rayonnement solaire,W/m²,801.0
2025-06-01 13:00:00,Pression atmosphérique,Pression atmosphérique,hPa,966.2
2025-06-01 13:00:00,Évapotranspiration Horaire,Évapotranspiration Horaire,mm/h,0.0
2025-06-01 13:00:00,Évapotranspiration journalière,Évapotranspiration journalière,mm/j,5.33
2025-06-01 13:00:00,Vitesse du vent,Vitesse du vent,m/s,2.04
2025-06-01 13:00:00,Direction du vent,Direction du vent,Deg,94.1
2025-06-01 13:00:00,Température,Température,°c,29.2
2025-06-01 11:00:00,Température,Température,°c,26.3
2025-06-01 11:00:00,Direction du vent,Direction du vent,Deg,258.4
2025-06-01 11:00:00,Vitesse du vent,Vitesse du vent,m/s,0.59
2025-06-01 11:00:00,Évapotranspiration journalière,Évapotranspiration journalière,mm/j,5.33
2025-06-01 11:00:00,Évapotranspiration Horaire,Évapotranspiration Horaire,mm/h,0.0
2025-06-01 11:00:00,Pression atmosphérique,Pression atmosphérique,hPa,966.2
2025-06-01 11:00:00,Rayonnement solaire,Rayonnement solaire,W/m²,966.0
2025-06-01 11:00:00,Point de Rosée,Point de Rosée,°c,26.3
2025-06-01 11:00:00,Humidité relative,Humidité relative,%,100.0
2025-06-01 09:00:00,Direction du vent,Direction du vent,Deg,302.0
2025-06-01 09:00:00,Humidité relative,Humidité relative,%,100.0
2025-06-01 09:00:00,Point de Rosée,Point de Rosée,°c,23.8
2025-06-01 09:00:00,Rayonnement solaire,Rayonnement solaire,W/m²,690.0
2025-06-01 09:00:00,Pression atmosphérique,Pression atmosphérique,hPa,966.2
2025-06-01 09:00:00,Évapotranspiration Horaire,Évapotranspiration Horaire,mm/h,0.0
2025-06-01 09:00:00,Évapotranspiration journalière,Évapotranspiration journalière,mm/j,5.33
2025-06-01 09:00:00,Vitesse du vent,Vitesse du vent,m/s,0.7
2025-06-01 09:00:00,Température,Température,°c,23.8
2025-06-01 08:00:00,Température,Température,°c,22.9
2025-06-01 08:00:00,Humidité relative,Humidité relative,%,100.0
2025-06-01 08:00:00,Point de Rosée,Point de Rosée,°c,22.9
2025-06-01 08:00:00,Rayonnement solaire,Rayonnement solaire,W/m²,492.0
2025-06-01 08:00:00,Pression atmosphérique,Pression atmosphérique,hPa,966.2
2025-06-01 08:00:00,Évapotranspiration Horaire,Évapotranspiration Horaire,mm/h,0.0
2025-06-01 08:00:00,Évapotranspiration journalière,Évapotranspiration journalière,mm/j,5.33
2025-06-01 08:00:00,Vitesse du vent,Vitesse du vent,m/s,0.83
2025-06-01 08:00:00,Direction du vent,Direction du vent,Deg,68.0
2025-06-01 07:00:00,Direction du vent,Direction du vent,Deg,304.4
2025-06-01 07:00:00,Évapotranspiration journalière,Évapotranspiration journalière,mm/j,5.33
2025-06-01 07:00:00,Point de Rosée,Point de Rosée,°c,20.0
2025-06-01 07:00:00,Humidité relative,Humidité relative,%,100.0
2025-06-01 07:00:00,Rayonnement solaire,Rayonnement solaire,W/m²,280.0
2025-06-01 07:00:00,Vitesse du vent,Vitesse du vent,m/s,0.55
2025-06-01 07:00:00,Pression atmosphérique,Pression atmosphérique,hPa,966.2
2025-06-01 07:00:00,Température,Température,°c,20.0
2025-06-01 07:00:00,Évapotranspiration Horaire,Évapotranspiration Horaire,mm/h,0.0
2025-06-01 05:00:00,Température,Température,°c,15.2
2025-06-01 05:00:00,Humidité relative,Humidité relative,%,100.0
2025-06-01 05:00:00,Point de Rosée,Point de Rosée,°c,15.2
2025-06-01 05:00:00,Rayonnement solaire,Rayonnement solaire,W/m²,1.0
2025-06-01 05:00:00,Pression atmosphérique,Pression atmosphérique,hPa,966.2
2025-06-01 05:00:00,Évapotranspiration Horaire,Évapotranspiration Horaire,mm/h,0.0
2025-06-01 05:00:00,Évapotranspiration journalière,Évapotranspiration journalière,mm/j,5.33
2025-06-01 05:00:00,Vitesse du vent,Vitesse du vent,m/s,0.43
2025-06-01 05:00:00,Direction du vent,Direction du vent,Deg,193.1
2025-05-31 23:00:00,Température,Température,°c,20.3
2025-05-31 23:00:00,Vitesse du vent,Vitesse du vent,m/s,0.6
2025-05-31 23:00:00,Évapotranspiration journalière,Évapotranspiration journalière,mm/j,5.23
2025-05-31 23:00:00,Évapotranspiration Horaire,Évapotranspiration Horaire,mm/h,0.0
2025-05-31 23:00:00,Pression atmosphérique,Pression atmosphérique,hPa,966.2
2025-05-31 23:00:00,Rayonnement solaire,Rayonnement solaire,W/m²,0.0
2025-05-31 23:00:00,Point de Rosée,Point de Rosée,°c,20.3
2025-05-31 23:00:00,Direction du vent,Direction du vent,Deg,216.8
2025-05-31 23:00:00,Humidité relative,Humidité relative,%,100.0
2025-05-31 21:00:00,Humidité relative,Humidité relative,%,100.0
2025-05-31 21:00:00,Point de Rosée,Point de Rosée,°c,23.1
2025-05-31 21:00:00,Rayonnement solaire,Rayonnement solaire,W/m²,0.0
2025-05-31 21:00:00,Pression atmosphérique,Pression atmosphérique,hPa,966.2
2025-05-31 21:00:00,Évapotranspiration Horaire,Évapotranspiration Horaire,mm/h,0.0
2025-05-31 21:00:00,Évapotranspiration journalière,Évapotranspiration journalière,mm/j,5.23
2025-05-31 21:00:00,Vitesse du vent,Vitesse du vent,m/s,1.43
2025-05-31 21:00:00,Direction du vent,Direction du vent,Deg,76.3
2025-05-31 21:00:00,Température,Température,°c,23.1
2025-05-31 19:00:00,Humidité relative,Humidité relative,%,100.0
2025-05-31 19:00:00,Température,Température,°c,28.6
2025-05-31 19:00:00,Direction du vent,Direction du vent,Deg,99.1
2025-05-31 19:00:00,Vitesse du vent,Vitesse du vent,m/s,1.86
2025-05-31 19:00:00,Évapotranspiration journalière,Évapotranspiration journalière,mm/j,5.23
2025-05-31 19:00:00,Évapotranspiration Horaire,Évapotranspiration Horaire,mm/h,0.0
2025-05-31 19:00:00,Pression atmosphérique,Pression atmosphérique,hPa,966.2
2025-05-31 19:00:00,Rayonnement solaire,Rayonnement solaire,W/m²,21.0
2025-05-31 19:00:00,Point de Rosée,Point de Rosée,°c,28.6
2025-05-31 17:00:00,Point de Rosée,Point de Rosée,°c,30.6
2025-05-31 17:00:00,Température,Température,°c,30.6
2025-05-31 17:00:00,Direction du vent,Direction du vent,Deg,328.8
2025-05-31 17:00:00,Vitesse du vent,Vitesse du vent,m/s,0.32
2025-05-31 17:00:00,Évapotranspiration journalière,Évapotranspiration journalière,mm/j,5.23
2025-05-31 17:00:00,Évapotranspiration Horaire,Évapotranspiration Horaire,mm/h,0.0
2025-05-31 17:00:00,Pression atmosphérique,Pression atmosphérique,hPa,966.2
2025-05-31 17:00:00,Rayonnement solaire,Rayonnement solaire,W/m²,412.0
2025-05-31 17:00:00,Humidité relative,Humidité relative,%,100.0
2025-05-31 15:00:00,Température,Température,°c,30.0
2025-05-31 15:00:00,Humidité relative,Humidité relative,%,100.0
2025-05-31 15:00:00,Point de Rosée,Point de Rosée,°c,30.0
2025-05-31 15:00:00,Rayonnement solaire,Rayonnement solaire,W/m²,806.0
2025-05-31 15:00:00,Pression atmosphérique,Pression atmosphérique,hPa,966.2
2025-05-31 15:00:00,Évapotranspiration Horaire,Évapotranspiration Horaire,mm/h,0.0
2025-05-31 15:00:00,Évapotranspiration journalière,Évapotranspiration journalière,mm/j,5.23
2025-05-31 15:00:00,Vitesse du vent,Vitesse du vent,m/s,0.8
2025-05-31 15:00:00,Direction du vent,Direction du vent,Deg,17.9
2025-05-31 13:00:00,Température,Température,°c,28.7
2025-05-31 13:00:00,Direction du vent,Direction du vent,Deg,4.6
2025-05-31 13:00:00,Vitesse du vent,Vitesse du vent,m/s,3.17
2025-05-31 13:00:00,Évapotranspiration journalière,Évapotranspiration journalière,mm/j,5.23
2025-05-31 13:00:00,Évapotranspiration Horaire,Évapotranspiration Horaire,mm/h,0.0
2025-05-31 13:00:00,Pression atmosphérique,Pression atmosphérique,hPa,966.2
2025-05-31 13:00:00,Rayonnement solaire,Rayonnement solaire,W/m²,1007.0
2025-05-31 13:00:00,Point de Rosée,Point de Rosée,°c,28.7
2025-05-31 13:00:00,Humidité relative,Humidité relative,%,100.0
2025-05-31 11:00:00,Température,Température,°c,26.9
2025-05-31 11:00:00,Direction du vent,Direction du vent,Deg,14.9
2025-05-31 11:00:00,Vitesse du vent,Vitesse du vent,m/s,0.77
2025-05-31 11:00:00,Évapotranspiration journalière,Évapotranspiration journalière,mm/j,5.23
2025-05-31 11:00:00,Évapotranspiration Horaire,Évapotranspiration Horaire,mm/h,0.0
2025-05-31 11:00:00,Pression atmosphérique,Pression atmosphérique,hPa,966.2
2025-05-31 11:00:00,Rayonnement solaire,Rayonnement solaire,W/m²,951.0
2025-05-31 11:00:00,Point de Rosée,Point de Rosée,°c,26.9
2025-05-31 11:00:00,Humidité relative,Humidité relative,%,100.0
2025-05-31 09:00:00,Température,Température,°c,24.0
2025-05-31 09:00:00,Vitesse du vent,Vitesse du vent,m/s,2.0
2025-05-31 09:00:00,Évapotranspiration journalière,Évapotranspiration journalière,mm/j,5.23
2025-05-31 09:00:00,Évapotranspiration Horaire,Évapotranspiration Horaire,mm/h,0.0
2025-05-31 09:00:00,Pression atmosphérique,Pression atmosphérique,hPa,966.2
2025-05-31 09:00:00,Direction du vent,Direction du vent,Deg,351.6
2025-05-31 09:00:00,Rayonnement solaire,Rayonnement solaire,W/m²,684.0
2025-05-31 09:00:00,Point de Rosée,Point de Rosée,°c,24.0
2025-05-31 09:00:00,Humidité relative,Humidité relative,%,100.0
2025-05-31 07:00:00,Vitesse du vent,Vitesse du vent,m/s,0.26
2025-05-31 07:00:00,Humidité relative,Humidité relative,%,100.0
2025-05-31 07:00:00,Point de Rosée,Point de Rosée,°c,21.0
2025-05-31 07:00:00,Rayonnement solaire,Rayonnement solaire,W/m²,273.0
2025-05-31 07:00:00,Pression atmosphérique,Pression atmosphérique,hPa,966.2
2025-05-31 07:00:00,Évapotranspiration Horaire,Évapotranspiration Horaire,mm/h,0.0
2025-05-31 07:00:00,Évapotranspiration journalière,Évapotranspiration journalière,mm/j,5.23
2025-05-31 07:00:00,Direction du vent,Direction du vent,Deg,259.3
2025-05-31 07:00:00,Température,Température,°c,21.0
2025-05-31 06:00:00,Humidité relative,Humidité relative,%,100.0
2025-05-31 06:00:00,Direction du vent,Direction du vent,Deg,184.2
2025-05-31 06:00:00,Température,Température,°c,15.7
2025-05-31 06:00:00,Vitesse du vent,Vitesse du vent,m/s,0.34
2025-05-31 06:00:00,Évapotranspiration journalière,Évapotranspiration journalière,mm/j,5.23
2025-05-31 06:00:00,Évapotranspiration Horaire,Évapotranspiration Horaire,mm/h,0.0
2025-05-31 06:00:00,Pression atmosphérique,Pression atmosphérique,hPa,966.2
2025-05-31 06:00:00,Rayonnement solaire,Rayonnement solaire,W/m²,81.0
2025-05-31 06:00:00,Point de Rosée,Point de Rosée,°c,15.7
2025-05-31 05:00:00,Rayonnement solaire,Rayonnement solaire,W/m²,1.0
2025-05-31 05:00:00,Température,Température,°c,14.4
2025-05-31 05:00:00,Évapotranspiration Horaire,Évapotranspiration Horaire,mm/h,0.0
2025-05-31 05:00:00,Direction du vent,Direction du vent,Deg,233.5
2025-05-31 05:00:00,Humidité relative,Humidité relative,%,100.0
2025-05-31 05:00:00,Pression atmosphérique,Pression atmosphérique,hPa,966.2
2025-05-31 05:00:00,Vitesse du vent,Vitesse du vent,m/s,0.13
2025-05-31 05:00:00,Point de Rosée,Point de Rosée,°c,14.4
2025-05-31 05:00:00,Évapotranspiration journalière,Évapotranspiration journalière,mm/j,5.23
2025-05-30 17:00:00,Vitesse du vent,Vitesse du vent,m/s,1.41
2025-05-30 17:00:00,Température,Température,°c,29.3
2025-05-30 17:00:00,Direction du vent,Direction du vent,Deg,76.9
2025-05-30 17:00:00,Évapotranspiration journalière,Évapotranspiration journalière,mm/j,5.42
2025-05-30 17:00:00,Évapotranspiration Horaire,Évapotranspiration Horaire,mm/h,0.0
2025-05-30 17:00:00,Pression atmosphérique,Pression atmosphérique,hPa,966.2
2025-05-30 17:00:00,Rayonnement solaire,Rayonnement solaire,W/m²,405.0
2025-05-30 17:00:00,Point de Rosée,Point de Rosée,°c,29.3
2025-05-30 17:00:00,Humidité relative,Humidité relative,%,100.0
2025-05-30 15:00:00,Humidité relative,Humidité relative,%,100.0
2025-05-30 15:00:00,Température,Température,°c,29.5
2025-05-30 15:00:00,Direction du vent,Direction du vent,Deg,17.4
2025-05-30 15:00:00,Vitesse du vent,Vitesse du vent,m/s,0.73
2025-05-30 15:00:00,Évapotranspiration journalière,Évapotranspiration journalière,mm/j,5.42
2025-05-30 15:00:00,Évapotranspiration Horaire,Évapotranspiration Horaire,mm/h,0.0
2025-05-30 15:00:00,Pression atmosphérique,Pression atmosphérique,hPa,966.2
2025-05-30 15:00:00,Rayonnement solaire,Rayonnement solaire,W/m²,803.0
2025-05-30 15:00:00,Point de Rosée,Point de Rosée,°c,29.5
2025-05-30 13:00:00,Point de Rosée,Point de Rosée,°c,28.6
2025-05-30 13:00:00,Température,Température,°c,28.6
2025-05-30 13:00:00,Direction du vent,Direction du vent,Deg,359.4
2025-05-30 13:00:00,Vitesse du vent,Vitesse du vent,m/s,3.9
2025-05-30 13:00:00,Évapotranspiration journalière,Évapotranspiration journalière,mm/j,5.42
2025-05-30 13:00:00,Évapotranspiration Horaire,Évapotranspiration Horaire,mm/h,0.0
2025-05-30 13:00:00,Pression atmosphérique,Pression atmosphérique,hPa,966.2
2025-05-30 13:00:00,Rayonnement solaire,Rayonnement solaire,W/m²,1013.0
2025-05-30 13:00:00,Humidité relative,Humidité relative,%,100.0
2025-05-30 11:00:00,Rayonnement solaire,Rayonnement solaire,W/m²,972.0
2025-05-30 11:00:00,Température,Température,°c,27.8
2025-05-30 11:00:00,Direction du vent,Direction du vent,Deg,24.5
2025-05-30 11:00:00,Humidité relative,Humidité relative,%,100.0
2025-05-30 11:00:00,Vitesse du vent,Vitesse du vent,m/s,6.6
2025-05-30 11:00:00,Évapotranspiration journalière,Évapotranspiration journalière,mm/j,5.42
2025-05-30 11:00:00,Évapotranspiration Horaire,Évapotranspiration Horaire,mm/h,0.0
2025-05-30 11:00:00,Pression atmosphérique,Pression atmosphérique,hPa,966.2
2025-05-30 11:00:00,Point de Rosée,Point de Rosée,°c,27.8
2025-05-30 09:00:00,Évapotranspiration Horaire,Évapotranspiration Horaire,mm/h,0.0
2025-05-30 09:00:00,Température,Température,°c,24.5
2025-05-30 09:00:00,Direction du vent,Direction du vent,Deg,11.8
2025-05-30 09:00:00,Vitesse du vent,Vitesse du vent,m/s,3.26
2025-05-30 09:00:00,Évapotranspiration journalière,Évapotranspiration journalière,mm/j,5.42
2025-05-30 09:00:00,Humidité relative,Humidité relative,%,100.0
2025-05-30 09:00:00,Pression atmosphérique,Pression atmosphérique,hPa,966.2
2025-05-30 09:00:00,Rayonnement solaire,Rayonnement solaire,W/m²,691.0
2025-05-30 09:00:00,Point de Rosée,Point de Rosée,°c,24.5
2025-05-30 08:00:00,Direction du vent,Direction du vent,Deg,3.3
2025-05-30 08:00:00,Pression atmosphérique,Pression atmosphérique,hPa,966.2
2025-05-30 08:00:00,Évapotranspiration journalière,Évapotranspiration journalière,mm/j,5.42
2025-05-30 08:00:00,Rayonnement solaire,Rayonnement solaire,W/m²,497.0
2025-05-30 08:00:00,Température,Température,°c,23.2
2025-05-30 08:00:00,Point de Rosée,Point de Rosée,°c,23.2
2025-05-30 08:00:00,Vitesse du vent,Vitesse du vent,m/s,3.6
2025-05-30 08:00:00,Humidité relative,Humidité relative,%,100.0
2025-05-30 08:00:00,Évapotranspiration Horaire,Évapotranspiration Horaire,mm/h,0.0
2025-05-30 07:00:00,Température,Température,°c,21.5
2025-05-30 07:00:00,Direction du vent,Direction du vent,Deg,29.2
2025-05-30 07:00:00,Vitesse du vent,Vitesse du vent,m/s,0.64
2025-05-30 07:00:00,Évapotranspiration journalière,Évapotranspiration journalière,mm/j,5.42
2025-05-30 07:00:00,Évapotranspiration Horaire,Évapotranspiration Horaire,mm/h,0.0
2025-05-30 07:00:00,Pression atmosphérique,Pression atmosphérique,hPa,966.2
2025-05-30 07:00:00,Rayonnement solaire,Rayonnement solaire,W/m²,280.0
2025-05-30 07:00:00,Point de Rosée,Point de Rosée,°c,21.5
2025-05-30 07:00:00,Humidité relative,Humidité relative,%,100.0
2025-05-30 05:00:00,Température,Température,°c,18.8
2025-05-30 05:00:00,Direction du vent,Direction du vent,Deg,329.6
2025-05-30 05:00:00,Vitesse du vent,Vitesse du vent,m/s,0.72
2025-05-30 05:00:00,Évapotranspiration journalière,Évapotranspiration journalière,mm/j,5.42
2025-05-30 05:00:00,Évapotranspiration Horaire,Évapotranspiration Horaire,mm/h,0.0
2025-05-30 05:00:00,Pression atmosphérique,Pression atmosphérique,hPa,966.2
2025-05-30 05:00:00,Rayonnement solaire,Rayonnement solaire,W/m²,0.0
2025-05-30 05:00:00,Point de Rosée,Point de Rosée,°c,18.8
2025-05-30 05:00:00,Humidité relative,Humidité relative,%,100.0
2025-05-29 11:00:00,Rayonnement solaire,Rayonnement solaire,W/m²,975.0
2025-05-29 11:00:00,Température,Température,°c,28.9
2025-05-29 11:00:00,Direction du vent,Direction du vent,Deg,208.7
2025-05-29 11:00:00,Vitesse du vent,Vitesse du vent,m/s,1.12
2025-05-29 11:00:00,Évapotranspiration journalière,Évapotranspiration journalière,mm/j,5.22
2025-05-29 11:00:00,Évapotranspiration Horaire,Évapotranspiration Horaire,mm/h,0.0
2025-05-29 11:00:00,Pression atmosphérique,Pression atmosphérique,hPa,966.2
2025-05-29 11:00:00,Point de Rosée,Point de Rosée,°c,28.9
2025-05-29 11:00:00,Humidité relative,Humidité relative,%,100.0
2025-05-29 09:00:00,Température,Température,°c,25.6
2025-05-29 09:00:00,Direction du vent,Direction du vent,Deg,294.2
2025-05-29 09:00:00,Vitesse du vent,Vitesse du vent,m/s,1.88
2025-05-29 09:00:00,Évapotranspiration journalière,Évapotranspiration journalière,mm/j,5.22
2025-05-29 09:00:00,Évapotranspiration Horaire,Évapotranspiration Horaire,mm/h,0.0
2025-05-29 09:00:00,Pression atmosphérique,Pression atmosphérique,hPa,966.2
2025-05-29 09:00:00,Rayonnement solaire,Rayonnement solaire,W/m²,700.0
2025-05-29 09:00:00,Point de Rosée,Point de Rosée,°c,25.6
2025-05-29 09:00:00,Humidité relative,Humidité relative,%,100.0
2025-05-29 07:00:00,Température,Température,°c,20.9
2025-05-29 07:00:00,Direction du vent,Direction du vent,Deg,251.5
2025-05-29 07:00:00,Vitesse du vent,Vitesse du vent,m/s,0.83
2025-05-29 07:00:00,Évapotranspiration journalière,Évapotranspiration journalière,mm/j,5.22
2025-05-29 07:00:00,Évapotranspiration Horaire,Évapotranspiration Horaire,mm/h,0.0
2025-05-29 07:00:00,Pression atmosphérique,Pression atmosphérique,hPa,966.2
2025-05-29 07:00:00,Rayonnement solaire,Rayonnement solaire,W/m²,285.0
2025-05-29 07:00:00,Point de Rosée,Point de Rosée,°c,20.9
2025-05-29 07:00:00,Humidité relative,Humidité relative,%,100.0
2025-05-29 05:00:00,Température,Température,°c,17.9
2025-05-29 05:00:00,Direction du vent,Direction du vent,Deg,232.3
2025-05-29 05:00:00,Vitesse du vent,Vitesse du vent,m/s,1.55
2025-05-29 05:00:00,Évapotranspiration journalière,Évapotranspiration journalière,mm/j,5.22
2025-05-29 05:00:00,Évapotranspiration Horaire,Évapotranspiration Horaire,mm/h,0.0
2025-05-29 05:00:00,Pression atmosphérique,Pression atmosphérique,hPa,966.2
2025-05-29 05:00:00,Rayonnement solaire,Rayonnement solaire,W/m²,0.0
2025-05-29 05:00:00,Point de Rosée,Point de Rosée,°c,17.9
2025-05-29 05:00:00,Humidité relative,Humidité relative,%,100.0
2025-05-28 15:00:00,Évapotranspiration Horaire,Évapotranspiration Horaire,mm/h,0.0
2025-05-28 15:00:00,Pression atmosphérique,Pression atmosphérique,hPa,966.2
2025-05-28 15:00:00,Évapotranspiration journalière,Évapotranspiration journalière,mm/j,5.46
2025-05-28 15:00:00,Rayonnement solaire,Rayonnement solaire,W/m²,811.0
2025-05-28 15:00:00,Vitesse du vent,Vitesse du vent,m/s,6.11
2025-05-28 15:00:00,Point de Rosée,Point de Rosée,°c,31.3
2025-05-28 15:00:00,Température,Température,°c,31.3
2025-05-28 15:00:00,Direction du vent,Direction du vent,Deg,314.9
2025-05-28 15:00:00,Humidité relative,Humidité relative,%,100.0
2025-05-28 13:00:00,Température,Température,°c,29.7
2025-05-28 13:00:00,Direction du vent,Direction du vent,Deg,334.3
2025-05-28 13:00:00,Vitesse du vent,Vitesse du vent,m/s,6.91
2025-05-28 13:00:00,Évapotranspiration journalière,Évapotranspiration journalière,mm/j,5.46
2025-05-28 13:00:00,Évapotranspiration Horaire,Évapotranspiration Horaire,mm/h,0.0
2025-05-28 13:00:00,Pression atmosphérique,Pression atmosphérique,hPa,966.2
2025-05-28 13:00:00,Rayonnement solaire,Rayonnement solaire,W/m²,1012.0
2025-05-28 13:00:00,Point de Rosée,Point de Rosée,°c,29.7
2025-05-28 13:00:00,Humidité relative,Humidité relative,%,100.0
2025-05-28 11:00:00,Température,Température,°c,27.7
2025-05-28 11:00:00,Direction du vent,Direction du vent,Deg,2.5
2025-05-28 11:00:00,Vitesse du vent,Vitesse du vent,m/s,2.54
2025-05-28 11:00:00,Évapotranspiration journalière,Évapotranspiration journalière,mm/j,5.46
2025-05-28 11:00:00,Évapotranspiration Horaire,Évapotranspiration Horaire,mm/h,0.0
2025-05-28 11:00:00,Pression atmosphérique,Pression atmosphérique,hPa,966.2
2025-05-28 11:00:00,Rayonnement solaire,Rayonnement solaire,W/m²,962.0
2025-05-28 11:00:00,Point de Rosée,Point de Rosée,°c,27.7
2025-05-28 11:00:00,Humidité relative,Humidité relative,%,100.0
2025-05-28 09:00:00,Rayonnement solaire,Rayonnement solaire,W/m²,683.0
2025-05-28 09:00:00,Température,Température,°c,26.3
2025-05-28 09:00:00,Direction du vent,Direction du vent,Deg,355.3
2025-05-28 09:00:00,Vitesse du vent,Vitesse du vent,m/s,2.31
2025-05-28 09:00:00,Évapotranspiration journalière,Évapotranspiration journalière,mm/j,5.46
2025-05-28 09:00:00,Évapotranspiration Horaire,Évapotranspiration Horaire,mm/h,0.0
2025-05-28 09:00:00,Pression atmosphérique,Pression atmosphérique,hPa,966.2
2025-05-28 09:00:00,Point de Rosée,Point de Rosée,°c,26.3
2025-05-28 09:00:00,Humidité relative,Humidité relative,%,100.0
2025-05-28 07:00:00,Température,Température,°c,21.2
2025-05-28 07:00:00,Direction du vent,Direction du vent,Deg,287.6
2025-05-28 07:00:00,Vitesse du vent,Vitesse du vent,m/s,2.2
2025-05-28 07:00:00,Évapotranspiration journalière,Évapotranspiration journalière,mm/j,5.46
2025-05-28 07:00:00,Évapotranspiration Horaire,Évapotranspiration Horaire,mm/h,0.0
2025-05-28 07:00:00,Pression atmosphérique,Pression atmosphérique,hPa,966.2
2025-05-28 07:00:00,Rayonnement solaire,Rayonnement solaire,W/m²,275.0
2025-05-28 07:00:00,Point de Rosée,Point de Rosée,°c,21.2
2025-05-28 07:00:00,Humidité relative,Humidité relative,%,100.0
2025-05-28 06:00:00,Température,Température,°c,17.5
2025-05-28 06:00:00,Humidité relative,Humidité relative,%,100.0
2025-05-28 06:00:00,Direction du vent,Direction du vent,Deg,210.9
2025-05-28 06:00:00,Point de Rosée,Point de Rosée,°c,17.5
2025-05-28 06:00:00,Vitesse du vent,Vitesse du vent,m/s,1.01
2025-05-28 06:00:00,Rayonnement solaire,Rayonnement solaire,W/m²,77.0
2025-05-28 06:00:00,Évapotranspiration journalière,Évapotranspiration journalière,mm/j,5.46
2025-05-28 06:00:00,Pression atmosphérique,Pression atmosphérique,hPa,966.2
2025-05-28 06:00:00,Évapotranspiration Horaire,Évapotranspiration Horaire,mm/h,0.0
2025-05-28 05:00:00,Évapotranspiration Horaire,Évapotranspiration Horaire,mm/h,0.0
2025-05-28 05:00:00,Température,Température,°c,17.1
2025-05-28 05:00:00,Direction du vent,Direction du vent,Deg,222.3
2025-05-28 05:00:00,Vitesse du vent,Vitesse du vent,m/s,0.95
2025-05-28 05:00:00,Évapotranspiration journalière,Évapotranspiration journalière,mm/j,5.46
2025-05-28 05:00:00,Pression atmosphérique,Pression atmosphérique,hPa,966.2
2025-05-28 05:00:00,Rayonnement solaire,Rayonnement solaire,W/m²,1.0
2025-05-28 05:00:00,Point de Rosée,Point de Rosée,°c,17.1
2025-05-28 05:00:00,Humidité relative,Humidité relative,%,100.0
2025-05-28 03:00:00,Direction du vent,Direction du vent,Deg,240.6
2025-05-28 03:00:00,Température,Température,°c,17.7
2025-05-28 03:00:00,Vitesse du vent,Vitesse du vent,m/s,1.24
2025-05-28 03:00:00,Évapotranspiration journalière,Évapotranspiration journalière,mm/j,5.46
2025-05-28 03:00:00,Évapotranspiration Horaire,Évapotranspiration Horaire,mm/h,0.0
2025-05-28 03:00:00,Pression atmosphérique,Pression atmosphérique,hPa,966.2
2025-05-28 03:00:00,Rayonnement solaire,Rayonnement solaire,W/m²,0.0
2025-05-28 03:00:00,Point de Rosée,Point de Rosée,°c,17.7
2025-05-28 03:00:00,Humidité relative,Humidité relative,%,100.0
2025-05-28 01:00:00,Température,Température,°c,19.3
2025-05-28 01:00:00,Direction du vent,Direction du vent,Deg,254.8
2025-05-28 01:00:00,Vitesse du vent,Vitesse du vent,m/s,0.41
2025-05-28 01:00:00,Évapotranspiration journalière,Évapotranspiration journalière,mm/j,5.46
2025-05-28 01:00:00,Évapotranspiration Horaire,Évapotranspiration Horaire,mm/h,0.0
2025-05-28 01:00:00,Pression atmosphérique,Pression atmosphérique,hPa,966.2
2025-05-28 01:00:00,Rayonnement solaire,Rayonnement solaire,W/m²,0.0
2025-05-28 01:00:00,Point de Rosée,Point de Rosée,°c,19.3
2025-05-28 01:00:00,Humidité relative,Humidité relative,%,100.0
2025-05-28 00:00:00,Vitesse du vent,Vitesse du vent,m/s,0.84
2025-05-28 00:00:00,Température,Température,°c,20.8
2025-05-28 00:00:00,Direction du vent,Direction du vent,Deg,75.0
2025-05-28 00:00:00,Évapotranspiration journalière,Évapotranspiration journalière,mm/j,4.99
2025-05-28 00:00:00,Évapotranspiration Horaire,Évapotranspiration Horaire,mm/h,0.0
2025-05-28 00:00:00,Pression atmosphérique,Pression atmosphérique,hPa,966.2
2025-05-28 00:00:00,Rayonnement solaire,Rayonnement solaire,W/m²,0.0
2025-05-28 00:00:00,Point de Rosée,Point de Rosée,°c,20.8
2025-05-28 00:00:00,Humidité relative,Humidité relative,%,100.0
2025-05-27 23:00:00,Pression atmosphérique,Pression atmosphérique,hPa,966.2
2025-05-27 23:00:00,Point de Rosée,Point de Rosée,°c,21.9
2025-05-27 23:00:00,Rayonnement solaire,Rayonnement solaire,W/m²,0.0
2025-05-27 23:00:00,Direction du vent,Direction du vent,Deg,45.1
2025-05-27 23:00:00,Température,Température,°c,21.9
2025-05-27 23:00:00,Vitesse du vent,Vitesse du vent,m/s,0.67
2025-05-27 23:00:00,Humidité relative,Humidité relative,%,100.0
2025-05-27 23:00:00,Évapotranspiration journalière,Évapotranspiration journalière,mm/j,4.99
2025-05-27 23:00:00,Évapotranspiration Horaire,Évapotranspiration Horaire,mm/h,0.0
2025-05-27 21:00:00,Évapotranspiration Horaire,Évapotranspiration Horaire,mm/h,0.0
2025-05-27 21:00:00,Pression atmosphérique,Pression atmosphérique,hPa,966.2
2025-05-27 21:00:00,Rayonnement solaire,Rayonnement solaire,W/m²,0.0
2025-05-27 21:00:00,Point de Rosée,Point de Rosée,°c,24.5
2025-05-27 21:00:00,Humidité relative,Humidité relative,%,100.0
2025-05-27 21:00:00,Température,Température,°c,24.5
2025-05-27 21:00:00,Direction du vent,Direction du vent,Deg,92.9
2025-05-27 21:00:00,Vitesse du vent,Vitesse du vent,m/s,2.23
2025-05-27 21:00:00,Évapotranspiration journalière,Évapotranspiration journalière,mm/j,4.99
2025-05-27 19:00:00,Direction du vent,Direction du vent,Deg,31.7
2025-05-27 19:00:00,Humidité relative,Humidité relative,%,100.0
2025-05-27 19:00:00,Point de Rosée,Point de Rosée,°c,30.1
2025-05-27 19:00:00,Rayonnement solaire,Rayonnement solaire,W/m²,21.0
2025-05-27 19:00:00,Pression atmosphérique,Pression atmosphérique,hPa,966.2
2025-05-27 19:00:00,Évapotranspiration Horaire,Évapotranspiration Horaire,mm/h,0.0
2025-05-27 19:00:00,Évapotranspiration journalière,Évapotranspiration journalière,mm/j,4.99
2025-05-27 19:00:00,Vitesse du vent,Vitesse du vent,m/s,1.5
2025-05-27 19:00:00,Température,Température,°c,30.1
2025-05-27 18:00:00,Humidité relative,Humidité relative,%,100.0
2025-05-27 18:00:00,Évapotranspiration journalière,Évapotranspiration journalière,mm/j,4.99
2025-05-27 18:00:00,Vitesse du vent,Vitesse du vent,m/s,2.07
2025-05-27 18:00:00,Direction du vent,Direction du vent,Deg,338.2
2025-05-27 18:00:00,Température,Température,°c,31.8
2025-05-27 18:00:00,Évapotranspiration Horaire,Évapotranspiration Horaire,mm/h,0.0
2025-05-27 18:00:00,Pression atmosphérique,Pression atmosphérique,hPa,966.2
2025-05-27 18:00:00,Rayonnement solaire,Rayonnement solaire,W/m²,209.0
2025-05-27 18:00:00,Point de Rosée,Point de Rosée,°c,31.8
2025-05-27 17:00:00,Rayonnement solaire,Rayonnement solaire,W/m²,457.0
2025-05-27 17:00:00,Évapotranspiration journalière,Évapotranspiration journalière,mm/j,4.99
2025-05-27 17:00:00,Évapotranspiration Horaire,Évapotranspiration Horaire,mm/h,0.0
2025-05-27 17:00:00,Vitesse du vent,Vitesse du vent,m/s,0.94
2025-05-27 17:00:00,Humidité relative,Humidité relative,%,100.0
2025-05-27 17:00:00,Direction du vent,Direction du vent,Deg,351.5
2025-05-27 17:00:00,Pression atmosphérique,Pression atmosphérique,hPa,966.2
2025-05-27 17:00:00,Température,Température,°c,32.8
2025-05-27 17:00:00,Point de Rosée,Point de Rosée,°c,32.8
2025-05-27 15:00:00,Humidité relative,Humidité relative,%,100.0
2025-05-27 15:00:00,Température,Température,°c,31.6
2025-05-27 15:00:00,Direction du vent,Direction du vent,Deg,160.6
2025-05-27 15:00:00,Vitesse du vent,Vitesse du vent,m/s,2.77
2025-05-27 15:00:00,Évapotranspiration journalière,Évapotranspiration journalière,mm/j,4.99
2025-05-27 15:00:00,Évapotranspiration Horaire,Évapotranspiration Horaire,mm/h,0.0
2025-05-27 15:00:00,Pression atmosphérique,Pression atmosphérique,hPa,966.2
2025-05-27 15:00:00,Rayonnement solaire,Rayonnement solaire,W/m²,791.0
2025-05-27 15:00:00,Point de Rosée,Point de Rosée,°c,31.6
2025-05-27 13:00:00,Humidité relative,Humidité relative,%,100.0
2025-05-27 13:00:00,Température,Température,°c,29.7
2025-05-27 13:00:00,Direction du vent,Direction du vent,Deg,82.3
2025-05-27 13:00:00,Vitesse du vent,Vitesse du vent,m/s,3.52
2025-05-27 13:00:00,Évapotranspiration journalière,Évapotranspiration journalière,mm/j,4.99
2025-05-27 13:00:00,Évapotranspiration Horaire,Évapotranspiration Horaire,mm/h,0.0
2025-05-27 13:00:00,Pression atmosphérique,Pression atmosphérique,hPa,966.2
2025-05-27 13:00:00,Rayonnement solaire,Rayonnement solaire,W/m²,1002.0
2025-05-27 13:00:00,Point de Rosée,Point de Rosée,°c,29.7
2025-05-27 11:00:00,Point de Rosée,Point de Rosée,°c,27.9
2025-05-27 11:00:00,Température,Température,°c,27.9
2025-05-27 11:00:00,Direction du vent,Direction du vent,Deg,352.8
2025-05-27 11:00:00,Vitesse du vent,Vitesse du vent,m/s,1.26
2025-05-27 11:00:00,Évapotranspiration journalière,Évapotranspiration journalière,mm/j,4.99
2025-05-27 11:00:00,Évapotranspiration Horaire,Évapotranspiration Horaire,mm/h,0.0
2025-05-27 11:00:00,Pression atmosphérique,Pression atmosphérique,hPa,966.2
2025-05-27 11:00:00,Rayonnement solaire,Rayonnement solaire,W/m²,964.0
2025-05-27 11:00:00,Humidité relative,Humidité relative,%,100.0
2025-05-27 09:00:00,Évapotranspiration journalière,Évapotranspiration journalière,mm/j,4.99
2025-05-27 09:00:00,Température,Température,°c,24.7
2025-05-27 09:00:00,Direction du vent,Direction du vent,Deg,315.9
2025-05-27 09:00:00,Vitesse du vent,Vitesse du vent,m/s,1.23
2025-05-27 09:00:00,Évapotranspiration Horaire,Évapotranspiration Horaire,mm/h,0.0
2025-05-27 09:00:00,Pression atmosphérique,Pression atmosphérique,hPa,966.2
2025-05-27 09:00:00,Rayonnement solaire,Rayonnement solaire,W/m²,685.0
2025-05-27 09:00:00,Point de Rosée,Point de Rosée,°c,24.7
2025-05-27 09:00:00,Humidité relative,Humidité relative,%,100.0
2025-05-27 07:00:00,Température,Température,°c,19.4
2025-05-27 07:00:00,Direction du vent,Direction du vent,Deg,275.5
2025-05-27 07:00:00,Vitesse du vent,Vitesse du vent,m/s,1.33
2025-05-27 07:00:00,Évapotranspiration journalière,Évapotranspiration journalière,mm/j,4.99
2025-05-27 07:00:00,Évapotranspiration Horaire,Évapotranspiration Horaire,mm/h,0.0
2025-05-27 07:00:00,Pression atmosphérique,Pression atmosphérique,hPa,966.2
2025-05-27 07:00:00,Rayonnement solaire,Rayonnement solaire,W/m²,272.0
2025-05-27 07:00:00,Point de Rosée,Point de Rosée,°c,19.4
2025-05-27 07:00:00,Humidité relative,Humidité relative,%,100.0
2025-05-27 05:00:00,Point de Rosée,Point de Rosée,°c,14.9
2025-05-27 05:00:00,Température,Température,°c,14.9
2025-05-27 05:00:00,Direction du vent,Direction du vent,Deg,229.1
2025-05-27 05:00:00,Vitesse du vent,Vitesse du vent,m/s,1.12
2025-05-27 05:00:00,Humidité relative,Humidité relative,%,100.0
2025-05-27 05:00:00,Évapotranspiration journalière,Évapotranspiration journalière,mm/j,4.99
2025-05-27 05:00:00,Évapotranspiration Horaire,Évapotranspiration Horaire,mm/h,0.0
2025-05-27 05:00:00,Pression atmosphérique,Pression atmosphérique,hPa,966.2
2025-05-27 05:00:00,Rayonnement solaire,Rayonnement solaire,W/m²,1.0
2025-05-27 03:00:00,Évapotranspiration Horaire,Évapotranspiration Horaire,mm/h,0.0
2025-05-27 03:00:00,Température,Température,°c,15.6
2025-05-27 03:00:00,Direction du vent,Direction du vent,Deg,251.2
2025-05-27 03:00:00,Vitesse du vent,Vitesse du vent,m/s,0.81
2025-05-27 03:00:00,Évapotranspiration journalière,Évapotranspiration journalière,mm/j,4.99
2025-05-27 03:00:00,Pression atmosphérique,Pression atmosphérique,hPa,966.2
2025-05-27 03:00:00,Rayonnement solaire,Rayonnement solaire,W/m²,0.0
2025-05-27 03:00:00,Point de Rosée,Point de Rosée,°c,15.6
2025-05-27 03:00:00,Humidité relative,Humidité relative,%,100.0
2025-05-27 01:00:00,Température,Température,°c,17.4
2025-05-27 01:00:00,Direction du vent,Direction du vent,Deg,285.4
2025-05-27 01:00:00,Vitesse du vent,Vitesse du vent,m/s,0.82
2025-05-27 01:00:00,Évapotranspiration journalière,Évapotranspiration journalière,mm/j,4.99
2025-05-27 01:00:00,Évapotranspiration Horaire,Évapotranspiration Horaire,mm/h,0.0
2025-05-27 01:00:00,Pression atmosphérique,Pression atmosphérique,hPa,966.2
2025-05-27 01:00:00,Rayonnement solaire,Rayonnement solaire,W/m²,0.0
2025-05-27 01:00:00,Point de Rosée,Point de Rosée,°c,17.4
2025-05-27 01:00:00,Humidité relative,Humidité relative,%,100.0
2025-05-26 23:00:00,Température,Température,°c,20.2
2025-05-26 23:00:00,Direction du vent,Direction du vent,Deg,8.1
2025-05-26 23:00:00,Vitesse du vent,Vitesse du vent,m/s,1.76
2025-05-26 23:00:00,Évapotranspiration journalière,Évapotranspiration journalière,mm/j,4.24
2025-05-26 23:00:00,Point de Rosée,Point de Rosée,°c,20.2
2025-05-26 23:00:00,Évapotranspiration Horaire,Évapotranspiration Horaire,mm/h,0.0
2025-05-26 23:00:00,Humidité relative,Humidité relative,%,100.0
2025-05-26 23:00:00,Pression atmosphérique,Pression atmosphérique,hPa,966.2
2025-05-26 23:00:00,Rayonnement solaire,Rayonnement solaire,W/m²,0.0
2025-05-26 22:00:00,Point de Rosée,Point de Rosée,°c,21.6
2025-05-26 22:00:00,Humidité relative,Humidité relative,%,100.0
2025-05-26 22:00:00,Rayonnement solaire,Rayonnement solaire,W/m²,0.0
2025-05-26 22:00:00,Pression atmosphérique,Pression atmosphérique,hPa,966.2
2025-05-26 22:00:00,Évapotranspiration Horaire,Évapotranspiration Horaire,mm/h,0.0
2025-05-26 22:00:00,Évapotranspiration journalière,Évapotranspiration journalière,mm/j,4.24
2025-05-26 22:00:00,Vitesse du vent,Vitesse du vent,m/s,1.34
2025-05-26 22:00:00,Direction du vent,Direction du vent,Deg,188.3
2025-05-26 22:00:00,Température,Température,°c,21.6
2025-05-26 21:00:00,Humidité relative,Humidité relative,%,100.0
2025-05-26 21:00:00,Température,Température,°c,23.2
2025-05-26 21:00:00,Direction du vent,Direction du vent,Deg,137.6
2025-05-26 21:00:00,Vitesse du vent,Vitesse du vent,m/s,2.39
2025-05-26 21:00:00,Évapotranspiration journalière,Évapotranspiration journalière,mm/j,4.24
2025-05-26 21:00:00,Évapotranspiration Horaire,Évapotranspiration Horaire,mm/h,0.0
2025-05-26 21:00:00,Pression atmosphérique,Pression atmosphérique,hPa,966.2
2025-05-26 21:00:00,Rayonnement solaire,Rayonnement solaire,W/m²,0.0
2025-05-26 21:00:00,Point de Rosée,Point de Rosée,°c,23.2
2025-05-26 19:00:00,Point de Rosée,Point de Rosée,°c,27.8
2025-05-26 19:00:00,Température,Température,°c,27.8
2025-05-26 19:00:00,Direction du vent,Direction du vent,Deg,357.6
2025-05-26 19:00:00,Vitesse du vent,Vitesse du vent,m/s,0.78
2025-05-26 19:00:00,Évapotranspiration journalière,Évapotranspiration journalière,mm/j,4.24
2025-05-26 19:00:00,Évapotranspiration Horaire,Évapotranspiration Horaire,mm/h,0.0
2025-05-26 19:00:00,Pression atmosphérique,Pression atmosphérique,hPa,966.2
2025-05-26 19:00:00,Rayonnement solaire,Rayonnement solaire,W/m²,18.0
2025-05-26 19:00:00,Humidité relative,Humidité relative,%,100.0
2025-05-26 17:00:00,Humidité relative,Humidité relative,%,100.0
2025-05-26 17:00:00,Température,Température,°c,28.4
2025-05-26 17:00:00,Direction du vent,Direction du vent,Deg,122.8
2025-05-26 17:00:00,Vitesse du vent,Vitesse du vent,m/s,0.1
2025-05-26 17:00:00,Évapotranspiration journalière,Évapotranspiration journalière,mm/j,4.24
2025-05-26 17:00:00,Évapotranspiration Horaire,Évapotranspiration Horaire,mm/h,0.0
2025-05-26 17:00:00,Pression atmosphérique,Pression atmosphérique,hPa,966.2
2025-05-26 17:00:00,Rayonnement solaire,Rayonnement solaire,W/m²,400.0
2025-05-26 17:00:00,Point de Rosée,Point de Rosée,°c,28.4
2025-05-26 16:00:00,Humidité relative,Humidité relative,%,100.0
2025-05-26 16:00:00,Température,Température,°c,28.7
2025-05-26 16:00:00,Direction du vent,Direction du vent,Deg,199.0
2025-05-26 16:00:00,Vitesse du vent,Vitesse du vent,m/s,1.01
2025-05-26 16:00:00,Évapotranspiration journalière,Évapotranspiration journalière,mm/j,4.24
2025-05-26 16:00:00,Évapotranspiration Horaire,Évapotranspiration Horaire,mm/h,0.0
2025-05-26 16:00:00,Pression atmosphérique,Pression atmosphérique,hPa,966.2
2025-05-26 16:00:00,Rayonnement solaire,Rayonnement solaire,W/m²,617.0
2025-05-26 16:00:00,Point de Rosée,Point de Rosée,°c,28.7
2025-05-26 15:00:00,Rayonnement solaire,Rayonnement solaire,W/m²,793.0
2025-05-26 15:00:00,Évapotranspiration Horaire,Évapotranspiration Horaire,mm/h,0.0
2025-05-26 15:00:00,Température,Température,°c,28.3
2025-05-26 15:00:00,Humidité relative,Humidité relative,%,100.0
2025-05-26 15:00:00,Direction du vent,Direction du vent,Deg,94.7
2025-05-26 15:00:00,Pression atmosphérique,Pression atmosphérique,hPa,966.2
2025-05-26 15:00:00,Vitesse du vent,Vitesse du vent,m/s,1.52
2025-05-26 15:00:00,Point de Rosée,Point de Rosée,°c,28.3
2025-05-26 15:00:00,Évapotranspiration journalière,Évapotranspiration journalière,mm/j,4.24
2025-05-26 13:00:00,Évapotranspiration Horaire,Évapotranspiration Horaire,mm/h,0.0
2025-05-26 13:00:00,Humidité relative,Humidité relative,%,100.0
2025-05-26 13:00:00,Point de Rosée,Point de Rosée,°c,26.6
2025-05-26 13:00:00,Rayonnement solaire,Rayonnement solaire,W/m²,1008.0
2025-05-26 13:00:00,Pression atmosphérique,Pression atmosphérique,hPa,966.2
2025-05-26 13:00:00,Évapotranspiration journalière,Évapotranspiration journalière,mm/j,4.24
2025-05-26 13:00:00,Vitesse du vent,Vitesse du vent,m/s,2.62
2025-05-26 13:00:00,Direction du vent,Direction du vent,Deg,341.6
2025-05-26 13:00:00,Température,Température,°c,26.6
2025-05-26 11:00:00,Température,Température,°c,24.6
2025-05-26 11:00:00,Humidité relative,Humidité relative,%,100.0
2025-05-26 11:00:00,Point de Rosée,Point de Rosée,°c,24.6
2025-05-26 11:00:00,Rayonnement solaire,Rayonnement solaire,W/m²,973.0
2025-05-26 11:00:00,Pression atmosphérique,Pression atmosphérique,hPa,966.2
2025-05-26 11:00:00,Évapotranspiration Horaire,Évapotranspiration Horaire,mm/h,0.0
2025-05-26 11:00:00,Évapotranspiration journalière,Évapotranspiration journalière,mm/j,4.24
2025-05-26 11:00:00,Vitesse du vent,Vitesse du vent,m/s,1.87
2025-05-26 11:00:00,Direction du vent,Direction du vent,Deg,274.7
2025-05-26 09:00:00,Point de Rosée,Point de Rosée,°c,21.3
2025-05-26 09:00:00,Humidité relative,Humidité relative,%,100.0
2025-05-26 09:00:00,Rayonnement solaire,Rayonnement solaire,W/m²,687.0
2025-05-26 09:00:00,Pression atmosphérique,Pression atmosphérique,hPa,966.2
2025-05-26 09:00:00,Évapotranspiration Horaire,Évapotranspiration Horaire,mm/h,0.0
2025-05-26 09:00:00,Évapotranspiration journalière,Évapotranspiration journalière,mm/j,4.24
2025-05-26 09:00:00,Vitesse du vent,Vitesse du vent,m/s,1.45
2025-05-26 09:00:00,Direction du vent,Direction du vent,Deg,164.1
2025-05-26 09:00:00,Température,Température,°c,21.3
2025-05-26 08:00:00,Humidité relative,Humidité relative,%,100.0
2025-05-26 08:00:00,Température,Température,°c,19.2
2025-05-26 08:00:00,Direction du vent,Direction du vent,Deg,279.9
2025-05-26 08:00:00,Vitesse du vent,Vitesse du vent,m/s,2.24
2025-05-26 08:00:00,Évapotranspiration journalière,Évapotranspiration journalière,mm/j,4.24
2025-05-26 08:00:00,Évapotranspiration Horaire,Évapotranspiration Horaire,mm/h,0.0
2025-05-26 08:00:00,Pression atmosphérique,Pression atmosphérique,hPa,966.2
2025-05-26 08:00:00,Rayonnement solaire,Rayonnement solaire,W/m²,492.0
2025-05-26 08:00:00,Point de Rosée,Point de Rosée,°c,19.2
2025-05-26 07:00:00,Rayonnement solaire,Rayonnement solaire,W/m²,277.0
2025-05-26 07:00:00,Évapotranspiration Horaire,Évapotranspiration Horaire,mm/h,0.0
2025-05-26 07:00:00,Humidité relative,Humidité relative,%,100.0
2025-05-26 07:00:00,Direction du vent,Direction du vent,Deg,235.6
2025-05-26 07:00:00,Pression atmosphérique,Pression atmosphérique,hPa,966.2
2025-05-26 07:00:00,Vitesse du vent,Vitesse du vent,m/s,2.9
2025-05-26 07:00:00,Point de Rosée,Point de Rosée,°c,16.8
2025-05-26 07:00:00,Évapotranspiration journalière,Évapotranspiration journalière,mm/j,4.24
2025-05-26 07:00:00,Température,Température,°c,16.8
2025-05-26 05:00:00,Humidité relative,Humidité relative,%,100.0
2025-05-26 05:00:00,Température,Température,°c,13.5
2025-05-26 05:00:00,Direction du vent,Direction du vent,Deg,282.3
2025-05-26 05:00:00,Vitesse du vent,Vitesse du vent,m/s,0.79
2025-05-26 05:00:00,Évapotranspiration journalière,Évapotranspiration journalière,mm/j,4.24
2025-05-26 05:00:00,Évapotranspiration Horaire,Évapotranspiration Horaire,mm/h,0.0
2025-05-26 05:00:00,Pression atmosphérique,Pression atmosphérique,hPa,966.2
2025-05-26 05:00:00,Rayonnement solaire,Rayonnement solaire,W/m²,1.0
2025-05-26 05:00:00,Point de Rosée,Point de Rosée,°c,13.5
2025-05-26 04:00:00,Vitesse du vent,Vitesse du vent,m/s,0.86
2025-05-26 04:00:00,Humidité relative,Humidité relative,%,100.0
2025-05-26 04:00:00,Rayonnement solaire,Rayonnement solaire,W/m²,0.0
2025-05-26 04:00:00,Direction du vent,Direction du vent,Deg,212.0
2025-05-26 04:00:00,Point de Rosée,Point de Rosée,°c,13.3
2025-05-26 04:00:00,Évapotranspiration Horaire,Évapotranspiration Horaire,mm/h,0.0
2025-05-26 04:00:00,Évapotranspiration journalière,Évapotranspiration journalière,mm/j,4.24
2025-05-26 04:00:00,Température,Température,°c,13.3
2025-05-26 04:00:00,Pression atmosphérique,Pression atmosphérique,hPa,966.2
2025-05-26 03:00:00,Rayonnement solaire,Rayonnement solaire,W/m²,0.0
2025-05-26 03:00:00,Évapotranspiration journalière,Évapotranspiration journalière,mm/j,4.24
2025-05-26 03:00:00,Évapotranspiration Horaire,Évapotranspiration Horaire,mm/h,0.0
2025-05-26 03:00:00,Pression atmosphérique,Pression atmosphérique,hPa,966.2
2025-05-26 03:00:00,Vitesse du vent,Vitesse du vent,m/s,1.0
2025-05-26 03:00:00,Point de Rosée,Point de Rosée,°c,13.9
2025-05-26 03:00:00,Humidité relative,Humidité relative,%,100.0
2025-05-26 03:00:00,Température,Température,°c,13.9
2025-05-26 03:00:00,Direction du vent,Direction du vent,Deg,217.1
2025-05-25 05:00:00,Pression atmosphérique,Pression atmosphérique,hPa,966.2
2025-05-25 05:00:00,Évapotranspiration Horaire,Évapotranspiration Horaire,mm/h,0.0
2025-05-25 05:00:00,Température,Température,°c,12.8
2025-05-25 05:00:00,Humidité relative,Humidité relative,%,100.0
2025-05-25 05:00:00,Direction du vent,Direction du vent,Deg,324.3
2025-05-25 05:00:00,Point de Rosée,Point de Rosée,°c,12.8
2025-05-25 05:00:00,Vitesse du vent,Vitesse du vent,m/s,1.09
2025-05-25 05:00:00,Rayonnement solaire,Rayonnement solaire,W/m²,0.0
2025-05-25 05:00:00,Évapotranspiration journalière,Évapotranspiration journalière,mm/j,1.41
2025-05-24 05:00:00,Rayonnement solaire,Rayonnement solaire,W/m²,0.0
2025-05-24 05:00:00,Humidité relative,Humidité relative,%,100.0
2025-05-24 05:00:00,Direction du vent,Direction du vent,Deg,317.5
2025-05-24 05:00:00,Pression atmosphérique,Pression atmosphérique,hPa,966.2
2025-05-24 05:00:00,Évapotranspiration journalière,Évapotranspiration journalière,mm/j,4.07
2025-05-24 05:00:00,Vitesse du vent,Vitesse du vent,m/s,2.05
2025-05-24 05:00:00,Point de Rosée,Point de Rosée,°c,14.4
2025-05-24 05:00:00,Évapotranspiration Horaire,Évapotranspiration Horaire,mm/h,0.0
2025-05-24 05:00:00,Température,Température,°c,14.4
2025-05-24 03:00:00,Température,Température,°c,16.5
2025-05-24 03:00:00,Direction du vent,Direction du vent,Deg,15.3
2025-05-24 03:00:00,Vitesse du vent,Vitesse du vent,m/s,4.09
2025-05-24 03:00:00,Évapotranspiration journalière,Évapotranspiration journalière,mm/j,4.07
2025-05-24 03:00:00,Évapotranspiration Horaire,Évapotranspiration Horaire,mm/h,0.0
2025-05-24 03:00:00,Pression atmosphérique,Pression atmosphérique,hPa,966.2
2025-05-24 03:00:00,Rayonnement solaire,Rayonnement solaire,W/m²,0.0
2025-05-24 03:00:00,Point de Rosée,Point de Rosée,°c,16.5
2025-05-24 03:00:00,Humidité relative,Humidité relative,%,100.0
2025-05-24 01:00:00,Température,Température,°c,17.4
2025-05-24 01:00:00,Direction du vent,Direction du vent,Deg,355.9
2025-05-24 01:00:00,Pression atmosphérique,Pression atmosphérique,hPa,966.2
2025-05-24 01:00:00,Évapotranspiration Horaire,Évapotranspiration Horaire,mm/h,0.0
2025-05-24 01:00:00,Rayonnement solaire,Rayonnement solaire,W/m²,0.0
2025-05-24 01:00:00,Évapotranspiration journalière,Évapotranspiration journalière,mm/j,4.07
2025-05-24 01:00:00,Point de Rosée,Point de Rosée,°c,17.4
2025-05-24 01:00:00,Vitesse du vent,Vitesse du vent,m/s,2.97
2025-05-24 01:00:00,Humidité relative,Humidité relative,%,100.0
2025-05-23 23:00:00,Vitesse du vent,Vitesse du vent,m/s,1.76
2025-05-23 23:00:00,Humidité relative,Humidité relative,%,100.0
2025-05-23 23:00:00,Point de Rosée,Point de Rosée,°c,18.8
2025-05-23 23:00:00,Rayonnement solaire,Rayonnement solaire,W/m²,0.0
2025-05-23 23:00:00,Pression atmosphérique,Pression atmosphérique,hPa,966.2
2025-05-23 23:00:00,Évapotranspiration Horaire,Évapotranspiration Horaire,mm/h,0.0
2025-05-23 23:00:00,Évapotranspiration journalière,Évapotranspiration journalière,mm/j,4.42
2025-05-23 23:00:00,Direction du vent,Direction du vent,Deg,3.5
2025-05-23 23:00:00,Température,Température,°c,18.8
2025-05-23 21:00:00,Humidité relative,Humidité relative,%,100.0
2025-05-23 21:00:00,Température,Température,°c,19.8
2025-05-23 21:00:00,Direction du vent,Direction du vent,Deg,13.2
2025-05-23 21:00:00,Vitesse du vent,Vitesse du vent,m/s,2.64
2025-05-23 21:00:00,Évapotranspiration journalière,Évapotranspiration journalière,mm/j,4.42
2025-05-23 21:00:00,Évapotranspiration Horaire,Évapotranspiration Horaire,mm/h,0.0
2025-05-23 21:00:00,Pression atmosphérique,Pression atmosphérique,hPa,966.2
2025-05-23 21:00:00,Rayonnement solaire,Rayonnement solaire,W/m²,0.0
2025-05-23 21:00:00,Point de Rosée,Point de Rosée,°c,19.8
2025-05-23 19:00:00,Point de Rosée,Point de Rosée,°c,22.4
2025-05-23 19:00:00,Température,Température,°c,22.4
2025-05-23 19:00:00,Direction du vent,Direction du vent,Deg,21.1
2025-05-23 19:00:00,Vitesse du vent,Vitesse du vent,m/s,5.97
2025-05-23 19:00:00,Évapotranspiration journalière,Évapotranspiration journalière,mm/j,4.42
2025-05-23 19:00:00,Évapotranspiration Horaire,Évapotranspiration Horaire,mm/h,0.0
2025-05-23 19:00:00,Pression atmosphérique,Pression atmosphérique,hPa,966.2
2025-05-23 19:00:00,Rayonnement solaire,Rayonnement solaire,W/m²,26.0
2025-05-23 19:00:00,Humidité relative,Humidité relative,%,100.0
2025-05-23 17:00:00,Point de Rosée,Point de Rosée,°c,25.0
2025-05-23 17:00:00,Température,Température,°c,25.0
2025-05-23 17:00:00,Direction du vent,Direction du vent,Deg,349.2
2025-05-23 17:00:00,Vitesse du vent,Vitesse du vent,m/s,5.09
2025-05-23 17:00:00,Évapotranspiration journalière,Évapotranspiration journalière,mm/j,4.42
2025-05-23 17:00:00,Évapotranspiration Horaire,Évapotranspiration Horaire,mm/h,0.0
2025-05-23 17:00:00,Pression atmosphérique,Pression atmosphérique,hPa,966.2
2025-05-23 17:00:00,Rayonnement solaire,Rayonnement solaire,W/m²,251.0
2025-05-23 17:00:00,Humidité relative,Humidité relative,%,100.0
2025-05-23 15:00:00,Point de Rosée,Point de Rosée,°c,27.2
2025-05-23 15:00:00,Température,Température,°c,27.2
2025-05-23 15:00:00,Direction du vent,Direction du vent,Deg,345.7
2025-05-23 15:00:00,Vitesse du vent,Vitesse du vent,m/s,2.78
2025-05-23 15:00:00,Évapotranspiration journalière,Évapotranspiration journalière,mm/j,4.42
2025-05-23 15:00:00,Évapotranspiration Horaire,Évapotranspiration Horaire,mm/h,0.0
2025-05-23 15:00:00,Pression atmosphérique,Pression atmosphérique,hPa,966.2
2025-05-23 15:00:00,Rayonnement solaire,Rayonnement solaire,W/m²,803.0
2025-05-23 15:00:00,Humidité relative,Humidité relative,%,100.0
2025-05-23 13:00:00,Humidité relative,Humidité relative,%,100.0
2025-05-23 13:00:00,Température,Température,°c,26.0
2025-05-23 13:00:00,Direction du vent,Direction du vent,Deg,0.5
2025-05-23 13:00:00,Vitesse du vent,Vitesse du vent,m/s,4.24
2025-05-23 13:00:00,Évapotranspiration journalière,Évapotranspiration journalière,mm/j,4.42
2025-05-23 13:00:00,Évapotranspiration Horaire,Évapotranspiration Horaire,mm/h,0.0
2025-05-23 13:00:00,Pression atmosphérique,Pression atmosphérique,hPa,966.2
2025-05-23 13:00:00,Rayonnement solaire,Rayonnement solaire,W/m²,981.0
2025-05-23 13:00:00,Point de Rosée,Point de Rosée,°c,26.0
2025-05-23 11:00:00,Humidité relative,Humidité relative,%,100.0
2025-05-23 11:00:00,Température,Température,°c,24.5
2025-05-23 11:00:00,Direction du vent,Direction du vent,Deg,9.4
2025-05-23 11:00:00,Vitesse du vent,Vitesse du vent,m/s,3.85
2025-05-23 11:00:00,Évapotranspiration journalière,Évapotranspiration journalière,mm/j,4.42
2025-05-23 11:00:00,Évapotranspiration Horaire,Évapotranspiration Horaire,mm/h,0.0
2025-05-23 11:00:00,Pression atmosphérique,Pression atmosphérique,hPa,966.2
2025-05-23 11:00:00,Rayonnement solaire,Rayonnement solaire,W/m²,1009.0
2025-05-23 11:00:00,Point de Rosée,Point de Rosée,°c,24.5
2025-05-23 09:00:00,Point de Rosée,Point de Rosée,°c,22.1
2025-05-23 09:00:00,Température,Température,°c,22.1
2025-05-23 09:00:00,Direction du vent,Direction du vent,Deg,58.0
2025-05-23 09:00:00,Vitesse du vent,Vitesse du vent,m/s,3.04
2025-05-23 09:00:00,Évapotranspiration journalière,Évapotranspiration journalière,mm/j,4.42
2025-05-23 09:00:00,Évapotranspiration Horaire,Évapotranspiration Horaire,mm/h,0.0
2025-05-23 09:00:00,Pression atmosphérique,Pression atmosphérique,hPa,966.2
2025-05-23 09:00:00,Rayonnement solaire,Rayonnement solaire,W/m²,610.0
2025-05-23 09:00:00,Humidité relative,Humidité relative,%,100.0
2025-05-23 07:00:00,Évapotranspiration journalière,Évapotranspiration journalière,mm/j,4.42
2025-05-23 07:00:00,Température,Température,°c,19.2
2025-05-23 07:00:00,Direction du vent,Direction du vent,Deg,356.3
2025-05-23 07:00:00,Vitesse du vent,Vitesse du vent,m/s,1.63
2025-05-23 07:00:00,Humidité relative,Humidité relative,%,100.0
2025-05-23 07:00:00,Évapotranspiration Horaire,Évapotranspiration Horaire,mm/h,0.0
2025-05-23 07:00:00,Pression atmosphérique,Pression atmosphérique,hPa,966.2
2025-05-23 07:00:00,Rayonnement solaire,Rayonnement solaire,W/m²,249.0
2025-05-23 07:00:00,Point de Rosée,Point de Rosée,°c,19.2
2025-05-23 05:00:00,Température,Température,°c,17.1
2025-05-23 05:00:00,Direction du vent,Direction du vent,Deg,1.9
2025-05-23 05:00:00,Vitesse du vent,Vitesse du vent,m/s,2.33
2025-05-23 05:00:00,Évapotranspiration journalière,Évapotranspiration journalière,mm/j,4.42
2025-05-23 05:00:00,Évapotranspiration Horaire,Évapotranspiration Horaire,mm/h,0.0
2025-05-23 05:00:00,Pression atmosphérique,Pression atmosphérique,hPa,966.2
2025-05-23 05:00:00,Rayonnement solaire,Rayonnement solaire,W/m²,0.0
2025-05-23 05:00:00,Humidité relative,Humidité relative,%,100.0
2025-05-23 05:00:00,Point de Rosée,Point de Rosée,°c,17.1
2025-05-23 03:00:00,Température,Température,°c,17.6
2025-05-23 03:00:00,Direction du vent,Direction du vent,Deg,13.3
2025-05-23 03:00:00,Vitesse du vent,Vitesse du vent,m/s,1.75
2025-05-23 03:00:00,Évapotranspiration journalière,Évapotranspiration journalière,mm/j,4.42
2025-05-23 03:00:00,Évapotranspiration Horaire,Évapotranspiration Horaire,mm/h,0.0
2025-05-23 03:00:00,Pression atmosphérique,Pression atmosphérique,hPa,966.2
2025-05-23 03:00:00,Rayonnement solaire,Rayonnement solaire,W/m²,0.0
2025-05-23 03:00:00,Point de Rosée,Point de Rosée,°c,17.6
2025-05-23 03:00:00,Humidité relative,Humidité relative,%,100.0
2025-05-23 01:00:00,Température,Température,°c,18.5
2025-05-23 01:00:00,Direction du vent,Direction du vent,Deg,24.7
2025-05-23 01:00:00,Vitesse du vent,Vitesse du vent,m/s,2.02
2025-05-23 01:00:00,Évapotranspiration journalière,Évapotranspiration journalière,mm/j,4.42
2025-05-23 01:00:00,Évapotranspiration Horaire,Évapotranspiration Horaire,mm/h,0.0
2025-05-23 01:00:00,Pression atmosphérique,Pression atmosphérique,hPa,966.2
2025-05-23 01:00:00,Rayonnement solaire,Rayonnement solaire,W/m²,0.0
2025-05-23 01:00:00,Point de Rosée,Point de Rosée,°c,18.5
2025-05-23 01:00:00,Humidité relative,Humidité relative,%,100.0
2025-05-22 23:00:00,Température,Température,°c,20.8
2025-05-22 23:00:00,Direction du vent,Direction du vent,Deg,15.3
2025-05-22 23:00:00,Vitesse du vent,Vitesse du vent,m/s,1.66
2025-05-22 23:00:00,Évapotranspiration journalière,Évapotranspiration journalière,mm/j,3.93
2025-05-22 23:00:00,Évapotranspiration Horaire,Évapotranspiration Horaire,mm/h,0.0
2025-05-22 23:00:00,Pression atmosphérique,Pression atmosphérique,hPa,966.2
2025-05-22 23:00:00,Rayonnement solaire,Rayonnement solaire,W/m²,0.0
2025-05-22 23:00:00,Point de Rosée,Point de Rosée,°c,20.8
2025-05-22 23:00:00,Humidité relative,Humidité relative,%,100.0
2025-05-22 21:00:00,Température,Température,°c,22.3
2025-05-22 21:00:00,Direction du vent,Direction du vent,Deg,49.5
2025-05-22 21:00:00,Vitesse du vent,Vitesse du vent,m/s,0.82
2025-05-22 21:00:00,Évapotranspiration journalière,Évapotranspiration journalière,mm/j,3.93
2025-05-22 21:00:00,Évapotranspiration Horaire,Évapotranspiration Horaire,mm/h,0.0
2025-05-22 21:00:00,Pression atmosphérique,Pression atmosphérique,hPa,966.2
2025-05-22 21:00:00,Rayonnement solaire,Rayonnement solaire,W/m²,0.0
2025-05-22 21:00:00,Point de Rosée,Point de Rosée,°c,22.3
2025-05-22 21:00:00,Humidité relative,Humidité relative,%,100.0
2025-05-22 19:00:00,Température,Température,°c,24.9
2025-05-22 19:00:00,Direction du vent,Direction du vent,Deg,119.7
2025-05-22 19:00:00,Vitesse du vent,Vitesse du vent,m/s,2.48
2025-05-22 19:00:00,Évapotranspiration journalière,Évapotranspiration journalière,mm/j,3.93
2025-05-22 19:00:00,Évapotranspiration Horaire,Évapotranspiration Horaire,mm/h,0.0
2025-05-22 19:00:00,Pression atmosphérique,Pression atmosphérique,hPa,966.2
2025-05-22 19:00:00,Rayonnement solaire,Rayonnement solaire,W/m²,11.0
2025-05-22 19:00:00,Point de Rosée,Point de Rosée,°c,24.9
2025-05-22 19:00:00,Humidité relative,Humidité relative,%,100.0
2025-05-22 17:00:00,Température,Température,°c,28.6
2025-05-22 17:00:00,Direction du vent,Direction du vent,Deg,78.7
2025-05-22 17:00:00,Vitesse du vent,Vitesse du vent,m/s,2.35
2025-05-22 17:00:00,Évapotranspiration journalière,Évapotranspiration journalière,mm/j,3.93
2025-05-22 17:00:00,Évapotranspiration Horaire,Évapotranspiration Horaire,mm/h,0.0
2025-05-22 17:00:00,Pression atmosphérique,Pression atmosphérique,hPa,966.2
2025-05-22 17:00:00,Rayonnement solaire,Rayonnement solaire,W/m²,381.0
2025-05-22 17:00:00,Point de Rosée,Point de Rosée,°c,28.6
2025-05-22 17:00:00,Humidité relative,Humidité relative,%,100.0
2025-05-22 15:00:00,Température,Température,°c,28.8
2025-05-22 15:00:00,Direction du vent,Direction du vent,Deg,63.4
2025-05-22 15:00:00,Vitesse du vent,Vitesse du vent,m/s,2.57
2025-05-22 15:00:00,Évapotranspiration journalière,Évapotranspiration journalière,mm/j,3.93
2025-05-22 15:00:00,Évapotranspiration Horaire,Évapotranspiration Horaire,mm/h,0.0
2025-05-22 15:00:00,Pression atmosphérique,Pression atmosphérique,hPa,966.2
2025-05-22 15:00:00,Rayonnement solaire,Rayonnement solaire,W/m²,931.0
2025-05-22 15:00:00,Point de Rosée,Point de Rosée,°c,28.8
2025-05-22 15:00:00,Humidité relative,Humidité relative,%,100.0
2025-05-22 13:00:00,Température,Température,°c,26.5
2025-05-22 13:00:00,Direction du vent,Direction du vent,Deg,77.7
2025-05-22 13:00:00,Vitesse du vent,Vitesse du vent,m/s,2.86
2025-05-22 13:00:00,Évapotranspiration journalière,Évapotranspiration journalière,mm/j,3.93
2025-05-22 13:00:00,Évapotranspiration Horaire,Évapotranspiration Horaire,mm/h,0.0
2025-05-22 13:00:00,Pression atmosphérique,Pression atmosphérique,hPa,966.2
2025-05-22 13:00:00,Rayonnement solaire,Rayonnement solaire,W/m²,564.0
2025-05-22 13:00:00,Point de Rosée,Point de Rosée,°c,26.5
2025-05-22 13:00:00,Humidité relative,Humidité relative,%,100.0
2025-05-22 11:00:00,Température,Température,°c,24.9
2025-05-22 11:00:00,Direction du vent,Direction du vent,Deg,353.9
2025-05-22 11:00:00,Vitesse du vent,Vitesse du vent,m/s,0.38
2025-05-22 11:00:00,Évapotranspiration journalière,Évapotranspiration journalière,mm/j,3.93
2025-05-22 11:00:00,Évapotranspiration Horaire,Évapotranspiration Horaire,mm/h,0.0
2025-05-22 11:00:00,Pression atmosphérique,Pression atmosphérique,hPa,966.2
2025-05-22 11:00:00,Rayonnement solaire,Rayonnement solaire,W/m²,797.0
2025-05-22 11:00:00,Point de Rosée,Point de Rosée,°c,24.9
2025-05-22 11:00:00,Humidité relative,Humidité relative,%,100.0
2025-05-22 09:00:00,Température,Température,°c,21.5
2025-05-22 09:00:00,Direction du vent,Direction du vent,Deg,89.0
2025-05-22 09:00:00,Vitesse du vent,Vitesse du vent,m/s,0.72
2025-05-22 09:00:00,Évapotranspiration journalière,Évapotranspiration journalière,mm/j,3.93
2025-05-22 09:00:00,Évapotranspiration Horaire,Évapotranspiration Horaire,mm/h,0.0
2025-05-22 09:00:00,Pression atmosphérique,Pression atmosphérique,hPa,966.2
2025-05-22 09:00:00,Rayonnement solaire,Rayonnement solaire,W/m²,594.0
2025-05-22 09:00:00,Point de Rosée,Point de Rosée,°c,21.5
2025-05-22 09:00:00,Humidité relative,Humidité relative,%,100.0
2025-05-22 07:00:00,Température,Température,°c,18.2
2025-05-22 07:00:00,Direction du vent,Direction du vent,Deg,93.2
2025-05-22 07:00:00,Vitesse du vent,Vitesse du vent,m/s,1.06
2025-05-22 07:00:00,Évapotranspiration journalière,Évapotranspiration journalière,mm/j,3.93
2025-05-22 07:00:00,Évapotranspiration Horaire,Évapotranspiration Horaire,mm/h,0.0
2025-05-22 07:00:00,Pression atmosphérique,Pression atmosphérique,hPa,966.2
2025-05-22 07:00:00,Rayonnement solaire,Rayonnement solaire,W/m²,257.0
2025-05-22 07:00:00,Point de Rosée,Point de Rosée,°c,18.2
2025-05-22 07:00:00,Humidité relative,Humidité relative,%,100.0
2025-05-22 05:00:00,Température,Température,°c,15.8
2025-05-22 05:00:00,Direction du vent,Direction du vent,Deg,14.5
2025-05-22 05:00:00,Vitesse du vent,Vitesse du vent,m/s,0.5
2025-05-22 05:00:00,Évapotranspiration journalière,Évapotranspiration journalière,mm/j,3.93
2025-05-22 05:00:00,Évapotranspiration Horaire,Évapotranspiration Horaire,mm/h,0.0
2025-05-22 05:00:00,Pression atmosphérique,Pression atmosphérique,hPa,966.2
2025-05-22 05:00:00,Rayonnement solaire,Rayonnement solaire,W/m²,0.0
2025-05-22 05:00:00,Point de Rosée,Point de Rosée,°c,15.8
2025-05-22 05:00:00,Humidité relative,Humidité relative,%,100.0
2025-05-21 16:00:00,Humidité relative,Humidité relative,%,100.0
2025-05-21 16:00:00,Point de Rosée,Point de Rosée,°c,28.6
2025-05-21 16:00:00,Rayonnement solaire,Rayonnement solaire,W/m²,291.0
2025-05-21 16:00:00,Pression atmosphérique,Pression atmosphérique,hPa,966.2
2025-05-21 16:00:00,Évapotranspiration Horaire,Évapotranspiration Horaire,mm/h,0.0
2025-05-21 16:00:00,Évapotranspiration journalière,Évapotranspiration journalière,mm/j,5.45
2025-05-21 16:00:00,Vitesse du vent,Vitesse du vent,m/s,1.72
2025-05-21 16:00:00,Direction du vent,Direction du vent,Deg,119.3
2025-05-21 16:00:00,Température,Température,°c,28.6
2025-05-21 14:00:00,Humidité relative,Humidité relative,%,100.0
2025-05-21 14:00:00,Point de Rosée,Point de Rosée,°c,27.9
2025-05-21 14:00:00,Rayonnement solaire,Rayonnement solaire,W/m²,931.0
2025-05-21 14:00:00,Pression atmosphérique,Pression atmosphérique,hPa,966.2
2025-05-21 14:00:00,Évapotranspiration Horaire,Évapotranspiration Horaire,mm/h,0.0
2025-05-21 14:00:00,Évapotranspiration journalière,Évapotranspiration journalière,mm/j,5.45
2025-05-21 14:00:00,Vitesse du vent,Vitesse du vent,m/s,1.33
2025-05-21 14:00:00,Direction du vent,Direction du vent,Deg,111.7
2025-05-21 14:00:00,Température,Température,°c,27.9
2025-05-21 12:00:00,Humidité relative,Humidité relative,%,100.0
2025-05-21 12:00:00,Point de Rosée,Point de Rosée,°c,26.2
2025-05-21 12:00:00,Rayonnement solaire,Rayonnement solaire,W/m²,964.0
2025-05-21 12:00:00,Pression atmosphérique,Pression atmosphérique,hPa,966.2
2025-05-21 12:00:00,Évapotranspiration Horaire,Évapotranspiration Horaire,mm/h,0.0
2025-05-21 12:00:00,Évapotranspiration journalière,Évapotranspiration journalière,mm/j,5.45
2025-05-21 12:00:00,Vitesse du vent,Vitesse du vent,m/s,0.68
2025-05-21 12:00:00,Direction du vent,Direction du vent,Deg,206.1
2025-05-21 12:00:00,Température,Température,°c,26.2
2025-05-21 10:00:00,Humidité relative,Humidité relative,%,100.0
2025-05-21 10:00:00,Point de Rosée,Point de Rosée,°c,23.9
2025-05-21 10:00:00,Rayonnement solaire,Rayonnement solaire,W/m²,705.0
2025-05-21 10:00:00,Pression atmosphérique,Pression atmosphérique,hPa,966.2
2025-05-21 10:00:00,Évapotranspiration Horaire,Évapotranspiration Horaire,mm/h,0.0
2025-05-21 10:00:00,Évapotranspiration journalière,Évapotranspiration journalière,mm/j,5.45
2025-05-21 10:00:00,Vitesse du vent,Vitesse du vent,m/s,2.61
2025-05-21 10:00:00,Direction du vent,Direction du vent,Deg,92.5
2025-05-21 10:00:00,Température,Température,°c,23.9
2025-05-21 08:00:00,Humidité relative,Humidité relative,%,100.0
2025-05-21 08:00:00,Point de Rosée,Point de Rosée,°c,20.3
2025-05-21 08:00:00,Rayonnement solaire,Rayonnement solaire,W/m²,428.0
2025-05-21 08:00:00,Pression atmosphérique,Pression atmosphérique,hPa,966.2
2025-05-21 08:00:00,Évapotranspiration Horaire,Évapotranspiration Horaire,mm/h,0.0
2025-05-21 08:00:00,Évapotranspiration journalière,Évapotranspiration journalière,mm/j,5.45
2025-05-21 08:00:00,Vitesse du vent,Vitesse du vent,m/s,1.88
2025-05-21 08:00:00,Direction du vent,Direction du vent,Deg,3.8
2025-05-21 08:00:00,Température,Température,°c,20.3
2025-05-21 06:00:00,Humidité relative,Humidité relative,%,100.0
2025-05-21 06:00:00,Point de Rosée,Point de Rosée,°c,16.9
2025-05-21 06:00:00,Rayonnement solaire,Rayonnement solaire,W/m²,61.0
2025-05-21 06:00:00,Pression atmosphérique,Pression atmosphérique,hPa,966.2
2025-05-21 06:00:00,Évapotranspiration Horaire,Évapotranspiration Horaire,mm/h,0.0
2025-05-21 06:00:00,Évapotranspiration journalière,Évapotranspiration journalière,mm/j,5.45
2025-05-21 06:00:00,Vitesse du vent,Vitesse du vent,m/s,1.36
2025-05-21 06:00:00,Direction du vent,Direction du vent,Deg,18.3
2025-05-21 06:00:00,Température,Température,°c,16.9
2025-05-21 04:00:00,Humidité relative,Humidité relative,%,100.0
2025-05-21 04:00:00,Point de Rosée,Point de Rosée,°c,18.3
2025-05-21 04:00:00,Rayonnement solaire,Rayonnement solaire,W/m²,0.0
2025-05-21 04:00:00,Pression atmosphérique,Pression atmosphérique,hPa,966.2
2025-05-21 04:00:00,Évapotranspiration Horaire,Évapotranspiration Horaire,mm/h,0.0
2025-05-21 04:00:00,Évapotranspiration journalière,Évapotranspiration journalière,mm/j,5.45
2025-05-21 04:00:00,Vitesse du vent,Vitesse du vent,m/s,0.97
2025-05-21 04:00:00,Direction du vent,Direction du vent,Deg,9.7
2025-05-21 04:00:00,Température,Température,°c,18.3
2025-05-21 02:00:00,Humidité relative,Humidité relative,%,100.0
2025-05-21 02:00:00,Point de Rosée,Point de Rosée,°c,19.9
2025-05-21 02:00:00,Rayonnement solaire,Rayonnement solaire,W/m²,0.0
2025-05-21 02:00:00,Pression atmosphérique,Pression atmosphérique,hPa,966.2
2025-05-21 02:00:00,Évapotranspiration Horaire,Évapotranspiration Horaire,mm/h,0.0
2025-05-21 02:00:00,Évapotranspiration journalière,Évapotranspiration journalière,mm/j,5.45
2025-05-21 02:00:00,Vitesse du vent,Vitesse du vent,m/s,1.53
2025-05-21 02:00:00,Direction du vent,Direction du vent,Deg,312.1
2025-05-21 02:00:00,Température,Température,°c,19.9
2025-05-21 00:00:00,Humidité relative,Humidité relative,%,100.0
2025-05-21 00:00:00,Point de Rosée,Point de Rosée,°c,20.6
2025-05-21 00:00:00,Rayonnement solaire,Rayonnement solaire,W/m²,0.0
2025-05-21 00:00:00,Pression atmosphérique,Pression atmosphérique,hPa,966.2
2025-05-21 00:00:00,Évapotranspiration Horaire,Évapotranspiration Horaire,mm/h,0.0
2025-05-21 00:00:00,Évapotranspiration journalière,Évapotranspiration journalière,mm/j,4.45
2025-05-21 00:00:00,Vitesse du vent,Vitesse du vent,m/s,1.23
2025-05-21 00:00:00,Direction du vent,Direction du vent,Deg,111.2
2025-05-21 00:00:00,Température,Température,°c,20.6
2025-05-20 22:00:00,Humidité relative,Humidité relative,%,100.0
2025-05-20 22:00:00,Point de Rosée,Point de Rosée,°c,22.1
2025-05-20 22:00:00,Rayonnement solaire,Rayonnement solaire,W/m²,0.0
2025-05-20 22:00:00,Pression atmosphérique,Pression atmosphérique,hPa,966.2
2025-05-20 22:00:00,Évapotranspiration Horaire,Évapotranspiration Horaire,mm/h,0.0
2025-05-20 22:00:00,Évapotranspiration journalière,Évapotranspiration journalière,mm/j,4.45
2025-05-20 22:00:00,Vitesse du vent,Vitesse du vent,m/s,1.69
2025-05-20 22:00:00,Direction du vent,Direction du vent,Deg,314.6
2025-05-20 22:00:00,Température,Température,°c,22.1
2025-05-20 20:00:00,Humidité relative,Humidité relative,%,100.0
2025-05-20 20:00:00,Point de Rosée,Point de Rosée,°c,23.6
2025-05-20 20:00:00,Rayonnement solaire,Rayonnement solaire,W/m²,0.0
2025-05-20 20:00:00,Pression atmosphérique,Pression atmosphérique,hPa,966.2
2025-05-20 20:00:00,Évapotranspiration Horaire,Évapotranspiration Horaire,mm/h,0.0
2025-05-20 20:00:00,Évapotranspiration journalière,Évapotranspiration journalière,mm/j,4.45
2025-05-20 20:00:00,Vitesse du vent,Vitesse du vent,m/s,1.82
2025-05-20 20:00:00,Direction du vent,Direction du vent,Deg,128.5
2025-05-20 20:00:00,Température,Température,°c,23.6
2025-05-20 18:00:00,Humidité relative,Humidité relative,%,100.0
2025-05-20 18:00:00,Point de Rosée,Point de Rosée,°c,28.5
2025-05-20 18:00:00,Rayonnement solaire,Rayonnement solaire,W/m²,15.0
2025-05-20 18:00:00,Pression atmosphérique,Pression atmosphérique,hPa,966.2
2025-05-20 18:00:00,Évapotranspiration Horaire,Évapotranspiration Horaire,mm/h,0.0
2025-05-20 18:00:00,Évapotranspiration journalière,Évapotranspiration journalière,mm/j,4.45
2025-05-20 18:00:00,Vitesse du vent,Vitesse du vent,m/s,2.6
2025-05-20 18:00:00,Direction du vent,Direction du vent,Deg,47.9
2025-05-20 18:00:00,Température,Température,°c,28.5
2025-05-20 16:00:00,Humidité relative,Humidité relative,%,100.0
2025-05-20 16:00:00,Point de Rosée,Point de Rosée,°c,36.4
2025-05-20 16:00:00,Rayonnement solaire,Rayonnement solaire,W/m²,628.0
2025-05-20 16:00:00,Pression atmosphérique,Pression atmosphérique,hPa,966.2
2025-05-20 16:00:00,Évapotranspiration Horaire,Évapotranspiration Horaire,mm/h,0.0
2025-05-20 16:00:00,Évapotranspiration journalière,Évapotranspiration journalière,mm/j,4.45
2025-05-20 16:00:00,Vitesse du vent,Vitesse du vent,m/s,4.6
2025-05-20 16:00:00,Direction du vent,Direction du vent,Deg,136.9
2025-05-20 16:00:00,Température,Température,°c,36.4
2025-05-20 14:00:00,Humidité relative,Humidité relative,%,100.0
2025-05-20 14:00:00,Point de Rosée,Point de Rosée,°c,35.6
2025-05-20 14:00:00,Rayonnement solaire,Rayonnement solaire,W/m²,901.0
2025-05-20 14:00:00,Pression atmosphérique,Pression atmosphérique,hPa,966.2
2025-05-20 14:00:00,Évapotranspiration Horaire,Évapotranspiration Horaire,mm/h,0.0
2025-05-20 14:00:00,Évapotranspiration journalière,Évapotranspiration journalière,mm/j,4.45
2025-05-20 14:00:00,Vitesse du vent,Vitesse du vent,m/s,2.09
2025-05-20 14:00:00,Direction du vent,Direction du vent,Deg,192.9
2025-05-20 14:00:00,Température,Température,°c,35.6
2025-05-20 12:00:00,Humidité relative,Humidité relative,%,100.0
2025-05-20 12:00:00,Point de Rosée,Point de Rosée,°c,34.7
2025-05-20 12:00:00,Rayonnement solaire,Rayonnement solaire,W/m²,993.0
2025-05-20 12:00:00,Pression atmosphérique,Pression atmosphérique,hPa,966.2
2025-05-20 12:00:00,Évapotranspiration Horaire,Évapotranspiration Horaire,mm/h,0.0
2025-05-20 12:00:00,Évapotranspiration journalière,Évapotranspiration journalière,mm/j,4.45
2025-05-20 12:00:00,Vitesse du vent,Vitesse du vent,m/s,3.09
2025-05-20 12:00:00,Direction du vent,Direction du vent,Deg,217.7
2025-05-20 12:00:00,Température,Température,°c,34.7
2025-05-20 10:00:00,Humidité relative,Humidité relative,%,100.0
2025-05-20 10:00:00,Point de Rosée,Point de Rosée,°c,33.4
2025-05-20 10:00:00,Rayonnement solaire,Rayonnement solaire,W/m²,829.0
2025-05-20 10:00:00,Pression atmosphérique,Pression atmosphérique,hPa,966.2
2025-05-20 10:00:00,Évapotranspiration Horaire,Évapotranspiration Horaire,mm/h,0.0
2025-05-20 10:00:00,Évapotranspiration journalière,Évapotranspiration journalière,mm/j,4.45
2025-05-20 10:00:00,Vitesse du vent,Vitesse du vent,m/s,1.01
2025-05-20 10:00:00,Direction du vent,Direction du vent,Deg,83.9
2025-05-20 10:00:00,Température,Température,°c,33.4
2025-05-20 08:00:00,Humidité relative,Humidité relative,%,100.0
2025-05-20 08:00:00,Point de Rosée,Point de Rosée,°c,28.2
2025-05-20 08:00:00,Rayonnement solaire,Rayonnement solaire,W/m²,456.0
2025-05-20 08:00:00,Pression atmosphérique,Pression atmosphérique,hPa,966.2
2025-05-20 08:00:00,Évapotranspiration Horaire,Évapotranspiration Horaire,mm/h,0.0
2025-05-20 08:00:00,Évapotranspiration journalière,Évapotranspiration journalière,mm/j,4.45
2025-05-20 08:00:00,Vitesse du vent,Vitesse du vent,m/s,0.95
2025-05-20 08:00:00,Direction du vent,Direction du vent,Deg,267.7
2025-05-20 08:00:00,Température,Température,°c,28.2
2025-05-20 06:00:00,Humidité relative,Humidité relative,%,100.0
2025-05-20 06:00:00,Point de Rosée,Point de Rosée,°c,18.4
2025-05-20 06:00:00,Rayonnement solaire,Rayonnement solaire,W/m²,64.0
2025-05-20 06:00:00,Pression atmosphérique,Pression atmosphérique,hPa,966.2
2025-05-20 06:00:00,Évapotranspiration Horaire,Évapotranspiration Horaire,mm/h,0.0
2025-05-20 06:00:00,Évapotranspiration journalière,Évapotranspiration journalière,mm/j,4.45
2025-05-20 06:00:00,Vitesse du vent,Vitesse du vent,m/s,0.8
2025-05-20 06:00:00,Direction du vent,Direction du vent,Deg,232.8
2025-05-20 06:00:00,Température,Température,°c,18.4
2025-05-20 04:00:00,Humidité relative,Humidité relative,%,100.0
2025-05-20 04:00:00,Point de Rosée,Point de Rosée,°c,20.5
2025-05-20 04:00:00,Rayonnement solaire,Rayonnement solaire,W/m²,0.0
2025-05-20 04:00:00,Pression atmosphérique,Pression atmosphérique,hPa,966.2
2025-05-20 04:00:00,Évapotranspiration Horaire,Évapotranspiration Horaire,mm/h,0.0
2025-05-20 04:00:00,Évapotranspiration journalière,Évapotranspiration journalière,mm/j,4.45
2025-05-20 04:00:00,Vitesse du vent,Vitesse du vent,m/s,0.27
2025-05-20 04:00:00,Direction du vent,Direction du vent,Deg,179.5
2025-05-20 04:00:00,Température,Température,°c,20.5
