PKLigne;Pk1;LIGNE; TYPE ;Nbre de Voie;PN voisin gare (à indiquer);       TYPE ANI;DE ANP;CDV VPN;ASSAINISSEMENT ZONE ANI;ASSAINISSEMENT ZONE ANP;ASSAINISSEMENT ZONE VPN;CONTACT RAIL ANI;CONTACT RAIL ANP;CONTACT RAIL VPN;DUREE ANNONCE  PAIRE;DUREE ANNONCE IMPAIRE;terre;coupure bipolaire;PN avec clignoteur à mercure;PN dôté d'alim commune;Etat du câblage châssis;Etat de la guérite;PN dôté de minuterie;type Télécontrôle;"ETAT
 BATTERIE";OBSERVATIONS;Observations;Arrondissement;Zone;Latitude;Longitude;Pk Route;Urbain-Rural;Visibilité;Gouvernorat;Institution concernée;Présignalisation
14,750L5;14,75;5;BA;3V;;AF1000;AF1000;2700HZ;BON;BON;MOYEN;BON;BON;BON;27;27;NON;NON;NON;NON;BON;BON;NON;CTC;BON;A assainir zone VPN;A assainir zone VPN;Bir Kassaa;Zone Nord Est;" 36°44'24.36""N";" 10°19'0.12""E";;;;;;
20,240L5;20,24;5;BA;2V;;AF1000;AF1000;12+15KHZ;BON;MOYEN;BON;BON;BON;BON;29;29;NON;NON;NON;NON;BON;BON;NON;CTC;BON;A assainir zone 114;A assainir zone 115;Bir Kassaa;Zone Nord Est;" 36°42'50.35""N";" 10°22'6.89""E";;;;;;
4,600L6;4,6;6;BA;3V;;Ple Electronique;Ple Electronique;8700H+Ple ELEC;NEANT;NEANT;MAUVAIS;BON;BON;BON;40;40;NON;NON;NON;NON;BON;BON;NON;CTC;BON; ; ;Bir Kassaa;Zone Nord Est;" 36°46'6.76""N";" 10°12'56.22""E";;;;;;
3,973LTA;3,973;TA;BA;2V; ;Courant continu;Courant continu;Courant continu;BON;BON;MOYEN;BON;BON;BON;41;43;OUI;NON;NON;NON;MOYEN;MAUVAIS;NON;  Bab Aléoua;BON;A assainir zone VPN ( du 08 au 12/05/2010); ;Bir Kassaa;Zone Nord Est;" 36°47'52.10""N";" 10° 9'12.19""E";;;;;;
4,360LTA;4,36;TA;BA;2V; ;Courant continu;Courant continu;Courant continu;BON;MOYEN;MOYEN;BON;BON;BON;41;41;OUI;NON;NON;NON;MOYEN;MAUVAIS;NON;  Bab Aléoua;BON;A assainir zone VPN( du 13 au 16/05/2010); ;Bir Kassaa;Zone Nord Est;" 36°48'5.03""N";" 10° 8'53.07""E";;;;;;
5,600LTA;5,6;TA;BA;2V; ;Courant continu;Courant continu;Courant continu;MOYEN;BON;MOYEN;BON;BON;BON;49;41;OUI;NON;NON;NON;MOYEN;BON;NON;  Bab Aléoua;BON;A assainir zone VPN( du 17 au 20/05/2010); ;Bir Kassaa;Zone Nord Est;" 36°48'21.03""N";" 10° 8'24.84""E";;;;;;
5,731LTA;5,731;TA;BA;2V; ;Courant continu;Courant continu;Courant continu;MOYEN;BON;MOYEN;BON;BON;BON;41;49;OUI;NON;NON;NON;MOYEN;BON;NON;  Bab Aléoua;BON;A assainir zone VPN( du 21 au 26/05/2010); ;Bir Kassaa;Zone Nord Est;" 36°48'23.60""N";" 10° 8'17.97""E";;;;;;
5,902LTA;5,902;TA;BA;2V; ;Courant continu;Courant continu;Courant continu;BON;BON;MOYEN;BON;BON;BON;60;40;OUI;NON;NON;NON;MOYEN;BON;NON;  Bab Aléoua;BON;A assainir zone VPN( du 27 au 31/04/2010); ;Bir Kassaa;Zone Nord Est;" 36°48'26.65""N";" 10° 8'5.17""E";;;;;;
5,450L6;5,45;6;BA;2V;;NEANT;Courant continu;Courant continu;MAUVAIS;MAUVAIS;MAUVAIS;BON;BON;BON;40;40;OUI;OUI;OUI;NON;BON;MOYEN;NON;OUI;MAUVAIS;A assainir zones( du 13 au 15/4/2010 ) + changement batterie;changement batterie;Bir Kassaa;Zone Nord Est;" 36°45'34.04""N";" 10°12'58.71""E";;;;;;
6,112L6;6,112;6;BA;2V;;Courant continu;Courant continu;Courant continu;MAUVAIS;MAUVAIS;MAUVAIS;BON;BON;BON;40;40;OUI;OUI;NON;NON;MOYEN;MOYEN;NON;OUI;MAUVAIS;A assainir zones ( du 16 au 19/4/2010 )+ changement chassis(relais type N1); changement chassis(relais type N1);Bir Kassaa;Zone Nord Est;" 36°45'16.88""N";" 10°13'16.70""E";;;;;;
6,563L6;6,563;6;BA;2V;;Courant continu;Courant continu;Courant continu;MAUVAIS;MAUVAIS;MAUVAIS;BON;BON;BON;40;40;OUI;OUI;OUI;NON;MOYEN;MOYEN;NON;OUI;BON;A assainir ( du 20 au 22/4/2010 )zone VPN;;Bir Kassaa;Zone Nord Est;" 36°45'5.14""N";" 10°13'27.50""E";;;;;;
7,407L6;7,407;6;BA;2V;Bir Kassaa;Courant continu;Courant continu;Courant continu;MAUVAIS;MAUVAIS;MAUVAIS;BON;BON;BON;40;40;OUI;OUI;NON;NON;MOYEN;MOYEN;NON;OUI;BON;A assainir zone VPN;A assainir zone VPN;Bir Kassaa;Zone Nord Est;" 36°44'39.14""N";" 10°13'38.12""E";;;;;;
8,680L6;8,68;6;BA;V.U;STUMETAL;Coffret gare;Courant continu;Courant continu;BON;BON;BON;BON;BON;BON;40;Néant;NON;NON;NON;NON;BON;BON;NON;NON;BON;MIS EN SERVICE LE 06/01/2012;MIS EN SERVICE LE 06/01/2013;Bir Kassaa;Zone Nord Est;" 36°44'0.64""N";" 10°13'53.81""E";;;;;;
10,050L6;10,05;6;BA;V.U;B.K (Marché );Ple Electronique;Ple Electronique;Ple Electronique;NEANT;NEANT;NEANT;BON;BON;BON;40;40;NON;NON;NON;NON;BON;BON;NON;NON;BON;Mis en service 06/2010;Mis en service 06/2011;Bir Kassaa;Zone Nord Est;" 36°43'15.90""N";" 10°14'1.95""E";;;;;;
11,803L6;11,803;6;BA;V.U;Naassen;Ple Electronique;Ple Electronique;Ple Elec+8700HZ;NEANT;NEANT;MAUVAIS;BON;BON;BON;25;25;OUI;NON;NON;OUI;BON;BON;NON;OUI;BON;A assainir zone VPN;A assainir zone VPN;Bir Kassaa;Zone Nord Est;" 36°42'17.59""N";" 10°14'0.86""E";;;;;;
11,998L6;11,998;6;BA;V.U;Naassen;Ple Electronique;Ple Electronique;Courant continu;MAUVAIS;MAUVAIS;MAUVAIS;BON;BON;BON;40;40;NON;OUI;NON;NON;BON;BON;NON;OUI;MAUVAIS;Assainissement zones + changement chassis(relais type N1);Assainissement zones + changement chassis(relais type N1);Bir Kassaa;Zone Nord Est;" 36°42'14.70""N";" 10°13'59.60""E";;;;;;
14,413L6;14,413;6;BA;V.U;;Ple Electronique;Ple Electronique;Ple Elec+8700HZ;NEANT;NEANT;BON;BON;BON;BON;30;30;NON;NON;NON;NON;BON;BON;NON;NON;BON;;;Bir Kassaa;Zone Nord Est;#N/A;#N/A;;;;;;
18,385L6;18,385;6;BA;V.U;;Compteur d'essieux;Compteur d'essieux;Compteur d'essieux;NEANT;NEANT;NEANT;NEANT;NEANT;NEANT;40;40;NEANT;NEANT;NEANT;NEANT;NEANT;NEANT;NEANT;NEANT;NEANT;EQUIPEMENT COMPLET (MARCHE DE 40 PN EN BA);EQUIPEMENT COMPLET (MARCHE DE 40 PN EN BA);Bir Kassaa;Zone Nord Est;" 36°39'10.89""N";" 10°11'57.79""E";;;;;;
19,500L6;19,5;6;BA;V.U;;Compteur d'essieux;Compteur d'essieux;Compteur d'essieux;NEANT;NEANT;NEANT;NEANT;NEANT;NEANT;40;40;NON;NON;NON;NON;BON;BON;NON;GSM;BON;1ere RP 04/09/2015 2eme RP 08/09/2015;2ème RP 04/09/2015 2eme RP 08/09/2015;Bir Kassaa;Zone Nord Est;" 36°38'44.10""N";" 10°11'35.98""E";;;;;;
35,150L6;35,15;6;BA;V.U;;Ple Electronique;Ple Electronique;Ple Elec+8700HZ;NEANT;NEANT;BON;BON;BON;BON;40;40;NON;NON;NON;NON;BON;BON;NON;NON;BON; ; ;Bir Kassaa;Zone Nord Est;" 36°33'28.24""N";" 10° 3'54.03""E";;;;;;
42,413L6;42,413;6;BA;V.U;Bir Mcherga;Courant continu;Courant continu;Courant continu;MAUVAIS;MAUVAIS;MAUVAIS;BON;BON;BON;25;25;OUI;OUI;NON;NON;MOYEN;MOYEN;NON;NON;BON;A assainir zones ;A assainir zones ;Bir Kassaa;Zone Nord Est;" 36°30'41.02""N";" 10° 1'8.40""E";;;;;;
8,813L7;8,813;7;BA;V.U;;Courant continu;Courant continu;Courant continu;MAUVAIS;MAUVAIS;MAUVAIS;BON;BON;BON;40;40;OUI;OUI;OUI;NON;MOYEN;MAUVAIS;NON;NON;MAUVAIS;A assainir zones ( du 23 au 26/4/2010 )+ changement chassis(relais type N1); changement chassis(relais type N1);Bir Kassaa;Zone Nord Est;" 36°44'54.38""N";" 10°13'44.70""E";;;;;;
9,183L7;9,183;7;SL;V.U;AFI;Courant continu;Courant continu;Courant continu;MAUVAIS;MAUVAIS;MAUVAIS;MAUVAIS;MAUVAIS;MAUVAIS;40;40;OUI;OUI;OUI;OUI;MOYEN;MAUVAIS;OUI;NON;MOYEN;A assainir zones ( du 27 au 29/4/2010 )+ changement chassis(relais type N1 EP/ANP); changement chassis(relais type N1 EP/ANP);Bir Kassaa;Zone Nord Est;" 36°45'9.71""N";" 10°14'6.83""E";;;;;;
10,343L7;10,343;7;BA;V.U;;Courant continu;Courant continu;Courant continu;MAUVAIS;MAUVAIS;MAUVAIS;BON;BON;BON;40;40;OUI;OUI;NON;NON;MOYEN;MAUVAIS;NON;NON;MOYEN;A assainir zones ( du 30/4 au 04/5/2010 );;Bir Kassaa;Zone Nord Est;" 36°45'26.78""N";" 10°14'32.46""E";;;;;;
11,050L7;11,05;7;BA;V.U;;Courant continu;Courant continu;Courant continu;MAUVAIS;MAUVAIS;MAUVAIS;BON;BON;BON;40;40;OUI;OUI;NON;NON;MOYEN;MAUVAIS;NON;NON;MAUVAIS;A assainir zones( du 05 au 07/5/2010 ) + changement chassis(relais type N1);Changement chassis(relais type N1);Bir Kassaa;Zone Nord Est;" 36°45'40.21""N";" 10°14'52.05""E";;;;;;
14,432L7;14,432;7;BA;V.U;;Ple Electronique;Ple Electronique;C.E;NEANT;NEANT;BON;BON;BON;BON;40;40;NON;NON;NON;NON;BON;BON;NON;NON;BON; ; ;Bir Kassaa;Zone Nord Est;#N/A;#N/A;;;;;;
15,789L7;15,789;7;BA;V.U;;Courant continu;Courant continu;Courant continu;NEANT;NEANT;BON;BON;BON;BON;40;40;NON;NON;NON;NON;BON;BON;NON;NON;BON; A assainir zones du 08 au 11/04/2010;;Bir Kassaa;Zone Nord Est;" 36°47'37.53""N";" 10°16'40.38""E";;;;;;
16,353L7;16,353;7;BA;2V;;Courant continu;NEANT;ITE;NEANT;NEANT;MAUVAIS;BON;BON;BON;30;30;OUI;OUI;OUI;OUI;MOYEN;MAUVAIS;NON;NON;BON;A assainir zones du 12 au 14/04/2010;;Bir Kassaa;Zone Nord Est;" 36°47'49.52""N";" 10°16'48.11""E";;;;;;
16,685L7;16,685;7;SL;2V;Goulette;Courant continu;Courant continu;Courant continu;MAUVAIS;MAUVAIS;MAUVAIS;MAUVAIS;MAUVAIS;MAUVAIS;30;30;OUI;OUI;OUI;OUI;MOYEN;MAUVAIS;NON;OUI;MOYEN;A assainir zones + changement chassis(relais type N1);A assainir zones + changement chassis(relais type N1);Bir Kassaa;Zone Nord Est;" 36°48'3.33""N";" 10°17'2.83""E";;;;;;
27,430L5;27,43;5;BA;2V;;Compteur d'essieux;Compteur d'essieux;Compteur d'essieux;BON;BON;BON;BON;BON;BON;40;40;NON;NON;NON;OUI;BON;BON;NON;NEANT;BON;1ere RP 09/09/2015 , 2eme RP 12/10/2015;2ème RP 09/09/2015 , 2eme RP 12/10/2015;Bir Bouregba;Zone Nord Est;" 36°40'47.45""N";" 10°26'10.14""E";;;;;;
29,100L5;29,1;5;BA;2V; ;Courant continu;Courant continu;Courant continu;BON;BON;MAUVAIS;BON;BON;BON;40;40;OUI;NON;OUI;OUI;MAUVAIS;MAUVAIS;NON;NEANT;MAUVAIS;"Annonces et vpn (c.c +pd. EM )à renouveler + cablage chassis mauvais (en régie)
Equipement Complet (Projet de 40PN en BA)";;Bir Bouregba;Zone Nord Est;" 36°40'5.16""N";" 10°26'51.38""E";;;;;;
30,474L5;30,474;5;BA;2V; ;Ple Electronique;Ple Electronique;Courant continu;NEANT;NEANT;BON;NEANT;NEANT;BON;40;40;OUI;NON;NON;NON;MAUVAIS;MAUVAIS;NON;NEANT;MAUVAIS; Pn fait avec matériel de récupération à réhabiliter(suppression cdv c.c et pd EM);;Bir Bouregba;Zone Nord Est;" 36°39'28.06""N";" 10°27'23.08""E";;;;;;
34,036L5;34,036;5;BA;2V; ;Ple Electronique;Ple Electronique;Courant continu;NEANT;NEANT;NEANT;NEANT;BON;BON;40;40;OUI;NON;NON;NON;MAUVAIS;MAUVAIS;NON;NEANT;MAUVAIS;" Pn fait avec matériel de récupération à réhabiliter(suppression cdv c.c et pd EM)
Equipement Complet (Projet de 40PN en BA)";;Bir Bouregba;Zone Nord Est;" 36°37'33.30""N";" 10°27'38.13""E";;;;;;
37,411L5;37,411;5;BA;2V; ;Compteur d'essieux;Compteur d'essieux;Compteur d'essieux;NEANT;MAUVAIS;NEANT;BON;BON;BON;40;40;OUI;NON;NON;NON;MAUVAIS;MAUVAIS;NON;NEANT;MAUVAIS;;;Bir Bouregba;Zone Nord Est;" 36°36'17.36""N";" 10°29'16.63""E";;;;;;
38,297L5;38,297;5;BA;2V;GROMBALIA;Compteur d'essieux;Compteur d'essieux;Compteur d'essieux;NEANT;BON;NEANT;BON;BON;BON;40;40;OUI;NON;NON;NON;MAUVAIS;MAUVAIS;NON;NEANT;MAUVAIS;;;Bir Bouregba;Zone Nord Est;" 36°35'58.35""N";" 10°29'42.49""E";;;;;;
38,596L5;38,596;5;BA;2V;GROMBALIA;Compteur d'essieux;Compteur d'essieux;Compteur d'essieux;NEANT;BON;NEANT;BON;BON;BON;40;40;OUI;NON;NON;NON;MAUVAIS;MAUVAIS;NON;NEANT;BON;;;Bir Bouregba;Zone Nord Est;" 36°35'50.55""N";" 10°29'49.42""E";;;;;;
40,392L5;40,392;5;BA;2V;;Compteur d'essieux;Compteur d'essieux;Compteur d'essieux;BON;BON;BON;BON;BON;BON;40;40;NON;NON;NON;OUI;BON;BON;NON;NEANT;BON;;;Bir Bouregba;Zone Nord Est;" 36°35'0.72""N";" 10°30'26.93""E";;;;;;
46,143L5;46,143;5;BA;2V;;Compteur d'essieux;Compteur d'essieux;Compteur d'essieux;BON;BON;BON;BON;BON;BON;40;40;NON;NON;NON;OUI;BON;BON;NON;NEANT;BON;;;Bir Bouregba;Zone Nord Est;" 36°32'25.01""N";" 10°32'33.08""E";;;;;;
46,879L5;46,879;5;BA;2V;B.ARGOUB;Compteur d'essieux;Compteur d'essieux;Compteur d'essieux;BON;BON;BON;BON;BON;BON;40;40;OUI;NON;NON;NON;MAUVAIS;MAUVAIS;NON;NEANT;BON;;;Bir Bouregba;Zone Nord Est;" 36°32'8.24""N";" 10°32'54.20""E";;;;;;
47,298L5;47,298;5;BA;2V;B.ARGOUB;Compteur d'essieux;Compteur d'essieux;Compteur d'essieux;NEANT;NEANT;NEANT;NEANT;NEANT;NEANT;40;40;NON;NON;NON;NON;BON;BON;NON;NEANT;BON; ;;Bir Bouregba;Zone Nord Est;" 36°31'56.39""N";" 10°33'2.53""E";;;;;;
48,218L5;48,218;5;BA;2V;;Compteur d'essieux;Compteur d'essieux;Compteur d'essieux;NEANT;NEANT;NEANT;NEANT;NEANT;NEANT;40;40;NON;NON;NON;NON;BON;BON;NON;NEANT;BON;;;Bir Bouregba;Zone Nord Est;" 36°31'30.24""N";" 10°33'20.48""E";;;;;;
49,463L5;49,463;5;BA;2V; ;Ple Electronique;Ple Electronique;Ple Elec+8700HZ;NEANT;NEANT;BON;NEANT;NEANT;BON;40;40;NON;NON;NON;NON;MAUVAIS;MAUVAIS;NON;NEANT;MAUVAIS; ;;Bir Bouregba;Zone Nord Est;" 36°30'55.13""N";" 10°33'45.03""E";;;;;;
50,484L5;50,484;5;BA;2V; ;Compteur d'essieux;Compteur d'essieux;Compteur d'essieux;NEANT;NEANT;NEANT;NEANT;NEANT;BON;40;40;NON;NON;NON;NON;MAUVAIS;MAUVAIS;NON;NEANT;BON; ;;Bir Bouregba;Zone Nord Est;" 36°30'26.76""N";" 10°34'6.21""E";;;;;;
59,328L5;59,328;5;BA;4V;B.B.REGBA; P.EM+PRS;ISOLA+P.EM;ISOLA+P.EM;BON;BON;BON;BON;BON;BON;40;40;NON;NON;NON;NON;BON;BON;NON;NEANT;BON; ;;Bir Bouregba;Zone Nord Est;" 36°25'45.64""N";" 10°34'28.77""E";;;;;;
62,102L5;62,102;5;BA;2V;B.SAHEL;Compteur d'essieux;Compteur d'essieux;Compteur d'essieux;BON;BON;BON;BON;BON;BON;40;40;NON;NON;NON;OUI;BON;BON;NON;NEANT;BON;Equipement EFACEC ( MIS EN SERVICE LE 06/02/2015 par Bemai );;Bir Bouregba;Zone Nord Est;" 36°24'46.93""N";" 10°33'22.04""E";;;;;;
62,450L5;62,45;5;BA;2V;B.SAHEL;Compteur d'essieux;Compteur d'essieux;Compteur d'essieux;BON;BON;BON;BON;BON;BON;40;40;NON;NON;NON;OUI;BON;BON;NON;NEANT;BON;Equipement EFACEC ( MIS EN SERVICE LE 30/03/2015 par Bemai );;Bir Bouregba;Zone Nord Est;" 36°24'42.25""N";" 10°33'9.26""E";;;;;;
63,499L5;63,499;5;BA;2V; ;Ple Electronique;Ple Electronique;SJC;NEANT;NEANT;BON;NEANT;NEANT;BON;39;39;NON;NON;NON;NON;BON;BON;NON;NEANT;BON;"Prévoir une zone pour l'ANI( annonce avec pédale électronique dans une zone urbaine)
Equipement Complet (projet de 40PN en BA)";;Bir Bouregba;Zone Nord Est;" 36°24'26.62""N";" 10°32'33.36""E";;;;;;
65,176L5;65,176;5;BA;2V;;Ple Electronique;Ple Electronique;Ple Elec+8700HZ;NEANT;NEANT;BON;NEANT;NEANT;BON;40;40;NON;NON;NON;NON;BON;BON;NON;NEANT;BON; ;;Bir Bouregba;Zone Nord Est;" 36°24'1.43""N";" 10°31'32.08""E";;;;;;
67,190L5;67,19;5;BA;2V; ;Compteur d'essieux;Compteur d'essieux;Compteur d'essieux;BON;BON;BON;BON;BON;BON;40;40;NON;NON;NON;OUI;BON;BON;NON;NEANT;BON;Equipement EFACEC ( MIS EN SERVICE LE 30/03/2015 par Bemai );;Bir Bouregba;Zone Nord Est;" 36°23'30.59""N";" 10°30'22.99""E";;;;;;
71,946L5;71,946;5;BA;2V;;Compteur d'essieux;Compteur d'essieux;Compteur d'essieux;BON;BON;BON;BON;BON;BON;40;40;NON;NON;NON;NON;BON;BON;NON;NEANT;BON;Mis en service le 17/4/2015 dans le cadre du marché EFACEC 30 PN ;;Bir Bouregba;Zone Nord Est;" 36°21'28.36""N";" 10°28'42.81""E";;;;;;
61,260L10;61,26;10;BA;V.U;;Ple Electronique;Ple Electronique;ITE;NEANT;NEANT;BON;NEANT;NEANT;BON;42;42;NON;NON;NON;NON;BON;MAUVAIS;NON;NEANT;BON; ;;Bir Bouregba;Zone Nord Est;" 36°25'9.54""N";" 10°35'22.57""E";;;;;;
63,403L10;63,403;10;BA;V.U;Craxi;C.E;C.E;C.E;NEANT;NEANT;BON;NEANT;NEANT;BON;30;30;NON;NON;NON;OUI;BON;BON;NON;NEANT;BON;MES le 20/5/2015 ( MARCHE 30 PN EFACEC );;Bir Bouregba;Zone Nord Est;" 36°24'34.32""N";" 10°36'33.37""E";;;;;;
64,332L10;64,332;10;BA;V.U; ;Ple Electronique;Ple Electronique;Courant continu;NEANT;NEANT;BON;NEANT;NEANT;BON;40;39;NON;NON;NON;NON;BON;BON;NON;NEANT;BON;Changement des sys d'annonces et de réarmement (Projet de 40PN en BA ) ;;Bir Bouregba;Zone Nord Est;" 36°24'23.13""N";" 10°37'5.01""E";;;;;;
64,949L10;64,949;10;BA;V.U;;Ple Electronique;Ple Electronique;Ple Elec+8700HZ;NEANT;NEANT;BON;NEANT;NEANT;BON;42;42;NON;NON;NON;NON;BON;BON;NON;NEANT;BON;Changement des sys d'annonces et de réarmement (Projet de 40PN en BA ) ;;Bir Bouregba;Zone Nord Est;" 36°24'26.86""N";" 10°37'28.92""E";;;;;;
65,264L10;65,264;10;BA;V.U;;Ple Electronique;Ple Electronique;Ple Elec+8700HZ;NEANT;NEANT;BON;NEANT;NEANT;BON;44;42;NON;NON;NON;NON;BON;BON;NON;NEANT;BON;Changement des sys d'annonces et de réarmement (Projet de 40PN en BA ) ;;Bir Bouregba;Zone Nord Est;" 36°24'24.34""N";" 10°37'41.57""E";;;;;;
65,868L10;65,868;10;BA;V.U;4 1/2 BA;Ple Elec+ITE;Ple Electronique;Courant continu;BON;NEANT;BON;BON;NEANT;BON;30;30;OUI;NON;NON;NON;MAUVAIS;BON;NON;NEANT;BON;Equipement Complet (projet de 40PN en BA);;Bir Bouregba;Zone Nord Est;" 36°24'24.33""N";" 10°38'5.67""E";;;;;;
66,786L10;66,786;10;BA;V.U;;Ple Electronique;Ple Electronique;Ple Elec+ITE;NEANT;NEANT;BON;NEANT;NEANT;BON;42;42;NON;NON;NON;NON;BON;BON;NON;NEANT;BON;;;Bir Bouregba;Zone Nord Est;" 36°24'34.70""N";" 10°38'38.11""E";;;;;;
68,182L10;68,182;10;BA;V.U;Président;C.E;C.E;C.E;NEANT;NEANT;BON;NEANT;NEANT;BON;30;30;NON;NON;NON;NON;BON;BON;NON;NEANT;BON;MES le 20/5/2015 ( MARCH2 30 PN EFACEC );;Bir Bouregba;Zone Nord Est;" 36°24'56.94""N";" 10°39'26.33""E";;;;;;
69,392L10;69,392;10;BA;V.U;;Ple Electronique;Ple Electronique;Ple Elec+8700HZ;NEANT;NEANT;BON;NEANT;NEANT;BON;40;40;NON;NON;NON;NON;BON;BON;NON;NEANT;BON; ;;Bir Bouregba;Zone Nord Est;" 36°25'22.70""N";" 10°40'0.85""E";;;;;;
70,122L10;70,122;10;BA;V.U;;Ple Electronique;Ple Electronique;Ple Elec+ITE;NEANT;NEANT;BON;NEANT;NEANT;BON;42;42;NON;NON;NON;NON;BON;BON;NON;NEANT;BON; ;;Bir Bouregba;Zone Nord Est;" 36°25'33.76""N";" 10°40'27.92""E";;;;;;
70,706L10;70,706;10;BA;V.U;;Ple Electronique;Ple Electronique;Ple Elec+8700HZ;NEANT;NEANT;BON;NEANT;NEANT;BON;40;40;NON;NON;NON;NON;BON;BON;NON;NEANT;BON; ;;Bir Bouregba;Zone Nord Est;" 36°25'40.61""N";" 10°40'49.88""E";;;;;;
72,033L10;72,033;10;BA;V.U;;Compteur d'essieux;Compteur d'essieux;Compteur d'essieux;BON;BON;BON;BON;BON;BON;36;36;NON;NON;NON;OUI;BON;BON;NON;NEANT;BON;Equipement EFACEC ( MIS EN SERVICE LE 06/02/2014 par Bemai );;Bir Bouregba;Zone Nord Est;" 36°25'55.97""N";" 10°41'39.66""E";;;;;;
72,720L10;72,72;10;BA;V.U;;Ple Electronique;Ple Electronique;Ple Elec+8700HZ;NEANT;NEANT;BON;NEANT;NEANT;BON;39;40;NON;NON;NON;NON;BON;BON;NON;NEANT;BON; ;;Bir Bouregba;Zone Nord Est;" 36°26'4.26""N";" 10°42'6.23""E";;;;;;
73,850L10;73,85;10;BA;V.U;;Ple Electronique;Ple Electronique;Ple Elec+ITE;NEANT;NEANT;BON;NEANT;NEANT;BON;42;42;NON;NON;NON;NON;BON;BON;NON;NEANT;BON; ;;Bir Bouregba;Zone Nord Est;" 36°26'19.05""N";" 10°42'41.88""E";;;;;;
74,215L10;74,215;10;BA;V.U;;Ple Electronique;Ple Electronique;Ple Elec+ITE;NEANT;NEANT;BON;NEANT;NEANT;BON;42;42;NON;NON;NON;NON;BON;BON;NON;NEANT;BON; ;;Bir Bouregba;Zone Nord Est;" 36°26'28.74""N";" 10°42'56.61""E";;;;;;
75,150L10;75,15;10;BA;V.U;;Ple Electronique;Ple Electronique;SJC+Ple elec.;NEANT;NEANT;BON;NEANT;NEANT;BON;42;42;NON;NON;NON;NON;BON;BON;NON;NEANT;BON;Changement des sys d'annonces et de réarmement (Projet de 40PN en BA ) ;;Bir Bouregba;Zone Nord Est;" 36°26'48.76""N";" 10°43'26.12""E";;;;;;
75,400L10;75,4;10;BA;V.U;;Ple Electronique;Ple Electronique;SJC+Ple elec.;NEANT;NEANT;BON;NEANT;NEANT;BON;42;42;NON;NON;NON;NON;BON;BON;NON;NEANT;BON;Changement des sys d'annonces et de réarmement (Projet de 40PN en BA ) ;;Bir Bouregba;Zone Nord Est;" 36°26'53.86""N";" 10°43'33.50""E";;;;;;
150,248L12;150,248;12;SL;2V;BEB DJEDID;ITE;ITE;Compteur d'essieux;MAUVAIS;MAUVAIS;MOYEN;BON;BON;BON;43;24;NON;NON;OUI;OUI;BON;MOYEN;NON;NEANT;BON;;;Monastir;Zone Est;" 35°49'4.54""N";" 10°38'37.62""E";;;;;;
151,114L12;151,114;12;BA;3V;SOUSSE SUD;ITE;ITE;8700HZ;MOYEN;MOYEN;MAUVAIS;BON;BON;BON;81;39;NON;NON;NON;OUI;BON;BON;NON;PIPC;BON;;;Monastir;Zone Est;" 35°48'37.91""N";" 10°38'41.79""E";;;;;;
157,056L12;157,056;12;BA;VU;;Ple Electronique;Ple Electronique;8700HZ;NEANT;NEANT;BON;NEANT;NEANT;MOYEN;34;34;OUI;NON;NON;OUI;BON;MOYEN;NON;NEANT;BON;;;Monastir;Zone Est;" 35°45'46.60""N";" 10°38'2.16""E";;;;;;
7,180L22;7,18;22;BA;2V;;Ple Electronique;Ple EM;ITE;NEANT;NEANT;MAUVAIS;NEANT;NEANT;BON;31;44;NON;NON;OUI;NON;MAUVAIS;MOYEN;NON;NEANT;BON;;;Monastir;Zone Est;" 35°45'33.97""N";" 10°42'7.59""E";;;;;;
7,690L22;7,69;22;BA;2V;;Ple Electronique;Ple EM;ITE;NEANT;NEANT;MAUVAIS;NEANT;NEANT;BON;38;23;NON;NON;NON;NON;BON;BON;NON;NEANT;BON;;;Monastir;Zone Est;" 35°45'31.04""N";" 10°42'27.63""E";;;;;;
8,805L22;8,805;22;BA;2V;;UM71;UM71;ITE;BON;BON;BON;BON;BON;BON;44;41;NON;NON;NON;NON;MAUVAIS;MAUVAIS;NON;NEANT;BON;;;Monastir;Zone Est;" 35°45'24.37""N";" 10°43'10.02""E";;;;;;
9,825L22;9,825;22;BA;2V;;UM71;UM71;ITE;BON;BON;BON;BON;BON;BON;41;36;NON;NON;NON;NON;MAUVAIS;MAUVAIS;NON;NEANT;BON;;;Monastir;Zone Est;" 35°45'18.12""N";" 10°43'50.42""E";;;;;;
11,920L22;11,92;22;BA;2V;;Ple EM;Ple EM;ITE;NEANT;NEANT;BON;NEANT;NEANT;BON;24;24;NON;NON;NON;OUI;MAUVAIS;BON;NON;NEANT;BON;;;Monastir;Zone Est;" 35°45'42.81""N";" 10°45'6.35""E";;;;;;
17,015L22;17,015;22;BA;2V;;Ple Electronique;Ple Electronique;ITE;NEANT;NEANT;BON;NEANT;NEANT;BON;40;40;NON;NON;NON;NON;BON;BON;NON;NEANT;BON;;;Monastir;Zone Est;" 35°45'22.55""N";" 10°47'19.35""E";;;;;;
19,688L22;19,688;22;BA;2V;;Ple Electronique;Ple Electronique;Ple Elec+8700HZ;NEANT;NEANT;BON;NEANT;NEANT;BON;40;40;NON;NON;NON;NON;BON;BON;NON;NEANT;BON;;;Monastir;Zone Est;" 35°45'21.47""N";" 10°48'44.36""E";;;;;;
20,680L22;20,68;22;BA;2V;;Ple Electronique;Ple Electronique;8700HZ;NEANT;NEANT;BON;NEANT;NEANT;BON;36;36;NON;NON;NON;NON;BON;BON;NON;CABLE;BON;;;Monastir;Zone Est;" 35°44'59.12""N";" 10°49'13.18""E";;;;;;
22,350L22;22,35;22;BA;2V;;Ple Electronique;Ple Electronique;8700HZ;NEANT;NEANT;BON;NEANT;NEANT;BON;36;36;NON;NON;NON;NON;BON;BON;NON;CABLE;BON;;;Monastir;Zone Est;" 35°44'7.51""N";" 10°49'5.20""E";;;;;;
23,875L22;23,875;22;BA;VU; ;Compteur essieux;Compteur essieux;Compteur essieux;NEANT;NEANT;BON;NEANT;NEANT;BON;40;40;NON;NON;NON;NON;BON;BON;NON;NEANT;BON;;;Monastir;Zone Est;" 35°43'31.11""N";" 10°48'24.92""E";;;;;;
25,690L22;25,69;22;BA;2V;Ksibet;8700HZ;8700HZ;8700HZ;BON;BON;MOYEN;BON;BON;BON;36;35;OUI;NON;NON;OUI;MAUVAIS;MOYEN;NON;CABLE;BON;;;Monastir;Zone Est;" 35°42'37.11""N";" 10°48'41.01""E";;;;;;
26,595L22;26,595;22;BA;VU; ;Compteur essieux;Compteur essieux;Compteur essieux;NEANT;NEANT;BON;NEANT;NEANT;BON;40;40;NON;NON;NON;NON;BON;BON;NON;NEANT;BON;;;Monastir;Zone Est;" 35°42'13.86""N";" 10°49'2.57""E";;;;;;
29,963L22;29,963;22;BA;2V;;8700HZ;8700HZ;8700HZ;BON;BON;BON;BON;BON;BON;35;35;OUI;NON;NON;OUI;MAUVAIS;MOYEN;NON;CABLE;BON;;;Monastir;Zone Est;" 35°40'50.11""N";" 10°50'26.31""E";;;;;;
34,076L22;34,076;22;BA;2V;;8700HZ;8700HZ;8700HZ;BON;MOYEN;BON;BON;BON;BON;40;32;OUI;NON;NON;OUI;MAUVAIS;MOYEN;NON;CABLE;BON;;;Monastir;Zone Est;" 35°40'12.82""N";" 10°52'58.01""E";;;;;;
34,632L22;34,632;22;BA;2V;;Ple Electronique;Ple Electronique;8700HZ;NEANT;NEANT;BON;NEANT;NEANT;BON;40;40;NON;NON;NON;NON;BON;BON;NON;CABLE;BON;;;Monastir;Zone Est;" 35°40'1.54""N";" 10°53'14.49""E";;;;;;
35,132L22;35,132;22;BA;2V;SAYADA;8700HZ;Ple Electronique;8700HZ;BON;NEANT;MOYEN;BON;NEANT;BON;40;38;OUI;NON;NON;OUI;MAUVAIS;MOYEN;NON;CABLE;BON;;;Monastir;Zone Est;" 35°39'48.15""N";" 10°53'26.09""E";;;;;;
36,590L22;36,59;22;BA;2V;;8700HZ;8700HZ;8700HZ;BON;BON;BON;BON;BON;BON;40;34;OUI;NON;NON;OUI;MAUVAIS;MOYEN;NON;CABLE;BON;;;Monastir;Zone Est;" 35°39'7.70""N";" 10°53'54.97""E";;;;;;
37,070L22;37,07;22;BA;2V;;Ple Electronique;8700HZ;8700HZ;NEANT;BON;BON;NEANT;BON;BON;40;37;OUI;NON;NON;OUI;BON;MAUVAIS;NON;CABLE;BON;;;Monastir;Zone Est;" 35°38'52.30""N";" 10°53'58.11""E";;;;;;
37,380L22;37,38;22;BA;VU; ;Compteur essieux;Compteur essieux;Compteur essieux;NEANT;NEANT;BON;NEANT;NEANT;BON;40;40;NON;NON;NON;NON;BON;BON;NON;NEANT;BON;;;Monastir;Zone Est;" 35°38'43.54""N";" 10°54'2.90""E";;;;;;
38,435L22;38,435;22;BA;2V;;Ple Electronique;Ple Electronique;8700HZ;NEANT;NEANT;MOYEN;NEANT;NEANT;BON;60;34;NON;NON;NON;NON;BON;MOYEN;NON;CABLE;BON;;;Monastir;Zone Est;" 35°38'15.47""N";" 10°54'27.40""E";;;;;;
39,041L22;39,041;22;BA;VU;Moknine;8700HZ;Cde Manuelle;8700HZ;BON;NEANT;MOYEN;BON;NEANT;BON;NEANT;60;NON;NON;NON;OUI;MAUVAIS;MOYEN;NON;CABLE;BON;;;Monastir;Zone Est;" 35°37'58.96""N";" 10°54'40.69""E";;;;;;
40,480L22;40,48;22;BA;VU;;Ple Electronique;Ple Electronique;Eléctrans;NEANT;NEANT;MOYEN;NEANT;NEANT;BON;40;40;NON;NON;NON;NON;BON;BON;NON;NEANT;BON;;;Monastir;Zone Est;" 35°37'49.81""N";" 10°55'34.88""E";;;;;;
42,016L22;42,016;22;BA;VU;;Ple Electronique;Ple Electronique;8700HZ;NEANT;NEANT;BON;NEANT;NEANT;BON;40;40;NON;NON;NON;NON;BON;BON;NON;CABLE;BON;;;Monastir;Zone Est;" 35°38'0.55""N";" 10°56'34.39""E";;;;;;
42,840L22;42,84;22;BA;VU;;Ple Electronique;Ple Electronique;SJC 245;NEANT;NEANT;BON;NEANT;NEANT;BON;40;40;NON;NON;NON;NON;BON;BON;NON;NEANT;BON;;;Monastir;Zone Est;" 35°38'11.73""N";" 10°57'4.35""E";;;;;;
43,720L22;43,72;22;BA;VU;;SJC 245;8700HZ;8700HZ;BON;BON;BON;BON;BON;BON;40;40;OUI;NON;NON;OUI;MAUVAIS;MOYEN;NON;CABLE;BON;;;Monastir;Zone Est;" 35°38'18.79""N";" 10°57'35.12""E";;;;;;
44,266L22;44,266;22;BA;VU;;Ple Electronique;Ple Electronique;8700HZ;NEANT;NEANT;BON;NEANT;NEANT;BON;40;40;NON;NON;NON;NON;BON;BON;NON;CABLE;BON;;;Monastir;Zone Est;" 35°38'9.96""N";" 10°57'53.96""E";;;;;;
47,350L22;47,35;22;BA;VU;Bkalta;Ple Electronique;Ple Electronique;Ple Elec+8700HZ;NEANT;NEANT;BON;NEANT;NEANT;BON;40;40;NON;NON;NON;NON;BON;BON;NON;NEANT;BON;;;Monastir;Zone Est;"  35°36'58.39""N";" 10°59'18.66""E";;;;;;
50,323L22;50,323;22;BA;VU;;Ple Electronique;Ple Electronique;SJC 245;NEANT;NEANT;BON;NEANT;NEANT;BON;40;40;NON;NON;NON;NON;BON;BON;NON;NEANT;BON;;;Monastir;Zone Est;" 35°35'49.62""N";" 11° 0'33.00""E";;;;;;
52,795L22;52,795;22;BA;VU;Bkalta camping;Compteur essieux;Compteur essieux;Compteur essieux;NEANT;NEANT;BON;NEANT;NEANT;BON;40;40;NON;NON;NON;NON;BON;BON;NON;NEANT;BON;;;Monastir;Zone Est;" 35°34'29.95""N";" 11° 1'1.02""E";;;;;;
53,666L22;53,666;22;BA;VU;;Ple Electronique;Ple Electronique;8700HZ;NEANT;NEANT;BON;NEANT;NEANT;BON;40;40;NON;NON;NON;NON;BON;BON;NON;CABLE;BON;;;Monastir;Zone Est;" 35°34'2.32""N";" 11° 1'8.81""E";;;;;;
59,231L22;59,231;22;BA;VU;;Ple Electronique;Ple Electronique;Ple Elec+8700HZ;NEANT;NEANT;BON;NEANT;NEANT;BON;40;40;NON;NON;NON;NON;BON;BON;NON;NEANT;BON;;;Monastir;Zone Est;" 35°31'14.79""N";" 11° 1'37.30""E";;;;;;
60,945L22;60,945;22;BA;VU;;8700HZ;8700HZ;8700HZ;BON;BON;MOYEN;BON;BON;BON;40;40;OUI;NON;NON;OUI;MAUVAIS;MAUVAIS;NON;CABLE;BON;;;Monastir;Zone Est;" 35°30'25.82""N";" 11° 1'49.56""E";;;;;;
61,880L22;61,88;22;BA;VU;;8700HZ;8700HZ;8700HZ;BON;BON;BON;BON;BON;BON;60;42;OUI;NON;NON;OUI;MAUVAIS;MOYEN;NON;CABLE;BON;;;Monastir;Zone Est;" 35°29'59.17""N";" 11° 2'0.31""E";;;;;;
62,610L22;62,61;22;BA;VU;;Ple Electronique;Ple Electronique;SJC 245;NEANT;NEANT;BON;NEANT;NEANT;BON;40;40;NON;NON;NON;NON;BON;BON;NON;NEANT;BON;;;Monastir;Zone Est;" 35°29'59.55""N";" 11° 2'27.93""E";;;;;;
63,428L22;63,428;22;BA;VU;;Ple Electronique;Ple Electronique;SJC 245;NEANT;NEANT;BON;NEANT;NEANT;BON;40;40;NON;NON;NON;NON;BON;BON;NON;NEANT;BON;;;Monastir;Zone Est;" 35°29'57.35""N";" 11° 2'58.79""E";;;;;;
64,506L22;64,506;22;BA;VU;Mahdia;Ple Electronique;Cde Manuelle;SJC 245;NEANT;NEANT;BON;NEANT;NEANT;BON;40;40;NON;NON;NON;NON;BON;BON;NON;NEANT;BON;;;Monastir;Zone Est;" 35°29'47.36""N";" 11° 3'37.18""E";;;;;;
153,519L5;153,519;5;BA;2V;MSAKEN;Compteur d'essieux;Compteur d'essieux;Compteur d'essieux;NEANT;NEANT;NEANT;NEANT;NEANT;NEANT;40;40;NON;NON;NON;NON;BON;BON;NON;NEANT;BON;;;Eljem;Zone Est;" 35°43'36.34""N";" 10°35'53.33""E";;;;;;
160,436L5;160,436;5;BA;VU;;Ple Electronique;Ple Electronique;Ple Elec+8700HZ;NEANT;NEANT;BON;NEANT;NEANT;BON;40;40;NON;NON;NON;NON;BON;BON;NON;NEANT;BON; ;;Eljem;Zone Est;" 35°39'55.58""N";" 10°36'38.00""E";;;;;;
168,751L5;168,751;5;BA;VU; ;Ple Electronique;Ple Electronique;Ple Elec+8700HZ;NEANT;NEANT;BON;NEANT;NEANT;BON;40;40;NON;NON;NON;NON;BON;BON;NON;NEANT;BON; ;;Eljem;Zone Est;" 35°35'40.77""N";" 10°37'42.83""E";;;;;;
172,045L5;172,045;5;BA;VU;;Ple Electronique;Ple Electronique;Ple Elec+8700HZ;NEANT;NEANT;BON;NEANT;NEANT;BON;40;40;NON;NON;NON;NON;BON;BON;NON;NEANT;BON; ;;Eljem;Zone Est;" 35°33'58.16""N";" 10°38'17.85""E";;;;;;
174,027L5;174,027;5;BA;VU;;Compteur d'essieux;Compteur d'essieux;Compteur d'essieux;NEANT;NEANT;NEANT;NEANT;NEANT;NEANT;40;40;NEANT;NEANT;NEANT;NEANT;NEANT;NEANT;NEANT;NEANT;NEANT;Equipement Complet  (PROJET DE 40PN EN BA);;Eljem;Zone Est;" 35°32'59.37""N";"10°38'42.97""E";;;;;;
175,633L5;175,633;5;BA;VU;BOU GOBRINE;Courant continu;Courant continu;Courant continu;BON;BON;MAUVAIS;BON;BON;BON;33;54;OUI;NON;OUI;OUI;MAUVAIS;BON;NON;NEANT;MAUVAIS;"Autonomie batterie insuffisante ""à remplacer""+ armoire ANP à remplacer";;Eljem;Zone Est;" 35°32'8.30""N";" 10°38'41.17""E";;;;;;
182,522L5;182,522;5;BA;VU;;Ple Electronique;Ple Electronique;Ple Elec+8700HZ;NEANT;NEANT;BON;NEANT;NEANT;BON;40;40;NON;NON;NON;NON;BON;BON;NON;NEANT;BON; ;;Eljem;Zone Est;" 35°28'30.40""N";" 10°39'11.58""E";;;;;;
183,304L5;183,304;5;BA;VU;kerker;8700HZ;Courant continu;Courant continu;BON;BON;MOYEN;BON;BON;BON;28;31;OUI;NON;NON;OUI;MAUVAIS;MAUVAIS;NON;NEANT;MOYEN;Armoires d'annonces à remplacer ;;Eljem;Zone Est;" 35°28'10.33""N";" 10°39'30.73""E";;;;;;
186,162L5;186,162;5;BA;VU;Boumerdes;Compteur d'essieux;Compteur d'essieux;Compteur d'essieux;NEANT;NEANT;NEANT;BON;BON;BON;30;30;NON;NON;NON;NON;BON;BON;NON;Néant;BON;Mis en service le 22/4/2015 marché EFACEC 30 PN;;Eljem;Zone Est;" 35°27'3.10""N";" 10°40'47.52""E";;;;;;
187,914L5;187,914;5;BA;VU;;Ple Electronique;Ple Electronique;SJC 245;BON;BON;BON;NEANT;NEANT;BON;60;49;NON;NON;NON;NON;BON;BON;NON;NEANT;BON;;;Eljem;Zone Est;" 35°26'19.92""N";" 10°41'27.85""E";;;;;;
189,712L5;189,712;5;BA;VU;;Ple Electronique;Ple Electronique;SJC 245;BON;BON;MOYEN;NEANT;NEANT;BON;44;36;NON;NON;NON;NON;BON;BON;NON;NEANT;BON;Nécessite le badijonnage;;Eljem;Zone Est;" 35°25'40.16""N";" 10°42'17.22""E";;;;;;
192,543L5;192,543;5;BA;VU;;Ple Electronique;Ple Electronique;ELECTRANS;BON;BON;BON;NEANT;NEANT;BON;43;42;NON;NON;NON;NON;BON;BON;NON;NEANT;BON;;;Eljem;Zone Est;" 35°24'17.19""N";" 10°43'4.77""E";;;;;;
203,711L5;203,711;5;BA;VU;;Ple Electronique;Ple Electronique;SJC 245;BON;BON;BON;BON;BON;BON;36;36;NON;NON;NON;NON;BON;BON;NON;NEANT;BON; ;;Eljem;Zone Est;" 35°18'32.06""N";" 10°43'1.40""E";;;;;;
205,095L5;205,095;5;BA;VU;ELDJEM;Compteur d'essieux;Compteur d'essieux;Compteur d'essieux;NEANT;NEANT;NEANT;NEANT;NEANT;NEANT;40;40;NON;NON;NON;NON;BON;BON;NON;NEANT;BON; ;;Eljem;Zone Est;" 35°17'48.48""N";" 10°42'47.73""E";;;;;;
205,485L5;205,485;5;BA;VU;ELDJEM;Courant continu;Courant continu;Courant continu;BON;BON;MOYEN;BON;BON;BON;50;53;OUI;NON;OUI;OUI;MOYEN;MOYEN;NON;NEANT;MAUVAIS;"Autonomie batterie insuffisante ""à remplacer""+ armoire ANP à remplacer";;Eljem;Zone Est;" 35°17'37.36""N";" 10°42'40.46""E";;;;;;
206,165L5;206,165;5;BA;VU;ELDJEM;Compteur d'essieux;Compteur d'essieux;Compteur d'essieux;NEANT;NEANT;NEANT;NEANT;NEANT;NEANT;40;40;NON;NON;NON;NON;BON;BON;NON;NEANT;BON; ;;Eljem;Zone Est;" 35°17'21.15""N";" 10°42'22.60""E";;;;;;
215,700L5;215,7;5;BA;VU;;Courant continu;Courant continu;Courant continu;BON;BON;BON;BON;BON;BON;30;28;NON;NON;NON;OUI;MOYEN;MOYEN;NON;NEANT;MOYEN;Armoires d'annonce à remplacer ;;Eljem;Zone Est;" 35°12'15.66""N";" 10°42'39.06""E";;;;;;
222,395L5;222,395;5;BA;VU;HANCHA;Ple Electronique;Ple Electronique;Ple Elec+8700HZ;NEANT;NEANT;BON;NEANT;NEANT;BON;40;40;NON;NON;NON;NON;BON;BON;NON;NEANT;BON; ;;Eljem;Zone Est;" 35° 8'48.01""N";" 10°43'30.41""E";;;;;;
223,850L5;223,85;5;BA;2V;;Compteur d'essieux;Compteur d'essieux;Compteur d'essieux;NEANT;NEANT;NEANT;NEANT;NEANT;NEANT;40;40;NON;NON;NON;NON;BON;BON;NON;NEANT;BON;EN cours (marché EFACEC 30 PN);;Eljem;Zone Est;" 35° 8'2.47""N";" 10°43'47.22""E";;;;;;
160,414L12;160,414;12;BA;VU;;Compteur d'essieux;Compteur d'essieux;Compteur d'essieux;NEANT;NEANT;NEANT;NEANT;NEANT;NEANT;40;40;NON;NON;NON;NON;BON;BON;NON;PIPC;BON;;;Eljem;Zone Est;" 35°44'36.23""N";" 10°36'26.39""E";;;;;;
78,466L5;78,466;5;BA;4V;Bouficha;ISOLA+ Ple Pvé;ISOLA+ Ple Pvé;ISOLA+ Ple Pvé;BON;BON;BON;BON;BON;BON;40;40;NON;NON;NON;NON;BON;BON;NON;Alstom;BON;A assainir zones VPN  (asupprimer l'observation);;Enfidha;Zone Est;" 36°18'6.69""N";" 10°27'2.34""E";;;;;;
82,176L5;82,176;5;BA;2V;;Compteur d'essieux;Compteur d'essieux;Compteur d'essieux;NEANT;NEANT;NEANT;BON;BON;BON;30;30;NON;NON;NON;NON;BON;BON;NON;Néant;BON;1ere RP 07/09/2015 2eme RP 10/09/2015 (marché EFACEC 30 PN);;Enfidha;Zone Est;" 36°16'12.23""N";" 10°26'16.70""E";;;;;;
83,170L5;83,17;5;BA;2V;;Compteur d'essieux;Compteur d'essieux;Compteur d'essieux;NEANT;NEANT;NEANT;BON;BON;BON;30;30;NON;NON;NON;NON;BON;BON;NON;Néant;BON;Mis en service le 30/4/2015 marché EFACEC 30 PN;;Enfidha;Zone Est;" 36°15'41.51""N";" 10°26'4.30""E";;;;;;
87,010L5;87,01;5;BA;2V;;Compteur d'essieux;Compteur d'essieux;Compteur d'essieux;BON;BON;BON;BON;BON;BON;40;40;NON;NON;NON;NON;BON;BON;NON;Alstom;BON;EN COURS (marché DAC1044 DES 10PN de la DGMI);;Enfidha;Zone Est;" 36°13'39.59""N";" 10°25'38.14""E";;;;;;
89,750L5;89,75;5;BA;2V;;Ple Electronique;Ple Electronique;Ple Elec+SJC;BON;BON;BON;BON;BON;BON;40;40;NON;NON;NON;NON;BON;BON;NON;NEANT;BON; ;;Enfidha;Zone Est;" 36°12'14.68""N";" 10°25'10.03""E";;;;;;
91,200L5;91,2;5;BA;2V;;Ple Electronique;Ple Electronique;Ple Elec+SJC;BON;BON;BON;BON;BON;BON;40;36;NON;NON;NON;NON;BON;BON;NON;GSM;BON;;;Enfidha;Zone Est;" 36°11'27.77""N";" 10°25'18.22""E";;;;;;
92,762L5;92,762;5;BA;2V;;Compteur d'essieux;Compteur d'essieux;Compteur d'essieux;NEANT;NEANT;NEANT;NEANT;NEANT;NEANT;40;40;NEANT;NEANT;NEANT;NEANT;NEANT;NEANT;NEANT;NEANT;NEANT;Equipement Complet  (PROJET DE 40PN EN BA);;Enfidha;Zone Est;" 36°10'36.46""N";" 10°25'13.54""E";;;;;;
94,100L5;94,1;5;BA;2V;;Compteur d'essieux;Compteur d'essieux;Compteur d'essieux;BON;BON;BON;BON;BON;BON;40;40;NON;NON;NON;NON;BON;BON;NON;Alstom;BON;REMIS EN ETAT (marché DAC 1044 DES 10PN de la DGMI );;Enfidha;Zone Est;" 36° 9'55.13""N";" 10°25'5.42""E";;;;;;
99,709L5;99,709;5;BA;3V;Enfidha;ISOLA+ Ple Pvé;ISOLA+ Ple Pvé;ISOLA+ Ple Pvé;BON;BON;BON;BON;BON;BON;40;40;NON;NON;NON;NON;BON;BON;NON;Alstom;BON;A assainir zones VPN  (asupprimer l'observation);;Enfidha;Zone Est;" 36° 7'31.04""N";" 10°22'52.84""E";;;;;;
113,069L5;113,069;5;BA;2V;Menzel Gare;CC + Ple forfex; C C + Forfex;C C + Cautor;BON;BON;BON;BON;BON;BON;40;40;OUI;NON;NON;NON;MAUVAIS;MAUVAIS;NON;GSM;BON;Barrières installées et mise en service le 20/8/2011;;Enfidha;Zone Est;" 36° 0'31.18""N";" 10°22'46.08""E";;;;;;
117,447L5;117,447;5;BA;2V;;Compteur d'essieux;Compteur d'essieux;Compteur d'essieux;NEANT;NEANT;NEANT;BON;BON;BON;30;30;NON;NON;NON;NON;BON;BON;NON;Néant;BON;1ere RP 14/12/2015 2eme RP 16/12/2015 (marché EFACEC 30 PN);;Enfidha;Zone Est;" 35°58'44.46""N";" 10°24'39.33""E";;;;;;
120,730L5;120,73;5;BA;2V;;Ple Electronique;Ple Electronique;8700HZ+Cautor;BON;BON;BON;BON;BON;BON;40;40;NON;NON;NON;NON;BON;BON;NON;GSM;BON; ;;Enfidha;Zone Est;" 35°57'41.12""N";" 10°26'25.06""E";;;;;;
122,002L5;122,002;5;BA;2V;;Ple Electronique;Ple Electronique;Ple Elec+SJC;BON;BON;BON;BON;BON;BON;40;40;NON;NON;NON;NON;BON;BON;NON;GSM;BON; ;;Enfidha;Zone Est;" 35°57'13.30""N";" 10°27'2.38""E";;;;;;
126,024L5;126,024;5;BA;2V;;Ple Electronique;Ple Electronique;Ple Elec+SJC;BON;BON;BON;BON;BON;BON;40;40;NON;NON;NON;NON;BON;BON;NON;GSM;BON; ;;Enfidha;Zone Est;" 35°56'7.67""N";" 10°29'18.04""E";;;;;;
132,752L5;132,752;5;BA;2V;;Courant continu;Courant continu;8700HZ;BON;BON;MOYEN;BON;BON;BON;39;31;OUI;ANP1;NON;NON;BON;MOYEN;NON;NEANT;BON;"VPN nécessite le revêtement en bitume ""urgent""+Armoire ANI à remplacer,Equipement Complet  (PROJET DE 40PN EN BA)";;Enfidha;Zone Est;" 35°53'33.09""N";" 10°32'4.37""E";;;;;;
133,354L5;133,354;5;BA;VU;;Ple Electronique;Ple Electronique;Ple Elec+8700HZ;NEANT;NEANT;BON;NEANT;NEANT;BON;40;40;NON;NON;NON;NON;BON;BON;NON;NEANT;BON; ;;Enfidha;Zone Est;" 35°53'19.77""N";" 10°32'21.79""E";;;;;;
135,200L5;135,2;5;BA;2V;;Compteur d'essieux;Compteur d'essieux;Compteur d'essieux;NEANT;NEANT;NEANT;NEANT;NEANT;NEANT;40;40;NON;NON;NON;NON;BON;BON;NON;NEANT;BON;Mis en service le 14/6/2013;;Enfidha;Zone Est;" 35°52'27.33""N";" 10°32'55.39""E";;;;;;
135,913L5;135,913;5;BA;2V;;Compteur d'essieux;Compteur d'essieux;Compteur d'essieux;NEANT;NEANT;NEANT;NEANT;NEANT;NEANT;40;40;NON;NON;NON;NON;BON;BON;NON;NEANT;BON;Mis en service le 14/6/2013;;Enfidha;Zone Est;" 35°52'6.70""N";" 10°33'9.35""E";;;;;;
136,357L5;136,357;5;BA;2V;k kebira;Ple Electronique;Courant continu;Courant continu;BON;BON;MAUVAIS;BON;BON;BON;50;33;OUI;ANP1;NON;OUI;BON;BON;NON;NEANT;BON;VPN1 et 2 nécessitent l'expurgation;;Enfidha;Zone Est;" 35°51'58.00""N";" 10°33'22.01""E";;;;;;
136,747L5;136,747;5;BA;2V;;Ple Electronique;Ple Electronique;Ple Elec+8700HZ;NEANT;NEANT;BON;NEANT;NEANT;BON;40;40;NON;NON;NON;NON;BON;BON;NON;NEANT;BON; ;;Enfidha;Zone Est;" 35°51'49.85""N";" 10°33'33.35""E";;;;;;
137,796L5;137,796;5;BA;2V;;Compteur d'essieux;Compteur d'essieux;Compteur d'essieux;NEANT;NEANT;NEANT;NEANT;NEANT;NEANT;40;40;NON;NON;NON;NON;BON;BON;NON;NEANT;BON;1ere RP 14/12/2015 2eme RP 17/12/2015 (marché EFACEC 30PN);;Enfidha;Zone Est;" 35°51'17.54""N";" 10°33'43.22""E";;;;;;
138,596L5;138,596;5;BA;2V;;Courant continu;Courant continu;8700HZ;BON;BON;BON;BON;BON;BON;38;29;OUI;ANI2;NON;NON;MAUVAIS;MOYEN;NON;NEANT;BON;Equipement Complet  (PROJET DE 40PN EN BA);;Enfidha;Zone Est;" 35°50'51.79""N";" 10°33'45.78""E";;;;;;
140,784L5;140,784;5;BA;2V;;Compteur d'essieux;Compteur d'essieux;Compteur d'essieux;NEANT;NEANT;NEANT;NEANT;NEANT;NEANT;40;40;NON;NON;NON;NON;BON;BON;NON;NEANT;BON;;;Enfidha;Zone Est;" 35°49'45.28""N";" 10°33'55.83""E";;;;;;
141,713L5;141,713;5;BA;2V; ;Compteur d'essieux;Compteur d'essieux;Compteur d'essieux;NEANT;NEANT;NEANT;NEANT;NEANT;NEANT;40;40;NON;NON;NON;NON;BON;BON;NON;NEANT;BON;;;Enfidha;Zone Est;" 35°49'21.05""N";" 10°34'8.18""E";;;;;;
144,536L12;144,536;12;BA;VU;;Courant continu;Courant continu;8700HZ;BON;BON;BON;BON;BON;BON;40;48;OUI;NON;OUI;NON;MAUVAIS;BON;NON;NEANT;BON;"Cables des annonces I et P à une paire ""vetuste dès la mise en Sce""";;Enfidha;Zone Est;" 35°49'31.76""N";" 10°35'51.73""E";;;;;;
146,719L12;146,719;12;BA;VU;;Ple Electronique;Courant continu;Courant continu;NEANT;MOYEN;MAUVAIS;NEANT;BON;BON;67;61;OUI;NON;NON;NON;MOYEN;MOYEN;NON;NEANT;BON;Manque assainissement au VPN+ Armoire ANI à remplacer , ass.ANP : dégarnissage (22/4/10), curage fossé ( juin 2010);;Enfidha;Zone Est;" 35°50'1.13""N";" 10°37'6.97""E";;;;;;
147,728L12;147,728;12;BA;VU;SOUSSE ;Courant continu;Cde Manuelle;Courant continu;MOYEN;NEANT;MOYEN;BON;NEANT;BON;60;58;OUI;NON;NON;NON;MOYEN;MOYEN;NON;NEANT;BON;curage fossé ( juin 2010);;Enfidha;Zone Est;" 35°50'6.35""N";" 10°37'44.87""E";;;;;;
1,037LCim.;1,037;Cim.;BA;VU;;Ple Electronique;Ple Electronique;Ple Elec+SJC;NEANT;NEANT;MAUVAIS;BON;BON;BON;30;30;NON;NON;NON;NON;BON;BON;NON;Néant;BON;;;Enfidha;Zone Est;#N/A;#N/A;;;;;;
1,802LCim.;1,802;Cim.;BA;VU;;Ple Electronique;Ple Electronique;Ple Elec+SJC;NEANT;NEANT;MAUVAIS;BON;BON;BON;30;30;NON;NON;NON;NON;BON;BON;NON;Néant;BON; ;;Enfidha;Zone Est;#N/A;#N/A;;;;;;
4,25LCim.;4,25;Cim.;BA;VU;;Compteur d'essieux;Compteur d'essieux;Compteur d'essieux;NEANT;NEANT;NEANT;BON;BON;BON;30;30;NON;NON;NON;NON;BON;BON;NON;Néant;BON;Mis en service le 15/4/2015 marché EFACEC 30 PN;;Enfidha;Zone Est;#N/A;#N/A;;;;;;
48,950L6;48,95;6;SL;1;Sminja;Courant Continu;Courant Continu;Courant Continu;BON;BON;MOYEN;BON;BON;BON;60;60;OUI;OUI;NON;OUI;MOYEN;BON;NON;NEANT;MAUVAIS;2 Armoires d'annonce + massif : très vetuste à remplacer ;;Gaafour;Zone centre;" 36°27'16.77""N";" 10° 1'22.97""E";;;;;;
56,270L6;56,27;6;BA;1;El Ouja;Ple Electronique;Ple Electronique;SJC 245;NEANT;NEANT;BON;NEANT;NEANT;BON;66;66;NON;NON;NON;NON;BON;BON;NON;NEANT;BON;;;Gaafour;Zone centre;" 36°24'33.88""N";"  9°57'53.17""E";;;;;;
62,380L6;62,38;6;BA;1;Fahs;Courant Continu;Courant Continu;Courant Continu;BON;BON;BON;BON;BON;BON;60;60;OUI;OUI;OUI;OUI;MOYEN;MOYEN;NON;NEANT;MAUVAIS;2 Armoires d'annonce + massif : très vetuste à remplacer+câblage cde mlle gare à refaire ;;Gaafour;Zone centre;" 36°22'58.01""N";"  9°54'32.38""E";;;;;;
88,350L6;88,35;6;BA;2;Bouarada;Courant Continu;Courant Continu;Courant Continu;BON;BON;BON;BON;BON;BON;45;45;OUI;OUI;OUI;OUI;MOYEN;MOYEN;NON;NEANT;MAUVAIS;2 Armoires d'annonce + massif : très vetuste à remplacer+câblage cde mlle gare à refaire ;;Gaafour;Zone centre;" 36°21'21.15""N";"  9°37'40.55""E";;;;;;
104,040L6;104,04;6;BA;1;Laroussa;Ple Electronique;Ple Electronique;Ple Elec+8700HZ;NEANT;NEANT;BON;BON;BON;BON;40;40;NON;NON;NON;NON;BON;BON;NON;NEANT;BON; ;;Gaafour;Zone centre;" 36°22'51.05""N";"  9°27'22.39""E";;;;;;
104,490L6;104,49;6;BA;1;Laroussa;Courant Continu;Courant Continu;Courant Continu;BON;BON;BON;BON;BON;BON;45;45;OUI;OUI;OUI;OUI;MOYEN;MAUVAIS;NON;NEANT;BON;2 Armoires d'annonce + massif : très vetuste à remplacer+câblage cde mlle gare à refaire ;;Gaafour;Zone centre;" 36°22'53.52""N";"  9°27'5.98""E";;;;;;
119,070L6;119,07;6;BA;3;Gâafour;NEANT;Courant Continu;NEANT;NEANT;BON;NEANT;NEANT;BON;NEANT;45;45;OUI;OUI;OUI;OUI;MOYEN;MAUVAIS;NON;NEANT;MAUVAIS;2 Armoires d'annonce + massif : très vetuste à remplacer+câblage cde mlle gare à refaire ;;Gaafour;Zone centre;" 36°19'13.77""N";"  9°19'30.88""E";;;;;;
128,920L6;128,92;6;BA;2;Lakhouat;Courant Continu;Courant Continu;Courant Continu;BON;BON;BON;BON;BON;BON;45;45;OUI;OUI;NON;OUI;MOYEN;BON;NON;NEANT;MAUVAIS;2 Armoires d'annonce + massif : très vetuste à remplacer+câblage cde mlle gare à refaire ;;Gaafour;Zone centre;" 36°15'24.59""N";"  9°15'26.61""E";;;;;;
136,250L6;136,25;6;SL;1;Le Krib;Courant Continu;Courant Continu;Courant Continu;BON;BON;BON;BON;BON;BON;80;80;OUI;OUI;NON;OUI;MOYEN;MOYEN;NON;NEANT;MAUVAIS;2 Armoires d'annonce + massif : très vetuste à remplacer ;;Gaafour;Zone centre;" 36°15'18.89""N";"  9°11'15.20""E";;;;;;
144,250L6;144,25;6;BA;1;Sidi Bourouis;Ple Electronique;Ple Electronique;SJC 245;NEANT;NEANT;BON;NEANT;NEANT;BON;49,5;49,5;NON;NON;NON;NON;BON;BON;NON;NEANT;BON;;;Gaafour;Zone centre;" 36°12'9.79""N";"  9° 8'18.68""E";;;;;;
147,290L6;147,29;6;BA;1;Sidi Bourouis;Ple Electronique;Ple Electronique;Ple Elec+8700HZ;NEANT;NEANT;BON;BON;BON;BON;40;40;NON;NON;NON;NON;BON;BON;NON;NEANT;BON; ;;Gaafour;Zone centre;" 36°10'37.42""N";"  9° 7'33.45""E";;;;;;
163,750L6;163,75;6;BA;1;Sers;Courant Continu;Courant Continu;Courant Continu;BON;BON;MOYEN;BON;BON;BON;51,43;51,43;OUI;OUI;NON;OUI;MOYEN;MOYEN;NON;NEANT;MAUVAIS;2 Armoires d'annonce + massif : très vetuste à remplacer+câblage cde mlle gare à refaire ;;Gaafour;Zone centre;" 36° 4'34.85""N";"  9° 1'32.32""E";;;;;;
164,406L6;164,406;6;BA;1;Sers;Courant Continu;Courant Continu;Courant Continu;MOYEN;BON;MOYEN;BON;BON;BON;51,43;51,43;OUI;OUI;NON;OUI;MOYEN;MOYEN;NON;NEANT;MAUVAIS;2 Armoires d'annonce + massif : très vetuste à remplacer+câblage cde mlle gare à refaire ;;Gaafour;Zone centre;" 36° 4'31.76""N";"  9° 1'5.40""E";;;;;;
167,100L6;167,1;6;SL;1;Sers;Courant Continu;Courant Continu;Courant Continu;BON;BON;BON;BON;BON;BON;51,43;51,43;OUI;OUI;OUI;OUI;MOYEN;BON;NON;NEANT;MAUVAIS;2 Armoires d'annonce + massif : très vetuste à remplacer ;;Gaafour;Zone centre;" 36° 4'42.61""N";"  8°59'18.40""E";;;;;;
167,340L6;167,34;6;SL;;;;;;;;;;;;;;;;;;;;;;;;;;;" 36° 4'43.41""N";"  8°59'9.29""E";;;;;;
188,890L6;188,89;6;BA;2;Dahmani;Compteur d'essieux;Compteur d'essieux;Compteur d'essieux;NEANT;NEANT;BON;BON;BON;BON;40;40;NON;NON;NON;NON;BON;BON;NON;NEANT;BON; ;;Gaafour;Zone centre;" 35°56'47.86""N";"  8°49'48.43""E";;;;;;
189,350L6;189,35;6;BA;2;Dahmani;Courant Continu;Courant Continu;Courant Continu;BON;BON;MOYEN;BON;BON;BON;51,43;51,43;OUI;OUI;NON;OUI;MOYEN;MOYEN;NON;NEANT;MAUVAIS;2 Armoires d'annonce + massif : très vetuste à remplacer+câblage cde mlle gare à refaire ;;Gaafour;Zone centre;" 35°56'37.76""N";"  8°49'39.07""E";;;;;;
207,711L9;207,711;9;BA;2;Fej Tameur;Ple Electronique;Ple Electronique;8700HZ;NEANT;NEANT;BON;NEANT;NEANT;BON;50,4;50,4;NON;NON;NON;NON;BON;BON;NON;NEANT;BON;;;Gaafour;Zone centre;" 35°51'48.73""N";"  8°41'4.83""E";;;;;;
232,752L6;232,752;6;SL;1;Kalâa Khasba;Courant Continu;Courant Continu;Courant Continu;BON;BON;BON;BON;BON;BON;55;55;OUI;OUI;OUI;OUI;BON;MAUVAIS;NON;NEANT;MAUVAIS;2 Armoires d'annonce + massif : très vetuste à remplacer ;;Kasserine;Zone centre;" 35°39'59.88""N";"  8°35'37.51""E";;;;;;
315,600L6;315,6;6;BA;2;Kasserine;Cde Manuelle;Courant Continu;Courant Continu;NEANT;MOYEN;MAUVAIS;NEANT;BON;BON;120;NEANT;OUI;OUI;OUI;OUI;BON;MAUVAIS;NON;NEANT;MAUVAIS;2 Armoires d'annonce + massif : très vetuste à remplacere , à réduire le temps d'annonce;;Kasserine;Zone centre;" 35° 9'56.32""N";"  8°49'53.16""E";;;;;;
336,800L11;336,8;11;BA;1;Kasserine;Courant Continu;Cde Manuelle;Courant Continu;BON;NEANT;BON;BON;NEANT;BON;NEANT;180;OUI;OUI;OUI;OUI;BON;MAUVAIS;NON;NEANT;MAUVAIS;1 Armoire d'annonce + massif : très vetuste à remplacere , à réduire le temps d'annonce;;Kasserine;Zone centre;" 35°10'6.23""N";"  8°50'12.70""E";;;;;;
4,618L1;4,618;1;BA;V.U;Chaouat;Courant continu;Courant continu;Courant continu;BON;BON;MAUVAIS;BON;BON;BON;42';46';OUI;OUI;NON;OUI;MOYEN;MOYEN;NON;NON;MOYEN;A réaliser la coupure bipololaire et le pédale de réarmement;;Jedeida;Zone Nord;" 36°53'19.30""N";"  9°56'38.73""E";;;;;;
5,825L1;5,825;1;BA;V.U;;Courant continu;Courant continu;Courant continu;MAUVAIS;BON;BON;BON;BON;BON;38';40';OUI;OUI;OUI;OUI;MOYEN;MOYEN;NON;NON;BON;A réaliser la coupure bipololaire;;Jedeida;Zone Nord;" 36°53'56.92""N";"  9°56'47.00""E";;;;;;
12,970L1;12,97;1;BA;V.U;Sidi Othman;Courant continu;Courant continu;Courant continu;BON;BON;MAUVAIS;BON;BON;BON;50';50';OUI;NON;NON;OUI;MOYEN;MOYEN;NON;NON;BON;;;Jedeida;Zone Nord;" 36°57'32.09""N";"  9°55'31.05""E";;;;;;
16,850L1;16,85;1;BA;V.U;;Compteur d'essieux;Compteur d'essieux;Compteur d'essieux;NEANT;NEANT;BON;NEANT;NEANT;BON;50';50';NON;NON;NON;OUI;BON;BON;NON;NON;BON; ;;Jedeida;Zone Nord;" 36°59'15.18""N";"  9°53'58.05""E";;;;;;
39,335L1;39,335;1;BA;;Mateur;non équipé;comd manuelle;non équipé;non équipé;;;non équipé;;;NF;NF;OUI;NF;OUI;OUI;MAUVAIS;MOYEN;NON;NON;BON;PN fonctionne manuellement;;Jedeida;Zone Nord;" 37° 2'19.92""N";"  9°41'2.45""E";;;;;;
48,750L1;48,75;1;BA;V.U; ;Courant continu;Courant continu;Courant continu;BON;BON;MOYEN;BON;BON;BON;48';49';NON;NON;NON;OUI;MOYEN;MAUVAIS;NON;NON;BON;;;Jedeida;Zone Nord;" 37° 6'48.73""N";"  9°43'41.25""E";;;;;;
55,402L1;55,402;1;BA;V.U;Tinja;Courant continu;Courant continu;Courant continu;BON;MAUVAIS;BON;BON;BON;BON;50';54';NON;NON;NON;OUI;MOYEN;MOYEN;NON;NON;BON;;;Jedeida;Zone Nord;" 37°10'3.23""N";"  9°45'34.27""E";;;;;;
67,500L1;67,5;1;BA;V.U;;Ple Electronique;Ple Electronique;Ple Elec+8700HZ;NEANT;NEANT;MAUVAIS;NEANT;NEANT;BON;40;40;NON;NON;NON;NON;BON;BON;NON;NON;BON;Manque des pédales de réarment;;Jedeida;Zone Nord;" 37°14'58.35""N";"  9°49'33.58""E";;;;;;
69,022L1;69,022;1;BA;V.U;la Pêcherie;Courant continu;Courant continu;SJ ;BON;BON;MAUVAIS;BON;BON;BON;47';45';NON;NON;NON;OUI;BON;BON;NON;NON;BON;Manque des pédales de réarment et zone VTPN tjrs inondée;;Jedeida;Zone Nord;" 37°15'16.46""N";"  9°50'25.40""E";;;;;;
70,135L1;70,135;1;BA;2v;;Courant continu;Courant continu;Courant continu;bon-m;MAUVAIS;MAUVAIS;BON;BON;MAUVAIS;50';50';OUI;OUI;OUI;OUI;MOYEN;MAUVAIS;NON;NON;BON;;;Jedeida;Zone Nord;" 37°15'41.30""N";"  9°50'52.80""E";;;;;;
2,781L2;2,781;2;SL;V.U;;Courant continu;Courant continu;Courant continu;MAUVAIS;MAUVAIS;MAUVAIS;MAUVAIS;MAUVAIS;MAUVAIS;NF;NF;NF;NF;OUI;OUI;MAUVAIS;MAUVAIS;OUI;NON ;MAUVAIS;PN non fonctionnel;;Jedeida;Zone Nord;" 37° 2'8.75""N";"  9°39'58.48""E";;;;;;
0,749L4;0,749;4;BA;V.U;Tinja;Courant continu;Courant continu;Courant continu;BON;BON;MAUVAIS;MOYEN;MOYEN;MOYEN;60';50';OUI;OUI;NON;OUI;MOYEN;MOYEN;NON;NON;MOYEN;Manque des pédales de réarment;;Jedeida;Zone Nord;" 37° 9'46.50""N";"  9°45'45.35""E";;;;;;
1,549L4;1,549;4;BA;V.U;;Courant continu;Courant continu;SJ ;BON;BON;MAUVAIS;MOYEN;MOYEN;MOYEN;52';56';NON;NON;NON;OUI;BON;BON;NON;NON ;BON;Manque des pédales de réarment et zone VTPN tjrs inondée;;Jedeida;Zone Nord;" 37° 9'38.41""N";"  9°46'16.30""E";;;;;;
2,140L4;2,14;4;SL;V.U;;Courant continu;Courant continu;Courant continu;BON;BON;MAUVAIS;MOYEN;MOYEN;MOYEN;50';56';OUI;OUI;OUI;OUI;MOYEN;MOYEN;NON;NON ;MOYEN;;;Jedeida;Zone Nord;" 37° 9'32.30""N";"  9°46'38.92""E";;;;;;
3,603L4;3,603;4;BA;V.U;Menzel Bourguiba;Courant continu;Commande mlle;Courant continu;BON;NEANT;MAUVAIS;MAUVAIS;MAUVAIS;MAUVAIS;50';59';OUI;OUI;NON;OUI;MAUVAIS;MAUVAIS;OUI;NON;MAUVAIS;PN non fonctionnel;;Jedeida;Zone Nord;" 37° 9'8.04""N";"  9°47'29.82""E";;;;;;
10,190LTA;10,19;TA;BA;2V;MANOUBA;Courant continu;Courant continu;Courant continu;BON;MAUVAIS;MAUVAIS;BON;BON;BON;25';28';OUI;NON;OUI;OUI;MAUVAIS;MOYEN;NON;NON;MOYEN;;;Jedeida;Zone Nord;" 36°49'4.52""N";" 10° 5'19.66""E";;;;;;
11,060LTA;11,06;TA;BA;2V;;Courant continu;Courant continu;Courant continu;MAUVAIS;BON;MAUVAIS;BON;BON;BON;28';25';OUI;NON;OUI;OUI;MAUVAIS;MOYEN;NON;NON;MOYEN; Zone VTPN tjrs inondée;;Jedeida;Zone Nord;" 36°49'9.57""N";" 10° 4'45.39""E";;;;;;
13,068LTA;13,068;TA;BA;2V;;NEANT;NEANT;S,J;NEANT;NEANT;MAUVAIS;NEANT;NEANT;BON;41';41';NON;NON;NON;NON;BON;BON;NON;NON;BON;Manque des pédales de réarment et des JIM des ANI et ANP;;Jedeida;Zone Nord;" 36°49'21.45""N";" 10° 3'24.64""E";;;;;;
15,042LTA;15,042;TA;BA;2V;;Courant continu;Courant continu;Courant continu;BON;BON;BON;BON;BON;BON;30';30';OUI;NON;OUI;OUI;MOYEN;MOYEN;NON;NON;BON;;;Jedeida;Zone Nord;" 36°49'33.71""N";" 10° 2'7.03""E";;;;;;
17,944LTA;17,944;TA;BA;2V;;Courant continu;Courant continu;Courant continu;BON;BON;MAUVAIS;BON;BON;BON;30';28';OUI;NON;OUI;OUI;MOYEN;MAUVAIS;NON;NON;MOYEN; Zone VTPN tjrs inondée;;Jedeida;Zone Nord;" 36°50'11.88""N";" 10° 0'24.61""E";;;;;;
19,306LTA;19,306;TA;BA;2V;;NEANT;NEANT;S,J;NEANT;NEANT;BON;NEANT;NEANT;BON;40';42';NON;NON;NON;NON;BON;BON;NON;NON;BON;Manque des pédales de réarment et des JIM des ANI et ANP;;Jedeida;Zone Nord;" 36°50'10.71""N";"  9°59'30.32""E";;;;;;
24,661LTA;24,661;TA;BA;2V;DJEDEIDA;Compteur d'essieux;Compteur d'essieux;Compteur d'essieux;NEANT;NEANT;NEANT;NEANT;NEANT;NEANT;28';36';OUI;NON;NON;OUI;MOYEN;MOYEN;NON;NON;MOYEN; ;;Jedeida;Zone Nord;" 36°51'2.02""N";"  9°56'8.22""E";;;;;;
33,769LTA;33,769;TA;BA;V.U;TEBOURBA;Compteur d'essieux;Compteur d'essieux;Compteur d'essieux;NEANT;NEANT;NEANT;NEANT;NEANT;NEANT;34';36';OUI;NON;OUI;OUI;MOYEN;MOYEN;NON;NON;BON;;;Jedeida;Zone Nord;" 36°49'48.15""N";"  9°50'28.05""E";;;;;;
34,056LTA;34,056;TA;BA;V.U;;Compteur d'essieux;Compteur d'essieux;Compteur d'essieux;NEANT;NEANT;NEANT;NEANT;NEANT;NEANT;36';42';OUI;NON;OUI;OUI;MOYEN;MOYEN;NON;NON;BON;;;Jedeida;Zone Nord;" 36°49'52.19""N";"  9°50'17.27""E";;;;;;
35,234LTA;35,234;TA;BA;V.U;;Compteur d'essieux;Compteur d'essieux;Compteur d'essieux;NEANT;NEANT;NEANT;NEANT;NEANT;NEANT;40';40';NON;NON;NON;OUI;BON;BON;NON;NON;BON;;;Jedeida;Zone Nord;" 36°50'22.50""N";"  9°49'52.59""E";;;;;;
50,445LTA;50,445;TA;BA;V,U;BORJ TOUM;Compteur d'essieux;Compteur d'essieux;Compteur d'essieux;NEANT;NEANT;NEANT;NEANT;NEANT;NEANT;40';40';NON;NON;NON;OUI;BON;BON;NON;NON;BON; ;;Jedeida;Zone Nord;" 36°45'17.43""N";"  9°43'4.97""E";;;;;;
65,056LTA;65,056;TA;BA;V,U;MEDJEZ;Compteur d'essieux;Compteur d'essieux;Compteur d'essieux;NEANT;NEANT;NEANT;NEANT;NEANT;NEANT;35';32';OUI;NON;OUI;OUI;MOYEN;MOYEN;NON;NON;BON;;;Jedeida;Zone Nord;" 36°40'7.42""N";"  9°36'28.75""E";;;;;;
76,833LTA;76,833;TA;BA;V.U;;Ple Mécanique;Ple Electronique;SJC;NEANT;NEANT;MAUVAIS;BON;BON;BON;44';45';NON;NON;NON;NON;BON;BON;NON;NON;BON; ;;Jendouba;Zone Nord;" 36°39'37.08""N";"  9°29'36.13""E";;;;;;
87,145LTA;87,145;TA;BA;V.U;;Ple Electronique;PleMécanique;SJC;NEANT;NEANT;BON;BON;BON;BON;49';49';NON;NON;NON;NON;BON;BON;NON;NON;BON; ;;Jendouba;Zone Nord;" 36°41'57.41""N";"  9°24'42.66""E";;;;;;
103,350LTA;103,35;TA;BA;V.U;;Courant continu;Courant continu;Courant continu;MOYEN;BON;MAUVAIS;BON;BON;BON;32';32';NON;NON;NON;OUI;MAUVAIS;MAUVAIS;NON;NON;MAUVAIS;Câblage des armoires ANI et ANP à refaire ;;Jendouba;Zone Nord;" 36°46'51.03""N";"  9°18'31.55""E";;;;;;
119,720LTA;119,72;TA;BA;V.U;BEJA;Compteur d'essieux;Compteur d'essieux;Compteur d'essieux;BON;BON;MAUVAIS;BON;BON;BON;40';40';NON;NON;NON;OUI;MAUVAIS;MAUVAIS;NON;NON;BON;Mise en service le 20/09/2016;;Jendouba;Zone Nord;"36°43'22.54""N";"  9°11'35.49""E";;;;;;
120,756LTA;120,756;TA;BA;V.U;;Courant continu;Courant continu;Courant continu;MAUVAIS;MOYEN;MAUVAIS;BON;BON;BON;45';43';NON;NON;NON;NON;MAUVAIS;MAUVAIS;NON;NON;BON;;;Jendouba;Zone Nord;" 36°43'19.85""N";"  9°12'16.57""E";;;;;;
139,425LTA;139,425;TA;BA;V.U;;Ple Electronique;Ple Electronique;SJC;NEANT;NEANT;BON;BON;BON;BON;46';46';NON;NON;NON;NON;BON;BON;NON;NON;BON; ;;Jendouba;Zone Nord;" 36°35'52.39""N";"  9° 8'5.94""E";;;;;;
142,413LTA;142,413;TA;BA;V.U;SIDI ISMAIL;Compteur d'essieux;Compteur d'essieux;Compteur d'essieux;MOYEN;MOYEN;MAUVAIS;BON;BON;BON;22';22';NON;NON;NON;OUI;BON;BON;NON;NON;BON;Mise en service le 16/11/2016;;Jendouba;Zone Nord;" 36°35'46.06""N";"  9° 6'8.09""E";;;;;;
154,748LTA;154,748;TA;BA;V.U;BOUSALEM;Compteur d'essieux;Compteur d'essieux;Compteur d'essieux;MOYEN;NEANT;MOYEN;BON;BON;BON;36';40';NON;NON;NON;OUI;MOYEN;MAUVAIS;NON;NON;BON;;;Jendouba;Zone Nord;" 36°36'40.58""N";"  8°58'30.72""E";;;;;;
156,145LTA;156,145;TA;BA;V.U;BOUSALEM;Compteur d'essieux;Compteur d'essieux;Compteur d'essieux;MOYEN;MOYEN;MOYEN;BON;BON;BON;30';35';NON;OUI;NON;OUI;MOYEN;MAUVAIS;NON;NON;BON;;;Jendouba;Zone Nord;" 36°36'37.55""N";"  8°57'40.28""E";;;;;;
177,089LTA;177,089;TA;BA;2V;JENBOUBA;Compteur d'essieux;Compteur d'essieux;Compteur d'essieux;NEANT;NEANT;BON;BON;BON;BON;40';40';NON;NON;NON;NON;BON;BON;NON;NON;BON; ;;Jendouba;Zone Nord;" 36°30'10.59""N";"  8°46'41.94""E";;;;;;
177,730LTA;177,73;TA;BA;V.U;JENBOUBA;Compteur d'essieux;Compteur d'essieux;Compteur d'essieux;NEANT;NEANT;BON;BON;BON;BON;40';40';NON;NON;NON;NON;BON;BON;NON;NON;BON; ;;Jendouba;Zone Nord;" 36°29'51.92""N";"  8°46'30.67""E";;;;;;
178,500LTA;178,5;TA;BA;2V;JENBOUBA ;Compteur d'essieux;Compteur d'essieux;Compteur d'essieux;MAUVAIS;BON;MAUVAIS;BON;BON;BON;36';36';NON;NON;NON;OUI;BON;BON;NON;NON;BON;Mise en service le 25/05/2017;;Jendouba;Zone Nord;" 36°29'27.29""N";" 8°46'15.29""E";;;;;;
210,691LTA;210,691;TA;BA;V.U;GHARDIMAOU;Compteur d'essieux;Compteur d'essieux;Compteur d'essieux;BON;NEANT;MOYEN;BON;BON;BON;39';45';NON;OUI;NON;OUI;MAUVAIS;MAUVAIS;NON;NON;MOYEN;;;Jendouba;Zone Nord;" 36°27'2.90""N";"  8°26'32.07""E";;;;;;
211,449LTA;211,449;TA;BA;V.U;GHARDIMAOU;Compteur d'essieux;Compteur d'essieux;Compteur d'essieux;NEANT;NEANT;MAUVAIS;BON;BON;BON;45';22';NON;NON;NON;NON;BON;BON;NON;NON;BON;Mise en service le 02/03/2017;;Jendouba;Zone Nord;" 36°26'47.93""N";"  8°26'7.91""E";;;;;;
318,920L5;318,92;5;SL;V.U;Chaal;Courant continu;Courant continu;50HZ;BON;BON;BON;BON;BON;BON;44;25;OUI;OUI;OUI;OUI;MAUVAIS;MOYEN;NON;NEANT;MOYEN;;;Graiba;Zone Sud EST;" 34°30'59.14""N";" 10°20'38.92""E";;;;;;
331,381L5;331,381;5;BA;3V;Ghraiba;Ple Electronique;Ple Electronique;SJC;NEANT;NEANT;BON;NEANT;NEANT;BON;40;40;NON;NON;NON;NON;BON;BON;NON;NEANT;BON;2ANP et 2VPN ( C'EST LE PN PK 62+381 L13 );;Graiba;Zone Sud EST;" 34°29'56.34""N";" 10°12'36.63""E";;;;;;
97,597L13;97,597;13;BA;2V;Mazzouna;Compteur d'essieux;Compteur d'essieux;Compteur d'essieux;NEANT;NEANT;NEANT;NEANT;NEANT;NEANT;40;40;NON;NON;NON;NON;BON;BON;NON;NEANT;BON; ;;Graiba;Zone Sud EST;" 34°34'26.50""N";"  9°50'40.77""E";;;;;;
98,577L13;98,577;13;BA;V.U;Mazzouna;Compteur d'essieux;Compteur d'essieux;Compteur d'essieux;NEANT;BON;BON;NEANT;BON;BON;33;47;OUI;OUI;OUI;OUI;MAUVAIS;MOYEN;NON;NEANT;BON;MES 20/05/2016 (Marché EFACEC  des 30 PN);;Graiba;Zone Sud EST;" 34°34'33.69""N";"  9°50'3.64""E";;;;;;
110,564L13;110,564;13;SL;V.U;;Courant continu;Courant continu;Courant continu;BON;BON;BON;BON;BON;BON;46;46;OUI;OUI;OUI;OUI;MAUVAIS;MOYEN;NON;NEANT;MOYEN; ;;Graiba;Zone Sud EST;" 34°37'50.70""N";"  9°43'47.54""E";;;;;;
121,475L13;121,475;13;SL;V.U;;Courant continu;Courant continu;Courant continu;BON;BON;BON;BON;BON;BON;29;31;OUI;OUI;OUI;OUI;MAUVAIS;MOYEN;NON;NEANT;MAUVAIS;;;Graiba;Zone Sud EST;" 34°36'34.85""N";"  9°37'9.91""E";;;;;;
123,156L13;123,156;13;BA;2V;Maknassy;Compteur d'essieux;Compteur d'essieux;Compteur d'essieux;NEANT;NEANT;NEANT;NEANT;NEANT;NEANT;40;40;NON;NON;NON;NON;BON;BON;NON;NEANT;BON; ;;Graiba;Zone Sud EST;" 34°36'20.33""N";"  9°36'7.05""E";;;;;;
225,707L5;225,707;5;BA;1;Hencha;Ple Electronique;Ple Electronique;Courant Continu;NEANT;NEANT;MAUVAIS;NEANT;NEANT;MAUVAIS;43;35;OUI;NON;NON;OUI;MOYEN;BON;NON;NEANT;BON; ;;Sfax;Zone Sud EST;" 35° 7'4.05""N";" 10°44'3.52""E";;;;;;
240,970L5;240,97;5;SL;1;Dhokane;Ple Electronique;Ple Electronique;Courant Continu;NEANT;NEANT;MAUVAIS;NEANT;NEANT;MAUVAIS;28;38;OUI;NON;OUI;OUI;MAUVAIS;BON;NON;NEANT;MAUVAIS;Chasis 8V à réhabiliter,  , nécessité d'allonger les annonces ,à équiper en BA (PROJET DE 40 PN EN BA);;Sfax;Zone Sud EST;" 34°59'14.13""N";" 10°45'43.71""E";;;;;;
258,000L5;258;5;BA;2; ;compteur d'essieux;compteur d'essieux;compteur d'essieux;NEANT;NEANT;NEANT;NEANT;NEANT;NEANT;40;40;NON;NON;NON;NON;BON;BON;NON;NEANT;BON;Mise en service par EFACEC en Fevrier 2015;;Sfax;Zone Sud EST;" 34°50'4.29""N";" 10°45'54.80""E";;;;;;
258,982L5;258,982;5;BA;1;;Ple Electronique;Ple Electronique;8700HZ;NEANT;NEANT;MOYEN;NEANT;NEANT;MAUVAIS;39;37;NON;NON;NON;OUI;BON;BON;NON;NEANT;BON;A  protéger les armoires d'annonce par des coupons de rail;;Sfax;Zone Sud EST;" 34°49'33.41""N";" 10°45'51.71""E";;;;;;
260,170L5;260,17;5;BA;1;;Courant Continu;Courant Continu;Courant Continu;MOYEN;MAUVAIS;MAUVAIS;MAUVAIS;MAUVAIS;MAUVAIS;60;52;OUI;OUI;OUI;OUI;MAUVAIS;MAUVAIS;NON;NEANT;MAUVAIS;"A refaire la guerite(étroites et fissurées),le chassis 8V,terre,câbles,remplacement JIC,assainissement des zones
PROJET DE 40 PN EN BA";;Sfax;Zone Sud EST;" 34°48'55.15""N";" 10°45'44.01""E";;;;;;
260,675L5;260,675;5;BA;1;;Courant Continu;Courant Continu;Courant Continu;MOYEN;MAUVAIS;MAUVAIS;MAUVAIS;MAUVAIS;MAUVAIS;60;45;OUI;OUI;OUI;OUI;MAUVAIS;MAUVAIS;NON;NEANT;MAUVAIS;A refaire la guerite(étroites et fissurées),le chassis 8V,terre,câbles,remplacement JIC,assainissement des zones;;Sfax;Zone Sud EST;" 34°48'38.81""N";" 10°45'42.80""E";;;;;;
261,330L5;261,33;5;BA;1;;Courant Continu;Courant Continu;Courant Continu;BON;BON;MAUVAIS;MAUVAIS;MAUVAIS;MAUVAIS;58;60;OUI;OUI;OUI;OUI;MAUVAIS;MAUVAIS;NON;NEANT;BON;A refaire la guerite(étroites et fissurées),le chassis 8V,terre,câbles,remplacement JIC,assainissement des zones;;Sfax;Zone Sud EST;" 34°48'17.61""N";" 10°45'41.83""E";;;;;;
261,632L5;261,632;5;BA;1;;Courant Continu;Courant Continu;Courant Continu;BON;MOYEN;MAUVAIS;MAUVAIS;MAUVAIS;MAUVAIS;46;59;OUI;OUI;NON;OUI;BON;BON;NON;NEANT;BON;A refaire la guerite(étroites et fissurées),le chassis 8V,terre,câbles,remplacement JIC,assainissement des zones;;Sfax;Zone Sud EST;" 34°48'8.35""N";" 10°45'41.03""E";;;;;;
262,253L5;262,253;5;BA;1;;Courant Continu;Courant Continu;Courant Continu;BON;BON;MAUVAIS;MAUVAIS;MAUVAIS;MAUVAIS;34;58;OUI;OUI;OUI;OUI;MAUVAIS;MAUVAIS;NON;NEANT;MAUVAIS;A refaire la guerite(étroites et fissurées),le chassis 8V,terre,câbles,remplacement JIC,assainissement des zones;;Sfax;Zone Sud EST;" 34°47'47.78""N";" 10°45'38.86""E";;;;;;
263,015L5;263,015;5;BA;1;;Courant Continu;Courant Continu;Courant Continu;BON;BON;MAUVAIS;MAUVAIS;MAUVAIS;MAUVAIS;38;34;OUI;OUI;OUI;OUI;MAUVAIS;MAUVAIS;NON;NEANT;MAUVAIS;"A refaire la guerite(étroites et fissurées),le chassis 8V,terre,câbles,remplacement JIC,assainissement des zones
PROJET DE 40 PN EN BA";;Sfax;Zone Sud EST;" 34°47'23.17""N";" 10°45'36.97""E";;;;;;
263,314L5;263,314;5;BA;1;;Courant Continu;Courant Continu;Courant Continu;BON;BON;MAUVAIS;MAUVAIS;MAUVAIS;MAUVAIS;40;47;OUI;OUI;OUI;OUI;MAUVAIS;MAUVAIS;NON;NEANT;MAUVAIS;"A refaire la guerite(étroites et fissurées),le chassis 8V,terre,câbles,remplacement JIC,assainissement des zones
PROJET DE 40 PN EN BA";;Sfax;Zone Sud EST;" 34°47'13.47""N";" 10°45'37.26""E";;;;;;
263,539L5;263,539;5;BA;1;;Courant Continu;Courant Continu;Courant Continu;BON;BON;MAUVAIS;MAUVAIS;MAUVAIS;MAUVAIS;54;58;OUI;OUI;OUI;OUI;MAUVAIS;MAUVAIS;NON;NEANT;MAUVAIS;"A refaire la guerite(étroites et fissurées),le chassis 8V,terre,câbles,remplacement JIC,assainissement des zones
PROJET DE 40 PN EN BA";;Sfax;Zone Sud EST;" 34°47'6.18""N";" 10°45'37.55""E";;;;;;
263,863L5;263,863;5;BA;1;;Courant Continu;Courant Continu;Courant Continu;BON;BON;MAUVAIS;MAUVAIS;MAUVAIS;MAUVAIS;40;38;OUI;OUI;OUI;OUI;MAUVAIS;MAUVAIS;NON;NEANT;MAUVAIS;A refaire la guerite(étroites et fissurées),le chassis 8V,terre,câbles,remplacement JIC,assainissement des zones;;Sfax;Zone Sud EST;" 34°46'55.46""N";" 10°45'37.92""E";;;;;;
264,200L5;264,2;5;BA;1;;Courant Continu;Courant Continu;Courant Continu;BON;MOYEN;MAUVAIS;MAUVAIS;MAUVAIS;MAUVAIS;50;40;OUI;OUI;OUI;OUI;MAUVAIS;MAUVAIS;NON;NEANT;BON;A refaire la guerite(étroites et fissurées),le chassis 8V,terre,câbles,remplacement JIC,assainissement des zones;;Sfax;Zone Sud EST;" 34°46'44.40""N";" 10°45'38.94""E";;;;;;
265,772L5;265,772;5;BA;1;;Courant Continu;Courant Continu;Courant Continu;BON;BON;MAUVAIS;MAUVAIS;MAUVAIS;MAUVAIS;47;36;OUI;OUI;OUI;OUI;MAUVAIS;MAUVAIS;NON;NEANT;MOYEN;"A refaire la guerite(étroites et fissurées),le chassis 8V,terre,câbles,remplacement JIC,assainissement des zones
PROJET DE 40 PN EN BA";;Sfax;Zone Sud EST;" 34°45'53.62""N";" 10°45'44.61""E";;;;;;
266,365L5;266,365;5;BA;1;;Courant Continu;Courant Continu;Courant Continu;BON;MOYEN;MAUVAIS;MAUVAIS;MAUVAIS;MAUVAIS;55;46;OUI;OUI;OUI;OUI;MAUVAIS;MAUVAIS;NON;NEANT;MAUVAIS;"A refaire la guerite(étroites et fissurées),le chassis 8V,terre,câbles,remplacement JIC,assainissement des zones
PROJET DE 40 PN EN BA";;Sfax;Zone Sud EST;" 34°45'34.83""N";" 10°45'48.80""E";;;;;;
266,585L5;266,585;5;BA;1;;Courant Continu;Courant Continu;Courant Continu;BON;BON;MAUVAIS;BON;BON;MAUVAIS;57;48;OUI;OUI;OUI;OUI;MAUVAIS;MAUVAIS;NON;NEANT;MOYEN;"A refaire la guerite(étroites et fissurées),le chassis 8V,terre,câbles,remplacement JIC,assainissement des zones
PROJET DE 40 PN EN BA";;Sfax;Zone Sud EST;" 34°45'27.90""N";" 10°45'51.36""E";;;;;;
267,000L5;267;5;BA;1;;Courant Continu;Courant Continu;Courant Continu;BON;BON;MAUVAIS;MAUVAIS;MAUVAIS;MAUVAIS;41;55;OUI;OUI;OUI;OUI;MAUVAIS;MAUVAIS;NON;NEANT;MAUVAIS;"A refaire la guerite(étroites et fissurées),le chassis 8V,terre,câbles,remplacement JIC,assainissement des zones
PROJET DE 40 PN EN BA";;Sfax;Zone Sud EST;" 34°45'15.16""N";" 10°45'55.96""E";;;;;;
267,907L5;267,907;5;BA;1;sfax;Courant Continu;PRG;Courant Continu;BON;NEANT;MAUVAIS;MAUVAIS;MAUVAIS;MAUVAIS;84;41;OUI;OUI;OUI;OUI;MOYEN;BON;NON;NEANT;MOYEN;"A refaire la guerite(étroites et fissurées),le chassis 8V,terre,câbles,remplacement JIC,assainissement des zones
PROJET DE 40 PN EN BA";;Sfax;Zone Sud EST;" 34°44'46.23""N";" 10°45'55.69""E";;;;;;
268,112L5;268,112;5;BA;1;sfax;Courant Continu;PRG;Courant Continu;BON;NEANT;MAUVAIS;MAUVAIS;MAUVAIS;MAUVAIS;77;50;OUI;OUI;NON;OUI;BON;BON;NON;NEANT;MOYEN;A refaire la guerite(étroites et fissurées),le chassis 8V,terre,câbles,remplacement JIC,assainissement des zones;;Sfax;Zone Sud EST;" 34°44'40.23""N";" 10°45'53.99""E";;;;;;
268,450L5;268,45;5;BA;1;sfax;Courant Continu;PRG;Courant Continu;BON;NEANT;MAUVAIS;MAUVAIS;NEANT;MAUVAIS;>120;92;OUI;OUI;NON;OUI;BON;BON;NON;NEANT;MOYEN;A refaire la guerite(étroites et fissurées),le chassis 8V,terre,câbles,remplacement JIC,assainissement des zones;;Sfax;Zone Sud EST;" 34°44'29.45""N";" 10°45'50.66""E";;;;;;
268,550L5;268,55;5;BA;1;sfax;Cde Manuelle;Cde Manuelle;Cde Manuelle;NEANT;NEANT;NEANT;NEANT;NEANT;NEANT;C/mlle;C/mlle;OUI;NON;NON;NON;MAUVAIS;MAUVAIS;NON;NEANT;BON;;;Sfax;Zone Sud EST;" 34°44'26.20""N";" 10°45'49.86""E";;;;;;
269,340L5;269,34;5;BA;2;sfax;PRG;Courant Continu;Courant Continu;NEANT;MOYEN;MAUVAIS;NEANT;MAUVAIS;MAUVAIS;94;>120;OUI;NON;NON;OUI;BON;BON;NON;NEANT;MOYEN;Mauvaise isolation VPN et manque assainissement;;Sfax;Zone Sud EST;" 34°43'56.95""N";" 10°46'7.39""E";;;;;;
269,643L5;269,643;5;BA;2;sfax;Courant Continu;Courant Continu;Courant Continu;BON;BON;MAUVAIS;MAUVAIS;MAUVAIS;MAUVAIS;36;54;OUI;NON;NON;OUI;BON;BON;NON;NEANT;BON; ;;Sfax;Zone Sud EST;" 34°43'49.33""N";" 10°45'59.47""E";;;;;;
270,130L5;270,13;5;BA;2;sfax;compteur d'essieux;compteur d'essieux;Courant Continu;NEANT;NEANT;MAUVAIS;NEANT;NEANT;MAUVAIS;40;35;NON;NON;NON;OUI;BON;BON;NON;NEANT;MOYEN; ;;Sfax;Zone Sud EST;" 34°43'38.26""N";" 10°45'46.07""E";;;;;;
270,850L5;270,85;5;BA;2;;compteur d'essieux;compteur d'essieux;Courant Continu;NEANT;NEANT;MOYEN;NEANT;NEANT;MAUVAIS;40;40;NON;NON;NON;OUI;BON;BON;NON;NEANT;BON;Mauvaise isolation VPN et manque assainissement;;Sfax;Zone Sud EST;" 34°43'36.30""N";" 10°45'18.87""E";;;;;;
273,720L5;273,72;5;BA;2;;compteur d'essieux;compteur d'essieux;Courant Continu;NEANT;NEANT;MAUVAIS;NEANT;NEANT;MAUVAIS;40;38;NON;NON;NON;OUI;BON;BON;NON;NEANT;BON;;;Sfax;Zone Sud EST;" 34°42'39.89""N";" 10°44'4.01""E";;;;;;
275,025L5;275,025;5;BA;2;Sidi abid;compteur d'essieux;compteur d'essieux;Courant Continu;NEANT;NEANT;MAUVAIS;NEANT;NEANT;MAUVAIS;35;39;NON;NON;NON;OUI;BON;BON;NON;NEANT;BON;Mauvaise isolation VPN et manque assainissement;;Sfax;Zone Sud EST;" 34°42'20.63""N";" 10°43'18.46""E";;;;;;
277,658L5;277,658;5;BA;1;Sidi Abid;Ple Electronique;Ple Electronique;Ple Elec+8700HZ;NEANT;NEANT;NEANT;NEANT;NEANT;NEANT;40;40;NON;NON;NON;NON;BON;BON;NON;NEANT;BON; ;;Sfax;Zone Sud EST;" 34°41'40.00""N";" 10°42'4.33""E";;;;;;
280,000L5;280;5;BA;1;;Courant Continu;Courant Continu;Courant Continu;MOYEN;MOYEN;MAUVAIS;MAUVAIS;MAUVAIS;MAUVAIS;43;40;NON;OUI;NON;OUI;MOYEN;BON;NON;NEANT;MOYEN;Chassis 8V à réhabiliter, guérite à réparer , nécessité d'allonger les annonces ,à équiper en BA;;Sfax;Zone Sud EST;" 34°40'36.44""N";" 10°41'14.08""E";;;;;;
280,658L5;280,658;5;BA;2; ;compteur d'essieux;compteur d'essieux;compteur d'essieux;NEANT;NEANT;NEANT;NEANT;NEANT;NEANT;40;40;NON;NON;NON;NON;BON;BON;NON;NEANT;BON;Mise en service par EFACEC en Fevrier 2015;;Sfax;Zone Sud EST;" 34°40'18.69""N";" 10°40'59.49""E";;;;;;
289,100L5;289,1;5;BA;1;;Ple Electronique;Ple Electronique;Ple Elec+8700HZ;NEANT;NEANT;NEANT;NEANT;NEANT;NEANT;40;40;NON;NON;NON;NON;BON;BON;NON;NEANT;BON; ;;Sfax;Zone Sud EST;" 34°36'59.32""N";" 10°37'17.34""E";;;;;;
290,100L5;290,1;5;BA;2; ;compteur d'essieux;compteur d'essieux;compteur d'essieux;NEANT;NEANT;NEANT;NEANT;NEANT;NEANT;40;40;NON;NON;NON;NON;BON;BON;NON;NEANT;BON;Mise en service par EFACEC en Fevrier 2015;;Sfax;Zone Sud EST;" 34°36'37.21""N";" 10°36'48.98""E";;;;;;
292,690L5;292,69;5;BA;1;;Courant Continu;Courant Continu;Courant Continu;MOYEN;MOYEN;MAUVAIS;MAUVAIS;MAUVAIS;MAUVAIS;35;34;OUI;OUI;NON;OUI;BON;BON;NON;NEANT;MOYEN; ;;Sfax;Zone Sud EST;" 34°35'29.92""N";" 10°35'45.30""E";;;;;;
294,850L5;294,85;5;BA;1;;Ple Electronique;Ple Electronique;Ple Elec+8700HZ;BON;BON;BON;BON;BON;BON;40;40;NON;NON;NON;NON;BON;BON;NON;NEANT;BON; ;;Sfax;Zone Sud EST;" 34°34'34.62""N";" 10°34'53.07""E";;;;;;
297,626L5;297,626;5;BA;1;;Courant Continu;Courant Continu;Courant Continu;MOYEN;MOYEN;MAUVAIS;MAUVAIS;MAUVAIS;MAUVAIS;45;30;OUI;OUI;NON;OUI;BON;BON;NON;NEANT;BON;Mauvais assainissement zone VPN ;;Sfax;Zone Sud EST;" 34°33'38.10""N";" 10°33'30.88""E";;;;;;
299,857L5;299,857;5;BA;2; ;compteur d'essieux;compteur d'essieux;compteur d'essieux;NEANT;NEANT;NEANT;NEANT;NEANT;NEANT;40;40;NON;NON;NON;NON;BON;BON;NON;NEANT;BON;Mise en service par EFACEC en Fevrier 2015;;Sfax;Zone Sud EST;" 34°32'50.62""N";" 10°32'25.81""E";;;;;;
302,862L5;302,862;5;BA;1;Mahres;Ple Electronique;Ple Electronique;Ple Elec+8700HZ;NEANT;NEANT;BON;BON;BON;BON;40;40;NON;NON;NON;NON;BON;BON;NON;NEANT;BON; ;;Sfax;Zone Sud EST;" 34°31'48.42""N";" 10°30'56.86""E";;;;;;
303,590L5;303,59;5;BA;1;;compteur d'essieux;compteur d'essieux;compteur d'essieux;NEANT;NEANT;NEANT;NEANT;NEANT;NEANT;40;40;NON;NON;NON;NON;BON;BON;NON;NEANT;BON;1ere RP 16/03/2016 2eme RP 17/03/2016 (marché EFACEC 30 PN);;Sfax;Zone Sud EST;" 34°31'44.01""N";" 10°30'27.97""E";;;;;;
304,642L5;304,642;5;BA;2;Mahres;PRG;PRG;PRG;MOYEN;MOYEN;MAUVAIS;MAUVAIS;MAUVAIS;MAUVAIS;29;46;NON;NON;NON;NON;MAUVAIS;MAUVAIS;NON;NEANT;BON;Chassis sous mécanismes à déplacer dans une guerite en maconnerie  pour éviter les risques d'endomagement par les véhicules routiers et actes de vandalisme;;Sfax;Zone Sud EST;" 34°31'32.95""N";" 10°29'50.23""E";;;;;;
3,135Lcim;3,135;cim;BA;V.U;;;;;;;;;;;;;;;;;;;;;;         PN vandalisé ,       Equipement Complet (APPEL D'OFFRES DEP .AC / N°  170013 DU 29/9/2017);;Gabes;Zone Sud;"33°54'44.72""N";" 10° 3'42.87""E";;;;;;
3,800Lcim;3,8;cim;BA;V.U;;;;;;;;;;;;;;;;;;;;;;        PN vandalisé ,       Equipement Complet (APPEL D'OFFRES DEP .AC / N°  170013 DU 29/9/2017);;Gabes;Zone Sud;" 33°54'36.26""N";" 10° 3'17.61""E";;;;;;
4,357Lcim;4,357;cim;BA;V.U;;;;;;;;;;;;;;;;;;;;;;         PN vandalisé ,       Equipement Complet (APPEL D'OFFRES DEP .AC / N°  170013 DU 29/9/2017);;Gabes;Zone Sud;" 33°54'21.88""N";" 10° 3'4.46""E";;;;;;
6,350Lcim;6,35;cim;SL;V.U;;;;;;;;;;;;;;;;;;;;;;         PN vandalisé ,       Equipement Complet (APPEL D'OFFRES DEP .AC / N°  170013 DU 29/9/2017);;Gabes;Zone Sud;" 33°53'32.52""N";" 10° 2'19.75""E";;;;;;
357,653L5;357,653;5;BA;V.U;Gare Skhira;Compteur essieux;Compteur essieux;Comteur essieux;BON;BON;BON;NEANT;NEANT;NEANT;40;40;NON;NON;NON;NON;BON;MOYEN;NON;NEANT;BON; ;;Gabes;Zone Sud;" 34°17'56.40""N";" 10° 4'5.01""E";;;;;;
381,072L5;381,072;5;BA;V.U;;;;;NEANT;NEANT;NEANT;NEANT;NEANT;NEANT;40;40;NEANT;NEANT;NEANT;NEANT;NEANT;NEANT;NEANT;NEANT;NEANT;Equipement Complet (APPEL D'OFFRES DEP .AC / N°  170013 DU 29/9/2017);;Gabes;Zone Sud;" 34° 6'39.63""N";"  9°58'56.18""E";;;;;;
383,204L5;383,204;5;BA;V.U;;Compteur essieux;Compteur essieux;Comteur essieux;BON;BON;BON;NEANT;NEANT;NEANT;40;40;NON;NON;NON;NON;BON;BON;NON;NEANT;BON;;;Gabes;Zone Sud;" 34° 5'30.31""N";"  9°58'53.25""E";;;;;;
387,403L5;387,403;5;BA;V,U;;Compteur essieux;Compteur essieux;Comteur essieux;BON;BON;BON;NEANT;NEANT;NEANT;40;40;NON;NON;NON;NON;MOYEN;BON;NON;NEANT;BON;;;Gabes;Zone Sud;" 34° 3'14.79""N";"  9°59'6.75""E";;;;;;
394,877L5;394,877;5;SL;D.V;Gare AOUINET;Courant Continu;Courant Continu;50HZ;BON;BON;MAUVAIS;BON;BON;BON;40;25;OUI;NON;OUI;OUI;MOYEN;Métallique;NON;NEANT;MOYEN;Equipement Complet (APPEL D'OFFRES DEP .AC / N°  170013 DU 29/9/2017);;Gabes;Zone Sud;" 33°59'16.46""N";" 10° 0'9.91""E";;;;;;
395,800L5;395,8;5;SL;V.U;Gare AOUINET;50HZ;Courant Continu;Courant Continu;MOYEN;BON;MOYEN;BON;BON;BON;36;40;OUI;NON;OUI;OUI;MOYEN;Métallique;NON;NEANT;MOYEN;;;Gabes;Zone Sud;" 33°58'52.02""N";" 10° 0'19.76""E";;;;;;
396,807L5;396,807;5;BA;V.U;Gare AOUINET;Courant Continu;Courant Continu;Courant Continu;BON;BON;MOYEN;BON;BON;BON;28;36;OUI;NON;OUI;OUI;MOYEN;MAUVAIS;NON;NEANT;MAUVAIS;;;Gabes;Zone Sud;" 33°58'20.74""N";" 10° 0'36.96""E";;;;;;
402,803L5;402,803;5;BA;V.U;;;;;;;;;;;;;;;;;;;;;;   Equipement Complet (APPEL D'OFFRES DEP .AC / N°  170014  DU 11/10/2017);;Gabes;Zone Sud;" 33°56'18.47""N";" 10° 3'38.58""E";;;;;;
403,360L5;403,36;5;BA;V.U;;Compteur essieux;Compteur essieux;Compteur essieux;NEANT;NEANT;NEANT;BON;BON;BON;30;30;NON;NON;NON;NON;BON;BON;NON;Néant;BON;;;Gabes;Zone Sud;" 33°56'6.96""N";" 10° 3'55.37""E";;;;;;
404,137L5;404,137;5;SL;V.U;;;;;;;;;;;;;;;;;;;;;;         PN vandalisé ,       Equipement Complet (APPEL D'OFFRES DEP .AC / N°  170013 DU 29/9/2017);;Gabes;Zone Sud;" 33°55'51.15""N";" 10° 4'18.93""E";;;;;;
404,305L5;404,305;5;BA;V.U;;Ple Electronique;Ple Electromécanique;Ple Elec+8700HZ;NEANT;NEANT;MOYEN;NEANT;NEANT;NEANT;25;38;NON;NON;NON;NON;BON;BON;NON;NEANT;MOYEN;;;Gabes;Zone Sud;" 33°55'47.52""N";" 10° 4'24.29""E";;;;;;
406,999L5;406,999;5;SL;D.V;;;;;;;;;;;;;;;;;;;;;;   Equipement Complet (APPEL D'OFFRES DEP .AC / N°  170014  DU 11/10/2017);;Gabes;Zone Sud;" 33°54'24.92""N";" 10° 4'50.62""E";;;;;;
408,118L5;408,118;5;BA;D.V;;;;;;;;;;;;;;;;;;;;;;         PN vandalisé ,       Equipement Complet (APPEL D'OFFRES DEP .AC / N°  170013 DU 29/9/2017);;Gabes;Zone Sud;" 33°54'29.57""N";" 10° 5'29.69""E";;;;;;
408,936L5;408,936;5;BA;V.U;;Ple Electromécanique;Ple Electronique;Ple Elec+8700HZ;NEANT;NEANT;MOYEN;NEANT;NEANT;MOYEN;40;40;NON;NON;NON;NON;BON;BON;NON;NEANT;MOYEN; Remplacement des mécanismes de barrieres de type WABCO ;;Gabes;Zone Sud;" 33°54'40.31""N";" 10° 5'54.95""E";;;;;;
411,306L5;411,306;5;SL;V.U;;4 PLES EM;Courant Continu;Courant Continu;MOYEN;BON;BON;MAUVAIS;MOYEN;MOYEN;76;29;OUI;OUI;OUI;OUI;MAUVAIS;MAUVAIS;NON;NEANT;BON;Equipement Complet (APPEL D'OFFRES DEP .AC / N°  170013 DU 29/9/2017) ;;Gabes;Zone Sud;" 33°53'34.15""N";" 10° 6'41.28""E";;;;;;
411,587L5;411,587;5;BA;V.U;;4 PLES EM;Courant Continu;Courant Continu;BON;BON;BON;MAUVAIS;MOYEN;MOYEN;55;41;OUI;OUI;NON;OUI;BON;BON;NON;NEANT;BON;Equipement dépuis 1980;;Gabes;Zone Sud;" 33°53'26.99""N";" 10° 6'48.06""E";;;;;;
413,179L5;413,179;5;BA;V.U;;Courant Continu;Courant Continu;Courant Continu;MOYEN;BON;MAUVAIS;MOYEN;MOYEN;MOYEN;43;57;OUI;OUI;OUI;OUI;MAUVAIS;MAUVAIS;NON;NEANT;BON;Equipement dépuis 1980;;Gabes;Zone Sud;" 33°52'58.59""N";" 10° 6'31.18""E";;;;;;
413,400L5;413,4;5;BA;V.U;;Courant Continu;Courant Continu;Courant Continu;MOYEN;BON;MAUVAIS;MOYEN;MOYEN;MOYEN;42;43;OUI;OUI;NON;OUI;MAUVAIS;MAUVAIS;NON;NEANT;BON;Equipement dépuis 1980;;Gabes;Zone Sud;" 33°52'59.93""N";" 10° 6'22.03""E";;;;;;
413,817L5;413,817;5;BA;V.U;Gare Gabès;Courant Continu;Cde Manuelle;Courant Continu;MAUVAIS;NEANT;MAUVAIS;MOYEN;NEANT;MOYEN;NEANT;54;OUI;OUI;NON;OUI;MAUVAIS;MAUVAIS;NON;NEANT;BON;Equipement dépuis 1980;;Gabes;Zone Sud;" 33°53'2.06""N";" 10° 6'6.02""E";;;;;;
139,950L13;139,95;13;BA;1;BOUZAIANE;Ple Elec+SJC;Ple Elec+SJC;Ple Elec+SJC;NEANT;NEANT;BON;BON;BON;BON;40';40';OUI;NEANT;NON;OUI;BON;BON;NON;NEANT;BON;;;Gafsa;Zone Sud Ouest;" 34°34'24.81""N";"  9°25'32.40""E";;;;;;
150,450L13;150,45;13;SL;1;SENED;Courant Continu;Courant Continu;Courant Continu;BON;BON;BON;BON;BON;BON;1'30'';"1'10""";OUI;NON;NON;OUI;BON;BON;NON;NEANT;MOYEN; ;;Gafsa;Zone Sud Ouest;" 34°33'16.13""N";"  9°19'18.53""E";;;;;;
203,922L13;203,922;13;BA;2;GAFSA;50HZ;Cde Manuelle;50HZ;BON;NEANT;BON;BON;BON;BON;NEANT;25';OUI;NEANT;NON;OUI;BON;BON;NON;NEANT;BON;PN PK 203+922 L13 enclenché au PRG de Gafsa                             -BA non fonctionnelle suite travaux de mise en place des équipements de signalisation relatives à l'exploitation de la section Gafsa-Aguila (dédoublement de la voie);;Gafsa;Zone Sud Ouest;" 34°23'43.93""N";"  8°48'25.39""E";;;;;;
206,750L13;206,75;13;SL;2;AGUILA;Courant Continu;Courant Continu;Courant Continu;BON;BON;BON;BON;BON;BON;"1'53""";"1'02""";OUI;NON;NON;OUI;BON;BON;NON;NEANT;MOYEN; ;;Gafsa;Zone Sud Ouest;" 34°22'55.01""N";"  8°47'1.45""E";;;;;;
226,328L13;226,328;13;BA;1;Ancienne gare 28/29;Ple Electronique;Ple Electronique;Ple Elec+8700HZ;NEANT;NEANT;BON;BON;BON;BON;40;40;NON;NON;NON;NON;BON;BON;NON;NEANT;BON; ;;Metlaoui;Zone Sud Ouest;" 34°20'10.55""N";"  8°35'16.23""E";;;;;;
243,424L13;243,424;13;BA;1;METLAOUI;Cde Manuelle;Courant Continu;Courant Continu;NEANT;BON;BON;NEANT;BON;MOYEN;40;"1'40""";NON;NON;NON;NON;BON;BON;NON;NEANT;BON;MIS EN SERVICE LE 13/1/2010 ( BEMAI )                                      ;;Metlaoui;Zone Sud Ouest;" 34°18'52.45""N";"  8°24'35.92""E";;;;;;
1,350L15;1,35;15;BA;1;METLAOUI;Ple Electronique;Ple Electronique;Ple Elec+8700HZ;NEANT;NEANT;BON;BON;BON;BON;40;40;NON;NON;NON;NON;BON;BON;NON;NEANT;BON;BA mécanismes des barrieres avaries depuis 2014 ;;Metlaoui;Zone Sud Ouest;" 34°19'6.49""N";"  8°24'8.17""E";;;;;;
2,880L15;2,88;15;SL;1;METLAOUI;Courant Continu;Courant Continu;Courant Continu;BON;BON;BON;BON;BON;BON;38;38;OUI;NON;OUI;OUI;BON;MOYEN;NON;NEANT;BON; ;;Metlaoui;Zone Sud Ouest;" 34°19'44.94""N";"  8°24'3.48""E";;;;;;
3,200L15;3,2;15;SL;1;METLAOUI;Courant Continu;Courant Continu;Courant Continu;BON;MOYEN;BON;BON;BON;BON;38;38;OUI;NON;NON;OUI;BON;BON;NON;NEANT;MOYEN; ;;Metlaoui;Zone Sud Ouest;" 34°19'55.65""N";"  8°23'58.66""E";;;;;;
16,125L16;16,125;16;SL;1;REDEYEF;Courant Continu;Courant Continu;Courant Continu;BON;MOYEN;MAUVAIS;BON;BON;MAUVAIS;"1'50""";"1'50""";OUI;NON;NON;OUI;BON;MOYEN;NON;NEANT;MOYEN;Signalisation +pédale d'annonce avaries suite acte vandalisme depuis 2011 ;;Metlaoui;Zone Sud Ouest;" 34°23'24.12""N";"  8° 9'45.96""E";;;;;;
2,682LTA;2,682;TA;CSA;;;;;;;;;;;;;;;;;;;;;;;;;;;" 36°47'23.78""N";" 10° 9'46.15""E";;;;;;
23,713LTA;23,713;TA;CSA;;;;;;;;;;;;;;;;;;;;;;;;;;;" 36°50'55.10""N";"  9°56'38.98""E";;;;;;
25,212LTA;25,212;TA;CSA;;;;;;;;;;;;;;;;;;;;;;;;;;;" 36°50'56.50""N";"  9°55'41.95""E";;;;;;
26,896LTA;26,896;TA;CSA;;;;;;;;;;;;;;;;;;;;;;;;;;;" 36°50'27.58""N";"  9°54'44.20""E";;;;;;
28,338LTA;28,338;TA;CSA;;;;;;;;;;;;;;;;;;;;;;;;;;;" 36°50'10.63""N";"  9°53'50.58""E";;;;;;
30,590LTA;30,59;TA;CSA;;;;;;;;;;;;;;;;;;;;;;;;;;;" 36°49'39.92""N";"  9°52'29.58""E";;;;;;
36,616LTA;36,616;TA;CSA;;;;;;;;;;;;;;;;;;;;;;;;;;;" 36°50'21.69""N";"  9°49'2.29""E";;;;;;
37,806LTA;37,806;TA;CSA;;;;;;;;;;;;;;;;;;;;;;;;;;;" 36°49'49.06""N";"  9°48'34.21""E";;;;;;
38,632LTA;38,632;TA;CSA;;;;;;;;;;;;;;;;;;;;;;;;;;;" 36°49'38.53""N";"  9°48'6.07""E";;;;;;
40,581LTA;40,581;TA;CSA;;;;;;;;;;;;;;;;;;;;;;;;;;;" 36°49'12.20""N";"  9°46'55.06""E";;;;;;
42,163LTA;42,163;TA;CSA;;;;;;;;;;;;;;;;;;;;;;;;;;;" 36°48'29.65""N";"  9°46'30.90""E";;;;;;
43,356LTA;43,356;TA;CSA;;;;;;;;;;;;;;;;;;;;;;;;;;;" 36°47'53.96""N";"  9°46'15.01""E";;;;;;
45,035LTA;45,035;TA;CSA;;;;;;;;;;;;;;;;;;;;;;;;;;;" 36°47'11.81""N";"  9°45'36.88""E";;;;;;
46,767LTA;46,767;TA;CSA;;;;;;;;;;;;;;;;;;;;;;;;;;;" 36°46'35.65""N";"  9°44'47.39""E";;;;;;
47,400LTA;47,4;TA;CSA;;;;;;;;;;;;;;;;;;;;;;;;;;;" 36°46'15.76""N";"  9°44'40.13""E";;;;;;
48,896LTA;48,896;TA;CSA;;;;;;;;;;;;;;;;;;;;;;;;;;;" 36°45'49.51""N";"  9°43'52.47""E";;;;;;
52,559LTA;52,559;TA;CSA;;;;;;;;;;;;;;;;;;;;;;;;;;;" 36°44'29.67""N";"  9°42'4.90""E";;;;;;
53,491LTA;53,491;TA;CSA;;;;;;;;;;;;;;;;;;;;;;;;;;;" 36°44'5.47""N";"  9°41'43.48""E";;;;;;
55,537LTA;55,537;TA;CSA;;;;;;;;;;;;;;;;;;;;;;;;;;;" 36°43'42.66""N";"  9°40'25.36""E";;;;;;
56,284LTA;56,284;TA;CSA;;;;;;;;;;;;;;;;;;;;;;;;;;;" 36°43'32.68""N";"  9°39'58.22""E";;;;;;
57,950LTA;57,95;TA;CSA;;;;;;;;;;;;;;;;;;;;;;;;;;;" 36°42'55.45""N";"  9°39'11.29""E";;;;;;
60,555LTA;60,555;TA;CSA;;;;;;;;;;;;;;;;;;;;;;;;;;;" 36°41'43.55""N";"  9°38'45.14""E";;;;;;
62,100LTA;62,1;TA;CSA;;;;;;;;;;;;;;;;;;;;;;;;;;;" 36°41'23.49""N";"  9°37'38.39""E";;;;;;
63,466LTA;63,466;TA;CSA;;;;;;;;;;;;;;;;;;;;;;;;;;;" 36°40'51.49""N";"  9°37'2.17""E";;;;;;
67,140LTA;67,14;TA;CSA;;;;;;;;;;;;;;;;;;;;;;;;;;;" 36°39'44.96""N";"  9°35'26.57""E";;;;;;
68,880LTA;68,88;TA;CSA;;;;;;;;;;;;;;;;;;;;;;;;;;;"36°40'5.91""N";"  9°34'24.42""E";;;;;;
70,852LTA;70,852;TA;CSA;;;;;;;;;;;;;;;;;;;;;;;;;;;" 36°39'48.41""N";"  9°33'16.83""E";;;;;;
74,112LTA;74,112;TA;CSA;;;;;;;;;;;;;;;;;;;;;;;;;;;" 36°39'39.11""N";"  9°31'22.98""E";;;;;;
75,721LTA;75,721;TA;CSA;;;;;;;;;;;;;;;;;;;;;;;;;;;" 36°39'36.97""N";"  9°30'19.39""E";;;;;;
79,777LTA;79,777;TA;CSA;;;;;;;;;;;;;;;;;;;;;;;;;;;" 36°39'32.77""N";"  9°27'51.24""E";;;;;;
81,445LTA;81,445;TA;CSA;;;;;;;;;;;;;;;;;;;;;;;;;;;" 36°39'40.81""N";"  9°26'47.00""E";;;;;;
93,840LTA;93,84;TA;CSA;;;;;;;;;;;;;;;;;;;;;;;;;;;" 36°44'44.41""N";"  9°22'57.16""E";;;;;;
106,813LTA;106,813;TA;CSA;;;;;;;;;;;;;;;;;;;;;;;;;;;" 36°47'1.02""N";"  9°16'16.82""E";;;;;;
108,391LTA;108,391;TA;CSA;;;;;;;;;;;;;;;;;;;;;;;;;;;" 36°46'52.48""N";"  9°15'18.32""E";;;;;;
110 , 615LTA;110 , 615;TA;CSA;;;;;;;;;;;;;;;;;;;;;;;;;;;" 36°46'31.50""N";"  9°13'53.91""E";;;;;;
111 , 346LTA;111 , 346;TA;CSA;;;;;;;;;;;;;;;;;;;;;;;;;;;" 36°46'20.88""N";"  9°13'27.67""E";;;;;;
113 , 448LTA;113 , 448;TA;CSA;;;;;;;;;;;;;;;;;;;;;;;;;;;" 36°46'2.11""N";"  9°12'10.84""E";;;;;;
115 , 182LTA;115 , 182;TA;CSA;;;;;;;;;;;;;;;;;;;;;;;;;;;" 36°45'24.49""N";"  9°11'24.08""E";;;;;;
118 , 343LTA;118 , 343;TA;CSA;;;;;;;;;;;;;;;;;;;;;;;;;;;" 36°43'55.70""N";"  9°11'2.58""E";;;;;;
124 , 839LTA;124 , 839;TA;CSA;;;;;;;;;;;;;;;;;;;;;;;;;;;" 36°41'31.71""N";"  9°12'11.70""E";;;;;;
126 , 012LTA;126 , 012;TA;CSA;;;;;;;;;;;;;;;;;;;;;;;;;;;" 36°41'4.88""N";"  9°12'35.67""E";;;;;;
127 , 223LTA;127 , 223;TA;CSA;;;;;;;;;;;;;;;;;;;;;;;;;;;" 36°40'27.85""N";"  9°12'42.40""E";;;;;;
129 , 171LTA;129 , 171;TA;CSA;;;;;;;;;;;;;;;;;;;;;;;;;;;" 36°39'25.10""N";"  9°12'34.69""E";;;;;;
130 , 603LTA;130 , 603;TA;CSA;;;;;;;;;;;;;;;;;;;;;;;;;;;" 36°38'40.61""N";"  9°12'28.63""E";;;;;;
131 , 899LTA;131 , 899;TA;CSA;;;;;;;;;;;;;;;;;;;;;;;;;;;" 36°38'13.55""N";"  9°11'47.06""E";;;;;;
133 , 250LTA;133 , 250;TA;CSA;;;;;;;;;;;;;;;;;;;;;;;;;;;" 36°37'40.05""N";"  9°11'17.19""E";;;;;;
134 , 589LTA;134 , 589;TA;CSA;;;;;;;;;;;;;;;;;;;;;;;;;;;" 36°37'3.52""N";"  9°10'48.19""E";;;;;;
135 , 880LTA;135 , 880;TA;CSA;;;;;;;;;;;;;;;;;;;;;;;;;;;" 36°36'31.86""N";"  9°10'19.42""E";;;;;;
136 , 197LTA;136 , 197;TA;CSA;;;;;;;;;;;;;;;;;;;;;;;;;;;" 36°36'29.81""N";"  9°10'6.96""E";;;;;;
136 , 317LTA;136 , 317;TA;CSA;;;;;;;;;;;;;;;;;;;;;;;;;;;" 36°36'28.00""N";"  9° 9'55.66""E";;;;;;
137 , 459LTA;137 , 459;TA;CSA;;;;;;;;;;;;;;;;;;;;;;;;;;;" 36°36'17.24""N";"  9° 9'18.94""E";;;;;;
138 , 417LTA;138 , 417;TA;CSA;;;;;;;;;;;;;;;;;;;;;;;;;;;" 36°36'1.80""N";"  9° 8'45.49""E";;;;;;
138 , 980LTA;138 , 980;TA;CSA;;;;;;;;;;;;;;;;;;;;;;;;;;;" 36°35'54.82""N";"  9° 8'24.53""E";;;;;;
140 , 648LTA;140 , 648;TA;CSA;;;;;;;;;;;;;;;;;;;;;;;;;;;" 36°35'47.47""N";"  9° 7'18.21""E";;;;;;
144 , 387LTA;144 , 387;TA;CSA;;;;;;;;;;;;;;;;;;;;;;;;;;;" 36°36'10.90""N";"  9° 4'54.96""E";;;;;;
145 , 742LTA;145 , 742;TA;CSA;;;;;;;;;;;;;;;;;;;;;;;;;;;" 36°36'16.13""N";"  9° 4'0.43""E";;;;;;
146 , 760LTA;146 , 760;TA;CSA;;;;;;;;;;;;;;;;;;;;;;;;;;;" 36°36'27.97""N";"  9° 3'23.83""E";;;;;;
147 , 470LTA;147 , 470;TA;CSA;;;;;;;;;;;;;;;;;;;;;;;;;;;" 36°36'21.72""N";"  9° 2'58.01""E";;;;;;
148 , 421LTA;148 , 421;TA;CSA;;;;;;;;;;;;;;;;;;;;;;;;;;;" 36°36'12.44""N";"  9° 2'19.38""E";;;;;;
150 , 071LTA;150 , 071;TA;CSA;;;;;;;;;;;;;;;;;;;;;;;;;;;" 36°36'20.24""N";"  9° 1'22.25""E";;;;;;
152 , 270LTA;152 , 270;TA;CSA;;;;;;;;;;;;;;;;;;;;;;;;;;;" 36°36'41.31""N";"  9° 0'16.97""E";;;;;;
153,270LTA;153,27;TA;CSA;;;;;;;;;;;;;;;;;;;;;;;;;;;" 36°36'41.05""N";"  8°59'32.40""E";;;;;;
153,600LTA;153,6;TA;CSA;;;;;;;;;;;;;;;;;;;;;;;;;;;" 36°36'40.98""N";"  8°59'17.39""E";;;;;;
158 , 203LTA;158 , 203;TA;CSA;;;;;;;;;;;;;;;;;;;;;;;;;;;" 36°36'19.62""N";"  8°56'20.76""E";;;;;;
158 , 846LTA;158 , 846;TA;CSA;;;;;;;;;;;;;;;;;;;;;;;;;;;" 36°36'13.17""N";"  8°55'51.63""E";;;;;;
160 , 585LTA;160 , 585;TA;CSA;;;;;;;;;;;;;;;;;;;;;;;;;;;" 36°35'47.28""N";"  8°54'54.04""E";;;;;;
163 , 846LTA;163 , 846;TA;CSA;;;;;;;;;;;;;;;;;;;;;;;;;;;" 36°34'50.65""N";"  8°52'58.33""E";;;;;;
166 , 792LTA;166 , 792;TA;CSA;;;;;;;;;;;;;;;;;;;;;;;;;;;" 36°34'0.25""N";"  8°51'15.48""E";;;;;;
169 , 114LTA;169 , 114;TA;CSA;;;;;;;;;;;;;;;;;;;;;;;;;;;" 36°33'21.30""N";"  8°49'56.29""E";;;;;;
170 , 614LTA;170 , 614;TA;CSA;;;;;;;;;;;;;;;;;;;;;;;;;;;" 36°32'57.10""N";"  8°49'7.28""E";;;;;;
173 , 210LTA;173 , 210;TA;CSA;;;;;;;;;;;;;;;;;;;;;;;;;;;" 36°32'4.53""N";"  8°47'50.74""E";;;;;;
175 , 548LTA;175 , 548;TA;CSA;;;;;;;;;;;;;;;;;;;;;;;;;;;" 36°30'58.23""N";"  8°47'10.81""E";;;;;;
181 , 697LTA;181 , 697;TA;CSA;;;;;;;;;;;;;;;;;;;;;;;;;;;" 36°28'20.65""N";"  8°44'50.19""E";;;;;;
183 , 457LTA;183 , 457;TA;CSA;;;;;;;;;;;;;;;;;;;;;;;;;;;" 36°27'39.19""N";"  8°43'55.89""E";;;;;;
184,380LTA;184,38;TA;CSA;;;;;;;;;;;;;;;;;;;;;;;;;;;" 36°27'23.83""N";"  8°43'24.38""E";;;;;;
186 , 389LTA;186 , 389;TA;CSA;;;;;;;;;;;;;;;;;;;;;;;;;;;" 36°27'6.42""N";"  8°42'8.08""E";;;;;;
187 , 648LTA;187 , 648;TA;CSA;;;;;;;;;;;;;;;;;;;;;;;;;;;" 36°27'11.89""N";"  8°41'17.72""E";;;;;;
188 , 742LTA;188 , 742;TA;CSA;;;;;;;;;;;;;;;;;;;;;;;;;;;" 36°27'12.68""N";" 8°40'32.95""E";;;;;;
190 , 121LTA;190 , 121;TA;CSA;;;;;;;;;;;;;;;;;;;;;;;;;;;" 36°27'12.05""N";"  8°39'35.59""E";;;;;;
191 , 981LTA;191 , 981;TA;CSA;;;;;;;;;;;;;;;;;;;;;;;;;;;" 36°27'29.66""N";"  8°38'28.73""E";;;;;;
192 , 946LTA;192 , 946;TA;CSA;;;;;;;;;;;;;;;;;;;;;;;;;;;" 36°27'43.60""N";"  8°37'52.67""E";;;;;;
195 , 947LTA;195 , 947;TA;CSA;;;;;;;;;;;;;;;;;;;;;;;;;;;" 36°28'16.39""N";" 8°36'0.78""E";;;;;;
197 , 221LTA;197 , 221;TA;CSA;;;;;;;;;;;;;;;;;;;;;;;;;;;" 36°28'21.58""N";"  8°35'10.58""E";;;;;;
198 , 713LTA;198 , 713;TA;CSA;;;;;;;;;;;;;;;;;;;;;;;;;;;" 36°28'16.65""N";"  8°34'11.36""E";;;;;;
199 , 021LTA;199 , 021;TA;CSA;;;;;;;;;;;;;;;;;;;;;;;;;;;" 36°28'15.31""N";"  8°33'58.56""E";;;;;;
200 , 174LTA;200 , 174;TA;CSA;;;;;;;;;;;;;;;;;;;;;;;;;;;" 36°28'10.73""N";"  8°33'9.15""E";;;;;;
201 , 460LTA;201 , 460;TA;CSA;;;;;;;;;;;;;;;;;;;;;;;;;;;" 36°28'6.82""N";"  8°32'24.59""E";;;;;;
202 , 457LTA;202 , 457;TA;CSA;;;;;;;;;;;;;;;;;;;;;;;;;;;" 36°28'3.05""N";"  8°31'41.69""E";;;;;;
205 , 030LTA;205 , 030;TA;CSA;;;;;;;;;;;;;;;;;;;;;;;;;;;" 36°27'46.48""N";"  8°30'1.19""E";;;;;;
206,067LTA;206,067;TA;CSA;;;;;;;;;;;;;;;;;;;;;;;;;;;" 36°27'44.53""N";"  8°29'21.27""E";;;;;;
208,643LTA;208,643;TA;CSA;;;;;;;;;;;;;;;;;;;;;;;;;;;" 36°27'33.34""N";"  8°27'44.94""E";;;;;;
212,324LTA;212,324;TA;CSA;;;;;;;;;;;;;;;;;;;;;;;;;;;" 36°26'29.45""N";"  8°25'41.28""E";;;;;;
06 , 756L1;06 , 756;1;CSA;;;;;;;;;;;;;;;;;;;;;;;;;;;" 36°54'26.73""N";"  9°56'46.76""E";;;;;;
07 , 663L1;07 , 663;1;CSA;;;;;;;;;;;;;;;;;;;;;;;;;;;" 36°54'55.89""N";"  9°56'45.47""E";;;;;;
11 , 643L1;11 , 643;1;CSA;;;;;;;;;;;;;;;;;;;;;;;;;;;" 36°56'54.59""N";"  9°55'51.88""E";;;;;;
13 , 593L1;13 , 593;1;CSA;;;;;;;;;;;;;;;;;;;;;;;;;;;" 36°57'55.68""N";"  9°55'18.08""E";;;;;;
15 , 607L1;15 , 607;1;CSA;;;;;;;;;;;;;;;;;;;;;;;;;;;" 36°58'50.21""N";"  9°54'41.10""E";;;;;;
18 , 139L1;18 , 139;1;CSA;;;;;;;;;;;;;;;;;;;;;;;;;;;" 36°59'44.53""N";"  9°53'21.34""E";;;;;;
20 , 936L1;20 , 936;1;CSA;;;;;;;;;;;;;;;;;;;;;;;;;;;" 37° 0'29.41""N";"  9°51'45.73""E";;;;;;
22 , 482L1;22 , 482;1;CSA;;;;;;;;;;;;;;;;;;;;;;;;;;;" 37° 1'6.47""N";"  9°51'18.18""E";;;;;;
23 , 237L1;23 , 237;1;CSA;;;;;;;;;;;;;;;;;;;;;;;;;;;" 37° 1'17.18""N";"  9°50'49.87""E";;;;;;
24 , 717L1;24 , 717;1;CSA;;;;;;;;;;;;;;;;;;;;;;;;;;;" 37° 1'24.73""N";"  9°49'51.41""E";;;;;;
25 , 340L1;25 , 340;1;CSA;;;;;;;;;;;;;;;;;;;;;;;;;;;" 37° 1'22.47""N";"  9°49'27.15""E";;;;;;
25 , 830L1;25 , 830;1;CSA;;;;;;;;;;;;;;;;;;;;;;;;;;;" 37° 1'20.68""N";"  9°49'7.69""E";;;;;;
27 , 180L1;27 , 180;1;CSA;;;;;;;;;;;;;;;;;;;;;;;;;;;" 37° 1'15.30""N";"  9°48'11.53""E";;;;;;
28 , 130L1;28 , 130;1;CSA;;;;;;;;;;;;;;;;;;;;;;;;;;;" 37° 1'11.76""N";"  9°47'34.29""E";;;;;;
28 , 950L1;28 , 950;1;CSA;;;;;;;;;;;;;;;;;;;;;;;;;;;" 37° 1'8.61""N";"  9°47'1.51""E";;;;;;
30 , 660L1;30 , 660;1;CSA;;;;;;;;;;;;;;;;;;;;;;;;;;;" 37° 0'51.49""N";"  9°45'55.54""E";;;;;;
32 , 317L1;32 , 317;1;CSA;;;;;;;;;;;;;;;;;;;;;;;;;;;" 37° 0'31.99""N";"  9°44'54.58""E";;;;;;
34 , 220L1;34 , 220;1;CSA;;;;;;;;;;;;;;;;;;;;;;;;;;;"37° 0'44.83""N";"  9°43'41.08""E";;;;;;
36 , 880L1;36 , 880;1;CSA;;;;;;;;;;;;;;;;;;;;;;;;;;;" 37° 1'24.58""N";"  9°42'17.93""E";;;;;;
40 , 650L1;40 , 650;1;CSA;;;;;;;;;;;;;;;;;;;;;;;;;;;" 37° 2'57.72""N";"  9°41'20.49""E";;;;;;
43 , 700L1;43 , 700;1;CSA;;;;;;;;;;;;;;;;;;;;;;;;;;;" 37° 3'55.27""N";"  9°41'55.55""E";;;;;;
44 , 600L1;44 , 600;1;CSA;;;;;;;;;;;;;;;;;;;;;;;;;;;" 37° 4'26.90""N";" 9°42'14.58""E";;;;;;
45 , 498L1;45 , 498;1;CSA;;;;;;;;;;;;;;;;;;;;;;;;;;;" 37° 4'53.55""N";"  9°42'30.92""E";;;;;;
47 , 800L1;47 , 800;1;CSA;;;;;;;;;;;;;;;;;;;;;;;;;;;" 37° 6'3.00""N";"  9°43'12.91""E";;;;;;
49 , 260L1;49 , 260;1;CSA;;;;;;;;;;;;;;;;;;;;;;;;;;;" 37° 7'9.22""N";"  9°44'0.72""E";;;;;;
53 , 020L1;53 , 020;1;CSA;;;;;;;;;;;;;;;;;;;;;;;;;;;" 37° 8'51.47""N";" 9°45'12.06""E";;;;;;
54 , 550L1;54 , 550;1;CSA;;;;;;;;;;;;;;;;;;;;;;;;;;;" 37° 9'39.87""N";"  9°45'27.79""E";;;;;;
56 , 750L1;56 , 750;1;CSA;;;;;;;;;;;;;;;;;;;;;;;;;;;" 37°10'46.12""N";"  9°45'57.48""E";;;;;;
58 , 290L1;58 , 290;1;CSA;;;;;;;;;;;;;;;;;;;;;;;;;;;" 37°11'37.05""N";"  9°45'58.87""E";;;;;;
60 , 560L1;60 , 560;1;CSA;;;;;;;;;;;;;;;;;;;;;;;;;;;" 37°12'50.63""N";"  9°45'57.59""E";;;;;;
62 , 040L1;62 , 040;1;CSA;;;;;;;;;;;;;;;;;;;;;;;;;;;" 37°13'34.99""N";"  9°46'21.60""E";;;;;;
63 , 750L1;63 , 750;1;CSA;;;;;;;;;;;;;;;;;;;;;;;;;;;" 37°14'19.39""N";"  9°47'8.36""E";;;;;;
65 , 130L1;65 , 130;1;CSA;;;;;;;;;;;;;;;;;;;;;;;;;;;" 37°14'32.83""N";"  9°47'56.31""E";;;;;;
65 , 765L1;65 , 765;1;CSA;;;;;;;;;;;;;;;;;;;;;;;;;;;" 37°14'39.71""N";" 9°48'20.70""E";;;;;;
66 , 825L1;66 , 825;1;CSA;;;;;;;;;;;;;;;;;;;;;;;;;;;" 37°14'51.16""N";"  9°49'1.49""E";;;;;;
67,890L1;67,89;1;CSA;;;;;;;;;;;;;;;;;;;;;;;;;;;" 37°15'0.78""N";"  9°49'43.41""E";;;;;;
68 , 550L1;68 , 550;1;CSA;;;;;;;;;;;;;;;;;;;;;;;;;;;" 37°15'9.31""N";"  9°50'7.73""E";;;;;;
69 , 436L1;69 , 436;1;CSA;;;;;;;;;;;;;;;;;;;;;;;;;;;" 37°15'22.26""N";"  9°50'40.22""E";;;;;;
00 , 344L2;00 , 344;2;CSA;;;;;;;;;;;;;;;;;;;;;;;;;;;" 37° 2'5.56""N";"  9°41'8.92""E";;;;;;
01 , 378L2;01 , 378;2;CSA;;;;;;;;;;;;;;;;;;;;;;;;;;;" 37° 1'45.96""N";"  9°40'47.65""E";;;;;;
02 , 355L2;02 , 355;2;CSA;;;;;;;;;;;;;;;;;;;;;;;;;;;" 37° 2'2.04""N";"  9°40'13.46""E";;;;;;
02 , 571L2;02 , 571;2;CSA;;;;;;;;;;;;;;;;;;;;;;;;;;;" 37° 2'5.51""N";"  9°40'5.94""E";;;;;;
03 , 134L2;03 , 134;2;CSA;;;;;;;;;;;;;;;;;;;;;;;;;;;" 37° 2'11.92""N";"  9°39'44.88""E";;;;;;
04 , 934L2;04 , 934;2;CSA;;;;;;;;;;;;;;;;;;;;;;;;;;;" 37° 2'41.83""N";"  9°38'41.69""E";;;;;;
05 , 394L2;05 , 394;2;CSA;;;;;;;;;;;;;;;;;;;;;;;;;;;" 37° 2'51.58""N";"  9°38'21.61""E";;;;;;
05 , 913L2;05 , 913;2;CSA;;;;;;;;;;;;;;;;;;;;;;;;;;;" 37° 2'57.92""N";"  9°38'7.84""E";;;;;;
7 , 119L2;7 , 119;2;CSA;;;;;;;;;;;;;;;;;;;;;;;;;;;" 37° 3'17.39""N";"  9°37'25.74""E";;;;;;
8 , 039L2;8 , 039;2;CSA;;;;;;;;;;;;;;;;;;;;;;;;;;;" 37° 3'33.61""N";"  9°36'51.85""E";;;;;;
8 , 749L2;8 , 749;2;CSA;;;;;;;;;;;;;;;;;;;;;;;;;;;" 37° 3'43.82""N";"  9°36'28.38""E";;;;;;
09 , 382L2;09 , 382;2;CSA;;;;;;;;;;;;;;;;;;;;;;;;;;;" 37° 3'53.57""N";"  9°36'5.82""E";;;;;;
9 , 795L2;9 , 795;2;CSA;;;;;;;;;;;;;;;;;;;;;;;;;;;" 37° 4'1.92""N";"  9°35'52.68""E";;;;;;
10 , 268L2;10 , 268;2;CSA;;;;;;;;;;;;;;;;;;;;;;;;;;;" 37° 4'13.46""N";"  9°35'33.71""E";;;;;;
10 , 715L2;10 , 715;2;CSA;;;;;;;;;;;;;;;;;;;;;;;;;;;" 37° 4'20.34""N";"  9°35'23.47""E";;;;;;
11 , 162L2;11 , 162;2;CSA;;;;;;;;;;;;;;;;;;;;;;;;;;;" 37° 4'29.25""N";"  9°35'9.40""E";;;;;;
11 , 647L2;11 , 647;2;CSA;;;;;;;;;;;;;;;;;;;;;;;;;;;" 37° 4'39.08""N";"  9°34'53.75""E";;;;;;
11 , 949L2;11 , 949;2;CSA;;;;;;;;;;;;;;;;;;;;;;;;;;;" 37° 4'42.45""N";"  9°34'44.34""E";;;;;;
13 , 254L2;13 , 254;2;CSA;;;;;;;;;;;;;;;;;;;;;;;;;;;" 37° 4'53.26""N";"  9°33'52.93""E";;;;;;
13 , 775L2;13 , 775;2;CSA;;;;;;;;;;;;;;;;;;;;;;;;;;;" 37° 4'56.81""N";"  9°33'30.70""E";;;;;;
15 , 780L2;15 , 780;2;CSA;;;;;;;;;;;;;;;;;;;;;;;;;;;" 37° 4'30.00""N";"  9°32'22.52""E";;;;;;
17 , 667L2;17 , 667;2;CSA;;;;;;;;;;;;;;;;;;;;;;;;;;;" 37° 4'9.45""N";"  9°31'15.62""E";;;;;;
18 , 176L2;18 , 176;2;CSA;;;;;;;;;;;;;;;;;;;;;;;;;;;" 37° 4'9.44""N";"  9°30'55.24""E";;;;;;
19 , 783L2;19 , 783;2;CSA;;;;;;;;;;;;;;;;;;;;;;;;;;;" 37° 3'38.94""N";"  9°30'5.48""E";;;;;;
20 , 850L2;20 , 850;2;CSA;;;;;;;;;;;;;;;;;;;;;;;;;;;" 37° 3'13.47""N";"  9°29'37.64""E";;;;;;
21 , 536L2;21 , 536;2;CSA;;;;;;;;;;;;;;;;;;;;;;;;;;;" 37° 2'55.03""N";"  9°29'22.84""E";;;;;;
22 , 375L2;22 , 375;2;CSA;;;;;;;;;;;;;;;;;;;;;;;;;;;" 37° 2'35.78""N";"  9°28'59.61""E";;;;;;
22 , 934L2;22 , 934;2;CSA;;;;;;;;;;;;;;;;;;;;;;;;;;;" 37° 2'24.36""N";"  9°28'42.42""E";;;;;;
23 , 713L2;23 , 713;2;CSA;;;;;;;;;;;;;;;;;;;;;;;;;;;" 37° 2'12.92""N";"  9°28'21.36""E";;;;;;
24 , 141L2;24 , 141;2;CSA;;;;;;;;;;;;;;;;;;;;;;;;;;;" 37° 2'23.04""N";"  9°28'9.53""E";;;;;;
24 , 437L2;24 , 437;2;CSA;;;;;;;;;;;;;;;;;;;;;;;;;;;" 37° 2'30.18""N";"  9°28'1.80""E";;;;;;
25 , 191L2;25 , 191;2;CSA;;;;;;;;;;;;;;;;;;;;;;;;;;;" 37° 2'36.14""N";"  9°27'33.96""E";;;;;;
26 , 723L2;26 , 723;2;CSA;;;;;;;;;;;;;;;;;;;;;;;;;;;" 37° 2'39.11""N";"  9°26'36.49""E";;;;;;
29 , 422L2;29 , 422;2;CSA;;;;;;;;;;;;;;;;;;;;;;;;;;;" 37° 2'16.38""N";"  9°25'1.79""E";;;;;;
30 , 251L2;30 , 251;2;CSA;;;;;;;;;;;;;;;;;;;;;;;;;;;" 37° 2'13.42""N";"  9°24'34.74""E";;;;;;
32 , 204L2;32 , 204;2;CSA;;;;;;;;;;;;;;;;;;;;;;;;;;;" 37° 2'22.08""N";"  9°23'54.53""E";;;;;;
36 , 005L2;36 , 005;2;CSA;;;;;;;;;;;;;;;;;;;;;;;;;;;" 37° 1'58.06""N";"  9°21'33.45""E";;;;;;
39 , 692L2;39 , 692;2;CSA;;;;;;;;;;;;;;;;;;;;;;;;;;;" 37° 1'34.76""N";"  9°19'7.55""E";;;;;;
41 , 174L2;41 , 174;2;CSA;;;;;;;;;;;;;;;;;;;;;;;;;;;" 37° 1'33.98""N";"  9°18'9.77""E";;;;;;
41 , 636L2;41 , 636;2;CSA;;;;;;;;;;;;;;;;;;;;;;;;;;;" 37° 1'26.79""N";"  9°17'53.24""E";;;;;;
42 , 492L2;42 , 492;2;CSA;;;;;;;;;;;;;;;;;;;;;;;;;;;" 37° 1'28.79""N";"  9°17'22.11""E";;;;;;
42 , 930L2;42 , 930;2;CSA;;;;;;;;;;;;;;;;;;;;;;;;;;;" 37° 1'42.56""N";"  9°17'18.49""E";;;;;;
43 , 400L2;43 , 400;2;CSA;;;;;;;;;;;;;;;;;;;;;;;;;;;" 37° 1'56.03""N";"  9°17'26.39""E";;;;;;
46 , 268L2;46 , 268;2;CSA;;;;;;;;;;;;;;;;;;;;;;;;;;;" 37° 3'7.29""N";"9°16'34.74""E";;;;;;
47 , 099L2;47 , 099;2;CSA;;;;;;;;;;;;;;;;;;;;;;;;;;;" 37° 3'32.65""N";"  9°16'20.99""E";;;;;;
48 , 279L2;48 , 279;2;CSA;;;;;;;;;;;;;;;;;;;;;;;;;;;" 37° 3'40.09""N";"  9°15'46.88""E";;;;;;
49 , 722L2;49 , 722;2;CSA;;;;;;;;;;;;;;;;;;;;;;;;;;;" 37° 3'22.57""N";"  9°14'56.37""E";;;;;;
50 , 440L2;50 , 440;2;CSA;;;;;;;;;;;;;;;;;;;;;;;;;;;" 37° 3'22.25""N";"  9°14'27.20""E";;;;;;
51 , 926L2;51 , 926;2;CSA;;;;;;;;;;;;;;;;;;;;;;;;;;;" 37° 3'26.63""N";"  9°13'31.90""E";;;;;;
52 , 279L2;52 , 279;2;CSA;;;;;;;;;;;;;;;;;;;;;;;;;;;" 37° 3'33.68""N";"  9°13'17.24""E";;;;;;
52 , 687L2;52 , 687;2;CSA;;;;;;;;;;;;;;;;;;;;;;;;;;;" 37° 3'41.29""N";"  9°13'2.86""E";;;;;;
54 , 833L2;54 , 833;2;CSA;;;;;;;;;;;;;;;;;;;;;;;;;;;" 37° 4'17.87""N";"  9°11'49.20""E";;;;;;
56 , 760L2;56 , 760;2;CSA;;;;;;;;;;;;;;;;;;;;;;;;;;;" 37° 4'30.32""N";"  9°10'32.73""E";;;;;;
58 , 688L2;58 , 688;2;CSA;;;;;;;;;;;;;;;;;;;;;;;;;;;" 37° 4'38.29""N";"  9° 9'15.50""E";;;;;;
59 , 837L2;59 , 837;2;CSA;;;;;;;;;;;;;;;;;;;;;;;;;;;" 37° 4'37.69""N";"  9° 8'29.15""E";;;;;;
60 , 393L2;60 , 393;2;CSA;;;;;;;;;;;;;;;;;;;;;;;;;;;" 37° 4'30.98""N";"  9° 8'13.11""E";;;;;;
61 , 343L2;61 , 343;2;CSA;;;;;;;;;;;;;;;;;;;;;;;;;;;" 37° 4'8.16""N";"  9° 7'41.47""E";;;;;;
61 , 948L2;61 , 948;2;CSA;;;;;;;;;;;;;;;;;;;;;;;;;;;" 37° 3'53.22""N";"  9° 7'26.36""E";;;;;;
62 , 337L2;62 , 337;2;CSA;;;;;;;;;;;;;;;;;;;;;;;;;;;" 37° 3'41.37""N";"  9° 7'20.56""E";;;;;;
64 , 037L2;64 , 037;2;CSA;;;;;;;;;;;;;;;;;;;;;;;;;;;" 37° 2'52.50""N";"  9° 6'49.49""E";;;;;;
64 , 692L2;64 , 692;2;CSA;;;;;;;;;;;;;;;;;;;;;;;;;;;" 37° 2'37.86""N";"  9° 6'33.36""E";;;;;;
65 , 293L2;65 , 293;2;CSA;;;;;;;;;;;;;;;;;;;;;;;;;;;" 37° 2'19.79""N";"  9° 6'24.50""E";;;;;;
65 , 778L2;65 , 778;2;CSA;;;;;;;;;;;;;;;;;;;;;;;;;;;" 37° 2'6.01""N";"  9° 6'14.07""E";;;;;;
68 , 135L2;68 , 135;2;CSA;;;;;;;;;;;;;;;;;;;;;;;;;;;" 37° 0'53.46""N";"  9° 5'54.27""E";;;;;;
68 , 524L2;68 , 524;2;CSA;;;;;;;;;;;;;;;;;;;;;;;;;;;" 37° 0'47.93""N";"  9° 5'35.84""E";;;;;;
80 , 113L2;80 , 113;2;CSA;;;;;;;;;;;;;;;;;;;;;;;;;;;" 36°57'22.59""N";"  8°59'48.61""E";;;;;;
81 , 248L2;81 , 248;2;CSA;;;;;;;;;;;;;;;;;;;;;;;;;;;"6°57'28.54""N";"8°59'3.53""E";;;;;;
83 , 443L2;83 , 443;2;CSA;;;;;;;;;;;;;;;;;;;;;;;;;;;" 36°57'48.01""N";"  8°57'45.98""E";;;;;;
86 , 496L2;86 , 496;2;CSA;;;;;;;;;;;;;;;;;;;;;;;;;;;" 36°58'0.53""N";"  8°55'49.23""E";;;;;;
87 , 739L2;87 , 739;2;CSA;;;;;;;;;;;;;;;;;;;;;;;;;;;" 36°57'41.20""N";"  8°55'7.26""E";;;;;;
88 , 330L2;88 , 330;2;CSA;;;;;;;;;;;;;;;;;;;;;;;;;;;" 36°57'23.87""N";"  8°54'57.20""E";;;;;;
89 , 413L2;89 , 413;2;CSA;;;;;;;;;;;;;;;;;;;;;;;;;;;" 36°57'5.25""N";"  8°54'21.33""E";;;;;;
90 , 194L2;90 , 194;2;CSA;;;;;;;;;;;;;;;;;;;;;;;;;;;" 36°57'6.77""N";"  8°53'49.60""E";;;;;;
90 , 998L2;90 , 998;2;CSA;;;;;;;;;;;;;;;;;;;;;;;;;;;" 36°57'9.55""N";"  8°53'17.66""E";;;;;;
92 , 158L2;92 , 158;2;CSA;;;;;;;;;;;;;;;;;;;;;;;;;;;" 36°57'18.96""N";"  8°52'32.44""E";;;;;;
94 , 035L2;94 , 035;2;CSA;;;;;;;;;;;;;;;;;;;;;;;;;;;" 36°57'17.61""N";"  8°51'17.78""E";;;;;;
96 , 441L2;96 , 441;2;CSA;;;;;;;;;;;;;;;;;;;;;;;;;;;" 36°57'29.45""N";"  8°49'49.48""E";;;;;;
97 , 053L2;97 , 053;2;CSA;;;;;;;;;;;;;;;;;;;;;;;;;;;" 36°57'34.30""N";"  8°49'18.13""E";;;;;;
99 , 055L2;99 , 055;2;CSA;;;;;;;;;;;;;;;;;;;;;;;;;;;" 36°57'22.88""N";"  8°47'59.33""E";;;;;;
101 , 700L2;101 , 700;2;CSA;;;;;;;;;;;;;;;;;;;;;;;;;;;" 36°57'0.42""N";" 8°46'21.60""E";;;;;;
3 , 829L3;3 , 829;3;CSA;;;;;;;;;;;;;;;;;;;;;;;;;;;" 37° 2'22.08""N";"  9°39'21.42""E";;;;;;
4 , 264L3;4 , 264;3;CSA;;;;;;;;;;;;;;;;;;;;;;;;;;;" 37° 2'19.28""N";"  9°39'2.76""E";;;;;;
4 , 795L3;4 , 795;3;CSA;;;;;;;;;;;;;;;;;;;;;;;;;;;" 37° 2'6.09""N";"  9°38'49.39""E";;;;;;
5 , 249L3;5 , 249;3;CSA;;;;;;;;;;;;;;;;;;;;;;;;;;;" 37° 1'52.21""N";"  9°38'39.47""E";;;;;;
6 , 300L3;6 , 300;3;CSA;;;;;;;;;;;;;;;;;;;;;;;;;;;" 37° 1'21.38""N";"  9°38'21.75""E";;;;;;
8 , 250L3;8 , 250;3;CSA;;;;;;;;;;;;;;;;;;;;;;;;;;;" 37° 0'55.91""N";"  9°37'25.58""E";;;;;;
9 , 030L3;9 , 030;3;CSA;;;;;;;;;;;;;;;;;;;;;;;;;;;" 37° 0'49.77""N";"  9°36'58.38""E";;;;;;
9 , 700L3;9 , 700;3;CSA;;;;;;;;;;;;;;;;;;;;;;;;;;;" 37° 0'34.69""N";"  9°36'39.52""E";;;;;;
10 , 850L3;10 , 850;3;CSA;;;;;;;;;;;;;;;;;;;;;;;;;;;" 37° 0'6.87""N";"  9°36'11.78""E";;;;;;
12 , 500L3;12 , 500;3;CSA;;;;;;;;;;;;;;;;;;;;;;;;;;;" 36°59'43.87""N";"  9°35'12.90""E";;;;;;
13 , 720L3;13 , 720;3;CSA;;;;;;;;;;;;;;;;;;;;;;;;;;;" 36°59'8.94""N";"  9°35'7.01""E";;;;;;
14 , 500L3;14 , 500;3;CSA;;;;;;;;;;;;;;;;;;;;;;;;;;;" 36°58'47.87""N";"  9°34'50.25""E";;;;;;
15 , 450L3;15 , 450;3;CSA;;;;;;;;;;;;;;;;;;;;;;;;;;;" 36°58'25.05""N";"  9°34'23.79""E";;;;;;
16 , 080L3;16 , 080;3;CSA;;;;;;;;;;;;;;;;;;;;;;;;;;;" 36°58'14.85""N";"  9°34'2.21""E";;;;;;
17 , 700L3;17 , 700;3;CSA;;;;;;;;;;;;;;;;;;;;;;;;;;;" 36°57'55.15""N";"  9°33'2.56""E";;;;;;
18 , 520L3;18 , 520;3;CSA;;;;;;;;;;;;;;;;;;;;;;;;;;;" 36°57'40.09""N";"  9°32'36.14""E";;;;;;
19 , 100L3;19 , 100;3;CSA;;;;;;;;;;;;;;;;;;;;;;;;;;;" 36°57'30.54""N";"  9°32'16.10""E";;;;;;
19 , 701L3;19 , 701;3;CSA;;;;;;;;;;;;;;;;;;;;;;;;;;;" 36°57'36.57""N";"  9°31'53.07""E";;;;;;
20 , 217L3;20 , 217;3;CSA;;;;;;;;;;;;;;;;;;;;;;;;;;;" 36°57'43.44""N";"  9°31'36.51""E";;;;;;
23 , 405L3;23 , 405;3;CSA;;;;;;;;;;;;;;;;;;;;;;;;;;;" 36°57'35.48""N";"  9°29'35.13""E";;;;;;
24 , 106L3;24 , 106;3;CSA;;;;;;;;;;;;;;;;;;;;;;;;;;;" 36°57'25.07""N";"  9°29'11.18""E";;;;;;
25 , 291L3;25 , 291;3;CSA;;;;;;;;;;;;;;;;;;;;;;;;;;;" 36°57'11.07""N";"  9°28'26.29""E";;;;;;
26 , 310L3;26 , 310;3;CSA;;;;;;;;;;;;;;;;;;;;;;;;;;;" 36°56'42.14""N";"  9°28'25.78""E";;;;;;
27 , 541L3;27 , 541;3;CSA;;;;;;;;;;;;;;;;;;;;;;;;;;;" 36°56'2.77""N";" 9°28'25.48""E";;;;;;
30 , 015L3;30 , 015;3;CSA;;;;;;;;;;;;;;;;;;;;;;;;;;;" 36°54'54.87""N";"  9°27'29.25""E";;;;;;
31 , 145L3;31 , 145;3;CSA;;;;;;;;;;;;;;;;;;;;;;;;;;;" 36°54'27.59""N";"  9°27'5.37""E";;;;;;
31 , 945L3;31 , 945;3;CSA;;;;;;;;;;;;;;;;;;;;;;;;;;;" 36°54'6.24""N";"  9°26'46.13""E";;;;;;
32 , 524L3;32 , 524;3;CSA;;;;;;;;;;;;;;;;;;;;;;;;;;;" 36°54'2.08""N";"  9°26'45.35""E";;;;;;
33 , 202L3;33 , 202;3;CSA;;;;;;;;;;;;;;;;;;;;;;;;;;;" 36°53'49.16""N";"  9°26'41.61""E";;;;;;
33 , 970L3;33 , 970;3;CSA;;;;;;;;;;;;;;;;;;;;;;;;;;;" 36°53'29.65""N";"  9°26'29.61""E";;;;;;
34 , 869L3;34 , 869;3;CSA;;;;;;;;;;;;;;;;;;;;;;;;;;;" 36°52'45.74""N";"  9°25'50.64""E";;;;;;
36 , 077L3;36 , 077;3;CSA;;;;;;;;;;;;;;;;;;;;;;;;;;;" 36°52'17.84""N";"  9°25'18.82""E";;;;;;
36 , 950L3;36 , 950;3;CSA;;;;;;;;;;;;;;;;;;;;;;;;;;;" 36°52'0.71""N";"  9°24'51.83""E";;;;;;
37 , 904L3;37 , 904;3;CSA;;;;;;;;;;;;;;;;;;;;;;;;;;;" 36°51'41.12""N";"  9°24'23.54""E";;;;;;
38 , 685L3;38 , 685;3;CSA;;;;;;;;;;;;;;;;;;;;;;;;;;;" 36°51'31.44""N";"  9°23'54.52""E";;;;;;
39 , 302L3;39 , 302;3;CSA;;;;;;;;;;;;;;;;;;;;;;;;;;;" 36°51'26.61""N";"  9°23'30.44""E";;;;;;
41 , 415L3;41 , 415;3;CSA;;;;;;;;;;;;;;;;;;;;;;;;;;;" 36°50'36.37""N";"  9°22'54.58""E";;;;;;
42 , 145L3;42 , 145;3;CSA;;;;;;;;;;;;;;;;;;;;;;;;;;;" 36°50'21.34""N";"  9°22'38.31""E";;;;;;
43 , 480L3;43 , 480;3;CSA;;;;;;;;;;;;;;;;;;;;;;;;;;;"36°49'43.97""N";"  9°22'8.08""E";;;;;;
45 , 183L3;45 , 183;3;CSA;;;;;;;;;;;;;;;;;;;;;;;;;;;" 36°49'7.23""N";"  9°21'18.07""E";;;;;;
46 , 523L3;46 , 523;3;CSA;;;;;;;;;;;;;;;;;;;;;;;;;;;" 36°48'33.15""N";"  9°20'46.90""E";;;;;;
48 , 900L3;48 , 900;3;CSA;;;;;;;;;;;;;;;;;;;;;;;;;;;" 36°47'32.46""N";"  9°19'58.70""E";;;;;;
51 , 037L3;51 , 037;3;CSA;;;;;;;;;;;;;;;;;;;;;;;;;;;" 36°47'6.11""N";"  9°18'42.90""E";;;;;;
52 , 294L3;52 , 294;3;CSA;;;;;;;;;;;;;;;;;;;;;;;;;;;" 36°46'46.99""N";"  9°17'43.89""E";;;;;;
00 , 165L4;00 , 165;4;CSA;;;;;;;;;;;;;;;;;;;;;;;;;;;" 37° 9'39.86""N";"  9°45'27.79""E";;;;;;
01 , 189L4;01 , 189;4;CSA;;;;;;;;;;;;;;;;;;;;;;;;;;;" 37° 9'42.19""N";"  9°46'2.38""E";;;;;;
02 , 666L4;02 , 666;4;CSA;;;;;;;;;;;;;;;;;;;;;;;;;;;" 37° 9'21.73""N";"  9°46'55.69""E";;;;;;
03 , 337L4;03 , 337;4;CSA;;;;;;;;;;;;;;;;;;;;;;;;;;;" 37° 9'12.50""N";"  9°47'20.86""E";;;;;;
03 , 776L4;03 , 776;4;CSA;;;;;;;;;;;;;;;;;;;;;;;;;;;" 37° 9'5.66""N";"  9°47'35.90""E";;;;;;
03 , 998L4;03 , 998;4;CSA;;;;;;;;;;;;;;;;;;;;;;;;;;;" 37° 9'2.75""N";"  9°47'43.40""E";;;;;;
12 , 300L5;12 , 300;5;CSA;;;;;;;;;;;;;;;;;;;;;;;;;;;" 36°45'16.26""N";" 10°17'47.21""E";;;;;;
26,728L5;26,728;5;CSA;;;;;;;;;;;;;;;;;;;;;;;;;;;" 36°41'3.65""N";" 10°25'50.61""E";;;;;;
29 , 653L5;29 , 653;5;CSA;;;;;;;;;;;;;;;;;;;;;;;;;;;" 36°39'50.36""N";" 10°27'4.47""E";;;;;;
29 , 827L5;29 , 827;5;CSA;;;;;;;;;;;;;;;;;;;;;;;;;;;" 36°39'45.80""N";" 10°27'8.68""E";;;;;;
32 , 732L5;32 , 732;5;CSA;;;;;;;;;;;;;;;;;;;;;;;;;;;" 36°38'15.21""N";" 10°27'31.76""E";;;;;;
36 , 499L5;36 , 499;5;CSA;;;;;;;;;;;;;;;;;;;;;;;;;;;"36°36'37.96""N";"10°28'49.22""E";;;;;;
40 , 913L5;40 , 913;5;CSA;;;;;;;;;;;;;;;;;;;;;;;;;;;" 36°34'46.19""N";" 10°30'38.01""E";;;;;;
41 , 131L5;41 , 131;5;CSA;;;;;;;;;;;;;;;;;;;;;;;;;;;" 36°34'35.57""N";" 10°30'46.39""E";;;;;;
41 , 473L5;41 , 473;5;CSA;;;;;;;;;;;;;;;;;;;;;;;;;;;" 36°34'30.70""N";" 10°30'49.76""E";;;;;;
42 , 232L5;42 , 232;5;CSA;;;;;;;;;;;;;;;;;;;;;;;;;;;" 36°34'9.78""N";" 10°31'6.00""E";;;;;;
43 , 524L5;43 , 524;5;CSA;;;;;;;;;;;;;;;;;;;;;;;;;;;" 36°33'34.20""N";" 10°31'33.15""E";;;;;;
52,343L5;52,343;5;CSA;;;;;;;;;;;;;;;;;;;;;;;;;;;" 36°29'27.28""N";" 10°34'17.13""E";;;;;;
74 , 735L5;74 , 735;5;CSA;;;;;;;;;;;;;;;;;;;;;;;;;;;" 36°20'1.91""N";" 10°27'48.58""E";;;;;;
76 , 411L5;76 , 411;5;CSA;;;;;;;;;;;;;;;;;;;;;;;;;;;" 36°19'10.13""N";" 10°27'27.80""E";;;;;;
79 , 639L5;79 , 639;5;CSA;;;;;;;;;;;;;;;;;;;;;;;;;;;" 36°17'30.57""N";" 10°26'48.11""E";;;;;;
80 , 048L5;80 , 048;5;CSA;;;;;;;;;;;;;;;;;;;;;;;;;;;" 36°17'17.92""N";" 10°26'42.95""E";;;;;;
80 , 847L5;80 , 847;5;CSA;;;;;;;;;;;;;;;;;;;;;;;;;;;" 36°16'53.22""N";" 10°26'33.09""E";;;;;;
84 , 508L5;84 , 508;5;CSA;;;;;;;;;;;;;;;;;;;;;;;;;;;" 36°14'58.68""N";" 10°25'56.12""E";;;;;;
92,762L5;92,762;5;CSA;;;;;;;;;;;;;;;;;;;;;;;;;;;" 36°10'36.46""N";" 10°25'13.54""E";;;;;;
94 , 932L5;94 , 932;5;CSA;;;;;;;;;;;;;;;;;;;;;;;;;;;" 36° 9'34.13""N";" 10°24'42.19""E";;;;;;
95 , 550L5;95 , 550;5;CSA;;;;;;;;;;;;;;;;;;;;;;;;;;;" 36° 9'19.98""N";" 10°24'24.78""E";;;;;;
97 , 480L5;97 , 480;5;CSA;;;;;;;;;;;;;;;;;;;;;;;;;;;" 36° 8'35.80""N";" 10°23'30.35""E";;;;;;
107 , 600L5;107 , 600;5;CSA;;;;;;;;;;;;;;;;;;;;;;;;;;;" 36° 3'21.18""N";" 10°22'10.42""E";;;;;;
111 , 501L5;111 , 501;5;CSA;;;;;;;;;;;;;;;;;;;;;;;;;;;" 36° 1'13.60""N";" 10°22'11.17""E";;;;;;
114 , 935L5;114 , 935;5;CSA;;;;;;;;;;;;;;;;;;;;;;;;;;;" 35°59'43.89""N";" 10°23'31.39""E";;;;;;
115 , 897L5;115 , 897;5;CSA;;;;;;;;;;;;;;;;;;;;;;;;;;;" 35°59'18.85""N";" 10°23'55.29""E";;;;;;
116 , 687L5;116 , 687;5;CSA;;;;;;;;;;;;;;;;;;;;;;;;;;;" 35°58'59.08""N";" 10°24'15.16""E";;;;;;
118 , 900L5;118 , 900;5;CSA;;;;;;;;;;;;;;;;;;;;;;;;;;;" 35°58'15.09""N";" 10°25'28.22""E";;;;;;
123 , 438L5;123 , 438;5;CSA;;;;;;;;;;;;;;;;;;;;;;;;;;;" 35°56'42.26""N";" 10°27'43.96""E";;;;;;
125 , 030L5;125 , 030;5;CSA;;;;;;;;;;;;;;;;;;;;;;;;;;;" 35°56'20.96""N";" 10°28'41.64""E";;;;;;
129 , 164L5;129 , 164;5;CSA;;;;;;;;;;;;;;;;;;;;;;;;;;;" 35°55'2.79""N";" 10°30'49.47""E";;;;;;
130 , 074L5;130 , 074;5;CSA;;;;;;;;;;;;;;;;;;;;;;;;;;;" 35°54'43.24""N";" 10°31'16.69""E";;;;;;
132 , 030L5;132 , 030;5;CSA;;;;;;;;;;;;;;;;;;;;;;;;;;;" 35°53'45.64""N";" 10°31'39.74""E";;;;;;
133 , 894L5;133 , 894;5;CSA;;;;;;;;;;;;;;;;;;;;;;;;;;;" 35°53'3.56""N";" 10°32'30.06""E";;;;;;
134 , 470L5;134 , 470;5;CSA;;;;;;;;;;;;;;;;;;;;;;;;;;;" 35°52'48.62""N";" 10°32'42.67""E";;;;;;
137 , 261L5;137 , 261;5;CSA;;;;;;;;;;;;;;;;;;;;;;;;;;;" 35°51'34.95""N";" 10°33'42.60""E";;;;;;
139 , 518L5;139 , 518;5;CSA;;;;;;;;;;;;;;;;;;;;;;;;;;;" 35°50'24.79""N";" 10°34'1.73""E";;;;;;
154 , 920L5;154 , 920;5;CSA;;;;;;;;;;;;;;;;;;;;;;;;;;;" 35°42'51.47""N";" 10°35'55.13""E";;;;;;
155 , 380L5;155 , 380;5;CSA;;;;;;;;;;;;;;;;;;;;;;;;;;;" 35°42'36.86""N";" 10°35'58.60""E";;;;;;
156 , 452L5;156 , 452;5;CSA;;;;;;;;;;;;;;;;;;;;;;;;;;;" 35°42'2.68""N";" 10°36'6.98""E";;;;;;
157 , 730L5;157 , 730;5;CSA;;;;;;;;;;;;;;;;;;;;;;;;;;;" 35°41'21.78""N";" 10°36'17.01""E";;;;;;
158 , 519L5;158 , 519;5;CSA;;;;;;;;;;;;;;;;;;;;;;;;;;;" 35°40'56.78""N";" 10°36'23.13""E";;;;;;
161 , 152L5;161 , 152;5;CSA;;;;;;;;;;;;;;;;;;;;;;;;;;;" 35°39'33.35""N";" 10°36'45.09""E";;;;;;
165 , 259L5;165 , 259;5;CSA;;;;;;;;;;;;;;;;;;;;;;;;;;;" 35°37'30.46""N";" 10°37'38.29""E";;;;;;
166 , 711L5;166 , 711;5;CSA;;;;;;;;;;;;;;;;;;;;;;;;;;;" 35°36'45.48""N";" 10°37'38.34""E";;;;;;
167 , 731L5;167 , 731;5;CSA;;;;;;;;;;;;;;;;;;;;;;;;;;;" 35°36'12.86""N";" 10°37'36.12""E";;;;;;
169 , 820L5;169 , 820;5;CSA;;;;;;;;;;;;;;;;;;;;;;;;;;;" 35°35'7.78""N";" 10°37'49.88""E";;;;;;
172 , 951L5;172 , 951;5;CSA;;;;;;;;;;;;;;;;;;;;;;;;;;;" 35°33'31.99""N";" 10°38'34.91""E";;;;;;
174,027L5;174,027;5;CSA;;;;;;;;;;;;;;;;;;;;;;;;;;;" 35°32'59.37""N";"10°38'42.97""E";;;;;;
176 , 859L5;176 , 859;5;CSA;;;;;;;;;;;;;;;;;;;;;;;;;;;" 35°31'31.00""N";"10°38'52.50""E";;;;;;
178 , 076L5;178 , 076;5;CSA;;;;;;;;;;;;;;;;;;;;;;;;;;;" 35°30'52.33""N";" 10°38'50.11""E";;;;;;
178 , 871L5;178 , 871;5;CSA;;;;;;;;;;;;;;;;;;;;;;;;;;;" 35°30'26.99""N";" 10°38'54.83""E";;;;;;
180 , 832L5;180 , 832;5;CSA;;;;;;;;;;;;;;;;;;;;;;;;;;;" 35°29'23.29""N";" 10°38'59.52""E";;;;;;
183 , 878L5;183 , 878;5;CSA;;;;;;;;;;;;;;;;;;;;;;;;;;;" 35°27'55.64""N";" 10°39'44.56""E";;;;;;
184 , 482L5;184 , 482;5;CSA;;;;;;;;;;;;;;;;;;;;;;;;;;;" 35°27'40.12""N";" 10°39'59.24""E";;;;;;
187 , 032L5;187 , 032;5;CSA;;;;;;;;;;;;;;;;;;;;;;;;;;;" 35°26'36.71""N";" 10°40'59.83""E";;;;;;
191 , 162L5;191 , 162;5;CSA;;;;;;;;;;;;;;;;;;;;;;;;;;;" 35°24'58.66""N";" 10°42'44.33""E";;;;;;
193 , 732L5;193 , 732;5;CSA;;;;;;;;;;;;;;;;;;;;;;;;;;;" 35°23'41.00""N";" 10°43'21.83""E";;;;;;
195 , 081L5;195 , 081;5;CSA;;;;;;;;;;;;;;;;;;;;;;;;;;;" 35°23'0.32""N";" 10°43'41.33""E";;;;;;
197 , 233L5;197 , 233;5;CSA;;;;;;;;;;;;;;;;;;;;;;;;;;;" 35°21'54.65""N";" 10°44'0.78""E";;;;;;
198 , 586L5;198 , 586;5;CSA;;;;;;;;;;;;;;;;;;;;;;;;;;;" 35°21'11.58""N";" 10°43'52.43""E";;;;;;
199 , 893L5;199 , 893;5;CSA;;;;;;;;;;;;;;;;;;;;;;;;;;;" 35°20'29.66""N";" 10°43'46.08""E";;;;;;
202 , 516L5;202 , 516;5;CSA;;;;;;;;;;;;;;;;;;;;;;;;;;;" 35°19'9.49""N";" 10°43'13.09""E";;;;;;
207 , 314L5;207 , 314;5;CSA;;;;;;;;;;;;;;;;;;;;;;;;;;;" 35°16'44.62""N";" 10°42'16.03""E";;;;;;
208 , 782L5;208 , 782;5;CSA;;;;;;;;;;;;;;;;;;;;;;;;;;;" 35°15'57.67""N";" 10°42'9.16""E";;;;;;
210 , 633L5;210 , 633;5;CSA;;;;;;;;;;;;;;;;;;;;;;;;;;;" 35°14'58.23""N";" 10°42'19.53""E";;;;;;
212 , 651L5;212 , 651;5;CSA;;;;;;;;;;;;;;;;;;;;;;;;;;;" 35°13'54.30""N";" 10°42'36.83""E";;;;;;
214 , 143L5;214 , 143;5;CSA;;;;;;;;;;;;;;;;;;;;;;;;;;;" 35°13'6.31""N";" 10°42'42.47""E";;;;;;
215 , 010L5;215 , 010;5;CSA;;;;;;;;;;;;;;;;;;;;;;;;;;;" 35°12'38.20""N";" 10°42'42.66""E";;;;;;
217 , 060L5;217 , 060;5;CSA;;;;;;;;;;;;;;;;;;;;;;;;;;;" 35°11'32.99""N";" 10°42'37.84""E";;;;;;
224 , 101L5;224 , 101;5;CSA;;;;;;;;;;;;;;;;;;;;;;;;;;;" 35° 7'55.37""N";" 10°43'49.96""E";;;;;;
225 , 137L5;225 , 137;5;CSA;;;;;;;;;;;;;;;;;;;;;;;;;;;" 35° 7'22.12""N";" 10°43'58.83""E";;;;;;
226 , 490L5;226 , 490;5;CSA;;;;;;;;;;;;;;;;;;;;;;;;;;;" 35° 6'39.15""N";" 10°44'9.80""E";;;;;;
227 , 195L5;227 , 195;5;CSA;;;;;;;;;;;;;;;;;;;;;;;;;;;" 35° 6'20.11""N";" 10°44'24.21""E";;;;;;
229 , 185L5;229 , 185;5;CSA;;;;;;;;;;;;;;;;;;;;;;;;;;;" 35° 5'17.48""N";" 10°44'12.01""E";;;;;;
230 , 423L5;230 , 423;5;CSA;;;;;;;;;;;;;;;;;;;;;;;;;;;"35° 4'37.51""N";" 10°44'6.77""E";;;;;;
231 , 937L5;231 , 937;5;CSA;;;;;;;;;;;;;;;;;;;;;;;;;;;" 35° 3'48.57""N";" 10°44'0.50""E";;;;;;
232 , 639L5;232 , 639;5;CSA;;;;;;;;;;;;;;;;;;;;;;;;;;;" 35° 3'25.95""N";" 10°43'59.09""E";;;;;;
234,012L5;234,012;5;CSA;;;;;;;;;;;;;;;;;;;;;;;;;;;" 35° 2'42.99""N";" 10°44'14.56""E";;;;;;
236 , 985L5;236 , 985;5;CSA;;;;;;;;;;;;;;;;;;;;;;;;;;;" 35° 1'17.13""N";" 10°45'7.37""E";;;;;;
238,292L5;238,292;5;CSA;;;;;;;;;;;;;;;;;;;;;;;;;;;" 35° 0'37.48""N";" 10°45'23.96""E";;;;;;
239,529L5;239,529;5;CSA;;;;;;;;;;;;;;;;;;;;;;;;;;;" 34°59'58.09""N";" 10°45'25.03""E";;;;;;
243,859L5;243,859;5;CSA;;;;;;;;;;;;;;;;;;;;;;;;;;;" 34°57'40.80""N";" 10°45'53.51""E";;;;;;
245 , 631L5;245 , 631;5;CSA;;;;;;;;;;;;;;;;;;;;;;;;;;;" 34°56'43.19""N";" 10°45'53.74""E";;;;;;
247 , 217L5;247 , 217;5;CSA;;;;;;;;;;;;;;;;;;;;;;;;;;;" 34°55'51.88""N";" 10°45'55.20""E";;;;;;
249 , 479L5;249 , 479;5;CSA;;;;;;;;;;;;;;;;;;;;;;;;;;;" 34°54'38.78""N";" 10°46'3.67""E";;;;;;
252 , 426L5;252 , 426;5;CSA;;;;;;;;;;;;;;;;;;;;;;;;;;;" 34°53'3.52""N";" 10°46'14.60""E";;;;;;
255 , 460L5;255 , 460;5;CSA;;;;;;;;;;;;;;;;;;;;;;;;;;;" 34°51'26.86""N";" 10°46'2.07""E";;;;;;
279,000L5;279;5;CSA;;;;;;;;;;;;;;;;;;;;;;;;;;;" 34°41'3.44""N";" 10°41'36.82""E";;;;;;
281 , 960L5;281 , 960;5;CSA;;;;;;;;;;;;;;;;;;;;;;;;;;;" 34°39'45.76""N";" 10°40'26.39""E";;;;;;
282 , 150L5;282 , 150;5;CSA;;;;;;;;;;;;;;;;;;;;;;;;;;;" 34°39'41.71""N";" 10°40'21.72""E";;;;;;
283 , 300L5;283 , 300;5;CSA;;;;;;;;;;;;;;;;;;;;;;;;;;;"34°39'11.45""N";" 10°39'47.35""E";;;;;;
284 , 750L5;284 , 750;5;CSA;;;;;;;;;;;;;;;;;;;;;;;;;;;" 34°38'37.15""N";" 10°39'22.77""E";;;;;;
285 , 150L5;285 , 150;5;CSA;;;;;;;;;;;;;;;;;;;;;;;;;;;" 34°38'25.85""N";" 10°39'11.89""E";;;;;;
285 , 950L5;285 , 950;5;CSA;;;;;;;;;;;;;;;;;;;;;;;;;;;" 34°38'6.10""N";" 10°38'49.49""E";;;;;;
286 , 950L5;286 , 950;5;CSA;;;;;;;;;;;;;;;;;;;;;;;;;;;" 34°37'41.78""N";" 10°38'23.69""E";;;;;;
288 , 080L5;288 , 080;5;CSA;;;;;;;;;;;;;;;;;;;;;;;;;;;" 34°37'18.78""N";"10°37'49.29""E";;;;;;
293 , 900L5;293 , 900;5;CSA;;;;;;;;;;;;;;;;;;;;;;;;;;;" 34°34'59.93""N";" 10°35'17.28""E";;;;;;
294 , 200L5;294 , 200;5;CSA;;;;;;;;;;;;;;;;;;;;;;;;;;;" 34°34'51.35""N";" 10°35'8.90""E";;;;;;
296 , 504L5;296 , 504;5;CSA;;;;;;;;;;;;;;;;;;;;;;;;;;;" 34°34'0.35""N";" 10°34'5.09""E";;;;;;
298 , 945L5;298 , 945;5;CSA;;;;;;;;;;;;;;;;;;;;;;;;;;;" 34°33'12.91""N";" 10°32'49.64""E";;;;;;
304 , 900L5;304 , 900;5;CSA;;;;;;;;;;;;;;;;;;;;;;;;;;;" 34°31'29.61""N";" 10°29'40.10""E";;;;;;
306 , 170L5;306 , 170;5;CSA;;;;;;;;;;;;;;;;;;;;;;;;;;;" 34°31'15.09""N";" 10°28'54.48""E";;;;;;
314 , 020L5;314 , 020;5;CSA;;;;;;;;;;;;;;;;;;;;;;;;;;;" 34°31'2.45""N";" 10°23'50.37""E";;;;;;
315 , 420L5;315 , 420;5;CSA;;;;;;;;;;;;;;;;;;;;;;;;;;;" 34°31'0.77""N";" 10°22'54.95""E";;;;;;
322 , 300L5;322 , 300;5;CSA;;;;;;;;;;;;;;;;;;;;;;;;;;;" 34°30'47.02""N";" 10°18'27.97""E";;;;;;
323 , 950L5;323 , 950;5;CSA;;;;;;;;;;;;;;;;;;;;;;;;;;;" 34°30'40.37""N";" 10°17'22.98""E";;;;;;
325 , 838L5;325 , 838;5;CSA;;;;;;;;;;;;;;;;;;;;;;;;;;;" 34°30'33.84""N";" 10°16'9.06""E";;;;;;
327 , 471L5;327 , 471;5;CSA;;;;;;;;;;;;;;;;;;;;;;;;;;;" 34°30'23.62""N";" 10°15'2.55""E";;;;;;
332 , 050L5;332 , 050;5;CSA;;;;;;;;;;;;;;;;;;;;;;;;;;;" 34°29'50.77""N";" 10°12'11.64""E";;;;;;
333 , 700L5;333 , 700;5;CSA;;;;;;;;;;;;;;;;;;;;;;;;;;;" 34°29'1.98""N";" 10°11'41.03""E";;;;;;
339 , 495L5;339 , 495;5;CSA;;;;;;;;;;;;;;;;;;;;;;;;;;;" 34°26'9.60""N";" 10°10'11.94""E";;;;;;
341 , 050L5;341 , 050;5;CSA;;;;;;;;;;;;;;;;;;;;;;;;;;;" 34°25'23.72""N";" 10° 9'50.95""E";;;;;;
343,375L5;343,375;5;CSA;;;;;;;;;;;;;;;;;;;;;;;;;;;" 34°24'28.42""N";" 10° 8'46.24""E";;;;;;
345,150L5;345,15;5;CSA;;;;;;;;;;;;;;;;;;;;;;;;;;;" 34°23'49.34""N";" 10° 7'57.55""E";;;;;;
346 , 575L5;346 , 575;5;CSA;;;;;;;;;;;;;;;;;;;;;;;;;;;" 34°23'12.83""N";" 10° 7'20.67""E";;;;;;
350 , 708L5;350 , 708;5;CSA;;;;;;;;;;;;;;;;;;;;;;;;;;;" 34°21'14.49""N";" 10° 6'7.26""E";;;;;;
354,033L5;354,033;5;CSA;;;;;;;;;;;;;;;;;;;;;;;;;;;" 34°19'38.38""N";" 10° 5'7.77""E";;;;;;
355,811L5;355,811;5;CSA;;;;;;;;;;;;;;;;;;;;;;;;;;;" 34°18'46.96""N";" 10° 4'36.15""E";;;;;;
361 , 483L5;361 , 483;5;CSA;;;;;;;;;;;;;;;;;;;;;;;;;;;" 34°16'3.17""N";" 10° 2'55.22""E";;;;;;
365 , 202L5;365 , 202;5;CSA;;;;;;;;;;;;;;;;;;;;;;;;;;;" 34°14'29.07""N";" 10° 1'27.32""E";;;;;;
369 , 612L5;369 , 612;5;CSA;;;;;;;;;;;;;;;;;;;;;;;;;;;" 34°12'50.26""N";"  9°59'23.88""E";;;;;;
371 , 800L5;371 , 800;5;CSA;;;;;;;;;;;;;;;;;;;;;;;;;;;" 34°11'41.45""N";"  9°59'14.03""E";;;;;;
373 , 250L5;373 , 250;5;CSA;;;;;;;;;;;;;;;;;;;;;;;;;;;" 34°10'51.81""N";"  9°59'11.25""E";;;;;;
376 , 057L5;376 , 057;5;CSA;;;;;;;;;;;;;;;;;;;;;;;;;;;" 34° 9'22.13""N";"  9°59'5.87""E";;;;;;
378 , 627L5;378 , 627;5;CSA;;;;;;;;;;;;;;;;;;;;;;;;;;;" 34° 7'58.78""N";"  9°59'0.93""E";;;;;;
381,072L5;381,072;5;CSA;;;;;;;;;;;;;;;;;;;;;;;;;;;" 34° 6'39.63""N";"  9°58'56.18""E";;;;;;
381 , 400L5;381 , 400;5;CSA;;;;;;;;;;;;;;;;;;;;;;;;;;;" 34° 6'25.41""N";"  9°58'55.48""E";;;;;;
389 , 424L5;389 , 424;5;CSA;;;;;;;;;;;;;;;;;;;;;;;;;;;" 34° 2'10.29""N";"  9°59'22.18""E";;;;;;
390 , 659L5;390 , 659;5;CSA;;;;;;;;;;;;;;;;;;;;;;;;;;;" 34° 1'30.88""N";"  9°59'29.95""E";;;;;;
392 , 258L5;392 , 258;5;CSA;;;;;;;;;;;;;;;;;;;;;;;;;;;" 34° 0'39.26""N";"  9°59'36.58""E";;;;;;
399 , 652L5;399 , 652;5;CSA;;;;;;;;;;;;;;;;;;;;;;;;;;;" 33°57'22.72""N";" 10° 2'2.95""E";;;;;;
401 , 358L5;401 , 358;5;CSA;;;;;;;;;;;;;;;;;;;;;;;;;;;" 33°56'47.82""N";" 10° 2'54.22""E";;;;;;
402 , 448L5;402 , 448;5;CSA;;;;;;;;;;;;;;;;;;;;;;;;;;;" 33°56'25.73""N";" 10° 3'27.86""E";;;;;;
411 , 026L5;411 , 026;5;CSA;;;;;;;;;;;;;;;;;;;;;;;;;;;" 33°53'41.85""N";" 10° 6'34.98""E";;;;;;
12 , 750L6;12 , 750;6;CSA;;;;;;;;;;;;;;;;;;;;;;;;;;;" 36°41'52.56""N";" 10°13'46.78""E";;;;;;
13 , 250L6;13 , 250;6;CSA;;;;;;;;;;;;;;;;;;;;;;;;;;;" 36°41'38.62""N";" 10°13'38.48""E";;;;;;
13 , 991L6;13 , 991;6;CSA;;;;;;;;;;;;;;;;;;;;;;;;;;;" 36°41'20.31""N";" 10°13'27.93""E";;;;;;
14 , 311L6;14 , 311;6;CSA;;;;;;;;;;;;;;;;;;;;;;;;;;;" 36°41'5.61""N";" 10°13'19.23""E";;;;;;
15 , 106L6;15 , 106;6;CSA;;;;;;;;;;;;;;;;;;;;;;;;;;;" 36°40'42.14""N";" 10°13'5.27""E";;;;;;
15 , 507L6;15 , 507;6;CSA;;;;;;;;;;;;;;;;;;;;;;;;;;;" 36°40'30.40""N";" 10°12'58.49""E";;;;;;
15 , 657L6;15 , 657;6;CSA;;;;;;;;;;;;;;;;;;;;;;;;;;;" 36°40'26.15""N";" 10°12'55.92""E";;;;;;
15 , 713L6;15 , 713;6;CSA;;;;;;;;;;;;;;;;;;;;;;;;;;;" 36°40'24.43""N";" 10°12'54.85""E";;;;;;
16 , 207L6;16 , 207;6;CSA;;;;;;;;;;;;;;;;;;;;;;;;;;;" 36°40'10.78""N";" 10°12'44.52""E";;;;;;
16 , 758L6;16 , 758;6;CSA;;;;;;;;;;;;;;;;;;;;;;;;;;;" 36°39'55.94""N";" 10°12'32.12""E";;;;;;
17 , 600L6;17 , 600;6;CSA;;;;;;;;;;;;;;;;;;;;;;;;;;;" 36°39'31.08""N";" 10°12'11.69""E";;;;;;
18,385L6;18,385;6;CSA;;;;;;;;;;;;;;;;;;;;;;;;;;;" 36°39'10.89""N";" 10°11'57.79""E";;;;;;
18,795L6;18,795;6;CSA;;;;;;;;;;;;;;;;;;;;;;;;;;;" 36°38'58.90""N";" 10°11'56.85""E";;;;;;
19,855L6;19,855;6;CSA;;;;;;;;;;;;;;;;;;;;;;;;;;;" 36°38'37.12""N";" 10°11'23.80""E";;;;;;
21 , 500L6;21 , 500;6;CSA;;;;;;;;;;;;;;;;;;;;;;;;;;;" 36°38'6.04""N";" 10°10'29.22""E";;;;;;
22 , 850L6;22 , 850;6;CSA;;;;;;;;;;;;;;;;;;;;;;;;;;;" 36°37'41.86""N";" 10° 9'42.41""E";;;;;;
24 , 103L6;24 , 103;6;CSA;;;;;;;;;;;;;;;;;;;;;;;;;;;" 36°37'28.52""N";" 10° 8'53.79""E";;;;;;
25 , 771L6;25 , 771;6;CSA;;;;;;;;;;;;;;;;;;;;;;;;;;;" 36°36'56.98""N";" 10° 8'4.27""E";;;;;;
28 , 126L6;28 , 126;6;CSA;;;;;;;;;;;;;;;;;;;;;;;;;;;" 36°36'3.10""N";" 10° 6'57.29""E";;;;;;
29 , 300L6;29 , 300;6;CSA;;;;;;;;;;;;;;;;;;;;;;;;;;;" 36°35'35.96""N";" 10° 6'23.66""E";;;;;;
30 , 390L6;30 , 390;6;CSA;;;;;;;;;;;;;;;;;;;;;;;;;;;" 36°35'11.17""N";" 10° 5'52.49""E";;;;;;
32 , 030L6;32 , 030;6;CSA;;;;;;;;;;;;;;;;;;;;;;;;;;;" 36°34'33.63""N";" 10° 5'5.85""E";;;;;;
45 , 762L6;45 , 762;6;CSA;;;;;;;;;;;;;;;;;;;;;;;;;;;" 36°28'53.44""N";" 10° 1'32.66""E";;;;;;
48 , 474L6;48 , 474;6;CSA;;;;;;;;;;;;;;;;;;;;;;;;;;;" 36°27'32.56""N";" 10° 1'24.90""E";;;;;;
49 , 570L6;49 , 570;6;CSA;;;;;;;;;;;;;;;;;;;;;;;;;;;" 36°27'2.28""N";" 10° 1'6.12""E";;;;;;
52 , 084L6;52 , 084;6;CSA;;;;;;;;;;;;;;;;;;;;;;;;;;;" 36°25'57.76""N";" 10° 0'3.31""E";;;;;;
54 , 160L6;54 , 160;6;CSA;;;;;;;;;;;;;;;;;;;;;;;;;;;" 36°25'10.18""N";"  9°59'4.34""E";;;;;;
57 , 330L6;57 , 330;6;CSA;;;;;;;;;;;;;;;;;;;;;;;;;;;" 36°24'11.47""N";"  9°57'21.58""E";;;;;;
58 , 570L6;58 , 570;6;CSA;;;;;;;;;;;;;;;;;;;;;;;;;;;" 36°23'39.35""N";"  9°56'52.24""E";;;;;;
59 , 830L6;59 , 830;6;CSA;;;;;;;;;;;;;;;;;;;;;;;;;;;" 36°23'29.85""N";"  9°56'4.28""E";;;;;;
60 , 320L6;60 , 320;6;CSA;;;;;;;;;;;;;;;;;;;;;;;;;;;" 36°23'28.38""N";"  9°55'46.96""E";;;;;;
60 , 380L6;60 , 380;6;CSA;;;;;;;;;;;;;;;;;;;;;;;;;;;n'existe pas;;;;;;;
61 , 125L6;61 , 125;6;CSA;;;;;;;;;;;;;;;;;;;;;;;;;;;" 36°23'15.74""N";"  9°55'15.81""E";;;;;;
63 , 565L6;63 , 565;6;CSA;;;;;;;;;;;;;;;;;;;;;;;;;;;" 36°22'28.15""N";"  9°53'59.06""E";;;;;;
64,623L6;64,623;6;CSA;;;;;;;;;;;;;;;;;;;;;;;;;;;" 36°22'18.13""N";"  9°53'19.50""E";;;;;;
67 , 570L6;67 , 570;6;CSA;;;;;;;;;;;;;;;;;;;;;;;;;;;" 36°21'39.42""N";"  9°51'31.30""E";;;;;;
68,020L6;68,02;6;CSA;;;;;;;;;;;;;;;;;;;;;;;;;;;" 36°21'32.74""N";"  9°51'15.03""E";;;;;;
70,010L6;70,01;6;CSA;;;;;;;;;;;;;;;;;;;;;;;;;;;" 36°21'25.80""N";"  9°49'55.45""E";;;;;;
72,300L6;72,3;6;CSA;;;;;;;;;;;;;;;;;;;;;;;;;;;" 36°21'21.72""N";"  9°48'22.99""E";;;;;;
74,560L6;74,56;6;CSA;;;;;;;;;;;;;;;;;;;;;;;;;;;" 36°21'20.98""N";"  9°46'51.78""E";;;;;;
76 , 945L6;76 , 945;6;CSA;;;;;;;;;;;;;;;;;;;;;;;;;;;" 36°21'20.33""N";"  9°45'15.64""E";;;;;;
78 , 960L6;78 , 960;6;CSA;;;;;;;;;;;;;;;;;;;;;;;;;;;" 36°21'19.63""N";"  9°43'54.58""E";;;;;;
79 , 830L6;79 , 830;6;CSA;;;;;;;;;;;;;;;;;;;;;;;;;;;" 36°21'19.24""N";"  9°43'19.23""E";;;;;;
81 , 060L6;81 , 060;6;CSA;;;;;;;;;;;;;;;;;;;;;;;;;;;" 36°21'20.15""N";"  9°42'30.31""E";;;;;;
82 , 970L6;82 , 970;6;CSA;;;;;;;;;;;;;;;;;;;;;;;;;;;" 36°21'23.30""N";"  9°41'13.12""E";;;;;;
83 , 480L6;83 , 480;6;CSA;;;;;;;;;;;;;;;;;;;;;;;;;;;" 36°21'23.93""N";"  9°40'52.58""E";;;;;;
86 , 050L6;86 , 050;6;CSA;;;;;;;;;;;;;;;;;;;;;;;;;;;" 36°21'18.35""N";"  9°39'9.99""E";;;;;;
86 , 850L6;86 , 850;6;CSA;;;;;;;;;;;;;;;;;;;;;;;;;;;" 36°21'17.27""N";"  9°38'38.35""E";;;;;;
87 , 590L6;87 , 590;6;CSA;;;;;;;;;;;;;;;;;;;;;;;;;;;" 36°21'16.88""N";"  9°38'9.15""E";;;;;;
89 , 360L6;89 , 360;6;CSA;;;;;;;;;;;;;;;;;;;;;;;;;;;" 36°21'40.12""N";"  9°37'5.22""E";;;;;;
90 , 880L6;90 , 880;6;CSA;;;;;;;;;;;;;;;;;;;;;;;;;;;"36°21'55.85""N";"  9°36'7.40""E";;;;;;
91 , 760L6;91 , 760;6;CSA;;;;;;;;;;;;;;;;;;;;;;;;;;;" 36°22'1.38""N";"  9°35'32.01""E";;;;;;
94 , 790L6;94 , 790;6;CSA;;;;;;;;;;;;;;;;;;;;;;;;;;;" 36°22'16.55""N";"  9°33'32.46""E";;;;;;
95 , 790L6;95 , 790;6;CSA;;;;;;;;;;;;;;;;;;;;;;;;;;;" 36°22'21.52""N";"  9°32'52.11""E";;;;;;
99 , 400L6;99 , 400;6;CSA;;;;;;;;;;;;;;;;;;;;;;;;;;;" 36°22'33.72""N";"  9°30'27.87""E";;;;;;
100 , 600L6;100 , 600;6;CSA;;;;;;;;;;;;;;;;;;;;;;;;;;;" 36°22'36.67""N";"  9°29'40.61""E";;;;;;
102 , 050L6;102 , 050;6;CSA;;;;;;;;;;;;;;;;;;;;;;;;;;;"36°22'40.66""N";"  9°28'42.05""E";;;;;;
102 , 690L6;102 , 690;6;CSA;;;;;;;;;;;;;;;;;;;;;;;;;;;" 36°22'42.93""N";"  9°28'16.58""E";;;;;;
106 , 820L6;106 , 820;6;CSA;;;;;;;;;;;;;;;;;;;;;;;;;;;" 36°22'44.48""N";"  9°25'38.71""E";;;;;;
107 , 520L6;107 , 520;6;CSA;;;;;;;;;;;;;;;;;;;;;;;;;;;" 36°22'31.93""N";"  9°25'15.18""E";;;;;;
108 , 700L6;108 , 700;6;CSA;;;;;;;;;;;;;;;;;;;;;;;;;;;" 36°22'2.41""N";"  9°24'47.30""E";;;;;;
110 , 080L6;110 , 080;6;CSA;;;;;;;;;;;;;;;;;;;;;;;;;;;" 36°21'31.52""N";"  9°24'8.10""E";;;;;;
111 , 230L6;111 , 230;6;CSA;;;;;;;;;;;;;;;;;;;;;;;;;;;" 36°21'4.99""N";"  9°23'37.01""E";;;;;;
113 , 700L6;113 , 700;6;CSA;;;;;;;;;;;;;;;;;;;;;;;;;;;" 36°20'26.31""N";"  9°22'13.68""E";;;;;;
116 , 710L6;116 , 710;6;CSA;;;;;;;;;;;;;;;;;;;;;;;;;;;" 36°20'15.82""N";"  9°20'22.59""E";;;;;;
118 , 080L6;118 , 080;6;CSA;;;;;;;;;;;;;;;;;;;;;;;;;;;" 36°19'42.26""N";"  9°19'49.15""E";;;;;;
119,620L6;119,62;6;CSA;;;;;;;;;;;;;;;;;;;;;;;;;;;" 36°18'54.36""N";"  9°19'24.83""E";;;;;;
120 , 310L6;120 , 310;6;CSA;;;;;;;;;;;;;;;;;;;;;;;;;;;" 36°18'34.43""N";"  9°19'12.66""E";;;;;;
121 , 750L6;121 , 750;6;CSA;;;;;;;;;;;;;;;;;;;;;;;;;;;" 36°17'52.81""N";"  9°18'50.08""E";;;;;;
122 , 470L6;122 , 470;6;CSA;;;;;;;;;;;;;;;;;;;;;;;;;;;" 36°17'32.26""N";"  9°18'36.35""E";;;;;;
123 , 950L6;123 , 950;6;CSA;;;;;;;;;;;;;;;;;;;;;;;;;;;" 36°16'53.05""N";"  9°18'6.90""E";;;;;;
125 , 300L6;125 , 300;6;CSA;;;;;;;;;;;;;;;;;;;;;;;;;;;" 36°16'26.27""N";"  9°17'26.05""E";;;;;;
130 , 250L6;130 , 250;6;CSA;;;;;;;;;;;;;;;;;;;;;;;;;;;" 36°15'9.26""N";"  9°14'53.31""E";;;;;;
132 , 300L6;132 , 300;6;CSA;;;;;;;;;;;;;;;;;;;;;;;;;;;" 36°15'7.14""N";"  9°13'36.25""E";;;;;;
134 , 750L6;134 , 750;6;CSA;;;;;;;;;;;;;;;;;;;;;;;;;;;" 36°15'2.18""N";"  9°12'5.26""E";;;;;;
135 , 550L6;135 , 550;6;CSA;;;;;;;;;;;;;;;;;;;;;;;;;;;" 36°15'12.38""N";"  9°11'35.41""E";;;;;;
137 , 000L6;137 , 000;6;CSA;;;;;;;;;;;;;;;;;;;;;;;;;;;" 36°15'6.61""N";"  9°10'50.42""E";;;;;;
137 , 980L6;137 , 980;6;CSA;;;;;;;;;;;;;;;;;;;;;;;;;;;" 36°14'49.00""N";"  9°10'48.51""E";;;;;;
138 , 650L6;138 , 650;6;CSA;;;;;;;;;;;;;;;;;;;;;;;;;;;" 36°14'30.44""N";"  9°10'35.74""E";;;;;;
139 , 580L6;139 , 580;6;CSA;;;;;;;;;;;;;;;;;;;;;;;;;;;" 36°14'7.63""N";"  9°10'12.48""E";;;;;;
141 , 560L6;141 , 560;6;CSA;;;;;;;;;;;;;;;;;;;;;;;;;;;" 36°13'16.72""N";"  9° 9'22.46""E";;;;;;
142 , 720L6;142 , 720;6;CSA;;;;;;;;;;;;;;;;;;;;;;;;;;;" 36°12'53.38""N";"  9° 8'46.57""E";;;;;;
143 , 700L6;143 , 700;6;CSA;;;;;;;;;;;;;;;;;;;;;;;;;;;" 36°12'26.27""N";"  9° 8'26.71""E";;;;;;
145 , 610L6;145 , 610;6;CSA;;;;;;;;;;;;;;;;;;;;;;;;;;;" 36°11'28.38""N";"  9° 7'58.21""E";;;;;;
145 , 950L6;145 , 950;6;CSA;;;;;;;;;;;;;;;;;;;;;;;;;;;" 36°11'18.26""N";"  9° 7'53.36""E";;;;;;
148 , 890L6;148 , 890;6;CSA;;;;;;;;;;;;;;;;;;;;;;;;;;;" 36° 9'47.50""N";"  9° 7'19.48""E";;;;;;
152 , 600L6;152 , 600;6;CSA;;;;;;;;;;;;;;;;;;;;;;;;;;;" 36° 7'49.02""N";"  9° 6'39.76""E";;;;;;
155 , 350L6;155 , 350;6;CSA;;;;;;;;;;;;;;;;;;;;;;;;;;;" 36° 6'45.62""N";"  9° 5'37.91""E";;;;;;
162 , 420L6;162 , 420;6;CSA;;;;;;;;;;;;;;;;;;;;;;;;;;;" 36° 4'40.67""N";"  9° 2'7.70""E";;;;;;
163 , 010L6;163 , 010;6;CSA;;;;;;;;;;;;;;;;;;;;;;;;;;;" 36° 4'36.77""N";"  9° 1'44.16""E";;;;;;
165 , 100L6;165 , 100;6;CSA;;;;;;;;;;;;;;;;;;;;;;;;;;;" 36° 4'34.52""N";"  9° 0'38.28""E";;;;;;
166,100L6;166,1;6;CSA;;;;;;;;;;;;;;;;;;;;;;;;;;;" 36° 4'38.50""N";"  8°59'58.44""E";;;;;;
167,340L6;167,34;6;CSA;;;;;;;;;;;;;;;;;;;;;;;;;;;" 36° 4'43.41""N";"  8°59'9.29""E";;;;;;
168 , 100L6;168 , 100;6;CSA;;;;;;;;;;;;;;;;;;;;;;;;;;;" 36° 4'46.35""N";"  8°58'40.07""E";;;;;;
168,900L6;168,9;6;CSA;;;;;;;;;;;;;;;;;;;;;;;;;;;" 36° 4'45.54""N";"  8°58'7.51""E";;;;;;
171,480L6;171,48;6;CSA;;;;;;;;;;;;;;;;;;;;;;;;;;;" 36° 4'13.59""N";"  8°56'33.40""E";;;;;;
173,500L6;173,5;6;CSA;;;;;;;;;;;;;;;;;;;;;;;;;;;" 36° 3'31.14""N";"  8°55'25.98""E";;;;;;
176 , 550L6;176 , 550;6;CSA;;;;;;;;;;;;;;;;;;;;;;;;;;;" 36° 2'9.24""N";"  8°54'34.70""E";;;;;;
177 , 900L6;177 , 900;6;CSA;;;;;;;;;;;;;;;;;;;;;;;;;;;" 36° 1'27.31""N";"  8°54'14.31""E";;;;;;
178 , 600L6;178 , 600;6;CSA;;;;;;;;;;;;;;;;;;;;;;;;;;;" 36° 1'9.50""N";"  8°53'57.76""E";;;;;;
179 , 700L6;179 , 700;6;CSA;;;;;;;;;;;;;;;;;;;;;;;;;;;" 36° 0'42.86""N";"  8°53'32.37""E";;;;;;
180 , 700L6;180 , 700;6;CSA;;;;;;;;;;;;;;;;;;;;;;;;;;;" 36° 0'16.99""N";"  8°53'7.53""E";;;;;;
184 , 650L6;184 , 650;6;CSA;;;;;;;;;;;;;;;;;;;;;;;;;;;" 35°58'37.36""N";"  8°51'32.76""E";;;;;;
185 , 680L6;185 , 680;6;CSA;;;;;;;;;;;;;;;;;;;;;;;;;;;" 35°58'11.38""N";"  8°51'8.30""E";;;;;;
187 , 900L6;187 , 900;6;CSA;;;;;;;;;;;;;;;;;;;;;;;;;;;" 35°57'14.52""N";"  8°50'14.09""E";;;;;;
189 , 709L6;189 , 709;6;CSA;;;;;;;;;;;;;;;;;;;;;;;;;;;" 35°56'28.45""N";"  8°49'30.32""E";;;;;;
189 , 930L6;189 , 930;6;CSA;;;;;;;;;;;;;;;;;;;;;;;;;;;" 35°56'22.82""N";"  8°49'24.91""E";;;;;;
190 , 870L6;190 , 870;6;CSA;;;;;;;;;;;;;;;;;;;;;;;;;;;"35°56'1.33""N";"  8°48'59.22""E";;;;;;
192 , 300L6;192 , 300;6;CSA;;;;;;;;;;;;;;;;;;;;;;;;;;;" 35°55'41.45""N";"  8°48'6.99""E";;;;;;
194 , 130L6;194 , 130;6;CSA;;;;;;;;;;;;;;;;;;;;;;;;;;;" 35°55'18.44""N";"  8°47'1.59""E";;;;;;
195 , 407L6;195 , 407;6;CSA;;;;;;;;;;;;;;;;;;;;;;;;;;;" 35°55'31.98""N";"  8°46'15.60""E";;;;;;
198 , 703L6;198 , 703;6;CSA;;;;;;;;;;;;;;;;;;;;;;;;;;;" 35°54'46.20""N";"  8°44'30.39""E";;;;;;
199 , 110L6;199 , 110;6;CSA;;;;;;;;;;;;;;;;;;;;;;;;;;;" 35°54'42.18""N";"  8°44'15.30""E";;;;;;
201 , 553L6;201 , 553;6;CSA;;;;;;;;;;;;;;;;;;;;;;;;;;;" 35°53'41.55""N";"  8°43'44.98""E";;;;;;
204 , 105L6;204 , 105;6;CSA;;;;;;;;;;;;;;;;;;;;;;;;;;;"35°52'59.05""N";"  8°42'46.69""E";;;;;;
205 , 140L6/9;205 , 140;06-sept;CSA;;;;;;;;;;;;;;;;;;;;;;;;;;;" 35°52'34.08""N";"  8°42'15.92""E";;;;;;
206 , 669L6/9;206 , 669;06-sept;CSA;;;;;;;;;;;;;;;;;;;;;;;;;;;" 35°52'13.24""N";"  8°41'22.66""E";;;;;;
208 , 540L6/9;208 , 540;06-sept;CSA;;;;;;;;;;;;;;;;;;;;;;;;;;;" 35°51'27.27""N";"  8°40'58.08""E";;;;;;
213 , 350L6;213 , 350;6;CSA;;;;;;;;;;;;;;;;;;;;;;;;;;;" 35°49'7.66""N";"  8°39'51.93""E";;;;;;
215 , 850L6;215 , 850;6;CSA;;;;;;;;;;;;;;;;;;;;;;;;;;;" 35°48'0.54""N";"  8°39'23.92""E";;;;;;
216 , 660L6;216 , 660;6;CSA;;;;;;;;;;;;;;;;;;;;;;;;;;;" 35°47'47.76""N";"  8°38'55.84""E";;;;;;
217 , 880L6;217 , 880;6;CSA;;;;;;;;;;;;;;;;;;;;;;;;;;;" 35°47'26.73""N";"  8°38'14.68""E";;;;;;
220 , 775L6;220 , 775;6;CSA;;;;;;;;;;;;;;;;;;;;;;;;;;;" 35°46'7.98""N";"  8°37'15.00""E";;;;;;
221 , 390L6;221 , 390;6;CSA;;;;;;;;;;;;;;;;;;;;;;;;;;;" 35°45'51.81""N";"  8°37'0.50""E";;;;;;
222 , 586L6;222 , 586;6;CSA;;;;;;;;;;;;;;;;;;;;;;;;;;;" 35°45'14.07""N";"  8°37'5.36""E";;;;;;
225 , 966L6;225 , 966;6;CSA;;;;;;;;;;;;;;;;;;;;;;;;;;;" 35°43'27.62""N";"  8°37'7.45""E";;;;;;
227 , 055L6;227 , 055;6;CSA;;;;;;;;;;;;;;;;;;;;;;;;;;;" 35°42'54.22""N";"  8°36'53.11""E";;;;;;
227 , 956L6;227 , 956;6;CSA;;;;;;;;;;;;;;;;;;;;;;;;;;;" 35°42'26.74""N";"  8°36'41.08""E";;;;;;
228 , 674L6;228 , 674;6;CSA;;;;;;;;;;;;;;;;;;;;;;;;;;;" 35°42'4.72""N";"  8°36'31.63""E";;;;;;
230 , 716L6;230 , 716;6;CSA;;;;;;;;;;;;;;;;;;;;;;;;;;;" 35°41'2.39""N";"  8°36'4.66""E";;;;;;
231 , 776L6;231 , 776;6;CSA;;;;;;;;;;;;;;;;;;;;;;;;;;;" 35°40'30.06""N";"  8°35'50.58""E";;;;;;
234 , 550L6;234 , 550;6;CSA;;;;;;;;;;;;;;;;;;;;;;;;;;;" 35°39'6.70""N";"  8°35'13.36""E";;;;;;
235 , 392L6;235 , 392;6;CSA;;;;;;;;;;;;;;;;;;;;;;;;;;;" 35°38'51.59""N";"  8°34'52.56""E";;;;;;
236 , 870L6;236 , 870;6;CSA;;;;;;;;;;;;;;;;;;;;;;;;;;;" 35°38'31.08""N";"  8°33'54.64""E";;;;;;
237 , 760L6;237 , 760;6;CSA;;;;;;;;;;;;;;;;;;;;;;;;;;;" 35°38'11.69""N";"  8°33'28.59""E";;;;;;
240 , 250L6;240 , 250;6;CSA;;;;;;;;;;;;;;;;;;;;;;;;;;;" 35°37'9.21""N";"8°32'26.92""E";;;;;;
241,300L6;241,3;6;CSA;;;;;;;;;;;;;;;;;;;;;;;;;;;" 35°36'44.25""N";"  8°31'59.09""E";;;;;;
241 , 900L6;241 , 900;6;CSA;;;;;;;;;;;;;;;;;;;;;;;;;;;" 35°36'33.86""N";"  8°31'39.33""E";;;;;;
243 , 403L6;243 , 403;6;CSA;;;;;;;;;;;;;;;;;;;;;;;;;;;" 35°36'6.14""N";"  8°30'48.23""E";;;;;;
244 , 171L6;244 , 171;6;CSA;;;;;;;;;;;;;;;;;;;;;;;;;;;" 35°35'57.74""N";"  8°30'19.76""E";;;;;;
245,500L6;245,5;6;CSA;;;;;;;;;;;;;;;;;;;;;;;;;;;" 35°35'49.54""N";"  8°29'46.29""E";;;;;;
247 , 145L6;247 , 145;6;CSA;;;;;;;;;;;;;;;;;;;;;;;;;;;" 35°35'30.14""N";"  8°28'27.10""E";;;;;;
250 , 120L6;250 , 120;6;CSA;;;;;;;;;;;;;;;;;;;;;;;;;;;" 35°34'18.19""N";"  8°27'36.66""E";;;;;;
250 , 763L6;250 , 763;6;CSA;;;;;;;;;;;;;;;;;;;;;;;;;;;" 35°34'2.86""N";"  8°27'17.84""E";;;;;;
251 , 618L6;251 , 618;6;CSA;;;;;;;;;;;;;;;;;;;;;;;;;;;" 35°33'57.31""N";"  8°26'45.27""E";;;;;;
251 , 910L6;251 , 910;6;CSA;;;;;;;;;;;;;;;;;;;;;;;;;;;" 35°33'52.99""N";"  8°26'32.87""E";;;;;;
252 , 396L6;252 , 396;6;CSA;;;;;;;;;;;;;;;;;;;;;;;;;;;" 35°33'42.10""N";"  8°26'25.20""E";;;;;;
253 , 200L6;253 , 200;6;CSA;;;;;;;;;;;;;;;;;;;;;;;;;;;" 35°33'16.94""N";"  8°26'17.96""E";;;;;;
253,700L6;253,7;6;CSA;;;;;;;;;;;;;;;;;;;;;;;;;;;" 35°32'58.74""N";"  8°26'9.98""E";;;;;;
257 , 165L6;257 , 165;6;CSA;;;;;;;;;;;;;;;;;;;;;;;;;;;" 35°31'25.04""N";"  8°27'15.89""E";;;;;;
257 , 553L6;257 , 553;6;CSA;;;;;;;;;;;;;;;;;;;;;;;;;;;" 35°31'13.26""N";"  8°27'22.66""E";;;;;;
257,950L6;257,95;6;CSA;;;;;;;;;;;;;;;;;;;;;;;;;;;" 35°31'0.23""N";"  8°27'25.16""E";;;;;;
258 , 840L6;258 , 840;6;CSA;;;;;;;;;;;;;;;;;;;;;;;;;;;" 35°30'35.41""N";"  8°27'38.28""E";;;;;;
259 , 900L6;259 , 900;6;CSA;;;;;;;;;;;;;;;;;;;;;;;;;;;" 35°30'6.99""N";"  8°28'1.83""E";;;;;;
260 , 525L6;260 , 525;6;CSA;;;;;;;;;;;;;;;;;;;;;;;;;;;" 35°29'49.67""N";"  8°28'14.53""E";;;;;;
267 , 650L6;267 , 650;6;CSA;;;;;;;;;;;;;;;;;;;;;;;;;;;" 35°26'40.89""N";"  8°29'55.91""E";;;;;;
269 , 460L6;269 , 460;6;CSA;;;;;;;;;;;;;;;;;;;;;;;;;;;" 35°26'59.76""N";"  8°31'0.57""E";;;;;;
270 , 430L6;270 , 430;6;CSA;;;;;;;;;;;;;;;;;;;;;;;;;;;" 35°26'43.01""N";"  8°31'28.28""E";;;;;;
272 , 430L6;272 , 430;6;CSA;;;;;;;;;;;;;;;;;;;;;;;;;;;" 35°25'44.03""N";"  8°31'56.07""E";;;;;;
274 , 060L6;274 , 060;6;CSA;;;;;;;;;;;;;;;;;;;;;;;;;;;" 35°25'23.96""N";"  8°32'46.66""E";;;;;;
275 , 450L6;275 , 450;6;CSA;;;;;;;;;;;;;;;;;;;;;;;;;;;" 35°24'47.19""N";"  8°32'57.40""E";;;;;;
277 , 150L6;277 , 150;6;CSA;;;;;;;;;;;;;;;;;;;;;;;;;;;" 35°24'17.45""N";"  8°33'46.23""E";;;;;;
278,950L6;278,95;6;CSA;;;;;;;;;;;;;;;;;;;;;;;;;;;" 35°23'31.11""N";"  8°34'16.45""E";;;;;;
280 , 380L6;280 , 380;6;CSA;;;;;;;;;;;;;;;;;;;;;;;;;;;" 35°22'48.95""N";"  8°34'52.70""E";;;;;;
282 , 560L6;282 , 560;6;CSA;;;;;;;;;;;;;;;;;;;;;;;;;;;" 35°21'55.96""N";"  8°35'50.37""E";;;;;;
284 , 720L6;284 , 720;6;CSA;;;;;;;;;;;;;;;;;;;;;;;;;;;" 35°21'13.39""N";"  8°37'2.29""E";;;;;;
285 , 185L6;285 , 185;6;CSA;;;;;;;;;;;;;;;;;;;;;;;;;;;" 35°21'5.47""N";"  8°37'15.82""E";;;;;;
285 , 806L6;285 , 806;6;CSA;;;;;;;;;;;;;;;;;;;;;;;;;;;" 35°20'53.25""N";"  8°37'37.28""E";;;;;;
287 , 150L6;287 , 150;6;CSA;;;;;;;;;;;;;;;;;;;;;;;;;;;" 35°20'25.16""N";"  8°38'21.59""E";;;;;;
287 , 900L6;287 , 900;6;CSA;;;;;;;;;;;;;;;;;;;;;;;;;;;" 35°20'12.88""N";"  8°38'43.36""E";;;;;;
289 , 050L6;289 , 050;6;CSA;;;;;;;;;;;;;;;;;;;;;;;;;;;" 35°19'50.44""N";"  8°39'21.30""E";;;;;;
289 , 880L6;289 , 880;6;CSA;;;;;;;;;;;;;;;;;;;;;;;;;;;" 35°19'35.22""N";"  8°39'48.41""E";;;;;;
290 , 900L6;290 , 900;6;CSA;;;;;;;;;;;;;;;;;;;;;;;;;;;" 35°19'15.39""N";"  8°40'19.32""E";;;;;;
292 , 080L6;292 , 080;6;CSA;;;;;;;;;;;;;;;;;;;;;;;;;;;" 35°18'49.99""N";"  8°40'58.81""E";;;;;;
293 , 130L6;293 , 130;6;CSA;;;;;;;;;;;;;;;;;;;;;;;;;;;" 35°18'29.08""N";"  8°41'30.57""E";;;;;;
299 , 900L6;299 , 900;6;CSA;;;;;;;;;;;;;;;;;;;;;;;;;;;" 35°15'44.35""N";"  8°44'34.51""E";;;;;;
300 , 600L6;300 , 600;6;CSA;;;;;;;;;;;;;;;;;;;;;;;;;;;" 35°15'28.41""N";"  8°44'49.18""E";;;;;;
301 , 700L6;301 , 700;6;CSA;;;;;;;;;;;;;;;;;;;;;;;;;;;" 35°14'59.66""N";"  8°44'54.92""E";;;;;;
302 , 600L6;302 , 600;6;CSA;;;;;;;;;;;;;;;;;;;;;;;;;;;" 35°14'27.07""N";"  8°44'52.06""E";;;;;;
303 , 250L6;303 , 250;6;CSA;;;;;;;;;;;;;;;;;;;;;;;;;;;" 35°14'2.02""N";"  8°44'56.85""E";;;;;;
304 , 360L6;304 , 360;6;CSA;;;;;;;;;;;;;;;;;;;;;;;;;;;" 35°13'30.13""N";"  8°44'54.26""E";;;;;;
308 , 280L6;308 , 280;6;CSA;;;;;;;;;;;;;;;;;;;;;;;;;;;" 35°11'54.67""N";"  8°46'24.84""E";;;;;;
309 , 260L6;309 , 260;6;CSA;;;;;;;;;;;;;;;;;;;;;;;;;;;" 35°11'27.25""N";"  8°46'49.50""E";;;;;;
310 , 260L6;310 , 260;6;CSA;;;;;;;;;;;;;;;;;;;;;;;;;;;" 35°10'58.70""N";"  8°47'0.24""E";;;;;;
311 , 980L6;311 , 980;6;CSA;;;;;;;;;;;;;;;;;;;;;;;;;;;" 35°10'22.34""N";"  8°47'44.17""E";;;;;;
312 , 100L6;312 , 100;6;CSA;;;;;;;;;;;;;;;;;;;;;;;;;;;" 35°10'20.12""N";"  8°47'47.78""E";;;;;;
312 , 600L6;312 , 600;6;CSA;;;;;;;;;;;;;;;;;;;;;;;;;;;" 35°10'9.33""N";"  8°48'0.22""E";;;;;;
313,000L6;313;6;CSA;;;;;;;;;;;;;;;;;;;;;;;;;;;" 35°10'8.65""N";"  8°48'17.11""E";;;;;;
313 , 400L6;313 , 400;6;CSA;;;;;;;;;;;;;;;;;;;;;;;;;;;" 35°10'1.73""N";"  8°48'29.24""E";;;;;;
314 , 150L6;314 , 150;6;CSA;;;;;;;;;;;;;;;;;;;;;;;;;;;" 35° 9'48.92""N";"  8°48'56.81""E";;;;;;
13,435L7/20;13,435;juil-20;CSA;;;;;;;;;;;;;;;;;;;;;;;;;;;" 36°46'31.59""N";" 10°16'7.50""E";;;;;;
169,700L8;169,7;8;CSA;;;;;;;;;;;;;;;;;;;;;;;;;;;" 36° 4'45.36""N";"  8°57'33.34""E";;;;;;
170 , 700L8;170 , 700;8;CSA;;;;;;;;;;;;;;;;;;;;;;;;;;;" 36° 5'8.59""N";"  8°57'16.04""E";;;;;;
171 , 600L8;171 , 600;8;CSA;;;;;;;;;;;;;;;;;;;;;;;;;;;" 36° 5'31.60""N";"  8°57'0.84""E";;;;;;
173,350L8;173,35;8;CSA;;;;;;;;;;;;;;;;;;;;;;;;;;;" 36° 6'3.31""N";"  8°56'5.35""E";;;;;;
174,600L8;174,6;8;CSA;;;;;;;;;;;;;;;;;;;;;;;;;;;" 36° 5'51.79""N";"  8°55'13.63""E";;;;;;
175,350L8;175,35;8;CSA;;;;;;;;;;;;;;;;;;;;;;;;;;;" 36° 5'58.43""N";"  8°54'48.74""E";;;;;;
177,300L8;177,3;8;CSA;;;;;;;;;;;;;;;;;;;;;;;;;;;" 36° 6'56.88""N";"  8°54'15.72""E";;;;;;
178,450L8;178,45;8;CSA;;;;;;;;;;;;;;;;;;;;;;;;;;;" 36° 7'29.79""N";"  8°53'50.17""E";;;;;;
180,100L8;180,1;8;CSA;;;;;;;;;;;;;;;;;;;;;;;;;;;"36° 8'20.08""N";"  8°53'42.73""E";;;;;;
183,700L8;183,7;8;CSA;;;;;;;;;;;;;;;;;;;;;;;;;;;" 36° 9'31.96""N";"  8°52'23.09""E";;;;;;
186,020L8;186,02;8;CSA;;;;;;;;;;;;;;;;;;;;;;;;;;;" 36° 9'30.84""N";"  8°50'53.32""E";;;;;;
187,100L8;187,1;8;CSA;;;;;;;;;;;;;;;;;;;;;;;;;;;" 36° 9'31.11""N";"  8°50'11.81""E";;;;;;
187,600L8;187,6;8;CSA;;;;;;;;;;;;;;;;;;;;;;;;;;;" 36° 9'23.26""N";"  8°49'53.99""E";;;;;;
189,600L8;189,6;8;CSA;;;;;;;;;;;;;;;;;;;;;;;;;;;"6° 9'14.71""N";"  8°48'33.97""E";;;;;;
190,850L8;190,85;8;CSA;;;;;;;;;;;;;;;;;;;;;;;;;;;" 36° 9'14.80""N";"  8°47'45.34""E";;;;;;
194,300L8;194,3;8;CSA;;;;;;;;;;;;;;;;;;;;;;;;;;;" 36° 8'59.94""N";"  8°45'28.95""E";;;;;;
196,400L8;196,4;8;CSA;;;;;;;;;;;;;;;;;;;;;;;;;;;" 36° 9'14.67""N";"  8°44'9.22""E";;;;;;
197 , 800L8;197 , 800;8;CSA;;;;;;;;;;;;;;;;;;;;;;;;;;;" 36° 9'31.47""N";"  8°43'22.24""E";;;;;;
198 , 300L8;198 , 300;8;CSA;;;;;;;;;;;;;;;;;;;;;;;;;;;" 36° 9'35.99""N";"  8°43'3.90""E";;;;;;
198,867L8;198,867;8;CSA;;;;;;;;;;;;;;;;;;;;;;;;;;;" 36° 9'48.51""N";"  8°42'48.24""E";;;;;;
205 , 140L9;205 , 140;9;CSA;;;;;;;;;;;;;;;;;;;;;;;;;;;" 35°52'34.08""N";"  8°42'15.92""E";;;;;;
206 , 669L9;206 , 669;9;CSA;;;;;;;;;;;;;;;;;;;;;;;;;;;" 35°52'13.24""N";"  8°41'22.66""E";;;;;;
208 , 540L9;208 , 540;9;CSA;;;;;;;;;;;;;;;;;;;;;;;;;;;" 35°51'27.27""N";"  8°40'58.08""E";;;;;;
209 , 650L9;209 , 650;9;CSA;;;;;;;;;;;;;;;;;;;;;;;;;;;" 35°50'55.22""N";"  8°40'48.07""E";;;;;;
211 , 962L9;211 , 962;9;CSA;;;;;;;;;;;;;;;;;;;;;;;;;;;" 35°51'1.05""N";"  8°39'23.05""E";;;;;;
212 , 870L9;212 , 870;9;CSA;;;;;;;;;;;;;;;;;;;;;;;;;;;" 35°51'0.27""N";"  8°38'45.04""E";;;;;;
213 , 315L9;213 , 315;9;CSA;;;;;;;;;;;;;;;;;;;;;;;;;;;" 35°51'2.45""N";"  8°38'27.42""E";;;;;;
214 , 315L9;214 , 315;9;CSA;;;;;;;;;;;;;;;;;;;;;;;;;;;" 35°51'2.89""N";"  8°37'47.82""E";;;;;;
215 , 320L9;215 , 320;9;CSA;;;;;;;;;;;;;;;;;;;;;;;;;;;" 35°50'49.70""N";"  8°37'11.57""E";;;;;;
216 , 330L9;216 , 330;9;CSA;;;;;;;;;;;;;;;;;;;;;;;;;;;" 35°50'38.11""N";"  8°36'33.51""E";;;;;;
217 , 650L9;217 , 650;9;CSA;;;;;;;;;;;;;;;;;;;;;;;;;;;" 35°50'48.23""N";"  8°35'43.52""E";;;;;;
217 , 910L9;217 , 910;9;CSA;;;;;;;;;;;;;;;;;;;;;;;;;;;" 35°50'51.59""N";"  8°35'33.87""E";;;;;;
219 , 307L9;219 , 307;9;CSA;;;;;;;;;;;;;;;;;;;;;;;;;;;" 35°51'3.67""N";"  8°34'45.99""E";;;;;;
219 , 835L9;219 , 835;9;CSA;;;;;;;;;;;;;;;;;;;;;;;;;;;" 35°51'4.41""N";"  8°34'19.45""E";;;;;;
220 , 350L9;220 , 350;9;CSA;;;;;;;;;;;;;;;;;;;;;;;;;;;" 35°51'5.08""N";"  8°33'58.71""E";;;;;;
220 , 645L9;220 , 645;9;CSA;;;;;;;;;;;;;;;;;;;;;;;;;;;" 35°51'5.17""N";"  8°33'46.87""E";;;;;;
221 , 015L9;221 , 015;9;CSA;;;;;;;;;;;;;;;;;;;;;;;;;;;" 35°51'5.58""N";"  8°33'32.02""E";;;;;;
221 , 520L9;221 , 520;9;CSA;;;;;;;;;;;;;;;;;;;;;;;;;;;" 35°51'5.99""N";"  8°33'12.18""E";;;;;;
222 , 070L9;222 , 070;9;CSA;;;;;;;;;;;;;;;;;;;;;;;;;;;" 35°51'6.43""N";"  8°32'50.10""E";;;;;;
60 , 296L10;60 , 296;10;CSA;;;;;;;;;;;;;;;;;;;;;;;;;;;" 36°25'28.13""N";" 10°34'50.93""E";;;;;;
60 , 760L10;60 , 760;10;CSA;;;;;;;;;;;;;;;;;;;;;;;;;;;" 36°25'19.95""N";" 10°35'6.66""E";;;;;;
61 , 041L10;61 , 041;10;CSA;;;;;;;;;;;;;;;;;;;;;;;;;;;" 36°25'13.87""N";" 10°35'15.31""E";;;;;;
62 , 209L10;62 , 209;10;CSA;;;;;;;;;;;;;;;;;;;;;;;;;;;" 36°24'55.18""N";" 10°35'53.46""E";;;;;;
64 , 140L10;64 , 140;10;CSA;;;;;;;;;;;;;;;;;;;;;;;;;;;" 36°24'21.68""N";" 10°36'57.72""E";;;;;;
73 , 400L10;73 , 400;10;CSA;;;;;;;;;;;;;;;;;;;;;;;;;;;" 36°26'9.59""N";" 10°42'24.80""E";;;;;;
75 , 771L10;75 , 771;10;CSA;;;;;;;;;;;;;;;;;;;;;;;;;;;" 36°26'58.41""N";" 10°43'46.23""E";;;;;;
277 , 080L11;277 , 080;11;CSA;;;;;;;;;;;;;;;;;;;;;;;;;;;" 35°16'30.15""N";"  9°25'22.81""E";;;;;;
277 , 520L11;277 , 520;11;CSA;;;;;;;;;;;;;;;;;;;;;;;;;;;" 35°16'20.97""N";"  9°25'8.46""E";;;;;;
279 , 700L11;279 , 700;11;CSA;;;;;;;;;;;;;;;;;;;;;;;;;;;" 35°15'37.46""N";"  9°23'59.12""E";;;;;;
281 , 250L11;281 , 250;11;CSA;;;;;;;;;;;;;;;;;;;;;;;;;;;" 35°15'13.71""N";"  9°23'8.51""E";;;;;;
283,436L11;283,436;11;CSA;;;;;;;;;;;;;;;;;;;;;;;;;;;" 35°15'10.56""N";"  9°21'42.01""E";;;;;;
288 , 350L11;288 , 350;11;CSA;;;;;;;;;;;;;;;;;;;;;;;;;;;" 35°14'58.99""N";"  9°18'34.83""E";;;;;;
293 , 400L11;293 , 400;11;CSA;;;;;;;;;;;;;;;;;;;;;;;;;;;" 35°14'18.93""N";"  9°15'28.03""E";;;;;;
298 , 150L11;298 , 150;11;CSA;;;;;;;;;;;;;;;;;;;;;;;;;;;" 35°13'39.53""N";"  9°12'28.20""E";;;;;;
300 , 700L11;300 , 700;11;CSA;;;;;;;;;;;;;;;;;;;;;;;;;;;" 35°13'28.94""N";"  9°10'51.20""E";;;;;;
304 , 649L11;304 , 649;11;CSA;;;;;;;;;;;;;;;;;;;;;;;;;;;" 35°13'50.16""N";"  9° 8'22.83""E";;;;;;
305 , 500L11;305 , 500;11;CSA;;;;;;;;;;;;;;;;;;;;;;;;;;;" 35°13'43.86""N";"  9° 7'49.02""E";;;;;;
306 , 070L11;306 , 070;11;CSA;;;;;;;;;;;;;;;;;;;;;;;;;;;" 35°13'34.97""N";"  9° 7'34.70""E";;;;;;
309 , 100L11;309 , 100;11;CSA;;;;;;;;;;;;;;;;;;;;;;;;;;;" 35°13'18.18""N";"  9° 5'57.07""E";;;;;;
329 , 200L11;329 , 200;11;CSA;;;;;;;;;;;;;;;;;;;;;;;;;;;" 35°12'11.66""N";"  8°54'0.63""E";;;;;;
329 , 900L11;329 , 900;11;CSA;;;;;;;;;;;;;;;;;;;;;;;;;;;" 35°12'13.35""N";"  8°53'33.09""E";;;;;;
330 , 500L11;330 , 500;11;CSA;;;;;;;;;;;;;;;;;;;;;;;;;;;" 35°12'13.54""N";"  8°53'10.67""E";;;;;;
331 , 060L11;331 , 060;11;CSA;;;;;;;;;;;;;;;;;;;;;;;;;;;" 35°12'9.92""N";"  8°52'48.53""E";;;;;;
332 , 400L11;332 , 400;11;CSA;;;;;;;;;;;;;;;;;;;;;;;;;;;" 35°11'34.55""N";"  8°52'27.15""E";;;;;;
333 , 878L11;333 , 878;11;CSA;;;;;;;;;;;;;;;;;;;;;;;;;;;" 35°11'1.18""N";"  8°51'42.28""E";;;;;;
334 , 990L11;334 , 990;11;CSA;;;;;;;;;;;;;;;;;;;;;;;;;;;" 35°10'39.86""N";"  8°51'9.57""E";;;;;;
335 , 100L11;335 , 100;11;CSA;;;;;;;;;;;;;;;;;;;;;;;;;;;" 35°10'37.67""N";"  8°51'6.31""E";;;;;;
336 , 060L11;336 , 060;11;CSA;;;;;;;;;;;;;;;;;;;;;;;;;;;" 35°10'17.98""N";" 8°50'36.21""E";;;;;;
145 , 020L12;145 , 020;12;CSA;;;;;;;;;;;;;;;;;;;;;;;;;;;" 35°49'34.26""N";" 10°36'10.55""E";;;;;;
145 , 994L12;145 , 994;12;CSA;;;;;;;;;;;;;;;;;;;;;;;;;;;" 35°49'54.79""N";" 10°36'39.32""E";;;;;;
146 , 320L12;146 , 320;12;CSA;;;;;;;;;;;;;;;;;;;;;;;;;;;" 35°49'55.97""N";" 10°36'52.62""E";;;;;;
153,525L12;153,525;12;CSA;;;;;;;;;;;;;;;;;;;;;;;;;;;" 35°47'1.82""N";" 10°39'20.04""E";;;;;;
155 , 127L12;155 , 127;12;CSA;;;;;;;;;;;;;;;;;;;;;;;;;;;" 35°46'42.18""N";" 10°38'39.80""E";;;;;;
155 , 654L12;155 , 654;12;CSA;;;;;;;;;;;;;;;;;;;;;;;;;;;" 35°46'26.70""N";" 10°38'30.02""E";;;;;;
156 , 449L12;156 , 449;12;CSA;;;;;;;;;;;;;;;;;;;;;;;;;;;" 35°46'3.96""N";" 10°38'15.33""E";;;;;;
157 , 415L12;157 , 415;12;CSA;;;;;;;;;;;;;;;;;;;;;;;;;;;" 35°45'38.10""N";" 10°37'53.79""E";;;;;;
158 , 100L12;158 , 100;12;CSA;;;;;;;;;;;;;;;;;;;;;;;;;;;" 35°45'24.36""N";" 10°37'32.68""E";;;;;;
158 , 498L12;158 , 498;12;CSA;;;;;;;;;;;;;;;;;;;;;;;;;;;" 35°45'18.10""N";" 10°37'18.95""E";;;;;;
159 , 600L12;159 , 600;12;CSA;;;;;;;;;;;;;;;;;;;;;;;;;;;" 35°44'59.84""N";" 10°36'41.34""E";;;;;;
67 , 500L13;67 , 500;13;CSA;;;;;;;;;;;;;;;;;;;;;;;;;;;" 34°29'55.12""N";" 10° 9'23.77""E";;;;;;
70 , 500L13;70 , 500;13;CSA;;;;;;;;;;;;;;;;;;;;;;;;;;;" 34°30'40.95""N";" 10° 7'39.03""E";;;;;;
73 , 200L13;73 , 200;13;CSA;;;;;;;;;;;;;;;;;;;;;;;;;;;" 34°31'18.41""N";" 10° 5'54.01""E";;;;;;
78 , 300L13;78 , 300;13;CSA;;;;;;;;;;;;;;;;;;;;;;;;;;;" 34°30'57.62""N";" 10° 2'50.99""E";;;;;;
80 , 050L13;80 , 050;13;CSA;;;;;;;;;;;;;;;;;;;;;;;;;;;" 34°30'57.23""N";"  9°59'43.86""E";;;;;;
84 , 050L13;84 , 050;13;CSA;;;;;;;;;;;;;;;;;;;;;;;;;;;" 34°32'11.92""N";"  9°59'2.03""E";;;;;;
87 , 970L13;87 , 970;13;CSA;;;;;;;;;;;;;;;;;;;;;;;;;;;" 34°32'40.69""N";"  9°56'31.49""E";;;;;;
94 , 978L13;94 , 978;13;CSA;;;;;;;;;;;;;;;;;;;;;;;;;;;" 34°33'52.74""N";"  9°52'13.29""E";;;;;;
102 , 380L13;102 , 380;13;CSA;;;;;;;;;;;;;;;;;;;;;;;;;;;" 34°35'46.32""N";"  9°48'6.97""E";;;;;;
106 , 250L13;106 , 250;13;CSA;;;;;;;;;;;;;;;;;;;;;;;;;;;" 34°37'14.46""N";"  9°46'20.36""E";;;;;;
109 , 100L13;109 , 100;13;CSA;;;;;;;;;;;;;;;;;;;;;;;;;;;" 34°37'55.73""N";"  9°44'40.05""E";;;;;;
116 , 062L13;116 , 062;13;CSA;;;;;;;;;;;;;;;;;;;;;;;;;;;" 34°37'0.33""N";"  9°40'38.05""E";;;;;;
119 , 450L13;119 , 450;13;CSA;;;;;;;;;;;;;;;;;;;;;;;;;;;" 34°36'52.42""N";"  9°38'31.35""E";;;;;;
129 , 325L13;129 , 325;13;CSA;;;;;;;;;;;;;;;;;;;;;;;;;;;" 34°35'2.22""N";"  9°32'25.63""E";;;;;;
130 , 825L13;130 , 825;13;CSA;;;;;;;;;;;;;;;;;;;;;;;;;;;" 34°34'54.17""N";"  9°31'28.21""E";;;;;;
135 , 400L13;135 , 400;13;CSA;;;;;;;;;;;;;;;;;;;;;;;;;;;" 34°34'37.79""N";"  9°28'29.01""E";;;;;;
138 , 346L13;138 , 346;13;CSA;;;;;;;;;;;;;;;;;;;;;;;;;;;" 34°34'27.45""N";"  9°26'34.69""E";;;;;;
141 , 047L13;141 , 047;13;CSA;;;;;;;;;;;;;;;;;;;;;;;;;;;" 34°34'24.94""N";"  9°24'49.28""E";;;;;;
141 , 815L13;141 , 815;13;CSA;;;;;;;;;;;;;;;;;;;;;;;;;;;" 34°34'21.30""N";"  9°24'19.09""E";;;;;;
142 , 075L13;142 , 075;13;CSA;;;;;;;;;;;;;;;;;;;;;;;;;;;" 34°34'20.21""N";"  9°24'10.53""E";;;;;;
145 , 766L13;145 , 766;13;CSA;;;;;;;;;;;;;;;;;;;;;;;;;;;" 34°34'14.98""N";"  9°21'46.41""E";;;;;;
149 , 020L13;149 , 020;13;CSA;;;;;;;;;;;;;;;;;;;;;;;;;;;" 34°33'55.96""N";"  9°19'43.55""E";;;;;;
157 , 019L13;157 , 019;13;CSA;;;;;;;;;;;;;;;;;;;;;;;;;;;" 34°32'18.57""N";"  9°15'28.43""E";;;;;;
157 , 673L13;157 , 673;13;CSA;;;;;;;;;;;;;;;;;;;;;;;;;;;" 34°32'14.64""N";"  9°15'1.39""E";;;;;;
167 , 726L13;167 , 726;13;CSA;;;;;;;;;;;;;;;;;;;;;;;;;;;" 34°30'7.91""N";"  9° 9'13.84""E";;;;;;
171 , 399L13;171 , 399;13;CSA;;;;;;;;;;;;;;;;;;;;;;;;;;;" 34°29'17.99""N";"  9° 7'7.82""E";;;;;;
172 , 854L13;172 , 854;13;CSA;;;;;;;;;;;;;;;;;;;;;;;;;;;" 34°28'53.07""N";"  9° 6'17.81""E";;;;;;
177 , 456L13;177 , 456;13;CSA;;;;;;;;;;;;;;;;;;;;;;;;;;;" 34°28'10.29""N";"  9° 3'25.16""E";;;;;;
178 , 288L13;178 , 288;13;CSA;;;;;;;;;;;;;;;;;;;;;;;;;;;" 34°28'2.65""N";"  9° 2'54.17""E";;;;;;
179 , 505L13;179 , 505;13;CSA;;;;;;;;;;;;;;;;;;;;;;;;;;;" 34°27'51.35""N";"  9° 2'8.13""E";;;;;;
186 , 653L13;186 , 653;13;CSA;;;;;;;;;;;;;;;;;;;;;;;;;;;" 34°27'3.02""N";"  8°57'36.36""E";;;;;;
202 , 390L13;202 , 390;13;CSA;;;;;;;;;;;;;;;;;;;;;;;;;;;" 34°23'48.25""N";"  8°49'23.46""E";;;;;;
203 , 478L13;203 , 478;13;CSA;;;;;;;;;;;;;;;;;;;;;;;;;;;" 34°23'48.67""N";"  8°48'43.74""E";;;;;;
207 , 600L13;207 , 600;13;CSA;;;;;;;;;;;;;;;;;;;;;;;;;;;" 34°22'50.43""N";"  8°46'28.18""E";;;;;;
211 , 100L13;211 , 100;13;CSA;;;;;;;;;;;;;;;;;;;;;;;;;;;" 34°22'40.17""N";"  8°44'11.38""E";;;;;;
220 , 630L13;220 , 630;13;CSA;;;;;;;;;;;;;;;;;;;;;;;;;;;" 34°21'6.05""N";"  8°38'52.78""E";;;;;;
234 , 300L13;234 , 300;13;CSA;;;;;;;;;;;;;;;;;;;;;;;;;;;" 34°19'3.67""N";"  8°30'17.86""E";;;;;;
237 , 859L13;237 , 859;13;CSA;;;;;;;;;;;;;;;;;;;;;;;;;;;" 34°18'42.81""N";"  8°28'9.65""E";;;;;;
243 , 150L13;243 , 150;13;CSA;;;;;;;;;;;;;;;;;;;;;;;;;;;" 34°18'56.41""N";"  8°24'45.56""E";;;;;;
243 , 188L13;243 , 188;13;CSA;;;;;;;;;;;;;;;;;;;;;;;;;;;" 34°18'56.10""N";"  8°24'43.91""E";;;;;;
243 , 307L13;243 , 307;13;CSA;;;;;;;;;;;;;;;;;;;;;;;;;;;" 34°18'54.77""N";"  8°24'39.77""E";;;;;;
243 , 650L13;243 , 650;13;CSA;;;;;;;;;;;;;;;;;;;;;;;;;;;" 34°18'45.63""N";"  8°24'31.82""E";;;;;;
244 , 900L13;244 , 900;13;CSA;;;;;;;;;;;;;;;;;;;;;;;;;;;" 34°18'7.51""N";"  8°24'20.03""E";;;;;;
282 , 040L13;282 , 040;13;CSA;;;;;;;;;;;;;;;;;;;;;;;;;;;" 34° 0'46.11""N";"  8°14'40.92""E";;;;;;
286 , 496L13;286 , 496;13;CSA;;;;;;;;;;;;;;;;;;;;;;;;;;;" 33°59'8.20""N";"  8°12'42.97""E";;;;;;
296 , 010L13;296 , 010;13;CSA;;;;;;;;;;;;;;;;;;;;;;;;;;;" 33°55'43.91""N";"  8° 8'17.62""E";;;;;;
12 , 350L14;12 , 350;14;CSA;;;;;;;;;;;;;;;;;;;;;;;;;;;" 34°17'41.90""N";"  8°43'55.84""E";;;;;;
20 , 770L14;20 , 770;14;CSA;;;;;;;;;;;;;;;;;;;;;;;;;;;" 34°15'41.16""N";"  8°38'53.08""E";;;;;;
24 , 640L14;24 , 640;14;CSA;;;;;;;;;;;;;;;;;;;;;;;;;;;" 34°14'18.35""N";"  8°38'24.83""E";;;;;;
05 , 680L15;05 , 680;15;CSA;;;;;;;;;;;;;;;;;;;;;;;;;;;" 34°20'11.70""N";"  8°22'28.19""E";;;;;;
16 , 700L15;16 , 700;15;CSA;;;;;;;;;;;;;;;;;;;;;;;;;;;" 34°23'20.90""N";"  8°20'19.07""E";;;;;;
25 , 880L15;25 , 880;15;CSA;;;;;;;;;;;;;;;;;;;;;;;;;;;" 34°25'55.88""N";"  8°16'5.31""E";;;;;;
27 , 720L15;27 , 720;15;CSA;;;;;;;;;;;;;;;;;;;;;;;;;;;" 34°26'32.37""N";"  8°15'28.30""E";;;;;;
33 , 300L15;33 , 300;15;CSA;;;;;;;;;;;;;;;;;;;;;;;;;;;" 34°28'13.51""N";" 8°15'46.38""E";;;;;;
36 , 305L15;36 , 305;15;CSA;;;;;;;;;;;;;;;;;;;;;;;;;;;" 34°29'30.02""N";"  8°16'56.51""E";;;;;;
55 , 350L15;55 , 350;15;CSA;;;;;;;;;;;;;;;;;;;;;;;;;;;" 34°35'49.67""N";"  8°24'41.77""E";;;;;;
65 , 900L15;65 , 900;15;CSA;;;;;;;;;;;;;;;;;;;;;;;;;;;" 34°39'56.80""N";"  8°27'40.81""E";;;;;;
76,250L15;76,25;15;CSA;;;;;;;;;;;;;;;;;;;;;;;;;;;" 34°44'42.29""N";"  8°31'4.45""E";;;;;;
76,850L15;76,85;15;CSA;;;;;;;;;;;;;;;;;;;;;;;;;;;" 34°45'4.17""N";"  8°31'11.90""E";;;;;;
77 , 300L15;77 , 300;15;CSA;;;;;;;;;;;;;;;;;;;;;;;;;;;" 34°45'18.43""N";"  8°31'16.69""E";;;;;;
88 , 500L15;88 , 500;15;CSA;;;;;;;;;;;;;;;;;;;;;;;;;;;" 34°50'50.29""N";"  8°31'5.41""E";;;;;;
98 , 850L15;98 , 850;15;CSA;;;;;;;;;;;;;;;;;;;;;;;;;;;" 34°55'56.53""N";"  8°32'48.07""E";;;;;;
99 , 950L15;99 , 950;15;CSA;;;;;;;;;;;;;;;;;;;;;;;;;;;" 34°56'27.25""N";"  8°33'4.26""E";;;;;;
100 , 200L15;100 , 200;15;CSA;;;;;;;;;;;;;;;;;;;;;;;;;;;" 34°56'34.22""N";"  8°33'17.25""E";;;;;;
100 , 600L15;100 , 600;15;CSA;;;;;;;;;;;;;;;;;;;;;;;;;;;" 34°56'43.70""N";"  8°33'28.76""E";;;;;;
100 , 950L15;100 , 950;15;CSA;;;;;;;;;;;;;;;;;;;;;;;;;;;" 34°56'47.15""N";"  8°33'40.97""E";;;;;;
101 , 500L15;101 , 500;15;CSA;;;;;;;;;;;;;;;;;;;;;;;;;;;" 34°56'56.86""N";"  8°33'58.46""E";;;;;;
101 , 650L15;101 , 650;15;CSA;;;;;;;;;;;;;;;;;;;;;;;;;;;" 34°56'57.13""N";"  8°34'4.49""E";;;;;;
102 , 050L15;102 , 050;15;CSA;;;;;;;;;;;;;;;;;;;;;;;;;;;" 34°56'53.96""N";"  8°34'19.39""E";;;;;;
102 , 950L15;102 , 950;15;CSA;;;;;;;;;;;;;;;;;;;;;;;;;;;" 34°57'15.48""N";"  8°34'28.45""E";;;;;;
105 , 750L15;105 , 750;15;CSA;;;;;;;;;;;;;;;;;;;;;;;;;;;" 34°58'23.51""N";"  8°35'34.35""E";;;;;;
106 , 600L15;106 , 600;15;CSA;;;;;;;;;;;;;;;;;;;;;;;;;;;" 34°58'46.50""N";"  8°35'58.35""E";;;;;;
111 , 950L15;111 , 950;15;CSA;;;;;;;;;;;;;;;;;;;;;;;;;;;" 35° 0'50.53""N";"  8°38'20.88""E";;;;;;
118 , 329L15;118 , 329;15;CSA;;;;;;;;;;;;;;;;;;;;;;;;;;;" 35° 2'56.46""N";"  8°40'49.38""E";;;;;;
127 , 300L15;127 , 300;15;CSA;;;;;;;;;;;;;;;;;;;;;;;;;;;" 35° 5'49.59""N";"  8°45'27.16""E";;;;;;
137 , 250L15;137 , 250;15;CSA;;;;;;;;;;;;;;;;;;;;;;;;;;;" 35° 9'44.44""N";"  8°48'59.94""E";;;;;;
12 , 350L16;12 , 350;16;CSA;;;;;;;;;;;;;;;;;;;;;;;;;;;" 34°23'4.39""N";"  8°11'18.66""E";;;;;;
13 , 830L16;13 , 830;16;CSA;;;;;;;;;;;;;;;;;;;;;;;;;;;" 34°23'3.99""N";"  8°10'40.72""E";;;;;;
15 , 300L16;15 , 300;16;CSA;;;;;;;;;;;;;;;;;;;;;;;;;;;" 34°23'21.53""N";"  8°10'5.27""E";;;;;;
17 , 015L16;17 , 015;16;CSA;;;;;;;;;;;;;;;;;;;;;;;;;;;" 34°23'23.78""N";"  8° 9'17.22""E";;;;;;
01 , 715L17;01 , 715;17;CSA;;;;;;;;;;;;;;;;;;;;;;;;;;;" 34°23'34.24""N";" 10° 6'50.58""E";;;;;;
03 , 550L17;03 , 550;17;CSA;;;;;;;;;;;;;;;;;;;;;;;;;;;" 34°24'7.50""N";" 10° 5'55.84""E";;;;;;
05 , 450L17;05 , 450;17;CSA;;;;;;;;;;;;;;;;;;;;;;;;;;;"34°24'36.15""N";" 10° 4'51.70""E";;;;;;
06 , 760L17;06 , 760;17;CSA;;;;;;;;;;;;;;;;;;;;;;;;;;;" 34°25'13.33""N";" 10° 4'26.01""E";;;;;;
07 , 750L17;07 , 750;17;CSA;;;;;;;;;;;;;;;;;;;;;;;;;;;" 34°25'41.12""N";" 10° 4'7.60""E";;;;;;
10 , 250L17;10 , 250;17;CSA;;;;;;;;;;;;;;;;;;;;;;;;;;;" 34°26'59.87""N";" 10° 3'37.87""E";;;;;;
11 , 500L17;11 , 500;17;CSA;;;;;;;;;;;;;;;;;;;;;;;;;;;" 34°27'36.93""N";" 10° 3'24.02""E";;;;;;
14 , 050L17;14 , 050;17;CSA;;;;;;;;;;;;;;;;;;;;;;;;;;;" 34°29'0.26""N";" 10° 3'13.08""E";;;;;;
16 , 800L17;16 , 800;17;CSA;;;;;;;;;;;;;;;;;;;;;;;;;;;" 34°30'27.58""N";" 10° 3'24.58""E";;;;;;
18 , 200L17;18 , 200;17;CSA;;;;;;;;;;;;;;;;;;;;;;;;;;;" 34°30'57.37""N";" 10° 2'50.98""E";;;;;;
169 , 086L18;169 , 086;18;CSA;;;;;;;;;;;;;;;;;;;;;;;;;;;" 35°40'45.30""N";" 10°38'4.62""E";;;;;;
171,900L18;171,9;18;CSA;;;;;;;;;;;;;;;;;;;;;;;;;;;" 35°39'45.49""N";" 10°39'19.54""E";;;;;;
176 , 979L18;176 , 979;18;CSA;;;;;;;;;;;;;;;;;;;;;;;;;;;" 35°38'53.11""N";" 10°41'58.88""E";;;;;;
182 , 788L18;182 , 788;18;CSA;;;;;;;;;;;;;;;;;;;;;;;;;;;" 35°37'41.55""N";" 10°45'32.15""E";;;;;;
183 , 718L18;183 , 718;18;CSA;;;;;;;;;;;;;;;;;;;;;;;;;;;" 35°37'50.61""N";" 10°46'8.03""E";;;;;;
184 , 255L18;184 , 255;18;CSA;;;;;;;;;;;;;;;;;;;;;;;;;;;" 35°37'57.20""N";" 10°46'28.15""E";;;;;;
186,895L18;186,895;18;CSA;;;;;;;;;;;;;;;;;;;;;;;;;;;" 35°38'31.04""N";" 10°48'10.66""E";;;;;;
188 , 770L18;188 , 770;18;CSA;;;;;;;;;;;;;;;;;;;;;;;;;;;" 35°38'44.32""N";" 10°49'10.73""E";;;;;;
189 , 851L18;189 , 851;18;CSA;;;;;;;;;;;;;;;;;;;;;;;;;;;" 35°38'32.95""N";" 10°49'50.50""E";;;;;;
191,000L18;191;18;CSA;;;;;;;;;;;;;;;;;;;;;;;;;;;" 35°38'35.65""N";" 10°50'32.76""E";;;;;;
193,300L18;193,3;18;CSA;;;;;;;;;;;;;;;;;;;;;;;;;;;" 35°37'57.41""N";" 10°51'52.83""E";;;;;;
194 , 361L18;194 , 361;18;CSA;;;;;;;;;;;;;;;;;;;;;;;;;;;" 35°37'58.75""N";" 10°52'36.12""E";;;;;;
195 , 532L18;195 , 532;18;CSA;;;;;;;;;;;;;;;;;;;;;;;;;;;" 35°37'57.13""N";" 10°53'22.10""E";;;;;;
196 , 176L18;196 , 176;18;CSA;;;;;;;;;;;;;;;;;;;;;;;;;;;" 35°37'41.33""N";" 10°53'35.27""E";;;;;;
01 , 018L19;01 , 018;19;CSA;;;;;;;;;;;;;;;;;;;;;;;;;;;" 36°35'34.28""N";"  9° 6'4.81""E";;;;;;
01 , 832L19;01 , 832;19;CSA;;;;;;;;;;;;;;;;;;;;;;;;;;;" 36°35'17.92""N";"  9° 5'38.90""E";;;;;;
03 , 541L19;03 , 541;19;CSA;;;;;;;;;;;;;;;;;;;;;;;;;;;" 36°34'43.52""N";"  9° 4'44.08""E";;;;;;
04 , 491L19;04 , 491;19;CSA;;;;;;;;;;;;;;;;;;;;;;;;;;;" 36°34'19.98""N";"  9° 4'6.87""E";;;;;;
06 , 886L19;06 , 886;19;CSA;;;;;;;;;;;;;;;;;;;;;;;;;;;" 36°33'42.22""N";"  9° 2'49.13""E";;;;;;
07 , 378L19;07 , 378;19;CSA;;;;;;;;;;;;;;;;;;;;;;;;;;;" 36°33'34.27""N";"  9° 2'39.51""E";;;;;;
07 , 871L19;07 , 871;19;CSA;;;;;;;;;;;;;;;;;;;;;;;;;;;" 36°33'22.88""N";"  9° 2'25.84""E";;;;;;
08 , 929L19;08 , 929;19;CSA;;;;;;;;;;;;;;;;;;;;;;;;;;;" 36°32'55.85""N";"  9° 1'58.68""E";;;;;;
10 , 584L19;10 , 584;19;CSA;;;;;;;;;;;;;;;;;;;;;;;;;;;"36°32'18.52""N";"  9° 1'11.56""E";;;;;;
11 , 703L19;11 , 703;19;CSA;;;;;;;;;;;;;;;;;;;;;;;;;;;" 36°31'54.47""N";"  9° 0'37.27""E";;;;;;
12 , 951L19;12 , 951;19;CSA;;;;;;;;;;;;;;;;;;;;;;;;;;;" 36°31'28.50""N";"  8°59'59.15""E";;;;;;
13 , 964L19;13 , 964;19;CSA;;;;;;;;;;;;;;;;;;;;;;;;;;;" 36°31'7.15""N";"  8°59'28.29""E";;;;;;
15 , 982L19;15 , 982;19;CSA;;;;;;;;;;;;;;;;;;;;;;;;;;;" 36°30'28.41""N";"  8°58'31.84""E";;;;;;
16 , 738L19;16 , 738;19;CSA;;;;;;;;;;;;;;;;;;;;;;;;;;;" 36°30'9.03""N";"  8°58'2.85""E";;;;;;
17 , 300L19;17 , 300;19;CSA;;;;;;;;;;;;;;;;;;;;;;;;;;;" 36°29'57.32""N";"  8°57'46.57""E";;;;;;
13 , 435L20;13 , 435;20;CSA;;;;;;;;;;;;;;;;;;;;;;;;;;;" 36°46'31.59""N";" 10°16'7.50""E";;;;;;
02 , 210L21;02 , 210;21;CSA;;;;;;;;;;;;;;;;;;;;;;;;;;;" 34°22'49.42""N";"  8°49'10.81""E";;;;;;
07 , 610L21;07 , 610;21;CSA;;;;;;;;;;;;;;;;;;;;;;;;;;;" 34°20'59.32""N";"  8°51'52.03""E";;;;;;
10 , 660L21;10 , 660;21;CSA;;;;;;;;;;;;;;;;;;;;;;;;;;;" 34°20'8.19""N";"  8°53'27.98""E";;;;;;
13 , 950L21;13 , 950;21;CSA;;;;;;;;;;;;;;;;;;;;;;;;;;;" 34°20'1.90""N";"  8°55'39.94""E";;;;;;
15 , 000L21;15 , 000;21;CSA;;;;;;;;;;;;;;;;;;;;;;;;;;;" 34°19'57.19""N";"  8°56'20.08""E";;;;;;
15 , 543L21;15 , 543;21;CSA;;;;;;;;;;;;;;;;;;;;;;;;;;;" 34°19'53.34""N";"  8°56'36.93""E";;;;;;
16 , 312L21;16 , 312;21;CSA;;;;;;;;;;;;;;;;;;;;;;;;;;;" 34°19'45.98""N";"  8°57'9.52""E";;;;;;
16 , 650L21;16 , 650;21;CSA;;;;;;;;;;;;;;;;;;;;;;;;;;;" 34°19'43.12""N";" 8°57'22.22""E";;;;;;
17 , 750L21;17 , 750;21;CSA;;;;;;;;;;;;;;;;;;;;;;;;;;;" 34°19'33.66""N";"  8°58'3.67""E";;;;;;
19 , 190L21;19 , 190;21;CSA;;;;;;;;;;;;;;;;;;;;;;;;;;;" 34°18'58.50""N";"  8°58'37.78""E";;;;;;
22 , 420L21;22 , 420;21;CSA;;;;;;;;;;;;;;;;;;;;;;;;;;;" 34°17'20.39""N";"  8°59'5.95""E";;;;;;
26 , 485L21;26 , 485;21;CSA;;;;;;;;;;;;;;;;;;;;;;;;;;;" 34°16'44.64""N";"  9° 1'33.98""E";;;;;;
29 , 500L21;29 , 500;21;CSA;;;;;;;;;;;;;;;;;;;;;;;;;;;" 34°16'6.52""N";"  9° 3'24.05""E";;;;;;
31 , 760L21;31 , 760;21;CSA;;;;;;;;;;;;;;;;;;;;;;;;;;;" 34°15'42.11""N";"  9° 4'45.71""E";;;;;;
36 , 100L21;36 , 100;21;CSA;;;;;;;;;;;;;;;;;;;;;;;;;;;" 34°14'55.60""N";"  9° 7'25.31""E";;;;;;
38 , 762L21;38 , 762;21;CSA;;;;;;;;;;;;;;;;;;;;;;;;;;;" 34°14'14.70""N";"  9° 8'49.63""E";;;;;;
41 , 380L21;41 , 380;21;CSA;;;;;;;;;;;;;;;;;;;;;;;;;;;" 34°13'24.31""N";"  9°10'12.62""E";;;;;;
42 , 380L21;42 , 380;21;CSA;;;;;;;;;;;;;;;;;;;;;;;;;;;" 34°13'4.95""N";"  9°10'48.60""E";;;;;;
54 , 110L21;54 , 110;21;CSA;;;;;;;;;;;;;;;;;;;;;;;;;;;" 34°10'44.98""N";"  9°17'35.80""E";;;;;;
55 , 200L21;55 , 200;21;CSA;;;;;;;;;;;;;;;;;;;;;;;;;;;" 34°10'43.16""N";"  9°18'17.61""E";;;;;;
56 , 500L21;56 , 500;21;CSA;;;;;;;;;;;;;;;;;;;;;;;;;;;" 34°10'40.92""N";"  9°19'8.34""E";;;;;;
57 , 500L21;57 , 500;21;CSA;;;;;;;;;;;;;;;;;;;;;;;;;;;" 34°10'39.22""N";"  9°19'46.73""E";;;;;;
58 , 900L21;58 , 900;21;CSA;;;;;;;;;;;;;;;;;;;;;;;;;;;" 34°10'36.90""N";"  9°20'42.56""E";;;;;;
59 , 830L21;59 , 830;21;CSA;;;;;;;;;;;;;;;;;;;;;;;;;;;" 34°10'35.18""N";"  9°21'19.07""E";;;;;;
61 , 400L21;61 , 400;21;CSA;;;;;;;;;;;;;;;;;;;;;;;;;;;" 34°10'32.52""N";"  9°22'20.58""E";;;;;;
62 , 830L21;62 , 830;21;CSA;;;;;;;;;;;;;;;;;;;;;;;;;;;" 34°10'30.14""N";"  9°23'16.04""E";;;;;;
66 , 300L21;66 , 300;21;CSA;;;;;;;;;;;;;;;;;;;;;;;;;;;" 34°10'24.21""N";"  9°25'31.18""E";;;;;;
75 , 160L21;75 , 160;21;CSA;;;;;;;;;;;;;;;;;;;;;;;;;;;" 34°10'9.09""N";"  9°31'16.78""E";;;;;;
76 , 895L21;76 , 895;21;CSA;;;;;;;;;;;;;;;;;;;;;;;;;;;" 34°10'6.11""N";"  9°32'24.41""E";;;;;;
79 , 180L21;79 , 180;21;CSA;;;;;;;;;;;;;;;;;;;;;;;;;;;" 34°10'2.21""N";"  9°33'53.68""E";;;;;;
89 , 180L21;89 , 180;21;CSA;;;;;;;;;;;;;;;;;;;;;;;;;;;" 34° 8'6.61""N";"  9°39'44.12""E";;;;;;
91 , 250L21;91 , 250;21;CSA;;;;;;;;;;;;;;;;;;;;;;;;;;;" 34° 7'17.96""N";"  9°40'40.67""E";;;;;;
92 , 930L21;92 , 930;21;CSA;;;;;;;;;;;;;;;;;;;;;;;;;;;" 34° 6'39.14""N";"  9°41'26.22""E";;;;;;
99 , 150L21;99 , 150;21;CSA;;;;;;;;;;;;;;;;;;;;;;;;;;;" 34° 4'5.84""N";"  9°44'3.23""E";;;;;;
100 , 100L21;100 , 100;21;CSA;;;;;;;;;;;;;;;;;;;;;;;;;;;" 34° 3'41.05""N";"  9°44'23.22""E";;;;;;
102 , 400L21;102 , 400;21;CSA;;;;;;;;;;;;;;;;;;;;;;;;;;;" 34° 2'38.17""N";"  9°45'13.45""E";;;;;;
105 , 750L21;105 , 750;21;CSA;;;;;;;;;;;;;;;;;;;;;;;;;;;" 34° 1'11.16""N";"  9°46'8.90""E";;;;;;
106 , 300L21;106 , 300;21;CSA;;;;;;;;;;;;;;;;;;;;;;;;;;;" 34° 1'7.61""N";"  9°46'30.32""E";;;;;;
106 , 800L21;106 , 800;21;CSA;;;;;;;;;;;;;;;;;;;;;;;;;;;" 34° 1'4.95""N";"  9°46'49.94""E";;;;;;
117 , 200L21;117 , 200;21;CSA;;;;;;;;;;;;;;;;;;;;;;;;;;;" 33°59'45.73""N";"  9°52'58.71""E";;;;;;
120 , 250L21;120 , 250;21;CSA;;;;;;;;;;;;;;;;;;;;;;;;;;;" 33°59'52.33""N";"  9°54'55.52""E";;;;;;
126 , 250L21;126 , 250;21;CSA;;;;;;;;;;;;;;;;;;;;;;;;;;;" 34° 0'6.85""N";"  9°58'48.20""E";;;;;;
03 , 080L22;03 , 080;22;CSA;;;;;;;;;;;;;;;;;;;;;;;;;;;" 35°46'55.78""N";" 10°40'8.98""E";;;;;;
27 , 050L22;27 , 050;22;CSA;;;;;;;;;;;;;;;;;;;;;;;;;;;" 35°42'3.17""N";" 10°49'14.23""E";;;;;;
28 , 674L22;28 , 674;22;CSA;;;;;;;;;;;;;;;;;;;;;;;;;;;" 35°41'21.31""N";" 10°49'53.16""E";;;;;;
48 , 080L22;48 , 080;22;CSA;;;;;;;;;;;;;;;;;;;;;;;;;;;" 35°36'40.06""N";" 10°59'36.53""E";;;;;;
2,950LCIM;2,95;CIM;CSA;;;;;;;;;;;;;;;;;;;;;;;;;;;" 36° 8'10.60""N";" 10°21'37.78""E";;;;;;
5 , 100LCIM;5 , 100;CIM;CSA;;;;;;;;;;;;;;;;;;;;;;;;;;;" 36° 8'20.49""N";" 10°20'14.87""E";;;;;;
6,120LCIM;6,12;CIM;CSA;;;;;;;;;;;;;;;;;;;;;;;;;;;" 36° 8'5.12""N";" 10°19'42.58""E";;;;;;
7,550LCIM;7,55;CIM;CSA;;;;;;;;;;;;;;;;;;;;;;;;;;;" 36° 8'19.26""N";" 10°18'50.53""E";;;;;;
1,300LCIM;1,3;CIM;CSA;;;;;;;;;;;;;;;;;;;;;;;;;;;" 33°54'39.30""N";" 10° 4'45.97""E";;;;;;
