Date,nom_ar,nom_fr,unite,valeur
2025-06-19 11:00:00,Température,Température,°C,24.4
2025-06-19 11:00:00,Vitesse du vent,Vitesse du vent,m/s,2.63
2025-06-19 11:00:00,Pression atmosphérique,Pression atmosphérique,mm/j,926.3
2025-06-19 11:00:00,Direction du vent,Direction du vent,Deg,334.1
2025-06-19 11:00:00,Évapotranspiration journalière,Évapotranspiration journalière,mm/j,8.27
2025-06-19 11:00:00,Évapotranspiration Horaire,Évapotranspiration Horaire,mm/h,0.0
2025-06-19 11:00:00,Rayonnement solaire,Rayonnement solaire,W/m²,935.0
2025-06-19 11:00:00,Point de Rosée,Point de Rosée,°C,10.1
2025-06-19 11:00:00,Humidité relative,Humidité relative,%,40.6
2025-06-19 10:00:00,Point de Rosée,Point de Rosée,°C,9.5
2025-06-19 10:00:00,Évapotranspiration Horaire,Évapotranspiration Horaire,mm/h,0.0
2025-06-19 10:00:00,Vitesse du vent,Vitesse du vent,m/s,2.75
2025-06-19 10:00:00,Température,Température,°C,23.7
2025-06-19 10:00:00,Pression atmosphérique,Pression atmosphérique,mm/j,926.8
2025-06-19 10:00:00,Rayonnement solaire,Rayonnement solaire,W/m²,803.0
2025-06-19 10:00:00,Direction du vent,Direction du vent,Deg,18.4
2025-06-19 10:00:00,Humidité relative,Humidité relative,%,40.6
2025-06-19 10:00:00,Évapotranspiration journalière,Évapotranspiration journalière,mm/j,8.27
2025-06-19 08:00:00,Température,Température,°C,20.7
2025-06-19 08:00:00,Humidité relative,Humidité relative,%,54.8
2025-06-19 08:00:00,Point de Rosée,Point de Rosée,°C,11.3
2025-06-19 08:00:00,Rayonnement solaire,Rayonnement solaire,W/m²,423.0
2025-06-19 08:00:00,Évapotranspiration Horaire,Évapotranspiration Horaire,mm/h,0.0
2025-06-19 08:00:00,Évapotranspiration journalière,Évapotranspiration journalière,mm/j,8.27
2025-06-19 08:00:00,Direction du vent,Direction du vent,Deg,320.1
2025-06-19 08:00:00,Pression atmosphérique,Pression atmosphérique,mm/j,927.2
2025-06-19 08:00:00,Vitesse du vent,Vitesse du vent,m/s,3.21
2025-06-19 06:00:00,Température,Température,°C,16.1
2025-06-19 06:00:00,Humidité relative,Humidité relative,%,81.7
2025-06-19 06:00:00,Point de Rosée,Point de Rosée,°C,13.0
2025-06-19 06:00:00,Rayonnement solaire,Rayonnement solaire,W/m²,54.0
2025-06-19 06:00:00,Évapotranspiration Horaire,Évapotranspiration Horaire,mm/h,0.0
2025-06-19 06:00:00,Évapotranspiration journalière,Évapotranspiration journalière,mm/j,8.27
2025-06-19 06:00:00,Direction du vent,Direction du vent,Deg,310.0
2025-06-19 06:00:00,Pression atmosphérique,Pression atmosphérique,mm/j,926.7
2025-06-19 06:00:00,Vitesse du vent,Vitesse du vent,m/s,0.63
2025-06-19 04:00:00,Vitesse du vent,Vitesse du vent,m/s,1.73
2025-06-19 04:00:00,Température,Température,°C,16.7
2025-06-19 04:00:00,Humidité relative,Humidité relative,%,81.5
2025-06-19 04:00:00,Point de Rosée,Point de Rosée,°C,13.5
2025-06-19 04:00:00,Rayonnement solaire,Rayonnement solaire,W/m²,0.0
2025-06-19 04:00:00,Évapotranspiration Horaire,Évapotranspiration Horaire,mm/h,0.0
2025-06-19 04:00:00,Évapotranspiration journalière,Évapotranspiration journalière,mm/j,8.27
2025-06-19 04:00:00,Direction du vent,Direction du vent,Deg,325.5
2025-06-19 04:00:00,Pression atmosphérique,Pression atmosphérique,mm/j,926.4
2025-06-19 02:00:00,Température,Température,°C,17.7
2025-06-19 02:00:00,Vitesse du vent,Vitesse du vent,m/s,3.75
2025-06-19 02:00:00,Pression atmosphérique,Pression atmosphérique,mm/j,926.9
2025-06-19 02:00:00,Direction du vent,Direction du vent,Deg,349.2
2025-06-19 02:00:00,Évapotranspiration journalière,Évapotranspiration journalière,mm/j,8.27
2025-06-19 02:00:00,Évapotranspiration Horaire,Évapotranspiration Horaire,mm/h,0.0
2025-06-19 02:00:00,Rayonnement solaire,Rayonnement solaire,W/m²,0.0
2025-06-19 02:00:00,Point de Rosée,Point de Rosée,°C,13.9
2025-06-19 02:00:00,Humidité relative,Humidité relative,%,78.6
2025-06-19 00:00:00,Vitesse du vent,Vitesse du vent,m/s,1.99
2025-06-19 00:00:00,Point de Rosée,Point de Rosée,°C,13.7
2025-06-19 00:00:00,Rayonnement solaire,Rayonnement solaire,W/m²,0.0
2025-06-19 00:00:00,Évapotranspiration Horaire,Évapotranspiration Horaire,mm/h,0.0
2025-06-19 00:00:00,Évapotranspiration journalière,Évapotranspiration journalière,mm/j,8.61
2025-06-19 00:00:00,Humidité relative,Humidité relative,%,70.5
2025-06-19 00:00:00,Direction du vent,Direction du vent,Deg,3.6
2025-06-19 00:00:00,Température,Température,°C,19.2
2025-06-19 00:00:00,Pression atmosphérique,Pression atmosphérique,mm/j,928.1
2025-06-18 22:00:00,Vitesse du vent,Vitesse du vent,m/s,1.94
2025-06-18 22:00:00,Pression atmosphérique,Pression atmosphérique,mm/j,927.5
2025-06-18 22:00:00,Direction du vent,Direction du vent,Deg,13.7
2025-06-18 22:00:00,Évapotranspiration journalière,Évapotranspiration journalière,mm/j,8.61
2025-06-18 22:00:00,Évapotranspiration Horaire,Évapotranspiration Horaire,mm/h,0.0
2025-06-18 22:00:00,Rayonnement solaire,Rayonnement solaire,W/m²,0.0
2025-06-18 22:00:00,Point de Rosée,Point de Rosée,°C,13.9
2025-06-18 22:00:00,Humidité relative,Humidité relative,%,62.4
2025-06-18 22:00:00,Température,Température,°C,21.4
2025-06-18 20:00:00,Évapotranspiration Horaire,Évapotranspiration Horaire,mm/h,0.0
2025-06-18 20:00:00,Vitesse du vent,Vitesse du vent,m/s,3.82
2025-06-18 20:00:00,Pression atmosphérique,Pression atmosphérique,mm/j,926.4
2025-06-18 20:00:00,Direction du vent,Direction du vent,Deg,24.8
2025-06-18 20:00:00,Évapotranspiration journalière,Évapotranspiration journalière,mm/j,8.61
2025-06-18 20:00:00,Rayonnement solaire,Rayonnement solaire,W/m²,0.0
2025-06-18 20:00:00,Point de Rosée,Point de Rosée,°C,13.1
2025-06-18 20:00:00,Humidité relative,Humidité relative,%,48.3
2025-06-18 20:00:00,Température,Température,°C,24.8
2025-06-18 18:00:00,Vitesse du vent,Vitesse du vent,m/s,7.48
2025-06-18 18:00:00,Pression atmosphérique,Pression atmosphérique,mm/j,925.3
2025-06-18 18:00:00,Direction du vent,Direction du vent,Deg,7.9
2025-06-18 18:00:00,Évapotranspiration journalière,Évapotranspiration journalière,mm/j,8.61
2025-06-18 18:00:00,Évapotranspiration Horaire,Évapotranspiration Horaire,mm/h,0.0
2025-06-18 18:00:00,Rayonnement solaire,Rayonnement solaire,W/m²,255.0
2025-06-18 18:00:00,Point de Rosée,Point de Rosée,°C,5.0
2025-06-18 18:00:00,Humidité relative,Humidité relative,%,21.7
2025-06-18 18:00:00,Température,Température,°C,29.1
2025-06-18 16:00:00,Vitesse du vent,Vitesse du vent,m/s,5.27
2025-06-18 16:00:00,Pression atmosphérique,Pression atmosphérique,mm/j,925.2
2025-06-18 16:00:00,Direction du vent,Direction du vent,Deg,1.7
2025-06-18 16:00:00,Évapotranspiration journalière,Évapotranspiration journalière,mm/j,8.61
2025-06-18 16:00:00,Évapotranspiration Horaire,Évapotranspiration Horaire,mm/h,0.0
2025-06-18 16:00:00,Rayonnement solaire,Rayonnement solaire,W/m²,692.0
2025-06-18 16:00:00,Point de Rosée,Point de Rosée,°C,2.8
2025-06-18 16:00:00,Humidité relative,Humidité relative,%,16.8
2025-06-18 16:00:00,Température,Température,°C,30.8
2025-06-18 15:00:00,Vitesse du vent,Vitesse du vent,m/s,3.28
2025-06-18 15:00:00,Pression atmosphérique,Pression atmosphérique,mm/j,925.6
2025-06-18 15:00:00,Direction du vent,Direction du vent,Deg,334.0
2025-06-18 15:00:00,Évapotranspiration journalière,Évapotranspiration journalière,mm/j,8.61
2025-06-18 15:00:00,Évapotranspiration Horaire,Évapotranspiration Horaire,mm/h,0.0
2025-06-18 15:00:00,Rayonnement solaire,Rayonnement solaire,W/m²,847.0
2025-06-18 15:00:00,Point de Rosée,Point de Rosée,°C,2.5
2025-06-18 15:00:00,Humidité relative,Humidité relative,%,16.2
2025-06-18 15:00:00,Température,Température,°C,31.1
2025-06-18 14:00:00,Évapotranspiration Horaire,Évapotranspiration Horaire,mm/h,0.0
2025-06-18 14:00:00,Vitesse du vent,Vitesse du vent,m/s,7.28
2025-06-18 14:00:00,Température,Température,°C,31.2
2025-06-18 14:00:00,Pression atmosphérique,Pression atmosphérique,mm/j,925.8
2025-06-18 14:00:00,Rayonnement solaire,Rayonnement solaire,W/m²,990.0
2025-06-18 14:00:00,Direction du vent,Direction du vent,Deg,352.8
2025-06-18 14:00:00,Humidité relative,Humidité relative,%,17.6
2025-06-18 14:00:00,Évapotranspiration journalière,Évapotranspiration journalière,mm/j,8.61
2025-06-18 14:00:00,Point de Rosée,Point de Rosée,°C,3.8
2025-06-18 12:00:00,Vitesse du vent,Vitesse du vent,m/s,3.88
2025-06-18 12:00:00,Pression atmosphérique,Pression atmosphérique,mm/j,926.4
2025-06-18 12:00:00,Direction du vent,Direction du vent,Deg,324.4
2025-06-18 12:00:00,Évapotranspiration journalière,Évapotranspiration journalière,mm/j,8.61
2025-06-18 12:00:00,Évapotranspiration Horaire,Évapotranspiration Horaire,mm/h,0.0
2025-06-18 12:00:00,Rayonnement solaire,Rayonnement solaire,W/m²,984.0
2025-06-18 12:00:00,Point de Rosée,Point de Rosée,°C,6.5
2025-06-18 12:00:00,Humidité relative,Humidité relative,%,23.6
2025-06-18 12:00:00,Température,Température,°C,29.4
2025-06-18 10:00:00,Pression atmosphérique,Pression atmosphérique,mm/j,926.8
2025-06-18 10:00:00,Vitesse du vent,Vitesse du vent,m/s,3.41
2025-06-18 10:00:00,Direction du vent,Direction du vent,Deg,352.0
2025-06-18 10:00:00,Évapotranspiration journalière,Évapotranspiration journalière,mm/j,8.61
2025-06-18 10:00:00,Évapotranspiration Horaire,Évapotranspiration Horaire,mm/h,0.0
2025-06-18 10:00:00,Rayonnement solaire,Rayonnement solaire,W/m²,798.0
2025-06-18 10:00:00,Point de Rosée,Point de Rosée,°C,9.2
2025-06-18 10:00:00,Humidité relative,Humidité relative,%,32.7
2025-06-18 10:00:00,Température,Température,°C,27.0
2025-06-18 09:00:00,Direction du vent,Direction du vent,Deg,350.7
2025-06-18 09:00:00,Vitesse du vent,Vitesse du vent,m/s,3.98
2025-06-18 09:00:00,Pression atmosphérique,Pression atmosphérique,mm/j,926.9
2025-06-18 09:00:00,Évapotranspiration journalière,Évapotranspiration journalière,mm/j,8.61
2025-06-18 09:00:00,Évapotranspiration Horaire,Évapotranspiration Horaire,mm/h,0.0
2025-06-18 09:00:00,Rayonnement solaire,Rayonnement solaire,W/m²,631.0
2025-06-18 09:00:00,Point de Rosée,Point de Rosée,°C,8.7
2025-06-18 09:00:00,Humidité relative,Humidité relative,%,33.9
2025-06-18 09:00:00,Température,Température,°C,25.8
2025-06-18 08:00:00,Évapotranspiration Horaire,Évapotranspiration Horaire,mm/h,0.0
2025-06-18 08:00:00,Température,Température,°C,24.7
2025-06-18 08:00:00,Rayonnement solaire,Rayonnement solaire,W/m²,419.0
2025-06-18 08:00:00,Pression atmosphérique,Pression atmosphérique,mm/j,926.9
2025-06-18 08:00:00,Vitesse du vent,Vitesse du vent,m/s,3.48
2025-06-18 08:00:00,Direction du vent,Direction du vent,Deg,8.9
2025-06-18 08:00:00,Humidité relative,Humidité relative,%,35.1
2025-06-18 08:00:00,Évapotranspiration journalière,Évapotranspiration journalière,mm/j,8.61
2025-06-18 08:00:00,Point de Rosée,Point de Rosée,°C,8.2
2025-06-18 06:00:00,Pression atmosphérique,Pression atmosphérique,mm/j,926.6
2025-06-18 06:00:00,Vitesse du vent,Vitesse du vent,m/s,1.88
2025-06-18 06:00:00,Direction du vent,Direction du vent,Deg,17.3
2025-06-18 06:00:00,Évapotranspiration journalière,Évapotranspiration journalière,mm/j,8.61
2025-06-18 06:00:00,Évapotranspiration Horaire,Évapotranspiration Horaire,mm/h,0.0
2025-06-18 06:00:00,Rayonnement solaire,Rayonnement solaire,W/m²,65.0
2025-06-18 06:00:00,Point de Rosée,Point de Rosée,°C,8.3
2025-06-18 06:00:00,Humidité relative,Humidité relative,%,43.3
2025-06-18 06:00:00,Température,Température,°C,21.3
2025-06-18 05:00:00,Vitesse du vent,Vitesse du vent,m/s,1.05
2025-06-18 05:00:00,Direction du vent,Direction du vent,Deg,352.7
2025-06-18 05:00:00,Pression atmosphérique,Pression atmosphérique,mm/j,926.2
2025-06-18 05:00:00,Évapotranspiration Horaire,Évapotranspiration Horaire,mm/h,0.0
2025-06-18 05:00:00,Évapotranspiration journalière,Évapotranspiration journalière,mm/j,8.61
2025-06-18 05:00:00,Rayonnement solaire,Rayonnement solaire,W/m²,0.0
2025-06-18 05:00:00,Point de Rosée,Point de Rosée,°C,7.5
2025-06-18 05:00:00,Humidité relative,Humidité relative,%,45.1
2025-06-18 05:00:00,Température,Température,°C,19.7
2025-06-18 04:00:00,Température,Température,°C,21.2
2025-06-18 04:00:00,Direction du vent,Direction du vent,Deg,331.2
2025-06-18 04:00:00,Évapotranspiration journalière,Évapotranspiration journalière,mm/j,8.61
2025-06-18 04:00:00,Vitesse du vent,Vitesse du vent,m/s,1.2
2025-06-18 04:00:00,Rayonnement solaire,Rayonnement solaire,W/m²,0.0
2025-06-18 04:00:00,Humidité relative,Humidité relative,%,41.4
2025-06-18 04:00:00,Point de Rosée,Point de Rosée,°C,7.6
2025-06-18 04:00:00,Évapotranspiration Horaire,Évapotranspiration Horaire,mm/h,0.0
2025-06-18 04:00:00,Pression atmosphérique,Pression atmosphérique,mm/j,926.0
2025-06-18 02:00:00,Vitesse du vent,Vitesse du vent,m/s,1.34
2025-06-18 02:00:00,Pression atmosphérique,Pression atmosphérique,mm/j,926.4
2025-06-18 02:00:00,Direction du vent,Direction du vent,Deg,346.2
2025-06-18 02:00:00,Évapotranspiration journalière,Évapotranspiration journalière,mm/j,8.61
2025-06-18 02:00:00,Évapotranspiration Horaire,Évapotranspiration Horaire,mm/h,0.0
2025-06-18 02:00:00,Rayonnement solaire,Rayonnement solaire,W/m²,0.0
2025-06-18 02:00:00,Point de Rosée,Point de Rosée,°C,7.6
2025-06-18 02:00:00,Humidité relative,Humidité relative,%,39.5
2025-06-18 02:00:00,Température,Température,°C,22.0
2025-06-18 01:00:00,Évapotranspiration journalière,Évapotranspiration journalière,mm/j,8.61
2025-06-18 01:00:00,Température,Température,°C,23.5
2025-06-18 01:00:00,Humidité relative,Humidité relative,%,34.4
2025-06-18 01:00:00,Vitesse du vent,Vitesse du vent,m/s,2.14
2025-06-18 01:00:00,Point de Rosée,Point de Rosée,°C,6.9
2025-06-18 01:00:00,Pression atmosphérique,Pression atmosphérique,mm/j,927.1
2025-06-18 01:00:00,Rayonnement solaire,Rayonnement solaire,W/m²,0.0
2025-06-18 01:00:00,Direction du vent,Direction du vent,Deg,2.9
2025-06-18 01:00:00,Évapotranspiration Horaire,Évapotranspiration Horaire,mm/h,0.0
2025-06-18 00:00:00,Évapotranspiration journalière,Évapotranspiration journalière,mm/j,8.06
2025-06-18 00:00:00,Intensité de Pluie,Intensité de Pluie,mm/h,0.0
2025-06-18 00:00:00,Pluie Totale,Pluie Totale,mm,816.6
2025-06-18 00:00:00,Pluie quotidienne,Pluie quotidienne,mm,0.0
2025-06-18 00:00:00,Vitesse du vent,Vitesse du vent,m/s,2.35
2025-06-18 00:00:00,Pression atmosphérique,Pression atmosphérique,mm/j,927.4
2025-06-18 00:00:00,Direction du vent,Direction du vent,Deg,7.7
2025-06-18 00:00:00,Évapotranspiration Horaire,Évapotranspiration Horaire,mm/h,0.0
2025-06-18 00:00:00,Rayonnement solaire,Rayonnement solaire,W/m²,0.0
2025-06-18 00:00:00,Point de Rosée,Point de Rosée,°C,8.1
2025-06-18 00:00:00,Humidité relative,Humidité relative,%,38.1
2025-06-18 00:00:00,Température,Température,°C,23.2
2025-06-17 23:00:00,Pression atmosphérique,Pression atmosphérique,mm/j,927.7
2025-06-17 23:00:00,Rayonnement solaire,Rayonnement solaire,W/m²,0.0
2025-06-17 23:00:00,Évapotranspiration journalière,Évapotranspiration journalière,mm/j,8.06
2025-06-17 23:00:00,Point de Rosée,Point de Rosée,°C,9.0
2025-06-17 23:00:00,Vitesse du vent,Vitesse du vent,m/s,1.41
2025-06-17 23:00:00,Humidité relative,Humidité relative,%,36.9
2025-06-17 23:00:00,Direction du vent,Direction du vent,Deg,338.7
2025-06-17 23:00:00,Température,Température,°C,24.7
2025-06-17 23:00:00,Évapotranspiration Horaire,Évapotranspiration Horaire,mm/h,0.0
2025-06-17 22:00:00,Point de Rosée,Point de Rosée,°C,7.4
2025-06-17 22:00:00,Vitesse du vent,Vitesse du vent,m/s,1.58
2025-06-17 22:00:00,Pression atmosphérique,Pression atmosphérique,mm/j,927.7
2025-06-17 22:00:00,Direction du vent,Direction du vent,Deg,77.0
2025-06-17 22:00:00,Évapotranspiration journalière,Évapotranspiration journalière,mm/j,8.06
2025-06-17 22:00:00,Évapotranspiration Horaire,Évapotranspiration Horaire,mm/h,0.0
2025-06-17 22:00:00,Rayonnement solaire,Rayonnement solaire,W/m²,0.0
2025-06-17 22:00:00,Humidité relative,Humidité relative,%,27.8
2025-06-17 22:00:00,Température,Température,°C,27.7
2025-06-17 21:00:00,Vitesse du vent,Vitesse du vent,m/s,3.77
2025-06-17 21:00:00,Température,Température,°C,28.7
2025-06-17 21:00:00,Pression atmosphérique,Pression atmosphérique,mm/j,927.3
2025-06-17 21:00:00,Humidité relative,Humidité relative,%,26.0
2025-06-17 21:00:00,Direction du vent,Direction du vent,Deg,151.8
2025-06-17 21:00:00,Point de Rosée,Point de Rosée,°C,7.3
2025-06-17 21:00:00,Évapotranspiration journalière,Évapotranspiration journalière,mm/j,8.06
2025-06-17 21:00:00,Rayonnement solaire,Rayonnement solaire,W/m²,0.0
2025-06-17 21:00:00,Évapotranspiration Horaire,Évapotranspiration Horaire,mm/h,0.0
2025-06-17 20:00:00,Évapotranspiration journalière,Évapotranspiration journalière,mm/j,8.06
2025-06-17 20:00:00,Vitesse du vent,Vitesse du vent,m/s,3.84
2025-06-17 20:00:00,Pression atmosphérique,Pression atmosphérique,mm/j,926.1
2025-06-17 20:00:00,Direction du vent,Direction du vent,Deg,11.3
2025-06-17 20:00:00,Évapotranspiration Horaire,Évapotranspiration Horaire,mm/h,0.0
2025-06-17 20:00:00,Rayonnement solaire,Rayonnement solaire,W/m²,0.0
2025-06-17 20:00:00,Point de Rosée,Point de Rosée,°C,7.9
2025-06-17 20:00:00,Humidité relative,Humidité relative,%,25.3
2025-06-17 20:00:00,Température,Température,°C,29.9
2025-06-17 18:00:00,Évapotranspiration Horaire,Évapotranspiration Horaire,mm/h,0.0
2025-06-17 18:00:00,Point de Rosée,Point de Rosée,°C,4.2
2025-06-17 18:00:00,Évapotranspiration journalière,Évapotranspiration journalière,mm/j,8.06
2025-06-17 18:00:00,Vitesse du vent,Vitesse du vent,m/s,5.46
2025-06-17 18:00:00,Rayonnement solaire,Rayonnement solaire,W/m²,237.0
2025-06-17 18:00:00,Direction du vent,Direction du vent,Deg,65.6
2025-06-17 18:00:00,Humidité relative,Humidité relative,%,15.5
2025-06-17 18:00:00,Pression atmosphérique,Pression atmosphérique,mm/j,925.1
2025-06-17 18:00:00,Température,Température,°C,34.0
2025-06-17 16:00:00,Évapotranspiration Horaire,Évapotranspiration Horaire,mm/h,0.0
2025-06-17 16:00:00,Vitesse du vent,Vitesse du vent,m/s,2.12
2025-06-17 16:00:00,Pression atmosphérique,Pression atmosphérique,mm/j,925.5
2025-06-17 16:00:00,Direction du vent,Direction du vent,Deg,12.5
2025-06-17 16:00:00,Évapotranspiration journalière,Évapotranspiration journalière,mm/j,8.06
2025-06-17 16:00:00,Rayonnement solaire,Rayonnement solaire,W/m²,139.0
2025-06-17 16:00:00,Point de Rosée,Point de Rosée,°C,4.5
2025-06-17 16:00:00,Humidité relative,Humidité relative,%,15.3
2025-06-17 16:00:00,Température,Température,°C,34.6
2025-06-17 15:00:00,Vitesse du vent,Vitesse du vent,m/s,4.69
2025-06-17 15:00:00,Température,Température,°C,35.2
2025-06-17 15:00:00,Pression atmosphérique,Pression atmosphérique,mm/j,926.0
2025-06-17 15:00:00,Humidité relative,Humidité relative,%,13.9
2025-06-17 15:00:00,Direction du vent,Direction du vent,Deg,29.6
2025-06-17 15:00:00,Point de Rosée,Point de Rosée,°C,3.6
2025-06-17 15:00:00,Évapotranspiration journalière,Évapotranspiration journalière,mm/j,8.06
2025-06-17 15:00:00,Rayonnement solaire,Rayonnement solaire,W/m²,822.0
2025-06-17 15:00:00,Évapotranspiration Horaire,Évapotranspiration Horaire,mm/h,0.0
2025-06-17 14:00:00,Point de Rosée,Point de Rosée,°C,3.3
2025-06-17 14:00:00,Vitesse du vent,Vitesse du vent,m/s,4.05
2025-06-17 14:00:00,Pression atmosphérique,Pression atmosphérique,mm/j,926.4
2025-06-17 14:00:00,Direction du vent,Direction du vent,Deg,18.2
2025-06-17 14:00:00,Évapotranspiration journalière,Évapotranspiration journalière,mm/j,8.06
2025-06-17 14:00:00,Évapotranspiration Horaire,Évapotranspiration Horaire,mm/h,0.0
2025-06-17 14:00:00,Rayonnement solaire,Rayonnement solaire,W/m²,911.0
2025-06-17 14:00:00,Humidité relative,Humidité relative,%,14.0
2025-06-17 14:00:00,Température,Température,°C,34.7
2025-06-17 12:00:00,Vitesse du vent,Vitesse du vent,m/s,3.17
2025-06-17 12:00:00,Pression atmosphérique,Pression atmosphérique,mm/j,926.9
2025-06-17 12:00:00,Direction du vent,Direction du vent,Deg,336.4
2025-06-17 12:00:00,Évapotranspiration journalière,Évapotranspiration journalière,mm/j,8.06
2025-06-17 12:00:00,Évapotranspiration Horaire,Évapotranspiration Horaire,mm/h,0.0
2025-06-17 12:00:00,Rayonnement solaire,Rayonnement solaire,W/m²,967.0
2025-06-17 12:00:00,Point de Rosée,Point de Rosée,°C,6.9
2025-06-17 12:00:00,Humidité relative,Humidité relative,%,19.3
2025-06-17 12:00:00,Température,Température,°C,33.4
2025-06-17 10:00:00,Vitesse du vent,Vitesse du vent,m/s,1.71
2025-06-17 10:00:00,Pression atmosphérique,Pression atmosphérique,mm/j,927.4
2025-06-17 10:00:00,Direction du vent,Direction du vent,Deg,323.7
2025-06-17 10:00:00,Évapotranspiration journalière,Évapotranspiration journalière,mm/j,8.06
2025-06-17 10:00:00,Évapotranspiration Horaire,Évapotranspiration Horaire,mm/h,0.0
2025-06-17 10:00:00,Rayonnement solaire,Rayonnement solaire,W/m²,766.0
2025-06-17 10:00:00,Point de Rosée,Point de Rosée,°C,6.7
2025-06-17 10:00:00,Humidité relative,Humidité relative,%,21.2
2025-06-17 10:00:00,Température,Température,°C,31.5
2025-06-17 08:00:00,Vitesse du vent,Vitesse du vent,m/s,1.27
2025-06-17 08:00:00,Pression atmosphérique,Pression atmosphérique,mm/j,927.5
2025-06-17 08:00:00,Direction du vent,Direction du vent,Deg,321.3
2025-06-17 08:00:00,Évapotranspiration journalière,Évapotranspiration journalière,mm/j,8.06
2025-06-17 08:00:00,Évapotranspiration Horaire,Évapotranspiration Horaire,mm/h,0.0
2025-06-17 08:00:00,Rayonnement solaire,Rayonnement solaire,W/m²,407.0
2025-06-17 08:00:00,Point de Rosée,Point de Rosée,°C,6.4
2025-06-17 08:00:00,Humidité relative,Humidité relative,%,25.1
2025-06-17 08:00:00,Température,Température,°C,28.2
2025-06-17 06:00:00,Pression atmosphérique,Pression atmosphérique,mm/j,927.4
2025-06-17 06:00:00,Vitesse du vent,Vitesse du vent,m/s,1.07
2025-06-17 06:00:00,Direction du vent,Direction du vent,Deg,358.6
2025-06-17 06:00:00,Évapotranspiration journalière,Évapotranspiration journalière,mm/j,8.06
2025-06-17 06:00:00,Évapotranspiration Horaire,Évapotranspiration Horaire,mm/h,0.0
2025-06-17 06:00:00,Rayonnement solaire,Rayonnement solaire,W/m²,60.0
2025-06-17 06:00:00,Point de Rosée,Point de Rosée,°C,6.4
2025-06-17 06:00:00,Humidité relative,Humidité relative,%,34.3
2025-06-17 06:00:00,Température,Température,°C,23.0
2025-06-17 05:00:00,Vitesse du vent,Vitesse du vent,m/s,2.03
2025-06-17 05:00:00,Rayonnement solaire,Rayonnement solaire,W/m²,1.0
2025-06-17 05:00:00,Direction du vent,Direction du vent,Deg,15.6
2025-06-17 05:00:00,Point de Rosée,Point de Rosée,°C,6.1
2025-06-17 05:00:00,Pression atmosphérique,Pression atmosphérique,mm/j,927.4
2025-06-17 05:00:00,Humidité relative,Humidité relative,%,37.7
2025-06-17 05:00:00,Évapotranspiration Horaire,Évapotranspiration Horaire,mm/h,0.0
2025-06-17 05:00:00,Température,Température,°C,21.1
2025-06-17 05:00:00,Évapotranspiration journalière,Évapotranspiration journalière,mm/j,8.06
2025-06-17 04:00:00,Direction du vent,Direction du vent,Deg,9.4
2025-06-17 04:00:00,Évapotranspiration journalière,Évapotranspiration journalière,mm/j,8.06
2025-06-17 04:00:00,Vitesse du vent,Vitesse du vent,m/s,2.54
2025-06-17 04:00:00,Évapotranspiration Horaire,Évapotranspiration Horaire,mm/h,0.0
2025-06-17 04:00:00,Rayonnement solaire,Rayonnement solaire,W/m²,0.0
2025-06-17 04:00:00,Point de Rosée,Point de Rosée,°C,6.5
2025-06-17 04:00:00,Humidité relative,Humidité relative,%,37.4
2025-06-17 04:00:00,Température,Température,°C,21.7
2025-06-17 04:00:00,Pression atmosphérique,Pression atmosphérique,mm/j,927.3
2025-06-17 03:00:00,Vitesse du vent,Vitesse du vent,m/s,1.44
2025-06-17 03:00:00,Humidité relative,Humidité relative,%,42.1
2025-06-17 03:00:00,Pression atmosphérique,Pression atmosphérique,mm/j,927.7
2025-06-17 03:00:00,Évapotranspiration Horaire,Évapotranspiration Horaire,mm/h,0.0
2025-06-17 03:00:00,Direction du vent,Direction du vent,Deg,311.3
2025-06-17 03:00:00,Point de Rosée,Point de Rosée,°C,7.1
2025-06-17 03:00:00,Évapotranspiration journalière,Évapotranspiration journalière,mm/j,8.06
2025-06-17 03:00:00,Température,Température,°C,20.4
2025-06-17 03:00:00,Rayonnement solaire,Rayonnement solaire,W/m²,0.0
2025-06-17 02:00:00,Température,Température,°C,20.9
2025-06-17 02:00:00,Vitesse du vent,Vitesse du vent,m/s,1.19
2025-06-17 02:00:00,Pression atmosphérique,Pression atmosphérique,mm/j,927.9
2025-06-17 02:00:00,Direction du vent,Direction du vent,Deg,17.1
2025-06-17 02:00:00,Évapotranspiration journalière,Évapotranspiration journalière,mm/j,8.06
2025-06-17 02:00:00,Évapotranspiration Horaire,Évapotranspiration Horaire,mm/h,0.0
2025-06-17 02:00:00,Rayonnement solaire,Rayonnement solaire,W/m²,0.0
2025-06-17 02:00:00,Point de Rosée,Point de Rosée,°C,6.8
2025-06-17 02:00:00,Humidité relative,Humidité relative,%,40.0
2025-06-17 01:00:00,Direction du vent,Direction du vent,Deg,2.2
2025-06-17 01:00:00,Rayonnement solaire,Rayonnement solaire,W/m²,0.0
2025-06-17 01:00:00,Pression atmosphérique,Pression atmosphérique,mm/j,928.3
2025-06-17 01:00:00,Point de Rosée,Point de Rosée,°C,6.8
2025-06-17 01:00:00,Évapotranspiration journalière,Évapotranspiration journalière,mm/j,8.06
2025-06-17 01:00:00,Humidité relative,Humidité relative,%,38.2
2025-06-17 01:00:00,Vitesse du vent,Vitesse du vent,m/s,1.92
2025-06-17 01:00:00,Température,Température,°C,21.6
2025-06-17 01:00:00,Évapotranspiration Horaire,Évapotranspiration Horaire,mm/h,0.0
2025-06-17 00:00:00,Point de Rosée,Point de Rosée,°C,7.3
2025-06-17 00:00:00,Humidité relative,Humidité relative,%,36.4
2025-06-17 00:00:00,Intensité de Pluie,Intensité de Pluie,mm/h,0.0
2025-06-17 00:00:00,Température,Température,°C,23.0
2025-06-17 00:00:00,Pluie Totale,Pluie Totale,mm,816.6
2025-06-17 00:00:00,Pluie quotidienne,Pluie quotidienne,mm,0.0
2025-06-17 00:00:00,Vitesse du vent,Vitesse du vent,m/s,1.32
2025-06-17 00:00:00,Pression atmosphérique,Pression atmosphérique,mm/j,928.4
2025-06-17 00:00:00,Direction du vent,Direction du vent,Deg,344.2
2025-06-17 00:00:00,Évapotranspiration journalière,Évapotranspiration journalière,mm/j,7.98
2025-06-17 00:00:00,Évapotranspiration Horaire,Évapotranspiration Horaire,mm/h,0.0
2025-06-17 00:00:00,Rayonnement solaire,Rayonnement solaire,W/m²,0.0
2025-06-16 22:00:00,Évapotranspiration journalière,Évapotranspiration journalière,mm/j,7.98
2025-06-16 22:00:00,Vitesse du vent,Vitesse du vent,m/s,2.41
2025-06-16 22:00:00,Pression atmosphérique,Pression atmosphérique,mm/j,928.4
2025-06-16 22:00:00,Direction du vent,Direction du vent,Deg,106.8
2025-06-16 22:00:00,Évapotranspiration Horaire,Évapotranspiration Horaire,mm/h,0.0
2025-06-16 22:00:00,Rayonnement solaire,Rayonnement solaire,W/m²,1.0
2025-06-16 22:00:00,Point de Rosée,Point de Rosée,°C,6.1
2025-06-16 22:00:00,Humidité relative,Humidité relative,%,24.0
2025-06-16 22:00:00,Température,Température,°C,28.7
2025-06-16 20:00:00,Évapotranspiration Horaire,Évapotranspiration Horaire,mm/h,0.0
2025-06-16 20:00:00,Point de Rosée,Point de Rosée,°C,6.4
2025-06-16 20:00:00,Évapotranspiration journalière,Évapotranspiration journalière,mm/j,7.98
2025-06-16 20:00:00,Rayonnement solaire,Rayonnement solaire,W/m²,0.0
2025-06-16 20:00:00,Humidité relative,Humidité relative,%,20.9
2025-06-16 20:00:00,Direction du vent,Direction du vent,Deg,158.3
2025-06-16 20:00:00,Vitesse du vent,Vitesse du vent,m/s,2.33
2025-06-16 20:00:00,Pression atmosphérique,Pression atmosphérique,mm/j,926.9
2025-06-16 20:00:00,Température,Température,°C,31.4
2025-06-16 18:00:00,Évapotranspiration journalière,Évapotranspiration journalière,mm/j,7.98
2025-06-16 18:00:00,Vitesse du vent,Vitesse du vent,m/s,2.43
2025-06-16 18:00:00,Pression atmosphérique,Pression atmosphérique,mm/j,926.1
2025-06-16 18:00:00,Direction du vent,Direction du vent,Deg,16.3
2025-06-16 18:00:00,Évapotranspiration Horaire,Évapotranspiration Horaire,mm/h,0.0
2025-06-16 18:00:00,Rayonnement solaire,Rayonnement solaire,W/m²,226.0
2025-06-16 18:00:00,Point de Rosée,Point de Rosée,°C,4.8
2025-06-16 18:00:00,Humidité relative,Humidité relative,%,16.1
2025-06-16 18:00:00,Température,Température,°C,34.1
2025-06-16 17:00:00,Évapotranspiration Horaire,Évapotranspiration Horaire,mm/h,0.0
2025-06-16 17:00:00,Vitesse du vent,Vitesse du vent,m/s,3.73
2025-06-16 17:00:00,Température,Température,°C,34.7
2025-06-16 17:00:00,Humidité relative,Humidité relative,%,16.0
2025-06-16 17:00:00,Pression atmosphérique,Pression atmosphérique,mm/j,926.1
2025-06-16 17:00:00,Direction du vent,Direction du vent,Deg,350.7
2025-06-16 17:00:00,Point de Rosée,Point de Rosée,°C,5.2
2025-06-16 17:00:00,Évapotranspiration journalière,Évapotranspiration journalière,mm/j,7.98
2025-06-16 17:00:00,Rayonnement solaire,Rayonnement solaire,W/m²,486.0
2025-06-16 16:00:00,Humidité relative,Humidité relative,%,13.8
2025-06-16 16:00:00,Vitesse du vent,Vitesse du vent,m/s,3.38
2025-06-16 16:00:00,Pression atmosphérique,Pression atmosphérique,mm/j,926.4
2025-06-16 16:00:00,Direction du vent,Direction du vent,Deg,89.3
2025-06-16 16:00:00,Évapotranspiration journalière,Évapotranspiration journalière,mm/j,7.98
2025-06-16 16:00:00,Évapotranspiration Horaire,Évapotranspiration Horaire,mm/h,0.0
2025-06-16 16:00:00,Rayonnement solaire,Rayonnement solaire,W/m²,670.0
2025-06-16 16:00:00,Point de Rosée,Point de Rosée,°C,3.7
2025-06-16 16:00:00,Température,Température,°C,35.5
2025-06-16 14:00:00,Vitesse du vent,Vitesse du vent,m/s,0.72
2025-06-16 14:00:00,Pression atmosphérique,Pression atmosphérique,mm/j,927.4
2025-06-16 14:00:00,Direction du vent,Direction du vent,Deg,99.0
2025-06-16 14:00:00,Évapotranspiration journalière,Évapotranspiration journalière,mm/j,7.98
2025-06-16 14:00:00,Évapotranspiration Horaire,Évapotranspiration Horaire,mm/h,0.0
2025-06-16 14:00:00,Rayonnement solaire,Rayonnement solaire,W/m²,935.0
2025-06-16 14:00:00,Point de Rosée,Point de Rosée,°C,4.4
2025-06-16 14:00:00,Humidité relative,Humidité relative,%,15.8
2025-06-16 14:00:00,Température,Température,°C,33.9
2025-06-16 13:00:00,Vitesse du vent,Vitesse du vent,m/s,4.58
2025-06-16 13:00:00,Pression atmosphérique,Pression atmosphérique,mm/j,927.6
2025-06-16 13:00:00,Direction du vent,Direction du vent,Deg,39.4
2025-06-16 13:00:00,Évapotranspiration journalière,Évapotranspiration journalière,mm/j,7.98
2025-06-16 13:00:00,Évapotranspiration Horaire,Évapotranspiration Horaire,mm/h,0.0
2025-06-16 13:00:00,Rayonnement solaire,Rayonnement solaire,W/m²,992.0
2025-06-16 13:00:00,Point de Rosée,Point de Rosée,°C,5.3
2025-06-16 13:00:00,Température,Température,°C,33.9
2025-06-16 13:00:00,Humidité relative,Humidité relative,%,16.9
2025-06-16 12:00:00,Point de Rosée,Point de Rosée,°C,5.4
2025-06-16 12:00:00,Température,Température,°C,32.4
2025-06-16 12:00:00,Humidité relative,Humidité relative,%,18.5
2025-06-16 12:00:00,Rayonnement solaire,Rayonnement solaire,W/m²,980.0
2025-06-16 12:00:00,Évapotranspiration Horaire,Évapotranspiration Horaire,mm/h,0.0
2025-06-16 12:00:00,Évapotranspiration journalière,Évapotranspiration journalière,mm/j,7.98
2025-06-16 12:00:00,Direction du vent,Direction du vent,Deg,329.3
2025-06-16 12:00:00,Pression atmosphérique,Pression atmosphérique,mm/j,928.1
2025-06-16 12:00:00,Vitesse du vent,Vitesse du vent,m/s,2.69
2025-06-16 11:00:00,Direction du vent,Direction du vent,Deg,358.9
2025-06-16 11:00:00,Évapotranspiration Horaire,Évapotranspiration Horaire,mm/h,0.0
2025-06-16 11:00:00,Rayonnement solaire,Rayonnement solaire,W/m²,912.0
2025-06-16 11:00:00,Point de Rosée,Point de Rosée,°C,5.7
2025-06-16 11:00:00,Humidité relative,Humidité relative,%,19.1
2025-06-16 11:00:00,Température,Température,°C,32.2
2025-06-16 11:00:00,Vitesse du vent,Vitesse du vent,m/s,3.39
2025-06-16 11:00:00,Évapotranspiration journalière,Évapotranspiration journalière,mm/j,7.98
2025-06-16 11:00:00,Pression atmosphérique,Pression atmosphérique,mm/j,928.3
2025-06-16 10:00:00,Rayonnement solaire,Rayonnement solaire,W/m²,785.0
2025-06-16 10:00:00,Évapotranspiration journalière,Évapotranspiration journalière,mm/j,7.98
2025-06-16 10:00:00,Point de Rosée,Point de Rosée,°C,7.5
2025-06-16 10:00:00,Vitesse du vent,Vitesse du vent,m/s,2.87
2025-06-16 10:00:00,Humidité relative,Humidité relative,%,23.5
2025-06-16 10:00:00,Direction du vent,Direction du vent,Deg,103.1
2025-06-16 10:00:00,Température,Température,°C,30.7
2025-06-16 10:00:00,Évapotranspiration Horaire,Évapotranspiration Horaire,mm/h,0.0
2025-06-16 10:00:00,Pression atmosphérique,Pression atmosphérique,mm/j,928.4
2025-06-16 08:00:00,Direction du vent,Direction du vent,Deg,167.9
2025-06-16 08:00:00,Pression atmosphérique,Pression atmosphérique,mm/j,928.6
2025-06-16 08:00:00,Température,Température,°C,25.2
2025-06-16 08:00:00,Vitesse du vent,Vitesse du vent,m/s,1.25
2025-06-16 08:00:00,Intensité de Pluie,Intensité de Pluie,mm/h,0.0
2025-06-16 08:00:00,Pluie Totale,Pluie Totale,mm,816.6
2025-06-16 08:00:00,Pluie quotidienne,Pluie quotidienne,mm,0.0
2025-06-16 08:00:00,Humidité relative,Humidité relative,%,34.8
2025-06-16 08:00:00,Point de Rosée,Point de Rosée,°C,8.6
2025-06-16 08:00:00,Rayonnement solaire,Rayonnement solaire,W/m²,239.0
2025-06-16 08:00:00,Évapotranspiration Horaire,Évapotranspiration Horaire,mm/h,0.0
2025-06-16 08:00:00,Évapotranspiration journalière,Évapotranspiration journalière,mm/j,7.98
2025-06-16 07:00:00,Vitesse du vent,Vitesse du vent,m/s,0.89
2025-06-16 07:00:00,Température,Température,°C,21.4
2025-06-16 07:00:00,Humidité relative,Humidité relative,%,43.7
2025-06-16 07:00:00,Point de Rosée,Point de Rosée,°C,8.5
2025-06-16 07:00:00,Rayonnement solaire,Rayonnement solaire,W/m²,210.0
2025-06-16 07:00:00,Évapotranspiration Horaire,Évapotranspiration Horaire,mm/h,0.0
2025-06-16 07:00:00,Évapotranspiration journalière,Évapotranspiration journalière,mm/j,7.98
2025-06-16 07:00:00,Direction du vent,Direction du vent,Deg,167.2
2025-06-16 07:00:00,Pression atmosphérique,Pression atmosphérique,mm/j,928.5
2025-06-16 06:00:00,Température,Température,°C,17.9
2025-06-16 06:00:00,Évapotranspiration journalière,Évapotranspiration journalière,mm/j,7.98
2025-06-16 06:00:00,Humidité relative,Humidité relative,%,51.2
2025-06-16 06:00:00,Pression atmosphérique,Pression atmosphérique,mm/j,928.0
2025-06-16 06:00:00,Point de Rosée,Point de Rosée,°C,7.7
2025-06-16 06:00:00,Direction du vent,Direction du vent,Deg,20.9
2025-06-16 06:00:00,Rayonnement solaire,Rayonnement solaire,W/m²,59.0
2025-06-16 06:00:00,Vitesse du vent,Vitesse du vent,m/s,1.69
2025-06-16 06:00:00,Évapotranspiration Horaire,Évapotranspiration Horaire,mm/h,0.0
2025-06-16 05:00:00,Rayonnement solaire,Rayonnement solaire,W/m²,0.0
2025-06-16 05:00:00,Température,Température,°C,17.2
2025-06-16 05:00:00,Humidité relative,Humidité relative,%,51.9
2025-06-16 05:00:00,Point de Rosée,Point de Rosée,°C,7.2
2025-06-16 05:00:00,Évapotranspiration Horaire,Évapotranspiration Horaire,mm/h,0.0
2025-06-16 05:00:00,Évapotranspiration journalière,Évapotranspiration journalière,mm/j,7.98
2025-06-16 05:00:00,Direction du vent,Direction du vent,Deg,2.3
2025-06-16 05:00:00,Pression atmosphérique,Pression atmosphérique,mm/j,928.0
2025-06-16 05:00:00,Vitesse du vent,Vitesse du vent,m/s,0.94
2025-06-16 04:00:00,Température,Température,°C,17.4
2025-06-16 04:00:00,Évapotranspiration journalière,Évapotranspiration journalière,mm/j,7.98
2025-06-16 04:00:00,Humidité relative,Humidité relative,%,53.3
2025-06-16 04:00:00,Pression atmosphérique,Pression atmosphérique,mm/j,928.0
2025-06-16 04:00:00,Point de Rosée,Point de Rosée,°C,7.8
2025-06-16 04:00:00,Rayonnement solaire,Rayonnement solaire,W/m²,0.0
2025-06-16 04:00:00,Évapotranspiration Horaire,Évapotranspiration Horaire,mm/h,0.0
2025-06-16 04:00:00,Direction du vent,Direction du vent,Deg,356.3
2025-06-16 04:00:00,Vitesse du vent,Vitesse du vent,m/s,0.84
2025-06-16 03:00:00,Évapotranspiration Horaire,Évapotranspiration Horaire,mm/h,0.0
2025-06-16 03:00:00,Évapotranspiration journalière,Évapotranspiration journalière,mm/j,7.98
2025-06-16 03:00:00,Direction du vent,Direction du vent,Deg,55.3
2025-06-16 03:00:00,Pression atmosphérique,Pression atmosphérique,mm/j,927.8
2025-06-16 03:00:00,Vitesse du vent,Vitesse du vent,m/s,2.05
2025-06-16 03:00:00,Température,Température,°C,18.8
2025-06-16 03:00:00,Humidité relative,Humidité relative,%,48.6
2025-06-16 03:00:00,Point de Rosée,Point de Rosée,°C,7.7
2025-06-16 03:00:00,Rayonnement solaire,Rayonnement solaire,W/m²,0.0
2025-06-16 02:00:00,Évapotranspiration journalière,Évapotranspiration journalière,mm/j,7.98
2025-06-16 02:00:00,Évapotranspiration Horaire,Évapotranspiration Horaire,mm/h,0.0
2025-06-16 02:00:00,Humidité relative,Humidité relative,%,47.0
2025-06-16 02:00:00,Rayonnement solaire,Rayonnement solaire,W/m²,0.0
2025-06-16 02:00:00,Point de Rosée,Point de Rosée,°C,7.5
2025-06-16 02:00:00,Vitesse du vent,Vitesse du vent,m/s,1.86
2025-06-16 02:00:00,Pression atmosphérique,Pression atmosphérique,mm/j,927.9
2025-06-16 02:00:00,Température,Température,°C,19.1
2025-06-16 02:00:00,Direction du vent,Direction du vent,Deg,17.4
2025-06-16 00:00:00,Pression atmosphérique,Pression atmosphérique,mm/j,928.4
2025-06-16 00:00:00,Humidité relative,Humidité relative,%,36.4
2025-06-16 00:00:00,Point de Rosée,Point de Rosée,°C,6.0
2025-06-16 00:00:00,Rayonnement solaire,Rayonnement solaire,W/m²,0.0
2025-06-16 00:00:00,Évapotranspiration Horaire,Évapotranspiration Horaire,mm/h,0.0
2025-06-16 00:00:00,Évapotranspiration journalière,Évapotranspiration journalière,mm/j,7.18
2025-06-16 00:00:00,Direction du vent,Direction du vent,Deg,325.6
2025-06-16 00:00:00,Température,Température,°C,21.6
2025-06-16 00:00:00,Vitesse du vent,Vitesse du vent,m/s,1.6
2025-06-15 23:00:00,Température,Température,°C,25.3
2025-06-15 23:00:00,Évapotranspiration Horaire,Évapotranspiration Horaire,mm/h,0.0
2025-06-15 23:00:00,Évapotranspiration journalière,Évapotranspiration journalière,mm/j,7.18
2025-06-15 23:00:00,Rayonnement solaire,Rayonnement solaire,W/m²,0.0
2025-06-15 23:00:00,Direction du vent,Direction du vent,Deg,117.5
2025-06-15 23:00:00,Point de Rosée,Point de Rosée,°C,6.3
2025-06-15 23:00:00,Pression atmosphérique,Pression atmosphérique,mm/j,928.2
2025-06-15 23:00:00,Humidité relative,Humidité relative,%,29.7
2025-06-15 23:00:00,Vitesse du vent,Vitesse du vent,m/s,1.62
2025-06-15 22:00:00,Température,Température,°C,25.4
2025-06-15 22:00:00,Humidité relative,Humidité relative,%,27.5
2025-06-15 22:00:00,Point de Rosée,Point de Rosée,°C,5.3
2025-06-15 22:00:00,Rayonnement solaire,Rayonnement solaire,W/m²,0.0
2025-06-15 22:00:00,Évapotranspiration Horaire,Évapotranspiration Horaire,mm/h,0.0
2025-06-15 22:00:00,Évapotranspiration journalière,Évapotranspiration journalière,mm/j,7.18
2025-06-15 22:00:00,Direction du vent,Direction du vent,Deg,155.6
2025-06-15 22:00:00,Pression atmosphérique,Pression atmosphérique,mm/j,928.1
2025-06-15 22:00:00,Vitesse du vent,Vitesse du vent,m/s,1.78
2025-06-15 21:00:00,Évapotranspiration Horaire,Évapotranspiration Horaire,mm/h,0.0
2025-06-15 21:00:00,Pression atmosphérique,Pression atmosphérique,mm/j,927.6
2025-06-15 21:00:00,Rayonnement solaire,Rayonnement solaire,W/m²,1.0
2025-06-15 21:00:00,Vitesse du vent,Vitesse du vent,m/s,3.39
2025-06-15 21:00:00,Point de Rosée,Point de Rosée,°C,5.2
2025-06-15 21:00:00,Température,Température,°C,27.3
2025-06-15 21:00:00,Humidité relative,Humidité relative,%,24.4
2025-06-15 21:00:00,Évapotranspiration journalière,Évapotranspiration journalière,mm/j,7.18
2025-06-15 21:00:00,Direction du vent,Direction du vent,Deg,122.8
2025-06-15 20:00:00,Vitesse du vent,Vitesse du vent,m/s,1.3
2025-06-15 20:00:00,Pression atmosphérique,Pression atmosphérique,mm/j,927.0
2025-06-15 20:00:00,Évapotranspiration journalière,Évapotranspiration journalière,mm/j,7.18
2025-06-15 20:00:00,Évapotranspiration Horaire,Évapotranspiration Horaire,mm/h,0.0
2025-06-15 20:00:00,Rayonnement solaire,Rayonnement solaire,W/m²,0.0
2025-06-15 20:00:00,Point de Rosée,Point de Rosée,°C,5.9
2025-06-15 20:00:00,Humidité relative,Humidité relative,%,25.0
2025-06-15 20:00:00,Température,Température,°C,27.7
2025-06-15 20:00:00,Direction du vent,Direction du vent,Deg,210.0
2025-06-15 18:00:00,Point de Rosée,Point de Rosée,°C,2.9
2025-06-15 18:00:00,Vitesse du vent,Vitesse du vent,m/s,3.6
2025-06-15 18:00:00,Pression atmosphérique,Pression atmosphérique,mm/j,926.2
2025-06-15 18:00:00,Évapotranspiration journalière,Évapotranspiration journalière,mm/j,7.18
2025-06-15 18:00:00,Rayonnement solaire,Rayonnement solaire,W/m²,230.0
2025-06-15 18:00:00,Évapotranspiration Horaire,Évapotranspiration Horaire,mm/h,0.0
2025-06-15 18:00:00,Température,Température,°C,32.3
2025-06-15 18:00:00,Humidité relative,Humidité relative,%,15.5
2025-06-15 18:00:00,Direction du vent,Direction du vent,Deg,152.1
2025-06-15 17:00:00,Vitesse du vent,Vitesse du vent,m/s,3.4
2025-06-15 17:00:00,Point de Rosée,Point de Rosée,°C,0.8
2025-06-15 17:00:00,Humidité relative,Humidité relative,%,12.9
2025-06-15 17:00:00,Température,Température,°C,33.0
2025-06-15 17:00:00,Pression atmosphérique,Pression atmosphérique,mm/j,926.1
2025-06-15 17:00:00,Direction du vent,Direction du vent,Deg,149.9
2025-06-15 17:00:00,Évapotranspiration journalière,Évapotranspiration journalière,mm/j,7.18
2025-06-15 17:00:00,Évapotranspiration Horaire,Évapotranspiration Horaire,mm/h,0.0
2025-06-15 17:00:00,Rayonnement solaire,Rayonnement solaire,W/m²,455.0
2025-06-15 16:00:00,Vitesse du vent,Vitesse du vent,m/s,2.72
2025-06-15 16:00:00,Pression atmosphérique,Pression atmosphérique,mm/j,926.4
2025-06-15 16:00:00,Direction du vent,Direction du vent,Deg,124.3
2025-06-15 16:00:00,Évapotranspiration journalière,Évapotranspiration journalière,mm/j,7.18
2025-06-15 16:00:00,Évapotranspiration Horaire,Évapotranspiration Horaire,mm/h,0.0
2025-06-15 16:00:00,Rayonnement solaire,Rayonnement solaire,W/m²,665.0
2025-06-15 16:00:00,Point de Rosée,Point de Rosée,°C,0.1
2025-06-15 16:00:00,Humidité relative,Humidité relative,%,12.2
2025-06-15 16:00:00,Température,Température,°C,33.1
2025-06-15 14:00:00,Vitesse du vent,Vitesse du vent,m/s,2.38
2025-06-15 14:00:00,Pression atmosphérique,Pression atmosphérique,mm/j,927.1
2025-06-15 14:00:00,Direction du vent,Direction du vent,Deg,137.3
2025-06-15 14:00:00,Évapotranspiration journalière,Évapotranspiration journalière,mm/j,7.18
2025-06-15 14:00:00,Évapotranspiration Horaire,Évapotranspiration Horaire,mm/h,0.0
2025-06-15 14:00:00,Rayonnement solaire,Rayonnement solaire,W/m²,949.0
2025-06-15 14:00:00,Point de Rosée,Point de Rosée,°C,3.0
2025-06-15 14:00:00,Humidité relative,Humidité relative,%,16.1
2025-06-15 14:00:00,Température,Température,°C,31.8
2025-06-15 12:00:00,Vitesse du vent,Vitesse du vent,m/s,3.17
2025-06-15 12:00:00,Température,Température,°C,30.4
2025-06-15 12:00:00,Humidité relative,Humidité relative,%,22.5
2025-06-15 12:00:00,Point de Rosée,Point de Rosée,°C,6.6
2025-06-15 12:00:00,Rayonnement solaire,Rayonnement solaire,W/m²,989.0
2025-06-15 12:00:00,Évapotranspiration Horaire,Évapotranspiration Horaire,mm/h,0.0
2025-06-15 12:00:00,Évapotranspiration journalière,Évapotranspiration journalière,mm/j,7.18
2025-06-15 12:00:00,Direction du vent,Direction du vent,Deg,136.9
2025-06-15 12:00:00,Pression atmosphérique,Pression atmosphérique,mm/j,927.8
2025-06-15 10:00:00,Direction du vent,Direction du vent,Deg,199.3
2025-06-15 10:00:00,Température,Température,°C,28.1
2025-06-15 10:00:00,Humidité relative,Humidité relative,%,28.7
2025-06-15 10:00:00,Point de Rosée,Point de Rosée,°C,8.2
2025-06-15 10:00:00,Rayonnement solaire,Rayonnement solaire,W/m²,800.0
2025-06-15 10:00:00,Évapotranspiration Horaire,Évapotranspiration Horaire,mm/h,0.0
2025-06-15 10:00:00,Évapotranspiration journalière,Évapotranspiration journalière,mm/j,7.18
2025-06-15 10:00:00,Pression atmosphérique,Pression atmosphérique,mm/j,928.6
2025-06-15 10:00:00,Vitesse du vent,Vitesse du vent,m/s,3.14
2025-06-15 08:00:00,Évapotranspiration Horaire,Évapotranspiration Horaire,mm/h,0.0
2025-06-15 08:00:00,Humidité relative,Humidité relative,%,33.7
2025-06-15 08:00:00,Rayonnement solaire,Rayonnement solaire,W/m²,420.0
2025-06-15 08:00:00,Vitesse du vent,Vitesse du vent,m/s,1.16
2025-06-15 08:00:00,Pression atmosphérique,Pression atmosphérique,mm/j,928.9
2025-06-15 08:00:00,Évapotranspiration journalière,Évapotranspiration journalière,mm/j,7.18
2025-06-15 08:00:00,Point de Rosée,Point de Rosée,°C,7.6
2025-06-15 08:00:00,Température,Température,°C,24.6
2025-06-15 08:00:00,Direction du vent,Direction du vent,Deg,151.3
2025-06-15 06:00:00,Vitesse du vent,Vitesse du vent,m/s,0.76
2025-06-15 06:00:00,Pression atmosphérique,Pression atmosphérique,mm/j,928.5
2025-06-15 06:00:00,Direction du vent,Direction du vent,Deg,3.4
2025-06-15 06:00:00,Évapotranspiration journalière,Évapotranspiration journalière,mm/j,7.18
2025-06-15 06:00:00,Évapotranspiration Horaire,Évapotranspiration Horaire,mm/h,0.0
2025-06-15 06:00:00,Rayonnement solaire,Rayonnement solaire,W/m²,56.0
2025-06-15 06:00:00,Point de Rosée,Point de Rosée,°C,7.0
2025-06-15 06:00:00,Humidité relative,Humidité relative,%,50.7
2025-06-15 06:00:00,Température,Température,°C,17.4
2025-06-15 04:00:00,Vitesse du vent,Vitesse du vent,m/s,1.27
2025-06-15 04:00:00,Pression atmosphérique,Pression atmosphérique,mm/j,928.1
2025-06-15 04:00:00,Direction du vent,Direction du vent,Deg,6.9
2025-06-15 04:00:00,Évapotranspiration journalière,Évapotranspiration journalière,mm/j,7.18
2025-06-15 04:00:00,Évapotranspiration Horaire,Évapotranspiration Horaire,mm/h,0.0
2025-06-15 04:00:00,Rayonnement solaire,Rayonnement solaire,W/m²,0.0
2025-06-15 04:00:00,Point de Rosée,Point de Rosée,°C,7.0
2025-06-15 04:00:00,Humidité relative,Humidité relative,%,48.7
2025-06-15 04:00:00,Température,Température,°C,17.9
2025-06-14 08:00:00,Vitesse du vent,Vitesse du vent,m/s,0.99
2025-06-14 08:00:00,Pression atmosphérique,Pression atmosphérique,mm/j,928.7
2025-06-14 08:00:00,Direction du vent,Direction du vent,Deg,149.6
2025-06-14 08:00:00,Évapotranspiration journalière,Évapotranspiration journalière,mm/j,7.45
2025-06-14 08:00:00,Évapotranspiration Horaire,Évapotranspiration Horaire,mm/h,0.0
2025-06-14 08:00:00,Rayonnement solaire,Rayonnement solaire,W/m²,420.0
2025-06-14 08:00:00,Point de Rosée,Point de Rosée,°C,9.0
2025-06-14 08:00:00,Humidité relative,Humidité relative,%,38.7
2025-06-14 08:00:00,Température,Température,°C,23.9
2025-06-14 06:00:00,Point de Rosée,Point de Rosée,°C,8.4
2025-06-14 06:00:00,Vitesse du vent,Vitesse du vent,m/s,0.63
2025-06-14 06:00:00,Pression atmosphérique,Pression atmosphérique,mm/j,928.5
2025-06-14 06:00:00,Direction du vent,Direction du vent,Deg,352.2
2025-06-14 06:00:00,Évapotranspiration journalière,Évapotranspiration journalière,mm/j,7.45
2025-06-14 06:00:00,Évapotranspiration Horaire,Évapotranspiration Horaire,mm/h,0.0
2025-06-14 06:00:00,Rayonnement solaire,Rayonnement solaire,W/m²,46.0
2025-06-14 06:00:00,Humidité relative,Humidité relative,%,61.3
2025-06-14 06:00:00,Température,Température,°C,15.9
2025-06-14 05:00:00,Direction du vent,Direction du vent,Deg,355.8
2025-06-14 05:00:00,Rayonnement solaire,Rayonnement solaire,W/m²,1.0
2025-06-14 05:00:00,Pression atmosphérique,Pression atmosphérique,mm/j,928.2
2025-06-14 05:00:00,Point de Rosée,Point de Rosée,°C,8.7
2025-06-14 05:00:00,Évapotranspiration journalière,Évapotranspiration journalière,mm/j,7.45
2025-06-14 05:00:00,Humidité relative,Humidité relative,%,64.9
2025-06-14 05:00:00,Vitesse du vent,Vitesse du vent,m/s,1.61
2025-06-14 05:00:00,Température,Température,°C,15.3
2025-06-14 05:00:00,Évapotranspiration Horaire,Évapotranspiration Horaire,mm/h,0.0
2025-06-14 04:00:00,Température,Température,°C,15.9
2025-06-14 04:00:00,Pression atmosphérique,Pression atmosphérique,mm/j,927.8
2025-06-14 04:00:00,Direction du vent,Direction du vent,Deg,12.5
2025-06-14 04:00:00,Évapotranspiration journalière,Évapotranspiration journalière,mm/j,7.45
2025-06-14 04:00:00,Évapotranspiration Horaire,Évapotranspiration Horaire,mm/h,0.0
2025-06-14 04:00:00,Rayonnement solaire,Rayonnement solaire,W/m²,0.0
2025-06-14 04:00:00,Point de Rosée,Point de Rosée,°C,8.9
2025-06-14 04:00:00,Humidité relative,Humidité relative,%,63.1
2025-06-14 04:00:00,Vitesse du vent,Vitesse du vent,m/s,1.99
2025-06-14 02:00:00,Pression atmosphérique,Pression atmosphérique,mm/j,928.1
2025-06-14 02:00:00,Vitesse du vent,Vitesse du vent,m/s,1.27
2025-06-14 02:00:00,Direction du vent,Direction du vent,Deg,352.1
2025-06-14 02:00:00,Évapotranspiration journalière,Évapotranspiration journalière,mm/j,7.45
2025-06-14 02:00:00,Évapotranspiration Horaire,Évapotranspiration Horaire,mm/h,0.0
2025-06-14 02:00:00,Rayonnement solaire,Rayonnement solaire,W/m²,0.0
2025-06-14 02:00:00,Point de Rosée,Point de Rosée,°C,8.9
2025-06-14 02:00:00,Humidité relative,Humidité relative,%,58.8
2025-06-14 02:00:00,Température,Température,°C,17.0
2025-06-14 00:00:00,Intensité de Pluie,Intensité de Pluie,mm/h,0.0
2025-06-14 00:00:00,Pluie Totale,Pluie Totale,mm,816.6
2025-06-14 00:00:00,Pluie quotidienne,Pluie quotidienne,mm,0.0
2025-06-14 00:00:00,Vitesse du vent,Vitesse du vent,m/s,0.52
2025-06-14 00:00:00,Pression atmosphérique,Pression atmosphérique,mm/j,928.4
2025-06-14 00:00:00,Direction du vent,Direction du vent,Deg,65.1
2025-06-14 00:00:00,Évapotranspiration journalière,Évapotranspiration journalière,mm/j,7.76
2025-06-14 00:00:00,Évapotranspiration Horaire,Évapotranspiration Horaire,mm/h,0.0
2025-06-14 00:00:00,Rayonnement solaire,Rayonnement solaire,W/m²,0.0
2025-06-14 00:00:00,Point de Rosée,Point de Rosée,°C,9.1
2025-06-14 00:00:00,Humidité relative,Humidité relative,%,46.9
2025-06-14 00:00:00,Température,Température,°C,20.9
2025-06-13 22:00:00,Évapotranspiration journalière,Évapotranspiration journalière,mm/j,7.76
2025-06-13 22:00:00,Vitesse du vent,Vitesse du vent,m/s,1.86
2025-06-13 22:00:00,Pression atmosphérique,Pression atmosphérique,mm/j,928.5
2025-06-13 22:00:00,Direction du vent,Direction du vent,Deg,167.9
2025-06-13 22:00:00,Évapotranspiration Horaire,Évapotranspiration Horaire,mm/h,0.0
2025-06-13 22:00:00,Rayonnement solaire,Rayonnement solaire,W/m²,0.0
2025-06-13 22:00:00,Point de Rosée,Point de Rosée,°C,8.1
2025-06-13 22:00:00,Humidité relative,Humidité relative,%,37.7
2025-06-13 22:00:00,Température,Température,°C,23.4
2025-06-13 20:00:00,Vitesse du vent,Vitesse du vent,m/s,3.12
2025-06-13 20:00:00,Pression atmosphérique,Pression atmosphérique,mm/j,926.9
2025-06-13 20:00:00,Direction du vent,Direction du vent,Deg,153.3
2025-06-13 20:00:00,Évapotranspiration journalière,Évapotranspiration journalière,mm/j,7.76
2025-06-13 20:00:00,Évapotranspiration Horaire,Évapotranspiration Horaire,mm/h,0.0
2025-06-13 20:00:00,Rayonnement solaire,Rayonnement solaire,W/m²,0.0
2025-06-13 20:00:00,Point de Rosée,Point de Rosée,°C,5.8
2025-06-13 20:00:00,Humidité relative,Humidité relative,%,26.6
2025-06-13 20:00:00,Température,Température,°C,26.5
2025-06-13 18:00:00,Vitesse du vent,Vitesse du vent,m/s,4.18
2025-06-13 18:00:00,Pression atmosphérique,Pression atmosphérique,mm/j,926.1
2025-06-13 18:00:00,Direction du vent,Direction du vent,Deg,159.8
2025-06-13 18:00:00,Évapotranspiration journalière,Évapotranspiration journalière,mm/j,7.76
2025-06-13 18:00:00,Évapotranspiration Horaire,Évapotranspiration Horaire,mm/h,0.0
2025-06-13 18:00:00,Rayonnement solaire,Rayonnement solaire,W/m²,246.0
2025-06-13 18:00:00,Point de Rosée,Point de Rosée,°C,4.3
2025-06-13 18:00:00,Humidité relative,Humidité relative,%,19.2
2025-06-13 18:00:00,Température,Température,°C,30.4
2025-06-13 16:00:00,Vitesse du vent,Vitesse du vent,m/s,2.68
2025-06-13 16:00:00,Pression atmosphérique,Pression atmosphérique,mm/j,926.0
2025-06-13 16:00:00,Direction du vent,Direction du vent,Deg,185.3
2025-06-13 16:00:00,Évapotranspiration journalière,Évapotranspiration journalière,mm/j,7.76
2025-06-13 16:00:00,Évapotranspiration Horaire,Évapotranspiration Horaire,mm/h,0.0
2025-06-13 16:00:00,Rayonnement solaire,Rayonnement solaire,W/m²,661.0
2025-06-13 16:00:00,Point de Rosée,Point de Rosée,°C,3.8
2025-06-13 16:00:00,Humidité relative,Humidité relative,%,17.9
2025-06-13 16:00:00,Température,Température,°C,30.9
2025-06-13 14:00:00,Vitesse du vent,Vitesse du vent,m/s,1.92
2025-06-13 14:00:00,Pression atmosphérique,Pression atmosphérique,mm/j,926.5
2025-06-13 14:00:00,Direction du vent,Direction du vent,Deg,197.1
2025-06-13 14:00:00,Évapotranspiration journalière,Évapotranspiration journalière,mm/j,7.76
2025-06-13 14:00:00,Évapotranspiration Horaire,Évapotranspiration Horaire,mm/h,0.0
2025-06-13 14:00:00,Rayonnement solaire,Rayonnement solaire,W/m²,944.0
2025-06-13 14:00:00,Point de Rosée,Point de Rosée,°C,3.3
2025-06-13 14:00:00,Humidité relative,Humidité relative,%,18.3
2025-06-13 14:00:00,Température,Température,°C,30.0
2025-06-13 12:00:00,Vitesse du vent,Vitesse du vent,m/s,3.62
2025-06-13 12:00:00,Pression atmosphérique,Pression atmosphérique,mm/j,927.3
2025-06-13 12:00:00,Direction du vent,Direction du vent,Deg,183.2
2025-06-13 12:00:00,Évapotranspiration journalière,Évapotranspiration journalière,mm/j,7.76
2025-06-13 12:00:00,Évapotranspiration Horaire,Évapotranspiration Horaire,mm/h,0.0
2025-06-13 12:00:00,Rayonnement solaire,Rayonnement solaire,W/m²,993.0
2025-06-13 12:00:00,Point de Rosée,Point de Rosée,°C,4.3
2025-06-13 12:00:00,Humidité relative,Humidité relative,%,21.2
2025-06-13 12:00:00,Température,Température,°C,28.7
2025-06-13 10:00:00,Vitesse du vent,Vitesse du vent,m/s,3.34
2025-06-13 10:00:00,Pression atmosphérique,Pression atmosphérique,mm/j,927.2
2025-06-13 10:00:00,Direction du vent,Direction du vent,Deg,138.2
2025-06-13 10:00:00,Évapotranspiration journalière,Évapotranspiration journalière,mm/j,7.76
2025-06-13 10:00:00,Évapotranspiration Horaire,Évapotranspiration Horaire,mm/h,0.0
2025-06-13 10:00:00,Rayonnement solaire,Rayonnement solaire,W/m²,799.0
2025-06-13 10:00:00,Point de Rosée,Point de Rosée,°C,4.1
2025-06-13 10:00:00,Humidité relative,Humidité relative,%,23.0
2025-06-13 10:00:00,Température,Température,°C,27.0
2025-06-13 08:00:00,Vitesse du vent,Vitesse du vent,m/s,0.93
2025-06-13 08:00:00,Pression atmosphérique,Pression atmosphérique,mm/j,927.1
2025-06-13 08:00:00,Direction du vent,Direction du vent,Deg,110.0
2025-06-13 08:00:00,Évapotranspiration journalière,Évapotranspiration journalière,mm/j,7.76
2025-06-13 08:00:00,Évapotranspiration Horaire,Évapotranspiration Horaire,mm/h,0.0
2025-06-13 08:00:00,Rayonnement solaire,Rayonnement solaire,W/m²,422.0
2025-06-13 08:00:00,Point de Rosée,Point de Rosée,°C,9.3
2025-06-13 08:00:00,Humidité relative,Humidité relative,%,41.9
2025-06-13 08:00:00,Température,Température,°C,23.0
2025-06-13 06:00:00,Vitesse du vent,Vitesse du vent,m/s,0.99
2025-06-13 06:00:00,Pression atmosphérique,Pression atmosphérique,mm/j,926.3
2025-06-13 06:00:00,Direction du vent,Direction du vent,Deg,16.5
2025-06-13 06:00:00,Évapotranspiration journalière,Évapotranspiration journalière,mm/j,7.76
2025-06-13 06:00:00,Évapotranspiration Horaire,Évapotranspiration Horaire,mm/h,0.0
2025-06-13 06:00:00,Rayonnement solaire,Rayonnement solaire,W/m²,57.0
2025-06-13 06:00:00,Point de Rosée,Point de Rosée,°C,9.4
2025-06-13 06:00:00,Humidité relative,Humidité relative,%,63.6
2025-06-13 06:00:00,Température,Température,°C,16.3
2025-06-13 05:00:00,Vitesse du vent,Vitesse du vent,m/s,0.96
2025-06-13 05:00:00,Température,Température,°C,15.1
2025-06-13 05:00:00,Pression atmosphérique,Pression atmosphérique,mm/j,926.0
2025-06-13 05:00:00,Humidité relative,Humidité relative,%,65.9
2025-06-13 05:00:00,Direction du vent,Direction du vent,Deg,323.7
2025-06-13 05:00:00,Point de Rosée,Point de Rosée,°C,8.8
2025-06-13 05:00:00,Évapotranspiration journalière,Évapotranspiration journalière,mm/j,7.76
2025-06-13 05:00:00,Rayonnement solaire,Rayonnement solaire,W/m²,0.0
2025-06-13 05:00:00,Évapotranspiration Horaire,Évapotranspiration Horaire,mm/h,0.0
2025-06-13 04:00:00,Vitesse du vent,Vitesse du vent,m/s,2.01
2025-06-13 04:00:00,Pression atmosphérique,Pression atmosphérique,mm/j,925.7
2025-06-13 04:00:00,Direction du vent,Direction du vent,Deg,18.7
2025-06-13 04:00:00,Évapotranspiration journalière,Évapotranspiration journalière,mm/j,7.76
2025-06-13 04:00:00,Évapotranspiration Horaire,Évapotranspiration Horaire,mm/h,0.0
2025-06-13 04:00:00,Rayonnement solaire,Rayonnement solaire,W/m²,0.0
2025-06-13 04:00:00,Point de Rosée,Point de Rosée,°C,9.5
2025-06-13 04:00:00,Humidité relative,Humidité relative,%,65.6
2025-06-13 04:00:00,Température,Température,°C,16.0
2025-06-13 02:00:00,Point de Rosée,Point de Rosée,°C,10.4
2025-06-13 02:00:00,Humidité relative,Humidité relative,%,63.0
2025-06-13 02:00:00,Température,Température,°C,17.5
2025-06-13 02:00:00,Vitesse du vent,Vitesse du vent,m/s,1.53
2025-06-13 02:00:00,Direction du vent,Direction du vent,Deg,357.6
2025-06-13 02:00:00,Évapotranspiration journalière,Évapotranspiration journalière,mm/j,7.76
2025-06-13 02:00:00,Pression atmosphérique,Pression atmosphérique,mm/j,925.7
2025-06-13 02:00:00,Évapotranspiration Horaire,Évapotranspiration Horaire,mm/h,0.0
2025-06-13 02:00:00,Rayonnement solaire,Rayonnement solaire,W/m²,0.0
2025-06-13 01:00:00,Pression atmosphérique,Pression atmosphérique,mm/j,926.1
2025-06-13 01:00:00,Température,Température,°C,19.8
2025-06-13 01:00:00,Évapotranspiration Horaire,Évapotranspiration Horaire,mm/h,0.0
2025-06-13 01:00:00,Évapotranspiration journalière,Évapotranspiration journalière,mm/j,7.76
2025-06-13 01:00:00,Rayonnement solaire,Rayonnement solaire,W/m²,0.0
2025-06-13 01:00:00,Vitesse du vent,Vitesse du vent,m/s,0.47
2025-06-13 01:00:00,Point de Rosée,Point de Rosée,°C,11.2
2025-06-13 01:00:00,Direction du vent,Direction du vent,Deg,131.2
2025-06-13 01:00:00,Humidité relative,Humidité relative,%,57.9
2025-06-13 00:00:00,Température,Température,°C,21.1
2025-06-13 00:00:00,Intensité de Pluie,Intensité de Pluie,mm/h,0.0
2025-06-13 00:00:00,Pluie Totale,Pluie Totale,mm,816.6
2025-06-13 00:00:00,Pluie quotidienne,Pluie quotidienne,mm,0.0
2025-06-13 00:00:00,Vitesse du vent,Vitesse du vent,m/s,0.45
2025-06-13 00:00:00,Pression atmosphérique,Pression atmosphérique,mm/j,926.1
2025-06-13 00:00:00,Direction du vent,Direction du vent,Deg,170.0
2025-06-13 00:00:00,Évapotranspiration journalière,Évapotranspiration journalière,mm/j,7.92
2025-06-13 00:00:00,Évapotranspiration Horaire,Évapotranspiration Horaire,mm/h,0.0
2025-06-13 00:00:00,Rayonnement solaire,Rayonnement solaire,W/m²,0.0
2025-06-13 00:00:00,Point de Rosée,Point de Rosée,°C,11.4
2025-06-13 00:00:00,Humidité relative,Humidité relative,%,54.1
2025-06-12 23:00:00,Température,Température,°C,22.8
2025-06-12 23:00:00,Vitesse du vent,Vitesse du vent,m/s,1.66
2025-06-12 23:00:00,Pression atmosphérique,Pression atmosphérique,mm/j,926.2
2025-06-12 23:00:00,Direction du vent,Direction du vent,Deg,132.7
2025-06-12 23:00:00,Évapotranspiration journalière,Évapotranspiration journalière,mm/j,7.92
2025-06-12 23:00:00,Évapotranspiration Horaire,Évapotranspiration Horaire,mm/h,0.0
2025-06-12 23:00:00,Rayonnement solaire,Rayonnement solaire,W/m²,0.0
2025-06-12 23:00:00,Point de Rosée,Point de Rosée,°C,11.0
2025-06-12 23:00:00,Humidité relative,Humidité relative,%,47.5
2025-06-12 22:00:00,Évapotranspiration Horaire,Évapotranspiration Horaire,mm/h,0.0
2025-06-12 22:00:00,Évapotranspiration journalière,Évapotranspiration journalière,mm/j,7.92
2025-06-12 22:00:00,Rayonnement solaire,Rayonnement solaire,W/m²,0.0
2025-06-12 22:00:00,Direction du vent,Direction du vent,Deg,120.0
2025-06-12 22:00:00,Point de Rosée,Point de Rosée,°C,8.0
2025-06-12 22:00:00,Pression atmosphérique,Pression atmosphérique,mm/j,926.0
2025-06-12 22:00:00,Humidité relative,Humidité relative,%,34.4
2025-06-12 22:00:00,Vitesse du vent,Vitesse du vent,m/s,2.43
2025-06-12 22:00:00,Température,Température,°C,24.7
2025-06-12 20:00:00,Vitesse du vent,Vitesse du vent,m/s,1.42
2025-06-12 20:00:00,Pression atmosphérique,Pression atmosphérique,mm/j,924.6
2025-06-12 20:00:00,Direction du vent,Direction du vent,Deg,174.6
2025-06-12 20:00:00,Évapotranspiration journalière,Évapotranspiration journalière,mm/j,7.92
2025-06-12 20:00:00,Évapotranspiration Horaire,Évapotranspiration Horaire,mm/h,0.0
2025-06-12 20:00:00,Rayonnement solaire,Rayonnement solaire,W/m²,0.0
2025-06-12 20:00:00,Point de Rosée,Point de Rosée,°C,8.2
2025-06-12 20:00:00,Humidité relative,Humidité relative,%,29.2
2025-06-12 20:00:00,Température,Température,°C,27.8
2025-06-12 18:00:00,Vitesse du vent,Vitesse du vent,m/s,4.55
2025-06-12 18:00:00,Pression atmosphérique,Pression atmosphérique,mm/j,923.3
2025-06-12 18:00:00,Direction du vent,Direction du vent,Deg,5.6
2025-06-12 18:00:00,Évapotranspiration journalière,Évapotranspiration journalière,mm/j,7.92
2025-06-12 18:00:00,Évapotranspiration Horaire,Évapotranspiration Horaire,mm/h,0.0
2025-06-12 18:00:00,Rayonnement solaire,Rayonnement solaire,W/m²,245.0
2025-06-12 18:00:00,Point de Rosée,Point de Rosée,°C,1.0
2025-06-12 18:00:00,Humidité relative,Humidité relative,%,13.9
2025-06-12 18:00:00,Température,Température,°C,31.9
2025-06-12 16:00:00,Vitesse du vent,Vitesse du vent,m/s,5.95
2025-06-12 16:00:00,Pression atmosphérique,Pression atmosphérique,mm/j,923.0
2025-06-12 16:00:00,Direction du vent,Direction du vent,Deg,40.5
2025-06-12 16:00:00,Température,Température,°C,33.1
2025-06-12 16:00:00,Évapotranspiration journalière,Évapotranspiration journalière,mm/j,7.92
2025-06-12 16:00:00,Humidité relative,Humidité relative,%,12.3
2025-06-12 16:00:00,Évapotranspiration Horaire,Évapotranspiration Horaire,mm/h,0.0
2025-06-12 16:00:00,Point de Rosée,Point de Rosée,°C,0.2
2025-06-12 16:00:00,Rayonnement solaire,Rayonnement solaire,W/m²,671.0
2025-06-12 14:00:00,Vitesse du vent,Vitesse du vent,m/s,3.49
2025-06-12 14:00:00,Pression atmosphérique,Pression atmosphérique,mm/j,923.6
2025-06-12 14:00:00,Direction du vent,Direction du vent,Deg,321.0
2025-06-12 14:00:00,Évapotranspiration journalière,Évapotranspiration journalière,mm/j,7.92
2025-06-12 14:00:00,Évapotranspiration Horaire,Évapotranspiration Horaire,mm/h,0.0
2025-06-12 14:00:00,Rayonnement solaire,Rayonnement solaire,W/m²,957.0
2025-06-12 14:00:00,Point de Rosée,Point de Rosée,°C,0.0
2025-06-12 14:00:00,Humidité relative,Humidité relative,%,12.1
2025-06-12 14:00:00,Température,Température,°C,33.1
2025-06-12 12:00:00,Vitesse du vent,Vitesse du vent,m/s,3.74
2025-06-12 12:00:00,Pression atmosphérique,Pression atmosphérique,mm/j,924.2
2025-06-12 12:00:00,Direction du vent,Direction du vent,Deg,326.8
2025-06-12 12:00:00,Évapotranspiration journalière,Évapotranspiration journalière,mm/j,7.92
2025-06-12 12:00:00,Évapotranspiration Horaire,Évapotranspiration Horaire,mm/h,0.0
2025-06-12 12:00:00,Rayonnement solaire,Rayonnement solaire,W/m²,1016.0
2025-06-12 12:00:00,Point de Rosée,Point de Rosée,°C,0.5
2025-06-12 12:00:00,Humidité relative,Humidité relative,%,14.0
2025-06-12 12:00:00,Température,Température,°C,31.2
2025-06-12 10:00:00,Vitesse du vent,Vitesse du vent,m/s,0.95
2025-06-12 10:00:00,Pression atmosphérique,Pression atmosphérique,mm/j,924.3
2025-06-12 10:00:00,Direction du vent,Direction du vent,Deg,76.0
2025-06-12 10:00:00,Évapotranspiration journalière,Évapotranspiration journalière,mm/j,7.92
2025-06-12 10:00:00,Évapotranspiration Horaire,Évapotranspiration Horaire,mm/h,0.0
2025-06-12 10:00:00,Rayonnement solaire,Rayonnement solaire,W/m²,797.0
2025-06-12 10:00:00,Point de Rosée,Point de Rosée,°C,11.0
2025-06-12 10:00:00,Humidité relative,Humidité relative,%,36.0
2025-06-12 10:00:00,Température,Température,°C,27.4
2025-06-12 08:00:00,Vitesse du vent,Vitesse du vent,m/s,1.15
2025-06-12 08:00:00,Pression atmosphérique,Pression atmosphérique,mm/j,924.4
2025-06-12 08:00:00,Direction du vent,Direction du vent,Deg,186.6
2025-06-12 08:00:00,Évapotranspiration journalière,Évapotranspiration journalière,mm/j,7.92
2025-06-12 08:00:00,Évapotranspiration Horaire,Évapotranspiration Horaire,mm/h,0.0
2025-06-12 08:00:00,Rayonnement solaire,Rayonnement solaire,W/m²,422.0
2025-06-12 08:00:00,Point de Rosée,Point de Rosée,°C,12.6
2025-06-12 08:00:00,Humidité relative,Humidité relative,%,56.2
2025-06-12 08:00:00,Température,Température,°C,21.7
2025-06-12 06:00:00,Vitesse du vent,Vitesse du vent,m/s,1.81
2025-06-12 06:00:00,Pression atmosphérique,Pression atmosphérique,mm/j,924.0
2025-06-12 06:00:00,Direction du vent,Direction du vent,Deg,7.5
2025-06-12 06:00:00,Évapotranspiration journalière,Évapotranspiration journalière,mm/j,7.92
2025-06-12 06:00:00,Évapotranspiration Horaire,Évapotranspiration Horaire,mm/h,0.0
2025-06-12 06:00:00,Rayonnement solaire,Rayonnement solaire,W/m²,59.0
2025-06-12 06:00:00,Point de Rosée,Point de Rosée,°C,11.0
2025-06-12 06:00:00,Humidité relative,Humidité relative,%,73.0
2025-06-12 06:00:00,Température,Température,°C,15.8
2025-06-12 04:00:00,Vitesse du vent,Vitesse du vent,m/s,1.52
2025-06-12 04:00:00,Pression atmosphérique,Pression atmosphérique,mm/j,923.8
2025-06-12 04:00:00,Direction du vent,Direction du vent,Deg,30.3
2025-06-12 04:00:00,Évapotranspiration journalière,Évapotranspiration journalière,mm/j,7.92
2025-06-12 04:00:00,Évapotranspiration Horaire,Évapotranspiration Horaire,mm/h,0.0
2025-06-12 04:00:00,Rayonnement solaire,Rayonnement solaire,W/m²,0.0
2025-06-12 04:00:00,Point de Rosée,Point de Rosée,°C,10.9
2025-06-12 04:00:00,Humidité relative,Humidité relative,%,73.0
2025-06-12 04:00:00,Température,Température,°C,15.7
2025-06-12 02:00:00,Vitesse du vent,Vitesse du vent,m/s,1.86
2025-06-12 02:00:00,Pression atmosphérique,Pression atmosphérique,mm/j,924.6
2025-06-12 02:00:00,Direction du vent,Direction du vent,Deg,4.2
2025-06-12 02:00:00,Évapotranspiration journalière,Évapotranspiration journalière,mm/j,7.92
2025-06-12 02:00:00,Évapotranspiration Horaire,Évapotranspiration Horaire,mm/h,0.0
2025-06-12 02:00:00,Rayonnement solaire,Rayonnement solaire,W/m²,0.0
2025-06-12 02:00:00,Point de Rosée,Point de Rosée,°C,10.8
2025-06-12 02:00:00,Humidité relative,Humidité relative,%,66.6
2025-06-12 02:00:00,Température,Température,°C,17.1
2025-06-12 00:00:00,Intensité de Pluie,Intensité de Pluie,mm/h,0.0
2025-06-12 00:00:00,Pluie Totale,Pluie Totale,mm,816.6
2025-06-12 00:00:00,Pluie quotidienne,Pluie quotidienne,mm,0.0
2025-06-12 00:00:00,Vitesse du vent,Vitesse du vent,m/s,1.63
2025-06-12 00:00:00,Pression atmosphérique,Pression atmosphérique,mm/j,925.2
2025-06-12 00:00:00,Direction du vent,Direction du vent,Deg,230.1
2025-06-12 00:00:00,Évapotranspiration journalière,Évapotranspiration journalière,mm/j,7.94
2025-06-12 00:00:00,Évapotranspiration Horaire,Évapotranspiration Horaire,mm/h,0.0
2025-06-12 00:00:00,Rayonnement solaire,Rayonnement solaire,W/m²,0.0
2025-06-12 00:00:00,Point de Rosée,Point de Rosée,°C,12.5
2025-06-12 00:00:00,Humidité relative,Humidité relative,%,58.4
2025-06-12 00:00:00,Température,Température,°C,21.0
2025-06-11 22:00:00,Pression atmosphérique,Pression atmosphérique,mm/j,925.3
2025-06-11 22:00:00,Vitesse du vent,Vitesse du vent,m/s,1.28
2025-06-11 22:00:00,Direction du vent,Direction du vent,Deg,175.1
2025-06-11 22:00:00,Évapotranspiration journalière,Évapotranspiration journalière,mm/j,7.94
2025-06-11 22:00:00,Évapotranspiration Horaire,Évapotranspiration Horaire,mm/h,0.0
2025-06-11 22:00:00,Rayonnement solaire,Rayonnement solaire,W/m²,0.0
2025-06-11 22:00:00,Point de Rosée,Point de Rosée,°C,9.5
2025-06-11 22:00:00,Humidité relative,Humidité relative,%,42.8
2025-06-11 22:00:00,Température,Température,°C,22.8
2025-06-11 20:00:00,Évapotranspiration Horaire,Évapotranspiration Horaire,mm/h,0.0
2025-06-11 20:00:00,Vitesse du vent,Vitesse du vent,m/s,1.42
2025-06-11 20:00:00,Rayonnement solaire,Rayonnement solaire,W/m²,0.0
2025-06-11 20:00:00,Pression atmosphérique,Pression atmosphérique,mm/j,923.4
2025-06-11 20:00:00,Point de Rosée,Point de Rosée,°C,-0.4
2025-06-11 20:00:00,Humidité relative,Humidité relative,%,16.4
2025-06-11 20:00:00,Température,Température,°C,27.1
2025-06-11 20:00:00,Évapotranspiration journalière,Évapotranspiration journalière,mm/j,7.94
2025-06-11 20:00:00,Direction du vent,Direction du vent,Deg,36.2
2025-06-11 18:00:00,Température,Température,°C,31.5
2025-06-11 18:00:00,Vitesse du vent,Vitesse du vent,m/s,3.25
2025-06-11 18:00:00,Pression atmosphérique,Pression atmosphérique,mm/j,922.5
2025-06-11 18:00:00,Direction du vent,Direction du vent,Deg,10.8
2025-06-11 18:00:00,Évapotranspiration journalière,Évapotranspiration journalière,mm/j,7.94
2025-06-11 18:00:00,Évapotranspiration Horaire,Évapotranspiration Horaire,mm/h,0.0
2025-06-11 18:00:00,Rayonnement solaire,Rayonnement solaire,W/m²,232.0
2025-06-11 18:00:00,Point de Rosée,Point de Rosée,°C,1.5
2025-06-11 18:00:00,Humidité relative,Humidité relative,%,14.7
2025-06-11 16:00:00,Évapotranspiration Horaire,Évapotranspiration Horaire,mm/h,0.0
2025-06-11 16:00:00,Vitesse du vent,Vitesse du vent,m/s,4.04
2025-06-11 16:00:00,Pression atmosphérique,Pression atmosphérique,mm/j,922.6
2025-06-11 16:00:00,Direction du vent,Direction du vent,Deg,57.3
2025-06-11 16:00:00,Évapotranspiration journalière,Évapotranspiration journalière,mm/j,7.94
2025-06-11 16:00:00,Rayonnement solaire,Rayonnement solaire,W/m²,653.0
2025-06-11 16:00:00,Point de Rosée,Point de Rosée,°C,3.5
2025-06-11 16:00:00,Humidité relative,Humidité relative,%,16.3
2025-06-11 16:00:00,Température,Température,°C,32.2
2025-06-11 14:00:00,Vitesse du vent,Vitesse du vent,m/s,6.14
2025-06-11 14:00:00,Pression atmosphérique,Pression atmosphérique,mm/j,923.6
2025-06-11 14:00:00,Direction du vent,Direction du vent,Deg,321.1
2025-06-11 14:00:00,Évapotranspiration journalière,Évapotranspiration journalière,mm/j,7.94
2025-06-11 14:00:00,Évapotranspiration Horaire,Évapotranspiration Horaire,mm/h,0.0
2025-06-11 14:00:00,Rayonnement solaire,Rayonnement solaire,W/m²,954.0
2025-06-11 14:00:00,Point de Rosée,Point de Rosée,°C,3.0
2025-06-11 14:00:00,Humidité relative,Humidité relative,%,16.4
2025-06-11 14:00:00,Température,Température,°C,31.5
2025-06-11 12:00:00,Vitesse du vent,Vitesse du vent,m/s,2.28
2025-06-11 12:00:00,Pression atmosphérique,Pression atmosphérique,mm/j,924.2
2025-06-11 12:00:00,Direction du vent,Direction du vent,Deg,307.4
2025-06-11 12:00:00,Évapotranspiration journalière,Évapotranspiration journalière,mm/j,7.94
2025-06-11 12:00:00,Évapotranspiration Horaire,Évapotranspiration Horaire,mm/h,0.0
2025-06-11 12:00:00,Rayonnement solaire,Rayonnement solaire,W/m²,993.0
2025-06-11 12:00:00,Point de Rosée,Point de Rosée,°C,5.9
2025-06-11 12:00:00,Humidité relative,Humidité relative,%,21.6
2025-06-11 12:00:00,Température,Température,°C,30.2
2025-06-11 10:00:00,Vitesse du vent,Vitesse du vent,m/s,3.37
2025-06-11 10:00:00,Pression atmosphérique,Pression atmosphérique,mm/j,925.0
2025-06-11 10:00:00,Direction du vent,Direction du vent,Deg,221.1
2025-06-11 10:00:00,Évapotranspiration journalière,Évapotranspiration journalière,mm/j,7.94
2025-06-11 10:00:00,Évapotranspiration Horaire,Évapotranspiration Horaire,mm/h,0.0
2025-06-11 10:00:00,Rayonnement solaire,Rayonnement solaire,W/m²,800.0
2025-06-11 10:00:00,Point de Rosée,Point de Rosée,°C,6.1
2025-06-11 10:00:00,Humidité relative,Humidité relative,%,26.4
2025-06-11 10:00:00,Température,Température,°C,27.1
2025-06-11 08:00:00,Vitesse du vent,Vitesse du vent,m/s,1.22
2025-06-11 08:00:00,Pression atmosphérique,Pression atmosphérique,mm/j,925.3
2025-06-11 08:00:00,Direction du vent,Direction du vent,Deg,264.7
2025-06-11 08:00:00,Évapotranspiration journalière,Évapotranspiration journalière,mm/j,7.94
2025-06-11 08:00:00,Évapotranspiration Horaire,Évapotranspiration Horaire,mm/h,0.0
2025-06-11 08:00:00,Rayonnement solaire,Rayonnement solaire,W/m²,431.0
2025-06-11 08:00:00,Point de Rosée,Point de Rosée,°C,6.3
2025-06-11 08:00:00,Humidité relative,Humidité relative,%,31.7
2025-06-11 08:00:00,Température,Température,°C,24.2
2025-06-11 06:00:00,Vitesse du vent,Vitesse du vent,m/s,2.1
2025-06-11 06:00:00,Pression atmosphérique,Pression atmosphérique,mm/j,925.0
2025-06-11 06:00:00,Direction du vent,Direction du vent,Deg,342.1
2025-06-11 06:00:00,Évapotranspiration journalière,Évapotranspiration journalière,mm/j,7.94
2025-06-11 06:00:00,Évapotranspiration Horaire,Évapotranspiration Horaire,mm/h,0.0
2025-06-11 06:00:00,Rayonnement solaire,Rayonnement solaire,W/m²,84.0
2025-06-11 06:00:00,Point de Rosée,Point de Rosée,°C,4.9
2025-06-11 06:00:00,Humidité relative,Humidité relative,%,42.9
2025-06-11 06:00:00,Température,Température,°C,17.6
2025-06-11 04:00:00,Vitesse du vent,Vitesse du vent,m/s,1.62
2025-06-11 04:00:00,Pression atmosphérique,Pression atmosphérique,mm/j,925.2
2025-06-11 04:00:00,Direction du vent,Direction du vent,Deg,355.6
2025-06-11 04:00:00,Évapotranspiration journalière,Évapotranspiration journalière,mm/j,7.94
2025-06-11 04:00:00,Évapotranspiration Horaire,Évapotranspiration Horaire,mm/h,0.0
2025-06-11 04:00:00,Rayonnement solaire,Rayonnement solaire,W/m²,0.0
2025-06-11 04:00:00,Point de Rosée,Point de Rosée,°C,4.5
2025-06-11 04:00:00,Humidité relative,Humidité relative,%,43.0
2025-06-11 04:00:00,Température,Température,°C,17.2
2025-06-11 02:00:00,Vitesse du vent,Vitesse du vent,m/s,1.35
2025-06-11 02:00:00,Pression atmosphérique,Pression atmosphérique,mm/j,926.2
2025-06-11 02:00:00,Direction du vent,Direction du vent,Deg,357.7
2025-06-11 02:00:00,Évapotranspiration journalière,Évapotranspiration journalière,mm/j,7.94
2025-06-11 02:00:00,Évapotranspiration Horaire,Évapotranspiration Horaire,mm/h,0.0
2025-06-11 02:00:00,Rayonnement solaire,Rayonnement solaire,W/m²,0.0
2025-06-11 02:00:00,Point de Rosée,Point de Rosée,°C,3.7
2025-06-11 02:00:00,Humidité relative,Humidité relative,%,39.6
2025-06-11 02:00:00,Température,Température,°C,17.6
2025-06-11 00:00:00,Humidité relative,Humidité relative,%,33.8
2025-06-11 00:00:00,Intensité de Pluie,Intensité de Pluie,mm/h,0.0
2025-06-11 00:00:00,Pluie Totale,Pluie Totale,mm,816.6
2025-06-11 00:00:00,Pluie quotidienne,Pluie quotidienne,mm,0.0
2025-06-11 00:00:00,Vitesse du vent,Vitesse du vent,m/s,2.04
2025-06-11 00:00:00,Pression atmosphérique,Pression atmosphérique,mm/j,927.0
2025-06-11 00:00:00,Direction du vent,Direction du vent,Deg,345.6
2025-06-11 00:00:00,Évapotranspiration journalière,Évapotranspiration journalière,mm/j,8.21
2025-06-11 00:00:00,Évapotranspiration Horaire,Évapotranspiration Horaire,mm/h,0.0
2025-06-11 00:00:00,Rayonnement solaire,Rayonnement solaire,W/m²,0.0
2025-06-11 00:00:00,Point de Rosée,Point de Rosée,°C,3.7
2025-06-11 00:00:00,Température,Température,°C,20.1
2025-06-10 22:00:00,Pression atmosphérique,Pression atmosphérique,mm/j,927.3
2025-06-10 22:00:00,Vitesse du vent,Vitesse du vent,m/s,4.3
2025-06-10 22:00:00,Direction du vent,Direction du vent,Deg,100.8
2025-06-10 22:00:00,Évapotranspiration journalière,Évapotranspiration journalière,mm/j,8.21
2025-06-10 22:00:00,Évapotranspiration Horaire,Évapotranspiration Horaire,mm/h,0.0
2025-06-10 22:00:00,Rayonnement solaire,Rayonnement solaire,W/m²,0.0
2025-06-10 22:00:00,Point de Rosée,Point de Rosée,°C,1.9
2025-06-10 22:00:00,Humidité relative,Humidité relative,%,22.4
2025-06-10 22:00:00,Température,Température,°C,24.8
2025-06-10 20:00:00,Vitesse du vent,Vitesse du vent,m/s,6.03
2025-06-10 20:00:00,Pression atmosphérique,Pression atmosphérique,mm/j,925.7
2025-06-10 20:00:00,Direction du vent,Direction du vent,Deg,42.5
2025-06-10 20:00:00,Évapotranspiration journalière,Évapotranspiration journalière,mm/j,8.21
2025-06-10 20:00:00,Évapotranspiration Horaire,Évapotranspiration Horaire,mm/h,0.0
2025-06-10 20:00:00,Rayonnement solaire,Rayonnement solaire,W/m²,0.0
2025-06-10 20:00:00,Point de Rosée,Point de Rosée,°C,2.5
2025-06-10 20:00:00,Humidité relative,Humidité relative,%,19.7
2025-06-10 20:00:00,Température,Température,°C,27.7
2025-06-10 14:00:00,Vitesse du vent,Vitesse du vent,m/s,4.19
2025-06-10 14:00:00,Pression atmosphérique,Pression atmosphérique,mm/j,925.6
2025-06-10 14:00:00,Direction du vent,Direction du vent,Deg,20.9
2025-06-10 14:00:00,Évapotranspiration journalière,Évapotranspiration journalière,mm/j,8.21
2025-06-10 14:00:00,Évapotranspiration Horaire,Évapotranspiration Horaire,mm/h,0.0
2025-06-10 14:00:00,Rayonnement solaire,Rayonnement solaire,W/m²,931.0
2025-06-10 14:00:00,Point de Rosée,Point de Rosée,°C,6.8
2025-06-10 14:00:00,Humidité relative,Humidité relative,%,19.3
2025-06-10 14:00:00,Température,Température,°C,33.3
2025-06-10 12:00:00,Vitesse du vent,Vitesse du vent,m/s,0.85
2025-06-10 12:00:00,Pression atmosphérique,Pression atmosphérique,mm/j,926.9
2025-06-10 12:00:00,Direction du vent,Direction du vent,Deg,173.0
2025-06-10 12:00:00,Évapotranspiration journalière,Évapotranspiration journalière,mm/j,8.21
2025-06-10 12:00:00,Évapotranspiration Horaire,Évapotranspiration Horaire,mm/h,0.0
2025-06-10 12:00:00,Rayonnement solaire,Rayonnement solaire,W/m²,970.0
2025-06-10 12:00:00,Point de Rosée,Point de Rosée,°C,8.0
2025-06-10 12:00:00,Humidité relative,Humidité relative,%,23.8
2025-06-10 12:00:00,Température,Température,°C,31.1
2025-06-10 10:00:00,Pression atmosphérique,Pression atmosphérique,mm/j,927.5
2025-06-10 10:00:00,Vitesse du vent,Vitesse du vent,m/s,1.35
2025-06-10 10:00:00,Direction du vent,Direction du vent,Deg,67.1
2025-06-10 10:00:00,Évapotranspiration journalière,Évapotranspiration journalière,mm/j,8.21
2025-06-10 10:00:00,Évapotranspiration Horaire,Évapotranspiration Horaire,mm/h,0.0
2025-06-10 10:00:00,Rayonnement solaire,Rayonnement solaire,W/m²,785.0
2025-06-10 10:00:00,Point de Rosée,Point de Rosée,°C,9.5
2025-06-10 10:00:00,Humidité relative,Humidité relative,%,30.2
2025-06-10 10:00:00,Température,Température,°C,28.7
2025-06-10 08:00:00,Vitesse du vent,Vitesse du vent,m/s,0.92
2025-06-10 08:00:00,Direction du vent,Direction du vent,Deg,69.9
2025-06-10 08:00:00,Point de Rosée,Point de Rosée,°C,10.8
2025-06-10 08:00:00,Température,Température,°C,26.7
2025-06-10 08:00:00,Humidité relative,Humidité relative,%,36.9
2025-06-10 08:00:00,Évapotranspiration Horaire,Évapotranspiration Horaire,mm/h,0.0
2025-06-10 08:00:00,Évapotranspiration journalière,Évapotranspiration journalière,mm/j,8.21
2025-06-10 08:00:00,Rayonnement solaire,Rayonnement solaire,W/m²,409.0
2025-06-10 08:00:00,Pression atmosphérique,Pression atmosphérique,mm/j,928.0
2025-06-10 06:00:00,Évapotranspiration Horaire,Évapotranspiration Horaire,mm/h,0.0
2025-06-10 06:00:00,Direction du vent,Direction du vent,Deg,42.3
2025-06-10 06:00:00,Vitesse du vent,Vitesse du vent,m/s,0.52
2025-06-10 06:00:00,Pression atmosphérique,Pression atmosphérique,mm/j,927.8
2025-06-10 06:00:00,Évapotranspiration journalière,Évapotranspiration journalière,mm/j,8.21
2025-06-10 06:00:00,Rayonnement solaire,Rayonnement solaire,W/m²,55.0
2025-06-10 06:00:00,Point de Rosée,Point de Rosée,°C,7.0
2025-06-10 06:00:00,Humidité relative,Humidité relative,%,46.1
2025-06-10 06:00:00,Température,Température,°C,18.8
2025-06-09 06:00:00,Vitesse du vent,Vitesse du vent,m/s,1.42
2025-06-09 06:00:00,Température,Température,°C,18.8
2025-06-09 06:00:00,Pression atmosphérique,Pression atmosphérique,mm/j,927.3
2025-06-09 06:00:00,Humidité relative,Humidité relative,%,52.3
2025-06-09 06:00:00,Direction du vent,Direction du vent,Deg,47.4
2025-06-09 06:00:00,Point de Rosée,Point de Rosée,°C,8.8
2025-06-09 06:00:00,Évapotranspiration journalière,Évapotranspiration journalière,mm/j,8.22
2025-06-09 06:00:00,Rayonnement solaire,Rayonnement solaire,W/m²,57.0
2025-06-09 06:00:00,Évapotranspiration Horaire,Évapotranspiration Horaire,mm/h,0.0
2025-06-09 05:00:00,Humidité relative,Humidité relative,%,53.5
2025-06-09 05:00:00,Vitesse du vent,Vitesse du vent,m/s,1.63
2025-06-09 05:00:00,Pression atmosphérique,Pression atmosphérique,mm/j,927.0
2025-06-09 05:00:00,Direction du vent,Direction du vent,Deg,31.7
2025-06-09 05:00:00,Évapotranspiration journalière,Évapotranspiration journalière,mm/j,8.22
2025-06-09 05:00:00,Évapotranspiration Horaire,Évapotranspiration Horaire,mm/h,0.0
2025-06-09 05:00:00,Rayonnement solaire,Rayonnement solaire,W/m²,0.0
2025-06-09 05:00:00,Point de Rosée,Point de Rosée,°C,8.1
2025-06-09 05:00:00,Température,Température,°C,17.7
2025-06-08 09:00:00,Vitesse du vent,Vitesse du vent,m/s,1.2
2025-06-08 09:00:00,Pression atmosphérique,Pression atmosphérique,mm/j,927.1
2025-06-08 09:00:00,Direction du vent,Direction du vent,Deg,233.5
2025-06-08 09:00:00,Évapotranspiration journalière,Évapotranspiration journalière,mm/j,7.5
2025-06-08 09:00:00,Évapotranspiration Horaire,Évapotranspiration Horaire,mm/h,0.0
2025-06-08 09:00:00,Rayonnement solaire,Rayonnement solaire,W/m²,575.0
2025-06-08 09:00:00,Point de Rosée,Point de Rosée,°C,8.5
2025-06-08 09:00:00,Humidité relative,Humidité relative,%,26.1
2025-06-08 09:00:00,Température,Température,°C,30.1
2025-06-08 08:00:00,Vitesse du vent,Vitesse du vent,m/s,2.16
2025-06-08 08:00:00,Pression atmosphérique,Pression atmosphérique,mm/j,927.3
2025-06-08 08:00:00,Direction du vent,Direction du vent,Deg,153.3
2025-06-08 08:00:00,Évapotranspiration journalière,Évapotranspiration journalière,mm/j,7.5
2025-06-08 08:00:00,Rayonnement solaire,Rayonnement solaire,W/m²,390.0
2025-06-08 08:00:00,Température,Température,°C,27.6
2025-06-08 08:00:00,Humidité relative,Humidité relative,%,34.3
2025-06-08 08:00:00,Évapotranspiration Horaire,Évapotranspiration Horaire,mm/h,0.0
2025-06-08 08:00:00,Point de Rosée,Point de Rosée,°C,10.5
2025-06-08 07:00:00,Évapotranspiration journalière,Évapotranspiration journalière,mm/j,7.5
2025-06-08 07:00:00,Température,Température,°C,25.2
2025-06-08 07:00:00,Humidité relative,Humidité relative,%,35.2
2025-06-08 07:00:00,Point de Rosée,Point de Rosée,°C,8.7
2025-06-08 07:00:00,Rayonnement solaire,Rayonnement solaire,W/m²,210.0
2025-06-08 07:00:00,Évapotranspiration Horaire,Évapotranspiration Horaire,mm/h,0.0
2025-06-08 07:00:00,Direction du vent,Direction du vent,Deg,41.8
2025-06-08 07:00:00,Pression atmosphérique,Pression atmosphérique,mm/j,927.2
2025-06-08 07:00:00,Vitesse du vent,Vitesse du vent,m/s,1.27
2025-06-08 06:00:00,Température,Température,°C,20.3
2025-06-08 06:00:00,Direction du vent,Direction du vent,Deg,314.7
2025-06-08 06:00:00,Humidité relative,Humidité relative,%,51.5
2025-06-08 06:00:00,Évapotranspiration journalière,Évapotranspiration journalière,mm/j,7.5
2025-06-08 06:00:00,Point de Rosée,Point de Rosée,°C,10.0
2025-06-08 06:00:00,Évapotranspiration Horaire,Évapotranspiration Horaire,mm/h,0.0
2025-06-08 06:00:00,Rayonnement solaire,Rayonnement solaire,W/m²,60.0
2025-06-08 06:00:00,Vitesse du vent,Vitesse du vent,m/s,1.0
2025-06-08 06:00:00,Pression atmosphérique,Pression atmosphérique,mm/j,927.0
2025-06-08 05:00:00,Vitesse du vent,Vitesse du vent,m/s,1.18
2025-06-08 05:00:00,Humidité relative,Humidité relative,%,45.5
2025-06-08 05:00:00,Évapotranspiration Horaire,Évapotranspiration Horaire,mm/h,0.0
2025-06-08 05:00:00,Température,Température,°C,21.2
2025-06-08 05:00:00,Direction du vent,Direction du vent,Deg,8.4
2025-06-08 05:00:00,Point de Rosée,Point de Rosée,°C,9.0
2025-06-08 05:00:00,Pression atmosphérique,Pression atmosphérique,mm/j,926.7
2025-06-08 05:00:00,Rayonnement solaire,Rayonnement solaire,W/m²,1.0
2025-06-08 05:00:00,Évapotranspiration journalière,Évapotranspiration journalière,mm/j,7.5
2025-06-07 10:00:00,Pression atmosphérique,Pression atmosphérique,mm/j,927.7
2025-06-07 10:00:00,Vitesse du vent,Vitesse du vent,m/s,3.8
2025-06-07 10:00:00,Température,Température,°C,29.1
2025-06-07 10:00:00,Direction du vent,Direction du vent,Deg,157.2
2025-06-07 10:00:00,Évapotranspiration journalière,Évapotranspiration journalière,mm/j,7.54
2025-06-07 10:00:00,Évapotranspiration Horaire,Évapotranspiration Horaire,mm/h,0.0
2025-06-07 10:00:00,Rayonnement solaire,Rayonnement solaire,W/m²,760.0
2025-06-07 10:00:00,Point de Rosée,Point de Rosée,°C,6.9
2025-06-07 10:00:00,Humidité relative,Humidité relative,%,24.7
2025-06-07 09:00:00,Pression atmosphérique,Pression atmosphérique,mm/j,928.0
2025-06-07 09:00:00,Vitesse du vent,Vitesse du vent,m/s,3.2
2025-06-07 09:00:00,Température,Température,°C,27.1
2025-06-07 09:00:00,Humidité relative,Humidité relative,%,26.4
2025-06-07 09:00:00,Point de Rosée,Point de Rosée,°C,6.1
2025-06-07 09:00:00,Rayonnement solaire,Rayonnement solaire,W/m²,593.0
2025-06-07 09:00:00,Évapotranspiration Horaire,Évapotranspiration Horaire,mm/h,0.0
2025-06-07 09:00:00,Évapotranspiration journalière,Évapotranspiration journalière,mm/j,7.54
2025-06-07 09:00:00,Direction du vent,Direction du vent,Deg,126.2
2025-06-07 08:00:00,Point de Rosée,Point de Rosée,°C,6.6
2025-06-07 08:00:00,Évapotranspiration Horaire,Évapotranspiration Horaire,mm/h,0.0
2025-06-07 08:00:00,Vitesse du vent,Vitesse du vent,m/s,0.14
2025-06-07 08:00:00,Température,Température,°C,26.7
2025-06-07 08:00:00,Pression atmosphérique,Pression atmosphérique,mm/j,927.8
2025-06-07 08:00:00,Rayonnement solaire,Rayonnement solaire,W/m²,384.0
2025-06-07 08:00:00,Direction du vent,Direction du vent,Deg,98.7
2025-06-07 08:00:00,Humidité relative,Humidité relative,%,27.9
2025-06-07 08:00:00,Évapotranspiration journalière,Évapotranspiration journalière,mm/j,7.54
2025-06-07 07:00:00,Vitesse du vent,Vitesse du vent,m/s,0.9
2025-06-07 07:00:00,Température,Température,°C,21.9
2025-06-07 07:00:00,Humidité relative,Humidité relative,%,40.3
2025-06-07 07:00:00,Point de Rosée,Point de Rosée,°C,7.8
2025-06-07 07:00:00,Rayonnement solaire,Rayonnement solaire,W/m²,202.0
2025-06-07 07:00:00,Évapotranspiration Horaire,Évapotranspiration Horaire,mm/h,0.0
2025-06-07 07:00:00,Évapotranspiration journalière,Évapotranspiration journalière,mm/j,7.54
2025-06-07 07:00:00,Direction du vent,Direction du vent,Deg,66.9
2025-06-07 07:00:00,Pression atmosphérique,Pression atmosphérique,mm/j,928.0
2025-06-07 06:00:00,Pression atmosphérique,Pression atmosphérique,mm/j,927.9
2025-06-07 06:00:00,Température,Température,°C,16.6
2025-06-07 06:00:00,Direction du vent,Direction du vent,Deg,38.7
2025-06-07 06:00:00,Évapotranspiration journalière,Évapotranspiration journalière,mm/j,7.54
2025-06-07 06:00:00,Évapotranspiration Horaire,Évapotranspiration Horaire,mm/h,0.0
2025-06-07 06:00:00,Rayonnement solaire,Rayonnement solaire,W/m²,57.0
2025-06-07 06:00:00,Point de Rosée,Point de Rosée,°C,7.7
2025-06-07 06:00:00,Vitesse du vent,Vitesse du vent,m/s,1.57
2025-06-07 06:00:00,Humidité relative,Humidité relative,%,55.6
2025-06-07 05:00:00,Humidité relative,Humidité relative,%,58.1
2025-06-07 05:00:00,Pression atmosphérique,Pression atmosphérique,mm/j,927.9
2025-06-07 05:00:00,Évapotranspiration Horaire,Évapotranspiration Horaire,mm/h,0.0
2025-06-07 05:00:00,Point de Rosée,Point de Rosée,°C,7.4
2025-06-07 05:00:00,Direction du vent,Direction du vent,Deg,6.5
2025-06-07 05:00:00,Vitesse du vent,Vitesse du vent,m/s,1.98
2025-06-07 05:00:00,Température,Température,°C,15.6
2025-06-07 05:00:00,Rayonnement solaire,Rayonnement solaire,W/m²,0.0
2025-06-07 05:00:00,Évapotranspiration journalière,Évapotranspiration journalière,mm/j,7.54
2025-06-06 09:00:00,Pression atmosphérique,Pression atmosphérique,mm/j,927.5
2025-06-06 09:00:00,Direction du vent,Direction du vent,Deg,128.4
2025-06-06 09:00:00,Évapotranspiration journalière,Évapotranspiration journalière,mm/j,6.07
2025-06-06 09:00:00,Évapotranspiration Horaire,Évapotranspiration Horaire,mm/h,0.0
2025-06-06 09:00:00,Rayonnement solaire,Rayonnement solaire,W/m²,600.0
2025-06-06 09:00:00,Point de Rosée,Point de Rosée,°C,7.7
2025-06-06 09:00:00,Humidité relative,Humidité relative,%,31.6
2025-06-06 09:00:00,Température,Température,°C,25.8
2025-06-06 09:00:00,Vitesse du vent,Vitesse du vent,m/s,0.6
2025-06-06 08:00:00,Direction du vent,Direction du vent,Deg,186.3
2025-06-06 08:00:00,Rayonnement solaire,Rayonnement solaire,W/m²,402.0
2025-06-06 08:00:00,Pression atmosphérique,Pression atmosphérique,mm/j,927.4
2025-06-06 08:00:00,Point de Rosée,Point de Rosée,°C,8.6
2025-06-06 08:00:00,Évapotranspiration journalière,Évapotranspiration journalière,mm/j,6.07
2025-06-06 08:00:00,Humidité relative,Humidité relative,%,40.5
2025-06-06 08:00:00,Vitesse du vent,Vitesse du vent,m/s,1.01
2025-06-06 08:00:00,Température,Température,°C,22.7
2025-06-06 08:00:00,Évapotranspiration Horaire,Évapotranspiration Horaire,mm/h,0.0
2025-06-06 07:00:00,Température,Température,°C,20.3
2025-06-06 07:00:00,Pression atmosphérique,Pression atmosphérique,mm/j,927.0
2025-06-06 07:00:00,Direction du vent,Direction du vent,Deg,4.4
2025-06-06 07:00:00,Évapotranspiration journalière,Évapotranspiration journalière,mm/j,6.07
2025-06-06 07:00:00,Évapotranspiration Horaire,Évapotranspiration Horaire,mm/h,0.0
2025-06-06 07:00:00,Rayonnement solaire,Rayonnement solaire,W/m²,201.0
2025-06-06 07:00:00,Point de Rosée,Point de Rosée,°C,8.6
2025-06-06 07:00:00,Humidité relative,Humidité relative,%,46.9
2025-06-06 07:00:00,Vitesse du vent,Vitesse du vent,m/s,1.5
2025-06-06 06:00:00,Température,Température,°C,16.0
2025-06-06 06:00:00,Vitesse du vent,Vitesse du vent,m/s,1.01
2025-06-06 06:00:00,Pression atmosphérique,Pression atmosphérique,mm/j,927.2
2025-06-06 06:00:00,Direction du vent,Direction du vent,Deg,2.5
2025-06-06 06:00:00,Évapotranspiration journalière,Évapotranspiration journalière,mm/j,6.07
2025-06-06 06:00:00,Évapotranspiration Horaire,Évapotranspiration Horaire,mm/h,0.0
2025-06-06 06:00:00,Rayonnement solaire,Rayonnement solaire,W/m²,58.0
2025-06-06 06:00:00,Humidité relative,Humidité relative,%,59.3
2025-06-06 06:00:00,Point de Rosée,Point de Rosée,°C,8.0
2025-06-06 05:00:00,Évapotranspiration Horaire,Évapotranspiration Horaire,mm/h,0.0
2025-06-06 05:00:00,Vitesse du vent,Vitesse du vent,m/s,0.76
2025-06-06 05:00:00,Température,Température,°C,16.2
2025-06-06 05:00:00,Pression atmosphérique,Pression atmosphérique,mm/j,926.6
2025-06-06 05:00:00,Humidité relative,Humidité relative,%,58.2
2025-06-06 05:00:00,Direction du vent,Direction du vent,Deg,13.7
2025-06-06 05:00:00,Rayonnement solaire,Rayonnement solaire,W/m²,0.0
2025-06-06 05:00:00,Évapotranspiration journalière,Évapotranspiration journalière,mm/j,6.07
2025-06-06 05:00:00,Point de Rosée,Point de Rosée,°C,8.0
2025-06-05 22:00:00,Rayonnement solaire,Rayonnement solaire,W/m²,0.0
2025-06-05 22:00:00,Température,Température,°C,20.5
2025-06-05 22:00:00,Humidité relative,Humidité relative,%,50.6
2025-06-05 22:00:00,Point de Rosée,Point de Rosée,°C,9.9
2025-06-05 22:00:00,Évapotranspiration Horaire,Évapotranspiration Horaire,mm/h,0.0
2025-06-05 22:00:00,Évapotranspiration journalière,Évapotranspiration journalière,mm/j,7.29
2025-06-05 22:00:00,Direction du vent,Direction du vent,Deg,348.9
2025-06-05 22:00:00,Pression atmosphérique,Pression atmosphérique,mm/j,927.4
2025-06-05 22:00:00,Vitesse du vent,Vitesse du vent,m/s,1.18
2025-06-05 21:00:00,Point de Rosée,Point de Rosée,°C,8.8
2025-06-05 21:00:00,Vitesse du vent,Vitesse du vent,m/s,1.12
2025-06-05 21:00:00,Température,Température,°C,22.3
2025-06-05 21:00:00,Direction du vent,Direction du vent,Deg,17.5
2025-06-05 21:00:00,Humidité relative,Humidité relative,%,42.0
2025-06-05 21:00:00,Rayonnement solaire,Rayonnement solaire,W/m²,0.0
2025-06-05 21:00:00,Pression atmosphérique,Pression atmosphérique,mm/j,927.0
2025-06-05 21:00:00,Évapotranspiration Horaire,Évapotranspiration Horaire,mm/h,0.0
2025-06-05 21:00:00,Évapotranspiration journalière,Évapotranspiration journalière,mm/j,7.29
2025-06-05 19:00:00,Point de Rosée,Point de Rosée,°C,7.7
2025-06-05 19:00:00,Vitesse du vent,Vitesse du vent,m/s,3.82
2025-06-05 19:00:00,Pression atmosphérique,Pression atmosphérique,mm/j,925.8
2025-06-05 19:00:00,Direction du vent,Direction du vent,Deg,63.9
2025-06-05 19:00:00,Évapotranspiration journalière,Évapotranspiration journalière,mm/j,7.29
2025-06-05 19:00:00,Évapotranspiration Horaire,Évapotranspiration Horaire,mm/h,0.0
2025-06-05 19:00:00,Rayonnement solaire,Rayonnement solaire,W/m²,28.0
2025-06-05 19:00:00,Humidité relative,Humidité relative,%,30.5
2025-06-05 19:00:00,Température,Température,°C,26.4
2025-06-05 18:00:00,Intensité de Pluie,Intensité de Pluie,mm/h,0.0
2025-06-05 18:00:00,Évapotranspiration journalière,Évapotranspiration journalière,mm/j,7.29
2025-06-05 18:00:00,Pluie Totale,Pluie Totale,mm,816.6
2025-06-05 18:00:00,Température,Température,°C,26.8
2025-06-05 18:00:00,Pluie quotidienne,Pluie quotidienne,mm,0.2
2025-06-05 18:00:00,Humidité relative,Humidité relative,%,33.0
2025-06-05 18:00:00,Vitesse du vent,Vitesse du vent,m/s,4.21
2025-06-05 18:00:00,Point de Rosée,Point de Rosée,°C,9.2
2025-06-05 18:00:00,Pression atmosphérique,Pression atmosphérique,mm/j,925.4
2025-06-05 18:00:00,Rayonnement solaire,Rayonnement solaire,W/m²,166.0
2025-06-05 18:00:00,Direction du vent,Direction du vent,Deg,58.5
2025-06-05 18:00:00,Évapotranspiration Horaire,Évapotranspiration Horaire,mm/h,0.0
2025-06-05 17:00:00,Point de Rosée,Point de Rosée,°C,9.4
2025-06-05 17:00:00,Intensité de Pluie,Intensité de Pluie,mm/h,2.4
2025-06-05 17:00:00,Pluie Totale,Pluie Totale,mm,816.6
2025-06-05 17:00:00,Pluie quotidienne,Pluie quotidienne,mm,0.2
2025-06-05 17:00:00,Vitesse du vent,Vitesse du vent,m/s,5.56
2025-06-05 17:00:00,Pression atmosphérique,Pression atmosphérique,mm/j,925.2
2025-06-05 17:00:00,Direction du vent,Direction du vent,Deg,8.9
2025-06-05 17:00:00,Évapotranspiration journalière,Évapotranspiration journalière,mm/j,7.29
2025-06-05 17:00:00,Évapotranspiration Horaire,Évapotranspiration Horaire,mm/h,0.0
2025-06-05 17:00:00,Rayonnement solaire,Rayonnement solaire,W/m²,87.0
2025-06-05 17:00:00,Humidité relative,Humidité relative,%,33.7
2025-06-05 17:00:00,Température,Température,°C,26.7
2025-06-05 16:00:00,Pression atmosphérique,Pression atmosphérique,mm/j,925.3
2025-06-05 16:00:00,Rayonnement solaire,Rayonnement solaire,W/m²,62.0
2025-06-05 16:00:00,Évapotranspiration journalière,Évapotranspiration journalière,mm/j,7.29
2025-06-05 16:00:00,Point de Rosée,Point de Rosée,°C,9.4
2025-06-05 16:00:00,Direction du vent,Direction du vent,Deg,312.3
2025-06-05 16:00:00,Humidité relative,Humidité relative,%,32.7
2025-06-05 16:00:00,Évapotranspiration Horaire,Évapotranspiration Horaire,mm/h,0.0
2025-06-05 16:00:00,Température,Température,°C,27.2
2025-06-05 16:00:00,Vitesse du vent,Vitesse du vent,m/s,5.91
2025-06-05 15:00:00,Température,Température,°C,30.5
2025-06-05 15:00:00,Vitesse du vent,Vitesse du vent,m/s,4.76
2025-06-05 15:00:00,Pression atmosphérique,Pression atmosphérique,mm/j,924.6
2025-06-05 15:00:00,Direction du vent,Direction du vent,Deg,177.9
2025-06-05 15:00:00,Évapotranspiration journalière,Évapotranspiration journalière,mm/j,7.29
2025-06-05 15:00:00,Évapotranspiration Horaire,Évapotranspiration Horaire,mm/h,0.0
2025-06-05 15:00:00,Rayonnement solaire,Rayonnement solaire,W/m²,173.0
2025-06-05 15:00:00,Point de Rosée,Point de Rosée,°C,5.1
2025-06-05 15:00:00,Humidité relative,Humidité relative,%,20.1
2025-06-05 14:00:00,Rayonnement solaire,Rayonnement solaire,W/m²,363.0
2025-06-05 14:00:00,Vitesse du vent,Vitesse du vent,m/s,4.33
2025-06-05 14:00:00,Pression atmosphérique,Pression atmosphérique,mm/j,924.8
2025-06-05 14:00:00,Direction du vent,Direction du vent,Deg,173.7
2025-06-05 14:00:00,Évapotranspiration journalière,Évapotranspiration journalière,mm/j,7.29
2025-06-05 14:00:00,Évapotranspiration Horaire,Évapotranspiration Horaire,mm/h,0.0
2025-06-05 14:00:00,Point de Rosée,Point de Rosée,°C,5.8
2025-06-05 14:00:00,Humidité relative,Humidité relative,%,20.4
2025-06-05 14:00:00,Température,Température,°C,31.1
2025-06-05 13:00:00,Rayonnement solaire,Rayonnement solaire,W/m²,723.0
2025-06-05 13:00:00,Point de Rosée,Point de Rosée,°C,5.3
2025-06-05 13:00:00,Évapotranspiration journalière,Évapotranspiration journalière,mm/j,7.29
2025-06-05 13:00:00,Pression atmosphérique,Pression atmosphérique,mm/j,925.2
2025-06-05 13:00:00,Vitesse du vent,Vitesse du vent,m/s,1.68
2025-06-05 13:00:00,Direction du vent,Direction du vent,Deg,189.5
2025-06-05 13:00:00,Température,Température,°C,31.5
2025-06-05 13:00:00,Humidité relative,Humidité relative,%,19.3
2025-06-05 13:00:00,Évapotranspiration Horaire,Évapotranspiration Horaire,mm/h,0.0
2025-06-05 12:00:00,Évapotranspiration Horaire,Évapotranspiration Horaire,mm/h,0.0
2025-06-05 12:00:00,Rayonnement solaire,Rayonnement solaire,W/m²,348.0
2025-06-05 12:00:00,Point de Rosée,Point de Rosée,°C,5.5
2025-06-05 12:00:00,Humidité relative,Humidité relative,%,20.3
2025-06-05 12:00:00,Température,Température,°C,30.8
2025-06-05 12:00:00,Vitesse du vent,Vitesse du vent,m/s,2.2
2025-06-05 12:00:00,Pression atmosphérique,Pression atmosphérique,mm/j,925.4
2025-06-05 12:00:00,Direction du vent,Direction du vent,Deg,150.3
2025-06-05 12:00:00,Évapotranspiration journalière,Évapotranspiration journalière,mm/j,7.29
2025-06-05 11:00:00,Évapotranspiration Horaire,Évapotranspiration Horaire,mm/h,0.0
2025-06-05 11:00:00,Vitesse du vent,Vitesse du vent,m/s,2.34
2025-06-05 11:00:00,Pression atmosphérique,Pression atmosphérique,mm/j,925.8
2025-06-05 11:00:00,Direction du vent,Direction du vent,Deg,133.0
2025-06-05 11:00:00,Évapotranspiration journalière,Évapotranspiration journalière,mm/j,7.29
2025-06-05 11:00:00,Rayonnement solaire,Rayonnement solaire,W/m²,871.0
2025-06-05 11:00:00,Point de Rosée,Point de Rosée,°C,6.2
2025-06-05 11:00:00,Humidité relative,Humidité relative,%,23.1
2025-06-05 11:00:00,Température,Température,°C,29.5
2025-06-05 10:00:00,Vitesse du vent,Vitesse du vent,m/s,2.53
2025-06-05 10:00:00,Température,Température,°C,27.4
2025-06-05 10:00:00,Pression atmosphérique,Pression atmosphérique,mm/j,925.8
2025-06-05 10:00:00,Humidité relative,Humidité relative,%,31.8
2025-06-05 10:00:00,Direction du vent,Direction du vent,Deg,127.8
2025-06-05 10:00:00,Point de Rosée,Point de Rosée,°C,9.1
2025-06-05 10:00:00,Évapotranspiration journalière,Évapotranspiration journalière,mm/j,7.29
2025-06-05 10:00:00,Rayonnement solaire,Rayonnement solaire,W/m²,767.0
2025-06-05 10:00:00,Évapotranspiration Horaire,Évapotranspiration Horaire,mm/h,0.0
2025-06-05 09:00:00,Évapotranspiration Horaire,Évapotranspiration Horaire,mm/h,0.0
2025-06-05 09:00:00,Vitesse du vent,Vitesse du vent,m/s,3.25
2025-06-05 09:00:00,Pression atmosphérique,Pression atmosphérique,mm/j,926.0
2025-06-05 09:00:00,Direction du vent,Direction du vent,Deg,168.6
2025-06-05 09:00:00,Évapotranspiration journalière,Évapotranspiration journalière,mm/j,7.29
2025-06-05 09:00:00,Rayonnement solaire,Rayonnement solaire,W/m²,596.0
2025-06-05 09:00:00,Point de Rosée,Point de Rosée,°C,9.6
2025-06-05 09:00:00,Humidité relative,Humidité relative,%,36.7
2025-06-05 09:00:00,Température,Température,°C,25.5
2025-06-05 08:00:00,Pression atmosphérique,Pression atmosphérique,mm/j,925.7
2025-06-05 08:00:00,Rayonnement solaire,Rayonnement solaire,W/m²,385.0
2025-06-05 08:00:00,Évapotranspiration journalière,Évapotranspiration journalière,mm/j,7.29
2025-06-05 08:00:00,Point de Rosée,Point de Rosée,°C,10.3
2025-06-05 08:00:00,Vitesse du vent,Vitesse du vent,m/s,0.93
2025-06-05 08:00:00,Humidité relative,Humidité relative,%,42.4
2025-06-05 08:00:00,Direction du vent,Direction du vent,Deg,213.8
2025-06-05 08:00:00,Température,Température,°C,23.9
2025-06-05 08:00:00,Évapotranspiration Horaire,Évapotranspiration Horaire,mm/h,0.0
2025-06-05 07:00:00,Point de Rosée,Point de Rosée,°C,10.9
2025-06-05 07:00:00,Vitesse du vent,Vitesse du vent,m/s,0.31
2025-06-05 07:00:00,Pression atmosphérique,Pression atmosphérique,mm/j,925.4
2025-06-05 07:00:00,Direction du vent,Direction du vent,Deg,143.5
2025-06-05 07:00:00,Évapotranspiration journalière,Évapotranspiration journalière,mm/j,7.29
2025-06-05 07:00:00,Évapotranspiration Horaire,Évapotranspiration Horaire,mm/h,0.0
2025-06-05 07:00:00,Rayonnement solaire,Rayonnement solaire,W/m²,210.0
2025-06-05 07:00:00,Humidité relative,Humidité relative,%,51.2
2025-06-05 07:00:00,Température,Température,°C,21.4
2025-06-05 06:00:00,Vitesse du vent,Vitesse du vent,m/s,0.81
2025-06-05 06:00:00,Point de Rosée,Point de Rosée,°C,10.0
2025-06-05 06:00:00,Température,Température,°C,17.7
2025-06-05 06:00:00,Évapotranspiration Horaire,Évapotranspiration Horaire,mm/h,0.0
2025-06-05 06:00:00,Pression atmosphérique,Pression atmosphérique,mm/j,925.5
2025-06-05 06:00:00,Direction du vent,Direction du vent,Deg,1.0
2025-06-05 06:00:00,Rayonnement solaire,Rayonnement solaire,W/m²,44.0
2025-06-05 06:00:00,Évapotranspiration journalière,Évapotranspiration journalière,mm/j,7.29
2025-06-05 06:00:00,Humidité relative,Humidité relative,%,60.8
2025-06-05 05:00:00,Point de Rosée,Point de Rosée,°C,9.3
2025-06-05 05:00:00,Vitesse du vent,Vitesse du vent,m/s,1.32
2025-06-05 05:00:00,Pression atmosphérique,Pression atmosphérique,mm/j,925.2
2025-06-05 05:00:00,Direction du vent,Direction du vent,Deg,328.0
2025-06-05 05:00:00,Évapotranspiration journalière,Évapotranspiration journalière,mm/j,7.29
2025-06-05 05:00:00,Évapotranspiration Horaire,Évapotranspiration Horaire,mm/h,0.0
2025-06-05 05:00:00,Rayonnement solaire,Rayonnement solaire,W/m²,0.0
2025-06-05 05:00:00,Humidité relative,Humidité relative,%,63.0
2025-06-05 05:00:00,Température,Température,°C,16.4
2025-06-05 04:00:00,Vitesse du vent,Vitesse du vent,m/s,0.9
2025-06-05 04:00:00,Évapotranspiration journalière,Évapotranspiration journalière,mm/j,7.29
2025-06-05 04:00:00,Rayonnement solaire,Rayonnement solaire,W/m²,0.0
2025-06-05 04:00:00,Point de Rosée,Point de Rosée,°C,9.2
2025-06-05 04:00:00,Direction du vent,Direction du vent,Deg,19.8
2025-06-05 04:00:00,Pression atmosphérique,Pression atmosphérique,mm/j,925.1
2025-06-05 04:00:00,Température,Température,°C,16.3
2025-06-05 04:00:00,Évapotranspiration Horaire,Évapotranspiration Horaire,mm/h,0.0
2025-06-05 04:00:00,Humidité relative,Humidité relative,%,62.9
2025-06-04 06:00:00,Évapotranspiration Horaire,Évapotranspiration Horaire,mm/h,0.0
2025-06-04 06:00:00,Rayonnement solaire,Rayonnement solaire,W/m²,55.0
2025-06-04 06:00:00,Point de Rosée,Point de Rosée,°C,8.1
2025-06-04 06:00:00,Humidité relative,Humidité relative,%,58.8
2025-06-04 06:00:00,Température,Température,°C,16.2
2025-06-04 06:00:00,Vitesse du vent,Vitesse du vent,m/s,0.34
2025-06-04 06:00:00,Pression atmosphérique,Pression atmosphérique,mm/j,924.9
2025-06-04 06:00:00,Direction du vent,Direction du vent,Deg,53.8
2025-06-04 06:00:00,Évapotranspiration journalière,Évapotranspiration journalière,mm/j,7.39
2025-06-04 05:00:00,Évapotranspiration Horaire,Évapotranspiration Horaire,mm/h,0.0
2025-06-04 05:00:00,Vitesse du vent,Vitesse du vent,m/s,0.36
2025-06-04 05:00:00,Pression atmosphérique,Pression atmosphérique,mm/j,924.8
2025-06-04 05:00:00,Direction du vent,Direction du vent,Deg,37.5
2025-06-04 05:00:00,Évapotranspiration journalière,Évapotranspiration journalière,mm/j,7.39
2025-06-04 05:00:00,Rayonnement solaire,Rayonnement solaire,W/m²,0.0
2025-06-04 05:00:00,Point de Rosée,Point de Rosée,°C,7.7
2025-06-04 05:00:00,Humidité relative,Humidité relative,%,62.0
2025-06-04 05:00:00,Température,Température,°C,14.9
2025-06-03 10:00:00,Vitesse du vent,Vitesse du vent,m/s,0.61
2025-06-03 10:00:00,Température,Température,°C,27.4
2025-06-03 10:00:00,Pression atmosphérique,Pression atmosphérique,mm/j,925.0
2025-06-03 10:00:00,Humidité relative,Humidité relative,%,22.7
2025-06-03 10:00:00,Direction du vent,Direction du vent,Deg,202.3
2025-06-03 10:00:00,Point de Rosée,Point de Rosée,°C,4.2
2025-06-03 10:00:00,Évapotranspiration journalière,Évapotranspiration journalière,mm/j,7.21
2025-06-03 10:00:00,Rayonnement solaire,Rayonnement solaire,W/m²,794.0
2025-06-03 10:00:00,Évapotranspiration Horaire,Évapotranspiration Horaire,mm/h,0.0
2025-06-03 09:00:00,Évapotranspiration Horaire,Évapotranspiration Horaire,mm/h,0.0
2025-06-03 09:00:00,Vitesse du vent,Vitesse du vent,m/s,2.01
2025-06-03 09:00:00,Pression atmosphérique,Pression atmosphérique,mm/j,925.2
2025-06-03 09:00:00,Direction du vent,Direction du vent,Deg,169.2
2025-06-03 09:00:00,Évapotranspiration journalière,Évapotranspiration journalière,mm/j,7.21
2025-06-03 09:00:00,Rayonnement solaire,Rayonnement solaire,W/m²,633.0
2025-06-03 09:00:00,Point de Rosée,Point de Rosée,°C,4.9
2025-06-03 09:00:00,Humidité relative,Humidité relative,%,26.9
2025-06-03 09:00:00,Température,Température,°C,25.3
2025-06-03 08:00:00,Pression atmosphérique,Pression atmosphérique,mm/j,925.6
2025-06-03 08:00:00,Rayonnement solaire,Rayonnement solaire,W/m²,424.0
2025-06-03 08:00:00,Évapotranspiration journalière,Évapotranspiration journalière,mm/j,7.21
2025-06-03 08:00:00,Point de Rosée,Point de Rosée,°C,5.4
2025-06-03 08:00:00,Vitesse du vent,Vitesse du vent,m/s,0.68
2025-06-03 08:00:00,Humidité relative,Humidité relative,%,30.5
2025-06-03 08:00:00,Direction du vent,Direction du vent,Deg,111.2
2025-06-03 08:00:00,Température,Température,°C,23.8
2025-06-03 08:00:00,Évapotranspiration Horaire,Évapotranspiration Horaire,mm/h,0.0
2025-06-03 07:00:00,Point de Rosée,Point de Rosée,°C,6.8
2025-06-03 07:00:00,Vitesse du vent,Vitesse du vent,m/s,2.46
2025-06-03 07:00:00,Pression atmosphérique,Pression atmosphérique,mm/j,925.9
2025-06-03 07:00:00,Direction du vent,Direction du vent,Deg,80.9
2025-06-03 07:00:00,Évapotranspiration journalière,Évapotranspiration journalière,mm/j,7.21
2025-06-03 07:00:00,Évapotranspiration Horaire,Évapotranspiration Horaire,mm/h,0.0
2025-06-03 07:00:00,Rayonnement solaire,Rayonnement solaire,W/m²,222.0
2025-06-03 07:00:00,Humidité relative,Humidité relative,%,41.9
2025-06-03 07:00:00,Température,Température,°C,20.1
2025-06-03 06:00:00,Vitesse du vent,Vitesse du vent,m/s,0.34
2025-06-03 06:00:00,Température,Température,°C,14.4
2025-06-03 06:00:00,Pression atmosphérique,Pression atmosphérique,mm/j,925.8
2025-06-03 06:00:00,Humidité relative,Humidité relative,%,60.8
2025-06-03 06:00:00,Direction du vent,Direction du vent,Deg,8.5
2025-06-03 06:00:00,Point de Rosée,Point de Rosée,°C,7.0
2025-06-03 06:00:00,Évapotranspiration journalière,Évapotranspiration journalière,mm/j,7.21
2025-06-03 06:00:00,Rayonnement solaire,Rayonnement solaire,W/m²,57.0
2025-06-03 06:00:00,Évapotranspiration Horaire,Évapotranspiration Horaire,mm/h,0.0
2025-06-03 05:00:00,Point de Rosée,Point de Rosée,°C,6.8
2025-06-03 05:00:00,Vitesse du vent,Vitesse du vent,m/s,1.11
2025-06-03 05:00:00,Pression atmosphérique,Pression atmosphérique,mm/j,925.7
2025-06-03 05:00:00,Direction du vent,Direction du vent,Deg,353.5
2025-06-03 05:00:00,Évapotranspiration journalière,Évapotranspiration journalière,mm/j,7.21
2025-06-03 05:00:00,Évapotranspiration Horaire,Évapotranspiration Horaire,mm/h,0.0
2025-06-03 05:00:00,Rayonnement solaire,Rayonnement solaire,W/m²,0.0
2025-06-03 05:00:00,Humidité relative,Humidité relative,%,61.9
2025-06-03 05:00:00,Température,Température,°C,14.0
2025-06-02 19:00:00,Rayonnement solaire,Rayonnement solaire,W/m²,55.0
2025-06-02 19:00:00,Pression atmosphérique,Pression atmosphérique,mm/j,925.5
2025-06-02 19:00:00,Humidité relative,Humidité relative,%,24.5
2025-06-02 19:00:00,Direction du vent,Direction du vent,Deg,179.3
2025-06-02 19:00:00,Point de Rosée,Point de Rosée,°C,5.1
2025-06-02 19:00:00,Évapotranspiration journalière,Évapotranspiration journalière,mm/j,7.08
2025-06-02 19:00:00,Température,Température,°C,27.1
2025-06-02 19:00:00,Évapotranspiration Horaire,Évapotranspiration Horaire,mm/h,0.0
2025-06-02 19:00:00,Vitesse du vent,Vitesse du vent,m/s,4.43
2025-06-02 18:00:00,Évapotranspiration Horaire,Évapotranspiration Horaire,mm/h,0.0
2025-06-02 18:00:00,Rayonnement solaire,Rayonnement solaire,W/m²,235.0
2025-06-02 18:00:00,Point de Rosée,Point de Rosée,°C,4.7
2025-06-02 18:00:00,Humidité relative,Humidité relative,%,22.0
2025-06-02 18:00:00,Température,Température,°C,28.5
2025-06-02 18:00:00,Vitesse du vent,Vitesse du vent,m/s,4.49
2025-06-02 18:00:00,Pression atmosphérique,Pression atmosphérique,mm/j,925.1
2025-06-02 18:00:00,Direction du vent,Direction du vent,Deg,186.5
2025-06-02 18:00:00,Évapotranspiration journalière,Évapotranspiration journalière,mm/j,7.08
2025-06-02 17:00:00,Évapotranspiration Horaire,Évapotranspiration Horaire,mm/h,0.0
2025-06-02 17:00:00,Vitesse du vent,Vitesse du vent,m/s,3.25
2025-06-02 17:00:00,Pression atmosphérique,Pression atmosphérique,mm/j,925.1
2025-06-02 17:00:00,Direction du vent,Direction du vent,Deg,165.3
2025-06-02 17:00:00,Évapotranspiration journalière,Évapotranspiration journalière,mm/j,7.08
2025-06-02 17:00:00,Rayonnement solaire,Rayonnement solaire,W/m²,453.0
2025-06-02 17:00:00,Point de Rosée,Point de Rosée,°C,4.8
2025-06-02 17:00:00,Humidité relative,Humidité relative,%,21.5
2025-06-02 17:00:00,Température,Température,°C,29.0
2025-06-02 15:00:00,Vitesse du vent,Vitesse du vent,m/s,5.45
2025-06-02 15:00:00,Pression atmosphérique,Pression atmosphérique,mm/j,925.9
2025-06-02 15:00:00,Direction du vent,Direction du vent,Deg,162.8
2025-06-02 15:00:00,Évapotranspiration journalière,Évapotranspiration journalière,mm/j,7.08
2025-06-02 15:00:00,Évapotranspiration Horaire,Évapotranspiration Horaire,mm/h,0.0
2025-06-02 15:00:00,Rayonnement solaire,Rayonnement solaire,W/m²,841.0
2025-06-02 15:00:00,Point de Rosée,Point de Rosée,°C,4.6
2025-06-02 15:00:00,Humidité relative,Humidité relative,%,21.9
2025-06-02 15:00:00,Température,Température,°C,28.4
2025-06-02 14:00:00,Vitesse du vent,Vitesse du vent,m/s,5.91
2025-06-02 14:00:00,Pression atmosphérique,Pression atmosphérique,mm/j,926.4
2025-06-02 14:00:00,Direction du vent,Direction du vent,Deg,132.2
2025-06-02 14:00:00,Évapotranspiration journalière,Évapotranspiration journalière,mm/j,7.08
2025-06-02 14:00:00,Évapotranspiration Horaire,Évapotranspiration Horaire,mm/h,0.0
2025-06-02 14:00:00,Rayonnement solaire,Rayonnement solaire,W/m²,957.0
2025-06-02 14:00:00,Point de Rosée,Point de Rosée,°C,4.9
2025-06-02 14:00:00,Humidité relative,Humidité relative,%,22.8
2025-06-02 14:00:00,Température,Température,°C,28.1
2025-06-02 13:00:00,Évapotranspiration journalière,Évapotranspiration journalière,mm/j,7.08
2025-06-02 13:00:00,Pression atmosphérique,Pression atmosphérique,mm/j,927.1
2025-06-02 13:00:00,Point de Rosée,Point de Rosée,°C,5.6
2025-06-02 13:00:00,Vitesse du vent,Vitesse du vent,m/s,2.66
2025-06-02 13:00:00,Évapotranspiration Horaire,Évapotranspiration Horaire,mm/h,0.0
2025-06-02 13:00:00,Direction du vent,Direction du vent,Deg,157.2
2025-06-02 13:00:00,Humidité relative,Humidité relative,%,25.6
2025-06-02 13:00:00,Rayonnement solaire,Rayonnement solaire,W/m²,1013.0
2025-06-02 13:00:00,Température,Température,°C,26.9
2025-06-02 12:00:00,Direction du vent,Direction du vent,Deg,142.0
2025-06-02 12:00:00,Humidité relative,Humidité relative,%,30.3
2025-06-02 12:00:00,Température,Température,°C,26.0
2025-06-02 12:00:00,Vitesse du vent,Vitesse du vent,m/s,3.95
2025-06-02 12:00:00,Pression atmosphérique,Pression atmosphérique,mm/j,927.5
2025-06-02 12:00:00,Évapotranspiration journalière,Évapotranspiration journalière,mm/j,7.08
2025-06-02 12:00:00,Évapotranspiration Horaire,Évapotranspiration Horaire,mm/h,0.0
2025-06-02 12:00:00,Rayonnement solaire,Rayonnement solaire,W/m²,1004.0
2025-06-02 12:00:00,Point de Rosée,Point de Rosée,°C,7.2
2025-06-02 11:00:00,Évapotranspiration Horaire,Évapotranspiration Horaire,mm/h,0.0
2025-06-02 11:00:00,Pression atmosphérique,Pression atmosphérique,mm/j,927.8
2025-06-02 11:00:00,Température,Température,°C,24.5
2025-06-02 11:00:00,Vitesse du vent,Vitesse du vent,m/s,4.3
2025-06-02 11:00:00,Rayonnement solaire,Rayonnement solaire,W/m²,936.0
2025-06-02 11:00:00,Direction du vent,Direction du vent,Deg,141.5
2025-06-02 11:00:00,Humidité relative,Humidité relative,%,33.3
2025-06-02 11:00:00,Évapotranspiration journalière,Évapotranspiration journalière,mm/j,7.08
2025-06-02 11:00:00,Point de Rosée,Point de Rosée,°C,7.3
2025-06-02 10:00:00,Vitesse du vent,Vitesse du vent,m/s,3.4
2025-06-02 10:00:00,Température,Température,°C,23.1
2025-06-02 10:00:00,Humidité relative,Humidité relative,%,36.7
2025-06-02 10:00:00,Point de Rosée,Point de Rosée,°C,7.5
2025-06-02 10:00:00,Rayonnement solaire,Rayonnement solaire,W/m²,808.0
2025-06-02 10:00:00,Évapotranspiration Horaire,Évapotranspiration Horaire,mm/h,0.0
2025-06-02 10:00:00,Évapotranspiration journalière,Évapotranspiration journalière,mm/j,7.08
2025-06-02 10:00:00,Direction du vent,Direction du vent,Deg,130.3
2025-06-02 10:00:00,Pression atmosphérique,Pression atmosphérique,mm/j,928.0
2025-06-02 09:00:00,Rayonnement solaire,Rayonnement solaire,W/m²,637.0
2025-06-02 09:00:00,Pression atmosphérique,Pression atmosphérique,mm/j,928.5
2025-06-02 09:00:00,Point de Rosée,Point de Rosée,°C,7.9
2025-06-02 09:00:00,Humidité relative,Humidité relative,%,42.8
2025-06-02 09:00:00,Vitesse du vent,Vitesse du vent,m/s,2.72
2025-06-02 09:00:00,Température,Température,°C,21.0
2025-06-02 09:00:00,Évapotranspiration journalière,Évapotranspiration journalière,mm/j,7.08
2025-06-02 09:00:00,Évapotranspiration Horaire,Évapotranspiration Horaire,mm/h,0.0
2025-06-02 09:00:00,Direction du vent,Direction du vent,Deg,121.5
2025-06-02 08:00:00,Direction du vent,Direction du vent,Deg,134.7
2025-06-02 08:00:00,Vitesse du vent,Vitesse du vent,m/s,2.3
2025-06-02 08:00:00,Rayonnement solaire,Rayonnement solaire,W/m²,434.0
2025-06-02 08:00:00,Température,Température,°C,18.7
2025-06-02 08:00:00,Point de Rosée,Point de Rosée,°C,8.5
2025-06-02 08:00:00,Évapotranspiration Horaire,Évapotranspiration Horaire,mm/h,0.0
2025-06-02 08:00:00,Humidité relative,Humidité relative,%,51.5
2025-06-02 08:00:00,Pression atmosphérique,Pression atmosphérique,mm/j,928.7
2025-06-02 08:00:00,Évapotranspiration journalière,Évapotranspiration journalière,mm/j,7.08
2025-06-02 07:00:00,Rayonnement solaire,Rayonnement solaire,W/m²,222.0
2025-06-02 07:00:00,Vitesse du vent,Vitesse du vent,m/s,1.53
2025-06-02 07:00:00,Pression atmosphérique,Pression atmosphérique,mm/j,928.5
2025-06-02 07:00:00,Direction du vent,Direction du vent,Deg,147.4
2025-06-02 07:00:00,Évapotranspiration journalière,Évapotranspiration journalière,mm/j,7.08
2025-06-02 07:00:00,Évapotranspiration Horaire,Évapotranspiration Horaire,mm/h,0.0
2025-06-02 07:00:00,Point de Rosée,Point de Rosée,°C,8.7
2025-06-02 07:00:00,Humidité relative,Humidité relative,%,55.7
2025-06-02 07:00:00,Température,Température,°C,17.7
2025-06-02 06:00:00,Température,Température,°C,13.4
2025-06-02 06:00:00,Vitesse du vent,Vitesse du vent,m/s,0.7
2025-06-02 06:00:00,Pression atmosphérique,Pression atmosphérique,mm/j,928.3
2025-06-02 06:00:00,Direction du vent,Direction du vent,Deg,353.7
2025-06-02 06:00:00,Évapotranspiration journalière,Évapotranspiration journalière,mm/j,7.08
2025-06-02 06:00:00,Évapotranspiration Horaire,Évapotranspiration Horaire,mm/h,0.0
2025-06-02 06:00:00,Rayonnement solaire,Rayonnement solaire,W/m²,55.0
2025-06-02 06:00:00,Point de Rosée,Point de Rosée,°C,8.1
2025-06-02 06:00:00,Humidité relative,Humidité relative,%,70.5
2025-06-02 05:00:00,Point de Rosée,Point de Rosée,°C,7.6
2025-06-02 05:00:00,Évapotranspiration Horaire,Évapotranspiration Horaire,mm/h,0.0
2025-06-02 05:00:00,Vitesse du vent,Vitesse du vent,m/s,1.04
2025-06-02 05:00:00,Température,Température,°C,12.6
2025-06-02 05:00:00,Pression atmosphérique,Pression atmosphérique,mm/j,928.0
2025-06-02 05:00:00,Rayonnement solaire,Rayonnement solaire,W/m²,0.0
2025-06-02 05:00:00,Direction du vent,Direction du vent,Deg,358.6
2025-06-02 05:00:00,Humidité relative,Humidité relative,%,71.7
2025-06-02 05:00:00,Évapotranspiration journalière,Évapotranspiration journalière,mm/j,7.08
2025-06-01 08:00:00,Évapotranspiration Horaire,Évapotranspiration Horaire,mm/h,0.0
2025-06-01 08:00:00,Vitesse du vent,Vitesse du vent,m/s,2.41
2025-06-01 08:00:00,Température,Température,°C,19.9
2025-06-01 08:00:00,Pression atmosphérique,Pression atmosphérique,mm/j,928.9
2025-06-01 08:00:00,Humidité relative,Humidité relative,%,50.2
2025-06-01 08:00:00,Direction du vent,Direction du vent,Deg,201.3
2025-06-01 08:00:00,Point de Rosée,Point de Rosée,°C,9.2
2025-06-01 08:00:00,Évapotranspiration journalière,Évapotranspiration journalière,mm/j,6.54
2025-06-01 08:00:00,Rayonnement solaire,Rayonnement solaire,W/m²,433.0
2025-06-01 07:00:00,Humidité relative,Humidité relative,%,54.4
2025-06-01 07:00:00,Vitesse du vent,Vitesse du vent,m/s,0.73
2025-06-01 07:00:00,Pression atmosphérique,Pression atmosphérique,mm/j,929.0
2025-06-01 07:00:00,Direction du vent,Direction du vent,Deg,110.2
2025-06-01 07:00:00,Évapotranspiration journalière,Évapotranspiration journalière,mm/j,6.54
2025-06-01 07:00:00,Évapotranspiration Horaire,Évapotranspiration Horaire,mm/h,0.0
2025-06-01 07:00:00,Rayonnement solaire,Rayonnement solaire,W/m²,222.0
2025-06-01 07:00:00,Point de Rosée,Point de Rosée,°C,9.5
2025-06-01 07:00:00,Température,Température,°C,18.9
2025-06-01 06:00:00,Humidité relative,Humidité relative,%,67.6
2025-06-01 06:00:00,Vitesse du vent,Vitesse du vent,m/s,1.36
2025-06-01 06:00:00,Pression atmosphérique,Pression atmosphérique,mm/j,928.8
2025-06-01 06:00:00,Direction du vent,Direction du vent,Deg,36.5
2025-06-01 06:00:00,Évapotranspiration journalière,Évapotranspiration journalière,mm/j,6.54
2025-06-01 06:00:00,Évapotranspiration Horaire,Évapotranspiration Horaire,mm/h,0.0
2025-06-01 06:00:00,Rayonnement solaire,Rayonnement solaire,W/m²,56.0
2025-06-01 06:00:00,Point de Rosée,Point de Rosée,°C,8.4
2025-06-01 06:00:00,Température,Température,°C,14.3
2025-06-01 05:00:00,Point de Rosée,Point de Rosée,°C,7.9
2025-06-01 05:00:00,Évapotranspiration Horaire,Évapotranspiration Horaire,mm/h,0.0
2025-06-01 05:00:00,Vitesse du vent,Vitesse du vent,m/s,2.18
2025-06-01 05:00:00,Humidité relative,Humidité relative,%,70.1
2025-06-01 05:00:00,Pression atmosphérique,Pression atmosphérique,mm/j,928.7
2025-06-01 05:00:00,Rayonnement solaire,Rayonnement solaire,W/m²,0.0
2025-06-01 05:00:00,Température,Température,°C,13.2
2025-06-01 05:00:00,Évapotranspiration journalière,Évapotranspiration journalière,mm/j,6.54
2025-06-01 05:00:00,Direction du vent,Direction du vent,Deg,43.1
2025-06-01 04:00:00,Vitesse du vent,Vitesse du vent,m/s,1.95
2025-06-01 04:00:00,Pression atmosphérique,Pression atmosphérique,mm/j,928.4
2025-06-01 04:00:00,Direction du vent,Direction du vent,Deg,358.0
2025-06-01 04:00:00,Évapotranspiration journalière,Évapotranspiration journalière,mm/j,6.54
2025-06-01 04:00:00,Évapotranspiration Horaire,Évapotranspiration Horaire,mm/h,0.0
2025-06-01 04:00:00,Rayonnement solaire,Rayonnement solaire,W/m²,0.0
2025-06-01 04:00:00,Point de Rosée,Point de Rosée,°C,8.0
2025-06-01 04:00:00,Humidité relative,Humidité relative,%,67.8
2025-06-01 04:00:00,Température,Température,°C,13.9
2025-06-01 03:00:00,Évapotranspiration Horaire,Évapotranspiration Horaire,mm/h,0.0
2025-06-01 03:00:00,Vitesse du vent,Vitesse du vent,m/s,1.43
2025-06-01 03:00:00,Température,Température,°C,13.9
2025-06-01 03:00:00,Pression atmosphérique,Pression atmosphérique,mm/j,928.6
2025-06-01 03:00:00,Rayonnement solaire,Rayonnement solaire,W/m²,0.0
2025-06-01 03:00:00,Direction du vent,Direction du vent,Deg,1.5
2025-06-01 03:00:00,Humidité relative,Humidité relative,%,66.4
2025-06-01 03:00:00,Évapotranspiration journalière,Évapotranspiration journalière,mm/j,6.54
2025-06-01 03:00:00,Point de Rosée,Point de Rosée,°C,7.7
2025-06-01 02:00:00,Humidité relative,Humidité relative,%,63.9
2025-06-01 02:00:00,Température,Température,°C,14.4
2025-06-01 02:00:00,Point de Rosée,Point de Rosée,°C,7.7
2025-06-01 02:00:00,Rayonnement solaire,Rayonnement solaire,W/m²,0.0
2025-06-01 02:00:00,Évapotranspiration Horaire,Évapotranspiration Horaire,mm/h,0.0
2025-06-01 02:00:00,Évapotranspiration journalière,Évapotranspiration journalière,mm/j,6.54
2025-06-01 02:00:00,Direction du vent,Direction du vent,Deg,4.4
2025-06-01 02:00:00,Pression atmosphérique,Pression atmosphérique,mm/j,928.8
2025-06-01 02:00:00,Vitesse du vent,Vitesse du vent,m/s,1.98
2025-06-01 01:00:00,Pression atmosphérique,Pression atmosphérique,mm/j,929.2
2025-06-01 01:00:00,Humidité relative,Humidité relative,%,59.2
2025-06-01 01:00:00,Direction du vent,Direction du vent,Deg,358.2
2025-06-01 01:00:00,Température,Température,°C,15.4
2025-06-01 01:00:00,Point de Rosée,Point de Rosée,°C,7.5
2025-06-01 01:00:00,Rayonnement solaire,Rayonnement solaire,W/m²,0.0
2025-06-01 01:00:00,Évapotranspiration Horaire,Évapotranspiration Horaire,mm/h,0.0
2025-06-01 01:00:00,Vitesse du vent,Vitesse du vent,m/s,0.79
2025-06-01 01:00:00,Évapotranspiration journalière,Évapotranspiration journalière,mm/j,6.54
2025-06-01 00:00:00,Rayonnement solaire,Rayonnement solaire,W/m²,0.0
2025-06-01 00:00:00,Évapotranspiration Horaire,Évapotranspiration Horaire,mm/h,0.0
2025-06-01 00:00:00,Évapotranspiration journalière,Évapotranspiration journalière,mm/j,7.27
2025-06-01 00:00:00,Direction du vent,Direction du vent,Deg,200.6
2025-06-01 00:00:00,Intensité de Pluie,Intensité de Pluie,mm/h,0.0
2025-06-01 00:00:00,Pluie Totale,Pluie Totale,mm,816.4
2025-06-01 00:00:00,Pluie quotidienne,Pluie quotidienne,mm,0.0
2025-06-01 00:00:00,Vitesse du vent,Vitesse du vent,m/s,0.84
2025-06-01 00:00:00,Pression atmosphérique,Pression atmosphérique,mm/j,929.3
2025-06-01 00:00:00,Point de Rosée,Point de Rosée,°C,8.0
2025-06-01 00:00:00,Humidité relative,Humidité relative,%,53.4
2025-06-01 00:00:00,Température,Température,°C,17.5
2025-05-31 23:00:00,Vitesse du vent,Vitesse du vent,m/s,1.91
2025-05-31 23:00:00,Pression atmosphérique,Pression atmosphérique,mm/j,929.5
2025-05-31 23:00:00,Température,Température,°C,20.2
2025-05-31 23:00:00,Direction du vent,Direction du vent,Deg,145.1
2025-05-31 23:00:00,Évapotranspiration Horaire,Évapotranspiration Horaire,mm/h,0.0
2025-05-31 23:00:00,Rayonnement solaire,Rayonnement solaire,W/m²,0.0
2025-05-31 23:00:00,Humidité relative,Humidité relative,%,45.6
2025-05-31 23:00:00,Évapotranspiration journalière,Évapotranspiration journalière,mm/j,7.27
2025-05-31 23:00:00,Point de Rosée,Point de Rosée,°C,8.1
2025-05-31 22:00:00,Humidité relative,Humidité relative,%,41.9
2025-05-31 22:00:00,Vitesse du vent,Vitesse du vent,m/s,2.0
2025-05-31 22:00:00,Pression atmosphérique,Pression atmosphérique,mm/j,929.4
2025-05-31 22:00:00,Direction du vent,Direction du vent,Deg,103.9
2025-05-31 22:00:00,Évapotranspiration journalière,Évapotranspiration journalière,mm/j,7.27
2025-05-31 22:00:00,Évapotranspiration Horaire,Évapotranspiration Horaire,mm/h,0.0
2025-05-31 22:00:00,Rayonnement solaire,Rayonnement solaire,W/m²,0.0
2025-05-31 22:00:00,Point de Rosée,Point de Rosée,°C,8.1
2025-05-31 22:00:00,Température,Température,°C,21.6
2025-05-31 21:00:00,Évapotranspiration Horaire,Évapotranspiration Horaire,mm/h,0.0
2025-05-31 21:00:00,Température,Température,°C,23.5
2025-05-31 21:00:00,Humidité relative,Humidité relative,%,35.1
2025-05-31 21:00:00,Point de Rosée,Point de Rosée,°C,7.2
2025-05-31 21:00:00,Rayonnement solaire,Rayonnement solaire,W/m²,0.0
2025-05-31 21:00:00,Évapotranspiration journalière,Évapotranspiration journalière,mm/j,7.27
2025-05-31 21:00:00,Direction du vent,Direction du vent,Deg,61.0
2025-05-31 21:00:00,Pression atmosphérique,Pression atmosphérique,mm/j,928.2
2025-05-31 21:00:00,Vitesse du vent,Vitesse du vent,m/s,6.12
2025-05-31 20:00:00,Direction du vent,Direction du vent,Deg,53.6
2025-05-31 20:00:00,Évapotranspiration journalière,Évapotranspiration journalière,mm/j,7.27
2025-05-31 20:00:00,Vitesse du vent,Vitesse du vent,m/s,2.1
2025-05-31 20:00:00,Point de Rosée,Point de Rosée,°C,5.6
2025-05-31 20:00:00,Humidité relative,Humidité relative,%,29.7
2025-05-31 20:00:00,Température,Température,°C,24.4
2025-05-31 20:00:00,Pression atmosphérique,Pression atmosphérique,mm/j,927.7
2025-05-31 20:00:00,Évapotranspiration Horaire,Évapotranspiration Horaire,mm/h,0.0
2025-05-31 20:00:00,Rayonnement solaire,Rayonnement solaire,W/m²,0.0
2025-05-31 19:00:00,Rayonnement solaire,Rayonnement solaire,W/m²,57.0
2025-05-31 19:00:00,Évapotranspiration Horaire,Évapotranspiration Horaire,mm/h,0.0
2025-05-31 19:00:00,Évapotranspiration journalière,Évapotranspiration journalière,mm/j,7.27
2025-05-31 19:00:00,Vitesse du vent,Vitesse du vent,m/s,3.47
2025-05-31 19:00:00,Pression atmosphérique,Pression atmosphérique,mm/j,927.3
2025-05-31 19:00:00,Direction du vent,Direction du vent,Deg,13.5
2025-05-31 19:00:00,Température,Température,°C,26.5
2025-05-31 19:00:00,Humidité relative,Humidité relative,%,26.1
2025-05-31 19:00:00,Point de Rosée,Point de Rosée,°C,5.5
2025-05-31 18:00:00,Point de Rosée,Point de Rosée,°C,4.7
2025-05-31 18:00:00,Rayonnement solaire,Rayonnement solaire,W/m²,234.0
2025-05-31 18:00:00,Évapotranspiration Horaire,Évapotranspiration Horaire,mm/h,0.0
2025-05-31 18:00:00,Évapotranspiration journalière,Évapotranspiration journalière,mm/j,7.27
2025-05-31 18:00:00,Direction du vent,Direction du vent,Deg,29.7
2025-05-31 18:00:00,Pression atmosphérique,Pression atmosphérique,mm/j,927.3
2025-05-31 18:00:00,Vitesse du vent,Vitesse du vent,m/s,4.51
2025-05-31 18:00:00,Température,Température,°C,27.7
2025-05-31 18:00:00,Humidité relative,Humidité relative,%,23.0
2025-05-31 17:00:00,Température,Température,°C,27.4
2025-05-31 17:00:00,Vitesse du vent,Vitesse du vent,m/s,1.57
2025-05-31 17:00:00,Évapotranspiration Horaire,Évapotranspiration Horaire,mm/h,0.0
2025-05-31 17:00:00,Rayonnement solaire,Rayonnement solaire,W/m²,451.0
2025-05-31 17:00:00,Évapotranspiration journalière,Évapotranspiration journalière,mm/j,7.27
2025-05-31 17:00:00,Point de Rosée,Point de Rosée,°C,4.8
2025-05-31 17:00:00,Direction du vent,Direction du vent,Deg,68.9
2025-05-31 17:00:00,Humidité relative,Humidité relative,%,23.5
2025-05-31 17:00:00,Pression atmosphérique,Pression atmosphérique,mm/j,927.2
2025-05-31 16:00:00,Pression atmosphérique,Pression atmosphérique,mm/j,927.4
2025-05-31 16:00:00,Rayonnement solaire,Rayonnement solaire,W/m²,665.0
2025-05-31 16:00:00,Évapotranspiration Horaire,Évapotranspiration Horaire,mm/h,0.0
2025-05-31 16:00:00,Évapotranspiration journalière,Évapotranspiration journalière,mm/j,7.27
2025-05-31 16:00:00,Direction du vent,Direction du vent,Deg,344.3
2025-05-31 16:00:00,Vitesse du vent,Vitesse du vent,m/s,1.92
2025-05-31 16:00:00,Température,Température,°C,27.5
2025-05-31 16:00:00,Humidité relative,Humidité relative,%,24.7
2025-05-31 16:00:00,Point de Rosée,Point de Rosée,°C,5.5
2025-05-31 15:00:00,Direction du vent,Direction du vent,Deg,43.8
2025-05-31 15:00:00,Évapotranspiration journalière,Évapotranspiration journalière,mm/j,7.27
2025-05-31 15:00:00,Évapotranspiration Horaire,Évapotranspiration Horaire,mm/h,0.0
2025-05-31 15:00:00,Température,Température,°C,27.0
2025-05-31 15:00:00,Point de Rosée,Point de Rosée,°C,4.7
2025-05-31 15:00:00,Humidité relative,Humidité relative,%,24.0
2025-05-31 15:00:00,Vitesse du vent,Vitesse du vent,m/s,2.79
2025-05-31 15:00:00,Rayonnement solaire,Rayonnement solaire,W/m²,836.0
2025-05-31 15:00:00,Pression atmosphérique,Pression atmosphérique,mm/j,927.9
2025-05-31 14:00:00,Direction du vent,Direction du vent,Deg,55.9
2025-05-31 14:00:00,Évapotranspiration journalière,Évapotranspiration journalière,mm/j,7.27
2025-05-31 14:00:00,Humidité relative,Humidité relative,%,24.1
2025-05-31 14:00:00,Évapotranspiration Horaire,Évapotranspiration Horaire,mm/h,0.0
2025-05-31 14:00:00,Température,Température,°C,27.0
2025-05-31 14:00:00,Rayonnement solaire,Rayonnement solaire,W/m²,956.0
2025-05-31 14:00:00,Vitesse du vent,Vitesse du vent,m/s,2.63
2025-05-31 14:00:00,Pression atmosphérique,Pression atmosphérique,mm/j,928.1
2025-05-31 14:00:00,Point de Rosée,Point de Rosée,°C,4.8
2025-05-31 13:00:00,Rayonnement solaire,Rayonnement solaire,W/m²,994.0
2025-05-31 13:00:00,Direction du vent,Direction du vent,Deg,8.2
2025-05-31 13:00:00,Vitesse du vent,Vitesse du vent,m/s,1.05
2025-05-31 13:00:00,Évapotranspiration journalière,Évapotranspiration journalière,mm/j,7.27
2025-05-31 13:00:00,Pression atmosphérique,Pression atmosphérique,mm/j,928.3
2025-05-31 13:00:00,Température,Température,°C,25.8
2025-05-31 13:00:00,Humidité relative,Humidité relative,%,26.7
2025-05-31 13:00:00,Évapotranspiration Horaire,Évapotranspiration Horaire,mm/h,0.0
2025-05-31 13:00:00,Point de Rosée,Point de Rosée,°C,5.2
2025-05-31 12:00:00,Pression atmosphérique,Pression atmosphérique,mm/j,928.8
2025-05-31 12:00:00,Température,Température,°C,24.8
2025-05-31 12:00:00,Humidité relative,Humidité relative,%,29.0
2025-05-31 12:00:00,Point de Rosée,Point de Rosée,°C,5.6
2025-05-31 12:00:00,Rayonnement solaire,Rayonnement solaire,W/m²,996.0
2025-05-31 12:00:00,Évapotranspiration Horaire,Évapotranspiration Horaire,mm/h,0.0
2025-05-31 12:00:00,Évapotranspiration journalière,Évapotranspiration journalière,mm/j,7.27
2025-05-31 12:00:00,Direction du vent,Direction du vent,Deg,7.4
2025-05-31 12:00:00,Vitesse du vent,Vitesse du vent,m/s,2.14
2025-05-31 11:00:00,Évapotranspiration journalière,Évapotranspiration journalière,mm/j,7.27
2025-05-31 11:00:00,Humidité relative,Humidité relative,%,32.4
2025-05-31 11:00:00,Évapotranspiration Horaire,Évapotranspiration Horaire,mm/h,0.0
2025-05-31 11:00:00,Température,Température,°C,24.6
2025-05-31 11:00:00,Rayonnement solaire,Rayonnement solaire,W/m²,929.0
2025-05-31 11:00:00,Direction du vent,Direction du vent,Deg,334.2
2025-05-31 11:00:00,Vitesse du vent,Vitesse du vent,m/s,1.98
2025-05-31 11:00:00,Pression atmosphérique,Pression atmosphérique,mm/j,928.9
2025-05-31 11:00:00,Point de Rosée,Point de Rosée,°C,7.0
2025-05-31 10:00:00,Point de Rosée,Point de Rosée,°C,6.2
2025-05-31 10:00:00,Température,Température,°C,24.2
2025-05-31 10:00:00,Direction du vent,Direction du vent,Deg,66.1
2025-05-31 10:00:00,Évapotranspiration journalière,Évapotranspiration journalière,mm/j,7.27
2025-05-31 10:00:00,Humidité relative,Humidité relative,%,31.4
2025-05-31 10:00:00,Évapotranspiration Horaire,Évapotranspiration Horaire,mm/h,0.0
2025-05-31 10:00:00,Rayonnement solaire,Rayonnement solaire,W/m²,803.0
2025-05-31 10:00:00,Vitesse du vent,Vitesse du vent,m/s,4.54
2025-05-31 10:00:00,Pression atmosphérique,Pression atmosphérique,mm/j,929.0
2025-05-31 09:00:00,Rayonnement solaire,Rayonnement solaire,W/m²,626.0
2025-05-31 09:00:00,Direction du vent,Direction du vent,Deg,104.3
2025-05-31 09:00:00,Vitesse du vent,Vitesse du vent,m/s,1.81
2025-05-31 09:00:00,Pression atmosphérique,Pression atmosphérique,mm/j,928.9
2025-05-31 09:00:00,Humidité relative,Humidité relative,%,34.1
2025-05-31 09:00:00,Température,Température,°C,23.6
2025-05-31 09:00:00,Point de Rosée,Point de Rosée,°C,6.9
2025-05-31 09:00:00,Évapotranspiration Horaire,Évapotranspiration Horaire,mm/h,0.0
2025-05-31 09:00:00,Évapotranspiration journalière,Évapotranspiration journalière,mm/j,7.27
2025-05-31 08:00:00,Vitesse du vent,Vitesse du vent,m/s,1.08
2025-05-31 08:00:00,Pression atmosphérique,Pression atmosphérique,mm/j,928.8
2025-05-31 08:00:00,Direction du vent,Direction du vent,Deg,214.2
2025-05-31 08:00:00,Évapotranspiration journalière,Évapotranspiration journalière,mm/j,7.27
2025-05-31 08:00:00,Évapotranspiration Horaire,Évapotranspiration Horaire,mm/h,0.0
2025-05-31 08:00:00,Humidité relative,Humidité relative,%,44.7
2025-05-31 08:00:00,Température,Température,°C,20.8
2025-05-31 08:00:00,Point de Rosée,Point de Rosée,°C,8.3
2025-05-31 08:00:00,Rayonnement solaire,Rayonnement solaire,W/m²,426.0
2025-05-31 07:00:00,Évapotranspiration Horaire,Évapotranspiration Horaire,mm/h,0.0
2025-05-31 07:00:00,Vitesse du vent,Vitesse du vent,m/s,0.63
2025-05-31 07:00:00,Rayonnement solaire,Rayonnement solaire,W/m²,219.0
2025-05-31 07:00:00,Pression atmosphérique,Pression atmosphérique,mm/j,929.0
2025-05-31 07:00:00,Température,Température,°C,18.7
2025-05-31 07:00:00,Direction du vent,Direction du vent,Deg,105.2
2025-05-31 07:00:00,Point de Rosée,Point de Rosée,°C,10.5
2025-05-31 07:00:00,Évapotranspiration journalière,Évapotranspiration journalière,mm/j,7.27
2025-05-31 07:00:00,Humidité relative,Humidité relative,%,59.0
2025-05-31 05:00:00,Point de Rosée,Point de Rosée,°C,8.5
2025-05-31 05:00:00,Température,Température,°C,13.1
2025-05-31 05:00:00,Humidité relative,Humidité relative,%,73.6
2025-05-31 05:00:00,Rayonnement solaire,Rayonnement solaire,W/m²,0.0
2025-05-31 05:00:00,Évapotranspiration Horaire,Évapotranspiration Horaire,mm/h,0.0
2025-05-31 05:00:00,Évapotranspiration journalière,Évapotranspiration journalière,mm/j,7.27
2025-05-31 05:00:00,Direction du vent,Direction du vent,Deg,28.0
2025-05-31 05:00:00,Pression atmosphérique,Pression atmosphérique,mm/j,928.7
2025-05-31 05:00:00,Vitesse du vent,Vitesse du vent,m/s,2.41
2025-05-30 17:00:00,Évapotranspiration journalière,Évapotranspiration journalière,mm/j,7.65
2025-05-30 17:00:00,Évapotranspiration Horaire,Évapotranspiration Horaire,mm/h,0.0
2025-05-30 17:00:00,Rayonnement solaire,Rayonnement solaire,W/m²,461.0
2025-05-30 17:00:00,Point de Rosée,Point de Rosée,°C,4.3
2025-05-30 17:00:00,Humidité relative,Humidité relative,%,23.6
2025-05-30 17:00:00,Température,Température,°C,26.8
2025-05-30 17:00:00,Vitesse du vent,Vitesse du vent,m/s,4.84
2025-05-30 17:00:00,Pression atmosphérique,Pression atmosphérique,mm/j,927.1
2025-05-30 17:00:00,Direction du vent,Direction du vent,Deg,5.7
2025-05-30 16:00:00,Direction du vent,Direction du vent,Deg,64.2
2025-05-30 16:00:00,Vitesse du vent,Vitesse du vent,m/s,2.54
2025-05-30 16:00:00,Rayonnement solaire,Rayonnement solaire,W/m²,659.0
2025-05-30 16:00:00,Évapotranspiration Horaire,Évapotranspiration Horaire,mm/h,0.0
2025-05-30 16:00:00,Point de Rosée,Point de Rosée,°C,3.5
2025-05-30 16:00:00,Pression atmosphérique,Pression atmosphérique,mm/j,927.4
2025-05-30 16:00:00,Humidité relative,Humidité relative,%,22.9
2025-05-30 16:00:00,Évapotranspiration journalière,Évapotranspiration journalière,mm/j,7.65
2025-05-30 16:00:00,Température,Température,°C,26.4
2025-05-30 15:00:00,Température,Température,°C,26.7
2025-05-30 15:00:00,Vitesse du vent,Vitesse du vent,m/s,1.45
2025-05-30 15:00:00,Pression atmosphérique,Pression atmosphérique,mm/j,927.7
2025-05-30 15:00:00,Direction du vent,Direction du vent,Deg,342.6
2025-05-30 15:00:00,Évapotranspiration journalière,Évapotranspiration journalière,mm/j,7.65
2025-05-30 15:00:00,Évapotranspiration Horaire,Évapotranspiration Horaire,mm/h,0.0
2025-05-30 15:00:00,Rayonnement solaire,Rayonnement solaire,W/m²,828.0
2025-05-30 15:00:00,Point de Rosée,Point de Rosée,°C,5.7
2025-05-30 15:00:00,Humidité relative,Humidité relative,%,26.1
2025-05-30 14:00:00,Température,Température,°C,26.3
2025-05-30 14:00:00,Vitesse du vent,Vitesse du vent,m/s,4.91
2025-05-30 14:00:00,Pression atmosphérique,Pression atmosphérique,mm/j,928.1
2025-05-30 14:00:00,Direction du vent,Direction du vent,Deg,9.6
2025-05-30 14:00:00,Évapotranspiration journalière,Évapotranspiration journalière,mm/j,7.65
2025-05-30 14:00:00,Évapotranspiration Horaire,Évapotranspiration Horaire,mm/h,0.0
2025-05-30 14:00:00,Rayonnement solaire,Rayonnement solaire,W/m²,960.0
2025-05-30 14:00:00,Point de Rosée,Point de Rosée,°C,6.0
2025-05-30 14:00:00,Humidité relative,Humidité relative,%,27.4
2025-05-30 13:00:00,Point de Rosée,Point de Rosée,°C,5.3
2025-05-30 13:00:00,Évapotranspiration Horaire,Évapotranspiration Horaire,mm/h,0.0
2025-05-30 13:00:00,Vitesse du vent,Vitesse du vent,m/s,3.19
2025-05-30 13:00:00,Température,Température,°C,24.9
2025-05-30 13:00:00,Pression atmosphérique,Pression atmosphérique,mm/j,928.4
2025-05-30 13:00:00,Rayonnement solaire,Rayonnement solaire,W/m²,1018.0
2025-05-30 13:00:00,Direction du vent,Direction du vent,Deg,328.2
2025-05-30 13:00:00,Humidité relative,Humidité relative,%,28.4
2025-05-30 13:00:00,Évapotranspiration journalière,Évapotranspiration journalière,mm/j,7.65
2025-05-30 12:00:00,Pression atmosphérique,Pression atmosphérique,mm/j,928.8
2025-05-30 12:00:00,Vitesse du vent,Vitesse du vent,m/s,2.14
2025-05-30 12:00:00,Direction du vent,Direction du vent,Deg,81.0
2025-05-30 12:00:00,Évapotranspiration journalière,Évapotranspiration journalière,mm/j,7.65
2025-05-30 12:00:00,Évapotranspiration Horaire,Évapotranspiration Horaire,mm/h,0.0
2025-05-30 12:00:00,Rayonnement solaire,Rayonnement solaire,W/m²,1003.0
2025-05-30 12:00:00,Point de Rosée,Point de Rosée,°C,6.2
2025-05-30 12:00:00,Humidité relative,Humidité relative,%,31.7
2025-05-30 12:00:00,Température,Température,°C,24.1
2025-05-30 11:00:00,Pression atmosphérique,Pression atmosphérique,mm/j,929.0
2025-05-30 11:00:00,Vitesse du vent,Vitesse du vent,m/s,3.86
2025-05-30 11:00:00,Humidité relative,Humidité relative,%,37.1
2025-05-30 11:00:00,Température,Température,°C,22.3
2025-05-30 11:00:00,Évapotranspiration Horaire,Évapotranspiration Horaire,mm/h,0.0
2025-05-30 11:00:00,Évapotranspiration journalière,Évapotranspiration journalière,mm/j,7.65
2025-05-30 11:00:00,Rayonnement solaire,Rayonnement solaire,W/m²,942.0
2025-05-30 11:00:00,Direction du vent,Direction du vent,Deg,340.6
2025-05-30 11:00:00,Point de Rosée,Point de Rosée,°C,7.0
2025-05-30 09:00:00,Rayonnement solaire,Rayonnement solaire,W/m²,639.0
2025-05-30 09:00:00,Température,Température,°C,19.7
2025-05-30 09:00:00,Évapotranspiration Horaire,Évapotranspiration Horaire,mm/h,0.0
2025-05-30 09:00:00,Vitesse du vent,Vitesse du vent,m/s,3.66
2025-05-30 09:00:00,Pression atmosphérique,Pression atmosphérique,mm/j,929.1
2025-05-30 09:00:00,Direction du vent,Direction du vent,Deg,356.2
2025-05-30 09:00:00,Point de Rosée,Point de Rosée,°C,6.9
2025-05-30 09:00:00,Évapotranspiration journalière,Évapotranspiration journalière,mm/j,7.65
2025-05-30 09:00:00,Humidité relative,Humidité relative,%,43.3
2025-05-30 08:00:00,Humidité relative,Humidité relative,%,46.9
2025-05-30 08:00:00,Température,Température,°C,18.9
2025-05-30 08:00:00,Vitesse du vent,Vitesse du vent,m/s,2.26
2025-05-30 08:00:00,Direction du vent,Direction du vent,Deg,345.8
2025-05-30 08:00:00,Évapotranspiration Horaire,Évapotranspiration Horaire,mm/h,0.0
2025-05-30 08:00:00,Point de Rosée,Point de Rosée,°C,7.3
2025-05-30 08:00:00,Pression atmosphérique,Pression atmosphérique,mm/j,928.8
2025-05-30 08:00:00,Rayonnement solaire,Rayonnement solaire,W/m²,437.0
2025-05-30 08:00:00,Évapotranspiration journalière,Évapotranspiration journalière,mm/j,7.65
2025-05-30 07:00:00,Évapotranspiration journalière,Évapotranspiration journalière,mm/j,7.65
2025-05-30 07:00:00,Intensité de Pluie,Intensité de Pluie,mm/h,0.0
2025-05-30 07:00:00,Pluie Totale,Pluie Totale,mm,816.4
2025-05-30 07:00:00,Pluie quotidienne,Pluie quotidienne,mm,0.0
2025-05-30 07:00:00,Vitesse du vent,Vitesse du vent,m/s,2.63
2025-05-30 07:00:00,Pression atmosphérique,Pression atmosphérique,mm/j,928.6
2025-05-30 07:00:00,Direction du vent,Direction du vent,Deg,294.8
2025-05-30 07:00:00,Évapotranspiration Horaire,Évapotranspiration Horaire,mm/h,0.0
2025-05-30 07:00:00,Rayonnement solaire,Rayonnement solaire,W/m²,224.0
2025-05-30 07:00:00,Point de Rosée,Point de Rosée,°C,7.1
2025-05-30 07:00:00,Humidité relative,Humidité relative,%,49.4
2025-05-30 07:00:00,Température,Température,°C,17.9
2025-05-30 06:00:00,Direction du vent,Direction du vent,Deg,343.7
2025-05-30 06:00:00,Rayonnement solaire,Rayonnement solaire,W/m²,55.0
2025-05-30 06:00:00,Pression atmosphérique,Pression atmosphérique,mm/j,928.3
2025-05-30 06:00:00,Point de Rosée,Point de Rosée,°C,7.1
2025-05-30 06:00:00,Évapotranspiration journalière,Évapotranspiration journalière,mm/j,7.65
2025-05-30 06:00:00,Humidité relative,Humidité relative,%,56.5
2025-05-30 06:00:00,Vitesse du vent,Vitesse du vent,m/s,3.52
2025-05-30 06:00:00,Température,Température,°C,15.8
2025-05-30 06:00:00,Évapotranspiration Horaire,Évapotranspiration Horaire,mm/h,0.0
2025-05-30 05:00:00,Température,Température,°C,16.0
2025-05-30 05:00:00,Pression atmosphérique,Pression atmosphérique,mm/j,928.4
2025-05-30 05:00:00,Direction du vent,Direction du vent,Deg,338.7
2025-05-30 05:00:00,Évapotranspiration journalière,Évapotranspiration journalière,mm/j,7.65
2025-05-30 05:00:00,Évapotranspiration Horaire,Évapotranspiration Horaire,mm/h,0.0
2025-05-30 05:00:00,Rayonnement solaire,Rayonnement solaire,W/m²,0.0
2025-05-30 05:00:00,Point de Rosée,Point de Rosée,°C,7.1
2025-05-30 05:00:00,Humidité relative,Humidité relative,%,55.6
2025-05-30 05:00:00,Vitesse du vent,Vitesse du vent,m/s,2.54
2025-05-29 16:00:00,Humidité relative,Humidité relative,%,28.4
2025-05-29 16:00:00,Vitesse du vent,Vitesse du vent,m/s,6.0
2025-05-29 16:00:00,Pression atmosphérique,Pression atmosphérique,mm/j,928.0
2025-05-29 16:00:00,Direction du vent,Direction du vent,Deg,6.0
2025-05-29 16:00:00,Évapotranspiration journalière,Évapotranspiration journalière,mm/j,7.39
2025-05-29 16:00:00,Évapotranspiration Horaire,Évapotranspiration Horaire,mm/h,0.0
2025-05-29 16:00:00,Rayonnement solaire,Rayonnement solaire,W/m²,662.0
2025-05-29 16:00:00,Température,Température,°C,26.2
2025-05-29 16:00:00,Point de Rosée,Point de Rosée,°C,6.5
2025-05-29 15:00:00,Évapotranspiration Horaire,Évapotranspiration Horaire,mm/h,0.0
2025-05-29 15:00:00,Humidité relative,Humidité relative,%,25.2
2025-05-29 15:00:00,Point de Rosée,Point de Rosée,°C,5.5
2025-05-29 15:00:00,Pression atmosphérique,Pression atmosphérique,mm/j,928.2
2025-05-29 15:00:00,Température,Température,°C,27.1
2025-05-29 15:00:00,Direction du vent,Direction du vent,Deg,3.9
2025-05-29 15:00:00,Vitesse du vent,Vitesse du vent,m/s,2.25
2025-05-29 15:00:00,Évapotranspiration journalière,Évapotranspiration journalière,mm/j,7.39
2025-05-29 15:00:00,Rayonnement solaire,Rayonnement solaire,W/m²,843.0
2025-05-29 14:00:00,Rayonnement solaire,Rayonnement solaire,W/m²,964.0
2025-05-29 14:00:00,Vitesse du vent,Vitesse du vent,m/s,6.37
2025-05-29 14:00:00,Pression atmosphérique,Pression atmosphérique,mm/j,928.2
2025-05-29 14:00:00,Direction du vent,Direction du vent,Deg,1.2
2025-05-29 14:00:00,Évapotranspiration journalière,Évapotranspiration journalière,mm/j,7.39
2025-05-29 14:00:00,Évapotranspiration Horaire,Évapotranspiration Horaire,mm/h,0.0
2025-05-29 14:00:00,Point de Rosée,Point de Rosée,°C,5.0
2025-05-29 14:00:00,Humidité relative,Humidité relative,%,25.2
2025-05-29 14:00:00,Température,Température,°C,26.5
2025-05-29 13:00:00,Vitesse du vent,Vitesse du vent,m/s,5.18
2025-05-29 13:00:00,Rayonnement solaire,Rayonnement solaire,W/m²,1022.0
2025-05-29 13:00:00,Évapotranspiration journalière,Évapotranspiration journalière,mm/j,7.39
2025-05-29 13:00:00,Point de Rosée,Point de Rosée,°C,5.3
2025-05-29 13:00:00,Évapotranspiration Horaire,Évapotranspiration Horaire,mm/h,0.0
2025-05-29 13:00:00,Direction du vent,Direction du vent,Deg,315.5
2025-05-29 13:00:00,Humidité relative,Humidité relative,%,26.6
2025-05-29 13:00:00,Pression atmosphérique,Pression atmosphérique,mm/j,928.8
2025-05-29 13:00:00,Température,Température,°C,26.0
2025-05-29 12:00:00,Direction du vent,Direction du vent,Deg,303.2
2025-05-29 12:00:00,Vitesse du vent,Vitesse du vent,m/s,3.56
2025-05-29 12:00:00,Pression atmosphérique,Pression atmosphérique,mm/j,929.1
2025-05-29 12:00:00,Évapotranspiration journalière,Évapotranspiration journalière,mm/j,7.39
2025-05-29 12:00:00,Évapotranspiration Horaire,Évapotranspiration Horaire,mm/h,0.0
2025-05-29 12:00:00,Rayonnement solaire,Rayonnement solaire,W/m²,1016.0
2025-05-29 12:00:00,Point de Rosée,Point de Rosée,°C,6.1
2025-05-29 12:00:00,Humidité relative,Humidité relative,%,29.2
2025-05-29 12:00:00,Température,Température,°C,25.3
2025-05-29 11:00:00,Évapotranspiration Horaire,Évapotranspiration Horaire,mm/h,0.0
2025-05-29 11:00:00,Température,Température,°C,23.9
2025-05-29 11:00:00,Rayonnement solaire,Rayonnement solaire,W/m²,954.0
2025-05-29 11:00:00,Pression atmosphérique,Pression atmosphérique,mm/j,929.1
2025-05-29 11:00:00,Vitesse du vent,Vitesse du vent,m/s,5.36
2025-05-29 11:00:00,Direction du vent,Direction du vent,Deg,7.2
2025-05-29 11:00:00,Humidité relative,Humidité relative,%,28.9
2025-05-29 11:00:00,Évapotranspiration journalière,Évapotranspiration journalière,mm/j,7.39
2025-05-29 11:00:00,Point de Rosée,Point de Rosée,°C,4.7
2025-05-29 10:00:00,Direction du vent,Direction du vent,Deg,336.5
2025-05-29 10:00:00,Vitesse du vent,Vitesse du vent,m/s,3.71
2025-05-29 10:00:00,Pression atmosphérique,Pression atmosphérique,mm/j,929.1
2025-05-29 10:00:00,Évapotranspiration journalière,Évapotranspiration journalière,mm/j,7.39
2025-05-29 10:00:00,Évapotranspiration Horaire,Évapotranspiration Horaire,mm/h,0.0
2025-05-29 10:00:00,Rayonnement solaire,Rayonnement solaire,W/m²,827.0
2025-05-29 10:00:00,Point de Rosée,Point de Rosée,°C,4.8
2025-05-29 10:00:00,Humidité relative,Humidité relative,%,31.0
2025-05-29 10:00:00,Température,Température,°C,22.8
2025-05-29 09:00:00,Évapotranspiration journalière,Évapotranspiration journalière,mm/j,7.39
2025-05-29 09:00:00,Vitesse du vent,Vitesse du vent,m/s,5.93
2025-05-29 09:00:00,Point de Rosée,Point de Rosée,°C,4.0
2025-05-29 09:00:00,Pression atmosphérique,Pression atmosphérique,mm/j,929.2
2025-05-29 09:00:00,Évapotranspiration Horaire,Évapotranspiration Horaire,mm/h,0.0
2025-05-29 09:00:00,Rayonnement solaire,Rayonnement solaire,W/m²,650.0
2025-05-29 09:00:00,Humidité relative,Humidité relative,%,30.5
2025-05-29 09:00:00,Direction du vent,Direction du vent,Deg,311.9
2025-05-29 09:00:00,Température,Température,°C,22.1
2025-05-29 08:00:00,Direction du vent,Direction du vent,Deg,308.3
2025-05-29 08:00:00,Humidité relative,Humidité relative,%,32.7
2025-05-29 08:00:00,Température,Température,°C,20.5
2025-05-29 08:00:00,Vitesse du vent,Vitesse du vent,m/s,4.73
2025-05-29 08:00:00,Pression atmosphérique,Pression atmosphérique,mm/j,929.3
2025-05-29 08:00:00,Évapotranspiration journalière,Évapotranspiration journalière,mm/j,7.39
2025-05-29 08:00:00,Évapotranspiration Horaire,Évapotranspiration Horaire,mm/h,0.0
2025-05-29 08:00:00,Rayonnement solaire,Rayonnement solaire,W/m²,445.0
2025-05-29 08:00:00,Point de Rosée,Point de Rosée,°C,3.5
2025-05-29 07:00:00,Évapotranspiration Horaire,Évapotranspiration Horaire,mm/h,0.0
2025-05-29 07:00:00,Humidité relative,Humidité relative,%,35.2
2025-05-29 07:00:00,Rayonnement solaire,Rayonnement solaire,W/m²,229.0
2025-05-29 07:00:00,Pression atmosphérique,Pression atmosphérique,mm/j,929.4
2025-05-29 07:00:00,Vitesse du vent,Vitesse du vent,m/s,4.89
2025-05-29 07:00:00,Direction du vent,Direction du vent,Deg,315.8
2025-05-29 07:00:00,Température,Température,°C,18.7
2025-05-29 07:00:00,Évapotranspiration journalière,Évapotranspiration journalière,mm/j,7.39
2025-05-29 07:00:00,Point de Rosée,Point de Rosée,°C,3.0
2025-05-29 06:00:00,Direction du vent,Direction du vent,Deg,304.4
2025-05-29 06:00:00,Intensité de Pluie,Intensité de Pluie,mm/h,0.0
2025-05-29 06:00:00,Pluie Totale,Pluie Totale,mm,816.4
2025-05-29 06:00:00,Pluie quotidienne,Pluie quotidienne,mm,0.0
2025-05-29 06:00:00,Vitesse du vent,Vitesse du vent,m/s,1.83
2025-05-29 06:00:00,Pression atmosphérique,Pression atmosphérique,mm/j,929.5
2025-05-29 06:00:00,Évapotranspiration journalière,Évapotranspiration journalière,mm/j,7.39
2025-05-29 06:00:00,Évapotranspiration Horaire,Évapotranspiration Horaire,mm/h,0.0
2025-05-29 06:00:00,Rayonnement solaire,Rayonnement solaire,W/m²,55.0
2025-05-29 06:00:00,Point de Rosée,Point de Rosée,°C,2.6
2025-05-29 06:00:00,Humidité relative,Humidité relative,%,41.6
2025-05-29 06:00:00,Température,Température,°C,15.6
2025-05-29 05:00:00,Évapotranspiration Horaire,Évapotranspiration Horaire,mm/h,0.0
2025-05-29 05:00:00,Vitesse du vent,Vitesse du vent,m/s,1.78
2025-05-29 05:00:00,Direction du vent,Direction du vent,Deg,12.8
2025-05-29 05:00:00,Humidité relative,Humidité relative,%,42.0
2025-05-29 05:00:00,Point de Rosée,Point de Rosée,°C,1.9
2025-05-29 05:00:00,Rayonnement solaire,Rayonnement solaire,W/m²,0.0
2025-05-29 05:00:00,Pression atmosphérique,Pression atmosphérique,mm/j,928.9
2025-05-29 05:00:00,Évapotranspiration journalière,Évapotranspiration journalière,mm/j,7.39
2025-05-29 05:00:00,Température,Température,°C,14.7
2025-05-28 05:00:00,Évapotranspiration Horaire,Évapotranspiration Horaire,mm/h,0.0
2025-05-28 05:00:00,Vitesse du vent,Vitesse du vent,m/s,2.57
2025-05-28 05:00:00,Pression atmosphérique,Pression atmosphérique,mm/j,928.5
2025-05-28 05:00:00,Direction du vent,Direction du vent,Deg,4.6
2025-05-28 05:00:00,Évapotranspiration journalière,Évapotranspiration journalière,mm/j,6.35
2025-05-28 05:00:00,Rayonnement solaire,Rayonnement solaire,W/m²,0.0
2025-05-28 05:00:00,Point de Rosée,Point de Rosée,°C,6.5
2025-05-28 05:00:00,Humidité relative,Humidité relative,%,54.7
2025-05-28 05:00:00,Température,Température,°C,15.6
2025-05-28 04:00:00,Vitesse du vent,Vitesse du vent,m/s,1.38
2025-05-28 04:00:00,Température,Température,°C,15.1
2025-05-28 04:00:00,Pression atmosphérique,Pression atmosphérique,mm/j,928.5
2025-05-28 04:00:00,Humidité relative,Humidité relative,%,56.6
2025-05-28 04:00:00,Direction du vent,Direction du vent,Deg,317.4
2025-05-28 04:00:00,Point de Rosée,Point de Rosée,°C,6.5
2025-05-28 04:00:00,Évapotranspiration journalière,Évapotranspiration journalière,mm/j,6.35
2025-05-28 04:00:00,Rayonnement solaire,Rayonnement solaire,W/m²,0.0
2025-05-28 04:00:00,Évapotranspiration Horaire,Évapotranspiration Horaire,mm/h,0.0
2025-05-28 03:00:00,Évapotranspiration journalière,Évapotranspiration journalière,mm/j,6.35
2025-05-28 03:00:00,Vitesse du vent,Vitesse du vent,m/s,2.87
2025-05-28 03:00:00,Pression atmosphérique,Pression atmosphérique,mm/j,928.5
2025-05-28 03:00:00,Direction du vent,Direction du vent,Deg,33.2
2025-05-28 03:00:00,Évapotranspiration Horaire,Évapotranspiration Horaire,mm/h,0.0
2025-05-28 03:00:00,Rayonnement solaire,Rayonnement solaire,W/m²,0.0
2025-05-28 03:00:00,Point de Rosée,Point de Rosée,°C,6.7
2025-05-28 03:00:00,Humidité relative,Humidité relative,%,57.9
2025-05-28 03:00:00,Température,Température,°C,14.9
2025-05-28 02:00:00,Pression atmosphérique,Pression atmosphérique,mm/j,928.8
2025-05-28 02:00:00,Rayonnement solaire,Rayonnement solaire,W/m²,0.0
2025-05-28 02:00:00,Évapotranspiration journalière,Évapotranspiration journalière,mm/j,6.35
2025-05-28 02:00:00,Point de Rosée,Point de Rosée,°C,6.6
2025-05-28 02:00:00,Direction du vent,Direction du vent,Deg,43.3
2025-05-28 02:00:00,Humidité relative,Humidité relative,%,55.5
2025-05-28 02:00:00,Vitesse du vent,Vitesse du vent,m/s,1.68
2025-05-28 02:00:00,Température,Température,°C,15.5
2025-05-28 02:00:00,Évapotranspiration Horaire,Évapotranspiration Horaire,mm/h,0.0
2025-05-28 01:00:00,Humidité relative,Humidité relative,%,55.0
2025-05-28 01:00:00,Vitesse du vent,Vitesse du vent,m/s,1.03
2025-05-28 01:00:00,Pression atmosphérique,Pression atmosphérique,mm/j,929.2
2025-05-28 01:00:00,Direction du vent,Direction du vent,Deg,30.6
2025-05-28 01:00:00,Évapotranspiration journalière,Évapotranspiration journalière,mm/j,6.35
2025-05-28 01:00:00,Évapotranspiration Horaire,Évapotranspiration Horaire,mm/h,0.0
2025-05-28 01:00:00,Rayonnement solaire,Rayonnement solaire,W/m²,0.0
2025-05-28 01:00:00,Point de Rosée,Point de Rosée,°C,7.0
2025-05-28 01:00:00,Température,Température,°C,16.0
2025-05-28 00:00:00,Intensité de Pluie,Intensité de Pluie,mm/h,0.0
2025-05-28 00:00:00,Pluie Totale,Pluie Totale,mm,816.4
2025-05-28 00:00:00,Pluie quotidienne,Pluie quotidienne,mm,0.0
2025-05-28 00:00:00,Vitesse du vent,Vitesse du vent,m/s,1.08
2025-05-28 00:00:00,Pression atmosphérique,Pression atmosphérique,mm/j,929.3
2025-05-28 00:00:00,Direction du vent,Direction du vent,Deg,182.9
2025-05-28 00:00:00,Température,Température,°C,17.4
2025-05-28 00:00:00,Rayonnement solaire,Rayonnement solaire,W/m²,0.0
2025-05-28 00:00:00,Évapotranspiration Horaire,Évapotranspiration Horaire,mm/h,0.0
2025-05-28 00:00:00,Humidité relative,Humidité relative,%,52.3
2025-05-28 00:00:00,Point de Rosée,Point de Rosée,°C,7.5
2025-05-28 00:00:00,Évapotranspiration journalière,Évapotranspiration journalière,mm/j,5.7
2025-05-27 23:00:00,Évapotranspiration Horaire,Évapotranspiration Horaire,mm/h,0.0
2025-05-27 23:00:00,Température,Température,°C,20.3
2025-05-27 23:00:00,Humidité relative,Humidité relative,%,41.7
2025-05-27 23:00:00,Point de Rosée,Point de Rosée,°C,6.9
2025-05-27 23:00:00,Rayonnement solaire,Rayonnement solaire,W/m²,0.0
2025-05-27 23:00:00,Évapotranspiration journalière,Évapotranspiration journalière,mm/j,5.7
2025-05-27 23:00:00,Direction du vent,Direction du vent,Deg,300.8
2025-05-27 23:00:00,Pression atmosphérique,Pression atmosphérique,mm/j,929.3
2025-05-27 23:00:00,Vitesse du vent,Vitesse du vent,m/s,1.83
2025-05-27 22:00:00,Pression atmosphérique,Pression atmosphérique,mm/j,928.7
2025-05-27 22:00:00,Évapotranspiration journalière,Évapotranspiration journalière,mm/j,5.7
2025-05-27 22:00:00,Vitesse du vent,Vitesse du vent,m/s,1.71
2025-05-27 22:00:00,Rayonnement solaire,Rayonnement solaire,W/m²,0.0
2025-05-27 22:00:00,Point de Rosée,Point de Rosée,°C,7.0
2025-05-27 22:00:00,Direction du vent,Direction du vent,Deg,5.0
2025-05-27 22:00:00,Température,Température,°C,20.8
2025-05-27 22:00:00,Évapotranspiration Horaire,Évapotranspiration Horaire,mm/h,0.0
2025-05-27 22:00:00,Humidité relative,Humidité relative,%,41.0
2025-05-27 21:00:00,Évapotranspiration journalière,Évapotranspiration journalière,mm/j,5.7
2025-05-27 21:00:00,Direction du vent,Direction du vent,Deg,351.2
2025-05-27 21:00:00,Pression atmosphérique,Pression atmosphérique,mm/j,928.2
2025-05-27 21:00:00,Vitesse du vent,Vitesse du vent,m/s,4.43
2025-05-27 21:00:00,Rayonnement solaire,Rayonnement solaire,W/m²,0.0
2025-05-27 21:00:00,Point de Rosée,Point de Rosée,°C,8.4
2025-05-27 21:00:00,Humidité relative,Humidité relative,%,41.9
2025-05-27 21:00:00,Température,Température,°C,21.9
2025-05-27 21:00:00,Évapotranspiration Horaire,Évapotranspiration Horaire,mm/h,0.0
2025-05-27 20:00:00,Évapotranspiration journalière,Évapotranspiration journalière,mm/j,5.7
2025-05-27 20:00:00,Vitesse du vent,Vitesse du vent,m/s,2.99
2025-05-27 20:00:00,Point de Rosée,Point de Rosée,°C,7.0
2025-05-27 20:00:00,Pression atmosphérique,Pression atmosphérique,mm/j,927.5
2025-05-27 20:00:00,Évapotranspiration Horaire,Évapotranspiration Horaire,mm/h,0.0
2025-05-27 20:00:00,Direction du vent,Direction du vent,Deg,6.3
2025-05-27 20:00:00,Température,Température,°C,23.8
2025-05-27 20:00:00,Rayonnement solaire,Rayonnement solaire,W/m²,0.0
2025-05-27 20:00:00,Humidité relative,Humidité relative,%,33.9
2025-05-27 19:00:00,Température,Température,°C,26.0
2025-05-27 19:00:00,Vitesse du vent,Vitesse du vent,m/s,1.92
2025-05-27 19:00:00,Pression atmosphérique,Pression atmosphérique,mm/j,927.1
2025-05-27 19:00:00,Direction du vent,Direction du vent,Deg,12.6
2025-05-27 19:00:00,Évapotranspiration journalière,Évapotranspiration journalière,mm/j,5.7
2025-05-27 19:00:00,Évapotranspiration Horaire,Évapotranspiration Horaire,mm/h,0.0
2025-05-27 19:00:00,Rayonnement solaire,Rayonnement solaire,W/m²,36.0
2025-05-27 19:00:00,Point de Rosée,Point de Rosée,°C,5.0
2025-05-27 19:00:00,Humidité relative,Humidité relative,%,26.1
2025-05-27 18:00:00,Température,Température,°C,27.1
2025-05-27 18:00:00,Vitesse du vent,Vitesse du vent,m/s,5.79
2025-05-27 18:00:00,Pression atmosphérique,Pression atmosphérique,mm/j,926.7
2025-05-27 18:00:00,Direction du vent,Direction du vent,Deg,30.3
2025-05-27 18:00:00,Évapotranspiration journalière,Évapotranspiration journalière,mm/j,5.7
2025-05-27 18:00:00,Évapotranspiration Horaire,Évapotranspiration Horaire,mm/h,0.0
2025-05-27 18:00:00,Rayonnement solaire,Rayonnement solaire,W/m²,222.0
2025-05-27 18:00:00,Point de Rosée,Point de Rosée,°C,4.9
2025-05-27 18:00:00,Humidité relative,Humidité relative,%,24.1
2025-05-27 17:00:00,Point de Rosée,Point de Rosée,°C,5.0
2025-05-27 17:00:00,Évapotranspiration Horaire,Évapotranspiration Horaire,mm/h,0.0
2025-05-27 17:00:00,Vitesse du vent,Vitesse du vent,m/s,3.33
2025-05-27 17:00:00,Température,Température,°C,27.2
2025-05-27 17:00:00,Pression atmosphérique,Pression atmosphérique,mm/j,926.9
2025-05-27 17:00:00,Rayonnement solaire,Rayonnement solaire,W/m²,122.0
2025-05-27 17:00:00,Direction du vent,Direction du vent,Deg,12.6
2025-05-27 17:00:00,Humidité relative,Humidité relative,%,24.1
2025-05-27 17:00:00,Évapotranspiration journalière,Évapotranspiration journalière,mm/j,5.7
2025-05-27 16:00:00,Température,Température,°C,27.5
2025-05-27 16:00:00,Vitesse du vent,Vitesse du vent,m/s,1.68
2025-05-27 16:00:00,Pression atmosphérique,Pression atmosphérique,mm/j,927.2
2025-05-27 16:00:00,Direction du vent,Direction du vent,Deg,341.9
2025-05-27 16:00:00,Évapotranspiration journalière,Évapotranspiration journalière,mm/j,5.7
2025-05-27 16:00:00,Évapotranspiration Horaire,Évapotranspiration Horaire,mm/h,0.0
2025-05-27 16:00:00,Rayonnement solaire,Rayonnement solaire,W/m²,637.0
2025-05-27 16:00:00,Point de Rosée,Point de Rosée,°C,5.0
2025-05-27 16:00:00,Humidité relative,Humidité relative,%,23.8
2025-05-27 15:00:00,Point de Rosée,Point de Rosée,°C,3.9
2025-05-27 15:00:00,Évapotranspiration Horaire,Évapotranspiration Horaire,mm/h,0.0
2025-05-27 15:00:00,Vitesse du vent,Vitesse du vent,m/s,4.23
2025-05-27 15:00:00,Température,Température,°C,27.6
2025-05-27 15:00:00,Pression atmosphérique,Pression atmosphérique,mm/j,927.4
2025-05-27 15:00:00,Rayonnement solaire,Rayonnement solaire,W/m²,826.0
2025-05-27 15:00:00,Direction du vent,Direction du vent,Deg,357.3
2025-05-27 15:00:00,Humidité relative,Humidité relative,%,21.8
2025-05-27 15:00:00,Évapotranspiration journalière,Évapotranspiration journalière,mm/j,5.7
2025-05-27 14:00:00,Évapotranspiration Horaire,Évapotranspiration Horaire,mm/h,0.0
2025-05-27 14:00:00,Vitesse du vent,Vitesse du vent,m/s,1.54
2025-05-27 14:00:00,Pression atmosphérique,Pression atmosphérique,mm/j,927.6
2025-05-27 14:00:00,Direction du vent,Direction du vent,Deg,0.3
2025-05-27 14:00:00,Évapotranspiration journalière,Évapotranspiration journalière,mm/j,5.7
2025-05-27 14:00:00,Rayonnement solaire,Rayonnement solaire,W/m²,945.0
2025-05-27 14:00:00,Point de Rosée,Point de Rosée,°C,4.8
2025-05-27 14:00:00,Humidité relative,Humidité relative,%,23.4
2025-05-27 14:00:00,Température,Température,°C,27.5
2025-05-27 13:00:00,Température,Température,°C,26.4
2025-05-27 13:00:00,Vitesse du vent,Vitesse du vent,m/s,2.6
2025-05-27 13:00:00,Rayonnement solaire,Rayonnement solaire,W/m²,1013.0
2025-05-27 13:00:00,Évapotranspiration journalière,Évapotranspiration journalière,mm/j,5.7
2025-05-27 13:00:00,Point de Rosée,Point de Rosée,°C,4.2
2025-05-27 13:00:00,Humidité relative,Humidité relative,%,24.0
2025-05-27 13:00:00,Évapotranspiration Horaire,Évapotranspiration Horaire,mm/h,0.0
2025-05-27 13:00:00,Direction du vent,Direction du vent,Deg,1.3
2025-05-27 13:00:00,Pression atmosphérique,Pression atmosphérique,mm/j,928.0
2025-05-27 11:00:00,Évapotranspiration journalière,Évapotranspiration journalière,mm/j,5.7
2025-05-27 11:00:00,Vitesse du vent,Vitesse du vent,m/s,0.65
2025-05-27 11:00:00,Pression atmosphérique,Pression atmosphérique,mm/j,928.4
2025-05-27 11:00:00,Direction du vent,Direction du vent,Deg,295.1
2025-05-27 11:00:00,Évapotranspiration Horaire,Évapotranspiration Horaire,mm/h,0.0
2025-05-27 11:00:00,Rayonnement solaire,Rayonnement solaire,W/m²,924.0
2025-05-27 11:00:00,Point de Rosée,Point de Rosée,°C,3.4
2025-05-27 11:00:00,Humidité relative,Humidité relative,%,25.1
2025-05-27 11:00:00,Température,Température,°C,24.7
2025-05-27 10:00:00,Rayonnement solaire,Rayonnement solaire,W/m²,804.0
2025-05-27 10:00:00,Vitesse du vent,Vitesse du vent,m/s,3.09
2025-05-27 10:00:00,Température,Température,°C,23.9
2025-05-27 10:00:00,Pression atmosphérique,Pression atmosphérique,mm/j,928.5
2025-05-27 10:00:00,Évapotranspiration Horaire,Évapotranspiration Horaire,mm/h,0.0
2025-05-27 10:00:00,Humidité relative,Humidité relative,%,28.4
2025-05-27 10:00:00,Direction du vent,Direction du vent,Deg,9.7
2025-05-27 10:00:00,Point de Rosée,Point de Rosée,°C,4.5
2025-05-27 10:00:00,Évapotranspiration journalière,Évapotranspiration journalière,mm/j,5.7
2025-05-27 09:00:00,Direction du vent,Direction du vent,Deg,189.3
2025-05-27 09:00:00,Vitesse du vent,Vitesse du vent,m/s,1.91
2025-05-27 09:00:00,Pression atmosphérique,Pression atmosphérique,mm/j,928.7
2025-05-27 09:00:00,Évapotranspiration journalière,Évapotranspiration journalière,mm/j,5.7
2025-05-27 09:00:00,Évapotranspiration Horaire,Évapotranspiration Horaire,mm/h,0.0
2025-05-27 09:00:00,Rayonnement solaire,Rayonnement solaire,W/m²,630.0
2025-05-27 09:00:00,Point de Rosée,Point de Rosée,°C,6.2
2025-05-27 09:00:00,Humidité relative,Humidité relative,%,36.3
2025-05-27 09:00:00,Température,Température,°C,21.8
2025-05-27 08:00:00,Rayonnement solaire,Rayonnement solaire,W/m²,424.0
2025-05-27 08:00:00,Pression atmosphérique,Pression atmosphérique,mm/j,928.5
2025-05-27 08:00:00,Point de Rosée,Point de Rosée,°C,6.6
2025-05-27 08:00:00,Direction du vent,Direction du vent,Deg,175.2
2025-05-27 08:00:00,Évapotranspiration journalière,Évapotranspiration journalière,mm/j,5.7
2025-05-27 08:00:00,Humidité relative,Humidité relative,%,42.5
2025-05-27 08:00:00,Évapotranspiration Horaire,Évapotranspiration Horaire,mm/h,0.0
2025-05-27 08:00:00,Température,Température,°C,19.7
2025-05-27 08:00:00,Vitesse du vent,Vitesse du vent,m/s,0.96
2025-05-27 07:00:00,Évapotranspiration Horaire,Évapotranspiration Horaire,mm/h,0.0
2025-05-27 07:00:00,Rayonnement solaire,Rayonnement solaire,W/m²,217.0
2025-05-27 07:00:00,Vitesse du vent,Vitesse du vent,m/s,1.34
2025-05-27 07:00:00,Température,Température,°C,15.8
2025-05-27 07:00:00,Évapotranspiration journalière,Évapotranspiration journalière,mm/j,5.7
2025-05-27 07:00:00,Pression atmosphérique,Pression atmosphérique,mm/j,928.6
2025-05-27 07:00:00,Humidité relative,Humidité relative,%,55.9
2025-05-27 07:00:00,Direction du vent,Direction du vent,Deg,207.0
2025-05-27 07:00:00,Point de Rosée,Point de Rosée,°C,7.0
2025-05-27 06:00:00,Température,Température,°C,12.6
2025-05-27 06:00:00,Vitesse du vent,Vitesse du vent,m/s,1.12
2025-05-27 06:00:00,Humidité relative,Humidité relative,%,63.7
2025-05-27 06:00:00,Pression atmosphérique,Pression atmosphérique,mm/j,928.2
2025-05-27 06:00:00,Point de Rosée,Point de Rosée,°C,5.9
2025-05-27 06:00:00,Direction du vent,Direction du vent,Deg,13.6
2025-05-27 06:00:00,Évapotranspiration journalière,Évapotranspiration journalière,mm/j,5.7
2025-05-27 06:00:00,Rayonnement solaire,Rayonnement solaire,W/m²,54.0
2025-05-27 06:00:00,Évapotranspiration Horaire,Évapotranspiration Horaire,mm/h,0.0
2025-05-27 05:00:00,Point de Rosée,Point de Rosée,°C,5.6
2025-05-27 05:00:00,Direction du vent,Direction du vent,Deg,15.0
2025-05-27 05:00:00,Vitesse du vent,Vitesse du vent,m/s,2.09
2025-05-27 05:00:00,Pression atmosphérique,Pression atmosphérique,mm/j,927.9
2025-05-27 05:00:00,Évapotranspiration journalière,Évapotranspiration journalière,mm/j,5.7
2025-05-27 05:00:00,Évapotranspiration Horaire,Évapotranspiration Horaire,mm/h,0.0
2025-05-27 05:00:00,Rayonnement solaire,Rayonnement solaire,W/m²,0.0
2025-05-27 05:00:00,Humidité relative,Humidité relative,%,68.2
2025-05-27 05:00:00,Température,Température,°C,11.3
2025-05-26 22:00:00,Évapotranspiration journalière,Évapotranspiration journalière,mm/j,5.38
2025-05-26 22:00:00,Rayonnement solaire,Rayonnement solaire,W/m²,0.0
2025-05-26 22:00:00,Pression atmosphérique,Pression atmosphérique,mm/j,928.6
2025-05-26 22:00:00,Point de Rosée,Point de Rosée,°C,5.1
2025-05-26 22:00:00,Vitesse du vent,Vitesse du vent,m/s,1.73
2025-05-26 22:00:00,Température,Température,°C,20.0
2025-05-26 22:00:00,Direction du vent,Direction du vent,Deg,8.4
2025-05-26 22:00:00,Humidité relative,Humidité relative,%,37.8
2025-05-26 22:00:00,Évapotranspiration Horaire,Évapotranspiration Horaire,mm/h,0.0
2025-05-26 21:00:00,Direction du vent,Direction du vent,Deg,356.8
2025-05-26 21:00:00,Évapotranspiration journalière,Évapotranspiration journalière,mm/j,5.38
2025-05-26 21:00:00,Évapotranspiration Horaire,Évapotranspiration Horaire,mm/h,0.0
2025-05-26 21:00:00,Rayonnement solaire,Rayonnement solaire,W/m²,0.0
2025-05-26 21:00:00,Point de Rosée,Point de Rosée,°C,5.8
2025-05-26 21:00:00,Humidité relative,Humidité relative,%,37.9
2025-05-26 21:00:00,Température,Température,°C,20.6
2025-05-26 21:00:00,Vitesse du vent,Vitesse du vent,m/s,3.94
2025-05-26 21:00:00,Pression atmosphérique,Pression atmosphérique,mm/j,928.4
2025-05-26 20:00:00,Vitesse du vent,Vitesse du vent,m/s,1.03
2025-05-26 20:00:00,Rayonnement solaire,Rayonnement solaire,W/m²,0.0
2025-05-26 20:00:00,Pression atmosphérique,Pression atmosphérique,mm/j,927.7
2025-05-26 20:00:00,Point de Rosée,Point de Rosée,°C,5.8
2025-05-26 20:00:00,Direction du vent,Direction du vent,Deg,323.7
2025-05-26 20:00:00,Température,Température,°C,20.6
2025-05-26 20:00:00,Évapotranspiration Horaire,Évapotranspiration Horaire,mm/h,0.0
2025-05-26 20:00:00,Humidité relative,Humidité relative,%,38.0
2025-05-26 20:00:00,Évapotranspiration journalière,Évapotranspiration journalière,mm/j,5.38
2025-05-26 19:00:00,Point de Rosée,Point de Rosée,°C,4.0
2025-05-26 19:00:00,Vitesse du vent,Vitesse du vent,m/s,3.29
2025-05-26 19:00:00,Pression atmosphérique,Pression atmosphérique,mm/j,927.3
2025-05-26 19:00:00,Direction du vent,Direction du vent,Deg,37.0
2025-05-26 19:00:00,Évapotranspiration journalière,Évapotranspiration journalière,mm/j,5.38
2025-05-26 19:00:00,Évapotranspiration Horaire,Évapotranspiration Horaire,mm/h,0.0
2025-05-26 19:00:00,Rayonnement solaire,Rayonnement solaire,W/m²,26.0
2025-05-26 19:00:00,Humidité relative,Humidité relative,%,27.8
2025-05-26 19:00:00,Température,Température,°C,23.7
2025-05-26 18:00:00,Pression atmosphérique,Pression atmosphérique,mm/j,927.0
2025-05-26 18:00:00,Rayonnement solaire,Rayonnement solaire,W/m²,221.0
2025-05-26 18:00:00,Évapotranspiration journalière,Évapotranspiration journalière,mm/j,5.38
2025-05-26 18:00:00,Point de Rosée,Point de Rosée,°C,4.9
2025-05-26 18:00:00,Vitesse du vent,Vitesse du vent,m/s,4.31
2025-05-26 18:00:00,Humidité relative,Humidité relative,%,27.6
2025-05-26 18:00:00,Direction du vent,Direction du vent,Deg,32.4
2025-05-26 18:00:00,Température,Température,°C,24.8
2025-05-26 18:00:00,Évapotranspiration Horaire,Évapotranspiration Horaire,mm/h,0.0
2025-05-26 17:00:00,Point de Rosée,Point de Rosée,°C,5.7
2025-05-26 17:00:00,Vitesse du vent,Vitesse du vent,m/s,1.98
2025-05-26 17:00:00,Pression atmosphérique,Pression atmosphérique,mm/j,926.8
2025-05-26 17:00:00,Direction du vent,Direction du vent,Deg,359.9
2025-05-26 17:00:00,Évapotranspiration journalière,Évapotranspiration journalière,mm/j,5.38
2025-05-26 17:00:00,Évapotranspiration Horaire,Évapotranspiration Horaire,mm/h,0.0
2025-05-26 17:00:00,Rayonnement solaire,Rayonnement solaire,W/m²,438.0
2025-05-26 17:00:00,Humidité relative,Humidité relative,%,29.0
2025-05-26 17:00:00,Température,Température,°C,25.0
2025-05-26 16:00:00,Vitesse du vent,Vitesse du vent,m/s,2.78
2025-05-26 16:00:00,Pression atmosphérique,Pression atmosphérique,mm/j,927.0
2025-05-26 16:00:00,Température,Température,°C,25.5
2025-05-26 16:00:00,Direction du vent,Direction du vent,Deg,49.3
2025-05-26 16:00:00,Humidité relative,Humidité relative,%,26.9
2025-05-26 16:00:00,Évapotranspiration journalière,Évapotranspiration journalière,mm/j,5.38
2025-05-26 16:00:00,Point de Rosée,Point de Rosée,°C,5.1
2025-05-26 16:00:00,Évapotranspiration Horaire,Évapotranspiration Horaire,mm/h,0.0
2025-05-26 16:00:00,Rayonnement solaire,Rayonnement solaire,W/m²,649.0
2025-05-26 15:00:00,Point de Rosée,Point de Rosée,°C,5.3
2025-05-26 15:00:00,Température,Température,°C,25.3
2025-05-26 15:00:00,Humidité relative,Humidité relative,%,27.7
2025-05-26 15:00:00,Rayonnement solaire,Rayonnement solaire,W/m²,826.0
2025-05-26 15:00:00,Évapotranspiration Horaire,Évapotranspiration Horaire,mm/h,0.0
2025-05-26 15:00:00,Évapotranspiration journalière,Évapotranspiration journalière,mm/j,5.38
2025-05-26 15:00:00,Direction du vent,Direction du vent,Deg,341.5
2025-05-26 15:00:00,Pression atmosphérique,Pression atmosphérique,mm/j,927.4
2025-05-26 15:00:00,Vitesse du vent,Vitesse du vent,m/s,2.7
2025-05-26 14:00:00,Température,Température,°C,24.2
2025-05-26 14:00:00,Pression atmosphérique,Pression atmosphérique,mm/j,927.7
2025-05-26 14:00:00,Vitesse du vent,Vitesse du vent,m/s,1.79
2025-05-26 14:00:00,Évapotranspiration journalière,Évapotranspiration journalière,mm/j,5.38
2025-05-26 14:00:00,Direction du vent,Direction du vent,Deg,29.8
2025-05-26 14:00:00,Évapotranspiration Horaire,Évapotranspiration Horaire,mm/h,0.0
2025-05-26 14:00:00,Rayonnement solaire,Rayonnement solaire,W/m²,947.0
2025-05-26 14:00:00,Point de Rosée,Point de Rosée,°C,4.9
2025-05-26 14:00:00,Humidité relative,Humidité relative,%,28.6
2025-05-26 13:00:00,Point de Rosée,Point de Rosée,°C,3.9
2025-05-26 13:00:00,Pression atmosphérique,Pression atmosphérique,mm/j,928.1
2025-05-26 13:00:00,Évapotranspiration Horaire,Évapotranspiration Horaire,mm/h,0.0
2025-05-26 13:00:00,Température,Température,°C,23.2
2025-05-26 13:00:00,Évapotranspiration journalière,Évapotranspiration journalière,mm/j,5.38
2025-05-26 13:00:00,Vitesse du vent,Vitesse du vent,m/s,0.41
2025-05-26 13:00:00,Direction du vent,Direction du vent,Deg,8.5
2025-05-26 13:00:00,Rayonnement solaire,Rayonnement solaire,W/m²,1004.0
2025-05-26 13:00:00,Humidité relative,Humidité relative,%,28.3
2025-05-26 12:00:00,Température,Température,°C,21.9
2025-05-26 12:00:00,Vitesse du vent,Vitesse du vent,m/s,2.43
2025-05-26 12:00:00,Pression atmosphérique,Pression atmosphérique,mm/j,928.4
2025-05-26 12:00:00,Direction du vent,Direction du vent,Deg,237.2
2025-05-26 12:00:00,Évapotranspiration journalière,Évapotranspiration journalière,mm/j,5.38
2025-05-26 12:00:00,Évapotranspiration Horaire,Évapotranspiration Horaire,mm/h,0.0
2025-05-26 12:00:00,Rayonnement solaire,Rayonnement solaire,W/m²,1001.0
2025-05-26 12:00:00,Point de Rosée,Point de Rosée,°C,4.6
2025-05-26 12:00:00,Humidité relative,Humidité relative,%,32.3
2025-05-26 11:00:00,Point de Rosée,Point de Rosée,°C,5.0
2025-05-26 11:00:00,Évapotranspiration Horaire,Évapotranspiration Horaire,mm/h,0.0
2025-05-26 11:00:00,Vitesse du vent,Vitesse du vent,m/s,3.71
2025-05-26 11:00:00,Température,Température,°C,22.0
2025-05-26 11:00:00,Pression atmosphérique,Pression atmosphérique,mm/j,928.4
2025-05-26 11:00:00,Rayonnement solaire,Rayonnement solaire,W/m²,935.0
2025-05-26 11:00:00,Direction du vent,Direction du vent,Deg,36.5
2025-05-26 11:00:00,Humidité relative,Humidité relative,%,33.1
2025-05-26 11:00:00,Évapotranspiration journalière,Évapotranspiration journalière,mm/j,5.38
2025-05-26 10:00:00,Vitesse du vent,Vitesse du vent,m/s,2.7
2025-05-26 10:00:00,Rayonnement solaire,Rayonnement solaire,W/m²,803.0
2025-05-26 10:00:00,Évapotranspiration Horaire,Évapotranspiration Horaire,mm/h,0.0
2025-05-26 10:00:00,Évapotranspiration journalière,Évapotranspiration journalière,mm/j,5.38
2025-05-26 10:00:00,Direction du vent,Direction du vent,Deg,278.8
2025-05-26 10:00:00,Point de Rosée,Point de Rosée,°C,5.5
2025-05-26 10:00:00,Humidité relative,Humidité relative,%,36.5
2025-05-26 10:00:00,Température,Température,°C,20.9
2025-05-26 10:00:00,Pression atmosphérique,Pression atmosphérique,mm/j,928.5
2025-05-26 09:00:00,Rayonnement solaire,Rayonnement solaire,W/m²,630.0
2025-05-26 09:00:00,Pression atmosphérique,Pression atmosphérique,mm/j,928.5
2025-05-26 09:00:00,Humidité relative,Humidité relative,%,43.1
2025-05-26 09:00:00,Évapotranspiration journalière,Évapotranspiration journalière,mm/j,5.38
2025-05-26 09:00:00,Direction du vent,Direction du vent,Deg,167.3
2025-05-26 09:00:00,Évapotranspiration Horaire,Évapotranspiration Horaire,mm/h,0.0
2025-05-26 09:00:00,Température,Température,°C,18.6
2025-05-26 09:00:00,Point de Rosée,Point de Rosée,°C,5.8
2025-05-26 09:00:00,Vitesse du vent,Vitesse du vent,m/s,1.49
2025-05-26 08:00:00,Direction du vent,Direction du vent,Deg,37.1
2025-05-26 08:00:00,Rayonnement solaire,Rayonnement solaire,W/m²,425.0
2025-05-26 08:00:00,Évapotranspiration Horaire,Évapotranspiration Horaire,mm/h,0.0
2025-05-26 08:00:00,Point de Rosée,Point de Rosée,°C,6.8
2025-05-26 08:00:00,Pression atmosphérique,Pression atmosphérique,mm/j,928.4
2025-05-26 08:00:00,Humidité relative,Humidité relative,%,51.1
2025-05-26 08:00:00,Vitesse du vent,Vitesse du vent,m/s,0.89
2025-05-26 08:00:00,Température,Température,°C,17.0
2025-05-26 08:00:00,Évapotranspiration journalière,Évapotranspiration journalière,mm/j,5.38
2025-05-26 07:00:00,Évapotranspiration Horaire,Évapotranspiration Horaire,mm/h,0.0
2025-05-26 07:00:00,Vitesse du vent,Vitesse du vent,m/s,1.11
2025-05-26 07:00:00,Pression atmosphérique,Pression atmosphérique,mm/j,928.5
2025-05-26 07:00:00,Direction du vent,Direction du vent,Deg,138.4
2025-05-26 07:00:00,Évapotranspiration journalière,Évapotranspiration journalière,mm/j,5.38
2025-05-26 07:00:00,Rayonnement solaire,Rayonnement solaire,W/m²,217.0
2025-05-26 07:00:00,Point de Rosée,Point de Rosée,°C,8.3
2025-05-26 07:00:00,Humidité relative,Humidité relative,%,69.3
2025-05-26 07:00:00,Température,Température,°C,13.9
2025-05-26 06:00:00,Vitesse du vent,Vitesse du vent,m/s,0.48
2025-05-26 06:00:00,Rayonnement solaire,Rayonnement solaire,W/m²,53.0
2025-05-26 06:00:00,Évapotranspiration Horaire,Évapotranspiration Horaire,mm/h,0.0
2025-05-26 06:00:00,Pression atmosphérique,Pression atmosphérique,mm/j,928.4
2025-05-26 06:00:00,Température,Température,°C,9.9
2025-05-26 06:00:00,Point de Rosée,Point de Rosée,°C,7.0
2025-05-26 06:00:00,Direction du vent,Direction du vent,Deg,0.5
2025-05-26 06:00:00,Évapotranspiration journalière,Évapotranspiration journalière,mm/j,5.38
2025-05-26 06:00:00,Humidité relative,Humidité relative,%,82.6
2025-05-26 05:00:00,Évapotranspiration Horaire,Évapotranspiration Horaire,mm/h,0.0
2025-05-26 05:00:00,Température,Température,°C,9.3
2025-05-26 05:00:00,Vitesse du vent,Vitesse du vent,m/s,1.98
2025-05-26 05:00:00,Pression atmosphérique,Pression atmosphérique,mm/j,928.1
2025-05-26 05:00:00,Direction du vent,Direction du vent,Deg,33.3
2025-05-26 05:00:00,Évapotranspiration journalière,Évapotranspiration journalière,mm/j,5.38
2025-05-26 05:00:00,Rayonnement solaire,Rayonnement solaire,W/m²,0.0
2025-05-26 05:00:00,Point de Rosée,Point de Rosée,°C,6.6
2025-05-26 05:00:00,Humidité relative,Humidité relative,%,83.3
2025-05-26 04:00:00,Rayonnement solaire,Rayonnement solaire,W/m²,0.0
2025-05-26 04:00:00,Évapotranspiration journalière,Évapotranspiration journalière,mm/j,5.38
2025-05-26 04:00:00,Vitesse du vent,Vitesse du vent,m/s,0.57
2025-05-26 04:00:00,Point de Rosée,Point de Rosée,°C,7.3
2025-05-26 04:00:00,Direction du vent,Direction du vent,Deg,22.5
2025-05-26 04:00:00,Humidité relative,Humidité relative,%,87.1
2025-05-26 04:00:00,Évapotranspiration Horaire,Évapotranspiration Horaire,mm/h,0.0
2025-05-26 04:00:00,Température,Température,°C,9.4
2025-05-26 04:00:00,Pression atmosphérique,Pression atmosphérique,mm/j,928.4
2025-05-26 03:00:00,Direction du vent,Direction du vent,Deg,21.6
2025-05-26 03:00:00,Température,Température,°C,10.2
2025-05-26 03:00:00,Humidité relative,Humidité relative,%,84.5
2025-05-26 03:00:00,Point de Rosée,Point de Rosée,°C,7.7
2025-05-26 03:00:00,Rayonnement solaire,Rayonnement solaire,W/m²,0.0
2025-05-26 03:00:00,Évapotranspiration Horaire,Évapotranspiration Horaire,mm/h,0.0
2025-05-26 03:00:00,Évapotranspiration journalière,Évapotranspiration journalière,mm/j,5.38
2025-05-26 03:00:00,Pression atmosphérique,Pression atmosphérique,mm/j,928.6
2025-05-26 03:00:00,Vitesse du vent,Vitesse du vent,m/s,2.63
2025-05-25 11:00:00,Rayonnement solaire,Rayonnement solaire,W/m²,1164.0
2025-05-25 11:00:00,Température,Température,°C,16.2
2025-05-25 11:00:00,Vitesse du vent,Vitesse du vent,m/s,3.62
2025-05-25 11:00:00,Pression atmosphérique,Pression atmosphérique,mm/j,928.2
2025-05-25 11:00:00,Direction du vent,Direction du vent,Deg,327.7
2025-05-25 11:00:00,Évapotranspiration journalière,Évapotranspiration journalière,mm/j,2.95
2025-05-25 11:00:00,Humidité relative,Humidité relative,%,52.4
2025-05-25 11:00:00,Évapotranspiration Horaire,Évapotranspiration Horaire,mm/h,0.0
2025-05-25 11:00:00,Point de Rosée,Point de Rosée,°C,6.4
2025-05-25 10:00:00,Évapotranspiration journalière,Évapotranspiration journalière,mm/j,2.95
2025-05-25 10:00:00,Vitesse du vent,Vitesse du vent,m/s,6.6
2025-05-25 10:00:00,Pression atmosphérique,Pression atmosphérique,mm/j,927.9
2025-05-25 10:00:00,Direction du vent,Direction du vent,Deg,7.0
2025-05-25 10:00:00,Température,Température,°C,15.7
2025-05-25 10:00:00,Point de Rosée,Point de Rosée,°C,6.0
2025-05-25 10:00:00,Rayonnement solaire,Rayonnement solaire,W/m²,835.0
2025-05-25 10:00:00,Évapotranspiration Horaire,Évapotranspiration Horaire,mm/h,0.0
2025-05-25 10:00:00,Humidité relative,Humidité relative,%,52.4
2025-05-25 09:00:00,Évapotranspiration journalière,Évapotranspiration journalière,mm/j,2.95
2025-05-25 09:00:00,Point de Rosée,Point de Rosée,°C,6.3
2025-05-25 09:00:00,Vitesse du vent,Vitesse du vent,m/s,3.76
2025-05-25 09:00:00,Évapotranspiration Horaire,Évapotranspiration Horaire,mm/h,0.0
2025-05-25 09:00:00,Pression atmosphérique,Pression atmosphérique,mm/j,927.8
2025-05-25 09:00:00,Rayonnement solaire,Rayonnement solaire,W/m²,647.0
2025-05-25 09:00:00,Température,Température,°C,14.8
2025-05-25 09:00:00,Humidité relative,Humidité relative,%,56.7
2025-05-25 09:00:00,Direction du vent,Direction du vent,Deg,293.1
2025-05-25 08:00:00,Évapotranspiration Horaire,Évapotranspiration Horaire,mm/h,0.0
2025-05-25 08:00:00,Température,Température,°C,13.6
2025-05-25 08:00:00,Humidité relative,Humidité relative,%,62.9
2025-05-25 08:00:00,Point de Rosée,Point de Rosée,°C,6.7
2025-05-25 08:00:00,Rayonnement solaire,Rayonnement solaire,W/m²,470.0
2025-05-25 08:00:00,Évapotranspiration journalière,Évapotranspiration journalière,mm/j,2.95
2025-05-25 08:00:00,Direction du vent,Direction du vent,Deg,341.1
2025-05-25 08:00:00,Pression atmosphérique,Pression atmosphérique,mm/j,927.3
2025-05-25 08:00:00,Vitesse du vent,Vitesse du vent,m/s,4.03
2025-05-25 07:00:00,Rayonnement solaire,Rayonnement solaire,W/m²,223.0
2025-05-25 07:00:00,Évapotranspiration Horaire,Évapotranspiration Horaire,mm/h,0.0
2025-05-25 07:00:00,Point de Rosée,Point de Rosée,°C,6.4
2025-05-25 07:00:00,Évapotranspiration journalière,Évapotranspiration journalière,mm/j,2.95
2025-05-25 07:00:00,Pression atmosphérique,Pression atmosphérique,mm/j,926.4
2025-05-25 07:00:00,Vitesse du vent,Vitesse du vent,m/s,5.41
2025-05-25 07:00:00,Température,Température,°C,11.9
2025-05-25 07:00:00,Humidité relative,Humidité relative,%,69.1
2025-05-25 07:00:00,Direction du vent,Direction du vent,Deg,11.3
2025-05-25 06:00:00,Évapotranspiration journalière,Évapotranspiration journalière,mm/j,2.95
2025-05-25 06:00:00,Direction du vent,Direction du vent,Deg,338.0
2025-05-25 06:00:00,Pression atmosphérique,Pression atmosphérique,mm/j,926.7
2025-05-25 06:00:00,Vitesse du vent,Vitesse du vent,m/s,1.6
2025-05-25 06:00:00,Température,Température,°C,10.5
2025-05-25 06:00:00,Humidité relative,Humidité relative,%,75.1
2025-05-25 06:00:00,Point de Rosée,Point de Rosée,°C,6.3
2025-05-25 06:00:00,Rayonnement solaire,Rayonnement solaire,W/m²,40.0
2025-05-25 06:00:00,Évapotranspiration Horaire,Évapotranspiration Horaire,mm/h,0.0
2025-05-25 05:00:00,Évapotranspiration Horaire,Évapotranspiration Horaire,mm/h,0.0
2025-05-25 05:00:00,Point de Rosée,Point de Rosée,°C,6.5
2025-05-25 05:00:00,Direction du vent,Direction du vent,Deg,326.7
2025-05-25 05:00:00,Rayonnement solaire,Rayonnement solaire,W/m²,0.0
2025-05-25 05:00:00,Vitesse du vent,Vitesse du vent,m/s,2.84
2025-05-25 05:00:00,Pression atmosphérique,Pression atmosphérique,mm/j,926.1
2025-05-25 05:00:00,Température,Température,°C,10.2
2025-05-25 05:00:00,Évapotranspiration journalière,Évapotranspiration journalière,mm/j,2.95
2025-05-25 05:00:00,Humidité relative,Humidité relative,%,77.9
2025-05-25 04:00:00,Pression atmosphérique,Pression atmosphérique,mm/j,925.6
2025-05-25 04:00:00,Point de Rosée,Point de Rosée,°C,6.5
2025-05-25 04:00:00,Rayonnement solaire,Rayonnement solaire,W/m²,0.0
2025-05-25 04:00:00,Évapotranspiration Horaire,Évapotranspiration Horaire,mm/h,0.0
2025-05-25 04:00:00,Évapotranspiration journalière,Évapotranspiration journalière,mm/j,2.95
2025-05-25 04:00:00,Direction du vent,Direction du vent,Deg,332.4
2025-05-25 04:00:00,Humidité relative,Humidité relative,%,77.9
2025-05-25 04:00:00,Vitesse du vent,Vitesse du vent,m/s,2.64
2025-05-25 04:00:00,Température,Température,°C,10.2
2025-05-25 03:00:00,Vitesse du vent,Vitesse du vent,m/s,2.44
2025-05-25 03:00:00,Pression atmosphérique,Pression atmosphérique,mm/j,925.9
2025-05-25 03:00:00,Direction du vent,Direction du vent,Deg,321.2
2025-05-25 03:00:00,Évapotranspiration journalière,Évapotranspiration journalière,mm/j,2.95
2025-05-25 03:00:00,Évapotranspiration Horaire,Évapotranspiration Horaire,mm/h,0.0
2025-05-25 03:00:00,Rayonnement solaire,Rayonnement solaire,W/m²,0.0
2025-05-25 03:00:00,Point de Rosée,Point de Rosée,°C,6.5
2025-05-25 03:00:00,Température,Température,°C,10.2
2025-05-25 03:00:00,Humidité relative,Humidité relative,%,77.8
2025-05-25 02:00:00,Point de Rosée,Point de Rosée,°C,6.8
2025-05-25 02:00:00,Direction du vent,Direction du vent,Deg,341.7
2025-05-25 02:00:00,Humidité relative,Humidité relative,%,76.7
2025-05-25 02:00:00,Évapotranspiration journalière,Évapotranspiration journalière,mm/j,2.95
2025-05-25 02:00:00,Pression atmosphérique,Pression atmosphérique,mm/j,925.9
2025-05-25 02:00:00,Évapotranspiration Horaire,Évapotranspiration Horaire,mm/h,0.0
2025-05-25 02:00:00,Rayonnement solaire,Rayonnement solaire,W/m²,0.0
2025-05-25 02:00:00,Vitesse du vent,Vitesse du vent,m/s,2.89
2025-05-25 02:00:00,Température,Température,°C,10.7
2025-05-25 01:00:00,Rayonnement solaire,Rayonnement solaire,W/m²,0.0
2025-05-25 01:00:00,Température,Température,°C,10.7
2025-05-25 01:00:00,Humidité relative,Humidité relative,%,76.4
2025-05-25 01:00:00,Point de Rosée,Point de Rosée,°C,6.7
2025-05-25 01:00:00,Évapotranspiration Horaire,Évapotranspiration Horaire,mm/h,0.0
2025-05-25 01:00:00,Évapotranspiration journalière,Évapotranspiration journalière,mm/j,2.95
2025-05-25 01:00:00,Direction du vent,Direction du vent,Deg,318.8
2025-05-25 01:00:00,Pression atmosphérique,Pression atmosphérique,mm/j,925.7
2025-05-25 01:00:00,Vitesse du vent,Vitesse du vent,m/s,4.61
2025-05-25 00:00:00,Évapotranspiration Horaire,Évapotranspiration Horaire,mm/h,0.0
2025-05-25 00:00:00,Pression atmosphérique,Pression atmosphérique,mm/j,925.7
2025-05-25 00:00:00,Rayonnement solaire,Rayonnement solaire,W/m²,0.0
2025-05-25 00:00:00,Point de Rosée,Point de Rosée,°C,6.6
2025-05-25 00:00:00,Température,Température,°C,10.7
2025-05-25 00:00:00,Humidité relative,Humidité relative,%,76.0
2025-05-25 00:00:00,Pluie Totale,Pluie Totale,mm,816.4
2025-05-25 00:00:00,Intensité de Pluie,Intensité de Pluie,mm/h,0.0
2025-05-25 00:00:00,Direction du vent,Direction du vent,Deg,322.4
2025-05-25 00:00:00,Vitesse du vent,Vitesse du vent,m/s,2.05
2025-05-25 00:00:00,Évapotranspiration journalière,Évapotranspiration journalière,mm/j,4.29
2025-05-25 00:00:00,Pluie quotidienne,Pluie quotidienne,mm,0.0
2025-05-24 23:00:00,Point de Rosée,Point de Rosée,°C,6.6
2025-05-24 23:00:00,Rayonnement solaire,Rayonnement solaire,W/m²,0.0
2025-05-24 23:00:00,Vitesse du vent,Vitesse du vent,m/s,2.88
2025-05-24 23:00:00,Pression atmosphérique,Pression atmosphérique,mm/j,925.3
2025-05-24 23:00:00,Direction du vent,Direction du vent,Deg,330.6
2025-05-24 23:00:00,Évapotranspiration journalière,Évapotranspiration journalière,mm/j,4.29
2025-05-24 23:00:00,Évapotranspiration Horaire,Évapotranspiration Horaire,mm/h,0.0
2025-05-24 23:00:00,Humidité relative,Humidité relative,%,72.8
2025-05-24 23:00:00,Température,Température,°C,11.3
2025-05-24 22:00:00,Évapotranspiration Horaire,Évapotranspiration Horaire,mm/h,0.0
2025-05-24 22:00:00,Pression atmosphérique,Pression atmosphérique,mm/j,925.1
2025-05-24 22:00:00,Humidité relative,Humidité relative,%,70.2
2025-05-24 22:00:00,Rayonnement solaire,Rayonnement solaire,W/m²,0.0
2025-05-24 22:00:00,Température,Température,°C,11.9
2025-05-24 22:00:00,Vitesse du vent,Vitesse du vent,m/s,3.31
2025-05-24 22:00:00,Point de Rosée,Point de Rosée,°C,6.6
2025-05-24 22:00:00,Direction du vent,Direction du vent,Deg,3.1
2025-05-24 22:00:00,Évapotranspiration journalière,Évapotranspiration journalière,mm/j,4.29
2025-05-24 21:00:00,Direction du vent,Direction du vent,Deg,333.8
2025-05-24 21:00:00,Évapotranspiration journalière,Évapotranspiration journalière,mm/j,4.29
2025-05-24 21:00:00,Pression atmosphérique,Pression atmosphérique,mm/j,924.5
2025-05-24 21:00:00,Évapotranspiration Horaire,Évapotranspiration Horaire,mm/h,0.0
2025-05-24 21:00:00,Vitesse du vent,Vitesse du vent,m/s,2.57
2025-05-24 21:00:00,Rayonnement solaire,Rayonnement solaire,W/m²,0.0
2025-05-24 21:00:00,Point de Rosée,Point de Rosée,°C,6.4
2025-05-24 21:00:00,Humidité relative,Humidité relative,%,65.9
2025-05-24 21:00:00,Température,Température,°C,12.6
2025-05-24 20:00:00,Évapotranspiration Horaire,Évapotranspiration Horaire,mm/h,0.0
2025-05-24 20:00:00,Vitesse du vent,Vitesse du vent,m/s,4.55
2025-05-24 20:00:00,Pression atmosphérique,Pression atmosphérique,mm/j,923.5
2025-05-24 20:00:00,Direction du vent,Direction du vent,Deg,359.1
2025-05-24 20:00:00,Évapotranspiration journalière,Évapotranspiration journalière,mm/j,4.29
2025-05-24 20:00:00,Rayonnement solaire,Rayonnement solaire,W/m²,0.0
2025-05-24 20:00:00,Point de Rosée,Point de Rosée,°C,6.7
2025-05-24 20:00:00,Humidité relative,Humidité relative,%,62.0
2025-05-24 20:00:00,Température,Température,°C,13.9
2025-05-24 19:00:00,Direction du vent,Direction du vent,Deg,354.2
2025-05-24 19:00:00,Rayonnement solaire,Rayonnement solaire,W/m²,38.0
2025-05-24 19:00:00,Évapotranspiration journalière,Évapotranspiration journalière,mm/j,4.29
2025-05-24 19:00:00,Point de Rosée,Point de Rosée,°C,6.4
2025-05-24 19:00:00,Évapotranspiration Horaire,Évapotranspiration Horaire,mm/h,0.0
2025-05-24 19:00:00,Vitesse du vent,Vitesse du vent,m/s,3.66
2025-05-24 19:00:00,Humidité relative,Humidité relative,%,57.5
2025-05-24 19:00:00,Pression atmosphérique,Pression atmosphérique,mm/j,922.9
2025-05-24 19:00:00,Température,Température,°C,14.7
2025-05-24 17:00:00,Évapotranspiration Horaire,Évapotranspiration Horaire,mm/h,0.0
2025-05-24 17:00:00,Vitesse du vent,Vitesse du vent,m/s,6.62
2025-05-24 17:00:00,Pression atmosphérique,Pression atmosphérique,mm/j,922.0
2025-05-24 17:00:00,Direction du vent,Direction du vent,Deg,339.2
2025-05-24 17:00:00,Évapotranspiration journalière,Évapotranspiration journalière,mm/j,4.29
2025-05-24 17:00:00,Rayonnement solaire,Rayonnement solaire,W/m²,181.0
2025-05-24 17:00:00,Point de Rosée,Point de Rosée,°C,4.3
2025-05-24 17:00:00,Humidité relative,Humidité relative,%,47.1
2025-05-24 17:00:00,Température,Température,°C,15.6
2025-05-24 16:00:00,Vitesse du vent,Vitesse du vent,m/s,3.06
2025-05-24 16:00:00,Pression atmosphérique,Pression atmosphérique,mm/j,921.7
2025-05-24 16:00:00,Direction du vent,Direction du vent,Deg,319.0
2025-05-24 16:00:00,Point de Rosée,Point de Rosée,°C,7.8
2025-05-24 16:00:00,Humidité relative,Humidité relative,%,58.4
2025-05-24 16:00:00,Rayonnement solaire,Rayonnement solaire,W/m²,289.0
2025-05-24 16:00:00,Évapotranspiration journalière,Évapotranspiration journalière,mm/j,4.29
2025-05-24 16:00:00,Évapotranspiration Horaire,Évapotranspiration Horaire,mm/h,0.0
2025-05-24 16:00:00,Température,Température,°C,15.9
2025-05-24 15:00:00,Direction du vent,Direction du vent,Deg,314.2
2025-05-24 15:00:00,Température,Température,°C,14.8
2025-05-24 15:00:00,Humidité relative,Humidité relative,%,59.9
2025-05-24 15:00:00,Point de Rosée,Point de Rosée,°C,7.1
2025-05-24 15:00:00,Rayonnement solaire,Rayonnement solaire,W/m²,169.0
2025-05-24 15:00:00,Évapotranspiration Horaire,Évapotranspiration Horaire,mm/h,0.0
2025-05-24 15:00:00,Évapotranspiration journalière,Évapotranspiration journalière,mm/j,4.29
2025-05-24 15:00:00,Pression atmosphérique,Pression atmosphérique,mm/j,921.6
2025-05-24 15:00:00,Vitesse du vent,Vitesse du vent,m/s,7.61
2025-05-24 13:00:00,Température,Température,°C,14.4
2025-05-24 13:00:00,Vitesse du vent,Vitesse du vent,m/s,3.94
2025-05-24 13:00:00,Pression atmosphérique,Pression atmosphérique,mm/j,922.3
2025-05-24 13:00:00,Direction du vent,Direction du vent,Deg,351.7
2025-05-24 13:00:00,Évapotranspiration journalière,Évapotranspiration journalière,mm/j,4.29
2025-05-24 13:00:00,Évapotranspiration Horaire,Évapotranspiration Horaire,mm/h,0.0
2025-05-24 13:00:00,Rayonnement solaire,Rayonnement solaire,W/m²,181.0
2025-05-24 13:00:00,Point de Rosée,Point de Rosée,°C,7.5
2025-05-24 13:00:00,Humidité relative,Humidité relative,%,63.3
2025-05-24 11:00:00,Humidité relative,Humidité relative,%,64.9
2025-05-24 11:00:00,Vitesse du vent,Vitesse du vent,m/s,6.22
2025-05-24 11:00:00,Pression atmosphérique,Pression atmosphérique,mm/j,922.1
2025-05-24 11:00:00,Direction du vent,Direction du vent,Deg,341.2
2025-05-24 11:00:00,Évapotranspiration journalière,Évapotranspiration journalière,mm/j,4.29
2025-05-24 11:00:00,Évapotranspiration Horaire,Évapotranspiration Horaire,mm/h,0.0
2025-05-24 11:00:00,Rayonnement solaire,Rayonnement solaire,W/m²,305.0
2025-05-24 11:00:00,Point de Rosée,Point de Rosée,°C,7.7
2025-05-24 11:00:00,Température,Température,°C,14.2
2025-05-24 10:00:00,Humidité relative,Humidité relative,%,67.6
2025-05-24 10:00:00,Vitesse du vent,Vitesse du vent,m/s,3.6
2025-05-24 10:00:00,Pression atmosphérique,Pression atmosphérique,mm/j,922.0
2025-05-24 10:00:00,Direction du vent,Direction du vent,Deg,332.5
2025-05-24 10:00:00,Évapotranspiration journalière,Évapotranspiration journalière,mm/j,4.29
2025-05-24 10:00:00,Évapotranspiration Horaire,Évapotranspiration Horaire,mm/h,0.0
2025-05-24 10:00:00,Rayonnement solaire,Rayonnement solaire,W/m²,390.0
2025-05-24 10:00:00,Point de Rosée,Point de Rosée,°C,8.1
2025-05-24 10:00:00,Température,Température,°C,14.0
2025-05-24 09:00:00,Température,Température,°C,12.8
2025-05-24 09:00:00,Humidité relative,Humidité relative,%,70.1
2025-05-24 09:00:00,Pression atmosphérique,Pression atmosphérique,mm/j,921.9
2025-05-24 09:00:00,Rayonnement solaire,Rayonnement solaire,W/m²,270.0
2025-05-24 09:00:00,Vitesse du vent,Vitesse du vent,m/s,4.95
2025-05-24 09:00:00,Direction du vent,Direction du vent,Deg,359.1
2025-05-24 09:00:00,Évapotranspiration Horaire,Évapotranspiration Horaire,mm/h,0.0
2025-05-24 09:00:00,Point de Rosée,Point de Rosée,°C,7.5
2025-05-24 09:00:00,Évapotranspiration journalière,Évapotranspiration journalière,mm/j,4.29
2025-05-24 08:00:00,Humidité relative,Humidité relative,%,75.2
2025-05-24 08:00:00,Évapotranspiration journalière,Évapotranspiration journalière,mm/j,4.29
2025-05-24 08:00:00,Température,Température,°C,12.4
2025-05-24 08:00:00,Vitesse du vent,Vitesse du vent,m/s,4.83
2025-05-24 08:00:00,Évapotranspiration Horaire,Évapotranspiration Horaire,mm/h,0.0
2025-05-24 08:00:00,Pression atmosphérique,Pression atmosphérique,mm/j,921.9
2025-05-24 08:00:00,Direction du vent,Direction du vent,Deg,326.6
2025-05-24 08:00:00,Point de Rosée,Point de Rosée,°C,8.1
2025-05-24 08:00:00,Rayonnement solaire,Rayonnement solaire,W/m²,223.0
2025-05-24 07:00:00,Rayonnement solaire,Rayonnement solaire,W/m²,125.0
2025-05-24 07:00:00,Évapotranspiration Horaire,Évapotranspiration Horaire,mm/h,0.0
2025-05-24 07:00:00,Vitesse du vent,Vitesse du vent,m/s,3.71
2025-05-24 07:00:00,Pression atmosphérique,Pression atmosphérique,mm/j,921.9
2025-05-24 07:00:00,Température,Température,°C,11.5
2025-05-24 07:00:00,Point de Rosée,Point de Rosée,°C,8.4
2025-05-24 07:00:00,Direction du vent,Direction du vent,Deg,331.4
2025-05-24 07:00:00,Humidité relative,Humidité relative,%,81.2
2025-05-24 07:00:00,Évapotranspiration journalière,Évapotranspiration journalière,mm/j,4.29
2025-05-24 06:00:00,Température,Température,°C,11.1
2025-05-24 06:00:00,Intensité de Pluie,Intensité de Pluie,mm/h,0.0
2025-05-24 06:00:00,Pluie Totale,Pluie Totale,mm,816.4
2025-05-24 06:00:00,Pluie quotidienne,Pluie quotidienne,mm,1.8
2025-05-24 06:00:00,Vitesse du vent,Vitesse du vent,m/s,2.27
2025-05-24 06:00:00,Pression atmosphérique,Pression atmosphérique,mm/j,921.4
2025-05-24 06:00:00,Direction du vent,Direction du vent,Deg,317.4
2025-05-24 06:00:00,Évapotranspiration journalière,Évapotranspiration journalière,mm/j,4.29
2025-05-24 06:00:00,Évapotranspiration Horaire,Évapotranspiration Horaire,mm/h,0.0
2025-05-24 06:00:00,Rayonnement solaire,Rayonnement solaire,W/m²,15.0
2025-05-24 06:00:00,Point de Rosée,Point de Rosée,°C,8.2
2025-05-24 06:00:00,Humidité relative,Humidité relative,%,82.3
2025-05-24 05:00:00,Évapotranspiration journalière,Évapotranspiration journalière,mm/j,4.29
2025-05-24 05:00:00,Direction du vent,Direction du vent,Deg,310.0
2025-05-24 05:00:00,Pluie Totale,Pluie Totale,mm,816.4
2025-05-24 05:00:00,Point de Rosée,Point de Rosée,°C,8.0
2025-05-24 05:00:00,Évapotranspiration Horaire,Évapotranspiration Horaire,mm/h,0.0
2025-05-24 05:00:00,Humidité relative,Humidité relative,%,80.6
2025-05-24 05:00:00,Pression atmosphérique,Pression atmosphérique,mm/j,920.8
2025-05-24 05:00:00,Vitesse du vent,Vitesse du vent,m/s,2.95
2025-05-24 05:00:00,Rayonnement solaire,Rayonnement solaire,W/m²,0.0
2025-05-24 05:00:00,Pluie quotidienne,Pluie quotidienne,mm,1.8
2025-05-24 05:00:00,Intensité de Pluie,Intensité de Pluie,mm/h,2.4
2025-05-24 05:00:00,Température,Température,°C,11.3
2025-05-24 04:00:00,Température,Température,°C,11.4
2025-05-24 04:00:00,Évapotranspiration Horaire,Évapotranspiration Horaire,mm/h,0.0
2025-05-24 04:00:00,Rayonnement solaire,Rayonnement solaire,W/m²,0.0
2025-05-24 04:00:00,Point de Rosée,Point de Rosée,°C,7.7
2025-05-24 04:00:00,Humidité relative,Humidité relative,%,77.9
2025-05-24 04:00:00,Évapotranspiration journalière,Évapotranspiration journalière,mm/j,4.29
2025-05-24 04:00:00,Vitesse du vent,Vitesse du vent,m/s,5.5
2025-05-24 04:00:00,Pression atmosphérique,Pression atmosphérique,mm/j,921.1
2025-05-24 04:00:00,Direction du vent,Direction du vent,Deg,342.2
2025-05-24 03:00:00,Pluie quotidienne,Pluie quotidienne,mm,1.4
2025-05-24 03:00:00,Intensité de Pluie,Intensité de Pluie,mm/h,0.0
2025-05-24 03:00:00,Pluie Totale,Pluie Totale,mm,816.0
2025-05-24 03:00:00,Vitesse du vent,Vitesse du vent,m/s,5.91
2025-05-24 03:00:00,Pression atmosphérique,Pression atmosphérique,mm/j,919.5
2025-05-24 03:00:00,Direction du vent,Direction du vent,Deg,326.5
2025-05-24 03:00:00,Évapotranspiration journalière,Évapotranspiration journalière,mm/j,4.29
2025-05-24 03:00:00,Évapotranspiration Horaire,Évapotranspiration Horaire,mm/h,0.0
2025-05-24 03:00:00,Rayonnement solaire,Rayonnement solaire,W/m²,0.0
2025-05-24 03:00:00,Point de Rosée,Point de Rosée,°C,8.1
2025-05-24 03:00:00,Humidité relative,Humidité relative,%,82.0
2025-05-24 03:00:00,Température,Température,°C,11.1
2025-05-24 02:00:00,Intensité de Pluie,Intensité de Pluie,mm/h,2.4
2025-05-24 02:00:00,Pluie Totale,Pluie Totale,mm,816.0
2025-05-24 02:00:00,Pluie quotidienne,Pluie quotidienne,mm,1.4
2025-05-24 02:00:00,Vitesse du vent,Vitesse du vent,m/s,4.07
2025-05-24 02:00:00,Pression atmosphérique,Pression atmosphérique,mm/j,921.6
2025-05-24 02:00:00,Direction du vent,Direction du vent,Deg,347.2
2025-05-24 02:00:00,Évapotranspiration journalière,Évapotranspiration journalière,mm/j,4.29
2025-05-24 02:00:00,Évapotranspiration Horaire,Évapotranspiration Horaire,mm/h,0.0
2025-05-24 02:00:00,Humidité relative,Humidité relative,%,90.1
2025-05-24 02:00:00,Rayonnement solaire,Rayonnement solaire,W/m²,0.0
2025-05-24 02:00:00,Température,Température,°C,12.0
2025-05-24 02:00:00,Point de Rosée,Point de Rosée,°C,10.4
2025-05-24 01:00:00,Point de Rosée,Point de Rosée,°C,10.5
2025-05-24 01:00:00,Intensité de Pluie,Intensité de Pluie,mm/h,2.4
2025-05-24 01:00:00,Évapotranspiration journalière,Évapotranspiration journalière,mm/j,4.29
2025-05-24 01:00:00,Pluie Totale,Pluie Totale,mm,815.2
2025-05-24 01:00:00,Rayonnement solaire,Rayonnement solaire,W/m²,0.0
2025-05-24 01:00:00,Pluie quotidienne,Pluie quotidienne,mm,0.6
2025-05-24 01:00:00,Humidité relative,Humidité relative,%,89.4
2025-05-24 01:00:00,Vitesse du vent,Vitesse du vent,m/s,2.99
2025-05-24 01:00:00,Évapotranspiration Horaire,Évapotranspiration Horaire,mm/h,0.0
2025-05-24 01:00:00,Pression atmosphérique,Pression atmosphérique,mm/j,921.3
2025-05-24 01:00:00,Température,Température,°C,12.2
2025-05-24 01:00:00,Direction du vent,Direction du vent,Deg,359.0
2025-05-24 00:00:00,Humidité relative,Humidité relative,%,86.7
2025-05-24 00:00:00,Température,Température,°C,12.4
2025-05-24 00:00:00,Point de Rosée,Point de Rosée,°C,10.2
2025-05-24 00:00:00,Rayonnement solaire,Rayonnement solaire,W/m²,0.0
2025-05-24 00:00:00,Évapotranspiration Horaire,Évapotranspiration Horaire,mm/h,0.0
2025-05-24 00:00:00,Évapotranspiration journalière,Évapotranspiration journalière,mm/j,4.88
2025-05-24 00:00:00,Direction du vent,Direction du vent,Deg,319.5
2025-05-24 00:00:00,Pression atmosphérique,Pression atmosphérique,mm/j,922.0
2025-05-24 00:00:00,Vitesse du vent,Vitesse du vent,m/s,3.42
2025-05-24 00:00:00,Pluie quotidienne,Pluie quotidienne,mm,0.0
2025-05-24 00:00:00,Pluie Totale,Pluie Totale,mm,814.6
2025-05-24 00:00:00,Intensité de Pluie,Intensité de Pluie,mm/h,4.8
2025-05-23 23:00:00,Température,Température,°C,13.5
2025-05-23 23:00:00,Pression atmosphérique,Pression atmosphérique,mm/j,923.2
2025-05-23 23:00:00,Humidité relative,Humidité relative,%,80.9
2025-05-23 23:00:00,Vitesse du vent,Vitesse du vent,m/s,3.05
2025-05-23 23:00:00,Évapotranspiration Horaire,Évapotranspiration Horaire,mm/h,0.0
2025-05-23 23:00:00,Direction du vent,Direction du vent,Deg,339.1
2025-05-23 23:00:00,Évapotranspiration journalière,Évapotranspiration journalière,mm/j,4.88
2025-05-23 23:00:00,Point de Rosée,Point de Rosée,°C,10.3
2025-05-23 23:00:00,Rayonnement solaire,Rayonnement solaire,W/m²,0.0
2025-05-23 22:00:00,Vitesse du vent,Vitesse du vent,m/s,4.0
2025-05-23 22:00:00,Rayonnement solaire,Rayonnement solaire,W/m²,0.0
2025-05-23 22:00:00,Point de Rosée,Point de Rosée,°C,10.6
2025-05-23 22:00:00,Humidité relative,Humidité relative,%,80.2
2025-05-23 22:00:00,Température,Température,°C,14.0
2025-05-23 22:00:00,Évapotranspiration Horaire,Évapotranspiration Horaire,mm/h,0.0
2025-05-23 22:00:00,Pression atmosphérique,Pression atmosphérique,mm/j,922.3
2025-05-23 22:00:00,Direction du vent,Direction du vent,Deg,353.0
2025-05-23 22:00:00,Évapotranspiration journalière,Évapotranspiration journalière,mm/j,4.88
2025-05-23 21:00:00,Pression atmosphérique,Pression atmosphérique,mm/j,921.3
2025-05-23 21:00:00,Vitesse du vent,Vitesse du vent,m/s,3.31
2025-05-23 21:00:00,Température,Température,°C,14.8
2025-05-23 21:00:00,Direction du vent,Direction du vent,Deg,341.4
2025-05-23 21:00:00,Évapotranspiration journalière,Évapotranspiration journalière,mm/j,4.88
2025-05-23 21:00:00,Évapotranspiration Horaire,Évapotranspiration Horaire,mm/h,0.0
2025-05-23 21:00:00,Rayonnement solaire,Rayonnement solaire,W/m²,0.0
2025-05-23 21:00:00,Point de Rosée,Point de Rosée,°C,10.7
2025-05-23 21:00:00,Humidité relative,Humidité relative,%,76.5
2025-05-23 19:00:00,Point de Rosée,Point de Rosée,°C,11.0
2025-05-23 19:00:00,Vitesse du vent,Vitesse du vent,m/s,4.22
2025-05-23 19:00:00,Pression atmosphérique,Pression atmosphérique,mm/j,921.4
2025-05-23 19:00:00,Direction du vent,Direction du vent,Deg,354.8
2025-05-23 19:00:00,Évapotranspiration journalière,Évapotranspiration journalière,mm/j,4.88
2025-05-23 19:00:00,Évapotranspiration Horaire,Évapotranspiration Horaire,mm/h,0.0
2025-05-23 19:00:00,Rayonnement solaire,Rayonnement solaire,W/m²,6.0
2025-05-23 19:00:00,Humidité relative,Humidité relative,%,73.1
2025-05-23 19:00:00,Température,Température,°C,15.8
2025-05-23 18:00:00,Rayonnement solaire,Rayonnement solaire,W/m²,82.0
2025-05-23 18:00:00,Vitesse du vent,Vitesse du vent,m/s,2.87
2025-05-23 18:00:00,Humidité relative,Humidité relative,%,71.1
2025-05-23 18:00:00,Pression atmosphérique,Pression atmosphérique,mm/j,920.7
2025-05-23 18:00:00,Température,Température,°C,16.4
2025-05-23 18:00:00,Direction du vent,Direction du vent,Deg,339.0
2025-05-23 18:00:00,Point de Rosée,Point de Rosée,°C,11.1
2025-05-23 18:00:00,Évapotranspiration Horaire,Évapotranspiration Horaire,mm/h,0.0
2025-05-23 18:00:00,Évapotranspiration journalière,Évapotranspiration journalière,mm/j,4.88
2025-05-23 17:00:00,Point de Rosée,Point de Rosée,°C,10.8
2025-05-23 17:00:00,Vitesse du vent,Vitesse du vent,m/s,3.95
2025-05-23 17:00:00,Pression atmosphérique,Pression atmosphérique,mm/j,920.3
2025-05-23 17:00:00,Direction du vent,Direction du vent,Deg,12.5
2025-05-23 17:00:00,Évapotranspiration journalière,Évapotranspiration journalière,mm/j,4.88
2025-05-23 17:00:00,Évapotranspiration Horaire,Évapotranspiration Horaire,mm/h,0.0
2025-05-23 17:00:00,Rayonnement solaire,Rayonnement solaire,W/m²,91.0
2025-05-23 17:00:00,Humidité relative,Humidité relative,%,65.2
2025-05-23 17:00:00,Température,Température,°C,17.4
2025-05-23 15:00:00,Évapotranspiration journalière,Évapotranspiration journalière,mm/j,4.88
2025-05-23 15:00:00,Évapotranspiration Horaire,Évapotranspiration Horaire,mm/h,0.0
2025-05-23 15:00:00,Rayonnement solaire,Rayonnement solaire,W/m²,582.0
2025-05-23 15:00:00,Point de Rosée,Point de Rosée,°C,10.9
2025-05-23 15:00:00,Humidité relative,Humidité relative,%,58.6
2025-05-23 15:00:00,Température,Température,°C,19.2
2025-05-23 15:00:00,Vitesse du vent,Vitesse du vent,m/s,3.15
2025-05-23 15:00:00,Pression atmosphérique,Pression atmosphérique,mm/j,920.7
2025-05-23 15:00:00,Direction du vent,Direction du vent,Deg,319.0
2025-05-23 14:00:00,Direction du vent,Direction du vent,Deg,344.8
2025-05-23 14:00:00,Vitesse du vent,Vitesse du vent,m/s,2.97
2025-05-23 14:00:00,Rayonnement solaire,Rayonnement solaire,W/m²,971.0
2025-05-23 14:00:00,Évapotranspiration Horaire,Évapotranspiration Horaire,mm/h,0.0
2025-05-23 14:00:00,Point de Rosée,Point de Rosée,°C,10.7
2025-05-23 14:00:00,Pression atmosphérique,Pression atmosphérique,mm/j,920.6
2025-05-23 14:00:00,Humidité relative,Humidité relative,%,59.5
2025-05-23 14:00:00,Évapotranspiration journalière,Évapotranspiration journalière,mm/j,4.88
2025-05-23 14:00:00,Température,Température,°C,18.8
2025-05-23 13:00:00,Température,Température,°C,18.2
2025-05-23 13:00:00,Vitesse du vent,Vitesse du vent,m/s,4.05
2025-05-23 13:00:00,Pression atmosphérique,Pression atmosphérique,mm/j,920.8
2025-05-23 13:00:00,Direction du vent,Direction du vent,Deg,325.9
2025-05-23 13:00:00,Évapotranspiration journalière,Évapotranspiration journalière,mm/j,4.88
2025-05-23 13:00:00,Évapotranspiration Horaire,Évapotranspiration Horaire,mm/h,0.0
2025-05-23 13:00:00,Rayonnement solaire,Rayonnement solaire,W/m²,1226.0
2025-05-23 13:00:00,Point de Rosée,Point de Rosée,°C,10.7
2025-05-23 13:00:00,Humidité relative,Humidité relative,%,61.6
2025-05-23 12:00:00,Vitesse du vent,Vitesse du vent,m/s,4.15
2025-05-23 12:00:00,Pression atmosphérique,Pression atmosphérique,mm/j,920.7
2025-05-23 12:00:00,Direction du vent,Direction du vent,Deg,9.5
2025-05-23 12:00:00,Évapotranspiration journalière,Évapotranspiration journalière,mm/j,4.88
2025-05-23 12:00:00,Évapotranspiration Horaire,Évapotranspiration Horaire,mm/h,0.0
2025-05-23 12:00:00,Rayonnement solaire,Rayonnement solaire,W/m²,1097.0
2025-05-23 12:00:00,Point de Rosée,Point de Rosée,°C,10.3
2025-05-23 12:00:00,Humidité relative,Humidité relative,%,57.1
2025-05-23 12:00:00,Température,Température,°C,19.0
2025-05-23 11:00:00,Température,Température,°C,18.0
2025-05-23 11:00:00,Vitesse du vent,Vitesse du vent,m/s,6.95
2025-05-23 11:00:00,Point de Rosée,Point de Rosée,°C,10.7
2025-05-23 11:00:00,Évapotranspiration Horaire,Évapotranspiration Horaire,mm/h,0.0
2025-05-23 11:00:00,Rayonnement solaire,Rayonnement solaire,W/m²,955.0
2025-05-23 11:00:00,Direction du vent,Direction du vent,Deg,357.1
2025-05-23 11:00:00,Évapotranspiration journalière,Évapotranspiration journalière,mm/j,4.88
2025-05-23 11:00:00,Humidité relative,Humidité relative,%,62.3
2025-05-23 11:00:00,Pression atmosphérique,Pression atmosphérique,mm/j,920.5
2025-05-23 10:00:00,Évapotranspiration Horaire,Évapotranspiration Horaire,mm/h,0.0
2025-05-23 10:00:00,Vitesse du vent,Vitesse du vent,m/s,2.16
2025-05-23 10:00:00,Pression atmosphérique,Pression atmosphérique,mm/j,920.9
2025-05-23 10:00:00,Direction du vent,Direction du vent,Deg,348.2
2025-05-23 10:00:00,Évapotranspiration journalière,Évapotranspiration journalière,mm/j,4.88
2025-05-23 10:00:00,Rayonnement solaire,Rayonnement solaire,W/m²,811.0
2025-05-23 10:00:00,Point de Rosée,Point de Rosée,°C,10.1
2025-05-23 10:00:00,Humidité relative,Humidité relative,%,63.9
2025-05-23 10:00:00,Température,Température,°C,17.0
2025-05-23 09:00:00,Évapotranspiration journalière,Évapotranspiration journalière,mm/j,4.88
2025-05-23 09:00:00,Évapotranspiration Horaire,Évapotranspiration Horaire,mm/h,0.0
2025-05-23 09:00:00,Rayonnement solaire,Rayonnement solaire,W/m²,677.0
2025-05-23 09:00:00,Point de Rosée,Point de Rosée,°C,10.9
2025-05-23 09:00:00,Humidité relative,Humidité relative,%,69.3
2025-05-23 09:00:00,Température,Température,°C,16.5
2025-05-23 09:00:00,Vitesse du vent,Vitesse du vent,m/s,2.43
2025-05-23 09:00:00,Pression atmosphérique,Pression atmosphérique,mm/j,920.7
2025-05-23 09:00:00,Direction du vent,Direction du vent,Deg,23.0
2025-05-23 08:00:00,Pression atmosphérique,Pression atmosphérique,mm/j,921.1
2025-05-23 08:00:00,Vitesse du vent,Vitesse du vent,m/s,2.6
2025-05-23 08:00:00,Direction du vent,Direction du vent,Deg,333.7
2025-05-23 08:00:00,Évapotranspiration Horaire,Évapotranspiration Horaire,mm/h,0.0
2025-05-23 08:00:00,Point de Rosée,Point de Rosée,°C,10.4
2025-05-23 08:00:00,Humidité relative,Humidité relative,%,73.4
2025-05-23 08:00:00,Évapotranspiration journalière,Évapotranspiration journalière,mm/j,4.88
2025-05-23 08:00:00,Température,Température,°C,15.1
2025-05-23 08:00:00,Rayonnement solaire,Rayonnement solaire,W/m²,284.0
2025-05-23 07:00:00,Évapotranspiration Horaire,Évapotranspiration Horaire,mm/h,0.0
2025-05-23 07:00:00,Rayonnement solaire,Rayonnement solaire,W/m²,51.0
2025-05-23 07:00:00,Vitesse du vent,Vitesse du vent,m/s,2.15
2025-05-23 07:00:00,Pression atmosphérique,Pression atmosphérique,mm/j,921.5
2025-05-23 07:00:00,Direction du vent,Direction du vent,Deg,344.1
2025-05-23 07:00:00,Évapotranspiration journalière,Évapotranspiration journalière,mm/j,4.88
2025-05-23 07:00:00,Point de Rosée,Point de Rosée,°C,10.8
2025-05-23 07:00:00,Humidité relative,Humidité relative,%,81.6
2025-05-23 07:00:00,Température,Température,°C,13.9
2025-05-23 06:00:00,Rayonnement solaire,Rayonnement solaire,W/m²,19.0
2025-05-23 06:00:00,Pression atmosphérique,Pression atmosphérique,mm/j,921.2
2025-05-23 06:00:00,Évapotranspiration Horaire,Évapotranspiration Horaire,mm/h,0.0
2025-05-23 06:00:00,Point de Rosée,Point de Rosée,°C,11.1
2025-05-23 06:00:00,Direction du vent,Direction du vent,Deg,349.1
2025-05-23 06:00:00,Humidité relative,Humidité relative,%,85.6
2025-05-23 06:00:00,Température,Température,°C,13.5
2025-05-23 06:00:00,Évapotranspiration journalière,Évapotranspiration journalière,mm/j,4.88
2025-05-23 06:00:00,Vitesse du vent,Vitesse du vent,m/s,3.81
2025-05-23 05:00:00,Humidité relative,Humidité relative,%,89.4
2025-05-23 05:00:00,Direction du vent,Direction du vent,Deg,353.1
2025-05-23 05:00:00,Évapotranspiration journalière,Évapotranspiration journalière,mm/j,4.88
2025-05-23 05:00:00,Évapotranspiration Horaire,Évapotranspiration Horaire,mm/h,0.0
2025-05-23 05:00:00,Vitesse du vent,Vitesse du vent,m/s,2.14
2025-05-23 05:00:00,Rayonnement solaire,Rayonnement solaire,W/m²,0.0
2025-05-23 05:00:00,Point de Rosée,Point de Rosée,°C,11.5
2025-05-23 05:00:00,Température,Température,°C,13.2
2025-05-23 05:00:00,Pression atmosphérique,Pression atmosphérique,mm/j,920.6
2025-05-22 08:00:00,Intensité de Pluie,Intensité de Pluie,mm/h,0.0
2025-05-22 08:00:00,Température,Température,°C,15.9
2025-05-22 08:00:00,Pluie Totale,Pluie Totale,mm,813.6
2025-05-22 08:00:00,Humidité relative,Humidité relative,%,84.0
2025-05-22 08:00:00,Évapotranspiration journalière,Évapotranspiration journalière,mm/j,5.24
2025-05-22 08:00:00,Rayonnement solaire,Rayonnement solaire,W/m²,308.0
2025-05-22 08:00:00,Pluie quotidienne,Pluie quotidienne,mm,0.2
2025-05-22 08:00:00,Évapotranspiration Horaire,Évapotranspiration Horaire,mm/h,0.0
2025-05-22 08:00:00,Point de Rosée,Point de Rosée,°C,13.2
2025-05-22 08:00:00,Direction du vent,Direction du vent,Deg,172.0
2025-05-22 08:00:00,Vitesse du vent,Vitesse du vent,m/s,0.63
2025-05-22 08:00:00,Pression atmosphérique,Pression atmosphérique,mm/j,922.8
2025-05-22 07:00:00,Évapotranspiration journalière,Évapotranspiration journalière,mm/j,5.24
2025-05-22 07:00:00,Intensité de Pluie,Intensité de Pluie,mm/h,2.4
2025-05-22 07:00:00,Pluie Totale,Pluie Totale,mm,813.6
2025-05-22 07:00:00,Pluie quotidienne,Pluie quotidienne,mm,0.2
2025-05-22 07:00:00,Vitesse du vent,Vitesse du vent,m/s,0.6
2025-05-22 07:00:00,Pression atmosphérique,Pression atmosphérique,mm/j,922.7
2025-05-22 07:00:00,Direction du vent,Direction du vent,Deg,209.0
2025-05-22 07:00:00,Évapotranspiration Horaire,Évapotranspiration Horaire,mm/h,0.0
2025-05-22 07:00:00,Rayonnement solaire,Rayonnement solaire,W/m²,99.0
2025-05-22 07:00:00,Point de Rosée,Point de Rosée,°C,12.9
2025-05-22 07:00:00,Humidité relative,Humidité relative,%,87.7
2025-05-22 07:00:00,Température,Température,°C,14.9
2025-05-22 06:00:00,Pression atmosphérique,Pression atmosphérique,mm/j,922.7
2025-05-22 06:00:00,Rayonnement solaire,Rayonnement solaire,W/m²,53.0
2025-05-22 06:00:00,Évapotranspiration journalière,Évapotranspiration journalière,mm/j,5.24
2025-05-22 06:00:00,Point de Rosée,Point de Rosée,°C,12.2
2025-05-22 06:00:00,Vitesse du vent,Vitesse du vent,m/s,0.43
2025-05-22 06:00:00,Humidité relative,Humidité relative,%,90.5
2025-05-22 06:00:00,Direction du vent,Direction du vent,Deg,359.1
2025-05-22 06:00:00,Température,Température,°C,13.8
2025-05-22 06:00:00,Évapotranspiration Horaire,Évapotranspiration Horaire,mm/h,0.0
2025-05-22 05:00:00,Température,Température,°C,13.8
2025-05-22 05:00:00,Pression atmosphérique,Pression atmosphérique,mm/j,922.6
2025-05-22 05:00:00,Direction du vent,Direction du vent,Deg,62.0
2025-05-22 05:00:00,Évapotranspiration journalière,Évapotranspiration journalière,mm/j,5.24
2025-05-22 05:00:00,Évapotranspiration Horaire,Évapotranspiration Horaire,mm/h,0.0
2025-05-22 05:00:00,Rayonnement solaire,Rayonnement solaire,W/m²,0.0
2025-05-22 05:00:00,Point de Rosée,Point de Rosée,°C,12.1
2025-05-22 05:00:00,Humidité relative,Humidité relative,%,89.5
2025-05-22 05:00:00,Vitesse du vent,Vitesse du vent,m/s,0.35
2025-05-21 17:00:00,Température,Température,°C,25.1
2025-05-21 17:00:00,Humidité relative,Humidité relative,%,39.8
2025-05-21 17:00:00,Point de Rosée,Point de Rosée,°C,10.5
2025-05-21 17:00:00,Rayonnement solaire,Rayonnement solaire,W/m²,355.0
2025-05-21 17:00:00,Évapotranspiration Horaire,Évapotranspiration Horaire,mm/h,0.0
2025-05-21 17:00:00,Évapotranspiration journalière,Évapotranspiration journalière,mm/j,6.63
2025-05-21 17:00:00,Direction du vent,Direction du vent,Deg,62.2
2025-05-21 17:00:00,Pression atmosphérique,Pression atmosphérique,mm/j,923.5
2025-05-21 17:00:00,Vitesse du vent,Vitesse du vent,m/s,1.72
2025-05-21 16:00:00,Température,Température,°C,26.0
2025-05-21 16:00:00,Humidité relative,Humidité relative,%,38.1
2025-05-21 16:00:00,Point de Rosée,Point de Rosée,°C,10.6
2025-05-21 16:00:00,Rayonnement solaire,Rayonnement solaire,W/m²,620.0
2025-05-21 16:00:00,Évapotranspiration Horaire,Évapotranspiration Horaire,mm/h,0.0
2025-05-21 16:00:00,Évapotranspiration journalière,Évapotranspiration journalière,mm/j,6.63
2025-05-21 16:00:00,Direction du vent,Direction du vent,Deg,33.5
2025-05-21 16:00:00,Pression atmosphérique,Pression atmosphérique,mm/j,923.8
2025-05-21 16:00:00,Vitesse du vent,Vitesse du vent,m/s,2.76
2025-05-21 13:00:00,Température,Température,°C,23.9
2025-05-21 13:00:00,Humidité relative,Humidité relative,%,39.9
2025-05-21 13:00:00,Point de Rosée,Point de Rosée,°C,9.4
2025-05-21 13:00:00,Rayonnement solaire,Rayonnement solaire,W/m²,778.0
2025-05-21 13:00:00,Évapotranspiration Horaire,Évapotranspiration Horaire,mm/h,0.0
2025-05-21 13:00:00,Évapotranspiration journalière,Évapotranspiration journalière,mm/j,6.63
2025-05-21 13:00:00,Direction du vent,Direction du vent,Deg,105.4
2025-05-21 13:00:00,Pression atmosphérique,Pression atmosphérique,mm/j,925.0
2025-05-21 13:00:00,Vitesse du vent,Vitesse du vent,m/s,1.86
2025-05-21 11:00:00,Température,Température,°C,21.1
2025-05-21 11:00:00,Humidité relative,Humidité relative,%,44.9
2025-05-21 11:00:00,Point de Rosée,Point de Rosée,°C,8.7
2025-05-21 11:00:00,Rayonnement solaire,Rayonnement solaire,W/m²,889.0
2025-05-21 11:00:00,Évapotranspiration Horaire,Évapotranspiration Horaire,mm/h,0.0
2025-05-21 11:00:00,Évapotranspiration journalière,Évapotranspiration journalière,mm/j,6.63
2025-05-21 11:00:00,Direction du vent,Direction du vent,Deg,312.7
2025-05-21 11:00:00,Pression atmosphérique,Pression atmosphérique,mm/j,925.6
2025-05-21 11:00:00,Vitesse du vent,Vitesse du vent,m/s,1.64
2025-05-21 08:00:00,Température,Température,°C,17.4
2025-05-21 08:00:00,Humidité relative,Humidité relative,%,57.3
2025-05-21 08:00:00,Point de Rosée,Point de Rosée,°C,8.9
2025-05-21 08:00:00,Rayonnement solaire,Rayonnement solaire,W/m²,381.0
2025-05-21 08:00:00,Évapotranspiration Horaire,Évapotranspiration Horaire,mm/h,0.0
2025-05-21 08:00:00,Évapotranspiration journalière,Évapotranspiration journalière,mm/j,6.63
2025-05-21 08:00:00,Direction du vent,Direction du vent,Deg,351.6
2025-05-21 08:00:00,Pression atmosphérique,Pression atmosphérique,mm/j,925.9
2025-05-21 08:00:00,Vitesse du vent,Vitesse du vent,m/s,3.97
2025-05-21 07:00:00,Température,Température,°C,15.9
2025-05-21 07:00:00,Humidité relative,Humidité relative,%,67.6
2025-05-21 07:00:00,Point de Rosée,Point de Rosée,°C,9.9
2025-05-21 07:00:00,Rayonnement solaire,Rayonnement solaire,W/m²,189.0
2025-05-21 07:00:00,Évapotranspiration Horaire,Évapotranspiration Horaire,mm/h,0.0
2025-05-21 07:00:00,Évapotranspiration journalière,Évapotranspiration journalière,mm/j,6.63
2025-05-21 07:00:00,Direction du vent,Direction du vent,Deg,346.4
2025-05-21 07:00:00,Pression atmosphérique,Pression atmosphérique,mm/j,925.6
2025-05-21 07:00:00,Vitesse du vent,Vitesse du vent,m/s,2.19
2025-05-21 06:00:00,Direction du vent,Direction du vent,Deg,348.1
2025-05-21 06:00:00,Température,Température,°C,15.0
2025-05-21 06:00:00,Humidité relative,Humidité relative,%,69.9
2025-05-21 06:00:00,Point de Rosée,Point de Rosée,°C,9.5
2025-05-21 06:00:00,Rayonnement solaire,Rayonnement solaire,W/m²,47.0
2025-05-21 06:00:00,Évapotranspiration Horaire,Évapotranspiration Horaire,mm/h,0.0
2025-05-21 06:00:00,Évapotranspiration journalière,Évapotranspiration journalière,mm/j,6.63
2025-05-21 06:00:00,Pression atmosphérique,Pression atmosphérique,mm/j,925.2
2025-05-21 06:00:00,Vitesse du vent,Vitesse du vent,m/s,2.03
2025-05-21 05:00:00,Température,Température,°C,14.6
2025-05-21 05:00:00,Humidité relative,Humidité relative,%,76.4
2025-05-21 05:00:00,Point de Rosée,Point de Rosée,°C,10.5
2025-05-21 05:00:00,Rayonnement solaire,Rayonnement solaire,W/m²,0.0
2025-05-21 05:00:00,Évapotranspiration Horaire,Évapotranspiration Horaire,mm/h,0.0
2025-05-21 05:00:00,Évapotranspiration journalière,Évapotranspiration journalière,mm/j,6.63
2025-05-21 05:00:00,Direction du vent,Direction du vent,Deg,332.4
2025-05-21 05:00:00,Pression atmosphérique,Pression atmosphérique,mm/j,924.8
2025-05-21 05:00:00,Vitesse du vent,Vitesse du vent,m/s,3.35
2025-05-20 06:00:00,Température,Température,°C,14.9
2025-05-20 06:00:00,Humidité relative,Humidité relative,%,67.4
2025-05-20 06:00:00,Point de Rosée,Point de Rosée,°C,8.9
2025-05-20 06:00:00,Rayonnement solaire,Rayonnement solaire,W/m²,48.0
2025-05-20 06:00:00,Évapotranspiration Horaire,Évapotranspiration Horaire,mm/h,0.0
2025-05-20 06:00:00,Évapotranspiration journalière,Évapotranspiration journalière,mm/j,7.06
2025-05-20 06:00:00,Direction du vent,Direction du vent,Deg,339.2
2025-05-20 06:00:00,Pression atmosphérique,Pression atmosphérique,mm/j,926.0
2025-05-20 06:00:00,Vitesse du vent,Vitesse du vent,m/s,1.32
2025-05-20 05:00:00,Température,Température,°C,16.3
2025-05-20 05:00:00,Humidité relative,Humidité relative,%,58.5
2025-05-20 05:00:00,Point de Rosée,Point de Rosée,°C,8.1
2025-05-20 05:00:00,Rayonnement solaire,Rayonnement solaire,W/m²,0.0
2025-05-20 05:00:00,Évapotranspiration Horaire,Évapotranspiration Horaire,mm/h,0.0
2025-05-20 05:00:00,Évapotranspiration journalière,Évapotranspiration journalière,mm/j,7.06
2025-05-20 05:00:00,Direction du vent,Direction du vent,Deg,355.2
2025-05-20 05:00:00,Pression atmosphérique,Pression atmosphérique,mm/j,925.6
2025-05-20 05:00:00,Vitesse du vent,Vitesse du vent,m/s,1.25
2025-05-20 04:00:00,Température,Température,°C,18.4
2025-05-20 04:00:00,Humidité relative,Humidité relative,%,48.7
2025-05-20 04:00:00,Point de Rosée,Point de Rosée,°C,7.4
2025-05-20 04:00:00,Rayonnement solaire,Rayonnement solaire,W/m²,0.0
2025-05-20 04:00:00,Évapotranspiration Horaire,Évapotranspiration Horaire,mm/h,0.0
2025-05-20 04:00:00,Évapotranspiration journalière,Évapotranspiration journalière,mm/j,7.06
2025-05-20 04:00:00,Direction du vent,Direction du vent,Deg,346.1
2025-05-20 04:00:00,Pression atmosphérique,Pression atmosphérique,mm/j,925.4
2025-05-20 04:00:00,Vitesse du vent,Vitesse du vent,m/s,2.37
2025-05-20 03:00:00,Température,Température,°C,17.5
2025-05-20 03:00:00,Humidité relative,Humidité relative,%,55.1
2025-05-20 03:00:00,Point de Rosée,Point de Rosée,°C,8.4
2025-05-20 03:00:00,Rayonnement solaire,Rayonnement solaire,W/m²,0.0
2025-05-20 03:00:00,Évapotranspiration Horaire,Évapotranspiration Horaire,mm/h,0.0
2025-05-20 03:00:00,Évapotranspiration journalière,Évapotranspiration journalière,mm/j,7.06
2025-05-20 03:00:00,Direction du vent,Direction du vent,Deg,0.1
2025-05-20 03:00:00,Pression atmosphérique,Pression atmosphérique,mm/j,925.7
2025-05-20 03:00:00,Vitesse du vent,Vitesse du vent,m/s,3.2
2025-05-20 02:00:00,Température,Température,°C,17.8
2025-05-20 02:00:00,Humidité relative,Humidité relative,%,58.8
2025-05-20 02:00:00,Point de Rosée,Point de Rosée,°C,9.6
2025-05-20 02:00:00,Rayonnement solaire,Rayonnement solaire,W/m²,0.0
2025-05-20 02:00:00,Évapotranspiration Horaire,Évapotranspiration Horaire,mm/h,0.0
2025-05-20 02:00:00,Évapotranspiration journalière,Évapotranspiration journalière,mm/j,7.06
2025-05-20 02:00:00,Direction du vent,Direction du vent,Deg,51.1
2025-05-20 02:00:00,Pression atmosphérique,Pression atmosphérique,mm/j,925.9
2025-05-20 02:00:00,Vitesse du vent,Vitesse du vent,m/s,1.15
2025-05-20 01:00:00,Température,Température,°C,19.2
2025-05-20 01:00:00,Humidité relative,Humidité relative,%,58.6
2025-05-20 01:00:00,Point de Rosée,Point de Rosée,°C,10.9
2025-05-20 01:00:00,Rayonnement solaire,Rayonnement solaire,W/m²,0.0
2025-05-20 01:00:00,Évapotranspiration Horaire,Évapotranspiration Horaire,mm/h,0.0
2025-05-20 01:00:00,Évapotranspiration journalière,Évapotranspiration journalière,mm/j,7.06
2025-05-20 01:00:00,Direction du vent,Direction du vent,Deg,359.5
2025-05-20 01:00:00,Pression atmosphérique,Pression atmosphérique,mm/j,926.5
2025-05-20 01:00:00,Vitesse du vent,Vitesse du vent,m/s,1.63
2025-05-20 00:00:00,Température,Température,°C,21.5
2025-05-20 00:00:00,Humidité relative,Humidité relative,%,46.8
2025-05-20 00:00:00,Point de Rosée,Point de Rosée,°C,9.7
2025-05-20 00:00:00,Rayonnement solaire,Rayonnement solaire,W/m²,0.0
2025-05-20 00:00:00,Évapotranspiration Horaire,Évapotranspiration Horaire,mm/h,0.0
2025-05-20 00:00:00,Évapotranspiration journalière,Évapotranspiration journalière,mm/j,6.23
2025-05-20 00:00:00,Direction du vent,Direction du vent,Deg,358.1
2025-05-20 00:00:00,Pression atmosphérique,Pression atmosphérique,mm/j,927.0
2025-05-20 00:00:00,Vitesse du vent,Vitesse du vent,m/s,1.62
2025-05-20 00:00:00,Pluie quotidienne,Pluie quotidienne,mm,0.0
2025-05-20 00:00:00,Pluie Totale,Pluie Totale,mm,811.6
2025-05-20 00:00:00,Intensité de Pluie,Intensité de Pluie,mm/h,0.0
