Date,nom_ar,nom_fr,unite,valeur
2025-06-19 10:00:00,Vitesse du vent,Vitesse du vent,m/s,1.8
2025-06-19 10:00:00,Température,Température,°c,24.6
2025-06-19 10:00:00,Rayonnement solaire,Rayonnement solaire,W/m²,952.1
2025-06-19 10:00:00,Point de Rosée,Point de Rosée,°c,10.8
2025-06-19 10:00:00,Direction du vent,Direction du vent,Deg,5.7
2025-06-19 10:00:00,Humidité relative,Humidité relative,%,41.9
2025-06-19 09:00:00,Humidité relative,Humidité relative,%,48.3
2025-06-19 09:00:00,Vitesse du vent,Vitesse du vent,m/s,3.37
2025-06-19 09:00:00,Direction du vent,Direction du vent,Deg,284.2
2025-06-19 09:00:00,Rayonnement solaire,Rayonnement solaire,W/m²,952.5
2025-06-19 09:00:00,Température,Température,°c,23.0
2025-06-19 09:00:00,Point de Rosée,Point de Rosée,°c,11.5
2025-06-19 08:00:00,Point de Rosée,Point de Rosée,°c,13.0
2025-06-19 08:00:00,Rayonnement solaire,Rayonnement solaire,W/m²,952.6
2025-06-19 08:00:00,Vitesse du vent,Vitesse du vent,m/s,3.27
2025-06-19 08:00:00,Direction du vent,Direction du vent,Deg,273.3
2025-06-19 08:00:00,Température,Température,°c,20.9
2025-06-19 08:00:00,Humidité relative,Humidité relative,%,60.7
2025-06-19 07:00:00,Température,Température,°c,19.3
2025-06-19 07:00:00,Point de Rosée,Point de Rosée,°c,13.3
2025-06-19 07:00:00,Vitesse du vent,Vitesse du vent,m/s,2.77
2025-06-19 07:00:00,Humidité relative,Humidité relative,%,68.5
2025-06-19 07:00:00,Direction du vent,Direction du vent,Deg,292.8
2025-06-19 07:00:00,Rayonnement solaire,Rayonnement solaire,W/m²,952.7
2025-06-19 06:00:00,Température,Température,°c,14.7
2025-06-19 06:00:00,Vitesse du vent,Vitesse du vent,m/s,1.64
2025-06-19 06:00:00,Direction du vent,Direction du vent,Deg,31.0
2025-06-19 06:00:00,Humidité relative,Humidité relative,%,79.4
2025-06-19 06:00:00,Point de Rosée,Point de Rosée,°c,11.1
2025-06-19 06:00:00,Rayonnement solaire,Rayonnement solaire,W/m²,952.4
2025-06-19 05:00:00,Humidité relative,Humidité relative,%,82.9
2025-06-19 05:00:00,Température,Température,°c,14.0
2025-06-19 05:00:00,Direction du vent,Direction du vent,Deg,168.2
2025-06-19 05:00:00,Rayonnement solaire,Rayonnement solaire,W/m²,952.1
2025-06-19 05:00:00,Vitesse du vent,Vitesse du vent,m/s,0.73
2025-06-19 05:00:00,Point de Rosée,Point de Rosée,°c,11.1
2025-06-18 23:00:00,Rayonnement solaire,Rayonnement solaire,W/m²,953.4
2025-06-18 23:00:00,Point de Rosée,Point de Rosée,°c,15.1
2025-06-18 23:00:00,Humidité relative,Humidité relative,%,73.7
2025-06-18 23:00:00,Température,Température,°c,20.0
2025-06-18 23:00:00,Direction du vent,Direction du vent,Deg,80.5
2025-06-18 23:00:00,Vitesse du vent,Vitesse du vent,m/s,1.27
2025-06-18 22:00:00,Rayonnement solaire,Rayonnement solaire,W/m²,953.2
2025-06-18 22:00:00,Point de Rosée,Point de Rosée,°c,14.9
2025-06-18 22:00:00,Humidité relative,Humidité relative,%,66.5
2025-06-18 22:00:00,Température,Température,°c,21.4
2025-06-18 22:00:00,Direction du vent,Direction du vent,Deg,5.1
2025-06-18 22:00:00,Vitesse du vent,Vitesse du vent,m/s,2.78
2025-06-18 21:00:00,Température,Température,°c,22.7
2025-06-18 21:00:00,Vitesse du vent,Vitesse du vent,m/s,3.37
2025-06-18 21:00:00,Point de Rosée,Point de Rosée,°c,14.6
2025-06-18 21:00:00,Direction du vent,Direction du vent,Deg,18.8
2025-06-18 21:00:00,Humidité relative,Humidité relative,%,60.4
2025-06-18 21:00:00,Rayonnement solaire,Rayonnement solaire,W/m²,952.7
2025-06-18 20:00:00,Direction du vent,Direction du vent,Deg,13.9
2025-06-18 20:00:00,Rayonnement solaire,Rayonnement solaire,W/m²,952.0
2025-06-18 20:00:00,Point de Rosée,Point de Rosée,°c,15.0
2025-06-18 20:00:00,Humidité relative,Humidité relative,%,56.4
2025-06-18 20:00:00,Vitesse du vent,Vitesse du vent,m/s,2.25
2025-06-18 20:00:00,Température,Température,°c,24.3
2025-06-18 19:00:00,Température,Température,°c,27.0
2025-06-18 19:00:00,Point de Rosée,Point de Rosée,°c,14.8
2025-06-18 19:00:00,Humidité relative,Humidité relative,%,47.2
2025-06-18 19:00:00,Direction du vent,Direction du vent,Deg,18.0
2025-06-18 19:00:00,Vitesse du vent,Vitesse du vent,m/s,5.34
2025-06-18 19:00:00,Rayonnement solaire,Rayonnement solaire,W/m²,951.0
2025-06-18 18:00:00,Humidité relative,Humidité relative,%,28.7
2025-06-18 18:00:00,Direction du vent,Direction du vent,Deg,352.5
2025-06-18 18:00:00,Point de Rosée,Point de Rosée,°c,9.7
2025-06-18 18:00:00,Vitesse du vent,Vitesse du vent,m/s,5.33
2025-06-18 18:00:00,Température,Température,°c,29.8
2025-06-18 18:00:00,Rayonnement solaire,Rayonnement solaire,W/m²,950.3
2025-06-18 17:00:00,Température,Température,°c,31.0
2025-06-18 17:00:00,Point de Rosée,Point de Rosée,°c,6.7
2025-06-18 17:00:00,Humidité relative,Humidité relative,%,21.9
2025-06-18 17:00:00,Rayonnement solaire,Rayonnement solaire,W/m²,950.0
2025-06-18 17:00:00,Direction du vent,Direction du vent,Deg,325.8
2025-06-18 17:00:00,Vitesse du vent,Vitesse du vent,m/s,8.03
2025-06-18 16:00:00,Rayonnement solaire,Rayonnement solaire,W/m²,950.3
2025-06-18 16:00:00,Point de Rosée,Point de Rosée,°c,7.2
2025-06-18 16:00:00,Humidité relative,Humidité relative,%,22.3
2025-06-18 16:00:00,Température,Température,°c,31.3
2025-06-18 16:00:00,Direction du vent,Direction du vent,Deg,329.8
2025-06-18 16:00:00,Vitesse du vent,Vitesse du vent,m/s,3.78
2025-06-18 15:00:00,Température,Température,°c,31.9
2025-06-18 15:00:00,Vitesse du vent,Vitesse du vent,m/s,7.32
2025-06-18 15:00:00,Point de Rosée,Point de Rosée,°c,5.2
2025-06-18 15:00:00,Direction du vent,Direction du vent,Deg,327.6
2025-06-18 15:00:00,Humidité relative,Humidité relative,%,18.7
2025-06-18 15:00:00,Rayonnement solaire,Rayonnement solaire,W/m²,950.7
2025-06-18 14:00:00,Vitesse du vent,Vitesse du vent,m/s,5.33
2025-06-18 14:00:00,Point de Rosée,Point de Rosée,°c,3.1
2025-06-18 14:00:00,Humidité relative,Humidité relative,%,15.9
2025-06-18 14:00:00,Température,Température,°c,32.2
2025-06-18 14:00:00,Direction du vent,Direction du vent,Deg,310.8
2025-06-18 14:00:00,Rayonnement solaire,Rayonnement solaire,W/m²,950.9
2025-06-18 13:00:00,Rayonnement solaire,Rayonnement solaire,W/m²,951.1
2025-06-18 13:00:00,Humidité relative,Humidité relative,%,14.4
2025-06-18 13:00:00,Direction du vent,Direction du vent,Deg,333.7
2025-06-18 13:00:00,Point de Rosée,Point de Rosée,°c,1.0
2025-06-18 13:00:00,Vitesse du vent,Vitesse du vent,m/s,5.62
2025-06-18 13:00:00,Température,Température,°c,31.3
2025-06-18 11:00:00,Rayonnement solaire,Rayonnement solaire,W/m²,951.9
2025-06-18 11:00:00,Point de Rosée,Point de Rosée,°c,4.8
2025-06-18 11:00:00,Humidité relative,Humidité relative,%,22.4
2025-06-18 11:00:00,Température,Température,°c,28.3
2025-06-18 11:00:00,Direction du vent,Direction du vent,Deg,321.2
2025-06-18 11:00:00,Vitesse du vent,Vitesse du vent,m/s,3.24
2025-06-18 09:00:00,Rayonnement solaire,Rayonnement solaire,W/m²,952.0
2025-06-18 09:00:00,Point de Rosée,Point de Rosée,°c,9.2
2025-06-18 09:00:00,Humidité relative,Humidité relative,%,35.3
2025-06-18 09:00:00,Température,Température,°c,25.7
2025-06-18 09:00:00,Direction du vent,Direction du vent,Deg,300.7
2025-06-18 09:00:00,Vitesse du vent,Vitesse du vent,m/s,2.48
2025-06-18 07:00:00,Température,Température,°c,20.3
2025-06-18 07:00:00,Point de Rosée,Point de Rosée,°c,8.1
2025-06-18 07:00:00,Vitesse du vent,Vitesse du vent,m/s,0.93
2025-06-18 07:00:00,Humidité relative,Humidité relative,%,45.5
2025-06-18 07:00:00,Direction du vent,Direction du vent,Deg,175.7
2025-06-18 07:00:00,Rayonnement solaire,Rayonnement solaire,W/m²,952.1
2025-06-18 06:00:00,Humidité relative,Humidité relative,%,50.5
2025-06-18 06:00:00,Point de Rosée,Point de Rosée,°c,6.0
2025-06-18 06:00:00,Température,Température,°c,16.3
2025-06-18 06:00:00,Direction du vent,Direction du vent,Deg,78.6
2025-06-18 06:00:00,Vitesse du vent,Vitesse du vent,m/s,1.19
2025-06-18 06:00:00,Rayonnement solaire,Rayonnement solaire,W/m²,951.8
2025-06-18 05:00:00,Température,Température,°c,15.9
2025-06-18 05:00:00,Humidité relative,Humidité relative,%,51.9
2025-06-18 05:00:00,Point de Rosée,Point de Rosée,°c,6.0
2025-06-18 05:00:00,Rayonnement solaire,Rayonnement solaire,W/m²,951.4
2025-06-18 05:00:00,Direction du vent,Direction du vent,Deg,140.4
2025-06-18 05:00:00,Vitesse du vent,Vitesse du vent,m/s,1.11
2025-06-18 04:00:00,Humidité relative,Humidité relative,%,48.9
2025-06-18 04:00:00,Direction du vent,Direction du vent,Deg,34.6
2025-06-18 04:00:00,Point de Rosée,Point de Rosée,°c,6.3
2025-06-18 04:00:00,Vitesse du vent,Vitesse du vent,m/s,0.77
2025-06-18 04:00:00,Température,Température,°c,17.2
2025-06-18 04:00:00,Rayonnement solaire,Rayonnement solaire,W/m²,951.1
2025-06-18 03:00:00,Température,Température,°c,18.2
2025-06-18 03:00:00,Point de Rosée,Point de Rosée,°c,7.3
2025-06-18 03:00:00,Humidité relative,Humidité relative,%,49.1
2025-06-18 03:00:00,Direction du vent,Direction du vent,Deg,128.9
2025-06-18 03:00:00,Vitesse du vent,Vitesse du vent,m/s,1.43
2025-06-18 03:00:00,Rayonnement solaire,Rayonnement solaire,W/m²,951.5
2025-06-18 02:00:00,Température,Température,°c,20.3
2025-06-18 02:00:00,Point de Rosée,Point de Rosée,°c,7.8
2025-06-18 02:00:00,Vitesse du vent,Vitesse du vent,m/s,1.32
2025-06-18 02:00:00,Humidité relative,Humidité relative,%,44.3
2025-06-18 02:00:00,Direction du vent,Direction du vent,Deg,315.8
2025-06-18 02:00:00,Rayonnement solaire,Rayonnement solaire,W/m²,951.5
2025-06-18 01:00:00,Rayonnement solaire,Rayonnement solaire,W/m²,951.8
2025-06-18 01:00:00,Point de Rosée,Point de Rosée,°c,6.9
2025-06-18 01:00:00,Humidité relative,Humidité relative,%,36.3
2025-06-18 01:00:00,Température,Température,°c,22.6
2025-06-18 01:00:00,Direction du vent,Direction du vent,Deg,358.8
2025-06-18 01:00:00,Vitesse du vent,Vitesse du vent,m/s,1.34
2025-06-18 00:00:00,Point de Rosée,Point de Rosée,°c,7.5
2025-06-18 00:00:00,Vitesse du vent,Vitesse du vent,m/s,0.46
2025-06-18 00:00:00,Humidité relative,Humidité relative,%,37.2
2025-06-18 00:00:00,Température,Température,°c,22.9
2025-06-18 00:00:00,Rayonnement solaire,Rayonnement solaire,W/m²,952.6
2025-06-18 00:00:00,Direction du vent,Direction du vent,Deg,239.9
2025-06-17 23:00:00,Humidité relative,Humidité relative,%,31.8
2025-06-17 23:00:00,Direction du vent,Direction du vent,Deg,23.6
2025-06-17 23:00:00,Rayonnement solaire,Rayonnement solaire,W/m²,952.7
2025-06-17 23:00:00,Point de Rosée,Point de Rosée,°c,6.7
2025-06-17 23:00:00,Température,Température,°c,24.6
2025-06-17 23:00:00,Vitesse du vent,Vitesse du vent,m/s,2.5
2025-06-17 22:00:00,Direction du vent,Direction du vent,Deg,153.8
2025-06-17 22:00:00,Température,Température,°c,25.8
2025-06-17 22:00:00,Point de Rosée,Point de Rosée,°c,6.3
2025-06-17 22:00:00,Vitesse du vent,Vitesse du vent,m/s,2.42
2025-06-17 22:00:00,Rayonnement solaire,Rayonnement solaire,W/m²,952.7
2025-06-17 22:00:00,Humidité relative,Humidité relative,%,28.7
2025-06-17 21:00:00,Humidité relative,Humidité relative,%,26.8
2025-06-17 21:00:00,Point de Rosée,Point de Rosée,°c,6.4
2025-06-17 21:00:00,Température,Température,°c,27.1
2025-06-17 21:00:00,Direction du vent,Direction du vent,Deg,49.3
2025-06-17 21:00:00,Vitesse du vent,Vitesse du vent,m/s,3.05
2025-06-17 21:00:00,Rayonnement solaire,Rayonnement solaire,W/m²,951.7
2025-06-17 19:00:00,Point de Rosée,Point de Rosée,°c,7.8
2025-06-17 19:00:00,Humidité relative,Humidité relative,%,22.1
2025-06-17 19:00:00,Température,Température,°c,32.1
2025-06-17 19:00:00,Direction du vent,Direction du vent,Deg,13.9
2025-06-17 19:00:00,Vitesse du vent,Vitesse du vent,m/s,2.63
2025-06-17 19:00:00,Rayonnement solaire,Rayonnement solaire,W/m²,950.6
2025-06-17 17:00:00,Point de Rosée,Point de Rosée,°c,6.0
2025-06-17 17:00:00,Humidité relative,Humidité relative,%,15.9
2025-06-17 17:00:00,Température,Température,°c,35.8
2025-06-17 17:00:00,Direction du vent,Direction du vent,Deg,1.6
2025-06-17 17:00:00,Vitesse du vent,Vitesse du vent,m/s,4.85
2025-06-17 17:00:00,Rayonnement solaire,Rayonnement solaire,W/m²,949.5
2025-06-17 15:00:00,Humidité relative,Humidité relative,%,12.5
2025-06-17 15:00:00,Vitesse du vent,Vitesse du vent,m/s,3.35
2025-06-17 15:00:00,Température,Température,°c,36.7
2025-06-17 15:00:00,Direction du vent,Direction du vent,Deg,345.8
2025-06-17 15:00:00,Rayonnement solaire,Rayonnement solaire,W/m²,950.2
2025-06-17 15:00:00,Point de Rosée,Point de Rosée,°c,3.2
2025-06-17 14:00:00,Point de Rosée,Point de Rosée,°c,4.0
2025-06-17 14:00:00,Vitesse du vent,Vitesse du vent,m/s,2.15
2025-06-17 14:00:00,Rayonnement solaire,Rayonnement solaire,W/m²,950.9
2025-06-17 14:00:00,Direction du vent,Direction du vent,Deg,259.5
2025-06-17 14:00:00,Humidité relative,Humidité relative,%,13.5
2025-06-17 14:00:00,Température,Température,°c,36.2
2025-06-17 13:00:00,Vitesse du vent,Vitesse du vent,m/s,2.8
2025-06-17 13:00:00,Point de Rosée,Point de Rosée,°c,3.7
2025-06-17 13:00:00,Humidité relative,Humidité relative,%,13.3
2025-06-17 13:00:00,Température,Température,°c,36.1
2025-06-17 13:00:00,Direction du vent,Direction du vent,Deg,2.4
2025-06-17 13:00:00,Rayonnement solaire,Rayonnement solaire,W/m²,951.3
2025-06-17 11:00:00,Point de Rosée,Point de Rosée,°c,6.6
2025-06-17 11:00:00,Humidité relative,Humidité relative,%,19.2
2025-06-17 11:00:00,Température,Température,°c,33.2
2025-06-17 11:00:00,Direction du vent,Direction du vent,Deg,184.8
2025-06-17 11:00:00,Vitesse du vent,Vitesse du vent,m/s,0.67
2025-06-17 11:00:00,Rayonnement solaire,Rayonnement solaire,W/m²,952.1
2025-06-17 10:00:00,Point de Rosée,Point de Rosée,°c,5.2
2025-06-17 10:00:00,Direction du vent,Direction du vent,Deg,302.8
2025-06-17 10:00:00,Humidité relative,Humidité relative,%,19.2
2025-06-17 10:00:00,Rayonnement solaire,Rayonnement solaire,W/m²,952.4
2025-06-17 10:00:00,Température,Température,°c,31.5
2025-06-17 10:00:00,Vitesse du vent,Vitesse du vent,m/s,0.76
2025-06-17 09:00:00,Vitesse du vent,Vitesse du vent,m/s,1.04
2025-06-17 09:00:00,Point de Rosée,Point de Rosée,°c,7.1
2025-06-17 09:00:00,Humidité relative,Humidité relative,%,23.7
2025-06-17 09:00:00,Température,Température,°c,30.1
2025-06-17 09:00:00,Direction du vent,Direction du vent,Deg,83.8
2025-06-17 09:00:00,Rayonnement solaire,Rayonnement solaire,W/m²,952.4
2025-06-17 07:00:00,Humidité relative,Humidité relative,%,40.4
2025-06-17 07:00:00,Point de Rosée,Point de Rosée,°c,8.2
2025-06-17 07:00:00,Température,Température,°c,22.3
2025-06-17 07:00:00,Direction du vent,Direction du vent,Deg,86.8
2025-06-17 07:00:00,Vitesse du vent,Vitesse du vent,m/s,0.44
2025-06-17 07:00:00,Rayonnement solaire,Rayonnement solaire,W/m²,952.7
2025-06-17 06:00:00,Vitesse du vent,Vitesse du vent,m/s,1.49
2025-06-17 06:00:00,Point de Rosée,Point de Rosée,°c,6.8
2025-06-17 06:00:00,Humidité relative,Humidité relative,%,48.6
2025-06-17 06:00:00,Température,Température,°c,17.8
2025-06-17 06:00:00,Direction du vent,Direction du vent,Deg,140.5
2025-06-17 06:00:00,Rayonnement solaire,Rayonnement solaire,W/m²,952.6
2025-06-17 05:00:00,Vitesse du vent,Vitesse du vent,m/s,0.35
2025-06-17 05:00:00,Direction du vent,Direction du vent,Deg,74.5
2025-06-17 05:00:00,Rayonnement solaire,Rayonnement solaire,W/m²,952.4
2025-06-17 05:00:00,Humidité relative,Humidité relative,%,46.2
2025-06-17 05:00:00,Point de Rosée,Point de Rosée,°c,6.3
2025-06-17 05:00:00,Température,Température,°c,18.1
2025-06-17 04:00:00,Humidité relative,Humidité relative,%,43.9
2025-06-17 04:00:00,Rayonnement solaire,Rayonnement solaire,W/m²,952.2
2025-06-17 04:00:00,Vitesse du vent,Vitesse du vent,m/s,0.43
2025-06-17 04:00:00,Direction du vent,Direction du vent,Deg,356.8
2025-06-17 04:00:00,Température,Température,°c,19.5
2025-06-17 04:00:00,Point de Rosée,Point de Rosée,°c,6.9
2025-06-17 03:00:00,Rayonnement solaire,Rayonnement solaire,W/m²,952.4
2025-06-17 03:00:00,Vitesse du vent,Vitesse du vent,m/s,1.38
2025-06-17 03:00:00,Direction du vent,Direction du vent,Deg,81.5
2025-06-17 03:00:00,Température,Température,°c,20.3
2025-06-17 03:00:00,Humidité relative,Humidité relative,%,42.6
2025-06-17 03:00:00,Point de Rosée,Point de Rosée,°c,7.2
2025-06-17 02:00:00,Rayonnement solaire,Rayonnement solaire,W/m²,952.5
2025-06-17 02:00:00,Point de Rosée,Point de Rosée,°c,6.5
2025-06-17 02:00:00,Humidité relative,Humidité relative,%,39.1
2025-06-17 02:00:00,Température,Température,°c,21.0
2025-06-17 02:00:00,Direction du vent,Direction du vent,Deg,142.3
2025-06-17 02:00:00,Vitesse du vent,Vitesse du vent,m/s,1.07
2025-06-17 01:00:00,Température,Température,°c,22.2
2025-06-17 01:00:00,Vitesse du vent,Vitesse du vent,m/s,1.45
2025-06-17 01:00:00,Point de Rosée,Point de Rosée,°c,6.9
2025-06-17 01:00:00,Direction du vent,Direction du vent,Deg,133.5
2025-06-17 01:00:00,Humidité relative,Humidité relative,%,37.2
2025-06-17 01:00:00,Rayonnement solaire,Rayonnement solaire,W/m²,952.6
2025-06-17 00:00:00,Rayonnement solaire,Rayonnement solaire,W/m²,952.9
2025-06-17 00:00:00,Point de Rosée,Point de Rosée,°c,6.9
2025-06-17 00:00:00,Humidité relative,Humidité relative,%,31.5
2025-06-17 00:00:00,Température,Température,°c,24.9
2025-06-17 00:00:00,Direction du vent,Direction du vent,Deg,132.1
2025-06-17 00:00:00,Vitesse du vent,Vitesse du vent,m/s,1.25
2025-06-16 23:00:00,Température,Température,°c,26.6
2025-06-16 23:00:00,Vitesse du vent,Vitesse du vent,m/s,0.7
2025-06-16 23:00:00,Point de Rosée,Point de Rosée,°c,6.5
2025-06-16 23:00:00,Direction du vent,Direction du vent,Deg,192.1
2025-06-16 23:00:00,Humidité relative,Humidité relative,%,27.9
2025-06-16 23:00:00,Rayonnement solaire,Rayonnement solaire,W/m²,952.9
2025-06-16 21:00:00,Direction du vent,Direction du vent,Deg,21.3
2025-06-16 21:00:00,Point de Rosée,Point de Rosée,°c,6.4
2025-06-16 21:00:00,Humidité relative,Humidité relative,%,23.5
2025-06-16 21:00:00,Température,Température,°c,29.4
2025-06-16 21:00:00,Vitesse du vent,Vitesse du vent,m/s,1.85
2025-06-16 21:00:00,Rayonnement solaire,Rayonnement solaire,W/m²,951.9
2025-06-16 19:00:00,Rayonnement solaire,Rayonnement solaire,W/m²,950.8
2025-06-16 19:00:00,Humidité relative,Humidité relative,%,17.6
2025-06-16 19:00:00,Température,Température,°c,34.5
2025-06-16 19:00:00,Point de Rosée,Point de Rosée,°c,6.4
2025-06-16 19:00:00,Direction du vent,Direction du vent,Deg,28.8
2025-06-16 19:00:00,Vitesse du vent,Vitesse du vent,m/s,3.63
2025-06-16 17:00:00,Rayonnement solaire,Rayonnement solaire,W/m²,950.6
2025-06-16 17:00:00,Point de Rosée,Point de Rosée,°c,4.9
2025-06-16 17:00:00,Humidité relative,Humidité relative,%,14.4
2025-06-16 17:00:00,Température,Température,°c,36.2
2025-06-16 17:00:00,Direction du vent,Direction du vent,Deg,67.4
2025-06-16 17:00:00,Vitesse du vent,Vitesse du vent,m/s,2.39
2025-06-16 16:00:00,Humidité relative,Humidité relative,%,13.7
2025-06-16 16:00:00,Direction du vent,Direction du vent,Deg,48.8
2025-06-16 16:00:00,Point de Rosée,Point de Rosée,°c,4.6
2025-06-16 16:00:00,Rayonnement solaire,Rayonnement solaire,W/m²,951.0
2025-06-16 16:00:00,Température,Température,°c,36.8
2025-06-16 16:00:00,Vitesse du vent,Vitesse du vent,m/s,3.56
2025-06-16 15:00:00,Rayonnement solaire,Rayonnement solaire,W/m²,951.4
2025-06-16 15:00:00,Direction du vent,Direction du vent,Deg,38.5
2025-06-16 15:00:00,Point de Rosée,Point de Rosée,°c,5.0
2025-06-16 15:00:00,Vitesse du vent,Vitesse du vent,m/s,3.59
2025-06-16 15:00:00,Humidité relative,Humidité relative,%,14.1
2025-06-16 15:00:00,Température,Température,°c,36.8
2025-06-16 13:00:00,Direction du vent,Direction du vent,Deg,254.0
2025-06-16 13:00:00,Point de Rosée,Point de Rosée,°c,4.5
2025-06-16 13:00:00,Humidité relative,Humidité relative,%,15.1
2025-06-16 13:00:00,Température,Température,°c,34.9
2025-06-16 13:00:00,Vitesse du vent,Vitesse du vent,m/s,1.61
2025-06-16 13:00:00,Rayonnement solaire,Rayonnement solaire,W/m²,952.2
2025-06-16 12:00:00,Point de Rosée,Point de Rosée,°c,4.4
2025-06-16 12:00:00,Humidité relative,Humidité relative,%,15.2
2025-06-16 12:00:00,Température,Température,°c,34.6
2025-06-16 12:00:00,Direction du vent,Direction du vent,Deg,15.7
2025-06-16 12:00:00,Vitesse du vent,Vitesse du vent,m/s,3.83
2025-06-16 12:00:00,Rayonnement solaire,Rayonnement solaire,W/m²,952.6
2025-06-16 11:00:00,Vitesse du vent,Vitesse du vent,m/s,1.61
2025-06-16 11:00:00,Point de Rosée,Point de Rosée,°c,6.1
2025-06-16 11:00:00,Direction du vent,Direction du vent,Deg,263.7
2025-06-16 11:00:00,Humidité relative,Humidité relative,%,18.6
2025-06-16 11:00:00,Rayonnement solaire,Rayonnement solaire,W/m²,953.1
2025-06-16 11:00:00,Température,Température,°c,33.1
2025-06-16 09:00:00,Point de Rosée,Point de Rosée,°c,8.5
2025-06-16 09:00:00,Humidité relative,Humidité relative,%,28.3
2025-06-16 09:00:00,Température,Température,°c,28.6
2025-06-16 09:00:00,Direction du vent,Direction du vent,Deg,320.7
2025-06-16 09:00:00,Vitesse du vent,Vitesse du vent,m/s,1.77
2025-06-16 09:00:00,Rayonnement solaire,Rayonnement solaire,W/m²,953.7
2025-06-16 08:00:00,Point de Rosée,Point de Rosée,°c,8.5
2025-06-16 08:00:00,Vitesse du vent,Vitesse du vent,m/s,0.55
2025-06-16 08:00:00,Humidité relative,Humidité relative,%,35.0
2025-06-16 08:00:00,Température,Température,°c,25.0
2025-06-16 08:00:00,Rayonnement solaire,Rayonnement solaire,W/m²,953.6
2025-06-16 08:00:00,Direction du vent,Direction du vent,Deg,224.4
2025-06-16 07:00:00,Point de Rosée,Point de Rosée,°c,8.0
2025-06-16 07:00:00,Rayonnement solaire,Rayonnement solaire,W/m²,953.5
2025-06-16 07:00:00,Vitesse du vent,Vitesse du vent,m/s,1.55
2025-06-16 07:00:00,Direction du vent,Direction du vent,Deg,154.3
2025-06-16 07:00:00,Température,Température,°c,21.0
2025-06-16 07:00:00,Humidité relative,Humidité relative,%,43.4
2025-06-16 06:00:00,Point de Rosée,Point de Rosée,°c,6.0
2025-06-16 06:00:00,Humidité relative,Humidité relative,%,46.9
2025-06-16 06:00:00,Température,Température,°c,17.4
2025-06-16 06:00:00,Direction du vent,Direction du vent,Deg,132.5
2025-06-16 06:00:00,Vitesse du vent,Vitesse du vent,m/s,0.99
2025-06-16 06:00:00,Rayonnement solaire,Rayonnement solaire,W/m²,953.2
2025-06-16 05:00:00,Température,Température,°c,16.6
2025-06-16 05:00:00,Direction du vent,Direction du vent,Deg,115.0
2025-06-16 05:00:00,Vitesse du vent,Vitesse du vent,m/s,1.1
2025-06-16 05:00:00,Rayonnement solaire,Rayonnement solaire,W/m²,953.0
2025-06-16 05:00:00,Point de Rosée,Point de Rosée,°c,6.2
2025-06-16 05:00:00,Humidité relative,Humidité relative,%,50.4
2025-06-16 03:00:00,Humidité relative,Humidité relative,%,44.4
2025-06-16 03:00:00,Température,Température,°c,18.4
2025-06-16 03:00:00,Rayonnement solaire,Rayonnement solaire,W/m²,952.9
2025-06-16 03:00:00,Direction du vent,Direction du vent,Deg,134.3
2025-06-16 03:00:00,Point de Rosée,Point de Rosée,°c,6.0
2025-06-16 03:00:00,Vitesse du vent,Vitesse du vent,m/s,2.03
2025-06-16 02:00:00,Température,Température,°c,19.6
2025-06-16 02:00:00,Humidité relative,Humidité relative,%,40.6
2025-06-16 02:00:00,Point de Rosée,Point de Rosée,°c,5.9
2025-06-16 02:00:00,Direction du vent,Direction du vent,Deg,118.7
2025-06-16 02:00:00,Vitesse du vent,Vitesse du vent,m/s,1.71
2025-06-16 02:00:00,Rayonnement solaire,Rayonnement solaire,W/m²,952.8
2025-06-16 01:00:00,Vitesse du vent,Vitesse du vent,m/s,1.29
2025-06-16 01:00:00,Direction du vent,Direction du vent,Deg,127.8
2025-06-16 01:00:00,Rayonnement solaire,Rayonnement solaire,W/m²,953.0
2025-06-16 01:00:00,Point de Rosée,Point de Rosée,°c,5.8
2025-06-16 01:00:00,Température,Température,°c,21.2
2025-06-16 01:00:00,Humidité relative,Humidité relative,%,36.7
2025-06-16 00:00:00,Vitesse du vent,Vitesse du vent,m/s,1.03
2025-06-16 00:00:00,Point de Rosée,Point de Rosée,°c,5.9
2025-06-16 00:00:00,Humidité relative,Humidité relative,%,34.5
2025-06-16 00:00:00,Température,Température,°c,22.3
2025-06-16 00:00:00,Direction du vent,Direction du vent,Deg,117.2
2025-06-16 00:00:00,Rayonnement solaire,Rayonnement solaire,W/m²,953.1
2025-06-15 23:00:00,Température,Température,°c,25.1
2025-06-15 23:00:00,Rayonnement solaire,Rayonnement solaire,W/m²,952.8
2025-06-15 23:00:00,Vitesse du vent,Vitesse du vent,m/s,2.16
2025-06-15 23:00:00,Direction du vent,Direction du vent,Deg,169.0
2025-06-15 23:00:00,Humidité relative,Humidité relative,%,28.1
2025-06-15 23:00:00,Point de Rosée,Point de Rosée,°c,5.4
2025-06-15 22:00:00,Vitesse du vent,Vitesse du vent,m/s,0.72
2025-06-15 22:00:00,Point de Rosée,Point de Rosée,°c,5.1
2025-06-15 22:00:00,Rayonnement solaire,Rayonnement solaire,W/m²,952.4
2025-06-15 22:00:00,Humidité relative,Humidité relative,%,26.2
2025-06-15 22:00:00,Direction du vent,Direction du vent,Deg,225.2
2025-06-15 22:00:00,Température,Température,°c,26.0
2025-06-15 21:00:00,Rayonnement solaire,Rayonnement solaire,W/m²,951.9
2025-06-15 21:00:00,Vitesse du vent,Vitesse du vent,m/s,0.82
2025-06-15 21:00:00,Direction du vent,Direction du vent,Deg,121.7
2025-06-15 21:00:00,Température,Température,°c,26.8
2025-06-15 21:00:00,Point de Rosée,Point de Rosée,°c,4.9
2025-06-15 21:00:00,Humidité relative,Humidité relative,%,24.5
2025-06-15 19:00:00,Rayonnement solaire,Rayonnement solaire,W/m²,950.7
2025-06-15 19:00:00,Vitesse du vent,Vitesse du vent,m/s,4.01
2025-06-15 19:00:00,Direction du vent,Direction du vent,Deg,138.4
2025-06-15 19:00:00,Température,Température,°c,33.4
2025-06-15 19:00:00,Humidité relative,Humidité relative,%,16.3
2025-06-15 19:00:00,Point de Rosée,Point de Rosée,°c,4.4
2025-06-15 17:00:00,Rayonnement solaire,Rayonnement solaire,W/m²,950.1
2025-06-15 17:00:00,Vitesse du vent,Vitesse du vent,m/s,1.27
2025-06-15 17:00:00,Direction du vent,Direction du vent,Deg,308.7
2025-06-15 17:00:00,Température,Température,°c,35.5
2025-06-15 17:00:00,Humidité relative,Humidité relative,%,13.9
2025-06-15 17:00:00,Point de Rosée,Point de Rosée,°c,3.8
2025-06-15 16:00:00,Direction du vent,Direction du vent,Deg,129.9
2025-06-15 16:00:00,Humidité relative,Humidité relative,%,13.5
2025-06-15 16:00:00,Vitesse du vent,Vitesse du vent,m/s,1.43
2025-06-15 16:00:00,Rayonnement solaire,Rayonnement solaire,W/m²,950.6
2025-06-15 16:00:00,Point de Rosée,Point de Rosée,°c,3.2
2025-06-15 16:00:00,Température,Température,°c,35.2
2025-06-15 15:00:00,Température,Température,°c,35.5
2025-06-15 15:00:00,Point de Rosée,Point de Rosée,°c,3.3
2025-06-15 15:00:00,Humidité relative,Humidité relative,%,13.4
2025-06-15 15:00:00,Rayonnement solaire,Rayonnement solaire,W/m²,951.0
2025-06-15 15:00:00,Vitesse du vent,Vitesse du vent,m/s,2.54
2025-06-15 15:00:00,Direction du vent,Direction du vent,Deg,117.3
2025-06-15 14:00:00,Humidité relative,Humidité relative,%,14.3
2025-06-15 14:00:00,Rayonnement solaire,Rayonnement solaire,W/m²,951.6
2025-06-15 14:00:00,Température,Température,°c,35.3
2025-06-15 14:00:00,Direction du vent,Direction du vent,Deg,60.2
2025-06-15 14:00:00,Point de Rosée,Point de Rosée,°c,4.0
2025-06-15 14:00:00,Vitesse du vent,Vitesse du vent,m/s,4.95
2025-06-15 13:00:00,Point de Rosée,Point de Rosée,°c,2.0
2025-06-15 13:00:00,Humidité relative,Humidité relative,%,13.4
2025-06-15 13:00:00,Vitesse du vent,Vitesse du vent,m/s,2.62
2025-06-15 13:00:00,Direction du vent,Direction du vent,Deg,20.4
2025-06-15 13:00:00,Rayonnement solaire,Rayonnement solaire,W/m²,952.0
2025-06-15 13:00:00,Température,Température,°c,33.9
2025-06-15 11:00:00,Vitesse du vent,Vitesse du vent,m/s,1.55
2025-06-15 11:00:00,Rayonnement solaire,Rayonnement solaire,W/m²,953.0
2025-06-15 11:00:00,Direction du vent,Direction du vent,Deg,112.7
2025-06-15 11:00:00,Température,Température,°c,32.0
2025-06-15 11:00:00,Humidité relative,Humidité relative,%,19.6
2025-06-15 11:00:00,Point de Rosée,Point de Rosée,°c,6.0
2025-06-15 10:00:00,Humidité relative,Humidité relative,%,23.2
2025-06-15 10:00:00,Direction du vent,Direction du vent,Deg,131.2
2025-06-15 10:00:00,Point de Rosée,Point de Rosée,°c,7.4
2025-06-15 10:00:00,Vitesse du vent,Vitesse du vent,m/s,0.86
2025-06-15 10:00:00,Température,Température,°c,30.8
2025-06-15 10:00:00,Rayonnement solaire,Rayonnement solaire,W/m²,953.2
2025-06-15 09:00:00,Température,Température,°c,28.8
2025-06-15 09:00:00,Point de Rosée,Point de Rosée,°c,9.0
2025-06-15 09:00:00,Humidité relative,Humidité relative,%,29.1
2025-06-15 09:00:00,Rayonnement solaire,Rayonnement solaire,W/m²,953.4
2025-06-15 09:00:00,Direction du vent,Direction du vent,Deg,187.4
2025-06-15 09:00:00,Vitesse du vent,Vitesse du vent,m/s,1.42
2025-06-15 08:00:00,Humidité relative,Humidité relative,%,34.0
2025-06-15 08:00:00,Point de Rosée,Point de Rosée,°c,8.8
2025-06-15 08:00:00,Température,Température,°c,25.8
2025-06-15 08:00:00,Direction du vent,Direction du vent,Deg,130.9
2025-06-15 08:00:00,Vitesse du vent,Vitesse du vent,m/s,2.41
2025-06-15 08:00:00,Rayonnement solaire,Rayonnement solaire,W/m²,953.7
2025-06-15 07:00:00,Vitesse du vent,Vitesse du vent,m/s,2.14
2025-06-15 07:00:00,Rayonnement solaire,Rayonnement solaire,W/m²,953.6
2025-06-15 07:00:00,Point de Rosée,Point de Rosée,°c,9.4
2025-06-15 07:00:00,Direction du vent,Direction du vent,Deg,119.9
2025-06-15 07:00:00,Humidité relative,Humidité relative,%,48.3
2025-06-15 07:00:00,Température,Température,°c,20.7
2025-06-15 06:00:00,Vitesse du vent,Vitesse du vent,m/s,1.89
2025-06-15 06:00:00,Point de Rosée,Point de Rosée,°c,9.1
2025-06-15 06:00:00,Température,Température,°c,16.9
2025-06-15 06:00:00,Humidité relative,Humidité relative,%,60.3
2025-06-15 06:00:00,Direction du vent,Direction du vent,Deg,117.7
2025-06-15 06:00:00,Rayonnement solaire,Rayonnement solaire,W/m²,953.3
2025-06-15 05:00:00,Point de Rosée,Point de Rosée,°c,8.7
2025-06-15 05:00:00,Humidité relative,Humidité relative,%,60.9
2025-06-15 05:00:00,Température,Température,°c,16.3
2025-06-15 05:00:00,Direction du vent,Direction du vent,Deg,121.6
2025-06-15 05:00:00,Vitesse du vent,Vitesse du vent,m/s,1.41
2025-06-15 05:00:00,Rayonnement solaire,Rayonnement solaire,W/m²,953.2
2025-06-15 03:00:00,Point de Rosée,Point de Rosée,°c,8.8
2025-06-15 03:00:00,Humidité relative,Humidité relative,%,52.2
2025-06-15 03:00:00,Température,Température,°c,18.8
2025-06-15 03:00:00,Direction du vent,Direction du vent,Deg,111.5
2025-06-15 03:00:00,Vitesse du vent,Vitesse du vent,m/s,0.48
2025-06-15 03:00:00,Rayonnement solaire,Rayonnement solaire,W/m²,953.0
2025-06-15 01:00:00,Point de Rosée,Point de Rosée,°c,10.4
2025-06-15 01:00:00,Humidité relative,Humidité relative,%,49.5
2025-06-15 01:00:00,Température,Température,°c,21.4
2025-06-15 01:00:00,Direction du vent,Direction du vent,Deg,182.7
2025-06-15 01:00:00,Vitesse du vent,Vitesse du vent,m/s,1.71
2025-06-15 01:00:00,Rayonnement solaire,Rayonnement solaire,W/m²,953.0
2025-06-14 23:00:00,Point de Rosée,Point de Rosée,°c,10.2
2025-06-14 23:00:00,Humidité relative,Humidité relative,%,38.1
2025-06-14 23:00:00,Température,Température,°c,25.6
2025-06-14 23:00:00,Direction du vent,Direction du vent,Deg,162.2
2025-06-14 23:00:00,Vitesse du vent,Vitesse du vent,m/s,2.0
2025-06-14 23:00:00,Rayonnement solaire,Rayonnement solaire,W/m²,952.9
2025-06-14 22:00:00,Point de Rosée,Point de Rosée,°c,10.1
2025-06-14 22:00:00,Rayonnement solaire,Rayonnement solaire,W/m²,952.7
2025-06-14 22:00:00,Vitesse du vent,Vitesse du vent,m/s,3.51
2025-06-14 22:00:00,Direction du vent,Direction du vent,Deg,126.8
2025-06-14 22:00:00,Température,Température,°c,27.1
2025-06-14 22:00:00,Humidité relative,Humidité relative,%,34.6
2025-06-14 21:00:00,Rayonnement solaire,Rayonnement solaire,W/m²,952.2
2025-06-14 21:00:00,Vitesse du vent,Vitesse du vent,m/s,3.63
2025-06-14 21:00:00,Direction du vent,Direction du vent,Deg,134.2
2025-06-14 21:00:00,Température,Température,°c,28.2
2025-06-14 21:00:00,Humidité relative,Humidité relative,%,24.9
2025-06-14 21:00:00,Point de Rosée,Point de Rosée,°c,6.2
2025-06-14 19:00:00,Rayonnement solaire,Rayonnement solaire,W/m²,950.7
2025-06-14 19:00:00,Point de Rosée,Point de Rosée,°c,3.9
2025-06-14 19:00:00,Humidité relative,Humidité relative,%,16.6
2025-06-14 19:00:00,Température,Température,°c,32.4
2025-06-14 19:00:00,Direction du vent,Direction du vent,Deg,133.7
2025-06-14 19:00:00,Vitesse du vent,Vitesse du vent,m/s,3.45
2025-06-14 18:00:00,Rayonnement solaire,Rayonnement solaire,W/m²,950.3
2025-06-14 18:00:00,Point de Rosée,Point de Rosée,°c,3.4
2025-06-14 18:00:00,Humidité relative,Humidité relative,%,15.0
2025-06-14 18:00:00,Température,Température,°c,33.6
2025-06-14 18:00:00,Direction du vent,Direction du vent,Deg,117.3
2025-06-14 18:00:00,Vitesse du vent,Vitesse du vent,m/s,1.8
2025-06-14 17:00:00,Température,Température,°c,34.2
2025-06-14 17:00:00,Vitesse du vent,Vitesse du vent,m/s,2.01
2025-06-14 17:00:00,Point de Rosée,Point de Rosée,°c,2.7
2025-06-14 17:00:00,Direction du vent,Direction du vent,Deg,70.8
2025-06-14 17:00:00,Humidité relative,Humidité relative,%,13.8
2025-06-14 17:00:00,Rayonnement solaire,Rayonnement solaire,W/m²,950.4
2025-06-14 16:00:00,Rayonnement solaire,Rayonnement solaire,W/m²,950.9
2025-06-14 16:00:00,Point de Rosée,Point de Rosée,°c,2.2
2025-06-14 16:00:00,Humidité relative,Humidité relative,%,12.7
2025-06-14 16:00:00,Température,Température,°c,35.1
2025-06-14 16:00:00,Direction du vent,Direction du vent,Deg,122.7
2025-06-14 16:00:00,Vitesse du vent,Vitesse du vent,m/s,1.35
2025-06-14 15:00:00,Température,Température,°c,34.1
2025-06-14 15:00:00,Vitesse du vent,Vitesse du vent,m/s,1.93
2025-06-14 15:00:00,Point de Rosée,Point de Rosée,°c,0.0
2025-06-14 15:00:00,Direction du vent,Direction du vent,Deg,154.7
2025-06-14 15:00:00,Humidité relative,Humidité relative,%,11.4
2025-06-14 15:00:00,Rayonnement solaire,Rayonnement solaire,W/m²,951.2
2025-06-14 14:00:00,Rayonnement solaire,Rayonnement solaire,W/m²,951.4
2025-06-14 14:00:00,Point de Rosée,Point de Rosée,°c,1.5
2025-06-14 14:00:00,Humidité relative,Humidité relative,%,12.9
2025-06-14 14:00:00,Température,Température,°c,33.9
2025-06-14 14:00:00,Direction du vent,Direction du vent,Deg,75.1
2025-06-14 14:00:00,Vitesse du vent,Vitesse du vent,m/s,5.53
2025-06-14 13:00:00,Rayonnement solaire,Rayonnement solaire,W/m²,951.9
2025-06-14 13:00:00,Température,Température,°c,33.3
2025-06-14 13:00:00,Vitesse du vent,Vitesse du vent,m/s,1.87
2025-06-14 13:00:00,Direction du vent,Direction du vent,Deg,190.8
2025-06-14 13:00:00,Point de Rosée,Point de Rosée,°c,0.7
2025-06-14 13:00:00,Humidité relative,Humidité relative,%,12.6
2025-06-14 12:00:00,Vitesse du vent,Vitesse du vent,m/s,2.0
2025-06-14 12:00:00,Température,Température,°c,32.6
2025-06-14 12:00:00,Rayonnement solaire,Rayonnement solaire,W/m²,952.4
2025-06-14 12:00:00,Direction du vent,Direction du vent,Deg,54.1
2025-06-14 12:00:00,Point de Rosée,Point de Rosée,°c,2.1
2025-06-14 12:00:00,Humidité relative,Humidité relative,%,14.5
2025-06-14 11:00:00,Rayonnement solaire,Rayonnement solaire,W/m²,952.7
2025-06-14 11:00:00,Température,Température,°c,31.8
2025-06-14 11:00:00,Direction du vent,Direction du vent,Deg,66.2
2025-06-14 11:00:00,Point de Rosée,Point de Rosée,°c,3.2
2025-06-14 11:00:00,Vitesse du vent,Vitesse du vent,m/s,1.62
2025-06-14 11:00:00,Humidité relative,Humidité relative,%,16.4
2025-06-14 10:00:00,Point de Rosée,Point de Rosée,°c,5.2
2025-06-14 10:00:00,Humidité relative,Humidité relative,%,19.9
2025-06-14 10:00:00,Température,Température,°c,30.8
2025-06-14 10:00:00,Direction du vent,Direction du vent,Deg,87.9
2025-06-14 10:00:00,Vitesse du vent,Vitesse du vent,m/s,1.86
2025-06-14 10:00:00,Rayonnement solaire,Rayonnement solaire,W/m²,953.0
2025-06-14 09:00:00,Vitesse du vent,Vitesse du vent,m/s,1.21
2025-06-14 09:00:00,Point de Rosée,Point de Rosée,°c,6.1
2025-06-14 09:00:00,Direction du vent,Direction du vent,Deg,130.8
2025-06-14 09:00:00,Humidité relative,Humidité relative,%,24.8
2025-06-14 09:00:00,Rayonnement solaire,Rayonnement solaire,W/m²,953.1
2025-06-14 09:00:00,Température,Température,°c,28.1
2025-06-14 08:00:00,Point de Rosée,Point de Rosée,°c,8.8
2025-06-14 08:00:00,Humidité relative,Humidité relative,%,35.7
2025-06-14 08:00:00,Température,Température,°c,25.0
2025-06-14 08:00:00,Direction du vent,Direction du vent,Deg,158.8
2025-06-14 08:00:00,Vitesse du vent,Vitesse du vent,m/s,2.25
2025-06-14 08:00:00,Rayonnement solaire,Rayonnement solaire,W/m²,953.5
2025-06-14 07:00:00,Point de Rosée,Point de Rosée,°c,9.0
2025-06-14 07:00:00,Direction du vent,Direction du vent,Deg,120.8
2025-06-14 07:00:00,Température,Température,°c,20.6
2025-06-14 07:00:00,Vitesse du vent,Vitesse du vent,m/s,1.31
2025-06-14 07:00:00,Humidité relative,Humidité relative,%,47.3
2025-06-14 07:00:00,Rayonnement solaire,Rayonnement solaire,W/m²,953.6
2025-06-14 06:00:00,Direction du vent,Direction du vent,Deg,106.9
2025-06-14 06:00:00,Point de Rosée,Point de Rosée,°c,8.5
2025-06-14 06:00:00,Humidité relative,Humidité relative,%,56.3
2025-06-14 06:00:00,Température,Température,°c,17.3
2025-06-14 06:00:00,Vitesse du vent,Vitesse du vent,m/s,1.35
2025-06-14 06:00:00,Rayonnement solaire,Rayonnement solaire,W/m²,953.4
2025-06-14 05:00:00,Point de Rosée,Point de Rosée,°c,8.4
2025-06-14 05:00:00,Direction du vent,Direction du vent,Deg,104.8
2025-06-14 05:00:00,Vitesse du vent,Vitesse du vent,m/s,1.19
2025-06-14 05:00:00,Rayonnement solaire,Rayonnement solaire,W/m²,953.0
2025-06-14 05:00:00,Humidité relative,Humidité relative,%,58.5
2025-06-14 05:00:00,Température,Température,°c,16.6
2025-06-13 23:00:00,Point de Rosée,Point de Rosée,°c,7.9
2025-06-13 23:00:00,Humidité relative,Humidité relative,%,37.2
2025-06-13 23:00:00,Vitesse du vent,Vitesse du vent,m/s,3.48
2025-06-13 23:00:00,Température,Température,°c,23.3
2025-06-13 23:00:00,Rayonnement solaire,Rayonnement solaire,W/m²,953.0
2025-06-13 23:00:00,Direction du vent,Direction du vent,Deg,184.5
2025-06-13 22:00:00,Direction du vent,Direction du vent,Deg,125.8
2025-06-13 22:00:00,Point de Rosée,Point de Rosée,°c,8.4
2025-06-13 22:00:00,Humidité relative,Humidité relative,%,32.2
2025-06-13 22:00:00,Température,Température,°c,26.3
2025-06-13 22:00:00,Vitesse du vent,Vitesse du vent,m/s,6.6
2025-06-13 22:00:00,Rayonnement solaire,Rayonnement solaire,W/m²,952.6
2025-06-13 21:00:00,Point de Rosée,Point de Rosée,°c,6.2
2025-06-13 21:00:00,Direction du vent,Direction du vent,Deg,152.5
2025-06-13 21:00:00,Humidité relative,Humidité relative,%,28.7
2025-06-13 21:00:00,Température,Température,°c,25.7
2025-06-13 21:00:00,Rayonnement solaire,Rayonnement solaire,W/m²,952.0
2025-06-13 21:00:00,Vitesse du vent,Vitesse du vent,m/s,0.78
2025-06-13 20:00:00,Point de Rosée,Point de Rosée,°c,5.1
2025-06-13 20:00:00,Vitesse du vent,Vitesse du vent,m/s,1.49
2025-06-13 20:00:00,Rayonnement solaire,Rayonnement solaire,W/m²,951.1
2025-06-13 20:00:00,Direction du vent,Direction du vent,Deg,139.9
2025-06-13 20:00:00,Humidité relative,Humidité relative,%,22.5
2025-06-13 20:00:00,Température,Température,°c,28.6
2025-06-13 19:00:00,Vitesse du vent,Vitesse du vent,m/s,3.49
2025-06-13 19:00:00,Point de Rosée,Point de Rosée,°c,3.9
2025-06-13 19:00:00,Humidité relative,Humidité relative,%,17.3
2025-06-13 19:00:00,Température,Température,°c,31.6
2025-06-13 19:00:00,Direction du vent,Direction du vent,Deg,109.5
2025-06-13 19:00:00,Rayonnement solaire,Rayonnement solaire,W/m²,950.8
2025-06-13 18:00:00,Rayonnement solaire,Rayonnement solaire,W/m²,950.3
2025-06-13 18:00:00,Humidité relative,Humidité relative,%,14.3
2025-06-13 18:00:00,Température,Température,°c,33.4
2025-06-13 18:00:00,Direction du vent,Direction du vent,Deg,97.4
2025-06-13 18:00:00,Vitesse du vent,Vitesse du vent,m/s,1.25
2025-06-13 18:00:00,Point de Rosée,Point de Rosée,°c,2.6
2025-06-13 17:00:00,Direction du vent,Direction du vent,Deg,87.8
2025-06-13 17:00:00,Point de Rosée,Point de Rosée,°c,2.4
2025-06-13 17:00:00,Vitesse du vent,Vitesse du vent,m/s,4.33
2025-06-13 17:00:00,Humidité relative,Humidité relative,%,13.5
2025-06-13 17:00:00,Rayonnement solaire,Rayonnement solaire,W/m²,950.3
2025-06-13 17:00:00,Température,Température,°c,34.2
2025-06-13 16:00:00,Humidité relative,Humidité relative,%,13.1
2025-06-13 16:00:00,Rayonnement solaire,Rayonnement solaire,W/m²,950.4
2025-06-13 16:00:00,Vitesse du vent,Vitesse du vent,m/s,3.79
2025-06-13 16:00:00,Direction du vent,Direction du vent,Deg,98.8
2025-06-13 16:00:00,Température,Température,°c,34.7
2025-06-13 16:00:00,Point de Rosée,Point de Rosée,°c,2.3
2025-06-13 15:00:00,Rayonnement solaire,Rayonnement solaire,W/m²,950.6
2025-06-13 15:00:00,Point de Rosée,Point de Rosée,°c,2.2
2025-06-13 15:00:00,Humidité relative,Humidité relative,%,13.6
2025-06-13 15:00:00,Température,Température,°c,33.8
2025-06-13 15:00:00,Direction du vent,Direction du vent,Deg,341.2
2025-06-13 15:00:00,Vitesse du vent,Vitesse du vent,m/s,2.58
2025-06-13 14:00:00,Rayonnement solaire,Rayonnement solaire,W/m²,950.7
2025-06-13 14:00:00,Point de Rosée,Point de Rosée,°c,3.0
2025-06-13 14:00:00,Humidité relative,Humidité relative,%,14.3
2025-06-13 14:00:00,Température,Température,°c,33.9
2025-06-13 14:00:00,Direction du vent,Direction du vent,Deg,67.7
2025-06-13 14:00:00,Vitesse du vent,Vitesse du vent,m/s,2.1
2025-06-13 13:00:00,Température,Température,°c,32.8
2025-06-13 13:00:00,Vitesse du vent,Vitesse du vent,m/s,2.61
2025-06-13 13:00:00,Point de Rosée,Point de Rosée,°c,3.6
2025-06-13 13:00:00,Direction du vent,Direction du vent,Deg,131.3
2025-06-13 13:00:00,Humidité relative,Humidité relative,%,15.9
2025-06-13 13:00:00,Rayonnement solaire,Rayonnement solaire,W/m²,951.0
2025-06-13 12:00:00,Humidité relative,Humidité relative,%,15.6
2025-06-13 12:00:00,Point de Rosée,Point de Rosée,°c,2.7
2025-06-13 12:00:00,Température,Température,°c,32.0
2025-06-13 12:00:00,Direction du vent,Direction du vent,Deg,54.7
2025-06-13 12:00:00,Vitesse du vent,Vitesse du vent,m/s,2.91
2025-06-13 12:00:00,Rayonnement solaire,Rayonnement solaire,W/m²,951.5
2025-06-13 11:00:00,Rayonnement solaire,Rayonnement solaire,W/m²,951.6
2025-06-13 11:00:00,Humidité relative,Humidité relative,%,17.6
2025-06-13 11:00:00,Point de Rosée,Point de Rosée,°c,3.4
2025-06-13 11:00:00,Température,Température,°c,30.8
2025-06-13 11:00:00,Vitesse du vent,Vitesse du vent,m/s,1.22
2025-06-13 11:00:00,Direction du vent,Direction du vent,Deg,10.5
2025-06-13 10:00:00,Humidité relative,Humidité relative,%,19.5
2025-06-13 10:00:00,Vitesse du vent,Vitesse du vent,m/s,0.56
2025-06-13 10:00:00,Rayonnement solaire,Rayonnement solaire,W/m²,951.6
2025-06-13 10:00:00,Point de Rosée,Point de Rosée,°c,4.6
2025-06-13 10:00:00,Température,Température,°c,30.4
2025-06-13 10:00:00,Direction du vent,Direction du vent,Deg,280.1
2025-06-13 09:00:00,Température,Température,°c,27.8
2025-06-13 09:00:00,Direction du vent,Direction du vent,Deg,70.9
2025-06-13 09:00:00,Point de Rosée,Point de Rosée,°c,9.4
2025-06-13 09:00:00,Rayonnement solaire,Rayonnement solaire,W/m²,951.8
2025-06-13 09:00:00,Humidité relative,Humidité relative,%,31.7
2025-06-13 09:00:00,Vitesse du vent,Vitesse du vent,m/s,1.24
2025-06-13 08:00:00,Vitesse du vent,Vitesse du vent,m/s,2.51
2025-06-13 08:00:00,Point de Rosée,Point de Rosée,°c,10.4
2025-06-13 08:00:00,Humidité relative,Humidité relative,%,41.3
2025-06-13 08:00:00,Température,Température,°c,24.4
2025-06-13 08:00:00,Direction du vent,Direction du vent,Deg,181.6
2025-06-13 08:00:00,Rayonnement solaire,Rayonnement solaire,W/m²,951.8
2025-06-13 07:00:00,Rayonnement solaire,Rayonnement solaire,W/m²,951.6
2025-06-13 07:00:00,Humidité relative,Humidité relative,%,54.5
2025-06-13 07:00:00,Direction du vent,Direction du vent,Deg,141.0
2025-06-13 07:00:00,Point de Rosée,Point de Rosée,°c,11.0
2025-06-13 07:00:00,Vitesse du vent,Vitesse du vent,m/s,2.37
2025-06-13 07:00:00,Température,Température,°c,20.5
2025-06-13 06:00:00,Rayonnement solaire,Rayonnement solaire,W/m²,951.2
2025-06-13 06:00:00,Point de Rosée,Point de Rosée,°c,9.9
2025-06-13 06:00:00,Humidité relative,Humidité relative,%,64.7
2025-06-13 06:00:00,Température,Température,°c,16.6
2025-06-13 06:00:00,Direction du vent,Direction du vent,Deg,102.1
2025-06-13 06:00:00,Vitesse du vent,Vitesse du vent,m/s,1.1
2025-06-13 05:00:00,Température,Température,°c,16.9
2025-06-13 05:00:00,Vitesse du vent,Vitesse du vent,m/s,2.13
2025-06-13 05:00:00,Point de Rosée,Point de Rosée,°c,9.9
2025-06-13 05:00:00,Direction du vent,Direction du vent,Deg,118.7
2025-06-13 05:00:00,Humidité relative,Humidité relative,%,63.5
2025-06-13 05:00:00,Rayonnement solaire,Rayonnement solaire,W/m²,950.9
2025-06-12 15:00:00,Vitesse du vent,Vitesse du vent,m/s,2.06
2025-06-12 15:00:00,Point de Rosée,Point de Rosée,°c,4.8
2025-06-12 15:00:00,Humidité relative,Humidité relative,%,15.7
2025-06-12 15:00:00,Température,Température,°c,34.5
2025-06-12 15:00:00,Direction du vent,Direction du vent,Deg,76.9
2025-06-12 15:00:00,Rayonnement solaire,Rayonnement solaire,W/m²,947.8
2025-06-12 14:00:00,Vitesse du vent,Vitesse du vent,m/s,1.52
2025-06-12 14:00:00,Point de Rosée,Point de Rosée,°c,6.7
2025-06-12 14:00:00,Humidité relative,Humidité relative,%,18.9
2025-06-12 14:00:00,Température,Température,°c,33.6
2025-06-12 14:00:00,Direction du vent,Direction du vent,Deg,47.9
2025-06-12 14:00:00,Rayonnement solaire,Rayonnement solaire,W/m²,948.1
2025-06-12 13:00:00,Rayonnement solaire,Rayonnement solaire,W/m²,948.3
2025-06-12 13:00:00,Humidité relative,Humidité relative,%,15.2
2025-06-12 13:00:00,Direction du vent,Direction du vent,Deg,304.3
2025-06-12 13:00:00,Point de Rosée,Point de Rosée,°c,3.8
2025-06-12 13:00:00,Vitesse du vent,Vitesse du vent,m/s,2.9
2025-06-12 13:00:00,Température,Température,°c,33.8
2025-06-12 11:00:00,Rayonnement solaire,Rayonnement solaire,W/m²,949.0
2025-06-12 11:00:00,Point de Rosée,Point de Rosée,°c,10.0
2025-06-12 11:00:00,Humidité relative,Humidité relative,%,28.1
2025-06-12 11:00:00,Température,Température,°c,30.6
2025-06-12 11:00:00,Direction du vent,Direction du vent,Deg,179.9
2025-06-12 11:00:00,Vitesse du vent,Vitesse du vent,m/s,1.44
2025-06-12 10:00:00,Humidité relative,Humidité relative,%,34.4
2025-06-12 10:00:00,Direction du vent,Direction du vent,Deg,160.5
2025-06-12 10:00:00,Rayonnement solaire,Rayonnement solaire,W/m²,949.2
2025-06-12 10:00:00,Point de Rosée,Point de Rosée,°c,10.8
2025-06-12 10:00:00,Température,Température,°c,27.9
2025-06-12 10:00:00,Vitesse du vent,Vitesse du vent,m/s,1.43
2025-06-12 09:00:00,Direction du vent,Direction du vent,Deg,176.6
2025-06-12 09:00:00,Point de Rosée,Point de Rosée,°c,12.2
2025-06-12 09:00:00,Humidité relative,Humidité relative,%,43.9
2025-06-12 09:00:00,Température,Température,°c,25.4
2025-06-12 09:00:00,Rayonnement solaire,Rayonnement solaire,W/m²,949.3
2025-06-12 09:00:00,Vitesse du vent,Vitesse du vent,m/s,0.89
2025-06-12 08:00:00,Vitesse du vent,Vitesse du vent,m/s,0.51
2025-06-12 08:00:00,Point de Rosée,Point de Rosée,°c,11.6
2025-06-12 08:00:00,Humidité relative,Humidité relative,%,48.3
2025-06-12 08:00:00,Température,Température,°c,23.1
2025-06-12 08:00:00,Direction du vent,Direction du vent,Deg,240.4
2025-06-12 08:00:00,Rayonnement solaire,Rayonnement solaire,W/m²,949.5
2025-06-12 07:00:00,Rayonnement solaire,Rayonnement solaire,W/m²,949.3
2025-06-12 07:00:00,Direction du vent,Direction du vent,Deg,123.5
2025-06-12 07:00:00,Température,Température,°c,18.7
2025-06-12 07:00:00,Humidité relative,Humidité relative,%,61.2
2025-06-12 07:00:00,Vitesse du vent,Vitesse du vent,m/s,1.51
2025-06-12 07:00:00,Point de Rosée,Point de Rosée,°c,11.0
2025-06-12 06:00:00,Vitesse du vent,Vitesse du vent,m/s,0.47
2025-06-12 06:00:00,Point de Rosée,Point de Rosée,°c,9.8
2025-06-12 06:00:00,Humidité relative,Humidité relative,%,70.9
2025-06-12 06:00:00,Température,Température,°c,15.0
2025-06-12 06:00:00,Direction du vent,Direction du vent,Deg,98.1
2025-06-12 06:00:00,Rayonnement solaire,Rayonnement solaire,W/m²,949.3
2025-06-12 05:00:00,Température,Température,°c,14.8
2025-06-12 05:00:00,Direction du vent,Direction du vent,Deg,53.3
2025-06-12 05:00:00,Vitesse du vent,Vitesse du vent,m/s,2.26
2025-06-12 05:00:00,Point de Rosée,Point de Rosée,°c,9.9
2025-06-12 05:00:00,Humidité relative,Humidité relative,%,72.6
2025-06-12 05:00:00,Rayonnement solaire,Rayonnement solaire,W/m²,948.9
2025-06-11 09:00:00,Point de Rosée,Point de Rosée,°c,7.5
2025-06-11 09:00:00,Humidité relative,Humidité relative,%,30.5
2025-06-11 09:00:00,Température,Température,°c,26.2
2025-06-11 09:00:00,Direction du vent,Direction du vent,Deg,340.0
2025-06-11 09:00:00,Vitesse du vent,Vitesse du vent,m/s,2.31
2025-06-11 09:00:00,Rayonnement solaire,Rayonnement solaire,W/m²,950.1
2025-06-11 08:00:00,Point de Rosée,Point de Rosée,°c,6.4
2025-06-11 08:00:00,Température,Température,°c,23.4
2025-06-11 08:00:00,Rayonnement solaire,Rayonnement solaire,W/m²,950.4
2025-06-11 08:00:00,Direction du vent,Direction du vent,Deg,113.5
2025-06-11 08:00:00,Humidité relative,Humidité relative,%,33.4
2025-06-11 08:00:00,Vitesse du vent,Vitesse du vent,m/s,0.87
2025-06-11 07:00:00,Vitesse du vent,Vitesse du vent,m/s,1.32
2025-06-11 07:00:00,Point de Rosée,Point de Rosée,°c,6.6
2025-06-11 07:00:00,Humidité relative,Humidité relative,%,45.4
2025-06-11 07:00:00,Température,Température,°c,18.6
2025-06-11 07:00:00,Direction du vent,Direction du vent,Deg,133.4
2025-06-11 07:00:00,Rayonnement solaire,Rayonnement solaire,W/m²,950.4
2025-06-11 06:00:00,Direction du vent,Direction du vent,Deg,129.7
2025-06-11 06:00:00,Température,Température,°c,14.3
2025-06-11 06:00:00,Vitesse du vent,Vitesse du vent,m/s,1.23
2025-06-11 06:00:00,Point de Rosée,Point de Rosée,°c,5.5
2025-06-11 06:00:00,Rayonnement solaire,Rayonnement solaire,W/m²,950.4
2025-06-11 06:00:00,Humidité relative,Humidité relative,%,55.6
2025-06-11 05:00:00,Vitesse du vent,Vitesse du vent,m/s,0.75
2025-06-11 05:00:00,Point de Rosée,Point de Rosée,°c,5.2
2025-06-11 05:00:00,Humidité relative,Humidité relative,%,59.8
2025-06-11 05:00:00,Température,Température,°c,12.9
2025-06-11 05:00:00,Direction du vent,Direction du vent,Deg,106.2
2025-06-11 05:00:00,Rayonnement solaire,Rayonnement solaire,W/m²,950.4
2025-06-11 04:00:00,Point de Rosée,Point de Rosée,°c,4.6
2025-06-11 04:00:00,Direction du vent,Direction du vent,Deg,128.5
2025-06-11 04:00:00,Humidité relative,Humidité relative,%,55.7
2025-06-11 04:00:00,Rayonnement solaire,Rayonnement solaire,W/m²,950.6
2025-06-11 04:00:00,Température,Température,°c,13.3
2025-06-11 04:00:00,Vitesse du vent,Vitesse du vent,m/s,1.07
2025-06-11 03:00:00,Vitesse du vent,Vitesse du vent,m/s,1.03
2025-06-11 03:00:00,Point de Rosée,Point de Rosée,°c,4.8
2025-06-11 03:00:00,Humidité relative,Humidité relative,%,49.9
2025-06-11 03:00:00,Température,Température,°c,15.2
2025-06-11 03:00:00,Direction du vent,Direction du vent,Deg,107.5
2025-06-11 03:00:00,Rayonnement solaire,Rayonnement solaire,W/m²,950.8
2025-06-11 02:00:00,Température,Température,°c,15.8
2025-06-11 02:00:00,Point de Rosée,Point de Rosée,°c,5.0
2025-06-11 02:00:00,Humidité relative,Humidité relative,%,48.8
2025-06-11 02:00:00,Direction du vent,Direction du vent,Deg,135.8
2025-06-11 02:00:00,Vitesse du vent,Vitesse du vent,m/s,1.29
2025-06-11 02:00:00,Rayonnement solaire,Rayonnement solaire,W/m²,951.2
2025-06-11 01:00:00,Vitesse du vent,Vitesse du vent,m/s,0.6
2025-06-11 01:00:00,Humidité relative,Humidité relative,%,43.9
2025-06-11 01:00:00,Direction du vent,Direction du vent,Deg,131.8
2025-06-11 01:00:00,Point de Rosée,Point de Rosée,°c,4.4
2025-06-11 01:00:00,Rayonnement solaire,Rayonnement solaire,W/m²,951.5
2025-06-11 01:00:00,Température,Température,°c,16.8
2025-06-10 23:00:00,Direction du vent,Direction du vent,Deg,134.4
2025-06-10 23:00:00,Point de Rosée,Point de Rosée,°c,4.6
2025-06-10 23:00:00,Humidité relative,Humidité relative,%,34.7
2025-06-10 23:00:00,Température,Température,°c,20.7
2025-06-10 23:00:00,Vitesse du vent,Vitesse du vent,m/s,0.82
2025-06-10 23:00:00,Rayonnement solaire,Rayonnement solaire,W/m²,952.6
2025-06-10 21:00:00,Point de Rosée,Point de Rosée,°c,3.9
2025-06-10 21:00:00,Humidité relative,Humidité relative,%,26.0
2025-06-10 21:00:00,Température,Température,°c,24.7
2025-06-10 21:00:00,Direction du vent,Direction du vent,Deg,346.9
2025-06-10 21:00:00,Vitesse du vent,Vitesse du vent,m/s,2.25
2025-06-10 21:00:00,Rayonnement solaire,Rayonnement solaire,W/m²,951.7
2025-06-10 20:00:00,Point de Rosée,Point de Rosée,°c,6.0
2025-06-10 20:00:00,Direction du vent,Direction du vent,Deg,14.3
2025-06-10 20:00:00,Humidité relative,Humidité relative,%,26.5
2025-06-10 20:00:00,Rayonnement solaire,Rayonnement solaire,W/m²,951.0
2025-06-10 20:00:00,Température,Température,°c,26.9
2025-06-10 20:00:00,Vitesse du vent,Vitesse du vent,m/s,4.03
2025-06-10 19:00:00,Vitesse du vent,Vitesse du vent,m/s,4.36
2025-06-10 19:00:00,Point de Rosée,Point de Rosée,°c,4.2
2025-06-10 19:00:00,Humidité relative,Humidité relative,%,19.2
2025-06-10 19:00:00,Température,Température,°c,30.3
2025-06-10 19:00:00,Direction du vent,Direction du vent,Deg,21.9
2025-06-10 19:00:00,Rayonnement solaire,Rayonnement solaire,W/m²,950.6
2025-06-10 18:00:00,Direction du vent,Direction du vent,Deg,0.8
2025-06-10 18:00:00,Température,Température,°c,32.7
2025-06-10 18:00:00,Vitesse du vent,Vitesse du vent,m/s,6.16
2025-06-10 18:00:00,Point de Rosée,Point de Rosée,°c,2.9
2025-06-10 18:00:00,Rayonnement solaire,Rayonnement solaire,W/m²,949.9
2025-06-10 18:00:00,Humidité relative,Humidité relative,%,15.2
2025-06-10 17:00:00,Vitesse du vent,Vitesse du vent,m/s,8.02
2025-06-10 17:00:00,Point de Rosée,Point de Rosée,°c,2.4
2025-06-10 17:00:00,Humidité relative,Humidité relative,%,13.7
2025-06-10 17:00:00,Température,Température,°c,33.9
2025-06-10 17:00:00,Direction du vent,Direction du vent,Deg,354.3
2025-06-10 17:00:00,Rayonnement solaire,Rayonnement solaire,W/m²,949.5
2025-06-10 16:00:00,Point de Rosée,Point de Rosée,°c,9.0
2025-06-10 16:00:00,Humidité relative,Humidité relative,%,21.7
2025-06-10 16:00:00,Rayonnement solaire,Rayonnement solaire,W/m²,949.9
2025-06-10 16:00:00,Température,Température,°c,33.9
2025-06-10 16:00:00,Vitesse du vent,Vitesse du vent,m/s,3.71
2025-06-10 16:00:00,Direction du vent,Direction du vent,Deg,50.3
2025-06-10 15:00:00,Rayonnement solaire,Rayonnement solaire,W/m²,950.3
2025-06-10 15:00:00,Vitesse du vent,Vitesse du vent,m/s,3.59
2025-06-10 15:00:00,Direction du vent,Direction du vent,Deg,7.6
2025-06-10 15:00:00,Température,Température,°c,33.9
2025-06-10 15:00:00,Humidité relative,Humidité relative,%,18.8
2025-06-10 15:00:00,Point de Rosée,Point de Rosée,°c,6.9
2025-06-10 13:00:00,Rayonnement solaire,Rayonnement solaire,W/m²,951.1
2025-06-10 13:00:00,Température,Température,°c,32.8
2025-06-10 13:00:00,Point de Rosée,Point de Rosée,°c,6.2
2025-06-10 13:00:00,Direction du vent,Direction du vent,Deg,351.6
2025-06-10 13:00:00,Humidité relative,Humidité relative,%,19.1
2025-06-10 13:00:00,Vitesse du vent,Vitesse du vent,m/s,3.87
2025-06-10 11:00:00,Vitesse du vent,Vitesse du vent,m/s,3.34
2025-06-10 11:00:00,Point de Rosée,Point de Rosée,°c,9.0
2025-06-10 11:00:00,Humidité relative,Humidité relative,%,26.6
2025-06-10 11:00:00,Température,Température,°c,30.3
2025-06-10 11:00:00,Direction du vent,Direction du vent,Deg,265.6
2025-06-10 11:00:00,Rayonnement solaire,Rayonnement solaire,W/m²,952.3
2025-06-10 10:00:00,Température,Température,°c,28.3
2025-06-10 10:00:00,Direction du vent,Direction du vent,Deg,174.5
2025-06-10 10:00:00,Vitesse du vent,Vitesse du vent,m/s,0.83
2025-06-10 10:00:00,Point de Rosée,Point de Rosée,°c,11.5
2025-06-10 10:00:00,Humidité relative,Humidité relative,%,35.2
2025-06-10 10:00:00,Rayonnement solaire,Rayonnement solaire,W/m²,952.7
2025-06-10 09:00:00,Température,Température,°c,25.6
2025-06-10 09:00:00,Point de Rosée,Point de Rosée,°c,12.4
2025-06-10 09:00:00,Humidité relative,Humidité relative,%,43.8
2025-06-10 09:00:00,Direction du vent,Direction du vent,Deg,156.2
2025-06-10 09:00:00,Vitesse du vent,Vitesse du vent,m/s,0.21
2025-06-10 09:00:00,Rayonnement solaire,Rayonnement solaire,W/m²,953.2
2025-06-10 08:00:00,Humidité relative,Humidité relative,%,46.4
2025-06-10 08:00:00,Direction du vent,Direction du vent,Deg,246.2
2025-06-10 08:00:00,Point de Rosée,Point de Rosée,°c,11.4
2025-06-10 08:00:00,Vitesse du vent,Vitesse du vent,m/s,0.71
2025-06-10 08:00:00,Température,Température,°c,23.6
2025-06-10 08:00:00,Rayonnement solaire,Rayonnement solaire,W/m²,953.5
2025-06-10 07:00:00,Température,Température,°c,19.6
2025-06-10 07:00:00,Point de Rosée,Point de Rosée,°c,10.0
2025-06-10 07:00:00,Humidité relative,Humidité relative,%,53.7
2025-06-10 07:00:00,Rayonnement solaire,Rayonnement solaire,W/m²,953.5
2025-06-10 07:00:00,Direction du vent,Direction du vent,Deg,131.2
2025-06-10 07:00:00,Vitesse du vent,Vitesse du vent,m/s,0.83
2025-06-10 06:00:00,Rayonnement solaire,Rayonnement solaire,W/m²,953.3
2025-06-10 06:00:00,Point de Rosée,Point de Rosée,°c,9.0
2025-06-10 06:00:00,Humidité relative,Humidité relative,%,64.9
2025-06-10 06:00:00,Température,Température,°c,15.6
2025-06-10 06:00:00,Direction du vent,Direction du vent,Deg,146.3
2025-06-10 06:00:00,Vitesse du vent,Vitesse du vent,m/s,1.5
2025-06-10 05:00:00,Température,Température,°c,15.1
2025-06-10 05:00:00,Vitesse du vent,Vitesse du vent,m/s,0.96
2025-06-10 05:00:00,Point de Rosée,Point de Rosée,°c,9.4
2025-06-10 05:00:00,Direction du vent,Direction du vent,Deg,107.1
2025-06-10 05:00:00,Humidité relative,Humidité relative,%,68.7
2025-06-10 05:00:00,Rayonnement solaire,Rayonnement solaire,W/m²,952.8
2025-06-09 12:00:00,Humidité relative,Humidité relative,%,13.6
2025-06-09 12:00:00,Rayonnement solaire,Rayonnement solaire,W/m²,951.7
2025-06-09 12:00:00,Vitesse du vent,Vitesse du vent,m/s,0.97
2025-06-09 12:00:00,Direction du vent,Direction du vent,Deg,19.0
2025-06-09 12:00:00,Température,Température,°c,34.4
2025-06-09 12:00:00,Point de Rosée,Point de Rosée,°c,2.7
2025-06-09 11:00:00,Rayonnement solaire,Rayonnement solaire,W/m²,952.0
2025-06-09 11:00:00,Humidité relative,Humidité relative,%,16.9
2025-06-09 11:00:00,Vitesse du vent,Vitesse du vent,m/s,1.97
2025-06-09 11:00:00,Direction du vent,Direction du vent,Deg,232.0
2025-06-09 11:00:00,Point de Rosée,Point de Rosée,°c,5.0
2025-06-09 11:00:00,Température,Température,°c,33.4
2025-06-09 09:00:00,Vitesse du vent,Vitesse du vent,m/s,1.14
2025-06-09 09:00:00,Point de Rosée,Point de Rosée,°c,10.6
2025-06-09 09:00:00,Humidité relative,Humidité relative,%,33.1
2025-06-09 09:00:00,Température,Température,°c,28.4
2025-06-09 09:00:00,Direction du vent,Direction du vent,Deg,68.7
2025-06-09 09:00:00,Rayonnement solaire,Rayonnement solaire,W/m²,952.3
2025-06-09 08:00:00,Humidité relative,Humidité relative,%,39.3
2025-06-09 08:00:00,Point de Rosée,Point de Rosée,°c,10.1
2025-06-09 08:00:00,Température,Température,°c,24.9
2025-06-09 08:00:00,Direction du vent,Direction du vent,Deg,142.1
2025-06-09 08:00:00,Vitesse du vent,Vitesse du vent,m/s,0.86
2025-06-09 08:00:00,Rayonnement solaire,Rayonnement solaire,W/m²,952.4
2025-06-09 07:00:00,Température,Température,°c,20.2
2025-06-09 07:00:00,Direction du vent,Direction du vent,Deg,121.1
2025-06-09 07:00:00,Vitesse du vent,Vitesse du vent,m/s,1.69
2025-06-09 07:00:00,Rayonnement solaire,Rayonnement solaire,W/m²,952.5
2025-06-09 07:00:00,Point de Rosée,Point de Rosée,°c,10.2
2025-06-09 07:00:00,Humidité relative,Humidité relative,%,52.6
2025-06-09 06:00:00,Rayonnement solaire,Rayonnement solaire,W/m²,952.3
2025-06-09 06:00:00,Humidité relative,Humidité relative,%,63.3
2025-06-09 06:00:00,Point de Rosée,Point de Rosée,°c,9.5
2025-06-09 06:00:00,Direction du vent,Direction du vent,Deg,124.8
2025-06-09 06:00:00,Vitesse du vent,Vitesse du vent,m/s,1.37
2025-06-09 06:00:00,Température,Température,°c,16.5
2025-06-09 05:00:00,Température,Température,°c,15.1
2025-06-09 05:00:00,Point de Rosée,Point de Rosée,°c,8.5
2025-06-09 05:00:00,Humidité relative,Humidité relative,%,64.9
2025-06-09 05:00:00,Direction du vent,Direction du vent,Deg,124.6
2025-06-09 05:00:00,Vitesse du vent,Vitesse du vent,m/s,0.77
2025-06-09 05:00:00,Rayonnement solaire,Rayonnement solaire,W/m²,952.1
2025-06-08 15:00:00,Température,Température,°c,37.3
2025-06-08 15:00:00,Direction du vent,Direction du vent,Deg,12.7
2025-06-08 15:00:00,Vitesse du vent,Vitesse du vent,m/s,5.18
2025-06-08 15:00:00,Rayonnement solaire,Rayonnement solaire,W/m²,950.1
2025-06-08 15:00:00,Point de Rosée,Point de Rosée,°c,0.7
2025-06-08 15:00:00,Humidité relative,Humidité relative,%,10.1
2025-06-08 14:00:00,Humidité relative,Humidité relative,%,12.5
2025-06-08 14:00:00,Direction du vent,Direction du vent,Deg,342.9
2025-06-08 14:00:00,Rayonnement solaire,Rayonnement solaire,W/m²,950.5
2025-06-08 14:00:00,Vitesse du vent,Vitesse du vent,m/s,6.4
2025-06-08 14:00:00,Point de Rosée,Point de Rosée,°c,3.3
2025-06-08 14:00:00,Température,Température,°c,36.8
2025-06-08 13:00:00,Rayonnement solaire,Rayonnement solaire,W/m²,951.1
2025-06-08 13:00:00,Point de Rosée,Point de Rosée,°c,6.4
2025-06-08 13:00:00,Humidité relative,Humidité relative,%,16.9
2025-06-08 13:00:00,Température,Température,°c,35.2
2025-06-08 13:00:00,Direction du vent,Direction du vent,Deg,311.6
2025-06-08 13:00:00,Vitesse du vent,Vitesse du vent,m/s,0.76
2025-06-08 12:00:00,Température,Température,°c,34.3
2025-06-08 12:00:00,Direction du vent,Direction du vent,Deg,302.1
2025-06-08 12:00:00,Humidité relative,Humidité relative,%,18.8
2025-06-08 12:00:00,Point de Rosée,Point de Rosée,°c,7.2
2025-06-08 12:00:00,Vitesse du vent,Vitesse du vent,m/s,4.46
2025-06-08 12:00:00,Rayonnement solaire,Rayonnement solaire,W/m²,951.6
2025-06-08 11:00:00,Température,Température,°c,33.9
2025-06-08 11:00:00,Direction du vent,Direction du vent,Deg,334.5
2025-06-08 11:00:00,Point de Rosée,Point de Rosée,°c,8.4
2025-06-08 11:00:00,Vitesse du vent,Vitesse du vent,m/s,3.66
2025-06-08 11:00:00,Humidité relative,Humidité relative,%,20.8
2025-06-08 11:00:00,Rayonnement solaire,Rayonnement solaire,W/m²,951.6
2025-06-08 10:00:00,Direction du vent,Direction du vent,Deg,309.9
2025-06-08 10:00:00,Point de Rosée,Point de Rosée,°c,8.8
2025-06-08 10:00:00,Vitesse du vent,Vitesse du vent,m/s,4.38
2025-06-08 10:00:00,Température,Température,°c,32.0
2025-06-08 10:00:00,Rayonnement solaire,Rayonnement solaire,W/m²,951.5
2025-06-08 10:00:00,Humidité relative,Humidité relative,%,23.8
2025-06-08 09:00:00,Rayonnement solaire,Rayonnement solaire,W/m²,951.6
2025-06-08 09:00:00,Humidité relative,Humidité relative,%,27.1
2025-06-08 09:00:00,Température,Température,°c,30.4
2025-06-08 09:00:00,Direction du vent,Direction du vent,Deg,296.3
2025-06-08 09:00:00,Vitesse du vent,Vitesse du vent,m/s,2.06
2025-06-08 09:00:00,Point de Rosée,Point de Rosée,°c,9.3
2025-06-08 08:00:00,Point de Rosée,Point de Rosée,°c,9.4
2025-06-08 08:00:00,Humidité relative,Humidité relative,%,30.4
2025-06-08 08:00:00,Température,Température,°c,28.5
2025-06-08 08:00:00,Direction du vent,Direction du vent,Deg,300.8
2025-06-08 08:00:00,Vitesse du vent,Vitesse du vent,m/s,0.44
2025-06-08 08:00:00,Rayonnement solaire,Rayonnement solaire,W/m²,951.7
2025-06-08 07:00:00,Vitesse du vent,Vitesse du vent,m/s,0.44
2025-06-08 07:00:00,Point de Rosée,Point de Rosée,°c,10.6
2025-06-08 07:00:00,Direction du vent,Direction du vent,Deg,135.5
2025-06-08 07:00:00,Humidité relative,Humidité relative,%,43.8
2025-06-08 07:00:00,Rayonnement solaire,Rayonnement solaire,W/m²,951.6
2025-06-08 07:00:00,Température,Température,°c,23.6
2025-06-08 06:00:00,Direction du vent,Direction du vent,Deg,192.7
2025-06-08 06:00:00,Point de Rosée,Point de Rosée,°c,10.0
2025-06-08 06:00:00,Humidité relative,Humidité relative,%,52.1
2025-06-08 06:00:00,Température,Température,°c,20.1
2025-06-08 06:00:00,Vitesse du vent,Vitesse du vent,m/s,0.25
2025-06-08 06:00:00,Rayonnement solaire,Rayonnement solaire,W/m²,951.4
2025-06-08 05:00:00,Point de Rosée,Point de Rosée,°c,9.5
2025-06-08 05:00:00,Direction du vent,Direction du vent,Deg,95.3
2025-06-08 05:00:00,Vitesse du vent,Vitesse du vent,m/s,0.53
2025-06-08 05:00:00,Rayonnement solaire,Rayonnement solaire,W/m²,951.0
2025-06-08 05:00:00,Humidité relative,Humidité relative,%,53.2
2025-06-08 05:00:00,Température,Température,°c,19.3
2025-06-07 07:00:00,Point de Rosée,Point de Rosée,°c,8.7
2025-06-07 07:00:00,Humidité relative,Humidité relative,%,44.7
2025-06-07 07:00:00,Température,Température,°c,21.2
2025-06-07 07:00:00,Direction du vent,Direction du vent,Deg,98.6
2025-06-07 07:00:00,Vitesse du vent,Vitesse du vent,m/s,1.34
2025-06-07 07:00:00,Rayonnement solaire,Rayonnement solaire,W/m²,952.6
2025-06-07 05:00:00,Point de Rosée,Point de Rosée,°c,8.5
2025-06-07 05:00:00,Humidité relative,Humidité relative,%,61.2
2025-06-07 05:00:00,Vitesse du vent,Vitesse du vent,m/s,1.71
2025-06-07 05:00:00,Température,Température,°c,16.0
2025-06-07 05:00:00,Rayonnement solaire,Rayonnement solaire,W/m²,952.3
2025-06-07 05:00:00,Direction du vent,Direction du vent,Deg,125.8
2025-06-06 08:00:00,Point de Rosée,Point de Rosée,°c,10.0
2025-06-06 08:00:00,Humidité relative,Humidité relative,%,42.2
2025-06-06 08:00:00,Température,Température,°c,23.6
2025-06-06 08:00:00,Direction du vent,Direction du vent,Deg,102.1
2025-06-06 08:00:00,Vitesse du vent,Vitesse du vent,m/s,1.38
2025-06-06 08:00:00,Rayonnement solaire,Rayonnement solaire,W/m²,952.3
2025-06-06 07:00:00,Rayonnement solaire,Rayonnement solaire,W/m²,952.0
2025-06-06 07:00:00,Point de Rosée,Point de Rosée,°c,10.0
2025-06-06 07:00:00,Humidité relative,Humidité relative,%,56.5
2025-06-06 07:00:00,Température,Température,°c,18.9
2025-06-06 07:00:00,Direction du vent,Direction du vent,Deg,120.6
2025-06-06 07:00:00,Vitesse du vent,Vitesse du vent,m/s,2.62
2025-06-06 06:00:00,Point de Rosée,Point de Rosée,°c,9.7
2025-06-06 06:00:00,Vitesse du vent,Vitesse du vent,m/s,3.83
2025-06-06 06:00:00,Rayonnement solaire,Rayonnement solaire,W/m²,951.9
2025-06-06 06:00:00,Direction du vent,Direction du vent,Deg,118.0
2025-06-06 06:00:00,Humidité relative,Humidité relative,%,66.5
2025-06-06 06:00:00,Température,Température,°c,15.9
2025-06-06 05:00:00,Rayonnement solaire,Rayonnement solaire,W/m²,951.6
2025-06-06 05:00:00,Point de Rosée,Point de Rosée,°c,10.2
2025-06-06 05:00:00,Humidité relative,Humidité relative,%,71.3
2025-06-06 05:00:00,Température,Température,°c,15.4
2025-06-06 05:00:00,Direction du vent,Direction du vent,Deg,111.1
2025-06-06 05:00:00,Vitesse du vent,Vitesse du vent,m/s,1.57
2025-06-05 06:00:00,Humidité relative,Humidité relative,%,64.9
2025-06-05 06:00:00,Point de Rosée,Point de Rosée,°c,11.1
2025-06-05 06:00:00,Température,Température,°c,17.8
2025-06-05 06:00:00,Direction du vent,Direction du vent,Deg,132.3
2025-06-05 06:00:00,Vitesse du vent,Vitesse du vent,m/s,1.38
2025-06-05 06:00:00,Rayonnement solaire,Rayonnement solaire,W/m²,950.2
2025-06-05 05:00:00,Humidité relative,Humidité relative,%,63.5
2025-06-05 05:00:00,Vitesse du vent,Vitesse du vent,m/s,1.35
2025-06-05 05:00:00,Point de Rosée,Point de Rosée,°c,10.9
2025-06-05 05:00:00,Température,Température,°c,17.9
2025-06-05 05:00:00,Rayonnement solaire,Rayonnement solaire,W/m²,949.9
2025-06-05 05:00:00,Direction du vent,Direction du vent,Deg,95.6
2025-06-05 04:00:00,Rayonnement solaire,Rayonnement solaire,W/m²,949.7
2025-06-05 04:00:00,Point de Rosée,Point de Rosée,°c,11.1
2025-06-05 04:00:00,Direction du vent,Direction du vent,Deg,106.1
2025-06-05 04:00:00,Humidité relative,Humidité relative,%,59.3
2025-06-05 04:00:00,Température,Température,°c,19.3
2025-06-05 04:00:00,Vitesse du vent,Vitesse du vent,m/s,2.38
2025-06-04 05:00:00,Vitesse du vent,Vitesse du vent,m/s,1.67
2025-06-04 05:00:00,Rayonnement solaire,Rayonnement solaire,W/m²,949.4
2025-06-04 05:00:00,Température,Température,°c,15.4
2025-06-04 05:00:00,Humidité relative,Humidité relative,%,62.1
2025-06-04 05:00:00,Point de Rosée,Point de Rosée,°c,8.2
2025-06-04 05:00:00,Direction du vent,Direction du vent,Deg,127.2
2025-06-04 04:00:00,Direction du vent,Direction du vent,Deg,152.5
2025-06-04 04:00:00,Point de Rosée,Point de Rosée,°c,7.3
2025-06-04 04:00:00,Humidité relative,Humidité relative,%,57.8
2025-06-04 04:00:00,Température,Température,°c,15.6
2025-06-04 04:00:00,Vitesse du vent,Vitesse du vent,m/s,3.25
2025-06-04 04:00:00,Rayonnement solaire,Rayonnement solaire,W/m²,949.2
2025-06-04 03:00:00,Humidité relative,Humidité relative,%,56.8
2025-06-04 03:00:00,Vitesse du vent,Vitesse du vent,m/s,1.41
2025-06-04 03:00:00,Direction du vent,Direction du vent,Deg,80.6
2025-06-04 03:00:00,Température,Température,°c,16.5
2025-06-04 03:00:00,Point de Rosée,Point de Rosée,°c,7.9
2025-06-04 03:00:00,Rayonnement solaire,Rayonnement solaire,W/m²,949.4
2025-06-04 01:00:00,Direction du vent,Direction du vent,Deg,183.9
2025-06-04 01:00:00,Point de Rosée,Point de Rosée,°c,9.2
2025-06-04 01:00:00,Humidité relative,Humidité relative,%,49.8
2025-06-04 01:00:00,Température,Température,°c,20.0
2025-06-04 01:00:00,Vitesse du vent,Vitesse du vent,m/s,2.61
2025-06-04 01:00:00,Rayonnement solaire,Rayonnement solaire,W/m²,949.8
2025-06-04 00:00:00,Point de Rosée,Point de Rosée,°c,10.1
2025-06-04 00:00:00,Direction du vent,Direction du vent,Deg,213.9
2025-06-04 00:00:00,Humidité relative,Humidité relative,%,49.9
2025-06-04 00:00:00,Rayonnement solaire,Rayonnement solaire,W/m²,949.8
2025-06-04 00:00:00,Température,Température,°c,21.0
2025-06-04 00:00:00,Vitesse du vent,Vitesse du vent,m/s,1.46
2025-06-03 23:00:00,Vitesse du vent,Vitesse du vent,m/s,2.73
2025-06-03 23:00:00,Point de Rosée,Point de Rosée,°c,10.1
2025-06-03 23:00:00,Humidité relative,Humidité relative,%,40.6
2025-06-03 23:00:00,Température,Température,°c,24.4
2025-06-03 23:00:00,Direction du vent,Direction du vent,Deg,129.1
2025-06-03 23:00:00,Rayonnement solaire,Rayonnement solaire,W/m²,949.3
2025-06-03 21:00:00,Rayonnement solaire,Rayonnement solaire,W/m²,948.2
2025-06-03 21:00:00,Humidité relative,Humidité relative,%,22.2
2025-06-03 21:00:00,Vitesse du vent,Vitesse du vent,m/s,3.59
2025-06-03 21:00:00,Température,Température,°c,26.4
2025-06-03 21:00:00,Point de Rosée,Point de Rosée,°c,3.1
2025-06-03 21:00:00,Direction du vent,Direction du vent,Deg,131.6
2025-06-03 20:00:00,Point de Rosée,Point de Rosée,°c,2.6
2025-06-03 20:00:00,Vitesse du vent,Vitesse du vent,m/s,2.77
2025-06-03 20:00:00,Rayonnement solaire,Rayonnement solaire,W/m²,947.3
2025-06-03 20:00:00,Direction du vent,Direction du vent,Deg,149.6
2025-06-03 20:00:00,Humidité relative,Humidité relative,%,18.7
2025-06-03 20:00:00,Température,Température,°c,28.7
2025-06-03 19:00:00,Rayonnement solaire,Rayonnement solaire,W/m²,946.7
2025-06-03 19:00:00,Point de Rosée,Point de Rosée,°c,2.4
2025-06-03 19:00:00,Humidité relative,Humidité relative,%,15.2
2025-06-03 19:00:00,Température,Température,°c,32.1
2025-06-03 19:00:00,Direction du vent,Direction du vent,Deg,159.4
2025-06-03 19:00:00,Vitesse du vent,Vitesse du vent,m/s,3.85
2025-06-03 18:00:00,Direction du vent,Direction du vent,Deg,164.1
2025-06-03 18:00:00,Point de Rosée,Point de Rosée,°c,2.3
2025-06-03 18:00:00,Humidité relative,Humidité relative,%,13.4
2025-06-03 18:00:00,Température,Température,°c,34.2
2025-06-03 18:00:00,Vitesse du vent,Vitesse du vent,m/s,5.83
2025-06-03 18:00:00,Rayonnement solaire,Rayonnement solaire,W/m²,946.3
2025-06-03 17:00:00,Direction du vent,Direction du vent,Deg,22.6
2025-06-03 17:00:00,Humidité relative,Humidité relative,%,13.1
2025-06-03 17:00:00,Rayonnement solaire,Rayonnement solaire,W/m²,946.4
2025-06-03 17:00:00,Point de Rosée,Point de Rosée,°c,3.2
2025-06-03 17:00:00,Température,Température,°c,35.8
2025-06-03 17:00:00,Vitesse du vent,Vitesse du vent,m/s,4.71
2025-06-03 16:00:00,Point de Rosée,Point de Rosée,°c,2.6
2025-06-03 16:00:00,Vitesse du vent,Vitesse du vent,m/s,0.38
2025-06-03 16:00:00,Température,Température,°c,35.0
2025-06-03 16:00:00,Direction du vent,Direction du vent,Deg,164.3
2025-06-03 16:00:00,Humidité relative,Humidité relative,%,13.1
2025-06-03 16:00:00,Rayonnement solaire,Rayonnement solaire,W/m²,947.1
2025-06-03 15:00:00,Humidité relative,Humidité relative,%,12.7
2025-06-03 15:00:00,Rayonnement solaire,Rayonnement solaire,W/m²,947.3
2025-06-03 15:00:00,Point de Rosée,Point de Rosée,°c,1.9
2025-06-03 15:00:00,Direction du vent,Direction du vent,Deg,267.0
2025-06-03 15:00:00,Vitesse du vent,Vitesse du vent,m/s,2.55
2025-06-03 15:00:00,Température,Température,°c,34.6
2025-06-03 13:00:00,Direction du vent,Direction du vent,Deg,66.2
2025-06-03 13:00:00,Température,Température,°c,33.4
2025-06-03 13:00:00,Vitesse du vent,Vitesse du vent,m/s,1.42
2025-06-03 13:00:00,Humidité relative,Humidité relative,%,14.9
2025-06-03 13:00:00,Point de Rosée,Point de Rosée,°c,3.1
2025-06-03 13:00:00,Rayonnement solaire,Rayonnement solaire,W/m²,948.3
2025-06-03 12:00:00,Direction du vent,Direction du vent,Deg,326.7
2025-06-03 12:00:00,Point de Rosée,Point de Rosée,°c,4.5
2025-06-03 12:00:00,Humidité relative,Humidité relative,%,16.9
2025-06-03 12:00:00,Température,Température,°c,32.9
2025-06-03 12:00:00,Vitesse du vent,Vitesse du vent,m/s,1.64
2025-06-03 12:00:00,Rayonnement solaire,Rayonnement solaire,W/m²,948.8
2025-06-03 11:00:00,Direction du vent,Direction du vent,Deg,321.5
2025-06-03 11:00:00,Température,Température,°c,31.5
2025-06-03 11:00:00,Vitesse du vent,Vitesse du vent,m/s,3.61
2025-06-03 11:00:00,Point de Rosée,Point de Rosée,°c,4.7
2025-06-03 11:00:00,Humidité relative,Humidité relative,%,18.5
2025-06-03 11:00:00,Rayonnement solaire,Rayonnement solaire,W/m²,949.1
2025-06-03 09:00:00,Direction du vent,Direction du vent,Deg,156.0
2025-06-03 09:00:00,Point de Rosée,Point de Rosée,°c,7.0
2025-06-03 09:00:00,Humidité relative,Humidité relative,%,28.1
2025-06-03 09:00:00,Température,Température,°c,27.1
2025-06-03 09:00:00,Vitesse du vent,Vitesse du vent,m/s,0.73
2025-06-03 09:00:00,Rayonnement solaire,Rayonnement solaire,W/m²,949.7
2025-06-03 08:00:00,Point de Rosée,Point de Rosée,°c,5.9
2025-06-03 08:00:00,Humidité relative,Humidité relative,%,29.8
2025-06-03 08:00:00,Rayonnement solaire,Rayonnement solaire,W/m²,950.1
2025-06-03 08:00:00,Direction du vent,Direction du vent,Deg,174.9
2025-06-03 08:00:00,Vitesse du vent,Vitesse du vent,m/s,3.04
2025-06-03 08:00:00,Température,Température,°c,24.7
2025-06-03 07:00:00,Humidité relative,Humidité relative,%,49.4
2025-06-03 07:00:00,Rayonnement solaire,Rayonnement solaire,W/m²,950.4
2025-06-03 07:00:00,Vitesse du vent,Vitesse du vent,m/s,2.07
2025-06-03 07:00:00,Direction du vent,Direction du vent,Deg,126.4
2025-06-03 07:00:00,Température,Température,°c,20.0
2025-06-03 07:00:00,Point de Rosée,Point de Rosée,°c,9.0
2025-06-03 06:00:00,Température,Température,°c,15.9
2025-06-03 06:00:00,Direction du vent,Direction du vent,Deg,128.8
2025-06-03 06:00:00,Humidité relative,Humidité relative,%,58.9
2025-06-03 06:00:00,Point de Rosée,Point de Rosée,°c,7.9
2025-06-03 06:00:00,Rayonnement solaire,Rayonnement solaire,W/m²,950.3
2025-06-03 06:00:00,Vitesse du vent,Vitesse du vent,m/s,1.76
2025-06-03 05:00:00,Rayonnement solaire,Rayonnement solaire,W/m²,950.1
2025-06-03 05:00:00,Température,Température,°c,15.0
2025-06-03 05:00:00,Direction du vent,Direction du vent,Deg,128.5
2025-06-03 05:00:00,Vitesse du vent,Vitesse du vent,m/s,1.19
2025-06-03 05:00:00,Point de Rosée,Point de Rosée,°c,7.7
2025-06-03 05:00:00,Humidité relative,Humidité relative,%,61.7
2025-06-02 07:00:00,Direction du vent,Direction du vent,Deg,134.1
2025-06-02 07:00:00,Point de Rosée,Point de Rosée,°c,9.5
2025-06-02 07:00:00,Vitesse du vent,Vitesse du vent,m/s,4.07
2025-06-02 07:00:00,Humidité relative,Humidité relative,%,54.6
2025-06-02 07:00:00,Température,Température,°c,18.9
2025-06-02 07:00:00,Rayonnement solaire,Rayonnement solaire,W/m²,953.3
2025-06-02 06:00:00,Rayonnement solaire,Rayonnement solaire,W/m²,953.2
2025-06-02 06:00:00,Température,Température,°c,14.6
2025-06-02 06:00:00,Vitesse du vent,Vitesse du vent,m/s,0.9
2025-06-02 06:00:00,Point de Rosée,Point de Rosée,°c,9.2
2025-06-02 06:00:00,Humidité relative,Humidité relative,%,70.3
2025-06-02 06:00:00,Direction du vent,Direction du vent,Deg,99.8
2025-06-02 05:00:00,Rayonnement solaire,Rayonnement solaire,W/m²,952.8
2025-06-02 05:00:00,Humidité relative,Humidité relative,%,73.8
2025-06-02 05:00:00,Point de Rosée,Point de Rosée,°c,9.1
2025-06-02 05:00:00,Direction du vent,Direction du vent,Deg,140.4
2025-06-02 05:00:00,Vitesse du vent,Vitesse du vent,m/s,1.68
2025-06-02 05:00:00,Température,Température,°c,13.7
2025-06-01 22:00:00,Vitesse du vent,Vitesse du vent,m/s,1.75
2025-06-01 22:00:00,Rayonnement solaire,Rayonnement solaire,W/m²,953.4
2025-06-01 22:00:00,Direction du vent,Direction du vent,Deg,184.0
2025-06-01 22:00:00,Température,Température,°c,21.2
2025-06-01 22:00:00,Humidité relative,Humidité relative,%,43.7
2025-06-01 22:00:00,Point de Rosée,Point de Rosée,°c,8.3
2025-06-01 21:00:00,Rayonnement solaire,Rayonnement solaire,W/m²,952.7
2025-06-01 21:00:00,Température,Température,°c,22.1
2025-06-01 21:00:00,Vitesse du vent,Vitesse du vent,m/s,0.32
2025-06-01 21:00:00,Direction du vent,Direction du vent,Deg,137.7
2025-06-01 21:00:00,Humidité relative,Humidité relative,%,34.6
2025-06-01 21:00:00,Point de Rosée,Point de Rosée,°c,5.8
2025-06-01 20:00:00,Direction du vent,Direction du vent,Deg,132.6
2025-06-01 20:00:00,Température,Température,°c,25.4
2025-06-01 20:00:00,Humidité relative,Humidité relative,%,26.7
2025-06-01 20:00:00,Point de Rosée,Point de Rosée,°c,4.9
2025-06-01 20:00:00,Rayonnement solaire,Rayonnement solaire,W/m²,951.7
2025-06-01 20:00:00,Vitesse du vent,Vitesse du vent,m/s,2.32
2025-06-01 19:00:00,Humidité relative,Humidité relative,%,20.0
2025-06-01 19:00:00,Direction du vent,Direction du vent,Deg,82.2
2025-06-01 19:00:00,Vitesse du vent,Vitesse du vent,m/s,2.08
2025-06-01 19:00:00,Température,Température,°c,28.5
2025-06-01 19:00:00,Rayonnement solaire,Rayonnement solaire,W/m²,951.3
2025-06-01 19:00:00,Point de Rosée,Point de Rosée,°c,3.4
2025-06-01 17:00:00,Température,Température,°c,30.6
2025-06-01 17:00:00,Direction du vent,Direction du vent,Deg,11.7
2025-06-01 17:00:00,Vitesse du vent,Vitesse du vent,m/s,3.75
2025-06-01 17:00:00,Rayonnement solaire,Rayonnement solaire,W/m²,950.9
2025-06-01 17:00:00,Point de Rosée,Point de Rosée,°c,1.5
2025-06-01 17:00:00,Humidité relative,Humidité relative,%,15.5
2025-06-01 16:00:00,Vitesse du vent,Vitesse du vent,m/s,4.23
2025-06-01 16:00:00,Rayonnement solaire,Rayonnement solaire,W/m²,951.1
2025-06-01 16:00:00,Direction du vent,Direction du vent,Deg,36.4
2025-06-01 16:00:00,Température,Température,°c,30.9
2025-06-01 16:00:00,Humidité relative,Humidité relative,%,15.3
2025-06-01 16:00:00,Point de Rosée,Point de Rosée,°c,1.5
2025-06-01 15:00:00,Rayonnement solaire,Rayonnement solaire,W/m²,951.6
2025-06-01 15:00:00,Température,Température,°c,30.5
2025-06-01 15:00:00,Direction du vent,Direction du vent,Deg,37.7
2025-06-01 15:00:00,Point de Rosée,Point de Rosée,°c,0.2
2025-06-01 15:00:00,Humidité relative,Humidité relative,%,14.2
2025-06-01 15:00:00,Vitesse du vent,Vitesse du vent,m/s,4.13
2025-06-01 14:00:00,Rayonnement solaire,Rayonnement solaire,W/m²,952.0
2025-06-01 14:00:00,Point de Rosée,Point de Rosée,°c,1.1
2025-06-01 14:00:00,Humidité relative,Humidité relative,%,15.3
2025-06-01 14:00:00,Température,Température,°c,30.4
2025-06-01 14:00:00,Direction du vent,Direction du vent,Deg,52.2
2025-06-01 14:00:00,Vitesse du vent,Vitesse du vent,m/s,2.45
2025-06-01 13:00:00,Température,Température,°c,29.9
2025-06-01 13:00:00,Vitesse du vent,Vitesse du vent,m/s,1.93
2025-06-01 13:00:00,Point de Rosée,Point de Rosée,°c,2.2
2025-06-01 13:00:00,Direction du vent,Direction du vent,Deg,61.4
2025-06-01 13:00:00,Humidité relative,Humidité relative,%,17.0
2025-06-01 13:00:00,Rayonnement solaire,Rayonnement solaire,W/m²,952.4
2025-06-01 11:00:00,Direction du vent,Direction du vent,Deg,171.5
2025-06-01 11:00:00,Point de Rosée,Point de Rosée,°c,5.5
2025-06-01 11:00:00,Rayonnement solaire,Rayonnement solaire,W/m²,953.5
2025-06-01 11:00:00,Humidité relative,Humidité relative,%,25.3
2025-06-01 11:00:00,Température,Température,°c,27.0
2025-06-01 11:00:00,Vitesse du vent,Vitesse du vent,m/s,1.97
2025-06-01 10:00:00,Point de Rosée,Point de Rosée,°c,6.5
2025-06-01 10:00:00,Humidité relative,Humidité relative,%,29.3
2025-06-01 10:00:00,Température,Température,°c,25.7
2025-06-01 10:00:00,Direction du vent,Direction du vent,Deg,56.7
2025-06-01 10:00:00,Vitesse du vent,Vitesse du vent,m/s,1.62
2025-06-01 10:00:00,Rayonnement solaire,Rayonnement solaire,W/m²,953.9
2025-06-01 09:00:00,Direction du vent,Direction du vent,Deg,251.8
2025-06-01 09:00:00,Humidité relative,Humidité relative,%,36.3
2025-06-01 09:00:00,Température,Température,°c,23.4
2025-06-01 09:00:00,Vitesse du vent,Vitesse du vent,m/s,1.54
2025-06-01 09:00:00,Point de Rosée,Point de Rosée,°c,7.6
2025-06-01 09:00:00,Rayonnement solaire,Rayonnement solaire,W/m²,954.2
2025-06-01 08:00:00,Direction du vent,Direction du vent,Deg,114.9
2025-06-01 08:00:00,Point de Rosée,Point de Rosée,°c,10.0
2025-06-01 08:00:00,Humidité relative,Humidité relative,%,52.9
2025-06-01 08:00:00,Température,Température,°c,19.9
2025-06-01 08:00:00,Vitesse du vent,Vitesse du vent,m/s,1.56
2025-06-01 08:00:00,Rayonnement solaire,Rayonnement solaire,W/m²,954.5
2025-06-01 07:00:00,Vitesse du vent,Vitesse du vent,m/s,1.68
2025-06-01 07:00:00,Direction du vent,Direction du vent,Deg,159.5
2025-06-01 07:00:00,Point de Rosée,Point de Rosée,°c,9.9
2025-06-01 07:00:00,Humidité relative,Humidité relative,%,66.5
2025-06-01 07:00:00,Rayonnement solaire,Rayonnement solaire,W/m²,954.7
2025-06-01 07:00:00,Température,Température,°c,16.1
2025-06-01 05:00:00,Point de Rosée,Point de Rosée,°c,8.4
2025-06-01 05:00:00,Rayonnement solaire,Rayonnement solaire,W/m²,954.2
2025-06-01 05:00:00,Température,Température,°c,11.3
2025-06-01 05:00:00,Direction du vent,Direction du vent,Deg,90.1
2025-06-01 05:00:00,Vitesse du vent,Vitesse du vent,m/s,1.45
2025-06-01 05:00:00,Humidité relative,Humidité relative,%,82.6
2025-05-31 06:00:00,Vitesse du vent,Vitesse du vent,m/s,1.4
2025-05-31 06:00:00,Rayonnement solaire,Rayonnement solaire,W/m²,954.7
2025-05-31 06:00:00,Direction du vent,Direction du vent,Deg,133.1
2025-05-31 06:00:00,Température,Température,°c,11.4
2025-05-31 06:00:00,Humidité relative,Humidité relative,%,83.4
2025-05-31 06:00:00,Point de Rosée,Point de Rosée,°c,8.7
2025-05-31 05:00:00,Point de Rosée,Point de Rosée,°c,8.7
2025-05-31 05:00:00,Humidité relative,Humidité relative,%,87.3
2025-05-31 05:00:00,Température,Température,°c,10.7
2025-05-31 05:00:00,Direction du vent,Direction du vent,Deg,93.9
2025-05-31 05:00:00,Vitesse du vent,Vitesse du vent,m/s,1.06
2025-05-31 05:00:00,Rayonnement solaire,Rayonnement solaire,W/m²,954.4
2025-05-30 11:00:00,Point de Rosée,Point de Rosée,°c,8.5
2025-05-30 11:00:00,Humidité relative,Humidité relative,%,39.2
2025-05-30 11:00:00,Température,Température,°c,23.1
2025-05-30 11:00:00,Direction du vent,Direction du vent,Deg,302.0
2025-05-30 11:00:00,Vitesse du vent,Vitesse du vent,m/s,1.37
2025-05-30 11:00:00,Rayonnement solaire,Rayonnement solaire,W/m²,954.6
2025-05-30 09:00:00,Point de Rosée,Point de Rosée,°c,7.4
2025-05-30 09:00:00,Humidité relative,Humidité relative,%,41.7
2025-05-30 09:00:00,Température,Température,°c,20.9
2025-05-30 09:00:00,Direction du vent,Direction du vent,Deg,295.8
2025-05-30 09:00:00,Vitesse du vent,Vitesse du vent,m/s,2.13
2025-05-30 09:00:00,Rayonnement solaire,Rayonnement solaire,W/m²,954.6
2025-05-30 08:00:00,Point de Rosée,Point de Rosée,°c,8.7
2025-05-30 08:00:00,Humidité relative,Humidité relative,%,49.5
2025-05-30 08:00:00,Température,Température,°c,19.5
2025-05-30 08:00:00,Direction du vent,Direction du vent,Deg,286.4
2025-05-30 08:00:00,Vitesse du vent,Vitesse du vent,m/s,2.19
2025-05-30 08:00:00,Rayonnement solaire,Rayonnement solaire,W/m²,954.5
2025-05-30 07:00:00,Humidité relative,Humidité relative,%,57.0
2025-05-30 07:00:00,Point de Rosée,Point de Rosée,°c,8.5
2025-05-30 07:00:00,Direction du vent,Direction du vent,Deg,261.0
2025-05-30 07:00:00,Vitesse du vent,Vitesse du vent,m/s,0.79
2025-05-30 07:00:00,Température,Température,°c,17.1
2025-05-30 07:00:00,Rayonnement solaire,Rayonnement solaire,W/m²,954.4
2025-05-30 05:00:00,Point de Rosée,Point de Rosée,°c,7.7
2025-05-30 05:00:00,Humidité relative,Humidité relative,%,72.5
2025-05-30 05:00:00,Température,Température,°c,12.5
2025-05-30 05:00:00,Direction du vent,Direction du vent,Deg,54.3
2025-05-30 05:00:00,Vitesse du vent,Vitesse du vent,m/s,1.22
2025-05-30 05:00:00,Rayonnement solaire,Rayonnement solaire,W/m²,954.0
2025-05-29 08:00:00,Point de Rosée,Point de Rosée,°c,5.7
2025-05-29 08:00:00,Rayonnement solaire,Rayonnement solaire,W/m²,955.1
2025-05-29 08:00:00,Humidité relative,Humidité relative,%,40.1
2025-05-29 08:00:00,Température,Température,°c,19.6
2025-05-29 08:00:00,Direction du vent,Direction du vent,Deg,301.8
2025-05-29 08:00:00,Vitesse du vent,Vitesse du vent,m/s,5.43
2025-05-29 07:00:00,Rayonnement solaire,Rayonnement solaire,W/m²,955.4
2025-05-29 07:00:00,Point de Rosée,Point de Rosée,°c,7.2
2025-05-29 07:00:00,Direction du vent,Direction du vent,Deg,114.1
2025-05-29 07:00:00,Humidité relative,Humidité relative,%,62.4
2025-05-29 07:00:00,Vitesse du vent,Vitesse du vent,m/s,0.64
2025-05-29 07:00:00,Température,Température,°c,14.3
2025-05-29 06:00:00,Direction du vent,Direction du vent,Deg,113.5
2025-05-29 06:00:00,Point de Rosée,Point de Rosée,°c,6.3
2025-05-29 06:00:00,Humidité relative,Humidité relative,%,81.7
2025-05-29 06:00:00,Température,Température,°c,9.3
2025-05-29 06:00:00,Vitesse du vent,Vitesse du vent,m/s,0.77
2025-05-29 06:00:00,Rayonnement solaire,Rayonnement solaire,W/m²,955.3
2025-05-29 05:00:00,Humidité relative,Humidité relative,%,82.8
2025-05-29 05:00:00,Vitesse du vent,Vitesse du vent,m/s,1.54
2025-05-29 05:00:00,Point de Rosée,Point de Rosée,°c,6.1
2025-05-29 05:00:00,Direction du vent,Direction du vent,Deg,157.8
2025-05-29 05:00:00,Température,Température,°c,8.9
2025-05-29 05:00:00,Rayonnement solaire,Rayonnement solaire,W/m²,955.0
2025-05-29 01:00:00,Point de Rosée,Point de Rosée,°c,7.8
2025-05-29 01:00:00,Humidité relative,Humidité relative,%,77.9
2025-05-29 01:00:00,Température,Température,°c,11.5
2025-05-29 01:00:00,Direction du vent,Direction du vent,Deg,123.3
2025-05-29 01:00:00,Vitesse du vent,Vitesse du vent,m/s,1.19
2025-05-29 01:00:00,Rayonnement solaire,Rayonnement solaire,W/m²,955.4
2025-05-29 00:00:00,Direction du vent,Direction du vent,Deg,103.9
2025-05-29 00:00:00,Point de Rosée,Point de Rosée,°c,7.5
2025-05-29 00:00:00,Humidité relative,Humidité relative,%,69.3
2025-05-29 00:00:00,Température,Température,°c,13.0
2025-05-29 00:00:00,Vitesse du vent,Vitesse du vent,m/s,1.35
2025-05-29 00:00:00,Rayonnement solaire,Rayonnement solaire,W/m²,955.8
2025-05-28 23:00:00,Point de Rosée,Point de Rosée,°c,8.4
2025-05-28 23:00:00,Humidité relative,Humidité relative,%,59.6
2025-05-28 23:00:00,Température,Température,°c,16.3
2025-05-28 23:00:00,Direction du vent,Direction du vent,Deg,122.5
2025-05-28 23:00:00,Vitesse du vent,Vitesse du vent,m/s,0.9
2025-05-28 23:00:00,Rayonnement solaire,Rayonnement solaire,W/m²,955.9
2025-05-28 22:00:00,Point de Rosée,Point de Rosée,°c,7.9
2025-05-28 22:00:00,Direction du vent,Direction du vent,Deg,342.4
2025-05-28 22:00:00,Humidité relative,Humidité relative,%,54.2
2025-05-28 22:00:00,Rayonnement solaire,Rayonnement solaire,W/m²,955.9
2025-05-28 22:00:00,Température,Température,°c,17.2
2025-05-28 22:00:00,Vitesse du vent,Vitesse du vent,m/s,0.46
2025-05-28 21:00:00,Vitesse du vent,Vitesse du vent,m/s,0.72
2025-05-28 21:00:00,Point de Rosée,Point de Rosée,°c,7.9
2025-05-28 21:00:00,Humidité relative,Humidité relative,%,46.2
2025-05-28 21:00:00,Température,Température,°c,19.8
2025-05-28 21:00:00,Direction du vent,Direction du vent,Deg,41.0
2025-05-28 21:00:00,Rayonnement solaire,Rayonnement solaire,W/m²,955.7
2025-05-28 20:00:00,Direction du vent,Direction du vent,Deg,75.4
2025-05-28 20:00:00,Température,Température,°c,20.5
2025-05-28 20:00:00,Vitesse du vent,Vitesse du vent,m/s,0.62
2025-05-28 20:00:00,Point de Rosée,Point de Rosée,°c,8.6
2025-05-28 20:00:00,Rayonnement solaire,Rayonnement solaire,W/m²,955.1
2025-05-28 20:00:00,Humidité relative,Humidité relative,%,46.3
2025-05-28 19:00:00,Vitesse du vent,Vitesse du vent,m/s,3.86
2025-05-28 19:00:00,Point de Rosée,Point de Rosée,°c,7.1
2025-05-28 19:00:00,Humidité relative,Humidité relative,%,34.0
2025-05-28 19:00:00,Température,Température,°c,24.0
2025-05-28 19:00:00,Direction du vent,Direction du vent,Deg,4.8
2025-05-28 19:00:00,Rayonnement solaire,Rayonnement solaire,W/m²,954.7
2025-05-28 17:00:00,Point de Rosée,Point de Rosée,°c,2.4
2025-05-28 17:00:00,Humidité relative,Humidité relative,%,20.5
2025-05-28 17:00:00,Température,Température,°c,26.9
2025-05-28 17:00:00,Rayonnement solaire,Rayonnement solaire,W/m²,953.9
2025-05-28 17:00:00,Direction du vent,Direction du vent,Deg,355.2
2025-05-28 17:00:00,Vitesse du vent,Vitesse du vent,m/s,4.62
2025-05-28 15:00:00,Point de Rosée,Point de Rosée,°c,2.0
2025-05-28 15:00:00,Humidité relative,Humidité relative,%,19.7
2025-05-28 15:00:00,Température,Température,°c,27.1
2025-05-28 15:00:00,Direction du vent,Direction du vent,Deg,331.4
2025-05-28 15:00:00,Vitesse du vent,Vitesse du vent,m/s,6.31
2025-05-28 15:00:00,Rayonnement solaire,Rayonnement solaire,W/m²,954.3
2025-05-28 13:00:00,Rayonnement solaire,Rayonnement solaire,W/m²,954.6
2025-05-28 13:00:00,Vitesse du vent,Vitesse du vent,m/s,5.82
2025-05-28 13:00:00,Température,Température,°c,26.8
2025-05-28 13:00:00,Direction du vent,Direction du vent,Deg,319.4
2025-05-28 13:00:00,Humidité relative,Humidité relative,%,22.6
2025-05-28 13:00:00,Point de Rosée,Point de Rosée,°c,3.7
2025-05-28 12:00:00,Point de Rosée,Point de Rosée,°c,7.4
2025-05-28 12:00:00,Vitesse du vent,Vitesse du vent,m/s,3.61
2025-05-28 12:00:00,Rayonnement solaire,Rayonnement solaire,W/m²,955.1
2025-05-28 12:00:00,Direction du vent,Direction du vent,Deg,299.3
2025-05-28 12:00:00,Humidité relative,Humidité relative,%,30.7
2025-05-28 12:00:00,Température,Température,°c,26.0
2025-05-28 11:00:00,Rayonnement solaire,Rayonnement solaire,W/m²,955.3
2025-05-28 11:00:00,Point de Rosée,Point de Rosée,°c,7.4
2025-05-28 11:00:00,Humidité relative,Humidité relative,%,33.5
2025-05-28 11:00:00,Température,Température,°c,24.5
2025-05-28 11:00:00,Direction du vent,Direction du vent,Deg,312.1
2025-05-28 11:00:00,Vitesse du vent,Vitesse du vent,m/s,6.18
2025-05-28 10:00:00,Point de Rosée,Point de Rosée,°c,7.4
2025-05-28 10:00:00,Humidité relative,Humidité relative,%,36.9
2025-05-28 10:00:00,Température,Température,°c,22.9
2025-05-28 10:00:00,Direction du vent,Direction du vent,Deg,305.1
2025-05-28 10:00:00,Vitesse du vent,Vitesse du vent,m/s,4.73
2025-05-28 10:00:00,Rayonnement solaire,Rayonnement solaire,W/m²,955.4
2025-05-28 09:00:00,Direction du vent,Direction du vent,Deg,286.2
2025-05-28 09:00:00,Point de Rosée,Point de Rosée,°c,9.0
2025-05-28 09:00:00,Température,Température,°c,21.2
2025-05-28 09:00:00,Vitesse du vent,Vitesse du vent,m/s,2.46
2025-05-28 09:00:00,Humidité relative,Humidité relative,%,45.5
2025-05-28 09:00:00,Rayonnement solaire,Rayonnement solaire,W/m²,955.4
2025-05-28 08:00:00,Direction du vent,Direction du vent,Deg,235.5
2025-05-28 08:00:00,Point de Rosée,Point de Rosée,°c,10.1
2025-05-28 08:00:00,Humidité relative,Humidité relative,%,56.0
2025-05-28 08:00:00,Température,Température,°c,19.1
2025-05-28 08:00:00,Vitesse du vent,Vitesse du vent,m/s,1.4
2025-05-28 08:00:00,Rayonnement solaire,Rayonnement solaire,W/m²,955.1
2025-05-28 07:00:00,Vitesse du vent,Vitesse du vent,m/s,0.75
2025-05-28 07:00:00,Point de Rosée,Point de Rosée,°c,9.1
2025-05-28 07:00:00,Direction du vent,Direction du vent,Deg,111.0
2025-05-28 07:00:00,Humidité relative,Humidité relative,%,67.0
2025-05-28 07:00:00,Rayonnement solaire,Rayonnement solaire,W/m²,954.9
2025-05-28 07:00:00,Température,Température,°c,15.2
2025-05-28 06:00:00,Point de Rosée,Point de Rosée,°c,7.9
2025-05-28 06:00:00,Humidité relative,Humidité relative,%,82.1
2025-05-28 06:00:00,Température,Température,°c,10.8
2025-05-28 06:00:00,Rayonnement solaire,Rayonnement solaire,W/m²,954.3
2025-05-28 06:00:00,Direction du vent,Direction du vent,Deg,133.2
2025-05-28 06:00:00,Vitesse du vent,Vitesse du vent,m/s,1.02
2025-05-28 05:00:00,Vitesse du vent,Vitesse du vent,m/s,0.95
2025-05-28 05:00:00,Point de Rosée,Point de Rosée,°c,7.7
2025-05-28 05:00:00,Humidité relative,Humidité relative,%,86.1
2025-05-28 05:00:00,Température,Température,°c,9.9
2025-05-28 05:00:00,Direction du vent,Direction du vent,Deg,134.8
2025-05-28 05:00:00,Rayonnement solaire,Rayonnement solaire,W/m²,954.4
2025-05-28 00:00:00,Direction du vent,Direction du vent,Deg,119.7
2025-05-28 00:00:00,Point de Rosée,Point de Rosée,°c,8.6
2025-05-28 00:00:00,Vitesse du vent,Vitesse du vent,m/s,1.17
2025-05-28 00:00:00,Température,Température,°c,14.5
2025-05-28 00:00:00,Rayonnement solaire,Rayonnement solaire,W/m²,954.7
2025-05-28 00:00:00,Humidité relative,Humidité relative,%,67.6
2025-05-27 23:00:00,Rayonnement solaire,Rayonnement solaire,W/m²,954.7
2025-05-27 23:00:00,Humidité relative,Humidité relative,%,42.8
2025-05-27 23:00:00,Température,Température,°c,18.1
2025-05-27 23:00:00,Direction du vent,Direction du vent,Deg,84.5
2025-05-27 23:00:00,Vitesse du vent,Vitesse du vent,m/s,1.13
2025-05-27 23:00:00,Point de Rosée,Point de Rosée,°c,5.2
2025-05-27 22:00:00,Point de Rosée,Point de Rosée,°c,6.8
2025-05-27 22:00:00,Humidité relative,Humidité relative,%,43.8
2025-05-27 22:00:00,Température,Température,°c,19.4
2025-05-27 22:00:00,Direction du vent,Direction du vent,Deg,47.5
2025-05-27 22:00:00,Vitesse du vent,Vitesse du vent,m/s,0.96
2025-05-27 22:00:00,Rayonnement solaire,Rayonnement solaire,W/m²,954.3
2025-05-27 21:00:00,Vitesse du vent,Vitesse du vent,m/s,1.32
2025-05-27 21:00:00,Point de Rosée,Point de Rosée,°c,7.9
2025-05-27 21:00:00,Direction du vent,Direction du vent,Deg,61.6
2025-05-27 21:00:00,Humidité relative,Humidité relative,%,44.4
2025-05-27 21:00:00,Rayonnement solaire,Rayonnement solaire,W/m²,953.8
2025-05-27 21:00:00,Température,Température,°c,20.4
2025-05-27 20:00:00,Direction du vent,Direction du vent,Deg,41.0
2025-05-27 20:00:00,Point de Rosée,Point de Rosée,°c,7.6
2025-05-27 20:00:00,Humidité relative,Humidité relative,%,37.2
2025-05-27 20:00:00,Température,Température,°c,23.0
2025-05-27 20:00:00,Vitesse du vent,Vitesse du vent,m/s,1.68
2025-05-27 20:00:00,Rayonnement solaire,Rayonnement solaire,W/m²,952.8
2025-05-27 19:00:00,Point de Rosée,Point de Rosée,°c,8.1
2025-05-27 19:00:00,Direction du vent,Direction du vent,Deg,28.5
2025-05-27 19:00:00,Vitesse du vent,Vitesse du vent,m/s,3.01
2025-05-27 19:00:00,Rayonnement solaire,Rayonnement solaire,W/m²,952.3
2025-05-27 19:00:00,Humidité relative,Humidité relative,%,33.2
2025-05-27 19:00:00,Température,Température,°c,25.5
2025-05-27 18:00:00,Point de Rosée,Point de Rosée,°c,6.5
2025-05-27 18:00:00,Humidité relative,Humidité relative,%,25.9
2025-05-27 18:00:00,Température,Température,°c,27.8
2025-05-27 18:00:00,Direction du vent,Direction du vent,Deg,8.2
2025-05-27 18:00:00,Rayonnement solaire,Rayonnement solaire,W/m²,951.9
2025-05-27 18:00:00,Vitesse du vent,Vitesse du vent,m/s,4.73
2025-05-27 17:00:00,Vitesse du vent,Vitesse du vent,m/s,1.09
2025-05-27 17:00:00,Point de Rosée,Point de Rosée,°c,4.6
2025-05-27 17:00:00,Direction du vent,Direction du vent,Deg,11.3
2025-05-27 17:00:00,Humidité relative,Humidité relative,%,21.6
2025-05-27 17:00:00,Rayonnement solaire,Rayonnement solaire,W/m²,951.8
2025-05-27 17:00:00,Température,Température,°c,28.7
2025-05-27 16:00:00,Direction du vent,Direction du vent,Deg,280.9
2025-05-27 16:00:00,Point de Rosée,Point de Rosée,°c,5.0
2025-05-27 16:00:00,Humidité relative,Humidité relative,%,21.7
2025-05-27 16:00:00,Température,Température,°c,29.0
2025-05-27 16:00:00,Vitesse du vent,Vitesse du vent,m/s,2.85
2025-05-27 16:00:00,Rayonnement solaire,Rayonnement solaire,W/m²,952.1
2025-05-27 15:00:00,Rayonnement solaire,Rayonnement solaire,W/m²,952.4
2025-05-27 15:00:00,Direction du vent,Direction du vent,Deg,337.0
2025-05-27 15:00:00,Humidité relative,Humidité relative,%,19.9
2025-05-27 15:00:00,Vitesse du vent,Vitesse du vent,m/s,3.65
2025-05-27 15:00:00,Température,Température,°c,29.4
2025-05-27 15:00:00,Point de Rosée,Point de Rosée,°c,4.0
2025-05-27 14:00:00,Point de Rosée,Point de Rosée,°c,1.0
2025-05-27 14:00:00,Vitesse du vent,Vitesse du vent,m/s,2.32
2025-05-27 14:00:00,Rayonnement solaire,Rayonnement solaire,W/m²,952.8
2025-05-27 14:00:00,Direction du vent,Direction du vent,Deg,280.4
2025-05-27 14:00:00,Humidité relative,Humidité relative,%,16.5
2025-05-27 14:00:00,Température,Température,°c,28.9
2025-05-27 13:00:00,Rayonnement solaire,Rayonnement solaire,W/m²,953.1
2025-05-27 13:00:00,Point de Rosée,Point de Rosée,°c,1.5
2025-05-27 13:00:00,Humidité relative,Humidité relative,%,18.2
2025-05-27 13:00:00,Température,Température,°c,27.8
2025-05-27 13:00:00,Direction du vent,Direction du vent,Deg,35.1
2025-05-27 13:00:00,Vitesse du vent,Vitesse du vent,m/s,0.3
2025-05-27 12:00:00,Point de Rosée,Point de Rosée,°c,0.9
2025-05-27 12:00:00,Humidité relative,Humidité relative,%,18.6
2025-05-27 12:00:00,Température,Température,°c,26.7
2025-05-27 12:00:00,Direction du vent,Direction du vent,Deg,262.4
2025-05-27 12:00:00,Vitesse du vent,Vitesse du vent,m/s,2.61
2025-05-27 12:00:00,Rayonnement solaire,Rayonnement solaire,W/m²,953.5
2025-05-27 11:00:00,Humidité relative,Humidité relative,%,22.7
2025-05-27 11:00:00,Point de Rosée,Point de Rosée,°c,3.0
2025-05-27 11:00:00,Direction du vent,Direction du vent,Deg,192.8
2025-05-27 11:00:00,Vitesse du vent,Vitesse du vent,m/s,0.25
2025-05-27 11:00:00,Température,Température,°c,25.9
2025-05-27 11:00:00,Rayonnement solaire,Rayonnement solaire,W/m²,953.7
2025-05-27 09:00:00,Point de Rosée,Point de Rosée,°c,6.6
2025-05-27 09:00:00,Humidité relative,Humidité relative,%,36.0
2025-05-27 09:00:00,Température,Température,°c,22.4
2025-05-27 09:00:00,Direction du vent,Direction du vent,Deg,58.2
2025-05-27 09:00:00,Vitesse du vent,Vitesse du vent,m/s,1.13
2025-05-27 09:00:00,Rayonnement solaire,Rayonnement solaire,W/m²,954.1
2025-05-27 08:00:00,Point de Rosée,Point de Rosée,°c,7.8
2025-05-27 08:00:00,Rayonnement solaire,Rayonnement solaire,W/m²,954.2
2025-05-27 08:00:00,Humidité relative,Humidité relative,%,52.4
2025-05-27 08:00:00,Température,Température,°c,17.7
2025-05-27 08:00:00,Direction du vent,Direction du vent,Deg,101.6
2025-05-27 08:00:00,Vitesse du vent,Vitesse du vent,m/s,2.15
2025-05-27 07:00:00,Rayonnement solaire,Rayonnement solaire,W/m²,954.3
2025-05-27 07:00:00,Point de Rosée,Point de Rosée,°c,8.0
2025-05-27 07:00:00,Direction du vent,Direction du vent,Deg,128.0
2025-05-27 07:00:00,Humidité relative,Humidité relative,%,70.0
2025-05-27 07:00:00,Vitesse du vent,Vitesse du vent,m/s,1.7
2025-05-27 07:00:00,Température,Température,°c,13.4
2025-05-27 06:00:00,Direction du vent,Direction du vent,Deg,118.9
2025-05-27 06:00:00,Point de Rosée,Point de Rosée,°c,7.2
2025-05-27 06:00:00,Humidité relative,Humidité relative,%,86.7
2025-05-27 06:00:00,Température,Température,°c,9.3
2025-05-27 06:00:00,Vitesse du vent,Vitesse du vent,m/s,1.76
2025-05-27 06:00:00,Rayonnement solaire,Rayonnement solaire,W/m²,953.9
2025-05-27 05:00:00,Vitesse du vent,Vitesse du vent,m/s,1.45
2025-05-27 05:00:00,Direction du vent,Direction du vent,Deg,140.2
2025-05-27 05:00:00,Température,Température,°c,8.5
2025-05-27 05:00:00,Humidité relative,Humidité relative,%,89.2
2025-05-27 05:00:00,Point de Rosée,Point de Rosée,°c,6.8
2025-05-27 05:00:00,Rayonnement solaire,Rayonnement solaire,W/m²,953.7
2025-05-27 04:00:00,Direction du vent,Direction du vent,Deg,144.8
2025-05-27 04:00:00,Point de Rosée,Point de Rosée,°c,7.1
2025-05-27 04:00:00,Humidité relative,Humidité relative,%,88.5
2025-05-27 04:00:00,Température,Température,°c,8.9
2025-05-27 04:00:00,Vitesse du vent,Vitesse du vent,m/s,1.02
2025-05-27 04:00:00,Rayonnement solaire,Rayonnement solaire,W/m²,953.4
2025-05-27 03:00:00,Vitesse du vent,Vitesse du vent,m/s,0.76
2025-05-27 03:00:00,Point de Rosée,Point de Rosée,°c,8.0
2025-05-27 03:00:00,Direction du vent,Direction du vent,Deg,124.6
2025-05-27 03:00:00,Humidité relative,Humidité relative,%,85.3
2025-05-27 03:00:00,Rayonnement solaire,Rayonnement solaire,W/m²,953.5
2025-05-27 03:00:00,Température,Température,°c,10.3
2025-05-27 02:00:00,Point de Rosée,Point de Rosée,°c,7.5
2025-05-27 02:00:00,Température,Température,°c,11.5
2025-05-27 02:00:00,Vitesse du vent,Vitesse du vent,m/s,1.02
2025-05-27 02:00:00,Direction du vent,Direction du vent,Deg,133.3
2025-05-27 02:00:00,Humidité relative,Humidité relative,%,76.4
2025-05-27 02:00:00,Rayonnement solaire,Rayonnement solaire,W/m²,953.6
2025-05-27 01:00:00,Humidité relative,Humidité relative,%,74.5
2025-05-27 01:00:00,Point de Rosée,Point de Rosée,°c,7.8
2025-05-27 01:00:00,Température,Température,°c,12.2
2025-05-27 01:00:00,Direction du vent,Direction du vent,Deg,126.0
2025-05-27 01:00:00,Vitesse du vent,Vitesse du vent,m/s,2.09
2025-05-27 01:00:00,Rayonnement solaire,Rayonnement solaire,W/m²,954.0
2025-05-27 00:00:00,Direction du vent,Direction du vent,Deg,109.5
2025-05-27 00:00:00,Point de Rosée,Point de Rosée,°c,7.0
2025-05-27 00:00:00,Vitesse du vent,Vitesse du vent,m/s,1.12
2025-05-27 00:00:00,Température,Température,°c,13.5
2025-05-27 00:00:00,Rayonnement solaire,Rayonnement solaire,W/m²,954.1
2025-05-27 00:00:00,Humidité relative,Humidité relative,%,64.8
2025-05-26 23:00:00,Rayonnement solaire,Rayonnement solaire,W/m²,954.3
2025-05-26 23:00:00,Humidité relative,Humidité relative,%,51.8
2025-05-26 23:00:00,Température,Température,°c,16.2
2025-05-26 23:00:00,Direction du vent,Direction du vent,Deg,163.0
2025-05-26 23:00:00,Vitesse du vent,Vitesse du vent,m/s,0.41
2025-05-26 23:00:00,Point de Rosée,Point de Rosée,°c,6.3
2025-05-26 22:00:00,Rayonnement solaire,Rayonnement solaire,W/m²,954.2
2025-05-26 22:00:00,Point de Rosée,Point de Rosée,°c,4.9
2025-05-26 22:00:00,Humidité relative,Humidité relative,%,39.7
2025-05-26 22:00:00,Température,Température,°c,18.9
2025-05-26 22:00:00,Direction du vent,Direction du vent,Deg,200.9
2025-05-26 22:00:00,Vitesse du vent,Vitesse du vent,m/s,0.62
2025-05-26 21:00:00,Vitesse du vent,Vitesse du vent,m/s,3.99
2025-05-26 21:00:00,Direction du vent,Direction du vent,Deg,55.6
2025-05-26 21:00:00,Point de Rosée,Point de Rosée,°c,5.6
2025-05-26 21:00:00,Humidité relative,Humidité relative,%,40.9
2025-05-26 21:00:00,Rayonnement solaire,Rayonnement solaire,W/m²,953.8
2025-05-26 21:00:00,Température,Température,°c,19.2
2025-05-26 19:00:00,Direction du vent,Direction du vent,Deg,40.0
2025-05-26 19:00:00,Point de Rosée,Point de Rosée,°c,6.1
2025-05-26 19:00:00,Humidité relative,Humidité relative,%,31.2
2025-05-26 19:00:00,Température,Température,°c,24.2
2025-05-26 19:00:00,Vitesse du vent,Vitesse du vent,m/s,1.88
2025-05-26 19:00:00,Rayonnement solaire,Rayonnement solaire,W/m²,952.7
2025-05-26 17:00:00,Direction du vent,Direction du vent,Deg,47.3
2025-05-26 17:00:00,Humidité relative,Humidité relative,%,22.9
2025-05-26 17:00:00,Température,Température,°c,27.2
2025-05-26 17:00:00,Vitesse du vent,Vitesse du vent,m/s,2.96
2025-05-26 17:00:00,Point de Rosée,Point de Rosée,°c,4.2
2025-05-26 17:00:00,Rayonnement solaire,Rayonnement solaire,W/m²,951.9
2025-05-26 16:00:00,Direction du vent,Direction du vent,Deg,14.0
2025-05-26 16:00:00,Point de Rosée,Point de Rosée,°c,3.5
2025-05-26 16:00:00,Humidité relative,Humidité relative,%,22.9
2025-05-26 16:00:00,Température,Température,°c,26.4
2025-05-26 16:00:00,Vitesse du vent,Vitesse du vent,m/s,2.13
2025-05-26 16:00:00,Rayonnement solaire,Rayonnement solaire,W/m²,952.3
2025-05-26 15:00:00,Vitesse du vent,Vitesse du vent,m/s,2.92
2025-05-26 15:00:00,Point de Rosée,Point de Rosée,°c,5.1
2025-05-26 15:00:00,Direction du vent,Direction du vent,Deg,347.4
2025-05-26 15:00:00,Humidité relative,Humidité relative,%,25.8
2025-05-26 15:00:00,Rayonnement solaire,Rayonnement solaire,W/m²,952.7
2025-05-26 15:00:00,Température,Température,°c,26.3
2025-05-26 14:00:00,Point de Rosée,Point de Rosée,°c,4.3
2025-05-26 14:00:00,Température,Température,°c,25.8
2025-05-26 14:00:00,Vitesse du vent,Vitesse du vent,m/s,2.0
2025-05-26 14:00:00,Direction du vent,Direction du vent,Deg,297.3
2025-05-26 14:00:00,Humidité relative,Humidité relative,%,25.0
2025-05-26 14:00:00,Rayonnement solaire,Rayonnement solaire,W/m²,953.0
2025-05-26 13:00:00,Humidité relative,Humidité relative,%,27.7
2025-05-26 13:00:00,Point de Rosée,Point de Rosée,°c,5.1
2025-05-26 13:00:00,Température,Température,°c,25.1
2025-05-26 13:00:00,Direction du vent,Direction du vent,Deg,332.1
2025-05-26 13:00:00,Vitesse du vent,Vitesse du vent,m/s,2.98
2025-05-26 13:00:00,Rayonnement solaire,Rayonnement solaire,W/m²,953.4
2025-05-26 12:00:00,Point de Rosée,Point de Rosée,°c,3.9
2025-05-26 12:00:00,Humidité relative,Humidité relative,%,28.0
2025-05-26 12:00:00,Température,Température,°c,23.4
2025-05-26 12:00:00,Direction du vent,Direction du vent,Deg,269.1
2025-05-26 12:00:00,Vitesse du vent,Vitesse du vent,m/s,3.69
2025-05-26 12:00:00,Rayonnement solaire,Rayonnement solaire,W/m²,953.9
2025-05-26 11:00:00,Vitesse du vent,Vitesse du vent,m/s,2.64
2025-05-26 11:00:00,Point de Rosée,Point de Rosée,°c,4.0
2025-05-26 11:00:00,Direction du vent,Direction du vent,Deg,345.0
2025-05-26 11:00:00,Humidité relative,Humidité relative,%,30.1
2025-05-26 11:00:00,Rayonnement solaire,Rayonnement solaire,W/m²,954.0
2025-05-26 11:00:00,Température,Température,°c,22.4
2025-05-26 10:00:00,Point de Rosée,Point de Rosée,°c,5.5
2025-05-26 10:00:00,Humidité relative,Humidité relative,%,37.3
2025-05-26 10:00:00,Température,Température,°c,20.6
2025-05-26 10:00:00,Direction du vent,Direction du vent,Deg,251.3
2025-05-26 10:00:00,Vitesse du vent,Vitesse du vent,m/s,2.18
2025-05-26 10:00:00,Rayonnement solaire,Rayonnement solaire,W/m²,954.3
2025-05-26 09:00:00,Vitesse du vent,Vitesse du vent,m/s,1.63
2025-05-26 09:00:00,Point de Rosée,Point de Rosée,°c,7.9
2025-05-26 09:00:00,Direction du vent,Direction du vent,Deg,348.6
2025-05-26 09:00:00,Humidité relative,Humidité relative,%,48.3
2025-05-26 09:00:00,Rayonnement solaire,Rayonnement solaire,W/m²,954.3
2025-05-26 09:00:00,Température,Température,°c,19.1
2025-05-26 08:00:00,Point de Rosée,Point de Rosée,°c,8.2
2025-05-26 08:00:00,Humidité relative,Humidité relative,%,62.4
2025-05-26 08:00:00,Température,Température,°c,15.4
2025-05-26 08:00:00,Direction du vent,Direction du vent,Deg,117.0
2025-05-26 08:00:00,Vitesse du vent,Vitesse du vent,m/s,1.31
2025-05-26 08:00:00,Rayonnement solaire,Rayonnement solaire,W/m²,954.4
2025-05-26 07:00:00,Vitesse du vent,Vitesse du vent,m/s,1.55
2025-05-26 07:00:00,Point de Rosée,Point de Rosée,°c,7.8
2025-05-26 07:00:00,Direction du vent,Direction du vent,Deg,159.6
2025-05-26 07:00:00,Température,Température,°c,10.9
2025-05-26 07:00:00,Humidité relative,Humidité relative,%,81.3
2025-05-26 07:00:00,Rayonnement solaire,Rayonnement solaire,W/m²,954.4
2025-05-26 06:00:00,Direction du vent,Direction du vent,Deg,135.1
2025-05-26 06:00:00,Vitesse du vent,Vitesse du vent,m/s,0.68
2025-05-26 06:00:00,Point de Rosée,Point de Rosée,°c,7.0
2025-05-26 06:00:00,Humidité relative,Humidité relative,%,99.8
2025-05-26 06:00:00,Rayonnement solaire,Rayonnement solaire,W/m²,954.3
2025-05-26 06:00:00,Température,Température,°c,7.1
2025-05-26 05:00:00,Rayonnement solaire,Rayonnement solaire,W/m²,954.3
2025-05-26 05:00:00,Direction du vent,Direction du vent,Deg,192.8
2025-05-26 05:00:00,Vitesse du vent,Vitesse du vent,m/s,0.24
2025-05-26 05:00:00,Point de Rosée,Point de Rosée,°c,7.1
2025-05-26 05:00:00,Température,Température,°c,7.3
2025-05-26 05:00:00,Humidité relative,Humidité relative,%,99.1
2025-05-26 04:00:00,Humidité relative,Humidité relative,%,98.1
2025-05-26 04:00:00,Point de Rosée,Point de Rosée,°c,7.6
2025-05-26 04:00:00,Température,Température,°c,7.9
2025-05-26 04:00:00,Direction du vent,Direction du vent,Deg,168.4
2025-05-26 04:00:00,Vitesse du vent,Vitesse du vent,m/s,0.45
2025-05-26 04:00:00,Rayonnement solaire,Rayonnement solaire,W/m²,954.3
2025-05-26 03:00:00,Point de Rosée,Point de Rosée,°c,7.8
2025-05-26 03:00:00,Vitesse du vent,Vitesse du vent,m/s,1.4
2025-05-26 03:00:00,Humidité relative,Humidité relative,%,96.2
2025-05-26 03:00:00,Température,Température,°c,8.4
2025-05-26 03:00:00,Direction du vent,Direction du vent,Deg,139.6
2025-05-26 03:00:00,Rayonnement solaire,Rayonnement solaire,W/m²,954.4
2025-05-26 01:00:00,Point de Rosée,Point de Rosée,°c,8.5
2025-05-26 01:00:00,Humidité relative,Humidité relative,%,90.6
2025-05-26 01:00:00,Température,Température,°c,10.0
2025-05-26 01:00:00,Direction du vent,Direction du vent,Deg,88.4
2025-05-26 01:00:00,Vitesse du vent,Vitesse du vent,m/s,0.9
2025-05-26 01:00:00,Rayonnement solaire,Rayonnement solaire,W/m²,954.6
2025-05-25 23:00:00,Point de Rosée,Point de Rosée,°c,9.0
2025-05-25 23:00:00,Humidité relative,Humidité relative,%,83.7
2025-05-25 23:00:00,Température,Température,°c,11.7
2025-05-25 23:00:00,Direction du vent,Direction du vent,Deg,103.6
2025-05-25 23:00:00,Vitesse du vent,Vitesse du vent,m/s,1.04
2025-05-25 23:00:00,Rayonnement solaire,Rayonnement solaire,W/m²,955.2
2025-05-25 21:00:00,Point de Rosée,Point de Rosée,°c,9.0
2025-05-25 21:00:00,Température,Température,°c,15.5
2025-05-25 21:00:00,Humidité relative,Humidité relative,%,65.1
2025-05-25 21:00:00,Vitesse du vent,Vitesse du vent,m/s,1.2
2025-05-25 21:00:00,Direction du vent,Direction du vent,Deg,348.3
2025-05-25 21:00:00,Rayonnement solaire,Rayonnement solaire,W/m²,954.5
2025-05-25 19:00:00,Rayonnement solaire,Rayonnement solaire,W/m²,953.3
2025-05-25 19:00:00,Vitesse du vent,Vitesse du vent,m/s,4.97
2025-05-25 19:00:00,Direction du vent,Direction du vent,Deg,344.9
2025-05-25 19:00:00,Température,Température,°c,19.4
2025-05-25 19:00:00,Humidité relative,Humidité relative,%,51.8
2025-05-25 19:00:00,Point de Rosée,Point de Rosée,°c,9.2
2025-05-25 17:00:00,Point de Rosée,Point de Rosée,°c,7.4
2025-05-25 17:00:00,Direction du vent,Direction du vent,Deg,337.5
2025-05-25 17:00:00,Humidité relative,Humidité relative,%,38.1
2025-05-25 17:00:00,Vitesse du vent,Vitesse du vent,m/s,5.79
2025-05-25 17:00:00,Température,Température,°c,22.4
2025-05-25 17:00:00,Rayonnement solaire,Rayonnement solaire,W/m²,952.4
2025-05-25 15:00:00,Rayonnement solaire,Rayonnement solaire,W/m²,952.3
2025-05-25 15:00:00,Vitesse du vent,Vitesse du vent,m/s,2.92
2025-05-25 15:00:00,Direction du vent,Direction du vent,Deg,342.1
2025-05-25 15:00:00,Température,Température,°c,22.4
2025-05-25 15:00:00,Humidité relative,Humidité relative,%,36.3
2025-05-25 15:00:00,Point de Rosée,Point de Rosée,°c,6.7
2025-05-25 13:00:00,Point de Rosée,Point de Rosée,°c,6.3
2025-05-25 13:00:00,Rayonnement solaire,Rayonnement solaire,W/m²,953.0
2025-05-25 13:00:00,Vitesse du vent,Vitesse du vent,m/s,2.35
2025-05-25 13:00:00,Direction du vent,Direction du vent,Deg,10.4
2025-05-25 13:00:00,Température,Température,°c,20.7
2025-05-25 13:00:00,Humidité relative,Humidité relative,%,39.3
2025-05-25 12:00:00,Humidité relative,Humidité relative,%,38.6
2025-05-25 12:00:00,Rayonnement solaire,Rayonnement solaire,W/m²,953.3
2025-05-25 12:00:00,Température,Température,°c,20.1
2025-05-25 12:00:00,Vitesse du vent,Vitesse du vent,m/s,4.24
2025-05-25 12:00:00,Point de Rosée,Point de Rosée,°c,5.6
2025-05-25 12:00:00,Direction du vent,Direction du vent,Deg,317.6
2025-05-25 11:00:00,Rayonnement solaire,Rayonnement solaire,W/m²,954.0
2025-05-25 11:00:00,Humidité relative,Humidité relative,%,48.6
2025-05-25 11:00:00,Point de Rosée,Point de Rosée,°c,7.0
2025-05-25 11:00:00,Température,Température,°c,18.0
2025-05-25 11:00:00,Vitesse du vent,Vitesse du vent,m/s,0.83
2025-05-25 11:00:00,Direction du vent,Direction du vent,Deg,325.5
2025-05-25 10:00:00,Rayonnement solaire,Rayonnement solaire,W/m²,953.9
2025-05-25 10:00:00,Vitesse du vent,Vitesse du vent,m/s,5.71
2025-05-25 10:00:00,Direction du vent,Direction du vent,Deg,338.1
2025-05-25 10:00:00,Température,Température,°c,17.4
2025-05-25 10:00:00,Humidité relative,Humidité relative,%,49.8
2025-05-25 10:00:00,Point de Rosée,Point de Rosée,°c,6.8
2025-05-25 09:00:00,Humidité relative,Humidité relative,%,52.6
2025-05-25 09:00:00,Point de Rosée,Point de Rosée,°c,7.3
2025-05-25 09:00:00,Température,Température,°c,17.1
2025-05-25 09:00:00,Rayonnement solaire,Rayonnement solaire,W/m²,953.8
2025-05-25 09:00:00,Vitesse du vent,Vitesse du vent,m/s,2.96
2025-05-25 09:00:00,Direction du vent,Direction du vent,Deg,339.9
2025-05-25 08:00:00,Température,Température,°c,14.6
2025-05-25 08:00:00,Vitesse du vent,Vitesse du vent,m/s,3.75
2025-05-25 08:00:00,Rayonnement solaire,Rayonnement solaire,W/m²,953.7
2025-05-25 08:00:00,Point de Rosée,Point de Rosée,°c,8.0
2025-05-25 08:00:00,Humidité relative,Humidité relative,%,64.4
2025-05-25 08:00:00,Direction du vent,Direction du vent,Deg,300.4
2025-05-25 07:00:00,Vitesse du vent,Vitesse du vent,m/s,4.83
2025-05-25 07:00:00,Température,Température,°c,13.7
2025-05-25 07:00:00,Point de Rosée,Point de Rosée,°c,8.3
2025-05-25 07:00:00,Humidité relative,Humidité relative,%,69.9
2025-05-25 07:00:00,Direction du vent,Direction du vent,Deg,298.6
2025-05-25 07:00:00,Rayonnement solaire,Rayonnement solaire,W/m²,952.9
2025-05-25 06:00:00,Point de Rosée,Point de Rosée,°c,8.0
2025-05-25 06:00:00,Humidité relative,Humidité relative,%,79.8
2025-05-25 06:00:00,Température,Température,°c,11.3
2025-05-25 06:00:00,Direction du vent,Direction du vent,Deg,252.3
2025-05-25 06:00:00,Vitesse du vent,Vitesse du vent,m/s,3.61
2025-05-25 06:00:00,Rayonnement solaire,Rayonnement solaire,W/m²,952.2
2025-05-25 05:00:00,Vitesse du vent,Vitesse du vent,m/s,2.39
2025-05-25 05:00:00,Point de Rosée,Point de Rosée,°c,7.8
2025-05-25 05:00:00,Direction du vent,Direction du vent,Deg,271.6
2025-05-25 05:00:00,Humidité relative,Humidité relative,%,81.7
2025-05-25 05:00:00,Rayonnement solaire,Rayonnement solaire,W/m²,952.0
2025-05-25 05:00:00,Température,Température,°c,10.8
2025-05-25 04:00:00,Point de Rosée,Point de Rosée,°c,7.9
2025-05-25 04:00:00,Humidité relative,Humidité relative,%,78.1
2025-05-25 04:00:00,Température,Température,°c,11.6
2025-05-25 04:00:00,Direction du vent,Direction du vent,Deg,296.9
2025-05-25 04:00:00,Vitesse du vent,Vitesse du vent,m/s,1.68
2025-05-25 04:00:00,Rayonnement solaire,Rayonnement solaire,W/m²,951.7
2025-05-25 03:00:00,Point de Rosée,Point de Rosée,°c,8.1
2025-05-25 03:00:00,Direction du vent,Direction du vent,Deg,297.7
2025-05-25 03:00:00,Humidité relative,Humidité relative,%,80.3
2025-05-25 03:00:00,Température,Température,°c,11.4
2025-05-25 03:00:00,Rayonnement solaire,Rayonnement solaire,W/m²,951.6
2025-05-25 03:00:00,Vitesse du vent,Vitesse du vent,m/s,1.79
2025-05-25 02:00:00,Point de Rosée,Point de Rosée,°c,8.1
2025-05-25 02:00:00,Vitesse du vent,Vitesse du vent,m/s,3.05
2025-05-25 02:00:00,Rayonnement solaire,Rayonnement solaire,W/m²,951.5
2025-05-25 02:00:00,Direction du vent,Direction du vent,Deg,302.5
2025-05-25 02:00:00,Humidité relative,Humidité relative,%,79.7
2025-05-25 02:00:00,Température,Température,°c,11.5
2025-05-25 01:00:00,Vitesse du vent,Vitesse du vent,m/s,2.32
2025-05-25 01:00:00,Point de Rosée,Point de Rosée,°c,8.3
2025-05-25 01:00:00,Humidité relative,Humidité relative,%,84.3
2025-05-25 01:00:00,Température,Température,°c,10.9
2025-05-25 01:00:00,Direction du vent,Direction du vent,Deg,290.2
2025-05-25 01:00:00,Rayonnement solaire,Rayonnement solaire,W/m²,951.7
2025-05-25 00:00:00,Point de Rosée,Point de Rosée,°c,8.4
2025-05-25 00:00:00,Humidité relative,Humidité relative,%,81.8
2025-05-25 00:00:00,Température,Température,°c,11.4
2025-05-25 00:00:00,Direction du vent,Direction du vent,Deg,309.5
2025-05-25 00:00:00,Vitesse du vent,Vitesse du vent,m/s,3.21
2025-05-25 00:00:00,Rayonnement solaire,Rayonnement solaire,W/m²,951.6
2025-05-24 23:00:00,Vitesse du vent,Vitesse du vent,m/s,3.52
2025-05-24 23:00:00,Point de Rosée,Point de Rosée,°c,8.4
2025-05-24 23:00:00,Direction du vent,Direction du vent,Deg,294.3
2025-05-24 23:00:00,Humidité relative,Humidité relative,%,79.8
2025-05-24 23:00:00,Rayonnement solaire,Rayonnement solaire,W/m²,951.1
2025-05-24 23:00:00,Température,Température,°c,11.8
2025-05-24 22:00:00,Point de Rosée,Point de Rosée,°c,8.0
2025-05-24 22:00:00,Humidité relative,Humidité relative,%,72.8
2025-05-24 22:00:00,Température,Température,°c,12.7
2025-05-24 22:00:00,Direction du vent,Direction du vent,Deg,300.9
2025-05-24 22:00:00,Vitesse du vent,Vitesse du vent,m/s,3.9
2025-05-24 22:00:00,Rayonnement solaire,Rayonnement solaire,W/m²,951.0
2025-05-24 21:00:00,Direction du vent,Direction du vent,Deg,327.2
2025-05-24 21:00:00,Point de Rosée,Point de Rosée,°c,7.2
2025-05-24 21:00:00,Température,Température,°c,13.2
2025-05-24 21:00:00,Vitesse du vent,Vitesse du vent,m/s,2.97
2025-05-24 21:00:00,Humidité relative,Humidité relative,%,67.0
2025-05-24 21:00:00,Rayonnement solaire,Rayonnement solaire,W/m²,950.7
2025-05-24 20:00:00,Direction du vent,Direction du vent,Deg,346.3
2025-05-24 20:00:00,Point de Rosée,Point de Rosée,°c,7.8
2025-05-24 20:00:00,Humidité relative,Humidité relative,%,62.9
2025-05-24 20:00:00,Température,Température,°c,14.8
2025-05-24 20:00:00,Vitesse du vent,Vitesse du vent,m/s,5.91
2025-05-24 20:00:00,Rayonnement solaire,Rayonnement solaire,W/m²,949.7
2025-05-24 19:00:00,Vitesse du vent,Vitesse du vent,m/s,5.88
2025-05-24 19:00:00,Point de Rosée,Point de Rosée,°c,10.6
2025-05-24 19:00:00,Direction du vent,Direction du vent,Deg,339.5
2025-05-24 19:00:00,Humidité relative,Humidité relative,%,76.7
2025-05-24 19:00:00,Rayonnement solaire,Rayonnement solaire,W/m²,949.1
2025-05-24 19:00:00,Température,Température,°c,14.7
2025-05-24 17:00:00,Point de Rosée,Point de Rosée,°c,5.6
2025-05-24 17:00:00,Humidité relative,Humidité relative,%,45.2
2025-05-24 17:00:00,Température,Température,°c,17.6
2025-05-24 17:00:00,Rayonnement solaire,Rayonnement solaire,W/m²,947.8
2025-05-24 17:00:00,Direction du vent,Direction du vent,Deg,357.5
2025-05-24 17:00:00,Vitesse du vent,Vitesse du vent,m/s,9.7
2025-05-24 16:00:00,Point de Rosée,Point de Rosée,°c,6.2
2025-05-24 16:00:00,Humidité relative,Humidité relative,%,47.2
2025-05-24 16:00:00,Température,Température,°c,17.6
2025-05-24 16:00:00,Direction du vent,Direction du vent,Deg,318.6
2025-05-24 16:00:00,Vitesse du vent,Vitesse du vent,m/s,8.37
2025-05-24 16:00:00,Rayonnement solaire,Rayonnement solaire,W/m²,947.9
2025-05-24 15:00:00,Direction du vent,Direction du vent,Deg,327.9
2025-05-24 15:00:00,Humidité relative,Humidité relative,%,48.8
2025-05-24 15:00:00,Température,Température,°c,17.1
2025-05-24 15:00:00,Vitesse du vent,Vitesse du vent,m/s,5.84
2025-05-24 15:00:00,Rayonnement solaire,Rayonnement solaire,W/m²,947.6
2025-05-24 15:00:00,Point de Rosée,Point de Rosée,°c,6.2
2025-05-24 14:00:00,Point de Rosée,Point de Rosée,°c,7.1
2025-05-24 14:00:00,Vitesse du vent,Vitesse du vent,m/s,8.31
2025-05-24 14:00:00,Rayonnement solaire,Rayonnement solaire,W/m²,947.8
2025-05-24 14:00:00,Direction du vent,Direction du vent,Deg,328.2
2025-05-24 14:00:00,Humidité relative,Humidité relative,%,51.6
2025-05-24 14:00:00,Température,Température,°c,17.2
2025-05-24 13:00:00,Vitesse du vent,Vitesse du vent,m/s,4.39
2025-05-24 13:00:00,Point de Rosée,Point de Rosée,°c,8.7
2025-05-24 13:00:00,Humidité relative,Humidité relative,%,60.4
2025-05-24 13:00:00,Température,Température,°c,16.4
2025-05-24 13:00:00,Direction du vent,Direction du vent,Deg,341.3
2025-05-24 13:00:00,Rayonnement solaire,Rayonnement solaire,W/m²,947.8
2025-05-24 12:00:00,Point de Rosée,Point de Rosée,°c,9.3
2025-05-24 12:00:00,Humidité relative,Humidité relative,%,65.7
2025-05-24 12:00:00,Température,Température,°c,15.7
2025-05-24 12:00:00,Direction du vent,Direction du vent,Deg,338.0
2025-05-24 12:00:00,Vitesse du vent,Vitesse du vent,m/s,5.69
2025-05-24 12:00:00,Rayonnement solaire,Rayonnement solaire,W/m²,947.9
2025-05-24 11:00:00,Vitesse du vent,Vitesse du vent,m/s,4.88
2025-05-24 11:00:00,Point de Rosée,Point de Rosée,°c,8.9
2025-05-24 11:00:00,Direction du vent,Direction du vent,Deg,338.3
2025-05-24 11:00:00,Humidité relative,Humidité relative,%,62.0
2025-05-24 11:00:00,Rayonnement solaire,Rayonnement solaire,W/m²,947.9
2025-05-24 11:00:00,Température,Température,°c,16.2
2025-05-24 10:00:00,Point de Rosée,Point de Rosée,°c,9.0
2025-05-24 10:00:00,Humidité relative,Humidité relative,%,62.0
2025-05-24 10:00:00,Température,Température,°c,16.3
2025-05-24 10:00:00,Direction du vent,Direction du vent,Deg,312.5
2025-05-24 10:00:00,Vitesse du vent,Vitesse du vent,m/s,6.19
2025-05-24 10:00:00,Rayonnement solaire,Rayonnement solaire,W/m²,947.8
2025-05-24 09:00:00,Direction du vent,Direction du vent,Deg,300.8
2025-05-24 09:00:00,Point de Rosée,Point de Rosée,°c,9.6
2025-05-24 09:00:00,Température,Température,°c,15.6
2025-05-24 09:00:00,Vitesse du vent,Vitesse du vent,m/s,4.0
2025-05-24 09:00:00,Humidité relative,Humidité relative,%,67.6
2025-05-24 09:00:00,Rayonnement solaire,Rayonnement solaire,W/m²,947.4
2025-05-24 08:00:00,Direction du vent,Direction du vent,Deg,297.7
2025-05-24 08:00:00,Point de Rosée,Point de Rosée,°c,9.0
2025-05-24 08:00:00,Humidité relative,Humidité relative,%,70.6
2025-05-24 08:00:00,Température,Température,°c,14.2
2025-05-24 08:00:00,Vitesse du vent,Vitesse du vent,m/s,2.68
2025-05-24 08:00:00,Rayonnement solaire,Rayonnement solaire,W/m²,947.9
2025-05-24 07:00:00,Vitesse du vent,Vitesse du vent,m/s,3.68
2025-05-24 07:00:00,Point de Rosée,Point de Rosée,°c,9.7
2025-05-24 07:00:00,Direction du vent,Direction du vent,Deg,295.3
2025-05-24 07:00:00,Humidité relative,Humidité relative,%,80.7
2025-05-24 07:00:00,Rayonnement solaire,Rayonnement solaire,W/m²,947.8
2025-05-24 07:00:00,Température,Température,°c,12.9
2025-05-24 06:00:00,Point de Rosée,Point de Rosée,°c,10.1
2025-05-24 06:00:00,Humidité relative,Humidité relative,%,86.2
2025-05-24 06:00:00,Température,Température,°c,12.4
2025-05-24 06:00:00,Rayonnement solaire,Rayonnement solaire,W/m²,947.4
2025-05-24 06:00:00,Direction du vent,Direction du vent,Deg,296.0
2025-05-24 06:00:00,Vitesse du vent,Vitesse du vent,m/s,2.76
2025-05-24 05:00:00,Vitesse du vent,Vitesse du vent,m/s,1.51
2025-05-24 05:00:00,Point de Rosée,Point de Rosée,°c,10.1
2025-05-24 05:00:00,Humidité relative,Humidité relative,%,86.4
2025-05-24 05:00:00,Température,Température,°c,12.3
2025-05-24 05:00:00,Direction du vent,Direction du vent,Deg,322.4
2025-05-24 05:00:00,Rayonnement solaire,Rayonnement solaire,W/m²,946.7
2025-05-24 04:00:00,Direction du vent,Direction du vent,Deg,208.9
2025-05-24 04:00:00,Point de Rosée,Point de Rosée,°c,9.9
2025-05-24 04:00:00,Vitesse du vent,Vitesse du vent,m/s,0.73
2025-05-24 04:00:00,Température,Température,°c,12.0
2025-05-24 04:00:00,Rayonnement solaire,Rayonnement solaire,W/m²,946.8
2025-05-24 04:00:00,Humidité relative,Humidité relative,%,86.9
2025-05-24 03:00:00,Rayonnement solaire,Rayonnement solaire,W/m²,947.2
2025-05-24 03:00:00,Humidité relative,Humidité relative,%,84.3
2025-05-24 03:00:00,Température,Température,°c,12.3
2025-05-24 03:00:00,Direction du vent,Direction du vent,Deg,272.5
2025-05-24 03:00:00,Vitesse du vent,Vitesse du vent,m/s,0.44
2025-05-24 03:00:00,Point de Rosée,Point de Rosée,°c,9.7
2025-05-24 02:00:00,Point de Rosée,Point de Rosée,°c,8.9
2025-05-24 02:00:00,Humidité relative,Humidité relative,%,78.7
2025-05-24 02:00:00,Température,Température,°c,12.5
2025-05-24 02:00:00,Direction du vent,Direction du vent,Deg,322.1
2025-05-24 02:00:00,Vitesse du vent,Vitesse du vent,m/s,2.29
2025-05-24 02:00:00,Rayonnement solaire,Rayonnement solaire,W/m²,947.7
2025-05-24 01:00:00,Vitesse du vent,Vitesse du vent,m/s,1.91
2025-05-24 01:00:00,Point de Rosée,Point de Rosée,°c,10.1
2025-05-24 01:00:00,Direction du vent,Direction du vent,Deg,333.0
2025-05-24 01:00:00,Humidité relative,Humidité relative,%,84.1
2025-05-24 01:00:00,Rayonnement solaire,Rayonnement solaire,W/m²,947.7
2025-05-24 01:00:00,Température,Température,°c,12.8
2025-05-24 00:00:00,Direction du vent,Direction du vent,Deg,320.0
2025-05-24 00:00:00,Point de Rosée,Point de Rosée,°c,12.5
2025-05-24 00:00:00,Humidité relative,Humidité relative,%,93.0
2025-05-24 00:00:00,Température,Température,°c,13.6
2025-05-24 00:00:00,Vitesse du vent,Vitesse du vent,m/s,0.74
2025-05-24 00:00:00,Rayonnement solaire,Rayonnement solaire,W/m²,948.4
2025-05-23 23:00:00,Point de Rosée,Point de Rosée,°c,13.1
2025-05-23 23:00:00,Direction du vent,Direction du vent,Deg,332.1
2025-05-23 23:00:00,Vitesse du vent,Vitesse du vent,m/s,2.99
2025-05-23 23:00:00,Rayonnement solaire,Rayonnement solaire,W/m²,948.5
2025-05-23 23:00:00,Humidité relative,Humidité relative,%,95.6
2025-05-23 23:00:00,Température,Température,°c,13.8
2025-05-23 22:00:00,Point de Rosée,Point de Rosée,°c,12.5
2025-05-23 22:00:00,Humidité relative,Humidité relative,%,88.9
2025-05-23 22:00:00,Température,Température,°c,14.3
2025-05-23 22:00:00,Direction du vent,Direction du vent,Deg,308.7
2025-05-23 22:00:00,Vitesse du vent,Vitesse du vent,m/s,1.53
2025-05-23 22:00:00,Rayonnement solaire,Rayonnement solaire,W/m²,948.4
2025-05-23 21:00:00,Vitesse du vent,Vitesse du vent,m/s,1.4
2025-05-23 21:00:00,Point de Rosée,Point de Rosée,°c,12.6
2025-05-23 21:00:00,Direction du vent,Direction du vent,Deg,325.5
2025-05-23 21:00:00,Humidité relative,Humidité relative,%,85.0
2025-05-23 21:00:00,Rayonnement solaire,Rayonnement solaire,W/m²,948.2
2025-05-23 21:00:00,Température,Température,°c,15.1
2025-05-23 19:00:00,Point de Rosée,Point de Rosée,°c,11.1
2025-05-23 19:00:00,Humidité relative,Humidité relative,%,68.2
2025-05-23 19:00:00,Température,Température,°c,17.0
2025-05-23 19:00:00,Direction du vent,Direction du vent,Deg,359.4
2025-05-23 19:00:00,Vitesse du vent,Vitesse du vent,m/s,2.64
2025-05-23 19:00:00,Rayonnement solaire,Rayonnement solaire,W/m²,947.3
2025-05-23 18:00:00,Point de Rosée,Point de Rosée,°c,11.7
2025-05-23 18:00:00,Rayonnement solaire,Rayonnement solaire,W/m²,946.6
2025-05-23 18:00:00,Humidité relative,Humidité relative,%,65.7
2025-05-23 18:00:00,Direction du vent,Direction du vent,Deg,27.0
2025-05-23 18:00:00,Température,Température,°c,18.2
2025-05-23 18:00:00,Vitesse du vent,Vitesse du vent,m/s,3.3
2025-05-23 17:00:00,Vitesse du vent,Vitesse du vent,m/s,3.8
2025-05-23 17:00:00,Point de Rosée,Point de Rosée,°c,10.9
2025-05-23 17:00:00,Humidité relative,Humidité relative,%,60.1
2025-05-23 17:00:00,Température,Température,°c,18.8
2025-05-23 17:00:00,Direction du vent,Direction du vent,Deg,347.7
2025-05-23 17:00:00,Rayonnement solaire,Rayonnement solaire,W/m²,946.0
2025-05-23 15:00:00,Point de Rosée,Point de Rosée,°c,11.7
2025-05-23 15:00:00,Vitesse du vent,Vitesse du vent,m/s,5.48
2025-05-23 15:00:00,Température,Température,°c,19.0
2025-05-23 15:00:00,Direction du vent,Direction du vent,Deg,3.0
2025-05-23 15:00:00,Rayonnement solaire,Rayonnement solaire,W/m²,945.7
2025-05-23 15:00:00,Humidité relative,Humidité relative,%,62.5
2025-05-23 14:00:00,Point de Rosée,Point de Rosée,°c,11.6
2025-05-23 14:00:00,Vitesse du vent,Vitesse du vent,m/s,3.28
2025-05-23 14:00:00,Rayonnement solaire,Rayonnement solaire,W/m²,946.5
2025-05-23 14:00:00,Direction du vent,Direction du vent,Deg,6.1
2025-05-23 14:00:00,Humidité relative,Humidité relative,%,61.5
2025-05-23 14:00:00,Température,Température,°c,19.2
2025-05-23 13:00:00,Vitesse du vent,Vitesse du vent,m/s,2.72
2025-05-23 13:00:00,Point de Rosée,Point de Rosée,°c,11.2
2025-05-23 13:00:00,Humidité relative,Humidité relative,%,61.2
2025-05-23 13:00:00,Température,Température,°c,18.9
2025-05-23 13:00:00,Direction du vent,Direction du vent,Deg,20.2
2025-05-23 13:00:00,Rayonnement solaire,Rayonnement solaire,W/m²,946.2
2025-05-23 12:00:00,Point de Rosée,Point de Rosée,°c,11.9
2025-05-23 12:00:00,Humidité relative,Humidité relative,%,67.8
2025-05-23 12:00:00,Température,Température,°c,17.9
2025-05-23 12:00:00,Direction du vent,Direction du vent,Deg,5.1
2025-05-23 12:00:00,Vitesse du vent,Vitesse du vent,m/s,3.86
2025-05-23 12:00:00,Rayonnement solaire,Rayonnement solaire,W/m²,946.7
2025-05-23 11:00:00,Vitesse du vent,Vitesse du vent,m/s,5.11
2025-05-23 11:00:00,Point de Rosée,Point de Rosée,°c,12.1
2025-05-23 11:00:00,Direction du vent,Direction du vent,Deg,342.9
2025-05-23 11:00:00,Humidité relative,Humidité relative,%,73.2
2025-05-23 11:00:00,Rayonnement solaire,Rayonnement solaire,W/m²,946.7
2025-05-23 11:00:00,Température,Température,°c,17.0
2025-05-23 10:00:00,Point de Rosée,Point de Rosée,°c,12.0
2025-05-23 10:00:00,Humidité relative,Humidité relative,%,68.2
2025-05-23 10:00:00,Température,Température,°c,18.0
2025-05-23 10:00:00,Direction du vent,Direction du vent,Deg,319.1
2025-05-23 10:00:00,Vitesse du vent,Vitesse du vent,m/s,2.46
2025-05-23 10:00:00,Rayonnement solaire,Rayonnement solaire,W/m²,946.8
2025-05-23 09:00:00,Direction du vent,Direction du vent,Deg,328.9
2025-05-23 09:00:00,Point de Rosée,Point de Rosée,°c,12.4
2025-05-23 09:00:00,Température,Température,°c,16.6
2025-05-23 09:00:00,Vitesse du vent,Vitesse du vent,m/s,2.52
2025-05-23 09:00:00,Humidité relative,Humidité relative,%,76.4
2025-05-23 09:00:00,Rayonnement solaire,Rayonnement solaire,W/m²,946.7
2025-05-23 08:00:00,Direction du vent,Direction du vent,Deg,312.1
2025-05-23 08:00:00,Point de Rosée,Point de Rosée,°c,12.9
2025-05-23 08:00:00,Humidité relative,Humidité relative,%,78.0
2025-05-23 08:00:00,Température,Température,°c,16.7
2025-05-23 08:00:00,Vitesse du vent,Vitesse du vent,m/s,2.48
2025-05-23 08:00:00,Rayonnement solaire,Rayonnement solaire,W/m²,946.6
2025-05-23 07:00:00,Vitesse du vent,Vitesse du vent,m/s,0.36
2025-05-23 07:00:00,Point de Rosée,Point de Rosée,°c,13.1
2025-05-23 07:00:00,Direction du vent,Direction du vent,Deg,344.0
2025-05-23 07:00:00,Humidité relative,Humidité relative,%,89.5
2025-05-23 07:00:00,Rayonnement solaire,Rayonnement solaire,W/m²,946.9
2025-05-23 07:00:00,Température,Température,°c,14.9
2025-05-23 06:00:00,Point de Rosée,Point de Rosée,°c,13.1
2025-05-23 06:00:00,Humidité relative,Humidité relative,%,93.2
2025-05-23 06:00:00,Température,Température,°c,14.2
2025-05-23 06:00:00,Rayonnement solaire,Rayonnement solaire,W/m²,947.0
2025-05-23 06:00:00,Direction du vent,Direction du vent,Deg,8.5
2025-05-23 06:00:00,Vitesse du vent,Vitesse du vent,m/s,0.84
2025-05-23 05:00:00,Vitesse du vent,Vitesse du vent,m/s,2.67
2025-05-23 05:00:00,Point de Rosée,Point de Rosée,°c,13.0
2025-05-23 05:00:00,Humidité relative,Humidité relative,%,93.1
2025-05-23 05:00:00,Température,Température,°c,14.1
2025-05-23 05:00:00,Direction du vent,Direction du vent,Deg,354.6
2025-05-23 05:00:00,Rayonnement solaire,Rayonnement solaire,W/m²,946.6
2025-05-23 03:00:00,Point de Rosée,Point de Rosée,°c,13.0
2025-05-23 03:00:00,Humidité relative,Humidité relative,%,93.3
2025-05-23 03:00:00,Température,Température,°c,14.1
2025-05-23 03:00:00,Direction du vent,Direction du vent,Deg,20.9
2025-05-23 03:00:00,Vitesse du vent,Vitesse du vent,m/s,1.63
2025-05-23 03:00:00,Rayonnement solaire,Rayonnement solaire,W/m²,945.7
2025-05-23 01:00:00,Point de Rosée,Point de Rosée,°c,14.1
2025-05-23 01:00:00,Humidité relative,Humidité relative,%,93.6
2025-05-23 01:00:00,Température,Température,°c,15.2
2025-05-23 01:00:00,Direction du vent,Direction du vent,Deg,11.8
2025-05-23 01:00:00,Vitesse du vent,Vitesse du vent,m/s,0.68
2025-05-23 01:00:00,Rayonnement solaire,Rayonnement solaire,W/m²,946.6
2025-05-22 23:00:00,Point de Rosée,Point de Rosée,°c,15.7
2025-05-22 23:00:00,Humidité relative,Humidité relative,%,94.4
2025-05-22 23:00:00,Température,Température,°c,16.6
2025-05-22 23:00:00,Direction du vent,Direction du vent,Deg,171.6
2025-05-22 23:00:00,Vitesse du vent,Vitesse du vent,m/s,1.33
2025-05-22 23:00:00,Rayonnement solaire,Rayonnement solaire,W/m²,947.5
2025-05-22 21:00:00,Point de Rosée,Point de Rosée,°c,16.5
2025-05-22 21:00:00,Humidité relative,Humidité relative,%,87.5
2025-05-22 21:00:00,Température,Température,°c,18.6
2025-05-22 21:00:00,Direction du vent,Direction du vent,Deg,358.5
2025-05-22 21:00:00,Vitesse du vent,Vitesse du vent,m/s,1.99
2025-05-22 21:00:00,Rayonnement solaire,Rayonnement solaire,W/m²,947.1
2025-05-22 19:00:00,Point de Rosée,Point de Rosée,°c,17.4
2025-05-22 19:00:00,Humidité relative,Humidité relative,%,86.7
2025-05-22 19:00:00,Température,Température,°c,19.7
2025-05-22 19:00:00,Direction du vent,Direction du vent,Deg,52.9
2025-05-22 19:00:00,Vitesse du vent,Vitesse du vent,m/s,4.99
2025-05-22 19:00:00,Rayonnement solaire,Rayonnement solaire,W/m²,945.0
2025-05-22 17:00:00,Point de Rosée,Point de Rosée,°c,13.8
2025-05-22 17:00:00,Humidité relative,Humidité relative,%,45.7
2025-05-22 17:00:00,Température,Température,°c,26.4
2025-05-22 17:00:00,Direction du vent,Direction du vent,Deg,31.3
2025-05-22 17:00:00,Vitesse du vent,Vitesse du vent,m/s,1.64
2025-05-22 17:00:00,Rayonnement solaire,Rayonnement solaire,W/m²,943.4
2025-05-22 15:00:00,Point de Rosée,Point de Rosée,°c,11.7
2025-05-22 15:00:00,Humidité relative,Humidité relative,%,36.6
2025-05-22 15:00:00,Température,Température,°c,27.9
2025-05-22 15:00:00,Direction du vent,Direction du vent,Deg,343.2
2025-05-22 15:00:00,Vitesse du vent,Vitesse du vent,m/s,4.7
2025-05-22 15:00:00,Rayonnement solaire,Rayonnement solaire,W/m²,943.9
2025-05-22 13:00:00,Point de Rosée,Point de Rosée,°c,14.1
2025-05-22 13:00:00,Humidité relative,Humidité relative,%,46.2
2025-05-22 13:00:00,Température,Température,°c,26.6
2025-05-22 13:00:00,Direction du vent,Direction du vent,Deg,104.7
2025-05-22 13:00:00,Vitesse du vent,Vitesse du vent,m/s,1.56
2025-05-22 13:00:00,Rayonnement solaire,Rayonnement solaire,W/m²,945.5
2025-05-22 11:00:00,Point de Rosée,Point de Rosée,°c,14.0
2025-05-22 11:00:00,Humidité relative,Humidité relative,%,57.9
2025-05-22 11:00:00,Température,Température,°c,22.8
2025-05-22 11:00:00,Direction du vent,Direction du vent,Deg,151.7
2025-05-22 11:00:00,Vitesse du vent,Vitesse du vent,m/s,2.03
2025-05-22 11:00:00,Rayonnement solaire,Rayonnement solaire,W/m²,947.2
2025-05-22 09:00:00,Point de Rosée,Point de Rosée,°c,13.0
2025-05-22 09:00:00,Humidité relative,Humidité relative,%,63.0
2025-05-22 09:00:00,Température,Température,°c,20.3
2025-05-22 09:00:00,Direction du vent,Direction du vent,Deg,179.8
2025-05-22 09:00:00,Vitesse du vent,Vitesse du vent,m/s,3.9
2025-05-22 09:00:00,Rayonnement solaire,Rayonnement solaire,W/m²,947.5
2025-05-22 08:00:00,Direction du vent,Direction du vent,Deg,152.7
2025-05-22 08:00:00,Point de Rosée,Point de Rosée,°c,13.2
2025-05-22 08:00:00,Humidité relative,Humidité relative,%,70.3
2025-05-22 08:00:00,Température,Température,°c,18.7
2025-05-22 08:00:00,Vitesse du vent,Vitesse du vent,m/s,3.49
2025-05-22 08:00:00,Rayonnement solaire,Rayonnement solaire,W/m²,948.1
2025-05-22 07:00:00,Direction du vent,Direction du vent,Deg,166.1
2025-05-22 07:00:00,Température,Température,°c,17.3
2025-05-22 07:00:00,Humidité relative,Humidité relative,%,77.7
2025-05-22 07:00:00,Vitesse du vent,Vitesse du vent,m/s,1.72
2025-05-22 07:00:00,Rayonnement solaire,Rayonnement solaire,W/m²,948.1
2025-05-22 07:00:00,Point de Rosée,Point de Rosée,°c,13.3
2025-05-22 06:00:00,Point de Rosée,Point de Rosée,°c,13.1
2025-05-22 06:00:00,Vitesse du vent,Vitesse du vent,m/s,1.87
2025-05-22 06:00:00,Rayonnement solaire,Rayonnement solaire,W/m²,948.1
2025-05-22 06:00:00,Direction du vent,Direction du vent,Deg,174.9
2025-05-22 06:00:00,Humidité relative,Humidité relative,%,89.0
2025-05-22 06:00:00,Température,Température,°c,14.9
2025-05-22 05:00:00,Vitesse du vent,Vitesse du vent,m/s,1.5
2025-05-22 05:00:00,Point de Rosée,Point de Rosée,°c,12.8
2025-05-22 05:00:00,Humidité relative,Humidité relative,%,89.0
2025-05-22 05:00:00,Température,Température,°c,14.6
2025-05-22 05:00:00,Direction du vent,Direction du vent,Deg,181.6
2025-05-22 05:00:00,Rayonnement solaire,Rayonnement solaire,W/m²,948.1
2025-05-21 05:00:00,Rayonnement solaire,Rayonnement solaire,W/m²,950.9
2025-05-21 05:00:00,Vitesse du vent,Vitesse du vent,m/s,1.84
2025-05-21 05:00:00,Direction du vent,Direction du vent,Deg,29.6
2025-05-21 05:00:00,Température,Température,°c,13.8
2025-05-21 05:00:00,Humidité relative,Humidité relative,%,85.5
2025-05-21 05:00:00,Point de Rosée,Point de Rosée,°c,11.4
2025-05-21 03:00:00,Rayonnement solaire,Rayonnement solaire,W/m²,950.3
2025-05-21 03:00:00,Vitesse du vent,Vitesse du vent,m/s,0.67
2025-05-21 03:00:00,Direction du vent,Direction du vent,Deg,300.2
2025-05-21 03:00:00,Température,Température,°c,14.2
2025-05-21 03:00:00,Humidité relative,Humidité relative,%,81.8
2025-05-21 03:00:00,Point de Rosée,Point de Rosée,°c,11.1
2025-05-21 01:00:00,Température,Température,°c,16.0
2025-05-21 01:00:00,Rayonnement solaire,Rayonnement solaire,W/m²,950.1
2025-05-21 01:00:00,Vitesse du vent,Vitesse du vent,m/s,1.56
2025-05-21 01:00:00,Direction du vent,Direction du vent,Deg,32.8
2025-05-21 01:00:00,Humidité relative,Humidité relative,%,77.6
2025-05-21 01:00:00,Point de Rosée,Point de Rosée,°c,12.0
2025-05-20 23:00:00,Rayonnement solaire,Rayonnement solaire,W/m²,950.3
2025-05-20 23:00:00,Vitesse du vent,Vitesse du vent,m/s,2.16
2025-05-20 23:00:00,Direction du vent,Direction du vent,Deg,76.7
2025-05-20 23:00:00,Température,Température,°c,17.3
2025-05-20 23:00:00,Humidité relative,Humidité relative,%,72.6
2025-05-20 23:00:00,Point de Rosée,Point de Rosée,°c,12.3
2025-05-20 21:00:00,Rayonnement solaire,Rayonnement solaire,W/m²,951.6
2025-05-20 21:00:00,Vitesse du vent,Vitesse du vent,m/s,3.0
2025-05-20 21:00:00,Direction du vent,Direction du vent,Deg,291.8
2025-05-20 21:00:00,Température,Température,°c,18.7
2025-05-20 21:00:00,Humidité relative,Humidité relative,%,69.8
2025-05-20 21:00:00,Point de Rosée,Point de Rosée,°c,13.0
2025-05-20 19:00:00,Rayonnement solaire,Rayonnement solaire,W/m²,949.1
2025-05-20 19:00:00,Vitesse du vent,Vitesse du vent,m/s,2.84
2025-05-20 19:00:00,Direction du vent,Direction du vent,Deg,11.3
2025-05-20 19:00:00,Température,Température,°c,22.5
2025-05-20 19:00:00,Humidité relative,Humidité relative,%,54.0
2025-05-20 19:00:00,Point de Rosée,Point de Rosée,°c,12.7
2025-05-20 17:00:00,Rayonnement solaire,Rayonnement solaire,W/m²,948.3
2025-05-20 17:00:00,Vitesse du vent,Vitesse du vent,m/s,7.15
2025-05-20 17:00:00,Direction du vent,Direction du vent,Deg,57.3
2025-05-20 17:00:00,Température,Température,°c,26.7
2025-05-20 17:00:00,Humidité relative,Humidité relative,%,46.3
2025-05-20 17:00:00,Point de Rosée,Point de Rosée,°c,14.2
2025-05-20 15:00:00,Rayonnement solaire,Rayonnement solaire,W/m²,947.9
2025-05-20 15:00:00,Vitesse du vent,Vitesse du vent,m/s,6.56
2025-05-20 15:00:00,Direction du vent,Direction du vent,Deg,356.2
2025-05-20 15:00:00,Température,Température,°c,27.9
2025-05-20 15:00:00,Humidité relative,Humidité relative,%,45.7
2025-05-20 15:00:00,Point de Rosée,Point de Rosée,°c,15.1
2025-05-20 13:00:00,Rayonnement solaire,Rayonnement solaire,W/m²,948.2
2025-05-20 13:00:00,Vitesse du vent,Vitesse du vent,m/s,4.15
2025-05-20 13:00:00,Direction du vent,Direction du vent,Deg,310.7
2025-05-20 13:00:00,Température,Température,°c,32.3
2025-05-20 13:00:00,Humidité relative,Humidité relative,%,19.8
2025-05-20 13:00:00,Point de Rosée,Point de Rosée,°c,6.3
2025-05-20 11:00:00,Rayonnement solaire,Rayonnement solaire,W/m²,949.7
2025-05-20 11:00:00,Vitesse du vent,Vitesse du vent,m/s,0.62
2025-05-20 11:00:00,Direction du vent,Direction du vent,Deg,176.0
2025-05-20 11:00:00,Température,Température,°c,30.1
2025-05-20 11:00:00,Humidité relative,Humidité relative,%,32.4
2025-05-20 11:00:00,Point de Rosée,Point de Rosée,°c,11.8
2025-05-20 09:00:00,Rayonnement solaire,Rayonnement solaire,W/m²,950.8
2025-05-20 09:00:00,Vitesse du vent,Vitesse du vent,m/s,0.37
2025-05-20 09:00:00,Direction du vent,Direction du vent,Deg,189.7
2025-05-20 09:00:00,Température,Température,°c,24.9
2025-05-20 09:00:00,Humidité relative,Humidité relative,%,42.0
2025-05-20 09:00:00,Point de Rosée,Point de Rosée,°c,11.1
2025-05-20 07:00:00,Rayonnement solaire,Rayonnement solaire,W/m²,951.4
2025-05-20 07:00:00,Vitesse du vent,Vitesse du vent,m/s,1.76
2025-05-20 07:00:00,Direction du vent,Direction du vent,Deg,344.4
2025-05-20 07:00:00,Température,Température,°c,17.2
2025-05-20 07:00:00,Humidité relative,Humidité relative,%,68.6
2025-05-20 07:00:00,Point de Rosée,Point de Rosée,°c,11.4
2025-05-20 06:00:00,Rayonnement solaire,Rayonnement solaire,W/m²,950.6
2025-05-20 06:00:00,Vitesse du vent,Vitesse du vent,m/s,1.14
2025-05-20 06:00:00,Direction du vent,Direction du vent,Deg,89.4
2025-05-20 06:00:00,Température,Température,°c,15.1
2025-05-20 06:00:00,Humidité relative,Humidité relative,%,75.2
2025-05-20 06:00:00,Point de Rosée,Point de Rosée,°c,10.7
2025-05-20 05:00:00,Rayonnement solaire,Rayonnement solaire,W/m²,950.1
2025-05-20 05:00:00,Vitesse du vent,Vitesse du vent,m/s,1.95
2025-05-20 05:00:00,Direction du vent,Direction du vent,Deg,148.7
2025-05-20 05:00:00,Température,Température,°c,15.1
2025-05-20 05:00:00,Humidité relative,Humidité relative,%,75.0
2025-05-20 05:00:00,Point de Rosée,Point de Rosée,°c,10.7
2025-05-20 04:00:00,Rayonnement solaire,Rayonnement solaire,W/m²,950.1
2025-05-20 04:00:00,Vitesse du vent,Vitesse du vent,m/s,2.09
2025-05-20 04:00:00,Direction du vent,Direction du vent,Deg,112.3
2025-05-20 04:00:00,Température,Température,°c,16.0
2025-05-20 04:00:00,Humidité relative,Humidité relative,%,71.5
2025-05-20 04:00:00,Point de Rosée,Point de Rosée,°c,10.9
2025-05-20 03:00:00,Rayonnement solaire,Rayonnement solaire,W/m²,950.5
2025-05-20 03:00:00,Vitesse du vent,Vitesse du vent,m/s,2.58
2025-05-20 03:00:00,Direction du vent,Direction du vent,Deg,190.6
2025-05-20 03:00:00,Température,Température,°c,16.3
2025-05-20 03:00:00,Humidité relative,Humidité relative,%,72.4
2025-05-20 03:00:00,Point de Rosée,Point de Rosée,°c,11.3
2025-05-20 02:00:00,Rayonnement solaire,Rayonnement solaire,W/m²,950.9
2025-05-20 02:00:00,Vitesse du vent,Vitesse du vent,m/s,0.45
2025-05-20 02:00:00,Direction du vent,Direction du vent,Deg,205.4
2025-05-20 02:00:00,Température,Température,°c,20.8
2025-05-20 02:00:00,Humidité relative,Humidité relative,%,49.2
2025-05-20 02:00:00,Point de Rosée,Point de Rosée,°c,9.8
2025-05-20 01:00:00,Rayonnement solaire,Rayonnement solaire,W/m²,950.9
2025-05-20 01:00:00,Vitesse du vent,Vitesse du vent,m/s,0.82
2025-05-20 01:00:00,Direction du vent,Direction du vent,Deg,118.8
2025-05-20 01:00:00,Température,Température,°c,18.6
2025-05-20 01:00:00,Humidité relative,Humidité relative,%,62.2
2025-05-20 01:00:00,Point de Rosée,Point de Rosée,°c,11.2
2025-05-20 00:00:00,Rayonnement solaire,Rayonnement solaire,W/m²,951.2
2025-05-20 00:00:00,Point de Rosée,Point de Rosée,°c,12.0
2025-05-20 00:00:00,Humidité relative,Humidité relative,%,66.0
2025-05-20 00:00:00,Vitesse du vent,Vitesse du vent,m/s,2.31
2025-05-20 00:00:00,Température,Température,°c,18.4
2025-05-20 00:00:00,Direction du vent,Direction du vent,Deg,110.5
