Date,nom_ar,nom_fr,unite,valeur
2025-06-19 10:00:00,Dew Point,Dew Point,°C,17.96
2025-06-19 10:00:00,VPD,VPD,mbar,18.6
2025-06-19 10:00:00,DeltaT,DeltaT,°C,7.0
2025-06-19 10:00:00,Wind gust,Wind gust,m/s,3.5
2025-06-19 10:00:00,U-sonic wind speed,U-sonic wind speed,m/s,1.6
2025-06-19 10:00:00,U-sonic wind dir,U-sonic wind dir,deg,352.0
2025-06-19 10:00:00,HC Air temperature,HC Air temperature,°C,28.6
2025-06-19 10:00:00,HC Relative humidity,HC Relative humidity,%,52.57
2025-06-19 10:00:00,Solar radiation,Solar radiation,W/m2,893.0
2025-06-19 10:00:00,Battery,Battery,mV,6889.0
2025-06-19 10:00:00,Solar Panel,Solar Panel,mV,10274.0
2025-06-19 09:00:00,Battery,Battery,mV,6882.0
2025-06-19 09:00:00,Solar Panel,Solar Panel,mV,9600.0
2025-06-19 09:00:00,Solar radiation,Solar radiation,W/m2,754.0
2025-06-19 09:00:00,HC Relative humidity,HC Relative humidity,%,53.43
2025-06-19 09:00:00,HC Air temperature,HC Air temperature,°C,28.26
2025-06-19 09:00:00,U-sonic wind dir,U-sonic wind dir,deg,12.0
2025-06-19 09:00:00,U-sonic wind speed,U-sonic wind speed,m/s,1.3
2025-06-19 09:00:00,Wind gust,Wind gust,m/s,3.0
2025-06-19 09:00:00,DeltaT,DeltaT,°C,7.0
2025-06-19 09:00:00,VPD,VPD,mbar,17.9
2025-06-19 09:00:00,Dew Point,Dew Point,°C,17.89
2025-06-19 08:00:00,Dew Point,Dew Point,°C,18.33
2025-06-19 08:00:00,VPD,VPD,mbar,14.2
2025-06-19 08:00:00,DeltaT,DeltaT,°C,6.0
2025-06-19 08:00:00,Wind gust,Wind gust,m/s,2.7
2025-06-19 08:00:00,U-sonic wind speed,U-sonic wind speed,m/s,1.1
2025-06-19 08:00:00,U-sonic wind dir,U-sonic wind dir,deg,340.0
2025-06-19 08:00:00,HC Air temperature,HC Air temperature,°C,26.82
2025-06-19 08:00:00,HC Relative humidity,HC Relative humidity,%,59.81
2025-06-19 08:00:00,Solar radiation,Solar radiation,W/m2,561.0
2025-06-19 08:00:00,Solar Panel,Solar Panel,mV,7032.0
2025-06-19 08:00:00,Battery,Battery,mV,6755.0
2025-06-19 07:00:00,VPD,VPD,mbar,8.7
2025-06-19 07:00:00,Battery,Battery,mV,6731.0
2025-06-19 07:00:00,Solar Panel,Solar Panel,mV,7000.0
2025-06-19 07:00:00,Solar radiation,Solar radiation,W/m2,337.0
2025-06-19 07:00:00,HC Relative humidity,HC Relative humidity,%,73.33
2025-06-19 07:00:00,HC Air temperature,HC Air temperature,°C,25.38
2025-06-19 07:00:00,U-sonic wind dir,U-sonic wind dir,deg,306.0
2025-06-19 07:00:00,U-sonic wind speed,U-sonic wind speed,m/s,0.6
2025-06-19 07:00:00,Wind gust,Wind gust,m/s,2.2
2025-06-19 07:00:00,DeltaT,DeltaT,°C,4.0
2025-06-19 07:00:00,Dew Point,Dew Point,°C,20.23
2025-06-19 06:00:00,Battery,Battery,mV,6624.0
2025-06-19 06:00:00,Solar Panel,Solar Panel,mV,6894.0
2025-06-19 06:00:00,Solar radiation,Solar radiation,W/m2,160.0
2025-06-19 06:00:00,HC Relative humidity,HC Relative humidity,%,99.46
2025-06-19 06:00:00,HC Air temperature,HC Air temperature,°C,21.53
2025-06-19 06:00:00,U-sonic wind dir,U-sonic wind dir,deg,305.0
2025-06-19 06:00:00,U-sonic wind speed,U-sonic wind speed,m/s,0.2
2025-06-19 06:00:00,Wind gust,Wind gust,m/s,0.8
2025-06-19 06:00:00,DeltaT,DeltaT,°C,0.0
2025-06-19 06:00:00,VPD,VPD,mbar,0.2
2025-06-19 06:00:00,Dew Point,Dew Point,°C,21.43
2025-06-19 05:00:00,Battery,Battery,mV,6475.0
2025-06-19 05:00:00,Solar Panel,Solar Panel,mV,6728.0
2025-06-19 05:00:00,Solar radiation,Solar radiation,W/m2,20.0
2025-06-19 05:00:00,HC Relative humidity,HC Relative humidity,%,99.83
2025-06-19 05:00:00,HC Air temperature,HC Air temperature,°C,18.01
2025-06-19 05:00:00,U-sonic wind dir,U-sonic wind dir,deg,28.0
2025-06-19 05:00:00,U-sonic wind speed,U-sonic wind speed,m/s,0.2
2025-06-19 05:00:00,Wind gust,Wind gust,m/s,0.5
2025-06-19 05:00:00,DeltaT,DeltaT,°C,0.0
2025-06-19 05:00:00,VPD,VPD,mbar,0.0
2025-06-19 05:00:00,Dew Point,Dew Point,°C,17.99
2025-06-19 04:00:00,U-sonic wind speed,U-sonic wind speed,m/s,0.3
2025-06-19 04:00:00,Solar Panel,Solar Panel,mV,453.0
2025-06-19 04:00:00,Solar radiation,Solar radiation,W/m2,0.0
2025-06-19 04:00:00,HC Relative humidity,HC Relative humidity,%,99.84
2025-06-19 04:00:00,HC Air temperature,HC Air temperature,°C,18.34
2025-06-19 04:00:00,U-sonic wind dir,U-sonic wind dir,deg,50.0
2025-06-19 04:00:00,Battery,Battery,mV,6439.0
2025-06-19 04:00:00,Wind gust,Wind gust,m/s,0.7
2025-06-19 04:00:00,DeltaT,DeltaT,°C,0.0
2025-06-19 04:00:00,VPD,VPD,mbar,0.0
2025-06-19 04:00:00,Dew Point,Dew Point,°C,18.31
2025-06-19 03:00:00,Battery,Battery,mV,6453.0
2025-06-19 03:00:00,Solar Panel,Solar Panel,mV,0.0
2025-06-19 03:00:00,Solar radiation,Solar radiation,W/m2,0.0
2025-06-19 03:00:00,HC Relative humidity,HC Relative humidity,%,99.87
2025-06-19 03:00:00,HC Air temperature,HC Air temperature,°C,20.0
2025-06-19 03:00:00,U-sonic wind dir,U-sonic wind dir,deg,20.0
2025-06-19 03:00:00,U-sonic wind speed,U-sonic wind speed,m/s,0.2
2025-06-19 03:00:00,Wind gust,Wind gust,m/s,0.5
2025-06-19 03:00:00,DeltaT,DeltaT,°C,0.0
2025-06-19 03:00:00,VPD,VPD,mbar,0.0
2025-06-19 03:00:00,Dew Point,Dew Point,°C,19.97
2025-06-19 02:00:00,Dew Point,Dew Point,°C,21.61
2025-06-19 02:00:00,DeltaT,DeltaT,°C,0.0
2025-06-19 02:00:00,Wind gust,Wind gust,m/s,1.2
2025-06-19 02:00:00,U-sonic wind speed,U-sonic wind speed,m/s,0.3
2025-06-19 02:00:00,U-sonic wind dir,U-sonic wind dir,deg,12.0
2025-06-19 02:00:00,HC Air temperature,HC Air temperature,°C,21.63
2025-06-19 02:00:00,HC Relative humidity,HC Relative humidity,%,99.9
2025-06-19 02:00:00,Solar radiation,Solar radiation,W/m2,0.0
2025-06-19 02:00:00,Solar Panel,Solar Panel,mV,0.0
2025-06-19 02:00:00,Battery,Battery,mV,6466.0
2025-06-19 02:00:00,VPD,VPD,mbar,0.0
2025-06-19 01:00:00,VPD,VPD,mbar,0.0
2025-06-19 01:00:00,Battery,Battery,mV,6470.0
2025-06-19 01:00:00,Solar Panel,Solar Panel,mV,0.0
2025-06-19 01:00:00,Solar radiation,Solar radiation,W/m2,0.0
2025-06-19 01:00:00,HC Relative humidity,HC Relative humidity,%,99.88
2025-06-19 01:00:00,HC Air temperature,HC Air temperature,°C,21.41
2025-06-19 01:00:00,U-sonic wind dir,U-sonic wind dir,deg,41.0
2025-06-19 01:00:00,U-sonic wind speed,U-sonic wind speed,m/s,0.5
2025-06-19 01:00:00,Wind gust,Wind gust,m/s,1.6
2025-06-19 01:00:00,DeltaT,DeltaT,°C,0.0
2025-06-19 01:00:00,Dew Point,Dew Point,°C,21.39
2025-06-19 00:00:00,Battery,Battery,mV,6484.0
2025-06-19 00:00:00,DeltaT,DeltaT,°C,0.0
2025-06-19 00:00:00,Wind gust,Wind gust,m/s,1.2
2025-06-19 00:00:00,U-sonic wind speed,U-sonic wind speed,m/s,0.5
2025-06-19 00:00:00,U-sonic wind dir,U-sonic wind dir,deg,22.0
2025-06-19 00:00:00,HC Air temperature,HC Air temperature,°C,21.9
2025-06-19 00:00:00,HC Relative humidity,HC Relative humidity,%,99.88
2025-06-19 00:00:00,Solar radiation,Solar radiation,W/m2,0.0
2025-06-19 00:00:00,Solar Panel,Solar Panel,mV,0.0
2025-06-19 00:00:00,Dew Point,Dew Point,°C,21.88
2025-06-19 00:00:00,VPD,VPD,mbar,0.0
2025-06-18 23:00:00,Solar Panel,Solar Panel,mV,0.0
2025-06-18 23:00:00,Dew Point,Dew Point,°C,22.51
2025-06-18 23:00:00,VPD,VPD,mbar,0.0
2025-06-18 23:00:00,DeltaT,DeltaT,°C,0.0
2025-06-18 23:00:00,Wind gust,Wind gust,m/s,1.7
2025-06-18 23:00:00,U-sonic wind speed,U-sonic wind speed,m/s,0.4
2025-06-18 23:00:00,U-sonic wind dir,U-sonic wind dir,deg,27.0
2025-06-18 23:00:00,HC Air temperature,HC Air temperature,°C,22.53
2025-06-18 23:00:00,HC Relative humidity,HC Relative humidity,%,99.89
2025-06-18 23:00:00,Solar radiation,Solar radiation,W/m2,0.0
2025-06-18 23:00:00,Battery,Battery,mV,6488.0
2025-06-18 22:00:00,Battery,Battery,mV,6493.0
2025-06-18 22:00:00,Dew Point,Dew Point,°C,22.97
2025-06-18 22:00:00,VPD,VPD,mbar,0.0
2025-06-18 22:00:00,DeltaT,DeltaT,°C,0.0
2025-06-18 22:00:00,Wind gust,Wind gust,m/s,1.3
2025-06-18 22:00:00,U-sonic wind speed,U-sonic wind speed,m/s,0.5
2025-06-18 22:00:00,U-sonic wind dir,U-sonic wind dir,deg,20.0
2025-06-18 22:00:00,HC Air temperature,HC Air temperature,°C,22.98
2025-06-18 22:00:00,HC Relative humidity,HC Relative humidity,%,99.9
2025-06-18 22:00:00,Solar radiation,Solar radiation,W/m2,0.0
2025-06-18 22:00:00,Solar Panel,Solar Panel,mV,0.0
2025-06-18 21:00:00,Battery,Battery,mV,6499.0
2025-06-18 21:00:00,Dew Point,Dew Point,°C,23.78
2025-06-18 21:00:00,VPD,VPD,mbar,0.7
2025-06-18 21:00:00,DeltaT,DeltaT,°C,0.0
2025-06-18 21:00:00,Wind gust,Wind gust,m/s,2.3
2025-06-18 21:00:00,U-sonic wind speed,U-sonic wind speed,m/s,0.8
2025-06-18 21:00:00,U-sonic wind dir,U-sonic wind dir,deg,48.0
2025-06-18 21:00:00,HC Air temperature,HC Air temperature,°C,24.16
2025-06-18 21:00:00,HC Relative humidity,HC Relative humidity,%,97.8
2025-06-18 21:00:00,Solar radiation,Solar radiation,W/m2,0.0
2025-06-18 21:00:00,Solar Panel,Solar Panel,mV,0.0
2025-06-18 20:00:00,Solar Panel,Solar Panel,mV,0.0
2025-06-18 20:00:00,Dew Point,Dew Point,°C,23.33
2025-06-18 20:00:00,VPD,VPD,mbar,3.2
2025-06-18 20:00:00,DeltaT,DeltaT,°C,1.0
2025-06-18 20:00:00,Wind gust,Wind gust,m/s,2.8
2025-06-18 20:00:00,U-sonic wind speed,U-sonic wind speed,m/s,1.0
2025-06-18 20:00:00,U-sonic wind dir,U-sonic wind dir,deg,36.0
2025-06-18 20:00:00,HC Air temperature,HC Air temperature,°C,25.12
2025-06-18 20:00:00,HC Relative humidity,HC Relative humidity,%,89.89
2025-06-18 20:00:00,Solar radiation,Solar radiation,W/m2,0.0
2025-06-18 20:00:00,Battery,Battery,mV,6493.0
2025-06-18 19:00:00,Battery,Battery,mV,6577.0
2025-06-18 19:00:00,Dew Point,Dew Point,°C,21.99
2025-06-18 19:00:00,VPD,VPD,mbar,6.3
2025-06-18 19:00:00,DeltaT,DeltaT,°C,3.0
2025-06-18 19:00:00,Wind gust,Wind gust,m/s,2.3
2025-06-18 19:00:00,U-sonic wind speed,U-sonic wind speed,m/s,1.0
2025-06-18 19:00:00,U-sonic wind dir,U-sonic wind dir,deg,55.0
2025-06-18 19:00:00,HC Air temperature,HC Air temperature,°C,25.54
2025-06-18 19:00:00,HC Relative humidity,HC Relative humidity,%,80.79
2025-06-18 19:00:00,Solar radiation,Solar radiation,W/m2,15.0
2025-06-18 19:00:00,Solar Panel,Solar Panel,mV,917.0
2025-06-18 18:00:00,Battery,Battery,mV,6840.0
2025-06-18 18:00:00,Dew Point,Dew Point,°C,21.81
2025-06-18 18:00:00,VPD,VPD,mbar,8.4
2025-06-18 18:00:00,DeltaT,DeltaT,°C,3.0
2025-06-18 18:00:00,Wind gust,Wind gust,m/s,2.9
2025-06-18 18:00:00,U-sonic wind speed,U-sonic wind speed,m/s,1.1
2025-06-18 18:00:00,U-sonic wind dir,U-sonic wind dir,deg,72.0
2025-06-18 18:00:00,HC Air temperature,HC Air temperature,°C,26.46
2025-06-18 18:00:00,HC Relative humidity,HC Relative humidity,%,75.67
2025-06-18 18:00:00,Solar radiation,Solar radiation,W/m2,133.0
2025-06-18 18:00:00,Solar Panel,Solar Panel,mV,7079.0
2025-06-18 17:00:00,Solar Panel,Solar Panel,mV,8068.0
2025-06-18 17:00:00,Dew Point,Dew Point,°C,22.98
2025-06-18 17:00:00,VPD,VPD,mbar,8.3
2025-06-18 17:00:00,DeltaT,DeltaT,°C,3.0
2025-06-18 17:00:00,Wind gust,Wind gust,m/s,3.8
2025-06-18 17:00:00,U-sonic wind speed,U-sonic wind speed,m/s,1.5
2025-06-18 17:00:00,U-sonic wind dir,U-sonic wind dir,deg,78.0
2025-06-18 17:00:00,HC Air temperature,HC Air temperature,°C,27.32
2025-06-18 17:00:00,HC Relative humidity,HC Relative humidity,%,77.27
2025-06-18 17:00:00,Solar radiation,Solar radiation,W/m2,358.0
2025-06-18 17:00:00,Battery,Battery,mV,6878.0
2025-06-18 16:00:00,Solar Panel,Solar Panel,mV,10412.0
2025-06-18 16:00:00,Dew Point,Dew Point,°C,22.49
2025-06-18 16:00:00,VPD,VPD,mbar,10.4
2025-06-18 16:00:00,DeltaT,DeltaT,°C,4.0
2025-06-18 16:00:00,Wind gust,Wind gust,m/s,4.4
2025-06-18 16:00:00,U-sonic wind speed,U-sonic wind speed,m/s,2.0
2025-06-18 16:00:00,U-sonic wind dir,U-sonic wind dir,deg,74.0
2025-06-18 16:00:00,HC Air temperature,HC Air temperature,°C,27.92
2025-06-18 16:00:00,HC Relative humidity,HC Relative humidity,%,72.38
2025-06-18 16:00:00,Solar radiation,Solar radiation,W/m2,525.0
2025-06-18 16:00:00,Battery,Battery,mV,6887.0
2025-06-18 15:00:00,Solar Panel,Solar Panel,mV,10309.0
2025-06-18 15:00:00,Dew Point,Dew Point,°C,22.28
2025-06-18 15:00:00,VPD,VPD,mbar,11.9
2025-06-18 15:00:00,DeltaT,DeltaT,°C,4.0
2025-06-18 15:00:00,Wind gust,Wind gust,m/s,5.4
2025-06-18 15:00:00,U-sonic wind speed,U-sonic wind speed,m/s,2.5
2025-06-18 15:00:00,U-sonic wind dir,U-sonic wind dir,deg,70.0
2025-06-18 15:00:00,HC Air temperature,HC Air temperature,°C,28.44
2025-06-18 15:00:00,HC Relative humidity,HC Relative humidity,%,69.32
2025-06-18 15:00:00,Solar radiation,Solar radiation,W/m2,755.0
2025-06-18 15:00:00,Battery,Battery,mV,6889.0
2025-06-18 14:00:00,HC Air temperature,HC Air temperature,°C,29.38
2025-06-18 14:00:00,Battery,Battery,mV,6889.0
2025-06-18 14:00:00,Solar Panel,Solar Panel,mV,10420.0
2025-06-18 14:00:00,HC Relative humidity,HC Relative humidity,%,62.61
2025-06-18 14:00:00,Solar radiation,Solar radiation,W/m2,918.0
2025-06-18 14:00:00,Dew Point,Dew Point,°C,21.47
2025-06-18 14:00:00,VPD,VPD,mbar,15.3
2025-06-18 14:00:00,DeltaT,DeltaT,°C,6.0
2025-06-18 14:00:00,Wind gust,Wind gust,m/s,5.3
2025-06-18 14:00:00,U-sonic wind speed,U-sonic wind speed,m/s,2.5
2025-06-18 14:00:00,U-sonic wind dir,U-sonic wind dir,deg,60.0
2025-06-18 13:00:00,Dew Point,Dew Point,°C,20.11
2025-06-18 13:00:00,Battery,Battery,mV,6893.0
2025-06-18 13:00:00,Solar Panel,Solar Panel,mV,10341.0
2025-06-18 13:00:00,Solar radiation,Solar radiation,W/m2,1048.0
2025-06-18 13:00:00,HC Relative humidity,HC Relative humidity,%,54.64
2025-06-18 13:00:00,HC Air temperature,HC Air temperature,°C,30.26
2025-06-18 13:00:00,U-sonic wind dir,U-sonic wind dir,deg,38.0
2025-06-18 13:00:00,U-sonic wind speed,U-sonic wind speed,m/s,2.4
2025-06-18 13:00:00,Wind gust,Wind gust,m/s,5.4
2025-06-18 13:00:00,DeltaT,DeltaT,°C,7.0
2025-06-18 13:00:00,VPD,VPD,mbar,19.5
2025-06-18 12:00:00,Dew Point,Dew Point,°C,19.52
2025-06-18 12:00:00,Solar radiation,Solar radiation,W/m2,1130.0
2025-06-18 12:00:00,Solar Panel,Solar Panel,mV,10372.0
2025-06-18 12:00:00,Battery,Battery,mV,6893.0
2025-06-18 12:00:00,DeltaT,DeltaT,°C,7.0
2025-06-18 12:00:00,U-sonic wind speed,U-sonic wind speed,m/s,2.5
2025-06-18 12:00:00,VPD,VPD,mbar,19.3
2025-06-18 12:00:00,HC Air temperature,HC Air temperature,°C,29.84
2025-06-18 12:00:00,HC Relative humidity,HC Relative humidity,%,53.99
2025-06-18 12:00:00,Wind gust,Wind gust,m/s,5.4
2025-06-18 12:00:00,U-sonic wind dir,U-sonic wind dir,deg,39.0
2025-06-18 11:00:00,Solar Panel,Solar Panel,mV,9931.0
2025-06-18 11:00:00,Battery,Battery,mV,6889.0
2025-06-18 11:00:00,Solar radiation,Solar radiation,W/m2,1095.0
2025-06-18 11:00:00,HC Relative humidity,HC Relative humidity,%,49.74
2025-06-18 11:00:00,HC Air temperature,HC Air temperature,°C,30.18
2025-06-18 11:00:00,U-sonic wind dir,U-sonic wind dir,deg,43.0
2025-06-18 11:00:00,U-sonic wind speed,U-sonic wind speed,m/s,2.2
2025-06-18 11:00:00,Wind gust,Wind gust,m/s,5.0
2025-06-18 11:00:00,DeltaT,DeltaT,°C,8.0
2025-06-18 11:00:00,VPD,VPD,mbar,21.6
2025-06-18 11:00:00,Dew Point,Dew Point,°C,18.45
2025-06-18 10:00:00,VPD,VPD,mbar,24.5
2025-06-18 10:00:00,U-sonic wind dir,U-sonic wind dir,deg,354.0
2025-06-18 10:00:00,Solar Panel,Solar Panel,mV,8970.0
2025-06-18 10:00:00,Battery,Battery,mV,6882.0
2025-06-18 10:00:00,U-sonic wind speed,U-sonic wind speed,m/s,1.3
2025-06-18 10:00:00,HC Relative humidity,HC Relative humidity,%,42.02
2025-06-18 10:00:00,HC Air temperature,HC Air temperature,°C,29.92
2025-06-18 10:00:00,Wind gust,Wind gust,m/s,3.2
2025-06-18 10:00:00,DeltaT,DeltaT,°C,9.0
2025-06-18 10:00:00,Dew Point,Dew Point,°C,15.62
2025-06-18 10:00:00,Solar radiation,Solar radiation,W/m2,829.0
2025-06-18 09:00:00,DeltaT,DeltaT,°C,9.0
2025-06-18 09:00:00,Wind gust,Wind gust,m/s,3.1
2025-06-18 09:00:00,U-sonic wind speed,U-sonic wind speed,m/s,1.3
2025-06-18 09:00:00,U-sonic wind dir,U-sonic wind dir,deg,3.0
2025-06-18 09:00:00,HC Air temperature,HC Air temperature,°C,29.6
2025-06-18 09:00:00,HC Relative humidity,HC Relative humidity,%,44.71
2025-06-18 09:00:00,Solar radiation,Solar radiation,W/m2,743.0
2025-06-18 09:00:00,Dew Point,Dew Point,°C,16.31
2025-06-18 09:00:00,Solar Panel,Solar Panel,mV,9238.0
2025-06-18 09:00:00,Battery,Battery,mV,6887.0
2025-06-18 09:00:00,VPD,VPD,mbar,22.9
2025-06-18 08:00:00,HC Relative humidity,HC Relative humidity,%,52.24
2025-06-18 08:00:00,U-sonic wind dir,U-sonic wind dir,deg,339.0
2025-06-18 08:00:00,U-sonic wind speed,U-sonic wind speed,m/s,1.0
2025-06-18 08:00:00,Wind gust,Wind gust,m/s,2.8
2025-06-18 08:00:00,DeltaT,DeltaT,°C,7.0
2025-06-18 08:00:00,VPD,VPD,mbar,18.2
2025-06-18 08:00:00,HC Air temperature,HC Air temperature,°C,28.13
2025-06-18 08:00:00,Solar radiation,Solar radiation,W/m2,586.0
2025-06-18 08:00:00,Solar Panel,Solar Panel,mV,7036.0
2025-06-18 08:00:00,Battery,Battery,mV,6755.0
2025-06-18 08:00:00,Dew Point,Dew Point,°C,17.39
2025-06-18 07:00:00,Wind gust,Wind gust,m/s,2.3
2025-06-18 07:00:00,U-sonic wind speed,U-sonic wind speed,m/s,0.6
2025-06-18 07:00:00,U-sonic wind dir,U-sonic wind dir,deg,5.0
2025-06-18 07:00:00,HC Air temperature,HC Air temperature,°C,26.27
2025-06-18 07:00:00,HC Relative humidity,HC Relative humidity,%,72.06
2025-06-18 07:00:00,Solar radiation,Solar radiation,W/m2,335.0
2025-06-18 07:00:00,Solar Panel,Solar Panel,mV,7000.0
2025-06-18 07:00:00,Battery,Battery,mV,6731.0
2025-06-18 07:00:00,VPD,VPD,mbar,9.7
2025-06-18 07:00:00,Dew Point,Dew Point,°C,20.72
2025-06-18 07:00:00,DeltaT,DeltaT,°C,4.0
2025-06-18 06:00:00,U-sonic wind dir,U-sonic wind dir,deg,342.0
2025-06-18 06:00:00,U-sonic wind speed,U-sonic wind speed,m/s,0.3
2025-06-18 06:00:00,Wind gust,Wind gust,m/s,0.6
2025-06-18 06:00:00,DeltaT,DeltaT,°C,0.0
2025-06-18 06:00:00,VPD,VPD,mbar,0.0
2025-06-18 06:00:00,Dew Point,Dew Point,°C,22.01
2025-06-18 06:00:00,Solar Panel,Solar Panel,mV,6894.0
2025-06-18 06:00:00,Solar radiation,Solar radiation,W/m2,163.0
2025-06-18 06:00:00,Battery,Battery,mV,6626.0
2025-06-18 06:00:00,HC Relative humidity,HC Relative humidity,%,99.91
2025-06-18 06:00:00,HC Air temperature,HC Air temperature,°C,22.02
2025-06-18 05:00:00,VPD,VPD,mbar,0.0
2025-06-18 05:00:00,Wind gust,Wind gust,m/s,0.6
2025-06-18 05:00:00,DeltaT,DeltaT,°C,0.0
2025-06-18 05:00:00,Dew Point,Dew Point,°C,19.7
2025-06-18 05:00:00,HC Air temperature,HC Air temperature,°C,19.72
2025-06-18 05:00:00,U-sonic wind dir,U-sonic wind dir,deg,10.0
2025-06-18 05:00:00,U-sonic wind speed,U-sonic wind speed,m/s,0.2
2025-06-18 05:00:00,HC Relative humidity,HC Relative humidity,%,99.85
2025-06-18 05:00:00,Solar radiation,Solar radiation,W/m2,22.0
2025-06-18 05:00:00,Solar Panel,Solar Panel,mV,6740.0
2025-06-18 05:00:00,Battery,Battery,mV,6484.0
2025-06-18 04:00:00,Dew Point,Dew Point,°C,19.83
2025-06-18 04:00:00,Wind gust,Wind gust,m/s,0.7
2025-06-18 04:00:00,U-sonic wind speed,U-sonic wind speed,m/s,0.2
2025-06-18 04:00:00,U-sonic wind dir,U-sonic wind dir,deg,8.0
2025-06-18 04:00:00,Battery,Battery,mV,6448.0
2025-06-18 04:00:00,Solar Panel,Solar Panel,mV,449.0
2025-06-18 04:00:00,HC Air temperature,HC Air temperature,°C,19.85
2025-06-18 04:00:00,HC Relative humidity,HC Relative humidity,%,99.85
2025-06-18 04:00:00,VPD,VPD,mbar,0.0
2025-06-18 04:00:00,Solar radiation,Solar radiation,W/m2,0.0
2025-06-18 04:00:00,DeltaT,DeltaT,°C,0.0
2025-06-18 03:00:00,Battery,Battery,mV,6457.0
2025-06-18 03:00:00,Solar radiation,Solar radiation,W/m2,0.0
2025-06-18 03:00:00,Wind gust,Wind gust,m/s,0.7
2025-06-18 03:00:00,HC Relative humidity,HC Relative humidity,%,99.88
2025-06-18 03:00:00,VPD,VPD,mbar,0.0
2025-06-18 03:00:00,Dew Point,Dew Point,°C,20.48
2025-06-18 03:00:00,DeltaT,DeltaT,°C,0.0
2025-06-18 03:00:00,HC Air temperature,HC Air temperature,°C,20.5
2025-06-18 03:00:00,U-sonic wind dir,U-sonic wind dir,deg,33.0
2025-06-18 03:00:00,Solar Panel,Solar Panel,mV,0.0
2025-06-18 03:00:00,U-sonic wind speed,U-sonic wind speed,m/s,0.3
2025-06-18 02:00:00,U-sonic wind dir,U-sonic wind dir,deg,26.0
2025-06-18 02:00:00,Dew Point,Dew Point,°C,21.02
2025-06-18 02:00:00,VPD,VPD,mbar,0.0
2025-06-18 02:00:00,DeltaT,DeltaT,°C,0.0
2025-06-18 02:00:00,Wind gust,Wind gust,m/s,1.1
2025-06-18 02:00:00,U-sonic wind speed,U-sonic wind speed,m/s,0.4
2025-06-18 02:00:00,HC Air temperature,HC Air temperature,°C,21.04
2025-06-18 02:00:00,HC Relative humidity,HC Relative humidity,%,99.9
2025-06-18 02:00:00,Solar radiation,Solar radiation,W/m2,0.0
2025-06-18 02:00:00,Solar Panel,Solar Panel,mV,0.0
2025-06-18 02:00:00,Battery,Battery,mV,6466.0
2025-06-18 01:00:00,Dew Point,Dew Point,°C,21.01
2025-06-18 01:00:00,VPD,VPD,mbar,0.0
2025-06-18 01:00:00,HC Air temperature,HC Air temperature,°C,21.03
2025-06-18 01:00:00,U-sonic wind dir,U-sonic wind dir,deg,345.0
2025-06-18 01:00:00,U-sonic wind speed,U-sonic wind speed,m/s,0.3
2025-06-18 01:00:00,Wind gust,Wind gust,m/s,0.7
2025-06-18 01:00:00,Solar radiation,Solar radiation,W/m2,0.0
2025-06-18 01:00:00,Solar Panel,Solar Panel,mV,0.0
2025-06-18 01:00:00,Battery,Battery,mV,6470.0
2025-06-18 01:00:00,DeltaT,DeltaT,°C,0.0
2025-06-18 01:00:00,HC Relative humidity,HC Relative humidity,%,99.88
2025-06-18 00:00:00,Dew Point,Dew Point,°C,21.41
2025-06-18 00:00:00,DeltaT,DeltaT,°C,0.0
2025-06-18 00:00:00,Wind gust,Wind gust,m/s,0.8
2025-06-18 00:00:00,U-sonic wind speed,U-sonic wind speed,m/s,0.3
2025-06-18 00:00:00,HC Air temperature,HC Air temperature,°C,21.44
2025-06-18 00:00:00,U-sonic wind dir,U-sonic wind dir,deg,23.0
2025-06-18 00:00:00,HC Relative humidity,HC Relative humidity,%,99.86
2025-06-18 00:00:00,Solar radiation,Solar radiation,W/m2,0.0
2025-06-18 00:00:00,Solar Panel,Solar Panel,mV,0.0
2025-06-18 00:00:00,Battery,Battery,mV,6484.0
2025-06-18 00:00:00,VPD,VPD,mbar,0.0
2025-06-17 23:00:00,Battery,Battery,mV,6488.0
2025-06-17 23:00:00,Wind gust,Wind gust,m/s,0.7
2025-06-17 23:00:00,U-sonic wind speed,U-sonic wind speed,m/s,0.3
2025-06-17 23:00:00,HC Relative humidity,HC Relative humidity,%,99.87
2025-06-17 23:00:00,Solar radiation,Solar radiation,W/m2,0.0
2025-06-17 23:00:00,Solar Panel,Solar Panel,mV,0.0
2025-06-17 23:00:00,DeltaT,DeltaT,°C,0.0
2025-06-17 23:00:00,VPD,VPD,mbar,0.0
2025-06-17 23:00:00,Dew Point,Dew Point,°C,21.8
2025-06-17 23:00:00,HC Air temperature,HC Air temperature,°C,21.82
2025-06-17 23:00:00,U-sonic wind dir,U-sonic wind dir,deg,43.0
2025-06-17 22:00:00,Wind gust,Wind gust,m/s,0.7
2025-06-17 22:00:00,U-sonic wind speed,U-sonic wind speed,m/s,0.3
2025-06-17 22:00:00,DeltaT,DeltaT,°C,0.0
2025-06-17 22:00:00,U-sonic wind dir,U-sonic wind dir,deg,34.0
2025-06-17 22:00:00,Solar Panel,Solar Panel,mV,0.0
2025-06-17 22:00:00,Solar radiation,Solar radiation,W/m2,0.0
2025-06-17 22:00:00,Dew Point,Dew Point,°C,22.65
2025-06-17 22:00:00,VPD,VPD,mbar,0.0
2025-06-17 22:00:00,Battery,Battery,mV,6493.0
2025-06-17 22:00:00,HC Relative humidity,HC Relative humidity,%,99.89
2025-06-17 22:00:00,HC Air temperature,HC Air temperature,°C,22.67
2025-06-17 21:00:00,Solar radiation,Solar radiation,W/m2,0.0
2025-06-17 21:00:00,HC Relative humidity,HC Relative humidity,%,99.94
2025-06-17 21:00:00,Wind gust,Wind gust,m/s,1.7
2025-06-17 21:00:00,U-sonic wind speed,U-sonic wind speed,m/s,0.7
2025-06-17 21:00:00,U-sonic wind dir,U-sonic wind dir,deg,54.0
2025-06-17 21:00:00,Dew Point,Dew Point,°C,24.92
2025-06-17 21:00:00,VPD,VPD,mbar,0.0
2025-06-17 21:00:00,HC Air temperature,HC Air temperature,°C,24.93
2025-06-17 21:00:00,Solar Panel,Solar Panel,mV,0.0
2025-06-17 21:00:00,DeltaT,DeltaT,°C,0.0
2025-06-17 21:00:00,Battery,Battery,mV,6497.0
2025-06-17 20:00:00,Battery,Battery,mV,6488.0
2025-06-17 20:00:00,U-sonic wind speed,U-sonic wind speed,m/s,0.7
2025-06-17 20:00:00,U-sonic wind dir,U-sonic wind dir,deg,68.0
2025-06-17 20:00:00,HC Air temperature,HC Air temperature,°C,25.86
2025-06-17 20:00:00,HC Relative humidity,HC Relative humidity,%,80.33
2025-06-17 20:00:00,Solar radiation,Solar radiation,W/m2,0.0
2025-06-17 20:00:00,Solar Panel,Solar Panel,mV,0.0
2025-06-17 20:00:00,Wind gust,Wind gust,m/s,2.0
2025-06-17 20:00:00,Dew Point,Dew Point,°C,22.1
2025-06-17 20:00:00,VPD,VPD,mbar,6.6
2025-06-17 20:00:00,DeltaT,DeltaT,°C,3.0
2025-06-17 19:00:00,DeltaT,DeltaT,°C,6.0
2025-06-17 19:00:00,Battery,Battery,mV,6550.0
2025-06-17 19:00:00,Solar Panel,Solar Panel,mV,1650.0
2025-06-17 19:00:00,Solar radiation,Solar radiation,W/m2,20.0
2025-06-17 19:00:00,HC Relative humidity,HC Relative humidity,%,59.09
2025-06-17 19:00:00,HC Air temperature,HC Air temperature,°C,27.54
2025-06-17 19:00:00,U-sonic wind dir,U-sonic wind dir,deg,82.0
2025-06-17 19:00:00,U-sonic wind speed,U-sonic wind speed,m/s,0.9
2025-06-17 19:00:00,Wind gust,Wind gust,m/s,2.5
2025-06-17 19:00:00,VPD,VPD,mbar,15.1
2025-06-17 19:00:00,Dew Point,Dew Point,°C,18.8
2025-06-17 18:00:00,Wind gust,Wind gust,m/s,2.1
2025-06-17 18:00:00,U-sonic wind speed,U-sonic wind speed,m/s,0.9
2025-06-17 18:00:00,U-sonic wind dir,U-sonic wind dir,deg,74.0
2025-06-17 18:00:00,HC Air temperature,HC Air temperature,°C,29.45
2025-06-17 18:00:00,HC Relative humidity,HC Relative humidity,%,48.93
2025-06-17 18:00:00,Battery,Battery,mV,6809.0
2025-06-17 18:00:00,Solar Panel,Solar Panel,mV,7047.0
2025-06-17 18:00:00,Solar radiation,Solar radiation,W/m2,161.0
2025-06-17 18:00:00,Dew Point,Dew Point,°C,17.59
2025-06-17 18:00:00,VPD,VPD,mbar,21.0
2025-06-17 18:00:00,DeltaT,DeltaT,°C,8.0
2025-06-17 17:00:00,Wind gust,Wind gust,m/s,3.0
2025-06-17 17:00:00,Battery,Battery,mV,6878.0
2025-06-17 17:00:00,Solar Panel,Solar Panel,mV,8623.0
2025-06-17 17:00:00,U-sonic wind speed,U-sonic wind speed,m/s,1.2
2025-06-17 17:00:00,Solar radiation,Solar radiation,W/m2,361.0
2025-06-17 17:00:00,U-sonic wind dir,U-sonic wind dir,deg,86.0
2025-06-17 17:00:00,HC Air temperature,HC Air temperature,°C,30.65
2025-06-17 17:00:00,DeltaT,DeltaT,°C,9.0
2025-06-17 17:00:00,VPD,VPD,mbar,24.0
2025-06-17 17:00:00,Dew Point,Dew Point,°C,17.58
2025-06-17 17:00:00,HC Relative humidity,HC Relative humidity,%,45.6
2025-06-17 16:00:00,U-sonic wind speed,U-sonic wind speed,m/s,1.9
2025-06-17 16:00:00,Battery,Battery,mV,6884.0
2025-06-17 16:00:00,Solar Panel,Solar Panel,mV,9577.0
2025-06-17 16:00:00,Dew Point,Dew Point,°C,18.69
2025-06-17 16:00:00,Solar radiation,Solar radiation,W/m2,557.0
2025-06-17 16:00:00,HC Relative humidity,HC Relative humidity,%,47.29
2025-06-17 16:00:00,HC Air temperature,HC Air temperature,°C,31.24
2025-06-17 16:00:00,U-sonic wind dir,U-sonic wind dir,deg,78.0
2025-06-17 16:00:00,Wind gust,Wind gust,m/s,4.1
2025-06-17 16:00:00,DeltaT,DeltaT,°C,8.0
2025-06-17 16:00:00,VPD,VPD,mbar,24.0
2025-06-17 15:00:00,Wind gust,Wind gust,m/s,4.3
2025-06-17 15:00:00,Solar radiation,Solar radiation,W/m2,750.0
2025-06-17 15:00:00,U-sonic wind speed,U-sonic wind speed,m/s,2.0
2025-06-17 15:00:00,U-sonic wind dir,U-sonic wind dir,deg,76.0
2025-06-17 15:00:00,HC Air temperature,HC Air temperature,°C,32.39
2025-06-17 15:00:00,Battery,Battery,mV,6889.0
2025-06-17 15:00:00,HC Relative humidity,HC Relative humidity,%,40.26
2025-06-17 15:00:00,Dew Point,Dew Point,°C,17.14
2025-06-17 15:00:00,VPD,VPD,mbar,29.1
2025-06-17 15:00:00,DeltaT,DeltaT,°C,10.0
2025-06-17 15:00:00,Solar Panel,Solar Panel,mV,10148.0
2025-06-17 14:00:00,Solar radiation,Solar radiation,W/m2,902.0
2025-06-17 14:00:00,HC Relative humidity,HC Relative humidity,%,36.85
2025-06-17 14:00:00,HC Air temperature,HC Air temperature,°C,33.24
2025-06-17 14:00:00,U-sonic wind dir,U-sonic wind dir,deg,74.0
2025-06-17 14:00:00,U-sonic wind speed,U-sonic wind speed,m/s,2.2
2025-06-17 14:00:00,VPD,VPD,mbar,32.2
2025-06-17 14:00:00,Dew Point,Dew Point,°C,16.53
2025-06-17 14:00:00,DeltaT,DeltaT,°C,11.0
2025-06-17 14:00:00,Wind gust,Wind gust,m/s,4.9
2025-06-17 14:00:00,Battery,Battery,mV,6893.0
2025-06-17 14:00:00,Solar Panel,Solar Panel,mV,10238.0
2025-06-17 13:00:00,VPD,VPD,mbar,38.7
2025-06-17 13:00:00,Wind gust,Wind gust,m/s,4.1
2025-06-17 13:00:00,U-sonic wind speed,U-sonic wind speed,m/s,2.1
2025-06-17 13:00:00,U-sonic wind dir,U-sonic wind dir,deg,46.0
2025-06-17 13:00:00,HC Air temperature,HC Air temperature,°C,34.93
2025-06-17 13:00:00,HC Relative humidity,HC Relative humidity,%,30.95
2025-06-17 13:00:00,Solar radiation,Solar radiation,W/m2,1035.0
2025-06-17 13:00:00,Solar Panel,Solar Panel,mV,10183.0
2025-06-17 13:00:00,Battery,Battery,mV,6896.0
2025-06-17 13:00:00,Dew Point,Dew Point,°C,15.25
2025-06-17 13:00:00,DeltaT,DeltaT,°C,13.0
2025-06-17 12:00:00,Solar radiation,Solar radiation,W/m2,1109.0
2025-06-17 12:00:00,U-sonic wind speed,U-sonic wind speed,m/s,1.8
2025-06-17 12:00:00,Dew Point,Dew Point,°C,15.02
2025-06-17 12:00:00,VPD,VPD,mbar,39.7
2025-06-17 12:00:00,HC Relative humidity,HC Relative humidity,%,30.05
2025-06-17 12:00:00,HC Air temperature,HC Air temperature,°C,35.18
2025-06-17 12:00:00,Battery,Battery,mV,6896.0
2025-06-17 12:00:00,U-sonic wind dir,U-sonic wind dir,deg,28.0
2025-06-17 12:00:00,Solar Panel,Solar Panel,mV,10053.0
2025-06-17 12:00:00,DeltaT,DeltaT,°C,13.0
2025-06-17 12:00:00,Wind gust,Wind gust,m/s,3.8
2025-06-17 11:00:00,Dew Point,Dew Point,°C,14.32
2025-06-17 11:00:00,VPD,VPD,mbar,39.1
2025-06-17 11:00:00,DeltaT,DeltaT,°C,13.0
2025-06-17 11:00:00,Wind gust,Wind gust,m/s,4.0
2025-06-17 11:00:00,U-sonic wind speed,U-sonic wind speed,m/s,1.9
2025-06-17 11:00:00,U-sonic wind dir,U-sonic wind dir,deg,37.0
2025-06-17 11:00:00,HC Air temperature,HC Air temperature,°C,34.75
2025-06-17 11:00:00,HC Relative humidity,HC Relative humidity,%,29.42
2025-06-17 11:00:00,Solar radiation,Solar radiation,W/m2,1044.0
2025-06-17 11:00:00,Solar Panel,Solar Panel,mV,9927.0
2025-06-17 11:00:00,Battery,Battery,mV,6889.0
2025-06-17 10:00:00,Dew Point,Dew Point,°C,11.59
2025-06-17 10:00:00,Battery,Battery,mV,6889.0
2025-06-17 10:00:00,Solar Panel,Solar Panel,mV,8761.0
2025-06-17 10:00:00,Solar radiation,Solar radiation,W/m2,916.0
2025-06-17 10:00:00,HC Relative humidity,HC Relative humidity,%,23.93
2025-06-17 10:00:00,HC Air temperature,HC Air temperature,°C,35.25
2025-06-17 10:00:00,U-sonic wind dir,U-sonic wind dir,deg,353.0
2025-06-17 10:00:00,U-sonic wind speed,U-sonic wind speed,m/s,1.1
2025-06-17 10:00:00,Wind gust,Wind gust,m/s,3.0
2025-06-17 10:00:00,DeltaT,DeltaT,°C,15.0
2025-06-17 10:00:00,VPD,VPD,mbar,43.4
2025-06-17 09:00:00,HC Relative humidity,HC Relative humidity,%,24.43
2025-06-17 09:00:00,Solar radiation,Solar radiation,W/m2,755.0
2025-06-17 09:00:00,Solar Panel,Solar Panel,mV,9458.0
2025-06-17 09:00:00,Battery,Battery,mV,6889.0
2025-06-17 09:00:00,Dew Point,Dew Point,°C,10.9
2025-06-17 09:00:00,DeltaT,DeltaT,°C,14.0
2025-06-17 09:00:00,VPD,VPD,mbar,40.3
2025-06-17 09:00:00,Wind gust,Wind gust,m/s,2.8
2025-06-17 09:00:00,U-sonic wind speed,U-sonic wind speed,m/s,1.2
2025-06-17 09:00:00,U-sonic wind dir,U-sonic wind dir,deg,337.0
2025-06-17 09:00:00,HC Air temperature,HC Air temperature,°C,34.06
2025-06-17 08:00:00,Dew Point,Dew Point,°C,13.94
2025-06-17 08:00:00,U-sonic wind speed,U-sonic wind speed,m/s,0.7
2025-06-17 08:00:00,Wind gust,Wind gust,m/s,2.2
2025-06-17 08:00:00,U-sonic wind dir,U-sonic wind dir,deg,308.0
2025-06-17 08:00:00,VPD,VPD,mbar,30.5
2025-06-17 08:00:00,DeltaT,DeltaT,°C,11.0
2025-06-17 08:00:00,Solar Panel,Solar Panel,mV,7051.0
2025-06-17 08:00:00,Solar radiation,Solar radiation,W/m2,558.0
2025-06-17 08:00:00,HC Relative humidity,HC Relative humidity,%,34.47
2025-06-17 08:00:00,Battery,Battery,mV,6775.0
2025-06-17 08:00:00,HC Air temperature,HC Air temperature,°C,31.59
2025-06-17 07:00:00,Dew Point,Dew Point,°C,17.71
2025-06-17 07:00:00,DeltaT,DeltaT,°C,6.0
2025-06-17 07:00:00,Wind gust,Wind gust,m/s,1.4
2025-06-17 07:00:00,Battery,Battery,mV,6751.0
2025-06-17 07:00:00,VPD,VPD,mbar,15.7
2025-06-17 07:00:00,HC Air temperature,HC Air temperature,°C,27.08
2025-06-17 07:00:00,HC Relative humidity,HC Relative humidity,%,56.99
2025-06-17 07:00:00,Solar radiation,Solar radiation,W/m2,335.0
2025-06-17 07:00:00,Solar Panel,Solar Panel,mV,7024.0
2025-06-17 07:00:00,U-sonic wind dir,U-sonic wind dir,deg,315.0
2025-06-17 07:00:00,U-sonic wind speed,U-sonic wind speed,m/s,0.4
2025-06-17 06:00:00,HC Relative humidity,HC Relative humidity,%,78.84
2025-06-17 06:00:00,U-sonic wind dir,U-sonic wind dir,deg,264.0
2025-06-17 06:00:00,U-sonic wind speed,U-sonic wind speed,m/s,0.2
2025-06-17 06:00:00,Wind gust,Wind gust,m/s,0.5
2025-06-17 06:00:00,DeltaT,DeltaT,°C,3.0
2025-06-17 06:00:00,VPD,VPD,mbar,5.7
2025-06-17 06:00:00,Dew Point,Dew Point,°C,17.65
2025-06-17 06:00:00,Solar Panel,Solar Panel,mV,6929.0
2025-06-17 06:00:00,Battery,Battery,mV,6660.0
2025-06-17 06:00:00,Solar radiation,Solar radiation,W/m2,156.0
2025-06-17 06:00:00,HC Air temperature,HC Air temperature,°C,21.61
2025-06-17 05:00:00,HC Relative humidity,HC Relative humidity,%,99.19
2025-06-17 05:00:00,Wind gust,Wind gust,m/s,0.5
2025-06-17 05:00:00,U-sonic wind speed,U-sonic wind speed,m/s,0.2
2025-06-17 05:00:00,U-sonic wind dir,U-sonic wind dir,deg,31.0
2025-06-17 05:00:00,HC Air temperature,HC Air temperature,°C,18.04
2025-06-17 05:00:00,Solar radiation,Solar radiation,W/m2,20.0
2025-06-17 05:00:00,Solar Panel,Solar Panel,mV,6728.0
2025-06-17 05:00:00,Battery,Battery,mV,6475.0
2025-06-17 05:00:00,Dew Point,Dew Point,°C,17.9
2025-06-17 05:00:00,VPD,VPD,mbar,0.2
2025-06-17 05:00:00,DeltaT,DeltaT,°C,0.0
2025-06-17 04:00:00,U-sonic wind speed,U-sonic wind speed,m/s,0.2
2025-06-17 04:00:00,DeltaT,DeltaT,°C,0.0
2025-06-17 04:00:00,Battery,Battery,mV,6439.0
2025-06-17 04:00:00,VPD,VPD,mbar,0.8
2025-06-17 04:00:00,Dew Point,Dew Point,°C,17.12
2025-06-17 04:00:00,HC Air temperature,HC Air temperature,°C,17.73
2025-06-17 04:00:00,HC Relative humidity,HC Relative humidity,%,96.25
2025-06-17 04:00:00,Solar radiation,Solar radiation,W/m2,0.0
2025-06-17 04:00:00,Solar Panel,Solar Panel,mV,523.0
2025-06-17 04:00:00,Wind gust,Wind gust,m/s,0.6
2025-06-17 04:00:00,U-sonic wind dir,U-sonic wind dir,deg,36.0
2025-06-17 03:00:00,HC Air temperature,HC Air temperature,°C,17.93
2025-06-17 03:00:00,Solar radiation,Solar radiation,W/m2,0.0
2025-06-17 03:00:00,Wind gust,Wind gust,m/s,0.5
2025-06-17 03:00:00,U-sonic wind dir,U-sonic wind dir,deg,41.0
2025-06-17 03:00:00,U-sonic wind speed,U-sonic wind speed,m/s,0.2
2025-06-17 03:00:00,Dew Point,Dew Point,°C,16.85
2025-06-17 03:00:00,VPD,VPD,mbar,1.4
2025-06-17 03:00:00,HC Relative humidity,HC Relative humidity,%,93.42
2025-06-17 03:00:00,Battery,Battery,mV,6453.0
2025-06-17 03:00:00,DeltaT,DeltaT,°C,1.0
2025-06-17 03:00:00,Solar Panel,Solar Panel,mV,0.0
2025-06-17 02:00:00,DeltaT,DeltaT,°C,0.0
2025-06-17 02:00:00,VPD,VPD,mbar,0.1
2025-06-17 02:00:00,Dew Point,Dew Point,°C,18.31
2025-06-17 02:00:00,Wind gust,Wind gust,m/s,0.4
2025-06-17 02:00:00,U-sonic wind speed,U-sonic wind speed,m/s,0.2
2025-06-17 02:00:00,U-sonic wind dir,U-sonic wind dir,deg,28.0
2025-06-17 02:00:00,HC Air temperature,HC Air temperature,°C,18.37
2025-06-17 02:00:00,Solar radiation,Solar radiation,W/m2,0.0
2025-06-17 02:00:00,Solar Panel,Solar Panel,mV,0.0
2025-06-17 02:00:00,Battery,Battery,mV,6461.0
2025-06-17 02:00:00,HC Relative humidity,HC Relative humidity,%,99.62
2025-06-17 01:00:00,U-sonic wind speed,U-sonic wind speed,m/s,0.2
2025-06-17 01:00:00,U-sonic wind dir,U-sonic wind dir,deg,33.0
2025-06-17 01:00:00,HC Air temperature,HC Air temperature,°C,18.97
2025-06-17 01:00:00,HC Relative humidity,HC Relative humidity,%,98.29
2025-06-17 01:00:00,Wind gust,Wind gust,m/s,0.5
2025-06-17 01:00:00,Solar radiation,Solar radiation,W/m2,0.0
2025-06-17 01:00:00,Solar Panel,Solar Panel,mV,0.0
2025-06-17 01:00:00,DeltaT,DeltaT,°C,0.0
2025-06-17 01:00:00,Dew Point,Dew Point,°C,18.69
2025-06-17 01:00:00,Battery,Battery,mV,6470.0
2025-06-17 01:00:00,VPD,VPD,mbar,0.4
2025-06-17 00:00:00,U-sonic wind speed,U-sonic wind speed,m/s,0.3
2025-06-17 00:00:00,DeltaT,DeltaT,°C,1.0
2025-06-17 00:00:00,Wind gust,Wind gust,m/s,0.6
2025-06-17 00:00:00,Solar radiation,Solar radiation,W/m2,0.0
2025-06-17 00:00:00,Dew Point,Dew Point,°C,18.39
2025-06-17 00:00:00,Solar Panel,Solar Panel,mV,0.0
2025-06-17 00:00:00,HC Air temperature,HC Air temperature,°C,19.82
2025-06-17 00:00:00,HC Relative humidity,HC Relative humidity,%,91.5
2025-06-17 00:00:00,U-sonic wind dir,U-sonic wind dir,deg,2.0
2025-06-17 00:00:00,VPD,VPD,mbar,2.0
2025-06-17 00:00:00,Battery,Battery,mV,6481.0
2025-06-16 23:00:00,VPD,VPD,mbar,3.4
2025-06-16 23:00:00,Battery,Battery,mV,6486.0
2025-06-16 23:00:00,Solar Panel,Solar Panel,mV,0.0
2025-06-16 23:00:00,Solar radiation,Solar radiation,W/m2,0.0
2025-06-16 23:00:00,HC Relative humidity,HC Relative humidity,%,86.23
2025-06-16 23:00:00,HC Air temperature,HC Air temperature,°C,20.72
2025-06-16 23:00:00,U-sonic wind dir,U-sonic wind dir,deg,16.0
2025-06-16 23:00:00,U-sonic wind speed,U-sonic wind speed,m/s,0.3
2025-06-16 23:00:00,Wind gust,Wind gust,m/s,0.5
2025-06-16 23:00:00,DeltaT,DeltaT,°C,2.0
2025-06-16 23:00:00,Dew Point,Dew Point,°C,18.32
2025-06-16 22:00:00,Solar radiation,Solar radiation,W/m2,0.0
2025-06-16 22:00:00,Wind gust,Wind gust,m/s,0.5
2025-06-16 22:00:00,DeltaT,DeltaT,°C,2.0
2025-06-16 22:00:00,VPD,VPD,mbar,5.1
2025-06-16 22:00:00,HC Relative humidity,HC Relative humidity,%,81.01
2025-06-16 22:00:00,Dew Point,Dew Point,°C,18.77
2025-06-16 22:00:00,U-sonic wind speed,U-sonic wind speed,m/s,0.3
2025-06-16 22:00:00,HC Air temperature,HC Air temperature,°C,22.2
2025-06-16 22:00:00,U-sonic wind dir,U-sonic wind dir,deg,33.0
2025-06-16 22:00:00,Battery,Battery,mV,6493.0
2025-06-16 22:00:00,Solar Panel,Solar Panel,mV,0.0
2025-06-16 21:00:00,HC Air temperature,HC Air temperature,°C,23.55
2025-06-16 21:00:00,U-sonic wind speed,U-sonic wind speed,m/s,0.3
2025-06-16 21:00:00,Wind gust,Wind gust,m/s,0.6
2025-06-16 21:00:00,DeltaT,DeltaT,°C,4.0
2025-06-16 21:00:00,Dew Point,Dew Point,°C,18.29
2025-06-16 21:00:00,Solar radiation,Solar radiation,W/m2,0.0
2025-06-16 21:00:00,HC Relative humidity,HC Relative humidity,%,72.43
2025-06-16 21:00:00,VPD,VPD,mbar,8.0
2025-06-16 21:00:00,Battery,Battery,mV,6495.0
2025-06-16 21:00:00,Solar Panel,Solar Panel,mV,0.0
2025-06-16 21:00:00,U-sonic wind dir,U-sonic wind dir,deg,80.0
2025-06-16 20:00:00,Dew Point,Dew Point,°C,15.65
2025-06-16 20:00:00,Battery,Battery,mV,6488.0
2025-06-16 20:00:00,Solar Panel,Solar Panel,mV,0.0
2025-06-16 20:00:00,Solar radiation,Solar radiation,W/m2,0.0
2025-06-16 20:00:00,HC Relative humidity,HC Relative humidity,%,57.21
2025-06-16 20:00:00,HC Air temperature,HC Air temperature,°C,24.74
2025-06-16 20:00:00,U-sonic wind dir,U-sonic wind dir,deg,72.0
2025-06-16 20:00:00,U-sonic wind speed,U-sonic wind speed,m/s,0.4
2025-06-16 20:00:00,Wind gust,Wind gust,m/s,0.9
2025-06-16 20:00:00,VPD,VPD,mbar,13.4
2025-06-16 20:00:00,DeltaT,DeltaT,°C,6.0
2025-06-16 19:00:00,Solar radiation,Solar radiation,W/m2,18.0
2025-06-16 19:00:00,Battery,Battery,mV,6550.0
2025-06-16 19:00:00,Solar Panel,Solar Panel,mV,1237.0
2025-06-16 19:00:00,DeltaT,DeltaT,°C,8.0
2025-06-16 19:00:00,Wind gust,Wind gust,m/s,1.2
2025-06-16 19:00:00,U-sonic wind speed,U-sonic wind speed,m/s,0.6
2025-06-16 19:00:00,U-sonic wind dir,U-sonic wind dir,deg,103.0
2025-06-16 19:00:00,HC Air temperature,HC Air temperature,°C,27.25
2025-06-16 19:00:00,HC Relative humidity,HC Relative humidity,%,45.4
2025-06-16 19:00:00,Dew Point,Dew Point,°C,14.4
2025-06-16 19:00:00,VPD,VPD,mbar,19.8
2025-06-16 18:00:00,U-sonic wind speed,U-sonic wind speed,m/s,0.9
2025-06-16 18:00:00,Dew Point,Dew Point,°C,14.62
2025-06-16 18:00:00,VPD,VPD,mbar,25.3
2025-06-16 18:00:00,DeltaT,DeltaT,°C,10.0
2025-06-16 18:00:00,Wind gust,Wind gust,m/s,2.5
2025-06-16 18:00:00,U-sonic wind dir,U-sonic wind dir,deg,103.0
2025-06-16 18:00:00,HC Air temperature,HC Air temperature,°C,29.8
2025-06-16 18:00:00,HC Relative humidity,HC Relative humidity,%,39.71
2025-06-16 18:00:00,Solar radiation,Solar radiation,W/m2,161.0
2025-06-16 18:00:00,Solar Panel,Solar Panel,mV,7036.0
2025-06-16 18:00:00,Battery,Battery,mV,6802.0
2025-06-16 17:00:00,HC Relative humidity,HC Relative humidity,%,34.13
2025-06-16 17:00:00,HC Air temperature,HC Air temperature,°C,31.41
2025-06-16 17:00:00,Dew Point,Dew Point,°C,13.72
2025-06-16 17:00:00,VPD,VPD,mbar,30.3
2025-06-16 17:00:00,U-sonic wind dir,U-sonic wind dir,deg,103.0
2025-06-16 17:00:00,U-sonic wind speed,U-sonic wind speed,m/s,1.3
2025-06-16 17:00:00,DeltaT,DeltaT,°C,11.0
2025-06-16 17:00:00,Solar Panel,Solar Panel,mV,8670.0
2025-06-16 17:00:00,Solar radiation,Solar radiation,W/m2,365.0
2025-06-16 17:00:00,Wind gust,Wind gust,m/s,2.7
2025-06-16 17:00:00,Battery,Battery,mV,6878.0
2025-06-16 16:00:00,Dew Point,Dew Point,°C,12.78
2025-06-16 16:00:00,U-sonic wind speed,U-sonic wind speed,m/s,1.6
2025-06-16 16:00:00,HC Air temperature,HC Air temperature,°C,32.85
2025-06-16 16:00:00,U-sonic wind dir,U-sonic wind dir,deg,100.0
2025-06-16 16:00:00,Wind gust,Wind gust,m/s,3.1
2025-06-16 16:00:00,DeltaT,DeltaT,°C,13.0
2025-06-16 16:00:00,VPD,VPD,mbar,35.1
2025-06-16 16:00:00,HC Relative humidity,HC Relative humidity,%,29.64
2025-06-16 16:00:00,Solar radiation,Solar radiation,W/m2,569.0
2025-06-16 16:00:00,Battery,Battery,mV,6887.0
2025-06-16 16:00:00,Solar Panel,Solar Panel,mV,9139.0
2025-06-16 15:00:00,Battery,Battery,mV,6896.0
2025-06-16 15:00:00,Solar radiation,Solar radiation,W/m2,765.0
2025-06-16 15:00:00,HC Relative humidity,HC Relative humidity,%,32.53
2025-06-16 15:00:00,HC Air temperature,HC Air temperature,°C,33.32
2025-06-16 15:00:00,U-sonic wind dir,U-sonic wind dir,deg,80.0
2025-06-16 15:00:00,U-sonic wind speed,U-sonic wind speed,m/s,1.8
2025-06-16 15:00:00,Wind gust,Wind gust,m/s,3.8
2025-06-16 15:00:00,DeltaT,DeltaT,°C,12.0
2025-06-16 15:00:00,VPD,VPD,mbar,34.5
2025-06-16 15:00:00,Dew Point,Dew Point,°C,14.62
2025-06-16 15:00:00,Solar Panel,Solar Panel,mV,10077.0
2025-06-16 14:00:00,Battery,Battery,mV,6896.0
2025-06-16 14:00:00,HC Air temperature,HC Air temperature,°C,33.22
2025-06-16 14:00:00,U-sonic wind dir,U-sonic wind dir,deg,54.0
2025-06-16 14:00:00,U-sonic wind speed,U-sonic wind speed,m/s,2.1
2025-06-16 14:00:00,Wind gust,Wind gust,m/s,4.4
2025-06-16 14:00:00,DeltaT,DeltaT,°C,11.0
2025-06-16 14:00:00,VPD,VPD,mbar,31.4
2025-06-16 14:00:00,Dew Point,Dew Point,°C,17.09
2025-06-16 14:00:00,HC Relative humidity,HC Relative humidity,%,38.25
2025-06-16 14:00:00,Solar radiation,Solar radiation,W/m2,916.0
2025-06-16 14:00:00,Solar Panel,Solar Panel,mV,10203.0
2025-06-16 13:00:00,Wind gust,Wind gust,m/s,4.3
2025-06-16 13:00:00,Battery,Battery,mV,6896.0
2025-06-16 13:00:00,Solar Panel,Solar Panel,mV,10140.0
2025-06-16 13:00:00,Solar radiation,Solar radiation,W/m2,1046.0
2025-06-16 13:00:00,HC Relative humidity,HC Relative humidity,%,38.22
2025-06-16 13:00:00,HC Air temperature,HC Air temperature,°C,34.02
2025-06-16 13:00:00,U-sonic wind dir,U-sonic wind dir,deg,53.0
2025-06-16 13:00:00,Dew Point,Dew Point,°C,17.78
2025-06-16 13:00:00,U-sonic wind speed,U-sonic wind speed,m/s,2.1
2025-06-16 13:00:00,VPD,VPD,mbar,32.9
2025-06-16 13:00:00,DeltaT,DeltaT,°C,11.0
2025-06-16 12:00:00,Wind gust,Wind gust,m/s,4.5
2025-06-16 12:00:00,U-sonic wind speed,U-sonic wind speed,m/s,2.0
2025-06-16 12:00:00,U-sonic wind dir,U-sonic wind dir,deg,59.0
2025-06-16 12:00:00,HC Air temperature,HC Air temperature,°C,34.36
2025-06-16 12:00:00,HC Relative humidity,HC Relative humidity,%,40.2
2025-06-16 12:00:00,Solar radiation,Solar radiation,W/m2,1117.0
2025-06-16 12:00:00,Solar Panel,Solar Panel,mV,10171.0
2025-06-16 12:00:00,Battery,Battery,mV,6896.0
2025-06-16 12:00:00,DeltaT,DeltaT,°C,11.0
2025-06-16 12:00:00,VPD,VPD,mbar,32.5
2025-06-16 12:00:00,Dew Point,Dew Point,°C,18.87
2025-06-16 11:00:00,Solar radiation,Solar radiation,W/m2,1074.0
2025-06-16 11:00:00,VPD,VPD,mbar,43.1
2025-06-16 11:00:00,DeltaT,DeltaT,°C,15.0
2025-06-16 11:00:00,Wind gust,Wind gust,m/s,2.9
2025-06-16 11:00:00,Battery,Battery,mV,6889.0
2025-06-16 11:00:00,Dew Point,Dew Point,°C,13.34
2025-06-16 11:00:00,Solar Panel,Solar Panel,mV,9293.0
2025-06-16 11:00:00,U-sonic wind speed,U-sonic wind speed,m/s,1.2
2025-06-16 11:00:00,U-sonic wind dir,U-sonic wind dir,deg,10.0
2025-06-16 11:00:00,HC Air temperature,HC Air temperature,°C,35.75
2025-06-16 11:00:00,HC Relative humidity,HC Relative humidity,%,26.43
2025-06-16 10:00:00,Battery,Battery,mV,6884.0
2025-06-16 10:00:00,U-sonic wind speed,U-sonic wind speed,m/s,0.9
2025-06-16 10:00:00,U-sonic wind dir,U-sonic wind dir,deg,339.0
2025-06-16 10:00:00,HC Air temperature,HC Air temperature,°C,34.06
2025-06-16 10:00:00,HC Relative humidity,HC Relative humidity,%,36.61
2025-06-16 10:00:00,Wind gust,Wind gust,m/s,2.6
2025-06-16 10:00:00,Solar radiation,Solar radiation,W/m2,929.0
2025-06-16 10:00:00,Solar Panel,Solar Panel,mV,9139.0
2025-06-16 10:00:00,Dew Point,Dew Point,°C,17.04
2025-06-16 10:00:00,VPD,VPD,mbar,33.9
2025-06-16 10:00:00,DeltaT,DeltaT,°C,11.0
2025-06-16 09:00:00,U-sonic wind dir,U-sonic wind dir,deg,358.0
2025-06-16 09:00:00,U-sonic wind speed,U-sonic wind speed,m/s,1.0
2025-06-16 09:00:00,Wind gust,Wind gust,m/s,2.4
2025-06-16 09:00:00,DeltaT,DeltaT,°C,10.0
2025-06-16 09:00:00,VPD,VPD,mbar,27.6
2025-06-16 09:00:00,Dew Point,Dew Point,°C,17.57
2025-06-16 09:00:00,Battery,Battery,mV,6889.0
2025-06-16 09:00:00,Solar Panel,Solar Panel,mV,9431.0
2025-06-16 09:00:00,Solar radiation,Solar radiation,W/m2,759.0
2025-06-16 09:00:00,HC Relative humidity,HC Relative humidity,%,42.07
2025-06-16 09:00:00,HC Air temperature,HC Air temperature,°C,32.07
2025-06-16 08:00:00,DeltaT,DeltaT,°C,8.0
2025-06-16 08:00:00,HC Relative humidity,HC Relative humidity,%,48.91
2025-06-16 08:00:00,Dew Point,Dew Point,°C,17.89
2025-06-16 08:00:00,Wind gust,Wind gust,m/s,2.0
2025-06-16 08:00:00,U-sonic wind speed,U-sonic wind speed,m/s,0.7
2025-06-16 08:00:00,Battery,Battery,mV,6773.0
2025-06-16 08:00:00,Solar radiation,Solar radiation,W/m2,562.0
2025-06-16 08:00:00,Solar Panel,Solar Panel,mV,7047.0
2025-06-16 08:00:00,U-sonic wind dir,U-sonic wind dir,deg,347.0
2025-06-16 08:00:00,HC Air temperature,HC Air temperature,°C,29.85
2025-06-16 08:00:00,VPD,VPD,mbar,21.6
2025-06-16 07:00:00,Wind gust,Wind gust,m/s,1.7
2025-06-16 07:00:00,Battery,Battery,mV,6744.0
2025-06-16 07:00:00,Solar Panel,Solar Panel,mV,7020.0
2025-06-16 07:00:00,Solar radiation,Solar radiation,W/m2,313.0
2025-06-16 07:00:00,HC Relative humidity,HC Relative humidity,%,87.51
2025-06-16 07:00:00,HC Air temperature,HC Air temperature,°C,25.44
2025-06-16 07:00:00,U-sonic wind dir,U-sonic wind dir,deg,335.0
2025-06-16 07:00:00,U-sonic wind speed,U-sonic wind speed,m/s,0.6
2025-06-16 07:00:00,DeltaT,DeltaT,°C,2.0
2025-06-16 07:00:00,VPD,VPD,mbar,4.5
2025-06-16 07:00:00,Dew Point,Dew Point,°C,22.96
2025-06-16 06:00:00,Wind gust,Wind gust,m/s,0.6
2025-06-16 06:00:00,U-sonic wind speed,U-sonic wind speed,m/s,0.2
2025-06-16 06:00:00,U-sonic wind dir,U-sonic wind dir,deg,190.0
2025-06-16 06:00:00,HC Air temperature,HC Air temperature,°C,21.52
2025-06-16 06:00:00,Dew Point,Dew Point,°C,21.49
2025-06-16 06:00:00,VPD,VPD,mbar,0.1
2025-06-16 06:00:00,Solar Panel,Solar Panel,mV,6921.0
2025-06-16 06:00:00,Battery,Battery,mV,6648.0
2025-06-16 06:00:00,DeltaT,DeltaT,°C,0.0
2025-06-16 06:00:00,HC Relative humidity,HC Relative humidity,%,99.81
2025-06-16 06:00:00,Solar radiation,Solar radiation,W/m2,113.0
2025-06-16 05:00:00,Solar radiation,Solar radiation,W/m2,13.0
2025-06-16 05:00:00,U-sonic wind dir,U-sonic wind dir,deg,17.0
2025-06-16 05:00:00,HC Air temperature,HC Air temperature,°C,20.05
2025-06-16 05:00:00,HC Relative humidity,HC Relative humidity,%,99.82
2025-06-16 05:00:00,U-sonic wind speed,U-sonic wind speed,m/s,0.3
2025-06-16 05:00:00,Solar Panel,Solar Panel,mV,6732.0
2025-06-16 05:00:00,Battery,Battery,mV,6481.0
2025-06-16 05:00:00,DeltaT,DeltaT,°C,0.0
2025-06-16 05:00:00,VPD,VPD,mbar,0.0
2025-06-16 05:00:00,Dew Point,Dew Point,°C,20.02
2025-06-16 05:00:00,Wind gust,Wind gust,m/s,1.2
2025-06-16 04:00:00,Wind gust,Wind gust,m/s,0.6
2025-06-16 04:00:00,U-sonic wind speed,U-sonic wind speed,m/s,0.2
2025-06-16 04:00:00,U-sonic wind dir,U-sonic wind dir,deg,4.0
2025-06-16 04:00:00,HC Air temperature,HC Air temperature,°C,19.5
2025-06-16 04:00:00,HC Relative humidity,HC Relative humidity,%,99.82
2025-06-16 04:00:00,Solar radiation,Solar radiation,W/m2,0.0
2025-06-16 04:00:00,Solar Panel,Solar Panel,mV,772.0
2025-06-16 04:00:00,Battery,Battery,mV,6448.0
2025-06-16 04:00:00,Dew Point,Dew Point,°C,19.47
2025-06-16 04:00:00,VPD,VPD,mbar,0.0
2025-06-16 04:00:00,DeltaT,DeltaT,°C,0.0
2025-06-16 03:00:00,Solar radiation,Solar radiation,W/m2,0.0
2025-06-16 03:00:00,Solar Panel,Solar Panel,mV,0.0
2025-06-16 03:00:00,Battery,Battery,mV,6457.0
2025-06-16 03:00:00,Dew Point,Dew Point,°C,20.76
2025-06-16 03:00:00,VPD,VPD,mbar,0.0
2025-06-16 03:00:00,DeltaT,DeltaT,°C,0.0
2025-06-16 03:00:00,Wind gust,Wind gust,m/s,0.6
2025-06-16 03:00:00,U-sonic wind speed,U-sonic wind speed,m/s,0.2
2025-06-16 03:00:00,U-sonic wind dir,U-sonic wind dir,deg,322.0
2025-06-16 03:00:00,HC Air temperature,HC Air temperature,°C,20.79
2025-06-16 03:00:00,HC Relative humidity,HC Relative humidity,%,99.82
2025-06-16 02:00:00,DeltaT,DeltaT,°C,0.0
2025-06-16 02:00:00,HC Relative humidity,HC Relative humidity,%,99.82
2025-06-16 02:00:00,Solar radiation,Solar radiation,W/m2,0.0
2025-06-16 02:00:00,Dew Point,Dew Point,°C,21.5
2025-06-16 02:00:00,Solar Panel,Solar Panel,mV,0.0
2025-06-16 02:00:00,Battery,Battery,mV,6470.0
2025-06-16 02:00:00,U-sonic wind speed,U-sonic wind speed,m/s,0.2
2025-06-16 02:00:00,Wind gust,Wind gust,m/s,0.4
2025-06-16 02:00:00,U-sonic wind dir,U-sonic wind dir,deg,244.0
2025-06-16 02:00:00,HC Air temperature,HC Air temperature,°C,21.53
2025-06-16 02:00:00,VPD,VPD,mbar,0.0
2025-06-16 01:00:00,Wind gust,Wind gust,m/s,0.5
2025-06-16 01:00:00,DeltaT,DeltaT,°C,0.0
2025-06-16 01:00:00,U-sonic wind speed,U-sonic wind speed,m/s,0.2
2025-06-16 01:00:00,U-sonic wind dir,U-sonic wind dir,deg,298.0
2025-06-16 01:00:00,HC Air temperature,HC Air temperature,°C,21.37
2025-06-16 01:00:00,HC Relative humidity,HC Relative humidity,%,99.82
2025-06-16 01:00:00,VPD,VPD,mbar,0.0
2025-06-16 01:00:00,Solar radiation,Solar radiation,W/m2,0.0
2025-06-16 01:00:00,Solar Panel,Solar Panel,mV,0.0
2025-06-16 01:00:00,Battery,Battery,mV,6481.0
2025-06-16 01:00:00,Dew Point,Dew Point,°C,21.34
2025-06-16 00:00:00,Solar Panel,Solar Panel,mV,0.0
2025-06-16 00:00:00,U-sonic wind speed,U-sonic wind speed,m/s,0.3
2025-06-16 00:00:00,Wind gust,Wind gust,m/s,0.6
2025-06-16 00:00:00,DeltaT,DeltaT,°C,0.0
2025-06-16 00:00:00,VPD,VPD,mbar,0.0
2025-06-16 00:00:00,Dew Point,Dew Point,°C,20.82
2025-06-16 00:00:00,Solar radiation,Solar radiation,W/m2,0.0
2025-06-16 00:00:00,HC Relative humidity,HC Relative humidity,%,99.81
2025-06-16 00:00:00,HC Air temperature,HC Air temperature,°C,20.85
2025-06-16 00:00:00,Battery,Battery,mV,6484.0
2025-06-16 00:00:00,U-sonic wind dir,U-sonic wind dir,deg,24.0
2025-06-15 23:00:00,VPD,VPD,mbar,0.0
2025-06-15 23:00:00,Battery,Battery,mV,6488.0
2025-06-15 23:00:00,Solar radiation,Solar radiation,W/m2,0.0
2025-06-15 23:00:00,Solar Panel,Solar Panel,mV,0.0
2025-06-15 23:00:00,HC Relative humidity,HC Relative humidity,%,99.82
2025-06-15 23:00:00,HC Air temperature,HC Air temperature,°C,21.88
2025-06-15 23:00:00,U-sonic wind dir,U-sonic wind dir,deg,39.0
2025-06-15 23:00:00,U-sonic wind speed,U-sonic wind speed,m/s,0.3
2025-06-15 23:00:00,Wind gust,Wind gust,m/s,1.0
2025-06-15 23:00:00,DeltaT,DeltaT,°C,0.0
2025-06-15 23:00:00,Dew Point,Dew Point,°C,21.85
2025-06-15 22:00:00,DeltaT,DeltaT,°C,0.0
2025-06-15 22:00:00,VPD,VPD,mbar,0.0
2025-06-15 22:00:00,Solar Panel,Solar Panel,mV,0.0
2025-06-15 22:00:00,Dew Point,Dew Point,°C,21.87
2025-06-15 22:00:00,Battery,Battery,mV,6493.0
2025-06-15 22:00:00,Wind gust,Wind gust,m/s,1.0
2025-06-15 22:00:00,U-sonic wind speed,U-sonic wind speed,m/s,0.4
2025-06-15 22:00:00,U-sonic wind dir,U-sonic wind dir,deg,38.0
2025-06-15 22:00:00,HC Air temperature,HC Air temperature,°C,21.9
2025-06-15 22:00:00,HC Relative humidity,HC Relative humidity,%,99.83
2025-06-15 22:00:00,Solar radiation,Solar radiation,W/m2,0.0
2025-06-15 21:00:00,U-sonic wind speed,U-sonic wind speed,m/s,0.3
2025-06-15 21:00:00,Battery,Battery,mV,6497.0
2025-06-15 21:00:00,Solar Panel,Solar Panel,mV,0.0
2025-06-15 21:00:00,Solar radiation,Solar radiation,W/m2,0.0
2025-06-15 21:00:00,HC Relative humidity,HC Relative humidity,%,99.84
2025-06-15 21:00:00,HC Air temperature,HC Air temperature,°C,22.29
2025-06-15 21:00:00,U-sonic wind dir,U-sonic wind dir,deg,30.0
2025-06-15 21:00:00,Wind gust,Wind gust,m/s,0.7
2025-06-15 21:00:00,DeltaT,DeltaT,°C,0.0
2025-06-15 21:00:00,VPD,VPD,mbar,0.0
2025-06-15 21:00:00,Dew Point,Dew Point,°C,22.26
2025-06-15 20:00:00,Battery,Battery,mV,6488.0
2025-06-15 20:00:00,HC Air temperature,HC Air temperature,°C,23.52
2025-06-15 20:00:00,Wind gust,Wind gust,m/s,0.6
2025-06-15 20:00:00,DeltaT,DeltaT,°C,0.0
2025-06-15 20:00:00,VPD,VPD,mbar,0.0
2025-06-15 20:00:00,Solar Panel,Solar Panel,mV,0.0
2025-06-15 20:00:00,Dew Point,Dew Point,°C,23.5
2025-06-15 20:00:00,Solar radiation,Solar radiation,W/m2,0.0
2025-06-15 20:00:00,U-sonic wind dir,U-sonic wind dir,deg,74.0
2025-06-15 20:00:00,HC Relative humidity,HC Relative humidity,%,99.88
2025-06-15 20:00:00,U-sonic wind speed,U-sonic wind speed,m/s,0.3
2025-06-15 19:00:00,Wind gust,Wind gust,m/s,26.4
2025-06-15 19:00:00,U-sonic wind speed,U-sonic wind speed,m/s,8.7
2025-06-15 19:00:00,U-sonic wind dir,U-sonic wind dir,deg,92.0
2025-06-15 19:00:00,HC Air temperature,HC Air temperature,°C,26.05
2025-06-15 19:00:00,HC Relative humidity,HC Relative humidity,%,85.29
2025-06-15 19:00:00,Dew Point,Dew Point,°C,23.29
2025-06-15 19:00:00,VPD,VPD,mbar,5.1
2025-06-15 19:00:00,DeltaT,DeltaT,°C,2.0
2025-06-15 19:00:00,Battery,Battery,mV,6550.0
2025-06-15 19:00:00,Solar Panel,Solar Panel,mV,1398.0
2025-06-15 19:00:00,Solar radiation,Solar radiation,W/m2,23.0
2025-06-15 18:00:00,Wind gust,Wind gust,m/s,30.3
2025-06-15 18:00:00,Battery,Battery,mV,6804.0
2025-06-15 18:00:00,Solar Panel,Solar Panel,mV,7043.0
2025-06-15 18:00:00,Solar radiation,Solar radiation,W/m2,167.0
2025-06-15 18:00:00,HC Relative humidity,HC Relative humidity,%,64.33
2025-06-15 18:00:00,Dew Point,Dew Point,°C,21.3
2025-06-15 18:00:00,HC Air temperature,HC Air temperature,°C,28.74
2025-06-15 18:00:00,U-sonic wind dir,U-sonic wind dir,deg,252.0
2025-06-15 18:00:00,U-sonic wind speed,U-sonic wind speed,m/s,20.0
2025-06-15 18:00:00,VPD,VPD,mbar,14.1
2025-06-15 18:00:00,DeltaT,DeltaT,°C,5.0
2025-06-15 17:00:00,VPD,VPD,mbar,18.9
2025-06-15 17:00:00,Dew Point,Dew Point,°C,20.07
2025-06-15 17:00:00,DeltaT,DeltaT,°C,7.0
2025-06-15 17:00:00,Wind gust,Wind gust,m/s,28.8
2025-06-15 17:00:00,U-sonic wind speed,U-sonic wind speed,m/s,12.2
2025-06-15 17:00:00,U-sonic wind dir,U-sonic wind dir,deg,340.0
2025-06-15 17:00:00,HC Air temperature,HC Air temperature,°C,29.99
2025-06-15 17:00:00,HC Relative humidity,HC Relative humidity,%,55.4
2025-06-15 17:00:00,Solar radiation,Solar radiation,W/m2,364.0
2025-06-15 17:00:00,Solar Panel,Solar Panel,mV,8009.0
2025-06-15 17:00:00,Battery,Battery,mV,6878.0
2025-06-15 16:00:00,Dew Point,Dew Point,°C,19.64
2025-06-15 16:00:00,U-sonic wind speed,U-sonic wind speed,m/s,17.3
2025-06-15 16:00:00,Wind gust,Wind gust,m/s,28.5
2025-06-15 16:00:00,DeltaT,DeltaT,°C,8.0
2025-06-15 16:00:00,Solar radiation,Solar radiation,W/m2,571.0
2025-06-15 16:00:00,HC Relative humidity,HC Relative humidity,%,50.77
2025-06-15 16:00:00,HC Air temperature,HC Air temperature,°C,31.03
2025-06-15 16:00:00,U-sonic wind dir,U-sonic wind dir,deg,127.0
2025-06-15 16:00:00,VPD,VPD,mbar,22.2
2025-06-15 16:00:00,Battery,Battery,mV,6882.0
2025-06-15 16:00:00,Solar Panel,Solar Panel,mV,8493.0
2025-06-15 15:00:00,HC Relative humidity,HC Relative humidity,%,48.73
2025-06-15 15:00:00,U-sonic wind dir,U-sonic wind dir,deg,321.0
2025-06-15 15:00:00,U-sonic wind speed,U-sonic wind speed,m/s,16.2
2025-06-15 15:00:00,Wind gust,Wind gust,m/s,34.3
2025-06-15 15:00:00,VPD,VPD,mbar,27.0
2025-06-15 15:00:00,DeltaT,DeltaT,°C,9.0
2025-06-15 15:00:00,Battery,Battery,mV,6889.0
2025-06-15 15:00:00,Solar Panel,Solar Panel,mV,10183.0
2025-06-15 15:00:00,HC Air temperature,HC Air temperature,°C,33.51
2025-06-15 15:00:00,Dew Point,Dew Point,°C,21.17
2025-06-15 15:00:00,Solar radiation,Solar radiation,W/m2,673.0
2025-06-15 14:00:00,Wind gust,Wind gust,m/s,27.4
2025-06-15 14:00:00,Dew Point,Dew Point,°C,19.64
2025-06-15 14:00:00,VPD,VPD,mbar,39.3
2025-06-15 14:00:00,DeltaT,DeltaT,°C,12.0
2025-06-15 14:00:00,U-sonic wind speed,U-sonic wind speed,m/s,16.6
2025-06-15 14:00:00,U-sonic wind dir,U-sonic wind dir,deg,253.0
2025-06-15 14:00:00,HC Air temperature,HC Air temperature,°C,36.84
2025-06-15 14:00:00,HC Relative humidity,HC Relative humidity,%,36.75
2025-06-15 14:00:00,Solar radiation,Solar radiation,W/m2,751.0
2025-06-15 14:00:00,Solar Panel,Solar Panel,mV,9647.0
2025-06-15 14:00:00,Battery,Battery,mV,6896.0
2025-06-15 13:00:00,HC Air temperature,HC Air temperature,°C,36.23
2025-06-15 13:00:00,HC Relative humidity,HC Relative humidity,%,40.01
2025-06-15 13:00:00,Solar radiation,Solar radiation,W/m2,870.0
2025-06-15 13:00:00,Dew Point,Dew Point,°C,20.46
2025-06-15 13:00:00,Solar Panel,Solar Panel,mV,9675.0
2025-06-15 13:00:00,U-sonic wind speed,U-sonic wind speed,m/s,17.4
2025-06-15 13:00:00,Wind gust,Wind gust,m/s,36.9
2025-06-15 13:00:00,DeltaT,DeltaT,°C,11.0
2025-06-15 13:00:00,VPD,VPD,mbar,36.1
2025-06-15 13:00:00,Battery,Battery,mV,6896.0
2025-06-15 13:00:00,U-sonic wind dir,U-sonic wind dir,deg,221.0
2025-06-15 12:00:00,HC Air temperature,HC Air temperature,°C,36.61
2025-06-15 12:00:00,Solar radiation,Solar radiation,W/m2,890.0
2025-06-15 12:00:00,U-sonic wind speed,U-sonic wind speed,m/s,13.4
2025-06-15 12:00:00,U-sonic wind dir,U-sonic wind dir,deg,313.0
2025-06-15 12:00:00,Wind gust,Wind gust,m/s,28.7
2025-06-15 12:00:00,DeltaT,DeltaT,°C,10.0
2025-06-15 12:00:00,Solar Panel,Solar Panel,mV,9726.0
2025-06-15 12:00:00,HC Relative humidity,HC Relative humidity,%,44.85
2025-06-15 12:00:00,Dew Point,Dew Point,°C,22.68
2025-06-15 12:00:00,VPD,VPD,mbar,34.0
2025-06-15 12:00:00,Battery,Battery,mV,6898.0
2025-06-15 11:00:00,Solar Panel,Solar Panel,mV,9541.0
2025-06-15 11:00:00,U-sonic wind speed,U-sonic wind speed,m/s,9.7
2025-06-15 11:00:00,Wind gust,Wind gust,m/s,28.2
2025-06-15 11:00:00,DeltaT,DeltaT,°C,10.0
2025-06-15 11:00:00,VPD,VPD,mbar,34.1
2025-06-15 11:00:00,Dew Point,Dew Point,°C,23.82
2025-06-15 11:00:00,HC Relative humidity,HC Relative humidity,%,46.36
2025-06-15 11:00:00,Battery,Battery,mV,6898.0
2025-06-15 11:00:00,U-sonic wind dir,U-sonic wind dir,deg,143.0
2025-06-15 11:00:00,HC Air temperature,HC Air temperature,°C,37.3
2025-06-15 11:00:00,Solar radiation,Solar radiation,W/m2,926.0
2025-06-15 10:00:00,U-sonic wind dir,U-sonic wind dir,deg,72.0
2025-06-15 10:00:00,HC Relative humidity,HC Relative humidity,%,44.59
2025-06-15 10:00:00,Dew Point,Dew Point,°C,23.23
2025-06-15 10:00:00,Solar radiation,Solar radiation,W/m2,771.0
2025-06-15 10:00:00,Solar Panel,Solar Panel,mV,9549.0
2025-06-15 10:00:00,Battery,Battery,mV,6889.0
2025-06-15 10:00:00,VPD,VPD,mbar,35.4
2025-06-15 10:00:00,DeltaT,DeltaT,°C,10.0
2025-06-15 10:00:00,Wind gust,Wind gust,m/s,22.6
2025-06-15 10:00:00,U-sonic wind speed,U-sonic wind speed,m/s,7.3
2025-06-15 10:00:00,HC Air temperature,HC Air temperature,°C,37.32
2025-06-15 09:00:00,U-sonic wind dir,U-sonic wind dir,deg,343.0
2025-06-15 09:00:00,U-sonic wind speed,U-sonic wind speed,m/s,0.6
2025-06-15 09:00:00,VPD,VPD,mbar,37.1
2025-06-15 09:00:00,Wind gust,Wind gust,m/s,1.1
2025-06-15 09:00:00,DeltaT,DeltaT,°C,11.0
2025-06-15 09:00:00,Dew Point,Dew Point,°C,20.55
2025-06-15 09:00:00,Battery,Battery,mV,6893.0
2025-06-15 09:00:00,Solar Panel,Solar Panel,mV,9774.0
2025-06-15 09:00:00,Solar radiation,Solar radiation,W/m2,636.0
2025-06-15 09:00:00,HC Relative humidity,HC Relative humidity,%,39.44
2025-06-15 09:00:00,HC Air temperature,HC Air temperature,°C,36.58
2025-06-15 08:00:00,HC Relative humidity,HC Relative humidity,%,42.92
2025-06-15 08:00:00,U-sonic wind dir,U-sonic wind dir,deg,359.0
2025-06-15 08:00:00,U-sonic wind speed,U-sonic wind speed,m/s,0.4
2025-06-15 08:00:00,Wind gust,Wind gust,m/s,1.0
2025-06-15 08:00:00,DeltaT,DeltaT,°C,10.0
2025-06-15 08:00:00,VPD,VPD,mbar,32.7
2025-06-15 08:00:00,Dew Point,Dew Point,°C,20.73
2025-06-15 08:00:00,HC Air temperature,HC Air temperature,°C,35.28
2025-06-15 08:00:00,Solar radiation,Solar radiation,W/m2,468.0
2025-06-15 08:00:00,Solar Panel,Solar Panel,mV,7130.0
2025-06-15 08:00:00,Battery,Battery,mV,6844.0
2025-06-15 07:00:00,DeltaT,DeltaT,°C,6.0
2025-06-15 07:00:00,Wind gust,Wind gust,m/s,0.7
2025-06-15 07:00:00,U-sonic wind speed,U-sonic wind speed,m/s,0.3
2025-06-15 07:00:00,U-sonic wind dir,U-sonic wind dir,deg,27.0
2025-06-15 07:00:00,HC Air temperature,HC Air temperature,°C,29.78
2025-06-15 07:00:00,HC Relative humidity,HC Relative humidity,%,62.26
2025-06-15 07:00:00,Solar radiation,Solar radiation,W/m2,290.0
2025-06-15 07:00:00,Solar Panel,Solar Panel,mV,7055.0
2025-06-15 07:00:00,Battery,Battery,mV,6775.0
2025-06-15 07:00:00,Dew Point,Dew Point,°C,21.53
2025-06-15 07:00:00,VPD,VPD,mbar,16.5
2025-06-15 06:00:00,Wind gust,Wind gust,m/s,0.4
2025-06-15 06:00:00,DeltaT,DeltaT,°C,0.0
2025-06-15 06:00:00,VPD,VPD,mbar,1.1
2025-06-15 06:00:00,Dew Point,Dew Point,°C,20.81
2025-06-15 06:00:00,HC Relative humidity,HC Relative humidity,%,96.46
2025-06-15 06:00:00,HC Air temperature,HC Air temperature,°C,21.44
2025-06-15 06:00:00,Solar Panel,Solar Panel,mV,6953.0
2025-06-15 06:00:00,Solar radiation,Solar radiation,W/m2,125.0
2025-06-15 06:00:00,Battery,Battery,mV,6675.0
2025-06-15 06:00:00,U-sonic wind dir,U-sonic wind dir,deg,234.0
2025-06-15 06:00:00,U-sonic wind speed,U-sonic wind speed,m/s,0.2
2025-06-15 05:00:00,DeltaT,DeltaT,°C,0.0
2025-06-15 05:00:00,U-sonic wind speed,U-sonic wind speed,m/s,0.2
2025-06-15 05:00:00,U-sonic wind dir,U-sonic wind dir,deg,234.0
2025-06-15 05:00:00,HC Air temperature,HC Air temperature,°C,17.34
2025-06-15 05:00:00,HC Relative humidity,HC Relative humidity,%,99.83
2025-06-15 05:00:00,Solar radiation,Solar radiation,W/m2,15.0
2025-06-15 05:00:00,Solar Panel,Solar Panel,mV,6724.0
2025-06-15 05:00:00,Battery,Battery,mV,6470.0
2025-06-15 05:00:00,Dew Point,Dew Point,°C,17.31
2025-06-15 05:00:00,VPD,VPD,mbar,0.0
2025-06-15 05:00:00,Wind gust,Wind gust,m/s,0.3
2025-06-15 04:00:00,Battery,Battery,mV,6439.0
2025-06-15 04:00:00,HC Air temperature,HC Air temperature,°C,17.31
2025-06-15 04:00:00,U-sonic wind dir,U-sonic wind dir,deg,234.0
2025-06-15 04:00:00,U-sonic wind speed,U-sonic wind speed,m/s,0.2
2025-06-15 04:00:00,Wind gust,Wind gust,m/s,0.3
2025-06-15 04:00:00,DeltaT,DeltaT,°C,0.0
2025-06-15 04:00:00,VPD,VPD,mbar,0.0
2025-06-15 04:00:00,Dew Point,Dew Point,°C,17.28
2025-06-15 04:00:00,HC Relative humidity,HC Relative humidity,%,99.84
2025-06-15 04:00:00,Solar radiation,Solar radiation,W/m2,0.0
2025-06-15 04:00:00,Solar Panel,Solar Panel,mV,653.0
2025-06-15 03:00:00,Solar radiation,Solar radiation,W/m2,0.0
2025-06-15 03:00:00,VPD,VPD,mbar,0.0
2025-06-15 03:00:00,DeltaT,DeltaT,°C,0.0
2025-06-15 03:00:00,Wind gust,Wind gust,m/s,0.4
2025-06-15 03:00:00,U-sonic wind speed,U-sonic wind speed,m/s,0.2
2025-06-15 03:00:00,U-sonic wind dir,U-sonic wind dir,deg,234.0
2025-06-15 03:00:00,HC Air temperature,HC Air temperature,°C,17.67
2025-06-15 03:00:00,HC Relative humidity,HC Relative humidity,%,99.84
2025-06-15 03:00:00,Solar Panel,Solar Panel,mV,0.0
2025-06-15 03:00:00,Battery,Battery,mV,6450.0
2025-06-15 03:00:00,Dew Point,Dew Point,°C,17.65
2025-06-15 02:00:00,Battery,Battery,mV,6461.0
2025-06-15 02:00:00,Solar radiation,Solar radiation,W/m2,0.0
2025-06-15 02:00:00,HC Air temperature,HC Air temperature,°C,18.24
2025-06-15 02:00:00,U-sonic wind dir,U-sonic wind dir,deg,234.0
2025-06-15 02:00:00,U-sonic wind speed,U-sonic wind speed,m/s,0.2
2025-06-15 02:00:00,Wind gust,Wind gust,m/s,0.3
2025-06-15 02:00:00,DeltaT,DeltaT,°C,0.0
2025-06-15 02:00:00,VPD,VPD,mbar,0.0
2025-06-15 02:00:00,Dew Point,Dew Point,°C,18.22
2025-06-15 02:00:00,Solar Panel,Solar Panel,mV,0.0
2025-06-15 02:00:00,HC Relative humidity,HC Relative humidity,%,99.85
2025-06-15 01:00:00,U-sonic wind speed,U-sonic wind speed,m/s,0.2
2025-06-15 01:00:00,Solar Panel,Solar Panel,mV,0.0
2025-06-15 01:00:00,Battery,Battery,mV,6470.0
2025-06-15 01:00:00,Solar radiation,Solar radiation,W/m2,0.0
2025-06-15 01:00:00,Wind gust,Wind gust,m/s,0.5
2025-06-15 01:00:00,HC Relative humidity,HC Relative humidity,%,99.84
2025-06-15 01:00:00,HC Air temperature,HC Air temperature,°C,18.96
2025-06-15 01:00:00,U-sonic wind dir,U-sonic wind dir,deg,15.0
2025-06-15 01:00:00,VPD,VPD,mbar,0.0
2025-06-15 01:00:00,Dew Point,Dew Point,°C,18.93
2025-06-15 01:00:00,DeltaT,DeltaT,°C,0.0
2025-06-15 00:00:00,Battery,Battery,mV,6481.0
2025-06-15 00:00:00,Wind gust,Wind gust,m/s,0.4
2025-06-15 00:00:00,Solar radiation,Solar radiation,W/m2,0.0
2025-06-15 00:00:00,U-sonic wind speed,U-sonic wind speed,m/s,0.2
2025-06-15 00:00:00,DeltaT,DeltaT,°C,0.0
2025-06-15 00:00:00,HC Air temperature,HC Air temperature,°C,19.4
2025-06-15 00:00:00,VPD,VPD,mbar,0.0
2025-06-15 00:00:00,Dew Point,Dew Point,°C,19.37
2025-06-15 00:00:00,U-sonic wind dir,U-sonic wind dir,deg,33.0
2025-06-15 00:00:00,HC Relative humidity,HC Relative humidity,%,99.83
2025-06-15 00:00:00,Solar Panel,Solar Panel,mV,0.0
2025-06-14 23:00:00,Battery,Battery,mV,6486.0
2025-06-14 23:00:00,Solar Panel,Solar Panel,mV,0.0
2025-06-14 23:00:00,Dew Point,Dew Point,°C,19.47
2025-06-14 23:00:00,Solar radiation,Solar radiation,W/m2,0.0
2025-06-14 23:00:00,HC Relative humidity,HC Relative humidity,%,99.84
2025-06-14 23:00:00,HC Air temperature,HC Air temperature,°C,19.5
2025-06-14 23:00:00,U-sonic wind dir,U-sonic wind dir,deg,33.0
2025-06-14 23:00:00,U-sonic wind speed,U-sonic wind speed,m/s,0.2
2025-06-14 23:00:00,Wind gust,Wind gust,m/s,0.4
2025-06-14 23:00:00,DeltaT,DeltaT,°C,0.0
2025-06-14 23:00:00,VPD,VPD,mbar,0.0
2025-06-14 22:00:00,HC Air temperature,HC Air temperature,°C,20.05
2025-06-14 22:00:00,Solar radiation,Solar radiation,W/m2,0.0
2025-06-14 22:00:00,Dew Point,Dew Point,°C,20.02
2025-06-14 22:00:00,Battery,Battery,mV,6493.0
2025-06-14 22:00:00,Solar Panel,Solar Panel,mV,0.0
2025-06-14 22:00:00,DeltaT,DeltaT,°C,0.0
2025-06-14 22:00:00,Wind gust,Wind gust,m/s,0.4
2025-06-14 22:00:00,U-sonic wind speed,U-sonic wind speed,m/s,0.2
2025-06-14 22:00:00,U-sonic wind dir,U-sonic wind dir,deg,33.0
2025-06-14 22:00:00,HC Relative humidity,HC Relative humidity,%,99.84
2025-06-14 22:00:00,VPD,VPD,mbar,0.0
2025-06-14 21:00:00,Solar Panel,Solar Panel,mV,0.0
2025-06-14 21:00:00,Solar radiation,Solar radiation,W/m2,0.0
2025-06-14 21:00:00,Battery,Battery,mV,6493.0
2025-06-14 21:00:00,U-sonic wind dir,U-sonic wind dir,deg,33.0
2025-06-14 21:00:00,HC Air temperature,HC Air temperature,°C,21.02
2025-06-14 21:00:00,U-sonic wind speed,U-sonic wind speed,m/s,0.2
2025-06-14 21:00:00,Wind gust,Wind gust,m/s,0.3
2025-06-14 21:00:00,DeltaT,DeltaT,°C,0.0
2025-06-14 21:00:00,VPD,VPD,mbar,0.0
2025-06-14 21:00:00,Dew Point,Dew Point,°C,21.0
2025-06-14 21:00:00,HC Relative humidity,HC Relative humidity,%,99.86
2025-06-14 20:00:00,Dew Point,Dew Point,°C,22.1
2025-06-14 20:00:00,Battery,Battery,mV,6493.0
2025-06-14 20:00:00,VPD,VPD,mbar,1.7
2025-06-14 20:00:00,DeltaT,DeltaT,°C,1.0
2025-06-14 20:00:00,Wind gust,Wind gust,m/s,0.4
2025-06-14 20:00:00,U-sonic wind speed,U-sonic wind speed,m/s,0.3
2025-06-14 20:00:00,U-sonic wind dir,U-sonic wind dir,deg,33.0
2025-06-14 20:00:00,HC Air temperature,HC Air temperature,°C,23.09
2025-06-14 20:00:00,HC Relative humidity,HC Relative humidity,%,94.47
2025-06-14 20:00:00,Solar radiation,Solar radiation,W/m2,0.0
2025-06-14 20:00:00,Solar Panel,Solar Panel,mV,0.0
2025-06-14 19:00:00,Dew Point,Dew Point,°C,21.01
2025-06-14 19:00:00,Wind gust,Wind gust,m/s,0.4
2025-06-14 19:00:00,U-sonic wind speed,U-sonic wind speed,m/s,0.3
2025-06-14 19:00:00,HC Relative humidity,HC Relative humidity,%,68.38
2025-06-14 19:00:00,HC Air temperature,HC Air temperature,°C,27.39
2025-06-14 19:00:00,U-sonic wind dir,U-sonic wind dir,deg,33.0
2025-06-14 19:00:00,Solar Panel,Solar Panel,mV,957.0
2025-06-14 19:00:00,Solar radiation,Solar radiation,W/m2,10.0
2025-06-14 19:00:00,Battery,Battery,mV,6519.0
2025-06-14 19:00:00,DeltaT,DeltaT,°C,4.0
2025-06-14 19:00:00,VPD,VPD,mbar,11.7
2025-06-14 18:00:00,Solar radiation,Solar radiation,W/m2,114.0
2025-06-14 18:00:00,Solar Panel,Solar Panel,mV,7000.0
2025-06-14 18:00:00,Battery,Battery,mV,6766.0
2025-06-14 18:00:00,VPD,VPD,mbar,22.3
2025-06-14 18:00:00,Dew Point,Dew Point,°C,20.91
2025-06-14 18:00:00,DeltaT,DeltaT,°C,8.0
2025-06-14 18:00:00,Wind gust,Wind gust,m/s,0.7
2025-06-14 18:00:00,U-sonic wind speed,U-sonic wind speed,m/s,0.3
2025-06-14 18:00:00,U-sonic wind dir,U-sonic wind dir,deg,22.0
2025-06-14 18:00:00,HC Air temperature,HC Air temperature,°C,31.76
2025-06-14 18:00:00,HC Relative humidity,HC Relative humidity,%,52.82
2025-06-14 17:00:00,HC Air temperature,HC Air temperature,°C,33.82
2025-06-14 17:00:00,U-sonic wind dir,U-sonic wind dir,deg,15.0
2025-06-14 17:00:00,Dew Point,Dew Point,°C,20.79
2025-06-14 17:00:00,Battery,Battery,mV,6878.0
2025-06-14 17:00:00,U-sonic wind speed,U-sonic wind speed,m/s,0.3
2025-06-14 17:00:00,Wind gust,Wind gust,m/s,0.8
2025-06-14 17:00:00,DeltaT,DeltaT,°C,9.0
2025-06-14 17:00:00,VPD,VPD,mbar,28.2
2025-06-14 17:00:00,Solar Panel,Solar Panel,mV,8564.0
2025-06-14 17:00:00,Solar radiation,Solar radiation,W/m2,289.0
2025-06-14 17:00:00,HC Relative humidity,HC Relative humidity,%,46.85
2025-06-14 16:00:00,DeltaT,DeltaT,°C,11.0
2025-06-14 16:00:00,Dew Point,Dew Point,°C,20.25
2025-06-14 16:00:00,VPD,VPD,mbar,35.9
2025-06-14 16:00:00,Wind gust,Wind gust,m/s,1.1
2025-06-14 16:00:00,U-sonic wind speed,U-sonic wind speed,m/s,0.4
2025-06-14 16:00:00,U-sonic wind dir,U-sonic wind dir,deg,10.0
2025-06-14 16:00:00,HC Air temperature,HC Air temperature,°C,36.07
2025-06-14 16:00:00,HC Relative humidity,HC Relative humidity,%,39.8
2025-06-14 16:00:00,Solar radiation,Solar radiation,W/m2,461.0
2025-06-14 16:00:00,Solar Panel,Solar Panel,mV,9139.0
2025-06-14 16:00:00,Battery,Battery,mV,6884.0
2025-06-14 15:00:00,Wind gust,Wind gust,m/s,0.9
2025-06-14 15:00:00,DeltaT,DeltaT,°C,12.0
2025-06-14 15:00:00,VPD,VPD,mbar,41.5
2025-06-14 15:00:00,Dew Point,Dew Point,°C,20.86
2025-06-14 15:00:00,Battery,Battery,mV,6896.0
2025-06-14 15:00:00,Solar Panel,Solar Panel,mV,9533.0
2025-06-14 15:00:00,Solar radiation,Solar radiation,W/m2,625.0
2025-06-14 15:00:00,HC Relative humidity,HC Relative humidity,%,37.26
2025-06-14 15:00:00,HC Air temperature,HC Air temperature,°C,37.99
2025-06-14 15:00:00,U-sonic wind dir,U-sonic wind dir,deg,348.0
2025-06-14 15:00:00,U-sonic wind speed,U-sonic wind speed,m/s,0.4
2025-06-14 14:00:00,Solar radiation,Solar radiation,W/m2,728.0
2025-06-14 14:00:00,Solar Panel,Solar Panel,mV,9632.0
2025-06-14 14:00:00,DeltaT,DeltaT,°C,12.0
2025-06-14 14:00:00,Wind gust,Wind gust,m/s,1.2
2025-06-14 14:00:00,U-sonic wind speed,U-sonic wind speed,m/s,0.5
2025-06-14 14:00:00,U-sonic wind dir,U-sonic wind dir,deg,348.0
2025-06-14 14:00:00,VPD,VPD,mbar,40.5
2025-06-14 14:00:00,Battery,Battery,mV,6896.0
2025-06-14 14:00:00,Dew Point,Dew Point,°C,19.53
2025-06-14 14:00:00,HC Relative humidity,HC Relative humidity,%,35.93
2025-06-14 14:00:00,HC Air temperature,HC Air temperature,°C,37.13
2025-06-14 13:00:00,HC Air temperature,HC Air temperature,°C,36.36
2025-06-14 13:00:00,Dew Point,Dew Point,°C,19.59
2025-06-14 13:00:00,VPD,VPD,mbar,37.9
2025-06-14 13:00:00,DeltaT,DeltaT,°C,12.0
2025-06-14 13:00:00,Wind gust,Wind gust,m/s,1.4
2025-06-14 13:00:00,U-sonic wind speed,U-sonic wind speed,m/s,0.6
2025-06-14 13:00:00,U-sonic wind dir,U-sonic wind dir,deg,353.0
2025-06-14 13:00:00,HC Relative humidity,HC Relative humidity,%,37.59
2025-06-14 13:00:00,Battery,Battery,mV,6898.0
2025-06-14 13:00:00,Solar Panel,Solar Panel,mV,9644.0
2025-06-14 13:00:00,Solar radiation,Solar radiation,W/m2,863.0
2025-06-14 12:00:00,Battery,Battery,mV,6898.0
2025-06-14 12:00:00,Dew Point,Dew Point,°C,18.31
2025-06-14 12:00:00,U-sonic wind dir,U-sonic wind dir,deg,8.0
2025-06-14 12:00:00,HC Air temperature,HC Air temperature,°C,37.65
2025-06-14 12:00:00,HC Relative humidity,HC Relative humidity,%,32.4
2025-06-14 12:00:00,Solar radiation,Solar radiation,W/m2,915.0
2025-06-14 12:00:00,Wind gust,Wind gust,m/s,1.8
2025-06-14 12:00:00,VPD,VPD,mbar,44.0
2025-06-14 12:00:00,DeltaT,DeltaT,°C,13.0
2025-06-14 12:00:00,Solar Panel,Solar Panel,mV,9746.0
2025-06-14 12:00:00,U-sonic wind speed,U-sonic wind speed,m/s,0.6
2025-06-14 11:00:00,HC Air temperature,HC Air temperature,°C,38.58
2025-06-14 11:00:00,Solar Panel,Solar Panel,mV,9624.0
2025-06-14 11:00:00,Dew Point,Dew Point,°C,17.66
2025-06-14 11:00:00,Battery,Battery,mV,6898.0
2025-06-14 11:00:00,Wind gust,Wind gust,m/s,1.4
2025-06-14 11:00:00,U-sonic wind speed,U-sonic wind speed,m/s,0.5
2025-06-14 11:00:00,U-sonic wind dir,U-sonic wind dir,deg,4.0
2025-06-14 11:00:00,HC Relative humidity,HC Relative humidity,%,29.6
2025-06-14 11:00:00,Solar radiation,Solar radiation,W/m2,941.0
2025-06-14 11:00:00,DeltaT,DeltaT,°C,15.0
2025-06-14 11:00:00,VPD,VPD,mbar,48.1
2025-06-14 10:00:00,DeltaT,DeltaT,°C,14.0
2025-06-14 10:00:00,Wind gust,Wind gust,m/s,1.4
2025-06-14 10:00:00,Solar radiation,Solar radiation,W/m2,787.0
2025-06-14 10:00:00,Solar Panel,Solar Panel,mV,9411.0
2025-06-14 10:00:00,Battery,Battery,mV,6889.0
2025-06-14 10:00:00,U-sonic wind dir,U-sonic wind dir,deg,10.0
2025-06-14 10:00:00,U-sonic wind speed,U-sonic wind speed,m/s,0.5
2025-06-14 10:00:00,HC Relative humidity,HC Relative humidity,%,31.31
2025-06-14 10:00:00,HC Air temperature,HC Air temperature,°C,37.81
2025-06-14 10:00:00,Dew Point,Dew Point,°C,17.92
2025-06-14 10:00:00,VPD,VPD,mbar,45.0
2025-06-14 09:00:00,HC Air temperature,HC Air temperature,°C,36.01
2025-06-14 09:00:00,Battery,Battery,mV,6889.0
2025-06-14 09:00:00,Solar Panel,Solar Panel,mV,9774.0
2025-06-14 09:00:00,Solar radiation,Solar radiation,W/m2,646.0
2025-06-14 09:00:00,HC Relative humidity,HC Relative humidity,%,34.74
2025-06-14 09:00:00,Dew Point,Dew Point,°C,18.03
2025-06-14 09:00:00,VPD,VPD,mbar,38.8
2025-06-14 09:00:00,DeltaT,DeltaT,°C,12.0
2025-06-14 09:00:00,Wind gust,Wind gust,m/s,1.0
2025-06-14 09:00:00,U-sonic wind speed,U-sonic wind speed,m/s,0.4
2025-06-14 09:00:00,U-sonic wind dir,U-sonic wind dir,deg,9.0
2025-06-14 08:00:00,U-sonic wind dir,U-sonic wind dir,deg,30.0
2025-06-14 08:00:00,U-sonic wind speed,U-sonic wind speed,m/s,0.3
2025-06-14 08:00:00,Wind gust,Wind gust,m/s,0.9
2025-06-14 08:00:00,DeltaT,DeltaT,°C,10.0
2025-06-14 08:00:00,VPD,VPD,mbar,28.7
2025-06-14 08:00:00,Dew Point,Dew Point,°C,19.34
2025-06-14 08:00:00,HC Relative humidity,HC Relative humidity,%,43.91
2025-06-14 08:00:00,Solar radiation,Solar radiation,W/m2,487.0
2025-06-14 08:00:00,Solar Panel,Solar Panel,mV,7134.0
2025-06-14 08:00:00,Battery,Battery,mV,6847.0
2025-06-14 08:00:00,HC Air temperature,HC Air temperature,°C,33.3
2025-06-14 07:00:00,Solar radiation,Solar radiation,W/m2,298.0
2025-06-14 07:00:00,Battery,Battery,mV,6775.0
2025-06-14 07:00:00,Solar Panel,Solar Panel,mV,7055.0
2025-06-14 07:00:00,HC Relative humidity,HC Relative humidity,%,62.97
2025-06-14 07:00:00,HC Air temperature,HC Air temperature,°C,28.99
2025-06-14 07:00:00,U-sonic wind dir,U-sonic wind dir,deg,38.0
2025-06-14 07:00:00,U-sonic wind speed,U-sonic wind speed,m/s,0.2
2025-06-14 07:00:00,Wind gust,Wind gust,m/s,0.6
2025-06-14 07:00:00,DeltaT,DeltaT,°C,6.0
2025-06-14 07:00:00,VPD,VPD,mbar,15.8
2025-06-14 07:00:00,Dew Point,Dew Point,°C,20.67
2025-06-14 06:00:00,HC Relative humidity,HC Relative humidity,%,99.9
2025-06-14 06:00:00,HC Air temperature,HC Air temperature,°C,21.27
2025-06-14 06:00:00,U-sonic wind dir,U-sonic wind dir,deg,233.0
2025-06-14 06:00:00,Wind gust,Wind gust,m/s,0.3
2025-06-14 06:00:00,DeltaT,DeltaT,°C,0.0
2025-06-14 06:00:00,VPD,VPD,mbar,0.0
2025-06-14 06:00:00,Dew Point,Dew Point,°C,21.25
2025-06-14 06:00:00,Battery,Battery,mV,6684.0
2025-06-14 06:00:00,Solar Panel,Solar Panel,mV,6961.0
2025-06-14 06:00:00,Solar radiation,Solar radiation,W/m2,147.0
2025-06-14 06:00:00,U-sonic wind speed,U-sonic wind speed,m/s,0.2
2025-06-14 05:00:00,Wind gust,Wind gust,m/s,0.4
2025-06-14 05:00:00,VPD,VPD,mbar,0.0
2025-06-14 05:00:00,DeltaT,DeltaT,°C,0.0
2025-06-14 05:00:00,Battery,Battery,mV,6481.0
2025-06-14 05:00:00,Solar Panel,Solar Panel,mV,6736.0
2025-06-14 05:00:00,Solar radiation,Solar radiation,W/m2,21.0
2025-06-14 05:00:00,HC Relative humidity,HC Relative humidity,%,99.85
2025-06-14 05:00:00,HC Air temperature,HC Air temperature,°C,16.46
2025-06-14 05:00:00,U-sonic wind speed,U-sonic wind speed,m/s,0.2
2025-06-14 05:00:00,U-sonic wind dir,U-sonic wind dir,deg,233.0
2025-06-14 05:00:00,Dew Point,Dew Point,°C,16.43
2025-06-14 04:00:00,Solar radiation,Solar radiation,W/m2,0.0
2025-06-14 04:00:00,Solar Panel,Solar Panel,mV,685.0
2025-06-14 04:00:00,Battery,Battery,mV,6446.0
2025-06-14 04:00:00,Dew Point,Dew Point,°C,16.63
2025-06-14 04:00:00,VPD,VPD,mbar,0.0
2025-06-14 04:00:00,DeltaT,DeltaT,°C,0.0
2025-06-14 04:00:00,Wind gust,Wind gust,m/s,0.4
2025-06-14 04:00:00,U-sonic wind speed,U-sonic wind speed,m/s,0.2
2025-06-14 04:00:00,U-sonic wind dir,U-sonic wind dir,deg,233.0
2025-06-14 04:00:00,HC Air temperature,HC Air temperature,°C,16.65
2025-06-14 04:00:00,HC Relative humidity,HC Relative humidity,%,99.84
2025-06-14 03:00:00,Wind gust,Wind gust,m/s,0.4
2025-06-14 03:00:00,U-sonic wind speed,U-sonic wind speed,m/s,0.2
2025-06-14 03:00:00,U-sonic wind dir,U-sonic wind dir,deg,233.0
2025-06-14 03:00:00,HC Air temperature,HC Air temperature,°C,16.79
2025-06-14 03:00:00,HC Relative humidity,HC Relative humidity,%,99.83
2025-06-14 03:00:00,Solar radiation,Solar radiation,W/m2,0.0
2025-06-14 03:00:00,Solar Panel,Solar Panel,mV,0.0
2025-06-14 03:00:00,Battery,Battery,mV,6453.0
2025-06-14 03:00:00,Dew Point,Dew Point,°C,16.76
2025-06-14 03:00:00,VPD,VPD,mbar,0.0
2025-06-14 03:00:00,DeltaT,DeltaT,°C,0.0
2025-06-14 02:00:00,Wind gust,Wind gust,m/s,0.4
2025-06-14 02:00:00,U-sonic wind speed,U-sonic wind speed,m/s,0.2
2025-06-14 02:00:00,U-sonic wind dir,U-sonic wind dir,deg,233.0
2025-06-14 02:00:00,HC Air temperature,HC Air temperature,°C,17.12
2025-06-14 02:00:00,HC Relative humidity,HC Relative humidity,%,99.83
2025-06-14 02:00:00,Solar radiation,Solar radiation,W/m2,0.0
2025-06-14 02:00:00,Battery,Battery,mV,6466.0
2025-06-14 02:00:00,Solar Panel,Solar Panel,mV,0.0
2025-06-14 02:00:00,Dew Point,Dew Point,°C,17.09
2025-06-14 02:00:00,VPD,VPD,mbar,0.0
2025-06-14 02:00:00,DeltaT,DeltaT,°C,0.0
2025-06-14 01:00:00,U-sonic wind dir,U-sonic wind dir,deg,233.0
2025-06-14 01:00:00,Wind gust,Wind gust,m/s,0.3
2025-06-14 01:00:00,DeltaT,DeltaT,°C,0.0
2025-06-14 01:00:00,Solar radiation,Solar radiation,W/m2,0.0
2025-06-14 01:00:00,Solar Panel,Solar Panel,mV,0.0
2025-06-14 01:00:00,Battery,Battery,mV,6470.0
2025-06-14 01:00:00,HC Relative humidity,HC Relative humidity,%,99.83
2025-06-14 01:00:00,HC Air temperature,HC Air temperature,°C,17.41
2025-06-14 01:00:00,Dew Point,Dew Point,°C,17.38
2025-06-14 01:00:00,VPD,VPD,mbar,0.0
2025-06-14 01:00:00,U-sonic wind speed,U-sonic wind speed,m/s,0.2
2025-06-14 00:00:00,U-sonic wind speed,U-sonic wind speed,m/s,0.2
2025-06-14 00:00:00,Dew Point,Dew Point,°C,17.68
2025-06-14 00:00:00,VPD,VPD,mbar,0.0
2025-06-14 00:00:00,DeltaT,DeltaT,°C,0.0
2025-06-14 00:00:00,Wind gust,Wind gust,m/s,0.3
2025-06-14 00:00:00,U-sonic wind dir,U-sonic wind dir,deg,233.0
2025-06-14 00:00:00,HC Air temperature,HC Air temperature,°C,17.71
2025-06-14 00:00:00,HC Relative humidity,HC Relative humidity,%,99.83
2025-06-14 00:00:00,Solar radiation,Solar radiation,W/m2,0.0
2025-06-14 00:00:00,Battery,Battery,mV,6481.0
2025-06-14 00:00:00,Solar Panel,Solar Panel,mV,0.0
2025-06-13 23:00:00,HC Air temperature,HC Air temperature,°C,17.98
2025-06-13 23:00:00,U-sonic wind dir,U-sonic wind dir,deg,233.0
2025-06-13 23:00:00,Wind gust,Wind gust,m/s,0.3
2025-06-13 23:00:00,U-sonic wind speed,U-sonic wind speed,m/s,0.2
2025-06-13 23:00:00,Battery,Battery,mV,6488.0
2025-06-13 23:00:00,Dew Point,Dew Point,°C,17.96
2025-06-13 23:00:00,DeltaT,DeltaT,°C,0.0
2025-06-13 23:00:00,VPD,VPD,mbar,0.0
2025-06-13 23:00:00,Solar Panel,Solar Panel,mV,0.0
2025-06-13 23:00:00,Solar radiation,Solar radiation,W/m2,0.0
2025-06-13 23:00:00,HC Relative humidity,HC Relative humidity,%,99.84
2025-06-13 22:00:00,U-sonic wind speed,U-sonic wind speed,m/s,0.2
2025-06-13 22:00:00,DeltaT,DeltaT,°C,0.0
2025-06-13 22:00:00,VPD,VPD,mbar,0.0
2025-06-13 22:00:00,Dew Point,Dew Point,°C,18.65
2025-06-13 22:00:00,Battery,Battery,mV,6488.0
2025-06-13 22:00:00,Solar Panel,Solar Panel,mV,0.0
2025-06-13 22:00:00,Solar radiation,Solar radiation,W/m2,0.0
2025-06-13 22:00:00,HC Relative humidity,HC Relative humidity,%,99.85
2025-06-13 22:00:00,HC Air temperature,HC Air temperature,°C,18.67
2025-06-13 22:00:00,U-sonic wind dir,U-sonic wind dir,deg,51.0
2025-06-13 22:00:00,Wind gust,Wind gust,m/s,0.4
2025-06-13 21:00:00,DeltaT,DeltaT,°C,0.0
2025-06-13 21:00:00,VPD,VPD,mbar,0.0
2025-06-13 21:00:00,Dew Point,Dew Point,°C,19.85
2025-06-13 21:00:00,Wind gust,Wind gust,m/s,0.4
2025-06-13 21:00:00,Solar Panel,Solar Panel,mV,0.0
2025-06-13 21:00:00,U-sonic wind speed,U-sonic wind speed,m/s,0.2
2025-06-13 21:00:00,U-sonic wind dir,U-sonic wind dir,deg,51.0
2025-06-13 21:00:00,HC Air temperature,HC Air temperature,°C,19.87
2025-06-13 21:00:00,HC Relative humidity,HC Relative humidity,%,99.87
2025-06-13 21:00:00,Battery,Battery,mV,6493.0
2025-06-13 21:00:00,Solar radiation,Solar radiation,W/m2,0.0
2025-06-13 20:00:00,Dew Point,Dew Point,°C,21.3
2025-06-13 20:00:00,VPD,VPD,mbar,1.4
2025-06-13 20:00:00,Wind gust,Wind gust,m/s,0.4
2025-06-13 20:00:00,Battery,Battery,mV,6484.0
2025-06-13 20:00:00,DeltaT,DeltaT,°C,1.0
2025-06-13 20:00:00,Solar Panel,Solar Panel,mV,0.0
2025-06-13 20:00:00,Solar radiation,Solar radiation,W/m2,0.0
2025-06-13 20:00:00,HC Relative humidity,HC Relative humidity,%,95.18
2025-06-13 20:00:00,HC Air temperature,HC Air temperature,°C,22.16
2025-06-13 20:00:00,U-sonic wind dir,U-sonic wind dir,deg,51.0
2025-06-13 20:00:00,U-sonic wind speed,U-sonic wind speed,m/s,0.3
2025-06-13 19:00:00,HC Air temperature,HC Air temperature,°C,26.68
2025-06-13 19:00:00,HC Relative humidity,HC Relative humidity,%,66.54
2025-06-13 19:00:00,Battery,Battery,mV,6550.0
2025-06-13 19:00:00,Solar radiation,Solar radiation,W/m2,18.0
2025-06-13 19:00:00,Solar Panel,Solar Panel,mV,559.0
2025-06-13 19:00:00,Dew Point,Dew Point,°C,19.88
2025-06-13 19:00:00,VPD,VPD,mbar,11.9
2025-06-13 19:00:00,DeltaT,DeltaT,°C,5.0
2025-06-13 19:00:00,Wind gust,Wind gust,m/s,30.2
2025-06-13 19:00:00,U-sonic wind speed,U-sonic wind speed,m/s,12.0
2025-06-13 19:00:00,U-sonic wind dir,U-sonic wind dir,deg,51.0
2025-06-13 18:00:00,Solar Panel,Solar Panel,mV,7051.0
2025-06-13 18:00:00,Dew Point,Dew Point,°C,20.25
2025-06-13 18:00:00,VPD,VPD,mbar,18.4
2025-06-13 18:00:00,DeltaT,DeltaT,°C,7.0
2025-06-13 18:00:00,Wind gust,Wind gust,m/s,25.9
2025-06-13 18:00:00,U-sonic wind speed,U-sonic wind speed,m/s,9.4
2025-06-13 18:00:00,U-sonic wind dir,U-sonic wind dir,deg,308.0
2025-06-13 18:00:00,HC Air temperature,HC Air temperature,°C,29.88
2025-06-13 18:00:00,HC Relative humidity,HC Relative humidity,%,56.35
2025-06-13 18:00:00,Solar radiation,Solar radiation,W/m2,140.0
2025-06-13 18:00:00,Battery,Battery,mV,6813.0
2025-06-13 17:00:00,Solar radiation,Solar radiation,W/m2,300.0
2025-06-13 17:00:00,Battery,Battery,mV,6878.0
2025-06-13 17:00:00,Solar Panel,Solar Panel,mV,7902.0
2025-06-13 17:00:00,Dew Point,Dew Point,°C,20.57
2025-06-13 17:00:00,VPD,VPD,mbar,21.0
2025-06-13 17:00:00,DeltaT,DeltaT,°C,7.0
2025-06-13 17:00:00,Wind gust,Wind gust,m/s,28.7
2025-06-13 17:00:00,U-sonic wind speed,U-sonic wind speed,m/s,13.1
2025-06-13 17:00:00,U-sonic wind dir,U-sonic wind dir,deg,65.0
2025-06-13 17:00:00,HC Air temperature,HC Air temperature,°C,31.1
2025-06-13 17:00:00,HC Relative humidity,HC Relative humidity,%,53.57
2025-06-13 16:00:00,Dew Point,Dew Point,°C,20.58
2025-06-13 16:00:00,HC Air temperature,HC Air temperature,°C,32.93
2025-06-13 16:00:00,HC Relative humidity,HC Relative humidity,%,48.36
2025-06-13 16:00:00,Solar radiation,Solar radiation,W/m2,470.0
2025-06-13 16:00:00,Solar Panel,Solar Panel,mV,8099.0
2025-06-13 16:00:00,Battery,Battery,mV,6884.0
2025-06-13 16:00:00,U-sonic wind dir,U-sonic wind dir,deg,137.0
2025-06-13 16:00:00,U-sonic wind speed,U-sonic wind speed,m/s,15.4
2025-06-13 16:00:00,Wind gust,Wind gust,m/s,32.2
2025-06-13 16:00:00,DeltaT,DeltaT,°C,9.0
2025-06-13 16:00:00,VPD,VPD,mbar,25.9
2025-06-13 15:00:00,Dew Point,Dew Point,°C,20.27
2025-06-13 15:00:00,Battery,Battery,mV,6889.0
2025-06-13 15:00:00,Solar Panel,Solar Panel,mV,9900.0
2025-06-13 15:00:00,Solar radiation,Solar radiation,W/m2,633.0
2025-06-13 15:00:00,HC Relative humidity,HC Relative humidity,%,41.03
2025-06-13 15:00:00,HC Air temperature,HC Air temperature,°C,35.59
2025-06-13 15:00:00,U-sonic wind dir,U-sonic wind dir,deg,249.0
2025-06-13 15:00:00,U-sonic wind speed,U-sonic wind speed,m/s,10.1
2025-06-13 15:00:00,Wind gust,Wind gust,m/s,29.1
2025-06-13 15:00:00,DeltaT,DeltaT,°C,11.0
2025-06-13 15:00:00,VPD,VPD,mbar,34.4
2025-06-13 14:00:00,VPD,VPD,mbar,35.5
2025-06-13 14:00:00,HC Relative humidity,HC Relative humidity,%,43.1
2025-06-13 14:00:00,HC Air temperature,HC Air temperature,°C,36.87
2025-06-13 14:00:00,U-sonic wind dir,U-sonic wind dir,deg,184.0
2025-06-13 14:00:00,U-sonic wind speed,U-sonic wind speed,m/s,20.9
2025-06-13 14:00:00,Wind gust,Wind gust,m/s,37.8
2025-06-13 14:00:00,DeltaT,DeltaT,°C,11.0
2025-06-13 14:00:00,Dew Point,Dew Point,°C,22.26
2025-06-13 14:00:00,Solar Panel,Solar Panel,mV,9726.0
2025-06-13 14:00:00,Solar radiation,Solar radiation,W/m2,758.0
2025-06-13 14:00:00,Battery,Battery,mV,6898.0
2025-06-13 13:00:00,Dew Point,Dew Point,°C,20.68
2025-06-13 13:00:00,DeltaT,DeltaT,°C,10.0
2025-06-13 13:00:00,U-sonic wind dir,U-sonic wind dir,deg,184.0
2025-06-13 13:00:00,U-sonic wind speed,U-sonic wind speed,m/s,12.5
2025-06-13 13:00:00,Solar radiation,Solar radiation,W/m2,872.0
2025-06-13 13:00:00,Wind gust,Wind gust,m/s,31.4
2025-06-13 13:00:00,HC Relative humidity,HC Relative humidity,%,42.1
2025-06-13 13:00:00,HC Air temperature,HC Air temperature,°C,35.55
2025-06-13 13:00:00,Solar Panel,Solar Panel,mV,9710.0
2025-06-13 13:00:00,Battery,Battery,mV,6898.0
2025-06-13 13:00:00,VPD,VPD,mbar,33.6
2025-06-13 12:00:00,HC Relative humidity,HC Relative humidity,%,43.71
2025-06-13 12:00:00,DeltaT,DeltaT,°C,10.0
2025-06-13 12:00:00,Wind gust,Wind gust,m/s,31.9
2025-06-13 12:00:00,U-sonic wind speed,U-sonic wind speed,m/s,11.0
2025-06-13 12:00:00,U-sonic wind dir,U-sonic wind dir,deg,229.0
2025-06-13 12:00:00,HC Air temperature,HC Air temperature,°C,33.88
2025-06-13 12:00:00,Battery,Battery,mV,6896.0
2025-06-13 12:00:00,Solar Panel,Solar Panel,mV,9864.0
2025-06-13 12:00:00,Solar radiation,Solar radiation,W/m2,906.0
2025-06-13 12:00:00,VPD,VPD,mbar,29.7
2025-06-13 12:00:00,Dew Point,Dew Point,°C,19.8
2025-06-13 11:00:00,Battery,Battery,mV,6896.0
2025-06-13 11:00:00,Solar radiation,Solar radiation,W/m2,949.0
2025-06-13 11:00:00,HC Relative humidity,HC Relative humidity,%,50.72
2025-06-13 11:00:00,HC Air temperature,HC Air temperature,°C,32.99
2025-06-13 11:00:00,U-sonic wind dir,U-sonic wind dir,deg,194.0
2025-06-13 11:00:00,U-sonic wind speed,U-sonic wind speed,m/s,22.9
2025-06-13 11:00:00,Wind gust,Wind gust,m/s,29.7
2025-06-13 11:00:00,DeltaT,DeltaT,°C,8.0
2025-06-13 11:00:00,VPD,VPD,mbar,24.8
2025-06-13 11:00:00,Dew Point,Dew Point,°C,21.41
2025-06-13 11:00:00,Solar Panel,Solar Panel,mV,9848.0
2025-06-13 10:00:00,VPD,VPD,mbar,26.7
2025-06-13 10:00:00,Wind gust,Wind gust,m/s,31.6
2025-06-13 10:00:00,U-sonic wind speed,U-sonic wind speed,m/s,15.3
2025-06-13 10:00:00,U-sonic wind dir,U-sonic wind dir,deg,349.0
2025-06-13 10:00:00,HC Air temperature,HC Air temperature,°C,34.72
2025-06-13 10:00:00,HC Relative humidity,HC Relative humidity,%,51.63
2025-06-13 10:00:00,Solar radiation,Solar radiation,W/m2,781.0
2025-06-13 10:00:00,Solar Panel,Solar Panel,mV,9616.0
2025-06-13 10:00:00,Battery,Battery,mV,6889.0
2025-06-13 10:00:00,Dew Point,Dew Point,°C,23.28
2025-06-13 10:00:00,DeltaT,DeltaT,°C,8.0
2025-06-13 09:00:00,VPD,VPD,mbar,24.3
2025-06-13 09:00:00,Wind gust,Wind gust,m/s,40.2
2025-06-13 09:00:00,U-sonic wind speed,U-sonic wind speed,m/s,16.7
2025-06-13 09:00:00,U-sonic wind dir,U-sonic wind dir,deg,291.0
2025-06-13 09:00:00,HC Air temperature,HC Air temperature,°C,34.71
2025-06-13 09:00:00,HC Relative humidity,HC Relative humidity,%,56.25
2025-06-13 09:00:00,Solar radiation,Solar radiation,W/m2,645.0
2025-06-13 09:00:00,Solar Panel,Solar Panel,mV,9896.0
2025-06-13 09:00:00,Battery,Battery,mV,6889.0
2025-06-13 09:00:00,Dew Point,Dew Point,°C,24.7
2025-06-13 09:00:00,DeltaT,DeltaT,°C,7.0
2025-06-13 08:00:00,Wind gust,Wind gust,m/s,0.8
2025-06-13 08:00:00,Battery,Battery,mV,6858.0
2025-06-13 08:00:00,Solar Panel,Solar Panel,mV,7146.0
2025-06-13 08:00:00,Solar radiation,Solar radiation,W/m2,468.0
2025-06-13 08:00:00,HC Relative humidity,HC Relative humidity,%,66.2
2025-06-13 08:00:00,HC Air temperature,HC Air temperature,°C,32.84
2025-06-13 08:00:00,U-sonic wind dir,U-sonic wind dir,deg,31.0
2025-06-13 08:00:00,U-sonic wind speed,U-sonic wind speed,m/s,0.3
2025-06-13 08:00:00,DeltaT,DeltaT,°C,5.0
2025-06-13 08:00:00,VPD,VPD,mbar,17.1
2025-06-13 08:00:00,Dew Point,Dew Point,°C,25.64
2025-06-13 07:00:00,U-sonic wind dir,U-sonic wind dir,deg,39.0
2025-06-13 07:00:00,U-sonic wind speed,U-sonic wind speed,m/s,0.3
2025-06-13 07:00:00,Wind gust,Wind gust,m/s,0.8
2025-06-13 07:00:00,DeltaT,DeltaT,°C,1.0
2025-06-13 07:00:00,Dew Point,Dew Point,°C,27.17
2025-06-13 07:00:00,VPD,VPD,mbar,3.1
2025-06-13 07:00:00,Solar Panel,Solar Panel,mV,7055.0
2025-06-13 07:00:00,Solar radiation,Solar radiation,W/m2,274.0
2025-06-13 07:00:00,HC Relative humidity,HC Relative humidity,%,92.83
2025-06-13 07:00:00,Battery,Battery,mV,6775.0
2025-06-13 07:00:00,HC Air temperature,HC Air temperature,°C,28.54
2025-06-13 06:00:00,HC Relative humidity,HC Relative humidity,%,99.82
2025-06-13 06:00:00,Dew Point,Dew Point,°C,21.82
2025-06-13 06:00:00,Solar radiation,Solar radiation,W/m2,119.0
2025-06-13 06:00:00,VPD,VPD,mbar,0.0
2025-06-13 06:00:00,Battery,Battery,mV,6660.0
2025-06-13 06:00:00,Solar Panel,Solar Panel,mV,6929.0
2025-06-13 06:00:00,Wind gust,Wind gust,m/s,0.4
2025-06-13 06:00:00,U-sonic wind speed,U-sonic wind speed,m/s,0.2
2025-06-13 06:00:00,U-sonic wind dir,U-sonic wind dir,deg,234.0
2025-06-13 06:00:00,HC Air temperature,HC Air temperature,°C,21.85
2025-06-13 06:00:00,DeltaT,DeltaT,°C,0.0
2025-06-13 05:00:00,HC Air temperature,HC Air temperature,°C,18.62
2025-06-13 05:00:00,HC Relative humidity,HC Relative humidity,%,99.82
2025-06-13 05:00:00,VPD,VPD,mbar,0.0
2025-06-13 05:00:00,Dew Point,Dew Point,°C,18.59
2025-06-13 05:00:00,Solar radiation,Solar radiation,W/m2,11.0
2025-06-13 05:00:00,Solar Panel,Solar Panel,mV,6716.0
2025-06-13 05:00:00,DeltaT,DeltaT,°C,0.0
2025-06-13 05:00:00,Battery,Battery,mV,6466.0
2025-06-13 05:00:00,Wind gust,Wind gust,m/s,0.4
2025-06-13 05:00:00,U-sonic wind speed,U-sonic wind speed,m/s,0.3
2025-06-13 05:00:00,U-sonic wind dir,U-sonic wind dir,deg,234.0
2025-06-13 04:00:00,Solar radiation,Solar radiation,W/m2,0.0
2025-06-13 04:00:00,U-sonic wind speed,U-sonic wind speed,m/s,0.3
2025-06-13 04:00:00,HC Relative humidity,HC Relative humidity,%,99.82
2025-06-13 04:00:00,HC Air temperature,HC Air temperature,°C,18.86
2025-06-13 04:00:00,Wind gust,Wind gust,m/s,0.5
2025-06-13 04:00:00,DeltaT,DeltaT,°C,0.0
2025-06-13 04:00:00,VPD,VPD,mbar,0.0
2025-06-13 04:00:00,Dew Point,Dew Point,°C,18.83
2025-06-13 04:00:00,Battery,Battery,mV,6446.0
2025-06-13 04:00:00,Solar Panel,Solar Panel,mV,559.0
2025-06-13 04:00:00,U-sonic wind dir,U-sonic wind dir,deg,234.0
2025-06-13 03:00:00,U-sonic wind dir,U-sonic wind dir,deg,52.0
2025-06-13 03:00:00,HC Relative humidity,HC Relative humidity,%,99.82
2025-06-13 03:00:00,Solar radiation,Solar radiation,W/m2,0.0
2025-06-13 03:00:00,Solar Panel,Solar Panel,mV,0.0
2025-06-13 03:00:00,Battery,Battery,mV,6453.0
2025-06-13 03:00:00,Dew Point,Dew Point,°C,19.14
2025-06-13 03:00:00,U-sonic wind speed,U-sonic wind speed,m/s,0.3
2025-06-13 03:00:00,Wind gust,Wind gust,m/s,0.5
2025-06-13 03:00:00,DeltaT,DeltaT,°C,0.0
2025-06-13 03:00:00,VPD,VPD,mbar,0.0
2025-06-13 03:00:00,HC Air temperature,HC Air temperature,°C,19.17
2025-06-13 02:00:00,HC Relative humidity,HC Relative humidity,%,99.82
2025-06-13 02:00:00,DeltaT,DeltaT,°C,0.0
2025-06-13 02:00:00,Wind gust,Wind gust,m/s,0.4
2025-06-13 02:00:00,U-sonic wind speed,U-sonic wind speed,m/s,0.3
2025-06-13 02:00:00,U-sonic wind dir,U-sonic wind dir,deg,127.0
2025-06-13 02:00:00,HC Air temperature,HC Air temperature,°C,18.62
2025-06-13 02:00:00,Solar radiation,Solar radiation,W/m2,0.0
2025-06-13 02:00:00,Solar Panel,Solar Panel,mV,0.0
2025-06-13 02:00:00,Battery,Battery,mV,6461.0
2025-06-13 02:00:00,Dew Point,Dew Point,°C,18.59
2025-06-13 02:00:00,VPD,VPD,mbar,0.0
2025-06-13 01:00:00,HC Relative humidity,HC Relative humidity,%,99.83
2025-06-13 01:00:00,Battery,Battery,mV,6470.0
2025-06-13 01:00:00,Solar Panel,Solar Panel,mV,0.0
2025-06-13 01:00:00,HC Air temperature,HC Air temperature,°C,18.59
2025-06-13 01:00:00,Solar radiation,Solar radiation,W/m2,0.0
2025-06-13 01:00:00,Dew Point,Dew Point,°C,18.56
2025-06-13 01:00:00,VPD,VPD,mbar,0.0
2025-06-13 01:00:00,DeltaT,DeltaT,°C,0.0
2025-06-13 01:00:00,Wind gust,Wind gust,m/s,0.4
2025-06-13 01:00:00,U-sonic wind speed,U-sonic wind speed,m/s,0.2
2025-06-13 01:00:00,U-sonic wind dir,U-sonic wind dir,deg,127.0
2025-06-13 00:00:00,U-sonic wind speed,U-sonic wind speed,m/s,0.3
2025-06-13 00:00:00,Battery,Battery,mV,6484.0
2025-06-13 00:00:00,Solar Panel,Solar Panel,mV,0.0
2025-06-13 00:00:00,Solar radiation,Solar radiation,W/m2,0.0
2025-06-13 00:00:00,HC Relative humidity,HC Relative humidity,%,99.83
2025-06-13 00:00:00,HC Air temperature,HC Air temperature,°C,18.69
2025-06-13 00:00:00,U-sonic wind dir,U-sonic wind dir,deg,127.0
2025-06-13 00:00:00,Wind gust,Wind gust,m/s,0.4
2025-06-13 00:00:00,DeltaT,DeltaT,°C,0.0
2025-06-13 00:00:00,VPD,VPD,mbar,0.0
2025-06-13 00:00:00,Dew Point,Dew Point,°C,18.67
2025-06-12 23:00:00,HC Relative humidity,HC Relative humidity,%,99.83
2025-06-12 23:00:00,Solar radiation,Solar radiation,W/m2,0.0
2025-06-12 23:00:00,Solar Panel,Solar Panel,mV,0.0
2025-06-12 23:00:00,Battery,Battery,mV,6488.0
2025-06-12 23:00:00,Dew Point,Dew Point,°C,19.23
2025-06-12 23:00:00,VPD,VPD,mbar,0.0
2025-06-12 23:00:00,DeltaT,DeltaT,°C,0.0
2025-06-12 23:00:00,Wind gust,Wind gust,m/s,0.3
2025-06-12 23:00:00,U-sonic wind speed,U-sonic wind speed,m/s,0.3
2025-06-12 23:00:00,U-sonic wind dir,U-sonic wind dir,deg,127.0
2025-06-12 23:00:00,HC Air temperature,HC Air temperature,°C,19.26
2025-06-12 22:00:00,Wind gust,Wind gust,m/s,0.4
2025-06-12 22:00:00,DeltaT,DeltaT,°C,0.0
2025-06-12 22:00:00,VPD,VPD,mbar,0.0
2025-06-12 22:00:00,Dew Point,Dew Point,°C,20.36
2025-06-12 22:00:00,Battery,Battery,mV,6493.0
2025-06-12 22:00:00,Solar Panel,Solar Panel,mV,0.0
2025-06-12 22:00:00,Solar radiation,Solar radiation,W/m2,0.0
2025-06-12 22:00:00,HC Relative humidity,HC Relative humidity,%,99.84
2025-06-12 22:00:00,HC Air temperature,HC Air temperature,°C,20.39
2025-06-12 22:00:00,U-sonic wind dir,U-sonic wind dir,deg,127.0
2025-06-12 22:00:00,U-sonic wind speed,U-sonic wind speed,m/s,0.3
2025-06-12 21:00:00,HC Air temperature,HC Air temperature,°C,21.44
2025-06-12 21:00:00,Solar radiation,Solar radiation,W/m2,0.0
2025-06-12 21:00:00,Solar Panel,Solar Panel,mV,0.0
2025-06-12 21:00:00,Battery,Battery,mV,6499.0
2025-06-12 21:00:00,Dew Point,Dew Point,°C,21.41
2025-06-12 21:00:00,VPD,VPD,mbar,0.0
2025-06-12 21:00:00,DeltaT,DeltaT,°C,0.0
2025-06-12 21:00:00,Wind gust,Wind gust,m/s,0.3
2025-06-12 21:00:00,U-sonic wind speed,U-sonic wind speed,m/s,0.2
2025-06-12 21:00:00,U-sonic wind dir,U-sonic wind dir,deg,127.0
2025-06-12 21:00:00,HC Relative humidity,HC Relative humidity,%,99.83
2025-06-12 20:00:00,Wind gust,Wind gust,m/s,0.3
2025-06-12 20:00:00,DeltaT,DeltaT,°C,0.0
2025-06-12 20:00:00,VPD,VPD,mbar,0.0
2025-06-12 20:00:00,Dew Point,Dew Point,°C,21.97
2025-06-12 20:00:00,Battery,Battery,mV,6497.0
2025-06-12 20:00:00,Solar Panel,Solar Panel,mV,0.0
2025-06-12 20:00:00,Solar radiation,Solar radiation,W/m2,0.0
2025-06-12 20:00:00,HC Relative humidity,HC Relative humidity,%,99.85
2025-06-12 20:00:00,HC Air temperature,HC Air temperature,°C,21.99
2025-06-12 20:00:00,U-sonic wind dir,U-sonic wind dir,deg,127.0
2025-06-12 20:00:00,U-sonic wind speed,U-sonic wind speed,m/s,0.2
2025-06-12 19:00:00,U-sonic wind dir,U-sonic wind dir,deg,127.0
2025-06-12 19:00:00,Battery,Battery,mV,6524.0
2025-06-12 19:00:00,Solar Panel,Solar Panel,mV,847.0
2025-06-12 19:00:00,Solar radiation,Solar radiation,W/m2,18.0
2025-06-12 19:00:00,HC Relative humidity,HC Relative humidity,%,92.47
2025-06-12 19:00:00,HC Air temperature,HC Air temperature,°C,24.46
2025-06-12 19:00:00,U-sonic wind speed,U-sonic wind speed,m/s,0.2
2025-06-12 19:00:00,Wind gust,Wind gust,m/s,0.3
2025-06-12 19:00:00,DeltaT,DeltaT,°C,1.0
2025-06-12 19:00:00,VPD,VPD,mbar,2.5
2025-06-12 19:00:00,Dew Point,Dew Point,°C,23.08
2025-06-12 18:00:00,Dew Point,Dew Point,°C,22.59
2025-06-12 18:00:00,HC Air temperature,HC Air temperature,°C,29.02
2025-06-12 18:00:00,U-sonic wind dir,U-sonic wind dir,deg,78.0
2025-06-12 18:00:00,U-sonic wind speed,U-sonic wind speed,m/s,9.6
2025-06-12 18:00:00,Wind gust,Wind gust,m/s,25.2
2025-06-12 18:00:00,Solar radiation,Solar radiation,W/m2,137.0
2025-06-12 18:00:00,Solar Panel,Solar Panel,mV,6992.0
2025-06-12 18:00:00,Battery,Battery,mV,6751.0
2025-06-12 18:00:00,DeltaT,DeltaT,°C,5.0
2025-06-12 18:00:00,VPD,VPD,mbar,12.8
2025-06-12 18:00:00,HC Relative humidity,HC Relative humidity,%,68.42
2025-06-12 17:00:00,HC Air temperature,HC Air temperature,°C,31.5
2025-06-12 17:00:00,DeltaT,DeltaT,°C,6.0
2025-06-12 17:00:00,HC Relative humidity,HC Relative humidity,%,59.48
2025-06-12 17:00:00,Solar radiation,Solar radiation,W/m2,296.0
2025-06-12 17:00:00,U-sonic wind speed,U-sonic wind speed,m/s,12.2
2025-06-12 17:00:00,Wind gust,Wind gust,m/s,25.9
2025-06-12 17:00:00,Solar Panel,Solar Panel,mV,7366.0
2025-06-12 17:00:00,U-sonic wind dir,U-sonic wind dir,deg,175.0
2025-06-12 17:00:00,VPD,VPD,mbar,18.8
2025-06-12 17:00:00,Dew Point,Dew Point,°C,22.63
2025-06-12 17:00:00,Battery,Battery,mV,6878.0
2025-06-12 16:00:00,HC Relative humidity,HC Relative humidity,%,61.28
2025-06-12 16:00:00,Solar Panel,Solar Panel,mV,8927.0
2025-06-12 16:00:00,Battery,Battery,mV,6882.0
2025-06-12 16:00:00,Dew Point,Dew Point,°C,22.91
2025-06-12 16:00:00,VPD,VPD,mbar,17.7
2025-06-12 16:00:00,DeltaT,DeltaT,°C,6.0
2025-06-12 16:00:00,Wind gust,Wind gust,m/s,33.2
2025-06-12 16:00:00,U-sonic wind speed,U-sonic wind speed,m/s,16.7
2025-06-12 16:00:00,U-sonic wind dir,U-sonic wind dir,deg,99.0
2025-06-12 16:00:00,HC Air temperature,HC Air temperature,°C,31.26
2025-06-12 16:00:00,Solar radiation,Solar radiation,W/m2,462.0
2025-06-12 15:00:00,DeltaT,DeltaT,°C,7.0
2025-06-12 15:00:00,Solar Panel,Solar Panel,mV,9801.0
2025-06-12 15:00:00,Solar radiation,Solar radiation,W/m2,640.0
2025-06-12 15:00:00,HC Relative humidity,HC Relative humidity,%,57.57
2025-06-12 15:00:00,HC Air temperature,HC Air temperature,°C,31.92
2025-06-12 15:00:00,U-sonic wind dir,U-sonic wind dir,deg,135.0
2025-06-12 15:00:00,Battery,Battery,mV,6889.0
2025-06-12 15:00:00,Dew Point,Dew Point,°C,22.5
2025-06-12 15:00:00,VPD,VPD,mbar,20.1
2025-06-12 15:00:00,Wind gust,Wind gust,m/s,36.9
2025-06-12 15:00:00,U-sonic wind speed,U-sonic wind speed,m/s,13.6
2025-06-12 14:00:00,U-sonic wind dir,U-sonic wind dir,deg,275.0
2025-06-12 14:00:00,Dew Point,Dew Point,°C,23.01
2025-06-12 14:00:00,VPD,VPD,mbar,19.5
2025-06-12 14:00:00,Battery,Battery,mV,6896.0
2025-06-12 14:00:00,DeltaT,DeltaT,°C,6.0
2025-06-12 14:00:00,U-sonic wind speed,U-sonic wind speed,m/s,11.7
2025-06-12 14:00:00,Solar radiation,Solar radiation,W/m2,761.0
2025-06-12 14:00:00,Solar Panel,Solar Panel,mV,9896.0
2025-06-12 14:00:00,Wind gust,Wind gust,m/s,26.1
2025-06-12 14:00:00,HC Relative humidity,HC Relative humidity,%,59.02
2025-06-12 14:00:00,HC Air temperature,HC Air temperature,°C,32.02
2025-06-12 13:00:00,Solar radiation,Solar radiation,W/m2,883.0
2025-06-12 13:00:00,HC Relative humidity,HC Relative humidity,%,57.97
2025-06-12 13:00:00,HC Air temperature,HC Air temperature,°C,32.55
2025-06-12 13:00:00,U-sonic wind dir,U-sonic wind dir,deg,191.0
2025-06-12 13:00:00,U-sonic wind speed,U-sonic wind speed,m/s,13.6
2025-06-12 13:00:00,Wind gust,Wind gust,m/s,26.4
2025-06-12 13:00:00,DeltaT,DeltaT,°C,7.0
2025-06-12 13:00:00,VPD,VPD,mbar,20.7
2025-06-12 13:00:00,Dew Point,Dew Point,°C,23.2
2025-06-12 13:00:00,Battery,Battery,mV,6896.0
2025-06-12 13:00:00,Solar Panel,Solar Panel,mV,9915.0
2025-06-12 12:00:00,Solar radiation,Solar radiation,W/m2,927.0
2025-06-12 12:00:00,Wind gust,Wind gust,m/s,38.6
2025-06-12 12:00:00,DeltaT,DeltaT,°C,7.0
2025-06-12 12:00:00,VPD,VPD,mbar,22.2
2025-06-12 12:00:00,Dew Point,Dew Point,°C,22.34
2025-06-12 12:00:00,U-sonic wind dir,U-sonic wind dir,deg,261.0
2025-06-12 12:00:00,HC Air temperature,HC Air temperature,°C,32.57
2025-06-12 12:00:00,Solar Panel,Solar Panel,mV,9907.0
2025-06-12 12:00:00,Battery,Battery,mV,6896.0
2025-06-12 12:00:00,HC Relative humidity,HC Relative humidity,%,55.01
2025-06-12 12:00:00,U-sonic wind speed,U-sonic wind speed,m/s,19.5
2025-06-12 11:00:00,Dew Point,Dew Point,°C,22.9
2025-06-12 11:00:00,VPD,VPD,mbar,20.4
2025-06-12 11:00:00,DeltaT,DeltaT,°C,7.0
2025-06-12 11:00:00,Wind gust,Wind gust,m/s,38.4
2025-06-12 11:00:00,U-sonic wind speed,U-sonic wind speed,m/s,12.9
2025-06-12 11:00:00,U-sonic wind dir,U-sonic wind dir,deg,182.0
2025-06-12 11:00:00,HC Air temperature,HC Air temperature,°C,32.25
2025-06-12 11:00:00,HC Relative humidity,HC Relative humidity,%,57.88
2025-06-12 11:00:00,Solar radiation,Solar radiation,W/m2,966.0
2025-06-12 11:00:00,Solar Panel,Solar Panel,mV,9896.0
2025-06-12 11:00:00,Battery,Battery,mV,6896.0
2025-06-12 10:00:00,Dew Point,Dew Point,°C,22.43
2025-06-12 10:00:00,Battery,Battery,mV,6896.0
2025-06-12 10:00:00,VPD,VPD,mbar,19.7
2025-06-12 10:00:00,DeltaT,DeltaT,°C,7.0
2025-06-12 10:00:00,Wind gust,Wind gust,m/s,26.9
2025-06-12 10:00:00,U-sonic wind speed,U-sonic wind speed,m/s,10.6
2025-06-12 10:00:00,U-sonic wind dir,U-sonic wind dir,deg,303.0
2025-06-12 10:00:00,HC Air temperature,HC Air temperature,°C,31.73
2025-06-12 10:00:00,HC Relative humidity,HC Relative humidity,%,57.93
2025-06-12 10:00:00,Solar radiation,Solar radiation,W/m2,800.0
2025-06-12 10:00:00,Solar Panel,Solar Panel,mV,9963.0
2025-06-12 09:00:00,VPD,VPD,mbar,16.6
2025-06-12 09:00:00,Battery,Battery,mV,6889.0
2025-06-12 09:00:00,Solar Panel,Solar Panel,mV,9900.0
2025-06-12 09:00:00,Solar radiation,Solar radiation,W/m2,654.0
2025-06-12 09:00:00,HC Relative humidity,HC Relative humidity,%,61.99
2025-06-12 09:00:00,HC Air temperature,HC Air temperature,°C,30.4
2025-06-12 09:00:00,U-sonic wind dir,U-sonic wind dir,deg,28.0
2025-06-12 09:00:00,U-sonic wind speed,U-sonic wind speed,m/s,0.4
2025-06-12 09:00:00,Wind gust,Wind gust,m/s,1.2
2025-06-12 09:00:00,DeltaT,DeltaT,°C,6.0
2025-06-12 09:00:00,Dew Point,Dew Point,°C,22.28
2025-06-12 08:00:00,Dew Point,Dew Point,°C,22.04
2025-06-12 08:00:00,Battery,Battery,mV,6878.0
2025-06-12 08:00:00,Solar Panel,Solar Panel,mV,8647.0
2025-06-12 08:00:00,Solar radiation,Solar radiation,W/m2,498.0
2025-06-12 08:00:00,HC Relative humidity,HC Relative humidity,%,70.89
2025-06-12 08:00:00,HC Air temperature,HC Air temperature,°C,27.83
2025-06-12 08:00:00,U-sonic wind dir,U-sonic wind dir,deg,25.0
2025-06-12 08:00:00,U-sonic wind speed,U-sonic wind speed,m/s,0.5
2025-06-12 08:00:00,Wind gust,Wind gust,m/s,1.4
2025-06-12 08:00:00,DeltaT,DeltaT,°C,4.0
2025-06-12 08:00:00,VPD,VPD,mbar,10.9
2025-06-12 07:00:00,VPD,VPD,mbar,4.0
2025-06-12 07:00:00,Battery,Battery,mV,6784.0
2025-06-12 07:00:00,Solar Panel,Solar Panel,mV,7071.0
2025-06-12 07:00:00,Solar radiation,Solar radiation,W/m2,295.0
2025-06-12 07:00:00,HC Relative humidity,HC Relative humidity,%,88.31
2025-06-12 07:00:00,HC Air temperature,HC Air temperature,°C,25.77
2025-06-12 07:00:00,U-sonic wind dir,U-sonic wind dir,deg,28.0
2025-06-12 07:00:00,U-sonic wind speed,U-sonic wind speed,m/s,0.4
2025-06-12 07:00:00,Wind gust,Wind gust,m/s,1.0
2025-06-12 07:00:00,DeltaT,DeltaT,°C,2.0
2025-06-12 07:00:00,Dew Point,Dew Point,°C,23.63
2025-06-12 06:00:00,Solar Panel,Solar Panel,mV,6953.0
2025-06-12 06:00:00,Dew Point,Dew Point,°C,21.82
2025-06-12 06:00:00,Battery,Battery,mV,6677.0
2025-06-12 06:00:00,Solar radiation,Solar radiation,W/m2,142.0
2025-06-12 06:00:00,HC Relative humidity,HC Relative humidity,%,99.87
2025-06-12 06:00:00,HC Air temperature,HC Air temperature,°C,21.85
2025-06-12 06:00:00,U-sonic wind dir,U-sonic wind dir,deg,30.0
2025-06-12 06:00:00,U-sonic wind speed,U-sonic wind speed,m/s,0.3
2025-06-12 06:00:00,Wind gust,Wind gust,m/s,0.8
2025-06-12 06:00:00,DeltaT,DeltaT,°C,0.0
2025-06-12 06:00:00,VPD,VPD,mbar,0.0
2025-06-12 05:00:00,Solar Panel,Solar Panel,mV,6732.0
2025-06-12 05:00:00,Dew Point,Dew Point,°C,18.31
2025-06-12 05:00:00,VPD,VPD,mbar,0.0
2025-06-12 05:00:00,DeltaT,DeltaT,°C,0.0
2025-06-12 05:00:00,Wind gust,Wind gust,m/s,0.3
2025-06-12 05:00:00,U-sonic wind speed,U-sonic wind speed,m/s,0.2
2025-06-12 05:00:00,U-sonic wind dir,U-sonic wind dir,deg,232.0
2025-06-12 05:00:00,HC Air temperature,HC Air temperature,°C,18.34
2025-06-12 05:00:00,HC Relative humidity,HC Relative humidity,%,99.82
2025-06-12 05:00:00,Solar radiation,Solar radiation,W/m2,15.0
2025-06-12 05:00:00,Battery,Battery,mV,6481.0
2025-06-12 04:00:00,DeltaT,DeltaT,°C,0.0
2025-06-12 04:00:00,Battery,Battery,mV,6448.0
2025-06-12 04:00:00,Dew Point,Dew Point,°C,18.2
2025-06-12 04:00:00,VPD,VPD,mbar,0.0
2025-06-12 04:00:00,Solar Panel,Solar Panel,mV,358.0
2025-06-12 04:00:00,Solar radiation,Solar radiation,W/m2,0.0
2025-06-12 04:00:00,HC Relative humidity,HC Relative humidity,%,99.82
2025-06-12 04:00:00,HC Air temperature,HC Air temperature,°C,18.23
2025-06-12 04:00:00,U-sonic wind dir,U-sonic wind dir,deg,35.0
2025-06-12 04:00:00,U-sonic wind speed,U-sonic wind speed,m/s,0.2
2025-06-12 04:00:00,Wind gust,Wind gust,m/s,0.4
2025-06-12 03:00:00,U-sonic wind speed,U-sonic wind speed,m/s,0.2
2025-06-12 03:00:00,VPD,VPD,mbar,0.0
2025-06-12 03:00:00,Battery,Battery,mV,6461.0
2025-06-12 03:00:00,DeltaT,DeltaT,°C,0.0
2025-06-12 03:00:00,U-sonic wind dir,U-sonic wind dir,deg,232.0
2025-06-12 03:00:00,HC Air temperature,HC Air temperature,°C,17.61
2025-06-12 03:00:00,HC Relative humidity,HC Relative humidity,%,99.82
2025-06-12 03:00:00,Solar radiation,Solar radiation,W/m2,0.0
2025-06-12 03:00:00,Solar Panel,Solar Panel,mV,0.0
2025-06-12 03:00:00,Dew Point,Dew Point,°C,17.58
2025-06-12 03:00:00,Wind gust,Wind gust,m/s,0.4
2025-06-12 02:00:00,VPD,VPD,mbar,0.0
2025-06-12 02:00:00,Dew Point,Dew Point,°C,17.61
2025-06-12 02:00:00,Battery,Battery,mV,6470.0
2025-06-12 02:00:00,Solar Panel,Solar Panel,mV,0.0
2025-06-12 02:00:00,Solar radiation,Solar radiation,W/m2,0.0
2025-06-12 02:00:00,HC Relative humidity,HC Relative humidity,%,99.83
2025-06-12 02:00:00,HC Air temperature,HC Air temperature,°C,17.64
2025-06-12 02:00:00,U-sonic wind dir,U-sonic wind dir,deg,232.0
2025-06-12 02:00:00,U-sonic wind speed,U-sonic wind speed,m/s,0.2
2025-06-12 02:00:00,Wind gust,Wind gust,m/s,0.4
2025-06-12 02:00:00,DeltaT,DeltaT,°C,0.0
2025-06-12 01:00:00,DeltaT,DeltaT,°C,0.0
2025-06-12 01:00:00,VPD,VPD,mbar,0.0
2025-06-12 01:00:00,Dew Point,Dew Point,°C,18.09
2025-06-12 01:00:00,Battery,Battery,mV,6481.0
2025-06-12 01:00:00,Solar Panel,Solar Panel,mV,0.0
2025-06-12 01:00:00,Solar radiation,Solar radiation,W/m2,0.0
2025-06-12 01:00:00,HC Relative humidity,HC Relative humidity,%,99.83
2025-06-12 01:00:00,HC Air temperature,HC Air temperature,°C,18.11
2025-06-12 01:00:00,U-sonic wind dir,U-sonic wind dir,deg,232.0
2025-06-12 01:00:00,U-sonic wind speed,U-sonic wind speed,m/s,0.2
2025-06-12 01:00:00,Wind gust,Wind gust,m/s,0.4
2025-06-12 00:00:00,Battery,Battery,mV,6488.0
2025-06-12 00:00:00,Dew Point,Dew Point,°C,18.72
2025-06-12 00:00:00,VPD,VPD,mbar,0.0
2025-06-12 00:00:00,DeltaT,DeltaT,°C,0.0
2025-06-12 00:00:00,Wind gust,Wind gust,m/s,0.3
2025-06-12 00:00:00,U-sonic wind speed,U-sonic wind speed,m/s,0.2
2025-06-12 00:00:00,U-sonic wind dir,U-sonic wind dir,deg,35.0
2025-06-12 00:00:00,HC Air temperature,HC Air temperature,°C,18.75
2025-06-12 00:00:00,HC Relative humidity,HC Relative humidity,%,99.84
2025-06-12 00:00:00,Solar radiation,Solar radiation,W/m2,0.0
2025-06-12 00:00:00,Solar Panel,Solar Panel,mV,0.0
2025-06-11 23:00:00,Solar Panel,Solar Panel,mV,0.0
2025-06-11 23:00:00,U-sonic wind speed,U-sonic wind speed,m/s,0.2
2025-06-11 23:00:00,DeltaT,DeltaT,°C,0.0
2025-06-11 23:00:00,VPD,VPD,mbar,0.0
2025-06-11 23:00:00,Dew Point,Dew Point,°C,19.7
2025-06-11 23:00:00,Battery,Battery,mV,6493.0
2025-06-11 23:00:00,U-sonic wind dir,U-sonic wind dir,deg,35.0
2025-06-11 23:00:00,HC Air temperature,HC Air temperature,°C,19.73
2025-06-11 23:00:00,HC Relative humidity,HC Relative humidity,%,99.83
2025-06-11 23:00:00,Solar radiation,Solar radiation,W/m2,0.0
2025-06-11 23:00:00,Wind gust,Wind gust,m/s,0.4
2025-06-11 22:00:00,U-sonic wind dir,U-sonic wind dir,deg,35.0
2025-06-11 22:00:00,Dew Point,Dew Point,°C,20.33
2025-06-11 22:00:00,VPD,VPD,mbar,0.0
2025-06-11 22:00:00,DeltaT,DeltaT,°C,0.0
2025-06-11 22:00:00,Wind gust,Wind gust,m/s,0.3
2025-06-11 22:00:00,U-sonic wind speed,U-sonic wind speed,m/s,0.2
2025-06-11 22:00:00,Battery,Battery,mV,6497.0
2025-06-11 22:00:00,Solar Panel,Solar Panel,mV,0.0
2025-06-11 22:00:00,Solar radiation,Solar radiation,W/m2,0.0
2025-06-11 22:00:00,HC Relative humidity,HC Relative humidity,%,99.83
2025-06-11 22:00:00,HC Air temperature,HC Air temperature,°C,20.36
2025-06-11 21:00:00,Dew Point,Dew Point,°C,20.64
2025-06-11 21:00:00,Battery,Battery,mV,6497.0
2025-06-11 21:00:00,Solar Panel,Solar Panel,mV,0.0
2025-06-11 21:00:00,Solar radiation,Solar radiation,W/m2,0.0
2025-06-11 21:00:00,HC Relative humidity,HC Relative humidity,%,99.84
2025-06-11 21:00:00,HC Air temperature,HC Air temperature,°C,20.67
2025-06-11 21:00:00,U-sonic wind dir,U-sonic wind dir,deg,35.0
2025-06-11 21:00:00,U-sonic wind speed,U-sonic wind speed,m/s,0.2
2025-06-11 21:00:00,Wind gust,Wind gust,m/s,0.4
2025-06-11 21:00:00,DeltaT,DeltaT,°C,0.0
2025-06-11 21:00:00,VPD,VPD,mbar,0.0
2025-06-11 20:00:00,Dew Point,Dew Point,°C,21.31
2025-06-11 20:00:00,VPD,VPD,mbar,0.0
2025-06-11 20:00:00,DeltaT,DeltaT,°C,0.0
2025-06-11 20:00:00,Wind gust,Wind gust,m/s,0.5
2025-06-11 20:00:00,U-sonic wind speed,U-sonic wind speed,m/s,0.3
2025-06-11 20:00:00,U-sonic wind dir,U-sonic wind dir,deg,35.0
2025-06-11 20:00:00,HC Air temperature,HC Air temperature,°C,21.33
2025-06-11 20:00:00,HC Relative humidity,HC Relative humidity,%,99.85
2025-06-11 20:00:00,Solar radiation,Solar radiation,W/m2,0.0
2025-06-11 20:00:00,Battery,Battery,mV,6475.0
2025-06-11 20:00:00,Solar Panel,Solar Panel,mV,0.0
2025-06-11 19:00:00,U-sonic wind dir,U-sonic wind dir,deg,25.0
2025-06-11 19:00:00,Dew Point,Dew Point,°C,23.13
2025-06-11 19:00:00,VPD,VPD,mbar,0.2
2025-06-11 19:00:00,DeltaT,DeltaT,°C,0.0
2025-06-11 19:00:00,Wind gust,Wind gust,m/s,1.1
2025-06-11 19:00:00,U-sonic wind speed,U-sonic wind speed,m/s,0.4
2025-06-11 19:00:00,Battery,Battery,mV,6577.0
2025-06-11 19:00:00,Solar Panel,Solar Panel,mV,831.0
2025-06-11 19:00:00,Solar radiation,Solar radiation,W/m2,16.0
2025-06-11 19:00:00,HC Relative humidity,HC Relative humidity,%,99.44
2025-06-11 19:00:00,HC Air temperature,HC Air temperature,°C,23.22
2025-06-11 18:00:00,HC Relative humidity,HC Relative humidity,%,76.92
2025-06-11 18:00:00,HC Air temperature,HC Air temperature,°C,25.91
2025-06-11 18:00:00,U-sonic wind dir,U-sonic wind dir,deg,30.0
2025-06-11 18:00:00,U-sonic wind speed,U-sonic wind speed,m/s,0.5
2025-06-11 18:00:00,Wind gust,Wind gust,m/s,1.2
2025-06-11 18:00:00,DeltaT,DeltaT,°C,3.0
2025-06-11 18:00:00,VPD,VPD,mbar,7.8
2025-06-11 18:00:00,Dew Point,Dew Point,°C,21.49
2025-06-11 18:00:00,Battery,Battery,mV,6849.0
2025-06-11 18:00:00,Solar Panel,Solar Panel,mV,7087.0
2025-06-11 18:00:00,Solar radiation,Solar radiation,W/m2,132.0
2025-06-11 17:00:00,U-sonic wind speed,U-sonic wind speed,m/s,4.4
2025-06-11 17:00:00,U-sonic wind dir,U-sonic wind dir,deg,29.0
2025-06-11 17:00:00,HC Air temperature,HC Air temperature,°C,28.31
2025-06-11 17:00:00,HC Relative humidity,HC Relative humidity,%,59.84
2025-06-11 17:00:00,Solar radiation,Solar radiation,W/m2,294.0
2025-06-11 17:00:00,Solar Panel,Solar Panel,mV,8414.0
2025-06-11 17:00:00,Battery,Battery,mV,6878.0
2025-06-11 17:00:00,Wind gust,Wind gust,m/s,29.2
2025-06-11 17:00:00,Dew Point,Dew Point,°C,19.75
2025-06-11 17:00:00,VPD,VPD,mbar,15.5
2025-06-11 17:00:00,DeltaT,DeltaT,°C,6.0
2025-06-11 16:00:00,Dew Point,Dew Point,°C,19.14
2025-06-11 16:00:00,Battery,Battery,mV,6887.0
2025-06-11 16:00:00,Solar Panel,Solar Panel,mV,9577.0
2025-06-11 16:00:00,VPD,VPD,mbar,19.9
2025-06-11 16:00:00,DeltaT,DeltaT,°C,7.0
2025-06-11 16:00:00,Solar radiation,Solar radiation,W/m2,469.0
2025-06-11 16:00:00,HC Relative humidity,HC Relative humidity,%,52.68
2025-06-11 16:00:00,HC Air temperature,HC Air temperature,°C,29.85
2025-06-11 16:00:00,U-sonic wind dir,U-sonic wind dir,deg,45.0
2025-06-11 16:00:00,U-sonic wind speed,U-sonic wind speed,m/s,16.0
2025-06-11 16:00:00,Wind gust,Wind gust,m/s,26.4
2025-06-11 15:00:00,Solar Panel,Solar Panel,mV,10073.0
2025-06-11 15:00:00,Battery,Battery,mV,6889.0
2025-06-11 15:00:00,HC Relative humidity,HC Relative humidity,%,51.73
2025-06-11 15:00:00,HC Air temperature,HC Air temperature,°C,30.57
2025-06-11 15:00:00,U-sonic wind dir,U-sonic wind dir,deg,237.0
2025-06-11 15:00:00,U-sonic wind speed,U-sonic wind speed,m/s,23.8
2025-06-11 15:00:00,Wind gust,Wind gust,m/s,34.6
2025-06-11 15:00:00,DeltaT,DeltaT,°C,8.0
2025-06-11 15:00:00,VPD,VPD,mbar,21.2
2025-06-11 15:00:00,Dew Point,Dew Point,°C,19.51
2025-06-11 15:00:00,Solar radiation,Solar radiation,W/m2,643.0
2025-06-11 14:00:00,Dew Point,Dew Point,°C,19.74
2025-06-11 14:00:00,VPD,VPD,mbar,20.2
2025-06-11 14:00:00,DeltaT,DeltaT,°C,7.0
2025-06-11 14:00:00,Wind gust,Wind gust,m/s,31.4
2025-06-11 14:00:00,U-sonic wind speed,U-sonic wind speed,m/s,17.6
2025-06-11 14:00:00,U-sonic wind dir,U-sonic wind dir,deg,309.0
2025-06-11 14:00:00,HC Air temperature,HC Air temperature,°C,30.31
2025-06-11 14:00:00,HC Relative humidity,HC Relative humidity,%,53.25
2025-06-11 14:00:00,Solar radiation,Solar radiation,W/m2,755.0
2025-06-11 14:00:00,Solar Panel,Solar Panel,mV,10022.0
2025-06-11 14:00:00,Battery,Battery,mV,6893.0
2025-06-11 13:00:00,Battery,Battery,mV,6896.0
2025-06-11 13:00:00,Dew Point,Dew Point,°C,19.23
2025-06-11 13:00:00,VPD,VPD,mbar,22.7
2025-06-11 13:00:00,DeltaT,DeltaT,°C,8.0
2025-06-11 13:00:00,Wind gust,Wind gust,m/s,39.3
2025-06-11 13:00:00,U-sonic wind speed,U-sonic wind speed,m/s,21.1
2025-06-11 13:00:00,U-sonic wind dir,U-sonic wind dir,deg,268.0
2025-06-11 13:00:00,HC Air temperature,HC Air temperature,°C,31.04
2025-06-11 13:00:00,HC Relative humidity,HC Relative humidity,%,49.5
2025-06-11 13:00:00,Solar radiation,Solar radiation,W/m2,883.0
2025-06-11 13:00:00,Solar Panel,Solar Panel,mV,9947.0
2025-06-11 12:00:00,U-sonic wind speed,U-sonic wind speed,m/s,15.6
2025-06-11 12:00:00,Battery,Battery,mV,6896.0
2025-06-11 12:00:00,Solar Panel,Solar Panel,mV,9963.0
2025-06-11 12:00:00,Solar radiation,Solar radiation,W/m2,918.0
2025-06-11 12:00:00,HC Relative humidity,HC Relative humidity,%,53.48
2025-06-11 12:00:00,HC Air temperature,HC Air temperature,°C,30.79
2025-06-11 12:00:00,U-sonic wind dir,U-sonic wind dir,deg,354.0
2025-06-11 12:00:00,Wind gust,Wind gust,m/s,34.9
2025-06-11 12:00:00,DeltaT,DeltaT,°C,7.0
2025-06-11 12:00:00,VPD,VPD,mbar,20.6
2025-06-11 12:00:00,Dew Point,Dew Point,°C,20.25
2025-06-11 11:00:00,U-sonic wind dir,U-sonic wind dir,deg,359.0
2025-06-11 11:00:00,HC Relative humidity,HC Relative humidity,%,50.24
2025-06-11 11:00:00,Solar radiation,Solar radiation,W/m2,955.0
2025-06-11 11:00:00,Solar Panel,Solar Panel,mV,9868.0
2025-06-11 11:00:00,Battery,Battery,mV,6896.0
2025-06-11 11:00:00,U-sonic wind speed,U-sonic wind speed,m/s,2.6
2025-06-11 11:00:00,Wind gust,Wind gust,m/s,13.1
2025-06-11 11:00:00,DeltaT,DeltaT,°C,8.0
2025-06-11 11:00:00,VPD,VPD,mbar,25.0
2025-06-11 11:00:00,Dew Point,Dew Point,°C,21.22
2025-06-11 11:00:00,HC Air temperature,HC Air temperature,°C,32.98
2025-06-11 10:00:00,U-sonic wind dir,U-sonic wind dir,deg,31.0
2025-06-11 10:00:00,Solar Panel,Solar Panel,mV,9967.0
2025-06-11 10:00:00,Solar radiation,Solar radiation,W/m2,791.0
2025-06-11 10:00:00,U-sonic wind speed,U-sonic wind speed,m/s,0.5
2025-06-11 10:00:00,Wind gust,Wind gust,m/s,1.5
2025-06-11 10:00:00,HC Relative humidity,HC Relative humidity,%,52.03
2025-06-11 10:00:00,DeltaT,DeltaT,°C,8.0
2025-06-11 10:00:00,VPD,VPD,mbar,21.9
2025-06-11 10:00:00,Dew Point,Dew Point,°C,20.26
2025-06-11 10:00:00,HC Air temperature,HC Air temperature,°C,31.28
2025-06-11 10:00:00,Battery,Battery,mV,6896.0
2025-06-11 09:00:00,Wind gust,Wind gust,m/s,1.2
2025-06-11 09:00:00,Battery,Battery,mV,6893.0
2025-06-11 09:00:00,Solar Panel,Solar Panel,mV,9900.0
2025-06-11 09:00:00,Solar radiation,Solar radiation,W/m2,652.0
2025-06-11 09:00:00,HC Relative humidity,HC Relative humidity,%,53.26
2025-06-11 09:00:00,HC Air temperature,HC Air temperature,°C,31.37
2025-06-11 09:00:00,Dew Point,Dew Point,°C,20.71
2025-06-11 09:00:00,VPD,VPD,mbar,21.5
2025-06-11 09:00:00,U-sonic wind dir,U-sonic wind dir,deg,34.0
2025-06-11 09:00:00,U-sonic wind speed,U-sonic wind speed,m/s,0.4
2025-06-11 09:00:00,DeltaT,DeltaT,°C,7.0
2025-06-11 08:00:00,U-sonic wind dir,U-sonic wind dir,deg,38.0
2025-06-11 08:00:00,HC Relative humidity,HC Relative humidity,%,56.88
2025-06-11 08:00:00,Solar radiation,Solar radiation,W/m2,493.0
2025-06-11 08:00:00,Solar Panel,Solar Panel,mV,8730.0
2025-06-11 08:00:00,Battery,Battery,mV,6880.0
2025-06-11 08:00:00,Dew Point,Dew Point,°C,19.9
2025-06-11 08:00:00,VPD,VPD,mbar,17.6
2025-06-11 08:00:00,DeltaT,DeltaT,°C,6.0
2025-06-11 08:00:00,Wind gust,Wind gust,m/s,1.0
2025-06-11 08:00:00,U-sonic wind speed,U-sonic wind speed,m/s,0.4
2025-06-11 08:00:00,HC Air temperature,HC Air temperature,°C,29.34
2025-06-11 07:00:00,Battery,Battery,mV,6791.0
2025-06-11 07:00:00,Solar Panel,Solar Panel,mV,7079.0
2025-06-11 07:00:00,HC Air temperature,HC Air temperature,°C,26.21
2025-06-11 07:00:00,Solar radiation,Solar radiation,W/m2,284.0
2025-06-11 07:00:00,HC Relative humidity,HC Relative humidity,%,73.11
2025-06-11 07:00:00,Dew Point,Dew Point,°C,20.89
2025-06-11 07:00:00,VPD,VPD,mbar,9.3
2025-06-11 07:00:00,DeltaT,DeltaT,°C,4.0
2025-06-11 07:00:00,Wind gust,Wind gust,m/s,0.8
2025-06-11 07:00:00,U-sonic wind dir,U-sonic wind dir,deg,42.0
2025-06-11 07:00:00,U-sonic wind speed,U-sonic wind speed,m/s,0.3
2025-06-11 06:00:00,Wind gust,Wind gust,m/s,0.4
2025-06-11 06:00:00,Dew Point,Dew Point,°C,20.35
2025-06-11 06:00:00,VPD,VPD,mbar,0.0
2025-06-11 06:00:00,DeltaT,DeltaT,°C,0.0
2025-06-11 06:00:00,U-sonic wind speed,U-sonic wind speed,m/s,0.2
2025-06-11 06:00:00,U-sonic wind dir,U-sonic wind dir,deg,232.0
2025-06-11 06:00:00,HC Air temperature,HC Air temperature,°C,20.37
2025-06-11 06:00:00,HC Relative humidity,HC Relative humidity,%,99.86
2025-06-11 06:00:00,Solar radiation,Solar radiation,W/m2,131.0
2025-06-11 06:00:00,Solar Panel,Solar Panel,mV,6949.0
2025-06-11 06:00:00,Battery,Battery,mV,6671.0
2025-06-11 05:00:00,Battery,Battery,mV,6470.0
2025-06-11 05:00:00,Solar Panel,Solar Panel,mV,6724.0
2025-06-11 05:00:00,Solar radiation,Solar radiation,W/m2,15.0
2025-06-11 05:00:00,HC Relative humidity,HC Relative humidity,%,99.83
2025-06-11 05:00:00,Dew Point,Dew Point,°C,16.51
2025-06-11 05:00:00,HC Air temperature,HC Air temperature,°C,16.54
2025-06-11 05:00:00,U-sonic wind dir,U-sonic wind dir,deg,334.0
2025-06-11 05:00:00,U-sonic wind speed,U-sonic wind speed,m/s,0.2
2025-06-11 05:00:00,Wind gust,Wind gust,m/s,0.3
2025-06-11 05:00:00,DeltaT,DeltaT,°C,0.0
2025-06-11 05:00:00,VPD,VPD,mbar,0.0
2025-06-11 04:00:00,VPD,VPD,mbar,0.0
2025-06-11 04:00:00,Solar Panel,Solar Panel,mV,456.0
2025-06-11 04:00:00,Solar radiation,Solar radiation,W/m2,0.0
2025-06-11 04:00:00,HC Air temperature,HC Air temperature,°C,16.8
2025-06-11 04:00:00,HC Relative humidity,HC Relative humidity,%,99.83
2025-06-11 04:00:00,U-sonic wind dir,U-sonic wind dir,deg,26.0
2025-06-11 04:00:00,Battery,Battery,mV,6435.0
2025-06-11 04:00:00,U-sonic wind speed,U-sonic wind speed,m/s,0.2
2025-06-11 04:00:00,Wind gust,Wind gust,m/s,0.5
2025-06-11 04:00:00,DeltaT,DeltaT,°C,0.0
2025-06-11 04:00:00,Dew Point,Dew Point,°C,16.77
2025-06-11 03:00:00,HC Relative humidity,HC Relative humidity,%,99.83
2025-06-11 03:00:00,VPD,VPD,mbar,0.0
2025-06-11 03:00:00,Dew Point,Dew Point,°C,17.85
2025-06-11 03:00:00,Battery,Battery,mV,6448.0
2025-06-11 03:00:00,Wind gust,Wind gust,m/s,0.4
2025-06-11 03:00:00,U-sonic wind speed,U-sonic wind speed,m/s,0.2
2025-06-11 03:00:00,U-sonic wind dir,U-sonic wind dir,deg,232.0
2025-06-11 03:00:00,Solar Panel,Solar Panel,mV,0.0
2025-06-11 03:00:00,Solar radiation,Solar radiation,W/m2,0.0
2025-06-11 03:00:00,DeltaT,DeltaT,°C,0.0
2025-06-11 03:00:00,HC Air temperature,HC Air temperature,°C,17.88
2025-06-11 02:00:00,Wind gust,Wind gust,m/s,0.5
2025-06-11 02:00:00,Dew Point,Dew Point,°C,18.36
2025-06-11 02:00:00,VPD,VPD,mbar,0.0
2025-06-11 02:00:00,DeltaT,DeltaT,°C,0.0
2025-06-11 02:00:00,U-sonic wind speed,U-sonic wind speed,m/s,0.2
2025-06-11 02:00:00,U-sonic wind dir,U-sonic wind dir,deg,232.0
2025-06-11 02:00:00,HC Air temperature,HC Air temperature,°C,18.39
2025-06-11 02:00:00,HC Relative humidity,HC Relative humidity,%,99.83
2025-06-11 02:00:00,Solar radiation,Solar radiation,W/m2,0.0
2025-06-11 02:00:00,Solar Panel,Solar Panel,mV,0.0
2025-06-11 02:00:00,Battery,Battery,mV,6457.0
2025-06-11 01:00:00,U-sonic wind dir,U-sonic wind dir,deg,28.0
2025-06-11 01:00:00,HC Relative humidity,HC Relative humidity,%,99.83
2025-06-11 01:00:00,HC Air temperature,HC Air temperature,°C,18.38
2025-06-11 01:00:00,Solar radiation,Solar radiation,W/m2,0.0
2025-06-11 01:00:00,Solar Panel,Solar Panel,mV,0.0
2025-06-11 01:00:00,Battery,Battery,mV,6470.0
2025-06-11 01:00:00,Dew Point,Dew Point,°C,18.35
2025-06-11 01:00:00,VPD,VPD,mbar,0.0
2025-06-11 01:00:00,DeltaT,DeltaT,°C,0.0
2025-06-11 01:00:00,Wind gust,Wind gust,m/s,0.4
2025-06-11 01:00:00,U-sonic wind speed,U-sonic wind speed,m/s,0.2
2025-06-11 00:00:00,Dew Point,Dew Point,°C,18.7
2025-06-11 00:00:00,U-sonic wind dir,U-sonic wind dir,deg,32.0
2025-06-11 00:00:00,HC Air temperature,HC Air temperature,°C,18.72
2025-06-11 00:00:00,HC Relative humidity,HC Relative humidity,%,99.84
2025-06-11 00:00:00,Solar radiation,Solar radiation,W/m2,0.0
2025-06-11 00:00:00,Solar Panel,Solar Panel,mV,0.0
2025-06-11 00:00:00,Battery,Battery,mV,6481.0
2025-06-11 00:00:00,U-sonic wind speed,U-sonic wind speed,m/s,0.2
2025-06-11 00:00:00,Wind gust,Wind gust,m/s,0.4
2025-06-11 00:00:00,DeltaT,DeltaT,°C,0.0
2025-06-11 00:00:00,VPD,VPD,mbar,0.0
2025-06-10 23:00:00,DeltaT,DeltaT,°C,0.0
2025-06-10 23:00:00,Dew Point,Dew Point,°C,19.63
2025-06-10 23:00:00,Solar Panel,Solar Panel,mV,0.0
2025-06-10 23:00:00,Battery,Battery,mV,6488.0
2025-06-10 23:00:00,HC Air temperature,HC Air temperature,°C,19.65
2025-06-10 23:00:00,HC Relative humidity,HC Relative humidity,%,99.84
2025-06-10 23:00:00,Solar radiation,Solar radiation,W/m2,0.0
2025-06-10 23:00:00,U-sonic wind dir,U-sonic wind dir,deg,32.0
2025-06-10 23:00:00,U-sonic wind speed,U-sonic wind speed,m/s,0.2
2025-06-10 23:00:00,Wind gust,Wind gust,m/s,0.4
2025-06-10 23:00:00,VPD,VPD,mbar,0.0
2025-06-10 22:00:00,Solar radiation,Solar radiation,W/m2,0.0
2025-06-10 22:00:00,Solar Panel,Solar Panel,mV,0.0
2025-06-10 22:00:00,HC Air temperature,HC Air temperature,°C,20.36
2025-06-10 22:00:00,Battery,Battery,mV,6493.0
2025-06-10 22:00:00,HC Relative humidity,HC Relative humidity,%,99.84
2025-06-10 22:00:00,U-sonic wind dir,U-sonic wind dir,deg,32.0
2025-06-10 22:00:00,U-sonic wind speed,U-sonic wind speed,m/s,0.2
2025-06-10 22:00:00,Wind gust,Wind gust,m/s,0.5
2025-06-10 22:00:00,DeltaT,DeltaT,°C,0.0
2025-06-10 22:00:00,VPD,VPD,mbar,0.0
2025-06-10 22:00:00,Dew Point,Dew Point,°C,20.33
2025-06-10 21:00:00,Battery,Battery,mV,6497.0
2025-06-10 21:00:00,Solar Panel,Solar Panel,mV,0.0
2025-06-10 21:00:00,Solar radiation,Solar radiation,W/m2,0.0
2025-06-10 21:00:00,HC Relative humidity,HC Relative humidity,%,99.84
2025-06-10 21:00:00,HC Air temperature,HC Air temperature,°C,21.06
2025-06-10 21:00:00,U-sonic wind dir,U-sonic wind dir,deg,17.0
2025-06-10 21:00:00,U-sonic wind speed,U-sonic wind speed,m/s,0.2
2025-06-10 21:00:00,Wind gust,Wind gust,m/s,0.4
2025-06-10 21:00:00,DeltaT,DeltaT,°C,0.0
2025-06-10 21:00:00,VPD,VPD,mbar,0.0
2025-06-10 21:00:00,Dew Point,Dew Point,°C,21.04
2025-06-10 20:00:00,Battery,Battery,mV,6493.0
2025-06-10 20:00:00,Wind gust,Wind gust,m/s,0.7
2025-06-10 20:00:00,Dew Point,Dew Point,°C,22.49
2025-06-10 20:00:00,VPD,VPD,mbar,0.0
2025-06-10 20:00:00,U-sonic wind speed,U-sonic wind speed,m/s,0.3
2025-06-10 20:00:00,DeltaT,DeltaT,°C,0.0
2025-06-10 20:00:00,U-sonic wind dir,U-sonic wind dir,deg,17.0
2025-06-10 20:00:00,HC Air temperature,HC Air temperature,°C,22.51
2025-06-10 20:00:00,HC Relative humidity,HC Relative humidity,%,99.85
2025-06-10 20:00:00,Solar radiation,Solar radiation,W/m2,0.0
2025-06-10 20:00:00,Solar Panel,Solar Panel,mV,0.0
2025-06-10 19:00:00,HC Air temperature,HC Air temperature,°C,24.6
2025-06-10 19:00:00,U-sonic wind speed,U-sonic wind speed,m/s,0.4
2025-06-10 19:00:00,Wind gust,Wind gust,m/s,0.9
2025-06-10 19:00:00,DeltaT,DeltaT,°C,1.0
2025-06-10 19:00:00,VPD,VPD,mbar,2.0
2025-06-10 19:00:00,Dew Point,Dew Point,°C,23.49
2025-06-10 19:00:00,Battery,Battery,mV,6528.0
2025-06-10 19:00:00,Solar Panel,Solar Panel,mV,323.0
2025-06-10 19:00:00,Solar radiation,Solar radiation,W/m2,14.0
2025-06-10 19:00:00,HC Relative humidity,HC Relative humidity,%,93.91
2025-06-10 19:00:00,U-sonic wind dir,U-sonic wind dir,deg,32.0
2025-06-10 18:00:00,U-sonic wind speed,U-sonic wind speed,m/s,9.8
2025-06-10 18:00:00,Solar radiation,Solar radiation,W/m2,129.0
2025-06-10 18:00:00,Battery,Battery,mV,6820.0
2025-06-10 18:00:00,Solar Panel,Solar Panel,mV,7055.0
2025-06-10 18:00:00,Dew Point,Dew Point,°C,20.38
2025-06-10 18:00:00,VPD,VPD,mbar,13.1
2025-06-10 18:00:00,DeltaT,DeltaT,°C,5.0
2025-06-10 18:00:00,Wind gust,Wind gust,m/s,30.4
2025-06-10 18:00:00,U-sonic wind dir,U-sonic wind dir,deg,36.0
2025-06-10 18:00:00,HC Air temperature,HC Air temperature,°C,27.67
2025-06-10 18:00:00,HC Relative humidity,HC Relative humidity,%,64.66
2025-06-10 17:00:00,Dew Point,Dew Point,°C,17.58
2025-06-10 17:00:00,VPD,VPD,mbar,25.6
2025-06-10 17:00:00,DeltaT,DeltaT,°C,9.0
2025-06-10 17:00:00,Wind gust,Wind gust,m/s,28.9
2025-06-10 17:00:00,U-sonic wind speed,U-sonic wind speed,m/s,14.6
2025-06-10 17:00:00,U-sonic wind dir,U-sonic wind dir,deg,34.0
2025-06-10 17:00:00,Battery,Battery,mV,6878.0
2025-06-10 17:00:00,Solar Panel,Solar Panel,mV,8710.0
2025-06-10 17:00:00,HC Relative humidity,HC Relative humidity,%,44.38
2025-06-10 17:00:00,Solar radiation,Solar radiation,W/m2,292.0
2025-06-10 17:00:00,HC Air temperature,HC Air temperature,°C,31.32
2025-06-10 16:00:00,HC Relative humidity,HC Relative humidity,%,35.55
2025-06-10 16:00:00,U-sonic wind dir,U-sonic wind dir,deg,197.0
2025-06-10 16:00:00,U-sonic wind speed,U-sonic wind speed,m/s,16.1
2025-06-10 16:00:00,Wind gust,Wind gust,m/s,36.9
2025-06-10 16:00:00,Dew Point,Dew Point,°C,15.48
2025-06-10 16:00:00,DeltaT,DeltaT,°C,11.0
2025-06-10 16:00:00,VPD,VPD,mbar,31.9
2025-06-10 16:00:00,Battery,Battery,mV,6887.0
2025-06-10 16:00:00,Solar Panel,Solar Panel,mV,8131.0
2025-06-10 16:00:00,Solar radiation,Solar radiation,W/m2,465.0
2025-06-10 16:00:00,HC Air temperature,HC Air temperature,°C,32.71
2025-06-10 15:00:00,Battery,Battery,mV,6896.0
2025-06-10 15:00:00,U-sonic wind dir,U-sonic wind dir,deg,230.0
2025-06-10 15:00:00,HC Air temperature,HC Air temperature,°C,33.63
2025-06-10 15:00:00,HC Relative humidity,HC Relative humidity,%,39.44
2025-06-10 15:00:00,U-sonic wind speed,U-sonic wind speed,m/s,19.1
2025-06-10 15:00:00,Wind gust,Wind gust,m/s,31.4
2025-06-10 15:00:00,Solar Panel,Solar Panel,mV,9612.0
2025-06-10 15:00:00,Solar radiation,Solar radiation,W/m2,643.0
2025-06-10 15:00:00,Dew Point,Dew Point,°C,17.94
2025-06-10 15:00:00,VPD,VPD,mbar,31.6
2025-06-10 15:00:00,DeltaT,DeltaT,°C,11.0
2025-06-10 14:00:00,HC Air temperature,HC Air temperature,°C,32.67
2025-06-10 14:00:00,Dew Point,Dew Point,°C,16.84
2025-06-10 14:00:00,VPD,VPD,mbar,30.2
2025-06-10 14:00:00,DeltaT,DeltaT,°C,11.0
2025-06-10 14:00:00,Wind gust,Wind gust,m/s,31.2
2025-06-10 14:00:00,U-sonic wind speed,U-sonic wind speed,m/s,19.2
2025-06-10 14:00:00,U-sonic wind dir,U-sonic wind dir,deg,180.0
2025-06-10 14:00:00,HC Relative humidity,HC Relative humidity,%,38.86
2025-06-10 14:00:00,Solar radiation,Solar radiation,W/m2,741.0
2025-06-10 14:00:00,Solar Panel,Solar Panel,mV,9829.0
2025-06-10 14:00:00,Battery,Battery,mV,6896.0
2025-06-10 13:00:00,DeltaT,DeltaT,°C,11.0
2025-06-10 13:00:00,Solar Panel,Solar Panel,mV,9915.0
2025-06-10 13:00:00,Battery,Battery,mV,6896.0
2025-06-10 13:00:00,HC Air temperature,HC Air temperature,°C,32.82
2025-06-10 13:00:00,U-sonic wind dir,U-sonic wind dir,deg,51.0
2025-06-10 13:00:00,U-sonic wind speed,U-sonic wind speed,m/s,17.1
2025-06-10 13:00:00,Wind gust,Wind gust,m/s,38.1
2025-06-10 13:00:00,HC Relative humidity,HC Relative humidity,%,36.39
2025-06-10 13:00:00,Solar radiation,Solar radiation,W/m2,870.0
2025-06-10 13:00:00,Dew Point,Dew Point,°C,15.94
2025-06-10 13:00:00,VPD,VPD,mbar,31.7
2025-06-10 12:00:00,Battery,Battery,mV,6896.0
2025-06-10 12:00:00,Solar Panel,Solar Panel,mV,9900.0
2025-06-10 12:00:00,Solar radiation,Solar radiation,W/m2,907.0
2025-06-10 12:00:00,VPD,VPD,mbar,32.2
2025-06-10 12:00:00,DeltaT,DeltaT,°C,11.0
2025-06-10 12:00:00,HC Relative humidity,HC Relative humidity,%,37.15
2025-06-10 12:00:00,HC Air temperature,HC Air temperature,°C,33.33
2025-06-10 12:00:00,U-sonic wind dir,U-sonic wind dir,deg,287.0
2025-06-10 12:00:00,U-sonic wind speed,U-sonic wind speed,m/s,10.4
2025-06-10 12:00:00,Wind gust,Wind gust,m/s,32.2
2025-06-10 12:00:00,Dew Point,Dew Point,°C,16.7
2025-06-10 11:00:00,Solar Panel,Solar Panel,mV,9864.0
2025-06-10 11:00:00,Battery,Battery,mV,6896.0
2025-06-10 11:00:00,HC Relative humidity,HC Relative humidity,%,44.72
2025-06-10 11:00:00,HC Air temperature,HC Air temperature,°C,33.05
2025-06-10 11:00:00,U-sonic wind dir,U-sonic wind dir,deg,293.0
2025-06-10 11:00:00,U-sonic wind speed,U-sonic wind speed,m/s,5.8
2025-06-10 11:00:00,Wind gust,Wind gust,m/s,13.1
2025-06-10 11:00:00,DeltaT,DeltaT,°C,9.0
2025-06-10 11:00:00,VPD,VPD,mbar,27.9
2025-06-10 11:00:00,Dew Point,Dew Point,°C,19.43
2025-06-10 11:00:00,Solar radiation,Solar radiation,W/m2,931.0
2025-06-10 10:00:00,Battery,Battery,mV,6889.0
2025-06-10 10:00:00,Solar radiation,Solar radiation,W/m2,792.0
2025-06-10 10:00:00,Solar Panel,Solar Panel,mV,9896.0
2025-06-10 10:00:00,Dew Point,Dew Point,°C,18.97
2025-06-10 10:00:00,Wind gust,Wind gust,m/s,24.1
2025-06-10 10:00:00,HC Relative humidity,HC Relative humidity,%,39.61
2025-06-10 10:00:00,HC Air temperature,HC Air temperature,°C,34.73
2025-06-10 10:00:00,U-sonic wind dir,U-sonic wind dir,deg,313.0
2025-06-10 10:00:00,U-sonic wind speed,U-sonic wind speed,m/s,5.7
2025-06-10 10:00:00,DeltaT,DeltaT,°C,11.0
2025-06-10 10:00:00,VPD,VPD,mbar,33.5
2025-06-10 09:00:00,Solar radiation,Solar radiation,W/m2,651.0
2025-06-10 09:00:00,DeltaT,DeltaT,°C,10.0
2025-06-10 09:00:00,VPD,VPD,mbar,30.0
2025-06-10 09:00:00,Dew Point,Dew Point,°C,18.86
2025-06-10 09:00:00,U-sonic wind speed,U-sonic wind speed,m/s,0.4
2025-06-10 09:00:00,U-sonic wind dir,U-sonic wind dir,deg,27.0
2025-06-10 09:00:00,HC Air temperature,HC Air temperature,°C,33.5
2025-06-10 09:00:00,HC Relative humidity,HC Relative humidity,%,42.09
2025-06-10 09:00:00,Wind gust,Wind gust,m/s,1.0
2025-06-10 09:00:00,Solar Panel,Solar Panel,mV,9931.0
2025-06-10 09:00:00,Battery,Battery,mV,6889.0
2025-06-10 08:00:00,U-sonic wind dir,U-sonic wind dir,deg,34.0
2025-06-10 08:00:00,HC Relative humidity,HC Relative humidity,%,50.37
2025-06-10 08:00:00,Solar radiation,Solar radiation,W/m2,496.0
2025-06-10 08:00:00,Solar Panel,Solar Panel,mV,7142.0
2025-06-10 08:00:00,Battery,Battery,mV,6853.0
2025-06-10 08:00:00,HC Air temperature,HC Air temperature,°C,31.53
2025-06-10 08:00:00,U-sonic wind speed,U-sonic wind speed,m/s,0.4
2025-06-10 08:00:00,Wind gust,Wind gust,m/s,1.0
2025-06-10 08:00:00,DeltaT,DeltaT,°C,8.0
2025-06-10 08:00:00,VPD,VPD,mbar,23.0
2025-06-10 08:00:00,Dew Point,Dew Point,°C,19.9
2025-06-10 07:00:00,VPD,VPD,mbar,8.2
2025-06-10 07:00:00,Dew Point,Dew Point,°C,25.01
2025-06-10 07:00:00,Battery,Battery,mV,6773.0
2025-06-10 07:00:00,Solar Panel,Solar Panel,mV,7055.0
2025-06-10 07:00:00,Solar radiation,Solar radiation,W/m2,278.0
2025-06-10 07:00:00,HC Relative humidity,HC Relative humidity,%,80.87
2025-06-10 07:00:00,HC Air temperature,HC Air temperature,°C,28.93
2025-06-10 07:00:00,U-sonic wind dir,U-sonic wind dir,deg,33.0
2025-06-10 07:00:00,U-sonic wind speed,U-sonic wind speed,m/s,0.2
2025-06-10 07:00:00,Wind gust,Wind gust,m/s,0.6
2025-06-10 07:00:00,DeltaT,DeltaT,°C,3.0
2025-06-10 06:00:00,Dew Point,Dew Point,°C,22.51
2025-06-10 06:00:00,Solar radiation,Solar radiation,W/m2,134.0
2025-06-10 06:00:00,HC Relative humidity,HC Relative humidity,%,99.84
2025-06-10 06:00:00,HC Air temperature,HC Air temperature,°C,22.54
2025-06-10 06:00:00,Battery,Battery,mV,6666.0
2025-06-10 06:00:00,U-sonic wind dir,U-sonic wind dir,deg,234.0
2025-06-10 06:00:00,U-sonic wind speed,U-sonic wind speed,m/s,0.2
2025-06-10 06:00:00,Wind gust,Wind gust,m/s,0.3
2025-06-10 06:00:00,Solar Panel,Solar Panel,mV,6937.0
2025-06-10 06:00:00,DeltaT,DeltaT,°C,0.0
2025-06-10 06:00:00,VPD,VPD,mbar,0.0
2025-06-10 05:00:00,VPD,VPD,mbar,0.0
2025-06-10 05:00:00,Solar radiation,Solar radiation,W/m2,20.0
2025-06-10 05:00:00,Solar Panel,Solar Panel,mV,6740.0
2025-06-10 05:00:00,Battery,Battery,mV,6486.0
2025-06-10 05:00:00,HC Relative humidity,HC Relative humidity,%,99.82
2025-06-10 05:00:00,HC Air temperature,HC Air temperature,°C,18.81
2025-06-10 05:00:00,DeltaT,DeltaT,°C,0.0
2025-06-10 05:00:00,U-sonic wind dir,U-sonic wind dir,deg,234.0
2025-06-10 05:00:00,U-sonic wind speed,U-sonic wind speed,m/s,0.2
2025-06-10 05:00:00,Dew Point,Dew Point,°C,18.78
2025-06-10 05:00:00,Wind gust,Wind gust,m/s,0.3
2025-06-10 04:00:00,HC Relative humidity,HC Relative humidity,%,99.83
2025-06-10 04:00:00,DeltaT,DeltaT,°C,0.0
2025-06-10 04:00:00,VPD,VPD,mbar,0.0
2025-06-10 04:00:00,Dew Point,Dew Point,°C,18.62
2025-06-10 04:00:00,Battery,Battery,mV,6448.0
2025-06-10 04:00:00,Solar Panel,Solar Panel,mV,1146.0
2025-06-10 04:00:00,Solar radiation,Solar radiation,W/m2,0.0
2025-06-10 04:00:00,HC Air temperature,HC Air temperature,°C,18.65
2025-06-10 04:00:00,U-sonic wind dir,U-sonic wind dir,deg,234.0
2025-06-10 04:00:00,U-sonic wind speed,U-sonic wind speed,m/s,0.2
2025-06-10 04:00:00,Wind gust,Wind gust,m/s,0.3
2025-06-10 03:00:00,Solar Panel,Solar Panel,mV,0.0
2025-06-10 03:00:00,U-sonic wind dir,U-sonic wind dir,deg,29.0
2025-06-10 03:00:00,VPD,VPD,mbar,0.0
2025-06-10 03:00:00,Dew Point,Dew Point,°C,19.48
2025-06-10 03:00:00,U-sonic wind speed,U-sonic wind speed,m/s,0.2
2025-06-10 03:00:00,Battery,Battery,mV,6457.0
2025-06-10 03:00:00,DeltaT,DeltaT,°C,0.0
2025-06-10 03:00:00,Wind gust,Wind gust,m/s,0.4
2025-06-10 03:00:00,Solar radiation,Solar radiation,W/m2,0.0
2025-06-10 03:00:00,HC Relative humidity,HC Relative humidity,%,99.83
2025-06-10 03:00:00,HC Air temperature,HC Air temperature,°C,19.51
2025-06-10 02:00:00,U-sonic wind dir,U-sonic wind dir,deg,29.0
2025-06-10 02:00:00,Battery,Battery,mV,6468.0
2025-06-10 02:00:00,Dew Point,Dew Point,°C,19.99
2025-06-10 02:00:00,VPD,VPD,mbar,0.0
2025-06-10 02:00:00,DeltaT,DeltaT,°C,0.0
2025-06-10 02:00:00,Wind gust,Wind gust,m/s,0.3
2025-06-10 02:00:00,U-sonic wind speed,U-sonic wind speed,m/s,0.2
2025-06-10 02:00:00,Solar radiation,Solar radiation,W/m2,0.0
2025-06-10 02:00:00,Solar Panel,Solar Panel,mV,0.0
2025-06-10 02:00:00,HC Relative humidity,HC Relative humidity,%,99.82
2025-06-10 02:00:00,HC Air temperature,HC Air temperature,°C,20.02
2025-06-10 01:00:00,HC Air temperature,HC Air temperature,°C,20.12
2025-06-10 01:00:00,Solar Panel,Solar Panel,mV,0.0
2025-06-10 01:00:00,Wind gust,Wind gust,m/s,0.3
2025-06-10 01:00:00,HC Relative humidity,HC Relative humidity,%,99.83
2025-06-10 01:00:00,Battery,Battery,mV,6481.0
2025-06-10 01:00:00,DeltaT,DeltaT,°C,0.0
2025-06-10 01:00:00,VPD,VPD,mbar,0.0
2025-06-10 01:00:00,Dew Point,Dew Point,°C,20.09
2025-06-10 01:00:00,U-sonic wind speed,U-sonic wind speed,m/s,0.2
2025-06-10 01:00:00,Solar radiation,Solar radiation,W/m2,0.0
2025-06-10 01:00:00,U-sonic wind dir,U-sonic wind dir,deg,29.0
2025-06-10 00:00:00,HC Air temperature,HC Air temperature,°C,20.5
2025-06-10 00:00:00,Battery,Battery,mV,6484.0
2025-06-10 00:00:00,Solar Panel,Solar Panel,mV,0.0
2025-06-10 00:00:00,Solar radiation,Solar radiation,W/m2,0.0
2025-06-10 00:00:00,HC Relative humidity,HC Relative humidity,%,99.83
2025-06-10 00:00:00,U-sonic wind dir,U-sonic wind dir,deg,29.0
2025-06-10 00:00:00,U-sonic wind speed,U-sonic wind speed,m/s,0.2
2025-06-10 00:00:00,Wind gust,Wind gust,m/s,0.5
2025-06-10 00:00:00,DeltaT,DeltaT,°C,0.0
2025-06-10 00:00:00,VPD,VPD,mbar,0.0
2025-06-10 00:00:00,Dew Point,Dew Point,°C,20.47
2025-06-09 23:00:00,Dew Point,Dew Point,°C,20.28
2025-06-09 23:00:00,Wind gust,Wind gust,m/s,0.4
2025-06-09 23:00:00,HC Air temperature,HC Air temperature,°C,20.31
2025-06-09 23:00:00,HC Relative humidity,HC Relative humidity,%,99.83
2025-06-09 23:00:00,U-sonic wind speed,U-sonic wind speed,m/s,0.2
2025-06-09 23:00:00,DeltaT,DeltaT,°C,0.0
2025-06-09 23:00:00,VPD,VPD,mbar,0.0
2025-06-09 23:00:00,Solar radiation,Solar radiation,W/m2,0.0
2025-06-09 23:00:00,Solar Panel,Solar Panel,mV,0.0
2025-06-09 23:00:00,Battery,Battery,mV,6488.0
2025-06-09 23:00:00,U-sonic wind dir,U-sonic wind dir,deg,237.0
2025-06-09 22:00:00,U-sonic wind dir,U-sonic wind dir,deg,237.0
2025-06-09 22:00:00,U-sonic wind speed,U-sonic wind speed,m/s,0.3
2025-06-09 22:00:00,Wind gust,Wind gust,m/s,0.5
2025-06-09 22:00:00,DeltaT,DeltaT,°C,0.0
2025-06-09 22:00:00,VPD,VPD,mbar,0.0
2025-06-09 22:00:00,Dew Point,Dew Point,°C,20.71
2025-06-09 22:00:00,HC Relative humidity,HC Relative humidity,%,99.85
2025-06-09 22:00:00,Battery,Battery,mV,6493.0
2025-06-09 22:00:00,Solar Panel,Solar Panel,mV,0.0
2025-06-09 22:00:00,HC Air temperature,HC Air temperature,°C,20.73
2025-06-09 22:00:00,Solar radiation,Solar radiation,W/m2,0.0
2025-06-09 21:00:00,Solar Panel,Solar Panel,mV,0.0
2025-06-09 21:00:00,Dew Point,Dew Point,°C,21.75
2025-06-09 21:00:00,VPD,VPD,mbar,0.0
2025-06-09 21:00:00,DeltaT,DeltaT,°C,0.0
2025-06-09 21:00:00,Wind gust,Wind gust,m/s,0.6
2025-06-09 21:00:00,U-sonic wind speed,U-sonic wind speed,m/s,0.3
2025-06-09 21:00:00,U-sonic wind dir,U-sonic wind dir,deg,35.0
2025-06-09 21:00:00,HC Air temperature,HC Air temperature,°C,21.77
2025-06-09 21:00:00,HC Relative humidity,HC Relative humidity,%,99.86
2025-06-09 21:00:00,Solar radiation,Solar radiation,W/m2,0.0
2025-06-09 21:00:00,Battery,Battery,mV,6493.0
2025-06-09 20:00:00,Solar Panel,Solar Panel,mV,0.0
2025-06-09 20:00:00,Solar radiation,Solar radiation,W/m2,0.0
2025-06-09 20:00:00,HC Relative humidity,HC Relative humidity,%,99.89
2025-06-09 20:00:00,HC Air temperature,HC Air temperature,°C,23.23
2025-06-09 20:00:00,U-sonic wind dir,U-sonic wind dir,deg,35.0
2025-06-09 20:00:00,Wind gust,Wind gust,m/s,0.6
2025-06-09 20:00:00,DeltaT,DeltaT,°C,0.0
2025-06-09 20:00:00,Dew Point,Dew Point,°C,23.21
2025-06-09 20:00:00,VPD,VPD,mbar,0.0
2025-06-09 20:00:00,U-sonic wind speed,U-sonic wind speed,m/s,0.3
2025-06-09 20:00:00,Battery,Battery,mV,6484.0
2025-06-09 19:00:00,Battery,Battery,mV,6528.0
2025-06-09 19:00:00,Solar Panel,Solar Panel,mV,500.0
2025-06-09 19:00:00,Solar radiation,Solar radiation,W/m2,15.0
2025-06-09 19:00:00,HC Relative humidity,HC Relative humidity,%,80.86
2025-06-09 19:00:00,HC Air temperature,HC Air temperature,°C,26.0
2025-06-09 19:00:00,U-sonic wind dir,U-sonic wind dir,deg,9.0
2025-06-09 19:00:00,U-sonic wind speed,U-sonic wind speed,m/s,0.4
2025-06-09 19:00:00,Wind gust,Wind gust,m/s,1.0
2025-06-09 19:00:00,DeltaT,DeltaT,°C,3.0
2025-06-09 19:00:00,VPD,VPD,mbar,6.8
2025-06-09 19:00:00,Dew Point,Dew Point,°C,22.14
2025-06-09 18:00:00,U-sonic wind dir,U-sonic wind dir,deg,34.0
2025-06-09 18:00:00,U-sonic wind speed,U-sonic wind speed,m/s,0.3
2025-06-09 18:00:00,Wind gust,Wind gust,m/s,0.7
2025-06-09 18:00:00,DeltaT,DeltaT,°C,9.0
2025-06-09 18:00:00,VPD,VPD,mbar,24.9
2025-06-09 18:00:00,Dew Point,Dew Point,°C,17.54
2025-06-09 18:00:00,Battery,Battery,mV,6809.0
2025-06-09 18:00:00,Solar Panel,Solar Panel,mV,7047.0
2025-06-09 18:00:00,Solar radiation,Solar radiation,W/m2,135.0
2025-06-09 18:00:00,HC Relative humidity,HC Relative humidity,%,44.95
2025-06-09 18:00:00,HC Air temperature,HC Air temperature,°C,30.97
2025-06-09 17:00:00,Dew Point,Dew Point,°C,16.95
2025-06-09 17:00:00,HC Air temperature,HC Air temperature,°C,32.9
2025-06-09 17:00:00,HC Relative humidity,HC Relative humidity,%,38.6
2025-06-09 17:00:00,U-sonic wind speed,U-sonic wind speed,m/s,0.3
2025-06-09 17:00:00,Wind gust,Wind gust,m/s,0.9
2025-06-09 17:00:00,Battery,Battery,mV,6878.0
2025-06-09 17:00:00,DeltaT,DeltaT,°C,11.0
2025-06-09 17:00:00,U-sonic wind dir,U-sonic wind dir,deg,32.0
2025-06-09 17:00:00,Solar Panel,Solar Panel,mV,8210.0
2025-06-09 17:00:00,Solar radiation,Solar radiation,W/m2,304.0
2025-06-09 17:00:00,VPD,VPD,mbar,30.7
2025-06-09 16:00:00,HC Relative humidity,HC Relative humidity,%,34.89
2025-06-09 16:00:00,Battery,Battery,mV,6887.0
2025-06-09 16:00:00,Solar Panel,Solar Panel,mV,8068.0
2025-06-09 16:00:00,Solar radiation,Solar radiation,W/m2,476.0
2025-06-09 16:00:00,Dew Point,Dew Point,°C,15.72
2025-06-09 16:00:00,VPD,VPD,mbar,33.4
2025-06-09 16:00:00,DeltaT,DeltaT,°C,12.0
2025-06-09 16:00:00,Wind gust,Wind gust,m/s,1.4
2025-06-09 16:00:00,U-sonic wind speed,U-sonic wind speed,m/s,0.5
2025-06-09 16:00:00,U-sonic wind dir,U-sonic wind dir,deg,32.0
2025-06-09 16:00:00,HC Air temperature,HC Air temperature,°C,33.32
2025-06-09 15:00:00,DeltaT,DeltaT,°C,13.0
2025-06-09 15:00:00,U-sonic wind dir,U-sonic wind dir,deg,28.0
2025-06-09 15:00:00,HC Air temperature,HC Air temperature,°C,35.89
2025-06-09 15:00:00,Dew Point,Dew Point,°C,15.8
2025-06-09 15:00:00,Solar radiation,Solar radiation,W/m2,666.0
2025-06-09 15:00:00,HC Relative humidity,HC Relative humidity,%,30.43
2025-06-09 15:00:00,Battery,Battery,mV,6889.0
2025-06-09 15:00:00,Wind gust,Wind gust,m/s,1.1
2025-06-09 15:00:00,U-sonic wind speed,U-sonic wind speed,m/s,0.4
2025-06-09 15:00:00,Solar Panel,Solar Panel,mV,9502.0
2025-06-09 15:00:00,VPD,VPD,mbar,41.1
2025-06-09 14:00:00,Solar radiation,Solar radiation,W/m2,761.0
2025-06-09 14:00:00,Solar Panel,Solar Panel,mV,9738.0
2025-06-09 14:00:00,Battery,Battery,mV,6896.0
2025-06-09 14:00:00,Dew Point,Dew Point,°C,14.15
2025-06-09 14:00:00,U-sonic wind dir,U-sonic wind dir,deg,26.0
2025-06-09 14:00:00,U-sonic wind speed,U-sonic wind speed,m/s,0.4
2025-06-09 14:00:00,Wind gust,Wind gust,m/s,1.1
2025-06-09 14:00:00,DeltaT,DeltaT,°C,14.0
2025-06-09 14:00:00,VPD,VPD,mbar,43.2
2025-06-09 14:00:00,HC Air temperature,HC Air temperature,°C,35.97
2025-06-09 14:00:00,HC Relative humidity,HC Relative humidity,%,27.19
2025-06-09 13:00:00,Solar radiation,Solar radiation,W/m2,903.0
2025-06-09 13:00:00,HC Air temperature,HC Air temperature,°C,36.31
2025-06-09 13:00:00,HC Relative humidity,HC Relative humidity,%,30.61
2025-06-09 13:00:00,Wind gust,Wind gust,m/s,1.2
2025-06-09 13:00:00,DeltaT,DeltaT,°C,14.0
2025-06-09 13:00:00,Battery,Battery,mV,6898.0
2025-06-09 13:00:00,Solar Panel,Solar Panel,mV,9710.0
2025-06-09 13:00:00,U-sonic wind speed,U-sonic wind speed,m/s,0.4
2025-06-09 13:00:00,Dew Point,Dew Point,°C,16.14
2025-06-09 13:00:00,VPD,VPD,mbar,41.9
2025-06-09 13:00:00,U-sonic wind dir,U-sonic wind dir,deg,25.0
2025-06-09 12:00:00,HC Relative humidity,HC Relative humidity,%,29.84
2025-06-09 12:00:00,Solar Panel,Solar Panel,mV,9789.0
2025-06-09 12:00:00,Battery,Battery,mV,6896.0
2025-06-09 12:00:00,Dew Point,Dew Point,°C,14.8
2025-06-09 12:00:00,VPD,VPD,mbar,39.6
2025-06-09 12:00:00,DeltaT,DeltaT,°C,13.0
2025-06-09 12:00:00,Wind gust,Wind gust,m/s,1.2
2025-06-09 12:00:00,U-sonic wind speed,U-sonic wind speed,m/s,0.5
2025-06-09 12:00:00,U-sonic wind dir,U-sonic wind dir,deg,27.0
2025-06-09 12:00:00,HC Air temperature,HC Air temperature,°C,35.07
2025-06-09 12:00:00,Solar radiation,Solar radiation,W/m2,944.0
2025-06-09 11:00:00,Battery,Battery,mV,6896.0
2025-06-09 11:00:00,Dew Point,Dew Point,°C,17.23
2025-06-09 11:00:00,VPD,VPD,mbar,39.1
2025-06-09 11:00:00,Solar Panel,Solar Panel,mV,9750.0
2025-06-09 11:00:00,Solar radiation,Solar radiation,W/m2,971.0
2025-06-09 11:00:00,HC Relative humidity,HC Relative humidity,%,33.52
2025-06-09 11:00:00,DeltaT,DeltaT,°C,13.0
2025-06-09 11:00:00,Wind gust,Wind gust,m/s,38.1
2025-06-09 11:00:00,U-sonic wind speed,U-sonic wind speed,m/s,6.1
2025-06-09 11:00:00,U-sonic wind dir,U-sonic wind dir,deg,23.0
2025-06-09 11:00:00,HC Air temperature,HC Air temperature,°C,35.78
2025-06-09 10:00:00,Dew Point,Dew Point,°C,17.06
2025-06-09 10:00:00,U-sonic wind dir,U-sonic wind dir,deg,336.0
2025-06-09 10:00:00,HC Relative humidity,HC Relative humidity,%,37.05
2025-06-09 10:00:00,Solar radiation,Solar radiation,W/m2,824.0
2025-06-09 10:00:00,Solar Panel,Solar Panel,mV,9896.0
2025-06-09 10:00:00,Battery,Battery,mV,6889.0
2025-06-09 10:00:00,HC Air temperature,HC Air temperature,°C,33.78
2025-06-09 10:00:00,U-sonic wind speed,U-sonic wind speed,m/s,10.5
2025-06-09 10:00:00,Wind gust,Wind gust,m/s,30.3
2025-06-09 10:00:00,DeltaT,DeltaT,°C,11.0
2025-06-09 10:00:00,VPD,VPD,mbar,33.1
2025-06-09 09:00:00,U-sonic wind speed,U-sonic wind speed,m/s,0.4
2025-06-09 09:00:00,Battery,Battery,mV,6889.0
2025-06-09 09:00:00,Solar Panel,Solar Panel,mV,9998.0
2025-06-09 09:00:00,Solar radiation,Solar radiation,W/m2,665.0
2025-06-09 09:00:00,HC Relative humidity,HC Relative humidity,%,37.06
2025-06-09 09:00:00,HC Air temperature,HC Air temperature,°C,32.76
2025-06-09 09:00:00,U-sonic wind dir,U-sonic wind dir,deg,23.0
2025-06-09 09:00:00,Wind gust,Wind gust,m/s,1.2
2025-06-09 09:00:00,DeltaT,DeltaT,°C,11.0
2025-06-09 09:00:00,VPD,VPD,mbar,31.2
2025-06-09 09:00:00,Dew Point,Dew Point,°C,16.16
2025-06-09 08:00:00,HC Relative humidity,HC Relative humidity,%,47.95
2025-06-09 08:00:00,Solar radiation,Solar radiation,W/m2,498.0
2025-06-09 08:00:00,Solar Panel,Solar Panel,mV,7130.0
2025-06-09 08:00:00,Wind gust,Wind gust,m/s,1.0
2025-06-09 08:00:00,DeltaT,DeltaT,°C,8.0
2025-06-09 08:00:00,VPD,VPD,mbar,23.1
2025-06-09 08:00:00,Dew Point,Dew Point,°C,18.4
2025-06-09 08:00:00,Battery,Battery,mV,6844.0
2025-06-09 08:00:00,U-sonic wind speed,U-sonic wind speed,m/s,0.4
2025-06-09 08:00:00,U-sonic wind dir,U-sonic wind dir,deg,31.0
2025-06-09 08:00:00,HC Air temperature,HC Air temperature,°C,30.76
2025-06-09 07:00:00,Dew Point,Dew Point,°C,25.61
2025-06-09 07:00:00,HC Air temperature,HC Air temperature,°C,28.75
2025-06-09 07:00:00,U-sonic wind dir,U-sonic wind dir,deg,31.0
2025-06-09 07:00:00,Battery,Battery,mV,6769.0
2025-06-09 07:00:00,VPD,VPD,mbar,6.5
2025-06-09 07:00:00,U-sonic wind speed,U-sonic wind speed,m/s,0.3
2025-06-09 07:00:00,Wind gust,Wind gust,m/s,0.7
2025-06-09 07:00:00,DeltaT,DeltaT,°C,2.0
2025-06-09 07:00:00,Solar Panel,Solar Panel,mV,7051.0
2025-06-09 07:00:00,Solar radiation,Solar radiation,W/m2,283.0
2025-06-09 07:00:00,HC Relative humidity,HC Relative humidity,%,84.3
2025-06-09 06:00:00,Solar radiation,Solar radiation,W/m2,132.0
2025-06-09 06:00:00,Wind gust,Wind gust,m/s,0.4
2025-06-09 06:00:00,U-sonic wind speed,U-sonic wind speed,m/s,0.2
2025-06-09 06:00:00,U-sonic wind dir,U-sonic wind dir,deg,41.0
2025-06-09 06:00:00,Solar Panel,Solar Panel,mV,6929.0
2025-06-09 06:00:00,Dew Point,Dew Point,°C,23.05
2025-06-09 06:00:00,VPD,VPD,mbar,0.0
2025-06-09 06:00:00,Battery,Battery,mV,6660.0
2025-06-09 06:00:00,HC Air temperature,HC Air temperature,°C,23.08
2025-06-09 06:00:00,HC Relative humidity,HC Relative humidity,%,99.83
2025-06-09 06:00:00,DeltaT,DeltaT,°C,0.0
2025-06-09 05:00:00,U-sonic wind dir,U-sonic wind dir,deg,41.0
2025-06-09 05:00:00,HC Relative humidity,HC Relative humidity,%,99.82
2025-06-09 05:00:00,Dew Point,Dew Point,°C,19.53
2025-06-09 05:00:00,VPD,VPD,mbar,0.0
2025-06-09 05:00:00,DeltaT,DeltaT,°C,0.0
2025-06-09 05:00:00,Wind gust,Wind gust,m/s,0.4
2025-06-09 05:00:00,U-sonic wind speed,U-sonic wind speed,m/s,0.3
2025-06-09 05:00:00,HC Air temperature,HC Air temperature,°C,19.56
2025-06-09 05:00:00,Solar radiation,Solar radiation,W/m2,17.0
2025-06-09 05:00:00,Solar Panel,Solar Panel,mV,6732.0
2025-06-09 05:00:00,Battery,Battery,mV,6481.0
2025-06-09 04:00:00,U-sonic wind dir,U-sonic wind dir,deg,41.0
2025-06-09 04:00:00,U-sonic wind speed,U-sonic wind speed,m/s,0.3
2025-06-09 04:00:00,Wind gust,Wind gust,m/s,0.3
2025-06-09 04:00:00,DeltaT,DeltaT,°C,0.0
2025-06-09 04:00:00,Battery,Battery,mV,6448.0
2025-06-09 04:00:00,VPD,VPD,mbar,0.0
2025-06-09 04:00:00,Solar Panel,Solar Panel,mV,527.0
2025-06-09 04:00:00,Solar radiation,Solar radiation,W/m2,0.0
2025-06-09 04:00:00,HC Relative humidity,HC Relative humidity,%,99.82
2025-06-09 04:00:00,Dew Point,Dew Point,°C,20.03
2025-06-09 04:00:00,HC Air temperature,HC Air temperature,°C,20.06
2025-06-09 03:00:00,HC Air temperature,HC Air temperature,°C,20.36
2025-06-09 03:00:00,U-sonic wind dir,U-sonic wind dir,deg,41.0
2025-06-09 03:00:00,U-sonic wind speed,U-sonic wind speed,m/s,0.3
2025-06-09 03:00:00,Wind gust,Wind gust,m/s,0.4
2025-06-09 03:00:00,DeltaT,DeltaT,°C,0.0
2025-06-09 03:00:00,VPD,VPD,mbar,0.0
2025-06-09 03:00:00,HC Relative humidity,HC Relative humidity,%,99.82
2025-06-09 03:00:00,Solar radiation,Solar radiation,W/m2,0.0
2025-06-09 03:00:00,Solar Panel,Solar Panel,mV,0.0
2025-06-09 03:00:00,Battery,Battery,mV,6457.0
2025-06-09 03:00:00,Dew Point,Dew Point,°C,20.33
2025-06-09 02:00:00,DeltaT,DeltaT,°C,0.0
2025-06-09 02:00:00,Wind gust,Wind gust,m/s,0.5
2025-06-09 02:00:00,HC Air temperature,HC Air temperature,°C,20.36
2025-06-09 02:00:00,HC Relative humidity,HC Relative humidity,%,99.82
2025-06-09 02:00:00,Solar radiation,Solar radiation,W/m2,0.0
2025-06-09 02:00:00,Battery,Battery,mV,6466.0
2025-06-09 02:00:00,Dew Point,Dew Point,°C,20.33
2025-06-09 02:00:00,Solar Panel,Solar Panel,mV,0.0
2025-06-09 02:00:00,U-sonic wind dir,U-sonic wind dir,deg,41.0
2025-06-09 02:00:00,U-sonic wind speed,U-sonic wind speed,m/s,0.3
2025-06-09 02:00:00,VPD,VPD,mbar,0.0
2025-06-09 01:00:00,DeltaT,DeltaT,°C,0.0
2025-06-09 01:00:00,Solar radiation,Solar radiation,W/m2,0.0
2025-06-09 01:00:00,Wind gust,Wind gust,m/s,0.5
2025-06-09 01:00:00,U-sonic wind speed,U-sonic wind speed,m/s,0.2
2025-06-09 01:00:00,Solar Panel,Solar Panel,mV,0.0
2025-06-09 01:00:00,Battery,Battery,mV,6481.0
2025-06-09 01:00:00,HC Air temperature,HC Air temperature,°C,19.82
2025-06-09 01:00:00,U-sonic wind dir,U-sonic wind dir,deg,37.0
2025-06-09 01:00:00,HC Relative humidity,HC Relative humidity,%,99.82
2025-06-09 01:00:00,VPD,VPD,mbar,0.0
2025-06-09 01:00:00,Dew Point,Dew Point,°C,19.79
2025-06-09 00:00:00,Solar Panel,Solar Panel,mV,0.0
2025-06-09 00:00:00,Dew Point,Dew Point,°C,19.83
2025-06-09 00:00:00,VPD,VPD,mbar,0.0
2025-06-09 00:00:00,Wind gust,Wind gust,m/s,0.4
2025-06-09 00:00:00,U-sonic wind speed,U-sonic wind speed,m/s,0.2
2025-06-09 00:00:00,HC Relative humidity,HC Relative humidity,%,99.83
2025-06-09 00:00:00,HC Air temperature,HC Air temperature,°C,19.86
2025-06-09 00:00:00,DeltaT,DeltaT,°C,0.0
2025-06-09 00:00:00,Battery,Battery,mV,6484.0
2025-06-09 00:00:00,U-sonic wind dir,U-sonic wind dir,deg,34.0
2025-06-09 00:00:00,Solar radiation,Solar radiation,W/m2,0.0
2025-06-08 23:00:00,Solar Panel,Solar Panel,mV,0.0
2025-06-08 23:00:00,Battery,Battery,mV,6493.0
2025-06-08 23:00:00,Dew Point,Dew Point,°C,20.77
2025-06-08 23:00:00,VPD,VPD,mbar,0.0
2025-06-08 23:00:00,U-sonic wind speed,U-sonic wind speed,m/s,0.3
2025-06-08 23:00:00,HC Relative humidity,HC Relative humidity,%,99.83
2025-06-08 23:00:00,Solar radiation,Solar radiation,W/m2,0.0
2025-06-08 23:00:00,U-sonic wind dir,U-sonic wind dir,deg,34.0
2025-06-08 23:00:00,HC Air temperature,HC Air temperature,°C,20.8
2025-06-08 23:00:00,Wind gust,Wind gust,m/s,0.4
2025-06-08 23:00:00,DeltaT,DeltaT,°C,0.0
2025-06-08 22:00:00,HC Relative humidity,HC Relative humidity,%,99.84
2025-06-08 22:00:00,U-sonic wind dir,U-sonic wind dir,deg,34.0
2025-06-08 22:00:00,Battery,Battery,mV,6493.0
2025-06-08 22:00:00,Solar Panel,Solar Panel,mV,0.0
2025-06-08 22:00:00,Solar radiation,Solar radiation,W/m2,0.0
2025-06-08 22:00:00,HC Air temperature,HC Air temperature,°C,20.2
2025-06-08 22:00:00,U-sonic wind speed,U-sonic wind speed,m/s,0.2
2025-06-08 22:00:00,Wind gust,Wind gust,m/s,0.4
2025-06-08 22:00:00,DeltaT,DeltaT,°C,0.0
2025-06-08 22:00:00,VPD,VPD,mbar,0.0
2025-06-08 22:00:00,Dew Point,Dew Point,°C,20.18
2025-06-08 21:00:00,Solar radiation,Solar radiation,W/m2,0.0
2025-06-08 21:00:00,HC Relative humidity,HC Relative humidity,%,99.85
2025-06-08 21:00:00,VPD,VPD,mbar,0.0
2025-06-08 21:00:00,DeltaT,DeltaT,°C,0.0
2025-06-08 21:00:00,Wind gust,Wind gust,m/s,0.5
2025-06-08 21:00:00,U-sonic wind speed,U-sonic wind speed,m/s,0.2
2025-06-08 21:00:00,U-sonic wind dir,U-sonic wind dir,deg,35.0
2025-06-08 21:00:00,Dew Point,Dew Point,°C,20.31
2025-06-08 21:00:00,HC Air temperature,HC Air temperature,°C,20.34
2025-06-08 21:00:00,Battery,Battery,mV,6495.0
2025-06-08 21:00:00,Solar Panel,Solar Panel,mV,0.0
2025-06-08 20:00:00,Solar Panel,Solar Panel,mV,0.0
2025-06-08 20:00:00,Battery,Battery,mV,6493.0
2025-06-08 20:00:00,VPD,VPD,mbar,0.0
2025-06-08 20:00:00,HC Air temperature,HC Air temperature,°C,22.28
2025-06-08 20:00:00,Solar radiation,Solar radiation,W/m2,0.0
2025-06-08 20:00:00,Dew Point,Dew Point,°C,22.25
2025-06-08 20:00:00,U-sonic wind dir,U-sonic wind dir,deg,38.0
2025-06-08 20:00:00,U-sonic wind speed,U-sonic wind speed,m/s,0.3
2025-06-08 20:00:00,Wind gust,Wind gust,m/s,0.6
2025-06-08 20:00:00,DeltaT,DeltaT,°C,0.0
2025-06-08 20:00:00,HC Relative humidity,HC Relative humidity,%,99.88
2025-06-08 19:00:00,Solar radiation,Solar radiation,W/m2,13.0
2025-06-08 19:00:00,VPD,VPD,mbar,1.6
2025-06-08 19:00:00,U-sonic wind dir,U-sonic wind dir,deg,38.0
2025-06-08 19:00:00,Solar Panel,Solar Panel,mV,1016.0
2025-06-08 19:00:00,U-sonic wind speed,U-sonic wind speed,m/s,0.4
2025-06-08 19:00:00,HC Air temperature,HC Air temperature,°C,24.55
2025-06-08 19:00:00,HC Relative humidity,HC Relative humidity,%,95.13
2025-06-08 19:00:00,Battery,Battery,mV,6528.0
2025-06-08 19:00:00,Dew Point,Dew Point,°C,23.68
2025-06-08 19:00:00,Wind gust,Wind gust,m/s,0.8
2025-06-08 19:00:00,DeltaT,DeltaT,°C,1.0
2025-06-08 18:00:00,HC Air temperature,HC Air temperature,°C,27.78
2025-06-08 18:00:00,Dew Point,Dew Point,°C,22.71
2025-06-08 18:00:00,VPD,VPD,mbar,9.8
2025-06-08 18:00:00,DeltaT,DeltaT,°C,4.0
2025-06-08 18:00:00,Wind gust,Wind gust,m/s,19.8
2025-06-08 18:00:00,U-sonic wind speed,U-sonic wind speed,m/s,2.7
2025-06-08 18:00:00,U-sonic wind dir,U-sonic wind dir,deg,34.0
2025-06-08 18:00:00,HC Relative humidity,HC Relative humidity,%,74.12
2025-06-08 18:00:00,Solar radiation,Solar radiation,W/m2,117.0
2025-06-08 18:00:00,Solar Panel,Solar Panel,mV,7024.0
2025-06-08 18:00:00,Battery,Battery,mV,6786.0
2025-06-08 17:00:00,U-sonic wind speed,U-sonic wind speed,m/s,13.7
2025-06-08 17:00:00,Solar radiation,Solar radiation,W/m2,279.0
2025-06-08 17:00:00,Solar Panel,Solar Panel,mV,8769.0
2025-06-08 17:00:00,Battery,Battery,mV,6878.0
2025-06-08 17:00:00,VPD,VPD,mbar,24.6
2025-06-08 17:00:00,Wind gust,Wind gust,m/s,27.7
2025-06-08 17:00:00,DeltaT,DeltaT,°C,8.0
2025-06-08 17:00:00,HC Air temperature,HC Air temperature,°C,32.81
2025-06-08 17:00:00,Dew Point,Dew Point,°C,21.25
2025-06-08 17:00:00,HC Relative humidity,HC Relative humidity,%,51.07
2025-06-08 17:00:00,U-sonic wind dir,U-sonic wind dir,deg,76.0
2025-06-08 16:00:00,U-sonic wind speed,U-sonic wind speed,m/s,10.5
2025-06-08 16:00:00,U-sonic wind dir,U-sonic wind dir,deg,219.0
2025-06-08 16:00:00,Battery,Battery,mV,6887.0
2025-06-08 16:00:00,Solar Panel,Solar Panel,mV,7973.0
2025-06-08 16:00:00,Solar radiation,Solar radiation,W/m2,449.0
2025-06-08 16:00:00,HC Relative humidity,HC Relative humidity,%,50.74
2025-06-08 16:00:00,HC Air temperature,HC Air temperature,°C,34.66
2025-06-08 16:00:00,Dew Point,Dew Point,°C,22.96
2025-06-08 16:00:00,VPD,VPD,mbar,27.2
2025-06-08 16:00:00,DeltaT,DeltaT,°C,8.0
2025-06-08 16:00:00,Wind gust,Wind gust,m/s,26.5
2025-06-08 15:00:00,Wind gust,Wind gust,m/s,37.0
2025-06-08 15:00:00,Dew Point,Dew Point,°C,23.59
2025-06-08 15:00:00,VPD,VPD,mbar,27.2
2025-06-08 15:00:00,DeltaT,DeltaT,°C,8.0
2025-06-08 15:00:00,HC Relative humidity,HC Relative humidity,%,51.74
2025-06-08 15:00:00,HC Air temperature,HC Air temperature,°C,35.01
2025-06-08 15:00:00,U-sonic wind dir,U-sonic wind dir,deg,191.0
2025-06-08 15:00:00,Solar Panel,Solar Panel,mV,9517.0
2025-06-08 15:00:00,Solar radiation,Solar radiation,W/m2,615.0
2025-06-08 15:00:00,Battery,Battery,mV,6893.0
2025-06-08 15:00:00,U-sonic wind speed,U-sonic wind speed,m/s,21.2
2025-06-08 14:00:00,Wind gust,Wind gust,m/s,32.8
2025-06-08 14:00:00,Dew Point,Dew Point,°C,23.35
2025-06-08 14:00:00,VPD,VPD,mbar,29.2
2025-06-08 14:00:00,DeltaT,DeltaT,°C,9.0
2025-06-08 14:00:00,U-sonic wind speed,U-sonic wind speed,m/s,11.6
2025-06-08 14:00:00,U-sonic wind dir,U-sonic wind dir,deg,296.0
2025-06-08 14:00:00,HC Air temperature,HC Air temperature,°C,35.52
2025-06-08 14:00:00,HC Relative humidity,HC Relative humidity,%,49.56
2025-06-08 14:00:00,Solar radiation,Solar radiation,W/m2,735.0
2025-06-08 14:00:00,Solar Panel,Solar Panel,mV,9876.0
2025-06-08 14:00:00,Battery,Battery,mV,6896.0
2025-06-08 13:00:00,Battery,Battery,mV,6898.0
2025-06-08 13:00:00,Solar Panel,Solar Panel,mV,9829.0
2025-06-08 13:00:00,Solar radiation,Solar radiation,W/m2,870.0
2025-06-08 13:00:00,HC Relative humidity,HC Relative humidity,%,47.26
2025-06-08 13:00:00,HC Air temperature,HC Air temperature,°C,36.73
2025-06-08 13:00:00,U-sonic wind dir,U-sonic wind dir,deg,170.0
2025-06-08 13:00:00,U-sonic wind speed,U-sonic wind speed,m/s,14.4
2025-06-08 13:00:00,Wind gust,Wind gust,m/s,32.3
2025-06-08 13:00:00,DeltaT,DeltaT,°C,10.0
2025-06-08 13:00:00,VPD,VPD,mbar,32.7
2025-06-08 13:00:00,Dew Point,Dew Point,°C,23.65
2025-06-08 12:00:00,U-sonic wind dir,U-sonic wind dir,deg,133.0
2025-06-08 12:00:00,U-sonic wind speed,U-sonic wind speed,m/s,10.3
2025-06-08 12:00:00,DeltaT,DeltaT,°C,9.0
2025-06-08 12:00:00,VPD,VPD,mbar,33.3
2025-06-08 12:00:00,Dew Point,Dew Point,°C,24.84
2025-06-08 12:00:00,Battery,Battery,mV,6898.0
2025-06-08 12:00:00,Solar Panel,Solar Panel,mV,9695.0
2025-06-08 12:00:00,Solar radiation,Solar radiation,W/m2,916.0
2025-06-08 12:00:00,HC Relative humidity,HC Relative humidity,%,48.55
2025-06-08 12:00:00,Wind gust,Wind gust,m/s,30.5
2025-06-08 12:00:00,HC Air temperature,HC Air temperature,°C,37.53
2025-06-08 11:00:00,Wind gust,Wind gust,m/s,29.9
2025-06-08 11:00:00,VPD,VPD,mbar,30.8
2025-06-08 11:00:00,Dew Point,Dew Point,°C,24.31
2025-06-08 11:00:00,DeltaT,DeltaT,°C,9.0
2025-06-08 11:00:00,U-sonic wind speed,U-sonic wind speed,m/s,11.4
2025-06-08 11:00:00,U-sonic wind dir,U-sonic wind dir,deg,312.0
2025-06-08 11:00:00,HC Air temperature,HC Air temperature,°C,36.52
2025-06-08 11:00:00,HC Relative humidity,HC Relative humidity,%,49.75
2025-06-08 11:00:00,Solar radiation,Solar radiation,W/m2,924.0
2025-06-08 11:00:00,Solar Panel,Solar Panel,mV,9821.0
2025-06-08 11:00:00,Battery,Battery,mV,6898.0
2025-06-08 10:00:00,VPD,VPD,mbar,27.7
2025-06-08 10:00:00,DeltaT,DeltaT,°C,9.0
2025-06-08 10:00:00,Wind gust,Wind gust,m/s,39.4
2025-06-08 10:00:00,Dew Point,Dew Point,°C,23.09
2025-06-08 10:00:00,Battery,Battery,mV,6896.0
2025-06-08 10:00:00,U-sonic wind speed,U-sonic wind speed,m/s,21.9
2025-06-08 10:00:00,U-sonic wind dir,U-sonic wind dir,deg,297.0
2025-06-08 10:00:00,Solar Panel,Solar Panel,mV,9770.0
2025-06-08 10:00:00,Solar radiation,Solar radiation,W/m2,799.0
2025-06-08 10:00:00,HC Relative humidity,HC Relative humidity,%,50.46
2025-06-08 10:00:00,HC Air temperature,HC Air temperature,°C,34.9
2025-06-08 09:00:00,Dew Point,Dew Point,°C,22.7
2025-06-08 09:00:00,DeltaT,DeltaT,°C,8.0
2025-06-08 09:00:00,Wind gust,Wind gust,m/s,30.7
2025-06-08 09:00:00,U-sonic wind speed,U-sonic wind speed,m/s,3.6
2025-06-08 09:00:00,HC Relative humidity,HC Relative humidity,%,50.6
2025-06-08 09:00:00,Solar radiation,Solar radiation,W/m2,650.0
2025-06-08 09:00:00,HC Air temperature,HC Air temperature,°C,34.44
2025-06-08 09:00:00,Solar Panel,Solar Panel,mV,9663.0
2025-06-08 09:00:00,U-sonic wind dir,U-sonic wind dir,deg,205.0
2025-06-08 09:00:00,Battery,Battery,mV,6896.0
2025-06-08 09:00:00,VPD,VPD,mbar,26.9
2025-06-08 08:00:00,DeltaT,DeltaT,°C,8.0
2025-06-08 08:00:00,Battery,Battery,mV,6849.0
2025-06-08 08:00:00,Dew Point,Dew Point,°C,22.6
2025-06-08 08:00:00,VPD,VPD,mbar,26.8
2025-06-08 08:00:00,Wind gust,Wind gust,m/s,0.3
2025-06-08 08:00:00,U-sonic wind speed,U-sonic wind speed,m/s,0.2
2025-06-08 08:00:00,U-sonic wind dir,U-sonic wind dir,deg,233.0
2025-06-08 08:00:00,HC Air temperature,HC Air temperature,°C,34.35
2025-06-08 08:00:00,HC Relative humidity,HC Relative humidity,%,50.54
2025-06-08 08:00:00,Solar radiation,Solar radiation,W/m2,481.0
2025-06-08 08:00:00,Solar Panel,Solar Panel,mV,7134.0
2025-06-08 07:00:00,U-sonic wind speed,U-sonic wind speed,m/s,0.2
2025-06-08 07:00:00,Wind gust,Wind gust,m/s,0.4
2025-06-08 07:00:00,DeltaT,DeltaT,°C,3.0
2025-06-08 07:00:00,VPD,VPD,mbar,9.1
2025-06-08 07:00:00,Dew Point,Dew Point,°C,25.78
2025-06-08 07:00:00,Solar Panel,Solar Panel,mV,7055.0
2025-06-08 07:00:00,Battery,Battery,mV,6778.0
2025-06-08 07:00:00,HC Air temperature,HC Air temperature,°C,29.64
2025-06-08 07:00:00,U-sonic wind dir,U-sonic wind dir,deg,233.0
2025-06-08 07:00:00,HC Relative humidity,HC Relative humidity,%,82.04
2025-06-08 07:00:00,Solar radiation,Solar radiation,W/m2,315.0
2025-06-08 06:00:00,Wind gust,Wind gust,m/s,0.3
2025-06-08 06:00:00,Dew Point,Dew Point,°C,20.45
2025-06-08 06:00:00,U-sonic wind speed,U-sonic wind speed,m/s,0.2
2025-06-08 06:00:00,VPD,VPD,mbar,0.0
2025-06-08 06:00:00,DeltaT,DeltaT,°C,0.0
2025-06-08 06:00:00,HC Air temperature,HC Air temperature,°C,20.48
2025-06-08 06:00:00,HC Relative humidity,HC Relative humidity,%,99.82
2025-06-08 06:00:00,Solar radiation,Solar radiation,W/m2,134.0
2025-06-08 06:00:00,Solar Panel,Solar Panel,mV,6972.0
2025-06-08 06:00:00,Battery,Battery,mV,6693.0
2025-06-08 06:00:00,U-sonic wind dir,U-sonic wind dir,deg,233.0
2025-06-08 05:00:00,Battery,Battery,mV,6475.0
2025-06-08 05:00:00,Dew Point,Dew Point,°C,16.21
2025-06-08 05:00:00,VPD,VPD,mbar,0.0
2025-06-08 05:00:00,DeltaT,DeltaT,°C,0.0
2025-06-08 05:00:00,Wind gust,Wind gust,m/s,0.4
2025-06-08 05:00:00,U-sonic wind speed,U-sonic wind speed,m/s,0.2
2025-06-08 05:00:00,U-sonic wind dir,U-sonic wind dir,deg,233.0
2025-06-08 05:00:00,HC Air temperature,HC Air temperature,°C,16.24
2025-06-08 05:00:00,HC Relative humidity,HC Relative humidity,%,99.83
2025-06-08 05:00:00,Solar radiation,Solar radiation,W/m2,15.0
2025-06-08 05:00:00,Solar Panel,Solar Panel,mV,6732.0
2025-06-08 04:00:00,HC Air temperature,HC Air temperature,°C,16.37
2025-06-08 04:00:00,HC Relative humidity,HC Relative humidity,%,99.82
2025-06-08 04:00:00,VPD,VPD,mbar,0.0
2025-06-08 04:00:00,Dew Point,Dew Point,°C,16.34
2025-06-08 04:00:00,Solar radiation,Solar radiation,W/m2,0.0
2025-06-08 04:00:00,Solar Panel,Solar Panel,mV,248.0
2025-06-08 04:00:00,Battery,Battery,mV,6439.0
2025-06-08 04:00:00,DeltaT,DeltaT,°C,0.0
2025-06-08 04:00:00,Wind gust,Wind gust,m/s,0.4
2025-06-08 04:00:00,U-sonic wind speed,U-sonic wind speed,m/s,0.2
2025-06-08 04:00:00,U-sonic wind dir,U-sonic wind dir,deg,233.0
2025-06-08 03:00:00,Wind gust,Wind gust,m/s,0.3
2025-06-08 03:00:00,HC Air temperature,HC Air temperature,°C,16.62
2025-06-08 03:00:00,U-sonic wind dir,U-sonic wind dir,deg,233.0
2025-06-08 03:00:00,U-sonic wind speed,U-sonic wind speed,m/s,0.2
2025-06-08 03:00:00,DeltaT,DeltaT,°C,0.0
2025-06-08 03:00:00,Solar Panel,Solar Panel,mV,0.0
2025-06-08 03:00:00,Battery,Battery,mV,6448.0
2025-06-08 03:00:00,HC Relative humidity,HC Relative humidity,%,99.82
2025-06-08 03:00:00,Dew Point,Dew Point,°C,16.59
2025-06-08 03:00:00,VPD,VPD,mbar,0.0
2025-06-08 03:00:00,Solar radiation,Solar radiation,W/m2,0.0
2025-06-08 02:00:00,U-sonic wind speed,U-sonic wind speed,m/s,0.2
2025-06-08 02:00:00,Wind gust,Wind gust,m/s,0.3
2025-06-08 02:00:00,Solar Panel,Solar Panel,mV,0.0
2025-06-08 02:00:00,Battery,Battery,mV,6461.0
2025-06-08 02:00:00,DeltaT,DeltaT,°C,0.0
2025-06-08 02:00:00,VPD,VPD,mbar,0.0
2025-06-08 02:00:00,Dew Point,Dew Point,°C,16.64
2025-06-08 02:00:00,U-sonic wind dir,U-sonic wind dir,deg,233.0
2025-06-08 02:00:00,HC Air temperature,HC Air temperature,°C,16.67
2025-06-08 02:00:00,HC Relative humidity,HC Relative humidity,%,99.83
2025-06-08 02:00:00,Solar radiation,Solar radiation,W/m2,0.0
2025-06-08 01:00:00,U-sonic wind speed,U-sonic wind speed,m/s,0.2
2025-06-08 01:00:00,DeltaT,DeltaT,°C,0.0
2025-06-08 01:00:00,VPD,VPD,mbar,0.0
2025-06-08 01:00:00,Dew Point,Dew Point,°C,16.97
2025-06-08 01:00:00,Wind gust,Wind gust,m/s,0.3
2025-06-08 01:00:00,Battery,Battery,mV,6470.0
2025-06-08 01:00:00,Solar Panel,Solar Panel,mV,0.0
2025-06-08 01:00:00,Solar radiation,Solar radiation,W/m2,0.0
2025-06-08 01:00:00,HC Relative humidity,HC Relative humidity,%,99.83
2025-06-08 01:00:00,HC Air temperature,HC Air temperature,°C,17.0
2025-06-08 01:00:00,U-sonic wind dir,U-sonic wind dir,deg,233.0
2025-06-08 00:00:00,Battery,Battery,mV,6481.0
2025-06-08 00:00:00,HC Relative humidity,HC Relative humidity,%,99.83
2025-06-08 00:00:00,Solar radiation,Solar radiation,W/m2,0.0
2025-06-08 00:00:00,Solar Panel,Solar Panel,mV,0.0
2025-06-08 00:00:00,U-sonic wind dir,U-sonic wind dir,deg,233.0
2025-06-08 00:00:00,U-sonic wind speed,U-sonic wind speed,m/s,0.2
2025-06-08 00:00:00,Wind gust,Wind gust,m/s,0.3
2025-06-08 00:00:00,DeltaT,DeltaT,°C,0.0
2025-06-08 00:00:00,VPD,VPD,mbar,0.0
2025-06-08 00:00:00,Dew Point,Dew Point,°C,17.3
2025-06-08 00:00:00,HC Air temperature,HC Air temperature,°C,17.33
2025-06-07 23:00:00,HC Relative humidity,HC Relative humidity,%,99.84
2025-06-07 23:00:00,Solar radiation,Solar radiation,W/m2,0.0
2025-06-07 23:00:00,DeltaT,DeltaT,°C,0.0
2025-06-07 23:00:00,Wind gust,Wind gust,m/s,0.3
2025-06-07 23:00:00,Dew Point,Dew Point,°C,17.99
2025-06-07 23:00:00,U-sonic wind speed,U-sonic wind speed,m/s,0.2
2025-06-07 23:00:00,VPD,VPD,mbar,0.0
2025-06-07 23:00:00,U-sonic wind dir,U-sonic wind dir,deg,233.0
2025-06-07 23:00:00,Battery,Battery,mV,6484.0
2025-06-07 23:00:00,Solar Panel,Solar Panel,mV,0.0
2025-06-07 23:00:00,HC Air temperature,HC Air temperature,°C,18.02
2025-06-07 22:00:00,HC Relative humidity,HC Relative humidity,%,99.85
2025-06-07 22:00:00,U-sonic wind dir,U-sonic wind dir,deg,78.0
2025-06-07 22:00:00,Solar radiation,Solar radiation,W/m2,0.0
2025-06-07 22:00:00,Solar Panel,Solar Panel,mV,0.0
2025-06-07 22:00:00,Battery,Battery,mV,6493.0
2025-06-07 22:00:00,U-sonic wind speed,U-sonic wind speed,m/s,0.2
2025-06-07 22:00:00,Wind gust,Wind gust,m/s,0.3
2025-06-07 22:00:00,DeltaT,DeltaT,°C,0.0
2025-06-07 22:00:00,VPD,VPD,mbar,0.0
2025-06-07 22:00:00,Dew Point,Dew Point,°C,18.72
2025-06-07 22:00:00,HC Air temperature,HC Air temperature,°C,18.75
2025-06-07 21:00:00,Solar Panel,Solar Panel,mV,0.0
2025-06-07 21:00:00,Solar radiation,Solar radiation,W/m2,0.0
2025-06-07 21:00:00,HC Relative humidity,HC Relative humidity,%,99.89
2025-06-07 21:00:00,Dew Point,Dew Point,°C,19.82
2025-06-07 21:00:00,VPD,VPD,mbar,0.0
2025-06-07 21:00:00,Wind gust,Wind gust,m/s,0.3
2025-06-07 21:00:00,U-sonic wind speed,U-sonic wind speed,m/s,0.2
2025-06-07 21:00:00,U-sonic wind dir,U-sonic wind dir,deg,78.0
2025-06-07 21:00:00,HC Air temperature,HC Air temperature,°C,19.84
2025-06-07 21:00:00,DeltaT,DeltaT,°C,0.0
2025-06-07 21:00:00,Battery,Battery,mV,6497.0
2025-06-07 20:00:00,Solar radiation,Solar radiation,W/m2,0.0
2025-06-07 20:00:00,Dew Point,Dew Point,°C,20.89
2025-06-07 20:00:00,VPD,VPD,mbar,1.9
2025-06-07 20:00:00,DeltaT,DeltaT,°C,1.0
2025-06-07 20:00:00,Wind gust,Wind gust,m/s,0.3
2025-06-07 20:00:00,U-sonic wind speed,U-sonic wind speed,m/s,0.2
2025-06-07 20:00:00,U-sonic wind dir,U-sonic wind dir,deg,78.0
2025-06-07 20:00:00,HC Air temperature,HC Air temperature,°C,22.08
2025-06-07 20:00:00,HC Relative humidity,HC Relative humidity,%,93.09
2025-06-07 20:00:00,Solar Panel,Solar Panel,mV,0.0
2025-06-07 20:00:00,Battery,Battery,mV,6486.0
2025-06-07 19:00:00,Wind gust,Wind gust,m/s,17.7
2025-06-07 19:00:00,U-sonic wind speed,U-sonic wind speed,m/s,1.7
2025-06-07 19:00:00,U-sonic wind dir,U-sonic wind dir,deg,78.0
2025-06-07 19:00:00,HC Air temperature,HC Air temperature,°C,24.34
2025-06-07 19:00:00,HC Relative humidity,HC Relative humidity,%,74.66
2025-06-07 19:00:00,Solar radiation,Solar radiation,W/m2,11.0
2025-06-07 19:00:00,Solar Panel,Solar Panel,mV,287.0
2025-06-07 19:00:00,Dew Point,Dew Point,°C,19.51
2025-06-07 19:00:00,Battery,Battery,mV,6530.0
2025-06-07 19:00:00,VPD,VPD,mbar,7.8
2025-06-07 19:00:00,DeltaT,DeltaT,°C,3.0
2025-06-07 18:00:00,VPD,VPD,mbar,13.2
2025-06-07 18:00:00,Wind gust,Wind gust,m/s,30.4
2025-06-07 18:00:00,DeltaT,DeltaT,°C,5.0
2025-06-07 18:00:00,U-sonic wind dir,U-sonic wind dir,deg,59.0
2025-06-07 18:00:00,HC Air temperature,HC Air temperature,°C,27.16
2025-06-07 18:00:00,HC Relative humidity,HC Relative humidity,%,63.49
2025-06-07 18:00:00,Solar radiation,Solar radiation,W/m2,118.0
2025-06-07 18:00:00,Solar Panel,Solar Panel,mV,7047.0
2025-06-07 18:00:00,Battery,Battery,mV,6813.0
2025-06-07 18:00:00,Dew Point,Dew Point,°C,19.61
2025-06-07 18:00:00,U-sonic wind speed,U-sonic wind speed,m/s,18.0
2025-06-07 17:00:00,HC Relative humidity,HC Relative humidity,%,53.59
2025-06-07 17:00:00,Dew Point,Dew Point,°C,18.71
2025-06-07 17:00:00,VPD,VPD,mbar,18.8
2025-06-07 17:00:00,DeltaT,DeltaT,°C,7.0
2025-06-07 17:00:00,Wind gust,Wind gust,m/s,25.6
2025-06-07 17:00:00,U-sonic wind speed,U-sonic wind speed,m/s,9.0
2025-06-07 17:00:00,U-sonic wind dir,U-sonic wind dir,deg,284.0
2025-06-07 17:00:00,HC Air temperature,HC Air temperature,°C,29.14
2025-06-07 17:00:00,Solar Panel,Solar Panel,mV,8844.0
2025-06-07 17:00:00,Battery,Battery,mV,6878.0
2025-06-07 17:00:00,Solar radiation,Solar radiation,W/m2,276.0
2025-06-07 16:00:00,Solar Panel,Solar Panel,mV,9376.0
2025-06-07 16:00:00,Battery,Battery,mV,6884.0
2025-06-07 16:00:00,U-sonic wind speed,U-sonic wind speed,m/s,0.3
2025-06-07 16:00:00,HC Air temperature,HC Air temperature,°C,31.59
2025-06-07 16:00:00,U-sonic wind dir,U-sonic wind dir,deg,176.0
2025-06-07 16:00:00,Wind gust,Wind gust,m/s,0.8
2025-06-07 16:00:00,DeltaT,DeltaT,°C,9.0
2025-06-07 16:00:00,Dew Point,Dew Point,°C,17.56
2025-06-07 16:00:00,VPD,VPD,mbar,26.4
2025-06-07 16:00:00,HC Relative humidity,HC Relative humidity,%,43.21
2025-06-07 16:00:00,Solar radiation,Solar radiation,W/m2,452.0
2025-06-07 15:00:00,HC Air temperature,HC Air temperature,°C,33.12
2025-06-07 15:00:00,Battery,Battery,mV,6896.0
2025-06-07 15:00:00,Solar Panel,Solar Panel,mV,9714.0
2025-06-07 15:00:00,Solar radiation,Solar radiation,W/m2,609.0
2025-06-07 15:00:00,Dew Point,Dew Point,°C,18.7
2025-06-07 15:00:00,VPD,VPD,mbar,29.1
2025-06-07 15:00:00,DeltaT,DeltaT,°C,10.0
2025-06-07 15:00:00,Wind gust,Wind gust,m/s,0.8
2025-06-07 15:00:00,U-sonic wind speed,U-sonic wind speed,m/s,0.3
2025-06-07 15:00:00,U-sonic wind dir,U-sonic wind dir,deg,203.0
2025-06-07 15:00:00,HC Relative humidity,HC Relative humidity,%,42.58
2025-06-07 14:00:00,Solar Panel,Solar Panel,mV,9990.0
2025-06-07 14:00:00,U-sonic wind speed,U-sonic wind speed,m/s,0.3
2025-06-07 14:00:00,U-sonic wind dir,U-sonic wind dir,deg,197.0
2025-06-07 14:00:00,HC Air temperature,HC Air temperature,°C,35.3
2025-06-07 14:00:00,HC Relative humidity,HC Relative humidity,%,41.56
2025-06-07 14:00:00,Solar radiation,Solar radiation,W/m2,741.0
2025-06-07 14:00:00,Wind gust,Wind gust,m/s,0.8
2025-06-07 14:00:00,Dew Point,Dew Point,°C,20.26
2025-06-07 14:00:00,Battery,Battery,mV,6896.0
2025-06-07 14:00:00,VPD,VPD,mbar,33.4
2025-06-07 14:00:00,DeltaT,DeltaT,°C,11.0
2025-06-07 13:00:00,HC Relative humidity,HC Relative humidity,%,40.4
2025-06-07 13:00:00,HC Air temperature,HC Air temperature,°C,37.64
2025-06-07 13:00:00,U-sonic wind dir,U-sonic wind dir,deg,266.0
2025-06-07 13:00:00,U-sonic wind speed,U-sonic wind speed,m/s,0.3
2025-06-07 13:00:00,Wind gust,Wind gust,m/s,0.8
2025-06-07 13:00:00,DeltaT,DeltaT,°C,11.0
2025-06-07 13:00:00,VPD,VPD,mbar,38.8
2025-06-07 13:00:00,Dew Point,Dew Point,°C,21.89
2025-06-07 13:00:00,Battery,Battery,mV,6898.0
2025-06-07 13:00:00,Solar Panel,Solar Panel,mV,9805.0
2025-06-07 13:00:00,Solar radiation,Solar radiation,W/m2,874.0
2025-06-07 12:00:00,Battery,Battery,mV,6898.0
2025-06-07 12:00:00,VPD,VPD,mbar,40.8
2025-06-07 12:00:00,U-sonic wind speed,U-sonic wind speed,m/s,0.3
2025-06-07 12:00:00,U-sonic wind dir,U-sonic wind dir,deg,242.0
2025-06-07 12:00:00,HC Air temperature,HC Air temperature,°C,38.65
2025-06-07 12:00:00,HC Relative humidity,HC Relative humidity,%,40.5
2025-06-07 12:00:00,Solar radiation,Solar radiation,W/m2,923.0
2025-06-07 12:00:00,Solar Panel,Solar Panel,mV,9718.0
2025-06-07 12:00:00,Dew Point,Dew Point,°C,22.84
2025-06-07 12:00:00,DeltaT,DeltaT,°C,12.0
2025-06-07 12:00:00,Wind gust,Wind gust,m/s,0.8
2025-06-07 11:00:00,Battery,Battery,mV,6898.0
2025-06-07 11:00:00,Dew Point,Dew Point,°C,24.27
2025-06-07 11:00:00,VPD,VPD,mbar,36.6
2025-06-07 11:00:00,DeltaT,DeltaT,°C,10.0
2025-06-07 11:00:00,Wind gust,Wind gust,m/s,0.7
2025-06-07 11:00:00,U-sonic wind speed,U-sonic wind speed,m/s,0.3
2025-06-07 11:00:00,U-sonic wind dir,U-sonic wind dir,deg,305.0
2025-06-07 11:00:00,HC Air temperature,HC Air temperature,°C,38.17
2025-06-07 11:00:00,HC Relative humidity,HC Relative humidity,%,45.37
2025-06-07 11:00:00,Solar radiation,Solar radiation,W/m2,937.0
2025-06-07 11:00:00,Solar Panel,Solar Panel,mV,9655.0
2025-06-07 10:00:00,Battery,Battery,mV,6896.0
2025-06-07 10:00:00,Dew Point,Dew Point,°C,24.9
2025-06-07 10:00:00,VPD,VPD,mbar,38.3
2025-06-07 10:00:00,DeltaT,DeltaT,°C,11.0
2025-06-07 10:00:00,Wind gust,Wind gust,m/s,26.9
2025-06-07 10:00:00,U-sonic wind speed,U-sonic wind speed,m/s,5.1
2025-06-07 10:00:00,U-sonic wind dir,U-sonic wind dir,deg,20.0
2025-06-07 10:00:00,HC Air temperature,HC Air temperature,°C,38.96
2025-06-07 10:00:00,HC Relative humidity,HC Relative humidity,%,45.15
2025-06-07 10:00:00,Solar radiation,Solar radiation,W/m2,817.0
2025-06-07 10:00:00,Solar Panel,Solar Panel,mV,9679.0
2025-06-07 09:00:00,Solar Panel,Solar Panel,mV,9624.0
2025-06-07 09:00:00,Wind gust,Wind gust,m/s,34.8
2025-06-07 09:00:00,U-sonic wind speed,U-sonic wind speed,m/s,17.5
2025-06-07 09:00:00,Dew Point,Dew Point,°C,26.28
2025-06-07 09:00:00,VPD,VPD,mbar,40.5
2025-06-07 09:00:00,DeltaT,DeltaT,°C,11.0
2025-06-07 09:00:00,HC Relative humidity,HC Relative humidity,%,45.81
2025-06-07 09:00:00,HC Air temperature,HC Air temperature,°C,40.26
2025-06-07 09:00:00,U-sonic wind dir,U-sonic wind dir,deg,139.0
2025-06-07 09:00:00,Battery,Battery,mV,6889.0
2025-06-07 09:00:00,Solar radiation,Solar radiation,W/m2,678.0
2025-06-07 08:00:00,Wind gust,Wind gust,m/s,5.9
2025-06-07 08:00:00,DeltaT,DeltaT,°C,8.0
2025-06-07 08:00:00,VPD,VPD,mbar,29.5
2025-06-07 08:00:00,Dew Point,Dew Point,°C,26.91
2025-06-07 08:00:00,HC Air temperature,HC Air temperature,°C,37.6
2025-06-07 08:00:00,U-sonic wind dir,U-sonic wind dir,deg,23.0
2025-06-07 08:00:00,Battery,Battery,mV,6884.0
2025-06-07 08:00:00,Solar Panel,Solar Panel,mV,8068.0
2025-06-07 08:00:00,HC Relative humidity,HC Relative humidity,%,54.8
2025-06-07 08:00:00,U-sonic wind speed,U-sonic wind speed,m/s,0.5
2025-06-07 08:00:00,Solar radiation,Solar radiation,W/m2,478.0
2025-06-07 07:00:00,Dew Point,Dew Point,°C,26.99
2025-06-07 07:00:00,VPD,VPD,mbar,6.7
2025-06-07 07:00:00,Battery,Battery,mV,6793.0
2025-06-07 07:00:00,Solar Panel,Solar Panel,mV,7079.0
2025-06-07 07:00:00,U-sonic wind speed,U-sonic wind speed,m/s,0.2
2025-06-07 07:00:00,Solar radiation,Solar radiation,W/m2,286.0
2025-06-07 07:00:00,HC Relative humidity,HC Relative humidity,%,86.45
2025-06-07 07:00:00,HC Air temperature,HC Air temperature,°C,29.77
2025-06-07 07:00:00,Wind gust,Wind gust,m/s,0.4
2025-06-07 07:00:00,U-sonic wind dir,U-sonic wind dir,deg,34.0
2025-06-07 07:00:00,DeltaT,DeltaT,°C,2.0
2025-06-07 06:00:00,VPD,VPD,mbar,0.0
2025-06-07 06:00:00,Dew Point,Dew Point,°C,20.44
2025-06-07 06:00:00,Battery,Battery,mV,6688.0
2025-06-07 06:00:00,Solar Panel,Solar Panel,mV,6969.0
2025-06-07 06:00:00,Solar radiation,Solar radiation,W/m2,138.0
2025-06-07 06:00:00,HC Relative humidity,HC Relative humidity,%,99.83
2025-06-07 06:00:00,HC Air temperature,HC Air temperature,°C,20.47
2025-06-07 06:00:00,U-sonic wind dir,U-sonic wind dir,deg,34.0
2025-06-07 06:00:00,U-sonic wind speed,U-sonic wind speed,m/s,0.2
2025-06-07 06:00:00,Wind gust,Wind gust,m/s,0.3
2025-06-07 06:00:00,DeltaT,DeltaT,°C,0.0
2025-06-07 05:00:00,HC Relative humidity,HC Relative humidity,%,99.83
2025-06-07 05:00:00,Dew Point,Dew Point,°C,15.9
2025-06-07 05:00:00,VPD,VPD,mbar,0.0
2025-06-07 05:00:00,DeltaT,DeltaT,°C,0.0
2025-06-07 05:00:00,Wind gust,Wind gust,m/s,0.3
2025-06-07 05:00:00,U-sonic wind speed,U-sonic wind speed,m/s,0.2
2025-06-07 05:00:00,U-sonic wind dir,U-sonic wind dir,deg,34.0
2025-06-07 05:00:00,HC Air temperature,HC Air temperature,°C,15.93
2025-06-07 05:00:00,Solar radiation,Solar radiation,W/m2,19.0
2025-06-07 05:00:00,Solar Panel,Solar Panel,mV,6736.0
2025-06-07 05:00:00,Battery,Battery,mV,6481.0
2025-06-07 04:00:00,HC Relative humidity,HC Relative humidity,%,99.83
2025-06-07 04:00:00,HC Air temperature,HC Air temperature,°C,16.12
2025-06-07 04:00:00,U-sonic wind dir,U-sonic wind dir,deg,34.0
2025-06-07 04:00:00,U-sonic wind speed,U-sonic wind speed,m/s,0.2
2025-06-07 04:00:00,Wind gust,Wind gust,m/s,0.3
2025-06-07 04:00:00,DeltaT,DeltaT,°C,0.0
2025-06-07 04:00:00,VPD,VPD,mbar,0.0
2025-06-07 04:00:00,Dew Point,Dew Point,°C,16.09
2025-06-07 04:00:00,Solar Panel,Solar Panel,mV,464.0
2025-06-07 04:00:00,Solar radiation,Solar radiation,W/m2,0.0
2025-06-07 04:00:00,Battery,Battery,mV,6446.0
2025-06-07 03:00:00,Wind gust,Wind gust,m/s,0.3
2025-06-07 03:00:00,U-sonic wind speed,U-sonic wind speed,m/s,0.2
2025-06-07 03:00:00,Dew Point,Dew Point,°C,16.37
2025-06-07 03:00:00,VPD,VPD,mbar,0.0
2025-06-07 03:00:00,DeltaT,DeltaT,°C,0.0
2025-06-07 03:00:00,U-sonic wind dir,U-sonic wind dir,deg,34.0
2025-06-07 03:00:00,HC Air temperature,HC Air temperature,°C,16.4
2025-06-07 03:00:00,HC Relative humidity,HC Relative humidity,%,99.83
2025-06-07 03:00:00,Solar radiation,Solar radiation,W/m2,0.0
2025-06-07 03:00:00,Solar Panel,Solar Panel,mV,0.0
2025-06-07 03:00:00,Battery,Battery,mV,6453.0
2025-06-07 02:00:00,HC Relative humidity,HC Relative humidity,%,99.83
2025-06-07 02:00:00,Solar Panel,Solar Panel,mV,0.0
2025-06-07 02:00:00,Battery,Battery,mV,6466.0
2025-06-07 02:00:00,Dew Point,Dew Point,°C,16.97
2025-06-07 02:00:00,VPD,VPD,mbar,0.0
2025-06-07 02:00:00,DeltaT,DeltaT,°C,0.0
2025-06-07 02:00:00,Wind gust,Wind gust,m/s,0.3
2025-06-07 02:00:00,U-sonic wind speed,U-sonic wind speed,m/s,0.2
2025-06-07 02:00:00,U-sonic wind dir,U-sonic wind dir,deg,34.0
2025-06-07 02:00:00,HC Air temperature,HC Air temperature,°C,17.0
2025-06-07 02:00:00,Solar radiation,Solar radiation,W/m2,0.0
2025-06-07 01:00:00,Solar Panel,Solar Panel,mV,0.0
2025-06-07 01:00:00,Battery,Battery,mV,6475.0
2025-06-07 01:00:00,Solar radiation,Solar radiation,W/m2,0.0
2025-06-07 01:00:00,HC Relative humidity,HC Relative humidity,%,99.83
2025-06-07 01:00:00,HC Air temperature,HC Air temperature,°C,17.31
2025-06-07 01:00:00,U-sonic wind dir,U-sonic wind dir,deg,34.0
2025-06-07 01:00:00,U-sonic wind speed,U-sonic wind speed,m/s,0.2
2025-06-07 01:00:00,Wind gust,Wind gust,m/s,0.3
2025-06-07 01:00:00,DeltaT,DeltaT,°C,0.0
2025-06-07 01:00:00,VPD,VPD,mbar,0.0
2025-06-07 01:00:00,Dew Point,Dew Point,°C,17.28
2025-06-07 00:00:00,VPD,VPD,mbar,0.0
2025-06-07 00:00:00,DeltaT,DeltaT,°C,0.0
2025-06-07 00:00:00,Wind gust,Wind gust,m/s,0.3
2025-06-07 00:00:00,U-sonic wind speed,U-sonic wind speed,m/s,0.2
2025-06-07 00:00:00,U-sonic wind dir,U-sonic wind dir,deg,34.0
2025-06-07 00:00:00,HC Air temperature,HC Air temperature,°C,17.67
2025-06-07 00:00:00,HC Relative humidity,HC Relative humidity,%,99.84
2025-06-07 00:00:00,Solar radiation,Solar radiation,W/m2,0.0
2025-06-07 00:00:00,Solar Panel,Solar Panel,mV,0.0
2025-06-07 00:00:00,Battery,Battery,mV,6484.0
2025-06-07 00:00:00,Dew Point,Dew Point,°C,17.64
2025-06-06 23:00:00,Dew Point,Dew Point,°C,18.3
2025-06-06 23:00:00,DeltaT,DeltaT,°C,0.0
2025-06-06 23:00:00,Wind gust,Wind gust,m/s,0.3
2025-06-06 23:00:00,U-sonic wind speed,U-sonic wind speed,m/s,0.2
2025-06-06 23:00:00,U-sonic wind dir,U-sonic wind dir,deg,34.0
2025-06-06 23:00:00,HC Air temperature,HC Air temperature,°C,18.33
2025-06-06 23:00:00,VPD,VPD,mbar,0.0
2025-06-06 23:00:00,HC Relative humidity,HC Relative humidity,%,99.84
2025-06-06 23:00:00,Solar radiation,Solar radiation,W/m2,0.0
2025-06-06 23:00:00,Solar Panel,Solar Panel,mV,0.0
2025-06-06 23:00:00,Battery,Battery,mV,6488.0
2025-06-06 22:00:00,U-sonic wind speed,U-sonic wind speed,m/s,0.3
2025-06-06 22:00:00,U-sonic wind dir,U-sonic wind dir,deg,34.0
2025-06-06 22:00:00,Battery,Battery,mV,6493.0
2025-06-06 22:00:00,DeltaT,DeltaT,°C,0.0
2025-06-06 22:00:00,Solar radiation,Solar radiation,W/m2,0.0
2025-06-06 22:00:00,HC Air temperature,HC Air temperature,°C,19.26
2025-06-06 22:00:00,Wind gust,Wind gust,m/s,0.4
2025-06-06 22:00:00,Dew Point,Dew Point,°C,19.23
2025-06-06 22:00:00,VPD,VPD,mbar,0.0
2025-06-06 22:00:00,Solar Panel,Solar Panel,mV,0.0
2025-06-06 22:00:00,HC Relative humidity,HC Relative humidity,%,99.84
2025-06-06 21:00:00,DeltaT,DeltaT,°C,0.0
2025-06-06 21:00:00,Wind gust,Wind gust,m/s,0.3
2025-06-06 21:00:00,HC Air temperature,HC Air temperature,°C,20.35
2025-06-06 21:00:00,HC Relative humidity,HC Relative humidity,%,99.84
2025-06-06 21:00:00,Solar radiation,Solar radiation,W/m2,0.0
2025-06-06 21:00:00,VPD,VPD,mbar,0.0
2025-06-06 21:00:00,Dew Point,Dew Point,°C,20.32
2025-06-06 21:00:00,Solar Panel,Solar Panel,mV,0.0
2025-06-06 21:00:00,Battery,Battery,mV,6497.0
2025-06-06 21:00:00,U-sonic wind speed,U-sonic wind speed,m/s,0.3
2025-06-06 21:00:00,U-sonic wind dir,U-sonic wind dir,deg,34.0
2025-06-06 20:00:00,VPD,VPD,mbar,0.0
2025-06-06 20:00:00,Solar Panel,Solar Panel,mV,0.0
2025-06-06 20:00:00,Solar radiation,Solar radiation,W/m2,0.0
2025-06-06 20:00:00,HC Relative humidity,HC Relative humidity,%,99.88
2025-06-06 20:00:00,HC Air temperature,HC Air temperature,°C,21.27
2025-06-06 20:00:00,U-sonic wind dir,U-sonic wind dir,deg,34.0
2025-06-06 20:00:00,U-sonic wind speed,U-sonic wind speed,m/s,0.3
2025-06-06 20:00:00,Battery,Battery,mV,6493.0
2025-06-06 20:00:00,Wind gust,Wind gust,m/s,0.4
2025-06-06 20:00:00,DeltaT,DeltaT,°C,0.0
2025-06-06 20:00:00,Dew Point,Dew Point,°C,21.25
2025-06-06 19:00:00,VPD,VPD,mbar,6.1
2025-06-06 19:00:00,DeltaT,DeltaT,°C,3.0
2025-06-06 19:00:00,Wind gust,Wind gust,m/s,0.4
2025-06-06 19:00:00,HC Relative humidity,HC Relative humidity,%,81.01
2025-06-06 19:00:00,HC Air temperature,HC Air temperature,°C,24.59
2025-06-06 19:00:00,Solar radiation,Solar radiation,W/m2,15.0
2025-06-06 19:00:00,Solar Panel,Solar Panel,mV,358.0
2025-06-06 19:00:00,Battery,Battery,mV,6524.0
2025-06-06 19:00:00,U-sonic wind speed,U-sonic wind speed,m/s,0.3
2025-06-06 19:00:00,U-sonic wind dir,U-sonic wind dir,deg,34.0
2025-06-06 19:00:00,Dew Point,Dew Point,°C,21.01
2025-06-06 18:00:00,Dew Point,Dew Point,°C,20.24
2025-06-06 18:00:00,VPD,VPD,mbar,15.6
2025-06-06 18:00:00,DeltaT,DeltaT,°C,6.0
2025-06-06 18:00:00,Wind gust,Wind gust,m/s,0.5
2025-06-06 18:00:00,U-sonic wind speed,U-sonic wind speed,m/s,0.1
2025-06-06 18:00:00,U-sonic wind dir,U-sonic wind dir,deg,34.0
2025-06-06 18:00:00,HC Air temperature,HC Air temperature,°C,28.64
2025-06-06 18:00:00,HC Relative humidity,HC Relative humidity,%,60.62
2025-06-06 18:00:00,Solar radiation,Solar radiation,W/m2,128.0
2025-06-06 18:00:00,Solar Panel,Solar Panel,mV,7043.0
2025-06-06 18:00:00,Battery,Battery,mV,6804.0
2025-06-06 17:00:00,HC Relative humidity,HC Relative humidity,%,53.43
2025-06-06 17:00:00,Wind gust,Wind gust,m/s,0.5
2025-06-06 17:00:00,DeltaT,DeltaT,°C,7.0
2025-06-06 17:00:00,VPD,VPD,mbar,21.3
2025-06-06 17:00:00,Dew Point,Dew Point,°C,20.64
2025-06-06 17:00:00,U-sonic wind speed,U-sonic wind speed,m/s,0.2
2025-06-06 17:00:00,U-sonic wind dir,U-sonic wind dir,deg,315.0
2025-06-06 17:00:00,HC Air temperature,HC Air temperature,°C,31.26
2025-06-06 17:00:00,Battery,Battery,mV,6878.0
2025-06-06 17:00:00,Solar Panel,Solar Panel,mV,7819.0
2025-06-06 17:00:00,Solar radiation,Solar radiation,W/m2,291.0
2025-06-06 16:00:00,HC Air temperature,HC Air temperature,°C,34.94
2025-06-06 16:00:00,U-sonic wind dir,U-sonic wind dir,deg,325.0
2025-06-06 16:00:00,U-sonic wind speed,U-sonic wind speed,m/s,0.2
2025-06-06 16:00:00,Wind gust,Wind gust,m/s,0.7
2025-06-06 16:00:00,DeltaT,DeltaT,°C,9.0
2025-06-06 16:00:00,Battery,Battery,mV,6884.0
2025-06-06 16:00:00,Solar Panel,Solar Panel,mV,9297.0
2025-06-06 16:00:00,Solar radiation,Solar radiation,W/m2,460.0
2025-06-06 16:00:00,Dew Point,Dew Point,°C,22.12
2025-06-06 16:00:00,VPD,VPD,mbar,29.4
2025-06-06 16:00:00,HC Relative humidity,HC Relative humidity,%,47.47
2025-06-06 15:00:00,U-sonic wind speed,U-sonic wind speed,m/s,0.2
2025-06-06 15:00:00,Dew Point,Dew Point,°C,21.57
2025-06-06 15:00:00,VPD,VPD,mbar,28.0
2025-06-06 15:00:00,DeltaT,DeltaT,°C,9.0
2025-06-06 15:00:00,Wind gust,Wind gust,m/s,0.6
2025-06-06 15:00:00,U-sonic wind dir,U-sonic wind dir,deg,5.0
2025-06-06 15:00:00,HC Air temperature,HC Air temperature,°C,34.19
2025-06-06 15:00:00,HC Relative humidity,HC Relative humidity,%,47.87
2025-06-06 15:00:00,Solar radiation,Solar radiation,W/m2,615.0
2025-06-06 15:00:00,Solar Panel,Solar Panel,mV,9675.0
2025-06-06 15:00:00,Battery,Battery,mV,6896.0
2025-06-06 14:00:00,U-sonic wind dir,U-sonic wind dir,deg,321.0
2025-06-06 14:00:00,DeltaT,DeltaT,°C,9.0
2025-06-06 14:00:00,Wind gust,Wind gust,m/s,0.8
2025-06-06 14:00:00,U-sonic wind speed,U-sonic wind speed,m/s,0.3
2025-06-06 14:00:00,VPD,VPD,mbar,29.8
2025-06-06 14:00:00,Solar Panel,Solar Panel,mV,9821.0
2025-06-06 14:00:00,Dew Point,Dew Point,°C,22.2
2025-06-06 14:00:00,Battery,Battery,mV,6896.0
2025-06-06 14:00:00,Solar radiation,Solar radiation,W/m2,750.0
2025-06-06 14:00:00,HC Relative humidity,HC Relative humidity,%,47.34
2025-06-06 14:00:00,HC Air temperature,HC Air temperature,°C,35.09
2025-06-06 13:00:00,Solar Panel,Solar Panel,mV,9829.0
2025-06-06 13:00:00,HC Relative humidity,HC Relative humidity,%,46.65
2025-06-06 13:00:00,HC Air temperature,HC Air temperature,°C,35.8
2025-06-06 13:00:00,U-sonic wind dir,U-sonic wind dir,deg,1.0
2025-06-06 13:00:00,U-sonic wind speed,U-sonic wind speed,m/s,0.3
2025-06-06 13:00:00,Dew Point,Dew Point,°C,22.6
2025-06-06 13:00:00,Wind gust,Wind gust,m/s,0.8
2025-06-06 13:00:00,DeltaT,DeltaT,°C,10.0
2025-06-06 13:00:00,VPD,VPD,mbar,31.3
2025-06-06 13:00:00,Battery,Battery,mV,6898.0
2025-06-06 13:00:00,Solar radiation,Solar radiation,W/m2,887.0
2025-06-06 12:00:00,Wind gust,Wind gust,m/s,0.7
2025-06-06 12:00:00,DeltaT,DeltaT,°C,9.0
2025-06-06 12:00:00,VPD,VPD,mbar,29.7
2025-06-06 12:00:00,Dew Point,Dew Point,°C,23.46
2025-06-06 12:00:00,U-sonic wind speed,U-sonic wind speed,m/s,0.3
2025-06-06 12:00:00,U-sonic wind dir,U-sonic wind dir,deg,337.0
2025-06-06 12:00:00,HC Air temperature,HC Air temperature,°C,35.76
2025-06-06 12:00:00,HC Relative humidity,HC Relative humidity,%,49.23
2025-06-06 12:00:00,Solar radiation,Solar radiation,W/m2,927.0
2025-06-06 12:00:00,Solar Panel,Solar Panel,mV,9809.0
2025-06-06 12:00:00,Battery,Battery,mV,6896.0
2025-06-06 11:00:00,VPD,VPD,mbar,25.3
2025-06-06 11:00:00,Battery,Battery,mV,6896.0
2025-06-06 11:00:00,Solar radiation,Solar radiation,W/m2,931.0
2025-06-06 11:00:00,Wind gust,Wind gust,m/s,0.8
2025-06-06 11:00:00,Dew Point,Dew Point,°C,24.2
2025-06-06 11:00:00,DeltaT,DeltaT,°C,8.0
2025-06-06 11:00:00,HC Relative humidity,HC Relative humidity,%,54.37
2025-06-06 11:00:00,U-sonic wind speed,U-sonic wind speed,m/s,0.3
2025-06-06 11:00:00,U-sonic wind dir,U-sonic wind dir,deg,320.0
2025-06-06 11:00:00,HC Air temperature,HC Air temperature,°C,34.76
2025-06-06 11:00:00,Solar Panel,Solar Panel,mV,9852.0
2025-06-06 10:00:00,HC Air temperature,HC Air temperature,°C,32.71
2025-06-06 10:00:00,Dew Point,Dew Point,°C,24.12
2025-06-06 10:00:00,VPD,VPD,mbar,19.5
2025-06-06 10:00:00,DeltaT,DeltaT,°C,6.0
2025-06-06 10:00:00,Wind gust,Wind gust,m/s,0.9
2025-06-06 10:00:00,U-sonic wind speed,U-sonic wind speed,m/s,0.3
2025-06-06 10:00:00,U-sonic wind dir,U-sonic wind dir,deg,3.0
2025-06-06 10:00:00,HC Relative humidity,HC Relative humidity,%,60.78
2025-06-06 10:00:00,Solar radiation,Solar radiation,W/m2,814.0
2025-06-06 10:00:00,Solar Panel,Solar Panel,mV,9746.0
2025-06-06 10:00:00,Battery,Battery,mV,6889.0
2025-06-06 09:00:00,HC Relative humidity,HC Relative humidity,%,61.97
2025-06-06 09:00:00,HC Air temperature,HC Air temperature,°C,30.24
2025-06-06 09:00:00,Solar radiation,Solar radiation,W/m2,653.0
2025-06-06 09:00:00,Battery,Battery,mV,6893.0
2025-06-06 09:00:00,Solar Panel,Solar Panel,mV,9994.0
2025-06-06 09:00:00,VPD,VPD,mbar,16.4
2025-06-06 09:00:00,Dew Point,Dew Point,°C,22.14
2025-06-06 09:00:00,DeltaT,DeltaT,°C,6.0
2025-06-06 09:00:00,U-sonic wind dir,U-sonic wind dir,deg,25.0
2025-06-06 09:00:00,U-sonic wind speed,U-sonic wind speed,m/s,0.4
2025-06-06 09:00:00,Wind gust,Wind gust,m/s,1.4
2025-06-06 08:00:00,U-sonic wind dir,U-sonic wind dir,deg,31.0
2025-06-06 08:00:00,HC Air temperature,HC Air temperature,°C,28.36
2025-06-06 08:00:00,HC Relative humidity,HC Relative humidity,%,70.23
2025-06-06 08:00:00,Solar radiation,Solar radiation,W/m2,485.0
2025-06-06 08:00:00,Solar Panel,Solar Panel,mV,7615.0
2025-06-06 08:00:00,Battery,Battery,mV,6880.0
2025-06-06 08:00:00,Dew Point,Dew Point,°C,22.4
2025-06-06 08:00:00,VPD,VPD,mbar,11.5
2025-06-06 08:00:00,DeltaT,DeltaT,°C,4.0
2025-06-06 08:00:00,Wind gust,Wind gust,m/s,1.0
2025-06-06 08:00:00,U-sonic wind speed,U-sonic wind speed,m/s,0.3
2025-06-06 07:00:00,U-sonic wind speed,U-sonic wind speed,m/s,0.3
2025-06-06 07:00:00,U-sonic wind dir,U-sonic wind dir,deg,40.0
2025-06-06 07:00:00,HC Air temperature,HC Air temperature,°C,26.23
2025-06-06 07:00:00,HC Relative humidity,HC Relative humidity,%,93.05
2025-06-06 07:00:00,Solar radiation,Solar radiation,W/m2,287.0
2025-06-06 07:00:00,Solar Panel,Solar Panel,mV,7079.0
2025-06-06 07:00:00,Battery,Battery,mV,6786.0
2025-06-06 07:00:00,Dew Point,Dew Point,°C,24.95
2025-06-06 07:00:00,VPD,VPD,mbar,2.5
2025-06-06 07:00:00,DeltaT,DeltaT,°C,1.0
2025-06-06 07:00:00,Wind gust,Wind gust,m/s,0.7
2025-06-06 06:00:00,U-sonic wind dir,U-sonic wind dir,deg,32.0
2025-06-06 06:00:00,U-sonic wind speed,U-sonic wind speed,m/s,0.3
2025-06-06 06:00:00,Wind gust,Wind gust,m/s,0.6
2025-06-06 06:00:00,DeltaT,DeltaT,°C,0.0
2025-06-06 06:00:00,VPD,VPD,mbar,0.0
2025-06-06 06:00:00,Solar radiation,Solar radiation,W/m2,133.0
2025-06-06 06:00:00,Solar Panel,Solar Panel,mV,6961.0
2025-06-06 06:00:00,Dew Point,Dew Point,°C,21.85
2025-06-06 06:00:00,Battery,Battery,mV,6682.0
2025-06-06 06:00:00,HC Relative humidity,HC Relative humidity,%,99.85
2025-06-06 06:00:00,HC Air temperature,HC Air temperature,°C,21.87
2025-06-06 05:00:00,Dew Point,Dew Point,°C,18.17
2025-06-06 05:00:00,DeltaT,DeltaT,°C,0.0
2025-06-06 05:00:00,Wind gust,Wind gust,m/s,0.3
2025-06-06 05:00:00,U-sonic wind speed,U-sonic wind speed,m/s,0.2
2025-06-06 05:00:00,U-sonic wind dir,U-sonic wind dir,deg,232.0
2025-06-06 05:00:00,Solar radiation,Solar radiation,W/m2,17.0
2025-06-06 05:00:00,HC Relative humidity,HC Relative humidity,%,99.82
2025-06-06 05:00:00,Solar Panel,Solar Panel,mV,6732.0
2025-06-06 05:00:00,HC Air temperature,HC Air temperature,°C,18.2
2025-06-06 05:00:00,Battery,Battery,mV,6481.0
2025-06-06 05:00:00,VPD,VPD,mbar,0.0
2025-06-06 04:00:00,Dew Point,Dew Point,°C,18.84
2025-06-06 04:00:00,Battery,Battery,mV,6448.0
2025-06-06 04:00:00,DeltaT,DeltaT,°C,0.0
2025-06-06 04:00:00,Wind gust,Wind gust,m/s,0.4
2025-06-06 04:00:00,U-sonic wind speed,U-sonic wind speed,m/s,0.2
2025-06-06 04:00:00,U-sonic wind dir,U-sonic wind dir,deg,36.0
2025-06-06 04:00:00,HC Air temperature,HC Air temperature,°C,18.87
2025-06-06 04:00:00,HC Relative humidity,HC Relative humidity,%,99.82
2025-06-06 04:00:00,Solar radiation,Solar radiation,W/m2,0.0
2025-06-06 04:00:00,Solar Panel,Solar Panel,mV,145.0
2025-06-06 04:00:00,VPD,VPD,mbar,0.0
2025-06-06 03:00:00,Dew Point,Dew Point,°C,18.64
2025-06-06 03:00:00,VPD,VPD,mbar,0.0
2025-06-06 03:00:00,DeltaT,DeltaT,°C,0.0
2025-06-06 03:00:00,Wind gust,Wind gust,m/s,0.5
2025-06-06 03:00:00,U-sonic wind speed,U-sonic wind speed,m/s,0.2
2025-06-06 03:00:00,U-sonic wind dir,U-sonic wind dir,deg,288.0
2025-06-06 03:00:00,HC Air temperature,HC Air temperature,°C,18.67
2025-06-06 03:00:00,HC Relative humidity,HC Relative humidity,%,99.82
2025-06-06 03:00:00,Solar radiation,Solar radiation,W/m2,0.0
2025-06-06 03:00:00,Solar Panel,Solar Panel,mV,0.0
2025-06-06 03:00:00,Battery,Battery,mV,6457.0
2025-06-06 02:00:00,Dew Point,Dew Point,°C,18.65
2025-06-06 02:00:00,VPD,VPD,mbar,0.0
2025-06-06 02:00:00,DeltaT,DeltaT,°C,0.0
2025-06-06 02:00:00,Wind gust,Wind gust,m/s,0.4
2025-06-06 02:00:00,Solar Panel,Solar Panel,mV,0.0
2025-06-06 02:00:00,Battery,Battery,mV,6466.0
2025-06-06 02:00:00,Solar radiation,Solar radiation,W/m2,0.0
2025-06-06 02:00:00,HC Relative humidity,HC Relative humidity,%,99.82
2025-06-06 02:00:00,HC Air temperature,HC Air temperature,°C,18.68
2025-06-06 02:00:00,U-sonic wind dir,U-sonic wind dir,deg,29.0
2025-06-06 02:00:00,U-sonic wind speed,U-sonic wind speed,m/s,0.3
2025-06-06 01:00:00,U-sonic wind dir,U-sonic wind dir,deg,29.0
2025-06-06 01:00:00,Battery,Battery,mV,6481.0
2025-06-06 01:00:00,Solar Panel,Solar Panel,mV,0.0
2025-06-06 01:00:00,Solar radiation,Solar radiation,W/m2,0.0
2025-06-06 01:00:00,HC Relative humidity,HC Relative humidity,%,99.82
2025-06-06 01:00:00,HC Air temperature,HC Air temperature,°C,18.79
2025-06-06 01:00:00,U-sonic wind speed,U-sonic wind speed,m/s,0.2
2025-06-06 01:00:00,Wind gust,Wind gust,m/s,0.4
2025-06-06 01:00:00,DeltaT,DeltaT,°C,0.0
2025-06-06 01:00:00,VPD,VPD,mbar,0.0
2025-06-06 01:00:00,Dew Point,Dew Point,°C,18.76
2025-06-06 00:00:00,HC Air temperature,HC Air temperature,°C,19.05
2025-06-06 00:00:00,HC Relative humidity,HC Relative humidity,%,99.83
2025-06-06 00:00:00,U-sonic wind dir,U-sonic wind dir,deg,29.0
2025-06-06 00:00:00,U-sonic wind speed,U-sonic wind speed,m/s,0.2
2025-06-06 00:00:00,Solar Panel,Solar Panel,mV,0.0
2025-06-06 00:00:00,Solar radiation,Solar radiation,W/m2,0.0
2025-06-06 00:00:00,Battery,Battery,mV,6484.0
2025-06-06 00:00:00,Dew Point,Dew Point,°C,19.02
2025-06-06 00:00:00,VPD,VPD,mbar,0.0
2025-06-06 00:00:00,DeltaT,DeltaT,°C,0.0
2025-06-06 00:00:00,Wind gust,Wind gust,m/s,0.4
2025-06-05 23:00:00,Dew Point,Dew Point,°C,19.17
2025-06-05 23:00:00,VPD,VPD,mbar,0.0
2025-06-05 23:00:00,DeltaT,DeltaT,°C,0.0
2025-06-05 23:00:00,Wind gust,Wind gust,m/s,0.4
2025-06-05 23:00:00,U-sonic wind speed,U-sonic wind speed,m/s,0.2
2025-06-05 23:00:00,U-sonic wind dir,U-sonic wind dir,deg,29.0
2025-06-05 23:00:00,HC Air temperature,HC Air temperature,°C,19.2
2025-06-05 23:00:00,HC Relative humidity,HC Relative humidity,%,99.83
2025-06-05 23:00:00,Solar radiation,Solar radiation,W/m2,0.0
2025-06-05 23:00:00,Solar Panel,Solar Panel,mV,0.0
2025-06-05 23:00:00,Battery,Battery,mV,6488.0
2025-06-05 22:00:00,DeltaT,DeltaT,°C,0.0
2025-06-05 22:00:00,VPD,VPD,mbar,0.0
2025-06-05 22:00:00,Wind gust,Wind gust,m/s,0.4
2025-06-05 22:00:00,Dew Point,Dew Point,°C,19.2
2025-06-05 22:00:00,Solar Panel,Solar Panel,mV,0.0
2025-06-05 22:00:00,U-sonic wind speed,U-sonic wind speed,m/s,0.2
2025-06-05 22:00:00,U-sonic wind dir,U-sonic wind dir,deg,29.0
2025-06-05 22:00:00,Battery,Battery,mV,6493.0
2025-06-05 22:00:00,HC Air temperature,HC Air temperature,°C,19.23
2025-06-05 22:00:00,HC Relative humidity,HC Relative humidity,%,99.83
2025-06-05 22:00:00,Solar radiation,Solar radiation,W/m2,0.0
2025-06-05 21:00:00,DeltaT,DeltaT,°C,0.0
2025-06-05 21:00:00,Dew Point,Dew Point,°C,19.94
2025-06-05 21:00:00,VPD,VPD,mbar,0.0
2025-06-05 21:00:00,Wind gust,Wind gust,m/s,0.4
2025-06-05 21:00:00,U-sonic wind speed,U-sonic wind speed,m/s,0.2
2025-06-05 21:00:00,U-sonic wind dir,U-sonic wind dir,deg,29.0
2025-06-05 21:00:00,HC Air temperature,HC Air temperature,°C,19.96
2025-06-05 21:00:00,HC Relative humidity,HC Relative humidity,%,99.84
2025-06-05 21:00:00,Solar radiation,Solar radiation,W/m2,0.0
2025-06-05 21:00:00,Solar Panel,Solar Panel,mV,0.0
2025-06-05 21:00:00,Battery,Battery,mV,6493.0
2025-06-05 20:00:00,Battery,Battery,mV,6488.0
2025-06-05 20:00:00,Solar Panel,Solar Panel,mV,0.0
2025-06-05 20:00:00,Solar radiation,Solar radiation,W/m2,0.0
2025-06-05 20:00:00,HC Relative humidity,HC Relative humidity,%,99.86
2025-06-05 20:00:00,HC Air temperature,HC Air temperature,°C,20.67
2025-06-05 20:00:00,U-sonic wind dir,U-sonic wind dir,deg,29.0
2025-06-05 20:00:00,U-sonic wind speed,U-sonic wind speed,m/s,0.2
2025-06-05 20:00:00,Wind gust,Wind gust,m/s,0.4
2025-06-05 20:00:00,DeltaT,DeltaT,°C,0.0
2025-06-05 20:00:00,VPD,VPD,mbar,0.0
2025-06-05 20:00:00,Dew Point,Dew Point,°C,20.64
2025-06-05 19:00:00,VPD,VPD,mbar,2.3
2025-06-05 19:00:00,Solar radiation,Solar radiation,W/m2,8.0
2025-06-05 19:00:00,DeltaT,DeltaT,°C,1.0
2025-06-05 19:00:00,Wind gust,Wind gust,m/s,0.7
2025-06-05 19:00:00,U-sonic wind speed,U-sonic wind speed,m/s,0.3
2025-06-05 19:00:00,U-sonic wind dir,U-sonic wind dir,deg,29.0
2025-06-05 19:00:00,HC Air temperature,HC Air temperature,°C,23.28
2025-06-05 19:00:00,HC Relative humidity,HC Relative humidity,%,92.7
2025-06-05 19:00:00,Battery,Battery,mV,6533.0
2025-06-05 19:00:00,Solar Panel,Solar Panel,mV,0.0
2025-06-05 19:00:00,Dew Point,Dew Point,°C,21.95
2025-06-05 18:00:00,Solar radiation,Solar radiation,W/m2,133.0
2025-06-05 18:00:00,Battery,Battery,mV,6822.0
2025-06-05 18:00:00,Dew Point,Dew Point,°C,21.49
2025-06-05 18:00:00,VPD,VPD,mbar,12.3
2025-06-05 18:00:00,DeltaT,DeltaT,°C,5.0
2025-06-05 18:00:00,Wind gust,Wind gust,m/s,0.6
2025-06-05 18:00:00,U-sonic wind speed,U-sonic wind speed,m/s,0.2
2025-06-05 18:00:00,U-sonic wind dir,U-sonic wind dir,deg,35.0
2025-06-05 18:00:00,HC Air temperature,HC Air temperature,°C,28.01
2025-06-05 18:00:00,HC Relative humidity,HC Relative humidity,%,67.86
2025-06-05 18:00:00,Solar Panel,Solar Panel,mV,7055.0
2025-06-05 17:00:00,U-sonic wind speed,U-sonic wind speed,m/s,0.2
2025-06-05 17:00:00,U-sonic wind dir,U-sonic wind dir,deg,43.0
2025-06-05 17:00:00,HC Air temperature,HC Air temperature,°C,30.84
2025-06-05 17:00:00,HC Relative humidity,HC Relative humidity,%,59.89
2025-06-05 17:00:00,Solar radiation,Solar radiation,W/m2,291.0
2025-06-05 17:00:00,Solar Panel,Solar Panel,mV,7544.0
2025-06-05 17:00:00,Battery,Battery,mV,6878.0
2025-06-05 17:00:00,Dew Point,Dew Point,°C,22.15
2025-06-05 17:00:00,VPD,VPD,mbar,17.9
2025-06-05 17:00:00,DeltaT,DeltaT,°C,6.0
2025-06-05 17:00:00,Wind gust,Wind gust,m/s,0.5
2025-06-05 16:00:00,Wind gust,Wind gust,m/s,0.6
2025-06-05 16:00:00,Solar radiation,Solar radiation,W/m2,451.0
2025-06-05 16:00:00,Solar Panel,Solar Panel,mV,8387.0
2025-06-05 16:00:00,Battery,Battery,mV,6887.0
2025-06-05 16:00:00,HC Relative humidity,HC Relative humidity,%,56.52
2025-06-05 16:00:00,HC Air temperature,HC Air temperature,°C,32.61
2025-06-05 16:00:00,U-sonic wind dir,U-sonic wind dir,deg,37.0
2025-06-05 16:00:00,Dew Point,Dew Point,°C,22.84
2025-06-05 16:00:00,VPD,VPD,mbar,21.4
2025-06-05 16:00:00,DeltaT,DeltaT,°C,7.0
2025-06-05 16:00:00,U-sonic wind speed,U-sonic wind speed,m/s,0.3
2025-06-05 15:00:00,HC Relative humidity,HC Relative humidity,%,55.21
2025-06-05 15:00:00,Dew Point,Dew Point,°C,23.45
2025-06-05 15:00:00,VPD,VPD,mbar,23.4
2025-06-05 15:00:00,DeltaT,DeltaT,°C,7.0
2025-06-05 15:00:00,Wind gust,Wind gust,m/s,0.8
2025-06-05 15:00:00,U-sonic wind speed,U-sonic wind speed,m/s,0.3
2025-06-05 15:00:00,U-sonic wind dir,U-sonic wind dir,deg,0.0
2025-06-05 15:00:00,HC Air temperature,HC Air temperature,°C,33.68
2025-06-05 15:00:00,Solar radiation,Solar radiation,W/m2,592.0
2025-06-05 15:00:00,Solar Panel,Solar Panel,mV,9994.0
2025-06-05 15:00:00,Battery,Battery,mV,6896.0
2025-06-05 14:00:00,VPD,VPD,mbar,25.1
2025-06-05 14:00:00,HC Air temperature,HC Air temperature,°C,34.33
2025-06-05 14:00:00,Solar Panel,Solar Panel,mV,9821.0
2025-06-05 14:00:00,U-sonic wind dir,U-sonic wind dir,deg,341.0
2025-06-05 14:00:00,Solar radiation,Solar radiation,W/m2,730.0
2025-06-05 14:00:00,HC Relative humidity,HC Relative humidity,%,53.71
2025-06-05 14:00:00,U-sonic wind speed,U-sonic wind speed,m/s,0.3
2025-06-05 14:00:00,Wind gust,Wind gust,m/s,0.7
2025-06-05 14:00:00,DeltaT,DeltaT,°C,8.0
2025-06-05 14:00:00,Dew Point,Dew Point,°C,23.59
2025-06-05 14:00:00,Battery,Battery,mV,6896.0
2025-06-05 13:00:00,VPD,VPD,mbar,24.3
2025-06-05 13:00:00,Battery,Battery,mV,6898.0
2025-06-05 13:00:00,Solar Panel,Solar Panel,mV,9821.0
2025-06-05 13:00:00,Solar radiation,Solar radiation,W/m2,867.0
2025-06-05 13:00:00,HC Relative humidity,HC Relative humidity,%,55.97
2025-06-05 13:00:00,HC Air temperature,HC Air temperature,°C,34.64
2025-06-05 13:00:00,U-sonic wind dir,U-sonic wind dir,deg,323.0
2025-06-05 13:00:00,U-sonic wind speed,U-sonic wind speed,m/s,0.3
2025-06-05 13:00:00,Wind gust,Wind gust,m/s,0.8
2025-06-05 13:00:00,DeltaT,DeltaT,°C,7.0
2025-06-05 13:00:00,Dew Point,Dew Point,°C,24.57
2025-06-05 12:00:00,DeltaT,DeltaT,°C,8.0
2025-06-05 12:00:00,VPD,VPD,mbar,25.9
2025-06-05 12:00:00,Wind gust,Wind gust,m/s,0.8
2025-06-05 12:00:00,U-sonic wind speed,U-sonic wind speed,m/s,0.3
2025-06-05 12:00:00,U-sonic wind dir,U-sonic wind dir,deg,356.0
2025-06-05 12:00:00,HC Air temperature,HC Air temperature,°C,34.86
2025-06-05 12:00:00,Solar Panel,Solar Panel,mV,9821.0
2025-06-05 12:00:00,Solar radiation,Solar radiation,W/m2,914.0
2025-06-05 12:00:00,Dew Point,Dew Point,°C,24.02
2025-06-05 12:00:00,Battery,Battery,mV,6896.0
2025-06-05 12:00:00,HC Relative humidity,HC Relative humidity,%,53.54
2025-06-05 11:00:00,DeltaT,DeltaT,°C,7.0
2025-06-05 11:00:00,Battery,Battery,mV,6896.0
2025-06-05 11:00:00,Solar Panel,Solar Panel,mV,9829.0
2025-06-05 11:00:00,Solar radiation,Solar radiation,W/m2,923.0
2025-06-05 11:00:00,HC Relative humidity,HC Relative humidity,%,58.96
2025-06-05 11:00:00,HC Air temperature,HC Air temperature,°C,33.2
2025-06-05 11:00:00,U-sonic wind dir,U-sonic wind dir,deg,24.0
2025-06-05 11:00:00,U-sonic wind speed,U-sonic wind speed,m/s,0.3
2025-06-05 11:00:00,Dew Point,Dew Point,°C,24.07
2025-06-05 11:00:00,VPD,VPD,mbar,20.9
2025-06-05 11:00:00,Wind gust,Wind gust,m/s,1.1
2025-06-05 10:00:00,HC Relative humidity,HC Relative humidity,%,58.93
2025-06-05 10:00:00,Battery,Battery,mV,6896.0
2025-06-05 10:00:00,Solar Panel,Solar Panel,mV,9852.0
2025-06-05 10:00:00,Solar radiation,Solar radiation,W/m2,811.0
2025-06-05 10:00:00,HC Air temperature,HC Air temperature,°C,31.74
2025-06-05 10:00:00,U-sonic wind dir,U-sonic wind dir,deg,16.0
2025-06-05 10:00:00,U-sonic wind speed,U-sonic wind speed,m/s,0.4
2025-06-05 10:00:00,DeltaT,DeltaT,°C,6.0
2025-06-05 10:00:00,Wind gust,Wind gust,m/s,1.4
2025-06-05 10:00:00,VPD,VPD,mbar,19.3
2025-06-05 10:00:00,Dew Point,Dew Point,°C,22.69
2025-06-05 09:00:00,DeltaT,DeltaT,°C,6.0
2025-06-05 09:00:00,Dew Point,Dew Point,°C,22.36
2025-06-05 09:00:00,VPD,VPD,mbar,17.0
2025-06-05 09:00:00,Battery,Battery,mV,6889.0
2025-06-05 09:00:00,Solar Panel,Solar Panel,mV,10160.0
2025-06-05 09:00:00,Solar radiation,Solar radiation,W/m2,628.0
2025-06-05 09:00:00,HC Relative humidity,HC Relative humidity,%,61.42
2025-06-05 09:00:00,HC Air temperature,HC Air temperature,°C,30.63
2025-06-05 09:00:00,U-sonic wind dir,U-sonic wind dir,deg,31.0
2025-06-05 09:00:00,U-sonic wind speed,U-sonic wind speed,m/s,0.4
2025-06-05 09:00:00,Wind gust,Wind gust,m/s,1.3
2025-06-05 08:00:00,DeltaT,DeltaT,°C,4.0
2025-06-05 08:00:00,HC Air temperature,HC Air temperature,°C,30.3
2025-06-05 08:00:00,Solar radiation,Solar radiation,W/m2,471.0
2025-06-05 08:00:00,Solar Panel,Solar Panel,mV,7883.0
2025-06-05 08:00:00,Battery,Battery,mV,6882.0
2025-06-05 08:00:00,U-sonic wind dir,U-sonic wind dir,deg,36.0
2025-06-05 08:00:00,U-sonic wind speed,U-sonic wind speed,m/s,0.3
2025-06-05 08:00:00,Wind gust,Wind gust,m/s,0.8
2025-06-05 08:00:00,HC Relative humidity,HC Relative humidity,%,74.62
2025-06-05 08:00:00,VPD,VPD,mbar,11.0
2025-06-05 08:00:00,Dew Point,Dew Point,°C,25.23
2025-06-05 07:00:00,Wind gust,Wind gust,m/s,0.8
2025-06-05 07:00:00,Battery,Battery,mV,6784.0
2025-06-05 07:00:00,Solar Panel,Solar Panel,mV,7071.0
2025-06-05 07:00:00,Solar radiation,Solar radiation,W/m2,270.0
2025-06-05 07:00:00,HC Relative humidity,HC Relative humidity,%,98.82
2025-06-05 07:00:00,HC Air temperature,HC Air temperature,°C,26.09
2025-06-05 07:00:00,U-sonic wind dir,U-sonic wind dir,deg,44.0
2025-06-05 07:00:00,U-sonic wind speed,U-sonic wind speed,m/s,0.3
2025-06-05 07:00:00,DeltaT,DeltaT,°C,0.0
2025-06-05 07:00:00,VPD,VPD,mbar,0.4
2025-06-05 07:00:00,Dew Point,Dew Point,°C,25.88
2025-06-05 06:00:00,U-sonic wind speed,U-sonic wind speed,m/s,0.3
2025-06-05 06:00:00,Wind gust,Wind gust,m/s,0.6
2025-06-05 06:00:00,DeltaT,DeltaT,°C,0.0
2025-06-05 06:00:00,Battery,Battery,mV,6666.0
2025-06-05 06:00:00,Solar Panel,Solar Panel,mV,6941.0
2025-06-05 06:00:00,Solar radiation,Solar radiation,W/m2,116.0
2025-06-05 06:00:00,HC Relative humidity,HC Relative humidity,%,99.83
2025-06-05 06:00:00,VPD,VPD,mbar,0.0
2025-06-05 06:00:00,Dew Point,Dew Point,°C,22.41
2025-06-05 06:00:00,HC Air temperature,HC Air temperature,°C,22.44
2025-06-05 06:00:00,U-sonic wind dir,U-sonic wind dir,deg,27.0
2025-06-05 05:00:00,DeltaT,DeltaT,°C,0.0
2025-06-05 05:00:00,Wind gust,Wind gust,m/s,0.4
2025-06-05 05:00:00,U-sonic wind speed,U-sonic wind speed,m/s,0.3
2025-06-05 05:00:00,U-sonic wind dir,U-sonic wind dir,deg,40.0
2025-06-05 05:00:00,HC Air temperature,HC Air temperature,°C,20.64
2025-06-05 05:00:00,HC Relative humidity,HC Relative humidity,%,99.82
2025-06-05 05:00:00,Solar radiation,Solar radiation,W/m2,14.0
2025-06-05 05:00:00,Solar Panel,Solar Panel,mV,6724.0
2025-06-05 05:00:00,Battery,Battery,mV,6481.0
2025-06-05 05:00:00,VPD,VPD,mbar,0.0
2025-06-05 05:00:00,Dew Point,Dew Point,°C,20.61
2025-06-05 04:00:00,VPD,VPD,mbar,0.0
2025-06-05 04:00:00,Solar radiation,Solar radiation,W/m2,0.0
2025-06-05 04:00:00,HC Relative humidity,HC Relative humidity,%,99.82
2025-06-05 04:00:00,HC Air temperature,HC Air temperature,°C,20.74
2025-06-05 04:00:00,U-sonic wind dir,U-sonic wind dir,deg,39.0
2025-06-05 04:00:00,Dew Point,Dew Point,°C,20.71
2025-06-05 04:00:00,U-sonic wind speed,U-sonic wind speed,m/s,0.3
2025-06-05 04:00:00,Wind gust,Wind gust,m/s,0.6
2025-06-05 04:00:00,DeltaT,DeltaT,°C,0.0
2025-06-05 04:00:00,Battery,Battery,mV,6446.0
2025-06-05 04:00:00,Solar Panel,Solar Panel,mV,1146.0
2025-06-05 03:00:00,VPD,VPD,mbar,0.0
2025-06-05 03:00:00,Wind gust,Wind gust,m/s,0.4
2025-06-05 03:00:00,U-sonic wind speed,U-sonic wind speed,m/s,0.2
2025-06-05 03:00:00,U-sonic wind dir,U-sonic wind dir,deg,37.0
2025-06-05 03:00:00,HC Air temperature,HC Air temperature,°C,19.46
2025-06-05 03:00:00,HC Relative humidity,HC Relative humidity,%,99.82
2025-06-05 03:00:00,Solar radiation,Solar radiation,W/m2,0.0
2025-06-05 03:00:00,Solar Panel,Solar Panel,mV,0.0
2025-06-05 03:00:00,Battery,Battery,mV,6453.0
2025-06-05 03:00:00,Dew Point,Dew Point,°C,19.43
2025-06-05 03:00:00,DeltaT,DeltaT,°C,0.0
2025-06-05 02:00:00,Battery,Battery,mV,6461.0
2025-06-05 02:00:00,Dew Point,Dew Point,°C,19.66
2025-06-05 02:00:00,VPD,VPD,mbar,0.0
2025-06-05 02:00:00,DeltaT,DeltaT,°C,0.0
2025-06-05 02:00:00,Wind gust,Wind gust,m/s,0.5
2025-06-05 02:00:00,U-sonic wind speed,U-sonic wind speed,m/s,0.3
2025-06-05 02:00:00,U-sonic wind dir,U-sonic wind dir,deg,37.0
2025-06-05 02:00:00,HC Air temperature,HC Air temperature,°C,19.69
2025-06-05 02:00:00,HC Relative humidity,HC Relative humidity,%,99.82
2025-06-05 02:00:00,Solar radiation,Solar radiation,W/m2,0.0
2025-06-05 02:00:00,Solar Panel,Solar Panel,mV,0.0
2025-06-05 01:00:00,Dew Point,Dew Point,°C,19.09
2025-06-05 01:00:00,U-sonic wind dir,U-sonic wind dir,deg,29.0
2025-06-05 01:00:00,VPD,VPD,mbar,0.0
2025-06-05 01:00:00,DeltaT,DeltaT,°C,0.0
2025-06-05 01:00:00,Wind gust,Wind gust,m/s,0.5
2025-06-05 01:00:00,U-sonic wind speed,U-sonic wind speed,m/s,0.3
2025-06-05 01:00:00,Solar Panel,Solar Panel,mV,0.0
2025-06-05 01:00:00,Solar radiation,Solar radiation,W/m2,0.0
2025-06-05 01:00:00,HC Relative humidity,HC Relative humidity,%,99.83
2025-06-05 01:00:00,HC Air temperature,HC Air temperature,°C,19.12
2025-06-05 01:00:00,Battery,Battery,mV,6470.0
2025-06-05 00:00:00,Solar Panel,Solar Panel,mV,0.0
2025-06-05 00:00:00,Dew Point,Dew Point,°C,19.1
2025-06-05 00:00:00,VPD,VPD,mbar,0.0
2025-06-05 00:00:00,DeltaT,DeltaT,°C,0.0
2025-06-05 00:00:00,Wind gust,Wind gust,m/s,0.3
2025-06-05 00:00:00,U-sonic wind speed,U-sonic wind speed,m/s,0.2
2025-06-05 00:00:00,Battery,Battery,mV,6484.0
2025-06-05 00:00:00,U-sonic wind dir,U-sonic wind dir,deg,42.0
2025-06-05 00:00:00,HC Air temperature,HC Air temperature,°C,19.13
2025-06-05 00:00:00,HC Relative humidity,HC Relative humidity,%,99.83
2025-06-05 00:00:00,Solar radiation,Solar radiation,W/m2,0.0
2025-06-04 23:00:00,Dew Point,Dew Point,°C,19.93
2025-06-04 23:00:00,Battery,Battery,mV,6488.0
2025-06-04 23:00:00,Solar Panel,Solar Panel,mV,0.0
2025-06-04 23:00:00,HC Air temperature,HC Air temperature,°C,19.96
2025-06-04 23:00:00,DeltaT,DeltaT,°C,0.0
2025-06-04 23:00:00,Wind gust,Wind gust,m/s,0.3
2025-06-04 23:00:00,VPD,VPD,mbar,0.0
2025-06-04 23:00:00,U-sonic wind speed,U-sonic wind speed,m/s,0.2
2025-06-04 23:00:00,Solar radiation,Solar radiation,W/m2,0.0
2025-06-04 23:00:00,HC Relative humidity,HC Relative humidity,%,99.83
2025-06-04 23:00:00,U-sonic wind dir,U-sonic wind dir,deg,42.0
2025-06-04 22:00:00,U-sonic wind dir,U-sonic wind dir,deg,42.0
2025-06-04 22:00:00,Solar Panel,Solar Panel,mV,0.0
2025-06-04 22:00:00,HC Air temperature,HC Air temperature,°C,21.06
2025-06-04 22:00:00,HC Relative humidity,HC Relative humidity,%,99.83
2025-06-04 22:00:00,Solar radiation,Solar radiation,W/m2,0.0
2025-06-04 22:00:00,Battery,Battery,mV,6493.0
2025-06-04 22:00:00,Dew Point,Dew Point,°C,21.03
2025-06-04 22:00:00,VPD,VPD,mbar,0.0
2025-06-04 22:00:00,DeltaT,DeltaT,°C,0.0
2025-06-04 22:00:00,Wind gust,Wind gust,m/s,0.3
2025-06-04 22:00:00,U-sonic wind speed,U-sonic wind speed,m/s,0.2
2025-06-04 21:00:00,VPD,VPD,mbar,0.0
2025-06-04 21:00:00,Dew Point,Dew Point,°C,21.64
2025-06-04 21:00:00,DeltaT,DeltaT,°C,0.0
2025-06-04 21:00:00,Wind gust,Wind gust,m/s,0.4
2025-06-04 21:00:00,U-sonic wind speed,U-sonic wind speed,m/s,0.2
2025-06-04 21:00:00,U-sonic wind dir,U-sonic wind dir,deg,42.0
2025-06-04 21:00:00,HC Air temperature,HC Air temperature,°C,21.67
2025-06-04 21:00:00,HC Relative humidity,HC Relative humidity,%,99.83
2025-06-04 21:00:00,Solar radiation,Solar radiation,W/m2,0.0
2025-06-04 21:00:00,Solar Panel,Solar Panel,mV,0.0
2025-06-04 21:00:00,Battery,Battery,mV,6499.0
2025-06-04 20:00:00,VPD,VPD,mbar,0.0
2025-06-04 20:00:00,Solar radiation,Solar radiation,W/m2,0.0
2025-06-04 20:00:00,Solar Panel,Solar Panel,mV,0.0
2025-06-04 20:00:00,U-sonic wind dir,U-sonic wind dir,deg,42.0
2025-06-04 20:00:00,HC Relative humidity,HC Relative humidity,%,99.84
2025-06-04 20:00:00,Dew Point,Dew Point,°C,21.76
2025-06-04 20:00:00,Battery,Battery,mV,6497.0
2025-06-04 20:00:00,HC Air temperature,HC Air temperature,°C,21.79
2025-06-04 20:00:00,Wind gust,Wind gust,m/s,0.3
2025-06-04 20:00:00,U-sonic wind speed,U-sonic wind speed,m/s,0.2
2025-06-04 20:00:00,DeltaT,DeltaT,°C,0.0
2025-06-04 19:00:00,Wind gust,Wind gust,m/s,0.5
2025-06-04 19:00:00,Solar radiation,Solar radiation,W/m2,8.0
2025-06-04 19:00:00,HC Relative humidity,HC Relative humidity,%,96.25
2025-06-04 19:00:00,Battery,Battery,mV,6519.0
2025-06-04 19:00:00,Solar Panel,Solar Panel,mV,0.0
2025-06-04 19:00:00,HC Air temperature,HC Air temperature,°C,23.77
2025-06-04 19:00:00,U-sonic wind dir,U-sonic wind dir,deg,42.0
2025-06-04 19:00:00,Dew Point,Dew Point,°C,23.09
2025-06-04 19:00:00,VPD,VPD,mbar,1.2
2025-06-04 19:00:00,DeltaT,DeltaT,°C,1.0
2025-06-04 19:00:00,U-sonic wind speed,U-sonic wind speed,m/s,0.2
2025-06-04 18:00:00,U-sonic wind speed,U-sonic wind speed,m/s,0.2
2025-06-04 18:00:00,HC Air temperature,HC Air temperature,°C,28.43
2025-06-04 18:00:00,HC Relative humidity,HC Relative humidity,%,71.61
2025-06-04 18:00:00,Solar radiation,Solar radiation,W/m2,135.0
2025-06-04 18:00:00,Solar Panel,Solar Panel,mV,7024.0
2025-06-04 18:00:00,Battery,Battery,mV,6789.0
2025-06-04 18:00:00,Dew Point,Dew Point,°C,22.77
2025-06-04 18:00:00,VPD,VPD,mbar,11.2
2025-06-04 18:00:00,DeltaT,DeltaT,°C,4.0
2025-06-04 18:00:00,Wind gust,Wind gust,m/s,0.6
2025-06-04 18:00:00,U-sonic wind dir,U-sonic wind dir,deg,32.0
2025-06-04 17:00:00,VPD,VPD,mbar,18.9
2025-06-04 17:00:00,U-sonic wind speed,U-sonic wind speed,m/s,0.2
2025-06-04 17:00:00,DeltaT,DeltaT,°C,6.0
2025-06-04 17:00:00,HC Air temperature,HC Air temperature,°C,32.25
2025-06-04 17:00:00,Wind gust,Wind gust,m/s,0.6
2025-06-04 17:00:00,Solar radiation,Solar radiation,W/m2,312.0
2025-06-04 17:00:00,HC Relative humidity,HC Relative humidity,%,60.75
2025-06-04 17:00:00,U-sonic wind dir,U-sonic wind dir,deg,35.0
2025-06-04 17:00:00,Solar Panel,Solar Panel,mV,7414.0
2025-06-04 17:00:00,Dew Point,Dew Point,°C,23.71
2025-06-04 17:00:00,Battery,Battery,mV,6871.0
2025-06-04 16:00:00,Dew Point,Dew Point,°C,24.53
2025-06-04 16:00:00,HC Relative humidity,HC Relative humidity,%,57.35
2025-06-04 16:00:00,Battery,Battery,mV,6884.0
2025-06-04 16:00:00,Solar Panel,Solar Panel,mV,8544.0
2025-06-04 16:00:00,VPD,VPD,mbar,22.9
2025-06-04 16:00:00,DeltaT,DeltaT,°C,7.0
2025-06-04 16:00:00,HC Air temperature,HC Air temperature,°C,34.17
2025-06-04 16:00:00,Wind gust,Wind gust,m/s,0.8
2025-06-04 16:00:00,U-sonic wind speed,U-sonic wind speed,m/s,0.3
2025-06-04 16:00:00,U-sonic wind dir,U-sonic wind dir,deg,28.0
2025-06-04 16:00:00,Solar radiation,Solar radiation,W/m2,480.0
2025-06-04 15:00:00,Battery,Battery,mV,6896.0
2025-06-04 15:00:00,U-sonic wind dir,U-sonic wind dir,deg,354.0
2025-06-04 15:00:00,U-sonic wind speed,U-sonic wind speed,m/s,0.2
2025-06-04 15:00:00,Wind gust,Wind gust,m/s,0.7
2025-06-04 15:00:00,DeltaT,DeltaT,°C,7.0
2025-06-04 15:00:00,VPD,VPD,mbar,24.6
2025-06-04 15:00:00,Dew Point,Dew Point,°C,24.83
2025-06-04 15:00:00,HC Air temperature,HC Air temperature,°C,34.92
2025-06-04 15:00:00,HC Relative humidity,HC Relative humidity,%,56.01
2025-06-04 15:00:00,Solar radiation,Solar radiation,W/m2,621.0
2025-06-04 15:00:00,Solar Panel,Solar Panel,mV,9577.0
2025-06-04 14:00:00,HC Air temperature,HC Air temperature,°C,35.02
2025-06-04 14:00:00,VPD,VPD,mbar,25.7
2025-06-04 14:00:00,DeltaT,DeltaT,°C,8.0
2025-06-04 14:00:00,Wind gust,Wind gust,m/s,1.1
2025-06-04 14:00:00,U-sonic wind speed,U-sonic wind speed,m/s,0.3
2025-06-04 14:00:00,U-sonic wind dir,U-sonic wind dir,deg,27.0
2025-06-04 14:00:00,Dew Point,Dew Point,°C,24.43
2025-06-04 14:00:00,Battery,Battery,mV,6896.0
2025-06-04 14:00:00,Solar Panel,Solar Panel,mV,9774.0
2025-06-04 14:00:00,Solar radiation,Solar radiation,W/m2,775.0
2025-06-04 14:00:00,HC Relative humidity,HC Relative humidity,%,54.36
2025-06-04 13:00:00,Wind gust,Wind gust,m/s,0.7
2025-06-04 13:00:00,Battery,Battery,mV,6896.0
2025-06-04 13:00:00,Solar Panel,Solar Panel,mV,9817.0
2025-06-04 13:00:00,Solar radiation,Solar radiation,W/m2,912.0
2025-06-04 13:00:00,HC Relative humidity,HC Relative humidity,%,54.41
2025-06-04 13:00:00,HC Air temperature,HC Air temperature,°C,35.71
2025-06-04 13:00:00,U-sonic wind dir,U-sonic wind dir,deg,0.0
2025-06-04 13:00:00,U-sonic wind speed,U-sonic wind speed,m/s,0.3
2025-06-04 13:00:00,DeltaT,DeltaT,°C,8.0
2025-06-04 13:00:00,VPD,VPD,mbar,26.6
2025-06-04 13:00:00,Dew Point,Dew Point,°C,25.08
2025-06-04 12:00:00,U-sonic wind dir,U-sonic wind dir,deg,344.0
2025-06-04 12:00:00,U-sonic wind speed,U-sonic wind speed,m/s,0.3
2025-06-04 12:00:00,Wind gust,Wind gust,m/s,0.8
2025-06-04 12:00:00,DeltaT,DeltaT,°C,7.0
2025-06-04 12:00:00,HC Air temperature,HC Air temperature,°C,35.01
2025-06-04 12:00:00,HC Relative humidity,HC Relative humidity,%,57.24
2025-06-04 12:00:00,Solar radiation,Solar radiation,W/m2,956.0
2025-06-04 12:00:00,Solar Panel,Solar Panel,mV,9813.0
2025-06-04 12:00:00,Battery,Battery,mV,6896.0
2025-06-04 12:00:00,Dew Point,Dew Point,°C,25.28
2025-06-04 12:00:00,VPD,VPD,mbar,24.0
2025-06-04 11:00:00,Dew Point,Dew Point,°C,24.78
2025-06-04 11:00:00,Battery,Battery,mV,6896.0
2025-06-04 11:00:00,Solar Panel,Solar Panel,mV,9872.0
2025-06-04 11:00:00,Solar radiation,Solar radiation,W/m2,939.0
2025-06-04 11:00:00,HC Relative humidity,HC Relative humidity,%,62.21
2025-06-04 11:00:00,HC Air temperature,HC Air temperature,°C,32.99
2025-06-04 11:00:00,U-sonic wind dir,U-sonic wind dir,deg,315.0
2025-06-04 11:00:00,U-sonic wind speed,U-sonic wind speed,m/s,0.3
2025-06-04 11:00:00,Wind gust,Wind gust,m/s,1.2
2025-06-04 11:00:00,DeltaT,DeltaT,°C,6.0
2025-06-04 11:00:00,VPD,VPD,mbar,19.0
2025-06-04 10:00:00,Battery,Battery,mV,6889.0
2025-06-04 10:00:00,Solar Panel,Solar Panel,mV,9990.0
2025-06-04 10:00:00,Solar radiation,Solar radiation,W/m2,842.0
2025-06-04 10:00:00,HC Relative humidity,HC Relative humidity,%,65.15
2025-06-04 10:00:00,HC Air temperature,HC Air temperature,°C,30.77
2025-06-04 10:00:00,U-sonic wind dir,U-sonic wind dir,deg,29.0
2025-06-04 10:00:00,U-sonic wind speed,U-sonic wind speed,m/s,0.4
2025-06-04 10:00:00,Wind gust,Wind gust,m/s,1.2
2025-06-04 10:00:00,DeltaT,DeltaT,°C,5.0
2025-06-04 10:00:00,VPD,VPD,mbar,15.4
2025-06-04 10:00:00,Dew Point,Dew Point,°C,23.46
2025-06-04 09:00:00,Battery,Battery,mV,6896.0
2025-06-04 09:00:00,Solar Panel,Solar Panel,mV,10006.0
2025-06-04 09:00:00,Solar radiation,Solar radiation,W/m2,687.0
2025-06-04 09:00:00,HC Relative humidity,HC Relative humidity,%,67.52
2025-06-04 09:00:00,HC Air temperature,HC Air temperature,°C,31.62
2025-06-04 09:00:00,U-sonic wind dir,U-sonic wind dir,deg,28.0
2025-06-04 09:00:00,U-sonic wind speed,U-sonic wind speed,m/s,0.4
2025-06-04 09:00:00,Wind gust,Wind gust,m/s,1.1
2025-06-04 09:00:00,DeltaT,DeltaT,°C,5.0
2025-06-04 09:00:00,VPD,VPD,mbar,15.2
2025-06-04 09:00:00,Dew Point,Dew Point,°C,24.81
2025-06-04 08:00:00,Battery,Battery,mV,6867.0
2025-06-04 08:00:00,Dew Point,Dew Point,°C,25.74
2025-06-04 08:00:00,VPD,VPD,mbar,8.9
2025-06-04 08:00:00,DeltaT,DeltaT,°C,3.0
2025-06-04 08:00:00,Wind gust,Wind gust,m/s,0.8
2025-06-04 08:00:00,U-sonic wind speed,U-sonic wind speed,m/s,0.3
2025-06-04 08:00:00,U-sonic wind dir,U-sonic wind dir,deg,29.0
2025-06-04 08:00:00,HC Air temperature,HC Air temperature,°C,29.8
2025-06-04 08:00:00,HC Relative humidity,HC Relative humidity,%,79.5
2025-06-04 08:00:00,Solar radiation,Solar radiation,W/m2,510.0
2025-06-04 08:00:00,Solar Panel,Solar Panel,mV,7150.0
2025-06-04 07:00:00,DeltaT,DeltaT,°C,0.0
2025-06-04 07:00:00,VPD,VPD,mbar,0.0
2025-06-04 07:00:00,Wind gust,Wind gust,m/s,0.8
2025-06-04 07:00:00,U-sonic wind speed,U-sonic wind speed,m/s,0.3
2025-06-04 07:00:00,Solar Panel,Solar Panel,mV,7055.0
2025-06-04 07:00:00,U-sonic wind dir,U-sonic wind dir,deg,33.0
2025-06-04 07:00:00,HC Air temperature,HC Air temperature,°C,25.87
2025-06-04 07:00:00,HC Relative humidity,HC Relative humidity,%,99.89
2025-06-04 07:00:00,Solar radiation,Solar radiation,W/m2,299.0
2025-06-04 07:00:00,Battery,Battery,mV,6778.0
2025-06-04 07:00:00,Dew Point,Dew Point,°C,25.85
2025-06-04 06:00:00,HC Relative humidity,HC Relative humidity,%,99.83
2025-06-04 06:00:00,HC Air temperature,HC Air temperature,°C,21.67
2025-06-04 06:00:00,Dew Point,Dew Point,°C,21.64
2025-06-04 06:00:00,VPD,VPD,mbar,0.0
2025-06-04 06:00:00,DeltaT,DeltaT,°C,0.0
2025-06-04 06:00:00,Wind gust,Wind gust,m/s,0.7
2025-06-04 06:00:00,U-sonic wind speed,U-sonic wind speed,m/s,0.3
2025-06-04 06:00:00,U-sonic wind dir,U-sonic wind dir,deg,24.0
2025-06-04 06:00:00,Battery,Battery,mV,6680.0
2025-06-04 06:00:00,Solar Panel,Solar Panel,mV,6957.0
2025-06-04 06:00:00,Solar radiation,Solar radiation,W/m2,99.0
2025-06-04 05:00:00,Battery,Battery,mV,6470.0
2025-06-04 05:00:00,Dew Point,Dew Point,°C,19.77
2025-06-04 05:00:00,Solar Panel,Solar Panel,mV,6716.0
2025-06-04 05:00:00,Solar radiation,Solar radiation,W/m2,8.0
2025-06-04 05:00:00,HC Relative humidity,HC Relative humidity,%,99.82
2025-06-04 05:00:00,HC Air temperature,HC Air temperature,°C,19.8
2025-06-04 05:00:00,U-sonic wind dir,U-sonic wind dir,deg,28.0
2025-06-04 05:00:00,U-sonic wind speed,U-sonic wind speed,m/s,0.3
2025-06-04 05:00:00,Wind gust,Wind gust,m/s,0.5
2025-06-04 05:00:00,DeltaT,DeltaT,°C,0.0
2025-06-04 05:00:00,VPD,VPD,mbar,0.0
2025-06-04 04:00:00,HC Relative humidity,HC Relative humidity,%,99.82
2025-06-04 04:00:00,Solar radiation,Solar radiation,W/m2,0.0
2025-06-04 04:00:00,Solar Panel,Solar Panel,mV,563.0
2025-06-04 04:00:00,Battery,Battery,mV,6448.0
2025-06-04 04:00:00,Dew Point,Dew Point,°C,19.7
2025-06-04 04:00:00,VPD,VPD,mbar,0.0
2025-06-04 04:00:00,DeltaT,DeltaT,°C,0.0
2025-06-04 04:00:00,Wind gust,Wind gust,m/s,0.3
2025-06-04 04:00:00,U-sonic wind speed,U-sonic wind speed,m/s,0.3
2025-06-04 04:00:00,U-sonic wind dir,U-sonic wind dir,deg,31.0
2025-06-04 04:00:00,HC Air temperature,HC Air temperature,°C,19.73
2025-06-04 03:00:00,Solar radiation,Solar radiation,W/m2,0.0
2025-06-04 03:00:00,Battery,Battery,mV,6457.0
2025-06-04 03:00:00,Solar Panel,Solar Panel,mV,0.0
2025-06-04 03:00:00,HC Relative humidity,HC Relative humidity,%,99.82
2025-06-04 03:00:00,HC Air temperature,HC Air temperature,°C,20.11
2025-06-04 03:00:00,U-sonic wind dir,U-sonic wind dir,deg,31.0
2025-06-04 03:00:00,U-sonic wind speed,U-sonic wind speed,m/s,0.3
2025-06-04 03:00:00,Wind gust,Wind gust,m/s,0.4
2025-06-04 03:00:00,DeltaT,DeltaT,°C,0.0
2025-06-04 03:00:00,VPD,VPD,mbar,0.0
2025-06-04 03:00:00,Dew Point,Dew Point,°C,20.08
2025-06-04 02:00:00,VPD,VPD,mbar,0.0
2025-06-04 02:00:00,DeltaT,DeltaT,°C,0.0
2025-06-04 02:00:00,Battery,Battery,mV,6468.0
2025-06-04 02:00:00,Solar Panel,Solar Panel,mV,0.0
2025-06-04 02:00:00,Solar radiation,Solar radiation,W/m2,0.0
2025-06-04 02:00:00,HC Relative humidity,HC Relative humidity,%,99.82
2025-06-04 02:00:00,HC Air temperature,HC Air temperature,°C,20.01
2025-06-04 02:00:00,U-sonic wind dir,U-sonic wind dir,deg,31.0
2025-06-04 02:00:00,U-sonic wind speed,U-sonic wind speed,m/s,0.3
2025-06-04 02:00:00,Dew Point,Dew Point,°C,19.98
2025-06-04 02:00:00,Wind gust,Wind gust,m/s,0.4
2025-06-04 01:00:00,HC Air temperature,HC Air temperature,°C,20.02
2025-06-04 01:00:00,VPD,VPD,mbar,0.0
2025-06-04 01:00:00,Solar radiation,Solar radiation,W/m2,0.0
2025-06-04 01:00:00,Solar Panel,Solar Panel,mV,0.0
2025-06-04 01:00:00,Battery,Battery,mV,6481.0
2025-06-04 01:00:00,HC Relative humidity,HC Relative humidity,%,99.83
2025-06-04 01:00:00,U-sonic wind dir,U-sonic wind dir,deg,31.0
2025-06-04 01:00:00,Wind gust,Wind gust,m/s,0.5
2025-06-04 01:00:00,DeltaT,DeltaT,°C,0.0
2025-06-04 01:00:00,U-sonic wind speed,U-sonic wind speed,m/s,0.3
2025-06-04 01:00:00,Dew Point,Dew Point,°C,20.0
2025-06-04 00:00:00,Wind gust,Wind gust,m/s,0.3
2025-06-04 00:00:00,Dew Point,Dew Point,°C,20.63
2025-06-04 00:00:00,VPD,VPD,mbar,0.0
2025-06-04 00:00:00,DeltaT,DeltaT,°C,0.0
2025-06-04 00:00:00,U-sonic wind speed,U-sonic wind speed,m/s,0.2
2025-06-04 00:00:00,U-sonic wind dir,U-sonic wind dir,deg,133.0
2025-06-04 00:00:00,HC Air temperature,HC Air temperature,°C,20.66
2025-06-04 00:00:00,HC Relative humidity,HC Relative humidity,%,99.83
2025-06-04 00:00:00,Solar radiation,Solar radiation,W/m2,0.0
2025-06-04 00:00:00,Solar Panel,Solar Panel,mV,0.0
2025-06-04 00:00:00,Battery,Battery,mV,6488.0
2025-06-03 23:00:00,U-sonic wind dir,U-sonic wind dir,deg,133.0
2025-06-03 23:00:00,VPD,VPD,mbar,0.0
2025-06-03 23:00:00,DeltaT,DeltaT,°C,0.0
2025-06-03 23:00:00,Battery,Battery,mV,6493.0
2025-06-03 23:00:00,Solar Panel,Solar Panel,mV,0.0
2025-06-03 23:00:00,Solar radiation,Solar radiation,W/m2,0.0
2025-06-03 23:00:00,HC Relative humidity,HC Relative humidity,%,99.83
2025-06-03 23:00:00,U-sonic wind speed,U-sonic wind speed,m/s,0.2
2025-06-03 23:00:00,Wind gust,Wind gust,m/s,0.3
2025-06-03 23:00:00,Dew Point,Dew Point,°C,20.79
2025-06-03 23:00:00,HC Air temperature,HC Air temperature,°C,20.82
2025-06-03 22:00:00,HC Air temperature,HC Air temperature,°C,20.86
2025-06-03 22:00:00,HC Relative humidity,HC Relative humidity,%,99.83
2025-06-03 22:00:00,U-sonic wind speed,U-sonic wind speed,m/s,0.1
2025-06-03 22:00:00,Wind gust,Wind gust,m/s,0.3
2025-06-03 22:00:00,Solar radiation,Solar radiation,W/m2,0.0
2025-06-03 22:00:00,DeltaT,DeltaT,°C,0.0
2025-06-03 22:00:00,VPD,VPD,mbar,0.0
2025-06-03 22:00:00,Dew Point,Dew Point,°C,20.83
2025-06-03 22:00:00,Solar Panel,Solar Panel,mV,0.0
2025-06-03 22:00:00,Battery,Battery,mV,6497.0
2025-06-03 22:00:00,U-sonic wind dir,U-sonic wind dir,deg,133.0
2025-06-03 21:00:00,VPD,VPD,mbar,0.0
2025-06-03 21:00:00,Battery,Battery,mV,6493.0
2025-06-03 21:00:00,Solar Panel,Solar Panel,mV,0.0
2025-06-03 21:00:00,Solar radiation,Solar radiation,W/m2,0.0
2025-06-03 21:00:00,HC Relative humidity,HC Relative humidity,%,99.84
2025-06-03 21:00:00,HC Air temperature,HC Air temperature,°C,20.77
2025-06-03 21:00:00,U-sonic wind dir,U-sonic wind dir,deg,133.0
2025-06-03 21:00:00,U-sonic wind speed,U-sonic wind speed,m/s,0.1
2025-06-03 21:00:00,Wind gust,Wind gust,m/s,0.3
2025-06-03 21:00:00,DeltaT,DeltaT,°C,0.0
2025-06-03 21:00:00,Dew Point,Dew Point,°C,20.74
2025-06-03 20:00:00,Dew Point,Dew Point,°C,20.86
2025-06-03 20:00:00,U-sonic wind speed,U-sonic wind speed,m/s,0.1
2025-06-03 20:00:00,Battery,Battery,mV,6470.0
2025-06-03 20:00:00,Solar Panel,Solar Panel,mV,0.0
2025-06-03 20:00:00,HC Relative humidity,HC Relative humidity,%,99.85
2025-06-03 20:00:00,Wind gust,Wind gust,m/s,0.3
2025-06-03 20:00:00,U-sonic wind dir,U-sonic wind dir,deg,133.0
2025-06-03 20:00:00,VPD,VPD,mbar,0.0
2025-06-03 20:00:00,Solar radiation,Solar radiation,W/m2,0.0
2025-06-03 20:00:00,DeltaT,DeltaT,°C,0.0
2025-06-03 20:00:00,HC Air temperature,HC Air temperature,°C,20.88
2025-06-03 19:00:00,HC Air temperature,HC Air temperature,°C,22.21
2025-06-03 19:00:00,Dew Point,Dew Point,°C,22.19
2025-06-03 19:00:00,HC Relative humidity,HC Relative humidity,%,99.9
2025-06-03 19:00:00,Solar radiation,Solar radiation,W/m2,14.0
2025-06-03 19:00:00,Solar Panel,Solar Panel,mV,102.0
2025-06-03 19:00:00,Battery,Battery,mV,6568.0
2025-06-03 19:00:00,VPD,VPD,mbar,0.0
2025-06-03 19:00:00,DeltaT,DeltaT,°C,0.0
2025-06-03 19:00:00,U-sonic wind speed,U-sonic wind speed,m/s,0.1
2025-06-03 19:00:00,U-sonic wind dir,U-sonic wind dir,deg,133.0
2025-06-03 19:00:00,Wind gust,Wind gust,m/s,0.5
2025-06-03 18:00:00,Wind gust,Wind gust,m/s,0.6
2025-06-03 18:00:00,Battery,Battery,mV,6842.0
2025-06-03 18:00:00,Solar Panel,Solar Panel,mV,7079.0
2025-06-03 18:00:00,Solar radiation,Solar radiation,W/m2,138.0
2025-06-03 18:00:00,HC Relative humidity,HC Relative humidity,%,84.12
2025-06-03 18:00:00,Dew Point,Dew Point,°C,21.99
2025-06-03 18:00:00,VPD,VPD,mbar,5.1
2025-06-03 18:00:00,HC Air temperature,HC Air temperature,°C,24.89
2025-06-03 18:00:00,U-sonic wind dir,U-sonic wind dir,deg,170.0
2025-06-03 18:00:00,U-sonic wind speed,U-sonic wind speed,m/s,0.2
2025-06-03 18:00:00,DeltaT,DeltaT,°C,2.0
2025-06-03 17:00:00,HC Air temperature,HC Air temperature,°C,27.06
2025-06-03 17:00:00,Dew Point,Dew Point,°C,21.47
2025-06-03 17:00:00,VPD,VPD,mbar,10.2
2025-06-03 17:00:00,Solar Panel,Solar Panel,mV,7879.0
2025-06-03 17:00:00,Solar radiation,Solar radiation,W/m2,311.0
2025-06-03 17:00:00,U-sonic wind dir,U-sonic wind dir,deg,140.0
2025-06-03 17:00:00,U-sonic wind speed,U-sonic wind speed,m/s,0.2
2025-06-03 17:00:00,Wind gust,Wind gust,m/s,0.6
2025-06-03 17:00:00,DeltaT,DeltaT,°C,4.0
2025-06-03 17:00:00,Battery,Battery,mV,6878.0
2025-06-03 17:00:00,HC Relative humidity,HC Relative humidity,%,71.59
2025-06-03 16:00:00,U-sonic wind speed,U-sonic wind speed,m/s,0.3
2025-06-03 16:00:00,DeltaT,DeltaT,°C,5.0
2025-06-03 16:00:00,Battery,Battery,mV,6882.0
2025-06-03 16:00:00,Solar Panel,Solar Panel,mV,9738.0
2025-06-03 16:00:00,VPD,VPD,mbar,12.9
2025-06-03 16:00:00,Dew Point,Dew Point,°C,21.98
2025-06-03 16:00:00,HC Relative humidity,HC Relative humidity,%,67.12
2025-06-03 16:00:00,Solar radiation,Solar radiation,W/m2,472.0
2025-06-03 16:00:00,Wind gust,Wind gust,m/s,1.1
2025-06-03 16:00:00,U-sonic wind dir,U-sonic wind dir,deg,174.0
2025-06-03 16:00:00,HC Air temperature,HC Air temperature,°C,28.69
2025-06-03 15:00:00,U-sonic wind speed,U-sonic wind speed,m/s,0.3
2025-06-03 15:00:00,Battery,Battery,mV,6889.0
2025-06-03 15:00:00,HC Relative humidity,HC Relative humidity,%,62.61
2025-06-03 15:00:00,Solar radiation,Solar radiation,W/m2,620.0
2025-06-03 15:00:00,U-sonic wind dir,U-sonic wind dir,deg,118.0
2025-06-03 15:00:00,HC Air temperature,HC Air temperature,°C,31.2
2025-06-03 15:00:00,Wind gust,Wind gust,m/s,0.5
2025-06-03 15:00:00,Solar Panel,Solar Panel,mV,9963.0
2025-06-03 15:00:00,Dew Point,Dew Point,°C,23.21
2025-06-03 15:00:00,VPD,VPD,mbar,17.0
2025-06-03 15:00:00,DeltaT,DeltaT,°C,6.0
2025-06-03 14:00:00,Dew Point,Dew Point,°C,24.53
2025-06-03 14:00:00,U-sonic wind speed,U-sonic wind speed,m/s,0.3
2025-06-03 14:00:00,Wind gust,Wind gust,m/s,0.7
2025-06-03 14:00:00,Solar Panel,Solar Panel,mV,9939.0
2025-06-03 14:00:00,Battery,Battery,mV,6896.0
2025-06-03 14:00:00,DeltaT,DeltaT,°C,6.0
2025-06-03 14:00:00,VPD,VPD,mbar,19.2
2025-06-03 14:00:00,Solar radiation,Solar radiation,W/m2,762.0
2025-06-03 14:00:00,HC Relative humidity,HC Relative humidity,%,61.58
2025-06-03 14:00:00,HC Air temperature,HC Air temperature,°C,32.89
2025-06-03 14:00:00,U-sonic wind dir,U-sonic wind dir,deg,143.0
2025-06-03 13:00:00,Solar radiation,Solar radiation,W/m2,899.0
2025-06-03 13:00:00,Dew Point,Dew Point,°C,24.53
2025-06-03 13:00:00,VPD,VPD,mbar,19.9
2025-06-03 13:00:00,DeltaT,DeltaT,°C,6.0
2025-06-03 13:00:00,Wind gust,Wind gust,m/s,0.5
2025-06-03 13:00:00,U-sonic wind speed,U-sonic wind speed,m/s,0.3
2025-06-03 13:00:00,U-sonic wind dir,U-sonic wind dir,deg,156.0
2025-06-03 13:00:00,HC Air temperature,HC Air temperature,°C,33.13
2025-06-03 13:00:00,HC Relative humidity,HC Relative humidity,%,60.77
2025-06-03 13:00:00,Solar Panel,Solar Panel,mV,10037.0
2025-06-03 13:00:00,Battery,Battery,mV,6896.0
2025-06-03 12:00:00,Battery,Battery,mV,6896.0
2025-06-03 12:00:00,DeltaT,DeltaT,°C,6.0
2025-06-03 12:00:00,U-sonic wind dir,U-sonic wind dir,deg,153.0
2025-06-03 12:00:00,Wind gust,Wind gust,m/s,0.6
2025-06-03 12:00:00,U-sonic wind speed,U-sonic wind speed,m/s,0.2
2025-06-03 12:00:00,HC Air temperature,HC Air temperature,°C,32.79
2025-06-03 12:00:00,Dew Point,Dew Point,°C,24.14
2025-06-03 12:00:00,HC Relative humidity,HC Relative humidity,%,60.54
2025-06-03 12:00:00,Solar Panel,Solar Panel,mV,10010.0
2025-06-03 12:00:00,Solar radiation,Solar radiation,W/m2,953.0
2025-06-03 12:00:00,VPD,VPD,mbar,19.6
2025-06-03 11:00:00,U-sonic wind dir,U-sonic wind dir,deg,349.0
2025-06-03 11:00:00,Wind gust,Wind gust,m/s,0.7
2025-06-03 11:00:00,DeltaT,DeltaT,°C,5.0
2025-06-03 11:00:00,Solar radiation,Solar radiation,W/m2,932.0
2025-06-03 11:00:00,Solar Panel,Solar Panel,mV,9970.0
2025-06-03 11:00:00,VPD,VPD,mbar,16.9
2025-06-03 11:00:00,Dew Point,Dew Point,°C,24.42
2025-06-03 11:00:00,HC Relative humidity,HC Relative humidity,%,64.41
2025-06-03 11:00:00,HC Air temperature,HC Air temperature,°C,31.98
2025-06-03 11:00:00,U-sonic wind speed,U-sonic wind speed,m/s,0.3
2025-06-03 11:00:00,Battery,Battery,mV,6896.0
2025-06-03 10:00:00,HC Relative humidity,HC Relative humidity,%,62.38
2025-06-03 10:00:00,VPD,VPD,mbar,18.2
2025-06-03 10:00:00,DeltaT,DeltaT,°C,6.0
2025-06-03 10:00:00,Wind gust,Wind gust,m/s,0.3
2025-06-03 10:00:00,U-sonic wind speed,U-sonic wind speed,m/s,0.2
2025-06-03 10:00:00,HC Air temperature,HC Air temperature,°C,32.35
2025-06-03 10:00:00,Solar Panel,Solar Panel,mV,9872.0
2025-06-03 10:00:00,Battery,Battery,mV,6889.0
2025-06-03 10:00:00,U-sonic wind dir,U-sonic wind dir,deg,3.0
2025-06-03 10:00:00,Solar radiation,Solar radiation,W/m2,855.0
2025-06-03 10:00:00,Dew Point,Dew Point,°C,24.23
2025-06-03 09:00:00,DeltaT,DeltaT,°C,5.0
2025-06-03 09:00:00,Battery,Battery,mV,6889.0
2025-06-03 09:00:00,Solar Panel,Solar Panel,mV,10112.0
2025-06-03 09:00:00,Solar radiation,Solar radiation,W/m2,746.0
2025-06-03 09:00:00,HC Relative humidity,HC Relative humidity,%,65.45
2025-06-03 09:00:00,HC Air temperature,HC Air temperature,°C,30.61
2025-06-03 09:00:00,U-sonic wind dir,U-sonic wind dir,deg,217.0
2025-06-03 09:00:00,U-sonic wind speed,U-sonic wind speed,m/s,0.2
2025-06-03 09:00:00,Wind gust,Wind gust,m/s,0.6
2025-06-03 09:00:00,VPD,VPD,mbar,15.3
2025-06-03 09:00:00,Dew Point,Dew Point,°C,23.37
2025-06-03 08:00:00,DeltaT,DeltaT,°C,4.0
2025-06-03 08:00:00,U-sonic wind dir,U-sonic wind dir,deg,84.0
2025-06-03 08:00:00,Wind gust,Wind gust,m/s,0.6
2025-06-03 08:00:00,U-sonic wind speed,U-sonic wind speed,m/s,0.2
2025-06-03 08:00:00,Dew Point,Dew Point,°C,22.89
2025-06-03 08:00:00,HC Air temperature,HC Air temperature,°C,28.91
2025-06-03 08:00:00,Battery,Battery,mV,6862.0
2025-06-03 08:00:00,Solar Panel,Solar Panel,mV,7134.0
2025-06-03 08:00:00,Solar radiation,Solar radiation,W/m2,453.0
2025-06-03 08:00:00,HC Relative humidity,HC Relative humidity,%,70.07
2025-06-03 08:00:00,VPD,VPD,mbar,12.0
2025-06-03 07:00:00,Dew Point,Dew Point,°C,24.26
2025-06-03 07:00:00,VPD,VPD,mbar,7.5
2025-06-03 07:00:00,DeltaT,DeltaT,°C,3.0
2025-06-03 07:00:00,Wind gust,Wind gust,m/s,0.3
2025-06-03 07:00:00,U-sonic wind speed,U-sonic wind speed,m/s,0.1
2025-06-03 07:00:00,HC Air temperature,HC Air temperature,°C,27.94
2025-06-03 07:00:00,HC Relative humidity,HC Relative humidity,%,81.54
2025-06-03 07:00:00,Solar radiation,Solar radiation,W/m2,316.0
2025-06-03 07:00:00,Solar Panel,Solar Panel,mV,7071.0
2025-06-03 07:00:00,U-sonic wind dir,U-sonic wind dir,deg,250.0
2025-06-03 07:00:00,Battery,Battery,mV,6784.0
2025-06-03 06:00:00,Battery,Battery,mV,6688.0
2025-06-03 06:00:00,Dew Point,Dew Point,°C,19.95
2025-06-03 06:00:00,VPD,VPD,mbar,0.0
2025-06-03 06:00:00,Wind gust,Wind gust,m/s,0.3
2025-06-03 06:00:00,HC Relative humidity,HC Relative humidity,%,99.84
2025-06-03 06:00:00,DeltaT,DeltaT,°C,0.0
2025-06-03 06:00:00,Solar radiation,Solar radiation,W/m2,163.0
2025-06-03 06:00:00,Solar Panel,Solar Panel,mV,6969.0
2025-06-03 06:00:00,U-sonic wind speed,U-sonic wind speed,m/s,0.2
2025-06-03 06:00:00,U-sonic wind dir,U-sonic wind dir,deg,145.0
2025-06-03 06:00:00,HC Air temperature,HC Air temperature,°C,19.97
2025-06-03 05:00:00,HC Air temperature,HC Air temperature,°C,15.16
2025-06-03 05:00:00,Battery,Battery,mV,6475.0
2025-06-03 05:00:00,Solar Panel,Solar Panel,mV,6740.0
2025-06-03 05:00:00,Solar radiation,Solar radiation,W/m2,23.0
2025-06-03 05:00:00,HC Relative humidity,HC Relative humidity,%,99.83
2025-06-03 05:00:00,U-sonic wind dir,U-sonic wind dir,deg,145.0
2025-06-03 05:00:00,U-sonic wind speed,U-sonic wind speed,m/s,0.2
2025-06-03 05:00:00,Wind gust,Wind gust,m/s,0.3
2025-06-03 05:00:00,DeltaT,DeltaT,°C,0.0
2025-06-03 05:00:00,VPD,VPD,mbar,0.0
2025-06-03 05:00:00,Dew Point,Dew Point,°C,15.13
2025-06-03 04:00:00,HC Air temperature,HC Air temperature,°C,16.15
2025-06-03 04:00:00,HC Relative humidity,HC Relative humidity,%,99.84
2025-06-03 04:00:00,Solar radiation,Solar radiation,W/m2,0.0
2025-06-03 04:00:00,Solar Panel,Solar Panel,mV,665.0
2025-06-03 04:00:00,Battery,Battery,mV,6439.0
2025-06-03 04:00:00,Dew Point,Dew Point,°C,16.12
2025-06-03 04:00:00,VPD,VPD,mbar,0.0
2025-06-03 04:00:00,DeltaT,DeltaT,°C,0.0
2025-06-03 04:00:00,Wind gust,Wind gust,m/s,0.3
2025-06-03 04:00:00,U-sonic wind speed,U-sonic wind speed,m/s,0.2
2025-06-03 04:00:00,U-sonic wind dir,U-sonic wind dir,deg,145.0
2025-06-03 03:00:00,U-sonic wind speed,U-sonic wind speed,m/s,0.2
2025-06-03 03:00:00,DeltaT,DeltaT,°C,0.0
2025-06-03 03:00:00,Wind gust,Wind gust,m/s,0.3
2025-06-03 03:00:00,Solar radiation,Solar radiation,W/m2,0.0
2025-06-03 03:00:00,HC Relative humidity,HC Relative humidity,%,99.83
2025-06-03 03:00:00,U-sonic wind dir,U-sonic wind dir,deg,145.0
2025-06-03 03:00:00,Solar Panel,Solar Panel,mV,0.0
2025-06-03 03:00:00,HC Air temperature,HC Air temperature,°C,17.33
2025-06-03 03:00:00,Dew Point,Dew Point,°C,17.3
2025-06-03 03:00:00,Battery,Battery,mV,6448.0
2025-06-03 03:00:00,VPD,VPD,mbar,0.0
2025-06-03 02:00:00,Battery,Battery,mV,6461.0
2025-06-03 02:00:00,Dew Point,Dew Point,°C,17.54
2025-06-03 02:00:00,VPD,VPD,mbar,0.0
2025-06-03 02:00:00,DeltaT,DeltaT,°C,0.0
2025-06-03 02:00:00,Wind gust,Wind gust,m/s,0.2
2025-06-03 02:00:00,U-sonic wind speed,U-sonic wind speed,m/s,0.2
2025-06-03 02:00:00,U-sonic wind dir,U-sonic wind dir,deg,145.0
2025-06-03 02:00:00,HC Air temperature,HC Air temperature,°C,17.56
2025-06-03 02:00:00,HC Relative humidity,HC Relative humidity,%,99.84
2025-06-03 02:00:00,Solar radiation,Solar radiation,W/m2,0.0
2025-06-03 02:00:00,Solar Panel,Solar Panel,mV,0.0
2025-06-03 01:00:00,Battery,Battery,mV,6470.0
2025-06-03 01:00:00,HC Relative humidity,HC Relative humidity,%,99.83
2025-06-03 01:00:00,Solar radiation,Solar radiation,W/m2,0.0
2025-06-03 01:00:00,U-sonic wind dir,U-sonic wind dir,deg,145.0
2025-06-03 01:00:00,U-sonic wind speed,U-sonic wind speed,m/s,0.2
2025-06-03 01:00:00,Dew Point,Dew Point,°C,17.44
2025-06-03 01:00:00,VPD,VPD,mbar,0.0
2025-06-03 01:00:00,Solar Panel,Solar Panel,mV,0.0
2025-06-03 01:00:00,DeltaT,DeltaT,°C,0.0
2025-06-03 01:00:00,HC Air temperature,HC Air temperature,°C,17.47
2025-06-03 01:00:00,Wind gust,Wind gust,m/s,0.2
2025-06-03 00:00:00,HC Air temperature,HC Air temperature,°C,17.37
2025-06-03 00:00:00,Solar Panel,Solar Panel,mV,0.0
2025-06-03 00:00:00,U-sonic wind speed,U-sonic wind speed,m/s,0.2
2025-06-03 00:00:00,HC Relative humidity,HC Relative humidity,%,99.84
2025-06-03 00:00:00,Dew Point,Dew Point,°C,17.34
2025-06-03 00:00:00,VPD,VPD,mbar,0.0
2025-06-03 00:00:00,DeltaT,DeltaT,°C,0.0
2025-06-03 00:00:00,Wind gust,Wind gust,m/s,0.3
2025-06-03 00:00:00,Battery,Battery,mV,6481.0
2025-06-03 00:00:00,Solar radiation,Solar radiation,W/m2,0.0
2025-06-03 00:00:00,U-sonic wind dir,U-sonic wind dir,deg,145.0
2025-06-02 23:00:00,Wind gust,Wind gust,m/s,0.3
2025-06-02 23:00:00,Dew Point,Dew Point,°C,17.55
2025-06-02 23:00:00,VPD,VPD,mbar,0.0
2025-06-02 23:00:00,DeltaT,DeltaT,°C,0.0
2025-06-02 23:00:00,Battery,Battery,mV,6484.0
2025-06-02 23:00:00,Solar Panel,Solar Panel,mV,0.0
2025-06-02 23:00:00,Solar radiation,Solar radiation,W/m2,0.0
2025-06-02 23:00:00,HC Relative humidity,HC Relative humidity,%,99.85
2025-06-02 23:00:00,HC Air temperature,HC Air temperature,°C,17.58
2025-06-02 23:00:00,U-sonic wind dir,U-sonic wind dir,deg,145.0
2025-06-02 23:00:00,U-sonic wind speed,U-sonic wind speed,m/s,0.1
2025-06-02 22:00:00,Wind gust,Wind gust,m/s,0.3
2025-06-02 22:00:00,U-sonic wind speed,U-sonic wind speed,m/s,0.1
2025-06-02 22:00:00,U-sonic wind dir,U-sonic wind dir,deg,145.0
2025-06-02 22:00:00,HC Air temperature,HC Air temperature,°C,17.74
2025-06-02 22:00:00,HC Relative humidity,HC Relative humidity,%,99.86
2025-06-02 22:00:00,Solar Panel,Solar Panel,mV,0.0
2025-06-02 22:00:00,Solar radiation,Solar radiation,W/m2,0.0
2025-06-02 22:00:00,Battery,Battery,mV,6488.0
2025-06-02 22:00:00,Dew Point,Dew Point,°C,17.71
2025-06-02 22:00:00,VPD,VPD,mbar,0.0
2025-06-02 22:00:00,DeltaT,DeltaT,°C,0.0
2025-06-02 21:00:00,U-sonic wind speed,U-sonic wind speed,m/s,0.1
2025-06-02 21:00:00,Battery,Battery,mV,6493.0
2025-06-02 21:00:00,Solar Panel,Solar Panel,mV,0.0
2025-06-02 21:00:00,Solar radiation,Solar radiation,W/m2,0.0
2025-06-02 21:00:00,HC Relative humidity,HC Relative humidity,%,99.9
2025-06-02 21:00:00,HC Air temperature,HC Air temperature,°C,18.51
2025-06-02 21:00:00,Dew Point,Dew Point,°C,18.5
2025-06-02 21:00:00,VPD,VPD,mbar,0.0
2025-06-02 21:00:00,DeltaT,DeltaT,°C,0.0
2025-06-02 21:00:00,Wind gust,Wind gust,m/s,0.3
2025-06-02 21:00:00,U-sonic wind dir,U-sonic wind dir,deg,145.0
2025-06-02 20:00:00,VPD,VPD,mbar,0.0
2025-06-02 20:00:00,U-sonic wind speed,U-sonic wind speed,m/s,0.1
2025-06-02 20:00:00,U-sonic wind dir,U-sonic wind dir,deg,145.0
2025-06-02 20:00:00,HC Air temperature,HC Air temperature,°C,19.33
2025-06-02 20:00:00,HC Relative humidity,HC Relative humidity,%,99.94
2025-06-02 20:00:00,Solar radiation,Solar radiation,W/m2,0.0
2025-06-02 20:00:00,Solar Panel,Solar Panel,mV,0.0
2025-06-02 20:00:00,Battery,Battery,mV,6488.0
2025-06-02 20:00:00,Dew Point,Dew Point,°C,19.32
2025-06-02 20:00:00,Wind gust,Wind gust,m/s,0.3
2025-06-02 20:00:00,DeltaT,DeltaT,°C,0.0
2025-06-02 19:00:00,Battery,Battery,mV,6510.0
2025-06-02 19:00:00,HC Air temperature,HC Air temperature,°C,21.05
2025-06-02 19:00:00,U-sonic wind dir,U-sonic wind dir,deg,145.0
2025-06-02 19:00:00,U-sonic wind speed,U-sonic wind speed,m/s,0.1
2025-06-02 19:00:00,VPD,VPD,mbar,3.7
2025-06-02 19:00:00,HC Relative humidity,HC Relative humidity,%,85.51
2025-06-02 19:00:00,Wind gust,Wind gust,m/s,0.3
2025-06-02 19:00:00,Solar radiation,Solar radiation,W/m2,20.0
2025-06-02 19:00:00,Solar Panel,Solar Panel,mV,63.0
2025-06-02 19:00:00,Dew Point,Dew Point,°C,18.45
2025-06-02 19:00:00,DeltaT,DeltaT,°C,2.0
2025-06-02 18:00:00,DeltaT,DeltaT,°C,4.0
2025-06-02 18:00:00,Wind gust,Wind gust,m/s,0.6
2025-06-02 18:00:00,Battery,Battery,mV,6813.0
2025-06-02 18:00:00,Solar Panel,Solar Panel,mV,7055.0
2025-06-02 18:00:00,Solar radiation,Solar radiation,W/m2,147.0
2025-06-02 18:00:00,HC Relative humidity,HC Relative humidity,%,67.19
2025-06-02 18:00:00,U-sonic wind speed,U-sonic wind speed,m/s,0.2
2025-06-02 18:00:00,U-sonic wind dir,U-sonic wind dir,deg,105.0
2025-06-02 18:00:00,VPD,VPD,mbar,10.2
2025-06-02 18:00:00,HC Air temperature,HC Air temperature,°C,24.56
2025-06-02 18:00:00,Dew Point,Dew Point,°C,18.05
2025-06-02 17:00:00,VPD,VPD,mbar,14.9
2025-06-02 17:00:00,Wind gust,Wind gust,m/s,0.6
2025-06-02 17:00:00,U-sonic wind speed,U-sonic wind speed,m/s,0.2
2025-06-02 17:00:00,U-sonic wind dir,U-sonic wind dir,deg,208.0
2025-06-02 17:00:00,HC Air temperature,HC Air temperature,°C,27.16
2025-06-02 17:00:00,HC Relative humidity,HC Relative humidity,%,58.75
2025-06-02 17:00:00,Solar radiation,Solar radiation,W/m2,335.0
2025-06-02 17:00:00,Solar Panel,Solar Panel,mV,8647.0
2025-06-02 17:00:00,Battery,Battery,mV,6878.0
2025-06-02 17:00:00,Dew Point,Dew Point,°C,18.38
2025-06-02 17:00:00,DeltaT,DeltaT,°C,6.0
2025-06-02 16:00:00,VPD,VPD,mbar,21.3
2025-06-02 16:00:00,Battery,Battery,mV,6882.0
2025-06-02 16:00:00,Solar Panel,Solar Panel,mV,9454.0
2025-06-02 16:00:00,Solar radiation,Solar radiation,W/m2,493.0
2025-06-02 16:00:00,HC Relative humidity,HC Relative humidity,%,51.05
2025-06-02 16:00:00,HC Air temperature,HC Air temperature,°C,30.45
2025-06-02 16:00:00,U-sonic wind dir,U-sonic wind dir,deg,76.0
2025-06-02 16:00:00,U-sonic wind speed,U-sonic wind speed,m/s,0.2
2025-06-02 16:00:00,Wind gust,Wind gust,m/s,0.6
2025-06-02 16:00:00,DeltaT,DeltaT,°C,8.0
2025-06-02 16:00:00,Dew Point,Dew Point,°C,19.17
2025-06-02 15:00:00,Dew Point,Dew Point,°C,18.23
2025-06-02 15:00:00,Solar radiation,Solar radiation,W/m2,652.0
2025-06-02 15:00:00,Solar Panel,Solar Panel,mV,10053.0
2025-06-02 15:00:00,Battery,Battery,mV,6893.0
2025-06-02 15:00:00,Wind gust,Wind gust,m/s,0.7
2025-06-02 15:00:00,U-sonic wind speed,U-sonic wind speed,m/s,0.3
2025-06-02 15:00:00,HC Air temperature,HC Air temperature,°C,30.96
2025-06-02 15:00:00,HC Relative humidity,HC Relative humidity,%,46.74
2025-06-02 15:00:00,DeltaT,DeltaT,°C,9.0
2025-06-02 15:00:00,VPD,VPD,mbar,23.9
2025-06-02 15:00:00,U-sonic wind dir,U-sonic wind dir,deg,106.0
2025-06-02 14:00:00,DeltaT,DeltaT,°C,10.0
2025-06-02 14:00:00,Battery,Battery,mV,6896.0
2025-06-02 14:00:00,Solar Panel,Solar Panel,mV,10041.0
2025-06-02 14:00:00,Solar radiation,Solar radiation,W/m2,788.0
2025-06-02 14:00:00,HC Relative humidity,HC Relative humidity,%,42.35
2025-06-02 14:00:00,HC Air temperature,HC Air temperature,°C,31.98
2025-06-02 14:00:00,U-sonic wind dir,U-sonic wind dir,deg,203.0
2025-06-02 14:00:00,U-sonic wind speed,U-sonic wind speed,m/s,0.2
2025-06-02 14:00:00,Wind gust,Wind gust,m/s,0.6
2025-06-02 14:00:00,VPD,VPD,mbar,27.4
2025-06-02 14:00:00,Dew Point,Dew Point,°C,17.57
2025-06-02 13:00:00,Wind gust,Wind gust,m/s,0.6
2025-06-02 13:00:00,Dew Point,Dew Point,°C,16.91
2025-06-02 13:00:00,Battery,Battery,mV,6896.0
2025-06-02 13:00:00,Solar Panel,Solar Panel,mV,9990.0
2025-06-02 13:00:00,Solar radiation,Solar radiation,W/m2,929.0
2025-06-02 13:00:00,U-sonic wind speed,U-sonic wind speed,m/s,0.2
2025-06-02 13:00:00,DeltaT,DeltaT,°C,11.0
2025-06-02 13:00:00,U-sonic wind dir,U-sonic wind dir,deg,195.0
2025-06-02 13:00:00,HC Air temperature,HC Air temperature,°C,32.8
2025-06-02 13:00:00,HC Relative humidity,HC Relative humidity,%,38.73
2025-06-02 13:00:00,VPD,VPD,mbar,30.5
2025-06-02 12:00:00,Battery,Battery,mV,6896.0
2025-06-02 12:00:00,Dew Point,Dew Point,°C,17.87
2025-06-02 12:00:00,VPD,VPD,mbar,29.8
2025-06-02 12:00:00,DeltaT,DeltaT,°C,10.0
2025-06-02 12:00:00,Wind gust,Wind gust,m/s,0.7
2025-06-02 12:00:00,U-sonic wind speed,U-sonic wind speed,m/s,0.2
2025-06-02 12:00:00,U-sonic wind dir,U-sonic wind dir,deg,202.0
2025-06-02 12:00:00,HC Air temperature,HC Air temperature,°C,33.01
2025-06-02 12:00:00,HC Relative humidity,HC Relative humidity,%,40.69
2025-06-02 12:00:00,Solar radiation,Solar radiation,W/m2,982.0
2025-06-02 12:00:00,Solar Panel,Solar Panel,mV,10006.0
2025-06-02 11:00:00,DeltaT,DeltaT,°C,10.0
2025-06-02 11:00:00,VPD,VPD,mbar,28.2
2025-06-02 11:00:00,Dew Point,Dew Point,°C,18.94
2025-06-02 11:00:00,Solar Panel,Solar Panel,mV,10006.0
2025-06-02 11:00:00,Solar radiation,Solar radiation,W/m2,946.0
2025-06-02 11:00:00,HC Relative humidity,HC Relative humidity,%,43.7
2025-06-02 11:00:00,HC Air temperature,HC Air temperature,°C,32.92
2025-06-02 11:00:00,Battery,Battery,mV,6896.0
2025-06-02 11:00:00,U-sonic wind dir,U-sonic wind dir,deg,241.0
2025-06-02 11:00:00,U-sonic wind speed,U-sonic wind speed,m/s,0.2
2025-06-02 11:00:00,Wind gust,Wind gust,m/s,0.3
2025-06-02 10:00:00,HC Air temperature,HC Air temperature,°C,31.68
2025-06-02 10:00:00,U-sonic wind dir,U-sonic wind dir,deg,210.0
2025-06-02 10:00:00,U-sonic wind speed,U-sonic wind speed,m/s,0.3
2025-06-02 10:00:00,Wind gust,Wind gust,m/s,0.5
2025-06-02 10:00:00,DeltaT,DeltaT,°C,9.0
2025-06-02 10:00:00,VPD,VPD,mbar,25.3
2025-06-02 10:00:00,Dew Point,Dew Point,°C,18.54
2025-06-02 10:00:00,Battery,Battery,mV,6889.0
2025-06-02 10:00:00,Solar Panel,Solar Panel,mV,10073.0
2025-06-02 10:00:00,Solar radiation,Solar radiation,W/m2,870.0
2025-06-02 10:00:00,HC Relative humidity,HC Relative humidity,%,45.71
2025-06-02 09:00:00,U-sonic wind dir,U-sonic wind dir,deg,78.0
2025-06-02 09:00:00,U-sonic wind speed,U-sonic wind speed,m/s,0.2
2025-06-02 09:00:00,Wind gust,Wind gust,m/s,0.6
2025-06-02 09:00:00,DeltaT,DeltaT,°C,9.0
2025-06-02 09:00:00,VPD,VPD,mbar,29.5
2025-06-02 09:00:00,Dew Point,Dew Point,°C,21.56
2025-06-02 09:00:00,Solar radiation,Solar radiation,W/m2,687.0
2025-06-02 09:00:00,HC Relative humidity,HC Relative humidity,%,46.59
2025-06-02 09:00:00,Battery,Battery,mV,6896.0
2025-06-02 09:00:00,Solar Panel,Solar Panel,mV,9750.0
2025-06-02 09:00:00,HC Air temperature,HC Air temperature,°C,34.69
2025-06-02 08:00:00,VPD,VPD,mbar,27.7
2025-06-02 08:00:00,Wind gust,Wind gust,m/s,0.6
2025-06-02 08:00:00,U-sonic wind speed,U-sonic wind speed,m/s,0.2
2025-06-02 08:00:00,U-sonic wind dir,U-sonic wind dir,deg,349.0
2025-06-02 08:00:00,HC Air temperature,HC Air temperature,°C,34.45
2025-06-02 08:00:00,HC Relative humidity,HC Relative humidity,%,49.3
2025-06-02 08:00:00,Solar radiation,Solar radiation,W/m2,520.0
2025-06-02 08:00:00,Solar Panel,Solar Panel,mV,7118.0
2025-06-02 08:00:00,Battery,Battery,mV,6838.0
2025-06-02 08:00:00,Dew Point,Dew Point,°C,22.29
2025-06-02 08:00:00,DeltaT,DeltaT,°C,9.0
2025-06-02 07:00:00,Solar Panel,Solar Panel,mV,7055.0
2025-06-02 07:00:00,Dew Point,Dew Point,°C,22.18
2025-06-02 07:00:00,VPD,VPD,mbar,16.6
2025-06-02 07:00:00,DeltaT,DeltaT,°C,6.0
2025-06-02 07:00:00,Wind gust,Wind gust,m/s,0.5
2025-06-02 07:00:00,U-sonic wind speed,U-sonic wind speed,m/s,0.2
2025-06-02 07:00:00,U-sonic wind dir,U-sonic wind dir,deg,37.0
2025-06-02 07:00:00,HC Air temperature,HC Air temperature,°C,30.24
2025-06-02 07:00:00,HC Relative humidity,HC Relative humidity,%,62.96
2025-06-02 07:00:00,Solar radiation,Solar radiation,W/m2,319.0
2025-06-02 07:00:00,Battery,Battery,mV,6784.0
2025-06-02 06:00:00,Solar Panel,Solar Panel,mV,6972.0
2025-06-02 06:00:00,Solar radiation,Solar radiation,W/m2,170.0
2025-06-02 06:00:00,HC Relative humidity,HC Relative humidity,%,94.92
2025-06-02 06:00:00,HC Air temperature,HC Air temperature,°C,20.31
2025-06-02 06:00:00,U-sonic wind dir,U-sonic wind dir,deg,318.0
2025-06-02 06:00:00,U-sonic wind speed,U-sonic wind speed,m/s,0.2
2025-06-02 06:00:00,Wind gust,Wind gust,m/s,0.3
2025-06-02 06:00:00,DeltaT,DeltaT,°C,1.0
2025-06-02 06:00:00,VPD,VPD,mbar,1.6
2025-06-02 06:00:00,Dew Point,Dew Point,°C,19.38
2025-06-02 06:00:00,Battery,Battery,mV,6693.0
2025-06-02 05:00:00,Solar Panel,Solar Panel,mV,6740.0
2025-06-02 05:00:00,Solar radiation,Solar radiation,W/m2,31.0
2025-06-02 05:00:00,HC Relative humidity,HC Relative humidity,%,99.83
2025-06-02 05:00:00,HC Air temperature,HC Air temperature,°C,13.79
2025-06-02 05:00:00,U-sonic wind dir,U-sonic wind dir,deg,318.0
2025-06-02 05:00:00,U-sonic wind speed,U-sonic wind speed,m/s,0.2
2025-06-02 05:00:00,Wind gust,Wind gust,m/s,0.3
2025-06-02 05:00:00,DeltaT,DeltaT,°C,0.0
2025-06-02 05:00:00,VPD,VPD,mbar,0.0
2025-06-02 05:00:00,Dew Point,Dew Point,°C,13.76
2025-06-02 05:00:00,Battery,Battery,mV,6481.0
2025-06-02 04:00:00,Battery,Battery,mV,6435.0
2025-06-02 04:00:00,Dew Point,Dew Point,°C,13.37
2025-06-02 04:00:00,VPD,VPD,mbar,0.0
2025-06-02 04:00:00,DeltaT,DeltaT,°C,0.0
2025-06-02 04:00:00,Wind gust,Wind gust,m/s,0.3
2025-06-02 04:00:00,U-sonic wind speed,U-sonic wind speed,m/s,0.2
2025-06-02 04:00:00,U-sonic wind dir,U-sonic wind dir,deg,318.0
2025-06-02 04:00:00,HC Air temperature,HC Air temperature,°C,13.4
2025-06-02 04:00:00,HC Relative humidity,HC Relative humidity,%,99.84
2025-06-02 04:00:00,Solar radiation,Solar radiation,W/m2,0.0
2025-06-02 04:00:00,Solar Panel,Solar Panel,mV,563.0
2025-06-02 03:00:00,Dew Point,Dew Point,°C,13.72
2025-06-02 03:00:00,DeltaT,DeltaT,°C,0.0
2025-06-02 03:00:00,VPD,VPD,mbar,0.0
2025-06-02 03:00:00,Wind gust,Wind gust,m/s,0.3
2025-06-02 03:00:00,U-sonic wind speed,U-sonic wind speed,m/s,0.2
2025-06-02 03:00:00,U-sonic wind dir,U-sonic wind dir,deg,318.0
2025-06-02 03:00:00,HC Air temperature,HC Air temperature,°C,13.75
2025-06-02 03:00:00,HC Relative humidity,HC Relative humidity,%,99.84
2025-06-02 03:00:00,Solar radiation,Solar radiation,W/m2,0.0
2025-06-02 03:00:00,Solar Panel,Solar Panel,mV,0.0
2025-06-02 03:00:00,Battery,Battery,mV,6448.0
2025-06-02 02:00:00,VPD,VPD,mbar,0.0
2025-06-02 02:00:00,U-sonic wind speed,U-sonic wind speed,m/s,0.2
2025-06-02 02:00:00,DeltaT,DeltaT,°C,0.0
2025-06-02 02:00:00,Wind gust,Wind gust,m/s,0.4
2025-06-02 02:00:00,U-sonic wind dir,U-sonic wind dir,deg,318.0
2025-06-02 02:00:00,HC Air temperature,HC Air temperature,°C,14.24
2025-06-02 02:00:00,HC Relative humidity,HC Relative humidity,%,99.84
2025-06-02 02:00:00,Solar radiation,Solar radiation,W/m2,0.0
2025-06-02 02:00:00,Solar Panel,Solar Panel,mV,0.0
2025-06-02 02:00:00,Battery,Battery,mV,6461.0
2025-06-02 02:00:00,Dew Point,Dew Point,°C,14.21
2025-06-02 01:00:00,Battery,Battery,mV,6470.0
2025-06-02 01:00:00,Solar Panel,Solar Panel,mV,0.0
2025-06-02 01:00:00,Solar radiation,Solar radiation,W/m2,0.0
2025-06-02 01:00:00,HC Relative humidity,HC Relative humidity,%,99.84
2025-06-02 01:00:00,HC Air temperature,HC Air temperature,°C,14.74
2025-06-02 01:00:00,U-sonic wind dir,U-sonic wind dir,deg,318.0
2025-06-02 01:00:00,U-sonic wind speed,U-sonic wind speed,m/s,0.2
2025-06-02 01:00:00,VPD,VPD,mbar,0.0
2025-06-02 01:00:00,Dew Point,Dew Point,°C,14.71
2025-06-02 01:00:00,Wind gust,Wind gust,m/s,0.3
2025-06-02 01:00:00,DeltaT,DeltaT,°C,0.0
2025-06-02 00:00:00,Battery,Battery,mV,6481.0
2025-06-02 00:00:00,Solar radiation,Solar radiation,W/m2,0.0
2025-06-02 00:00:00,HC Relative humidity,HC Relative humidity,%,99.84
2025-06-02 00:00:00,HC Air temperature,HC Air temperature,°C,15.47
2025-06-02 00:00:00,Solar Panel,Solar Panel,mV,0.0
2025-06-02 00:00:00,U-sonic wind dir,U-sonic wind dir,deg,318.0
2025-06-02 00:00:00,U-sonic wind speed,U-sonic wind speed,m/s,0.2
2025-06-02 00:00:00,Wind gust,Wind gust,m/s,0.4
2025-06-02 00:00:00,DeltaT,DeltaT,°C,0.0
2025-06-02 00:00:00,VPD,VPD,mbar,0.0
2025-06-02 00:00:00,Dew Point,Dew Point,°C,15.44
2025-06-01 23:00:00,U-sonic wind dir,U-sonic wind dir,deg,318.0
2025-06-01 23:00:00,HC Relative humidity,HC Relative humidity,%,99.84
2025-06-01 23:00:00,Battery,Battery,mV,6484.0
2025-06-01 23:00:00,Solar radiation,Solar radiation,W/m2,0.0
2025-06-01 23:00:00,Solar Panel,Solar Panel,mV,0.0
2025-06-01 23:00:00,Dew Point,Dew Point,°C,15.99
2025-06-01 23:00:00,VPD,VPD,mbar,0.0
2025-06-01 23:00:00,DeltaT,DeltaT,°C,0.0
2025-06-01 23:00:00,Wind gust,Wind gust,m/s,0.3
2025-06-01 23:00:00,U-sonic wind speed,U-sonic wind speed,m/s,0.2
2025-06-01 23:00:00,HC Air temperature,HC Air temperature,°C,16.01
2025-06-01 22:00:00,HC Relative humidity,HC Relative humidity,%,99.85
2025-06-01 22:00:00,Solar radiation,Solar radiation,W/m2,0.0
2025-06-01 22:00:00,Battery,Battery,mV,6486.0
2025-06-01 22:00:00,Solar Panel,Solar Panel,mV,0.0
2025-06-01 22:00:00,HC Air temperature,HC Air temperature,°C,16.65
2025-06-01 22:00:00,U-sonic wind dir,U-sonic wind dir,deg,318.0
2025-06-01 22:00:00,U-sonic wind speed,U-sonic wind speed,m/s,0.2
2025-06-01 22:00:00,Dew Point,Dew Point,°C,16.62
2025-06-01 22:00:00,VPD,VPD,mbar,0.0
2025-06-01 22:00:00,DeltaT,DeltaT,°C,0.0
2025-06-01 22:00:00,Wind gust,Wind gust,m/s,0.4
2025-06-01 21:00:00,VPD,VPD,mbar,0.0
2025-06-01 21:00:00,Dew Point,Dew Point,°C,17.74
2025-06-01 21:00:00,Wind gust,Wind gust,m/s,0.9
2025-06-01 21:00:00,U-sonic wind speed,U-sonic wind speed,m/s,0.4
2025-06-01 21:00:00,HC Air temperature,HC Air temperature,°C,17.76
2025-06-01 21:00:00,HC Relative humidity,HC Relative humidity,%,99.88
2025-06-01 21:00:00,Solar radiation,Solar radiation,W/m2,0.0
2025-06-01 21:00:00,Solar Panel,Solar Panel,mV,0.0
2025-06-01 21:00:00,Battery,Battery,mV,6493.0
2025-06-01 21:00:00,U-sonic wind dir,U-sonic wind dir,deg,318.0
2025-06-01 21:00:00,DeltaT,DeltaT,°C,0.0
2025-06-01 20:00:00,Dew Point,Dew Point,°C,19.27
2025-06-01 20:00:00,U-sonic wind speed,U-sonic wind speed,m/s,0.1
2025-06-01 20:00:00,Wind gust,Wind gust,m/s,0.3
2025-06-01 20:00:00,DeltaT,DeltaT,°C,0.0
2025-06-01 20:00:00,VPD,VPD,mbar,0.6
2025-06-01 20:00:00,U-sonic wind dir,U-sonic wind dir,deg,148.0
2025-06-01 20:00:00,HC Air temperature,HC Air temperature,°C,19.71
2025-06-01 20:00:00,HC Relative humidity,HC Relative humidity,%,97.34
2025-06-01 20:00:00,Solar radiation,Solar radiation,W/m2,0.0
2025-06-01 20:00:00,Solar Panel,Solar Panel,mV,0.0
2025-06-01 20:00:00,Battery,Battery,mV,6481.0
2025-06-01 19:00:00,U-sonic wind speed,U-sonic wind speed,m/s,0.1
2025-06-01 19:00:00,VPD,VPD,mbar,6.5
2025-06-01 19:00:00,U-sonic wind dir,U-sonic wind dir,deg,148.0
2025-06-01 19:00:00,Battery,Battery,mV,6550.0
2025-06-01 19:00:00,Solar Panel,Solar Panel,mV,133.0
2025-06-01 19:00:00,Solar radiation,Solar radiation,W/m2,18.0
2025-06-01 19:00:00,HC Relative humidity,HC Relative humidity,%,75.77
2025-06-01 19:00:00,DeltaT,DeltaT,°C,3.0
2025-06-01 19:00:00,HC Air temperature,HC Air temperature,°C,21.99
2025-06-01 19:00:00,Wind gust,Wind gust,m/s,0.3
2025-06-01 19:00:00,Dew Point,Dew Point,°C,17.44
2025-06-01 18:00:00,DeltaT,DeltaT,°C,5.0
2025-06-01 18:00:00,VPD,VPD,mbar,12.9
2025-06-01 18:00:00,U-sonic wind dir,U-sonic wind dir,deg,148.0
2025-06-01 18:00:00,HC Air temperature,HC Air temperature,°C,25.46
2025-06-01 18:00:00,HC Relative humidity,HC Relative humidity,%,60.55
2025-06-01 18:00:00,Solar radiation,Solar radiation,W/m2,145.0
2025-06-01 18:00:00,Solar Panel,Solar Panel,mV,7055.0
2025-06-01 18:00:00,Battery,Battery,mV,6822.0
2025-06-01 18:00:00,Dew Point,Dew Point,°C,17.27
2025-06-01 18:00:00,U-sonic wind speed,U-sonic wind speed,m/s,0.2
2025-06-01 18:00:00,Wind gust,Wind gust,m/s,0.6
2025-06-01 17:00:00,Dew Point,Dew Point,°C,18.08
2025-06-01 17:00:00,Solar radiation,Solar radiation,W/m2,323.0
2025-06-01 17:00:00,Battery,Battery,mV,6878.0
2025-06-01 17:00:00,HC Relative humidity,HC Relative humidity,%,54.59
2025-06-01 17:00:00,U-sonic wind speed,U-sonic wind speed,m/s,0.2
2025-06-01 17:00:00,Wind gust,Wind gust,m/s,0.7
2025-06-01 17:00:00,VPD,VPD,mbar,17.3
2025-06-01 17:00:00,HC Air temperature,HC Air temperature,°C,28.09
2025-06-01 17:00:00,Solar Panel,Solar Panel,mV,8068.0
2025-06-01 17:00:00,U-sonic wind dir,U-sonic wind dir,deg,164.0
2025-06-01 17:00:00,DeltaT,DeltaT,°C,7.0
2025-06-01 16:00:00,Battery,Battery,mV,6882.0
2025-06-01 16:00:00,DeltaT,DeltaT,°C,8.0
2025-06-01 16:00:00,HC Air temperature,HC Air temperature,°C,30.35
2025-06-01 16:00:00,Dew Point,Dew Point,°C,19.01
2025-06-01 16:00:00,Solar Panel,Solar Panel,mV,9821.0
2025-06-01 16:00:00,Solar radiation,Solar radiation,W/m2,470.0
2025-06-01 16:00:00,HC Relative humidity,HC Relative humidity,%,50.83
2025-06-01 16:00:00,VPD,VPD,mbar,21.3
2025-06-01 16:00:00,U-sonic wind dir,U-sonic wind dir,deg,179.0
2025-06-01 16:00:00,U-sonic wind speed,U-sonic wind speed,m/s,0.3
2025-06-01 16:00:00,Wind gust,Wind gust,m/s,0.8
2025-06-01 15:00:00,HC Air temperature,HC Air temperature,°C,32.69
2025-06-01 15:00:00,Wind gust,Wind gust,m/s,0.8
2025-06-01 15:00:00,Dew Point,Dew Point,°C,19.96
2025-06-01 15:00:00,VPD,VPD,mbar,26.2
2025-06-01 15:00:00,HC Relative humidity,HC Relative humidity,%,47.21
2025-06-01 15:00:00,DeltaT,DeltaT,°C,9.0
2025-06-01 15:00:00,U-sonic wind speed,U-sonic wind speed,m/s,0.3
2025-06-01 15:00:00,Solar Panel,Solar Panel,mV,9939.0
2025-06-01 15:00:00,Battery,Battery,mV,6896.0
2025-06-01 15:00:00,U-sonic wind dir,U-sonic wind dir,deg,115.0
2025-06-01 15:00:00,Solar radiation,Solar radiation,W/m2,644.0
2025-06-01 14:00:00,Battery,Battery,mV,6896.0
2025-06-01 14:00:00,U-sonic wind dir,U-sonic wind dir,deg,152.0
2025-06-01 14:00:00,U-sonic wind speed,U-sonic wind speed,m/s,0.3
2025-06-01 14:00:00,Wind gust,Wind gust,m/s,0.7
2025-06-01 14:00:00,DeltaT,DeltaT,°C,9.0
2025-06-01 14:00:00,VPD,VPD,mbar,26.4
2025-06-01 14:00:00,Dew Point,Dew Point,°C,20.32
2025-06-01 14:00:00,HC Air temperature,HC Air temperature,°C,32.97
2025-06-01 14:00:00,Solar Panel,Solar Panel,mV,9959.0
2025-06-01 14:00:00,Solar radiation,Solar radiation,W/m2,760.0
2025-06-01 14:00:00,HC Relative humidity,HC Relative humidity,%,47.47
2025-06-01 13:00:00,HC Relative humidity,HC Relative humidity,%,49.65
2025-06-01 13:00:00,U-sonic wind dir,U-sonic wind dir,deg,87.0
2025-06-01 13:00:00,U-sonic wind speed,U-sonic wind speed,m/s,0.2
2025-06-01 13:00:00,Wind gust,Wind gust,m/s,0.8
2025-06-01 13:00:00,Dew Point,Dew Point,°C,22.52
2025-06-01 13:00:00,VPD,VPD,mbar,27.7
2025-06-01 13:00:00,DeltaT,DeltaT,°C,9.0
2025-06-01 13:00:00,Battery,Battery,mV,6896.0
2025-06-01 13:00:00,Solar Panel,Solar Panel,mV,9935.0
2025-06-01 13:00:00,Solar radiation,Solar radiation,W/m2,900.0
2025-06-01 13:00:00,HC Air temperature,HC Air temperature,°C,34.57
2025-06-01 12:00:00,Solar radiation,Solar radiation,W/m2,958.0
2025-06-01 12:00:00,VPD,VPD,mbar,28.5
2025-06-01 12:00:00,Wind gust,Wind gust,m/s,0.8
2025-06-01 12:00:00,Battery,Battery,mV,6896.0
2025-06-01 12:00:00,DeltaT,DeltaT,°C,9.0
2025-06-01 12:00:00,Dew Point,Dew Point,°C,22.5
2025-06-01 12:00:00,Solar Panel,Solar Panel,mV,9900.0
2025-06-01 12:00:00,U-sonic wind speed,U-sonic wind speed,m/s,0.3
2025-06-01 12:00:00,U-sonic wind dir,U-sonic wind dir,deg,324.0
2025-06-01 12:00:00,HC Air temperature,HC Air temperature,°C,34.85
2025-06-01 12:00:00,HC Relative humidity,HC Relative humidity,%,48.91
2025-06-01 11:00:00,U-sonic wind dir,U-sonic wind dir,deg,25.0
2025-06-01 11:00:00,HC Air temperature,HC Air temperature,°C,31.06
2025-06-01 11:00:00,Dew Point,Dew Point,°C,21.59
2025-06-01 11:00:00,HC Relative humidity,HC Relative humidity,%,57.16
2025-06-01 11:00:00,Solar radiation,Solar radiation,W/m2,916.0
2025-06-01 11:00:00,Solar Panel,Solar Panel,mV,9990.0
2025-06-01 11:00:00,Battery,Battery,mV,6896.0
2025-06-01 11:00:00,U-sonic wind speed,U-sonic wind speed,m/s,0.4
2025-06-01 11:00:00,Wind gust,Wind gust,m/s,1.2
2025-06-01 11:00:00,DeltaT,DeltaT,°C,7.0
2025-06-01 11:00:00,VPD,VPD,mbar,19.3
2025-06-01 10:00:00,Battery,Battery,mV,6889.0
2025-06-01 10:00:00,Dew Point,Dew Point,°C,20.55
2025-06-01 10:00:00,Wind gust,Wind gust,m/s,1.3
2025-06-01 10:00:00,U-sonic wind speed,U-sonic wind speed,m/s,0.4
2025-06-01 10:00:00,U-sonic wind dir,U-sonic wind dir,deg,27.0
2025-06-01 10:00:00,HC Air temperature,HC Air temperature,°C,32.34
2025-06-01 10:00:00,VPD,VPD,mbar,24.3
2025-06-01 10:00:00,DeltaT,DeltaT,°C,8.0
2025-06-01 10:00:00,Solar radiation,Solar radiation,W/m2,862.0
2025-06-01 10:00:00,HC Relative humidity,HC Relative humidity,%,50.05
2025-06-01 10:00:00,Solar Panel,Solar Panel,mV,10037.0
2025-06-01 09:00:00,HC Air temperature,HC Air temperature,°C,33.37
2025-06-01 09:00:00,Dew Point,Dew Point,°C,21.1
2025-06-01 09:00:00,VPD,VPD,mbar,26.3
2025-06-01 09:00:00,DeltaT,DeltaT,°C,9.0
2025-06-01 09:00:00,Wind gust,Wind gust,m/s,37.4
2025-06-01 09:00:00,U-sonic wind speed,U-sonic wind speed,m/s,3.6
2025-06-01 09:00:00,U-sonic wind dir,U-sonic wind dir,deg,34.0
2025-06-01 09:00:00,HC Relative humidity,HC Relative humidity,%,48.8
2025-06-01 09:00:00,Solar radiation,Solar radiation,W/m2,697.0
2025-06-01 09:00:00,Solar Panel,Solar Panel,mV,9829.0
2025-06-01 09:00:00,Battery,Battery,mV,6889.0
2025-06-01 08:00:00,DeltaT,DeltaT,°C,7.0
2025-06-01 08:00:00,Wind gust,Wind gust,m/s,0.7
2025-06-01 08:00:00,U-sonic wind speed,U-sonic wind speed,m/s,0.3
2025-06-01 08:00:00,VPD,VPD,mbar,21.6
2025-06-01 08:00:00,Dew Point,Dew Point,°C,21.27
2025-06-01 08:00:00,HC Air temperature,HC Air temperature,°C,31.71
2025-06-01 08:00:00,Battery,Battery,mV,6864.0
2025-06-01 08:00:00,Solar Panel,Solar Panel,mV,7150.0
2025-06-01 08:00:00,Solar radiation,Solar radiation,W/m2,517.0
2025-06-01 08:00:00,U-sonic wind dir,U-sonic wind dir,deg,34.0
2025-06-01 08:00:00,HC Relative humidity,HC Relative humidity,%,54.34
2025-06-01 07:00:00,Wind gust,Wind gust,m/s,1.0
2025-06-01 07:00:00,HC Air temperature,HC Air temperature,°C,26.62
2025-06-01 07:00:00,HC Relative humidity,HC Relative humidity,%,71.15
2025-06-01 07:00:00,Solar radiation,Solar radiation,W/m2,310.0
2025-06-01 07:00:00,Solar Panel,Solar Panel,mV,7071.0
2025-06-01 07:00:00,Battery,Battery,mV,6786.0
2025-06-01 07:00:00,U-sonic wind dir,U-sonic wind dir,deg,40.0
2025-06-01 07:00:00,DeltaT,DeltaT,°C,4.0
2025-06-01 07:00:00,VPD,VPD,mbar,10.4
2025-06-01 07:00:00,Dew Point,Dew Point,°C,20.82
2025-06-01 07:00:00,U-sonic wind speed,U-sonic wind speed,m/s,0.2
2025-06-01 06:00:00,Wind gust,Wind gust,m/s,0.5
2025-06-01 06:00:00,DeltaT,DeltaT,°C,0.0
2025-06-01 06:00:00,U-sonic wind speed,U-sonic wind speed,m/s,0.1
2025-06-01 06:00:00,U-sonic wind dir,U-sonic wind dir,deg,232.0
2025-06-01 06:00:00,Battery,Battery,mV,6684.0
2025-06-01 06:00:00,VPD,VPD,mbar,0.7
2025-06-01 06:00:00,HC Air temperature,HC Air temperature,°C,19.54
2025-06-01 06:00:00,HC Relative humidity,HC Relative humidity,%,97.29
2025-06-01 06:00:00,Solar radiation,Solar radiation,W/m2,165.0
2025-06-01 06:00:00,Solar Panel,Solar Panel,mV,6961.0
2025-06-01 06:00:00,Dew Point,Dew Point,°C,19.08
2025-06-01 05:00:00,Wind gust,Wind gust,m/s,0.4
2025-06-01 05:00:00,Solar Panel,Solar Panel,mV,6740.0
2025-06-01 05:00:00,VPD,VPD,mbar,0.0
2025-06-01 05:00:00,HC Relative humidity,HC Relative humidity,%,99.83
2025-06-01 05:00:00,HC Air temperature,HC Air temperature,°C,14.73
2025-06-01 05:00:00,Solar radiation,Solar radiation,W/m2,33.0
2025-06-01 05:00:00,DeltaT,DeltaT,°C,0.0
2025-06-01 05:00:00,U-sonic wind dir,U-sonic wind dir,deg,232.0
2025-06-01 05:00:00,Battery,Battery,mV,6484.0
2025-06-01 05:00:00,U-sonic wind speed,U-sonic wind speed,m/s,0.2
2025-06-01 05:00:00,Dew Point,Dew Point,°C,14.71
2025-06-01 04:00:00,Battery,Battery,mV,6439.0
2025-06-01 04:00:00,Solar Panel,Solar Panel,mV,567.0
2025-06-01 04:00:00,HC Air temperature,HC Air temperature,°C,14.84
2025-06-01 04:00:00,HC Relative humidity,HC Relative humidity,%,99.83
2025-06-01 04:00:00,Wind gust,Wind gust,m/s,0.4
2025-06-01 04:00:00,DeltaT,DeltaT,°C,0.0
2025-06-01 04:00:00,Solar radiation,Solar radiation,W/m2,0.0
2025-06-01 04:00:00,U-sonic wind dir,U-sonic wind dir,deg,232.0
2025-06-01 04:00:00,VPD,VPD,mbar,0.0
2025-06-01 04:00:00,U-sonic wind speed,U-sonic wind speed,m/s,0.2
2025-06-01 04:00:00,Dew Point,Dew Point,°C,14.81
2025-06-01 03:00:00,U-sonic wind dir,U-sonic wind dir,deg,232.0
2025-06-01 03:00:00,Battery,Battery,mV,6453.0
2025-06-01 03:00:00,Solar Panel,Solar Panel,mV,0.0
2025-06-01 03:00:00,Solar radiation,Solar radiation,W/m2,0.0
2025-06-01 03:00:00,HC Relative humidity,HC Relative humidity,%,99.83
2025-06-01 03:00:00,HC Air temperature,HC Air temperature,°C,15.15
2025-06-01 03:00:00,U-sonic wind speed,U-sonic wind speed,m/s,0.2
2025-06-01 03:00:00,Wind gust,Wind gust,m/s,0.3
2025-06-01 03:00:00,DeltaT,DeltaT,°C,0.0
2025-06-01 03:00:00,VPD,VPD,mbar,0.0
2025-06-01 03:00:00,Dew Point,Dew Point,°C,15.13
2025-06-01 02:00:00,Solar radiation,Solar radiation,W/m2,0.0
2025-06-01 02:00:00,Battery,Battery,mV,6466.0
2025-06-01 02:00:00,DeltaT,DeltaT,°C,0.0
2025-06-01 02:00:00,HC Relative humidity,HC Relative humidity,%,99.83
2025-06-01 02:00:00,Wind gust,Wind gust,m/s,0.3
2025-06-01 02:00:00,U-sonic wind speed,U-sonic wind speed,m/s,0.2
2025-06-01 02:00:00,HC Air temperature,HC Air temperature,°C,15.81
2025-06-01 02:00:00,Dew Point,Dew Point,°C,15.78
2025-06-01 02:00:00,VPD,VPD,mbar,0.0
2025-06-01 02:00:00,U-sonic wind dir,U-sonic wind dir,deg,232.0
2025-06-01 02:00:00,Solar Panel,Solar Panel,mV,0.0
2025-06-01 01:00:00,HC Relative humidity,HC Relative humidity,%,99.83
2025-06-01 01:00:00,Dew Point,Dew Point,°C,16.21
2025-06-01 01:00:00,VPD,VPD,mbar,0.0
2025-06-01 01:00:00,DeltaT,DeltaT,°C,0.0
2025-06-01 01:00:00,Wind gust,Wind gust,m/s,0.4
2025-06-01 01:00:00,U-sonic wind speed,U-sonic wind speed,m/s,0.2
2025-06-01 01:00:00,U-sonic wind dir,U-sonic wind dir,deg,232.0
2025-06-01 01:00:00,HC Air temperature,HC Air temperature,°C,16.24
2025-06-01 01:00:00,Solar radiation,Solar radiation,W/m2,0.0
2025-06-01 01:00:00,Battery,Battery,mV,6475.0
2025-06-01 01:00:00,Solar Panel,Solar Panel,mV,0.0
2025-06-01 00:00:00,Solar radiation,Solar radiation,W/m2,0.0
2025-06-01 00:00:00,Battery,Battery,mV,6484.0
2025-06-01 00:00:00,DeltaT,DeltaT,°C,0.0
2025-06-01 00:00:00,Wind gust,Wind gust,m/s,0.4
2025-06-01 00:00:00,Solar Panel,Solar Panel,mV,0.0
2025-06-01 00:00:00,HC Air temperature,HC Air temperature,°C,16.79
2025-06-01 00:00:00,VPD,VPD,mbar,0.0
2025-06-01 00:00:00,U-sonic wind speed,U-sonic wind speed,m/s,0.2
2025-06-01 00:00:00,U-sonic wind dir,U-sonic wind dir,deg,232.0
2025-06-01 00:00:00,Dew Point,Dew Point,°C,16.76
2025-06-01 00:00:00,HC Relative humidity,HC Relative humidity,%,99.84
2025-05-31 23:00:00,Wind gust,Wind gust,m/s,0.5
2025-05-31 23:00:00,U-sonic wind speed,U-sonic wind speed,m/s,0.2
2025-05-31 23:00:00,U-sonic wind dir,U-sonic wind dir,deg,232.0
2025-05-31 23:00:00,Solar Panel,Solar Panel,mV,0.0
2025-05-31 23:00:00,HC Air temperature,HC Air temperature,°C,17.07
2025-05-31 23:00:00,HC Relative humidity,HC Relative humidity,%,99.84
2025-05-31 23:00:00,Solar radiation,Solar radiation,W/m2,0.0
2025-05-31 23:00:00,Dew Point,Dew Point,°C,17.05
2025-05-31 23:00:00,VPD,VPD,mbar,0.0
2025-05-31 23:00:00,DeltaT,DeltaT,°C,0.0
2025-05-31 23:00:00,Battery,Battery,mV,6488.0
2025-05-31 22:00:00,HC Relative humidity,HC Relative humidity,%,99.85
2025-05-31 22:00:00,Solar Panel,Solar Panel,mV,0.0
2025-05-31 22:00:00,Battery,Battery,mV,6488.0
2025-05-31 22:00:00,Solar radiation,Solar radiation,W/m2,0.0
2025-05-31 22:00:00,HC Air temperature,HC Air temperature,°C,18.06
2025-05-31 22:00:00,U-sonic wind dir,U-sonic wind dir,deg,232.0
2025-05-31 22:00:00,U-sonic wind speed,U-sonic wind speed,m/s,0.2
2025-05-31 22:00:00,Wind gust,Wind gust,m/s,0.4
2025-05-31 22:00:00,DeltaT,DeltaT,°C,0.0
2025-05-31 22:00:00,VPD,VPD,mbar,0.0
2025-05-31 22:00:00,Dew Point,Dew Point,°C,18.04
2025-05-31 21:00:00,Dew Point,Dew Point,°C,18.67
2025-05-31 21:00:00,VPD,VPD,mbar,0.0
2025-05-31 21:00:00,Wind gust,Wind gust,m/s,0.4
2025-05-31 21:00:00,U-sonic wind speed,U-sonic wind speed,m/s,0.2
2025-05-31 21:00:00,U-sonic wind dir,U-sonic wind dir,deg,234.0
2025-05-31 21:00:00,HC Air temperature,HC Air temperature,°C,18.7
2025-05-31 21:00:00,DeltaT,DeltaT,°C,0.0
2025-05-31 21:00:00,HC Relative humidity,HC Relative humidity,%,99.84
2025-05-31 21:00:00,Solar radiation,Solar radiation,W/m2,0.0
2025-05-31 21:00:00,Solar Panel,Solar Panel,mV,0.0
2025-05-31 21:00:00,Battery,Battery,mV,6493.0
2025-05-31 20:00:00,HC Air temperature,HC Air temperature,°C,19.49
2025-05-31 20:00:00,Dew Point,Dew Point,°C,19.47
2025-05-31 20:00:00,VPD,VPD,mbar,0.0
2025-05-31 20:00:00,DeltaT,DeltaT,°C,0.0
2025-05-31 20:00:00,Wind gust,Wind gust,m/s,0.5
2025-05-31 20:00:00,U-sonic wind speed,U-sonic wind speed,m/s,0.2
2025-05-31 20:00:00,U-sonic wind dir,U-sonic wind dir,deg,25.0
2025-05-31 20:00:00,HC Relative humidity,HC Relative humidity,%,99.89
2025-05-31 20:00:00,Solar radiation,Solar radiation,W/m2,0.0
2025-05-31 20:00:00,Solar Panel,Solar Panel,mV,0.0
2025-05-31 20:00:00,Battery,Battery,mV,6481.0
2025-05-31 19:00:00,DeltaT,DeltaT,°C,2.0
2025-05-31 19:00:00,Dew Point,Dew Point,°C,19.3
2025-05-31 19:00:00,Wind gust,Wind gust,m/s,0.8
2025-05-31 19:00:00,U-sonic wind speed,U-sonic wind speed,m/s,0.3
2025-05-31 19:00:00,U-sonic wind dir,U-sonic wind dir,deg,26.0
2025-05-31 19:00:00,HC Air temperature,HC Air temperature,°C,22.78
2025-05-31 19:00:00,HC Relative humidity,HC Relative humidity,%,82.05
2025-05-31 19:00:00,Solar radiation,Solar radiation,W/m2,18.0
2025-05-31 19:00:00,Solar Panel,Solar Panel,mV,220.0
2025-05-31 19:00:00,Battery,Battery,mV,6571.0
2025-05-31 19:00:00,VPD,VPD,mbar,5.3
2025-05-31 18:00:00,VPD,VPD,mbar,17.4
2025-05-31 18:00:00,DeltaT,DeltaT,°C,7.0
2025-05-31 18:00:00,Wind gust,Wind gust,m/s,1.2
2025-05-31 18:00:00,U-sonic wind speed,U-sonic wind speed,m/s,0.5
2025-05-31 18:00:00,U-sonic wind dir,U-sonic wind dir,deg,34.0
2025-05-31 18:00:00,HC Air temperature,HC Air temperature,°C,26.56
2025-05-31 18:00:00,HC Relative humidity,HC Relative humidity,%,50.22
2025-05-31 18:00:00,Solar radiation,Solar radiation,W/m2,145.0
2025-05-31 18:00:00,Solar Panel,Solar Panel,mV,7055.0
2025-05-31 18:00:00,Battery,Battery,mV,6822.0
2025-05-31 18:00:00,Dew Point,Dew Point,°C,15.27
2025-05-31 17:00:00,U-sonic wind dir,U-sonic wind dir,deg,33.0
2025-05-31 17:00:00,Battery,Battery,mV,6878.0
2025-05-31 17:00:00,Solar Panel,Solar Panel,mV,8911.0
2025-05-31 17:00:00,Solar radiation,Solar radiation,W/m2,325.0
2025-05-31 17:00:00,HC Relative humidity,HC Relative humidity,%,41.26
2025-05-31 17:00:00,HC Air temperature,HC Air temperature,°C,29.64
2025-05-31 17:00:00,U-sonic wind speed,U-sonic wind speed,m/s,0.5
2025-05-31 17:00:00,Wind gust,Wind gust,m/s,1.0
2025-05-31 17:00:00,DeltaT,DeltaT,°C,9.0
2025-05-31 17:00:00,VPD,VPD,mbar,24.4
2025-05-31 17:00:00,Dew Point,Dew Point,°C,15.08
2025-05-31 16:00:00,HC Air temperature,HC Air temperature,°C,31.12
2025-05-31 16:00:00,U-sonic wind dir,U-sonic wind dir,deg,35.0
2025-05-31 16:00:00,U-sonic wind speed,U-sonic wind speed,m/s,0.5
2025-05-31 16:00:00,Wind gust,Wind gust,m/s,1.3
2025-05-31 16:00:00,DeltaT,DeltaT,°C,10.0
2025-05-31 16:00:00,VPD,VPD,mbar,28.0
2025-05-31 16:00:00,Dew Point,Dew Point,°C,15.19
2025-05-31 16:00:00,Solar Panel,Solar Panel,mV,9565.0
2025-05-31 16:00:00,Battery,Battery,mV,6884.0
2025-05-31 16:00:00,Solar radiation,Solar radiation,W/m2,468.0
2025-05-31 16:00:00,HC Relative humidity,HC Relative humidity,%,38.19
2025-05-31 15:00:00,Solar radiation,Solar radiation,W/m2,633.0
2025-05-31 15:00:00,HC Relative humidity,HC Relative humidity,%,41.82
2025-05-31 15:00:00,HC Air temperature,HC Air temperature,°C,32.07
2025-05-31 15:00:00,U-sonic wind dir,U-sonic wind dir,deg,31.0
2025-05-31 15:00:00,U-sonic wind speed,U-sonic wind speed,m/s,0.5
2025-05-31 15:00:00,Wind gust,Wind gust,m/s,1.2
2025-05-31 15:00:00,DeltaT,DeltaT,°C,10.0
2025-05-31 15:00:00,VPD,VPD,mbar,27.8
2025-05-31 15:00:00,Dew Point,Dew Point,°C,17.48
2025-05-31 15:00:00,Battery,Battery,mV,6889.0
2025-05-31 15:00:00,Solar Panel,Solar Panel,mV,9789.0
2025-05-31 14:00:00,HC Relative humidity,HC Relative humidity,%,41.81
2025-05-31 14:00:00,Solar Panel,Solar Panel,mV,9829.0
2025-05-31 14:00:00,Battery,Battery,mV,6896.0
2025-05-31 14:00:00,U-sonic wind dir,U-sonic wind dir,deg,33.0
2025-05-31 14:00:00,U-sonic wind speed,U-sonic wind speed,m/s,0.5
2025-05-31 14:00:00,Wind gust,Wind gust,m/s,1.3
2025-05-31 14:00:00,DeltaT,DeltaT,°C,10.0
2025-05-31 14:00:00,VPD,VPD,mbar,28.7
2025-05-31 14:00:00,Dew Point,Dew Point,°C,17.96
2025-05-31 14:00:00,HC Air temperature,HC Air temperature,°C,32.62
2025-05-31 14:00:00,Solar radiation,Solar radiation,W/m2,756.0
2025-05-31 13:00:00,VPD,VPD,mbar,29.4
2025-05-31 13:00:00,Wind gust,Wind gust,m/s,1.4
2025-05-31 13:00:00,Dew Point,Dew Point,°C,16.99
2025-05-31 13:00:00,Battery,Battery,mV,6896.0
2025-05-31 13:00:00,Solar Panel,Solar Panel,mV,9876.0
2025-05-31 13:00:00,Solar radiation,Solar radiation,W/m2,902.0
2025-05-31 13:00:00,HC Relative humidity,HC Relative humidity,%,39.78
2025-05-31 13:00:00,HC Air temperature,HC Air temperature,°C,32.44
2025-05-31 13:00:00,U-sonic wind dir,U-sonic wind dir,deg,24.0
2025-05-31 13:00:00,U-sonic wind speed,U-sonic wind speed,m/s,0.5
2025-05-31 13:00:00,DeltaT,DeltaT,°C,10.0
2025-05-31 12:00:00,VPD,VPD,mbar,31.1
2025-05-31 12:00:00,Solar radiation,Solar radiation,W/m2,968.0
2025-05-31 12:00:00,Solar Panel,Solar Panel,mV,9927.0
2025-05-31 12:00:00,Battery,Battery,mV,6896.0
2025-05-31 12:00:00,HC Relative humidity,HC Relative humidity,%,39.02
2025-05-31 12:00:00,HC Air temperature,HC Air temperature,°C,33.2
2025-05-31 12:00:00,U-sonic wind dir,U-sonic wind dir,deg,26.0
2025-05-31 12:00:00,U-sonic wind speed,U-sonic wind speed,m/s,8.8
2025-05-31 12:00:00,Wind gust,Wind gust,m/s,27.7
2025-05-31 12:00:00,Dew Point,Dew Point,°C,17.34
2025-05-31 12:00:00,DeltaT,DeltaT,°C,11.0
2025-05-31 11:00:00,Dew Point,Dew Point,°C,17.74
2025-05-31 11:00:00,HC Relative humidity,HC Relative humidity,%,37.53
2025-05-31 11:00:00,HC Air temperature,HC Air temperature,°C,34.33
2025-05-31 11:00:00,U-sonic wind dir,U-sonic wind dir,deg,236.0
2025-05-31 11:00:00,U-sonic wind speed,U-sonic wind speed,m/s,14.3
2025-05-31 11:00:00,Wind gust,Wind gust,m/s,37.1
2025-05-31 11:00:00,DeltaT,DeltaT,°C,11.0
2025-05-31 11:00:00,Battery,Battery,mV,6896.0
2025-05-31 11:00:00,Solar Panel,Solar Panel,mV,9829.0
2025-05-31 11:00:00,Solar radiation,Solar radiation,W/m2,918.0
2025-05-31 11:00:00,VPD,VPD,mbar,33.9
2025-05-31 10:00:00,HC Air temperature,HC Air temperature,°C,33.18
2025-05-31 10:00:00,U-sonic wind speed,U-sonic wind speed,m/s,18.5
2025-05-31 10:00:00,U-sonic wind dir,U-sonic wind dir,deg,203.0
2025-05-31 10:00:00,Solar Panel,Solar Panel,mV,9896.0
2025-05-31 10:00:00,Solar radiation,Solar radiation,W/m2,849.0
2025-05-31 10:00:00,HC Relative humidity,HC Relative humidity,%,43.91
2025-05-31 10:00:00,Wind gust,Wind gust,m/s,35.4
2025-05-31 10:00:00,DeltaT,DeltaT,°C,10.0
2025-05-31 10:00:00,Battery,Battery,mV,6889.0
2025-05-31 10:00:00,VPD,VPD,mbar,28.6
2025-05-31 10:00:00,Dew Point,Dew Point,°C,19.22
2025-05-31 09:00:00,Dew Point,Dew Point,°C,20.37
2025-05-31 09:00:00,HC Air temperature,HC Air temperature,°C,31.77
2025-05-31 09:00:00,U-sonic wind dir,U-sonic wind dir,deg,10.0
2025-05-31 09:00:00,DeltaT,DeltaT,°C,8.0
2025-05-31 09:00:00,VPD,VPD,mbar,23.0
2025-05-31 09:00:00,Wind gust,Wind gust,m/s,16.7
2025-05-31 09:00:00,U-sonic wind speed,U-sonic wind speed,m/s,1.3
2025-05-31 09:00:00,Battery,Battery,mV,6889.0
2025-05-31 09:00:00,Solar Panel,Solar Panel,mV,9974.0
2025-05-31 09:00:00,Solar radiation,Solar radiation,W/m2,682.0
2025-05-31 09:00:00,HC Relative humidity,HC Relative humidity,%,51.08
2025-05-31 08:00:00,Solar Panel,Solar Panel,mV,7118.0
2025-05-31 08:00:00,HC Relative humidity,HC Relative humidity,%,56.39
2025-05-31 08:00:00,HC Air temperature,HC Air temperature,°C,29.47
2025-05-31 08:00:00,U-sonic wind dir,U-sonic wind dir,deg,37.0
2025-05-31 08:00:00,Dew Point,Dew Point,°C,19.89
2025-05-31 08:00:00,VPD,VPD,mbar,17.9
2025-05-31 08:00:00,DeltaT,DeltaT,°C,7.0
2025-05-31 08:00:00,Wind gust,Wind gust,m/s,1.1
2025-05-31 08:00:00,U-sonic wind speed,U-sonic wind speed,m/s,0.4
2025-05-31 08:00:00,Battery,Battery,mV,6838.0
2025-05-31 08:00:00,Solar radiation,Solar radiation,W/m2,516.0
2025-05-31 07:00:00,Wind gust,Wind gust,m/s,0.8
2025-05-31 07:00:00,HC Relative humidity,HC Relative humidity,%,69.25
2025-05-31 07:00:00,VPD,VPD,mbar,11.0
2025-05-31 07:00:00,HC Air temperature,HC Air temperature,°C,26.88
2025-05-31 07:00:00,U-sonic wind speed,U-sonic wind speed,m/s,0.3
2025-05-31 07:00:00,U-sonic wind dir,U-sonic wind dir,deg,44.0
2025-05-31 07:00:00,DeltaT,DeltaT,°C,4.0
2025-05-31 07:00:00,Solar radiation,Solar radiation,W/m2,331.0
2025-05-31 07:00:00,Battery,Battery,mV,6771.0
2025-05-31 07:00:00,Solar Panel,Solar Panel,mV,7051.0
2025-05-31 07:00:00,Dew Point,Dew Point,°C,20.74
2025-05-31 06:00:00,HC Air temperature,HC Air temperature,°C,22.39
2025-05-31 06:00:00,HC Relative humidity,HC Relative humidity,%,96.55
2025-05-31 06:00:00,U-sonic wind speed,U-sonic wind speed,m/s,0.2
2025-05-31 06:00:00,U-sonic wind dir,U-sonic wind dir,deg,29.0
2025-05-31 06:00:00,Dew Point,Dew Point,°C,21.77
2025-05-31 06:00:00,VPD,VPD,mbar,1.1
2025-05-31 06:00:00,DeltaT,DeltaT,°C,0.0
2025-05-31 06:00:00,Wind gust,Wind gust,m/s,0.4
2025-05-31 06:00:00,Solar radiation,Solar radiation,W/m2,166.0
2025-05-31 06:00:00,Solar Panel,Solar Panel,mV,6945.0
2025-05-31 06:00:00,Battery,Battery,mV,6671.0
2025-05-31 05:00:00,VPD,VPD,mbar,0.0
2025-05-31 05:00:00,Dew Point,Dew Point,°C,16.52
2025-05-31 05:00:00,Solar Panel,Solar Panel,mV,6740.0
2025-05-31 05:00:00,Solar radiation,Solar radiation,W/m2,30.0
2025-05-31 05:00:00,Battery,Battery,mV,6481.0
2025-05-31 05:00:00,HC Air temperature,HC Air temperature,°C,16.55
2025-05-31 05:00:00,HC Relative humidity,HC Relative humidity,%,99.83
2025-05-31 05:00:00,DeltaT,DeltaT,°C,0.0
2025-05-31 05:00:00,Wind gust,Wind gust,m/s,0.5
2025-05-31 05:00:00,U-sonic wind dir,U-sonic wind dir,deg,28.0
2025-05-31 05:00:00,U-sonic wind speed,U-sonic wind speed,m/s,0.2
2025-05-31 04:00:00,Wind gust,Wind gust,m/s,0.3
2025-05-31 04:00:00,Solar Panel,Solar Panel,mV,453.0
2025-05-31 04:00:00,DeltaT,DeltaT,°C,0.0
2025-05-31 04:00:00,U-sonic wind dir,U-sonic wind dir,deg,29.0
2025-05-31 04:00:00,VPD,VPD,mbar,0.0
2025-05-31 04:00:00,Dew Point,Dew Point,°C,15.71
2025-05-31 04:00:00,U-sonic wind speed,U-sonic wind speed,m/s,0.2
2025-05-31 04:00:00,HC Relative humidity,HC Relative humidity,%,99.83
2025-05-31 04:00:00,HC Air temperature,HC Air temperature,°C,15.74
2025-05-31 04:00:00,Battery,Battery,mV,6435.0
2025-05-31 04:00:00,Solar radiation,Solar radiation,W/m2,0.0
2025-05-31 03:00:00,Wind gust,Wind gust,m/s,0.3
2025-05-31 03:00:00,U-sonic wind dir,U-sonic wind dir,deg,29.0
2025-05-31 03:00:00,U-sonic wind speed,U-sonic wind speed,m/s,0.2
2025-05-31 03:00:00,DeltaT,DeltaT,°C,0.0
2025-05-31 03:00:00,VPD,VPD,mbar,0.0
2025-05-31 03:00:00,Dew Point,Dew Point,°C,15.77
2025-05-31 03:00:00,HC Air temperature,HC Air temperature,°C,15.8
2025-05-31 03:00:00,HC Relative humidity,HC Relative humidity,%,99.83
2025-05-31 03:00:00,Solar radiation,Solar radiation,W/m2,0.0
2025-05-31 03:00:00,Solar Panel,Solar Panel,mV,0.0
2025-05-31 03:00:00,Battery,Battery,mV,6448.0
2025-05-31 02:00:00,Solar radiation,Solar radiation,W/m2,0.0
2025-05-31 02:00:00,Solar Panel,Solar Panel,mV,0.0
2025-05-31 02:00:00,U-sonic wind dir,U-sonic wind dir,deg,29.0
2025-05-31 02:00:00,DeltaT,DeltaT,°C,0.0
2025-05-31 02:00:00,Wind gust,Wind gust,m/s,0.3
2025-05-31 02:00:00,U-sonic wind speed,U-sonic wind speed,m/s,0.2
2025-05-31 02:00:00,Battery,Battery,mV,6461.0
2025-05-31 02:00:00,Dew Point,Dew Point,°C,15.27
2025-05-31 02:00:00,VPD,VPD,mbar,0.0
2025-05-31 02:00:00,HC Air temperature,HC Air temperature,°C,15.3
2025-05-31 02:00:00,HC Relative humidity,HC Relative humidity,%,99.84
2025-05-31 01:00:00,HC Relative humidity,HC Relative humidity,%,99.88
2025-05-31 01:00:00,DeltaT,DeltaT,°C,0.0
2025-05-31 01:00:00,Solar Panel,Solar Panel,mV,0.0
2025-05-31 01:00:00,Battery,Battery,mV,6470.0
2025-05-31 01:00:00,Dew Point,Dew Point,°C,15.61
2025-05-31 01:00:00,VPD,VPD,mbar,0.0
2025-05-31 01:00:00,Solar radiation,Solar radiation,W/m2,0.0
2025-05-31 01:00:00,U-sonic wind speed,U-sonic wind speed,m/s,0.2
2025-05-31 01:00:00,U-sonic wind dir,U-sonic wind dir,deg,29.0
2025-05-31 01:00:00,HC Air temperature,HC Air temperature,°C,15.63
2025-05-31 01:00:00,Wind gust,Wind gust,m/s,0.6
2025-05-31 00:00:00,HC Air temperature,HC Air temperature,°C,16.24
2025-05-31 00:00:00,HC Relative humidity,HC Relative humidity,%,99.91
2025-05-31 00:00:00,Solar radiation,Solar radiation,W/m2,0.0
2025-05-31 00:00:00,Battery,Battery,mV,6481.0
2025-05-31 00:00:00,Dew Point,Dew Point,°C,16.23
2025-05-31 00:00:00,Wind gust,Wind gust,m/s,0.4
2025-05-31 00:00:00,DeltaT,DeltaT,°C,0.0
2025-05-31 00:00:00,VPD,VPD,mbar,0.0
2025-05-31 00:00:00,Solar Panel,Solar Panel,mV,0.0
2025-05-31 00:00:00,U-sonic wind speed,U-sonic wind speed,m/s,0.2
2025-05-31 00:00:00,U-sonic wind dir,U-sonic wind dir,deg,230.0
2025-05-30 23:00:00,U-sonic wind dir,U-sonic wind dir,deg,27.0
2025-05-30 23:00:00,Dew Point,Dew Point,°C,17.23
2025-05-30 23:00:00,VPD,VPD,mbar,0.0
2025-05-30 23:00:00,DeltaT,DeltaT,°C,0.0
2025-05-30 23:00:00,Wind gust,Wind gust,m/s,0.7
2025-05-30 23:00:00,U-sonic wind speed,U-sonic wind speed,m/s,0.3
2025-05-30 23:00:00,HC Air temperature,HC Air temperature,°C,17.24
2025-05-30 23:00:00,HC Relative humidity,HC Relative humidity,%,99.96
2025-05-30 23:00:00,Solar radiation,Solar radiation,W/m2,0.0
2025-05-30 23:00:00,Solar Panel,Solar Panel,mV,0.0
2025-05-30 23:00:00,Battery,Battery,mV,6486.0
2025-05-30 22:00:00,HC Relative humidity,HC Relative humidity,%,95.48
2025-05-30 22:00:00,HC Air temperature,HC Air temperature,°C,17.24
2025-05-30 22:00:00,U-sonic wind dir,U-sonic wind dir,deg,27.0
2025-05-30 22:00:00,U-sonic wind speed,U-sonic wind speed,m/s,0.2
2025-05-30 22:00:00,Wind gust,Wind gust,m/s,0.5
2025-05-30 22:00:00,DeltaT,DeltaT,°C,0.0
2025-05-30 22:00:00,VPD,VPD,mbar,0.9
2025-05-30 22:00:00,Dew Point,Dew Point,°C,16.48
2025-05-30 22:00:00,Solar radiation,Solar radiation,W/m2,0.0
2025-05-30 22:00:00,Solar Panel,Solar Panel,mV,0.0
2025-05-30 22:00:00,Battery,Battery,mV,6488.0
2025-05-30 21:00:00,VPD,VPD,mbar,0.0
2025-05-30 21:00:00,Battery,Battery,mV,6493.0
2025-05-30 21:00:00,Solar Panel,Solar Panel,mV,0.0
2025-05-30 21:00:00,Solar radiation,Solar radiation,W/m2,0.0
2025-05-30 21:00:00,HC Relative humidity,HC Relative humidity,%,99.93
2025-05-30 21:00:00,HC Air temperature,HC Air temperature,°C,16.78
2025-05-30 21:00:00,U-sonic wind dir,U-sonic wind dir,deg,30.0
2025-05-30 21:00:00,U-sonic wind speed,U-sonic wind speed,m/s,0.3
2025-05-30 21:00:00,Wind gust,Wind gust,m/s,0.7
2025-05-30 21:00:00,DeltaT,DeltaT,°C,0.0
2025-05-30 21:00:00,Dew Point,Dew Point,°C,16.77
2025-05-30 20:00:00,VPD,VPD,mbar,3.2
2025-05-30 20:00:00,HC Air temperature,HC Air temperature,°C,18.4
2025-05-30 20:00:00,Dew Point,Dew Point,°C,15.84
2025-05-30 20:00:00,HC Relative humidity,HC Relative humidity,%,85.59
2025-05-30 20:00:00,U-sonic wind dir,U-sonic wind dir,deg,349.0
2025-05-30 20:00:00,U-sonic wind speed,U-sonic wind speed,m/s,0.3
2025-05-30 20:00:00,Solar Panel,Solar Panel,mV,0.0
2025-05-30 20:00:00,Wind gust,Wind gust,m/s,0.5
2025-05-30 20:00:00,Battery,Battery,mV,6481.0
2025-05-30 20:00:00,DeltaT,DeltaT,°C,2.0
2025-05-30 20:00:00,Solar radiation,Solar radiation,W/m2,0.0
2025-05-30 19:00:00,Battery,Battery,mV,6546.0
2025-05-30 19:00:00,Solar radiation,Solar radiation,W/m2,17.0
2025-05-30 19:00:00,HC Relative humidity,HC Relative humidity,%,58.95
2025-05-30 19:00:00,Dew Point,Dew Point,°C,14.1
2025-05-30 19:00:00,U-sonic wind dir,U-sonic wind dir,deg,15.0
2025-05-30 19:00:00,HC Air temperature,HC Air temperature,°C,22.64
2025-05-30 19:00:00,U-sonic wind speed,U-sonic wind speed,m/s,0.3
2025-05-30 19:00:00,Wind gust,Wind gust,m/s,1.0
2025-05-30 19:00:00,DeltaT,DeltaT,°C,5.0
2025-05-30 19:00:00,VPD,VPD,mbar,11.5
2025-05-30 19:00:00,Solar Panel,Solar Panel,mV,173.0
2025-05-30 18:00:00,U-sonic wind speed,U-sonic wind speed,m/s,0.6
2025-05-30 18:00:00,Battery,Battery,mV,6826.0
2025-05-30 18:00:00,Solar Panel,Solar Panel,mV,7071.0
2025-05-30 18:00:00,Solar radiation,Solar radiation,W/m2,145.0
2025-05-30 18:00:00,HC Relative humidity,HC Relative humidity,%,46.77
2025-05-30 18:00:00,HC Air temperature,HC Air temperature,°C,25.65
2025-05-30 18:00:00,U-sonic wind dir,U-sonic wind dir,deg,24.0
2025-05-30 18:00:00,Wind gust,Wind gust,m/s,1.2
2025-05-30 18:00:00,DeltaT,DeltaT,°C,8.0
2025-05-30 18:00:00,VPD,VPD,mbar,17.5
2025-05-30 18:00:00,Dew Point,Dew Point,°C,13.42
2025-05-30 17:00:00,Solar radiation,Solar radiation,W/m2,325.0
2025-05-30 17:00:00,Solar Panel,Solar Panel,mV,7725.0
2025-05-30 17:00:00,Battery,Battery,mV,6878.0
2025-05-30 17:00:00,DeltaT,DeltaT,°C,9.0
2025-05-30 17:00:00,VPD,VPD,mbar,23.9
2025-05-30 17:00:00,Dew Point,Dew Point,°C,13.7
2025-05-30 17:00:00,Wind gust,Wind gust,m/s,1.3
2025-05-30 17:00:00,U-sonic wind speed,U-sonic wind speed,m/s,0.6
2025-05-30 17:00:00,U-sonic wind dir,U-sonic wind dir,deg,27.0
2025-05-30 17:00:00,HC Air temperature,HC Air temperature,°C,28.78
2025-05-30 17:00:00,HC Relative humidity,HC Relative humidity,%,39.67
2025-05-30 16:00:00,U-sonic wind dir,U-sonic wind dir,deg,32.0
2025-05-30 16:00:00,U-sonic wind speed,U-sonic wind speed,m/s,0.5
2025-05-30 16:00:00,Wind gust,Wind gust,m/s,1.2
2025-05-30 16:00:00,Dew Point,Dew Point,°C,14.67
2025-05-30 16:00:00,DeltaT,DeltaT,°C,10.0
2025-05-30 16:00:00,VPD,VPD,mbar,27.7
2025-05-30 16:00:00,HC Air temperature,HC Air temperature,°C,30.78
2025-05-30 16:00:00,HC Relative humidity,HC Relative humidity,%,37.63
2025-05-30 16:00:00,Battery,Battery,mV,6884.0
2025-05-30 16:00:00,Solar Panel,Solar Panel,mV,9435.0
2025-05-30 16:00:00,Solar radiation,Solar radiation,W/m2,467.0
2025-05-30 15:00:00,HC Air temperature,HC Air temperature,°C,31.47
2025-05-30 15:00:00,U-sonic wind dir,U-sonic wind dir,deg,29.0
2025-05-30 15:00:00,HC Relative humidity,HC Relative humidity,%,38.3
2025-05-30 15:00:00,Solar radiation,Solar radiation,W/m2,637.0
2025-05-30 15:00:00,Solar Panel,Solar Panel,mV,9789.0
2025-05-30 15:00:00,Battery,Battery,mV,6889.0
2025-05-30 15:00:00,U-sonic wind speed,U-sonic wind speed,m/s,0.6
2025-05-30 15:00:00,Wind gust,Wind gust,m/s,1.4
2025-05-30 15:00:00,DeltaT,DeltaT,°C,10.0
2025-05-30 15:00:00,VPD,VPD,mbar,28.5
2025-05-30 15:00:00,Dew Point,Dew Point,°C,15.52
2025-05-30 14:00:00,Solar radiation,Solar radiation,W/m2,752.0
2025-05-30 14:00:00,Dew Point,Dew Point,°C,17.59
2025-05-30 14:00:00,VPD,VPD,mbar,26.1
2025-05-30 14:00:00,DeltaT,DeltaT,°C,9.0
2025-05-30 14:00:00,Wind gust,Wind gust,m/s,1.7
2025-05-30 14:00:00,U-sonic wind speed,U-sonic wind speed,m/s,0.6
2025-05-30 14:00:00,Battery,Battery,mV,6896.0
2025-05-30 14:00:00,U-sonic wind dir,U-sonic wind dir,deg,24.0
2025-05-30 14:00:00,Solar Panel,Solar Panel,mV,9927.0
2025-05-30 14:00:00,HC Air temperature,HC Air temperature,°C,31.51
2025-05-30 14:00:00,HC Relative humidity,HC Relative humidity,%,43.57
2025-05-30 13:00:00,U-sonic wind speed,U-sonic wind speed,m/s,0.6
2025-05-30 13:00:00,Battery,Battery,mV,6896.0
2025-05-30 13:00:00,Solar Panel,Solar Panel,mV,9939.0
2025-05-30 13:00:00,Solar radiation,Solar radiation,W/m2,898.0
2025-05-30 13:00:00,VPD,VPD,mbar,24.2
2025-05-30 13:00:00,DeltaT,DeltaT,°C,8.0
2025-05-30 13:00:00,Wind gust,Wind gust,m/s,1.7
2025-05-30 13:00:00,HC Relative humidity,HC Relative humidity,%,47.44
2025-05-30 13:00:00,HC Air temperature,HC Air temperature,°C,31.45
2025-05-30 13:00:00,Dew Point,Dew Point,°C,18.92
2025-05-30 13:00:00,U-sonic wind dir,U-sonic wind dir,deg,22.0
2025-05-30 12:00:00,Solar Panel,Solar Panel,mV,9911.0
2025-05-30 12:00:00,Battery,Battery,mV,6896.0
2025-05-30 12:00:00,Solar radiation,Solar radiation,W/m2,969.0
2025-05-30 12:00:00,HC Relative humidity,HC Relative humidity,%,48.46
2025-05-30 12:00:00,HC Air temperature,HC Air temperature,°C,30.92
2025-05-30 12:00:00,U-sonic wind dir,U-sonic wind dir,deg,31.0
2025-05-30 12:00:00,U-sonic wind speed,U-sonic wind speed,m/s,0.6
2025-05-30 12:00:00,Wind gust,Wind gust,m/s,1.7
2025-05-30 12:00:00,Dew Point,Dew Point,°C,18.76
2025-05-30 12:00:00,VPD,VPD,mbar,23.1
2025-05-30 12:00:00,DeltaT,DeltaT,°C,8.0
2025-05-30 11:00:00,Battery,Battery,mV,6893.0
2025-05-30 11:00:00,Dew Point,Dew Point,°C,19.35
2025-05-30 11:00:00,HC Air temperature,HC Air temperature,°C,29.66
2025-05-30 11:00:00,U-sonic wind dir,U-sonic wind dir,deg,33.0
2025-05-30 11:00:00,HC Relative humidity,HC Relative humidity,%,53.97
2025-05-30 11:00:00,Solar radiation,Solar radiation,W/m2,912.0
2025-05-30 11:00:00,Solar Panel,Solar Panel,mV,9974.0
2025-05-30 11:00:00,U-sonic wind speed,U-sonic wind speed,m/s,0.6
2025-05-30 11:00:00,Wind gust,Wind gust,m/s,1.6
2025-05-30 11:00:00,DeltaT,DeltaT,°C,7.0
2025-05-30 11:00:00,VPD,VPD,mbar,19.1
2025-05-30 10:00:00,VPD,VPD,mbar,17.8
2025-05-30 10:00:00,DeltaT,DeltaT,°C,7.0
2025-05-30 10:00:00,Wind gust,Wind gust,m/s,1.5
2025-05-30 10:00:00,U-sonic wind speed,U-sonic wind speed,m/s,0.7
2025-05-30 10:00:00,U-sonic wind dir,U-sonic wind dir,deg,32.0
2025-05-30 10:00:00,HC Air temperature,HC Air temperature,°C,29.11
2025-05-30 10:00:00,HC Relative humidity,HC Relative humidity,%,55.94
2025-05-30 10:00:00,Solar radiation,Solar radiation,W/m2,855.0
2025-05-30 10:00:00,Solar Panel,Solar Panel,mV,10026.0
2025-05-30 10:00:00,Battery,Battery,mV,6896.0
2025-05-30 10:00:00,Dew Point,Dew Point,°C,19.42
2025-05-30 09:00:00,HC Air temperature,HC Air temperature,°C,27.83
2025-05-30 09:00:00,Dew Point,Dew Point,°C,19.38
2025-05-30 09:00:00,VPD,VPD,mbar,15.0
2025-05-30 09:00:00,DeltaT,DeltaT,°C,6.0
2025-05-30 09:00:00,Wind gust,Wind gust,m/s,1.6
2025-05-30 09:00:00,U-sonic wind speed,U-sonic wind speed,m/s,0.7
2025-05-30 09:00:00,U-sonic wind dir,U-sonic wind dir,deg,32.0
2025-05-30 09:00:00,HC Relative humidity,HC Relative humidity,%,60.13
2025-05-30 09:00:00,Solar radiation,Solar radiation,W/m2,660.0
2025-05-30 09:00:00,Solar Panel,Solar Panel,mV,10104.0
2025-05-30 09:00:00,Battery,Battery,mV,6893.0
2025-05-30 08:00:00,HC Air temperature,HC Air temperature,°C,25.34
2025-05-30 08:00:00,Solar radiation,Solar radiation,W/m2,490.0
2025-05-30 08:00:00,U-sonic wind dir,U-sonic wind dir,deg,35.0
2025-05-30 08:00:00,Battery,Battery,mV,6875.0
2025-05-30 08:00:00,Solar Panel,Solar Panel,mV,7587.0
2025-05-30 08:00:00,U-sonic wind speed,U-sonic wind speed,m/s,0.6
2025-05-30 08:00:00,HC Relative humidity,HC Relative humidity,%,71.97
2025-05-30 08:00:00,VPD,VPD,mbar,9.2
2025-05-30 08:00:00,Wind gust,Wind gust,m/s,1.5
2025-05-30 08:00:00,DeltaT,DeltaT,°C,4.0
2025-05-30 08:00:00,Dew Point,Dew Point,°C,19.87
2025-05-30 07:00:00,HC Relative humidity,HC Relative humidity,%,92.16
2025-05-30 07:00:00,VPD,VPD,mbar,2.3
2025-05-30 07:00:00,HC Air temperature,HC Air temperature,°C,22.31
2025-05-30 07:00:00,U-sonic wind dir,U-sonic wind dir,deg,28.0
2025-05-30 07:00:00,Dew Point,Dew Point,°C,20.89
2025-05-30 07:00:00,U-sonic wind speed,U-sonic wind speed,m/s,0.6
2025-05-30 07:00:00,DeltaT,DeltaT,°C,1.0
2025-05-30 07:00:00,Wind gust,Wind gust,m/s,1.7
2025-05-30 07:00:00,Battery,Battery,mV,6766.0
2025-05-30 07:00:00,Solar Panel,Solar Panel,mV,7039.0
2025-05-30 07:00:00,Solar radiation,Solar radiation,W/m2,185.0
2025-05-30 06:00:00,DeltaT,DeltaT,°C,0.0
2025-05-30 06:00:00,Dew Point,Dew Point,°C,20.44
2025-05-30 06:00:00,VPD,VPD,mbar,0.0
2025-05-30 06:00:00,Wind gust,Wind gust,m/s,1.2
2025-05-30 06:00:00,U-sonic wind speed,U-sonic wind speed,m/s,0.4
2025-05-30 06:00:00,U-sonic wind dir,U-sonic wind dir,deg,30.0
2025-05-30 06:00:00,HC Air temperature,HC Air temperature,°C,20.45
2025-05-30 06:00:00,HC Relative humidity,HC Relative humidity,%,99.95
2025-05-30 06:00:00,Solar radiation,Solar radiation,W/m2,72.0
2025-05-30 06:00:00,Solar Panel,Solar Panel,mV,6890.0
2025-05-30 06:00:00,Battery,Battery,mV,6624.0
2025-05-30 05:00:00,VPD,VPD,mbar,0.0
2025-05-30 05:00:00,Dew Point,Dew Point,°C,18.46
2025-05-30 05:00:00,Wind gust,Wind gust,m/s,0.9
2025-05-30 05:00:00,Battery,Battery,mV,6466.0
2025-05-30 05:00:00,Solar Panel,Solar Panel,mV,6705.0
2025-05-30 05:00:00,Solar radiation,Solar radiation,W/m2,9.0
2025-05-30 05:00:00,HC Relative humidity,HC Relative humidity,%,99.92
2025-05-30 05:00:00,HC Air temperature,HC Air temperature,°C,18.48
2025-05-30 05:00:00,U-sonic wind dir,U-sonic wind dir,deg,31.0
2025-05-30 05:00:00,U-sonic wind speed,U-sonic wind speed,m/s,0.3
2025-05-30 05:00:00,DeltaT,DeltaT,°C,0.0
2025-05-30 04:00:00,Dew Point,Dew Point,°C,18.57
2025-05-30 04:00:00,Solar Panel,Solar Panel,mV,267.0
2025-05-30 04:00:00,HC Relative humidity,HC Relative humidity,%,99.93
2025-05-30 04:00:00,Battery,Battery,mV,6448.0
2025-05-30 04:00:00,HC Air temperature,HC Air temperature,°C,18.58
2025-05-30 04:00:00,U-sonic wind dir,U-sonic wind dir,deg,31.0
2025-05-30 04:00:00,Solar radiation,Solar radiation,W/m2,0.0
2025-05-30 04:00:00,U-sonic wind speed,U-sonic wind speed,m/s,0.3
2025-05-30 04:00:00,Wind gust,Wind gust,m/s,1.0
2025-05-30 04:00:00,DeltaT,DeltaT,°C,0.0
2025-05-30 04:00:00,VPD,VPD,mbar,0.0
2025-05-30 03:00:00,Solar radiation,Solar radiation,W/m2,0.0
2025-05-30 03:00:00,Dew Point,Dew Point,°C,18.89
2025-05-30 03:00:00,U-sonic wind speed,U-sonic wind speed,m/s,0.4
2025-05-30 03:00:00,Wind gust,Wind gust,m/s,1.0
2025-05-30 03:00:00,DeltaT,DeltaT,°C,0.0
2025-05-30 03:00:00,VPD,VPD,mbar,0.1
2025-05-30 03:00:00,Battery,Battery,mV,6457.0
2025-05-30 03:00:00,Solar Panel,Solar Panel,mV,0.0
2025-05-30 03:00:00,HC Relative humidity,HC Relative humidity,%,99.36
2025-05-30 03:00:00,U-sonic wind dir,U-sonic wind dir,deg,29.0
2025-05-30 03:00:00,HC Air temperature,HC Air temperature,°C,18.99
2025-05-30 02:00:00,VPD,VPD,mbar,3.4
2025-05-30 02:00:00,Solar radiation,Solar radiation,W/m2,0.0
2025-05-30 02:00:00,Solar Panel,Solar Panel,mV,0.0
2025-05-30 02:00:00,Wind gust,Wind gust,m/s,1.1
2025-05-30 02:00:00,U-sonic wind speed,U-sonic wind speed,m/s,0.3
2025-05-30 02:00:00,DeltaT,DeltaT,°C,2.0
2025-05-30 02:00:00,HC Relative humidity,HC Relative humidity,%,85.04
2025-05-30 02:00:00,HC Air temperature,HC Air temperature,°C,19.38
2025-05-30 02:00:00,U-sonic wind dir,U-sonic wind dir,deg,29.0
2025-05-30 02:00:00,Battery,Battery,mV,6470.0
2025-05-30 02:00:00,Dew Point,Dew Point,°C,16.77
2025-05-30 01:00:00,Wind gust,Wind gust,m/s,1.4
2025-05-30 01:00:00,Battery,Battery,mV,6481.0
2025-05-30 01:00:00,Solar Panel,Solar Panel,mV,0.0
2025-05-30 01:00:00,U-sonic wind speed,U-sonic wind speed,m/s,0.5
2025-05-30 01:00:00,U-sonic wind dir,U-sonic wind dir,deg,28.0
2025-05-30 01:00:00,HC Air temperature,HC Air temperature,°C,20.31
2025-05-30 01:00:00,HC Relative humidity,HC Relative humidity,%,69.34
2025-05-30 01:00:00,Solar radiation,Solar radiation,W/m2,0.0
2025-05-30 01:00:00,DeltaT,DeltaT,°C,4.0
2025-05-30 01:00:00,VPD,VPD,mbar,7.3
2025-05-30 01:00:00,Dew Point,Dew Point,°C,14.51
2025-05-30 00:00:00,Wind gust,Wind gust,m/s,1.3
2025-05-30 00:00:00,DeltaT,DeltaT,°C,4.0
2025-05-30 00:00:00,Battery,Battery,mV,6488.0
2025-05-30 00:00:00,VPD,VPD,mbar,7.8
2025-05-30 00:00:00,Dew Point,Dew Point,°C,14.55
2025-05-30 00:00:00,Solar Panel,Solar Panel,mV,0.0
2025-05-30 00:00:00,Solar radiation,Solar radiation,W/m2,0.0
2025-05-30 00:00:00,HC Air temperature,HC Air temperature,°C,20.69
2025-05-30 00:00:00,HC Relative humidity,HC Relative humidity,%,67.93
2025-05-30 00:00:00,U-sonic wind speed,U-sonic wind speed,m/s,0.4
2025-05-30 00:00:00,U-sonic wind dir,U-sonic wind dir,deg,32.0
2025-05-29 23:00:00,U-sonic wind speed,U-sonic wind speed,m/s,0.4
2025-05-29 23:00:00,HC Air temperature,HC Air temperature,°C,21.33
2025-05-29 23:00:00,HC Relative humidity,HC Relative humidity,%,65.49
2025-05-29 23:00:00,Solar radiation,Solar radiation,W/m2,0.0
2025-05-29 23:00:00,Solar Panel,Solar Panel,mV,0.0
2025-05-29 23:00:00,Battery,Battery,mV,6493.0
2025-05-29 23:00:00,Wind gust,Wind gust,m/s,1.2
2025-05-29 23:00:00,DeltaT,DeltaT,°C,4.0
2025-05-29 23:00:00,VPD,VPD,mbar,8.8
2025-05-29 23:00:00,Dew Point,Dew Point,°C,14.6
2025-05-29 23:00:00,U-sonic wind dir,U-sonic wind dir,deg,34.0
2025-05-29 22:00:00,HC Air temperature,HC Air temperature,°C,21.98
2025-05-29 22:00:00,Dew Point,Dew Point,°C,14.98
2025-05-29 22:00:00,VPD,VPD,mbar,9.4
2025-05-29 22:00:00,DeltaT,DeltaT,°C,4.0
2025-05-29 22:00:00,Wind gust,Wind gust,m/s,1.2
2025-05-29 22:00:00,U-sonic wind speed,U-sonic wind speed,m/s,0.4
2025-05-29 22:00:00,U-sonic wind dir,U-sonic wind dir,deg,35.0
2025-05-29 22:00:00,Battery,Battery,mV,6497.0
2025-05-29 22:00:00,Solar Panel,Solar Panel,mV,0.0
2025-05-29 22:00:00,Solar radiation,Solar radiation,W/m2,0.0
2025-05-29 22:00:00,HC Relative humidity,HC Relative humidity,%,64.54
2025-05-29 21:00:00,HC Air temperature,HC Air temperature,°C,22.94
2025-05-29 21:00:00,U-sonic wind speed,U-sonic wind speed,m/s,0.5
2025-05-29 21:00:00,U-sonic wind dir,U-sonic wind dir,deg,29.0
2025-05-29 21:00:00,VPD,VPD,mbar,10.5
2025-05-29 21:00:00,DeltaT,DeltaT,°C,5.0
2025-05-29 21:00:00,Wind gust,Wind gust,m/s,1.2
2025-05-29 21:00:00,Solar radiation,Solar radiation,W/m2,0.0
2025-05-29 21:00:00,Dew Point,Dew Point,°C,15.41
2025-05-29 21:00:00,HC Relative humidity,HC Relative humidity,%,62.55
2025-05-29 21:00:00,Solar Panel,Solar Panel,mV,0.0
2025-05-29 21:00:00,Battery,Battery,mV,6499.0
2025-05-29 20:00:00,U-sonic wind speed,U-sonic wind speed,m/s,0.4
2025-05-29 20:00:00,U-sonic wind dir,U-sonic wind dir,deg,20.0
2025-05-29 20:00:00,Wind gust,Wind gust,m/s,1.0
2025-05-29 20:00:00,DeltaT,DeltaT,°C,5.0
2025-05-29 20:00:00,VPD,VPD,mbar,12.2
2025-05-29 20:00:00,Dew Point,Dew Point,°C,15.5
2025-05-29 20:00:00,Solar Panel,Solar Panel,mV,0.0
2025-05-29 20:00:00,Battery,Battery,mV,6493.0
2025-05-29 20:00:00,Solar radiation,Solar radiation,W/m2,0.0
2025-05-29 20:00:00,HC Relative humidity,HC Relative humidity,%,59.25
2025-05-29 20:00:00,HC Air temperature,HC Air temperature,°C,23.97
2025-05-29 19:00:00,U-sonic wind speed,U-sonic wind speed,m/s,0.6
2025-05-29 19:00:00,U-sonic wind dir,U-sonic wind dir,deg,24.0
2025-05-29 19:00:00,HC Air temperature,HC Air temperature,°C,26.37
2025-05-29 19:00:00,HC Relative humidity,HC Relative humidity,%,48.02
2025-05-29 19:00:00,Solar radiation,Solar radiation,W/m2,13.0
2025-05-29 19:00:00,Wind gust,Wind gust,m/s,1.6
2025-05-29 19:00:00,Battery,Battery,mV,6548.0
2025-05-29 19:00:00,Solar Panel,Solar Panel,mV,114.0
2025-05-29 19:00:00,DeltaT,DeltaT,°C,7.0
2025-05-29 19:00:00,VPD,VPD,mbar,17.9
2025-05-29 19:00:00,Dew Point,Dew Point,°C,14.49
2025-05-29 18:00:00,U-sonic wind speed,U-sonic wind speed,m/s,0.7
2025-05-29 18:00:00,U-sonic wind dir,U-sonic wind dir,deg,33.0
2025-05-29 18:00:00,HC Air temperature,HC Air temperature,°C,28.72
2025-05-29 18:00:00,Dew Point,Dew Point,°C,15.06
2025-05-29 18:00:00,HC Relative humidity,HC Relative humidity,%,43.42
2025-05-29 18:00:00,Battery,Battery,mV,6804.0
2025-05-29 18:00:00,Solar radiation,Solar radiation,W/m2,125.0
2025-05-29 18:00:00,VPD,VPD,mbar,22.3
2025-05-29 18:00:00,DeltaT,DeltaT,°C,9.0
2025-05-29 18:00:00,Solar Panel,Solar Panel,mV,7043.0
2025-05-29 18:00:00,Wind gust,Wind gust,m/s,1.6
2025-05-29 17:00:00,Solar Panel,Solar Panel,mV,8966.0
2025-05-29 17:00:00,Dew Point,Dew Point,°C,16.45
2025-05-29 17:00:00,VPD,VPD,mbar,25.8
2025-05-29 17:00:00,DeltaT,DeltaT,°C,9.0
2025-05-29 17:00:00,Wind gust,Wind gust,m/s,2.0
2025-05-29 17:00:00,U-sonic wind speed,U-sonic wind speed,m/s,0.7
2025-05-29 17:00:00,U-sonic wind dir,U-sonic wind dir,deg,30.0
2025-05-29 17:00:00,HC Air temperature,HC Air temperature,°C,30.85
2025-05-29 17:00:00,HC Relative humidity,HC Relative humidity,%,42.0
2025-05-29 17:00:00,Solar radiation,Solar radiation,W/m2,315.0
2025-05-29 17:00:00,Battery,Battery,mV,6878.0
2025-05-29 16:00:00,HC Relative humidity,HC Relative humidity,%,37.69
2025-05-29 16:00:00,Battery,Battery,mV,6884.0
2025-05-29 16:00:00,Solar Panel,Solar Panel,mV,8919.0
2025-05-29 16:00:00,Solar radiation,Solar radiation,W/m2,454.0
2025-05-29 16:00:00,HC Air temperature,HC Air temperature,°C,32.75
2025-05-29 16:00:00,U-sonic wind dir,U-sonic wind dir,deg,35.0
2025-05-29 16:00:00,U-sonic wind speed,U-sonic wind speed,m/s,0.7
2025-05-29 16:00:00,Wind gust,Wind gust,m/s,1.9
2025-05-29 16:00:00,DeltaT,DeltaT,°C,11.0
2025-05-29 16:00:00,VPD,VPD,mbar,30.9
2025-05-29 16:00:00,Dew Point,Dew Point,°C,16.43
2025-05-29 15:00:00,HC Relative humidity,HC Relative humidity,%,32.39
2025-05-29 15:00:00,HC Air temperature,HC Air temperature,°C,34.08
2025-05-29 15:00:00,VPD,VPD,mbar,36.1
2025-05-29 15:00:00,DeltaT,DeltaT,°C,12.0
2025-05-29 15:00:00,Wind gust,Wind gust,m/s,1.7
2025-05-29 15:00:00,U-sonic wind speed,U-sonic wind speed,m/s,0.7
2025-05-29 15:00:00,Solar Panel,Solar Panel,mV,9943.0
2025-05-29 15:00:00,Battery,Battery,mV,6889.0
2025-05-29 15:00:00,Dew Point,Dew Point,°C,15.23
2025-05-29 15:00:00,U-sonic wind dir,U-sonic wind dir,deg,28.0
2025-05-29 15:00:00,Solar radiation,Solar radiation,W/m2,634.0
2025-05-29 14:00:00,Wind gust,Wind gust,m/s,1.7
2025-05-29 14:00:00,U-sonic wind speed,U-sonic wind speed,m/s,0.7
2025-05-29 14:00:00,U-sonic wind dir,U-sonic wind dir,deg,27.0
2025-05-29 14:00:00,HC Air temperature,HC Air temperature,°C,34.55
2025-05-29 14:00:00,HC Relative humidity,HC Relative humidity,%,31.36
2025-05-29 14:00:00,Solar radiation,Solar radiation,W/m2,749.0
2025-05-29 14:00:00,Solar Panel,Solar Panel,mV,9848.0
2025-05-29 14:00:00,Battery,Battery,mV,6896.0
2025-05-29 14:00:00,Dew Point,Dew Point,°C,15.12
2025-05-29 14:00:00,VPD,VPD,mbar,37.6
2025-05-29 14:00:00,DeltaT,DeltaT,°C,13.0
2025-05-29 13:00:00,Wind gust,Wind gust,m/s,1.5
2025-05-29 13:00:00,Solar Panel,Solar Panel,mV,9801.0
2025-05-29 13:00:00,U-sonic wind speed,U-sonic wind speed,m/s,0.6
2025-05-29 13:00:00,U-sonic wind dir,U-sonic wind dir,deg,25.0
2025-05-29 13:00:00,HC Air temperature,HC Air temperature,°C,34.61
2025-05-29 13:00:00,Battery,Battery,mV,6898.0
2025-05-29 13:00:00,HC Relative humidity,HC Relative humidity,%,31.38
2025-05-29 13:00:00,Solar radiation,Solar radiation,W/m2,907.0
2025-05-29 13:00:00,Dew Point,Dew Point,°C,15.21
2025-05-29 13:00:00,VPD,VPD,mbar,37.8
2025-05-29 13:00:00,DeltaT,DeltaT,°C,13.0
2025-05-29 12:00:00,Solar Panel,Solar Panel,mV,9801.0
2025-05-29 12:00:00,Battery,Battery,mV,6896.0
2025-05-29 12:00:00,Solar radiation,Solar radiation,W/m2,989.0
2025-05-29 12:00:00,HC Relative humidity,HC Relative humidity,%,31.37
2025-05-29 12:00:00,DeltaT,DeltaT,°C,13.0
2025-05-29 12:00:00,VPD,VPD,mbar,37.3
2025-05-29 12:00:00,Dew Point,Dew Point,°C,15.02
2025-05-29 12:00:00,Wind gust,Wind gust,m/s,1.7
2025-05-29 12:00:00,U-sonic wind speed,U-sonic wind speed,m/s,0.6
2025-05-29 12:00:00,U-sonic wind dir,U-sonic wind dir,deg,27.0
2025-05-29 12:00:00,HC Air temperature,HC Air temperature,°C,34.41
2025-05-29 11:00:00,Wind gust,Wind gust,m/s,1.5
2025-05-29 11:00:00,DeltaT,DeltaT,°C,12.0
2025-05-29 11:00:00,U-sonic wind speed,U-sonic wind speed,m/s,0.6
2025-05-29 11:00:00,U-sonic wind dir,U-sonic wind dir,deg,28.0
2025-05-29 11:00:00,HC Air temperature,HC Air temperature,°C,32.95
2025-05-29 11:00:00,Solar radiation,Solar radiation,W/m2,936.0
2025-05-29 11:00:00,Solar Panel,Solar Panel,mV,9864.0
2025-05-29 11:00:00,Battery,Battery,mV,6896.0
2025-05-29 11:00:00,HC Relative humidity,HC Relative humidity,%,34.69
2025-05-29 11:00:00,Dew Point,Dew Point,°C,15.31
2025-05-29 11:00:00,VPD,VPD,mbar,32.8
2025-05-29 10:00:00,Dew Point,Dew Point,°C,14.56
2025-05-29 10:00:00,Wind gust,Wind gust,m/s,1.5
2025-05-29 10:00:00,DeltaT,DeltaT,°C,12.0
2025-05-29 10:00:00,VPD,VPD,mbar,32.7
2025-05-29 10:00:00,U-sonic wind dir,U-sonic wind dir,deg,26.0
2025-05-29 10:00:00,HC Air temperature,HC Air temperature,°C,32.65
2025-05-29 10:00:00,HC Relative humidity,HC Relative humidity,%,33.69
2025-05-29 10:00:00,Solar radiation,Solar radiation,W/m2,880.0
2025-05-29 10:00:00,Solar Panel,Solar Panel,mV,10037.0
2025-05-29 10:00:00,Battery,Battery,mV,6889.0
2025-05-29 10:00:00,U-sonic wind speed,U-sonic wind speed,m/s,0.6
2025-05-29 09:00:00,Dew Point,Dew Point,°C,13.71
2025-05-29 09:00:00,Solar Panel,Solar Panel,mV,9927.0
2025-05-29 09:00:00,VPD,VPD,mbar,28.6
2025-05-29 09:00:00,DeltaT,DeltaT,°C,11.0
2025-05-29 09:00:00,Battery,Battery,mV,6896.0
2025-05-29 09:00:00,Wind gust,Wind gust,m/s,1.3
2025-05-29 09:00:00,U-sonic wind speed,U-sonic wind speed,m/s,0.6
2025-05-29 09:00:00,U-sonic wind dir,U-sonic wind dir,deg,35.0
2025-05-29 09:00:00,HC Air temperature,HC Air temperature,°C,30.74
2025-05-29 09:00:00,HC Relative humidity,HC Relative humidity,%,35.48
2025-05-29 09:00:00,Solar radiation,Solar radiation,W/m2,707.0
2025-05-29 08:00:00,U-sonic wind speed,U-sonic wind speed,m/s,0.6
2025-05-29 08:00:00,Solar Panel,Solar Panel,mV,7142.0
2025-05-29 08:00:00,Solar radiation,Solar radiation,W/m2,525.0
2025-05-29 08:00:00,U-sonic wind dir,U-sonic wind dir,deg,44.0
2025-05-29 08:00:00,HC Air temperature,HC Air temperature,°C,28.26
2025-05-29 08:00:00,Dew Point,Dew Point,°C,13.01
2025-05-29 08:00:00,HC Relative humidity,HC Relative humidity,%,39.18
2025-05-29 08:00:00,VPD,VPD,mbar,23.3
2025-05-29 08:00:00,DeltaT,DeltaT,°C,9.0
2025-05-29 08:00:00,Wind gust,Wind gust,m/s,1.4
2025-05-29 08:00:00,Battery,Battery,mV,6853.0
2025-05-29 07:00:00,U-sonic wind dir,U-sonic wind dir,deg,73.0
2025-05-29 07:00:00,Wind gust,Wind gust,m/s,0.6
2025-05-29 07:00:00,DeltaT,DeltaT,°C,6.0
2025-05-29 07:00:00,VPD,VPD,mbar,14.4
2025-05-29 07:00:00,Dew Point,Dew Point,°C,16.3
2025-05-29 07:00:00,Battery,Battery,mV,6789.0
2025-05-29 07:00:00,Solar Panel,Solar Panel,mV,7071.0
2025-05-29 07:00:00,Solar radiation,Solar radiation,W/m2,330.0
2025-05-29 07:00:00,HC Relative humidity,HC Relative humidity,%,57.2
2025-05-29 07:00:00,HC Air temperature,HC Air temperature,°C,25.53
2025-05-29 07:00:00,U-sonic wind speed,U-sonic wind speed,m/s,0.2
2025-05-29 06:00:00,Battery,Battery,mV,6697.0
2025-05-29 06:00:00,Wind gust,Wind gust,m/s,0.5
2025-05-29 06:00:00,DeltaT,DeltaT,°C,1.0
2025-05-29 06:00:00,VPD,VPD,mbar,2.4
2025-05-29 06:00:00,Dew Point,Dew Point,°C,15.99
2025-05-29 06:00:00,U-sonic wind speed,U-sonic wind speed,m/s,0.1
2025-05-29 06:00:00,U-sonic wind dir,U-sonic wind dir,deg,36.0
2025-05-29 06:00:00,HC Air temperature,HC Air temperature,°C,17.81
2025-05-29 06:00:00,HC Relative humidity,HC Relative humidity,%,90.44
2025-05-29 06:00:00,Solar radiation,Solar radiation,W/m2,155.0
2025-05-29 06:00:00,Solar Panel,Solar Panel,mV,6976.0
2025-05-29 05:00:00,Dew Point,Dew Point,°C,12.57
2025-05-29 05:00:00,VPD,VPD,mbar,0.0
2025-05-29 05:00:00,DeltaT,DeltaT,°C,0.0
2025-05-29 05:00:00,Wind gust,Wind gust,m/s,0.4
2025-05-29 05:00:00,U-sonic wind speed,U-sonic wind speed,m/s,0.2
2025-05-29 05:00:00,U-sonic wind dir,U-sonic wind dir,deg,28.0
2025-05-29 05:00:00,HC Air temperature,HC Air temperature,°C,12.6
2025-05-29 05:00:00,HC Relative humidity,HC Relative humidity,%,99.84
2025-05-29 05:00:00,Solar radiation,Solar radiation,W/m2,22.0
2025-05-29 05:00:00,Solar Panel,Solar Panel,mV,6744.0
2025-05-29 05:00:00,Battery,Battery,mV,6481.0
2025-05-29 04:00:00,DeltaT,DeltaT,°C,0.0
2025-05-29 04:00:00,Wind gust,Wind gust,m/s,0.4
2025-05-29 04:00:00,U-sonic wind speed,U-sonic wind speed,m/s,0.2
2025-05-29 04:00:00,U-sonic wind dir,U-sonic wind dir,deg,28.0
2025-05-29 04:00:00,HC Air temperature,HC Air temperature,°C,12.87
2025-05-29 04:00:00,HC Relative humidity,HC Relative humidity,%,99.85
2025-05-29 04:00:00,Solar radiation,Solar radiation,W/m2,0.0
2025-05-29 04:00:00,Solar Panel,Solar Panel,mV,114.0
2025-05-29 04:00:00,Battery,Battery,mV,6435.0
2025-05-29 04:00:00,Dew Point,Dew Point,°C,12.84
2025-05-29 04:00:00,VPD,VPD,mbar,0.0
2025-05-29 03:00:00,Solar Panel,Solar Panel,mV,0.0
2025-05-29 03:00:00,Solar radiation,Solar radiation,W/m2,0.0
2025-05-29 03:00:00,HC Relative humidity,HC Relative humidity,%,99.85
2025-05-29 03:00:00,HC Air temperature,HC Air temperature,°C,13.78
2025-05-29 03:00:00,U-sonic wind dir,U-sonic wind dir,deg,28.0
2025-05-29 03:00:00,U-sonic wind speed,U-sonic wind speed,m/s,0.2
2025-05-29 03:00:00,Wind gust,Wind gust,m/s,0.4
2025-05-29 03:00:00,DeltaT,DeltaT,°C,0.0
2025-05-29 03:00:00,Battery,Battery,mV,6453.0
2025-05-29 03:00:00,VPD,VPD,mbar,0.0
2025-05-29 03:00:00,Dew Point,Dew Point,°C,13.76
2025-05-29 02:00:00,Battery,Battery,mV,6466.0
2025-05-29 02:00:00,Solar Panel,Solar Panel,mV,0.0
2025-05-29 02:00:00,Solar radiation,Solar radiation,W/m2,0.0
2025-05-29 02:00:00,HC Relative humidity,HC Relative humidity,%,99.86
2025-05-29 02:00:00,HC Air temperature,HC Air temperature,°C,14.75
2025-05-29 02:00:00,U-sonic wind dir,U-sonic wind dir,deg,28.0
2025-05-29 02:00:00,U-sonic wind speed,U-sonic wind speed,m/s,0.2
2025-05-29 02:00:00,Wind gust,Wind gust,m/s,0.3
2025-05-29 02:00:00,DeltaT,DeltaT,°C,0.0
2025-05-29 02:00:00,VPD,VPD,mbar,0.0
2025-05-29 02:00:00,Dew Point,Dew Point,°C,14.72
2025-05-29 01:00:00,Solar radiation,Solar radiation,W/m2,0.0
2025-05-29 01:00:00,Dew Point,Dew Point,°C,16.97
2025-05-29 01:00:00,VPD,VPD,mbar,0.0
2025-05-29 01:00:00,DeltaT,DeltaT,°C,0.0
2025-05-29 01:00:00,Wind gust,Wind gust,m/s,0.5
2025-05-29 01:00:00,U-sonic wind speed,U-sonic wind speed,m/s,0.2
2025-05-29 01:00:00,U-sonic wind dir,U-sonic wind dir,deg,28.0
2025-05-29 01:00:00,HC Air temperature,HC Air temperature,°C,16.98
2025-05-29 01:00:00,HC Relative humidity,HC Relative humidity,%,99.91
2025-05-29 01:00:00,Solar Panel,Solar Panel,mV,0.0
2025-05-29 01:00:00,Battery,Battery,mV,6481.0
2025-05-29 00:00:00,Dew Point,Dew Point,°C,19.23
2025-05-29 00:00:00,VPD,VPD,mbar,0.0
2025-05-29 00:00:00,DeltaT,DeltaT,°C,0.0
2025-05-29 00:00:00,Wind gust,Wind gust,m/s,1.0
2025-05-29 00:00:00,U-sonic wind speed,U-sonic wind speed,m/s,0.4
2025-05-29 00:00:00,U-sonic wind dir,U-sonic wind dir,deg,27.0
2025-05-29 00:00:00,HC Air temperature,HC Air temperature,°C,19.23
2025-05-29 00:00:00,HC Relative humidity,HC Relative humidity,%,99.98
2025-05-29 00:00:00,Solar radiation,Solar radiation,W/m2,0.0
2025-05-29 00:00:00,Solar Panel,Solar Panel,mV,0.0
2025-05-29 00:00:00,Battery,Battery,mV,6486.0
2025-05-28 23:00:00,Dew Point,Dew Point,°C,18.17
2025-05-28 23:00:00,VPD,VPD,mbar,0.0
2025-05-28 23:00:00,DeltaT,DeltaT,°C,0.0
2025-05-28 23:00:00,Wind gust,Wind gust,m/s,0.8
2025-05-28 23:00:00,U-sonic wind speed,U-sonic wind speed,m/s,0.3
2025-05-28 23:00:00,U-sonic wind dir,U-sonic wind dir,deg,21.0
2025-05-28 23:00:00,HC Air temperature,HC Air temperature,°C,18.19
2025-05-28 23:00:00,HC Relative humidity,HC Relative humidity,%,99.89
2025-05-28 23:00:00,Solar radiation,Solar radiation,W/m2,0.0
2025-05-28 23:00:00,Solar Panel,Solar Panel,mV,0.0
2025-05-28 23:00:00,Battery,Battery,mV,6488.0
2025-05-28 22:00:00,Dew Point,Dew Point,°C,17.71
2025-05-28 22:00:00,VPD,VPD,mbar,0.0
2025-05-28 22:00:00,DeltaT,DeltaT,°C,0.0
2025-05-28 22:00:00,HC Air temperature,HC Air temperature,°C,17.74
2025-05-28 22:00:00,HC Relative humidity,HC Relative humidity,%,99.85
2025-05-28 22:00:00,Solar radiation,Solar radiation,W/m2,0.0
2025-05-28 22:00:00,Solar Panel,Solar Panel,mV,0.0
2025-05-28 22:00:00,Battery,Battery,mV,6493.0
2025-05-28 22:00:00,Wind gust,Wind gust,m/s,0.5
2025-05-28 22:00:00,U-sonic wind speed,U-sonic wind speed,m/s,0.2
2025-05-28 22:00:00,U-sonic wind dir,U-sonic wind dir,deg,32.0
2025-05-28 21:00:00,Battery,Battery,mV,6497.0
2025-05-28 21:00:00,Solar Panel,Solar Panel,mV,0.0
2025-05-28 21:00:00,Solar radiation,Solar radiation,W/m2,0.0
2025-05-28 21:00:00,HC Relative humidity,HC Relative humidity,%,99.9
2025-05-28 21:00:00,HC Air temperature,HC Air temperature,°C,19.02
2025-05-28 21:00:00,U-sonic wind dir,U-sonic wind dir,deg,34.0
2025-05-28 21:00:00,U-sonic wind speed,U-sonic wind speed,m/s,0.2
2025-05-28 21:00:00,Dew Point,Dew Point,°C,19.01
2025-05-28 21:00:00,VPD,VPD,mbar,0.0
2025-05-28 21:00:00,Wind gust,Wind gust,m/s,0.7
2025-05-28 21:00:00,DeltaT,DeltaT,°C,0.0
2025-05-28 20:00:00,HC Air temperature,HC Air temperature,°C,19.95
2025-05-28 20:00:00,Dew Point,Dew Point,°C,19.89
2025-05-28 20:00:00,DeltaT,DeltaT,°C,0.0
2025-05-28 20:00:00,VPD,VPD,mbar,0.1
2025-05-28 20:00:00,Wind gust,Wind gust,m/s,1.1
2025-05-28 20:00:00,U-sonic wind speed,U-sonic wind speed,m/s,0.3
2025-05-28 20:00:00,Solar radiation,Solar radiation,W/m2,0.0
2025-05-28 20:00:00,Solar Panel,Solar Panel,mV,0.0
2025-05-28 20:00:00,Battery,Battery,mV,6493.0
2025-05-28 20:00:00,U-sonic wind dir,U-sonic wind dir,deg,20.0
2025-05-28 20:00:00,HC Relative humidity,HC Relative humidity,%,99.62
2025-05-28 19:00:00,Wind gust,Wind gust,m/s,1.0
2025-05-28 19:00:00,DeltaT,DeltaT,°C,2.0
2025-05-28 19:00:00,VPD,VPD,mbar,5.1
2025-05-28 19:00:00,Dew Point,Dew Point,°C,18.3
2025-05-28 19:00:00,Battery,Battery,mV,6550.0
2025-05-28 19:00:00,Solar Panel,Solar Panel,mV,51.0
2025-05-28 19:00:00,Solar radiation,Solar radiation,W/m2,12.0
2025-05-28 19:00:00,HC Relative humidity,HC Relative humidity,%,80.91
2025-05-28 19:00:00,HC Air temperature,HC Air temperature,°C,21.77
2025-05-28 19:00:00,U-sonic wind dir,U-sonic wind dir,deg,27.0
2025-05-28 19:00:00,U-sonic wind speed,U-sonic wind speed,m/s,0.4
2025-05-28 18:00:00,Dew Point,Dew Point,°C,18.34
2025-05-28 18:00:00,VPD,VPD,mbar,9.8
2025-05-28 18:00:00,DeltaT,DeltaT,°C,4.0
2025-05-28 18:00:00,Wind gust,Wind gust,m/s,1.3
2025-05-28 18:00:00,U-sonic wind speed,U-sonic wind speed,m/s,0.5
2025-05-28 18:00:00,U-sonic wind dir,U-sonic wind dir,deg,33.0
2025-05-28 18:00:00,HC Air temperature,HC Air temperature,°C,24.54
2025-05-28 18:00:00,HC Relative humidity,HC Relative humidity,%,68.47
2025-05-28 18:00:00,Solar radiation,Solar radiation,W/m2,127.0
2025-05-28 18:00:00,Solar Panel,Solar Panel,mV,7055.0
2025-05-28 18:00:00,Battery,Battery,mV,6826.0
2025-05-28 17:00:00,Dew Point,Dew Point,°C,17.87
2025-05-28 17:00:00,Wind gust,Wind gust,m/s,1.6
2025-05-28 17:00:00,U-sonic wind speed,U-sonic wind speed,m/s,0.6
2025-05-28 17:00:00,U-sonic wind dir,U-sonic wind dir,deg,31.0
2025-05-28 17:00:00,HC Air temperature,HC Air temperature,°C,26.21
2025-05-28 17:00:00,HC Relative humidity,HC Relative humidity,%,60.19
2025-05-28 17:00:00,Solar radiation,Solar radiation,W/m2,302.0
2025-05-28 17:00:00,Solar Panel,Solar Panel,mV,8300.0
2025-05-28 17:00:00,Battery,Battery,mV,6878.0
2025-05-28 17:00:00,VPD,VPD,mbar,13.6
2025-05-28 17:00:00,DeltaT,DeltaT,°C,5.0
2025-05-28 16:00:00,HC Air temperature,HC Air temperature,°C,28.41
2025-05-28 16:00:00,HC Relative humidity,HC Relative humidity,%,52.29
2025-05-28 16:00:00,Solar radiation,Solar radiation,W/m2,458.0
2025-05-28 16:00:00,Solar Panel,Solar Panel,mV,10002.0
2025-05-28 16:00:00,Battery,Battery,mV,6884.0
2025-05-28 16:00:00,Dew Point,Dew Point,°C,17.69
2025-05-28 16:00:00,VPD,VPD,mbar,18.5
2025-05-28 16:00:00,DeltaT,DeltaT,°C,7.0
2025-05-28 16:00:00,Wind gust,Wind gust,m/s,1.5
2025-05-28 16:00:00,U-sonic wind speed,U-sonic wind speed,m/s,0.7
2025-05-28 16:00:00,U-sonic wind dir,U-sonic wind dir,deg,27.0
2025-05-28 15:00:00,HC Air temperature,HC Air temperature,°C,29.08
2025-05-28 15:00:00,U-sonic wind dir,U-sonic wind dir,deg,27.0
2025-05-28 15:00:00,VPD,VPD,mbar,20.1
2025-05-28 15:00:00,DeltaT,DeltaT,°C,8.0
2025-05-28 15:00:00,Wind gust,Wind gust,m/s,1.7
2025-05-28 15:00:00,U-sonic wind speed,U-sonic wind speed,m/s,0.6
2025-05-28 15:00:00,Dew Point,Dew Point,°C,17.65
2025-05-28 15:00:00,Battery,Battery,mV,6889.0
2025-05-28 15:00:00,Solar Panel,Solar Panel,mV,9963.0
2025-05-28 15:00:00,Solar radiation,Solar radiation,W/m2,645.0
2025-05-28 15:00:00,HC Relative humidity,HC Relative humidity,%,50.15
2025-05-28 14:00:00,VPD,VPD,mbar,24.7
2025-05-28 14:00:00,Dew Point,Dew Point,°C,17.05
2025-05-28 14:00:00,U-sonic wind speed,U-sonic wind speed,m/s,0.6
2025-05-28 14:00:00,Battery,Battery,mV,6893.0
2025-05-28 14:00:00,Solar Panel,Solar Panel,mV,10057.0
2025-05-28 14:00:00,HC Air temperature,HC Air temperature,°C,30.67
2025-05-28 14:00:00,U-sonic wind dir,U-sonic wind dir,deg,23.0
2025-05-28 14:00:00,Wind gust,Wind gust,m/s,1.9
2025-05-28 14:00:00,HC Relative humidity,HC Relative humidity,%,44.25
2025-05-28 14:00:00,Solar radiation,Solar radiation,W/m2,748.0
2025-05-28 14:00:00,DeltaT,DeltaT,°C,9.0
2025-05-28 13:00:00,Solar radiation,Solar radiation,W/m2,914.0
2025-05-28 13:00:00,HC Air temperature,HC Air temperature,°C,32.09
2025-05-28 13:00:00,U-sonic wind dir,U-sonic wind dir,deg,29.0
2025-05-28 13:00:00,U-sonic wind speed,U-sonic wind speed,m/s,0.6
2025-05-28 13:00:00,Wind gust,Wind gust,m/s,1.3
2025-05-28 13:00:00,Dew Point,Dew Point,°C,17.4
2025-05-28 13:00:00,DeltaT,DeltaT,°C,10.0
2025-05-28 13:00:00,VPD,VPD,mbar,27.9
2025-05-28 13:00:00,Battery,Battery,mV,6896.0
2025-05-28 13:00:00,Solar Panel,Solar Panel,mV,9880.0
2025-05-28 13:00:00,HC Relative humidity,HC Relative humidity,%,41.59
2025-05-28 12:00:00,HC Air temperature,HC Air temperature,°C,30.57
2025-05-28 12:00:00,HC Relative humidity,HC Relative humidity,%,40.53
2025-05-28 12:00:00,U-sonic wind speed,U-sonic wind speed,m/s,0.6
2025-05-28 12:00:00,U-sonic wind dir,U-sonic wind dir,deg,37.0
2025-05-28 12:00:00,Battery,Battery,mV,6893.0
2025-05-28 12:00:00,Solar radiation,Solar radiation,W/m2,1001.0
2025-05-28 12:00:00,Wind gust,Wind gust,m/s,1.7
2025-05-28 12:00:00,DeltaT,DeltaT,°C,10.0
2025-05-28 12:00:00,VPD,VPD,mbar,26.1
2025-05-28 12:00:00,Dew Point,Dew Point,°C,15.64
2025-05-28 12:00:00,Solar Panel,Solar Panel,mV,9911.0
2025-05-28 11:00:00,HC Air temperature,HC Air temperature,°C,29.64
2025-05-28 11:00:00,Dew Point,Dew Point,°C,14.98
2025-05-28 11:00:00,VPD,VPD,mbar,24.5
2025-05-28 11:00:00,DeltaT,DeltaT,°C,9.0
2025-05-28 11:00:00,Wind gust,Wind gust,m/s,1.6
2025-05-28 11:00:00,U-sonic wind speed,U-sonic wind speed,m/s,0.7
2025-05-28 11:00:00,U-sonic wind dir,U-sonic wind dir,deg,34.0
2025-05-28 11:00:00,HC Relative humidity,HC Relative humidity,%,40.99
2025-05-28 11:00:00,Solar radiation,Solar radiation,W/m2,953.0
2025-05-28 11:00:00,Solar Panel,Solar Panel,mV,9943.0
2025-05-28 11:00:00,Battery,Battery,mV,6896.0
2025-05-28 10:00:00,VPD,VPD,mbar,23.6
2025-05-28 10:00:00,Solar radiation,Solar radiation,W/m2,896.0
2025-05-28 10:00:00,HC Relative humidity,HC Relative humidity,%,39.9
2025-05-28 10:00:00,HC Air temperature,HC Air temperature,°C,28.64
2025-05-28 10:00:00,U-sonic wind dir,U-sonic wind dir,deg,35.0
2025-05-28 10:00:00,Dew Point,Dew Point,°C,13.67
2025-05-28 10:00:00,U-sonic wind speed,U-sonic wind speed,m/s,0.7
2025-05-28 10:00:00,Solar Panel,Solar Panel,mV,10144.0
2025-05-28 10:00:00,Battery,Battery,mV,6893.0
2025-05-28 10:00:00,DeltaT,DeltaT,°C,9.0
2025-05-28 10:00:00,Wind gust,Wind gust,m/s,1.5
2025-05-28 09:00:00,U-sonic wind speed,U-sonic wind speed,m/s,0.7
2025-05-28 09:00:00,Battery,Battery,mV,6889.0
2025-05-28 09:00:00,Solar Panel,Solar Panel,mV,10140.0
2025-05-28 09:00:00,Solar radiation,Solar radiation,W/m2,714.0
2025-05-28 09:00:00,HC Relative humidity,HC Relative humidity,%,42.95
2025-05-28 09:00:00,HC Air temperature,HC Air temperature,°C,27.88
2025-05-28 09:00:00,U-sonic wind dir,U-sonic wind dir,deg,28.0
2025-05-28 09:00:00,Wind gust,Wind gust,m/s,1.7
2025-05-28 09:00:00,DeltaT,DeltaT,°C,9.0
2025-05-28 09:00:00,VPD,VPD,mbar,21.4
2025-05-28 09:00:00,Dew Point,Dew Point,°C,14.13
2025-05-28 08:00:00,Solar Panel,Solar Panel,mV,7134.0
2025-05-28 08:00:00,HC Air temperature,HC Air temperature,°C,27.89
2025-05-28 08:00:00,HC Relative humidity,HC Relative humidity,%,44.81
2025-05-28 08:00:00,Solar radiation,Solar radiation,W/m2,525.0
2025-05-28 08:00:00,DeltaT,DeltaT,°C,8.0
2025-05-28 08:00:00,Wind gust,Wind gust,m/s,1.3
2025-05-28 08:00:00,U-sonic wind speed,U-sonic wind speed,m/s,0.5
2025-05-28 08:00:00,U-sonic wind dir,U-sonic wind dir,deg,34.0
2025-05-28 08:00:00,Dew Point,Dew Point,°C,14.8
2025-05-28 08:00:00,VPD,VPD,mbar,20.7
2025-05-28 08:00:00,Battery,Battery,mV,6853.0
2025-05-28 07:00:00,VPD,VPD,mbar,14.5
2025-05-28 07:00:00,U-sonic wind dir,U-sonic wind dir,deg,39.0
2025-05-28 07:00:00,HC Air temperature,HC Air temperature,°C,25.75
2025-05-28 07:00:00,HC Relative humidity,HC Relative humidity,%,56.37
2025-05-28 07:00:00,Solar radiation,Solar radiation,W/m2,329.0
2025-05-28 07:00:00,Solar Panel,Solar Panel,mV,7067.0
2025-05-28 07:00:00,Battery,Battery,mV,6784.0
2025-05-28 07:00:00,Dew Point,Dew Point,°C,16.36
2025-05-28 07:00:00,U-sonic wind speed,U-sonic wind speed,m/s,0.4
2025-05-28 07:00:00,Wind gust,Wind gust,m/s,1.1
2025-05-28 07:00:00,DeltaT,DeltaT,°C,6.0
2025-05-28 06:00:00,U-sonic wind speed,U-sonic wind speed,m/s,0.2
2025-05-28 06:00:00,U-sonic wind dir,U-sonic wind dir,deg,24.0
2025-05-28 06:00:00,HC Air temperature,HC Air temperature,°C,19.99
2025-05-28 06:00:00,Battery,Battery,mV,6684.0
2025-05-28 06:00:00,HC Relative humidity,HC Relative humidity,%,92.04
2025-05-28 06:00:00,Solar radiation,Solar radiation,W/m2,162.0
2025-05-28 06:00:00,Solar Panel,Solar Panel,mV,6965.0
2025-05-28 06:00:00,Dew Point,Dew Point,°C,18.54
2025-05-28 06:00:00,VPD,VPD,mbar,2.1
2025-05-28 06:00:00,DeltaT,DeltaT,°C,1.0
2025-05-28 06:00:00,Wind gust,Wind gust,m/s,0.6
2025-05-28 05:00:00,Wind gust,Wind gust,m/s,0.4
2025-05-28 05:00:00,Dew Point,Dew Point,°C,15.19
2025-05-28 05:00:00,VPD,VPD,mbar,0.0
2025-05-28 05:00:00,DeltaT,DeltaT,°C,0.0
2025-05-28 05:00:00,U-sonic wind speed,U-sonic wind speed,m/s,0.3
2025-05-28 05:00:00,U-sonic wind dir,U-sonic wind dir,deg,31.0
2025-05-28 05:00:00,HC Air temperature,HC Air temperature,°C,15.22
2025-05-28 05:00:00,HC Relative humidity,HC Relative humidity,%,99.83
2025-05-28 05:00:00,Solar radiation,Solar radiation,W/m2,24.0
2025-05-28 05:00:00,Solar Panel,Solar Panel,mV,6736.0
2025-05-28 05:00:00,Battery,Battery,mV,6475.0
2025-05-28 04:00:00,VPD,VPD,mbar,0.0
2025-05-28 04:00:00,Battery,Battery,mV,6446.0
2025-05-28 04:00:00,Dew Point,Dew Point,°C,15.25
2025-05-28 04:00:00,U-sonic wind speed,U-sonic wind speed,m/s,0.2
2025-05-28 04:00:00,HC Air temperature,HC Air temperature,°C,15.27
2025-05-28 04:00:00,U-sonic wind dir,U-sonic wind dir,deg,31.0
2025-05-28 04:00:00,Solar Panel,Solar Panel,mV,173.0
2025-05-28 04:00:00,Wind gust,Wind gust,m/s,0.7
2025-05-28 04:00:00,HC Relative humidity,HC Relative humidity,%,99.83
2025-05-28 04:00:00,Solar radiation,Solar radiation,W/m2,0.0
2025-05-28 04:00:00,DeltaT,DeltaT,°C,0.0
2025-05-28 03:00:00,Wind gust,Wind gust,m/s,0.5
2025-05-28 03:00:00,Solar Panel,Solar Panel,mV,0.0
2025-05-28 03:00:00,Solar radiation,Solar radiation,W/m2,0.0
2025-05-28 03:00:00,U-sonic wind speed,U-sonic wind speed,m/s,0.3
2025-05-28 03:00:00,Dew Point,Dew Point,°C,15.52
2025-05-28 03:00:00,DeltaT,DeltaT,°C,0.0
2025-05-28 03:00:00,U-sonic wind dir,U-sonic wind dir,deg,24.0
2025-05-28 03:00:00,HC Air temperature,HC Air temperature,°C,15.55
2025-05-28 03:00:00,HC Relative humidity,HC Relative humidity,%,99.83
2025-05-28 03:00:00,VPD,VPD,mbar,0.0
2025-05-28 03:00:00,Battery,Battery,mV,6457.0
2025-05-28 02:00:00,HC Air temperature,HC Air temperature,°C,15.57
2025-05-28 02:00:00,Battery,Battery,mV,6466.0
2025-05-28 02:00:00,Wind gust,Wind gust,m/s,0.4
2025-05-28 02:00:00,U-sonic wind speed,U-sonic wind speed,m/s,0.2
2025-05-28 02:00:00,U-sonic wind dir,U-sonic wind dir,deg,116.0
2025-05-28 02:00:00,Solar Panel,Solar Panel,mV,0.0
2025-05-28 02:00:00,DeltaT,DeltaT,°C,0.0
2025-05-28 02:00:00,VPD,VPD,mbar,0.0
2025-05-28 02:00:00,Dew Point,Dew Point,°C,15.54
2025-05-28 02:00:00,Solar radiation,Solar radiation,W/m2,0.0
2025-05-28 02:00:00,HC Relative humidity,HC Relative humidity,%,99.83
2025-05-28 01:00:00,Dew Point,Dew Point,°C,15.72
2025-05-28 01:00:00,Wind gust,Wind gust,m/s,0.4
2025-05-28 01:00:00,VPD,VPD,mbar,0.0
2025-05-28 01:00:00,DeltaT,DeltaT,°C,0.0
2025-05-28 01:00:00,Battery,Battery,mV,6475.0
2025-05-28 01:00:00,Solar Panel,Solar Panel,mV,0.0
2025-05-28 01:00:00,Solar radiation,Solar radiation,W/m2,0.0
2025-05-28 01:00:00,HC Relative humidity,HC Relative humidity,%,99.83
2025-05-28 01:00:00,HC Air temperature,HC Air temperature,°C,15.75
2025-05-28 01:00:00,U-sonic wind dir,U-sonic wind dir,deg,116.0
2025-05-28 01:00:00,U-sonic wind speed,U-sonic wind speed,m/s,0.2
2025-05-28 00:00:00,HC Relative humidity,HC Relative humidity,%,99.83
2025-05-28 00:00:00,HC Air temperature,HC Air temperature,°C,16.09
2025-05-28 00:00:00,DeltaT,DeltaT,°C,0.0
2025-05-28 00:00:00,U-sonic wind dir,U-sonic wind dir,deg,116.0
2025-05-28 00:00:00,U-sonic wind speed,U-sonic wind speed,m/s,0.2
2025-05-28 00:00:00,Battery,Battery,mV,6484.0
2025-05-28 00:00:00,VPD,VPD,mbar,0.0
2025-05-28 00:00:00,Dew Point,Dew Point,°C,16.06
2025-05-28 00:00:00,Wind gust,Wind gust,m/s,0.3
2025-05-28 00:00:00,Solar Panel,Solar Panel,mV,0.0
2025-05-28 00:00:00,Solar radiation,Solar radiation,W/m2,0.0
2025-05-27 23:00:00,U-sonic wind dir,U-sonic wind dir,deg,116.0
2025-05-27 23:00:00,HC Relative humidity,HC Relative humidity,%,99.84
2025-05-27 23:00:00,Solar radiation,Solar radiation,W/m2,0.0
2025-05-27 23:00:00,Solar Panel,Solar Panel,mV,0.0
2025-05-27 23:00:00,Battery,Battery,mV,6486.0
2025-05-27 23:00:00,DeltaT,DeltaT,°C,0.0
2025-05-27 23:00:00,Dew Point,Dew Point,°C,16.27
2025-05-27 23:00:00,VPD,VPD,mbar,0.0
2025-05-27 23:00:00,Wind gust,Wind gust,m/s,0.3
2025-05-27 23:00:00,U-sonic wind speed,U-sonic wind speed,m/s,0.2
2025-05-27 23:00:00,HC Air temperature,HC Air temperature,°C,16.29
2025-05-27 22:00:00,VPD,VPD,mbar,0.0
2025-05-27 22:00:00,Dew Point,Dew Point,°C,16.5
2025-05-27 22:00:00,Battery,Battery,mV,6488.0
2025-05-27 22:00:00,Solar Panel,Solar Panel,mV,0.0
2025-05-27 22:00:00,Solar radiation,Solar radiation,W/m2,0.0
2025-05-27 22:00:00,HC Relative humidity,HC Relative humidity,%,99.85
2025-05-27 22:00:00,HC Air temperature,HC Air temperature,°C,16.52
2025-05-27 22:00:00,U-sonic wind dir,U-sonic wind dir,deg,116.0
2025-05-27 22:00:00,U-sonic wind speed,U-sonic wind speed,m/s,0.2
2025-05-27 22:00:00,Wind gust,Wind gust,m/s,0.3
2025-05-27 22:00:00,DeltaT,DeltaT,°C,0.0
2025-05-27 21:00:00,DeltaT,DeltaT,°C,0.0
2025-05-27 21:00:00,VPD,VPD,mbar,0.0
2025-05-27 21:00:00,Dew Point,Dew Point,°C,16.96
2025-05-27 21:00:00,Battery,Battery,mV,6488.0
2025-05-27 21:00:00,Solar Panel,Solar Panel,mV,0.0
2025-05-27 21:00:00,Solar radiation,Solar radiation,W/m2,0.0
2025-05-27 21:00:00,HC Relative humidity,HC Relative humidity,%,99.87
2025-05-27 21:00:00,HC Air temperature,HC Air temperature,°C,16.98
2025-05-27 21:00:00,U-sonic wind dir,U-sonic wind dir,deg,116.0
2025-05-27 21:00:00,U-sonic wind speed,U-sonic wind speed,m/s,0.2
2025-05-27 21:00:00,Wind gust,Wind gust,m/s,0.3
2025-05-27 20:00:00,Dew Point,Dew Point,°C,17.81
2025-05-27 20:00:00,Solar radiation,Solar radiation,W/m2,0.0
2025-05-27 20:00:00,Solar Panel,Solar Panel,mV,0.0
2025-05-27 20:00:00,Battery,Battery,mV,6481.0
2025-05-27 20:00:00,DeltaT,DeltaT,°C,1.0
2025-05-27 20:00:00,VPD,VPD,mbar,1.1
2025-05-27 20:00:00,U-sonic wind dir,U-sonic wind dir,deg,116.0
2025-05-27 20:00:00,U-sonic wind speed,U-sonic wind speed,m/s,0.2
2025-05-27 20:00:00,HC Air temperature,HC Air temperature,°C,18.65
2025-05-27 20:00:00,HC Relative humidity,HC Relative humidity,%,95.02
2025-05-27 20:00:00,Wind gust,Wind gust,m/s,0.3
2025-05-27 19:00:00,DeltaT,DeltaT,°C,5.0
2025-05-27 19:00:00,U-sonic wind dir,U-sonic wind dir,deg,116.0
2025-05-27 19:00:00,HC Air temperature,HC Air temperature,°C,22.44
2025-05-27 19:00:00,HC Relative humidity,HC Relative humidity,%,62.12
2025-05-27 19:00:00,Solar radiation,Solar radiation,W/m2,11.0
2025-05-27 19:00:00,Solar Panel,Solar Panel,mV,0.0
2025-05-27 19:00:00,Battery,Battery,mV,6550.0
2025-05-27 19:00:00,U-sonic wind speed,U-sonic wind speed,m/s,0.2
2025-05-27 19:00:00,Dew Point,Dew Point,°C,14.66
2025-05-27 19:00:00,VPD,VPD,mbar,10.5
2025-05-27 19:00:00,Wind gust,Wind gust,m/s,0.3
2025-05-27 18:00:00,Battery,Battery,mV,6820.0
2025-05-27 18:00:00,Solar Panel,Solar Panel,mV,7055.0
2025-05-27 18:00:00,Solar radiation,Solar radiation,W/m2,131.0
2025-05-27 18:00:00,HC Relative humidity,HC Relative humidity,%,50.27
2025-05-27 18:00:00,U-sonic wind dir,U-sonic wind dir,deg,116.0
2025-05-27 18:00:00,U-sonic wind speed,U-sonic wind speed,m/s,0.1
2025-05-27 18:00:00,Dew Point,Dew Point,°C,14.73
2025-05-27 18:00:00,VPD,VPD,mbar,16.6
2025-05-27 18:00:00,DeltaT,DeltaT,°C,7.0
2025-05-27 18:00:00,Wind gust,Wind gust,m/s,0.3
2025-05-27 18:00:00,HC Air temperature,HC Air temperature,°C,25.87
2025-05-27 17:00:00,U-sonic wind dir,U-sonic wind dir,deg,241.0
2025-05-27 17:00:00,Solar radiation,Solar radiation,W/m2,311.0
2025-05-27 17:00:00,HC Relative humidity,HC Relative humidity,%,46.42
2025-05-27 17:00:00,U-sonic wind speed,U-sonic wind speed,m/s,0.2
2025-05-27 17:00:00,Dew Point,Dew Point,°C,17.31
2025-05-27 17:00:00,DeltaT,DeltaT,°C,8.0
2025-05-27 17:00:00,VPD,VPD,mbar,22.8
2025-05-27 17:00:00,Wind gust,Wind gust,m/s,0.3
2025-05-27 17:00:00,Solar Panel,Solar Panel,mV,7717.0
2025-05-27 17:00:00,Battery,Battery,mV,6878.0
2025-05-27 17:00:00,HC Air temperature,HC Air temperature,°C,30.06
2025-05-27 16:00:00,Solar radiation,Solar radiation,W/m2,468.0
2025-05-27 16:00:00,Dew Point,Dew Point,°C,18.27
2025-05-27 16:00:00,VPD,VPD,mbar,25.9
2025-05-27 16:00:00,DeltaT,DeltaT,°C,9.0
2025-05-27 16:00:00,Wind gust,Wind gust,m/s,1.0
2025-05-27 16:00:00,U-sonic wind speed,U-sonic wind speed,m/s,0.3
2025-05-27 16:00:00,U-sonic wind dir,U-sonic wind dir,deg,82.0
2025-05-27 16:00:00,HC Air temperature,HC Air temperature,°C,31.76
2025-05-27 16:00:00,HC Relative humidity,HC Relative humidity,%,44.77
2025-05-27 16:00:00,Solar Panel,Solar Panel,mV,9770.0
2025-05-27 16:00:00,Battery,Battery,mV,6887.0
2025-05-27 15:00:00,Dew Point,Dew Point,°C,16.31
2025-05-27 15:00:00,HC Relative humidity,HC Relative humidity,%,40.41
2025-05-27 15:00:00,VPD,VPD,mbar,27.4
2025-05-27 15:00:00,HC Air temperature,HC Air temperature,°C,31.4
2025-05-27 15:00:00,DeltaT,DeltaT,°C,10.0
2025-05-27 15:00:00,Battery,Battery,mV,6893.0
2025-05-27 15:00:00,Solar Panel,Solar Panel,mV,10041.0
2025-05-27 15:00:00,Solar radiation,Solar radiation,W/m2,666.0
2025-05-27 15:00:00,Wind gust,Wind gust,m/s,1.2
2025-05-27 15:00:00,U-sonic wind speed,U-sonic wind speed,m/s,0.4
2025-05-27 15:00:00,U-sonic wind dir,U-sonic wind dir,deg,24.0
2025-05-27 14:00:00,U-sonic wind dir,U-sonic wind dir,deg,24.0
2025-05-27 14:00:00,U-sonic wind speed,U-sonic wind speed,m/s,0.6
2025-05-27 14:00:00,VPD,VPD,mbar,27.5
2025-05-27 14:00:00,DeltaT,DeltaT,°C,10.0
2025-05-27 14:00:00,Dew Point,Dew Point,°C,13.95
2025-05-27 14:00:00,Wind gust,Wind gust,m/s,1.6
2025-05-27 14:00:00,Battery,Battery,mV,6896.0
2025-05-27 14:00:00,Solar Panel,Solar Panel,mV,9927.0
2025-05-27 14:00:00,Solar radiation,Solar radiation,W/m2,748.0
2025-05-27 14:00:00,HC Relative humidity,HC Relative humidity,%,36.67
2025-05-27 14:00:00,HC Air temperature,HC Air temperature,°C,30.41
2025-05-27 13:00:00,U-sonic wind dir,U-sonic wind dir,deg,21.0
2025-05-27 13:00:00,HC Relative humidity,HC Relative humidity,%,36.31
2025-05-27 13:00:00,HC Air temperature,HC Air temperature,°C,31.08
2025-05-27 13:00:00,Solar radiation,Solar radiation,W/m2,913.0
2025-05-27 13:00:00,Solar Panel,Solar Panel,mV,9959.0
2025-05-27 13:00:00,Battery,Battery,mV,6896.0
2025-05-27 13:00:00,Dew Point,Dew Point,°C,14.38
2025-05-27 13:00:00,VPD,VPD,mbar,28.7
2025-05-27 13:00:00,DeltaT,DeltaT,°C,11.0
2025-05-27 13:00:00,Wind gust,Wind gust,m/s,1.7
2025-05-27 13:00:00,U-sonic wind speed,U-sonic wind speed,m/s,0.7
2025-05-27 12:00:00,U-sonic wind speed,U-sonic wind speed,m/s,0.5
2025-05-27 12:00:00,HC Air temperature,HC Air temperature,°C,33.92
2025-05-27 12:00:00,HC Relative humidity,HC Relative humidity,%,34.14
2025-05-27 12:00:00,Solar Panel,Solar Panel,mV,9821.0
2025-05-27 12:00:00,Solar radiation,Solar radiation,W/m2,995.0
2025-05-27 12:00:00,Battery,Battery,mV,6896.0
2025-05-27 12:00:00,Dew Point,Dew Point,°C,15.93
2025-05-27 12:00:00,VPD,VPD,mbar,34.9
2025-05-27 12:00:00,DeltaT,DeltaT,°C,12.0
2025-05-27 12:00:00,Wind gust,Wind gust,m/s,1.2
2025-05-27 12:00:00,U-sonic wind dir,U-sonic wind dir,deg,25.0
2025-05-27 11:00:00,Wind gust,Wind gust,m/s,1.1
2025-05-27 11:00:00,U-sonic wind speed,U-sonic wind speed,m/s,0.5
2025-05-27 11:00:00,U-sonic wind dir,U-sonic wind dir,deg,24.0
2025-05-27 11:00:00,HC Air temperature,HC Air temperature,°C,32.92
2025-05-27 11:00:00,HC Relative humidity,HC Relative humidity,%,37.81
2025-05-27 11:00:00,Solar radiation,Solar radiation,W/m2,936.0
2025-05-27 11:00:00,Solar Panel,Solar Panel,mV,9829.0
2025-05-27 11:00:00,Battery,Battery,mV,6896.0
2025-05-27 11:00:00,Dew Point,Dew Point,°C,16.61
2025-05-27 11:00:00,DeltaT,DeltaT,°C,11.0
2025-05-27 11:00:00,VPD,VPD,mbar,31.1
2025-05-27 10:00:00,U-sonic wind speed,U-sonic wind speed,m/s,0.5
2025-05-27 10:00:00,Solar radiation,Solar radiation,W/m2,870.0
2025-05-27 10:00:00,Solar Panel,Solar Panel,mV,9994.0
2025-05-27 10:00:00,Battery,Battery,mV,6893.0
2025-05-27 10:00:00,Dew Point,Dew Point,°C,17.41
2025-05-27 10:00:00,VPD,VPD,mbar,28.7
2025-05-27 10:00:00,DeltaT,DeltaT,°C,10.0
2025-05-27 10:00:00,HC Relative humidity,HC Relative humidity,%,41.13
2025-05-27 10:00:00,U-sonic wind dir,U-sonic wind dir,deg,28.0
2025-05-27 10:00:00,HC Air temperature,HC Air temperature,°C,32.43
2025-05-27 10:00:00,Wind gust,Wind gust,m/s,1.2
2025-05-27 09:00:00,Dew Point,Dew Point,°C,19.19
2025-05-27 09:00:00,HC Air temperature,HC Air temperature,°C,32.2
2025-05-27 09:00:00,U-sonic wind dir,U-sonic wind dir,deg,28.0
2025-05-27 09:00:00,U-sonic wind speed,U-sonic wind speed,m/s,0.4
2025-05-27 09:00:00,Wind gust,Wind gust,m/s,1.1
2025-05-27 09:00:00,DeltaT,DeltaT,°C,9.0
2025-05-27 09:00:00,VPD,VPD,mbar,25.8
2025-05-27 09:00:00,HC Relative humidity,HC Relative humidity,%,46.25
2025-05-27 09:00:00,Solar radiation,Solar radiation,W/m2,736.0
2025-05-27 09:00:00,Solar Panel,Solar Panel,mV,9990.0
2025-05-27 09:00:00,Battery,Battery,mV,6889.0
2025-05-27 08:00:00,HC Air temperature,HC Air temperature,°C,29.43
2025-05-27 08:00:00,U-sonic wind dir,U-sonic wind dir,deg,316.0
2025-05-27 08:00:00,U-sonic wind speed,U-sonic wind speed,m/s,0.1
2025-05-27 08:00:00,Dew Point,Dew Point,°C,23.22
2025-05-27 08:00:00,VPD,VPD,mbar,12.7
2025-05-27 08:00:00,DeltaT,DeltaT,°C,4.0
2025-05-27 08:00:00,Wind gust,Wind gust,m/s,0.5
2025-05-27 08:00:00,Battery,Battery,mV,6880.0
2025-05-27 08:00:00,Solar Panel,Solar Panel,mV,7166.0
2025-05-27 08:00:00,Solar radiation,Solar radiation,W/m2,501.0
2025-05-27 08:00:00,HC Relative humidity,HC Relative humidity,%,69.71
2025-05-27 07:00:00,U-sonic wind speed,U-sonic wind speed,m/s,0.1
2025-05-27 07:00:00,DeltaT,DeltaT,°C,3.0
2025-05-27 07:00:00,Solar radiation,Solar radiation,W/m2,308.0
2025-05-27 07:00:00,VPD,VPD,mbar,6.3
2025-05-27 07:00:00,Solar Panel,Solar Panel,mV,7075.0
2025-05-27 07:00:00,Battery,Battery,mV,6791.0
2025-05-27 07:00:00,Dew Point,Dew Point,°C,22.6
2025-05-27 07:00:00,HC Relative humidity,HC Relative humidity,%,81.27
2025-05-27 07:00:00,HC Air temperature,HC Air temperature,°C,26.07
2025-05-27 07:00:00,U-sonic wind dir,U-sonic wind dir,deg,121.0
2025-05-27 07:00:00,Wind gust,Wind gust,m/s,0.5
2025-05-27 06:00:00,HC Relative humidity,HC Relative humidity,%,99.85
2025-05-27 06:00:00,Battery,Battery,mV,6688.0
2025-05-27 06:00:00,Dew Point,Dew Point,°C,19.7
2025-05-27 06:00:00,VPD,VPD,mbar,0.0
2025-05-27 06:00:00,DeltaT,DeltaT,°C,0.0
2025-05-27 06:00:00,Wind gust,Wind gust,m/s,0.3
2025-05-27 06:00:00,Solar Panel,Solar Panel,mV,6965.0
2025-05-27 06:00:00,HC Air temperature,HC Air temperature,°C,19.72
2025-05-27 06:00:00,U-sonic wind dir,U-sonic wind dir,deg,231.0
2025-05-27 06:00:00,U-sonic wind speed,U-sonic wind speed,m/s,0.2
2025-05-27 06:00:00,Solar radiation,Solar radiation,W/m2,160.0
2025-05-27 05:00:00,Solar radiation,Solar radiation,W/m2,26.0
2025-05-27 05:00:00,Dew Point,Dew Point,°C,14.05
2025-05-27 05:00:00,VPD,VPD,mbar,0.0
2025-05-27 05:00:00,DeltaT,DeltaT,°C,0.0
2025-05-27 05:00:00,Wind gust,Wind gust,m/s,0.3
2025-05-27 05:00:00,U-sonic wind speed,U-sonic wind speed,m/s,0.2
2025-05-27 05:00:00,U-sonic wind dir,U-sonic wind dir,deg,231.0
2025-05-27 05:00:00,HC Air temperature,HC Air temperature,°C,14.08
2025-05-27 05:00:00,HC Relative humidity,HC Relative humidity,%,99.83
2025-05-27 05:00:00,Solar Panel,Solar Panel,mV,6748.0
2025-05-27 05:00:00,Battery,Battery,mV,6488.0
2025-05-27 04:00:00,HC Air temperature,HC Air temperature,°C,13.73
2025-05-27 04:00:00,U-sonic wind dir,U-sonic wind dir,deg,231.0
2025-05-27 04:00:00,U-sonic wind speed,U-sonic wind speed,m/s,0.2
2025-05-27 04:00:00,Wind gust,Wind gust,m/s,0.3
2025-05-27 04:00:00,DeltaT,DeltaT,°C,0.0
2025-05-27 04:00:00,VPD,VPD,mbar,0.0
2025-05-27 04:00:00,Dew Point,Dew Point,°C,13.7
2025-05-27 04:00:00,Battery,Battery,mV,6450.0
2025-05-27 04:00:00,Solar Panel,Solar Panel,mV,232.0
2025-05-27 04:00:00,Solar radiation,Solar radiation,W/m2,0.0
2025-05-27 04:00:00,HC Relative humidity,HC Relative humidity,%,99.83
2025-05-27 03:00:00,Solar Panel,Solar Panel,mV,0.0
2025-05-27 03:00:00,Battery,Battery,mV,6461.0
2025-05-27 03:00:00,Solar radiation,Solar radiation,W/m2,0.0
2025-05-27 03:00:00,HC Relative humidity,HC Relative humidity,%,99.83
2025-05-27 03:00:00,HC Air temperature,HC Air temperature,°C,13.95
2025-05-27 03:00:00,U-sonic wind dir,U-sonic wind dir,deg,231.0
2025-05-27 03:00:00,Dew Point,Dew Point,°C,13.93
2025-05-27 03:00:00,VPD,VPD,mbar,0.0
2025-05-27 03:00:00,DeltaT,DeltaT,°C,0.0
2025-05-27 03:00:00,Wind gust,Wind gust,m/s,0.3
2025-05-27 03:00:00,U-sonic wind speed,U-sonic wind speed,m/s,0.2
2025-05-27 02:00:00,Battery,Battery,mV,6470.0
2025-05-27 02:00:00,Wind gust,Wind gust,m/s,0.4
2025-05-27 02:00:00,U-sonic wind speed,U-sonic wind speed,m/s,0.2
2025-05-27 02:00:00,U-sonic wind dir,U-sonic wind dir,deg,231.0
2025-05-27 02:00:00,HC Air temperature,HC Air temperature,°C,14.48
2025-05-27 02:00:00,HC Relative humidity,HC Relative humidity,%,99.83
2025-05-27 02:00:00,VPD,VPD,mbar,0.0
2025-05-27 02:00:00,Dew Point,Dew Point,°C,14.46
2025-05-27 02:00:00,Solar radiation,Solar radiation,W/m2,0.0
2025-05-27 02:00:00,Solar Panel,Solar Panel,mV,0.0
2025-05-27 02:00:00,DeltaT,DeltaT,°C,0.0
2025-05-27 01:00:00,Battery,Battery,mV,6481.0
2025-05-27 01:00:00,Dew Point,Dew Point,°C,14.64
2025-05-27 01:00:00,VPD,VPD,mbar,0.0
2025-05-27 01:00:00,DeltaT,DeltaT,°C,0.0
2025-05-27 01:00:00,Wind gust,Wind gust,m/s,0.3
2025-05-27 01:00:00,U-sonic wind speed,U-sonic wind speed,m/s,0.2
2025-05-27 01:00:00,U-sonic wind dir,U-sonic wind dir,deg,231.0
2025-05-27 01:00:00,HC Air temperature,HC Air temperature,°C,14.67
2025-05-27 01:00:00,HC Relative humidity,HC Relative humidity,%,99.83
2025-05-27 01:00:00,Solar radiation,Solar radiation,W/m2,0.0
2025-05-27 01:00:00,Solar Panel,Solar Panel,mV,0.0
2025-05-27 00:00:00,Solar radiation,Solar radiation,W/m2,0.0
2025-05-27 00:00:00,HC Air temperature,HC Air temperature,°C,15.0
2025-05-27 00:00:00,HC Relative humidity,HC Relative humidity,%,99.83
2025-05-27 00:00:00,Solar Panel,Solar Panel,mV,0.0
2025-05-27 00:00:00,Dew Point,Dew Point,°C,14.97
2025-05-27 00:00:00,VPD,VPD,mbar,0.0
2025-05-27 00:00:00,DeltaT,DeltaT,°C,0.0
2025-05-27 00:00:00,Wind gust,Wind gust,m/s,0.2
2025-05-27 00:00:00,U-sonic wind speed,U-sonic wind speed,m/s,0.2
2025-05-27 00:00:00,Battery,Battery,mV,6484.0
2025-05-27 00:00:00,U-sonic wind dir,U-sonic wind dir,deg,231.0
2025-05-26 23:00:00,U-sonic wind dir,U-sonic wind dir,deg,231.0
2025-05-26 23:00:00,Battery,Battery,mV,6488.0
2025-05-26 23:00:00,Solar Panel,Solar Panel,mV,0.0
2025-05-26 23:00:00,Solar radiation,Solar radiation,W/m2,0.0
2025-05-26 23:00:00,HC Relative humidity,HC Relative humidity,%,99.84
2025-05-26 23:00:00,HC Air temperature,HC Air temperature,°C,15.3
2025-05-26 23:00:00,U-sonic wind speed,U-sonic wind speed,m/s,0.2
2025-05-26 23:00:00,Wind gust,Wind gust,m/s,0.3
2025-05-26 23:00:00,DeltaT,DeltaT,°C,0.0
2025-05-26 23:00:00,VPD,VPD,mbar,0.0
2025-05-26 23:00:00,Dew Point,Dew Point,°C,15.28
2025-05-26 22:00:00,Solar radiation,Solar radiation,W/m2,0.0
2025-05-26 22:00:00,Solar Panel,Solar Panel,mV,0.0
2025-05-26 22:00:00,DeltaT,DeltaT,°C,0.0
2025-05-26 22:00:00,Battery,Battery,mV,6493.0
2025-05-26 22:00:00,VPD,VPD,mbar,0.0
2025-05-26 22:00:00,Dew Point,Dew Point,°C,15.49
2025-05-26 22:00:00,Wind gust,Wind gust,m/s,0.3
2025-05-26 22:00:00,U-sonic wind speed,U-sonic wind speed,m/s,0.2
2025-05-26 22:00:00,U-sonic wind dir,U-sonic wind dir,deg,231.0
2025-05-26 22:00:00,HC Air temperature,HC Air temperature,°C,15.52
2025-05-26 22:00:00,HC Relative humidity,HC Relative humidity,%,99.85
2025-05-26 21:00:00,Solar radiation,Solar radiation,W/m2,0.0
2025-05-26 21:00:00,HC Relative humidity,HC Relative humidity,%,99.88
2025-05-26 21:00:00,Battery,Battery,mV,6493.0
2025-05-26 21:00:00,HC Air temperature,HC Air temperature,°C,16.13
2025-05-26 21:00:00,U-sonic wind dir,U-sonic wind dir,deg,231.0
2025-05-26 21:00:00,U-sonic wind speed,U-sonic wind speed,m/s,0.2
2025-05-26 21:00:00,Solar Panel,Solar Panel,mV,0.0
2025-05-26 21:00:00,Wind gust,Wind gust,m/s,0.3
2025-05-26 21:00:00,DeltaT,DeltaT,°C,0.0
2025-05-26 21:00:00,VPD,VPD,mbar,0.0
2025-05-26 21:00:00,Dew Point,Dew Point,°C,16.11
2025-05-26 20:00:00,U-sonic wind dir,U-sonic wind dir,deg,231.0
2025-05-26 20:00:00,U-sonic wind speed,U-sonic wind speed,m/s,0.2
2025-05-26 20:00:00,DeltaT,DeltaT,°C,0.0
2025-05-26 20:00:00,VPD,VPD,mbar,0.0
2025-05-26 20:00:00,Wind gust,Wind gust,m/s,0.3
2025-05-26 20:00:00,Dew Point,Dew Point,°C,17.73
2025-05-26 20:00:00,Battery,Battery,mV,6475.0
2025-05-26 20:00:00,Solar Panel,Solar Panel,mV,0.0
2025-05-26 20:00:00,Solar radiation,Solar radiation,W/m2,0.0
2025-05-26 20:00:00,HC Relative humidity,HC Relative humidity,%,99.92
2025-05-26 20:00:00,HC Air temperature,HC Air temperature,°C,17.75
2025-05-26 19:00:00,HC Relative humidity,HC Relative humidity,%,77.58
2025-05-26 19:00:00,DeltaT,DeltaT,°C,3.0
2025-05-26 19:00:00,U-sonic wind dir,U-sonic wind dir,deg,330.0
2025-05-26 19:00:00,HC Air temperature,HC Air temperature,°C,20.56
2025-05-26 19:00:00,VPD,VPD,mbar,5.6
2025-05-26 19:00:00,Dew Point,Dew Point,°C,16.4
2025-05-26 19:00:00,U-sonic wind speed,U-sonic wind speed,m/s,0.2
2025-05-26 19:00:00,Wind gust,Wind gust,m/s,0.5
2025-05-26 19:00:00,Solar radiation,Solar radiation,W/m2,12.0
2025-05-26 19:00:00,Solar Panel,Solar Panel,mV,0.0
2025-05-26 19:00:00,Battery,Battery,mV,6564.0
2025-05-26 18:00:00,Solar radiation,Solar radiation,W/m2,137.0
2025-05-26 18:00:00,Battery,Battery,mV,6822.0
2025-05-26 18:00:00,DeltaT,DeltaT,°C,6.0
2025-05-26 18:00:00,U-sonic wind dir,U-sonic wind dir,deg,169.0
2025-05-26 18:00:00,HC Air temperature,HC Air temperature,°C,24.21
2025-05-26 18:00:00,HC Relative humidity,HC Relative humidity,%,56.39
2025-05-26 18:00:00,Dew Point,Dew Point,°C,14.96
2025-05-26 18:00:00,VPD,VPD,mbar,13.2
2025-05-26 18:00:00,Wind gust,Wind gust,m/s,0.4
2025-05-26 18:00:00,U-sonic wind speed,U-sonic wind speed,m/s,0.1
2025-05-26 18:00:00,Solar Panel,Solar Panel,mV,7055.0
2025-05-26 17:00:00,Battery,Battery,mV,6878.0
2025-05-26 17:00:00,Solar Panel,Solar Panel,mV,9183.0
2025-05-26 17:00:00,Dew Point,Dew Point,°C,14.75
2025-05-26 17:00:00,VPD,VPD,mbar,18.9
2025-05-26 17:00:00,DeltaT,DeltaT,°C,8.0
2025-05-26 17:00:00,Wind gust,Wind gust,m/s,0.6
2025-05-26 17:00:00,U-sonic wind speed,U-sonic wind speed,m/s,0.2
2025-05-26 17:00:00,U-sonic wind dir,U-sonic wind dir,deg,138.0
2025-05-26 17:00:00,HC Air temperature,HC Air temperature,°C,27.02
2025-05-26 17:00:00,HC Relative humidity,HC Relative humidity,%,47.08
2025-05-26 17:00:00,Solar radiation,Solar radiation,W/m2,305.0
2025-05-26 16:00:00,Solar Panel,Solar Panel,mV,10160.0
2025-05-26 16:00:00,HC Relative humidity,HC Relative humidity,%,41.11
2025-05-26 16:00:00,HC Air temperature,HC Air temperature,°C,29.56
2025-05-26 16:00:00,U-sonic wind dir,U-sonic wind dir,deg,142.0
2025-05-26 16:00:00,U-sonic wind speed,U-sonic wind speed,m/s,0.2
2025-05-26 16:00:00,Wind gust,Wind gust,m/s,0.6
2025-05-26 16:00:00,Dew Point,Dew Point,°C,14.96
2025-05-26 16:00:00,Battery,Battery,mV,6889.0
2025-05-26 16:00:00,VPD,VPD,mbar,24.4
2025-05-26 16:00:00,DeltaT,DeltaT,°C,9.0
2025-05-26 16:00:00,Solar radiation,Solar radiation,W/m2,476.0
2025-05-26 15:00:00,Battery,Battery,mV,6896.0
2025-05-26 15:00:00,HC Air temperature,HC Air temperature,°C,30.55
2025-05-26 15:00:00,U-sonic wind dir,U-sonic wind dir,deg,131.0
2025-05-26 15:00:00,VPD,VPD,mbar,26.2
2025-05-26 15:00:00,Dew Point,Dew Point,°C,15.47
2025-05-26 15:00:00,U-sonic wind speed,U-sonic wind speed,m/s,0.3
2025-05-26 15:00:00,Wind gust,Wind gust,m/s,0.8
2025-05-26 15:00:00,DeltaT,DeltaT,°C,10.0
2025-05-26 15:00:00,Solar Panel,Solar Panel,mV,10041.0
2025-05-26 15:00:00,Solar radiation,Solar radiation,W/m2,670.0
2025-05-26 15:00:00,HC Relative humidity,HC Relative humidity,%,40.18
2025-05-26 14:00:00,U-sonic wind dir,U-sonic wind dir,deg,35.0
2025-05-26 14:00:00,HC Air temperature,HC Air temperature,°C,30.52
2025-05-26 14:00:00,HC Relative humidity,HC Relative humidity,%,38.66
2025-05-26 14:00:00,U-sonic wind speed,U-sonic wind speed,m/s,0.4
2025-05-26 14:00:00,Wind gust,Wind gust,m/s,1.2
2025-05-26 14:00:00,DeltaT,DeltaT,°C,10.0
2025-05-26 14:00:00,VPD,VPD,mbar,26.8
2025-05-26 14:00:00,Dew Point,Dew Point,°C,14.84
2025-05-26 14:00:00,Solar Panel,Solar Panel,mV,9935.0
2025-05-26 14:00:00,Solar radiation,Solar radiation,W/m2,750.0
2025-05-26 14:00:00,Battery,Battery,mV,6896.0
2025-05-26 13:00:00,U-sonic wind dir,U-sonic wind dir,deg,32.0
2025-05-26 13:00:00,HC Air temperature,HC Air temperature,°C,29.77
2025-05-26 13:00:00,VPD,VPD,mbar,25.5
2025-05-26 13:00:00,Battery,Battery,mV,6896.0
2025-05-26 13:00:00,Solar Panel,Solar Panel,mV,9959.0
2025-05-26 13:00:00,HC Relative humidity,HC Relative humidity,%,39.13
2025-05-26 13:00:00,Solar radiation,Solar radiation,W/m2,922.0
2025-05-26 13:00:00,Dew Point,Dew Point,°C,14.37
2025-05-26 13:00:00,DeltaT,DeltaT,°C,10.0
2025-05-26 13:00:00,Wind gust,Wind gust,m/s,1.5
2025-05-26 13:00:00,U-sonic wind speed,U-sonic wind speed,m/s,0.5
2025-05-26 12:00:00,DeltaT,DeltaT,°C,10.0
2025-05-26 12:00:00,HC Relative humidity,HC Relative humidity,%,37.64
2025-05-26 12:00:00,Solar radiation,Solar radiation,W/m2,1006.0
2025-05-26 12:00:00,Solar Panel,Solar Panel,mV,9990.0
2025-05-26 12:00:00,Battery,Battery,mV,6893.0
2025-05-26 12:00:00,HC Air temperature,HC Air temperature,°C,30.71
2025-05-26 12:00:00,VPD,VPD,mbar,27.6
2025-05-26 12:00:00,Dew Point,Dew Point,°C,14.61
2025-05-26 12:00:00,Wind gust,Wind gust,m/s,1.2
2025-05-26 12:00:00,U-sonic wind speed,U-sonic wind speed,m/s,0.5
2025-05-26 12:00:00,U-sonic wind dir,U-sonic wind dir,deg,31.0
2025-05-26 11:00:00,DeltaT,DeltaT,°C,11.0
2025-05-26 11:00:00,Battery,Battery,mV,6896.0
2025-05-26 11:00:00,Solar Panel,Solar Panel,mV,9900.0
2025-05-26 11:00:00,U-sonic wind dir,U-sonic wind dir,deg,34.0
2025-05-26 11:00:00,U-sonic wind speed,U-sonic wind speed,m/s,2.6
2025-05-26 11:00:00,VPD,VPD,mbar,29.8
2025-05-26 11:00:00,Dew Point,Dew Point,°C,15.83
2025-05-26 11:00:00,Wind gust,Wind gust,m/s,16.5
2025-05-26 11:00:00,HC Relative humidity,HC Relative humidity,%,37.7
2025-05-26 11:00:00,Solar radiation,Solar radiation,W/m2,941.0
2025-05-26 11:00:00,HC Air temperature,HC Air temperature,°C,32.09
2025-05-26 10:00:00,HC Air temperature,HC Air temperature,°C,31.87
2025-05-26 10:00:00,Solar Panel,Solar Panel,mV,10030.0
2025-05-26 10:00:00,HC Relative humidity,HC Relative humidity,%,42.48
2025-05-26 10:00:00,Solar radiation,Solar radiation,W/m2,867.0
2025-05-26 10:00:00,Wind gust,Wind gust,m/s,1.2
2025-05-26 10:00:00,U-sonic wind speed,U-sonic wind speed,m/s,0.4
2025-05-26 10:00:00,U-sonic wind dir,U-sonic wind dir,deg,19.0
2025-05-26 10:00:00,Battery,Battery,mV,6896.0
2025-05-26 10:00:00,DeltaT,DeltaT,°C,10.0
2025-05-26 10:00:00,VPD,VPD,mbar,27.1
2025-05-26 10:00:00,Dew Point,Dew Point,°C,17.49
2025-05-26 09:00:00,U-sonic wind dir,U-sonic wind dir,deg,14.0
2025-05-26 09:00:00,HC Air temperature,HC Air temperature,°C,30.4
2025-05-26 09:00:00,Solar Panel,Solar Panel,mV,10057.0
2025-05-26 09:00:00,Battery,Battery,mV,6893.0
2025-05-26 09:00:00,Solar radiation,Solar radiation,W/m2,716.0
2025-05-26 09:00:00,HC Relative humidity,HC Relative humidity,%,41.05
2025-05-26 09:00:00,Dew Point,Dew Point,°C,15.67
2025-05-26 09:00:00,VPD,VPD,mbar,25.6
2025-05-26 09:00:00,DeltaT,DeltaT,°C,10.0
2025-05-26 09:00:00,Wind gust,Wind gust,m/s,1.1
2025-05-26 09:00:00,U-sonic wind speed,U-sonic wind speed,m/s,0.4
2025-05-26 08:00:00,U-sonic wind dir,U-sonic wind dir,deg,32.0
2025-05-26 08:00:00,U-sonic wind speed,U-sonic wind speed,m/s,0.3
2025-05-26 08:00:00,Wind gust,Wind gust,m/s,0.8
2025-05-26 08:00:00,DeltaT,DeltaT,°C,9.0
2025-05-26 08:00:00,VPD,VPD,mbar,23.4
2025-05-26 08:00:00,Dew Point,Dew Point,°C,16.06
2025-05-26 08:00:00,Battery,Battery,mV,6869.0
2025-05-26 08:00:00,Solar Panel,Solar Panel,mV,7150.0
2025-05-26 08:00:00,Solar radiation,Solar radiation,W/m2,536.0
2025-05-26 08:00:00,HC Relative humidity,HC Relative humidity,%,43.9
2025-05-26 08:00:00,HC Air temperature,HC Air temperature,°C,29.69
2025-05-26 07:00:00,Battery,Battery,mV,6791.0
2025-05-26 07:00:00,Solar Panel,Solar Panel,mV,7079.0
2025-05-26 07:00:00,Solar radiation,Solar radiation,W/m2,327.0
2025-05-26 07:00:00,HC Relative humidity,HC Relative humidity,%,64.72
2025-05-26 07:00:00,HC Air temperature,HC Air temperature,°C,25.59
2025-05-26 07:00:00,U-sonic wind dir,U-sonic wind dir,deg,50.0
2025-05-26 07:00:00,U-sonic wind speed,U-sonic wind speed,m/s,0.2
2025-05-26 07:00:00,Wind gust,Wind gust,m/s,0.5
2025-05-26 07:00:00,DeltaT,DeltaT,°C,5.0
2025-05-26 07:00:00,VPD,VPD,mbar,12.1
2025-05-26 07:00:00,Dew Point,Dew Point,°C,18.17
2025-05-26 06:00:00,Solar Panel,Solar Panel,mV,6972.0
2025-05-26 06:00:00,HC Relative humidity,HC Relative humidity,%,97.11
2025-05-26 06:00:00,HC Air temperature,HC Air temperature,°C,18.45
2025-05-26 06:00:00,U-sonic wind dir,U-sonic wind dir,deg,28.0
2025-05-26 06:00:00,DeltaT,DeltaT,°C,0.0
2025-05-26 06:00:00,Solar radiation,Solar radiation,W/m2,171.0
2025-05-26 06:00:00,U-sonic wind speed,U-sonic wind speed,m/s,0.2
2025-05-26 06:00:00,Wind gust,Wind gust,m/s,0.3
2025-05-26 06:00:00,Dew Point,Dew Point,°C,17.95
2025-05-26 06:00:00,VPD,VPD,mbar,0.7
2025-05-26 06:00:00,Battery,Battery,mV,6693.0
2025-05-26 05:00:00,Dew Point,Dew Point,°C,12.64
2025-05-26 05:00:00,VPD,VPD,mbar,0.0
2025-05-26 05:00:00,DeltaT,DeltaT,°C,0.0
2025-05-26 05:00:00,Wind gust,Wind gust,m/s,0.3
2025-05-26 05:00:00,U-sonic wind speed,U-sonic wind speed,m/s,0.2
2025-05-26 05:00:00,U-sonic wind dir,U-sonic wind dir,deg,28.0
2025-05-26 05:00:00,HC Air temperature,HC Air temperature,°C,12.67
2025-05-26 05:00:00,Battery,Battery,mV,6493.0
2025-05-26 05:00:00,HC Relative humidity,HC Relative humidity,%,99.85
2025-05-26 05:00:00,Solar radiation,Solar radiation,W/m2,31.0
2025-05-26 05:00:00,Solar Panel,Solar Panel,mV,6760.0
2025-05-26 04:00:00,HC Relative humidity,HC Relative humidity,%,99.86
2025-05-26 04:00:00,Dew Point,Dew Point,°C,13.24
2025-05-26 04:00:00,VPD,VPD,mbar,0.0
2025-05-26 04:00:00,DeltaT,DeltaT,°C,0.0
2025-05-26 04:00:00,Solar radiation,Solar radiation,W/m2,0.0
2025-05-26 04:00:00,Solar Panel,Solar Panel,mV,248.0
2025-05-26 04:00:00,Battery,Battery,mV,6457.0
2025-05-26 04:00:00,U-sonic wind dir,U-sonic wind dir,deg,28.0
2025-05-26 04:00:00,HC Air temperature,HC Air temperature,°C,13.26
2025-05-26 04:00:00,Wind gust,Wind gust,m/s,0.2
2025-05-26 04:00:00,U-sonic wind speed,U-sonic wind speed,m/s,0.2
2025-05-26 03:00:00,Battery,Battery,mV,6470.0
2025-05-26 03:00:00,VPD,VPD,mbar,0.0
2025-05-26 03:00:00,U-sonic wind speed,U-sonic wind speed,m/s,0.1
2025-05-26 03:00:00,U-sonic wind dir,U-sonic wind dir,deg,28.0
2025-05-26 03:00:00,Dew Point,Dew Point,°C,13.8
2025-05-26 03:00:00,Solar Panel,Solar Panel,mV,0.0
2025-05-26 03:00:00,Solar radiation,Solar radiation,W/m2,0.0
2025-05-26 03:00:00,HC Relative humidity,HC Relative humidity,%,99.86
2025-05-26 03:00:00,HC Air temperature,HC Air temperature,°C,13.82
2025-05-26 03:00:00,Wind gust,Wind gust,m/s,0.3
2025-05-26 03:00:00,DeltaT,DeltaT,°C,0.0
2025-05-26 02:00:00,HC Air temperature,HC Air temperature,°C,14.4
2025-05-26 02:00:00,HC Relative humidity,HC Relative humidity,%,99.85
2025-05-26 02:00:00,Dew Point,Dew Point,°C,14.37
2025-05-26 02:00:00,DeltaT,DeltaT,°C,0.0
2025-05-26 02:00:00,U-sonic wind speed,U-sonic wind speed,m/s,0.1
2025-05-26 02:00:00,VPD,VPD,mbar,0.0
2025-05-26 02:00:00,Battery,Battery,mV,6481.0
2025-05-26 02:00:00,Solar Panel,Solar Panel,mV,0.0
2025-05-26 02:00:00,Wind gust,Wind gust,m/s,0.2
2025-05-26 02:00:00,Solar radiation,Solar radiation,W/m2,0.0
2025-05-26 02:00:00,U-sonic wind dir,U-sonic wind dir,deg,28.0
2025-05-26 01:00:00,VPD,VPD,mbar,0.0
2025-05-26 01:00:00,U-sonic wind speed,U-sonic wind speed,m/s,0.1
2025-05-26 01:00:00,Solar radiation,Solar radiation,W/m2,0.0
2025-05-26 01:00:00,HC Relative humidity,HC Relative humidity,%,99.87
2025-05-26 01:00:00,U-sonic wind dir,U-sonic wind dir,deg,28.0
2025-05-26 01:00:00,DeltaT,DeltaT,°C,0.0
2025-05-26 01:00:00,Solar Panel,Solar Panel,mV,0.0
2025-05-26 01:00:00,HC Air temperature,HC Air temperature,°C,15.48
2025-05-26 01:00:00,Dew Point,Dew Point,°C,15.46
2025-05-26 01:00:00,Battery,Battery,mV,6486.0
2025-05-26 01:00:00,Wind gust,Wind gust,m/s,0.3
2025-05-26 00:00:00,HC Air temperature,HC Air temperature,°C,17.55
2025-05-26 00:00:00,VPD,VPD,mbar,0.0
2025-05-26 00:00:00,Dew Point,Dew Point,°C,17.54
2025-05-26 00:00:00,DeltaT,DeltaT,°C,0.0
2025-05-26 00:00:00,Wind gust,Wind gust,m/s,1.1
2025-05-26 00:00:00,U-sonic wind speed,U-sonic wind speed,m/s,0.3
2025-05-26 00:00:00,U-sonic wind dir,U-sonic wind dir,deg,32.0
2025-05-26 00:00:00,HC Relative humidity,HC Relative humidity,%,99.92
2025-05-26 00:00:00,Solar radiation,Solar radiation,W/m2,0.0
2025-05-26 00:00:00,Solar Panel,Solar Panel,mV,0.0
2025-05-26 00:00:00,Battery,Battery,mV,6493.0
2025-05-25 23:00:00,VPD,VPD,mbar,0.0
2025-05-25 23:00:00,DeltaT,DeltaT,°C,0.0
2025-05-25 23:00:00,Battery,Battery,mV,6493.0
2025-05-25 23:00:00,Solar Panel,Solar Panel,mV,0.0
2025-05-25 23:00:00,Solar radiation,Solar radiation,W/m2,0.0
2025-05-25 23:00:00,HC Relative humidity,HC Relative humidity,%,99.95
2025-05-25 23:00:00,HC Air temperature,HC Air temperature,°C,18.3
2025-05-25 23:00:00,U-sonic wind dir,U-sonic wind dir,deg,29.0
2025-05-25 23:00:00,U-sonic wind speed,U-sonic wind speed,m/s,0.4
2025-05-25 23:00:00,Wind gust,Wind gust,m/s,1.2
2025-05-25 23:00:00,Dew Point,Dew Point,°C,18.29
2025-05-25 22:00:00,Dew Point,Dew Point,°C,18.32
2025-05-25 22:00:00,VPD,VPD,mbar,0.0
2025-05-25 22:00:00,DeltaT,DeltaT,°C,0.0
2025-05-25 22:00:00,Wind gust,Wind gust,m/s,1.1
2025-05-25 22:00:00,U-sonic wind speed,U-sonic wind speed,m/s,0.4
2025-05-25 22:00:00,U-sonic wind dir,U-sonic wind dir,deg,31.0
2025-05-25 22:00:00,HC Air temperature,HC Air temperature,°C,18.33
2025-05-25 22:00:00,HC Relative humidity,HC Relative humidity,%,99.93
2025-05-25 22:00:00,Solar radiation,Solar radiation,W/m2,0.0
2025-05-25 22:00:00,Solar Panel,Solar Panel,mV,0.0
2025-05-25 22:00:00,Battery,Battery,mV,6497.0
2025-05-25 21:00:00,Solar radiation,Solar radiation,W/m2,0.0
2025-05-25 21:00:00,Solar Panel,Solar Panel,mV,0.0
2025-05-25 21:00:00,Battery,Battery,mV,6502.0
2025-05-25 21:00:00,VPD,VPD,mbar,0.0
2025-05-25 21:00:00,DeltaT,DeltaT,°C,0.0
2025-05-25 21:00:00,Wind gust,Wind gust,m/s,0.9
2025-05-25 21:00:00,U-sonic wind speed,U-sonic wind speed,m/s,0.4
2025-05-25 21:00:00,U-sonic wind dir,U-sonic wind dir,deg,28.0
2025-05-25 21:00:00,HC Air temperature,HC Air temperature,°C,18.46
2025-05-25 21:00:00,Dew Point,Dew Point,°C,18.45
2025-05-25 21:00:00,HC Relative humidity,HC Relative humidity,%,99.94
2025-05-25 20:00:00,DeltaT,DeltaT,°C,1.0
2025-05-25 20:00:00,HC Air temperature,HC Air temperature,°C,19.04
2025-05-25 20:00:00,U-sonic wind dir,U-sonic wind dir,deg,24.0
2025-05-25 20:00:00,Dew Point,Dew Point,°C,17.52
2025-05-25 20:00:00,HC Relative humidity,HC Relative humidity,%,90.9
2025-05-25 20:00:00,Battery,Battery,mV,6493.0
2025-05-25 20:00:00,Solar Panel,Solar Panel,mV,0.0
2025-05-25 20:00:00,U-sonic wind speed,U-sonic wind speed,m/s,0.4
2025-05-25 20:00:00,Solar radiation,Solar radiation,W/m2,0.0
2025-05-25 20:00:00,VPD,VPD,mbar,2.0
2025-05-25 20:00:00,Wind gust,Wind gust,m/s,1.1
2025-05-25 19:00:00,Wind gust,Wind gust,m/s,1.2
2025-05-25 19:00:00,HC Air temperature,HC Air temperature,°C,20.41
2025-05-25 19:00:00,U-sonic wind dir,U-sonic wind dir,deg,8.0
2025-05-25 19:00:00,U-sonic wind speed,U-sonic wind speed,m/s,0.4
2025-05-25 19:00:00,VPD,VPD,mbar,5.7
2025-05-25 19:00:00,Dew Point,Dew Point,°C,16.08
2025-05-25 19:00:00,HC Relative humidity,HC Relative humidity,%,76.53
2025-05-25 19:00:00,Solar radiation,Solar radiation,W/m2,10.0
2025-05-25 19:00:00,Solar Panel,Solar Panel,mV,0.0
2025-05-25 19:00:00,Battery,Battery,mV,6564.0
2025-05-25 19:00:00,DeltaT,DeltaT,°C,3.0
2025-05-25 18:00:00,Dew Point,Dew Point,°C,15.42
2025-05-25 18:00:00,VPD,VPD,mbar,11.7
2025-05-25 18:00:00,DeltaT,DeltaT,°C,5.0
2025-05-25 18:00:00,Wind gust,Wind gust,m/s,1.2
2025-05-25 18:00:00,Solar Panel,Solar Panel,mV,7055.0
2025-05-25 18:00:00,Solar radiation,Solar radiation,W/m2,130.0
2025-05-25 18:00:00,U-sonic wind speed,U-sonic wind speed,m/s,0.5
2025-05-25 18:00:00,U-sonic wind dir,U-sonic wind dir,deg,26.0
2025-05-25 18:00:00,HC Air temperature,HC Air temperature,°C,23.63
2025-05-25 18:00:00,HC Relative humidity,HC Relative humidity,%,60.12
2025-05-25 18:00:00,Battery,Battery,mV,6826.0
2025-05-25 17:00:00,Battery,Battery,mV,6878.0
2025-05-25 17:00:00,Solar Panel,Solar Panel,mV,9529.0
2025-05-25 17:00:00,Solar radiation,Solar radiation,W/m2,301.0
2025-05-25 17:00:00,HC Relative humidity,HC Relative humidity,%,58.04
2025-05-25 17:00:00,HC Air temperature,HC Air temperature,°C,25.63
2025-05-25 17:00:00,U-sonic wind dir,U-sonic wind dir,deg,26.0
2025-05-25 17:00:00,U-sonic wind speed,U-sonic wind speed,m/s,0.5
2025-05-25 17:00:00,Wind gust,Wind gust,m/s,1.6
2025-05-25 17:00:00,Dew Point,Dew Point,°C,16.76
2025-05-25 17:00:00,VPD,VPD,mbar,13.8
2025-05-25 17:00:00,DeltaT,DeltaT,°C,6.0
2025-05-25 16:00:00,Battery,Battery,mV,6889.0
2025-05-25 16:00:00,Solar Panel,Solar Panel,mV,9825.0
2025-05-25 16:00:00,HC Air temperature,HC Air temperature,°C,27.28
2025-05-25 16:00:00,Solar radiation,Solar radiation,W/m2,470.0
2025-05-25 16:00:00,VPD,VPD,mbar,18.4
2025-05-25 16:00:00,DeltaT,DeltaT,°C,7.0
2025-05-25 16:00:00,Wind gust,Wind gust,m/s,1.5
2025-05-25 16:00:00,U-sonic wind dir,U-sonic wind dir,deg,28.0
2025-05-25 16:00:00,U-sonic wind speed,U-sonic wind speed,m/s,0.6
2025-05-25 16:00:00,HC Relative humidity,HC Relative humidity,%,49.21
2025-05-25 16:00:00,Dew Point,Dew Point,°C,15.67
2025-05-25 15:00:00,DeltaT,DeltaT,°C,9.0
2025-05-25 15:00:00,Solar radiation,Solar radiation,W/m2,657.0
2025-05-25 15:00:00,HC Air temperature,HC Air temperature,°C,28.85
2025-05-25 15:00:00,U-sonic wind dir,U-sonic wind dir,deg,32.0
2025-05-25 15:00:00,Dew Point,Dew Point,°C,15.57
2025-05-25 15:00:00,HC Relative humidity,HC Relative humidity,%,44.53
2025-05-25 15:00:00,U-sonic wind speed,U-sonic wind speed,m/s,0.6
2025-05-25 15:00:00,Solar Panel,Solar Panel,mV,10152.0
2025-05-25 15:00:00,Battery,Battery,mV,6889.0
2025-05-25 15:00:00,Wind gust,Wind gust,m/s,1.6
2025-05-25 15:00:00,VPD,VPD,mbar,22.0
2025-05-25 14:00:00,Solar Panel,Solar Panel,mV,9990.0
2025-05-25 14:00:00,Wind gust,Wind gust,m/s,1.5
2025-05-25 14:00:00,U-sonic wind speed,U-sonic wind speed,m/s,0.6
2025-05-25 14:00:00,U-sonic wind dir,U-sonic wind dir,deg,35.0
2025-05-25 14:00:00,HC Air temperature,HC Air temperature,°C,28.93
2025-05-25 14:00:00,HC Relative humidity,HC Relative humidity,%,45.47
2025-05-25 14:00:00,Solar radiation,Solar radiation,W/m2,755.0
2025-05-25 14:00:00,Battery,Battery,mV,6896.0
2025-05-25 14:00:00,Dew Point,Dew Point,°C,15.96
2025-05-25 14:00:00,VPD,VPD,mbar,21.7
2025-05-25 14:00:00,DeltaT,DeltaT,°C,8.0
2025-05-25 13:00:00,Solar radiation,Solar radiation,W/m2,922.0
2025-05-25 13:00:00,Dew Point,Dew Point,°C,16.08
2025-05-25 13:00:00,VPD,VPD,mbar,19.8
2025-05-25 13:00:00,U-sonic wind dir,U-sonic wind dir,deg,33.0
2025-05-25 13:00:00,HC Relative humidity,HC Relative humidity,%,47.99
2025-05-25 13:00:00,Battery,Battery,mV,6893.0
2025-05-25 13:00:00,HC Air temperature,HC Air temperature,°C,28.13
2025-05-25 13:00:00,DeltaT,DeltaT,°C,8.0
2025-05-25 13:00:00,Wind gust,Wind gust,m/s,1.7
2025-05-25 13:00:00,U-sonic wind speed,U-sonic wind speed,m/s,0.7
2025-05-25 13:00:00,Solar Panel,Solar Panel,mV,10030.0
2025-05-25 12:00:00,HC Relative humidity,HC Relative humidity,%,48.68
2025-05-25 12:00:00,Solar Panel,Solar Panel,mV,10053.0
2025-05-25 12:00:00,Battery,Battery,mV,6893.0
2025-05-25 12:00:00,VPD,VPD,mbar,18.6
2025-05-25 12:00:00,DeltaT,DeltaT,°C,7.0
2025-05-25 12:00:00,Dew Point,Dew Point,°C,15.53
2025-05-25 12:00:00,Wind gust,Wind gust,m/s,1.9
2025-05-25 12:00:00,U-sonic wind speed,U-sonic wind speed,m/s,0.9
2025-05-25 12:00:00,U-sonic wind dir,U-sonic wind dir,deg,33.0
2025-05-25 12:00:00,HC Air temperature,HC Air temperature,°C,27.28
2025-05-25 12:00:00,Solar radiation,Solar radiation,W/m2,1007.0
2025-05-25 11:00:00,VPD,VPD,mbar,15.1
2025-05-25 11:00:00,Dew Point,Dew Point,°C,16.35
2025-05-25 11:00:00,U-sonic wind speed,U-sonic wind speed,m/s,0.9
2025-05-25 11:00:00,Wind gust,Wind gust,m/s,1.7
2025-05-25 11:00:00,DeltaT,DeltaT,°C,6.0
2025-05-25 11:00:00,HC Air temperature,HC Air temperature,°C,26.06
2025-05-25 11:00:00,HC Relative humidity,HC Relative humidity,%,55.19
2025-05-25 11:00:00,Solar radiation,Solar radiation,W/m2,933.0
2025-05-25 11:00:00,Solar Panel,Solar Panel,mV,10128.0
2025-05-25 11:00:00,Battery,Battery,mV,6893.0
2025-05-25 11:00:00,U-sonic wind dir,U-sonic wind dir,deg,35.0
2025-05-25 10:00:00,Solar radiation,Solar radiation,W/m2,851.0
2025-05-25 10:00:00,Battery,Battery,mV,6889.0
2025-05-25 10:00:00,Dew Point,Dew Point,°C,16.89
2025-05-25 10:00:00,VPD,VPD,mbar,13.2
2025-05-25 10:00:00,DeltaT,DeltaT,°C,5.0
2025-05-25 10:00:00,Wind gust,Wind gust,m/s,1.8
2025-05-25 10:00:00,U-sonic wind speed,U-sonic wind speed,m/s,0.9
2025-05-25 10:00:00,U-sonic wind dir,U-sonic wind dir,deg,35.0
2025-05-25 10:00:00,HC Air temperature,HC Air temperature,°C,25.39
2025-05-25 10:00:00,Solar Panel,Solar Panel,mV,10278.0
2025-05-25 10:00:00,HC Relative humidity,HC Relative humidity,%,59.37
2025-05-25 09:00:00,U-sonic wind dir,U-sonic wind dir,deg,36.0
2025-05-25 09:00:00,U-sonic wind speed,U-sonic wind speed,m/s,0.9
2025-05-25 09:00:00,VPD,VPD,mbar,11.1
2025-05-25 09:00:00,Dew Point,Dew Point,°C,16.72
2025-05-25 09:00:00,Wind gust,Wind gust,m/s,1.9
2025-05-25 09:00:00,DeltaT,DeltaT,°C,5.0
2025-05-25 09:00:00,Solar Panel,Solar Panel,mV,10238.0
2025-05-25 09:00:00,Battery,Battery,mV,6889.0
2025-05-25 09:00:00,Solar radiation,Solar radiation,W/m2,707.0
2025-05-25 09:00:00,HC Relative humidity,HC Relative humidity,%,63.17
2025-05-25 09:00:00,HC Air temperature,HC Air temperature,°C,24.17
2025-05-25 08:00:00,Dew Point,Dew Point,°C,17.49
2025-05-25 08:00:00,VPD,VPD,mbar,7.9
2025-05-25 08:00:00,DeltaT,DeltaT,°C,4.0
2025-05-25 08:00:00,Wind gust,Wind gust,m/s,1.3
2025-05-25 08:00:00,U-sonic wind speed,U-sonic wind speed,m/s,0.7
2025-05-25 08:00:00,U-sonic wind dir,U-sonic wind dir,deg,43.0
2025-05-25 08:00:00,HC Air temperature,HC Air temperature,°C,22.89
2025-05-25 08:00:00,HC Relative humidity,HC Relative humidity,%,71.63
2025-05-25 08:00:00,Solar radiation,Solar radiation,W/m2,466.0
2025-05-25 08:00:00,Solar Panel,Solar Panel,mV,7173.0
2025-05-25 08:00:00,Battery,Battery,mV,6878.0
2025-05-25 07:00:00,Battery,Battery,mV,6802.0
2025-05-25 07:00:00,Dew Point,Dew Point,°C,17.71
2025-05-25 07:00:00,VPD,VPD,mbar,4.4
2025-05-25 07:00:00,DeltaT,DeltaT,°C,2.0
2025-05-25 07:00:00,Wind gust,Wind gust,m/s,1.5
2025-05-25 07:00:00,U-sonic wind speed,U-sonic wind speed,m/s,0.5
2025-05-25 07:00:00,U-sonic wind dir,U-sonic wind dir,deg,42.0
2025-05-25 07:00:00,HC Air temperature,HC Air temperature,°C,20.91
2025-05-25 07:00:00,HC Relative humidity,HC Relative humidity,%,82.43
2025-05-25 07:00:00,Solar radiation,Solar radiation,W/m2,318.0
2025-05-25 07:00:00,Solar Panel,Solar Panel,mV,7083.0
2025-05-25 06:00:00,Wind gust,Wind gust,m/s,0.8
2025-05-25 06:00:00,Battery,Battery,mV,6613.0
2025-05-25 06:00:00,Solar Panel,Solar Panel,mV,6898.0
2025-05-25 06:00:00,Solar radiation,Solar radiation,W/m2,105.0
2025-05-25 06:00:00,HC Relative humidity,HC Relative humidity,%,99.91
2025-05-25 06:00:00,HC Air temperature,HC Air temperature,°C,16.47
2025-05-25 06:00:00,U-sonic wind dir,U-sonic wind dir,deg,36.0
2025-05-25 06:00:00,U-sonic wind speed,U-sonic wind speed,m/s,0.3
2025-05-25 06:00:00,DeltaT,DeltaT,°C,0.0
2025-05-25 06:00:00,VPD,VPD,mbar,0.0
2025-05-25 06:00:00,Dew Point,Dew Point,°C,16.46
2025-05-25 05:00:00,Solar radiation,Solar radiation,W/m2,19.0
2025-05-25 05:00:00,HC Relative humidity,HC Relative humidity,%,99.83
2025-05-25 05:00:00,HC Air temperature,HC Air temperature,°C,12.85
2025-05-25 05:00:00,U-sonic wind dir,U-sonic wind dir,deg,40.0
2025-05-25 05:00:00,U-sonic wind speed,U-sonic wind speed,m/s,0.2
2025-05-25 05:00:00,Wind gust,Wind gust,m/s,0.5
2025-05-25 05:00:00,DeltaT,DeltaT,°C,0.0
2025-05-25 05:00:00,Solar Panel,Solar Panel,mV,6720.0
2025-05-25 05:00:00,VPD,VPD,mbar,0.0
2025-05-25 05:00:00,Dew Point,Dew Point,°C,12.82
2025-05-25 05:00:00,Battery,Battery,mV,6457.0
2025-05-25 04:00:00,Dew Point,Dew Point,°C,12.78
2025-05-25 04:00:00,VPD,VPD,mbar,0.0
2025-05-25 04:00:00,Wind gust,Wind gust,m/s,0.2
2025-05-25 04:00:00,U-sonic wind speed,U-sonic wind speed,m/s,0.1
2025-05-25 04:00:00,U-sonic wind dir,U-sonic wind dir,deg,48.0
2025-05-25 04:00:00,HC Air temperature,HC Air temperature,°C,12.8
2025-05-25 04:00:00,HC Relative humidity,HC Relative humidity,%,99.84
2025-05-25 04:00:00,Solar radiation,Solar radiation,W/m2,0.0
2025-05-25 04:00:00,DeltaT,DeltaT,°C,0.0
2025-05-25 04:00:00,Solar Panel,Solar Panel,mV,0.0
2025-05-25 04:00:00,Battery,Battery,mV,6417.0
2025-05-25 03:00:00,DeltaT,DeltaT,°C,0.0
2025-05-25 03:00:00,Battery,Battery,mV,6426.0
2025-05-25 03:00:00,Solar Panel,Solar Panel,mV,0.0
2025-05-25 03:00:00,Dew Point,Dew Point,°C,13.57
2025-05-25 03:00:00,VPD,VPD,mbar,0.0
2025-05-25 03:00:00,Wind gust,Wind gust,m/s,0.6
2025-05-25 03:00:00,U-sonic wind speed,U-sonic wind speed,m/s,0.2
2025-05-25 03:00:00,U-sonic wind dir,U-sonic wind dir,deg,48.0
2025-05-25 03:00:00,HC Air temperature,HC Air temperature,°C,13.59
2025-05-25 03:00:00,Solar radiation,Solar radiation,W/m2,0.0
2025-05-25 03:00:00,HC Relative humidity,HC Relative humidity,%,99.86
2025-05-25 02:00:00,HC Air temperature,HC Air temperature,°C,14.03
2025-05-25 02:00:00,HC Relative humidity,HC Relative humidity,%,99.86
2025-05-25 02:00:00,U-sonic wind speed,U-sonic wind speed,m/s,0.2
2025-05-25 02:00:00,VPD,VPD,mbar,0.0
2025-05-25 02:00:00,Dew Point,Dew Point,°C,14.0
2025-05-25 02:00:00,DeltaT,DeltaT,°C,0.0
2025-05-25 02:00:00,Solar radiation,Solar radiation,W/m2,0.0
2025-05-25 02:00:00,Solar Panel,Solar Panel,mV,0.0
2025-05-25 02:00:00,Wind gust,Wind gust,m/s,0.5
2025-05-25 02:00:00,Battery,Battery,mV,6446.0
2025-05-25 02:00:00,U-sonic wind dir,U-sonic wind dir,deg,43.0
2025-05-25 01:00:00,HC Air temperature,HC Air temperature,°C,15.48
2025-05-25 01:00:00,HC Relative humidity,HC Relative humidity,%,99.89
2025-05-25 01:00:00,Solar radiation,Solar radiation,W/m2,0.0
2025-05-25 01:00:00,Battery,Battery,mV,6461.0
2025-05-25 01:00:00,Solar Panel,Solar Panel,mV,0.0
2025-05-25 01:00:00,Dew Point,Dew Point,°C,15.47
2025-05-25 01:00:00,VPD,VPD,mbar,0.0
2025-05-25 01:00:00,DeltaT,DeltaT,°C,0.0
2025-05-25 01:00:00,Wind gust,Wind gust,m/s,0.8
2025-05-25 01:00:00,U-sonic wind dir,U-sonic wind dir,deg,37.0
2025-05-25 01:00:00,U-sonic wind speed,U-sonic wind speed,m/s,0.3
2025-05-25 00:00:00,VPD,VPD,mbar,0.0
2025-05-25 00:00:00,HC Air temperature,HC Air temperature,°C,17.25
2025-05-25 00:00:00,HC Relative humidity,HC Relative humidity,%,99.97
2025-05-25 00:00:00,Dew Point,Dew Point,°C,17.25
2025-05-25 00:00:00,Solar Panel,Solar Panel,mV,0.0
2025-05-25 00:00:00,Solar radiation,Solar radiation,W/m2,0.0
2025-05-25 00:00:00,Wind gust,Wind gust,m/s,1.1
2025-05-25 00:00:00,DeltaT,DeltaT,°C,0.0
2025-05-25 00:00:00,Battery,Battery,mV,6470.0
2025-05-25 00:00:00,U-sonic wind speed,U-sonic wind speed,m/s,0.5
2025-05-25 00:00:00,U-sonic wind dir,U-sonic wind dir,deg,34.0
2025-05-24 23:00:00,HC Relative humidity,HC Relative humidity,%,99.9
2025-05-24 23:00:00,HC Air temperature,HC Air temperature,°C,17.11
2025-05-24 23:00:00,U-sonic wind dir,U-sonic wind dir,deg,33.0
2025-05-24 23:00:00,Wind gust,Wind gust,m/s,1.1
2025-05-24 23:00:00,U-sonic wind speed,U-sonic wind speed,m/s,0.5
2025-05-24 23:00:00,Battery,Battery,mV,6484.0
2025-05-24 23:00:00,Solar Panel,Solar Panel,mV,0.0
2025-05-24 23:00:00,Solar radiation,Solar radiation,W/m2,0.0
2025-05-24 23:00:00,VPD,VPD,mbar,0.0
2025-05-24 23:00:00,DeltaT,DeltaT,°C,0.0
2025-05-24 23:00:00,Dew Point,Dew Point,°C,17.1
2025-05-24 22:00:00,VPD,VPD,mbar,0.0
2025-05-24 22:00:00,DeltaT,DeltaT,°C,0.0
2025-05-24 22:00:00,Wind gust,Wind gust,m/s,0.8
2025-05-24 22:00:00,U-sonic wind speed,U-sonic wind speed,m/s,0.2
2025-05-24 22:00:00,U-sonic wind dir,U-sonic wind dir,deg,39.0
2025-05-24 22:00:00,HC Air temperature,HC Air temperature,°C,16.56
2025-05-24 22:00:00,HC Relative humidity,HC Relative humidity,%,99.84
2025-05-24 22:00:00,Solar radiation,Solar radiation,W/m2,0.0
2025-05-24 22:00:00,Solar Panel,Solar Panel,mV,0.0
2025-05-24 22:00:00,Battery,Battery,mV,6493.0
2025-05-24 22:00:00,Dew Point,Dew Point,°C,16.54
2025-05-24 21:00:00,HC Air temperature,HC Air temperature,°C,16.88
2025-05-24 21:00:00,HC Relative humidity,HC Relative humidity,%,99.84
2025-05-24 21:00:00,Solar Panel,Solar Panel,mV,0.0
2025-05-24 21:00:00,Dew Point,Dew Point,°C,16.85
2025-05-24 21:00:00,VPD,VPD,mbar,0.0
2025-05-24 21:00:00,DeltaT,DeltaT,°C,0.0
2025-05-24 21:00:00,Solar radiation,Solar radiation,W/m2,0.0
2025-05-24 21:00:00,Battery,Battery,mV,6502.0
2025-05-24 21:00:00,Wind gust,Wind gust,m/s,0.6
2025-05-24 21:00:00,U-sonic wind speed,U-sonic wind speed,m/s,0.2
2025-05-24 21:00:00,U-sonic wind dir,U-sonic wind dir,deg,42.0
2025-05-24 20:00:00,VPD,VPD,mbar,0.0
2025-05-24 20:00:00,Battery,Battery,mV,6506.0
2025-05-24 20:00:00,Solar Panel,Solar Panel,mV,0.0
2025-05-24 20:00:00,Dew Point,Dew Point,°C,17.04
2025-05-24 20:00:00,DeltaT,DeltaT,°C,0.0
2025-05-24 20:00:00,Wind gust,Wind gust,m/s,0.4
2025-05-24 20:00:00,U-sonic wind speed,U-sonic wind speed,m/s,0.1
2025-05-24 20:00:00,U-sonic wind dir,U-sonic wind dir,deg,38.0
2025-05-24 20:00:00,HC Air temperature,HC Air temperature,°C,17.07
2025-05-24 20:00:00,HC Relative humidity,HC Relative humidity,%,99.84
2025-05-24 20:00:00,Solar radiation,Solar radiation,W/m2,0.0
2025-05-24 19:00:00,Solar Panel,Solar Panel,mV,0.0
2025-05-24 19:00:00,Solar radiation,Solar radiation,W/m2,4.0
2025-05-24 19:00:00,Battery,Battery,mV,6510.0
2025-05-24 19:00:00,Dew Point,Dew Point,°C,17.42
2025-05-24 19:00:00,VPD,VPD,mbar,0.0
2025-05-24 19:00:00,DeltaT,DeltaT,°C,0.0
2025-05-24 19:00:00,Wind gust,Wind gust,m/s,0.5
2025-05-24 19:00:00,U-sonic wind speed,U-sonic wind speed,m/s,0.2
2025-05-24 19:00:00,U-sonic wind dir,U-sonic wind dir,deg,38.0
2025-05-24 19:00:00,HC Air temperature,HC Air temperature,°C,17.45
2025-05-24 19:00:00,HC Relative humidity,HC Relative humidity,%,99.85
2025-05-24 18:00:00,HC Relative humidity,HC Relative humidity,%,99.86
2025-05-24 18:00:00,DeltaT,DeltaT,°C,0.0
2025-05-24 18:00:00,Wind gust,Wind gust,m/s,0.4
2025-05-24 18:00:00,Dew Point,Dew Point,°C,17.91
2025-05-24 18:00:00,Solar Panel,Solar Panel,mV,6732.0
2025-05-24 18:00:00,Solar radiation,Solar radiation,W/m2,6.0
2025-05-24 18:00:00,U-sonic wind speed,U-sonic wind speed,m/s,0.2
2025-05-24 18:00:00,Battery,Battery,mV,6517.0
2025-05-24 18:00:00,U-sonic wind dir,U-sonic wind dir,deg,37.0
2025-05-24 18:00:00,VPD,VPD,mbar,0.0
2025-05-24 18:00:00,HC Air temperature,HC Air temperature,°C,17.93
2025-05-24 17:00:00,HC Air temperature,HC Air temperature,°C,19.38
2025-05-24 17:00:00,Battery,Battery,mV,6548.0
2025-05-24 17:00:00,Solar Panel,Solar Panel,mV,6764.0
2025-05-24 17:00:00,Solar radiation,Solar radiation,W/m2,7.0
2025-05-24 17:00:00,HC Relative humidity,HC Relative humidity,%,99.89
2025-05-24 17:00:00,U-sonic wind dir,U-sonic wind dir,deg,43.0
2025-05-24 17:00:00,U-sonic wind speed,U-sonic wind speed,m/s,0.2
2025-05-24 17:00:00,Wind gust,Wind gust,m/s,0.4
2025-05-24 17:00:00,DeltaT,DeltaT,°C,0.0
2025-05-24 17:00:00,VPD,VPD,mbar,0.0
2025-05-24 17:00:00,Dew Point,Dew Point,°C,19.36
2025-05-24 16:00:00,HC Air temperature,HC Air temperature,°C,20.73
2025-05-24 16:00:00,HC Relative humidity,HC Relative humidity,%,99.93
2025-05-24 16:00:00,Solar radiation,Solar radiation,W/m2,36.0
2025-05-24 16:00:00,Solar Panel,Solar Panel,mV,7012.0
2025-05-24 16:00:00,Battery,Battery,mV,6775.0
2025-05-24 16:00:00,U-sonic wind speed,U-sonic wind speed,m/s,0.2
2025-05-24 16:00:00,Wind gust,Wind gust,m/s,0.4
2025-05-24 16:00:00,DeltaT,DeltaT,°C,0.0
2025-05-24 16:00:00,VPD,VPD,mbar,0.0
2025-05-24 16:00:00,Dew Point,Dew Point,°C,20.72
2025-05-24 16:00:00,U-sonic wind dir,U-sonic wind dir,deg,43.0
2025-05-24 15:00:00,Dew Point,Dew Point,°C,19.67
2025-05-24 15:00:00,HC Relative humidity,HC Relative humidity,%,92.37
2025-05-24 15:00:00,Battery,Battery,mV,6871.0
2025-05-24 15:00:00,Solar Panel,Solar Panel,mV,7981.0
2025-05-24 15:00:00,Solar radiation,Solar radiation,W/m2,87.0
2025-05-24 15:00:00,HC Air temperature,HC Air temperature,°C,21.04
2025-05-24 15:00:00,U-sonic wind dir,U-sonic wind dir,deg,43.0
2025-05-24 15:00:00,U-sonic wind speed,U-sonic wind speed,m/s,0.3
2025-05-24 15:00:00,Wind gust,Wind gust,m/s,0.8
2025-05-24 15:00:00,DeltaT,DeltaT,°C,1.0
2025-05-24 15:00:00,VPD,VPD,mbar,1.9
2025-05-24 14:00:00,U-sonic wind dir,U-sonic wind dir,deg,33.0
2025-05-24 14:00:00,Solar radiation,Solar radiation,W/m2,144.0
2025-05-24 14:00:00,Solar Panel,Solar Panel,mV,7922.0
2025-05-24 14:00:00,Battery,Battery,mV,6871.0
2025-05-24 14:00:00,HC Relative humidity,HC Relative humidity,%,72.21
2025-05-24 14:00:00,Dew Point,Dew Point,°C,15.86
2025-05-24 14:00:00,VPD,VPD,mbar,6.9
2025-05-24 14:00:00,DeltaT,DeltaT,°C,3.0
2025-05-24 14:00:00,Wind gust,Wind gust,m/s,1.0
2025-05-24 14:00:00,U-sonic wind speed,U-sonic wind speed,m/s,0.3
2025-05-24 14:00:00,HC Air temperature,HC Air temperature,°C,21.06
2025-05-24 13:00:00,HC Air temperature,HC Air temperature,°C,22.09
2025-05-24 13:00:00,HC Relative humidity,HC Relative humidity,%,66.91
2025-05-24 13:00:00,Solar radiation,Solar radiation,W/m2,267.0
2025-05-24 13:00:00,Solar Panel,Solar Panel,mV,10278.0
2025-05-24 13:00:00,Battery,Battery,mV,6880.0
2025-05-24 13:00:00,Dew Point,Dew Point,°C,15.65
2025-05-24 13:00:00,VPD,VPD,mbar,8.8
2025-05-24 13:00:00,DeltaT,DeltaT,°C,4.0
2025-05-24 13:00:00,Wind gust,Wind gust,m/s,1.2
2025-05-24 13:00:00,U-sonic wind speed,U-sonic wind speed,m/s,0.5
2025-05-24 13:00:00,U-sonic wind dir,U-sonic wind dir,deg,39.0
2025-05-24 12:00:00,VPD,VPD,mbar,7.9
2025-05-24 12:00:00,Battery,Battery,mV,6884.0
2025-05-24 12:00:00,Solar Panel,Solar Panel,mV,10128.0
2025-05-24 12:00:00,Solar radiation,Solar radiation,W/m2,241.0
2025-05-24 12:00:00,HC Relative humidity,HC Relative humidity,%,68.84
2025-05-24 12:00:00,HC Air temperature,HC Air temperature,°C,21.28
2025-05-24 12:00:00,U-sonic wind dir,U-sonic wind dir,deg,41.0
2025-05-24 12:00:00,U-sonic wind speed,U-sonic wind speed,m/s,0.5
2025-05-24 12:00:00,Wind gust,Wind gust,m/s,1.2
2025-05-24 12:00:00,DeltaT,DeltaT,°C,4.0
2025-05-24 12:00:00,Dew Point,Dew Point,°C,15.33
2025-05-24 11:00:00,VPD,VPD,mbar,8.7
2025-05-24 11:00:00,HC Air temperature,HC Air temperature,°C,21.96
2025-05-24 11:00:00,U-sonic wind dir,U-sonic wind dir,deg,34.0
2025-05-24 11:00:00,U-sonic wind speed,U-sonic wind speed,m/s,0.6
2025-05-24 11:00:00,Dew Point,Dew Point,°C,15.54
2025-05-24 11:00:00,DeltaT,DeltaT,°C,4.0
2025-05-24 11:00:00,Wind gust,Wind gust,m/s,1.3
2025-05-24 11:00:00,Solar Panel,Solar Panel,mV,7619.0
2025-05-24 11:00:00,Solar radiation,Solar radiation,W/m2,310.0
2025-05-24 11:00:00,Battery,Battery,mV,6871.0
2025-05-24 11:00:00,HC Relative humidity,HC Relative humidity,%,67.0
2025-05-24 10:00:00,Wind gust,Wind gust,m/s,1.2
2025-05-24 10:00:00,VPD,VPD,mbar,6.0
2025-05-24 10:00:00,Dew Point,Dew Point,°C,15.78
2025-05-24 10:00:00,Battery,Battery,mV,6880.0
2025-05-24 10:00:00,Solar Panel,Solar Panel,mV,9644.0
2025-05-24 10:00:00,Solar radiation,Solar radiation,W/m2,267.0
2025-05-24 10:00:00,HC Relative humidity,HC Relative humidity,%,75.22
2025-05-24 10:00:00,HC Air temperature,HC Air temperature,°C,20.34
2025-05-24 10:00:00,U-sonic wind dir,U-sonic wind dir,deg,36.0
2025-05-24 10:00:00,U-sonic wind speed,U-sonic wind speed,m/s,0.5
2025-05-24 10:00:00,DeltaT,DeltaT,°C,3.0
2025-05-24 09:00:00,VPD,VPD,mbar,3.6
2025-05-24 09:00:00,Battery,Battery,mV,6786.0
2025-05-24 09:00:00,Solar Panel,Solar Panel,mV,7055.0
2025-05-24 09:00:00,Solar radiation,Solar radiation,W/m2,109.0
2025-05-24 09:00:00,HC Relative humidity,HC Relative humidity,%,83.38
2025-05-24 09:00:00,HC Air temperature,HC Air temperature,°C,18.58
2025-05-24 09:00:00,U-sonic wind dir,U-sonic wind dir,deg,33.0
2025-05-24 09:00:00,DeltaT,DeltaT,°C,2.0
2025-05-24 09:00:00,U-sonic wind speed,U-sonic wind speed,m/s,0.4
2025-05-24 09:00:00,Wind gust,Wind gust,m/s,1.0
2025-05-24 09:00:00,Dew Point,Dew Point,°C,15.7
2025-05-24 08:00:00,U-sonic wind dir,U-sonic wind dir,deg,34.0
2025-05-24 08:00:00,HC Air temperature,HC Air temperature,°C,19.05
2025-05-24 08:00:00,HC Relative humidity,HC Relative humidity,%,80.37
2025-05-24 08:00:00,Solar radiation,Solar radiation,W/m2,101.0
2025-05-24 08:00:00,Solar Panel,Solar Panel,mV,6976.0
2025-05-24 08:00:00,Battery,Battery,mV,6731.0
2025-05-24 08:00:00,VPD,VPD,mbar,4.3
2025-05-24 08:00:00,Dew Point,Dew Point,°C,15.59
2025-05-24 08:00:00,DeltaT,DeltaT,°C,2.0
2025-05-24 08:00:00,Wind gust,Wind gust,m/s,1.1
2025-05-24 08:00:00,U-sonic wind speed,U-sonic wind speed,m/s,0.4
2025-05-24 07:00:00,U-sonic wind speed,U-sonic wind speed,m/s,0.4
2025-05-24 07:00:00,Wind gust,Wind gust,m/s,1.0
2025-05-24 07:00:00,Battery,Battery,mV,6731.0
2025-05-24 07:00:00,Solar Panel,Solar Panel,mV,7004.0
2025-05-24 07:00:00,Solar radiation,Solar radiation,W/m2,109.0
2025-05-24 07:00:00,HC Relative humidity,HC Relative humidity,%,90.68
2025-05-24 07:00:00,HC Air temperature,HC Air temperature,°C,18.67
2025-05-24 07:00:00,U-sonic wind dir,U-sonic wind dir,deg,30.0
2025-05-24 07:00:00,Dew Point,Dew Point,°C,17.05
2025-05-24 07:00:00,VPD,VPD,mbar,2.0
2025-05-24 07:00:00,DeltaT,DeltaT,°C,1.0
2025-05-24 06:00:00,U-sonic wind dir,U-sonic wind dir,deg,32.0
2025-05-24 06:00:00,U-sonic wind speed,U-sonic wind speed,m/s,0.3
2025-05-24 06:00:00,Solar radiation,Solar radiation,W/m2,23.0
2025-05-24 06:00:00,Solar Panel,Solar Panel,mV,6764.0
2025-05-24 06:00:00,Battery,Battery,mV,6506.0
2025-05-24 06:00:00,Dew Point,Dew Point,°C,17.16
2025-05-24 06:00:00,Wind gust,Wind gust,m/s,0.8
2025-05-24 06:00:00,DeltaT,DeltaT,°C,0.0
2025-05-24 06:00:00,VPD,VPD,mbar,0.4
2025-05-24 06:00:00,HC Relative humidity,HC Relative humidity,%,97.79
2025-05-24 06:00:00,HC Air temperature,HC Air temperature,°C,17.52
2025-05-24 05:00:00,HC Air temperature,HC Air temperature,°C,17.84
2025-05-24 05:00:00,Battery,Battery,mV,6439.0
2025-05-24 05:00:00,Solar Panel,Solar Panel,mV,5550.0
2025-05-24 05:00:00,Solar radiation,Solar radiation,W/m2,0.0
2025-05-24 05:00:00,HC Relative humidity,HC Relative humidity,%,78.06
2025-05-24 05:00:00,VPD,VPD,mbar,4.5
2025-05-24 05:00:00,Dew Point,Dew Point,°C,13.96
2025-05-24 05:00:00,DeltaT,DeltaT,°C,2.0
2025-05-24 05:00:00,Wind gust,Wind gust,m/s,1.1
2025-05-24 05:00:00,U-sonic wind speed,U-sonic wind speed,m/s,0.4
2025-05-24 05:00:00,U-sonic wind dir,U-sonic wind dir,deg,30.0
2025-05-24 04:00:00,VPD,VPD,mbar,3.9
2025-05-24 04:00:00,Solar Panel,Solar Panel,mV,0.0
2025-05-24 04:00:00,HC Air temperature,HC Air temperature,°C,17.44
2025-05-24 04:00:00,DeltaT,DeltaT,°C,2.0
2025-05-24 04:00:00,HC Relative humidity,HC Relative humidity,%,80.44
2025-05-24 04:00:00,Wind gust,Wind gust,m/s,0.5
2025-05-24 04:00:00,U-sonic wind speed,U-sonic wind speed,m/s,0.3
2025-05-24 04:00:00,U-sonic wind dir,U-sonic wind dir,deg,32.0
2025-05-24 04:00:00,Solar radiation,Solar radiation,W/m2,0.0
2025-05-24 04:00:00,Battery,Battery,mV,6448.0
2025-05-24 04:00:00,Dew Point,Dew Point,°C,14.03
2025-05-24 03:00:00,U-sonic wind dir,U-sonic wind dir,deg,33.0
2025-05-24 03:00:00,HC Relative humidity,HC Relative humidity,%,84.28
2025-05-24 03:00:00,HC Air temperature,HC Air temperature,°C,17.16
2025-05-24 03:00:00,DeltaT,DeltaT,°C,2.0
2025-05-24 03:00:00,Wind gust,Wind gust,m/s,0.9
2025-05-24 03:00:00,U-sonic wind speed,U-sonic wind speed,m/s,0.3
2025-05-24 03:00:00,Battery,Battery,mV,6461.0
2025-05-24 03:00:00,Solar Panel,Solar Panel,mV,0.0
2025-05-24 03:00:00,Dew Point,Dew Point,°C,14.48
2025-05-24 03:00:00,VPD,VPD,mbar,3.1
2025-05-24 03:00:00,Solar radiation,Solar radiation,W/m2,0.0
2025-05-24 02:00:00,Dew Point,Dew Point,°C,14.01
2025-05-24 02:00:00,Battery,Battery,mV,6470.0
2025-05-24 02:00:00,Solar Panel,Solar Panel,mV,0.0
2025-05-24 02:00:00,Solar radiation,Solar radiation,W/m2,0.0
2025-05-24 02:00:00,HC Relative humidity,HC Relative humidity,%,82.13
2025-05-24 02:00:00,U-sonic wind speed,U-sonic wind speed,m/s,0.3
2025-05-24 02:00:00,Wind gust,Wind gust,m/s,0.8
2025-05-24 02:00:00,DeltaT,DeltaT,°C,2.0
2025-05-24 02:00:00,VPD,VPD,mbar,3.5
2025-05-24 02:00:00,HC Air temperature,HC Air temperature,°C,17.09
2025-05-24 02:00:00,U-sonic wind dir,U-sonic wind dir,deg,31.0
2025-05-24 01:00:00,Battery,Battery,mV,6481.0
2025-05-24 01:00:00,HC Air temperature,HC Air temperature,°C,17.44
2025-05-24 01:00:00,HC Relative humidity,HC Relative humidity,%,78.28
2025-05-24 01:00:00,U-sonic wind speed,U-sonic wind speed,m/s,0.4
2025-05-24 01:00:00,Wind gust,Wind gust,m/s,1.0
2025-05-24 01:00:00,Solar radiation,Solar radiation,W/m2,0.0
2025-05-24 01:00:00,Solar Panel,Solar Panel,mV,0.0
2025-05-24 01:00:00,DeltaT,DeltaT,°C,2.0
2025-05-24 01:00:00,VPD,VPD,mbar,4.3
2025-05-24 01:00:00,Dew Point,Dew Point,°C,13.61
2025-05-24 01:00:00,U-sonic wind dir,U-sonic wind dir,deg,30.0
2025-05-24 00:00:00,VPD,VPD,mbar,6.3
2025-05-24 00:00:00,DeltaT,DeltaT,°C,3.0
2025-05-24 00:00:00,Wind gust,Wind gust,m/s,0.9
2025-05-24 00:00:00,U-sonic wind speed,U-sonic wind speed,m/s,0.3
2025-05-24 00:00:00,U-sonic wind dir,U-sonic wind dir,deg,31.0
2025-05-24 00:00:00,HC Air temperature,HC Air temperature,°C,18.24
2025-05-24 00:00:00,HC Relative humidity,HC Relative humidity,%,70.01
2025-05-24 00:00:00,Solar radiation,Solar radiation,W/m2,0.0
2025-05-24 00:00:00,Solar Panel,Solar Panel,mV,0.0
2025-05-24 00:00:00,Battery,Battery,mV,6488.0
2025-05-24 00:00:00,Dew Point,Dew Point,°C,12.67
2025-05-23 23:00:00,VPD,VPD,mbar,5.5
2025-05-23 23:00:00,DeltaT,DeltaT,°C,3.0
2025-05-23 23:00:00,Solar radiation,Solar radiation,W/m2,0.0
2025-05-23 23:00:00,HC Relative humidity,HC Relative humidity,%,74.65
2025-05-23 23:00:00,HC Air temperature,HC Air temperature,°C,18.73
2025-05-23 23:00:00,U-sonic wind dir,U-sonic wind dir,deg,31.0
2025-05-23 23:00:00,U-sonic wind speed,U-sonic wind speed,m/s,0.3
2025-05-23 23:00:00,Wind gust,Wind gust,m/s,0.8
2025-05-23 23:00:00,Battery,Battery,mV,6490.0
2025-05-23 23:00:00,Solar Panel,Solar Panel,mV,0.0
2025-05-23 23:00:00,Dew Point,Dew Point,°C,14.12
2025-05-23 22:00:00,Wind gust,Wind gust,m/s,0.5
2025-05-23 22:00:00,Dew Point,Dew Point,°C,15.45
2025-05-23 22:00:00,VPD,VPD,mbar,3.9
2025-05-23 22:00:00,DeltaT,DeltaT,°C,2.0
2025-05-23 22:00:00,U-sonic wind speed,U-sonic wind speed,m/s,0.3
2025-05-23 22:00:00,U-sonic wind dir,U-sonic wind dir,deg,29.0
2025-05-23 22:00:00,HC Air temperature,HC Air temperature,°C,18.62
2025-05-23 22:00:00,HC Relative humidity,HC Relative humidity,%,81.82
2025-05-23 22:00:00,Solar radiation,Solar radiation,W/m2,0.0
2025-05-23 22:00:00,Solar Panel,Solar Panel,mV,0.0
2025-05-23 22:00:00,Battery,Battery,mV,6493.0
2025-05-23 21:00:00,Solar radiation,Solar radiation,W/m2,0.0
2025-05-23 21:00:00,Solar Panel,Solar Panel,mV,0.0
2025-05-23 21:00:00,Battery,Battery,mV,6493.0
2025-05-23 21:00:00,Dew Point,Dew Point,°C,15.76
2025-05-23 21:00:00,U-sonic wind dir,U-sonic wind dir,deg,345.0
2025-05-23 21:00:00,U-sonic wind speed,U-sonic wind speed,m/s,0.3
2025-05-23 21:00:00,Wind gust,Wind gust,m/s,0.9
2025-05-23 21:00:00,HC Relative humidity,HC Relative humidity,%,82.68
2025-05-23 21:00:00,HC Air temperature,HC Air temperature,°C,18.77
2025-05-23 21:00:00,VPD,VPD,mbar,3.8
2025-05-23 21:00:00,DeltaT,DeltaT,°C,2.0
2025-05-23 20:00:00,Wind gust,Wind gust,m/s,1.0
2025-05-23 20:00:00,Solar Panel,Solar Panel,mV,0.0
2025-05-23 20:00:00,Battery,Battery,mV,6488.0
2025-05-23 20:00:00,Solar radiation,Solar radiation,W/m2,0.0
2025-05-23 20:00:00,HC Air temperature,HC Air temperature,°C,19.71
2025-05-23 20:00:00,U-sonic wind dir,U-sonic wind dir,deg,22.0
2025-05-23 20:00:00,U-sonic wind speed,U-sonic wind speed,m/s,0.4
2025-05-23 20:00:00,HC Relative humidity,HC Relative humidity,%,77.31
2025-05-23 20:00:00,Dew Point,Dew Point,°C,15.62
2025-05-23 20:00:00,VPD,VPD,mbar,5.2
2025-05-23 20:00:00,DeltaT,DeltaT,°C,3.0
2025-05-23 19:00:00,HC Relative humidity,HC Relative humidity,%,72.08
2025-05-23 19:00:00,Battery,Battery,mV,6481.0
2025-05-23 19:00:00,Solar Panel,Solar Panel,mV,0.0
2025-05-23 19:00:00,Dew Point,Dew Point,°C,15.2
2025-05-23 19:00:00,VPD,VPD,mbar,6.7
2025-05-23 19:00:00,DeltaT,DeltaT,°C,3.0
2025-05-23 19:00:00,Wind gust,Wind gust,m/s,1.2
2025-05-23 19:00:00,U-sonic wind speed,U-sonic wind speed,m/s,0.4
2025-05-23 19:00:00,U-sonic wind dir,U-sonic wind dir,deg,19.0
2025-05-23 19:00:00,HC Air temperature,HC Air temperature,°C,20.4
2025-05-23 19:00:00,Solar radiation,Solar radiation,W/m2,1.0
2025-05-23 18:00:00,Solar radiation,Solar radiation,W/m2,36.0
2025-05-23 18:00:00,Dew Point,Dew Point,°C,15.05
2025-05-23 18:00:00,VPD,VPD,mbar,8.5
2025-05-23 18:00:00,DeltaT,DeltaT,°C,4.0
2025-05-23 18:00:00,Wind gust,Wind gust,m/s,1.4
2025-05-23 18:00:00,U-sonic wind speed,U-sonic wind speed,m/s,0.5
2025-05-23 18:00:00,U-sonic wind dir,U-sonic wind dir,deg,20.0
2025-05-23 18:00:00,HC Air temperature,HC Air temperature,°C,21.5
2025-05-23 18:00:00,HC Relative humidity,HC Relative humidity,%,66.75
2025-05-23 18:00:00,Solar Panel,Solar Panel,mV,6925.0
2025-05-23 18:00:00,Battery,Battery,mV,6715.0
2025-05-23 17:00:00,Solar radiation,Solar radiation,W/m2,152.0
2025-05-23 17:00:00,Battery,Battery,mV,6880.0
2025-05-23 17:00:00,Solar Panel,Solar Panel,mV,7130.0
2025-05-23 17:00:00,Dew Point,Dew Point,°C,15.27
2025-05-23 17:00:00,VPD,VPD,mbar,12.4
2025-05-23 17:00:00,DeltaT,DeltaT,°C,5.0
2025-05-23 17:00:00,Wind gust,Wind gust,m/s,1.5
2025-05-23 17:00:00,U-sonic wind speed,U-sonic wind speed,m/s,0.5
2025-05-23 17:00:00,U-sonic wind dir,U-sonic wind dir,deg,30.0
2025-05-23 17:00:00,HC Air temperature,HC Air temperature,°C,23.91
2025-05-23 17:00:00,HC Relative humidity,HC Relative humidity,%,58.52
2025-05-23 16:00:00,U-sonic wind speed,U-sonic wind speed,m/s,0.6
2025-05-23 16:00:00,Dew Point,Dew Point,°C,15.62
2025-05-23 16:00:00,VPD,VPD,mbar,17.7
2025-05-23 16:00:00,DeltaT,DeltaT,°C,7.0
2025-05-23 16:00:00,U-sonic wind dir,U-sonic wind dir,deg,28.0
2025-05-23 16:00:00,HC Air temperature,HC Air temperature,°C,26.9
2025-05-23 16:00:00,HC Relative humidity,HC Relative humidity,%,50.1
2025-05-23 16:00:00,Battery,Battery,mV,6884.0
2025-05-23 16:00:00,Solar radiation,Solar radiation,W/m2,414.0
2025-05-23 16:00:00,Solar Panel,Solar Panel,mV,10136.0
2025-05-23 16:00:00,Wind gust,Wind gust,m/s,1.5
2025-05-23 15:00:00,Wind gust,Wind gust,m/s,1.7
2025-05-23 15:00:00,U-sonic wind speed,U-sonic wind speed,m/s,0.7
2025-05-23 15:00:00,U-sonic wind dir,U-sonic wind dir,deg,30.0
2025-05-23 15:00:00,HC Relative humidity,HC Relative humidity,%,47.78
2025-05-23 15:00:00,Dew Point,Dew Point,°C,15.72
2025-05-23 15:00:00,HC Air temperature,HC Air temperature,°C,27.81
2025-05-23 15:00:00,VPD,VPD,mbar,19.5
2025-05-23 15:00:00,Battery,Battery,mV,6893.0
2025-05-23 15:00:00,Solar radiation,Solar radiation,W/m2,568.0
2025-05-23 15:00:00,Solar Panel,Solar Panel,mV,10061.0
2025-05-23 15:00:00,DeltaT,DeltaT,°C,8.0
2025-05-23 14:00:00,HC Air temperature,HC Air temperature,°C,28.43
2025-05-23 14:00:00,DeltaT,DeltaT,°C,8.0
2025-05-23 14:00:00,Solar radiation,Solar radiation,W/m2,718.0
2025-05-23 14:00:00,VPD,VPD,mbar,20.3
2025-05-23 14:00:00,Dew Point,Dew Point,°C,16.21
2025-05-23 14:00:00,Solar Panel,Solar Panel,mV,10104.0
2025-05-23 14:00:00,Battery,Battery,mV,6893.0
2025-05-23 14:00:00,Wind gust,Wind gust,m/s,2.0
2025-05-23 14:00:00,U-sonic wind speed,U-sonic wind speed,m/s,0.7
2025-05-23 14:00:00,U-sonic wind dir,U-sonic wind dir,deg,30.0
2025-05-23 14:00:00,HC Relative humidity,HC Relative humidity,%,47.53
2025-05-23 13:00:00,Battery,Battery,mV,6893.0
2025-05-23 13:00:00,DeltaT,DeltaT,°C,8.0
2025-05-23 13:00:00,Wind gust,Wind gust,m/s,1.9
2025-05-23 13:00:00,U-sonic wind speed,U-sonic wind speed,m/s,0.7
2025-05-23 13:00:00,U-sonic wind dir,U-sonic wind dir,deg,32.0
2025-05-23 13:00:00,Dew Point,Dew Point,°C,16.0
2025-05-23 13:00:00,VPD,VPD,mbar,20.8
2025-05-23 13:00:00,Solar Panel,Solar Panel,mV,10073.0
2025-05-23 13:00:00,Solar radiation,Solar radiation,W/m2,825.0
2025-05-23 13:00:00,HC Relative humidity,HC Relative humidity,%,46.65
2025-05-23 13:00:00,HC Air temperature,HC Air temperature,°C,28.53
2025-05-23 12:00:00,Wind gust,Wind gust,m/s,1.8
2025-05-23 12:00:00,U-sonic wind dir,U-sonic wind dir,deg,36.0
2025-05-23 12:00:00,HC Air temperature,HC Air temperature,°C,28.04
2025-05-23 12:00:00,DeltaT,DeltaT,°C,7.0
2025-05-23 12:00:00,VPD,VPD,mbar,18.6
2025-05-23 12:00:00,Dew Point,Dew Point,°C,16.93
2025-05-23 12:00:00,HC Relative humidity,HC Relative humidity,%,50.93
2025-05-23 12:00:00,Solar radiation,Solar radiation,W/m2,878.0
2025-05-23 12:00:00,Solar Panel,Solar Panel,mV,9829.0
2025-05-23 12:00:00,Battery,Battery,mV,6889.0
2025-05-23 12:00:00,U-sonic wind speed,U-sonic wind speed,m/s,0.7
2025-05-23 11:00:00,Battery,Battery,mV,6889.0
2025-05-23 11:00:00,U-sonic wind dir,U-sonic wind dir,deg,37.0
2025-05-23 11:00:00,HC Air temperature,HC Air temperature,°C,27.39
2025-05-23 11:00:00,Dew Point,Dew Point,°C,17.75
2025-05-23 11:00:00,VPD,VPD,mbar,16.2
2025-05-23 11:00:00,DeltaT,DeltaT,°C,6.0
2025-05-23 11:00:00,HC Relative humidity,HC Relative humidity,%,55.7
2025-05-23 11:00:00,Solar radiation,Solar radiation,W/m2,770.0
2025-05-23 11:00:00,Wind gust,Wind gust,m/s,1.9
2025-05-23 11:00:00,U-sonic wind speed,U-sonic wind speed,m/s,0.7
2025-05-23 11:00:00,Solar Panel,Solar Panel,mV,10183.0
2025-05-23 10:00:00,Solar Panel,Solar Panel,mV,10242.0
2025-05-23 10:00:00,VPD,VPD,mbar,16.6
2025-05-23 10:00:00,DeltaT,DeltaT,°C,6.0
2025-05-23 10:00:00,Wind gust,Wind gust,m/s,1.8
2025-05-23 10:00:00,U-sonic wind speed,U-sonic wind speed,m/s,0.7
2025-05-23 10:00:00,U-sonic wind dir,U-sonic wind dir,deg,36.0
2025-05-23 10:00:00,HC Air temperature,HC Air temperature,°C,27.87
2025-05-23 10:00:00,HC Relative humidity,HC Relative humidity,%,55.77
2025-05-23 10:00:00,Solar radiation,Solar radiation,W/m2,805.0
2025-05-23 10:00:00,Battery,Battery,mV,6893.0
2025-05-23 10:00:00,Dew Point,Dew Point,°C,18.21
2025-05-23 09:00:00,U-sonic wind dir,U-sonic wind dir,deg,39.0
2025-05-23 09:00:00,HC Air temperature,HC Air temperature,°C,27.69
2025-05-23 09:00:00,HC Relative humidity,HC Relative humidity,%,59.2
2025-05-23 09:00:00,Solar radiation,Solar radiation,W/m2,659.0
2025-05-23 09:00:00,Solar Panel,Solar Panel,mV,10034.0
2025-05-23 09:00:00,Battery,Battery,mV,6889.0
2025-05-23 09:00:00,U-sonic wind speed,U-sonic wind speed,m/s,0.6
2025-05-23 09:00:00,Wind gust,Wind gust,m/s,1.4
2025-05-23 09:00:00,DeltaT,DeltaT,°C,6.0
2025-05-23 09:00:00,VPD,VPD,mbar,15.1
2025-05-23 09:00:00,Dew Point,Dew Point,°C,19.0
2025-05-23 08:00:00,Solar radiation,Solar radiation,W/m2,486.0
2025-05-23 08:00:00,Wind gust,Wind gust,m/s,1.2
2025-05-23 08:00:00,DeltaT,DeltaT,°C,5.0
2025-05-23 08:00:00,VPD,VPD,mbar,12.0
2025-05-23 08:00:00,Dew Point,Dew Point,°C,19.62
2025-05-23 08:00:00,Solar Panel,Solar Panel,mV,7630.0
2025-05-23 08:00:00,Battery,Battery,mV,6878.0
2025-05-23 08:00:00,U-sonic wind dir,U-sonic wind dir,deg,50.0
2025-05-23 08:00:00,U-sonic wind speed,U-sonic wind speed,m/s,0.4
2025-05-23 08:00:00,HC Air temperature,HC Air temperature,°C,26.62
2025-05-23 08:00:00,HC Relative humidity,HC Relative humidity,%,65.52
2025-05-23 07:00:00,U-sonic wind dir,U-sonic wind dir,deg,44.0
2025-05-23 07:00:00,U-sonic wind speed,U-sonic wind speed,m/s,0.4
2025-05-23 07:00:00,DeltaT,DeltaT,°C,3.0
2025-05-23 07:00:00,Solar Panel,Solar Panel,mV,7079.0
2025-05-23 07:00:00,Wind gust,Wind gust,m/s,1.2
2025-05-23 07:00:00,Solar radiation,Solar radiation,W/m2,294.0
2025-05-23 07:00:00,Battery,Battery,mV,6791.0
2025-05-23 07:00:00,Dew Point,Dew Point,°C,19.5
2025-05-23 07:00:00,VPD,VPD,mbar,6.7
2025-05-23 07:00:00,HC Relative humidity,HC Relative humidity,%,77.32
2025-05-23 07:00:00,HC Air temperature,HC Air temperature,°C,23.72
2025-05-23 06:00:00,Solar radiation,Solar radiation,W/m2,107.0
2025-05-23 06:00:00,HC Air temperature,HC Air temperature,°C,20.18
2025-05-23 06:00:00,U-sonic wind dir,U-sonic wind dir,deg,36.0
2025-05-23 06:00:00,U-sonic wind speed,U-sonic wind speed,m/s,0.4
2025-05-23 06:00:00,Wind gust,Wind gust,m/s,1.2
2025-05-23 06:00:00,DeltaT,DeltaT,°C,0.0
2025-05-23 06:00:00,VPD,VPD,mbar,0.4
2025-05-23 06:00:00,Dew Point,Dew Point,°C,19.89
2025-05-23 06:00:00,Battery,Battery,mV,6635.0
2025-05-23 06:00:00,Solar Panel,Solar Panel,mV,6913.0
2025-05-23 06:00:00,HC Relative humidity,HC Relative humidity,%,98.26
2025-05-23 05:00:00,HC Relative humidity,HC Relative humidity,%,99.87
2025-05-23 05:00:00,HC Air temperature,HC Air temperature,°C,18.35
2025-05-23 05:00:00,Solar radiation,Solar radiation,W/m2,9.0
2025-05-23 05:00:00,Solar Panel,Solar Panel,mV,6709.0
2025-05-23 05:00:00,Battery,Battery,mV,6461.0
2025-05-23 05:00:00,Dew Point,Dew Point,°C,18.33
2025-05-23 05:00:00,VPD,VPD,mbar,0.0
2025-05-23 05:00:00,DeltaT,DeltaT,°C,0.0
2025-05-23 05:00:00,Wind gust,Wind gust,m/s,0.5
2025-05-23 05:00:00,U-sonic wind speed,U-sonic wind speed,m/s,0.3
2025-05-23 05:00:00,U-sonic wind dir,U-sonic wind dir,deg,36.0
2025-05-23 04:00:00,Wind gust,Wind gust,m/s,0.8
2025-05-23 04:00:00,DeltaT,DeltaT,°C,0.0
2025-05-23 04:00:00,VPD,VPD,mbar,0.0
2025-05-23 04:00:00,Dew Point,Dew Point,°C,17.8
2025-05-23 04:00:00,Solar Panel,Solar Panel,mV,0.0
2025-05-23 04:00:00,Solar radiation,Solar radiation,W/m2,0.0
2025-05-23 04:00:00,HC Relative humidity,HC Relative humidity,%,99.89
2025-05-23 04:00:00,HC Air temperature,HC Air temperature,°C,17.82
2025-05-23 04:00:00,U-sonic wind dir,U-sonic wind dir,deg,30.0
2025-05-23 04:00:00,Battery,Battery,mV,6439.0
2025-05-23 04:00:00,U-sonic wind speed,U-sonic wind speed,m/s,0.3
2025-05-23 03:00:00,VPD,VPD,mbar,0.0
2025-05-23 03:00:00,DeltaT,DeltaT,°C,0.0
2025-05-23 03:00:00,Wind gust,Wind gust,m/s,0.8
2025-05-23 03:00:00,HC Air temperature,HC Air temperature,°C,18.24
2025-05-23 03:00:00,U-sonic wind speed,U-sonic wind speed,m/s,0.3
2025-05-23 03:00:00,Battery,Battery,mV,6448.0
2025-05-23 03:00:00,U-sonic wind dir,U-sonic wind dir,deg,31.0
2025-05-23 03:00:00,Solar Panel,Solar Panel,mV,0.0
2025-05-23 03:00:00,Solar radiation,Solar radiation,W/m2,0.0
2025-05-23 03:00:00,HC Relative humidity,HC Relative humidity,%,99.85
2025-05-23 03:00:00,Dew Point,Dew Point,°C,18.22
2025-05-23 02:00:00,VPD,VPD,mbar,0.0
2025-05-23 02:00:00,Wind gust,Wind gust,m/s,0.7
2025-05-23 02:00:00,U-sonic wind speed,U-sonic wind speed,m/s,0.2
2025-05-23 02:00:00,U-sonic wind dir,U-sonic wind dir,deg,35.0
2025-05-23 02:00:00,HC Air temperature,HC Air temperature,°C,18.47
2025-05-23 02:00:00,HC Relative humidity,HC Relative humidity,%,99.85
2025-05-23 02:00:00,Solar radiation,Solar radiation,W/m2,0.0
2025-05-23 02:00:00,Battery,Battery,mV,6464.0
2025-05-23 02:00:00,Dew Point,Dew Point,°C,18.44
2025-05-23 02:00:00,Solar Panel,Solar Panel,mV,0.0
2025-05-23 02:00:00,DeltaT,DeltaT,°C,0.0
2025-05-23 01:00:00,U-sonic wind dir,U-sonic wind dir,deg,36.0
2025-05-23 01:00:00,Battery,Battery,mV,6475.0
2025-05-23 01:00:00,Solar Panel,Solar Panel,mV,0.0
2025-05-23 01:00:00,Solar radiation,Solar radiation,W/m2,0.0
2025-05-23 01:00:00,HC Relative humidity,HC Relative humidity,%,99.85
2025-05-23 01:00:00,VPD,VPD,mbar,0.0
2025-05-23 01:00:00,HC Air temperature,HC Air temperature,°C,18.9
2025-05-23 01:00:00,DeltaT,DeltaT,°C,0.0
2025-05-23 01:00:00,Wind gust,Wind gust,m/s,0.8
2025-05-23 01:00:00,Dew Point,Dew Point,°C,18.87
2025-05-23 01:00:00,U-sonic wind speed,U-sonic wind speed,m/s,0.2
2025-05-23 00:00:00,Battery,Battery,mV,6484.0
2025-05-23 00:00:00,U-sonic wind dir,U-sonic wind dir,deg,31.0
2025-05-23 00:00:00,U-sonic wind speed,U-sonic wind speed,m/s,0.3
2025-05-23 00:00:00,Wind gust,Wind gust,m/s,0.8
2025-05-23 00:00:00,DeltaT,DeltaT,°C,0.0
2025-05-23 00:00:00,VPD,VPD,mbar,0.0
2025-05-23 00:00:00,Dew Point,Dew Point,°C,18.87
2025-05-23 00:00:00,HC Air temperature,HC Air temperature,°C,18.9
2025-05-23 00:00:00,HC Relative humidity,HC Relative humidity,%,99.85
2025-05-23 00:00:00,Solar Panel,Solar Panel,mV,0.0
2025-05-23 00:00:00,Solar radiation,Solar radiation,W/m2,0.0
2025-05-22 23:00:00,VPD,VPD,mbar,0.0
2025-05-22 23:00:00,HC Relative humidity,HC Relative humidity,%,99.85
2025-05-22 23:00:00,Solar Panel,Solar Panel,mV,0.0
2025-05-22 23:00:00,HC Air temperature,HC Air temperature,°C,18.68
2025-05-22 23:00:00,Dew Point,Dew Point,°C,18.66
2025-05-22 23:00:00,U-sonic wind dir,U-sonic wind dir,deg,37.0
2025-05-22 23:00:00,Battery,Battery,mV,6488.0
2025-05-22 23:00:00,U-sonic wind speed,U-sonic wind speed,m/s,0.3
2025-05-22 23:00:00,Wind gust,Wind gust,m/s,0.8
2025-05-22 23:00:00,DeltaT,DeltaT,°C,0.0
2025-05-22 23:00:00,Solar radiation,Solar radiation,W/m2,0.0
2025-05-22 22:00:00,Solar radiation,Solar radiation,W/m2,0.0
2025-05-22 22:00:00,DeltaT,DeltaT,°C,0.0
2025-05-22 22:00:00,U-sonic wind speed,U-sonic wind speed,m/s,0.3
2025-05-22 22:00:00,Dew Point,Dew Point,°C,18.71
2025-05-22 22:00:00,Solar Panel,Solar Panel,mV,0.0
2025-05-22 22:00:00,Battery,Battery,mV,6495.0
2025-05-22 22:00:00,VPD,VPD,mbar,0.0
2025-05-22 22:00:00,U-sonic wind dir,U-sonic wind dir,deg,30.0
2025-05-22 22:00:00,HC Air temperature,HC Air temperature,°C,18.74
2025-05-22 22:00:00,HC Relative humidity,HC Relative humidity,%,99.86
2025-05-22 22:00:00,Wind gust,Wind gust,m/s,0.6
2025-05-22 21:00:00,U-sonic wind dir,U-sonic wind dir,deg,32.0
2025-05-22 21:00:00,Battery,Battery,mV,6495.0
2025-05-22 21:00:00,Solar Panel,Solar Panel,mV,0.0
2025-05-22 21:00:00,Solar radiation,Solar radiation,W/m2,0.0
2025-05-22 21:00:00,HC Relative humidity,HC Relative humidity,%,99.86
2025-05-22 21:00:00,HC Air temperature,HC Air temperature,°C,18.83
2025-05-22 21:00:00,U-sonic wind speed,U-sonic wind speed,m/s,0.3
2025-05-22 21:00:00,Wind gust,Wind gust,m/s,0.7
2025-05-22 21:00:00,DeltaT,DeltaT,°C,0.0
2025-05-22 21:00:00,VPD,VPD,mbar,0.0
2025-05-22 21:00:00,Dew Point,Dew Point,°C,18.81
2025-05-22 20:00:00,Dew Point,Dew Point,°C,19.25
2025-05-22 20:00:00,Battery,Battery,mV,6497.0
2025-05-22 20:00:00,Solar Panel,Solar Panel,mV,0.0
2025-05-22 20:00:00,Solar radiation,Solar radiation,W/m2,0.0
2025-05-22 20:00:00,HC Relative humidity,HC Relative humidity,%,99.87
2025-05-22 20:00:00,HC Air temperature,HC Air temperature,°C,19.28
2025-05-22 20:00:00,U-sonic wind dir,U-sonic wind dir,deg,29.0
2025-05-22 20:00:00,U-sonic wind speed,U-sonic wind speed,m/s,0.3
2025-05-22 20:00:00,Wind gust,Wind gust,m/s,0.8
2025-05-22 20:00:00,DeltaT,DeltaT,°C,0.0
2025-05-22 20:00:00,VPD,VPD,mbar,0.0
2025-05-22 19:00:00,Wind gust,Wind gust,m/s,0.8
2025-05-22 19:00:00,Dew Point,Dew Point,°C,20.02
2025-05-22 19:00:00,VPD,VPD,mbar,0.0
2025-05-22 19:00:00,Battery,Battery,mV,6470.0
2025-05-22 19:00:00,Solar Panel,Solar Panel,mV,0.0
2025-05-22 19:00:00,Solar radiation,Solar radiation,W/m2,0.0
2025-05-22 19:00:00,HC Relative humidity,HC Relative humidity,%,99.9
2025-05-22 19:00:00,HC Air temperature,HC Air temperature,°C,20.04
2025-05-22 19:00:00,U-sonic wind dir,U-sonic wind dir,deg,33.0
2025-05-22 19:00:00,U-sonic wind speed,U-sonic wind speed,m/s,0.3
2025-05-22 19:00:00,DeltaT,DeltaT,°C,0.0
2025-05-22 18:00:00,Solar radiation,Solar radiation,W/m2,34.0
2025-05-22 18:00:00,Solar Panel,Solar Panel,mV,6850.0
2025-05-22 18:00:00,Battery,Battery,mV,6648.0
2025-05-22 18:00:00,U-sonic wind dir,U-sonic wind dir,deg,27.0
2025-05-22 18:00:00,U-sonic wind speed,U-sonic wind speed,m/s,0.4
2025-05-22 18:00:00,Wind gust,Wind gust,m/s,0.9
2025-05-22 18:00:00,Dew Point,Dew Point,°C,20.86
2025-05-22 18:00:00,VPD,VPD,mbar,1.6
2025-05-22 18:00:00,DeltaT,DeltaT,°C,1.0
2025-05-22 18:00:00,HC Relative humidity,HC Relative humidity,%,94.18
2025-05-22 18:00:00,HC Air temperature,HC Air temperature,°C,21.88
2025-05-22 17:00:00,DeltaT,DeltaT,°C,4.0
2025-05-22 17:00:00,Wind gust,Wind gust,m/s,1.0
2025-05-22 17:00:00,U-sonic wind speed,U-sonic wind speed,m/s,0.4
2025-05-22 17:00:00,U-sonic wind dir,U-sonic wind dir,deg,27.0
2025-05-22 17:00:00,HC Air temperature,HC Air temperature,°C,25.65
2025-05-22 17:00:00,HC Relative humidity,HC Relative humidity,%,72.31
2025-05-22 17:00:00,Solar radiation,Solar radiation,W/m2,168.0
2025-05-22 17:00:00,Solar Panel,Solar Panel,mV,7890.0
2025-05-22 17:00:00,Battery,Battery,mV,6871.0
2025-05-22 17:00:00,Dew Point,Dew Point,°C,20.26
2025-05-22 17:00:00,VPD,VPD,mbar,9.2
2025-05-22 16:00:00,Solar radiation,Solar radiation,W/m2,249.0
2025-05-22 16:00:00,U-sonic wind dir,U-sonic wind dir,deg,27.0
2025-05-22 16:00:00,U-sonic wind speed,U-sonic wind speed,m/s,0.3
2025-05-22 16:00:00,Wind gust,Wind gust,m/s,0.9
2025-05-22 16:00:00,DeltaT,DeltaT,°C,4.0
2025-05-22 16:00:00,VPD,VPD,mbar,9.3
2025-05-22 16:00:00,Dew Point,Dew Point,°C,20.72
2025-05-22 16:00:00,Battery,Battery,mV,6882.0
2025-05-22 16:00:00,Solar Panel,Solar Panel,mV,10073.0
2025-05-22 16:00:00,HC Air temperature,HC Air temperature,°C,26.05
2025-05-22 16:00:00,HC Relative humidity,HC Relative humidity,%,72.55
2025-05-22 15:00:00,Solar Panel,Solar Panel,mV,9293.0
2025-05-22 15:00:00,Dew Point,Dew Point,°C,20.84
2025-05-22 15:00:00,VPD,VPD,mbar,16.5
2025-05-22 15:00:00,DeltaT,DeltaT,°C,6.0
2025-05-22 15:00:00,Wind gust,Wind gust,m/s,1.3
2025-05-22 15:00:00,U-sonic wind speed,U-sonic wind speed,m/s,0.3
2025-05-22 15:00:00,U-sonic wind dir,U-sonic wind dir,deg,37.0
2025-05-22 15:00:00,HC Air temperature,HC Air temperature,°C,29.4
2025-05-22 15:00:00,HC Relative humidity,HC Relative humidity,%,60.26
2025-05-22 15:00:00,Solar radiation,Solar radiation,W/m2,360.0
2025-05-22 15:00:00,Battery,Battery,mV,6880.0
2025-05-22 14:00:00,Dew Point,Dew Point,°C,19.85
2025-05-22 14:00:00,Solar Panel,Solar Panel,mV,10506.0
2025-05-22 14:00:00,Battery,Battery,mV,6889.0
2025-05-22 14:00:00,Solar radiation,Solar radiation,W/m2,332.0
2025-05-22 14:00:00,HC Relative humidity,HC Relative humidity,%,61.87
2025-05-22 14:00:00,Wind gust,Wind gust,m/s,0.8
2025-05-22 14:00:00,DeltaT,DeltaT,°C,5.0
2025-05-22 14:00:00,U-sonic wind speed,U-sonic wind speed,m/s,0.2
2025-05-22 14:00:00,U-sonic wind dir,U-sonic wind dir,deg,41.0
2025-05-22 14:00:00,HC Air temperature,HC Air temperature,°C,27.88
2025-05-22 14:00:00,VPD,VPD,mbar,14.5
2025-05-22 13:00:00,Wind gust,Wind gust,m/s,1.1
2025-05-22 13:00:00,Battery,Battery,mV,6893.0
2025-05-22 13:00:00,Solar Panel,Solar Panel,mV,10278.0
2025-05-22 13:00:00,Solar radiation,Solar radiation,W/m2,559.0
2025-05-22 13:00:00,HC Relative humidity,HC Relative humidity,%,64.91
2025-05-22 13:00:00,Dew Point,Dew Point,°C,19.57
2025-05-22 13:00:00,VPD,VPD,mbar,12.3
2025-05-22 13:00:00,DeltaT,DeltaT,°C,5.0
2025-05-22 13:00:00,HC Air temperature,HC Air temperature,°C,26.74
2025-05-22 13:00:00,U-sonic wind dir,U-sonic wind dir,deg,26.0
2025-05-22 13:00:00,U-sonic wind speed,U-sonic wind speed,m/s,0.5
2025-05-22 12:00:00,DeltaT,DeltaT,°C,3.0
2025-05-22 12:00:00,HC Relative humidity,HC Relative humidity,%,74.92
2025-05-22 12:00:00,HC Air temperature,HC Air temperature,°C,24.79
2025-05-22 12:00:00,Dew Point,Dew Point,°C,19.99
2025-05-22 12:00:00,VPD,VPD,mbar,7.9
2025-05-22 12:00:00,Solar Panel,Solar Panel,mV,10097.0
2025-05-22 12:00:00,Battery,Battery,mV,6882.0
2025-05-22 12:00:00,U-sonic wind dir,U-sonic wind dir,deg,31.0
2025-05-22 12:00:00,U-sonic wind speed,U-sonic wind speed,m/s,0.4
2025-05-22 12:00:00,Wind gust,Wind gust,m/s,1.1
2025-05-22 12:00:00,Solar radiation,Solar radiation,W/m2,353.0
2025-05-22 11:00:00,DeltaT,DeltaT,°C,3.0
2025-05-22 11:00:00,Solar radiation,Solar radiation,W/m2,494.0
2025-05-22 11:00:00,HC Relative humidity,HC Relative humidity,%,75.6
2025-05-22 11:00:00,HC Air temperature,HC Air temperature,°C,25.69
2025-05-22 11:00:00,U-sonic wind dir,U-sonic wind dir,deg,27.0
2025-05-22 11:00:00,U-sonic wind speed,U-sonic wind speed,m/s,0.6
2025-05-22 11:00:00,Wind gust,Wind gust,m/s,1.4
2025-05-22 11:00:00,VPD,VPD,mbar,8.3
2025-05-22 11:00:00,Dew Point,Dew Point,°C,20.89
2025-05-22 11:00:00,Solar Panel,Solar Panel,mV,9963.0
2025-05-22 11:00:00,Battery,Battery,mV,6880.0
2025-05-22 10:00:00,Solar radiation,Solar radiation,W/m2,180.0
2025-05-22 10:00:00,U-sonic wind dir,U-sonic wind dir,deg,19.0
2025-05-22 10:00:00,Solar Panel,Solar Panel,mV,10640.0
2025-05-22 10:00:00,Battery,Battery,mV,6887.0
2025-05-22 10:00:00,HC Air temperature,HC Air temperature,°C,23.42
2025-05-22 10:00:00,HC Relative humidity,HC Relative humidity,%,79.33
2025-05-22 10:00:00,Dew Point,Dew Point,°C,19.48
2025-05-22 10:00:00,VPD,VPD,mbar,6.2
2025-05-22 10:00:00,DeltaT,DeltaT,°C,3.0
2025-05-22 10:00:00,Wind gust,Wind gust,m/s,0.8
2025-05-22 10:00:00,U-sonic wind speed,U-sonic wind speed,m/s,0.3
2025-05-22 09:00:00,Solar radiation,Solar radiation,W/m2,359.0
2025-05-22 09:00:00,Battery,Battery,mV,6871.0
2025-05-22 09:00:00,HC Relative humidity,HC Relative humidity,%,67.55
2025-05-22 09:00:00,Solar Panel,Solar Panel,mV,8718.0
2025-05-22 09:00:00,Dew Point,Dew Point,°C,21.32
2025-05-22 09:00:00,VPD,VPD,mbar,12.2
2025-05-22 09:00:00,DeltaT,DeltaT,°C,5.0
2025-05-22 09:00:00,Wind gust,Wind gust,m/s,1.3
2025-05-22 09:00:00,U-sonic wind speed,U-sonic wind speed,m/s,0.4
2025-05-22 09:00:00,U-sonic wind dir,U-sonic wind dir,deg,34.0
2025-05-22 09:00:00,HC Air temperature,HC Air temperature,°C,27.89
2025-05-22 08:00:00,Wind gust,Wind gust,m/s,0.8
2025-05-22 08:00:00,VPD,VPD,mbar,9.4
2025-05-22 08:00:00,Dew Point,Dew Point,°C,21.12
2025-05-22 08:00:00,Battery,Battery,mV,6878.0
2025-05-22 08:00:00,Solar Panel,Solar Panel,mV,7603.0
2025-05-22 08:00:00,Solar radiation,Solar radiation,W/m2,431.0
2025-05-22 08:00:00,HC Relative humidity,HC Relative humidity,%,73.29
2025-05-22 08:00:00,HC Air temperature,HC Air temperature,°C,26.36
2025-05-22 08:00:00,U-sonic wind dir,U-sonic wind dir,deg,36.0
2025-05-22 08:00:00,U-sonic wind speed,U-sonic wind speed,m/s,0.4
2025-05-22 08:00:00,DeltaT,DeltaT,°C,4.0
2025-05-22 07:00:00,DeltaT,DeltaT,°C,2.0
2025-05-22 07:00:00,VPD,VPD,mbar,3.7
2025-05-22 07:00:00,Dew Point,Dew Point,°C,22.55
2025-05-22 07:00:00,Battery,Battery,mV,6838.0
2025-05-22 07:00:00,Solar Panel,Solar Panel,mV,7122.0
2025-05-22 07:00:00,Solar radiation,Solar radiation,W/m2,228.0
2025-05-22 07:00:00,HC Relative humidity,HC Relative humidity,%,88.59
2025-05-22 07:00:00,HC Air temperature,HC Air temperature,°C,24.66
2025-05-22 07:00:00,U-sonic wind dir,U-sonic wind dir,deg,40.0
2025-05-22 07:00:00,U-sonic wind speed,U-sonic wind speed,m/s,0.2
2025-05-22 07:00:00,Wind gust,Wind gust,m/s,0.6
2025-05-22 06:00:00,Solar radiation,Solar radiation,W/m2,100.0
2025-05-22 06:00:00,Dew Point,Dew Point,°C,17.83
2025-05-22 06:00:00,VPD,VPD,mbar,0.0
2025-05-22 06:00:00,DeltaT,DeltaT,°C,0.0
2025-05-22 06:00:00,Wind gust,Wind gust,m/s,0.4
2025-05-22 06:00:00,U-sonic wind speed,U-sonic wind speed,m/s,0.2
2025-05-22 06:00:00,U-sonic wind dir,U-sonic wind dir,deg,234.0
2025-05-22 06:00:00,HC Air temperature,HC Air temperature,°C,17.86
2025-05-22 06:00:00,HC Relative humidity,HC Relative humidity,%,99.85
2025-05-22 06:00:00,Solar Panel,Solar Panel,mV,6929.0
2025-05-22 06:00:00,Battery,Battery,mV,6648.0
2025-05-22 05:00:00,U-sonic wind speed,U-sonic wind speed,m/s,0.2
2025-05-22 05:00:00,DeltaT,DeltaT,°C,0.0
2025-05-22 05:00:00,VPD,VPD,mbar,0.0
2025-05-22 05:00:00,Dew Point,Dew Point,°C,15.39
2025-05-22 05:00:00,Solar Panel,Solar Panel,mV,6697.0
2025-05-22 05:00:00,Solar radiation,Solar radiation,W/m2,8.0
2025-05-22 05:00:00,HC Relative humidity,HC Relative humidity,%,99.84
2025-05-22 05:00:00,Wind gust,Wind gust,m/s,0.3
2025-05-22 05:00:00,HC Air temperature,HC Air temperature,°C,15.42
2025-05-22 05:00:00,U-sonic wind dir,U-sonic wind dir,deg,230.0
2025-05-22 05:00:00,Battery,Battery,mV,6457.0
2025-05-22 04:00:00,Battery,Battery,mV,6446.0
2025-05-22 04:00:00,Solar Panel,Solar Panel,mV,0.0
2025-05-22 04:00:00,Solar radiation,Solar radiation,W/m2,0.0
2025-05-22 04:00:00,HC Relative humidity,HC Relative humidity,%,99.85
2025-05-22 04:00:00,HC Air temperature,HC Air temperature,°C,15.36
2025-05-22 04:00:00,Wind gust,Wind gust,m/s,0.3
2025-05-22 04:00:00,U-sonic wind dir,U-sonic wind dir,deg,230.0
2025-05-22 04:00:00,DeltaT,DeltaT,°C,0.0
2025-05-22 04:00:00,VPD,VPD,mbar,0.0
2025-05-22 04:00:00,Dew Point,Dew Point,°C,15.33
2025-05-22 04:00:00,U-sonic wind speed,U-sonic wind speed,m/s,0.1
2025-05-22 03:00:00,Dew Point,Dew Point,°C,15.51
2025-05-22 03:00:00,U-sonic wind dir,U-sonic wind dir,deg,230.0
2025-05-22 03:00:00,HC Air temperature,HC Air temperature,°C,15.54
2025-05-22 03:00:00,HC Relative humidity,HC Relative humidity,%,99.85
2025-05-22 03:00:00,Solar radiation,Solar radiation,W/m2,0.0
2025-05-22 03:00:00,Battery,Battery,mV,6457.0
2025-05-22 03:00:00,Solar Panel,Solar Panel,mV,0.0
2025-05-22 03:00:00,U-sonic wind speed,U-sonic wind speed,m/s,0.2
2025-05-22 03:00:00,Wind gust,Wind gust,m/s,0.3
2025-05-22 03:00:00,DeltaT,DeltaT,°C,0.0
2025-05-22 03:00:00,VPD,VPD,mbar,0.0
2025-05-22 02:00:00,HC Relative humidity,HC Relative humidity,%,99.85
2025-05-22 02:00:00,Dew Point,Dew Point,°C,15.83
2025-05-22 02:00:00,VPD,VPD,mbar,0.0
2025-05-22 02:00:00,DeltaT,DeltaT,°C,0.0
2025-05-22 02:00:00,Wind gust,Wind gust,m/s,0.3
2025-05-22 02:00:00,U-sonic wind speed,U-sonic wind speed,m/s,0.2
2025-05-22 02:00:00,U-sonic wind dir,U-sonic wind dir,deg,230.0
2025-05-22 02:00:00,HC Air temperature,HC Air temperature,°C,15.85
2025-05-22 02:00:00,Solar radiation,Solar radiation,W/m2,0.0
2025-05-22 02:00:00,Solar Panel,Solar Panel,mV,0.0
2025-05-22 02:00:00,Battery,Battery,mV,6466.0
2025-05-22 01:00:00,Battery,Battery,mV,6481.0
2025-05-22 01:00:00,Solar Panel,Solar Panel,mV,0.0
2025-05-22 01:00:00,Solar radiation,Solar radiation,W/m2,0.0
2025-05-22 01:00:00,HC Relative humidity,HC Relative humidity,%,99.85
2025-05-22 01:00:00,HC Air temperature,HC Air temperature,°C,16.13
2025-05-22 01:00:00,U-sonic wind dir,U-sonic wind dir,deg,230.0
2025-05-22 01:00:00,U-sonic wind speed,U-sonic wind speed,m/s,0.2
2025-05-22 01:00:00,Wind gust,Wind gust,m/s,0.3
2025-05-22 01:00:00,DeltaT,DeltaT,°C,0.0
2025-05-22 01:00:00,VPD,VPD,mbar,0.0
2025-05-22 01:00:00,Dew Point,Dew Point,°C,16.1
2025-05-22 00:00:00,Dew Point,Dew Point,°C,16.56
2025-05-22 00:00:00,VPD,VPD,mbar,0.0
2025-05-22 00:00:00,DeltaT,DeltaT,°C,0.0
2025-05-22 00:00:00,Wind gust,Wind gust,m/s,0.5
2025-05-22 00:00:00,U-sonic wind speed,U-sonic wind speed,m/s,0.2
2025-05-22 00:00:00,U-sonic wind dir,U-sonic wind dir,deg,230.0
2025-05-22 00:00:00,HC Air temperature,HC Air temperature,°C,16.58
2025-05-22 00:00:00,HC Relative humidity,HC Relative humidity,%,99.86
2025-05-22 00:00:00,Solar radiation,Solar radiation,W/m2,0.0
2025-05-22 00:00:00,Solar Panel,Solar Panel,mV,0.0
2025-05-22 00:00:00,Battery,Battery,mV,6488.0
2025-05-21 23:00:00,Wind gust,Wind gust,m/s,0.3
2025-05-21 23:00:00,Battery,Battery,mV,6493.0
2025-05-21 23:00:00,Dew Point,Dew Point,°C,17.09
2025-05-21 23:00:00,VPD,VPD,mbar,0.0
2025-05-21 23:00:00,DeltaT,DeltaT,°C,0.0
2025-05-21 23:00:00,Solar Panel,Solar Panel,mV,0.0
2025-05-21 23:00:00,Solar radiation,Solar radiation,W/m2,0.0
2025-05-21 23:00:00,HC Relative humidity,HC Relative humidity,%,99.86
2025-05-21 23:00:00,HC Air temperature,HC Air temperature,°C,17.11
2025-05-21 23:00:00,U-sonic wind dir,U-sonic wind dir,deg,233.0
2025-05-21 23:00:00,U-sonic wind speed,U-sonic wind speed,m/s,0.2
2025-05-21 22:00:00,U-sonic wind dir,U-sonic wind dir,deg,233.0
2025-05-21 22:00:00,Dew Point,Dew Point,°C,17.83
2025-05-21 22:00:00,VPD,VPD,mbar,0.0
2025-05-21 22:00:00,DeltaT,DeltaT,°C,0.0
2025-05-21 22:00:00,Wind gust,Wind gust,m/s,0.3
2025-05-21 22:00:00,U-sonic wind speed,U-sonic wind speed,m/s,0.2
2025-05-21 22:00:00,HC Air temperature,HC Air temperature,°C,17.85
2025-05-21 22:00:00,HC Relative humidity,HC Relative humidity,%,99.88
2025-05-21 22:00:00,Solar radiation,Solar radiation,W/m2,0.0
2025-05-21 22:00:00,Solar Panel,Solar Panel,mV,0.0
2025-05-21 22:00:00,Battery,Battery,mV,6497.0
2025-05-21 21:00:00,Dew Point,Dew Point,°C,19.08
2025-05-21 21:00:00,Solar Panel,Solar Panel,mV,0.0
2025-05-21 21:00:00,Solar radiation,Solar radiation,W/m2,0.0
2025-05-21 21:00:00,Wind gust,Wind gust,m/s,0.6
2025-05-21 21:00:00,U-sonic wind speed,U-sonic wind speed,m/s,0.2
2025-05-21 21:00:00,Battery,Battery,mV,6497.0
2025-05-21 21:00:00,U-sonic wind dir,U-sonic wind dir,deg,334.0
2025-05-21 21:00:00,HC Air temperature,HC Air temperature,°C,19.09
2025-05-21 21:00:00,HC Relative humidity,HC Relative humidity,%,99.91
2025-05-21 21:00:00,DeltaT,DeltaT,°C,0.0
2025-05-21 21:00:00,VPD,VPD,mbar,0.0
2025-05-21 20:00:00,HC Relative humidity,HC Relative humidity,%,97.48
2025-05-21 20:00:00,U-sonic wind dir,U-sonic wind dir,deg,27.0
2025-05-21 20:00:00,Battery,Battery,mV,6481.0
2025-05-21 20:00:00,Solar Panel,Solar Panel,mV,0.0
2025-05-21 20:00:00,Solar radiation,Solar radiation,W/m2,0.0
2025-05-21 20:00:00,U-sonic wind speed,U-sonic wind speed,m/s,0.3
2025-05-21 20:00:00,Wind gust,Wind gust,m/s,0.7
2025-05-21 20:00:00,DeltaT,DeltaT,°C,0.0
2025-05-21 20:00:00,HC Air temperature,HC Air temperature,°C,20.0
2025-05-21 20:00:00,VPD,VPD,mbar,0.6
2025-05-21 20:00:00,Dew Point,Dew Point,°C,19.58
2025-05-21 19:00:00,Wind gust,Wind gust,m/s,0.8
2025-05-21 19:00:00,U-sonic wind speed,U-sonic wind speed,m/s,0.3
2025-05-21 19:00:00,U-sonic wind dir,U-sonic wind dir,deg,21.0
2025-05-21 19:00:00,HC Air temperature,HC Air temperature,°C,20.96
2025-05-21 19:00:00,Dew Point,Dew Point,°C,18.17
2025-05-21 19:00:00,VPD,VPD,mbar,3.9
2025-05-21 19:00:00,HC Relative humidity,HC Relative humidity,%,84.35
2025-05-21 19:00:00,Solar radiation,Solar radiation,W/m2,7.0
2025-05-21 19:00:00,Solar Panel,Solar Panel,mV,0.0
2025-05-21 19:00:00,Battery,Battery,mV,6550.0
2025-05-21 19:00:00,DeltaT,DeltaT,°C,2.0
2025-05-21 18:00:00,Dew Point,Dew Point,°C,17.89
2025-05-21 18:00:00,Wind gust,Wind gust,m/s,1.2
2025-05-21 18:00:00,DeltaT,DeltaT,°C,4.0
2025-05-21 18:00:00,Solar Panel,Solar Panel,mV,7079.0
2025-05-21 18:00:00,Battery,Battery,mV,6844.0
2025-05-21 18:00:00,VPD,VPD,mbar,8.1
2025-05-21 18:00:00,Solar radiation,Solar radiation,W/m2,100.0
2025-05-21 18:00:00,HC Relative humidity,HC Relative humidity,%,71.84
2025-05-21 18:00:00,HC Air temperature,HC Air temperature,°C,23.26
2025-05-21 18:00:00,U-sonic wind dir,U-sonic wind dir,deg,26.0
2025-05-21 18:00:00,U-sonic wind speed,U-sonic wind speed,m/s,0.4
2025-05-21 17:00:00,U-sonic wind dir,U-sonic wind dir,deg,27.0
2025-05-21 17:00:00,HC Air temperature,HC Air temperature,°C,25.44
2025-05-21 17:00:00,U-sonic wind speed,U-sonic wind speed,m/s,0.6
2025-05-21 17:00:00,Battery,Battery,mV,6871.0
2025-05-21 17:00:00,Solar Panel,Solar Panel,mV,8552.0
2025-05-21 17:00:00,HC Relative humidity,HC Relative humidity,%,59.87
2025-05-21 17:00:00,Solar radiation,Solar radiation,W/m2,259.0
2025-05-21 17:00:00,Wind gust,Wind gust,m/s,1.6
2025-05-21 17:00:00,DeltaT,DeltaT,°C,5.0
2025-05-21 17:00:00,VPD,VPD,mbar,13.1
2025-05-21 17:00:00,Dew Point,Dew Point,°C,17.06
2025-05-21 16:00:00,U-sonic wind speed,U-sonic wind speed,m/s,0.6
2025-05-21 16:00:00,U-sonic wind dir,U-sonic wind dir,deg,27.0
2025-05-21 16:00:00,HC Air temperature,HC Air temperature,°C,26.97
2025-05-21 16:00:00,HC Relative humidity,HC Relative humidity,%,55.38
2025-05-21 16:00:00,Solar radiation,Solar radiation,W/m2,391.0
2025-05-21 16:00:00,Solar Panel,Solar Panel,mV,9884.0
2025-05-21 16:00:00,Battery,Battery,mV,6882.0
2025-05-21 16:00:00,VPD,VPD,mbar,15.9
2025-05-21 16:00:00,Dew Point,Dew Point,°C,17.26
2025-05-21 16:00:00,DeltaT,DeltaT,°C,6.0
2025-05-21 16:00:00,Wind gust,Wind gust,m/s,1.5
2025-05-21 15:00:00,U-sonic wind dir,U-sonic wind dir,deg,26.0
2025-05-21 15:00:00,Battery,Battery,mV,6889.0
2025-05-21 15:00:00,Solar Panel,Solar Panel,mV,10140.0
2025-05-21 15:00:00,Solar radiation,Solar radiation,W/m2,397.0
2025-05-21 15:00:00,HC Relative humidity,HC Relative humidity,%,57.96
2025-05-21 15:00:00,HC Air temperature,HC Air temperature,°C,26.62
2025-05-21 15:00:00,U-sonic wind speed,U-sonic wind speed,m/s,0.6
2025-05-21 15:00:00,Wind gust,Wind gust,m/s,1.4
2025-05-21 15:00:00,DeltaT,DeltaT,°C,6.0
2025-05-21 15:00:00,VPD,VPD,mbar,14.7
2025-05-21 15:00:00,Dew Point,Dew Point,°C,17.64
2025-05-21 14:00:00,HC Relative humidity,HC Relative humidity,%,52.94
2025-05-21 14:00:00,Solar radiation,Solar radiation,W/m2,591.0
2025-05-21 14:00:00,Solar Panel,Solar Panel,mV,10053.0
2025-05-21 14:00:00,Battery,Battery,mV,6889.0
2025-05-21 14:00:00,DeltaT,DeltaT,°C,7.0
2025-05-21 14:00:00,Wind gust,Wind gust,m/s,1.8
2025-05-21 14:00:00,Dew Point,Dew Point,°C,17.3
2025-05-21 14:00:00,VPD,VPD,mbar,17.6
2025-05-21 14:00:00,U-sonic wind speed,U-sonic wind speed,m/s,0.7
2025-05-21 14:00:00,U-sonic wind dir,U-sonic wind dir,deg,26.0
2025-05-21 14:00:00,HC Air temperature,HC Air temperature,°C,27.78
2025-05-21 13:00:00,Battery,Battery,mV,6896.0
2025-05-21 13:00:00,HC Air temperature,HC Air temperature,°C,29.62
2025-05-21 13:00:00,HC Relative humidity,HC Relative humidity,%,48.99
2025-05-21 13:00:00,Solar radiation,Solar radiation,W/m2,643.0
2025-05-21 13:00:00,U-sonic wind dir,U-sonic wind dir,deg,26.0
2025-05-21 13:00:00,U-sonic wind speed,U-sonic wind speed,m/s,0.5
2025-05-21 13:00:00,Wind gust,Wind gust,m/s,1.5
2025-05-21 13:00:00,Dew Point,Dew Point,°C,17.78
2025-05-21 13:00:00,VPD,VPD,mbar,21.2
2025-05-21 13:00:00,Solar Panel,Solar Panel,mV,9994.0
2025-05-21 13:00:00,DeltaT,DeltaT,°C,8.0
2025-05-21 12:00:00,HC Air temperature,HC Air temperature,°C,31.99
2025-05-21 12:00:00,Battery,Battery,mV,6889.0
2025-05-21 12:00:00,Solar Panel,Solar Panel,mV,9577.0
2025-05-21 12:00:00,DeltaT,DeltaT,°C,9.0
2025-05-21 12:00:00,Wind gust,Wind gust,m/s,1.4
2025-05-21 12:00:00,U-sonic wind speed,U-sonic wind speed,m/s,0.4
2025-05-21 12:00:00,VPD,VPD,mbar,25.3
2025-05-21 12:00:00,U-sonic wind dir,U-sonic wind dir,deg,30.0
2025-05-21 12:00:00,Solar radiation,Solar radiation,W/m2,821.0
2025-05-21 12:00:00,HC Relative humidity,HC Relative humidity,%,46.59
2025-05-21 12:00:00,Dew Point,Dew Point,°C,19.1
2025-05-21 11:00:00,U-sonic wind speed,U-sonic wind speed,m/s,0.4
2025-05-21 11:00:00,Solar radiation,Solar radiation,W/m2,809.0
2025-05-21 11:00:00,HC Relative humidity,HC Relative humidity,%,49.55
2025-05-21 11:00:00,HC Air temperature,HC Air temperature,°C,32.23
2025-05-21 11:00:00,DeltaT,DeltaT,°C,8.0
2025-05-21 11:00:00,VPD,VPD,mbar,24.3
2025-05-21 11:00:00,U-sonic wind dir,U-sonic wind dir,deg,27.0
2025-05-21 11:00:00,Dew Point,Dew Point,°C,20.33
2025-05-21 11:00:00,Solar Panel,Solar Panel,mV,9927.0
2025-05-21 11:00:00,Battery,Battery,mV,6896.0
2025-05-21 11:00:00,Wind gust,Wind gust,m/s,1.2
2025-05-21 10:00:00,Battery,Battery,mV,6896.0
2025-05-21 10:00:00,Dew Point,Dew Point,°C,20.08
2025-05-21 10:00:00,VPD,VPD,mbar,23.8
2025-05-21 10:00:00,DeltaT,DeltaT,°C,8.0
2025-05-21 10:00:00,Wind gust,Wind gust,m/s,1.2
2025-05-21 10:00:00,U-sonic wind speed,U-sonic wind speed,m/s,0.4
2025-05-21 10:00:00,U-sonic wind dir,U-sonic wind dir,deg,37.0
2025-05-21 10:00:00,HC Air temperature,HC Air temperature,°C,31.93
2025-05-21 10:00:00,HC Relative humidity,HC Relative humidity,%,49.7
2025-05-21 10:00:00,Solar radiation,Solar radiation,W/m2,793.0
2025-05-21 10:00:00,Solar Panel,Solar Panel,mV,10022.0
2025-05-21 09:00:00,U-sonic wind speed,U-sonic wind speed,m/s,0.3
2025-05-21 09:00:00,U-sonic wind dir,U-sonic wind dir,deg,34.0
2025-05-21 09:00:00,HC Air temperature,HC Air temperature,°C,30.01
2025-05-21 09:00:00,HC Relative humidity,HC Relative humidity,%,50.6
2025-05-21 09:00:00,Battery,Battery,mV,6889.0
2025-05-21 09:00:00,Solar Panel,Solar Panel,mV,9974.0
2025-05-21 09:00:00,Dew Point,Dew Point,°C,18.64
2025-05-21 09:00:00,Solar radiation,Solar radiation,W/m2,649.0
2025-05-21 09:00:00,VPD,VPD,mbar,21.0
2025-05-21 09:00:00,DeltaT,DeltaT,°C,8.0
2025-05-21 09:00:00,Wind gust,Wind gust,m/s,0.8
2025-05-21 08:00:00,DeltaT,DeltaT,°C,7.0
2025-05-21 08:00:00,U-sonic wind speed,U-sonic wind speed,m/s,0.4
2025-05-21 08:00:00,U-sonic wind dir,U-sonic wind dir,deg,48.0
2025-05-21 08:00:00,HC Air temperature,HC Air temperature,°C,27.97
2025-05-21 08:00:00,HC Relative humidity,HC Relative humidity,%,53.96
2025-05-21 08:00:00,Solar radiation,Solar radiation,W/m2,471.0
2025-05-21 08:00:00,Solar Panel,Solar Panel,mV,9218.0
2025-05-21 08:00:00,Battery,Battery,mV,6880.0
2025-05-21 08:00:00,Dew Point,Dew Point,°C,17.75
2025-05-21 08:00:00,VPD,VPD,mbar,17.5
2025-05-21 08:00:00,Wind gust,Wind gust,m/s,1.1
2025-05-21 07:00:00,DeltaT,DeltaT,°C,4.0
2025-05-21 07:00:00,Battery,Battery,mV,6802.0
2025-05-21 07:00:00,Solar Panel,Solar Panel,mV,7087.0
2025-05-21 07:00:00,Solar radiation,Solar radiation,W/m2,289.0
2025-05-21 07:00:00,HC Relative humidity,HC Relative humidity,%,69.14
2025-05-21 07:00:00,HC Air temperature,HC Air temperature,°C,24.28
2025-05-21 07:00:00,U-sonic wind dir,U-sonic wind dir,deg,57.0
2025-05-21 07:00:00,U-sonic wind speed,U-sonic wind speed,m/s,0.3
2025-05-21 07:00:00,Dew Point,Dew Point,°C,18.22
2025-05-21 07:00:00,VPD,VPD,mbar,9.5
2025-05-21 07:00:00,Wind gust,Wind gust,m/s,0.8
2025-05-21 06:00:00,VPD,VPD,mbar,1.1
2025-05-21 06:00:00,Dew Point,Dew Point,°C,19.52
2025-05-21 06:00:00,Battery,Battery,mV,6666.0
2025-05-21 06:00:00,Solar Panel,Solar Panel,mV,6945.0
2025-05-21 06:00:00,Solar radiation,Solar radiation,W/m2,117.0
2025-05-21 06:00:00,HC Relative humidity,HC Relative humidity,%,95.65
2025-05-21 06:00:00,HC Air temperature,HC Air temperature,°C,20.29
2025-05-21 06:00:00,U-sonic wind dir,U-sonic wind dir,deg,33.0
2025-05-21 06:00:00,U-sonic wind speed,U-sonic wind speed,m/s,0.3
2025-05-21 06:00:00,Wind gust,Wind gust,m/s,0.8
2025-05-21 06:00:00,DeltaT,DeltaT,°C,1.0
2025-05-21 05:00:00,U-sonic wind speed,U-sonic wind speed,m/s,0.2
2025-05-21 05:00:00,Wind gust,Wind gust,m/s,0.6
2025-05-21 05:00:00,Battery,Battery,mV,6466.0
2025-05-21 05:00:00,Solar Panel,Solar Panel,mV,6712.0
2025-05-21 05:00:00,Solar radiation,Solar radiation,W/m2,8.0
2025-05-21 05:00:00,HC Relative humidity,HC Relative humidity,%,99.9
2025-05-21 05:00:00,DeltaT,DeltaT,°C,0.0
2025-05-21 05:00:00,VPD,VPD,mbar,0.0
2025-05-21 05:00:00,Dew Point,Dew Point,°C,18.06
2025-05-21 05:00:00,HC Air temperature,HC Air temperature,°C,18.08
2025-05-21 05:00:00,U-sonic wind dir,U-sonic wind dir,deg,25.0
2025-05-21 04:00:00,DeltaT,DeltaT,°C,0.0
2025-05-21 04:00:00,Dew Point,Dew Point,°C,18.74
2025-05-21 04:00:00,Battery,Battery,mV,6446.0
2025-05-21 04:00:00,Solar Panel,Solar Panel,mV,0.0
2025-05-21 04:00:00,Solar radiation,Solar radiation,W/m2,0.0
2025-05-21 04:00:00,HC Relative humidity,HC Relative humidity,%,99.92
2025-05-21 04:00:00,HC Air temperature,HC Air temperature,°C,18.75
2025-05-21 04:00:00,U-sonic wind dir,U-sonic wind dir,deg,351.0
2025-05-21 04:00:00,U-sonic wind speed,U-sonic wind speed,m/s,0.3
2025-05-21 04:00:00,Wind gust,Wind gust,m/s,0.8
2025-05-21 04:00:00,VPD,VPD,mbar,0.0
2025-05-21 03:00:00,VPD,VPD,mbar,0.0
2025-05-21 03:00:00,Dew Point,Dew Point,°C,18.39
2025-05-21 03:00:00,U-sonic wind dir,U-sonic wind dir,deg,27.0
2025-05-21 03:00:00,U-sonic wind speed,U-sonic wind speed,m/s,0.2
2025-05-21 03:00:00,Wind gust,Wind gust,m/s,0.5
2025-05-21 03:00:00,HC Air temperature,HC Air temperature,°C,18.4
2025-05-21 03:00:00,HC Relative humidity,HC Relative humidity,%,99.92
2025-05-21 03:00:00,Solar radiation,Solar radiation,W/m2,0.0
2025-05-21 03:00:00,Solar Panel,Solar Panel,mV,0.0
2025-05-21 03:00:00,Battery,Battery,mV,6450.0
2025-05-21 03:00:00,DeltaT,DeltaT,°C,0.0
2025-05-21 02:00:00,Solar Panel,Solar Panel,mV,0.0
2025-05-21 02:00:00,U-sonic wind speed,U-sonic wind speed,m/s,0.3
2025-05-21 02:00:00,Wind gust,Wind gust,m/s,1.2
2025-05-21 02:00:00,DeltaT,DeltaT,°C,0.0
2025-05-21 02:00:00,VPD,VPD,mbar,0.0
2025-05-21 02:00:00,Dew Point,Dew Point,°C,19.59
2025-05-21 02:00:00,U-sonic wind dir,U-sonic wind dir,deg,26.0
2025-05-21 02:00:00,HC Air temperature,HC Air temperature,°C,19.6
2025-05-21 02:00:00,HC Relative humidity,HC Relative humidity,%,99.97
2025-05-21 02:00:00,Solar radiation,Solar radiation,W/m2,0.0
2025-05-21 02:00:00,Battery,Battery,mV,6461.0
2025-05-21 01:00:00,Battery,Battery,mV,6470.0
2025-05-21 01:00:00,VPD,VPD,mbar,0.0
2025-05-21 01:00:00,DeltaT,DeltaT,°C,0.0
2025-05-21 01:00:00,Wind gust,Wind gust,m/s,1.3
2025-05-21 01:00:00,U-sonic wind speed,U-sonic wind speed,m/s,0.3
2025-05-21 01:00:00,U-sonic wind dir,U-sonic wind dir,deg,26.0
2025-05-21 01:00:00,HC Air temperature,HC Air temperature,°C,20.45
2025-05-21 01:00:00,Solar radiation,Solar radiation,W/m2,0.0
2025-05-21 01:00:00,HC Relative humidity,HC Relative humidity,%,99.95
2025-05-21 01:00:00,Dew Point,Dew Point,°C,20.44
2025-05-21 01:00:00,Solar Panel,Solar Panel,mV,0.0
2025-05-21 00:00:00,Solar Panel,Solar Panel,mV,0.0
2025-05-21 00:00:00,Battery,Battery,mV,6484.0
2025-05-21 00:00:00,Solar radiation,Solar radiation,W/m2,0.0
2025-05-21 00:00:00,HC Relative humidity,HC Relative humidity,%,99.93
2025-05-21 00:00:00,HC Air temperature,HC Air temperature,°C,20.8
2025-05-21 00:00:00,U-sonic wind dir,U-sonic wind dir,deg,28.0
2025-05-21 00:00:00,U-sonic wind speed,U-sonic wind speed,m/s,0.4
2025-05-21 00:00:00,Wind gust,Wind gust,m/s,1.3
2025-05-21 00:00:00,DeltaT,DeltaT,°C,0.0
2025-05-21 00:00:00,VPD,VPD,mbar,0.0
2025-05-21 00:00:00,Dew Point,Dew Point,°C,20.79
2025-05-20 00:00:00,U-sonic wind dir,U-sonic wind dir,deg,150.0
2025-05-20 00:00:00,HC Air temperature,HC Air temperature,°C,19.02
2025-05-20 00:00:00,Solar radiation,Solar radiation,W/m2,0.0
2025-05-20 00:00:00,Battery,Battery,mV,6484.0
2025-05-20 00:00:00,HC Relative humidity,HC Relative humidity,%,99.96
2025-05-20 00:00:00,Solar Panel,Solar Panel,mV,0.0
2025-05-20 00:00:00,Dew Point,Dew Point,°C,19.01
2025-05-20 00:00:00,VPD,VPD,mbar,0.0
2025-05-20 00:00:00,DeltaT,DeltaT,°C,0.0
2025-05-20 00:00:00,Wind gust,Wind gust,m/s,0.3
2025-05-20 00:00:00,U-sonic wind speed,U-sonic wind speed,m/s,0.1
2025-05-19 23:00:00,Battery,Battery,mV,6488.0
2025-05-19 23:00:00,Dew Point,Dew Point,°C,19.46
2025-05-19 23:00:00,Wind gust,Wind gust,m/s,0.3
2025-05-19 23:00:00,Solar radiation,Solar radiation,W/m2,0.0
2025-05-19 23:00:00,Solar Panel,Solar Panel,mV,0.0
2025-05-19 23:00:00,DeltaT,DeltaT,°C,0.0
2025-05-19 23:00:00,VPD,VPD,mbar,0.4
2025-05-19 23:00:00,HC Relative humidity,HC Relative humidity,%,98.43
2025-05-19 23:00:00,HC Air temperature,HC Air temperature,°C,19.71
2025-05-19 23:00:00,U-sonic wind dir,U-sonic wind dir,deg,150.0
2025-05-19 23:00:00,U-sonic wind speed,U-sonic wind speed,m/s,0.1
2025-05-19 22:00:00,HC Air temperature,HC Air temperature,°C,19.34
2025-05-19 22:00:00,Dew Point,Dew Point,°C,19.33
2025-05-19 22:00:00,VPD,VPD,mbar,0.0
2025-05-19 22:00:00,DeltaT,DeltaT,°C,0.0
2025-05-19 22:00:00,Wind gust,Wind gust,m/s,0.4
2025-05-19 22:00:00,U-sonic wind speed,U-sonic wind speed,m/s,0.2
2025-05-19 22:00:00,U-sonic wind dir,U-sonic wind dir,deg,150.0
2025-05-19 22:00:00,HC Relative humidity,HC Relative humidity,%,99.96
2025-05-19 22:00:00,Solar radiation,Solar radiation,W/m2,0.0
2025-05-19 22:00:00,Solar Panel,Solar Panel,mV,0.0
2025-05-19 22:00:00,Battery,Battery,mV,6493.0
2025-05-19 21:00:00,Battery,Battery,mV,6497.0
2025-05-19 21:00:00,DeltaT,DeltaT,°C,0.0
2025-05-19 21:00:00,Solar Panel,Solar Panel,mV,0.0
2025-05-19 21:00:00,Solar radiation,Solar radiation,W/m2,0.0
2025-05-19 21:00:00,HC Relative humidity,HC Relative humidity,%,99.27
2025-05-19 21:00:00,HC Air temperature,HC Air temperature,°C,20.06
2025-05-19 21:00:00,Wind gust,Wind gust,m/s,0.4
2025-05-19 21:00:00,U-sonic wind dir,U-sonic wind dir,deg,150.0
2025-05-19 21:00:00,U-sonic wind speed,U-sonic wind speed,m/s,0.2
2025-05-19 21:00:00,Dew Point,Dew Point,°C,19.94
2025-05-19 21:00:00,VPD,VPD,mbar,0.2
2025-05-19 20:00:00,VPD,VPD,mbar,4.2
2025-05-19 20:00:00,Wind gust,Wind gust,m/s,0.3
2025-05-19 20:00:00,U-sonic wind speed,U-sonic wind speed,m/s,0.2
2025-05-19 20:00:00,U-sonic wind dir,U-sonic wind dir,deg,150.0
2025-05-19 20:00:00,Battery,Battery,mV,6486.0
2025-05-19 20:00:00,Solar Panel,Solar Panel,mV,0.0
2025-05-19 20:00:00,Solar radiation,Solar radiation,W/m2,0.0
2025-05-19 20:00:00,Dew Point,Dew Point,°C,18.84
2025-05-19 20:00:00,HC Relative humidity,HC Relative humidity,%,83.95
2025-05-19 20:00:00,HC Air temperature,HC Air temperature,°C,21.7
2025-05-19 20:00:00,DeltaT,DeltaT,°C,2.0
2025-05-19 19:00:00,Dew Point,Dew Point,°C,18.11
2025-05-19 19:00:00,VPD,VPD,mbar,9.9
2025-05-19 19:00:00,DeltaT,DeltaT,°C,4.0
2025-05-19 19:00:00,Wind gust,Wind gust,m/s,0.4
2025-05-19 19:00:00,U-sonic wind speed,U-sonic wind speed,m/s,0.2
2025-05-19 19:00:00,U-sonic wind dir,U-sonic wind dir,deg,150.0
2025-05-19 19:00:00,HC Air temperature,HC Air temperature,°C,24.43
2025-05-19 19:00:00,HC Relative humidity,HC Relative humidity,%,68.17
2025-05-19 19:00:00,Solar radiation,Solar radiation,W/m2,1.0
2025-05-19 19:00:00,Solar Panel,Solar Panel,mV,0.0
2025-05-19 19:00:00,Battery,Battery,mV,6510.0
2025-05-19 18:00:00,VPD,VPD,mbar,18.9
2025-05-19 18:00:00,DeltaT,DeltaT,°C,7.0
2025-05-19 18:00:00,Solar radiation,Solar radiation,W/m2,90.0
2025-05-19 18:00:00,U-sonic wind dir,U-sonic wind dir,deg,150.0
2025-05-19 18:00:00,Battery,Battery,mV,6755.0
2025-05-19 18:00:00,Dew Point,Dew Point,°C,19.6
2025-05-19 18:00:00,Solar Panel,Solar Panel,mV,6957.0
2025-05-19 18:00:00,Wind gust,Wind gust,m/s,0.5
2025-05-19 18:00:00,U-sonic wind speed,U-sonic wind speed,m/s,0.2
2025-05-19 18:00:00,HC Relative humidity,HC Relative humidity,%,54.98
2025-05-19 18:00:00,HC Air temperature,HC Air temperature,°C,29.63
2025-05-19 17:00:00,U-sonic wind speed,U-sonic wind speed,m/s,0.2
2025-05-19 17:00:00,HC Air temperature,HC Air temperature,°C,33.83
2025-05-19 17:00:00,Dew Point,Dew Point,°C,20.04
2025-05-19 17:00:00,Battery,Battery,mV,6878.0
2025-05-19 17:00:00,HC Relative humidity,HC Relative humidity,%,44.51
2025-05-19 17:00:00,Solar radiation,Solar radiation,W/m2,258.0
2025-05-19 17:00:00,Solar Panel,Solar Panel,mV,7528.0
2025-05-19 17:00:00,VPD,VPD,mbar,29.4
2025-05-19 17:00:00,DeltaT,DeltaT,°C,10.0
2025-05-19 17:00:00,Wind gust,Wind gust,m/s,0.5
2025-05-19 17:00:00,U-sonic wind dir,U-sonic wind dir,deg,149.0
2025-05-19 16:00:00,Battery,Battery,mV,6889.0
2025-05-19 16:00:00,Solar Panel,Solar Panel,mV,8923.0
2025-05-19 16:00:00,Solar radiation,Solar radiation,W/m2,342.0
2025-05-19 16:00:00,HC Relative humidity,HC Relative humidity,%,39.17
2025-05-19 16:00:00,HC Air temperature,HC Air temperature,°C,37.44
2025-05-19 16:00:00,U-sonic wind dir,U-sonic wind dir,deg,350.0
2025-05-19 16:00:00,U-sonic wind speed,U-sonic wind speed,m/s,0.3
2025-05-19 16:00:00,Wind gust,Wind gust,m/s,0.8
2025-05-19 16:00:00,DeltaT,DeltaT,°C,12.0
2025-05-19 16:00:00,VPD,VPD,mbar,39.1
2025-05-19 16:00:00,Dew Point,Dew Point,°C,21.21
2025-05-19 15:00:00,U-sonic wind speed,U-sonic wind speed,m/s,0.3
2025-05-19 15:00:00,Dew Point,Dew Point,°C,22.58
2025-05-19 15:00:00,VPD,VPD,mbar,41.7
2025-05-19 15:00:00,Wind gust,Wind gust,m/s,0.7
2025-05-19 15:00:00,DeltaT,DeltaT,°C,12.0
2025-05-19 15:00:00,HC Relative humidity,HC Relative humidity,%,39.66
2025-05-19 15:00:00,Solar radiation,Solar radiation,W/m2,414.0
2025-05-19 15:00:00,Solar Panel,Solar Panel,mV,9490.0
2025-05-19 15:00:00,Battery,Battery,mV,6893.0
2025-05-19 15:00:00,U-sonic wind dir,U-sonic wind dir,deg,322.0
2025-05-19 15:00:00,HC Air temperature,HC Air temperature,°C,38.76
2025-05-19 14:00:00,HC Relative humidity,HC Relative humidity,%,40.74
2025-05-19 14:00:00,DeltaT,DeltaT,°C,12.0
2025-05-19 14:00:00,Battery,Battery,mV,6898.0
2025-05-19 14:00:00,VPD,VPD,mbar,41.2
2025-05-19 14:00:00,Solar radiation,Solar radiation,W/m2,623.0
2025-05-19 14:00:00,Dew Point,Dew Point,°C,23.16
2025-05-19 14:00:00,HC Air temperature,HC Air temperature,°C,38.9
2025-05-19 14:00:00,U-sonic wind dir,U-sonic wind dir,deg,330.0
2025-05-19 14:00:00,U-sonic wind speed,U-sonic wind speed,m/s,0.3
2025-05-19 14:00:00,Wind gust,Wind gust,m/s,1.2
2025-05-19 14:00:00,Solar Panel,Solar Panel,mV,9647.0
2025-05-19 13:00:00,DeltaT,DeltaT,°C,10.0
2025-05-19 13:00:00,U-sonic wind dir,U-sonic wind dir,deg,320.0
2025-05-19 13:00:00,HC Air temperature,HC Air temperature,°C,39.41
2025-05-19 13:00:00,HC Relative humidity,HC Relative humidity,%,46.29
2025-05-19 13:00:00,Solar radiation,Solar radiation,W/m2,825.0
2025-05-19 13:00:00,VPD,VPD,mbar,38.4
2025-05-19 13:00:00,Battery,Battery,mV,6898.0
2025-05-19 13:00:00,Solar Panel,Solar Panel,mV,9616.0
2025-05-19 13:00:00,Dew Point,Dew Point,°C,25.74
2025-05-19 13:00:00,U-sonic wind speed,U-sonic wind speed,m/s,0.3
2025-05-19 13:00:00,Wind gust,Wind gust,m/s,0.9
2025-05-19 12:00:00,VPD,VPD,mbar,44.0
2025-05-19 12:00:00,U-sonic wind speed,U-sonic wind speed,m/s,0.3
2025-05-19 12:00:00,U-sonic wind dir,U-sonic wind dir,deg,341.0
2025-05-19 12:00:00,HC Air temperature,HC Air temperature,°C,40.92
2025-05-19 12:00:00,HC Relative humidity,HC Relative humidity,%,43.99
2025-05-19 12:00:00,Solar radiation,Solar radiation,W/m2,908.0
2025-05-19 12:00:00,Solar Panel,Solar Panel,mV,9620.0
2025-05-19 12:00:00,Battery,Battery,mV,6898.0
2025-05-19 12:00:00,Dew Point,Dew Point,°C,26.04
2025-05-19 12:00:00,DeltaT,DeltaT,°C,11.0
2025-05-19 12:00:00,Wind gust,Wind gust,m/s,1.0
2025-05-19 11:00:00,Wind gust,Wind gust,m/s,0.9
2025-05-19 11:00:00,HC Relative humidity,HC Relative humidity,%,34.67
2025-05-19 11:00:00,HC Air temperature,HC Air temperature,°C,41.85
2025-05-19 11:00:00,Dew Point,Dew Point,°C,23.09
2025-05-19 11:00:00,U-sonic wind dir,U-sonic wind dir,deg,4.0
2025-05-19 11:00:00,U-sonic wind speed,U-sonic wind speed,m/s,0.4
2025-05-19 11:00:00,VPD,VPD,mbar,53.2
2025-05-19 11:00:00,DeltaT,DeltaT,°C,14.0
2025-05-19 11:00:00,Solar Panel,Solar Panel,mV,9577.0
2025-05-19 11:00:00,Battery,Battery,mV,6898.0
2025-05-19 11:00:00,Solar radiation,Solar radiation,W/m2,886.0
2025-05-19 10:00:00,Dew Point,Dew Point,°C,22.85
2025-05-19 10:00:00,VPD,VPD,mbar,44.0
2025-05-19 10:00:00,DeltaT,DeltaT,°C,12.0
2025-05-19 10:00:00,Wind gust,Wind gust,m/s,34.0
2025-05-19 10:00:00,U-sonic wind speed,U-sonic wind speed,m/s,5.9
2025-05-19 10:00:00,U-sonic wind dir,U-sonic wind dir,deg,15.0
2025-05-19 10:00:00,Solar radiation,Solar radiation,W/m2,826.0
2025-05-19 10:00:00,HC Air temperature,HC Air temperature,°C,39.5
2025-05-19 10:00:00,Solar Panel,Solar Panel,mV,9655.0
2025-05-19 10:00:00,Battery,Battery,mV,6898.0
2025-05-19 10:00:00,HC Relative humidity,HC Relative humidity,%,38.78
2025-05-19 09:00:00,Dew Point,Dew Point,°C,19.08
2025-05-19 09:00:00,Battery,Battery,mV,6896.0
2025-05-19 09:00:00,Solar Panel,Solar Panel,mV,9781.0
2025-05-19 09:00:00,Solar radiation,Solar radiation,W/m2,672.0
2025-05-19 09:00:00,HC Relative humidity,HC Relative humidity,%,37.74
2025-05-19 09:00:00,VPD,VPD,mbar,36.5
2025-05-19 09:00:00,DeltaT,DeltaT,°C,12.0
2025-05-19 09:00:00,Wind gust,Wind gust,m/s,38.7
2025-05-19 09:00:00,U-sonic wind speed,U-sonic wind speed,m/s,18.3
2025-05-19 09:00:00,U-sonic wind dir,U-sonic wind dir,deg,189.0
2025-05-19 09:00:00,HC Air temperature,HC Air temperature,°C,35.74
2025-05-19 08:00:00,DeltaT,DeltaT,°C,9.0
2025-05-19 08:00:00,Wind gust,Wind gust,m/s,29.3
2025-05-19 08:00:00,VPD,VPD,mbar,26.9
2025-05-19 08:00:00,Dew Point,Dew Point,°C,18.88
2025-05-19 08:00:00,U-sonic wind speed,U-sonic wind speed,m/s,3.7
2025-05-19 08:00:00,U-sonic wind dir,U-sonic wind dir,deg,128.0
2025-05-19 08:00:00,HC Air temperature,HC Air temperature,°C,32.38
2025-05-19 08:00:00,HC Relative humidity,HC Relative humidity,%,44.98
2025-05-19 08:00:00,Solar radiation,Solar radiation,W/m2,496.0
2025-05-19 08:00:00,Solar Panel,Solar Panel,mV,7142.0
2025-05-19 08:00:00,Battery,Battery,mV,6860.0
2025-05-19 07:00:00,Dew Point,Dew Point,°C,22.62
2025-05-19 07:00:00,Solar radiation,Solar radiation,W/m2,313.0
2025-05-19 07:00:00,HC Air temperature,HC Air temperature,°C,27.97
2025-05-19 07:00:00,HC Relative humidity,HC Relative humidity,%,74.93
2025-05-19 07:00:00,Solar Panel,Solar Panel,mV,7071.0
2025-05-19 07:00:00,Battery,Battery,mV,6786.0
2025-05-19 07:00:00,U-sonic wind dir,U-sonic wind dir,deg,39.0
2025-05-19 07:00:00,U-sonic wind speed,U-sonic wind speed,m/s,0.2
2025-05-19 07:00:00,Wind gust,Wind gust,m/s,0.5
2025-05-19 07:00:00,DeltaT,DeltaT,°C,4.0
2025-05-19 07:00:00,VPD,VPD,mbar,10.2
2025-05-19 06:00:00,Solar radiation,Solar radiation,W/m2,130.0
2025-05-19 06:00:00,Solar Panel,Solar Panel,mV,6953.0
2025-05-19 06:00:00,Battery,Battery,mV,6675.0
2025-05-19 06:00:00,U-sonic wind speed,U-sonic wind speed,m/s,0.2
2025-05-19 06:00:00,U-sonic wind dir,U-sonic wind dir,deg,236.0
2025-05-19 06:00:00,HC Air temperature,HC Air temperature,°C,19.21
2025-05-19 06:00:00,HC Relative humidity,HC Relative humidity,%,99.88
2025-05-19 06:00:00,Dew Point,Dew Point,°C,19.19
2025-05-19 06:00:00,VPD,VPD,mbar,0.0
2025-05-19 06:00:00,DeltaT,DeltaT,°C,0.0
2025-05-19 06:00:00,Wind gust,Wind gust,m/s,0.3
2025-05-19 05:00:00,Wind gust,Wind gust,m/s,0.3
2025-05-19 05:00:00,Battery,Battery,mV,6470.0
2025-05-19 05:00:00,DeltaT,DeltaT,°C,0.0
2025-05-19 05:00:00,VPD,VPD,mbar,0.0
2025-05-19 05:00:00,Dew Point,Dew Point,°C,15.88
2025-05-19 05:00:00,Solar Panel,Solar Panel,mV,6724.0
2025-05-19 05:00:00,Solar radiation,Solar radiation,W/m2,14.0
2025-05-19 05:00:00,HC Relative humidity,HC Relative humidity,%,99.87
2025-05-19 05:00:00,HC Air temperature,HC Air temperature,°C,15.9
2025-05-19 05:00:00,U-sonic wind dir,U-sonic wind dir,deg,26.0
2025-05-19 05:00:00,U-sonic wind speed,U-sonic wind speed,m/s,0.2
2025-05-19 04:00:00,Solar radiation,Solar radiation,W/m2,0.0
2025-05-19 04:00:00,Dew Point,Dew Point,°C,16.78
2025-05-19 04:00:00,VPD,VPD,mbar,0.0
2025-05-19 04:00:00,DeltaT,DeltaT,°C,0.0
2025-05-19 04:00:00,Wind gust,Wind gust,m/s,0.4
2025-05-19 04:00:00,U-sonic wind speed,U-sonic wind speed,m/s,0.3
2025-05-19 04:00:00,U-sonic wind dir,U-sonic wind dir,deg,26.0
2025-05-19 04:00:00,HC Air temperature,HC Air temperature,°C,16.79
2025-05-19 04:00:00,HC Relative humidity,HC Relative humidity,%,99.91
2025-05-19 04:00:00,Solar Panel,Solar Panel,mV,0.0
2025-05-19 04:00:00,Battery,Battery,mV,6446.0
2025-05-19 03:00:00,U-sonic wind speed,U-sonic wind speed,m/s,0.3
2025-05-19 03:00:00,U-sonic wind dir,U-sonic wind dir,deg,337.0
2025-05-19 03:00:00,Dew Point,Dew Point,°C,17.97
2025-05-19 03:00:00,VPD,VPD,mbar,0.0
2025-05-19 03:00:00,DeltaT,DeltaT,°C,0.0
2025-05-19 03:00:00,HC Air temperature,HC Air temperature,°C,17.98
2025-05-19 03:00:00,HC Relative humidity,HC Relative humidity,%,99.94
2025-05-19 03:00:00,Battery,Battery,mV,6453.0
2025-05-19 03:00:00,Solar Panel,Solar Panel,mV,0.0
2025-05-19 03:00:00,Solar radiation,Solar radiation,W/m2,0.0
2025-05-19 03:00:00,Wind gust,Wind gust,m/s,0.6
2025-05-19 02:00:00,Solar Panel,Solar Panel,mV,0.0
2025-05-19 02:00:00,Solar radiation,Solar radiation,W/m2,0.0
2025-05-19 02:00:00,HC Relative humidity,HC Relative humidity,%,99.96
2025-05-19 02:00:00,HC Air temperature,HC Air temperature,°C,18.93
2025-05-19 02:00:00,U-sonic wind dir,U-sonic wind dir,deg,14.0
2025-05-19 02:00:00,U-sonic wind speed,U-sonic wind speed,m/s,0.3
2025-05-19 02:00:00,Wind gust,Wind gust,m/s,0.5
2025-05-19 02:00:00,DeltaT,DeltaT,°C,0.0
2025-05-19 02:00:00,VPD,VPD,mbar,0.0
2025-05-19 02:00:00,Dew Point,Dew Point,°C,18.93
2025-05-19 02:00:00,Battery,Battery,mV,6466.0
2025-05-19 01:00:00,Solar radiation,Solar radiation,W/m2,0.0
2025-05-19 01:00:00,Solar Panel,Solar Panel,mV,0.0
2025-05-19 01:00:00,Battery,Battery,mV,6475.0
2025-05-19 01:00:00,HC Relative humidity,HC Relative humidity,%,99.91
2025-05-19 01:00:00,HC Air temperature,HC Air temperature,°C,18.56
2025-05-19 01:00:00,U-sonic wind speed,U-sonic wind speed,m/s,0.3
2025-05-19 01:00:00,Dew Point,Dew Point,°C,18.54
2025-05-19 01:00:00,VPD,VPD,mbar,0.0
2025-05-19 01:00:00,DeltaT,DeltaT,°C,0.0
2025-05-19 01:00:00,Wind gust,Wind gust,m/s,0.4
2025-05-19 01:00:00,U-sonic wind dir,U-sonic wind dir,deg,23.0
2025-05-19 00:00:00,HC Relative humidity,HC Relative humidity,%,99.87
2025-05-19 00:00:00,Solar Panel,Solar Panel,mV,0.0
2025-05-19 00:00:00,Battery,Battery,mV,6481.0
2025-05-19 00:00:00,Dew Point,Dew Point,°C,17.5
2025-05-19 00:00:00,VPD,VPD,mbar,0.0
2025-05-19 00:00:00,DeltaT,DeltaT,°C,0.0
2025-05-19 00:00:00,Wind gust,Wind gust,m/s,0.4
2025-05-19 00:00:00,U-sonic wind speed,U-sonic wind speed,m/s,0.3
2025-05-19 00:00:00,U-sonic wind dir,U-sonic wind dir,deg,23.0
2025-05-19 00:00:00,HC Air temperature,HC Air temperature,°C,17.52
2025-05-19 00:00:00,Solar radiation,Solar radiation,W/m2,0.0
2025-05-18 23:00:00,DeltaT,DeltaT,°C,0.0
2025-05-18 23:00:00,Solar Panel,Solar Panel,mV,0.0
2025-05-18 23:00:00,Solar radiation,Solar radiation,W/m2,0.0
2025-05-18 23:00:00,HC Relative humidity,HC Relative humidity,%,99.9
2025-05-18 23:00:00,HC Air temperature,HC Air temperature,°C,17.98
2025-05-18 23:00:00,U-sonic wind dir,U-sonic wind dir,deg,23.0
2025-05-18 23:00:00,U-sonic wind speed,U-sonic wind speed,m/s,0.3
2025-05-18 23:00:00,Battery,Battery,mV,6488.0
2025-05-18 23:00:00,Dew Point,Dew Point,°C,17.96
2025-05-18 23:00:00,VPD,VPD,mbar,0.0
2025-05-18 23:00:00,Wind gust,Wind gust,m/s,0.4
2025-05-18 22:00:00,Dew Point,Dew Point,°C,18.88
2025-05-18 22:00:00,Battery,Battery,mV,6493.0
2025-05-18 22:00:00,Solar Panel,Solar Panel,mV,0.0
2025-05-18 22:00:00,Solar radiation,Solar radiation,W/m2,0.0
2025-05-18 22:00:00,HC Relative humidity,HC Relative humidity,%,99.9
2025-05-18 22:00:00,HC Air temperature,HC Air temperature,°C,18.89
2025-05-18 22:00:00,U-sonic wind dir,U-sonic wind dir,deg,23.0
2025-05-18 22:00:00,U-sonic wind speed,U-sonic wind speed,m/s,0.2
2025-05-18 22:00:00,Wind gust,Wind gust,m/s,0.4
2025-05-18 22:00:00,DeltaT,DeltaT,°C,0.0
2025-05-18 22:00:00,VPD,VPD,mbar,0.0
2025-05-18 21:00:00,Dew Point,Dew Point,°C,19.62
2025-05-18 21:00:00,Battery,Battery,mV,6493.0
2025-05-18 21:00:00,Solar Panel,Solar Panel,mV,0.0
2025-05-18 21:00:00,Solar radiation,Solar radiation,W/m2,0.0
2025-05-18 21:00:00,HC Relative humidity,HC Relative humidity,%,99.9
2025-05-18 21:00:00,HC Air temperature,HC Air temperature,°C,19.64
2025-05-18 21:00:00,U-sonic wind dir,U-sonic wind dir,deg,23.0
2025-05-18 21:00:00,U-sonic wind speed,U-sonic wind speed,m/s,0.2
2025-05-18 21:00:00,Wind gust,Wind gust,m/s,0.4
2025-05-18 21:00:00,DeltaT,DeltaT,°C,0.0
2025-05-18 21:00:00,VPD,VPD,mbar,0.0
2025-05-18 20:00:00,U-sonic wind speed,U-sonic wind speed,m/s,0.2
2025-05-18 20:00:00,Battery,Battery,mV,6488.0
2025-05-18 20:00:00,Solar Panel,Solar Panel,mV,0.0
2025-05-18 20:00:00,Solar radiation,Solar radiation,W/m2,0.0
2025-05-18 20:00:00,HC Relative humidity,HC Relative humidity,%,99.93
2025-05-18 20:00:00,HC Air temperature,HC Air temperature,°C,20.32
2025-05-18 20:00:00,U-sonic wind dir,U-sonic wind dir,deg,23.0
2025-05-18 20:00:00,Dew Point,Dew Point,°C,20.31
2025-05-18 20:00:00,VPD,VPD,mbar,0.0
2025-05-18 20:00:00,DeltaT,DeltaT,°C,0.0
2025-05-18 20:00:00,Wind gust,Wind gust,m/s,0.4
2025-05-18 19:00:00,Dew Point,Dew Point,°C,20.44
2025-05-18 19:00:00,Wind gust,Wind gust,m/s,0.4
2025-05-18 19:00:00,VPD,VPD,mbar,3.5
2025-05-18 19:00:00,DeltaT,DeltaT,°C,2.0
2025-05-18 19:00:00,Battery,Battery,mV,6502.0
2025-05-18 19:00:00,Solar radiation,Solar radiation,W/m2,6.0
2025-05-18 19:00:00,Solar Panel,Solar Panel,mV,0.0
2025-05-18 19:00:00,U-sonic wind speed,U-sonic wind speed,m/s,0.2
2025-05-18 19:00:00,U-sonic wind dir,U-sonic wind dir,deg,23.0
2025-05-18 19:00:00,HC Air temperature,HC Air temperature,°C,22.66
2025-05-18 19:00:00,HC Relative humidity,HC Relative humidity,%,87.85
2025-05-18 18:00:00,Wind gust,Wind gust,m/s,0.5
2025-05-18 18:00:00,DeltaT,DeltaT,°C,4.0
2025-05-18 18:00:00,VPD,VPD,mbar,11.2
2025-05-18 18:00:00,Dew Point,Dew Point,°C,20.54
2025-05-18 18:00:00,Battery,Battery,mV,6786.0
2025-05-18 18:00:00,Solar Panel,Solar Panel,mV,7016.0
2025-05-18 18:00:00,Solar radiation,Solar radiation,W/m2,102.0
2025-05-18 18:00:00,HC Relative humidity,HC Relative humidity,%,68.56
2025-05-18 18:00:00,HC Air temperature,HC Air temperature,°C,26.83
2025-05-18 18:00:00,U-sonic wind dir,U-sonic wind dir,deg,23.0
2025-05-18 18:00:00,U-sonic wind speed,U-sonic wind speed,m/s,0.2
2025-05-18 17:00:00,Wind gust,Wind gust,m/s,0.6
2025-05-18 17:00:00,DeltaT,DeltaT,°C,5.0
2025-05-18 17:00:00,VPD,VPD,mbar,14.3
2025-05-18 17:00:00,Dew Point,Dew Point,°C,21.45
2025-05-18 17:00:00,Battery,Battery,mV,6878.0
2025-05-18 17:00:00,Solar Panel,Solar Panel,mV,8517.0
2025-05-18 17:00:00,Solar radiation,Solar radiation,W/m2,273.0
2025-05-18 17:00:00,HC Relative humidity,HC Relative humidity,%,64.14
2025-05-18 17:00:00,HC Air temperature,HC Air temperature,°C,28.92
2025-05-18 17:00:00,U-sonic wind dir,U-sonic wind dir,deg,28.0
2025-05-18 17:00:00,U-sonic wind speed,U-sonic wind speed,m/s,0.2
2025-05-18 16:00:00,HC Air temperature,HC Air temperature,°C,31.19
2025-05-18 16:00:00,Battery,Battery,mV,6884.0
2025-05-18 16:00:00,Solar Panel,Solar Panel,mV,9577.0
2025-05-18 16:00:00,Solar radiation,Solar radiation,W/m2,364.0
2025-05-18 16:00:00,HC Relative humidity,HC Relative humidity,%,58.37
2025-05-18 16:00:00,U-sonic wind dir,U-sonic wind dir,deg,73.0
2025-05-18 16:00:00,U-sonic wind speed,U-sonic wind speed,m/s,14.5
2025-05-18 16:00:00,Wind gust,Wind gust,m/s,29.1
2025-05-18 16:00:00,DeltaT,DeltaT,°C,6.0
2025-05-18 16:00:00,VPD,VPD,mbar,18.9
2025-05-18 16:00:00,Dew Point,Dew Point,°C,22.05
2025-05-09 00:00:00,U-sonic wind dir,U-sonic wind dir,deg,28.0
2025-05-09 00:00:00,HC Air temperature,HC Air temperature,°C,16.78
2025-05-09 00:00:00,HC Relative humidity,HC Relative humidity,%,99.86
2025-05-09 00:00:00,Dew Point,Dew Point,°C,16.75
2025-05-09 00:00:00,VPD,VPD,mbar,0.0
2025-05-09 00:00:00,Solar radiation,Solar radiation,W/m2,0.0
2025-05-09 00:00:00,Solar Panel,Solar Panel,mV,0.0
2025-05-09 00:00:00,Battery,Battery,mV,6493.0
2025-05-09 00:00:00,Wind gust,Wind gust,m/s,0.7
2025-05-09 00:00:00,U-sonic wind speed,U-sonic wind speed,m/s,0.3
2025-05-09 00:00:00,DeltaT,DeltaT,°C,0.0
2025-05-08 23:00:00,VPD,VPD,mbar,0.0
2025-05-08 23:00:00,Dew Point,Dew Point,°C,16.4
2025-05-08 23:00:00,Solar radiation,Solar radiation,W/m2,0.0
2025-05-08 23:00:00,HC Relative humidity,HC Relative humidity,%,99.86
2025-05-08 23:00:00,Solar Panel,Solar Panel,mV,0.0
2025-05-08 23:00:00,Battery,Battery,mV,6495.0
2025-05-08 23:00:00,DeltaT,DeltaT,°C,0.0
2025-05-08 23:00:00,U-sonic wind speed,U-sonic wind speed,m/s,0.2
2025-05-08 23:00:00,U-sonic wind dir,U-sonic wind dir,deg,31.0
2025-05-08 23:00:00,Wind gust,Wind gust,m/s,0.5
2025-05-08 23:00:00,HC Air temperature,HC Air temperature,°C,16.42
2025-05-08 22:00:00,VPD,VPD,mbar,0.0
2025-05-08 22:00:00,Battery,Battery,mV,6499.0
2025-05-08 22:00:00,Solar Panel,Solar Panel,mV,0.0
2025-05-08 22:00:00,Solar radiation,Solar radiation,W/m2,0.0
2025-05-08 22:00:00,HC Relative humidity,HC Relative humidity,%,99.89
2025-05-08 22:00:00,HC Air temperature,HC Air temperature,°C,17.58
2025-05-08 22:00:00,U-sonic wind dir,U-sonic wind dir,deg,32.0
2025-05-08 22:00:00,U-sonic wind speed,U-sonic wind speed,m/s,0.3
2025-05-08 22:00:00,Wind gust,Wind gust,m/s,0.7
2025-05-08 22:00:00,DeltaT,DeltaT,°C,0.0
2025-05-08 22:00:00,Dew Point,Dew Point,°C,17.56
2025-05-08 21:00:00,HC Relative humidity,HC Relative humidity,%,99.89
2025-05-08 21:00:00,DeltaT,DeltaT,°C,0.0
2025-05-08 21:00:00,Wind gust,Wind gust,m/s,0.8
2025-05-08 21:00:00,U-sonic wind speed,U-sonic wind speed,m/s,0.4
2025-05-08 21:00:00,U-sonic wind dir,U-sonic wind dir,deg,29.0
2025-05-08 21:00:00,HC Air temperature,HC Air temperature,°C,17.82
2025-05-08 21:00:00,Dew Point,Dew Point,°C,17.8
2025-05-08 21:00:00,Battery,Battery,mV,6499.0
2025-05-08 21:00:00,Solar Panel,Solar Panel,mV,0.0
2025-05-08 21:00:00,Solar radiation,Solar radiation,W/m2,0.0
2025-05-08 21:00:00,VPD,VPD,mbar,0.0
2025-05-08 20:00:00,U-sonic wind dir,U-sonic wind dir,deg,30.0
2025-05-08 20:00:00,U-sonic wind speed,U-sonic wind speed,m/s,0.4
2025-05-08 20:00:00,Wind gust,Wind gust,m/s,1.0
2025-05-08 20:00:00,Battery,Battery,mV,6499.0
2025-05-08 20:00:00,Solar Panel,Solar Panel,mV,0.0
2025-05-08 20:00:00,Solar radiation,Solar radiation,W/m2,0.0
2025-05-08 20:00:00,HC Relative humidity,HC Relative humidity,%,99.88
2025-05-08 20:00:00,DeltaT,DeltaT,°C,0.0
2025-05-08 20:00:00,VPD,VPD,mbar,0.0
2025-05-08 20:00:00,Dew Point,Dew Point,°C,17.95
2025-05-08 20:00:00,HC Air temperature,HC Air temperature,°C,17.97
2025-05-08 19:00:00,U-sonic wind dir,U-sonic wind dir,deg,31.0
2025-05-08 19:00:00,Dew Point,Dew Point,°C,18.89
2025-05-08 19:00:00,VPD,VPD,mbar,0.6
2025-05-08 19:00:00,DeltaT,DeltaT,°C,0.0
2025-05-08 19:00:00,Wind gust,Wind gust,m/s,1.1
2025-05-08 19:00:00,U-sonic wind speed,U-sonic wind speed,m/s,0.3
2025-05-08 19:00:00,HC Air temperature,HC Air temperature,°C,19.32
2025-05-08 19:00:00,HC Relative humidity,HC Relative humidity,%,97.48
2025-05-08 19:00:00,Solar radiation,Solar radiation,W/m2,0.0
2025-05-08 19:00:00,Solar Panel,Solar Panel,mV,0.0
2025-05-08 19:00:00,Battery,Battery,mV,6488.0
2025-05-08 18:00:00,Dew Point,Dew Point,°C,16.57
2025-05-08 18:00:00,Solar radiation,Solar radiation,W/m2,67.0
2025-05-08 18:00:00,HC Relative humidity,HC Relative humidity,%,64.8
2025-05-08 18:00:00,HC Air temperature,HC Air temperature,°C,23.67
2025-05-08 18:00:00,U-sonic wind dir,U-sonic wind dir,deg,33.0
2025-05-08 18:00:00,VPD,VPD,mbar,10.5
2025-05-08 18:00:00,DeltaT,DeltaT,°C,5.0
2025-05-08 18:00:00,Wind gust,Wind gust,m/s,0.8
2025-05-08 18:00:00,U-sonic wind speed,U-sonic wind speed,m/s,0.3
2025-05-08 18:00:00,Solar Panel,Solar Panel,mV,6752.0
2025-05-08 18:00:00,Battery,Battery,mV,6706.0
2025-05-08 17:00:00,U-sonic wind speed,U-sonic wind speed,m/s,0.2
2025-05-08 17:00:00,Battery,Battery,mV,6878.0
2025-05-08 17:00:00,Solar Panel,Solar Panel,mV,8832.0
2025-05-08 17:00:00,Solar radiation,Solar radiation,W/m2,203.0
2025-05-08 17:00:00,HC Relative humidity,HC Relative humidity,%,55.66
2025-05-08 17:00:00,HC Air temperature,HC Air temperature,°C,29.83
2025-05-08 17:00:00,U-sonic wind dir,U-sonic wind dir,deg,37.0
2025-05-08 17:00:00,Dew Point,Dew Point,°C,20.0
2025-05-08 17:00:00,VPD,VPD,mbar,18.6
2025-05-08 17:00:00,DeltaT,DeltaT,°C,7.0
2025-05-08 17:00:00,Wind gust,Wind gust,m/s,0.6
2025-05-08 16:00:00,U-sonic wind speed,U-sonic wind speed,m/s,0.2
2025-05-08 16:00:00,Wind gust,Wind gust,m/s,0.6
2025-05-08 16:00:00,DeltaT,DeltaT,°C,7.0
2025-05-08 16:00:00,VPD,VPD,mbar,20.1
2025-05-08 16:00:00,HC Relative humidity,HC Relative humidity,%,56.95
2025-05-08 16:00:00,HC Air temperature,HC Air temperature,°C,31.69
2025-05-08 16:00:00,Battery,Battery,mV,6887.0
2025-05-08 16:00:00,Solar Panel,Solar Panel,mV,9714.0
2025-05-08 16:00:00,Solar radiation,Solar radiation,W/m2,368.0
2025-05-08 16:00:00,Dew Point,Dew Point,°C,22.09
2025-05-08 16:00:00,U-sonic wind dir,U-sonic wind dir,deg,26.0
2025-05-08 15:00:00,VPD,VPD,mbar,13.2
2025-05-08 15:00:00,Solar radiation,Solar radiation,W/m2,454.0
2025-05-08 15:00:00,Solar Panel,Solar Panel,mV,10175.0
2025-05-08 15:00:00,Battery,Battery,mV,6893.0
2025-05-08 15:00:00,Dew Point,Dew Point,°C,23.65
2025-05-08 15:00:00,HC Relative humidity,HC Relative humidity,%,69.29
2025-05-08 15:00:00,HC Air temperature,HC Air temperature,°C,30.11
2025-05-08 15:00:00,U-sonic wind dir,U-sonic wind dir,deg,357.0
2025-05-08 15:00:00,U-sonic wind speed,U-sonic wind speed,m/s,0.2
2025-05-08 15:00:00,Wind gust,Wind gust,m/s,0.6
2025-05-08 15:00:00,DeltaT,DeltaT,°C,5.0
2025-05-08 14:00:00,Dew Point,Dew Point,°C,23.19
2025-05-08 14:00:00,VPD,VPD,mbar,15.3
2025-05-08 14:00:00,DeltaT,DeltaT,°C,5.0
2025-05-08 14:00:00,Wind gust,Wind gust,m/s,0.6
2025-05-08 14:00:00,U-sonic wind dir,U-sonic wind dir,deg,32.0
2025-05-08 14:00:00,U-sonic wind speed,U-sonic wind speed,m/s,0.2
2025-05-08 14:00:00,HC Air temperature,HC Air temperature,°C,30.62
2025-05-08 14:00:00,HC Relative humidity,HC Relative humidity,%,64.87
2025-05-08 14:00:00,Solar radiation,Solar radiation,W/m2,377.0
2025-05-08 14:00:00,Solar Panel,Solar Panel,mV,9943.0
2025-05-08 14:00:00,Battery,Battery,mV,6887.0
2025-05-08 13:00:00,Dew Point,Dew Point,°C,21.84
2025-05-08 13:00:00,U-sonic wind dir,U-sonic wind dir,deg,34.0
2025-05-08 13:00:00,U-sonic wind speed,U-sonic wind speed,m/s,0.2
2025-05-08 13:00:00,Wind gust,Wind gust,m/s,0.7
2025-05-08 13:00:00,HC Air temperature,HC Air temperature,°C,27.2
2025-05-08 13:00:00,HC Relative humidity,HC Relative humidity,%,72.98
2025-05-08 13:00:00,Solar radiation,Solar radiation,W/m2,375.0
2025-05-08 13:00:00,Solar Panel,Solar Panel,mV,10112.0
2025-05-08 13:00:00,DeltaT,DeltaT,°C,4.0
2025-05-08 13:00:00,Battery,Battery,mV,6884.0
2025-05-08 13:00:00,VPD,VPD,mbar,10.0
2025-05-08 12:00:00,Solar Panel,Solar Panel,mV,10057.0
2025-05-08 12:00:00,Battery,Battery,mV,6880.0
2025-05-08 12:00:00,Solar radiation,Solar radiation,W/m2,220.0
2025-05-08 12:00:00,HC Relative humidity,HC Relative humidity,%,58.65
2025-05-08 12:00:00,HC Air temperature,HC Air temperature,°C,25.28
2025-05-08 12:00:00,U-sonic wind dir,U-sonic wind dir,deg,30.0
2025-05-08 12:00:00,U-sonic wind speed,U-sonic wind speed,m/s,0.3
2025-05-08 12:00:00,Wind gust,Wind gust,m/s,0.8
2025-05-08 12:00:00,DeltaT,DeltaT,°C,6.0
2025-05-08 12:00:00,VPD,VPD,mbar,13.6
2025-05-08 12:00:00,Dew Point,Dew Point,°C,16.52
2025-05-08 11:00:00,HC Air temperature,HC Air temperature,°C,29.52
2025-05-08 11:00:00,U-sonic wind dir,U-sonic wind dir,deg,22.0
2025-05-08 11:00:00,U-sonic wind speed,U-sonic wind speed,m/s,0.4
2025-05-08 11:00:00,Wind gust,Wind gust,m/s,1.2
2025-05-08 11:00:00,DeltaT,DeltaT,°C,8.0
2025-05-08 11:00:00,VPD,VPD,mbar,20.4
2025-05-08 11:00:00,HC Relative humidity,HC Relative humidity,%,50.55
2025-05-08 11:00:00,Solar radiation,Solar radiation,W/m2,873.0
2025-05-08 11:00:00,Solar Panel,Solar Panel,mV,10022.0
2025-05-08 11:00:00,Battery,Battery,mV,6896.0
2025-05-08 11:00:00,Dew Point,Dew Point,°C,18.15
2025-05-08 10:00:00,Dew Point,Dew Point,°C,17.21
2025-05-08 10:00:00,DeltaT,DeltaT,°C,7.0
2025-05-08 10:00:00,Wind gust,Wind gust,m/s,1.0
2025-05-08 10:00:00,U-sonic wind speed,U-sonic wind speed,m/s,0.4
2025-05-08 10:00:00,U-sonic wind dir,U-sonic wind dir,deg,25.0
2025-05-08 10:00:00,HC Air temperature,HC Air temperature,°C,27.67
2025-05-08 10:00:00,HC Relative humidity,HC Relative humidity,%,52.95
2025-05-08 10:00:00,Solar radiation,Solar radiation,W/m2,812.0
2025-05-08 10:00:00,Solar Panel,Solar Panel,mV,10022.0
2025-05-08 10:00:00,Battery,Battery,mV,6893.0
2025-05-08 10:00:00,VPD,VPD,mbar,17.4
2025-05-08 09:00:00,Battery,Battery,mV,6889.0
2025-05-08 09:00:00,Solar Panel,Solar Panel,mV,10112.0
2025-05-08 09:00:00,Solar radiation,Solar radiation,W/m2,609.0
2025-05-08 09:00:00,HC Relative humidity,HC Relative humidity,%,56.75
2025-05-08 09:00:00,HC Air temperature,HC Air temperature,°C,26.14
2025-05-08 09:00:00,U-sonic wind dir,U-sonic wind dir,deg,29.0
2025-05-08 09:00:00,U-sonic wind speed,U-sonic wind speed,m/s,0.4
2025-05-08 09:00:00,Wind gust,Wind gust,m/s,1.2
2025-05-08 09:00:00,DeltaT,DeltaT,°C,6.0
2025-05-08 09:00:00,VPD,VPD,mbar,14.7
2025-05-08 09:00:00,Dew Point,Dew Point,°C,16.88
2025-05-08 08:00:00,Battery,Battery,mV,6878.0
2025-05-08 08:00:00,Solar Panel,Solar Panel,mV,7859.0
2025-05-08 08:00:00,Solar radiation,Solar radiation,W/m2,394.0
2025-05-08 08:00:00,HC Relative humidity,HC Relative humidity,%,70.63
2025-05-08 08:00:00,HC Air temperature,HC Air temperature,°C,23.06
2025-05-08 08:00:00,U-sonic wind dir,U-sonic wind dir,deg,30.0
2025-05-08 08:00:00,U-sonic wind speed,U-sonic wind speed,m/s,0.4
2025-05-08 08:00:00,Wind gust,Wind gust,m/s,1.0
2025-05-08 08:00:00,DeltaT,DeltaT,°C,4.0
2025-05-08 08:00:00,VPD,VPD,mbar,8.4
2025-05-08 08:00:00,Dew Point,Dew Point,°C,17.32
2025-05-08 07:00:00,Solar radiation,Solar radiation,W/m2,141.0
2025-05-08 07:00:00,Dew Point,Dew Point,°C,19.52
2025-05-08 07:00:00,VPD,VPD,mbar,0.0
2025-05-08 07:00:00,DeltaT,DeltaT,°C,0.0
2025-05-08 07:00:00,Wind gust,Wind gust,m/s,0.5
2025-05-08 07:00:00,U-sonic wind speed,U-sonic wind speed,m/s,0.3
2025-05-08 07:00:00,HC Relative humidity,HC Relative humidity,%,99.95
2025-05-08 07:00:00,HC Air temperature,HC Air temperature,°C,19.53
2025-05-08 07:00:00,U-sonic wind dir,U-sonic wind dir,deg,28.0
2025-05-08 07:00:00,Battery,Battery,mV,6786.0
2025-05-08 07:00:00,Solar Panel,Solar Panel,mV,7087.0
2025-05-08 06:00:00,Solar Panel,Solar Panel,mV,6909.0
2025-05-08 06:00:00,Battery,Battery,mV,6635.0
2025-05-08 06:00:00,Solar radiation,Solar radiation,W/m2,59.0
2025-05-08 06:00:00,HC Relative humidity,HC Relative humidity,%,99.84
2025-05-08 06:00:00,HC Air temperature,HC Air temperature,°C,17.53
2025-05-08 06:00:00,U-sonic wind dir,U-sonic wind dir,deg,29.0
2025-05-08 06:00:00,U-sonic wind speed,U-sonic wind speed,m/s,0.3
2025-05-08 06:00:00,Wind gust,Wind gust,m/s,0.6
2025-05-08 06:00:00,DeltaT,DeltaT,°C,0.0
2025-05-08 06:00:00,VPD,VPD,mbar,0.0
2025-05-08 06:00:00,Dew Point,Dew Point,°C,17.5
2025-05-08 05:00:00,Battery,Battery,mV,6446.0
2025-05-08 05:00:00,Dew Point,Dew Point,°C,16.89
2025-05-08 05:00:00,VPD,VPD,mbar,0.0
2025-05-08 05:00:00,DeltaT,DeltaT,°C,0.0
2025-05-08 05:00:00,Wind gust,Wind gust,m/s,0.6
2025-05-08 05:00:00,U-sonic wind speed,U-sonic wind speed,m/s,0.2
2025-05-08 05:00:00,U-sonic wind dir,U-sonic wind dir,deg,27.0
2025-05-08 05:00:00,HC Air temperature,HC Air temperature,°C,16.92
2025-05-08 05:00:00,HC Relative humidity,HC Relative humidity,%,99.83
2025-05-08 05:00:00,Solar radiation,Solar radiation,W/m2,1.0
2025-05-08 05:00:00,Solar Panel,Solar Panel,mV,6661.0
2025-05-08 04:00:00,Battery,Battery,mV,6446.0
2025-05-08 04:00:00,Dew Point,Dew Point,°C,16.16
2025-05-08 04:00:00,VPD,VPD,mbar,0.0
2025-05-08 04:00:00,DeltaT,DeltaT,°C,0.0
2025-05-08 04:00:00,U-sonic wind speed,U-sonic wind speed,m/s,0.2
2025-05-08 04:00:00,U-sonic wind dir,U-sonic wind dir,deg,33.0
2025-05-08 04:00:00,HC Air temperature,HC Air temperature,°C,16.18
2025-05-08 04:00:00,HC Relative humidity,HC Relative humidity,%,99.83
2025-05-08 04:00:00,Solar radiation,Solar radiation,W/m2,0.0
2025-05-08 04:00:00,Solar Panel,Solar Panel,mV,0.0
2025-05-08 04:00:00,Wind gust,Wind gust,m/s,0.5
2025-05-08 03:00:00,VPD,VPD,mbar,0.0
2025-05-08 03:00:00,Battery,Battery,mV,6453.0
2025-05-08 03:00:00,Solar Panel,Solar Panel,mV,0.0
2025-05-08 03:00:00,Solar radiation,Solar radiation,W/m2,0.0
2025-05-08 03:00:00,HC Relative humidity,HC Relative humidity,%,99.83
2025-05-08 03:00:00,HC Air temperature,HC Air temperature,°C,15.84
2025-05-08 03:00:00,U-sonic wind dir,U-sonic wind dir,deg,32.0
2025-05-08 03:00:00,U-sonic wind speed,U-sonic wind speed,m/s,0.2
2025-05-08 03:00:00,Wind gust,Wind gust,m/s,0.4
2025-05-08 03:00:00,DeltaT,DeltaT,°C,0.0
2025-05-08 03:00:00,Dew Point,Dew Point,°C,15.81
2025-05-08 02:00:00,Wind gust,Wind gust,m/s,0.3
2025-05-08 02:00:00,U-sonic wind speed,U-sonic wind speed,m/s,0.2
2025-05-08 02:00:00,U-sonic wind dir,U-sonic wind dir,deg,32.0
2025-05-08 02:00:00,HC Air temperature,HC Air temperature,°C,15.42
2025-05-08 02:00:00,Dew Point,Dew Point,°C,15.4
2025-05-08 02:00:00,VPD,VPD,mbar,0.0
2025-05-08 02:00:00,HC Relative humidity,HC Relative humidity,%,99.84
2025-05-08 02:00:00,Solar radiation,Solar radiation,W/m2,0.0
2025-05-08 02:00:00,Solar Panel,Solar Panel,mV,0.0
2025-05-08 02:00:00,Battery,Battery,mV,6466.0
2025-05-08 02:00:00,DeltaT,DeltaT,°C,0.0
2025-05-08 01:00:00,U-sonic wind dir,U-sonic wind dir,deg,32.0
2025-05-08 01:00:00,Dew Point,Dew Point,°C,15.36
2025-05-08 01:00:00,VPD,VPD,mbar,0.0
2025-05-08 01:00:00,DeltaT,DeltaT,°C,0.0
2025-05-08 01:00:00,Wind gust,Wind gust,m/s,0.4
2025-05-08 01:00:00,U-sonic wind speed,U-sonic wind speed,m/s,0.2
2025-05-08 01:00:00,HC Air temperature,HC Air temperature,°C,15.38
2025-05-08 01:00:00,HC Relative humidity,HC Relative humidity,%,99.84
2025-05-08 01:00:00,Solar radiation,Solar radiation,W/m2,0.0
2025-05-08 01:00:00,Solar Panel,Solar Panel,mV,0.0
2025-05-08 01:00:00,Battery,Battery,mV,6481.0
2025-05-08 00:00:00,HC Relative humidity,HC Relative humidity,%,99.84
2025-05-08 00:00:00,Solar radiation,Solar radiation,W/m2,0.0
2025-05-08 00:00:00,Solar Panel,Solar Panel,mV,0.0
2025-05-08 00:00:00,Battery,Battery,mV,6488.0
2025-05-08 00:00:00,Dew Point,Dew Point,°C,16.14
2025-05-08 00:00:00,VPD,VPD,mbar,0.0
2025-05-08 00:00:00,DeltaT,DeltaT,°C,0.0
2025-05-08 00:00:00,Wind gust,Wind gust,m/s,0.3
2025-05-08 00:00:00,U-sonic wind speed,U-sonic wind speed,m/s,0.2
2025-05-08 00:00:00,U-sonic wind dir,U-sonic wind dir,deg,32.0
2025-05-08 00:00:00,HC Air temperature,HC Air temperature,°C,16.16
