Societe;agence;Nom de la station;station commune;Proprietaire de la station;lon;lat;joindre des photos;Type de la station;Type de mobilier;Existence de bancs;Existence eclairage;Existence poubelle;Existence acces PMR;Type TNRP;Commune;Delegation;Gouvernorat
SRT_SFAX;Beb jebli;20-mars;;Soretras;10.185414142907;36.816928771443;http://mdc.giscloud.com/rest/1/layers/3330123/features/5/joindre_des_photos/mdc_photo_mdc_585918_1597655661980_1597657104206.jpg?reqlogin, http://mdc.giscloud.com/rest/1/layers/3330123/features/5/joindre_des_photos/mdc_photo_mdc_37f143_1597655673495_1597657104206.jpg?reqlogin;Arret_Bus;Abri;no;yes;yes;no;;Gremda;Rr;Sfax
SRT_SFAX;;Polyclinique miniye;;Soretras;10.7664642;34.7483156;http://mdc.giscloud.com/rest/1/layers/3330123/features/171/joindre_des_photos/mdc_photo_mdc_6ae03f_1598864019806_1598864084255.jpg?reqlogin, http://mdc.giscloud.com/rest/1/layers/3330123/features/171/joindre_des_photos/mdc_photo_mdc_6f3c4e_1598864036224_1598864084255.jpg?reqlogin;Arret_Bus;Autre;no;no;no;no;;Sidi mansour;Sfax sud;Sfax
SRT_SFAX;;Hay;;Soretras;10.7465806;34.7437475;http://mdc.giscloud.com/rest/1/layers/3330123/features/90/joindre_des_photos/mdc_photo_mdc_8bde40_1598518992773_1598519134704.jpg?reqlogin, http://mdc.giscloud.com/rest/1/layers/3330123/features/90/joindre_des_photos/mdc_photo_mdc_cfa8a0_1598519013712_1598519134704.jpg?reqlogin;Arret_Bus;Batiment;yes;no;no;no;;Ain;Ain;Sfax
SRT_SFAX;;Kriaa;;Soretras;10.7426971;34.7458332;http://mdc.giscloud.com/rest/1/layers/3330123/features/91/joindre_des_photos/mdc_photo_mdc_51a797_1598519539847_1598519686081.jpg?reqlogin, http://mdc.giscloud.com/rest/1/layers/3330123/features/91/joindre_des_photos/mdc_photo_mdc_25b744_1598519554108_1598519686081.jpg?reqlogin;Arret_Bus;Autre;no;no;no;no;;Ain;Sfax sud;Sfax
SRT_SFAX;;Numero2;;Soretras;10.7394636;34.747218;http://mdc.giscloud.com/rest/1/layers/3330123/features/92/joindre_des_photos/mdc_photo_mdc_9da507_1598519908952_1598519954766.jpg?reqlogin, http://mdc.giscloud.com/rest/1/layers/3330123/features/92/joindre_des_photos/mdc_photo_mdc_9a1f19_1598519923513_1598519954767.jpg?reqlogin;Arret_Bus;Abri;yes;no;no;no;;Ain;Sfax sud;Sfax
SRT_SFAX;;Ghorbel;;Soretras;10.7369419;34.7484219;http://mdc.giscloud.com/rest/1/layers/3330123/features/93/joindre_des_photos/mdc_photo_mdc_399cb9_1598520171278_1598520236465.jpg?reqlogin, http://mdc.giscloud.com/rest/1/layers/3330123/features/93/joindre_des_photos/mdc_photo_mdc_c94f83_1598520182143_1598520236466.jpg?reqlogin;Arret_Bus;Autre;no;no;no;no;;Ain;Sfax sud ;Sfax
SRT_SFAX;;Aalya;;Soretras;10.7344348;34.7492905;http://mdc.giscloud.com/rest/1/layers/3330123/features/94/joindre_des_photos/mdc_photo_mdc_90a5ea_1598520430031_1598520521398.jpg?reqlogin, http://mdc.giscloud.com/rest/1/layers/3330123/features/94/joindre_des_photos/mdc_photo_mdc_c4df4c_1598520465250_1598520521399.jpg?reqlogin;Arret_Bus;Abri;yes;no;no;no;;Ain;Sfax sud;Sfax 
SRT_SFAX;;Beb nouri;;Soretras;10.7317762;34.7506282;http://mdc.giscloud.com/rest/1/layers/3330123/features/95/joindre_des_photos/mdc_photo_mdc_31914b_1598520670551_1598520766570.jpg?reqlogin, http://mdc.giscloud.com/rest/1/layers/3330123/features/95/joindre_des_photos/mdc_photo_mdc_ba5d0d_1598520708768_1598520766570.jpg?reqlogin;Arret_Bus;Abri;yes;no;no;no;;Ain;Sfax sud;Sfax
SRT_SFAX;;Hsayri;;Soretras;10.7293225;34.7520379;http://mdc.giscloud.com/rest/1/layers/3330123/features/96/joindre_des_photos/mdc_photo_mdc_d79f0f_1598520985060_1598521051086.jpg?reqlogin, http://mdc.giscloud.com/rest/1/layers/3330123/features/96/joindre_des_photos/mdc_photo_mdc_5396e3_1598520997485_1598521051086.jpg?reqlogin;Arret_Bus;Autre;no;no;no;no;;Ain;Sfax sud;Sfax
SRT_SFAX;;Chaker;;Soretras;10.7265056;34.7538054;http://mdc.giscloud.com/rest/1/layers/3330123/features/97/joindre_des_photos/mdc_photo_mdc_91d27b_1598521285540_1598521346392.jpg?reqlogin, http://mdc.giscloud.com/rest/1/layers/3330123/features/97/joindre_des_photos/mdc_photo_mdc_246293_1598521303470_1598521346392.jpg?reqlogin;Arret_Bus;Batiment;yes;no;no;no;;Ain;Sfax sud;Sfax
SRT_SFAX;;Taieb mhiri;;Soretras;10.7238011;34.7552503;http://mdc.giscloud.com/rest/1/layers/3330123/features/98/joindre_des_photos/mdc_photo_mdc_ed09be_1598521459749_1598521535758.jpg?reqlogin, http://mdc.giscloud.com/rest/1/layers/3330123/features/98/joindre_des_photos/mdc_photo_mdc_47b8e5_1598521486471_1598521535758.jpg?reqlogin;Arret_Bus;Abri;yes;no;no;no;;Ain;Sfax sud;Sfax
SRT_SFAX;;Markez hamed;;Soretras;10.7210799;34.7576015;http://mdc.giscloud.com/rest/1/layers/3330123/features/99/joindre_des_photos/mdc_photo_mdc_6a1617_1598521736278_1598521800142.jpg?reqlogin, http://mdc.giscloud.com/rest/1/layers/3330123/features/99/joindre_des_photos/mdc_photo_mdc_b2d973_1598521769188_1598521800142.jpg?reqlogin;Arret_Bus;Abri;yes;no;no;no;;Ain;Sfax sud;Sfax
SRT_SFAX;;Mawajen 7;;Soretras;10.7204541;34.7586708;http://mdc.giscloud.com/rest/1/layers/3330123/features/100/joindre_des_photos/mdc_photo_mdc_0b3ef9_1598521975738_1598522056148.jpg?reqlogin, http://mdc.giscloud.com/rest/1/layers/3330123/features/100/joindre_des_photos/mdc_photo_mdc_fa9a06_1598522025944_1598522056148.jpg?reqlogin;Arret_Bus;Autre;no;no;no;no;;Ain;Sfax sud ;Sfax
SRT_SFAX;;Kasas ain;;Soretras;10.7185985;34.7609483;http://mdc.giscloud.com/rest/1/layers/3330123/features/101/joindre_des_photos/mdc_photo_mdc_621bfa_1598522222020_1598522309270.jpg?reqlogin, http://mdc.giscloud.com/rest/1/layers/3330123/features/101/joindre_des_photos/mdc_photo_mdc_7f47e9_1598522271758_1598522309270.jpg?reqlogin;Arret_Bus;Abri;yes;no;no;no;;Ain;Sfax sud;Sfax
SRT_SFAX;;Kouchat ben amer;;Soretras;10.715714;34.7631636;http://mdc.giscloud.com/rest/1/layers/3330123/features/102/joindre_des_photos/mdc_photo_mdc_cb09e5_1598522468989_1598522576999.jpg?reqlogin, http://mdc.giscloud.com/rest/1/layers/3330123/features/102/joindre_des_photos/mdc_photo_mdc_0fa5fe_1598522515690_1598522576999.jpg?reqlogin;Arret_Bus;Autre;no;no;no;no;;Ain;Sfax sud;Sfax
SRT_SFAX;;Baladia ain;;Soretras;10.7122087;34.7653075;http://mdc.giscloud.com/rest/1/layers/3330123/features/103/joindre_des_photos/mdc_photo_mdc_49f989_1598522742793_1598522858608.jpg?reqlogin, http://mdc.giscloud.com/rest/1/layers/3330123/features/103/joindre_des_photos/mdc_photo_mdc_2a2a85_1598522792598_1598522858608.jpg?reqlogin;Arret_Bus;Abri;yes;no;no;no;;Ain;Sfax sud;Sfax
SRT_SFAX;;El nadi ain;;Soretras;10.7100987;34.7663895;http://mdc.giscloud.com/rest/1/layers/3330123/features/104/joindre_des_photos/mdc_photo_mdc_e25dc3_1598523016618_1598523070400.jpg?reqlogin, http://mdc.giscloud.com/rest/1/layers/3330123/features/104/joindre_des_photos/mdc_photo_mdc_3c7e98_1598523030795_1598523070400.jpg?reqlogin;Arret_Bus;Abri;yes;no;no;no;;Ain;Sfax sud;Sfax
SRT_SFAX;;Naji;;Soretras;10.7084583;34.7675751;http://mdc.giscloud.com/rest/1/layers/3330123/features/105/joindre_des_photos/mdc_photo_mdc_5aa682_1598523407485_1598523459273.jpg?reqlogin, http://mdc.giscloud.com/rest/1/layers/3330123/features/105/joindre_des_photos/mdc_photo_mdc_0ab9ca_1598523431584_1598523459273.jpg?reqlogin;Arret_Bus;Batiment;yes;no;no;no;;Ain;Sfax sud;Sfax
SRT_SFAX;;Belhaj;;Sfax;10.7042782;34.7723259;http://mdc.giscloud.com/rest/1/layers/3330123/features/106/joindre_des_photos/mdc_photo_mdc_eabe22_1598523673858_1598523734590.jpg?reqlogin, http://mdc.giscloud.com/rest/1/layers/3330123/features/106/joindre_des_photos/mdc_photo_mdc_cf975b_1598523702602_1598523734590.jpg?reqlogin;Arret_Bus;Abri;yes;no;no;no;;Ain;Sfax sud;Sfax
SRT_SFAX;;Maala;;Soretras;10.7020672;34.7749046;http://mdc.giscloud.com/rest/1/layers/3330123/features/107/joindre_des_photos/mdc_photo_mdc_51464b_1598523920122_1598523981057.jpg?reqlogin, http://mdc.giscloud.com/rest/1/layers/3330123/features/107/joindre_des_photos/mdc_photo_mdc_5a2f72_1598523935163_1598523981057.jpg?reqlogin;Arret_Bus;Abri;yes;no;no;no;;Ain;Sfax sud;Sfax
SRT_SFAX;;El jdida;;Soretras;10.7013416;34.7757403;http://mdc.giscloud.com/rest/1/layers/3330123/features/108/joindre_des_photos/mdc_photo_mdc_0198c5_1598524230153_1598524270452.jpg?reqlogin, http://mdc.giscloud.com/rest/1/layers/3330123/features/108/joindre_des_photos/mdc_photo_mdc_71dcfd_1598524245441_1598524270452.jpg?reqlogin;Arret_Bus;Abri;yes;no;no;no;;Ain;Sfax sud;Sfax
SRT_SFAX;;Damak;;Soretras;10.6998059;34.7775889;http://mdc.giscloud.com/rest/1/layers/3330123/features/109/joindre_des_photos/mdc_photo_mdc_b029f6_1598524483684_1598524536482.jpg?reqlogin, http://mdc.giscloud.com/rest/1/layers/3330123/features/109/joindre_des_photos/mdc_photo_mdc_de07d8_1598524497827_1598524536482.jpg?reqlogin;Arret_Bus;Abri;yes;no;no;no;;Ain;Sfax sud;Sfax
SRT_SFAX;;Smawi;;Soretras;10.6992318;34.7782054;http://mdc.giscloud.com/rest/1/layers/3330123/features/110/joindre_des_photos/mdc_photo_mdc_230309_1598524750650_1598524796089.jpg?reqlogin, http://mdc.giscloud.com/rest/1/layers/3330123/features/110/joindre_des_photos/mdc_photo_mdc_cdb37e_1598524762151_1598524796089.jpg?reqlogin;Arret_Bus;Autre;no;no;no;no;;Ain;Sfax sud;Sfax
SRT_SFAX;;Mniif;;Soretras;10.6978614;34.7797052;http://mdc.giscloud.com/rest/1/layers/3330123/features/111/joindre_des_photos/mdc_photo_mdc_02b49c_1598524911353_1598524981824.jpg?reqlogin, http://mdc.giscloud.com/rest/1/layers/3330123/features/111/joindre_des_photos/mdc_photo_mdc_c387e2_1598524931770_1598524981824.jpg?reqlogin;Arret_Bus;Autre;no;no;no;no;;Ain;Sfax sud;Sfax
SRT_SFAX;;Chikh;;Soretras;10.6963676;34.7815712;http://mdc.giscloud.com/rest/1/layers/3330123/features/112/joindre_des_photos/mdc_photo_mdc_468f2d_1598525133231_1598525263406.jpg?reqlogin, http://mdc.giscloud.com/rest/1/layers/3330123/features/112/joindre_des_photos/mdc_photo_mdc_1a0998_1598525144503_1598525263406.jpg?reqlogin;Arret_Bus;Abri;yes;no;no;no;;Ain;Sfax sud;Sfax
SRT_SFAX;;Ghlam;;Soretras;10.6951731;34.7827769;http://mdc.giscloud.com/rest/1/layers/3330123/features/113/joindre_des_photos/mdc_photo_mdc_c1e392_1598525395178_1598525450886.jpg?reqlogin, http://mdc.giscloud.com/rest/1/layers/3330123/features/113/joindre_des_photos/mdc_photo_mdc_d775f5_1598525410047_1598525450886.jpg?reqlogin;Arret_Bus;Autre;no;no;no;no;;Ain;Sfax sud;Sfax
SRT_SFAX;;Elthokara;;Soretras;10.6937841;34.7840078;http://mdc.giscloud.com/rest/1/layers/3330123/features/114/joindre_des_photos/mdc_photo_mdc_1a1f18_1598525762629_1598525825948.jpg?reqlogin, http://mdc.giscloud.com/rest/1/layers/3330123/features/114/joindre_des_photos/mdc_photo_mdc_81a534_1598525780171_1598525825948.jpg?reqlogin;Arret_Bus;Abri;yes;no;no;no;;Ain;Sfax sud;Sfax
SRT_SFAX;;Alolou;;Soretras;10.6923589;34.7851944;http://mdc.giscloud.com/rest/1/layers/3330123/features/115/joindre_des_photos/mdc_photo_mdc_5bce0a_1598525987949_1598526034807.jpg?reqlogin, http://mdc.giscloud.com/rest/1/layers/3330123/features/115/joindre_des_photos/mdc_photo_mdc_3e6c11_1598526011746_1598526034807.jpg?reqlogin;Arret_Bus;Abri;yes;no;no;no;;Ain;Sfax sud;Sfax
SRT_SFAX;;Chaari;;Soretras;10.6896771;34.7878365;http://mdc.giscloud.com/rest/1/layers/3330123/features/116/joindre_des_photos/mdc_photo_mdc_ad3ea8_1598526229981_1598526275725.jpg?reqlogin, http://mdc.giscloud.com/rest/1/layers/3330123/features/116/joindre_des_photos/mdc_photo_mdc_90a478_1598526242534_1598526275725.jpg?reqlogin;Arret_Bus;Abri;yes;no;no;no;;Ain;Sfax sud;Sfax 
SRT_SFAX;;Elswemi;;Soretras;10.6868367;34.7910074;http://mdc.giscloud.com/rest/1/layers/3330123/features/117/joindre_des_photos/mdc_photo_mdc_8cb235_1598526568721_1598526631622.jpg?reqlogin, http://mdc.giscloud.com/rest/1/layers/3330123/features/117/joindre_des_photos/mdc_photo_mdc_6c1336_1598526587179_1598526631623.jpg?reqlogin;Arret_Bus;Abri;yes;no;yes;no;;Ain;Sfax sud;Sfax
SRT_SFAX;;Elhchicha;;Soretras;10.6834822;34.7938206;http://mdc.giscloud.com/rest/1/layers/3330123/features/118/joindre_des_photos/mdc_photo_mdc_2e84ad_1598526785068_1598527042730.jpg?reqlogin, http://mdc.giscloud.com/rest/1/layers/3330123/features/118/joindre_des_photos/mdc_photo_mdc_d9682f_1598526805679_1598527042730.jpg?reqlogin;Arret_Bus;Abri;yes;no;no;no;;Ain;Sfax sud;Sfax
SRT_SFAX;;Mesa7at omar;;Soretras;10.6806575;34.7957486;http://mdc.giscloud.com/rest/1/layers/3330123/features/119/joindre_des_photos/mdc_photo_mdc_d4fc76_1598527570476_1598527619679.jpg?reqlogin, http://mdc.giscloud.com/rest/1/layers/3330123/features/119/joindre_des_photos/mdc_photo_mdc_2176e6_1598527592018_1598527619680.jpg?reqlogin;Arret_Bus;Abri;yes;no;no;no;;Ain;Sfax sud;Sfax
SRT_SFAX;;Hanout hmayed;;Soretras;10.6769603;34.7983142;http://mdc.giscloud.com/rest/1/layers/3330123/features/120/joindre_des_photos/mdc_photo_mdc_d57ffa_1598527811282_1598527860207.jpg?reqlogin, http://mdc.giscloud.com/rest/1/layers/3330123/features/120/joindre_des_photos/mdc_photo_mdc_4811fe_1598527824663_1598527860207.jpg?reqlogin;Arret_Bus;Abri;yes;no;no;no;;Ain;Sfax sud;Sfax
SRT_SFAX;;Mosque Ain charfi;;Soretras;10.6722686;34.8015693;http://mdc.giscloud.com/rest/1/layers/3330123/features/121/joindre_des_photos/mdc_photo_mdc_89d6a1_1598528006494_1598528058328.jpg?reqlogin, http://mdc.giscloud.com/rest/1/layers/3330123/features/121/joindre_des_photos/mdc_photo_mdc_17e69d_1598528020800_1598528058329.jpg?reqlogin;Arret_Bus;Abri;yes;no;no;no;;Ain;Sfax sud;Sfax
SRT_SFAX;;Hey karama;;Soretras;10.6643295;34.8092022;http://mdc.giscloud.com/rest/1/layers/3330123/features/122/joindre_des_photos/mdc_photo_mdc_efcb22_1598528264446_1598528308070.jpg?reqlogin, http://mdc.giscloud.com/rest/1/layers/3330123/features/122/joindre_des_photos/mdc_photo_mdc_ae80b5_1598528277475_1598528308070.jpg?reqlogin;Arret_Bus;Abri;yes;no;no;no;;Ain;Sfax sud;Sfax
SRT_SFAX;;Thakna;;Soretras;10.6613712;34.8113435;http://mdc.giscloud.com/rest/1/layers/3330123/features/123/joindre_des_photos/mdc_photo_mdc_9e4888_1598528440689_1598528470215.jpg?reqlogin, http://mdc.giscloud.com/rest/1/layers/3330123/features/123/joindre_des_photos/mdc_photo_mdc_791538_1598528448735_1598528470215.jpg?reqlogin;Arret_Bus;Poteau;no;no;no;no;;Ain;Sfax sud;Sfax
SRT_SFAX;;Brayek;;Soretras;10.6566249;34.8150721;http://mdc.giscloud.com/rest/1/layers/3330123/features/124/joindre_des_photos/mdc_photo_mdc_d4d368_1598528620840_1598528658193.jpg?reqlogin, http://mdc.giscloud.com/rest/1/layers/3330123/features/124/joindre_des_photos/mdc_photo_mdc_5e78ed_1598528632995_1598528658194.jpg?reqlogin;Arret_Bus;Abri;yes;no;no;no;;Ain;Sfax sud;Sfax
SRT_SFAX;;Hanout salhi;;Soretras;10.6517773;34.818952;http://mdc.giscloud.com/rest/1/layers/3330123/features/125/joindre_des_photos/mdc_photo_mdc_d6086d_1598529202501_1598529263690.jpg?reqlogin, http://mdc.giscloud.com/rest/1/layers/3330123/features/125/joindre_des_photos/mdc_photo_mdc_a30ca5_1598529214869_1598529263690.jpg?reqlogin;Arret_Bus;Autre;yes;no;no;no;;Ain;Sfax sud;Sfax
SRT_SFAX;;Kasas mae;;Soretras;10.6458089;34.8231058;http://mdc.giscloud.com/rest/1/layers/3330123/features/126/joindre_des_photos/mdc_photo_mdc_396d43_1598529439865_1598529486374.jpg?reqlogin, http://mdc.giscloud.com/rest/1/layers/3330123/features/126/joindre_des_photos/mdc_photo_mdc_6aebb5_1598529449021_1598529486375.jpg?reqlogin;Arret_Bus;Autre;no;no;no;no;;Ain;Sfax sud;Sfax
SRT_SFAX;;El makina;;Soretras;10.6386822;34.8295848;http://mdc.giscloud.com/rest/1/layers/3330123/features/127/joindre_des_photos/mdc_photo_mdc_d4d333_1598529626461_1598529667687.jpg?reqlogin, http://mdc.giscloud.com/rest/1/layers/3330123/features/127/joindre_des_photos/mdc_photo_mdc_946d73_1598529638019_1598529667687.jpg?reqlogin;Arret_Bus;Autre;no;no;no;no;;Ain;Sfax sud;Sfax
SRT_SFAX;;Nadi fourisia;;Soretras;10.6363891;34.8313985;http://mdc.giscloud.com/rest/1/layers/3330123/features/128/joindre_des_photos/mdc_photo_mdc_5aa9f7_1598529791837_1598529847241.jpg?reqlogin, http://mdc.giscloud.com/rest/1/layers/3330123/features/128/joindre_des_photos/mdc_photo_mdc_eae51d_1598529805728_1598529847241.jpg?reqlogin;Arret_Bus;Autre;no;no;no;no;;Ain;Sfax sud;Sfax
SRT_SFAX;;Aalwa;;Soretras;10.6250933;34.83943;http://mdc.giscloud.com/rest/1/layers/3330123/features/129/joindre_des_photos/mdc_photo_mdc_32f5c8_1598530072633_1598530133310.jpg?reqlogin, http://mdc.giscloud.com/rest/1/layers/3330123/features/129/joindre_des_photos/mdc_photo_mdc_872e7c_1598530094823_1598530133311.jpg?reqlogin;Arret_Bus;Abri;no;no;no;no;;Ain;Sfax  sud;Sfax
SRT_SFAX;;Hanout aam salah;;Soretras;10.6205421;34.8429771;http://mdc.giscloud.com/rest/1/layers/3330123/features/130/joindre_des_photos/mdc_photo_mdc_742c7c_1598530291892_1598530349838.jpg?reqlogin, http://mdc.giscloud.com/rest/1/layers/3330123/features/130/joindre_des_photos/mdc_photo_mdc_6bd50b_1598530300334_1598530349838.jpg?reqlogin;Arret_Bus;Abri;yes;no;no;no;;Ain;Sfax sud ;Sfax
SRT_SFAX;;Madarsa;;Soretras;10.6186357;34.844045;http://mdc.giscloud.com/rest/1/layers/3330123/features/131/joindre_des_photos/mdc_photo_mdc_c42d3d_1598530458407_1598530503628.jpg?reqlogin, http://mdc.giscloud.com/rest/1/layers/3330123/features/131/joindre_des_photos/mdc_photo_mdc_987939_1598530467028_1598530503628.jpg?reqlogin;Arret_Bus;Autre;no;no;no;no;;Ain;Sfax sud;Sfax
SRT_SFAX;;Mosque;;Soretras;10.6161577;34.8458257;http://mdc.giscloud.com/rest/1/layers/3330123/features/132/joindre_des_photos/mdc_photo_mdc_a584ab_1598530653171_1598530699217.jpg?reqlogin, http://mdc.giscloud.com/rest/1/layers/3330123/features/132/joindre_des_photos/mdc_photo_mdc_74a9fe_1598530662302_1598530699217.jpg?reqlogin;Arret_Bus;Autre;no;no;no;no;;Ain;Sfax sud;Sfax
SRT_SFAX;;Km18 Ain turkiya;;Soretras;10.6124931;34.8495373;http://mdc.giscloud.com/rest/1/layers/3330123/features/133/joindre_des_photos/mdc_photo_mdc_7bf2b8_1598530855490_1598530895748.jpg?reqlogin, http://mdc.giscloud.com/rest/1/layers/3330123/features/133/joindre_des_photos/mdc_photo_mdc_4cb263_1598530864892_1598530895748.jpg?reqlogin;Arret_Bus;Autre;no;no;no;no;;Ain;Sfax sud;Sfax
SRT_SFAX;;Sbitar;;Soretras;10.7497291;34.7423906;http://mdc.giscloud.com/rest/1/layers/3330123/features/134/joindre_des_photos/mdc_photo_mdc_a3cc3d_1598532681890_1598532726497.jpg?reqlogin, http://mdc.giscloud.com/rest/1/layers/3330123/features/134/joindre_des_photos/mdc_photo_mdc_3ac9fc_1598532690598_1598532726497.jpg?reqlogin;Arret_Bus;Abri;yes;no;no;no;;Ain;Sfax sud;Sfax
SRT_SFAX;;Institut preparatoire;;Soretras;10.7491447;34.7367111;http://mdc.giscloud.com/rest/1/layers/3330123/features/136/joindre_des_photos/mdc_photo_mdc_c06f4b_1598602037430_1598602086361.jpg?reqlogin, http://mdc.giscloud.com/rest/1/layers/3330123/features/136/joindre_des_photos/mdc_photo_mdc_45fceb_1598602055967_1598602086361.jpg?reqlogin;Arret_Bus;Poteau;no;no;no;no;;Sfax madina;Sfax;Sfax
SRT_SFAX;;Faculté medecine;;Soretras;10.7512234;34.7391364;http://mdc.giscloud.com/rest/1/layers/3330123/features/137/joindre_des_photos/mdc_photo_mdc_961b66_1598602173544_1598602250688.jpg?reqlogin, http://mdc.giscloud.com/rest/1/layers/3330123/features/137/joindre_des_photos/mdc_photo_mdc_ac5f25_1598602188989_1598602250689.jpg?reqlogin;Arret_Bus;Abri;yes;no;no;no;;Sfax madina;Sfax;Sfax
SRT_SFAX;;Croissant rouge;;Soretras;10.753477;34.7420372;http://mdc.giscloud.com/rest/1/layers/3330123/features/138/joindre_des_photos/mdc_photo_mdc_ca7ea4_1598602441065_1598602497186.jpg?reqlogin, http://mdc.giscloud.com/rest/1/layers/3330123/features/138/joindre_des_photos/mdc_photo_mdc_7b91d5_1598602453092_1598602497186.jpg?reqlogin;Arret_Bus;Autre;no;no;no;no;;Sfax madina;Sfax ;Sfax
SRT_SFAX;;Majida boulila;;Soretras;10.7570867;34.744128;http://mdc.giscloud.com/rest/1/layers/3330123/features/139/joindre_des_photos/mdc_photo_mdc_7a0bfd_1598602632836_1598602679964.jpg?reqlogin, http://mdc.giscloud.com/rest/1/layers/3330123/features/139/joindre_des_photos/mdc_photo_mdc_ebddbf_1598602649627_1598602679965.jpg?reqlogin;Arret_Bus;Abri;yes;no;no;no;;Sfax madina;Sfax;Sfax
SRT_SFAX;;Lycee 15 october;;Soretras;10.7642359;34.7457467;http://mdc.giscloud.com/rest/1/layers/3330123/features/140/joindre_des_photos/mdc_photo_mdc_dd27bd_1598603037352_1598603131144.jpg?reqlogin, http://mdc.giscloud.com/rest/1/layers/3330123/features/140/joindre_des_photos/mdc_photo_mdc_13bb56_1598603053226_1598603131144.jpg?reqlogin;Arret_Bus;Autre;no;no;no;no;;Sfax madina;Sfax nord;Sfax
SRT_SFAX;;Maamal rkham;;Soretras;10.777418;34.7618674;http://mdc.giscloud.com/rest/1/layers/3330123/features/141/joindre_des_photos/mdc_photo_mdc_ab3d5c_1598603644820_1598603690073.jpg?reqlogin, http://mdc.giscloud.com/rest/1/layers/3330123/features/141/joindre_des_photos/mdc_photo_mdc_157aa2_1598603664345_1598603690074.jpg?reqlogin;Arret_Bus;Poteau;no;no;no;no;;Sfax madina;Sfax ;Sfax
SRT_SFAX;;Maamal rkham;;Soretras;10.7774801;34.7618579;http://mdc.giscloud.com/rest/1/layers/3330123/features/142/joindre_des_photos/mdc_photo_mdc_a9ee91_1598603774570_1598603806132.jpg?reqlogin, http://mdc.giscloud.com/rest/1/layers/3330123/features/142/joindre_des_photos/mdc_photo_mdc_5c9280_1598603787698_1598603806133.jpg?reqlogin;Arret_Bus;Poteau;no;no;no;no;;Sfax madina;Sfax;Sfax
SRT_SFAX;;Maamal plastique;;Soretras;10.7813217;34.7581688;http://mdc.giscloud.com/rest/1/layers/3330123/features/143/joindre_des_photos/mdc_photo_mdc_ab31bc_1598604200700_1598604238863.jpg?reqlogin, http://mdc.giscloud.com/rest/1/layers/3330123/features/143/joindre_des_photos/mdc_photo_mdc_434fd2_1598604211848_1598604238863.jpg?reqlogin;Arret_Bus;Autre;no;no;no;no;;Sidi mansour;Sfax nord;Sfax
SRT_SFAX;;Bank amen;;Soretras;10.7817855;34.7555321;http://mdc.giscloud.com/rest/1/layers/3330123/features/144/joindre_des_photos/mdc_photo_mdc_d24587_1598604531456_1598604575592.jpg?reqlogin, http://mdc.giscloud.com/rest/1/layers/3330123/features/144/joindre_des_photos/mdc_photo_mdc_e36895_1598604542292_1598604575593.jpg?reqlogin;Arret_Bus;Poteau;no;no;no;no;;Sidi mansour;Sfax nord;Sfax 
SRT_SFAX;;Chichma;;Soretras;10.7865541;34.7563165;http://mdc.giscloud.com/rest/1/layers/3330123/features/145/joindre_des_photos/mdc_photo_mdc_b9a22c_1598604686295_1598604719485.jpg?reqlogin, http://mdc.giscloud.com/rest/1/layers/3330123/features/145/joindre_des_photos/mdc_photo_mdc_f95716_1598604697524_1598604719485.jpg?reqlogin;Arret_Bus;Autre;no;no;no;no;;Sidi mansour;Sfax nord ;Sfax
SRT_SFAX;;Hey bourguiba;;Soretras;10.7890363;34.7573242;http://mdc.giscloud.com/rest/1/layers/3330123/features/146/joindre_des_photos/mdc_photo_mdc_f823b4_1598604961036_1598605015895.jpg?reqlogin, http://mdc.giscloud.com/rest/1/layers/3330123/features/146/joindre_des_photos/mdc_photo_mdc_45d1bf_1598604971976_1598605015895.jpg?reqlogin;Arret_Bus;Autre;no;no;no;no;;Sidi mansour;Sfax nord ;Sfax
SRT_SFAX;;Sellami sidi mansour;;Soretras;10.7921398;34.7585009;http://mdc.giscloud.com/rest/1/layers/3330123/features/147/joindre_des_photos/mdc_photo_mdc_0b2676_1598605090307_1598605122908.jpg?reqlogin, http://mdc.giscloud.com/rest/1/layers/3330123/features/147/joindre_des_photos/mdc_photo_mdc_1025ef_1598605104266_1598605122908.jpg?reqlogin;Arret_Bus;Autre;no;no;no;no;;Sidi mansour;Sfax nord;Sfax
SRT_SFAX;;Elmwajen sidi mansour;;Soretras;10.795;34.7605677;http://mdc.giscloud.com/rest/1/layers/3330123/features/148/joindre_des_photos/mdc_photo_mdc_b896f2_1598605200253_1598605245564.jpg?reqlogin, http://mdc.giscloud.com/rest/1/layers/3330123/features/148/joindre_des_photos/mdc_photo_mdc_2acfb5_1598605211227_1598605245564.jpg?reqlogin;Arret_Bus;Autre;no;no;no;no;;Sidi mansour;Sfax nord ;Sfax
SRT_SFAX;;El iich sidi mansour;;Soretras;10.7982736;34.7625644;http://mdc.giscloud.com/rest/1/layers/3330123/features/149/joindre_des_photos/mdc_photo_mdc_eeffc8_1598605325595_1598605375679.jpg?reqlogin, http://mdc.giscloud.com/rest/1/layers/3330123/features/149/joindre_des_photos/mdc_photo_mdc_c4a0ae_1598605335842_1598605375679.jpg?reqlogin;Autre;Autre;no;no;no;no;;Sidi mansour;Sfax nord ;Sfax
SRT_SFAX;;Hamza;;Soretras;10.803522;34.7696205;http://mdc.giscloud.com/rest/1/layers/3330123/features/151/joindre_des_photos/mdc_photo_mdc_c5337c_1598605835895_1598605855962.jpg?reqlogin, http://mdc.giscloud.com/rest/1/layers/3330123/features/151/joindre_des_photos/mdc_photo_mdc_3710c6_1598605844519_1598605855962.jpg?reqlogin;Arret_Bus;Autre;no;no;no;no;;Sidi mansour;Sfax nord;Sfax 
SRT_SFAX;;Lycée khalij;;Soretras;10.8067962;34.771873;http://mdc.giscloud.com/rest/1/layers/3330123/features/152/joindre_des_photos/mdc_photo_mdc_d89905_1598605991987_1598606027577.jpg?reqlogin, http://mdc.giscloud.com/rest/1/layers/3330123/features/152/joindre_des_photos/mdc_photo_mdc_758718_1598606005010_1598606027577.jpg?reqlogin;Arret_Bus;Autre;no;no;no;no;;Sidi mansour;Sfax nord;Sfax
SRT_SFAX;;Ras tabya;;Soretras;10.8097726;34.7737257;http://mdc.giscloud.com/rest/1/layers/3330123/features/153/joindre_des_photos/mdc_photo_mdc_4f130e_1598606122828_1598606161583.jpg?reqlogin, http://mdc.giscloud.com/rest/1/layers/3330123/features/153/joindre_des_photos/mdc_photo_mdc_46858e_1598606134260_1598606161583.jpg?reqlogin;Arret_Bus;Autre;no;no;no;no;;Sidi mansour;Sfax nord;Sfax
SRT_SFAX;;Centre de formation;;Soretras;10.8128974;34.7750988;http://mdc.giscloud.com/rest/1/layers/3330123/features/154/joindre_des_photos/mdc_photo_mdc_a5c2e8_1598606255192_1598606289479.jpg?reqlogin, http://mdc.giscloud.com/rest/1/layers/3330123/features/154/joindre_des_photos/mdc_photo_mdc_82d336_1598606265707_1598606289479.jpg?reqlogin;Arret_Bus;Autre;no;no;no;no;;Sidi mansour;Sfax nord;Sfax
SRT_SFAX;;Eljaraya;;Soretras;10.8142538;34.7759756;http://mdc.giscloud.com/rest/1/layers/3330123/features/155/joindre_des_photos/mdc_photo_mdc_149a80_1598606479204_1598606513238.jpg?reqlogin, http://mdc.giscloud.com/rest/1/layers/3330123/features/155/joindre_des_photos/mdc_photo_mdc_7c4608_1598606487181_1598606513238.jpg?reqlogin;Arret_Bus;Autre;no;no;no;no;;Sidi mansour;Sfax nord;Sfax
SRT_SFAX;;Elgarage;;Soretras;10.8166172;34.7776242;http://mdc.giscloud.com/rest/1/layers/3330123/features/156/joindre_des_photos/mdc_photo_mdc_dffe0a_1598606790268_1598606815119.jpg?reqlogin, http://mdc.giscloud.com/rest/1/layers/3330123/features/156/joindre_des_photos/mdc_photo_mdc_ed52b6_1598606800165_1598606815119.jpg?reqlogin;Arret_Bus;Autre;no;no;no;no;;Sidi mansour;Sfax nord;Sfax
SRT_SFAX;;Charfddine;;Soretras;10.8208126;34.7809793;http://mdc.giscloud.com/rest/1/layers/3330123/features/157/joindre_des_photos/mdc_photo_mdc_63e306_1598606925252_1598606966402.jpg?reqlogin, http://mdc.giscloud.com/rest/1/layers/3330123/features/157/joindre_des_photos/mdc_photo_mdc_ea587a_1598606934697_1598606966402.jpg?reqlogin;Arret_Bus;Abri;yes;no;no;no;;Sidi mansour;Sfax nord;Sfax
SRT_SFAX;;Taktak;;Soretras;10.8238805;34.7837277;http://mdc.giscloud.com/rest/1/layers/3330123/features/158/joindre_des_photos/mdc_photo_mdc_baaf9c_1598607160243_1598607186988.jpg?reqlogin, http://mdc.giscloud.com/rest/1/layers/3330123/features/158/joindre_des_photos/mdc_photo_mdc_504971_1598607169826_1598607186988.jpg?reqlogin;Arret_Bus;Autre;no;no;no;no;;Sidi mansour;Sfax nord;Sfax
SRT_SFAX;;Karay;;Soretras;10.825159;34.7848185;http://mdc.giscloud.com/rest/1/layers/3330123/features/159/joindre_des_photos/mdc_photo_mdc_d87f2d_1598607283240_1598607327294.jpg?reqlogin, http://mdc.giscloud.com/rest/1/layers/3330123/features/159/joindre_des_photos/mdc_photo_mdc_ed1c03_1598607303296_1598607327294.jpg?reqlogin;Arret_Bus;Abri;yes;no;no;no;;Sidi mansour;Sfax nord ;Sfax
SRT_SFAX;;Maaloul;;Soretras;10.8266314;34.7854144;http://mdc.giscloud.com/rest/1/layers/3330123/features/160/joindre_des_photos/mdc_photo_mdc_ccef25_1598607511515_1598607524319.jpg?reqlogin, http://mdc.giscloud.com/rest/1/layers/3330123/features/160/joindre_des_photos/mdc_photo_mdc_cec094_1598607517813_1598607524320.jpg?reqlogin;Arret_Bus;Autre;no;no;no;no;;Sidi mansour;Sfax nord;Sfax
SRT_SFAX;;Gharbi;;Soretras;10.8304158;34.7873748;http://mdc.giscloud.com/rest/1/layers/3330123/features/161/joindre_des_photos/mdc_photo_mdc_674c0d_1598607661111_1598607685261.jpg?reqlogin, http://mdc.giscloud.com/rest/1/layers/3330123/features/161/joindre_des_photos/mdc_photo_mdc_e99bd7_1598607668507_1598607685261.jpg?reqlogin;Arret_Bus;Abri;yes;no;no;no;;Sidi mansour;Sfax nord;Sfax
SRT_SFAX;;Ayedi ;;Soretras;10.8325106;34.788413;http://mdc.giscloud.com/rest/1/layers/3330123/features/162/joindre_des_photos/mdc_photo_mdc_90197a_1598607793025_1598607827629.jpg?reqlogin, http://mdc.giscloud.com/rest/1/layers/3330123/features/162/joindre_des_photos/mdc_photo_mdc_19366b_1598607802822_1598607827629.jpg?reqlogin;Arret_Bus;Abri;yes;no;no;no;;Sidi mansour;Sfax nord;Sfax
SRT_SFAX;;Shokaf;;Soretras;10.8348057;34.7893897;http://mdc.giscloud.com/rest/1/layers/3330123/features/163/joindre_des_photos/mdc_photo_mdc_b7cb13_1598607970740_1598608012528.jpg?reqlogin, http://mdc.giscloud.com/rest/1/layers/3330123/features/163/joindre_des_photos/mdc_photo_mdc_1a9350_1598607987210_1598608012528.jpg?reqlogin;Arret_Bus;Abri;yes;no;no;no;2;Sidi mansour;Sfax nord ;Sfax
SRT_SFAX;;Faculté© droit;;Soretras;10.8381889;34.7928349;http://mdc.giscloud.com/rest/1/layers/3330123/features/164/joindre_des_photos/mdc_photo_mdc_7af76f_1598609358043_1598609397674.jpg?reqlogin, http://mdc.giscloud.com/rest/1/layers/3330123/features/164/joindre_des_photos/mdc_photo_mdc_d81b56_1598609379181_1598609397674.jpg?reqlogin;Arret_Bus;Autre;no;no;no;no;;Sidi mansour;Sfax nord;Sfax
SRT_SFAX;;Foyer sidi mansour;;Sfax;10.8373823;34.7996807;http://mdc.giscloud.com/rest/1/layers/3330123/features/165/joindre_des_photos/mdc_photo_mdc_2b31fc_1598610116503_1598610144495.jpg?reqlogin, http://mdc.giscloud.com/rest/1/layers/3330123/features/165/joindre_des_photos/mdc_photo_mdc_b3e776_1598610126249_1598610144496.jpg?reqlogin;Arret_Bus;Autre;no;no;no;no;;Sidi mansour;Sfax nord;Sfax
SRT_SFAX;;Foyer sidi mansour(new);;Soretras;10.8393525;34.7974554;http://mdc.giscloud.com/rest/1/layers/3330123/features/167/joindre_des_photos/mdc_photo_mdc_d3ab03_1598610469657_1598610497659.jpg?reqlogin, http://mdc.giscloud.com/rest/1/layers/3330123/features/167/joindre_des_photos/mdc_photo_mdc_5081db_1598610481552_1598610497660.jpg?reqlogin;Arret_Bus;Poteau;no;no;no;no;;Sidi mansour;Sfax nord;Sfax
SRT_SFAX;;Kamoun;;Soretras;10.7682253;34.7521367;http://mdc.giscloud.com/rest/1/layers/3330123/features/172/joindre_des_photos/mdc_photo_mdc_f42f34_1598864194051_1598864227363.jpg?reqlogin, http://mdc.giscloud.com/rest/1/layers/3330123/features/172/joindre_des_photos/mdc_photo_mdc_60830a_1598864203331_1598864227363.jpg?reqlogin;Arret_Bus;Autre;no;no;no;no;;Sidi mansour;Sfax sud ;Sfax
SRT_SFAX;;Machwa;;Soretras;10.8456334;34.7945018;http://mdc.giscloud.com/rest/1/layers/3330123/features/174/joindre_des_photos/mdc_photo_mdc_1bff67_1598865446655_1598865499892.jpg?reqlogin, http://mdc.giscloud.com/rest/1/layers/3330123/features/174/joindre_des_photos/mdc_photo_mdc_fbde37_1598865456746_1598865499892.jpg?reqlogin;Arret_Bus;Autre;no;no;no;no;;Sidi mansour;Sfax sud ;Sfax
SRT_SFAX;;Kornich;;Soretras;10.8499194;34.7952381;http://mdc.giscloud.com/rest/1/layers/3330123/features/175/joindre_des_photos/mdc_photo_mdc_55d970_1598865725651_1598865758061.jpg?reqlogin, http://mdc.giscloud.com/rest/1/layers/3330123/features/175/joindre_des_photos/mdc_photo_mdc_6e1064_1598865734415_1598865758061.jpg?reqlogin;Arret_Bus;Autre;no;no;no;no;;Sidi mansour;Sfax sud ;Sfax
SRT_SFAX;;Hey aanz;;Soretras;10.8527085;34.795621;http://mdc.giscloud.com/rest/1/layers/3330123/features/176/joindre_des_photos/mdc_photo_mdc_b3242d_1598865840444_1598865885205.jpg?reqlogin, http://mdc.giscloud.com/rest/1/layers/3330123/features/176/joindre_des_photos/mdc_photo_mdc_c5a37a_1598865852179_1598865885205.jpg?reqlogin;Arret_Bus;Autre;no;no;no;no;;Sidi mansour;Sfax sud ;Sfax 
SRT_SFAX;;Hanout mahmoud;;Soretras;10.856734;34.796201;http://mdc.giscloud.com/rest/1/layers/3330123/features/177/joindre_des_photos/mdc_photo_mdc_8f076c_1598866024168_1598866050866.jpg?reqlogin, http://mdc.giscloud.com/rest/1/layers/3330123/features/177/joindre_des_photos/mdc_photo_mdc_cb654b_1598866033615_1598866050866.jpg?reqlogin;Arret_Bus;Autre;no;no;no;no;;Sidi mansour;Sfax sud ;Sfax
SRT_SFAX;;Bouricha;;Soretras;10.8590953;34.7966639;http://mdc.giscloud.com/rest/1/layers/3330123/features/178/joindre_des_photos/mdc_photo_mdc_088400_1598866274116_1598866294182.jpg?reqlogin, http://mdc.giscloud.com/rest/1/layers/3330123/features/178/joindre_des_photos/mdc_photo_mdc_c12cac_1598866282197_1598866294183.jpg?reqlogin;Arret_Bus;Poteau;no;no;no;no;;Sidi mansour;Sfax sud;Sfax
SRT_SFAX;;Chaabouni;;Soretras;10.8623493;34.7972259;http://mdc.giscloud.com/rest/1/layers/3330123/features/179/joindre_des_photos/mdc_photo_mdc_507f7f_1598866387654_1598866412517.jpg?reqlogin, http://mdc.giscloud.com/rest/1/layers/3330123/features/179/joindre_des_photos/mdc_photo_mdc_fda2a6_1598866397418_1598866412518.jpg?reqlogin;Arret_Bus;Autre;no;no;no;no;;Sidi mansour;Sfax sud;Sfax
SRT_SFAX;;Mosque;;Soretras;10.8646144;34.7979678;http://mdc.giscloud.com/rest/1/layers/3330123/features/180/joindre_des_photos/mdc_photo_mdc_7d79be_1598866502222_1598866543468.jpg?reqlogin, http://mdc.giscloud.com/rest/1/layers/3330123/features/180/joindre_des_photos/mdc_photo_mdc_954877_1598866526104_1598866543468.jpg?reqlogin;Arret_Bus;Autre;no;no;no;no;;Sidi mansour;Sfax sud;Sfax
SRT_SFAX;;Colege mansoura;;Soretras;10.849682;34.803818;http://mdc.giscloud.com/rest/1/layers/3330123/features/181/joindre_des_photos/mdc_photo_mdc_eddce0_1598866917672_1598866919636.jpg?reqlogin, http://mdc.giscloud.com/rest/1/layers/3330123/features/181/joindre_des_photos/mdc_photo_mdc_8728d5_1598866980784_1598866998956.jpg?reqlogin;Arret_Bus;Autre;no;no;no;no;;Sidi mansour;Sfax sud;Sfax
SRT_SFAX;;Station Hey mansoura;;Soretras;10.8564768;34.8015727;http://mdc.giscloud.com/rest/1/layers/3330123/features/182/joindre_des_photos/mdc_photo_mdc_0db815_1598867147004_1598867209537.jpg?reqlogin, http://mdc.giscloud.com/rest/1/layers/3330123/features/182/joindre_des_photos/mdc_photo_mdc_8e7d9e_1598867160278_1598867209537.jpg?reqlogin;Arret_Bus;Autre;no;no;no;no;;Sidi mansour;Sfax sud;Sfax
SRT_SFAX;;Station kasas sidi mansour;;Soretras;10.8606537;34.7998093;http://mdc.giscloud.com/rest/1/layers/3330123/features/183/joindre_des_photos/mdc_photo_mdc_3a39b8_1598867304902_1598867349949.jpg?reqlogin, http://mdc.giscloud.com/rest/1/layers/3330123/features/183/joindre_des_photos/mdc_photo_mdc_4dfbfa_1598867317201_1598867349949.jpg?reqlogin;Arret_Bus;Autre;no;no;no;no;;Sidi mansour;Sfax sud ;Sfax
SRT_SFAX;;Station Hey sidi mansour;;Soretras;10.8641971;34.7981223;http://mdc.giscloud.com/rest/1/layers/3330123/features/184/joindre_des_photos/mdc_photo_mdc_402de6_1598867482025_1598867518755.jpg?reqlogin, http://mdc.giscloud.com/rest/1/layers/3330123/features/184/joindre_des_photos/mdc_photo_mdc_fbeef9_1598867491569_1598867518755.jpg?reqlogin;Arret_Bus;Autre;no;no;no;no;;Sidi mansour;Sfax sud;Sfax
SRT_SFAX;;Hey;;Soretras;10.8651653;34.8023097;http://mdc.giscloud.com/rest/1/layers/3330123/features/185/joindre_des_photos/mdc_photo_mdc_a83df0_1598867696458_1598867757808.jpg?reqlogin, http://mdc.giscloud.com/rest/1/layers/3330123/features/185/joindre_des_photos/mdc_photo_mdc_b706f7_1598867703087_1598867757808.jpg?reqlogin;Arret_Bus;Autre;no;no;no;no;;Sidi mansour;Sfax sud;Sfax
SRT_SFAX;;Safsaf;;Soretras;10.8648017;34.804708;http://mdc.giscloud.com/rest/1/layers/3330123/features/186/joindre_des_photos/mdc_photo_mdc_418f74_1598867867329_1598867913608.jpg?reqlogin, http://mdc.giscloud.com/rest/1/layers/3330123/features/186/joindre_des_photos/mdc_photo_mdc_c8f37c_1598867874275_1598867913608.jpg?reqlogin;Arret_Bus;Autre;no;no;no;no;;Sidi mansour;Sfax sud;Sfax
SRT_SFAX;;Mowaled;;Soretras;10.8649753;34.8089534;http://mdc.giscloud.com/rest/1/layers/3330123/features/187/joindre_des_photos/mdc_photo_mdc_f070f0_1598868011449_1598868048048.jpg?reqlogin, http://mdc.giscloud.com/rest/1/layers/3330123/features/187/joindre_des_photos/mdc_photo_mdc_7f6db0_1598868026804_1598868048048.jpg?reqlogin;Arret_Bus;Abri;yes;no;no;no;;Sidi mansour;Sfax sud;Sfax
SRT_SFAX;;Mosque hagouna;;Soretras;10.8515858;34.8450609;http://mdc.giscloud.com/rest/1/layers/3330123/features/188/joindre_des_photos/mdc_photo_mdc_49b80e_1598868823665_1598868853078.jpg?reqlogin, http://mdc.giscloud.com/rest/1/layers/3330123/features/188/joindre_des_photos/mdc_photo_mdc_cfc2d4_1598868835312_1598868853078.jpg?reqlogin;Arret_Bus;Poteau;no;no;no;no;;Sidi mansour;Sfax sud;Sfax
SRT_SFAX;;Hchachna;;Soretras;10.8522601;34.846284;http://mdc.giscloud.com/rest/1/layers/3330123/features/189/joindre_des_photos/mdc_photo_mdc_b24d5c_1598868947604_1598868966284.jpg?reqlogin, http://mdc.giscloud.com/rest/1/layers/3330123/features/189/joindre_des_photos/mdc_photo_mdc_ab7797_1598868954363_1598868966284.jpg?reqlogin;Arret_Bus;Autre;no;no;no;no;;Sidi mansour;Sfax sud;Sfax
SRT_SFAX;;Station choaaba;;Soretras;10.853508;34.8487492;http://mdc.giscloud.com/rest/1/layers/3330123/features/190/joindre_des_photos/mdc_photo_mdc_72dfd8_1598869062603_1598869081896.jpg?reqlogin, http://mdc.giscloud.com/rest/1/layers/3330123/features/190/joindre_des_photos/mdc_photo_mdc_f55a33_1598869069797_1598869081896.jpg?reqlogin;Arret_Bus;Autre;no;no;no;no;;Sidi mansour;Sfax sud;Sfax
SRT_SFAX;;Hagouna1;;Soretras;10.8596032;34.8576359;http://mdc.giscloud.com/rest/1/layers/3330123/features/191/joindre_des_photos/mdc_photo_mdc_801574_1598869206714_1598869239435.jpg?reqlogin, http://mdc.giscloud.com/rest/1/layers/3330123/features/191/joindre_des_photos/mdc_photo_mdc_43c718_1598869215358_1598869239436.jpg?reqlogin;Arret_Bus;Poteau;no;no;no;no;;Sidi mansour;Sfax sud ;Sfax
SRT_SFAX;;Chalbi;;Soretras;10.8675709;34.8491151;http://mdc.giscloud.com/rest/1/layers/3330123/features/192/joindre_des_photos/mdc_photo_mdc_891fb4_1598869416440_1598869443741.jpg?reqlogin, http://mdc.giscloud.com/rest/1/layers/3330123/features/192/joindre_des_photos/mdc_photo_mdc_b2a088_1598869425000_1598869443741.jpg?reqlogin;Arret_Bus;Autre;no;no;no;no;;Sidi mansour;Sfax sud;Sfax
SRT_SFAX;;Jabanet awled haj omor;;Soretras;10.8477817;34.8334925;http://mdc.giscloud.com/rest/1/layers/3330123/features/193/joindre_des_photos/mdc_photo_mdc_05801d_1598870164796_1598870192418.jpg?reqlogin, http://mdc.giscloud.com/rest/1/layers/3330123/features/193/joindre_des_photos/mdc_photo_mdc_96b849_1598870174841_1598870192419.jpg?reqlogin;Arret_Bus;Poteau;no;no;no;no;;Sidi mansour;Sfax sud ;Sfax
SRT_SFAX;;Maamal gel;;Soretras;10.8459916;34.8306824;http://mdc.giscloud.com/rest/1/layers/3330123/features/194/joindre_des_photos/mdc_photo_mdc_b60d91_1598870264335_1598870298869.jpg?reqlogin, http://mdc.giscloud.com/rest/1/layers/3330123/features/194/joindre_des_photos/mdc_photo_mdc_c7448e_1598870274581_1598870298870.jpg?reqlogin;Arret_Bus;Poteau;no;no;no;no;;Sidi mansour;Sfax sud;Sfax
SRT_SFAX;;Hey sa3adi;;Soretras;10.8412496;34.8254064;http://mdc.giscloud.com/rest/1/layers/3330123/features/195/joindre_des_photos/mdc_photo_mdc_341c79_1598870427405_1598870462738.jpg?reqlogin, http://mdc.giscloud.com/rest/1/layers/3330123/features/195/joindre_des_photos/mdc_photo_mdc_8443d0_1598870436488_1598870462738.jpg?reqlogin;Arret_Bus;Abri;yes;no;no;no;;Sidi mansour;Sfax sud;Sfax
SRT_SFAX;;Maamal rkham;;Soretras;10.838409;34.8222817;http://mdc.giscloud.com/rest/1/layers/3330123/features/196/joindre_des_photos/mdc_photo_mdc_243fe7_1598870732170_1598870761588.jpg?reqlogin, http://mdc.giscloud.com/rest/1/layers/3330123/features/196/joindre_des_photos/mdc_photo_mdc_815c19_1598870748035_1598870761588.jpg?reqlogin;Arret_Bus;Poteau;no;no;no;no;;Sidi  mansour;Sfax sud;Sfax
SRT_SFAX;;Mosque saadi;;Soretras;10.8338896;34.8165366;http://mdc.giscloud.com/rest/1/layers/3330123/features/197/joindre_des_photos/mdc_photo_mdc_6ce025_1598870883638_1598870937387.jpg?reqlogin, http://mdc.giscloud.com/rest/1/layers/3330123/features/197/joindre_des_photos/mdc_photo_mdc_e49b92_1598870900642_1598870937387.jpg?reqlogin;Arret_Bus;Abri;yes;no;no;no;;Sidi mansour;Sfax sud;Sfax
SRT_SFAX;;Maamal aalaf;;Soretras;10.8305926;34.8126665;http://mdc.giscloud.com/rest/1/layers/3330123/features/198/joindre_des_photos/mdc_photo_mdc_463993_1598871100202_1598871112357.jpg?reqlogin, http://mdc.giscloud.com/rest/1/layers/3330123/features/198/joindre_des_photos/mdc_photo_mdc_79600f_1598871108174_1598871112357.jpg?reqlogin;Arret_Bus;Autre;no;no;no;no;;Sidi mansour;Sfax sud ;Sfax
SRT_SFAX;;Mojamaa;;Soretras;10.8291339;34.8110392;http://mdc.giscloud.com/rest/1/layers/3330123/features/199/joindre_des_photos/mdc_photo_mdc_2160a7_1598871416330_1598871445569.jpg?reqlogin, http://mdc.giscloud.com/rest/1/layers/3330123/features/199/joindre_des_photos/mdc_photo_mdc_40af99_1598871431723_1598871445569.jpg?reqlogin;Arret_Bus;Autre;no;no;no;no;;Sidi mansour;Sfax sud;Sfax
SRT_SFAX;;Kasas mabit;;Soretras;10.8262051;34.808043;http://mdc.giscloud.com/rest/1/layers/3330123/features/200/joindre_des_photos/mdc_photo_mdc_c98e42_1598871539348_1598871559196.jpg?reqlogin, http://mdc.giscloud.com/rest/1/layers/3330123/features/200/joindre_des_photos/mdc_photo_mdc_092216_1598871547886_1598871559196.jpg?reqlogin;Arret_Bus;Autre;no;no;no;no;;Sidi mansour;Sfax sud;Sfax
SRT_SFAX;;Jabanet ya3ich;;Soretras;10.8228276;34.804886;http://mdc.giscloud.com/rest/1/layers/3330123/features/201/joindre_des_photos/mdc_photo_mdc_a14d18_1598871683639_1598871712327.jpg?reqlogin, http://mdc.giscloud.com/rest/1/layers/3330123/features/201/joindre_des_photos/mdc_photo_mdc_9f2e37_1598871691105_1598871712327.jpg?reqlogin;Arret_Bus;Poteau;no;no;no;no;;Sidi mansour;Sfax sud;Sfax
SRT_SFAX;;Masmoudi;;Soretras;10.820571;34.8029207;http://mdc.giscloud.com/rest/1/layers/3330123/features/202/joindre_des_photos/mdc_photo_mdc_43efd3_1598871826174_1598871844214.jpg?reqlogin, http://mdc.giscloud.com/rest/1/layers/3330123/features/202/joindre_des_photos/mdc_photo_mdc_c155ac_1598871835679_1598871844214.jpg?reqlogin;Arret_Bus;Poteau;no;no;no;no;;Sidi mansour;Sfax sud;Sfax
SRT_SFAX;;Jmal;;Soretras;10.8191007;34.8017266;http://mdc.giscloud.com/rest/1/layers/3330123/features/203/joindre_des_photos/mdc_photo_mdc_31a9c5_1598871943353_1598871969131.jpg?reqlogin, http://mdc.giscloud.com/rest/1/layers/3330123/features/203/joindre_des_photos/mdc_photo_mdc_ef848b_1598871954525_1598871969132.jpg?reqlogin;Arret_Bus;Autre;no;no;no;no;;Sidi mansour;Sfax sud;Sfax
SRT_SFAX;;Keskes;;Soretras;10.816827;34.7998054;http://mdc.giscloud.com/rest/1/layers/3330123/features/204/joindre_des_photos/mdc_photo_mdc_35e179_1598872058218_1598872079918.jpg?reqlogin, http://mdc.giscloud.com/rest/1/layers/3330123/features/204/joindre_des_photos/mdc_photo_mdc_59c357_1598872066214_1598872079919.jpg?reqlogin;Arret_Bus;Poteau;no;no;no;no;;Sidi mansour;Sfax sud;Sfax
SRT_SFAX;;Hey mallek;;Soretras;10.8139526;34.7976402;http://mdc.giscloud.com/rest/1/layers/3330123/features/205/joindre_des_photos/mdc_photo_mdc_3786e1_1598872167203_1598872207464.jpg?reqlogin, http://mdc.giscloud.com/rest/1/layers/3330123/features/205/joindre_des_photos/mdc_photo_mdc_83bb9c_1598872191006_1598872207464.jpg?reqlogin;Arret_Bus;Abri;yes;no;no;no;;Sidi mansour;Sfax sud;Sfax
SRT_SFAX;;Mosque mallek;;Soretras;10.8130135;34.7968365;http://mdc.giscloud.com/rest/1/layers/3330123/features/206/joindre_des_photos/mdc_photo_mdc_2b9db5_1598872289830_1598872347126.jpg?reqlogin, http://mdc.giscloud.com/rest/1/layers/3330123/features/206/joindre_des_photos/mdc_photo_mdc_e9c49c_1598872318514_1598872347126.jpg?reqlogin;Arret_Bus;Autre;no;no;no;no;;Sidi mansour;Sfax sud ;Sfax
SRT_SFAX;;Haded;;Soretras;10.810353;34.7950871;http://mdc.giscloud.com/rest/1/layers/3330123/features/207/joindre_des_photos/mdc_photo_mdc_2e51a3_1598872430920_1598872470610.jpg?reqlogin, http://mdc.giscloud.com/rest/1/layers/3330123/features/207/joindre_des_photos/mdc_photo_mdc_39aad2_1598872448072_1598872470610.jpg?reqlogin;Arret_Bus;Poteau;no;no;no;no;;Sidi mansour;Sfax sud ;Sfax
SRT_SFAX;;Elloumi;;Soretras;10.8086229;34.7937628;http://mdc.giscloud.com/rest/1/layers/3330123/features/208/joindre_des_photos/mdc_photo_mdc_5fd4ce_1598873691971_1598873736450.jpg?reqlogin, http://mdc.giscloud.com/rest/1/layers/3330123/features/208/joindre_des_photos/mdc_photo_mdc_8ba9c2_1598873718895_1598873736450.jpg?reqlogin;Arret_Bus;Poteau;no;no;no;no;;Sidi mansour;Sfax sud;Sfax
SRT_SFAX;;Kasas bouaali;;Soretras;10.8052805;34.7911535;http://mdc.giscloud.com/rest/1/layers/3330123/features/209/joindre_des_photos/mdc_photo_mdc_47d96a_1598873816544_1598873865692.jpg?reqlogin, http://mdc.giscloud.com/rest/1/layers/3330123/features/209/joindre_des_photos/mdc_photo_mdc_69e0b9_1598873826039_1598873865692.jpg?reqlogin;Arret_Bus;Poteau;no;no;no;no;;Sidi mansour;Sfax sud;Sfax
SRT_SFAX;;Ain saltnia;;Soretras;10.8032779;34.7893173;http://mdc.giscloud.com/rest/1/layers/3330123/features/210/joindre_des_photos/mdc_photo_mdc_5a8537_1598874004314_1598874037363.jpg?reqlogin, http://mdc.giscloud.com/rest/1/layers/3330123/features/210/joindre_des_photos/mdc_photo_mdc_943f03_1598874011934_1598874037363.jpg?reqlogin;Arret_Bus;Autre;no;no;no;no;;Sidi mansour;Sfax sud;Sfax
SRT_SFAX;;Msala saltnia;;Soretras;10.8020666;34.7883293;http://mdc.giscloud.com/rest/1/layers/3330123/features/211/joindre_des_photos/mdc_photo_mdc_f3c201_1598874157738_1598874180526.jpg?reqlogin, http://mdc.giscloud.com/rest/1/layers/3330123/features/211/joindre_des_photos/mdc_photo_mdc_f8de06_1598874167054_1598874180526.jpg?reqlogin;Arret_Bus;Autre;no;no;no;no;;Sidi mansour;Sfax sud ;Sfax
SRT_SFAX;;Elnadi;;Soretras;10.7999025;34.7865452;http://mdc.giscloud.com/rest/1/layers/3330123/features/212/joindre_des_photos/mdc_photo_mdc_5b1901_1598874295801_1598874327319.jpg?reqlogin, http://mdc.giscloud.com/rest/1/layers/3330123/features/212/joindre_des_photos/mdc_photo_mdc_734246_1598874309268_1598874327319.jpg?reqlogin;Arret_Bus;Poteau;no;no;no;no;;Sidi mansour;Sfax sud;Sfax
SRT_SFAX;;Hachani;;Soretras;10.7981412;34.7848195;http://mdc.giscloud.com/rest/1/layers/3330123/features/213/joindre_des_photos/mdc_photo_mdc_cfe846_1598874416043_1598874487365.jpg?reqlogin, http://mdc.giscloud.com/rest/1/layers/3330123/features/213/joindre_des_photos/mdc_photo_mdc_583a47_1598874431681_1598874487365.jpg?reqlogin;Arret_TNRP;Abri;yes;no;no;no;;Sidi mansour;Sfax sud;Sfax
SRT_SFAX;;Markaz hamouda;;Soretras;10.7963739;34.7823946;http://mdc.giscloud.com/rest/1/layers/3330123/features/214/joindre_des_photos/mdc_photo_mdc_bbdd06_1598874604002_1598874638565.jpg?reqlogin, http://mdc.giscloud.com/rest/1/layers/3330123/features/214/joindre_des_photos/mdc_photo_mdc_aa2cbc_1598874620584_1598874638565.jpg?reqlogin;Arret_Bus;Abri;yes;no;no;no;;Sidi mansour;Sfax sud;Sfax
SRT_SFAX;;Salet trabelsi;;Soretras;10.7951199;34.7808181;http://mdc.giscloud.com/rest/1/layers/3330123/features/215/joindre_des_photos/mdc_photo_mdc_14daf6_1598874742091_1598874764618.jpg?reqlogin, http://mdc.giscloud.com/rest/1/layers/3330123/features/215/joindre_des_photos/mdc_photo_mdc_0dc251_1598874756092_1598874764618.jpg?reqlogin;Arret_Bus;Autre;no;no;no;no;;Sidi mansour;Sfax sud;Sfax
SRT_SFAX;;Ain fantaziya;;Soretras;10.7932114;34.7779247;http://mdc.giscloud.com/rest/1/layers/3330123/features/216/joindre_des_photos/mdc_photo_mdc_ac531a_1598874935655_1598874965210.jpg?reqlogin, http://mdc.giscloud.com/rest/1/layers/3330123/features/216/joindre_des_photos/mdc_photo_mdc_2b4075_1598874945833_1598874965210.jpg?reqlogin;Arret_Bus;Autre;no;no;no;no;;Sidi mansour;Sfax sud ;Sfax
SRT_SFAX;;Hey chaker;;Soretras;10.7908378;34.7742803;http://mdc.giscloud.com/rest/1/layers/3330123/features/217/joindre_des_photos/mdc_photo_mdc_c5ffba_1598875063683_1598875094436.jpg?reqlogin, http://mdc.giscloud.com/rest/1/layers/3330123/features/217/joindre_des_photos/mdc_photo_mdc_e4118f_1598875075041_1598875094436.jpg?reqlogin;Arret_Bus;Batiment;no;no;no;no;;Sidi mansour;Sfax sud;Sfax
SRT_SFAX;;Khoufi;;Soretras;10.7888845;34.7716706;http://mdc.giscloud.com/rest/1/layers/3330123/features/218/joindre_des_photos/mdc_photo_mdc_5d789e_1598875185460_1598875213122.jpg?reqlogin, http://mdc.giscloud.com/rest/1/layers/3330123/features/218/joindre_des_photos/mdc_photo_mdc_058c15_1598875198577_1598875213122.jpg?reqlogin;Arret_Bus;Autre;no;no;no;no;;Sidi mansour;Sfax sud;Sfax
SRT_SFAX;;Boujelben;;Soretras;10.7881222;34.7706241;http://mdc.giscloud.com/rest/1/layers/3330123/features/219/joindre_des_photos/mdc_photo_mdc_8657e3_1598875333149_1598875364934.jpg?reqlogin, http://mdc.giscloud.com/rest/1/layers/3330123/features/219/joindre_des_photos/mdc_photo_mdc_4e0033_1598875341145_1598875364934.jpg?reqlogin;Arret_Bus;Poteau;no;no;no;no;1;Sidi mansour;Sfax sud;Sfax
SRT_SFAX;;Zouz aawed;;Soretras;10.7853555;34.7673563;http://mdc.giscloud.com/rest/1/layers/3330123/features/220/joindre_des_photos/mdc_photo_mdc_62a221_1598875479260_1598875506975.jpg?reqlogin, http://mdc.giscloud.com/rest/1/layers/3330123/features/220/joindre_des_photos/mdc_photo_mdc_bf58f1_1598875488093_1598875506975.jpg?reqlogin;Arret_Bus;Poteau;no;no;no;no;;Sidi mansour;Sfax sud;Sfax
SRT_SFAX;;Mosque 10 saltnia;;Soretras;10.7846678;34.7664835;http://mdc.giscloud.com/rest/1/layers/3330123/features/221/joindre_des_photos/mdc_photo_mdc_cd145e_1598875629701_1598875653160.jpg?reqlogin, http://mdc.giscloud.com/rest/1/layers/3330123/features/221/joindre_des_photos/mdc_photo_mdc_d07dd3_1598875639069_1598875653160.jpg?reqlogin;Arret_Bus;Autre;no;no;yes;no;;Sidi mansour;Sfax sud ;Sfax
SRT_SFAX;;Ras  tabya saltnia;;Soretras;10.7822667;34.7632562;http://mdc.giscloud.com/rest/1/layers/3330123/features/222/joindre_des_photos/mdc_photo_mdc_25cf3d_1598875773323_1598875795790.jpg?reqlogin, http://mdc.giscloud.com/rest/1/layers/3330123/features/222/joindre_des_photos/mdc_photo_mdc_0b2bb1_1598875781995_1598875795790.jpg?reqlogin;Arret_Bus;Poteau;no;no;no;no;;Sidi mansour;Sfax sud;Sfax
SRT_SFAX;;Yaiche;;Soretras;10.7803762;34.7610061;http://mdc.giscloud.com/rest/1/layers/3330123/features/223/joindre_des_photos/mdc_photo_mdc_768bd7_1598875914736_1598875940435.jpg?reqlogin, http://mdc.giscloud.com/rest/1/layers/3330123/features/223/joindre_des_photos/mdc_photo_mdc_81c874_1598875924930_1598875940435.jpg?reqlogin;Arret_Bus;Poteau;no;no;no;no;;Sidi mansour;Sfax sud;Sfax
SRT_SFAX;;Bouzkenda;;Soretras;10.7783959;34.7589128;http://mdc.giscloud.com/rest/1/layers/3330123/features/224/joindre_des_photos/mdc_photo_mdc_dc623e_1598876066092_1598876108793.jpg?reqlogin, http://mdc.giscloud.com/rest/1/layers/3330123/features/224/joindre_des_photos/mdc_photo_mdc_ee7bbf_1598876085892_1598876108793.jpg?reqlogin;Arret_Bus;Poteau;no;no;no;no;;Sidi mansour;Sfax sud;Sfax
SRT_SFAX;;Maamal mous;;Soretras;10.6435621;34.7927424;http://mdc.giscloud.com/rest/1/layers/3330123/features/604/joindre_des_photos/mdc_photo_mdc_1f0be8_1599644917029_1600418678322.jpg?reqlogin, http://mdc.giscloud.com/rest/1/layers/3330123/features/604/joindre_des_photos/mdc_photo_mdc_7ef971_1599644931157_1600418678322.jpg?reqlogin;Arret_Bus;Autre;no;no;no;no;;Khazanet;Sfax sud;Sfax
SRT_SFAX;;Collége manar;;Soretras;10.8036341;34.7725524;http://mdc.giscloud.com/rest/1/layers/3330123/features/609/joindre_des_photos/mdc_photo_mdc_9f04d3_1600422704760_1600422726686.jpg?reqlogin, http://mdc.giscloud.com/rest/1/layers/3330123/features/609/joindre_des_photos/mdc_photo_mdc_fef281_1600422716594_1600422726687.jpg?reqlogin;Arret_Bus;Poteau;no;no;no;no;;Sakeit daer;Sfax sud;Sfax
SRT_SFAX;;Maison jeune hey simare;;Soretras;10.7996973;34.7766903;http://mdc.giscloud.com/rest/1/layers/3330123/features/610/joindre_des_photos/mdc_photo_mdc_34e2be_1600422893204_1600422947318.jpg?reqlogin, http://mdc.giscloud.com/rest/1/layers/3330123/features/610/joindre_des_photos/mdc_photo_mdc_2c0f6a_1600422912451_1600422947318.jpg?reqlogin;Arret_Bus;Autre;no;no;no;no;;Sakeit daer;Sfax sud;Sfax
SRT_SFAX;;Kasas sale hbib;;Soretras;10.7952163;34.7804166;http://mdc.giscloud.com/rest/1/layers/3330123/features/611/joindre_des_photos/mdc_photo_mdc_1d0261_1600423092186_1600423132359.jpg?reqlogin, http://mdc.giscloud.com/rest/1/layers/3330123/features/611/joindre_des_photos/mdc_photo_mdc_0a5533_1600423117412_1600423132359.jpg?reqlogin;Arret_Bus;Poteau;no;no;no;no;;Sakeit daer;Sfax sud;Sfax
SRT_SFAX;;Hey  chaker;;Soretras;10.789721;34.779141;http://mdc.giscloud.com/rest/1/layers/3330123/features/612/joindre_des_photos/mdc_photo_mdc_976ac2_1600423472745_1600423511057.jpg?reqlogin, http://mdc.giscloud.com/rest/1/layers/3330123/features/612/joindre_des_photos/mdc_photo_mdc_ea9507_1600423483948_1600423511057.jpg?reqlogin;Arret_Bus;Poteau;yes;no;no;no;;Sakeit daer;Sfax sud;Sfax
SRT_SFAX;;Koobaa;;Soretras;10.7850865;34.78471;http://mdc.giscloud.com/rest/1/layers/3330123/features/613/joindre_des_photos/mdc_photo_mdc_ba5867_1600423710118_1600423751429.jpg?reqlogin, http://mdc.giscloud.com/rest/1/layers/3330123/features/613/joindre_des_photos/mdc_photo_mdc_90efc3_1600423726999_1600423751430.jpg?reqlogin;Arret_Bus;Poteau;no;no;no;no;;Sakeit daer;Sfax sud;Sfax
SRT_SFAX;;Association retraite sakeit daer;;Soretras;10.7829277;34.786856;http://mdc.giscloud.com/rest/1/layers/3330123/features/614/joindre_des_photos/mdc_photo_mdc_d2f375_1600423923428_1600423967739.jpg?reqlogin, http://mdc.giscloud.com/rest/1/layers/3330123/features/614/joindre_des_photos/mdc_photo_mdc_fe94a4_1600423937910_1600423967739.jpg?reqlogin;Arret_Bus;Poteau;no;no;no;no;;Sakeit daer;Sfax sud;Sfax
SRT_SFAX;;Lyce sadek fkih;;Soretras;10.7990673;34.8013217;http://mdc.giscloud.com/rest/1/layers/3330123/features/615/joindre_des_photos/mdc_photo_mdc_8dc0c5_1600424618161_1600424658012.jpg?reqlogin, http://mdc.giscloud.com/rest/1/layers/3330123/features/615/joindre_des_photos/mdc_photo_mdc_abf198_1600424650241_1600424658013.jpg?reqlogin;Arret_Bus;Autre;no;no;no;no;;Sakeit daer;Sfax sud;Sfax
SRT_SFAX;;Kasas lyce bouali;;Soretras;10.7963867;34.79915;http://mdc.giscloud.com/rest/1/layers/3330123/features/616/joindre_des_photos/mdc_photo_mdc_43922c_1600424957650_1600424989158.jpg?reqlogin, http://mdc.giscloud.com/rest/1/layers/3330123/features/616/joindre_des_photos/mdc_photo_mdc_542303_1600424982320_1600424989159.jpg?reqlogin;Arret_Bus;Abri;yes;no;no;no;;Sakeit daer;Sfax sud;Sfax
SRT_SFAX;;Mosquée bouali;;Soretras;10.8003691;34.7960391;http://mdc.giscloud.com/rest/1/layers/3330123/features/617/joindre_des_photos/mdc_photo_mdc_e1225f_1600425116207_1600425141397.jpg?reqlogin, http://mdc.giscloud.com/rest/1/layers/3330123/features/617/joindre_des_photos/mdc_photo_mdc_8fc8f5_1600425130901_1600425141397.jpg?reqlogin;Arret_Bus;Autre;no;no;no;no;;Sakeit daer;Sfax sud;Sfax
SRT_SFAX;;Ben amor;;Soretras;10.803252;34.793552;http://mdc.giscloud.com/rest/1/layers/3330123/features/618/joindre_des_photos/mdc_photo_mdc_9369a1_1600425252616_1600425293940.jpg?reqlogin, http://mdc.giscloud.com/rest/1/layers/3330123/features/618/joindre_des_photos/mdc_photo_mdc_458e67_1600425279200_1600425293940.jpg?reqlogin;Arret_Bus;Poteau;no;no;no;no;;Sakeit daer;Sfax sud;Sfax
SRT_SFAX;;Ben saada;;Soretras;10.7982112;34.7981536;http://mdc.giscloud.com/rest/1/layers/3330123/features/619/joindre_des_photos/mdc_photo_mdc_b01f3d_1600425592411_1600425636968.jpg?reqlogin, http://mdc.giscloud.com/rest/1/layers/3330123/features/619/joindre_des_photos/mdc_photo_mdc_7bc131_1600425604502_1600425636969.jpg?reqlogin;Arret_Bus;Autre;no;no;no;no;;Sakeit daer;Sfax sud ;Sfax 
SRT_SFAX;;Espace nos prix;;Soretras;10.7911195;34.802167;http://mdc.giscloud.com/rest/1/layers/3330123/features/620/joindre_des_photos/mdc_photo_mdc_088668_1600425841467_1600425873991.jpg?reqlogin, http://mdc.giscloud.com/rest/1/layers/3330123/features/620/joindre_des_photos/mdc_photo_mdc_9b5f2a_1600425863465_1600425873991.jpg?reqlogin;Arret_Bus;Autre;no;no;no;no;;Sakeit daer;Sfax sud;Sfax
SRT_SFAX;;Hey saltnia;;Soretras;10.7766697;34.7568049;http://mdc.giscloud.com/rest/1/layers/3330123/features/225/joindre_des_photos/mdc_photo_mdc_a2a911_1598876206879_1598876240105.jpg?reqlogin, http://mdc.giscloud.com/rest/1/layers/3330123/features/225/joindre_des_photos/mdc_photo_mdc_15ca36_1598876224376_1598876240105.jpg?reqlogin;Arret_Bus;Poteau;no;no;no;no;;Sidi  mansour;Sfax sud;Sfax
SRT_SFAX;;Aakid;;Soretras;10.7751952;34.7547928;http://mdc.giscloud.com/rest/1/layers/3330123/features/226/joindre_des_photos/mdc_photo_mdc_cc5d51_1598876378644_1598876460101.jpg?reqlogin, http://mdc.giscloud.com/rest/1/layers/3330123/features/226/joindre_des_photos/mdc_photo_mdc_a221cd_1598876419684_1598876460101.jpg?reqlogin;Arret_Bus;Poteau;no;no;no;no;;Sidi mansour;Sfax sud;Sfax
SRT_SFAX;;20-mars;;Soretras;10.77239;34.754413;http://mdc.giscloud.com/rest/1/layers/3330123/features/173/joindre_des_photos/mdc_photo_mdc_b4c795_1598864349005_1598864405086.jpg?reqlogin, http://mdc.giscloud.com/rest/1/layers/3330123/features/173/joindre_des_photos/mdc_photo_mdc_9104f8_1598864360803_1598864405087.jpg?reqlogin;Arret_Bus;Abri;yes;no;no;no;;Sidi mansour;Sfax sud;Sfax
SRT_SFAX;;Ksibi;;Soretras;10.7602738;34.7475612;http://mdc.giscloud.com/rest/1/layers/3330123/features/227/joindre_des_photos/mdc_photo_mdc_81eef4_1598950802316_1598950859907.jpg?reqlogin, http://mdc.giscloud.com/rest/1/layers/3330123/features/227/joindre_des_photos/mdc_photo_mdc_ab82fd_1598950822979_1598950859907.jpg?reqlogin;Arret_Bus;Abri;yes;no;no;no;;Sakeit zit;Sfax sud;Sfax
SRT_SFAX;;Ariana;;Soretras;10.7612703;34.751061;http://mdc.giscloud.com/rest/1/layers/3330123/features/228/joindre_des_photos/mdc_photo_mdc_7e3e98_1598951134223_1598951189050.jpg?reqlogin, http://mdc.giscloud.com/rest/1/layers/3330123/features/228/joindre_des_photos/mdc_photo_mdc_872205_1598951156552_1598951189051.jpg?reqlogin;Arret_Bus;Abri;yes;no;no;no;;Sakeit zit;Sakeit zit;Sfax
SRT_SFAX;;Kasas chaaben;;Soretras;10.7616922;34.7535686;http://mdc.giscloud.com/rest/1/layers/3330123/features/229/joindre_des_photos/mdc_photo_mdc_c1c942_1598951326914_1598951371012.jpg?reqlogin, http://mdc.giscloud.com/rest/1/layers/3330123/features/229/joindre_des_photos/mdc_photo_mdc_b11b3a_1598951343829_1598951371013.jpg?reqlogin;Arret_Bus;Abri;yes;no;no;no;;Sakeit zit;Sakeit zit;Sfax
SRT_SFAX;;Chichma;;Soretras;10.7628014;34.7571462;http://mdc.giscloud.com/rest/1/layers/3330123/features/230/joindre_des_photos/mdc_photo_mdc_5f840a_1598951520794_1598951582772.jpg?reqlogin, http://mdc.giscloud.com/rest/1/layers/3330123/features/230/joindre_des_photos/mdc_photo_mdc_ecb34f_1598951556341_1598951582773.jpg?reqlogin;Arret_Bus;Abri;yes;no;no;no;;Sakeit zit;Sakeit zit;Sfax
SRT_SFAX;;Taktak;;Soretras;10.762762;34.7600822;http://mdc.giscloud.com/rest/1/layers/3330123/features/231/joindre_des_photos/mdc_photo_mdc_3a3364_1598951819162_1598951927263.jpg?reqlogin, http://mdc.giscloud.com/rest/1/layers/3330123/features/231/joindre_des_photos/mdc_photo_mdc_1030ff_1598951873582_1598951927264.jpg?reqlogin;Arret_Bus;Abri;yes;no;no;no;;Sakeit zit;Sakeit zit;Sfax
SRT_SFAX;;Hajra;;Soretras;10.7628255;34.7622523;http://mdc.giscloud.com/rest/1/layers/3330123/features/232/joindre_des_photos/mdc_photo_mdc_24406b_1598952087741_1598952129396.jpg?reqlogin, http://mdc.giscloud.com/rest/1/layers/3330123/features/232/joindre_des_photos/mdc_photo_mdc_fe548a_1598952107292_1598952129396.jpg?reqlogin;Arret_Bus;Abri;yes;no;no;no;;Sakeit zit;Sakeit zit;Sfax
SRT_SFAX;;Gadour;;Soretras;10.7622876;34.7652168;http://mdc.giscloud.com/rest/1/layers/3330123/features/233/joindre_des_photos/mdc_photo_mdc_1846eb_1598952306226_1598952341915.jpg?reqlogin, http://mdc.giscloud.com/rest/1/layers/3330123/features/233/joindre_des_photos/mdc_photo_mdc_21951d_1598952321817_1598952341915.jpg?reqlogin;Arret_Bus;Autre;no;no;no;no;;Sakeit zit;Sakeit zit;Sfax
SRT_SFAX;;Zanket khothra;;Soretras;10.7617646;34.7683979;http://mdc.giscloud.com/rest/1/layers/3330123/features/234/joindre_des_photos/mdc_photo_mdc_7055b0_1598952445202_1598952478479.jpg?reqlogin, http://mdc.giscloud.com/rest/1/layers/3330123/features/234/joindre_des_photos/mdc_photo_mdc_c26314_1598952454034_1598952478479.jpg?reqlogin;Arret_Bus;Abri;yes;no;no;no;;Sakeit zit;Sakeit zit;Sfax
SRT_SFAX;;Clinique ebnafis;;Soretras;10.7611877;34.7712918;http://mdc.giscloud.com/rest/1/layers/3330123/features/235/joindre_des_photos/mdc_photo_mdc_52d602_1598952662609_1598952695767.jpg?reqlogin, http://mdc.giscloud.com/rest/1/layers/3330123/features/235/joindre_des_photos/mdc_photo_mdc_d902da_1598952673904_1598952695767.jpg?reqlogin;Arret_Bus;Abri;yes;no;no;no;;Sakeit zit;Sakeit zit;Sfax
SRT_SFAX;;Bouaasida;;Soretras;10.761131;34.7753482;http://mdc.giscloud.com/rest/1/layers/3330123/features/236/joindre_des_photos/mdc_photo_mdc_0cba25_1598952894063_1598952953554.jpg?reqlogin, http://mdc.giscloud.com/rest/1/layers/3330123/features/236/joindre_des_photos/mdc_photo_mdc_7cea46_1598952906316_1598952953554.jpg?reqlogin;Arret_Bus;Abri;yes;no;no;no;;Sakeit zit;Sakeit zit;Sfax
SRT_SFAX;;Lajmi;;Soretras;10.7606469;34.7797791;http://mdc.giscloud.com/rest/1/layers/3330123/features/237/joindre_des_photos/mdc_photo_mdc_554ab4_1598953062557_1598953104810.jpg?reqlogin, http://mdc.giscloud.com/rest/1/layers/3330123/features/237/joindre_des_photos/mdc_photo_mdc_be9474_1598953081509_1598953104810.jpg?reqlogin;Arret_Bus;Autre;no;no;no;no;;Sakeit zit;Zakeit zit;Sfax
SRT_SFAX;;Chaari;;Soretras;10.7604906;34.7820217;http://mdc.giscloud.com/rest/1/layers/3330123/features/238/joindre_des_photos/mdc_photo_mdc_5fa769_1598953232387_1598953262970.jpg?reqlogin, http://mdc.giscloud.com/rest/1/layers/3330123/features/238/joindre_des_photos/mdc_photo_mdc_554e12_1598953242606_1598953262970.jpg?reqlogin;Arret_Bus;Autre;no;no;no;no;;Sakeit zit;Sakeit zit;Sfax
SRT_SFAX;;Cheikh;;Soretras;10.7603532;34.7852934;http://mdc.giscloud.com/rest/1/layers/3330123/features/239/joindre_des_photos/mdc_photo_mdc_f4cb8e_1598953469214_1598953502957.jpg?reqlogin, http://mdc.giscloud.com/rest/1/layers/3330123/features/239/joindre_des_photos/mdc_photo_mdc_d804ce_1598953479150_1598953502957.jpg?reqlogin;Arret_Bus;Autre;no;no;no;no;;Sakeit zit;Sakeit zit;Sfax
SRT_SFAX;;Mhiri;;Soretras;10.7602596;34.7873315;http://mdc.giscloud.com/rest/1/layers/3330123/features/240/joindre_des_photos/mdc_photo_mdc_95a1f3_1598953599447_1598953632077.jpg?reqlogin, http://mdc.giscloud.com/rest/1/layers/3330123/features/240/joindre_des_photos/mdc_photo_mdc_acdc6e_1598953610109_1598953632077.jpg?reqlogin;Arret_Bus;Abri;yes;no;no;no;;Sakeit zit;Sakeit zit;Sfax
SRT_SFAX;;Chafii;;Soretras;10.7602016;34.7895263;http://mdc.giscloud.com/rest/1/layers/3330123/features/241/joindre_des_photos/mdc_photo_mdc_e70458_1598953742550_1598953781165.jpg?reqlogin, http://mdc.giscloud.com/rest/1/layers/3330123/features/241/joindre_des_photos/mdc_photo_mdc_383a6c_1598953754677_1598953781165.jpg?reqlogin;Arret_Bus;Autre;no;no;no;no;;Sakeit zit;Sakeit zit;Sfax
SRT_SFAX;;Akwas;;Soretras;10.7602607;34.7921856;http://mdc.giscloud.com/rest/1/layers/3330123/features/242/joindre_des_photos/mdc_photo_mdc_a9e0de_1598953874784_1598953909995.jpg?reqlogin, http://mdc.giscloud.com/rest/1/layers/3330123/features/242/joindre_des_photos/mdc_photo_mdc_4fd2ed_1598953888377_1598953909995.jpg?reqlogin;Arret_Bus;Abri;yes;no;no;no;;Sakeit zit;Sakeit zit;Sfax
SRT_SFAX;;Hidrich;;Soretras;10.7606118;34.795369;http://mdc.giscloud.com/rest/1/layers/3330123/features/243/joindre_des_photos/mdc_photo_mdc_aa55fe_1598953997979_1598954048053.jpg?reqlogin, http://mdc.giscloud.com/rest/1/layers/3330123/features/243/joindre_des_photos/mdc_photo_mdc_7d9807_1598954024110_1598954048059.jpg?reqlogin;Arret_Bus;Autre;no;no;no;no;;Sakeit zit;Sakeit zit;Sfax
SRT_SFAX;;Mziyou;;Soretras;10.7608239;34.797378;http://mdc.giscloud.com/rest/1/layers/3330123/features/245/joindre_des_photos/mdc_photo_mdc_bccb8f_1598954236625_1598954263152.jpg?reqlogin, http://mdc.giscloud.com/rest/1/layers/3330123/features/245/joindre_des_photos/mdc_photo_mdc_b477bf_1598954249017_1598954263152.jpg?reqlogin;Arret_Bus;Poteau;no;no;no;no;;Sakeit zit;Sakeit zit;Sfax
SRT_SFAX;;Sakya;;Soretras;10.7610923;34.8002086;http://mdc.giscloud.com/rest/1/layers/3330123/features/246/joindre_des_photos/mdc_photo_mdc_32c0de_1598954386831_1598954440753.jpg?reqlogin, http://mdc.giscloud.com/rest/1/layers/3330123/features/246/joindre_des_photos/mdc_photo_mdc_aa2385_1598954415064_1598954440753.jpg?reqlogin;Arret_Bus;Poteau;no;no;no;no;;Sakeit zit;Sakeit zit;Sfax
SRT_SFAX;;Sakya1;;Soretras;10.7596657;34.8034042;http://mdc.giscloud.com/rest/1/layers/3330123/features/247/joindre_des_photos/mdc_photo_mdc_3aeaea_1598954589825_1598954640971.jpg?reqlogin, http://mdc.giscloud.com/rest/1/layers/3330123/features/247/joindre_des_photos/mdc_photo_mdc_f1dc00_1598954616106_1598954640972.jpg?reqlogin;Arret_Bus;Abri;yes;no;no;no;;Sakeit zit;Sakeit zit;Sfax
SRT_SFAX;;14-janv;;Soretras;10.7569187;34.8053411;http://mdc.giscloud.com/rest/1/layers/3330123/features/248/joindre_des_photos/mdc_photo_mdc_423aaa_1598954766493_1598954796761.jpg?reqlogin, http://mdc.giscloud.com/rest/1/layers/3330123/features/248/joindre_des_photos/mdc_photo_mdc_564fc8_1598954776801_1598954796761.jpg?reqlogin;Arret_Bus;Poteau;no;no;no;no;;Sakeit zit;Sakeit zit;Sfax
SRT_SFAX;;Idriss;;Soretras;10.7545484;34.8066053;http://mdc.giscloud.com/rest/1/layers/3330123/features/249/joindre_des_photos/mdc_photo_mdc_3cede7_1598954872406_1598954911953.jpg?reqlogin, http://mdc.giscloud.com/rest/1/layers/3330123/features/249/joindre_des_photos/mdc_photo_mdc_111d94_1598954892931_1598954911953.jpg?reqlogin;Arret_Bus;Poteau;no;no;no;no;;Sakeit zit;Sakeit zit;Sfax
SRT_SFAX;;Chaaben;;Soretras;10.7513602;34.8081652;http://mdc.giscloud.com/rest/1/layers/3330123/features/250/joindre_des_photos/mdc_photo_mdc_d7de01_1598955020115_1598955080352.jpg?reqlogin, http://mdc.giscloud.com/rest/1/layers/3330123/features/250/joindre_des_photos/mdc_photo_mdc_538706_1598955039953_1598955080352.jpg?reqlogin;Arret_Bus;Poteau;no;no;no;no;;Sakeit zit;Sakeit zit;Sfax
SRT_SFAX;;Chooba;;Soretras;10.7491491;34.8102423;http://mdc.giscloud.com/rest/1/layers/3330123/features/251/joindre_des_photos/mdc_photo_mdc_f63c0e_1598955262654_1598955295616.jpg?reqlogin, http://mdc.giscloud.com/rest/1/layers/3330123/features/251/joindre_des_photos/mdc_photo_mdc_0f85e6_1598955271049_1598955295616.jpg?reqlogin;Arret_Bus;Abri;yes;no;no;no;;Sakeit zit;Sakeit zit;Sfax
SRT_SFAX;;Mizwed;;Soretras;10.7478063;34.8127101;http://mdc.giscloud.com/rest/1/layers/3330123/features/252/joindre_des_photos/mdc_photo_mdc_f431ac_1598955407190_1598955463679.jpg?reqlogin, http://mdc.giscloud.com/rest/1/layers/3330123/features/252/joindre_des_photos/mdc_photo_mdc_717c8a_1598955422427_1598955463679.jpg?reqlogin;Arret_Bus;Autre;no;no;no;no;;Sakeit zit;Sakeit zit;Sfax
SRT_SFAX;;Keskes;;Soretras;10.7465435;34.8146036;http://mdc.giscloud.com/rest/1/layers/3330123/features/253/joindre_des_photos/mdc_photo_mdc_f71d18_1598955650532_1598955679528.jpg?reqlogin, http://mdc.giscloud.com/rest/1/layers/3330123/features/253/joindre_des_photos/mdc_photo_mdc_fbb1c3_1598955660408_1598955679528.jpg?reqlogin;Arret_Bus;Abri;yes;no;no;no;;Sakeit zit;Sakeit zit;Sfax
SRT_SFAX;;Wzini;;Soretras;10.7445906;34.8165434;http://mdc.giscloud.com/rest/1/layers/3330123/features/254/joindre_des_photos/mdc_photo_mdc_30ee77_1598955786059_1598955837660.jpg?reqlogin, http://mdc.giscloud.com/rest/1/layers/3330123/features/254/joindre_des_photos/mdc_photo_mdc_6fd1b7_1598955804658_1598955837660.jpg?reqlogin;Arret_Bus;Abri;yes;no;no;no;;Sakeit zit;Sakeit zit;Sfax
SRT_SFAX;;Abida;;Soretras;10.7413358;34.8209682;http://mdc.giscloud.com/rest/1/layers/3330123/features/255/joindre_des_photos/mdc_photo_mdc_e522bf_1598955952663_1598955981504.jpg?reqlogin, http://mdc.giscloud.com/rest/1/layers/3330123/features/255/joindre_des_photos/mdc_photo_mdc_5dc7b8_1598955965101_1598955981504.jpg?reqlogin;Arret_Bus;Poteau;no;no;no;no;;Sakeit zit;Sakeit zit;Sfax
SRT_SFAX;;Hey ons1;;Soretras;10.7480824;34.8249547;http://mdc.giscloud.com/rest/1/layers/3330123/features/256/joindre_des_photos/mdc_photo_mdc_42fc6c_1598956114955_1598956163345.jpg?reqlogin, http://mdc.giscloud.com/rest/1/layers/3330123/features/256/joindre_des_photos/mdc_photo_mdc_be10df_1598956141024_1598956163345.jpg?reqlogin;Arret_Bus;Abri;yes;no;no;no;;Sakeit zit;Sakeit zit;Sfax
SRT_SFAX;;Hey ons2;;Soretras;10.7520677;34.8273794;http://mdc.giscloud.com/rest/1/layers/3330123/features/257/joindre_des_photos/mdc_photo_mdc_9e0822_1598956292849_1598956344453.jpg?reqlogin, http://mdc.giscloud.com/rest/1/layers/3330123/features/257/joindre_des_photos/mdc_photo_mdc_fcb1d0_1598956302557_1598956344453.jpg?reqlogin;Arret_Bus;Autre;no;no;no;no;;sakeit zit;Sakeit zit ;Sfax
SRT_SFAX;;Hey ons3;;Soretras;10.754356;34.8279102;http://mdc.giscloud.com/rest/1/layers/3330123/features/258/joindre_des_photos/mdc_photo_mdc_918508_1598956445721_1598956482560.jpg?reqlogin, http://mdc.giscloud.com/rest/1/layers/3330123/features/258/joindre_des_photos/mdc_photo_mdc_16be52_1598956455727_1598956482560.jpg?reqlogin;Arret_Bus;Autre;no;no;no;no;;Sakeit zit;Sakeit zit;Sfax
SRT_SFAX;;Colege Hey ons;;Soretras;10.7584764;34.827822;http://mdc.giscloud.com/rest/1/layers/3330123/features/259/joindre_des_photos/mdc_photo_mdc_d585b8_1598956680767_1598956740034.jpg?reqlogin, http://mdc.giscloud.com/rest/1/layers/3330123/features/259/joindre_des_photos/mdc_photo_mdc_568f24_1598956692864_1598956740035.jpg?reqlogin;Arret_Bus;Abri;yes;no;no;no;;Sakeit zit;Sakeit zit;Sfax
SRT_SFAX;;Iimarate;;Soretras;10.7563998;34.830838;http://mdc.giscloud.com/rest/1/layers/3330123/features/260/joindre_des_photos/mdc_photo_mdc_326614_1598956958937_1598956998151.jpg?reqlogin, http://mdc.giscloud.com/rest/1/layers/3330123/features/260/joindre_des_photos/mdc_photo_mdc_eab93a_1598956969745_1598956998151.jpg?reqlogin;Arret_Bus;Autre;no;no;no;no;;Sakeit zit;Sakeit zit;Sfax
SRT_SFAX;;Pépinière d 'entreprise;;Soretras;10.7540257;34.8345168;http://mdc.giscloud.com/rest/1/layers/3330123/features/261/joindre_des_photos/mdc_photo_mdc_3d0195_1598957189833_1598957242013.jpg?reqlogin, http://mdc.giscloud.com/rest/1/layers/3330123/features/261/joindre_des_photos/mdc_photo_mdc_7d62fe_1598957216313_1598957242013.jpg?reqlogin;Arret_Bus;Poteau;no;no;no;no;;Sakeit zit;Sakeit zit;Sfax
SRT_SFAX;;Mutimedia;;Soretras;10.7553047;34.8390041;http://mdc.giscloud.com/rest/1/layers/3330123/features/262/joindre_des_photos/mdc_photo_mdc_0c746c_1598957679407_1598957736305.jpg?reqlogin, http://mdc.giscloud.com/rest/1/layers/3330123/features/262/joindre_des_photos/mdc_photo_mdc_7668b1_1598957697803_1598957736305.jpg?reqlogin;Arret_Bus;Abri;yes;no;no;no;;Sakeit zit;Sakeit zit;Sfax
SRT_SFAX;;Terminus rabeba;;Soretras;10.7918567;34.8877006;http://mdc.giscloud.com/rest/1/layers/3330123/features/263/joindre_des_photos/mdc_photo_mdc_14e518_1598960102846_1598960144670.jpg?reqlogin, http://mdc.giscloud.com/rest/1/layers/3330123/features/263/joindre_des_photos/mdc_photo_mdc_b893ad_1598960115736_1598960144670.jpg?reqlogin;Arret_Bus;Poteau;no;no;no;no;;Sakeit zit;Sakeit zit;Sfax
SRT_SFAX;;Rabeba1;;Soretras;10.7886716;34.8911536;http://mdc.giscloud.com/rest/1/layers/3330123/features/264/joindre_des_photos/mdc_photo_mdc_17f344_1598960399895_1598960437796.jpg?reqlogin, http://mdc.giscloud.com/rest/1/layers/3330123/features/264/joindre_des_photos/mdc_photo_mdc_118903_1598960416012_1598960437796.jpg?reqlogin;Arret_Bus;Poteau;no;no;no;no;;Sakeit zit;Sakeit zit;Sfax
SRT_SFAX;;Rabeba2;;Soretras;10.7841024;34.8945884;http://mdc.giscloud.com/rest/1/layers/3330123/features/265/joindre_des_photos/mdc_photo_mdc_83518a_1598960673119_1598960703650.jpg?reqlogin, http://mdc.giscloud.com/rest/1/layers/3330123/features/265/joindre_des_photos/mdc_photo_mdc_08bf02_1598960685010_1598960703650.jpg?reqlogin;Arret_Bus;Poteau;no;no;no;no;;Sakeit zit;Sakeit zit;Sfax
SRT_SFAX;;Rabeba3;;Soretras;10.781593;34.8950363;http://mdc.giscloud.com/rest/1/layers/3330123/features/266/joindre_des_photos/mdc_photo_mdc_9a7edb_1598960861107_1598960890788.jpg?reqlogin, http://mdc.giscloud.com/rest/1/layers/3330123/features/266/joindre_des_photos/mdc_photo_mdc_d22909_1598960869916_1598960890788.jpg?reqlogin;Arret_Bus;Poteau;no;no;no;no;;Sakeit zit;Sakeit zit;Sfax
SRT_SFAX;;Rabeba4;;Soretras;10.7763482;34.880479;http://mdc.giscloud.com/rest/1/layers/3330123/features/267/joindre_des_photos/mdc_photo_mdc_fa53d9_1598961355061_1598961384236.jpg?reqlogin, http://mdc.giscloud.com/rest/1/layers/3330123/features/267/joindre_des_photos/mdc_photo_mdc_a84126_1598961366667_1598961384236.jpg?reqlogin;Arret_Bus;Poteau;no;no;no;no;;Sakeit zit;Sakeit zit;Sfax
SRT_SFAX;;Rabeba5;;Soretras;10.Station_TGM664943;34.88Station_TGM658Station_TGM;http://mdc.giscloud.com/rest/1/layers/3330123/features/268/joindre_des_photos/mdc_photo_mdc_0f64Station_TGMe_1598961582245_1598961623065.jpg?reqlogin, http://mdc.giscloud.com/rest/1/layers/3330123/features/268/joindre_des_photos/mdc_photo_mdc_fd0b1d_159896161680Station_TGM_1598961623065.jpg?reqlogin;Station_TGM;Poteau;no;no;no;no;;Sakeit zit;Sakeit zit;Sfax
SRT_SFAX;;Terminus sidi salah;;Soretras;10.7619386;34.8873478;http://mdc.giscloud.com/rest/1/layers/3330123/features/269/joindre_des_photos/mdc_photo_mdc_a1aa68_1598961763414_1598961839716.jpg?reqlogin, http://mdc.giscloud.com/rest/1/layers/3330123/features/269/joindre_des_photos/mdc_photo_mdc_35078d_1598961774993_1598961839716.jpg?reqlogin;Arret_Bus;Abri;yes;no;no;no;;Sakeit zit;Sakeit zit;Sfax
SRT_SFAX;;Mosque sidi salah;;Soretras;10.7603184;34.8829014;http://mdc.giscloud.com/rest/1/layers/3330123/features/270/joindre_des_photos/mdc_photo_mdc_9e1a68_1598962012364_1598962040924.jpg?reqlogin, http://mdc.giscloud.com/rest/1/layers/3330123/features/270/joindre_des_photos/mdc_photo_mdc_470949_1598962021255_1598962040924.jpg?reqlogin;Arret_Bus;Abri;yes;no;no;no;;Sakeit zit;Sakeit zit;Sfax
SRT_SFAX;;Cogitel;;Soretras;10.757719;34.8780508;http://mdc.giscloud.com/rest/1/layers/3330123/features/271/joindre_des_photos/mdc_photo_mdc_aa47b2_1598962152578_1598962183785.jpg?reqlogin, http://mdc.giscloud.com/rest/1/layers/3330123/features/271/joindre_des_photos/mdc_photo_mdc_3c843c_1598962165186_1598962183785.jpg?reqlogin;Arret_Bus;Abri;yes;no;no;no;;Sakeit zit;Sakeit zit;Sfax
SRT_SFAX;;Alkhoutaf;;Soretras;10.7580736;34.8641497;http://mdc.giscloud.com/rest/1/layers/3330123/features/272/joindre_des_photos/mdc_photo_mdc_4449a8_1598962416281_1598962465078.jpg?reqlogin, http://mdc.giscloud.com/rest/1/layers/3330123/features/272/joindre_des_photos/mdc_photo_mdc_9f6642_1598962425730_1598962465078.jpg?reqlogin;Arret_Bus;Autre;no;no;no;no;;sakeit  zit;Sakeit zit;Sfax
SRT_SFAX;;Maamal falous;;Soretras;10.7589376;34.8605863;http://mdc.giscloud.com/rest/1/layers/3330123/features/273/joindre_des_photos/mdc_photo_mdc_a3404e_1598962559285_1598962590309.jpg?reqlogin, http://mdc.giscloud.com/rest/1/layers/3330123/features/273/joindre_des_photos/mdc_photo_mdc_137bd4_1598962568313_1598962590310.jpg?reqlogin;Arret_Bus;Autre;no;no;no;no;;Sakeit zit;Sakeit zit;Sfax
SRT_SFAX;;Auto route;;Soretras;10.760558;34.8548705;http://mdc.giscloud.com/rest/1/layers/3330123/features/274/joindre_des_photos/mdc_photo_mdc_a26807_1598962741374_1598962784962.jpg?reqlogin, http://mdc.giscloud.com/rest/1/layers/3330123/features/274/joindre_des_photos/mdc_photo_mdc_e267e1_1598962760759_1598962784963.jpg?reqlogin;Arret_Bus;Autre;no;no;no;no;;Sakeit zit;Sakeit zit;Sfax
SRT_SFAX;;Mosque tawba;;Soretras;10.7613909;34.8497939;http://mdc.giscloud.com/rest/1/layers/3330123/features/275/joindre_des_photos/mdc_photo_mdc_eec338_1598962873770_1598962911464.jpg?reqlogin, http://mdc.giscloud.com/rest/1/layers/3330123/features/275/joindre_des_photos/mdc_photo_mdc_f3383f_1598962887585_1598962911464.jpg?reqlogin;Arret_Bus;Autre;no;no;no;no;;Sakeit zit;Sakeit zit;Sfax
SRT_SFAX;;Ali baba;;Soretras;10.7625267;34.844391;http://mdc.giscloud.com/rest/1/layers/3330123/features/276/joindre_des_photos/mdc_photo_mdc_6f1217_1598963021379_1598963046022.jpg?reqlogin, http://mdc.giscloud.com/rest/1/layers/3330123/features/276/joindre_des_photos/mdc_photo_mdc_85ca02_1598963035515_1598963046022.jpg?reqlogin;Arret_Bus;Abri;yes;no;no;no;;Sakeit zit;Sakeit zit;Sfax
SRT_SFAX;;Bawaba;;Soretras;10.7650375;34.8372;http://mdc.giscloud.com/rest/1/layers/3330123/features/277/joindre_des_photos/mdc_photo_mdc_3b711b_1598963227890_1598963258717.jpg?reqlogin, http://mdc.giscloud.com/rest/1/layers/3330123/features/277/joindre_des_photos/mdc_photo_mdc_14b89e_1598963236658_1598963258717.jpg?reqlogin;Arret_Bus;Poteau;no;no;no;no;;Sakeit zit;Sakeit zit;Sfax
SRT_SFAX;;Ghroubi;;Soretras;10.7646893;34.8346027;http://mdc.giscloud.com/rest/1/layers/3330123/features/278/joindre_des_photos/mdc_photo_mdc_3424dc_1598963360910_1598963398096.jpg?reqlogin, http://mdc.giscloud.com/rest/1/layers/3330123/features/278/joindre_des_photos/mdc_photo_mdc_959a2d_1598963373075_1598963398097.jpg?reqlogin;Arret_Bus;Abri;yes;no;no;no;;Sakeit zit;Sakeit zit;Sfax
SRT_SFAX;;Cogem;;Soretras;10.7645255;34.8322659;http://mdc.giscloud.com/rest/1/layers/3330123/features/279/joindre_des_photos/mdc_photo_mdc_03f66b_1598963781216_1598963824451.jpg?reqlogin, http://mdc.giscloud.com/rest/1/layers/3330123/features/279/joindre_des_photos/mdc_photo_mdc_22b1be_1598963789999_1598963824451.jpg?reqlogin;Arret_Bus;Abri;yes;no;no;no;;Sakeit zit;Sakeit zit;Sfax
SRT_SFAX;;La centrale;;Soretras;10.7640907;34.8285971;http://mdc.giscloud.com/rest/1/layers/3330123/features/280/joindre_des_photos/mdc_photo_mdc_eb23aa_1598963977814_1598964015967.jpg?reqlogin, http://mdc.giscloud.com/rest/1/layers/3330123/features/280/joindre_des_photos/mdc_photo_mdc_9a20fd_1598963991688_1598964015967.jpg?reqlogin;Arret_Bus;Autre;no;no;no;no;;Sakeit zit;Sakeit zit;Sfax
SRT_SFAX;;Rond-point ons;;Soretras;10.7637052;34.8264855;http://mdc.giscloud.com/rest/1/layers/3330123/features/281/joindre_des_photos/mdc_photo_mdc_75a8ee_1598964133805_1598964178341.jpg?reqlogin, http://mdc.giscloud.com/rest/1/layers/3330123/features/281/joindre_des_photos/mdc_photo_mdc_c55b5f_1598964156118_1598964178341.jpg?reqlogin;Arret_Bus;Abri;yes;no;no;no;;Sakeit zit;Sakeit zit;Sfax
SRT_SFAX;;Boukhris;;Soretras;10.7627269;34.8223492;http://mdc.giscloud.com/rest/1/layers/3330123/features/282/joindre_des_photos/mdc_photo_mdc_2ddc1f_1598964290903_1598964333933.jpg?reqlogin, http://mdc.giscloud.com/rest/1/layers/3330123/features/282/joindre_des_photos/mdc_photo_mdc_043bbc_1598964305210_1598964333933.jpg?reqlogin;Arret_Bus;Abri;yes;no;no;no;;Sakeit zit;Sakeit zit;Sfax
SRT_SFAX;;Hamala;;Soretras;10.7624241;34.8188624;http://mdc.giscloud.com/rest/1/layers/3330123/features/283/joindre_des_photos/mdc_photo_mdc_d85626_1598964416031_1598964451541.jpg?reqlogin, http://mdc.giscloud.com/rest/1/layers/3330123/features/283/joindre_des_photos/mdc_photo_mdc_c57f0b_1598964437202_1598964451541.jpg?reqlogin;Arret_Bus;Poteau;no;no;no;no;;Sakeit zit;Sakeit zit;Sfax
SRT_SFAX;;Sidra;;Soretras;10.7619375;34.8156151;http://mdc.giscloud.com/rest/1/layers/3330123/features/284/joindre_des_photos/mdc_photo_mdc_8b3576_1598964559302_1598964602053.jpg?reqlogin, http://mdc.giscloud.com/rest/1/layers/3330123/features/284/joindre_des_photos/mdc_photo_mdc_9dde34_1598964582665_1598964602053.jpg?reqlogin;Arret_Bus;Autre;no;no;no;no;;Sakeit zit;Sakeit zit;Sfax
SRT_SFAX;;Sidra1;;Soretras;10.7616776;34.8122774;http://mdc.giscloud.com/rest/1/layers/3330123/features/285/joindre_des_photos/mdc_photo_mdc_bb5292_1598964706491_1598964753456.jpg?reqlogin, http://mdc.giscloud.com/rest/1/layers/3330123/features/285/joindre_des_photos/mdc_photo_mdc_2b5046_1598964725909_1598964753456.jpg?reqlogin;Arret_Bus;Abri;yes;no;no;no;;Sakeit zit;Sakeit zit;Sfax
SRT_SFAX;;Ben hmadou;;Soretras;10.7616225;34.8102527;http://mdc.giscloud.com/rest/1/layers/3330123/features/286/joindre_des_photos/mdc_photo_mdc_6ccf33_1598964852827_1598964891392.jpg?reqlogin, http://mdc.giscloud.com/rest/1/layers/3330123/features/286/joindre_des_photos/mdc_photo_mdc_ebd3ce_1598964865349_1598964891392.jpg?reqlogin;Arret_Bus;Abri;yes;no;no;no;;Sakeit zit;Sakeit zit;Sfax
SRT_SFAX;;Batam;;Soretras;10.7616679;34.8085669;http://mdc.giscloud.com/rest/1/layers/3330123/features/287/joindre_des_photos/mdc_photo_mdc_828181_1598964976938_1598965019238.jpg?reqlogin, http://mdc.giscloud.com/rest/1/layers/3330123/features/287/joindre_des_photos/mdc_photo_mdc_0d10d4_1598964989837_1598965019238.jpg?reqlogin;Arret_Bus;Poteau;no;no;no;no;;Sakeit zit;Sakeit zit;Sfax
SRT_SFAX;;Telecom;;Soretras;10.7613988;34.8058591;http://mdc.giscloud.com/rest/1/layers/3330123/features/288/joindre_des_photos/mdc_photo_mdc_347b1b_1598965112689_1598965163879.jpg?reqlogin, http://mdc.giscloud.com/rest/1/layers/3330123/features/288/joindre_des_photos/mdc_photo_mdc_f800cc_1598965134329_1598965163880.jpg?reqlogin;Arret_Bus;Abri;yes;no;no;no;;Sakeit zit;Sakeit zit;Sfax
SRT_SFAX;;Darna ( fin section2);;Soretras;10.7613663;34.8043098;http://mdc.giscloud.com/rest/1/layers/3330123/features/289/joindre_des_photos/mdc_photo_mdc_cb5717_1598965298683_1598965422030.jpg?reqlogin, http://mdc.giscloud.com/rest/1/layers/3330123/features/289/joindre_des_photos/mdc_photo_mdc_f8c804_1598965324485_1598965422030.jpg?reqlogin;Arret_Bus;Abri;yes;no;no;no;;Sakeit zit;Sakeit zit;Sfax
SRT_SFAX;;Bderna2;;Soretras;10.835654;34.8623122;http://mdc.giscloud.com/rest/1/layers/3330123/features/294/joindre_des_photos/mdc_photo_mdc_c0af09_1599046343101_1599046366035.jpg?reqlogin, http://mdc.giscloud.com/rest/1/layers/3330123/features/294/joindre_des_photos/mdc_photo_mdc_c659d4_1599046352735_1599046366035.jpg?reqlogin;Arret_Bus;Abri;yes;no;no;no;;Sakeit dayer;Sakeit dayer;Sfax
SRT_SFAX;;Terminus bderna;;Soretras;10.8410857;34.8722502;http://mdc.giscloud.com/rest/1/layers/3330123/features/295/joindre_des_photos/mdc_photo_mdc_bacb14_1599046775954_1599046806283.jpg?reqlogin, http://mdc.giscloud.com/rest/1/layers/3330123/features/295/joindre_des_photos/mdc_photo_mdc_cc1245_1599046785892_1599046806283.jpg?reqlogin;Arret_Bus;Abri;yes;no;no;no;;Sakeit daer;Sakeit daer;Sfax
SRT_SFAX;;Pharmacie bderna;;Soretras;10.8390707;34.8685587;http://mdc.giscloud.com/rest/1/layers/3330123/features/296/joindre_des_photos/mdc_photo_mdc_e6c984_1599046945770_1599046967140.jpg?reqlogin, http://mdc.giscloud.com/rest/1/layers/3330123/features/296/joindre_des_photos/mdc_photo_mdc_7b1966_1599046956169_1599046967141.jpg?reqlogin;Arret_Bus;Abri;yes;no;no;no;;Sakeit daer;Sakeit daer;Sfax
SRT_SFAX;;Terminus sabii;;Soretras;10.7983571;34.8238043;http://mdc.giscloud.com/rest/1/layers/3330123/features/297/joindre_des_photos/mdc_photo_mdc_d2d9a9_1599047414900_1599047452374.jpg?reqlogin, http://mdc.giscloud.com/rest/1/layers/3330123/features/297/joindre_des_photos/mdc_photo_mdc_5b13ca_1599047427759_1599047452374.jpg?reqlogin;Arret_Bus;Abri;yes;no;no;no;;Sakeit daer;Sakeit daer;Sfax
SRT_SFAX;;Station starawel;;Soretras;10.7966543;34.8221541;http://mdc.giscloud.com/rest/1/layers/3330123/features/298/joindre_des_photos/mdc_photo_mdc_46071b_1599047608978_1599047632929.jpg?reqlogin, http://mdc.giscloud.com/rest/1/layers/3330123/features/298/joindre_des_photos/mdc_photo_mdc_75b3af_1599047618938_1599047632929.jpg?reqlogin;Arret_Bus;Autre;no;no;no;no;;Sakeit daer;Sakeit daer;Sfax
SRT_SFAX;;Hiyar tunis;;Soretras;10.7935006;34.8183872;http://mdc.giscloud.com/rest/1/layers/3330123/features/299/joindre_des_photos/mdc_photo_mdc_42c2a1_1599047777228_1599047815740.jpg?reqlogin, http://mdc.giscloud.com/rest/1/layers/3330123/features/299/joindre_des_photos/mdc_photo_mdc_1db541_1599047796214_1599047815740.jpg?reqlogin;Arret_Bus;Autre;no;no;no;no;;Sakeit daer;Sakeit daer;Sfax
SRT_SFAX;;Shell;;Soretras;10.7917528;34.8158925;http://mdc.giscloud.com/rest/1/layers/3330123/features/300/joindre_des_photos/mdc_photo_mdc_c80682_1599047950295_1599047973548.jpg?reqlogin, http://mdc.giscloud.com/rest/1/layers/3330123/features/300/joindre_des_photos/mdc_photo_mdc_7eda14_1599047959278_1599047973548.jpg?reqlogin;Arret_Bus;Abri;yes;no;no;no;;Sakeit dayer;Sakeit dayer;Sfax
SRT_SFAX;;Enjah;;Soretras;10.7904865;34.8139088;http://mdc.giscloud.com/rest/1/layers/3330123/features/301/joindre_des_photos/mdc_photo_mdc_19f96c_1599048087947_1599048111244.jpg?reqlogin, http://mdc.giscloud.com/rest/1/layers/3330123/features/301/joindre_des_photos/mdc_photo_mdc_988a1a_1599048096100_1599048111244.jpg?reqlogin;Arret_Bus;Autre;no;no;no;no;;Sakeit daer;Sakeit daer;Sfax
SRT_SFAX;;Café chebbi;;Soretras;10.788569;34.8111561;http://mdc.giscloud.com/rest/1/layers/3330123/features/302/joindre_des_photos/mdc_photo_mdc_78016b_1599048210917_1599048238914.jpg?reqlogin, http://mdc.giscloud.com/rest/1/layers/3330123/features/302/joindre_des_photos/mdc_photo_mdc_e47a9a_1599048223863_1599048238914.jpg?reqlogin;Arret_Bus;Abri;yes;no;no;no;;Sakeit daer;Sakeit daer;Sfax
SRT_SFAX;;Markez sibii;;Soretras;10.7873583;34.8088823;http://mdc.giscloud.com/rest/1/layers/3330123/features/303/joindre_des_photos/mdc_photo_mdc_9093a5_1599048396609_1599048429628.jpg?reqlogin, http://mdc.giscloud.com/rest/1/layers/3330123/features/303/joindre_des_photos/mdc_photo_mdc_e62f85_1599048412267_1599048429628.jpg?reqlogin;Arret_Bus;Abri;yes;no;no;no;;Sakeit daer;Sakeit daer;Sfax
SRT_SFAX;;Station poste;;Soretras;10.7860172;34.8061622;http://mdc.giscloud.com/rest/1/layers/3330123/features/304/joindre_des_photos/mdc_photo_mdc_d59481_1599048541696_1599048571082.jpg?reqlogin, http://mdc.giscloud.com/rest/1/layers/3330123/features/304/joindre_des_photos/mdc_photo_mdc_238b8d_1599048554801_1599048571082.jpg?reqlogin;Arret_Bus;Poteau;no;no;no;no;;Sakeit dayer;Sakeit dayer;Sfax
SRT_SFAX;;Bouaali;;Soretras;10.7849895;34.8039838;http://mdc.giscloud.com/rest/1/layers/3330123/features/305/joindre_des_photos/mdc_photo_mdc_9e4255_1599048686191_1599048714815.jpg?reqlogin, http://mdc.giscloud.com/rest/1/layers/3330123/features/305/joindre_des_photos/mdc_photo_mdc_90258b_1599048696618_1599048714815.jpg?reqlogin;Arret_Bus;Autre;no;no;no;no;;Sakeit daer;Sakeit daer;Sfax
SRT_SFAX;;Malouli;;Soretras;10.7839761;34.8014139;http://mdc.giscloud.com/rest/1/layers/3330123/features/306/joindre_des_photos/mdc_photo_mdc_e623da_1599048811260_1599048840483.jpg?reqlogin, http://mdc.giscloud.com/rest/1/layers/3330123/features/306/joindre_des_photos/mdc_photo_mdc_a409fc_1599048822569_1599048840483.jpg?reqlogin;Arret_Bus;Abri;yes;no;no;no;;Sakeit daer;Sakeit daer;Sfax
SRT_SFAX;;College sakeit daer;;Soretras;10.7814228;34.7996095;http://mdc.giscloud.com/rest/1/layers/3330123/features/307/joindre_des_photos/mdc_photo_mdc_9d1759_1599048982717_1599049011258.jpg?reqlogin, http://mdc.giscloud.com/rest/1/layers/3330123/features/307/joindre_des_photos/mdc_photo_mdc_b5dcb9_1599048991149_1599049011258.jpg?reqlogin;Arret_Bus;Abri;yes;no;no;no;;Sakeit daer;Sakeit daer;Sfax
SRT_SFAX;;Mthafar;;Soretras;10.7811904;34.8040708;http://mdc.giscloud.com/rest/1/layers/3330123/features/308/joindre_des_photos/mdc_photo_mdc_a5984e_1599049133042_1599049160917.jpg?reqlogin, http://mdc.giscloud.com/rest/1/layers/3330123/features/308/joindre_des_photos/mdc_photo_mdc_e27827_1599049140693_1599049160917.jpg?reqlogin;Arret_Bus;Autre;no;no;no;no;;Sakeit daer;Sakeit daer;Sfax
SRT_SFAX;;Ghorbel;;Soretras;10.7815593;34.807393;http://mdc.giscloud.com/rest/1/layers/3330123/features/309/joindre_des_photos/mdc_photo_mdc_865bf6_1599049265053_1599049287813.jpg?reqlogin, http://mdc.giscloud.com/rest/1/layers/3330123/features/309/joindre_des_photos/mdc_photo_mdc_2fdddc_1599049278249_1599049287814.jpg?reqlogin;Arret_Bus;Autre;no;no;no;no;;Sakeit daer;Sakeit daer;Sfax
SRT_SFAX;;ecole rached;;Soretras;10.7822889;34.8101927;http://mdc.giscloud.com/rest/1/layers/3330123/features/310/joindre_des_photos/mdc_photo_mdc_b4773f_1599049434107_1599049468791.jpg?reqlogin, http://mdc.giscloud.com/rest/1/layers/3330123/features/310/joindre_des_photos/mdc_photo_mdc_cda7ce_1599049442837_1599049468791.jpg?reqlogin;Arret_Bus;Abri;yes;no;no;no;;Sakeit daer;Sakeit daer;Sfax
SRT_SFAX;;Mosque nour;;Soretras;10.7828136;34.8122865;http://mdc.giscloud.com/rest/1/layers/3330123/features/311/joindre_des_photos/mdc_photo_mdc_a01983_1599049563507_1599049592452.jpg?reqlogin, http://mdc.giscloud.com/rest/1/layers/3330123/features/311/joindre_des_photos/mdc_photo_mdc_9a9d68_1599049578337_1599049592452.jpg?reqlogin;Arret_Bus;Autre;no;no;no;no;;Sakeit daer;Sakeit daer;Sfax
SRT_SFAX;;Tounsi;;Soretras;10.7837712;34.8146361;http://mdc.giscloud.com/rest/1/layers/3330123/features/312/joindre_des_photos/mdc_photo_mdc_ffd5d4_1599050054161_1599050078232.jpg?reqlogin, http://mdc.giscloud.com/rest/1/layers/3330123/features/312/joindre_des_photos/mdc_photo_mdc_012f99_1599050066472_1599050078232.jpg?reqlogin;Arret_Bus;Autre;no;no;no;no;;Sakeit daer;Sakeit daer;Sfax
SRT_SFAX;;Ben hmadou;;Soretras;10.7848203;34.8169673;http://mdc.giscloud.com/rest/1/layers/3330123/features/313/joindre_des_photos/mdc_photo_mdc_4cb467_1599050218095_1599050237135.jpg?reqlogin, http://mdc.giscloud.com/rest/1/layers/3330123/features/313/joindre_des_photos/mdc_photo_mdc_cf2281_1599050225980_1599050237135.jpg?reqlogin;Arret_Bus;Abri;yes;no;no;no;;Sakeit daer;Sakeit daer;Sfax
SRT_SFAX;;Ancien terminus;;Soretras;10.7859731;34.8212947;http://mdc.giscloud.com/rest/1/layers/3330123/features/314/joindre_des_photos/mdc_photo_mdc_5a71b0_1599050389544_1599050417719.jpg?reqlogin, http://mdc.giscloud.com/rest/1/layers/3330123/features/314/joindre_des_photos/mdc_photo_mdc_9c2e14_1599050406286_1599050417720.jpg?reqlogin;Arret_Bus;Poteau;no;no;no;no;;Sakeit daer;Sakeit daer;Sfax
SRT_SFAX;;Charfi;;Soretras;10.7861701;34.8245211;http://mdc.giscloud.com/rest/1/layers/3330123/features/315/joindre_des_photos/mdc_photo_mdc_5eab49_1599050524618_1599050547417.jpg?reqlogin, http://mdc.giscloud.com/rest/1/layers/3330123/features/315/joindre_des_photos/mdc_photo_mdc_2e8dbe_1599050536592_1599050547417.jpg?reqlogin;Arret_Bus;Autre;no;no;no;no;;Sakeit daer;Sakeit daer;Sfax
SRT_SFAX;;Houda;;Soretras;10.783403;34.8267476;http://mdc.giscloud.com/rest/1/layers/3330123/features/316/joindre_des_photos/mdc_photo_mdc_3342c4_1599050670252_1599050707862.jpg?reqlogin, http://mdc.giscloud.com/rest/1/layers/3330123/features/316/joindre_des_photos/mdc_photo_mdc_32946d_1599050693006_1599050707862.jpg?reqlogin;Arret_Bus;Abri;yes;no;no;no;;Sakeit daer;Sakeit daer;Sfax
SRT_SFAX;;Club karim;;Soretras;10.7814624;34.82902;http://mdc.giscloud.com/rest/1/layers/3330123/features/317/joindre_des_photos/mdc_photo_mdc_70d5Station_Metroa_1599050802150_15990508234Station_Metro3.jpg?reqlogin, http://mdc.giscloud.com/rest/1/layers/3330123/features/317/joindre_des_photos/mdc_photo_mdc_0bf03Station_Metro_1599050814740_15990508234Station_Metro3.jpg?reqlogin;Station_Metro;Autre;no;no;no;no;;Sakeit daer;Sakeit daer;Sfax
SRT_SFAX;;Wasit;;Soretras;10.7817745;34.8320397;http://mdc.giscloud.com/rest/1/layers/3330123/features/318/joindre_des_photos/mdc_photo_mdc_21c84b_1599051022478_1599051038476.jpg?reqlogin, http://mdc.giscloud.com/rest/1/layers/3330123/features/318/joindre_des_photos/mdc_photo_mdc_5a24a1_1599051029511_1599051038476.jpg?reqlogin;Arret_Bus;Autre;no;no;no;no;;Sakeit daer;Sakeit daer;Sfax
SRT_SFAX;;Hatab;;Soretras;10.7825871;34.7977038;http://mdc.giscloud.com/rest/1/layers/3330123/features/319/joindre_des_photos/mdc_photo_mdc_e32d89_1599051634350_1599051663182.jpg?reqlogin, http://mdc.giscloud.com/rest/1/layers/3330123/features/319/joindre_des_photos/mdc_photo_mdc_1b076d_1599051647644_1599051663182.jpg?reqlogin;Arret_Bus;Abri;yes;no;no;no;;Sakeit daer;Sakeit daer;Sfax
SRT_SFAX;;Maison de culture;;Soretras;10.7810885;34.7943967;http://mdc.giscloud.com/rest/1/layers/3330123/features/320/joindre_des_photos/mdc_photo_mdc_a4c01c_1599051770770_1599051803133.jpg?reqlogin, http://mdc.giscloud.com/rest/1/layers/3330123/features/320/joindre_des_photos/mdc_photo_mdc_d281f1_1599051782308_1599051803133.jpg?reqlogin;Arret_Bus;Autre;no;no;no;no;;Sakeit daer;Sakeit daer;Sfax
SRT_SFAX;;Elnour;;Soretras;10.7807445;34.7927832;http://mdc.giscloud.com/rest/1/layers/3330123/features/321/joindre_des_photos/mdc_photo_mdc_90626c_1599051899631_1599051945615.jpg?reqlogin, http://mdc.giscloud.com/rest/1/layers/3330123/features/321/joindre_des_photos/mdc_photo_mdc_562212_1599051924101_1599051945615.jpg?reqlogin;Arret_Bus;Abri;yes;no;no;no;;Sakeit daer;Sakeit daer;Sfax
SRT_SFAX;;Sakya;;Soretras;10.7798913;34.7893976;http://mdc.giscloud.com/rest/1/layers/3330123/features/322/joindre_des_photos/mdc_photo_mdc_65aee4_1599052099167_1599052122076.jpg?reqlogin, http://mdc.giscloud.com/rest/1/layers/3330123/features/322/joindre_des_photos/mdc_photo_mdc_d619ed_1599052108515_1599052122076.jpg?reqlogin;Arret_Bus;Autre;no;no;no;no;;Sakeit daer;Sakeit daer;Sfax
SRT_SFAX;;4 mrar;;Soretras;10.7789506;34.7867949;http://mdc.giscloud.com/rest/1/layers/3330123/features/323/joindre_des_photos/mdc_photo_mdc_260f47_1599052201669_1599052230226.jpg?reqlogin, http://mdc.giscloud.com/rest/1/layers/3330123/features/323/joindre_des_photos/mdc_photo_mdc_07f8f4_1599052210172_1599052230226.jpg?reqlogin;Arret_Bus;Abri;yes;no;no;no;;Sakeit daer;Sakeit daer;Sfax
SRT_SFAX;;Makni;;Soretras;10.7782826;34.7846055;http://mdc.giscloud.com/rest/1/layers/3330123/features/324/joindre_des_photos/mdc_photo_mdc_df28c0_1599052319880_1599052345823.jpg?reqlogin, http://mdc.giscloud.com/rest/1/layers/3330123/features/324/joindre_des_photos/mdc_photo_mdc_62a1cd_1599052333967_1599052345824.jpg?reqlogin;Arret_Bus;Autre;no;no;no;no;;Sakeit daer;Sakeit daer;Sfax
SRT_SFAX;;Khiria;;Sfax;10.7780075;34.7825067;http://mdc.giscloud.com/rest/1/layers/3330123/features/325/joindre_des_photos/mdc_photo_mdc_005d19_1599052444520_1599052471043.jpg?reqlogin, http://mdc.giscloud.com/rest/1/layers/3330123/features/325/joindre_des_photos/mdc_photo_mdc_b0d3dc_1599052452738_1599052471043.jpg?reqlogin;Arret_Bus;Abri;yes;no;no;no;;Sakeit daer;Sakeit daer;Sfax
SRT_SFAX;;Mosque saada;;Soretras;10.7778459;34.781169;http://mdc.giscloud.com/rest/1/layers/3330123/features/326/joindre_des_photos/mdc_photo_mdc_37249d_1599052569236_1599052592821.jpg?reqlogin, http://mdc.giscloud.com/rest/1/layers/3330123/features/326/joindre_des_photos/mdc_photo_mdc_bf7434_1599052582405_1599052592822.jpg?reqlogin;Arret_Bus;Abri;yes;no;no;no;;Sakeit daer;Sakeit daer;Sfax
SRT_SFAX;;Becha;;Soretras;10.7775756;34.7787116;http://mdc.giscloud.com/rest/1/layers/3330123/features/327/joindre_des_photos/mdc_photo_mdc_990529_1599052699427_1599052721717.jpg?reqlogin, http://mdc.giscloud.com/rest/1/layers/3330123/features/327/joindre_des_photos/mdc_photo_mdc_d8744a_1599052712754_1599052721718.jpg?reqlogin;Arret_Bus;Autre;no;no;no;no;;Sakeit daer;Sakeit daer;Sfax
SRT_SFAX;;Ben ayedi;;Soretras;10.7771971;34.7769726;http://mdc.giscloud.com/rest/1/layers/3330123/features/328/joindre_des_photos/mdc_photo_mdc_928be6_1599052815666_1599052835906.jpg?reqlogin, http://mdc.giscloud.com/rest/1/layers/3330123/features/328/joindre_des_photos/mdc_photo_mdc_878d49_1599052826957_1599052835906.jpg?reqlogin;Arret_Bus;Abri;yes;no;no;no;;Sakeit daer;Sakeit daer;Sfax
SRT_SFAX;;Zanket zalouza;;Soretras;10.7759888;34.7739111;http://mdc.giscloud.com/rest/1/layers/3330123/features/329/joindre_des_photos/mdc_photo_mdc_40a264_1599052941760_1599052969346.jpg?reqlogin, http://mdc.giscloud.com/rest/1/layers/3330123/features/329/joindre_des_photos/mdc_photo_mdc_19e619_1599052953525_1599052969346.jpg?reqlogin;Arret_Bus;Abri;yes;no;no;no;;Sakeit daer;Sakeit daer;Sfax
SRT_SFAX;;Kaanich;;Soretras;10.7745209;34.770361;http://mdc.giscloud.com/rest/1/layers/3330123/features/330/joindre_des_photos/mdc_photo_mdc_c97ea7_1599053105258_1599053135695.jpg?reqlogin, http://mdc.giscloud.com/rest/1/layers/3330123/features/330/joindre_des_photos/mdc_photo_mdc_6c4547_1599053120588_1599053135695.jpg?reqlogin;Arret_Bus;Abri;yes;no;no;no;;Sakeit daer;Sakeit daer;Sfax
SRT_SFAX;;Hafara;;Soretras;10.7739825;34.766212;http://mdc.giscloud.com/rest/1/layers/3330123/features/331/joindre_des_photos/mdc_photo_mdc_0c3c7c_1599053280804_1599053311492.jpg?reqlogin, http://mdc.giscloud.com/rest/1/layers/3330123/features/331/joindre_des_photos/mdc_photo_mdc_d40218_1599053294297_1599053311492.jpg?reqlogin;Arret_Bus;Poteau;no;no;no;no;;Sakeit daer;Sakeit daer;Sfax
SRT_SFAX;;Blaket;;Soretras;10.7737639;34.7641618;http://mdc.giscloud.com/rest/1/layers/3330123/features/332/joindre_des_photos/mdc_photo_mdc_062c4d_1599053459058_1599053488170.jpg?reqlogin, http://mdc.giscloud.com/rest/1/layers/3330123/features/332/joindre_des_photos/mdc_photo_mdc_491d71_1599053474085_1599053488170.jpg?reqlogin;Arret_Bus;Abri;yes;no;no;no;;Sakeit daer;Sakeit daer;Sfax
SRT_SFAX;;Tofaha;;Soretras;10.7728829;34.7616354;http://mdc.giscloud.com/rest/1/layers/3330123/features/333/joindre_des_photos/mdc_photo_mdc_df7208_1599053602945_1599053621437.jpg?reqlogin, http://mdc.giscloud.com/rest/1/layers/3330123/features/333/joindre_des_photos/mdc_photo_mdc_d07dc9_1599053613956_1599053621437.jpg?reqlogin;Arret_Bus;Abri;yes;no;no;no;;Sakeit dayer ;Sakeit dayer;Sfax
SRT_SFAX;;Lyce Mohamed ali;;Soretras;10.7718665;34.7597624;http://mdc.giscloud.com/rest/1/layers/3330123/features/334/joindre_des_photos/mdc_photo_mdc_b74761_1599053762158_1599053780844.jpg?reqlogin, http://mdc.giscloud.com/rest/1/layers/3330123/features/334/joindre_des_photos/mdc_photo_mdc_0ef26a_1599053774894_1599053780844.jpg?reqlogin;Arret_Bus;Abri;yes;no;no;no;;Sakeit daer;Sakeit daer;Sfax
SRT_SFAX;;Mosque bousten;;Soretras;10.7701574;34.7564635;http://mdc.giscloud.com/rest/1/layers/3330123/features/335/joindre_des_photos/mdc_photo_mdc_ae28ab_1599053937204_1599053971201.jpg?reqlogin, http://mdc.giscloud.com/rest/1/layers/3330123/features/335/joindre_des_photos/mdc_photo_mdc_7d14ab_1599053955058_1599053971209.jpg?reqlogin;Arret_Bus;Abri;yes;no;no;no;;Sakeit dayer ;Sakeit dayer;Sfax
SRT_SFAX;;Moularouge;;Soretras;10.7653524;34.7451195;http://mdc.giscloud.com/rest/1/layers/3330123/features/336/joindre_des_photos/mdc_photo_mdc_a478d1_1599054272205_1599054294423.jpg?reqlogin, http://mdc.giscloud.com/rest/1/layers/3330123/features/336/joindre_des_photos/mdc_photo_mdc_9a298c_1599054284202_1599054294424.jpg?reqlogin;Arret_Bus;Autre;no;no;no;no;;Sfax madina;Sfax sud ;Sfax
SRT_SFAX;;Karya;;Soretras;10.7617048;34.7396801;http://mdc.giscloud.com/rest/1/layers/3330123/features/337/joindre_des_photos/mdc_photo_mdc_cae9cb_1599054668657_1599054683427.jpg?reqlogin, http://mdc.giscloud.com/rest/1/layers/3330123/features/337/joindre_des_photos/mdc_photo_mdc_2776f3_1599054678791_1599054683428.jpg?reqlogin;Station_Bus;Batiment;yes;yes;yes;yes;;Sfax madina;Sfax;Sfax
SRT_SFAX;;Msala;;Soretras;10.7871392;34.8039326;http://mdc.giscloud.com/rest/1/layers/3330123/features/621/joindre_des_photos/mdc_photo_mdc_a27de4_1600425977624_1600426032824.jpg?reqlogin, http://mdc.giscloud.com/rest/1/layers/3330123/features/621/joindre_des_photos/mdc_photo_mdc_0c0970_1600426004290_1600426032824.jpg?reqlogin;Arret_Bus;Autre;no;no;no;no;;Sakeit daer;Sfax sud;Sfax
SRT_SFAX;;Mostawsaf;;Soretras;10.7795311;34.7899361;http://mdc.giscloud.com/rest/1/layers/3330123/features/623/joindre_des_photos/mdc_photo_mdc_53d4e2_1600428102581_1600428124543.jpg?reqlogin, http://mdc.giscloud.com/rest/1/layers/3330123/features/623/joindre_des_photos/mdc_photo_mdc_cc27be_1600428118669_1600428124543.jpg?reqlogin;Arret_Bus;Poteau;no;no;no;no;;Sakeit zit;Sfax sud;Sfax
SRT_SFAX;;Abd moula;;Soretras;10.7747137;34.7932072;http://mdc.giscloud.com/rest/1/layers/3330123/features/624/joindre_des_photos/mdc_photo_mdc_6374eb_1600428255495_1600428291596.jpg?reqlogin, http://mdc.giscloud.com/rest/1/layers/3330123/features/624/joindre_des_photos/mdc_photo_mdc_d99f17_1600428283719_1600428291596.jpg?reqlogin;Arret_Bus;Poteau;no;no;no;no;;Sakeit zit;Sfax sud;Sfax
SRT_SFAX;;Terminus bderna;;Soretras;10.8416505;34.872943;http://mdc.giscloud.com/rest/1/layers/3330123/features/343/joindre_des_photos/mdc_photo_mdc_153e9f_1599044874559_1599117429340.jpg?reqlogin, http://mdc.giscloud.com/rest/1/layers/3330123/features/343/joindre_des_photos/mdc_photo_mdc_f28749_1599044892848_1599117429341.jpg?reqlogin;Arret_Bus;Autre;no;no;no;no;;Kakeit daer;Sakeit daer;Sfax
SRT_SFAX;;Pharmacie bderna;;Soretras;10.8391693;34.8686037;http://mdc.giscloud.com/rest/1/layers/3330123/features/344/joindre_des_photos/mdc_photo_mdc_a28b17_1599045811173_1599117431820.jpg?reqlogin, http://mdc.giscloud.com/rest/1/layers/3330123/features/344/joindre_des_photos/mdc_photo_mdc_97a2d8_1599045845621_1599117431820.jpg?reqlogin;Arret_Bus;Abri;yes;no;no;no;;Sakeit dayer;Sakeit dayer;Sfax
SRT_SFAX;;Test;;Soretras;10.757106;34.7290561;http://mdc.giscloud.com/rest/1/layers/3330123/features/345/joindre_des_photos/mdc_photo_mdc_66a8a2_1599117354963_1599117433618.jpg?reqlogin;Arret_Bus;Autre;no;no;no;no;;Sfax;Sfax;Sfax
SRT_SFAX;;Terminus bderna;;Soretras;10.757018333333;34.729133333333;http://mdc.giscloud.com/rest/1/layers/3330123/features/346/joindre_des_photos/mdc_photo_mdc_7a7295_1599045604562_1599117435229.jpg?reqlogin, http://mdc.giscloud.com/rest/1/layers/3330123/features/346/joindre_des_photos/mdc_photo_mdc_82c9ba_1599045618346_1599117435229.jpg?reqlogin;Arret_Bus;Abri;yes;no;no;no;;Sakeit dayer;Sakeit dayer;Sfax
SRT_SFAX;;Sorimex;;Soretras;10.724386666667;34.714766666667;http://mdc.giscloud.com/rest/1/layers/3330123/features/347/joindre_des_photos/mdc_photo_mdc_f4bceb_1599127498233_1599127541976.jpg?reqlogin, http://mdc.giscloud.com/rest/1/layers/3330123/features/347/joindre_des_photos/mdc_photo_mdc_2c7f0b_1599127521342_1599127541976.jpg?reqlogin;Arret_Bus;Autre;no;no;no;no;;Hey hbib ;Sfax nord;Sfax
SRT_SFAX;;Hey hbib;;Soretras;10.722568333333;34.716931666667;http://mdc.giscloud.com/rest/1/layers/3330123/features/348/joindre_des_photos/mdc_photo_mdc_221010_1599127649275_1599127686381.jpg?reqlogin, http://mdc.giscloud.com/rest/1/layers/3330123/features/348/joindre_des_photos/mdc_photo_mdc_7ea939_1599127673901_1599127686382.jpg?reqlogin;Arret_Bus;Abri;yes;no;no;no;;Hey hbib;Sfax nord;Sfax
SRT_SFAX;;Hey hbib2;;Soretras;10.720293333333;34.71993;http://mdc.giscloud.com/rest/1/layers/3330123/features/349/joindre_des_photos/mdc_photo_mdc_0fe6ab_1599127886218_1599127926338.jpg?reqlogin, http://mdc.giscloud.com/rest/1/layers/3330123/features/349/joindre_des_photos/mdc_photo_mdc_baf5e8_1599127912790_1599127926339.jpg?reqlogin;Arret_Bus;Autre;no;no;no;no;;Hey hbib;Sfax nord;Sfax
SRT_SFAX;;Sokra;;Soretras;10.71798;34.723185;http://mdc.giscloud.com/rest/1/layers/3330123/features/350/joindre_des_photos/mdc_photo_mdc_a10b0f_1599128045804_1599128067987.jpg?reqlogin, http://mdc.giscloud.com/rest/1/layers/3330123/features/350/joindre_des_photos/mdc_photo_mdc_edffc0_1599128057539_1599128067987.jpg?reqlogin;Arret_Bus;Autre;no;no;no;no;;Hey hbib;Sfax nord;Sfax
SRT_SFAX;;Enis;;Soretras;10.71692;34.72481;http://mdc.giscloud.com/rest/1/layers/3330123/features/351/joindre_des_photos/mdc_photo_mdc_4b3a8c_1599128192878_1599128232405.jpg?reqlogin, http://mdc.giscloud.com/rest/1/layers/3330123/features/351/joindre_des_photos/mdc_photo_mdc_493ce6_1599128208290_1599128232406.jpg?reqlogin;Arret_Bus;Poteau;no;no;no;no;;Hey hbib;Sfax nord;Sfax
SRT_SFAX;;Terminus 25;;Soretras;10.715648333333;34.726923333333;http://mdc.giscloud.com/rest/1/layers/3330123/features/352/joindre_des_photos/mdc_photo_mdc_54f7e9_1599128351548_1599128378811.jpg?reqlogin, http://mdc.giscloud.com/rest/1/layers/3330123/features/352/joindre_des_photos/mdc_photo_mdc_eb78f4_1599128370010_1599128378811.jpg?reqlogin;Arret_Bus;Autre;no;no;no;no;;Hey hbib;Sfax nord;Sfax
SRT_SFAX;;FSEG;;Soretras;10.710553333333;34.733416666667;http://mdc.giscloud.com/rest/1/layers/3330123/features/354/joindre_des_photos/mdc_photo_mdc_6bb3ec_1599128713595_1599128873895.jpg?reqlogin, http://mdc.giscloud.com/rest/1/layers/3330123/features/354/joindre_des_photos/mdc_photo_mdc_122c45_1599128739684_1599128873896.jpg?reqlogin;Arret_Bus;Autre;no;no;no;no;;Hey hbib;Sfax nord;Sfax
SRT_SFAX;;ecole superieure de commerce de sfax;;Soretras;10.708806666667;34.733585;http://mdc.giscloud.com/rest/1/layers/3330123/features/355/joindre_des_photos/mdc_photo_mdc_11f0a7_1599128957047_1599129046661.jpg?reqlogin, http://mdc.giscloud.com/rest/1/layers/3330123/features/355/joindre_des_photos/mdc_photo_mdc_244a01_1599128980089_1599129046661.jpg?reqlogin;Arret_Bus;Autre;no;no;no;no;;Hey hbib ;Sfax nord;Sfax
SRT_SFAX;;Santé;;Soretras;10.705278333333;34.733748333333;http://mdc.giscloud.com/rest/1/layers/3330123/features/356/joindre_des_photos/mdc_photo_mdc_f8d21c_1599129178860_1599129237190.jpg?reqlogin, http://mdc.giscloud.com/rest/1/layers/3330123/features/356/joindre_des_photos/mdc_photo_mdc_a2f8ae_1599129212972_1599129237190.jpg?reqlogin;Arret_Bus;Autre;no;no;no;no;;Hey hbib;Sfax nord ;Sfax
SRT_SFAX;;Lettre;;Soretras;10.702081666667;34.734248333333;http://mdc.giscloud.com/rest/1/layers/3330123/features/357/joindre_des_photos/mdc_photo_mdc_fab160_1599129323559_1599129376466.jpg?reqlogin, http://mdc.giscloud.com/rest/1/layers/3330123/features/357/joindre_des_photos/mdc_photo_mdc_4f7d07_1599129346677_1599129376467.jpg?reqlogin;Arret_Bus;Poteau;no;no;no;no;;Hey hbib ;Sfax nord;Sfax
SRT_SFAX;;Iseps;;Soretras;10.713688;34.733127;http://mdc.giscloud.com/rest/1/layers/3330123/features/353/joindre_des_photos/mdc_photo_mdc_6885d4_1599128535408_1599128617548.jpg?reqlogin, http://mdc.giscloud.com/rest/1/layers/3330123/features/353/joindre_des_photos/mdc_photo_mdc_c51e9e_1599128551240_1599128617548.jpg?reqlogin;Arret_Bus;Autre;no;no;no;no;;Hey hbib ;Sfax nord;Sfax
SRT_SFAX;;Foyer yasamine;;Soretras;10.702388333333;34.736396666667;http://mdc.giscloud.com/rest/1/layers/3330123/features/358/joindre_des_photos/mdc_photo_mdc_61e843_1599129467365_1599129499320.jpg?reqlogin, http://mdc.giscloud.com/rest/1/layers/3330123/features/358/joindre_des_photos/mdc_photo_mdc_9d8b62_1599129486186_1599129499320.jpg?reqlogin;Arret_Bus;Autre;no;no;no;no;;Hey hbib ;Sfax nord ;Sfax
SRT_SFAX;;Hey nour;;Soretras;10.706783333333;34.738596666667;http://mdc.giscloud.com/rest/1/layers/3330123/features/359/joindre_des_photos/mdc_photo_mdc_8362b8_1599129669201_1599129711413.jpg?reqlogin, http://mdc.giscloud.com/rest/1/layers/3330123/features/359/joindre_des_photos/mdc_photo_mdc_d6e5c7_1599129689649_1599129711413.jpg?reqlogin;Arret_Bus;Autre;no;no;no;no;;Hey hbib;Sfax nord;Sfax
SRT_SFAX;;Hey bahri 1;;Soretras;10.704441666667;34.74298;http://mdc.giscloud.com/rest/1/layers/3330123/features/360/joindre_des_photos/mdc_photo_mdc_1930b8_1599129855654_1599129886776.jpg?reqlogin, http://mdc.giscloud.com/rest/1/layers/3330123/features/360/joindre_des_photos/mdc_photo_mdc_149b3d_1599129865459_1599129886776.jpg?reqlogin;Arret_Bus;Autre;no;no;no;no;;Hey hbib;Sfax nord;Sfax
SRT_SFAX;;Hammami;;Soretras;10.698843333333;34.744361666667;http://mdc.giscloud.com/rest/1/layers/3330123/features/361/joindre_des_photos/mdc_photo_mdc_4f2f44_1599130013121_1599130037085.jpg?reqlogin, http://mdc.giscloud.com/rest/1/layers/3330123/features/361/joindre_des_photos/mdc_photo_mdc_c51125_1599130024814_1599130037085.jpg?reqlogin;Arret_Bus;Autre;no;no;no;no;;Hey hbib ;Sfax nord;Sfax
SRT_SFAX;;Steg;;Soretras;10.704868333333;34.74947;http://mdc.giscloud.com/rest/1/layers/3330123/features/362/joindre_des_photos/mdc_photo_mdc_528196_1599130203807_1599130241276.jpg?reqlogin, http://mdc.giscloud.com/rest/1/layers/3330123/features/362/joindre_des_photos/mdc_photo_mdc_d85c32_1599130221089_1599130241276.jpg?reqlogin;Arret_Bus;Autre;no;no;no;no;;Hey hbib;Sfax nord;Sfax 
SRT_SFAX;;Lyce mahmoud megduich;;Soretras;10.707541666667;34.75155;http://mdc.giscloud.com/rest/1/layers/3330123/features/363/joindre_des_photos/mdc_photo_mdc_31559d_1599130350429_1599130384767.jpg?reqlogin, http://mdc.giscloud.com/rest/1/layers/3330123/features/363/joindre_des_photos/mdc_photo_mdc_4c0005_1599130374932_1599130384767.jpg?reqlogin;Arret_Bus;Autre;no;no;no;no;;Hey hbib;Sfax nord;Sfax
SRT_SFAX;;Manzel chaker;;Soretras;10.710246666667;34.754403333333;http://mdc.giscloud.com/rest/1/layers/3330123/features/364/joindre_des_photos/mdc_photo_mdc_155a89_1599130568810_1599130602413.jpg?reqlogin, http://mdc.giscloud.com/rest/1/layers/3330123/features/364/joindre_des_photos/mdc_photo_mdc_0277eb_1599130582621_1599130602413.jpg?reqlogin;Arret_Bus;Autre;no;no;no;no;;Manzel chaker;Sfax sud;Sfax
SRT_SFAX;;Sidi khafi;;Soretras;10.711623333333;34.75643;http://mdc.giscloud.com/rest/1/layers/3330123/features/365/joindre_des_photos/mdc_photo_mdc_11cbc2_1599130937926_1599130959877.jpg?reqlogin, http://mdc.giscloud.com/rest/1/layers/3330123/features/365/joindre_des_photos/mdc_photo_mdc_479163_1599130948757_1599130959877.jpg?reqlogin;Arret_Bus;Autre;no;no;no;no;;Manzel chaker;Sfax sud;Sfax 
SRT_SFAX;;Mostawsaf;;Soretras;10.714553333333;34.75885;http://mdc.giscloud.com/rest/1/layers/3330123/features/366/joindre_des_photos/mdc_photo_mdc_e8bcfa_1599131117226_1599131145574.jpg?reqlogin, http://mdc.giscloud.com/rest/1/layers/3330123/features/366/joindre_des_photos/mdc_photo_mdc_b1d96a_1599131135461_1599131145574.jpg?reqlogin;Arret_Bus;Autre;no;no;no;no;;Manzel chaker ;Sfax nord;Sfax
SRT_SFAX;;Ain;;Soretras;10.71861;34.76168;http://mdc.giscloud.com/rest/1/layers/3330123/features/367/joindre_des_photos/mdc_photo_mdc_7d9493_1599131249189_1599131275480.jpg?reqlogin, http://mdc.giscloud.com/rest/1/layers/3330123/features/367/joindre_des_photos/mdc_photo_mdc_288951_1599131261369_1599131275481.jpg?reqlogin;Arret_Bus;Autre;no;no;no;no;;Ain;Sfax sud;Sfax
SRT_SFAX;;Afrane;;Soretras;10.723693333333;34.765088333333;http://mdc.giscloud.com/rest/1/layers/3330123/features/368/joindre_des_photos/mdc_photo_mdc_0b7c52_1599131367913_1599131397376.jpg?reqlogin, http://mdc.giscloud.com/rest/1/layers/3330123/features/368/joindre_des_photos/mdc_photo_mdc_5ccb45_1599131379517_1599131397377.jpg?reqlogin;Arret_Bus;Autre;no;no;no;no;;Gremda;Sfax nord;Sfax
SRT_SFAX;;Mahsouna;;Soretras;10.728178333333;34.763076666667;http://mdc.giscloud.com/rest/1/layers/3330123/features/369/joindre_des_photos/mdc_photo_mdc_dcbe5d_1599131742132_1599131784438.jpg?reqlogin, http://mdc.giscloud.com/rest/1/layers/3330123/features/369/joindre_des_photos/mdc_photo_mdc_e79df8_1599131768261_1599131784438.jpg?reqlogin;Arret_Bus;Autre;no;no;no;no;;Gremda;Sfax nord;Sfax
SRT_SFAX;;Gremda;;Soretras;10.734201666667;34.76791;http://mdc.giscloud.com/rest/1/layers/3330123/features/370/joindre_des_photos/mdc_photo_mdc_635d3b_1599131917128_1599131942035.jpg?reqlogin, http://mdc.giscloud.com/rest/1/layers/3330123/features/370/joindre_des_photos/mdc_photo_mdc_cff415_1599131930746_1599131942036.jpg?reqlogin;Arret_Bus;Autre;no;no;no;no;;Gremda;Sfax nord;Sfax
SRT_SFAX;;Sidi abbes;;Soretras;10.737208333333;34.76655;http://mdc.giscloud.com/rest/1/layers/3330123/features/371/joindre_des_photos/mdc_photo_mdc_4b61d8_1599132110358_1599132129472.jpg?reqlogin, http://mdc.giscloud.com/rest/1/layers/3330123/features/371/joindre_des_photos/mdc_photo_mdc_753354_1599132122979_1599132129473.jpg?reqlogin;Arret_Bus;Autre;no;no;no;no;;Gremda;Sfax nord;Sfax
SRT_SFAX;;Kayed mhamed;;Soretras;10.740853333333;34.769003333333;http://mdc.giscloud.com/rest/1/layers/3330123/features/372/joindre_des_photos/mdc_photo_mdc_da1d7d_1599132248111_1599132268307.jpg?reqlogin, http://mdc.giscloud.com/rest/1/layers/3330123/features/372/joindre_des_photos/mdc_photo_mdc_f56ec1_1599132259910_1599132268308.jpg?reqlogin;Arret_Bus;Autre;no;no;no;no;;Chihiya;Sfax nord;Sfax
SRT_SFAX;;Tbolbi;;Soretras;10.748141666667;34.771333333333;http://mdc.giscloud.com/rest/1/layers/3330123/features/373/joindre_des_photos/mdc_photo_mdc_6a5a8e_1599132399549_1599132436884.jpg?reqlogin, http://mdc.giscloud.com/rest/1/layers/3330123/features/373/joindre_des_photos/mdc_photo_mdc_c445a3_1599132420958_1599132436885.jpg?reqlogin;Arret_Bus;Autre;no;no;no;no;;Chihiya;Sfax nord;Sfax
SRT_SFAX;;Iirwi;;Soretras;10.752416666667;34.77209;http://mdc.giscloud.com/rest/1/layers/3330123/features/374/joindre_des_photos/mdc_photo_mdc_bb9086_1599132608292_1599132639531.jpg?reqlogin, http://mdc.giscloud.com/rest/1/layers/3330123/features/374/joindre_des_photos/mdc_photo_mdc_b4e77c_1599132629619_1599132639532.jpg?reqlogin;Arret_Bus;Autre;no;no;no;no;;Chihiya ;Sfax nord;Sfax
SRT_SFAX;;Kiosk;;Soretras;10.751461666667;34.77447;http://mdc.giscloud.com/rest/1/layers/3330123/features/375/joindre_des_photos/mdc_photo_mdc_ba1a77_1599132748540_1599132770075.jpg?reqlogin, http://mdc.giscloud.com/rest/1/layers/3330123/features/375/joindre_des_photos/mdc_photo_mdc_c40637_1599132760307_1599132770075.jpg?reqlogin;Arret_Bus;Autre;no;no;no;no;;Chihiya;Sfax nord;Sfax
SRT_SFAX;;Saadalah ;;Soretras;10.749315;34.777348333333;http://mdc.giscloud.com/rest/1/layers/3330123/features/376/joindre_des_photos/mdc_photo_mdc_aa98ba_1599132851526_1599132877901.jpg?reqlogin, http://mdc.giscloud.com/rest/1/layers/3330123/features/376/joindre_des_photos/mdc_photo_mdc_d2dfdb_1599132862941_1599132877901.jpg?reqlogin;Arret_Bus;Autre;no;no;no;no;;Chihiya;Sfax nord;Sfax
SRT_SFAX;;Diwan fm;;Soretras;10.74792;34.7797;http://mdc.giscloud.com/rest/1/layers/3330123/features/377/joindre_des_photos/mdc_photo_mdc_050b17_1599132948334_1599132984029.jpg?reqlogin, http://mdc.giscloud.com/rest/1/layers/3330123/features/377/joindre_des_photos/mdc_photo_mdc_f74a53_1599132964908_1599132984029.jpg?reqlogin;Arret_Bus;Autre;no;no;no;no;;Chihiya;Sfax nors;Sfax
SRT_SFAX;;Aajouza;;Soretras;10.747221666667;34.781546666667;http://mdc.giscloud.com/rest/1/layers/3330123/features/378/joindre_des_photos/mdc_photo_mdc_a9cde6_1599133088760_1599133111968.jpg?reqlogin, http://mdc.giscloud.com/rest/1/layers/3330123/features/378/joindre_des_photos/mdc_photo_mdc_6fba60_1599133100408_1599133111969.jpg?reqlogin;Arret_Bus;Autre;no;no;no;no;;Chihiya;Sfax nord;Sfax
SRT_SFAX;;Kanoun;;Soretras;10.746418333333;34.784293333333;http://mdc.giscloud.com/rest/1/layers/3330123/features/379/joindre_des_photos/mdc_photo_mdc_443550_1599133195518_1599133216018.jpg?reqlogin, http://mdc.giscloud.com/rest/1/layers/3330123/features/379/joindre_des_photos/mdc_photo_mdc_12699b_1599133205929_1599133216026.jpg?reqlogin;Arret_Bus;Autre;no;no;no;no;;Chihiya;Sfax nord;Sfax
SRT_SFAX;;Borj;;Soretras;10.746068333333;34.785675;http://mdc.giscloud.com/rest/1/layers/3330123/features/380/joindre_des_photos/mdc_photo_mdc_363da3_1599133308365_1599133347364.jpg?reqlogin, http://mdc.giscloud.com/rest/1/layers/3330123/features/380/joindre_des_photos/mdc_photo_mdc_3d4303_1599133328517_1599133347365.jpg?reqlogin;Arret_Bus;Poteau;no;no;no;no;;Chihiya;Sfax nord;Sfax
SRT_SFAX;;Bonus;;Soretras;10.745548333333;34.78789;http://mdc.giscloud.com/rest/1/layers/3330123/features/381/joindre_des_photos/mdc_photo_mdc_c3e582_1599133440157_1599133460413.jpg?reqlogin, http://mdc.giscloud.com/rest/1/layers/3330123/features/381/joindre_des_photos/mdc_photo_mdc_2e31dd_1599133452382_1599133460414.jpg?reqlogin;Arret_Bus;Autre;no;no;no;no;;Chihiya;Sfax nord;Sfax
SRT_SFAX;;Chihiya;;Soretras;10.744036666667;34.791826666667;http://mdc.giscloud.com/rest/1/layers/3330123/features/382/joindre_des_photos/mdc_photo_mdc_c0e672_1599133595126_1599133638065.jpg?reqlogin, http://mdc.giscloud.com/rest/1/layers/3330123/features/382/joindre_des_photos/mdc_photo_mdc_67c042_1599133618720_1599133638065.jpg?reqlogin;Arret_Bus;Autre;no;no;no;no;;Chihiya;Sfax nord;Sfax
SRT_SFAX;;Akwas;;Soretras;10.752058333333;34.796693333333;http://mdc.giscloud.com/rest/1/layers/3330123/features/383/joindre_des_photos/mdc_photo_mdc_c2e34e_1599133783215_1599133818486.jpg?reqlogin, http://mdc.giscloud.com/rest/1/layers/3330123/features/383/joindre_des_photos/mdc_photo_mdc_582a33_1599133793964_1599133818486.jpg?reqlogin;Arret_Bus;Autre;no;no;no;no;;Sakeit zit;Sakeit zit;Sfax
SRT_SFAX;;Centre de recherche;;Soretras;10.755791666667;34.836638333333;http://mdc.giscloud.com/rest/1/layers/3330123/features/384/joindre_des_photos/mdc_photo_mdc_b159ec_1599134959315_1599134988025.jpg?reqlogin, http://mdc.giscloud.com/rest/1/layers/3330123/features/384/joindre_des_photos/mdc_photo_mdc_ec8e0e_1599134972328_1599134988025.jpg?reqlogin;Arret_Bus;Autre;no;no;no;no;;Sakeit zit;Sakeit zit;Sfax
SRT_SFAX;;Rond-point;;Soretras;10.752228333333;34.73364;http://mdc.giscloud.com/rest/1/layers/3330123/features/386/joindre_des_photos/mdc_photo_mdc_e62fc2_1599208686056_1599208731656.jpg?reqlogin, http://mdc.giscloud.com/rest/1/layers/3330123/features/386/joindre_des_photos/mdc_photo_mdc_6c4847_1599208701017_1599208731656.jpg?reqlogin;Arret_Bus;Abri;yes;no;no;no;;Sfax madina;Sfax;Sfax
SRT_SFAX;;Lyce garÃ§on;;Soretras;10.749556666667;34.732633333333;http://mdc.giscloud.com/rest/1/layers/3330123/features/387/joindre_des_photos/mdc_photo_mdc_fae578_1599208863137_1599208910568.jpg?reqlogin, http://mdc.giscloud.com/rest/1/layers/3330123/features/387/joindre_des_photos/mdc_photo_mdc_d72574_1599208888356_1599208910568.jpg?reqlogin;Arret_Bus;Abri;yes;no;no;no;;Sfax madina;Sfax ;Sfax
SRT_SFAX;;Chaabouni;;Soretras;10.744083333333;34.728523333333;http://mdc.giscloud.com/rest/1/layers/3330123/features/388/joindre_des_photos/mdc_photo_mdc_9baa2a_1599209292212_1599209325292.jpg?reqlogin, http://mdc.giscloud.com/rest/1/layers/3330123/features/388/joindre_des_photos/mdc_photo_mdc_19519c_1599209304626_1599209325293.jpg?reqlogin;Arret_Bus;Autre;no;no;no;no;;Tina;Sfax sud;Sfax
SRT_SFAX;;Comptoire;;Soretras;10.742153333333;34.726991666667;http://mdc.giscloud.com/rest/1/layers/3330123/features/389/joindre_des_photos/mdc_photo_mdc_bcd879_1599209417685_1599209441615.jpg?reqlogin, http://mdc.giscloud.com/rest/1/layers/3330123/features/389/joindre_des_photos/mdc_photo_mdc_59839d_1599209434148_1599209441615.jpg?reqlogin;Arret_Bus;Autre;no;no;no;no;;Tina;Sfax sud;Sfax
SRT_SFAX;;Sopal;;Soretras;10.739653333333;34.725393333333;http://mdc.giscloud.com/rest/1/layers/3330123/features/390/joindre_des_photos/mdc_photo_mdc_fcc1e3_1599209524585_1599209574457.jpg?reqlogin, http://mdc.giscloud.com/rest/1/layers/3330123/features/390/joindre_des_photos/mdc_photo_mdc_753adf_1599209544043_1599209574457.jpg?reqlogin;Arret_Bus;Abri;yes;no;no;no;;Tina;Sfax sud;Sfax
SRT_SFAX;;Schlumberger;;Soretras;10.736605;34.723415;http://mdc.giscloud.com/rest/1/layers/3330123/features/391/joindre_des_photos/mdc_photo_mdc_5b96d1_1599209689003_1599209750901.jpg?reqlogin, http://mdc.giscloud.com/rest/1/layers/3330123/features/391/joindre_des_photos/mdc_photo_mdc_8ca472_1599209703444_1599209750901.jpg?reqlogin;Arret_Bus;Autre;no;no;no;no;;Tina;Sfax sud;Sfax
SRT_SFAX;;Masmoudi;;Soretras;10.734733333333;34.722058333333;http://mdc.giscloud.com/rest/1/layers/3330123/features/392/joindre_des_photos/mdc_photo_mdc_9dd748_1599209826181_1599209865742.jpg?reqlogin, http://mdc.giscloud.com/rest/1/layers/3330123/features/392/joindre_des_photos/mdc_photo_mdc_313ea8_1599209843427_1599209865742.jpg?reqlogin;Arret_Bus;Autre;no;no;no;no;;Tina;Sfax sud ;Sfax
SRT_SFAX;;Souk LYBYA(gargouri) ;;Soretras;10.732576666667;34.720048333333;http://mdc.giscloud.com/rest/1/layers/3330123/features/393/joindre_des_photos/mdc_photo_mdc_71534d_1599210036836_1599210091453.jpg?reqlogin, http://mdc.giscloud.com/rest/1/layers/3330123/features/393/joindre_des_photos/mdc_photo_mdc_e4e594_1599210072470_1599210091453.jpg?reqlogin;Arret_Bus;Abri;yes;no;no;no;;Tina;Sfax sud;Sfax
SRT_SFAX;;Maamal chamiya;;Soretras;10.730253333333;34.717248333333;http://mdc.giscloud.com/rest/1/layers/3330123/features/394/joindre_des_photos/mdc_photo_mdc_721be6_1599210282256_1599210400826.jpg?reqlogin, http://mdc.giscloud.com/rest/1/layers/3330123/features/394/joindre_des_photos/mdc_photo_mdc_f5155a_1599210298748_1599210400886.jpg?reqlogin;Arret_Bus;Autre;no;no;no;no;;Tina;Sfax sud;Sfax
SRT_SFAX;;Kasas hey hbib;;Soretras;10.72633;34.712353333333;http://mdc.giscloud.com/rest/1/layers/3330123/features/395/joindre_des_photos/mdc_photo_mdc_dcf5c7_1599210542258_1599210585336.jpg?reqlogin, http://mdc.giscloud.com/rest/1/layers/3330123/features/395/joindre_des_photos/mdc_photo_mdc_b412b2_1599210555376_1599210585336.jpg?reqlogin;Arret_Bus;Abri;yes;no;no;no;;Tina;Sfax sud;Sfax
SRT_SFAX;;Sabara;;Soretras;10.718196666667;34.699328333333;http://mdc.giscloud.com/rest/1/layers/3330123/features/396/joindre_des_photos/mdc_photo_mdc_b635e0_1599210787399_1599210836454.jpg?reqlogin, http://mdc.giscloud.com/rest/1/layers/3330123/features/396/joindre_des_photos/mdc_photo_mdc_e46924_1599210798800_1599210836454.jpg?reqlogin;Arret_Bus;Autre;no;no;no;no;;Tina;Sfax sud;Sfax
SRT_SFAX;;Hey nasr;;Soretras;10.714976666667;34.694948333333;http://mdc.giscloud.com/rest/1/layers/3330123/features/397/joindre_des_photos/mdc_photo_mdc_a88809_1599210985049_1599211058932.jpg?reqlogin, http://mdc.giscloud.com/rest/1/layers/3330123/features/397/joindre_des_photos/mdc_photo_mdc_4632fb_1599211015382_1599211058932.jpg?reqlogin;Arret_Bus;Abri;yes;no;no;no;;Tina;Sfax sud ;Sfax
SRT_SFAX;;Jabenet badrani;;Soretras;10.712561666667;34.692623333333;http://mdc.giscloud.com/rest/1/layers/3330123/features/398/joindre_des_photos/mdc_photo_mdc_5ac8d2_1599211584083_1599211613430.jpg?reqlogin, http://mdc.giscloud.com/rest/1/layers/3330123/features/398/joindre_des_photos/mdc_photo_mdc_d56946_1599211604638_1599211613430.jpg?reqlogin;Arret_Bus;Poteau;no;no;no;no;;Tina;Sfax sud;Sfax
SRT_SFAX;;Hey badrani;;Soretras;10.710763333333;34.690883333333;http://mdc.giscloud.com/rest/1/layers/3330123/features/399/joindre_des_photos/mdc_photo_mdc_9efd19_1599211711675_1599211738721.jpg?reqlogin, http://mdc.giscloud.com/rest/1/layers/3330123/features/399/joindre_des_photos/mdc_photo_mdc_583fc8_1599211727526_1599211738721.jpg?reqlogin;Arret_Bus;Autre;no;no;no;no;;Tina;Sfax sud;Sfax
SRT_SFAX;;Touta;;Soretras;10.707973333333;34.68834;http://mdc.giscloud.com/rest/1/layers/3330123/features/400/joindre_des_photos/mdc_photo_mdc_545a9b_1599212394014_1599212434535.jpg?reqlogin, http://mdc.giscloud.com/rest/1/layers/3330123/features/400/joindre_des_photos/mdc_photo_mdc_cbaaee_1599212423133_1599212434536.jpg?reqlogin;Arret_Bus;Abri;no;no;no;no;;Tina;Sfax sud;Sfax
SRT_SFAX;;Hey moaz;;Soretras;10.705453333333;34.686228333333;http://mdc.giscloud.com/rest/1/layers/3330123/features/401/joindre_des_photos/mdc_photo_mdc_42e0e0_1599212591390_1599212624751.jpg?reqlogin, http://mdc.giscloud.com/rest/1/layers/3330123/features/401/joindre_des_photos/mdc_photo_mdc_546885_1599212608180_1599212624751.jpg?reqlogin;Arret_Bus;Autre;no;no;no;no;;Tina;Sfax sud;Sfax
SRT_SFAX;;Aalama;;Soretras;10.702491666667;34.683105;http://mdc.giscloud.com/rest/1/layers/3330123/features/402/joindre_des_photos/mdc_photo_mdc_721df6_1599212811837_1599212842731.jpg?reqlogin, http://mdc.giscloud.com/rest/1/layers/3330123/features/402/joindre_des_photos/mdc_photo_mdc_0a4260_1599212824412_1599212842731.jpg?reqlogin;Arret_Bus;Abri;yes;no;no;no;;Tina;Sfax sud;Sfax
SRT_SFAX;;Mostawsaf;;Soretras;10.700105;34.681266666667;http://mdc.giscloud.com/rest/1/layers/3330123/features/403/joindre_des_photos/mdc_photo_mdc_ab188e_1599213000279_1599213030855.jpg?reqlogin, http://mdc.giscloud.com/rest/1/layers/3330123/features/403/joindre_des_photos/mdc_photo_mdc_6a0f28_1599213019442_1599213030856.jpg?reqlogin;Arret_Bus;Autre;no;no;no;no;;Tina;Sfax sud;Sfax
SRT_SFAX;;Maamal mosmar;;Soretras;10.698788333333;34.680116666667;http://mdc.giscloud.com/rest/1/layers/3330123/features/404/joindre_des_photos/mdc_photo_mdc_f8ea8d_1599213117080_1599213147746.jpg?reqlogin, http://mdc.giscloud.com/rest/1/layers/3330123/features/404/joindre_des_photos/mdc_photo_mdc_ee1783_1599213130712_1599213147747.jpg?reqlogin;Arret_Bus;Autre;no;no;no;no;;Tina;Sfax sud;Sfax
SRT_SFAX;;Kamoun;;Soretras;10.696908333333;34.678586666667;http://mdc.giscloud.com/rest/1/layers/3330123/features/405/joindre_des_photos/mdc_photo_mdc_0408c2_1599213220677_1599213253376.jpg?reqlogin, http://mdc.giscloud.com/rest/1/layers/3330123/features/405/joindre_des_photos/mdc_photo_mdc_029cec_1599213238388_1599213253376.jpg?reqlogin;Arret_Bus;Autre;no;no;no;no;;Tina;Sfax sud;Sfax
SRT_SFAX;;Aagirbi;;Soretras;10.69545;34.677301666667;http://mdc.giscloud.com/rest/1/layers/3330123/features/406/joindre_des_photos/mdc_photo_mdc_41134b_1599213394747_1599213423094.jpg?reqlogin, http://mdc.giscloud.com/rest/1/layers/3330123/features/406/joindre_des_photos/mdc_photo_mdc_069005_1599213412736_1599213423094.jpg?reqlogin;Arret_Bus;Abri;yes;no;no;no;;Tina;Sfax sud;Sfax
SRT_SFAX;;Nadi sayadin;;Soretras;10.691096666667;34.674148333333;http://mdc.giscloud.com/rest/1/layers/3330123/features/407/joindre_des_photos/mdc_photo_mdc_309793_1599213545435_1599213574849.jpg?reqlogin, http://mdc.giscloud.com/rest/1/layers/3330123/features/407/joindre_des_photos/mdc_photo_mdc_4710d6_1599213566091_1599213574849.jpg?reqlogin;Arret_Bus;Autre;no;no;no;no;;Tina;Sfax sud;Sfax
SRT_SFAX;;ecole abou KACEM chebbi(abidi) ;;Soretras;10.69391;34.671148333333;http://mdc.giscloud.com/rest/1/layers/3330123/features/408/joindre_des_photos/mdc_photo_mdc_7b3a4f_1599213721082_1599213746164.jpg?reqlogin, http://mdc.giscloud.com/rest/1/layers/3330123/features/408/joindre_des_photos/mdc_photo_mdc_350c7f_1599213731953_1599213746164.jpg?reqlogin;Arret_Bus;Poteau;no;no;no;no;;Tina;Sfax sud;Sfax
SRT_SFAX;;La poste;;Soretras;10.695475;34.669571666667;http://mdc.giscloud.com/rest/1/layers/3330123/features/409/joindre_des_photos/mdc_photo_mdc_9246b7_1599213849335_1599213895057.jpg?reqlogin, http://mdc.giscloud.com/rest/1/layers/3330123/features/409/joindre_des_photos/mdc_photo_mdc_719cff_1599213869317_1599213895057.jpg?reqlogin;Arret_Bus;Abri;yes;no;no;no;;Tina;Sfax sud;Sfax
SRT_SFAX;;Collége tina;;Soretras;10.698391666667;34.666341666667;http://mdc.giscloud.com/rest/1/layers/3330123/features/410/joindre_des_photos/mdc_photo_mdc_223b20_1599213980628_1599214006906.jpg?reqlogin, http://mdc.giscloud.com/rest/1/layers/3330123/features/410/joindre_des_photos/mdc_photo_mdc_59de20_1599213996650_1599214006906.jpg?reqlogin;Arret_Bus;Autre;no;no;no;no;;Tina;Sfax sud;Sfax
SRT_SFAX;;ecole primaire tina(terminus) ;;Soretras;10.701816666667;34.662765;http://mdc.giscloud.com/rest/1/layers/3330123/features/411/joindre_des_photos/mdc_photo_mdc_f7e9f8_1599214133384_1599214168953.jpg?reqlogin, http://mdc.giscloud.com/rest/1/layers/3330123/features/411/joindre_des_photos/mdc_photo_mdc_21162a_1599214152969_1599214168953.jpg?reqlogin;Arret_Bus;Abri;no;no;no;no;;Tina;Sfax sud;Sfax
SRT_SFAX;;Global;;Soretras;10.67753;34.672746666667;http://mdc.giscloud.com/rest/1/layers/3330123/features/412/joindre_des_photos/mdc_photo_mdc_691c14_1599214669803_1599214716935.jpg?reqlogin, http://mdc.giscloud.com/rest/1/layers/3330123/features/412/joindre_des_photos/mdc_photo_mdc_99eaf5_1599214680075_1599214716935.jpg?reqlogin;Arret_Bus;Autre;no;no;no;no;;Tina;Sfax sud;Sfax
SRT_SFAX;;Wetherford;;Soretras;10.671748333333;34.673613333333;http://mdc.giscloud.com/rest/1/layers/3330123/features/413/joindre_des_photos/mdc_photo_mdc_268a0a_1599214812509_1599214837317.jpg?reqlogin, http://mdc.giscloud.com/rest/1/layers/3330123/features/413/joindre_des_photos/mdc_photo_mdc_6c8fae_1599214829709_1599214837317.jpg?reqlogin;Arret_Bus;Autre;no;no;no;no;;Tina;Sfax sud ;Sfax
SRT_SFAX;;Enaf;;Soretras;10.66265;34.674958333333;http://mdc.giscloud.com/rest/1/layers/3330123/features/414/joindre_des_photos/mdc_photo_mdc_34c1ab_1599214938527_1599214967905.jpg?reqlogin, http://mdc.giscloud.com/rest/1/layers/3330123/features/414/joindre_des_photos/mdc_photo_mdc_b0fddc_1599214951351_1599214967905.jpg?reqlogin;Arret_Bus;Autre;no;no;no;no;;Tina;Sfax sud;Sfax
SRT_SFAX;;Kasas Sidi abid;;Soretras;10.655078333333;34.676038333333;http://mdc.giscloud.com/rest/1/layers/3330123/features/415/joindre_des_photos/mdc_photo_mdc_d71fc7_1599215091532_1599215132504.jpg?reqlogin, http://mdc.giscloud.com/rest/1/layers/3330123/features/415/joindre_des_photos/mdc_photo_mdc_4debef_1599215111931_1599215132504.jpg?reqlogin;Arret_Bus;Poteau;no;no;no;no;;Tina;Sfax sud;Sfax
SRT_SFAX;;Squadra;;Soretras;10.650418333333;34.676708333333;http://mdc.giscloud.com/rest/1/layers/3330123/features/416/joindre_des_photos/mdc_photo_mdc_2ca32b_1599215227521_1599215257360.jpg?reqlogin, http://mdc.giscloud.com/rest/1/layers/3330123/features/416/joindre_des_photos/mdc_photo_mdc_f1befa_1599215243280_1599215257361.jpg?reqlogin;Arret_Bus;Autre;no;no;no;no;;Tina;Sfax sud;Sfax
SRT_SFAX;;Terminus km11;;Soretras;10.64294;34.677868333333;http://mdc.giscloud.com/rest/1/layers/3330123/features/417/joindre_des_photos/mdc_photo_mdc_74f174_1599215389350_1599215539002.jpg?reqlogin, http://mdc.giscloud.com/rest/1/layers/3330123/features/417/joindre_des_photos/mdc_photo_mdc_364a3c_1599215402274_1599215539002.jpg?reqlogin;Arret_Bus;Autre;no;no;no;no;;Tina;Sfax sud;Sfax
SRT_SFAX;;Tunisie colle;;Soretras;10.724596666667;34.68749;http://mdc.giscloud.com/rest/1/layers/3330123/features/418/joindre_des_photos/mdc_photo_mdc_6dd296_1599216860828_1599216910556.jpg?reqlogin, http://mdc.giscloud.com/rest/1/layers/3330123/features/418/joindre_des_photos/mdc_photo_mdc_4cbf4f_1599216876843_1599216910557.jpg?reqlogin;Arret_Bus;Poteau;no;no;no;no;;Tina;Sfax sud;Sfax
SRT_SFAX;;Tunisie colle;;Soretras;10.724595;34.687463333333;http://mdc.giscloud.com/rest/1/layers/3330123/features/419/joindre_des_photos/mdc_photo_mdc_e55511_1599216983184_1599217015006.jpg?reqlogin, http://mdc.giscloud.com/rest/1/layers/3330123/features/419/joindre_des_photos/mdc_photo_mdc_163340_1599216993483_1599217015007.jpg?reqlogin;Arret_Bus;Poteau;no;no;no;no;;Tina;Sfax sud;Sfax
SRT_SFAX;;Sidi Salem 1;;Soretras;10.721555;34.682751666667;http://mdc.giscloud.com/rest/1/layers/3330123/features/420/joindre_des_photos/mdc_photo_mdc_e59eb5_1599217126173_1599217155404.jpg?reqlogin, http://mdc.giscloud.com/rest/1/layers/3330123/features/420/joindre_des_photos/mdc_photo_mdc_0e9cab_1599217141572_1599217155404.jpg?reqlogin;Arret_Bus;Poteau;no;no;no;no;;Tina;Sfax sud;Sfax
SRT_SFAX;;Sidi Salem 2;;Soretras;10.718538333333;34.677813333333;http://mdc.giscloud.com/rest/1/layers/3330123/features/421/joindre_des_photos/mdc_photo_mdc_70fde5_1599217258223_1599217296169.jpg?reqlogin, http://mdc.giscloud.com/rest/1/layers/3330123/features/421/joindre_des_photos/mdc_photo_mdc_a225fd_1599217270331_1599217296170.jpg?reqlogin;Arret_Bus;Poteau;no;no;no;no;;Tina;Sfax sud;Sfax
SRT_SFAX;;Sidi Salem 2;;Soretras;10.718563333333;34.677816666667;http://mdc.giscloud.com/rest/1/layers/3330123/features/422/joindre_des_photos/mdc_photo_mdc_761b70_1599217352216_1599217379207.jpg?reqlogin, http://mdc.giscloud.com/rest/1/layers/3330123/features/422/joindre_des_photos/mdc_photo_mdc_1e4553_1599217366796_1599217379207.jpg?reqlogin;Arret_Bus;Poteau;no;no;no;no;;Tina;Sfax sud;Sfax
SRT_SFAX;;Ancien terminus;;Soretras;10.71682;34.674531666667;http://mdc.giscloud.com/rest/1/layers/3330123/features/423/joindre_des_photos/mdc_photo_mdc_228fdc_1599217491565_1599217537063.jpg?reqlogin, http://mdc.giscloud.com/rest/1/layers/3330123/features/423/joindre_des_photos/mdc_photo_mdc_ddeff8_1599217502054_1599217537063.jpg?reqlogin;Arret_Bus;Poteau;no;no;no;no;;Tina;Sfax sud;Sfax
SRT_SFAX;;Ancien terminus;;Soretras;10.716823333333;34.67456;http://mdc.giscloud.com/rest/1/layers/3330123/features/424/joindre_des_photos/mdc_photo_mdc_3fbdf4_1599217600456_1599217629819.jpg?reqlogin, http://mdc.giscloud.com/rest/1/layers/3330123/features/424/joindre_des_photos/mdc_photo_mdc_9113c4_1599217617143_1599217629820.jpg?reqlogin;Arret_Bus;Poteau;no;no;no;no;;Tina;Sfax sud;Sfax
SRT_SFAX;;Terminus Sidi salem;;Soretras;10.700628333333;34.667688333333;http://mdc.giscloud.com/rest/1/layers/3330123/features/425/joindre_des_photos/mdc_photo_mdc_706f1d_1599218291698_1599218320853.jpg?reqlogin, http://mdc.giscloud.com/rest/1/layers/3330123/features/425/joindre_des_photos/mdc_photo_mdc_ad8f7f_1599218305843_1599218320853.jpg?reqlogin;Arret_Bus;Autre;no;no;no;no;;Tina;Sfax sud;Sfax
SRT_SFAX;;Terminus 18;;Soretras;10.723831666667;34.714291666667;http://mdc.giscloud.com/rest/1/layers/3330123/features/426/joindre_des_photos/mdc_photo_mdc_38fd44_1599219251271_1599219277260.jpg?reqlogin, http://mdc.giscloud.com/rest/1/layers/3330123/features/426/joindre_des_photos/mdc_photo_mdc_e8b7f5_1599219264171_1599219277260.jpg?reqlogin;Arret_Bus;Poteau;no;no;no;no;;Hey hbib;Sfax sud;Sfax
SRT_SFAX;;Jnen;;Soretras;10.717023333333;34.709835;http://mdc.giscloud.com/rest/1/layers/3330123/features/427/joindre_des_photos/mdc_photo_mdc_ca4186_1599219434904_1599219473156.jpg?reqlogin, http://mdc.giscloud.com/rest/1/layers/3330123/features/427/joindre_des_photos/mdc_photo_mdc_870cbe_1599219458453_1599219473156.jpg?reqlogin;Arret_Bus;Poteau;no;no;no;no;;Tina;Sfax sud;Sfax
SRT_SFAX;;Hey ben saida;;Soretras;10.712625;34.707348333333;http://mdc.giscloud.com/rest/1/layers/3330123/features/428/joindre_des_photos/mdc_photo_mdc_df518d_1599219592008_1599219619615.jpg?reqlogin, http://mdc.giscloud.com/rest/1/layers/3330123/features/428/joindre_des_photos/mdc_photo_mdc_206692_1599219609398_1599219619616.jpg?reqlogin;Arret_Bus;Poteau;no;no;no;no;;Tina;Sfax sud;Sfax
SRT_SFAX;;Koucha;;Soretras;10.707855;34.705456666667;http://mdc.giscloud.com/rest/1/layers/3330123/features/429/joindre_des_photos/mdc_photo_mdc_373105_1599219773294_1599219824497.jpg?reqlogin, http://mdc.giscloud.com/rest/1/layers/3330123/features/429/joindre_des_photos/mdc_photo_mdc_56722b_1599219791396_1599219824497.jpg?reqlogin;Arret_Bus;Poteau;no;no;no;no;;Tina;Sfax sud;Sfax
SRT_SFAX;;SiÃ¨ge (fin section2) ;;Soretras;10.704273333333;34.703898333333;http://mdc.giscloud.com/rest/1/layers/3330123/features/430/joindre_des_photos/mdc_photo_mdc_d939e2_1599219952282_1599219981517.jpg?reqlogin, http://mdc.giscloud.com/rest/1/layers/3330123/features/430/joindre_des_photos/mdc_photo_mdc_6dce49_1599219969272_1599219981517.jpg?reqlogin;Arret_Bus;Poteau;no;no;no;no;;Tina;Sfax sud;Sfax
SRT_SFAX;;Fin siege;;Soretras;10.699591666667;34.702256666667;http://mdc.giscloud.com/rest/1/layers/3330123/features/431/joindre_des_photos/mdc_photo_mdc_818987_1599220098259_1599220139246.jpg?reqlogin, http://mdc.giscloud.com/rest/1/layers/3330123/features/431/joindre_des_photos/mdc_photo_mdc_2b1dfd_1599220115840_1599220139246.jpg?reqlogin;Arret_Bus;Poteau;no;no;no;no;;Tina;Sfax sud;Sfax
SRT_SFAX;;Sidi abid;;Soretras;10.695635;34.700365;http://mdc.giscloud.com/rest/1/layers/3330123/features/432/joindre_des_photos/mdc_photo_mdc_ce3b68_1599220259560_1599220308227.jpg?reqlogin, http://mdc.giscloud.com/rest/1/layers/3330123/features/432/joindre_des_photos/mdc_photo_mdc_b750de_1599220275277_1599220308227.jpg?reqlogin;Arret_Bus;Poteau;no;no;no;no;;Tina;Sfax sud;Sfax
SRT_SFAX;;Virage;;Soretras;10.691416666667;34.696908333333;http://mdc.giscloud.com/rest/1/layers/3330123/features/433/joindre_des_photos/mdc_photo_mdc_1a2b2c_1599220470102_1599220510361.jpg?reqlogin, http://mdc.giscloud.com/rest/1/layers/3330123/features/433/joindre_des_photos/mdc_photo_mdc_781b99_1599220481522_1599220510361.jpg?reqlogin;Arret_Bus;Poteau;no;no;no;no;;Tina;Sfax sud ;Sfax
SRT_SFAX;;Bouaatour(café Sidi abid) ;;Soretras;10.688153333333;34.698398333333;http://mdc.giscloud.com/rest/1/layers/3330123/features/434/joindre_des_photos/mdc_photo_mdc_755709_1599220625437_1599220655435.jpg?reqlogin, http://mdc.giscloud.com/rest/1/layers/3330123/features/434/joindre_des_photos/mdc_photo_mdc_1384f6_1599220637776_1599220655435.jpg?reqlogin;Arret_Bus;Poteau;no;no;no;no;;Tina;Sfax sud;Sfax
SRT_SFAX;;Aakrout;;Soretras;10.68478;34.696383333333;http://mdc.giscloud.com/rest/1/layers/3330123/features/435/joindre_des_photos/mdc_photo_mdc_212354_1599220872451_1599220902421.jpg?reqlogin, http://mdc.giscloud.com/rest/1/layers/3330123/features/435/joindre_des_photos/mdc_photo_mdc_a21f91_1599220884440_1599220902421.jpg?reqlogin;Arret_Bus;Poteau;no;no;no;no;;Tina;Sfax sud;Sfax
SRT_SFAX;;Bou sasi;;Soretras;10.683168333333;34.695108333333;http://mdc.giscloud.com/rest/1/layers/3330123/features/436/joindre_des_photos/mdc_photo_mdc_b8eb3d_1599220994128_1599221017075.jpg?reqlogin, http://mdc.giscloud.com/rest/1/layers/3330123/features/436/joindre_des_photos/mdc_photo_mdc_dccf72_1599221007281_1599221017075.jpg?reqlogin;Arret_Bus;Autre;no;no;no;no;;Tina;Sfax sud;Sfax
SRT_SFAX;;Karma;;Soretras;10.675741666667;34.68854;http://mdc.giscloud.com/rest/1/layers/3330123/features/437/joindre_des_photos/mdc_photo_mdc_2452d7_1599221178518_1599221202833.jpg?reqlogin, http://mdc.giscloud.com/rest/1/layers/3330123/features/437/joindre_des_photos/mdc_photo_mdc_497a57_1599221190393_1599221202833.jpg?reqlogin;Arret_Bus;Autre;no;no;no;no;;Tina;Sfax sud;Sfax
SRT_SFAX;;Madjna;;Soretras;10.670715;34.684535;http://mdc.giscloud.com/rest/1/layers/3330123/features/438/joindre_des_photos/mdc_photo_mdc_0af55b_1599221322238_1599221349623.jpg?reqlogin, http://mdc.giscloud.com/rest/1/layers/3330123/features/438/joindre_des_photos/mdc_photo_mdc_3fd6a8_1599221333650_1599221349623.jpg?reqlogin;Arret_Bus;Poteau;no;no;no;no;;Tina;Sfax sud;Sfax
SRT_SFAX;Terminus Sidi abid;Terminus Sidi abid;;Soretras;10.664976666667;34.681243333333;http://mdc.giscloud.com/rest/1/layers/3330123/features/439/joindre_des_photos/mdc_photo_mdc_b61332_1599221436489_1599221493269.jpg?reqlogin, http://mdc.giscloud.com/rest/1/layers/3330123/features/439/joindre_des_photos/mdc_photo_mdc_37e4bf_1599221449270_1599221493269.jpg?reqlogin;Arret_Bus;Abri;yes;no;no;no;;Tina;Sfax sud;Sfax
SRT_SFAX;;Mthafar;;Soretras;10.7725459;34.7963676;http://mdc.giscloud.com/rest/1/layers/3330123/features/625/joindre_des_photos/mdc_photo_mdc_c40d10_1600428397787_1600428433171.jpg?reqlogin, http://mdc.giscloud.com/rest/1/layers/3330123/features/625/joindre_des_photos/mdc_photo_mdc_4e434f_1600428422628_1600428433171.jpg?reqlogin;Arret_Bus;Poteau;no;no;no;no;;Sakeit zit ;Sfax sud;Sfax
SRT_SFAX;;lycée garçon sfax;;Soretras;10.747921666667;34.733743333333;http://mdc.giscloud.com/rest/1/layers/3330123/features/443/joindre_des_photos/mdc_photo_mdc_80adcf_1599466954424_1599466985527.jpg?reqlogin, http://mdc.giscloud.com/rest/1/layers/3330123/features/443/joindre_des_photos/mdc_photo_mdc_bde3df_1599466969902_1599466985527.jpg?reqlogin;Arret_Bus;Autre;no;no;no;no;;Sfax madina;Sfax ;Sfax
SRT_SFAX;;Jardin;;Soretras;10.743683333333;34.731071666667;http://mdc.giscloud.com/rest/1/layers/3330123/features/444/joindre_des_photos/mdc_photo_mdc_e9733c_1599467123895_1599467161008.jpg?reqlogin, http://mdc.giscloud.com/rest/1/layers/3330123/features/444/joindre_des_photos/mdc_photo_mdc_8af5b6_1599467144392_1599467161008.jpg?reqlogin;Arret_Bus;Abri;yes;no;no;no;;Hey hbib;Sfax sud;Sfax
SRT_SFAX;;Elcharfi;;Soretras;10.74028;34.729446666667;http://mdc.giscloud.com/rest/1/layers/3330123/features/445/joindre_des_photos/mdc_photo_mdc_5df5ef_1599467295422_1599467364547.jpg?reqlogin, http://mdc.giscloud.com/rest/1/layers/3330123/features/445/joindre_des_photos/mdc_photo_mdc_df6121_1599467322800_1599467364547.jpg?reqlogin;Arret_Bus;Autre;no;no;no;no;;Hey hbib;Sfax sud;Sfax
SRT_SFAX;;Elcharfi;;Soretras;10.740241666667;34.729438333333;http://mdc.giscloud.com/rest/1/layers/3330123/features/446/joindre_des_photos/mdc_photo_mdc_48565e_1599467503123_1599467546203.jpg?reqlogin, http://mdc.giscloud.com/rest/1/layers/3330123/features/446/joindre_des_photos/mdc_photo_mdc_7192b8_1599467520547_1599467546206.jpg?reqlogin;Arret_Bus;Autre;no;no;no;no;;Hey hbib;Sfax sud;Sfax
SRT_SFAX;;Passage;;Soretras;10.737908333333;34.728285;http://mdc.giscloud.com/rest/1/layers/3330123/features/449/joindre_des_photos/mdc_photo_mdc_f3a0d8_1599467860602_1599467890781.jpg?reqlogin, http://mdc.giscloud.com/rest/1/layers/3330123/features/449/joindre_des_photos/mdc_photo_mdc_9d6fd5_1599467876307_1599467890782.jpg?reqlogin;Arret_Bus;Autre;no;no;no;no;;Hey hbib;Sfax sud;Sfax
SRT_SFAX;;Zankit chichma;;Soretras;10.735858333333;34.72729;http://mdc.giscloud.com/rest/1/layers/3330123/features/450/joindre_des_photos/mdc_photo_mdc_0288fe_1599468080710_1599468127893.jpg?reqlogin, http://mdc.giscloud.com/rest/1/layers/3330123/features/450/joindre_des_photos/mdc_photo_mdc_0fc486_1599468101936_1599468127894.jpg?reqlogin;Arret_Bus;Autre;no;no;no;no;;Hey hbib;Sfax sud;Sfax
SRT_SFAX;;Ayadi;;Soretras;10.734606666667;34.726578333333;http://mdc.giscloud.com/rest/1/layers/3330123/features/451/joindre_des_photos/mdc_photo_mdc_a1e498_1599468236823_1599468263549.jpg?reqlogin, http://mdc.giscloud.com/rest/1/layers/3330123/features/451/joindre_des_photos/mdc_photo_mdc_1e0b04_1599468256818_1599468263550.jpg?reqlogin;Arret_Bus;Autre;no;no;no;no;;Hey hbib;Sfax sud;Sfax
SRT_SFAX;;Lycée mostpha forati;;Soretras;10.733163333333;34.72566;http://mdc.giscloud.com/rest/1/layers/3330123/features/453/joindre_des_photos/mdc_photo_mdc_d65bd4_1599468420010_1599468474898.jpg?reqlogin, http://mdc.giscloud.com/rest/1/layers/3330123/features/453/joindre_des_photos/mdc_photo_mdc_4caf18_1599468446270_1599468474898.jpg?reqlogin;Arret_Bus;Abri;yes;no;no;no;;Hey hbib;Sfax sud;Sfax
SRT_SFAX;;Elnadi;;Soretras;10.731523333333;34.725083333333;http://mdc.giscloud.com/rest/1/layers/3330123/features/454/joindre_des_photos/mdc_photo_mdc_89d4dc_1599468674274_1599468726987.jpg?reqlogin, http://mdc.giscloud.com/rest/1/layers/3330123/features/454/joindre_des_photos/mdc_photo_mdc_6d94a0_1599468693480_1599468726988.jpg?reqlogin;Arret_Bus;Autre;no;no;no;no;;Hey hbib;Sfax sud;Sfax
SRT_SFAX;;Ktari;;Soretras;10.729551666667;34.724358333333;http://mdc.giscloud.com/rest/1/layers/3330123/features/455/joindre_des_photos/mdc_photo_mdc_8aad18_1599468803202_1599468830389.jpg?reqlogin, http://mdc.giscloud.com/rest/1/layers/3330123/features/455/joindre_des_photos/mdc_photo_mdc_9ba0b7_1599468819774_1599468830390.jpg?reqlogin;Arret_Bus;Autre;no;no;no;no;;Hey hbib;Sfax sud;Sfax
SRT_SFAX;;Majdoub;;Soretras;10.725993333333;34.722978333333;http://mdc.giscloud.com/rest/1/layers/3330123/features/457/joindre_des_photos/mdc_photo_mdc_869265_1599469060887_1599469113337.jpg?reqlogin, http://mdc.giscloud.com/rest/1/layers/3330123/features/457/joindre_des_photos/mdc_photo_mdc_c857cc_1599469072635_1599469113338.jpg?reqlogin;Arret_Bus;Autre;no;no;no;no;;Hey hbib ;Sfax sud;Sfax
SRT_SFAX;;Hey donya;;Dfax;10.724276666667;34.72213;http://mdc.giscloud.com/rest/1/layers/3330123/features/458/joindre_des_photos/mdc_photo_mdc_dc382c_1599469188939_1599469209280.jpg?reqlogin, http://mdc.giscloud.com/rest/1/layers/3330123/features/458/joindre_des_photos/mdc_photo_mdc_8f95b9_1599469204301_1599469209288.jpg?reqlogin;Arret_Bus;Autre;no;no;no;no;;Hey hbib;Sfax sud;Sfax
SRT_SFAX;;Bank;;Soretras;10.722716666667;34.721405;http://mdc.giscloud.com/rest/1/layers/3330123/features/460/joindre_des_photos/mdc_photo_mdc_3ea44a_1599469370414_1599469416111.jpg?reqlogin, http://mdc.giscloud.com/rest/1/layers/3330123/features/460/joindre_des_photos/mdc_photo_mdc_e8aa87_1599469383935_1599469416112.jpg?reqlogin;Arret_Bus;Autre;no;no;no;no;;Hey hbib;Sfax sud ;Sfax
SRT_SFAX;;Jerbi;;Soretras;10.716881666667;34.718463333333;http://mdc.giscloud.com/rest/1/layers/3330123/features/462/joindre_des_photos/mdc_photo_mdc_2ee1dd_1599469720844_1599469771007.jpg?reqlogin, http://mdc.giscloud.com/rest/1/layers/3330123/features/462/joindre_des_photos/mdc_photo_mdc_300b97_1599469744934_1599469771007.jpg?reqlogin;Arret_Bus;Autre;no;no;no;no;;Hey hbib;Sfax sud;Sfax
SRT_SFAX;;Hanout;;Soretras;10.711828333333;34.715078333333;http://mdc.giscloud.com/rest/1/layers/3330123/features/463/joindre_des_photos/mdc_photo_mdc_6c6198_1599470089754_1599470141354.jpg?reqlogin, http://mdc.giscloud.com/rest/1/layers/3330123/features/463/joindre_des_photos/mdc_photo_mdc_cb6b9d_1599470104967_1599470141355.jpg?reqlogin;Arret_Bus;Abri;yes;no;no;no;;Hey hbib;Sfax sud;Sfax
SRT_SFAX;;Barnawi;;Soretras;10.708391666667;34.712416666667;http://mdc.giscloud.com/rest/1/layers/3330123/features/464/joindre_des_photos/mdc_photo_mdc_7c13d7_1599470266054_1599470338421.jpg?reqlogin, http://mdc.giscloud.com/rest/1/layers/3330123/features/464/joindre_des_photos/mdc_photo_mdc_92ce0e_1599470288113_1599470338422.jpg?reqlogin;Arret_Bus;Abri;yes;no;no;no;;Hey hbib;Sfax sud;Sfax
SRT_SFAX;;Hey riadh1;;Soretras;10.705278333333;34.710188333333;http://mdc.giscloud.com/rest/1/layers/3330123/features/466/joindre_des_photos/mdc_photo_mdc_f9b58b_1599470502885_1599470547149.jpg?reqlogin, http://mdc.giscloud.com/rest/1/layers/3330123/features/466/joindre_des_photos/mdc_photo_mdc_082edc_1599470518962_1599470547150.jpg?reqlogin;Arret_Bus;Autre;no;no;no;no;;Hey hbib;Sfax sud;Sfax
SRT_SFAX;;Terminus Hey riadh;;Soretras;10.702008333333;34.708005;http://mdc.giscloud.com/rest/1/layers/3330123/features/467/joindre_des_photos/mdc_photo_mdc_3546df_1599470700531_1599470720199.jpg?reqlogin, http://mdc.giscloud.com/rest/1/layers/3330123/features/467/joindre_des_photos/mdc_photo_mdc_8415f7_1599470715388_1599470720200.jpg?reqlogin;Arret_Bus;Autre;no;no;no;no;;Hey hbib;Sfax sud;Sfax
SRT_SFAX;;Ineps;;Soretras;10.7144;34.728961666667;http://mdc.giscloud.com/rest/1/layers/3330123/features/471/joindre_des_photos/mdc_photo_mdc_a6c7c5_1599471352654_1599471382135.jpg?reqlogin, http://mdc.giscloud.com/rest/1/layers/3330123/features/471/joindre_des_photos/mdc_photo_mdc_8d20b3_1599471377186_1599471382135.jpg?reqlogin;Arret_Bus;Poteau;no;no;no;no;;Hey hbib;Sfax sud ;Sfax
SRT_SFAX;;Zitouna;;Soretras;10.709976666667;34.728711666667;http://mdc.giscloud.com/rest/1/layers/3330123/features/473/joindre_des_photos/mdc_photo_mdc_fdd728_1599471571016_1599471650035.jpg?reqlogin, http://mdc.giscloud.com/rest/1/layers/3330123/features/473/joindre_des_photos/mdc_photo_mdc_d52687_1599471599571_1599471650035.jpg?reqlogin;Arret_Bus;Abri;yes;no;no;no;;Hey hbib;Sfax sud;Sfax
SRT_SFAX;;Kasas;;Soretras;10.707548333333;34.73055;http://mdc.giscloud.com/rest/1/layers/3330123/features/474/joindre_des_photos/mdc_photo_mdc_6b729f_1599471747657_1599471801548.jpg?reqlogin, http://mdc.giscloud.com/rest/1/layers/3330123/features/474/joindre_des_photos/mdc_photo_mdc_b2f7ed_1599471762581_1599471801548.jpg?reqlogin;Arret_Bus;Poteau;no;no;no;no;;Hey hbib;Sfax dud;Sfax
SRT_SFAX;;Koucha;;Soretras;10.705016666667;34.729053333333;http://mdc.giscloud.com/rest/1/layers/3330123/features/476/joindre_des_photos/mdc_photo_mdc_453773_1599472038734_1599472104725.jpg?reqlogin, http://mdc.giscloud.com/rest/1/layers/3330123/features/476/joindre_des_photos/mdc_photo_mdc_6c9fcb_1599472060711_1599472104726.jpg?reqlogin;Arret_Bus;Poteau;no;no;no;no;;Hey hbib;Sfax sud;Sfax
SRT_SFAX;;Marché;;Soretras;10.703301666667;34.727866666667;http://mdc.giscloud.com/rest/1/layers/3330123/features/478/joindre_des_photos/mdc_photo_mdc_5e4e40_1599472381932_1599472450794.jpg?reqlogin, http://mdc.giscloud.com/rest/1/layers/3330123/features/478/joindre_des_photos/mdc_photo_mdc_ebaaf6_1599472398111_1599472450794.jpg?reqlogin;Arret_Bus;Autre;no;no;no;no;;Hey hbib;Sfax sud;Sfax
SRT_SFAX;;Terminus sokra;;Soretras;10.700758333333;34.72679;http://mdc.giscloud.com/rest/1/layers/3330123/features/480/joindre_des_photos/mdc_photo_mdc_0ca607_1599472538189_1599472588239.jpg?reqlogin, http://mdc.giscloud.com/rest/1/layers/3330123/features/480/joindre_des_photos/mdc_photo_mdc_2a2a19_1599472549733_1599472588240.jpg?reqlogin;Arret_Bus;Poteau;no;no;no;no;;Hey hbib;Sfax sud;Sfax
SRT_SFAX;;Enis sokra;;Soretras;10.719075;34.723306666667;http://mdc.giscloud.com/rest/1/layers/3330123/features/484/joindre_des_photos/mdc_photo_mdc_442707_1599473338986_1599473387473.jpg?reqlogin, http://mdc.giscloud.com/rest/1/layers/3330123/features/484/joindre_des_photos/mdc_photo_mdc_abd01c_1599473380268_1599473387473.jpg?reqlogin;Arret_Bus;Poteau;no;no;no;no;;Hey hbib ;Sfax sud;Sfax
SRT_SFAX;;Faculté des sciences;;Soretras;10.720441666667;34.72406;http://mdc.giscloud.com/rest/1/layers/3330123/features/485/joindre_des_photos/mdc_photo_mdc_701784_1599473639719_1599473666347.jpg?reqlogin, http://mdc.giscloud.com/rest/1/layers/3330123/features/485/joindre_des_photos/mdc_photo_mdc_0453b0_1599473659096_1599473666348.jpg?reqlogin;Arret_Bus;Poteau;no;no;no;no;;Hey hbib;Sfax sud;Sfax
SRT_SFAX;;Majdoub;;Soretras;10.722728333333;34.725223333333;http://mdc.giscloud.com/rest/1/layers/3330123/features/486/joindre_des_photos/mdc_photo_mdc_8d8a90_1599473786831_1599473822861.jpg?reqlogin, http://mdc.giscloud.com/rest/1/layers/3330123/features/486/joindre_des_photos/mdc_photo_mdc_beecc4_1599473801552_1599473822862.jpg?reqlogin;Arret_Bus;Poteau;no;no;no;no;;Hey hbib;Sfax sud;Sfax
SRT_SFAX;;Nafoura;;Soretras;10.725241666667;34.726486666667;http://mdc.giscloud.com/rest/1/layers/3330123/features/487/joindre_des_photos/mdc_photo_mdc_211b52_1599473931771_1599473981738.jpg?reqlogin, http://mdc.giscloud.com/rest/1/layers/3330123/features/487/joindre_des_photos/mdc_photo_mdc_4e8598_1599473955643_1599473981739.jpg?reqlogin;Arret_Bus;Abri;yes;no;no;no;;Hey hbib;Sfax sud;Sfax
SRT_SFAX;;Zanka kahla;;Soretras;10.728455;34.728066666667;http://mdc.giscloud.com/rest/1/layers/3330123/features/489/joindre_des_photos/mdc_photo_mdc_0545ea_1599474158013_1599474194072.jpg?reqlogin, http://mdc.giscloud.com/rest/1/layers/3330123/features/489/joindre_des_photos/mdc_photo_mdc_b892e8_1599474186842_1599474194073.jpg?reqlogin;Arret_Bus;Autre;no;no;no;no;;Hey hbib ;Sfax sud;Sfax
SRT_SFAX;;4 mrar;;Soretras;10.730421666667;34.728861666667;http://mdc.giscloud.com/rest/1/layers/3330123/features/491/joindre_des_photos/mdc_photo_mdc_0d8748_1599474324010_1599474392159.jpg?reqlogin, http://mdc.giscloud.com/rest/1/layers/3330123/features/491/joindre_des_photos/mdc_photo_mdc_74f1f3_1599474335983_1599474392160.jpg?reqlogin;Arret_Bus;Abri;yes;yes;no;no;;Hey hbib;Sfax sud;Sfax
SRT_SFAX;;Aamous;;Soretras;10.735023333333;34.730471666667;http://mdc.giscloud.com/rest/1/layers/3330123/features/492/joindre_des_photos/mdc_photo_mdc_8a3455_1599474492821_1599474556911.jpg?reqlogin, http://mdc.giscloud.com/rest/1/layers/3330123/features/492/joindre_des_photos/mdc_photo_mdc_380742_1599474521799_1599474556912.jpg?reqlogin;Arret_Bus;Abri;yes;no;no;no;;Hey hbib;Sfax sud;Sfax
SRT_SFAX;;Syphax;;Soretras;10.739045;34.731675;http://mdc.giscloud.com/rest/1/layers/3330123/features/493/joindre_des_photos/mdc_photo_mdc_971226_1599474658264_1599474722729.jpg?reqlogin, http://mdc.giscloud.com/rest/1/layers/3330123/features/493/joindre_des_photos/mdc_photo_mdc_e7da5b_1599474682799_1599474722729.jpg?reqlogin;Arret_Bus;Autre;no;no;no;no;;Hey hbib;Sfax sud;Sfax
SRT_SFAX;;Galaxy;;Soretras;10.742166666667;34.7328;http://mdc.giscloud.com/rest/1/layers/3330123/features/495/joindre_des_photos/mdc_photo_mdc_9860b2_1599474802484_1599474880493.jpg?reqlogin, http://mdc.giscloud.com/rest/1/layers/3330123/features/495/joindre_des_photos/mdc_photo_mdc_27d748_1599474844495_1599474880494.jpg?reqlogin;Arret_Bus;Abri;yes;no;no;no;;Hey hbib;Sfax sud;Sfax
SRT_SFAX;;Oous;;Soretras;10.744273333333;34.73584;http://mdc.giscloud.com/rest/1/layers/3330123/features/498/joindre_des_photos/mdc_photo_mdc_41412a_1599475632494_1599475694725.jpg?reqlogin, http://mdc.giscloud.com/rest/1/layers/3330123/features/498/joindre_des_photos/mdc_photo_mdc_7211f4_1599475666719_1599475694725.jpg?reqlogin;Arret_Bus;Autre;no;no;no;no;;Hey hbib;Sfax sud;Sfax
SRT_SFAX;;20-mars;;Soretras;10.742138333333;34.735893333333;http://mdc.giscloud.com/rest/1/layers/3330123/features/499/joindre_des_photos/mdc_photo_mdc_7220ff_1599475766465_1599475804593.jpg?reqlogin, http://mdc.giscloud.com/rest/1/layers/3330123/features/499/joindre_des_photos/mdc_photo_mdc_e24c17_1599475776997_1599475804594.jpg?reqlogin;Arret_Bus;Autre;no;no;no;no;;Hey hbib;Sfax sud ;Sfax
SRT_SFAX;;Hwaza;;Soretras;10.738755;34.735893333333;http://mdc.giscloud.com/rest/1/layers/3330123/features/501/joindre_des_photos/mdc_photo_mdc_b37546_1599475890745_1599476209733.jpg?reqlogin, http://mdc.giscloud.com/rest/1/layers/3330123/features/501/joindre_des_photos/mdc_photo_mdc_930bc9_1599475910148_1599476209734.jpg?reqlogin;Arret_Bus;Autre;no;no;no;no;;Hey hbib;Sfax sud ;Sfax
SRT_SFAX;;Baklouti;;Soretras;10.734483333333;34.735703333333;http://mdc.giscloud.com/rest/1/layers/3330123/features/502/joindre_des_photos/mdc_photo_mdc_cf55ac_1599476432257_1599476451238.jpg?reqlogin, http://mdc.giscloud.com/rest/1/layers/3330123/features/502/joindre_des_photos/mdc_photo_mdc_ed720c_1599476446098_1599476451239.jpg?reqlogin;Arret_Bus;Autre;no;no;no;no;;Hey hbib;Sfax sud;Sfax
SRT_SFAX;;Sardina;;Soretras;10.730901666667;34.734923333333;http://mdc.giscloud.com/rest/1/layers/3330123/features/505/joindre_des_photos/mdc_photo_mdc_2fd124_1599476557307_1599476734908.jpg?reqlogin, http://mdc.giscloud.com/rest/1/layers/3330123/features/505/joindre_des_photos/mdc_photo_mdc_7c97cd_1599476568812_1599476734908.jpg?reqlogin;Arret_Bus;Autre;no;no;no;no;;Hey hbib ;Sfax sud;Sfax 
SRT_SFAX;;Chichma;;Soretras;10.72915;34.734648333333;http://mdc.giscloud.com/rest/1/layers/3330123/features/507/joindre_des_photos/mdc_photo_mdc_5eb81a_1599476912948_1599476964324.jpg?reqlogin, http://mdc.giscloud.com/rest/1/layers/3330123/features/507/joindre_des_photos/mdc_photo_mdc_5680e4_1599476930959_1599476964324.jpg?reqlogin;Arret_Bus;Autre;no;no;no;no;;Hey hbib;Sfax;Sfax
SRT_SFAX;;Maison de jeune;;Soretras;10.7458929;34.7330945;http://mdc.giscloud.com/rest/1/layers/3330123/features/508/joindre_des_photos/mdc_photo_mdc_178466_1599550891140_1599550942994.jpg?reqlogin, http://mdc.giscloud.com/rest/1/layers/3330123/features/508/joindre_des_photos/mdc_photo_mdc_8ef94a_1599550909828_1599550942995.jpg?reqlogin;Arret_Bus;Autre;no;no;no;no;;Hey hbib;Sfax sud ;Sfax
SRT_SFAX;;Maison de jeune;;Soretras;10.7473911;34.7355711;http://mdc.giscloud.com/rest/1/layers/3330123/features/509/joindre_des_photos/mdc_photo_mdc_3673a0_1599551032599_1599551056356.jpg?reqlogin, http://mdc.giscloud.com/rest/1/layers/3330123/features/509/joindre_des_photos/mdc_photo_mdc_e0328a_1599551045001_1599551056356.jpg?reqlogin;Arret_Bus;Autre;no;no;no;no;;Hey hbib ;Sfax sud;Sfax
SRT_SFAX;;Elaarbi;;Soretras;10.7274382;34.7342718;http://mdc.giscloud.com/rest/1/layers/3330123/features/510/joindre_des_photos/mdc_photo_mdc_2c8a40_1599551730870_1599551767992.jpg?reqlogin, http://mdc.giscloud.com/rest/1/layers/3330123/features/510/joindre_des_photos/mdc_photo_mdc_b6ea87_1599551748805_1599551767993.jpg?reqlogin;Arret_Bus;Autre;no;no;no;no;;Hey hbib ;Sfax sud ;Sfax
SRT_SFAX;;Elmaarakchi;;Soretras;10.7234374;34.7333696;http://mdc.giscloud.com/rest/1/layers/3330123/features/511/joindre_des_photos/mdc_photo_mdc_83d60a_1599551879009_1599551907432.jpg?reqlogin, http://mdc.giscloud.com/rest/1/layers/3330123/features/511/joindre_des_photos/mdc_photo_mdc_bdcb84_1599551901891_1599551907432.jpg?reqlogin;Arret_Bus;Autre;no;no;no;no;;Hey hbib;Sfax sud;Sfax
SRT_SFAX;;Kammoun;;Soretras;10.7200013;34.7332596;http://mdc.giscloud.com/rest/1/layers/3330123/features/512/joindre_des_photos/mdc_photo_mdc_91bd42_1599552027453_1599552054548.jpg?reqlogin, http://mdc.giscloud.com/rest/1/layers/3330123/features/512/joindre_des_photos/mdc_photo_mdc_0f64c5_1599552040729_1599552054548.jpg?reqlogin;Arret_Bus;Autre;no;no;no;no;;Hey hbib;Sfax sud;Sfax
SRT_SFAX;;Kasas hey hbib;;Soretras;10.7163739;34.7329931;http://mdc.giscloud.com/rest/1/layers/3330123/features/513/joindre_des_photos/mdc_photo_mdc_a93d0d_1599552160561_1599552196107.jpg?reqlogin, http://mdc.giscloud.com/rest/1/layers/3330123/features/513/joindre_des_photos/mdc_photo_mdc_cb0475_1599552185584_1599552196107.jpg?reqlogin;Arret_Bus;Autre;no;no;no;no;;Hey hbib ;Sfax sud;Sfax
SRT_SFAX;;Lyce mongi slim;;Soretras;10.7709859;34.7988396;http://mdc.giscloud.com/rest/1/layers/3330123/features/626/joindre_des_photos/mdc_photo_mdc_ea6cae_1600428577459_1600428668556.jpg?reqlogin, http://mdc.giscloud.com/rest/1/layers/3330123/features/626/joindre_des_photos/mdc_photo_mdc_4e20e7_1600428623497_1600428668557.jpg?reqlogin;Arret_Bus;Abri;yes;no;no;no;;Sakeit zit;Sfax sud;Sfax
SRT_SFAX;;Mosquée ghofrane;;Soretras;10.7683421;34.8001934;http://mdc.giscloud.com/rest/1/layers/3330123/features/627/joindre_des_photos/mdc_photo_mdc_5d8f23_1600428966922_1600428998917.jpg?reqlogin, http://mdc.giscloud.com/rest/1/layers/3330123/features/627/joindre_des_photos/mdc_photo_mdc_e205bf_1600428990842_1600428998918.jpg?reqlogin;Arret_Bus;Poteau;no;no;no;no;;Sakeit zit ;Sfax sud ;Sfax 
SRT_SFAX;;Hey bahri1;;Soretras;10.7038362;34.7381463;http://mdc.giscloud.com/rest/1/layers/3330123/features/516/joindre_des_photos/mdc_photo_mdc_c95a25_1599552874164_1599552895561.jpg?reqlogin, http://mdc.giscloud.com/rest/1/layers/3330123/features/516/joindre_des_photos/mdc_photo_mdc_691216_1599552884515_1599552895561.jpg?reqlogin;Arret_Bus;Autre;no;no;no;no;;Hey hbib;Sfax sud;Sfax
SRT_SFAX;;Maamal yajour;;Soretras;10.6989396;34.7348285;http://mdc.giscloud.com/rest/1/layers/3330123/features/517/joindre_des_photos/mdc_photo_mdc_fb7f95_1599553077047_1599553098998.jpg?reqlogin, http://mdc.giscloud.com/rest/1/layers/3330123/features/517/joindre_des_photos/mdc_photo_mdc_737958_1599553087952_1599553098999.jpg?reqlogin;Arret_Bus;Autre;no;no;no;no;;Hey hbib;Sfax sud;Sfax
SRT_SFAX;;Ghuirat;;Soretras;10.6895659;34.7345729;http://mdc.giscloud.com/rest/1/layers/3330123/features/518/joindre_des_photos/mdc_photo_mdc_02826b_1599553232910_1599553289978.jpg?reqlogin, http://mdc.giscloud.com/rest/1/layers/3330123/features/518/joindre_des_photos/mdc_photo_mdc_eb9e05_1599553246199_1599553289979.jpg?reqlogin;Arret_Bus;Autre;no;no;no;no;;Hey hbib ;Sfax sud;Sfax
SRT_SFAX;;Abbes;;Soretras;10.6834351;34.7331568;http://mdc.giscloud.com/rest/1/layers/3330123/features/519/joindre_des_photos/mdc_photo_mdc_ab9644_1599553365923_1599553428260.jpg?reqlogin, http://mdc.giscloud.com/rest/1/layers/3330123/features/519/joindre_des_photos/mdc_photo_mdc_6b749a_1599553386530_1599553428260.jpg?reqlogin;Arret_Bus;Autre;no;no;no;no;;Hey hbib;Sfax sud;Sfax
SRT_SFAX;;Syala;;Soretras;10.6786169;34.7325024;http://mdc.giscloud.com/rest/1/layers/3330123/features/520/joindre_des_photos/mdc_photo_mdc_b663e1_1599553546675_1599553588071.jpg?reqlogin, http://mdc.giscloud.com/rest/1/layers/3330123/features/520/joindre_des_photos/mdc_photo_mdc_8b1402_1599553560167_1599553588072.jpg?reqlogin;Arret_Bus;Autre;no;no;no;no;;Hey hbib;Sfax sud;Sfax
SRT_SFAX;;Hey riadh;;Soretras;10.6698073;34.731319;http://mdc.giscloud.com/rest/1/layers/3330123/features/521/joindre_des_photos/mdc_photo_mdc_44888b_1599553697116_1599553727528.jpg?reqlogin, http://mdc.giscloud.com/rest/1/layers/3330123/features/521/joindre_des_photos/mdc_photo_mdc_c2bf58_1599553712574_1599553727529.jpg?reqlogin;Arret_Bus;Autre;no;no;no;no;;Hey hbib;Sfax sud;Sfax
SRT_SFAX;;Gormazi;;Soretras;10.6662225;34.7311298;http://mdc.giscloud.com/rest/1/layers/3330123/features/522/joindre_des_photos/mdc_photo_mdc_809ad5_1599553811264_1599553837801.jpg?reqlogin, http://mdc.giscloud.com/rest/1/layers/3330123/features/522/joindre_des_photos/mdc_photo_mdc_9e22bc_1599553828038_1599553837801.jpg?reqlogin;Arret_Bus;Autre;no;no;no;no;;Hey hbib;Sfax sud;Sfax
SRT_SFAX;;Hey khathra;;Soretras;10.6614372;34.7307702;http://mdc.giscloud.com/rest/1/layers/3330123/features/523/joindre_des_photos/mdc_photo_mdc_b84443_1599553979116_1599553996387.jpg?reqlogin, http://mdc.giscloud.com/rest/1/layers/3330123/features/523/joindre_des_photos/mdc_photo_mdc_4bdcc2_1599553990366_1599553996387.jpg?reqlogin;Arret_Bus;Autre;no;no;no;no;;Hey hbib;Sfax sud;Sfax
SRT_SFAX;;Kasas hajeb;;Soretras;10.655861;34.7295181;http://mdc.giscloud.com/rest/1/layers/3330123/features/524/joindre_des_photos/mdc_photo_mdc_5306d8_1599554172274_1599554197314.jpg?reqlogin, http://mdc.giscloud.com/rest/1/layers/3330123/features/524/joindre_des_photos/mdc_photo_mdc_de9f6a_1599554189834_1599554197314.jpg?reqlogin;Arret_Bus;Autre;no;no;no;no;;Hey hbib;Sfax sud;Sfax
SRT_SFAX;;Bougerra;;Soretras;10.6518405;34.7248115;http://mdc.giscloud.com/rest/1/layers/3330123/features/525/joindre_des_photos/mdc_photo_mdc_1f5258_1599554375407_1599554416980.jpg?reqlogin, http://mdc.giscloud.com/rest/1/layers/3330123/features/525/joindre_des_photos/mdc_photo_mdc_da8f07_1599554391791_1599554416980.jpg?reqlogin;Arret_Bus;Autre;no;no;no;no;;Hey hbib;Sfax sud;Sfax
SRT_SFAX;;Tbib;;Soretras;10.6499132;34.7217461;http://mdc.giscloud.com/rest/1/layers/3330123/features/526/joindre_des_photos/mdc_photo_mdc_2d778a_1599554481500_1599554538964.jpg?reqlogin, http://mdc.giscloud.com/rest/1/layers/3330123/features/526/joindre_des_photos/mdc_photo_mdc_26bf2e_1599554497041_1599554538964.jpg?reqlogin;Arret_Bus;Autre;no;no;no;no;;Hey hbib;Sfax sud;Sfax
SRT_SFAX;;Madarsa1;;Soretras;10.6471637;34.7191291;http://mdc.giscloud.com/rest/1/layers/3330123/features/527/joindre_des_photos/mdc_photo_mdc_ddd11d_1599554646115_1599554666056.jpg?reqlogin, http://mdc.giscloud.com/rest/1/layers/3330123/features/527/joindre_des_photos/mdc_photo_mdc_ad4ff4_1599554659311_1599554666056.jpg?reqlogin;Arret_Bus;Autre;no;no;no;no;;Hey hbib;Sfax sud;Sfax
SRT_SFAX;;Hey zohour;;Soretras;10.6432033;34.71638;http://mdc.giscloud.com/rest/1/layers/3330123/features/528/joindre_des_photos/mdc_photo_mdc_a09b36_1599554817055_1599554832779.jpg?reqlogin, http://mdc.giscloud.com/rest/1/layers/3330123/features/528/joindre_des_photos/mdc_photo_mdc_cf6092_1599554827816_1599554832779.jpg?reqlogin;Arret_Bus;Poteau;no;no;no;no;;Hey hbib;Sfax sud;Sfax
SRT_SFAX;;Terminus hey zohour;;Soretras;10.640632;34.7152035;http://mdc.giscloud.com/rest/1/layers/3330123/features/529/joindre_des_photos/mdc_photo_mdc_483122_1599554966125_1599555001074.jpg?reqlogin, http://mdc.giscloud.com/rest/1/layers/3330123/features/529/joindre_des_photos/mdc_photo_mdc_953b69_1599554977442_1599555001074.jpg?reqlogin;Arret_Bus;Poteau;no;no;no;no;;Hey hbib;Sfax sud;Sfax
SRT_SFAX;;Poste;;Soretras;10.6494928;34.7170583;http://mdc.giscloud.com/rest/1/layers/3330123/features/530/joindre_des_photos/mdc_photo_mdc_ae1f08_1599555176562_1599555210668.jpg?reqlogin, http://mdc.giscloud.com/rest/1/layers/3330123/features/530/joindre_des_photos/mdc_photo_mdc_3b0406_1599555187688_1599555210668.jpg?reqlogin;Arret_Bus;Autre;no;no;no;no;;Hey hbib;Sfax sud;Sfax
SRT_SFAX;;Makram hajam;;Soretras;10.6518598;34.7147934;http://mdc.giscloud.com/rest/1/layers/3330123/features/531/joindre_des_photos/mdc_photo_mdc_6469f3_1599555671999_1599555688905.jpg?reqlogin, http://mdc.giscloud.com/rest/1/layers/3330123/features/531/joindre_des_photos/mdc_photo_mdc_135590_1599555682916_1599555688905.jpg?reqlogin;Arret_Bus;Autre;no;no;no;no;;Hey hbib;Sfax sud;Sfax
SRT_SFAX;;Bir gez;;Soretras;10.654828;34.7109961;http://mdc.giscloud.com/rest/1/layers/3330123/features/532/joindre_des_photos/mdc_photo_mdc_928e67_1599555823034_1599555855100.jpg?reqlogin, http://mdc.giscloud.com/rest/1/layers/3330123/features/532/joindre_des_photos/mdc_photo_mdc_7282ec_1599555833684_1599555855100.jpg?reqlogin;Arret_Bus;Abri;yes;no;no;no;;Hey hbib;Sfax sud;Sfax
SRT_SFAX;;Collége hajeb;;Soretras;10.6680244;34.7116917;http://mdc.giscloud.com/rest/1/layers/3330123/features/533/joindre_des_photos/mdc_photo_mdc_0c1707_1599556019651_1599556054937.jpg?reqlogin, http://mdc.giscloud.com/rest/1/layers/3330123/features/533/joindre_des_photos/mdc_photo_mdc_a28fec_1599556030825_1599556054937.jpg?reqlogin;Arret_Bus;Autre;no;no;no;no;;Hey hbib;Sfax sud;Sfax
SRT_SFAX;;Haras kdim;;Soretras;10.656235;34.7065883;http://mdc.giscloud.com/rest/1/layers/3330123/features/534/joindre_des_photos/mdc_photo_mdc_99cc23_1599556322227_1599556337980.jpg?reqlogin, http://mdc.giscloud.com/rest/1/layers/3330123/features/534/joindre_des_photos/mdc_photo_mdc_5bb46c_1599556332833_1599556337980.jpg?reqlogin;Arret_Bus;Autre;no;no;no;no;;Hey hbib;Sfax sud;Sfax
SRT_SFAX;;Aakrout;;Soretras;10.661657;34.6994423;http://mdc.giscloud.com/rest/1/layers/3330123/features/535/joindre_des_photos/mdc_photo_mdc_44626a_1599556671291_1599556683949.jpg?reqlogin, http://mdc.giscloud.com/rest/1/layers/3330123/features/535/joindre_des_photos/mdc_photo_mdc_abea15_1599556678177_1599556683949.jpg?reqlogin;Arret_Bus;Abri;yes;no;no;no;;Hey hbib;Sfax sud;Sfax
SRT_SFAX;;Terminus sghar;;Soretras;10.5963702;34.7316247;http://mdc.giscloud.com/rest/1/layers/3330123/features/536/joindre_des_photos/mdc_photo_mdc_f64a39_1599557706075_1599557755861.jpg?reqlogin, http://mdc.giscloud.com/rest/1/layers/3330123/features/536/joindre_des_photos/mdc_photo_mdc_008702_1599557716222_1599557755861.jpg?reqlogin;Arret_Bus;Autre;no;no;no;no;;Hey hbib;Sfax sud;Sfax
SRT_SFAX;;Mosquée farouk;;Soretras;10.6012278;34.7316387;http://mdc.giscloud.com/rest/1/layers/3330123/features/537/joindre_des_photos/mdc_photo_mdc_c289c4_1599557887149_1599557953092.jpg?reqlogin;Arret_Bus;Autre;no;no;no;no;;Hey hbib ;Sfax sud;Sfax
SRT_SFAX;;Sghar2;;Soretras;10.6090732;34.7289033;http://mdc.giscloud.com/rest/1/layers/3330123/features/538/joindre_des_photos/mdc_photo_mdc_9729b2_1599558073343_1599558087225.jpg?reqlogin, http://mdc.giscloud.com/rest/1/layers/3330123/features/538/joindre_des_photos/mdc_photo_mdc_9c8480_1599558081926_1599558087225.jpg?reqlogin;Arret_Bus;Autre;no;no;no;no;;Hey hbib;Sfax sud;Sfax
SRT_SFAX;;Tahouna;;Soretras;10.6275559;34.728931;http://mdc.giscloud.com/rest/1/layers/3330123/features/539/joindre_des_photos/mdc_photo_mdc_069175_1599558272842_1599558288381.jpg?reqlogin, http://mdc.giscloud.com/rest/1/layers/3330123/features/539/joindre_des_photos/mdc_photo_mdc_cf5673_1599558283433_1599558288381.jpg?reqlogin;Arret_Bus;Autre;no;no;no;no;;Hey hbib;Sfax sud;Sfax
SRT_SFAX;;Auto route;;Soretras;10.6396217;34.7299805;http://mdc.giscloud.com/rest/1/layers/3330123/features/540/joindre_des_photos/mdc_photo_mdc_8800ff_1599558401454_1599558423498.jpg?reqlogin, http://mdc.giscloud.com/rest/1/layers/3330123/features/540/joindre_des_photos/mdc_photo_mdc_e02cf9_1599558417685_1599558423500.jpg?reqlogin;Arret_Bus;Autre;no;no;no;no;;Hey hbib;Sfax sud;Sfax
SRT_SFAX;;Markaz;;Soretras;10.6067589;34.7300879;http://mdc.giscloud.com/rest/1/layers/3330123/features/541/joindre_des_photos/mdc_photo_mdc_cea383_1599558740418_1599558794049.jpg?reqlogin, http://mdc.giscloud.com/rest/1/layers/3330123/features/541/joindre_des_photos/mdc_photo_mdc_0d142d_1599558773520_1599558794049.jpg?reqlogin;Arret_Bus;Autre;no;no;no;no;;Hey hbib;Sfax sud ;Sfax
SRT_SFAX;;Terminus boumera;;Soretras;10.6190534;34.7522416;http://mdc.giscloud.com/rest/1/layers/3330123/features/542/joindre_des_photos/mdc_photo_mdc_a9bbb0_1599559394851_1599559411226.jpg?reqlogin, http://mdc.giscloud.com/rest/1/layers/3330123/features/542/joindre_des_photos/mdc_photo_mdc_b30c98_1599559405248_1599559411226.jpg?reqlogin;Arret_Bus;Autre;no;no;no;no;;Khazanet;Sfax sud ;Sfax
SRT_SFAX;;Ancien terminus bou mera;;Soretras;10.6217499;34.7562245;http://mdc.giscloud.com/rest/1/layers/3330123/features/543/joindre_des_photos/mdc_photo_mdc_a2b1db_1599559517569_1599559545223.jpg?reqlogin, http://mdc.giscloud.com/rest/1/layers/3330123/features/543/joindre_des_photos/mdc_photo_mdc_1cce0d_1599559532894_1599559545224.jpg?reqlogin;Arret_Bus;Abri;no;no;no;no;;Khazanet;Sfax sud ;Sfax
SRT_SFAX;;Madjna;;Soretras;10.6304712;34.7652244;http://mdc.giscloud.com/rest/1/layers/3330123/features/544/joindre_des_photos/mdc_photo_mdc_29e2f3_1599559771634_1599559797057.jpg?reqlogin, http://mdc.giscloud.com/rest/1/layers/3330123/features/544/joindre_des_photos/mdc_photo_mdc_2f157e_1599559787042_1599559797057.jpg?reqlogin;Arret_Bus;Poteau;no;no;no;no;;Khazanet ;Sfax sud sfax;Sfax
SRT_SFAX;;Bou mera1;;Soretras;10.633085;34.7688767;http://mdc.giscloud.com/rest/1/layers/3330123/features/545/joindre_des_photos/mdc_photo_mdc_6f64a9_1599559905962_1599559931957.jpg?reqlogin, http://mdc.giscloud.com/rest/1/layers/3330123/features/545/joindre_des_photos/mdc_photo_mdc_81a27b_1599559926205_1599559931957.jpg?reqlogin;Arret_Bus;Abri;yes;no;no;no;;Khazanet;Sfax sud;Sfax
SRT_SFAX;;Bou mera2;;Soretras;10.6403545;34.7789119;http://mdc.giscloud.com/rest/1/layers/3330123/features/546/joindre_des_photos/mdc_photo_mdc_0391ba_1599560098975_1599560116175.jpg?reqlogin, http://mdc.giscloud.com/rest/1/layers/3330123/features/546/joindre_des_photos/mdc_photo_mdc_ca36bb_1599560108879_1599560116176.jpg?reqlogin;Arret_Bus;Poteau;no;no;no;no;;Khazanet;Sfax sud;Sfax
SRT_SFAX;;Kasas khazanet;;Soretras;10.6502813;34.7890769;http://mdc.giscloud.com/rest/1/layers/3330123/features/547/joindre_des_photos/mdc_photo_mdc_edca8d_1599560318278_1599560337797.jpg?reqlogin, http://mdc.giscloud.com/rest/1/layers/3330123/features/547/joindre_des_photos/mdc_photo_mdc_3a6024_1599560332500_1599560337797.jpg?reqlogin;Arret_Bus;Abri;no;no;no;no;;Khazanet;Sfax sud;Sfax
SRT_SFAX;;Jazar;;Siretras;10.6536714;34.7869561;http://mdc.giscloud.com/rest/1/layers/3330123/features/548/joindre_des_photos/mdc_photo_mdc_c251f1_1599560440516_1599560457165.jpg?reqlogin, http://mdc.giscloud.com/rest/1/layers/3330123/features/548/joindre_des_photos/mdc_photo_mdc_d12f61_1599560453852_1599560457165.jpg?reqlogin;Arret_Bus;Autre;no;no;no;no;;Khazanet ;Sfax sud;Sfax
SRT_SFAX;;Km10;;Soretras;10.6569933;34.784965;http://mdc.giscloud.com/rest/1/layers/3330123/features/549/joindre_des_photos/mdc_photo_mdc_fe5975_1599560542418_1599560557189.jpg?reqlogin, http://mdc.giscloud.com/rest/1/layers/3330123/features/549/joindre_des_photos/mdc_photo_mdc_eb744f_1599560553528_1599560557189.jpg?reqlogin;Arret_Bus;Poteau;no;no;no;no;;Khazanet;Sfax sud;Sfax
SRT_SFAX;;Km9 auto route;;Soretras;10.6648255;34.7800413;http://mdc.giscloud.com/rest/1/layers/3330123/features/550/joindre_des_photos/mdc_photo_mdc_911b40_1599560695999_1599560717478.jpg?reqlogin, http://mdc.giscloud.com/rest/1/layers/3330123/features/550/joindre_des_photos/mdc_photo_mdc_4a38ab_1599560708414_1599560717478.jpg?reqlogin;Arret_Bus;Abri;yes;no;no;no;;Khazanet;Sfax sud;Sfax
SRT_SFAX;;Affes;;Soretras;10.6667219;34.7789866;http://mdc.giscloud.com/rest/1/layers/3330123/features/551/joindre_des_photos/mdc_photo_mdc_79b439_1599560793830_1599560808933.jpg?reqlogin, http://mdc.giscloud.com/rest/1/layers/3330123/features/551/joindre_des_photos/mdc_photo_mdc_df2667_1599560803041_1599560808934.jpg?reqlogin;Arret_Bus;Poteau;no;no;no;no;;Khazanet;Sfax sud ;Sfax
SRT_SFAX;;TANK BATTERY(TPS) ;;Soretras;10.6717969;34.7757715;http://mdc.giscloud.com/rest/1/layers/3330123/features/552/joindre_des_photos/mdc_photo_mdc_eb249a_1599560929576_1599560949758.jpg?reqlogin, http://mdc.giscloud.com/rest/1/layers/3330123/features/552/joindre_des_photos/mdc_photo_mdc_8fb5b0_1599560941927_1599560949758.jpg?reqlogin;Arret_Bus;Abri;yes;no;no;no;;Khazanet;Sfax sud;Sfax
SRT_SFAX;;Eliilwi;;Soretras;10.6788818;34.7712167;http://mdc.giscloud.com/rest/1/layers/3330123/features/553/joindre_des_photos/mdc_photo_mdc_c923a0_1599561064255_1599561084753.jpg?reqlogin, http://mdc.giscloud.com/rest/1/layers/3330123/features/553/joindre_des_photos/mdc_photo_mdc_fc2563_1599561076723_1599561084753.jpg?reqlogin;Arret_Bus;Abri;yes;no;no;no;;Khazanet;Sfax sud;Sfax
SRT_SFAX;;Km8(aawayet) ;;Soretras;10.681763;34.7699152;http://mdc.giscloud.com/rest/1/layers/3330123/features/554/joindre_des_photos/mdc_photo_mdc_e3da41_1599561199400_1599561216724.jpg?reqlogin, http://mdc.giscloud.com/rest/1/layers/3330123/features/554/joindre_des_photos/mdc_photo_mdc_41b732_1599561211260_1599561216727.jpg?reqlogin;Arret_Bus;Abri;yes;no;no;no;;Khazanet;Sfax sud;Sfax
SRT_SFAX;;Warda;;Soretras;10.6841437;34.7689233;http://mdc.giscloud.com/rest/1/layers/3330123/features/556/joindre_des_photos/mdc_photo_mdc_940079_1599561299451_1599561383972.jpg?reqlogin, http://mdc.giscloud.com/rest/1/layers/3330123/features/556/joindre_des_photos/mdc_photo_mdc_401d11_1599561350607_1599561383972.jpg?reqlogin;Arret_Bus;Poteau;no;no;no;no;;Khazanet;Sfax sud;Sfax
SRT_SFAX;;Khiriya;;Soretras;10.6866163;34.7668856;http://mdc.giscloud.com/rest/1/layers/3330123/features/557/joindre_des_photos/mdc_photo_mdc_ca93b4_1599561471653_1599561528408.jpg?reqlogin, http://mdc.giscloud.com/rest/1/layers/3330123/features/557/joindre_des_photos/mdc_photo_mdc_59ea65_1599561507341_1599561528408.jpg?reqlogin;Arret_Bus;Autre;no;no;no;no;;Khazanet;Sfax sud;Sfax
SRT_SFAX;;Mezghani;;Soretras;10.6879448;34.7654244;http://mdc.giscloud.com/rest/1/layers/3330123/features/558/joindre_des_photos/mdc_photo_mdc_5dac20_1599561629028_1599561643793.jpg?reqlogin, http://mdc.giscloud.com/rest/1/layers/3330123/features/558/joindre_des_photos/mdc_photo_mdc_2c6e97_1599561638509_1599561643793.jpg?reqlogin;Arret_Bus;Abri;yes;no;no;no;;Khazanet;Sfax sud;Sfax
SRT_SFAX;;Chaabouni;;Soretras;10.6932715;34.7618177;http://mdc.giscloud.com/rest/1/layers/3330123/features/559/joindre_des_photos/mdc_photo_mdc_6e4d7e_1599561873685_1599561890734.jpg?reqlogin, http://mdc.giscloud.com/rest/1/layers/3330123/features/559/joindre_des_photos/mdc_photo_mdc_1ff78e_1599561885161_1599561890736.jpg?reqlogin;Arret_Bus;Autre;no;no;no;no;;Khazanet;Sfax sud;Sfax
SRT_SFAX;;Sidi khlifa1;;Soretras;10.6840135;34.7578703;http://mdc.giscloud.com/rest/1/layers/3330123/features/560/joindre_des_photos/mdc_photo_mdc_5784b4_1599562083108_1599562102946.jpg?reqlogin, http://mdc.giscloud.com/rest/1/layers/3330123/features/560/joindre_des_photos/mdc_photo_mdc_0fe388_1599562096326_1599562102946.jpg?reqlogin;Arret_Bus;Poteau;no;no;no;no;;Khazanet;Sfax sud;Sfax
SRT_SFAX;;Terminus sidi khlifa;;Soretras;10.6822032;34.7574975;http://mdc.giscloud.com/rest/1/layers/3330123/features/561/joindre_des_photos/mdc_photo_mdc_527139_1599562202206_1599562224622.jpg?reqlogin, http://mdc.giscloud.com/rest/1/layers/3330123/features/561/joindre_des_photos/mdc_photo_mdc_e26663_1599562218815_1599562224624.jpg?reqlogin;Arret_Bus;Poteau;no;no;no;no;;Khazanet;Sfax sud;Sfax
SRT_SFAX;;Si khlifa2;;Soretras;10.6897029;34.759649;http://mdc.giscloud.com/rest/1/layers/3330123/features/562/joindre_des_photos/mdc_photo_mdc_520c06_1599562420224_1599562441011.jpg?reqlogin, http://mdc.giscloud.com/rest/1/layers/3330123/features/562/joindre_des_photos/mdc_photo_mdc_05d110_1599562432457_1599562441014.jpg?reqlogin;Arret_Bus;Poteau;no;no;no;no;;Khazanet;Sfax sud;Sfax
SRT_SFAX;;Ben hmida;;Soretras;10.696246;34.7599636;http://mdc.giscloud.com/rest/1/layers/3330123/features/563/joindre_des_photos/mdc_photo_mdc_fb1238_1599562666387_1599562730436.jpg?reqlogin, http://mdc.giscloud.com/rest/1/layers/3330123/features/563/joindre_des_photos/mdc_photo_mdc_0895d8_1599562673983_1599562730437.jpg?reqlogin;Arret_Bus;Abri;yes;no;no;no;;Khazanet;Sfax sud;Sfax
SRT_SFAX;;Maala;;Soretras;10.6995899;34.7581018;http://mdc.giscloud.com/rest/1/layers/3330123/features/564/joindre_des_photos/mdc_photo_mdc_9b7246_1599562779961_1599562807389.jpg?reqlogin, http://mdc.giscloud.com/rest/1/layers/3330123/features/564/joindre_des_photos/mdc_photo_mdc_1b926b_1599562795867_1599562807390.jpg?reqlogin;Arret_Bus;Abri;yes;no;no;no;;Khazanet;Sfax sud;Sfax
SRT_SFAX;;Abidjan;;Soretras;10.7032356;34.7565502;http://mdc.giscloud.com/rest/1/layers/3330123/features/565/joindre_des_photos/mdc_photo_mdc_4dc994_1599562921178_1599562964252.jpg?reqlogin, http://mdc.giscloud.com/rest/1/layers/3330123/features/565/joindre_des_photos/mdc_photo_mdc_b47e08_1599562943396_1599562964253.jpg?reqlogin;Arret_Bus;Poteau;no;no;no;no;;Khazanet;Sfax sud;Sfax
SRT_SFAX;;Aalouche;;Soretras;10.7053564;34.7557398;http://mdc.giscloud.com/rest/1/layers/3330123/features/566/joindre_des_photos/mdc_photo_mdc_14b955_1599563159955_1599563188842.jpg?reqlogin, http://mdc.giscloud.com/rest/1/layers/3330123/features/566/joindre_des_photos/mdc_photo_mdc_38abf9_1599563181576_1599563188843.jpg?reqlogin;Arret_Bus;Abri;yes;no;no;no;;Khazanet;Sfax sud;Sfax 
SRT_SFAX;;Kasas;;Soretras;10.7085696;34.7546317;http://mdc.giscloud.com/rest/1/layers/3330123/features/567/joindre_des_photos/mdc_photo_mdc_f4a035_1599563279572_1599563303033.jpg?reqlogin, http://mdc.giscloud.com/rest/1/layers/3330123/features/567/joindre_des_photos/mdc_photo_mdc_f616a8_1599563298425_1599563303033.jpg?reqlogin;Arret_Bus;Abri;yes;no;no;no;;Khazanet ;Sfax sud ;Sfax
SRT_SFAX;;Kanzoul;;Soretras;10.7130605;34.7527557;http://mdc.giscloud.com/rest/1/layers/3330123/features/568/joindre_des_photos/mdc_photo_mdc_ff16f2_1599563511282_1599563535959.jpg?reqlogin, http://mdc.giscloud.com/rest/1/layers/3330123/features/568/joindre_des_photos/mdc_photo_mdc_e4d051_1599563527238_1599563535961.jpg?reqlogin;Arret_Bus;Abri;yes;no;no;no;;Khazanet;Sfax sud;Sfax
SRT_SFAX;;Hajam;;Soretras;10.7153413;34.751646;http://mdc.giscloud.com/rest/1/layers/3330123/features/569/joindre_des_photos/mdc_photo_mdc_ccc108_1599563675088_1599563695513.jpg?reqlogin, http://mdc.giscloud.com/rest/1/layers/3330123/features/569/joindre_des_photos/mdc_photo_mdc_8ee01c_1599563684518_1599563695513.jpg?reqlogin;Arret_Bus;Abri;yes;no;no;no;;Khazanet;Sfax sud;Sfax
SRT_SFAX;;Damak;;Soretras;10.7184476;34.7498849;http://mdc.giscloud.com/rest/1/layers/3330123/features/570/joindre_des_photos/mdc_photo_mdc_7d5220_1599563789770_1599563811837.jpg?reqlogin, http://mdc.giscloud.com/rest/1/layers/3330123/features/570/joindre_des_photos/mdc_photo_mdc_f8f2ec_1599563806924_1599563811837.jpg?reqlogin;Arret_Bus;Abri;yes;no;no;no;;Khazanet;Sfax sud;Sfax
SRT_SFAX;;Touta;;Soretras;10.7198289;34.7487778;http://mdc.giscloud.com/rest/1/layers/3330123/features/571/joindre_des_photos/mdc_photo_mdc_96028f_1599563905835_1599563926719.jpg?reqlogin, http://mdc.giscloud.com/rest/1/layers/3330123/features/571/joindre_des_photos/mdc_photo_mdc_14218b_1599563918308_1599563926719.jpg?reqlogin;Arret_Bus;Poteau;no;no;no;no;;Khazanet;Sfax sud;Sfax
SRT_SFAX;;Barnous;;Soretras;10.723997;34.7470629;http://mdc.giscloud.com/rest/1/layers/3330123/features/572/joindre_des_photos/mdc_photo_mdc_4f92bb_1599564057822_1599564083677.jpg?reqlogin, http://mdc.giscloud.com/rest/1/layers/3330123/features/572/joindre_des_photos/mdc_photo_mdc_d092df_1599564077822_1599564083677.jpg?reqlogin;Arret_Bus;Autre;no;no;no;no;;Khazanet;Sfax sud;Sfax
SRT_SFAX;;Jdida;;Soretras;10.7274281;34.7453313;http://mdc.giscloud.com/rest/1/layers/3330123/features/573/joindre_des_photos/mdc_photo_mdc_c2f9a9_1599564195173_1599564218606.jpg?reqlogin, http://mdc.giscloud.com/rest/1/layers/3330123/features/573/joindre_des_photos/mdc_photo_mdc_570fa7_1599564212749_1599564218606.jpg?reqlogin;Arret_Bus;Autre;no;no;no;no;;Khazanet;Sfax sud ;Sfax
SRT_SFAX;;Elaajmi;;Soretras;10.7291166;34.7445846;http://mdc.giscloud.com/rest/1/layers/3330123/features/574/joindre_des_photos/mdc_photo_mdc_60a8c8_1599564305744_1599564327643.jpg?reqlogin, http://mdc.giscloud.com/rest/1/layers/3330123/features/574/joindre_des_photos/mdc_photo_mdc_574c76_1599564318617_1599564327643.jpg?reqlogin;Arret_Bus;Abri;yes;no;no;no;;Khazanet;Sfax sud;Sfax 
SRT_SFAX;;Mhiri;;Sorerras;10.7317366;34.7434453;http://mdc.giscloud.com/rest/1/layers/3330123/features/575/joindre_des_photos/mdc_photo_mdc_276e7c_1599564453107_1599564474700.jpg?reqlogin, http://mdc.giscloud.com/rest/1/layers/3330123/features/575/joindre_des_photos/mdc_photo_mdc_a2df6e_1599564467711_1599564474700.jpg?reqlogin;Arret_Bus;Poteau;no;no;no;no;;Khazanet;Sfax sud;Sfax
SRT_SFAX;;Eljawa;;Soretras;10.7339636;34.7425583;http://mdc.giscloud.com/rest/1/layers/3330123/features/576/joindre_des_photos/mdc_photo_mdc_e9cbab_1599564572508_1599564593440.jpg?reqlogin, http://mdc.giscloud.com/rest/1/layers/3330123/features/576/joindre_des_photos/mdc_photo_mdc_b3fa73_1599564586179_1599564593441.jpg?reqlogin;Arret_Bus;Autre;no;no;no;no;;Khazanet;Sfax sud;Sfax
SRT_SFAX;;Markaz chaker;;Soretras;10.7377413;34.7412569;http://mdc.giscloud.com/rest/1/layers/3330123/features/577/joindre_des_photos/mdc_photo_mdc_69ed19_1599564684063_1599564715411.jpg?reqlogin, http://mdc.giscloud.com/rest/1/layers/3330123/features/577/joindre_des_photos/mdc_photo_mdc_9a567c_1599564696272_1599564715411.jpg?reqlogin;Arret_Bus;Abri;yes;no;no;no;;Khazanet;Sfax sud;Sfax
SRT_SFAX;;Firma;;Soretras;10.7402847;34.7402074;http://mdc.giscloud.com/rest/1/layers/3330123/features/578/joindre_des_photos/mdc_photo_mdc_541859_1599564820476_1599564846850.jpg?reqlogin, http://mdc.giscloud.com/rest/1/layers/3330123/features/578/joindre_des_photos/mdc_photo_mdc_3ce6c5_1599564839137_1599564846850.jpg?reqlogin;Arret_Bus;Autre;no;no;no;no;;Khazanet;Sfax sud;Sfax
SRT_SFAX;;20-mars;;Soretras;10.7440238;34.7386153;http://mdc.giscloud.com/rest/1/layers/3330123/features/579/joindre_des_photos/mdc_photo_mdc_3a4e58_1599564949678_1599564979727.jpg?reqlogin, http://mdc.giscloud.com/rest/1/layers/3330123/features/579/joindre_des_photos/mdc_photo_mdc_4201f0_1599564969316_1599564979727.jpg?reqlogin;Arret_Bus;Poteau;no;no;no;no;;Khazanet;Sfax sud;Sfax
SRT_SFAX;;Jardin dacar;;Soretras;10.75977Station_TNRP5;34.7326615;http://mdc.giscloud.com/rest/1/layers/3330123/features/5Station_TNRP1/joindre_des_photos/mdc_photo_mdc_5Station_TNRP67Station_TNRP1_1599639Station_TNRP2Station_TNRP579_159963990Station_TNRP465.jpg?reqlogin, http://mdc.giscloud.com/rest/1/layers/3330123/features/5Station_TNRP1/joindre_des_photos/mdc_photo_mdc_f245ea_1599639Station_TNRPStation_TNRP5309_159963990Station_TNRP466.jpg?reqlogin;Station_TNRP;Autre;no;no;no;no;;Sfax madina ;Sfax ;Sfax
SRT_SFAX;;Terminus hached;;Soretras;10.7600258;34.7332777;http://mdc.giscloud.com/rest/1/layers/3330123/features/582/joindre_des_photos/mdc_photo_mdc_9f5b6b_1599640045709_1599640075245.jpg?reqlogin, http://mdc.giscloud.com/rest/1/layers/3330123/features/582/joindre_des_photos/mdc_photo_mdc_d3650e_1599640057884_1599640075245.jpg?reqlogin;Arret_Bus;Abri;yes;no;yes;no;;Sfax madina;Sfax;Sfax
SRT_SFAX;;Terminus mharza;;Soretras;10.7575951;34.7330391;http://mdc.giscloud.com/rest/1/layers/3330123/features/583/joindre_des_photos/mdc_photo_mdc_698352_1599640235335_1599640268627.jpg?reqlogin, http://mdc.giscloud.com/rest/1/layers/3330123/features/583/joindre_des_photos/mdc_photo_mdc_e4478a_1599640257932_1599640268628.jpg?reqlogin;Arret_Bus;Autre;no;no;no;no;;Sfax madina;Sfax ;Sfax
SRT_SFAX;;Terminus sokra;;Soretras;10.7572433;34.7331083;http://mdc.giscloud.com/rest/1/layers/3330123/features/584/joindre_des_photos/mdc_photo_mdc_29126e_1599640380068_1599640409587.jpg?reqlogin, http://mdc.giscloud.com/rest/1/layers/3330123/features/584/joindre_des_photos/mdc_photo_mdc_23ffb1_1599640400377_1599640409587.jpg?reqlogin;Arret_Bus;Abri;yes;no;no;no;;Sfax madina;Sfax ;Sfax
SRT_SFAX;;Terminus chaker;;Soretras;10.7576344;34.7330974;http://mdc.giscloud.com/rest/1/layers/3330123/features/585/joindre_des_photos/mdc_photo_mdc_968115_1599640511443_1599640544047.jpg?reqlogin, http://mdc.giscloud.com/rest/1/layers/3330123/features/585/joindre_des_photos/mdc_photo_mdc_3d86a5_1599640534421_1599640544048.jpg?reqlogin;Arret_Bus;Autre;no;no;no;no;;Sfax madina;Sfax ;Sfax
SRT_SFAX;;Simka;;Soretras;10.755926;34.7330914;http://mdc.giscloud.com/rest/1/layers/3330123/features/586/joindre_des_photos/mdc_photo_mdc_3442dc_1599640675919_1599640696175.jpg?reqlogin, http://mdc.giscloud.com/rest/1/layers/3330123/features/586/joindre_des_photos/mdc_photo_mdc_d1ea2f_1599640689497_1599640696175.jpg?reqlogin;Arret_Bus;Abri;yes;no;no;no;;Sfax madina;Sfax ;Sfax
SRT_SFAX;;Radio sfax;;Soretras;10.7472815;34.7368775;http://mdc.giscloud.com/rest/1/layers/3330123/features/587/joindre_des_photos/mdc_photo_mdc_b8ddb0_1599641089650_1599641143185.jpg?reqlogin, http://mdc.giscloud.com/rest/1/layers/3330123/features/587/joindre_des_photos/mdc_photo_mdc_41fa1e_1599641114693_1599641143185.jpg?reqlogin;Arret_Bus;Abri;yes;no;no;no;;Khazanet;Sfax sud;Sfax
SRT_SFAX;;Passage;;Soretras;10.7454468;34.7382002;http://mdc.giscloud.com/rest/1/layers/3330123/features/588/joindre_des_photos/mdc_photo_mdc_674cc0_1599641243554_1599641343178.jpg?reqlogin, http://mdc.giscloud.com/rest/1/layers/3330123/features/588/joindre_des_photos/mdc_photo_mdc_4e1d34_1599641312609_1599641343178.jpg?reqlogin;Arret_Bus;Abri;yes;no;no;no;;Khazanet;Sfax sud ;Sfax
SRT_SFAX;;Ziadi;;Soretras;10.76235;34.8016758;http://mdc.giscloud.com/rest/1/layers/3330123/features/628/joindre_des_photos/mdc_photo_mdc_8d8abf_1600429163928_1600429188265.jpg?reqlogin, http://mdc.giscloud.com/rest/1/layers/3330123/features/628/joindre_des_photos/mdc_photo_mdc_4148d0_1600429176814_1600429188265.jpg?reqlogin;Arret_Bus;Poteau;no;no;no;no;;Sakeit zit;Sfax sud;Sfax
SRT_SFAX;Kerkennah;Sidi youssef;;Soretras;10.97019;34.655505;http://mdc.giscloud.com/rest/1/layers/3330123/features/629/joindre_des_photos/mdc_photo_mdc_9a596f_1600676571237_1600676765049.jpg?reqlogin, http://mdc.giscloud.com/rest/1/layers/3330123/features/629/joindre_des_photos/mdc_photo_mdc_d4a1ba_1600676606915_1600676765049.jpg?reqlogin;Arret_Bus;Abri;yes;no;no;no;;Kerkennah;Kerkennah;Sfax
SRT_SFAX;Kerkennah;Cité;;Soretras;10.9748742;34.654823;http://mdc.giscloud.com/rest/1/layers/3330123/features/630/joindre_des_photos/mdc_photo_mdc_ac9764_1600677074512_1600677106442.jpg?reqlogin, http://mdc.giscloud.com/rest/1/layers/3330123/features/630/joindre_des_photos/mdc_photo_mdc_f5c744_1600677087271_1600677106443.jpg?reqlogin;Arret_Bus;Poteau;no;no;no;no;;Kerkennah;Kerkennah;Sfax
SRT_SFAX;Kerkennah;Sidi youssef2;;Soretras;10.9805967;34.6534411;http://mdc.giscloud.com/rest/1/layers/3330123/features/631/joindre_des_photos/mdc_photo_mdc_0ce34a_1600677272026_1600677304938.jpg?reqlogin, http://mdc.giscloud.com/rest/1/layers/3330123/features/631/joindre_des_photos/mdc_photo_mdc_ec65a6_1600677293456_1600677304938.jpg?reqlogin;Arret_Bus;Poteau;no;no;no;no;;Kerkennah;Kerkenah;Sfax
SRT_SFAX;Kerkennah;Sidi youssef3;;Soretras;10.9860059;34.6527682;http://mdc.giscloud.com/rest/1/layers/3330123/features/632/joindre_des_photos/mdc_photo_mdc_09124a_1600677425475_1600677445767.jpg?reqlogin, http://mdc.giscloud.com/rest/1/layers/3330123/features/632/joindre_des_photos/mdc_photo_mdc_bf7b04_1600677435725_1600677445769.jpg?reqlogin;Arret_Bus;Poteau;no;no;no;no;;Kerkennah;Kerkennah;Sfax
SRT_SFAX;Kerkennah;Markez;;Soretras;11.0251802;34.6499933;http://mdc.giscloud.com/rest/1/layers/3330123/features/633/joindre_des_photos/mdc_photo_mdc_e1850a_1600677730701_1600677766901.jpg?reqlogin, http://mdc.giscloud.com/rest/1/layers/3330123/features/633/joindre_des_photos/mdc_photo_mdc_770670_1600677743854_1600677766902.jpg?reqlogin;Arret_Bus;Autre;no;no;no;no;;Kerkennah;Kerkennah;Sfax
SRT_SFAX;Kerkennah;Cherki2;;Soretras;11.2487447;34.7509677;http://mdc.giscloud.com/rest/1/layers/3330123/features/679/joindre_des_photos/mdc_photo_mdc_331ed7_1600689596623_1600689625620.jpg?reqlogin;Arret_Bus;Autre;no;no;no;no;;Kerkennah;Kerkennah;Sfax
SRT_SFAX;Kerkennah;Mazraa;;Soretras;11.0267874;34.6506755;http://mdc.giscloud.com/rest/1/layers/3330123/features/634/joindre_des_photos/mdc_photo_mdc_2b5e47_1600677863451_1600677881543.jpg?reqlogin, http://mdc.giscloud.com/rest/1/layers/3330123/features/634/joindre_des_photos/mdc_photo_mdc_4ea79a_1600677871950_1600677881544.jpg?reqlogin;Arret_Bus;Autre;no;no;no;no;;Kerkennah;Kerkennah;Sfax
SRT_SFAX;Kerkennah;Aouled ezzedine3;;Soretras;11.0927357;34.6562927;http://mdc.giscloud.com/rest/1/layers/3330123/features/644/joindre_des_photos/mdc_photo_mdc_b20a33_1600679158897_1600679201565.jpg?reqlogin, http://mdc.giscloud.com/rest/1/layers/3330123/features/644/joindre_des_photos/mdc_photo_mdc_74d5a0_1600679170333_1600679201565.jpg?reqlogin;Arret_Bus;Poteau;no;no;no;no;;Kerkennah;Kerkennah;Sfax
SRT_SFAX;Kerkennah;ecole primaire malita;;Soretras;11.0293539;34.651605;http://mdc.giscloud.com/rest/1/layers/3330123/features/635/joindre_des_photos/mdc_photo_mdc_f8a14a_1600677975724_1600678009915.jpg?reqlogin, http://mdc.giscloud.com/rest/1/layers/3330123/features/635/joindre_des_photos/mdc_photo_mdc_6eddde_1600677983501_1600678009915.jpg?reqlogin;Arret_Bus;Autre;no;no;no;no;;Kerkennah;Kerkennah;Sfax
SRT_SFAX;Kerkennah;Malita2;;Soretras;11.0320966;34.6516777;http://mdc.giscloud.com/rest/1/layers/3330123/features/636/joindre_des_photos/mdc_photo_mdc_578eec_1600678101306_1600678138329.jpg?reqlogin, http://mdc.giscloud.com/rest/1/layers/3330123/features/636/joindre_des_photos/mdc_photo_mdc_f41193_1600678115376_1600678138329.jpg?reqlogin;Arret_Bus;Poteau;no;no;no;no;;Kerkennah;Kerkennah;Sfax
SRT_SFAX;Kerkennah;Koucha;;Soretras;11.0344147;34.6518639;http://mdc.giscloud.com/rest/1/layers/3330123/features/637/joindre_des_photos/mdc_photo_mdc_6d758c_1600678260146_1600678280374.jpg?reqlogin, http://mdc.giscloud.com/rest/1/layers/3330123/features/637/joindre_des_photos/mdc_photo_mdc_61759c_1600678271905_1600678280374.jpg?reqlogin;Arret_Bus;Autre;no;no;no;no;;Kerkennah;Kerkennah;Sfax
SRT_SFAX;Kerkennah;Oriflame;;Soretras;11.037057;34.65262;http://mdc.giscloud.com/rest/1/layers/3330123/features/638/joindre_des_photos/mdc_photo_mdc_64cb12_1600678370671_1600678413228.jpg?reqlogin, http://mdc.giscloud.com/rest/1/layers/3330123/features/638/joindre_des_photos/mdc_photo_mdc_2baffd_1600678381381_1600678413228.jpg?reqlogin;Arret_Bus;Autre;no;no;no;no;;Kerkennah;Kerkennah;Sfax
SRT_SFAX;Kerkennah;Malita3;;Soretras;11.0405756;34.6539992;http://mdc.giscloud.com/rest/1/layers/3330123/features/639/joindre_des_photos/mdc_photo_mdc_ee2546_1600678567339_1600678586753.jpg?reqlogin, http://mdc.giscloud.com/rest/1/layers/3330123/features/639/joindre_des_photos/mdc_photo_mdc_d6aff5_1600678579989_1600678586753.jpg?reqlogin;Arret_Bus;Poteau;no;no;no;no;;Kerkennah;Kerkennah;Sfax
SRT_SFAX;Kerkennah;Aouled  ezzedine1;;Soretras;11.0821364;34.6574838;http://mdc.giscloud.com/rest/1/layers/3330123/features/641/joindre_des_photos/mdc_photo_mdc_b846be_1600678861211_1600678905174.jpg?reqlogin, http://mdc.giscloud.com/rest/1/layers/3330123/features/641/joindre_des_photos/mdc_photo_mdc_d122c3_1600678877996_1600678905174.jpg?reqlogin;Arret_Bus;Poteau;no;no;no;no;;Kerkennah;Kerkennah;Sfax
SRT_SFAX;Kerkennah;Aouled  ezzedine2;;Soretras;11.0878795;34.6566602;http://mdc.giscloud.com/rest/1/layers/3330123/features/642/joindre_des_photos/mdc_photo_mdc_b72937_1600678984498_1600679050374.jpg?reqlogin, http://mdc.giscloud.com/rest/1/layers/3330123/features/642/joindre_des_photos/mdc_photo_mdc_f58c4c_1600679019027_1600679050374.jpg?reqlogin;Arret_Bus;Abri;yes;no;no;no;;Kerkennah;Kerkennah;Sfax
SRT_SFAX;Kerkenah;Kantra;;Soretras;11.1275274;34.6645934;http://mdc.giscloud.com/rest/1/layers/3330123/features/645/joindre_des_photos/mdc_photo_mdc_9382e6_1600679493696_1600679532896.jpg?reqlogin, http://mdc.giscloud.com/rest/1/layers/3330123/features/645/joindre_des_photos/mdc_photo_mdc_9a1cc7_1600679507764_1600679532896.jpg?reqlogin;Arret_Bus;Autre;no;no;no;no;;Kerkenah;Kerkennah;Sfax
SRT_SFAX;Kerkennah;Aouled yaneg2;;Soretras;11.1317886;34.667057;http://mdc.giscloud.com/rest/1/layers/3330123/features/646/joindre_des_photos/mdc_photo_mdc_2f6bec_1600679654154_1600679670474.jpg?reqlogin, http://mdc.giscloud.com/rest/1/layers/3330123/features/646/joindre_des_photos/mdc_photo_mdc_a426bb_1600679664592_1600679670474.jpg?reqlogin;Arret_Bus;Poteau;no;no;no;no;;Kerkennah;Kerkennah;Sfax
SRT_SFAX;Kerkennah;Aouled  yaneg3;;Soretras;11.1355439;34.6698708;http://mdc.giscloud.com/rest/1/layers/3330123/features/647/joindre_des_photos/mdc_photo_mdc_ceb7d0_1600679781674_1600679799110.jpg?reqlogin, http://mdc.giscloud.com/rest/1/layers/3330123/features/647/joindre_des_photos/mdc_photo_mdc_095dad_1600679791774_1600679799110.jpg?reqlogin;Arret_Bus;Poteau;no;no;no;no;;Kerkennah;Kerkennah;Sfax
SRT_SFAX;Kerkenah;Hanout mohsen bida;;Soretras;11.1382239;34.6719513;http://mdc.giscloud.com/rest/1/layers/3330123/features/648/joindre_des_photos/mdc_photo_mdc_f536fc_1600679919542_1600679963380.jpg?reqlogin, http://mdc.giscloud.com/rest/1/layers/3330123/features/648/joindre_des_photos/mdc_photo_mdc_b507ab_1600679941669_1600679963380.jpg?reqlogin;Arret_Bus;Abri;yes;no;no;no;;Kerkennah;Kerkennah;Sfax
SRT_SFAX;Kerkennah;Sidi fraj;;Soretras;11.137655;34.6875548;http://mdc.giscloud.com/rest/1/layers/3330123/features/649/joindre_des_photos/mdc_photo_mdc_2e7a97_1600680699260_1600680765836.jpg?reqlogin, http://mdc.giscloud.com/rest/1/layers/3330123/features/649/joindre_des_photos/mdc_photo_mdc_6092ac_1600680740716_1600680765836.jpg?reqlogin;Arret_Bus;Abri;yes;no;no;no;;Kerkennah;Kekennah;Sfax
SRT_SFAX;Kerkennah;Barous1;;Soretras;11.155765;34.6804283;http://mdc.giscloud.com/rest/1/layers/3330123/features/650/joindre_des_photos/mdc_photo_mdc_365c07_1600681144563_1600681185925.jpg?reqlogin, http://mdc.giscloud.com/rest/1/layers/3330123/features/650/joindre_des_photos/mdc_photo_mdc_e23560_1600681161181_1600681185926.jpg?reqlogin;Arret_Bus;Autre;no;no;no;no;;Kerkennah;Kerkennah;Sfax
SRT_SFAX;Kerkennah;Barous2;;Soretras;11.1487807;34.6759494;http://mdc.giscloud.com/rest/1/layers/3330123/features/651/joindre_des_photos/mdc_photo_mdc_efc60b_1600681302067_1600681346034.jpg?reqlogin, http://mdc.giscloud.com/rest/1/layers/3330123/features/651/joindre_des_photos/mdc_photo_mdc_08dcbb_1600681316647_1600681346035.jpg?reqlogin;Arret_Bus;Autre;no;no;no;no;;Kerkennah;Kerkennah;Sfax
SRT_SFAX;Kerkennah;Rond-point;;Soretras;11.161685;34.6840067;http://mdc.giscloud.com/rest/1/layers/3330123/features/653/joindre_des_photos/mdc_photo_mdc_62269e_1600681513663_1600681567360.jpg?reqlogin, http://mdc.giscloud.com/rest/1/layers/3330123/features/653/joindre_des_photos/mdc_photo_mdc_6d6d41_1600681542311_1600681567362.jpg?reqlogin;Arret_Bus;Autre;no;no;no;no;;Kerkennah;Soretras;Sfax
SRT_SFAX;Kerkennah;Hanout Mrad;;Soretras;11.1644828;34.6849805;http://mdc.giscloud.com/rest/1/layers/3330123/features/654/joindre_des_photos/mdc_photo_mdc_9c5653_1600681775805_1600681827829.jpg?reqlogin, http://mdc.giscloud.com/rest/1/layers/3330123/features/654/joindre_des_photos/mdc_photo_mdc_db4ad1_1600681799616_1600681827830.jpg?reqlogin;Arret_Bus;Autre;no;no;no;no;;Kerkennah;Kerkennah;Sfax
SRT_SFAX;Kerkennah;Mosque;;Soretras;11.1663834;34.685896;http://mdc.giscloud.com/rest/1/layers/3330123/features/655/joindre_des_photos/mdc_photo_mdc_e5f83b_1600681989510_1600682030442.jpg?reqlogin, http://mdc.giscloud.com/rest/1/layers/3330123/features/655/joindre_des_photos/mdc_photo_mdc_1d04d1_1600682002292_1600682030442.jpg?reqlogin;Arret_Bus;Autre;no;no;no;no;;Kerkennah;Kerkennah;Sfax
SRT_SFAX;Kerkennah;Hey;;Soretras;11.1692101;34.6871046;http://mdc.giscloud.com/rest/1/layers/3330123/features/656/joindre_des_photos/mdc_photo_mdc_ccf557_1600682124199_1600682150833.jpg?reqlogin, http://mdc.giscloud.com/rest/1/layers/3330123/features/656/joindre_des_photos/mdc_photo_mdc_71dfea_1600682141196_1600682150833.jpg?reqlogin;Arret_Bus;Autre;no;no;no;no;;Kerkennah;Kerkennah;Sfax
SRT_SFAX;Kerkennah;Awled kacem2;;Soretras;11.1722784;34.6903434;http://mdc.giscloud.com/rest/1/layers/3330123/features/657/joindre_des_photos/mdc_photo_mdc_5a5135_1600682366453_1600682399650.jpg?reqlogin, http://mdc.giscloud.com/rest/1/layers/3330123/features/657/joindre_des_photos/mdc_photo_mdc_5c3346_1600682392512_1600682399650.jpg?reqlogin;Arret_Bus;Autre;no;no;no;no;;Kerkennah;Kerkennah;Sfax
SRT_SFAX;Kerkennah;Mosquée salem Aouled Bou Ali;;Soretras;11.1897003;34.7007206;http://mdc.giscloud.com/rest/1/layers/3330123/features/658/joindre_des_photos/mdc_photo_mdc_64d616_1600682711778_1600682737285.jpg?reqlogin, http://mdc.giscloud.com/rest/1/layers/3330123/features/658/joindre_des_photos/mdc_photo_mdc_ab8787_1600682728334_1600682737285.jpg?reqlogin;Arret_Bus;Abri;yes;no;no;no;;Kerkennah;Kerkennah;Sfax
SRT_SFAX;Kerkennah;Café zaiim Aouled Bou Ali;;Soretras;11.1931548;34.7029331;http://mdc.giscloud.com/rest/1/layers/3330123/features/659/joindre_des_photos/mdc_photo_mdc_f7ef8c_1600682821546_1600682843116.jpg?reqlogin, http://mdc.giscloud.com/rest/1/layers/3330123/features/659/joindre_des_photos/mdc_photo_mdc_1f8a97_1600682835355_1600682843116.jpg?reqlogin;Arret_Bus;Autre;no;no;no;no;;Kerkennah;Kerkennah;Sfax
SRT_SFAX;Kerkennah;Mosquée najet;;Soretras;11.2529218;34.7781886;http://mdc.giscloud.com/rest/1/layers/3330123/features/673/joindre_des_photos/mdc_photo_mdc_861a22_1600688664391_1600688693418.jpg?reqlogin;Arret_Bus;Abri;yes;no;no;no;;Kerkennah;Kerkennah;Sfax
SRT_SFAX;Kerkennah;Café  kachouri Aouled Bou Ali;;Soretras;11.1972672;34.7042205;http://mdc.giscloud.com/rest/1/layers/3330123/features/660/joindre_des_photos/mdc_photo_mdc_956dd9_1600682959503_1600682985575.jpg?reqlogin, http://mdc.giscloud.com/rest/1/layers/3330123/features/660/joindre_des_photos/mdc_photo_mdc_9abb2e_1600682972568_1600682985576.jpg?reqlogin;Arret_Bus;Autre;no;no;no;no;;Kerkennah;Kerkennah;Sfax
SRT_SFAX;Kerkennah;Steg;;Soretras;11.2153917;34.7108217;http://mdc.giscloud.com/rest/1/layers/3330123/features/683/joindre_des_photos/mdc_photo_mdc_9dd822_1600766534610_1600766553061.jpg?reqlogin, http://mdc.giscloud.com/rest/1/layers/3330123/features/683/joindre_des_photos/mdc_photo_mdc_eb144b_1600766545375_1600766553061.jpg?reqlogin;Arret_Bus;Autre;no;no;no;no;;Kerkennah;Kerkennah;Sfax
SRT_SFAX;Kerkennah;Maison des jeunes kraten;;Soretras;11.25368;34.8172817;http://mdc.giscloud.com/rest/1/layers/3330123/features/696/joindre_des_photos/mdc_photo_mdc_d984fd_1600771555586_1600771571282.jpg?reqlogin, http://mdc.giscloud.com/rest/1/layers/3330123/features/696/joindre_des_photos/mdc_photo_mdc_4f5b5e_1600771565350_1600771571282.jpg?reqlogin;Arret_Bus;Autre;no;no;no;no;;Kerkennah;Kerkrnnah;Sfax
SRT_SFAX;Kerkennah;Dar ghoul;;Soretras;11.251525;34.8181183;http://mdc.giscloud.com/rest/1/layers/3330123/features/697/joindre_des_photos/mdc_photo_mdc_02d662_1600771660417_1600771675439.jpg?reqlogin, http://mdc.giscloud.com/rest/1/layers/3330123/features/697/joindre_des_photos/mdc_photo_mdc_89225a_1600771670033_1600771675442.jpg?reqlogin;Arret_Bus;Autre;no;no;no;no;;Kerkennah;Kerkennah;Sfax
SRT_SFAX;Kerkennah;Café kraten;;Soretras;11.2534455;34.8196395;http://mdc.giscloud.com/rest/1/layers/3330123/features/698/joindre_des_photos/mdc_photo_mdc_9d388f_1600771770169_1600771791141.jpg?reqlogin, http://mdc.giscloud.com/rest/1/layers/3330123/features/698/joindre_des_photos/mdc_photo_mdc_5c7e1e_1600771783132_1600771791141.jpg?reqlogin;Arret_Bus;Autre;no;no;no;no;;Kerkennah;Kerkennah;Sfax
SRT_SFAX;Kerkennah;Kasara;;Soretras;11.2566772;34.8219855;http://mdc.giscloud.com/rest/1/layers/3330123/features/699/joindre_des_photos/mdc_photo_mdc_03d70c_1600771886830_1600771921426.jpg?reqlogin, http://mdc.giscloud.com/rest/1/layers/3330123/features/699/joindre_des_photos/mdc_photo_mdc_a1dfab_1600771914640_1600771921426.jpg?reqlogin;Arret_Bus;Autre;no;no;no;no;;Kerkennah;Kerkennah;Sfax
SRT_SFAX;Kerkennah;Port kraten;;Soretras;11.2551783;34.8264667;http://mdc.giscloud.com/rest/1/layers/3330123/features/700/joindre_des_photos/mdc_photo_mdc_eff8b6_1600772022402_1600772040886.jpg?reqlogin, http://mdc.giscloud.com/rest/1/layers/3330123/features/700/joindre_des_photos/mdc_photo_mdc_60745a_1600772034341_1600772040886.jpg?reqlogin;Arret_Bus;Autre;no;no;no;no;;Kerkennah;Kerkennah;Sfax
SRT_SFAX;Kerkennah;ecole primaire kraten;;Soretras;11.259465;34.8183637;http://mdc.giscloud.com/rest/1/layers/3330123/features/701/joindre_des_photos/mdc_photo_mdc_504ce1_1600772198932_1600772226276.jpg?reqlogin, http://mdc.giscloud.com/rest/1/layers/3330123/features/701/joindre_des_photos/mdc_photo_mdc_277ff8_1600772219963_1600772226276.jpg?reqlogin;Arret_Bus;Autre;no;no;no;no;;Kerkennah;Kerkennah;Sfax
SRT_SFAX;Kerkennah;Rond- point;;Soretras;11.2590081;34.8170281;http://mdc.giscloud.com/rest/1/layers/3330123/features/702/joindre_des_photos/mdc_photo_mdc_20827e_1600772296896_1600772317363.jpg?reqlogin, http://mdc.giscloud.com/rest/1/layers/3330123/features/702/joindre_des_photos/mdc_photo_mdc_d81181_1600772307407_1600772317363.jpg?reqlogin;Arret_Bus;Autre;no;no;no;no;;Kerkennah;Kerkennah;Sfax
SRT_SFAX;Kerkennah;Police attaya;;Soretras;11.2893612;34.7417651;http://mdc.giscloud.com/rest/1/layers/3330123/features/703/joindre_des_photos/mdc_photo_mdc_decc9c_1600773318661_1600773327800.jpg?reqlogin;Arret_Bus;Poteau;no;no;no;no;;Kerkennah;Kerkennah;Sfax
SRT_SFAX;Kerkennah;Comptoire kalabine;;Soretras;11.2114392;34.7086331;http://mdc.giscloud.com/rest/1/layers/3330123/features/704/joindre_des_photos/mdc_photo_mdc_03701e_1600773862284_1600773873791.jpg?reqlogin, http://mdc.giscloud.com/rest/1/layers/3330123/features/704/joindre_des_photos/mdc_photo_mdc_a35946_1600773868157_1600773873791.jpg?reqlogin;Arret_Bus;Abri;yes;no;no;no;;Kerkennah;Kerkennah;Sfax
SRT_SFAX;Kerkennah;Khalfoun;;Soretras;11.1951185;34.7114466;http://mdc.giscloud.com/rest/1/layers/3330123/features/661/joindre_des_photos/mdc_photo_mdc_3e3ba8_1600683184071_1600683209042.jpg?reqlogin, http://mdc.giscloud.com/rest/1/layers/3330123/features/661/joindre_des_photos/mdc_photo_mdc_564db4_1600683201194_1600683209042.jpg?reqlogin;Arret_Bus;Abri;yes;no;no;no;;Kerkennah;Kerkennah;Sfax
SRT_SFAX;Kerkennah;Mosquée remla kdima;;Soretras;11.1994137;34.7124835;http://mdc.giscloud.com/rest/1/layers/3330123/features/662/joindre_des_photos/mdc_photo_mdc_fb8531_1600683317631_1600683351163.jpg?reqlogin, http://mdc.giscloud.com/rest/1/layers/3330123/features/662/joindre_des_photos/mdc_photo_mdc_d4cf40_1600683335180_1600683351163.jpg?reqlogin;Arret_Bus;Abri;yes;no;no;no;;Kerkennah;Kerkennah;Sfax
SRT_SFAX;Kerkennah;Agence kerkennah;;Soretras;11.202564;34.7050342;http://mdc.giscloud.com/rest/1/layers/3330123/features/663/joindre_des_photos/mdc_photo_mdc_6cd90f_1600683709866_1600683883017.jpg?reqlogin, http://mdc.giscloud.com/rest/1/layers/3330123/features/663/joindre_des_photos/mdc_photo_mdc_9e0662_1600683877354_1600683883018.jpg?reqlogin;Station_Bus;Batiment;yes;yes;yes;yes;;Kerkennah;Kerkennah;Sfax
SRT_SFAX;Kerkennah;Port attaya;;Soretras;11.2953682;34.7330452;http://mdc.giscloud.com/rest/1/layers/3330123/features/664/joindre_des_photos/mdc_photo_mdc_a1c975_1600687258893_1600687270670.jpg?reqlogin, http://mdc.giscloud.com/rest/1/layers/3330123/features/664/joindre_des_photos/mdc_photo_mdc_9b8da0_1600687266994_1600687270670.jpg?reqlogin;Arret_Bus;Autre;no;no;no;no;;Kerkennah;Kerkennah;Sfax
SRT_SFAX;Kerkennah;Port attaya1;;Soretras;11.2958814;34.7356097;http://mdc.giscloud.com/rest/1/layers/3330123/features/665/joindre_des_photos/mdc_photo_mdc_cfc078_1600687353570_1600687377750.jpg?reqlogin, http://mdc.giscloud.com/rest/1/layers/3330123/features/665/joindre_des_photos/mdc_photo_mdc_a4d63f_1600687371333_1600687377751.jpg?reqlogin;Arret_Bus;Abri;yes;no;no;no;;Kerkennah;Kerkennah;Sfax
SRT_SFAX;Kerkennah;Thniyet port;;Soretras;11.297715;34.7387712;http://mdc.giscloud.com/rest/1/layers/3330123/features/666/joindre_des_photos/mdc_photo_mdc_e19302_1600687493417_1600687510090.jpg?reqlogin, http://mdc.giscloud.com/rest/1/layers/3330123/features/666/joindre_des_photos/mdc_photo_mdc_95cd9d_1600687502362_1600687510090.jpg?reqlogin;Arret_Bus;Autre;no;no;no;no;;Kerkennah;Kerkennah;Sfax
SRT_SFAX;Kerkennah;ecole primaire attaya;;Soretras;11.2972897;34.7433545;http://mdc.giscloud.com/rest/1/layers/3330123/features/667/joindre_des_photos/mdc_photo_mdc_82fadd_1600687652955_1600687674816.jpg?reqlogin, http://mdc.giscloud.com/rest/1/layers/3330123/features/667/joindre_des_photos/mdc_photo_mdc_3aed06_1600687662654_1600687674817.jpg?reqlogin;Arret_Bus;Autre;no;no;no;no;;Kerkennah;Kerkennah;Sfax
SRT_SFAX;Kerkennah;Mosquée  attaya;;Soretras;11.2942831;34.7444844;http://mdc.giscloud.com/rest/1/layers/3330123/features/668/joindre_des_photos/mdc_photo_mdc_6ddf79_1600687806184_1600687822983.jpg?reqlogin, http://mdc.giscloud.com/rest/1/layers/3330123/features/668/joindre_des_photos/mdc_photo_mdc_caf8fa_1600687815271_1600687822984.jpg?reqlogin;Arret_Bus;Abri;yes;no;no;no;;Kerkennah;Kerkennah;Sfax
SRT_SFAX;Kerkennah;Poste attaya;;Soretras;11.2928281;34.7442023;http://mdc.giscloud.com/rest/1/layers/3330123/features/669/joindre_des_photos/mdc_photo_mdc_29af98_1600687931236_1600687949694.jpg?reqlogin, http://mdc.giscloud.com/rest/1/layers/3330123/features/669/joindre_des_photos/mdc_photo_mdc_546ef0_1600687944266_1600687949695.jpg?reqlogin;Arret_Bus;Autre;no;no;no;no;;Kerkennah;Kerkennah;Sfax
12;Kerkennah;Hmada jwaber;;Soretras;11.2672341;34.7611988;http://mdc.giscloud.com/rest/1/layers/3330123/features/670/joindre_des_photos/mdc_photo_mdc_7ab7ae_1600688235519_1600688255283.jpg?reqlogin, http://mdc.giscloud.com/rest/1/layers/3330123/features/670/joindre_des_photos/mdc_photo_mdc_6836ab_1600688246412_1600688255283.jpg?reqlogin;Arret_Bus;Abri;yes;no;no;no;;Kerkenah;Kerkennah;Sfax
SRT_SFAX;Kerkennah;Dar sasi;;Soretras;11.2601229;34.764192;http://mdc.giscloud.com/rest/1/layers/3330123/features/671/joindre_des_photos/mdc_photo_mdc_7cc641_1600688350171_1600688370574.jpg?reqlogin, http://mdc.giscloud.com/rest/1/layers/3330123/features/671/joindre_des_photos/mdc_photo_mdc_31030a_1600688364835_1600688370574.jpg?reqlogin;Arret_Bus;Autre;no;no;no;no;;Kerkennah;Kerkennah;Sfax
SRT_SFAX;Kerkennah;Mosawsaf jwaber;;Soretras;11.2584819;34.7662932;http://mdc.giscloud.com/rest/1/layers/3330123/features/672/joindre_des_photos/mdc_photo_mdc_8a67dc_1600688455887_1600688488142.jpg?reqlogin, http://mdc.giscloud.com/rest/1/layers/3330123/features/672/joindre_des_photos/mdc_photo_mdc_612fa7_1600688470434_1600688488143.jpg?reqlogin;Arret_Bus;Autre;no;no;no;no;;Kerkennah;Kerkennah;Sfax
SRT_SFAX;Kerkennah;Najet1;;Soretras;11.2535392;34.7807864;http://mdc.giscloud.com/rest/1/layers/3330123/features/674/joindre_des_photos/mdc_photo_mdc_e41d12_1600688802253_1600688829993.jpg?reqlogin, http://mdc.giscloud.com/rest/1/layers/3330123/features/674/joindre_des_photos/mdc_photo_mdc_7147da_1600688818495_1600688829993.jpg?reqlogin;Arret_Bus;Abri;yes;no;no;no;;Kerkennah;Kerkennah;Sfax
SRT_SFAX;Kerkennah;Rond-point najet;;Soretras;11.2509657;34.7756832;http://mdc.giscloud.com/rest/1/layers/3330123/features/675/joindre_des_photos/mdc_photo_mdc_41ecde_1600688942861_1600688969547.jpg?reqlogin, http://mdc.giscloud.com/rest/1/layers/3330123/features/675/joindre_des_photos/mdc_photo_mdc_396440_1600688953152_1600688969547.jpg?reqlogin;Arret_Bus;Abri;yes;no;no;no;;Kerkennah;Kerkennah;Sfax
SRT_SFAX;Kerkennah;ecole primaire najet;;Soretras;11.249057;34.7703035;http://mdc.giscloud.com/rest/1/layers/3330123/features/676/joindre_des_photos/mdc_photo_mdc_0a9758_1600689157364_1600689172917.jpg?reqlogin, http://mdc.giscloud.com/rest/1/layers/3330123/features/676/joindre_des_photos/mdc_photo_mdc_d3d62e_1600689167067_1600689172917.jpg?reqlogin;Arret_Bus;Abri;yes;no;no;no;;kerkennah;Kerkennah;Sfax
SRT_SFAX;Kerkennah;Cherki1;;Soretras;11.2467535;34.7540302;http://mdc.giscloud.com/rest/1/layers/3330123/features/677/joindre_des_photos/mdc_photo_mdc_fd2b64_1600689354688_1600689378004.jpg?reqlogin, http://mdc.giscloud.com/rest/1/layers/3330123/features/677/joindre_des_photos/mdc_photo_mdc_3bf6d0_1600689371528_1600689378004.jpg?reqlogin;Arret_Bus;Autre;no;no;no;no;;Kerkennah;Kerkennah;Sfax
SRT_SFAX;Kerkennah;Mosquée Cherki;;Soretras;11.2483084;34.7531199;http://mdc.giscloud.com/rest/1/layers/3330123/features/678/joindre_des_photos/mdc_photo_mdc_0470f9_1600689493803_1600689511309.jpg?reqlogin, http://mdc.giscloud.com/rest/1/layers/3330123/features/678/joindre_des_photos/mdc_photo_mdc_b1c310_1600689503886_1600689511309.jpg?reqlogin;Arret_Bus;Abri;yes;no;no;no;;Kerkennah;Kerkennah;Sfax
SRT_SFAX;Kerkennah;Hached;;Soretras;11.2367983;34.71743;http://mdc.giscloud.com/rest/1/layers/3330123/features/684/joindre_des_photos/mdc_photo_mdc_aad6f6_1600766824146_1600766845530.jpg?reqlogin, http://mdc.giscloud.com/rest/1/layers/3330123/features/684/joindre_des_photos/mdc_photo_mdc_774066_1600766839752_1600766845530.jpg?reqlogin;Arret_Bus;Abri;yes;no;no;no;;Kerkennah;Kerkennah;Sfax
SRT_SFAX;Kerkennah;Hbib achour;;Soretras;11.241448;34.7197256;http://mdc.giscloud.com/rest/1/layers/3330123/features/685/joindre_des_photos/mdc_photo_mdc_5034cf_1600766974316_1600767010173.jpg?reqlogin, http://mdc.giscloud.com/rest/1/layers/3330123/features/685/joindre_des_photos/mdc_photo_mdc_18bef2_1600766986379_1600767010174.jpg?reqlogin;Arret_Bus;Autre;yes;no;no;no;;Kerkennah;Kerkennah;Sfax
SRT_SFAX;Kerkennah;Abasiya1;;Soretras;11.2449215;34.7207113;http://mdc.giscloud.com/rest/1/layers/3330123/features/686/joindre_des_photos/mdc_photo_mdc_b2fc69_1600767131705_1600767173434.jpg?reqlogin, http://mdc.giscloud.com/rest/1/layers/3330123/features/686/joindre_des_photos/mdc_photo_mdc_bee410_1600767148334_1600767173434.jpg?reqlogin;Arret_Bus;Autre;no;no;no;no;;Kerkennah;Kerkennah;Sfax
SRT_SFAX;Kerkennah;Hey charki;;Soretras;11.2421633;34.7566069;http://mdc.giscloud.com/rest/1/layers/3330123/features/687/joindre_des_photos/mdc_photo_mdc_d7a8dd_1600767729511_1600767761512.jpg?reqlogin, http://mdc.giscloud.com/rest/1/layers/3330123/features/687/joindre_des_photos/mdc_photo_mdc_34fb62_1600767742544_1600767761512.jpg?reqlogin;Arret_Bus;Autre;no;no;no;no;;Kerkennah;Kerkennah;Sfax
SRT_SFAX;Kerkennah;Marsa 20;;Soretras;11.2358962;34.7617654;http://mdc.giscloud.com/rest/1/layers/3330123/features/688/joindre_des_photos/mdc_photo_mdc_d57b82_1600767884847_1600767902362.jpg?reqlogin, http://mdc.giscloud.com/rest/1/layers/3330123/features/688/joindre_des_photos/mdc_photo_mdc_00db3e_1600767897141_1600767902362.jpg?reqlogin;Arret_Bus;Autre;no;no;no;no;;Kerkennah;Kerkennah;Sfax
SRT_SFAX;Kerkennah;Mosquée bonouma;;Soretras;11.2332192;34.7647365;http://mdc.giscloud.com/rest/1/layers/3330123/features/689/joindre_des_photos/mdc_photo_mdc_46f773_1600768001255_1600768029461.jpg?reqlogin, http://mdc.giscloud.com/rest/1/layers/3330123/features/689/joindre_des_photos/mdc_photo_mdc_099bd8_1600768016164_1600768029461.jpg?reqlogin;Arret_Bus;Poteau;no;no;no;no;;Kerkennah;Kerkennah;Sfax
SRT_SFAX;Kerkennah;Dahmanin;;Soretras;11.2308314;34.7686093;http://mdc.giscloud.com/rest/1/layers/3330123/features/690/joindre_des_photos/mdc_photo_mdc_82f516_1600768157383_1600768177121.jpg?reqlogin, http://mdc.giscloud.com/rest/1/layers/3330123/features/690/joindre_des_photos/mdc_photo_mdc_9a243a_1600768168452_1600768177121.jpg?reqlogin;Arret_Bus;Autre;no;no;no;no;;Kerkennah;Kerkennah;Sfax
SRT_SFAX;Kerkennah;Jrad;;Soretras;11.224704;34.7733568;http://mdc.giscloud.com/rest/1/layers/3330123/features/691/joindre_des_photos/mdc_photo_mdc_67e2df_1600768315790_1600768346947.jpg?reqlogin, http://mdc.giscloud.com/rest/1/layers/3330123/features/691/joindre_des_photos/mdc_photo_mdc_9d1ee8_1600768340083_1600768346947.jpg?reqlogin;Arret_Bus;Autre;no;no;no;no;;Kerkennah;Kerkennah;Sfax
SRT_SFAX;Kerkennah;Maamal kacem;;Soretras;11.2486531;34.7577431;http://mdc.giscloud.com/rest/1/layers/3330123/features/692/joindre_des_photos/mdc_photo_mdc_a97923_1600768843123_1600768866414.jpg?reqlogin, http://mdc.giscloud.com/rest/1/layers/3330123/features/692/joindre_des_photos/mdc_photo_mdc_bded48_1600768860876_1600768866414.jpg?reqlogin;Arret_Bus;Autre;no;no;no;no;;Kerkennah;Kerkennah;Sfax
SRT_SFAX;Kerkennah;Nakhla;;Soretras;11.2586475;34.7930024;http://mdc.giscloud.com/rest/1/layers/3330123/features/693/joindre_des_photos/mdc_photo_mdc_8360bb_1600770692970_1600770725986.jpg?reqlogin, http://mdc.giscloud.com/rest/1/layers/3330123/features/693/joindre_des_photos/mdc_photo_mdc_fc8016_1600770705236_1600770725986.jpg?reqlogin;Arret_Bus;Abri;yes;no;no;no;;Kerkennah;Kerkennah;Sfax
SRT_SFAX;Kerkennah;Chayeb;;Soretras;11.2608167;34.811555;http://mdc.giscloud.com/rest/1/layers/3330123/features/694/joindre_des_photos/mdc_photo_mdc_e0a430_1600770928355_1600770943194.jpg?reqlogin, http://mdc.giscloud.com/rest/1/layers/3330123/features/694/joindre_des_photos/mdc_photo_mdc_d1085a_1600770937905_1600770943194.jpg?reqlogin;Arret_Bus;Autre;no;no;no;no;;Kerkennah;Kerkennah;Sfax
SRT_SFAX;Kerkennah;Poste kraten;;Soretras;11.2600644;34.8157773;http://mdc.giscloud.com/rest/1/layers/3330123/features/695/joindre_des_photos/mdc_photo_mdc_53a841_1600771044354_1600771090834.jpg?reqlogin, http://mdc.giscloud.com/rest/1/layers/3330123/features/695/joindre_des_photos/mdc_photo_mdc_8a1932_1600771074217_1600771090834.jpg?reqlogin;Arret_Bus;Abri;yes;no;no;no;;Kerkennah;Kerkennah;Sfax
SRT_SFAX;;Ajouza;;soretras;10.746096577495337;34.78558191563934;1583832637412.jpg,1583832657945.jpg;Arret_Bus;Poteau;no;no;no;no;;Sakeyet ezzit;Sakeyet ezzit;Sfax
SRT_SFAX;;Madraset bir abes;;soretras;10.71243267506361;34.87087876070291;1583934412779.jpg,1583934424053.jpg;Arret_Bus;Autre;no;no;no;no;;Sakeyet ezzit;Sakeyet ezzit;Sfax
SRT_SFAX;;Werda;;soretras;10.699809612706304;34.80802655685693;1584010069243.jpg,1584010085348.jpg;Arret_Bus;Autre;no;no;no;no;;Sfax sud;Sfax sud;Sfax
SRT_SFAX;;Lyce_gremda;;soretras;10.717771360650659;34.81083839200437;1584017808608.jpg,1584017829490.jpg;Arret_Bus;Abri;yes;no;no;no;;Sfax sud;Sfax sud;Sfax
SRT_SFAX;;Hay madraset nour;;soretras;10.70436593145132;34.83274219091982;1583931318656.jpg,1583931350289.jpg;Arret_Bus;Autre;no;no;no;no;;Sakeyet ezzit;Sakeyet ezzit;Sfax
SRT_SFAX;;El sedra;;soretras;10.74647787027061;34.783429694361985;1583844096797.jpg,1583844109919.jpg;Arret_Bus;Abri;yes;no;no;no;;Sakeyet ezzit;Sakeyet ezzit;Sfax
SRT_SFAX;;Station41 madraset elnour;;soretras;10.688274186104536;34.85034024808556;1583932885730.jpg,1583932898266.jpg;Arret_Bus;Poteau;no;no;no;no;;Sakeyet ezzit;Sakeyet ezzit;Sfax
SRT_SFAX;;Cherfi_elkayed;;soretras;10.741768330335617;34.769000499509275;1583915963640.jpg,1583915977441.jpg;Arret_Bus;Abri;yes;no;no;no;;Sakeyet ezzit;Sakeyet ezzit;Sfax
SRT_SFAX;;Recette financier;;soretras;10.758623918518424;34.730349029414356;1584103235156.jpg,1584103257844.jpg;Arret_Bus;Poteau;no;no;no;no;;Sfax madina;Sfax madina;Sfax
SRT_SFAX;;James 5 payer mhamed;;soretras;10.755980433896184;34.75359661504626;1583913791175.jpg,1583913817165.jpg;Arret_Bus;Poteau;no;no;no;no;;Sakeyet ezzit;Sakeyet ezzit;Sfax
SRT_SFAX;;Hay awabed;;soretras;10.673976335674524;34.826505216769874;1584011805281.jpg,1584011823927.jpg;Arret_Bus;Autre;no;no;no;no;;Sfax sud;Sfax sud;Sfax
SRT_SFAX;;Kharouba2;;soretras;10.751203252002597;34.77490881923586;1583831863364.jpg,1583831878191.jpg;Arret_Bus;Autre;no;no;no;no;;Sakeyet ezzit;Sakeyet ezzit;Sfax
SRT_SFAX;;Zanket_ammar gremda;;soretras;10.664599249139428;34.83211706858128;1584012794733.jpg,1584012827498.jpg;Arret_Bus;Abri;yes;no;no;no;;Sfax sud;Sfax sud;Sfax
SRT_SFAX;;Makina;;soretras;10.652478095144033;34.85519823152572;1584013639358.jpg,1584013654829.jpg;Arret_Bus;Autre;no;no;no;no;;Sfax sud;Sfax sud;Sfax
SRT_SFAX;;Kharat;;soretras;10.74699629098177;34.771365243941545;1583916398352.jpg,1583916426971.jpg;Arret_Bus;Abri;yes;no;no;no;;Sakeyet ezzit;Sakeyet ezzit;Sfax
SRT_SFAX;;Foustkia_gremda;;soretras;10.692058531567454;34.81364272534847;1584010520192.jpg,1584010534084.jpg;Arret_Bus;Autre;no;no;no;no;;Sfax sud;Sfax sud;Sfax
SRT_SFAX;;Kasas grawa;;soretras;10.735395066440105;34.813979510217905;1583925454707.jpg,1583925470340.jpg;Arret_Bus;Autre;no;no;no;no;;Sakeyet ezzit;Sakeyet ezzit;Sfax
SRT_SFAX;;Salle 7 november;;soretras;10.754251750186086;34.728389088995755;1584103674175.jpg,1584103687442.jpg;Arret_Bus;Autre;no;no;no;no;;Sfax madina;Sfax madina;Sfax
SRT_SFAX;;Mostawsaf ;;soretras;10.743063502013683;34.794790567830205;1583843115285.jpg,1583843128890.jpg;Arret_Bus;Abri;yes;no;no;no;;Sakeyet ezzit;Sakeyet ezzit;Sfax
SRT_SFAX;;Zouch_kayed;;soretras;10.730645209550858;34.799078959040344;1583921820313.jpg,1583921838521.jpg;Arret_Bus;Autre;no;no;no;no;;Sakeyet ezzit;Sakeyet ezzit;Sfax
SRT_SFAX;;Terminus tanyour;;soretras;10.657827090471983;34.91396790370345;1583836183359.jpg,1583836202838.jpg;Arret_Bus;Poteau;no;no;no;no;;Sakeyet ezzit;Sakeyet ezzit;Sfax
SRT_SFAX;;El bacha;;soretras;10.755355898290873;34.7612818563357;1583829909175.jpg,1583829926595.jpg;Arret_Bus;Abri;yes;no;no;no;;Sfax madina;Sfax madina;Sfax
SRT_SFAX;;Nadi cho3ba;;soretras;10.715743526816368;34.81544487643987;1583924490221.jpg,1583924504268.jpg;Arret_Bus;Poteau;no;no;no;no;;Sakeyet ezzit;Sakeyet ezzit;Sfax
SRT_SFAX;;Madraset boukhdhir;;soretras;10.680824685841799;34.81505826115608;1584100664363.jpg,1584100678526.jpg;Arret_Bus;Abri;yes;no;no;no;;Sfax sud;Sfax sud;Sfax
SRT_SFAX;;Eljmal;;soretras;10.740094296634197;34.80335737578571;1583842804681.jpg,1583842819521.jpg;Arret_Bus;Abri;yes;no;no;no;;Sakeyet ezzit;Sakeyet ezzit;Sfax
SRT_SFAX;;Kasas km11 arafat;;soretras;10.72566132992506;34.83069608453661;1583929987005.jpg,1583930001045.jpg;Arret_Bus;Autre;no;no;no;no;;Sakeyet ezzit;Sakeyet ezzit;Sfax
SRT_SFAX;;El ghraiba;;soretras;10.213710023090243;34.494544132612646;1571406015101.jpg,1571406053813.jpg;Arret_Bus;Poteau;no;no;no;no;;Ghraiba;Ghraiba;Sfax
SRT_SFAX;;Abid_kayed;;soretras;10.722657507285476;34.791279304772615;1583920601446.jpg,1583920612930.jpg;Arret_Bus;Autre;no;no;no;no;;Sakeyet kayed;Sakeyet kayed;Sfax
SRT_SFAX;;Najah_gremda;;soretras;10.72006850503385;34.78667650837451;1584007998095.jpg,1584008018303.jpg;Arret_Bus;Abri;yes;no;no;no;;Sfax sud;Sfax sud;Sfax
SRT_SFAX;;Wed_gremda;;soretras;10.667592259123921;34.82956192921847;1584012455036.jpg,1584012468164.jpg;Arret_Bus;Autre;no;no;no;no;;Sfax sud;Sfax sud;Sfax
SRT_SFAX;;Boukhris;;soretras;10.732016488909721;34.81847967021167;1583929367360.jpg,1583929382243.jpg;Arret_Bus;Autre;no;no;no;no;;Sakeyet ezzit;Sakeyet ezzit;Sfax
SRT_SFAX;;Station;;soretras;10.68470441736281;34.80735952500254;1584097685415.jpg,1584097699573.jpg;Arret_Bus;Poteau;no;no;no;no;;Sfax sud;Sfax sud;Sfax
SRT_SFAX;;Maasra;;soretras;10.718357423320413;34.81651285663247;1583840979848.jpg,1583840992439.jpg;Arret_Bus;Autre;no;no;no;no;;Sakeyet ezzit;Sakeyet ezzit;Sfax
SRT_SFAX;;Zanket sahnoun ou thakara;;soretras;10.716687077656388;34.7915911115706;1584008471943.jpg,1584008496868.jpg;Arret_Bus;Autre;no;no;no;no;;Sfax sud;Sfax sud;Sfax
SRT_SFAX;;Rayed bjawi;;soretras;10.75612535700202;34.72922669257969;1584103483143.jpg,1584103495382.jpg;Arret_Bus;Autre;no;no;no;no;;Sfax madina;Sfax madina;Sfax
SRT_SFAX;;Makinet ellouz;;soretras;10.657248320057988;34.84282914083451;1584013194857.jpg,1584013207868.jpg;Arret_Bus;Autre;no;no;no;no;;Sfax sud;Sfax sud;Sfax
SRT_SFAX;;Mostawsaf sidi abdkafi;;soretras;10.660299668088555;34.91142558865249;1583836478005.jpg,1583836493980.jpg;Arret_Bus;Poteau;no;no;no;no;;Sakeyet ezzit;Sakeyet ezzit;Sfax
SRT_SFAX;;Km9_gremda;;soretras;10.70322641171515;34.80577731505036;1584009865412.jpg,1584009886904.jpg;Arret_Bus;Autre;no;no;no;no;;Sfax sud;Sfax sud;Sfax
SRT_SFAX;;Bir_sallemi_s3;;soretras;10.679811397567391;34.817261402495205;1584098198664.jpg,1584098211549.jpg;Arret_Bus;Abri;yes;no;no;no;;Sfax sud;Sfax sud;Sfax
SRT_SFAX;;Zwari;;soretras;10.699367970228195;34.79108279105276;1584096399962.jpg,1584096420702.jpg;Arret_Bus;Autre;no;no;no;no;;Sfax sud;Sfax sud;Sfax
SRT_SFAX;;Irwi;;soretras;10.752399433404207;34.771549897268414;1583844899704.jpg,1583844916141.jpg;Arret_Bus;Abri;yes;no;no;no;;Sakeyet ezzit;Sakeyet ezzit;Sfax
SRT_SFAX;;Sfayhi;;soretras;10.728935468941927;34.762152191251516;1584092672855.jpg,1584092702241.jpg;Arret_Bus;Poteau;no;no;no;no;;Sfax sud;Sfax sud;Sfax
SRT_SFAX;;Zankit maktab;;soretras;10.745442286133766;34.78757467120886;1583843761320.jpg,1583843777795.jpg;Arret_Bus;Abri;yes;no;no;no;;Sakeyet ezzit;Sakeyet ezzit;Sfax
SRT_SFAX;;Krichen;;soretras;10.69674527272582;34.79452423285693;1584096742398.jpg,1584096769191.jpg;Arret_Bus;Autre;no;no;no;no;;Sfax sud;Sfax sud;Sfax
SRT_SFAX;;Wali_afrane;;soretras;10.698348144069314;34.79216694831848;1584096570350.jpg,1584096588236.jpg;Arret_Bus;Poteau;no;no;no;no;;Sfax sud;Sfax sud;Sfax
SRT_SFAX;;Station39 madraset_elnour;;soretras;10.693511450663209;34.84399782959372;1583933227750.jpg,1583933240293.jpg;Arret_Bus;Poteau;no;no;no;no;;Sakeyet ezzit;Sakeyet ezzit;Sfax
SRT_SFAX;;Beb jebli;;soretras;10.757894944399595;34.737105262465775;1583827038946.jpg,1583827082947.jpg;Arret_Bus;Abri;yes;no;no;no;;Sfax madina;Sfax madina;Sfax
SRT_SFAX;;Clinique salama;;soretras;10.757291363552213;34.737733569927514;1584102875678.jpg,1584102892181.jpg;Arret_Bus;Autre;no;no;no;no;;Sfax madina;Sfax madina;Sfax
SRT_SFAX;;Twila;;soretras;10.65078386105597;34.86111639998853;1584013834417.jpg,1584013853465.jpg;Arret_Bus;Abri;yes;no;no;no;;Sfax sud;Sfax sud;Sfax
SRT_SFAX;;Chihiya;;soretras;10.743952738121152;34.79176193475723;1583843321731.jpg,1583843334336.jpg;Arret_Bus;Abri;yes;no;no;no;;Sakeyet ezzit;Sakeyet ezzit;Sfax
SRT_SFAX;;Elmasmoudi_kayed;;soretras;10.724662626162171;34.78974193800241;1583920367436.jpg,1583920377541.jpg;Arret_Bus;Abri;yes;no;no;no;;Sakeyet ezzit;Sakeyet ezzit;Sfax
SRT_SFAX;;Ain jmal;;soretras;10.729201175272465;34.82233769260347;1583929689567.jpg,1583929703366.jpg;Arret_Bus;Abri;yes;no;no;no;;Sakeyet ezzit;Sakeyet ezzit;Sfax
SRT_SFAX;;Zanket_maktab awabed;;soretras;10.673456070944667;34.82669091783464;1584012008468.jpg,1584012025561.jpg;Arret_Bus;Autre;no;no;no;no;;Sfax sud;Sfax sud;Sfax
SRT_SFAX;;Damak_elkayed;;soretras;10.726326266303658;34.79087999090552;1583920121797.jpg,1583920134282.jpg;Arret_Bus;Autre;no;no;no;no;;Sakeyet ezzit;Sakeyet ezzit;Sfax
SRT_SFAX;;Dabech;;soretras;10.747678242623806;34.77991495281458;1583844442774.jpg,1583844461056.jpg;Arret_Bus;Abri;yes;no;no;no;;Sakeyet ezzit;Sakeyet ezzit;Sfax
SRT_SFAX;;Jamaa;;soretras;10.715204486623406;34.814988523721695;1583840475117.jpg,1583840487126.jpg;Arret_Bus;Autre;no;no;no;no;;Sakeyet ezzit;Sakeyet ezzit;Sfax
SRT_SFAX;;Boukhdhir ou blaket;;soretras;10.688277203589678;34.816116015426815;1584010758282.jpg,1584010772574.jpg;Arret_Bus;Abri;yes;no;no;no;;Sfax sud;Sfax sud;Sfax
SRT_SFAX;;Hay nasr ou stah;;soretras;10.713093671947718;34.7965322015807;1584008969199.jpg,1584008987507.jpg;Arret_Bus;Autre;no;no;no;no;;Sfax sud;Sfax sud;Sfax
SRT_SFAX;;Sidi abdelkefi;;soretras;10.662109823897481;34.90923849865794;1583836788424.jpg,1583836809585.jpg;Arret_Bus;Poteau;no;no;no;no;;Sakeyet ezzit;Sakeyet ezzit;Sfax
SRT_SFAX;;Triki_gremda;;soretras;10.705257849767804;34.80380593333393;1584009669087.jpg,1584009685621.jpg;Arret_Bus;Autre;no;no;no;no;;Sfax sud;Sfax sud;Sfax
SRT_SFAX;;Kasas;;soretras;10.75324541889131;34.7693835105747;1583831068641.jpg,1583831082873.jpg;Arret_Bus;Autre;no;no;no;no;;Sakeyet ezzit;Sakeyet ezzit;Sfax
SRT_SFAX;;Swinia;;soretras;10.138057144358754;34.589292872697115;1571407190192.jpg,1571407208346.jpg;Arret_Bus;Autre;no;no;no;no;;Ghraiba;Ghraiba;Sfax
SRT_SFAX;;Njah_gremda;;soretras;10.720232874155045;34.78665961883962;1584007803286.jpg,1584007827840.jpg;Arret_Bus;Poteau;no;no;no;no;;Sfax sud;Sfax sud;Sfax
SRT_SFAX;;Jmal_afrane;;soretras;10.692761018872261;34.79835853446275;1584097164646.jpg,1584097180999.jpg;Arret_Bus;Autre;no;no;no;no;;Sfax sud;Sfax sud;Sfax
SRT_SFAX;;Maamal_rkham tanyour;;soretras;10.728604551404715;34.815214332193136;1583925201301.jpg,1583925215190.jpg;Arret_Bus;Autre;no;no;no;no;;Sakeyet ezzit;Sakeyet ezzit;Sfax
SRT_SFAX;;El ajouza;;soretras;10.746119543910027;34.78487146552652;1583844271386.jpg,1583844291035.jpg;Arret_Bus;Abri;yes;no;no;no;;Sakeyet ezzit;Sakeyet ezzit;Sfax
SRT_SFAX;;Hay debba;;soretras;10.67691721022129;34.82480985112488;1584011640106.jpg,1584011652533.jpg;Arret_Bus;Autre;no;no;no;no;;Sfax sud;Sfax sud;Sfax
SRT_SFAX;;Sellami_kayed mhamed;;soretras;10.745661640539765;34.764640778303146;1583915462360.jpg,1583915485053.jpg;Arret_Bus;Autre;no;no;no;no;;Sakeyet ezzit;Sakeyet ezzit;Sfax
SRT_SFAX;;Clinique elchams;;soretras;10.738977240398526;34.76324405986816;1584004813492.jpg,1584004835420.jpg;Arret_Bus;Abri;yes;no;no;no;;Sfax sud;Sfax sud;Sfax
SRT_SFAX;;Bjawi;;soretras;10.712413396686316;34.77704813238233;1584094413528.jpg,1584094437539.jpg;Arret_Bus;Poteau;no;no;no;no;;Sfax sud;Sfax sud;Sfax
SRT_SFAX;;Elweti_kayed mhamed;;soretras;10.752785168588161;34.756294707767665;1583914443303.jpg,1583914518135.jpg;Arret_Bus;Autre;no;no;no;no;;Sakeyet ezzit;Sakeyet ezzit;Sfax
SRT_SFAX;;Bouchaala;;soretras;10.75355127453804;34.76789086125791;1583830822669.jpg,1583830837882.jpg;Arret_Bus;Autre;no;no;no;no;;Sakeyet ezzit;Sakeyet ezzit;Sfax
SRT_SFAX;;Syala;;soretras;10.73588976636529;34.75573974195868;1584091683507.jpg,1584091719876.jpg;Arret_Bus;Poteau;no;no;no;no;;Sfax sud;Sfax sud;Sfax
SRT_SFAX;;Sonede;;soretras;10.683771343901753;34.883752819150686;1583838134909.jpg,1583838152353.jpg;Arret_Bus;Poteau;no;no;no;no;;Sakeyet ezzit;Sakeyet ezzit;Sfax
SRT_SFAX;;Jabena_tanyour;;soretras;10.718519780784845;34.8538098949939;1583934052426.jpg,1583934078921.jpg;Arret_Bus;Abri;yes;no;no;no;;Sakeyet ezzit;Sakeyet ezzit;Sfax
SRT_SFAX;;Habib_afrane;;soretras;10.694381492212415;34.79694798588753;1584096951657.jpg,1584096979147.jpg;Arret_Bus;Abri;yes;no;no;no;;Sfax sud;Sfax sud;Sfax
SRT_SFAX;;Eljamaa23 elkayed;;soretras;10.737456511706114;34.78814782574773;1583918511413.jpg,1583918529685.jpg;Arret_Bus;Autre;no;no;no;no;;Sakeyet ezzit;Sakeyet ezzit;Sfax
SRT_SFAX;;Irwi;;soretras;10.752318883314729;34.77194807957858;1583831311700.jpg,1583831335248.jpg;Arret_Bus;Autre;no;no;no;no;;Sakeyet ezzit;Sakeyet ezzit;Sfax
SRT_SFAX;;Ben_salah elkayed;;soretras;10.739289717748761;34.78481664787978;1583918300390.jpg,1583918318311.jpg;Arret_Bus;Abri;yes;no;no;no;;Sakeyet ezzit;Sakeyet ezzit;Sfax
SRT_SFAX;;Krichen;;soretras;10.721979830414057;34.7683224035427;1584093274326.jpg,1584093289761.jpg;Arret_Bus;Autre;no;no;no;no;;Sfax sud;Sfax sud;Sfax
SRT_SFAX;;El sedra;;soretras;10.74552602134645;34.78784691542387;1583832898131.jpg,1583832921088.jpg;Arret_Bus;Autre;no;no;no;no;;Sakeyet ezzit;Sakeyet ezzit;Sfax
SRT_SFAX;;Halk wedi;;soretras;10.723180370405316;34.78200372308493;1584007227479.jpg,1584007253642.jpg;Arret_Bus;Autre;no;no;no;no;;Sfax sud;Sfax sud;Sfax
SRT_SFAX;;Lyce 18 janvier;;soretras;10.75627438724041;34.73640901967883;1584103017766.jpg,1584103032159.jpg;Arret_Bus;Autre;no;no;no;no;;Sfax madina;Sfax madina;Sfax
SRT_SFAX;;Affes;;soretras;10.731850191950798;34.77167948149145;1584005874730.jpg,1584005779789.jpg;Arret_Bus;Autre;no;no;no;no;;Sfax sud;Sfax sud;Sfax
SRT_SFAX;;Polémique cnrs sfax;;soretras;10.759723540395498;34.742036797106266;1583827641539.jpg,1583827653851.jpg;Arret_Bus;Abri;yes;no;no;no;;Sfax madina;Sfax madina;Sfax
SRT_SFAX;;Amouri ou jaraya;;soretras;10.718452641740441;34.78900231886655;1584008174909.jpg,1584008198785.jpg;Arret_Bus;Poteau;no;no;no;no;;Sfax sud;Sfax sud;Sfax
SRT_SFAX;;Borchani;;soretras;10.742741888388991;34.749701879918575;1584090681753.jpg,1584090709192.jpg;Arret_Bus;Poteau;no;no;no;no;;Sfax madina;Sfax madina;Sfax
SRT_SFAX;;Gargouri ;;soretras;10.728764226660132;34.77503266185522;1584006258664.jpg,1584006295522.jpg;Arret_Bus;Autre;no;no;no;no;;Sfax sud;Sfax sud;Sfax
SRT_SFAX;;Mhatet benzine;;soretras;10.666078487411141;34.830933711491525;1584012622979.jpg,1584012640667.jpg;Arret_Bus;Autre;no;no;no;no;;Sfax sud;Sfax sud;Sfax
SRT_SFAX;;Station40 madeeset_elnour;;soretras;10.69029238075018;34.84815579839051;1583933052429.jpg,1583933072883.jpg;Arret_Bus;Autre;no;no;no;no;;Sakeyet ezzit;Sakeyet ezzit;Sfax
SRT_SFAX;;Terminus borchana;;soretras;10.626214575022459;34.88644307479262;1584014505296.jpg,1584014543562.jpg;Arret_Bus;Autre;no;no;no;no;;Sfax sud;Sfax sud;Sfax
SRT_SFAX;;Abbas 2;;soretras;10.720265731215477;34.76970420219004;1584093459891.jpg,1584093480056.jpg;Arret_Bus;Poteau;no;no;no;no;;Sfax sud;Sfax sud;Sfax
SRT_SFAX;;Elfendri;;soretras;10.750039173290133;34.75964759476483;1583914746498.jpg,1583914764053.jpg;Arret_Bus;Autre;no;no;no;no;;Sakeyet ezzit;Sakeyet ezzit;Sfax
SRT_SFAX;;Kasas n5;;soretras;10.749506168067455;34.749969094991684;1584003107774.jpg,1584003132946.jpg;Arret_Bus;Autre;no;no;no;no;;Sfax madina;Sfax madina;Sfax
SRT_SFAX;;Station 43 madraset elnour;;soretras;10.685287965461612;34.85532760620117;1583932508839.jpg,1583932532961.jpg;Arret_Bus;Autre;no;no;no;no;;Sakeyet ezzit;Sakeyet ezzit;Sfax
SRT_SFAX;;Dabech;;soretras;10.746425734832883;34.78429479058832;1583832399971.jpg,1583832427591.jpg;Arret_Bus;Poteau;no;no;no;no;;Sakeyet ezzit;Sakeyet ezzit;Sfax
SRT_SFAX;;Boujelben_elkayed;;soretras;10.742149204015732;34.781064237467945;1583917708390.jpg,1583917729668.jpg;Arret_Bus;Autre;no;no;no;no;;Sakeyet ezzit;Sakeyet ezzit;Sfax
SRT_SFAX;;Chihiya;;soretras;10.741397934034467;34.801221415400505;1583834093773.jpg,1583834117667.jpg;Arret_Bus;Autre;no;no;no;no;;Sakeyet ezzit;Sakeyet ezzit;Sfax
SRT_SFAX;;El hentati;;soretras;10.744627816602588;34.790017870254815;1583833142891.jpg,1583833157785.jpg;Arret_Bus;Autre;no;no;no;no;;Sakeyet ezzit;Sakeyet ezzit;Sfax
SRT_SFAX;;Elkalel_elkayed;;soretras;10.748410988599062;34.77142831776291;1583916597909.jpg,1583916632350.jpg;Arret_Bus;Autre;no;no;no;no;;Sakeyet ezzit;Sakeyet ezzit;Sfax
SRT_SFAX;;Samet_terminus_s1;;soretras;10.739472024142742;34.75240772590041;1584091240996.jpg,1584091282567.jpg;Arret_Bus;Poteau;no;no;no;no;;Sfax madina;Sfax madina;Sfax
SRT_SFAX;;DPM;;soretras;10.756586529314518;34.725011182017624;1584103889974.jpg,1584103933169.jpg;Arret_Bus;Autre;no;no;no;no;;Sfax madina;Sfax madina;Sfax
SRT_SFAX;;Bazar;;soretras;10.715875457972288;34.773572660051286;1584093853827.jpg,1584093873052.jpg;Arret_Bus;Abri;yes;no;no;no;;Sfax sud;Sfax sud;Sfax
SRT_SFAX;;Zanket makteb;;soretras;10.74400738812983;34.792023659683764;1583833396203.jpg,1583833423645.jpg;Arret_Bus;Autre;no;no;no;no;;Sakeyet ezzit;Sakeyet ezzit;Sfax
SRT_SFAX;;El omouri_kayed;;soretras;10.725781274959445;34.79639775585383;1583921377482.jpg,1583921399110.jpg;Arret_Bus;Poteau;no;no;no;no;;Sakeyet ezzit;Sakeyet ezzit;Sfax
SRT_SFAX;;Maria amar;;soretras;10.7399283349514;34.803613694384694;1583842475318.jpg,1583842497008.jpg;Arret_Bus;Abri;yes;no;no;no;;Sakeyet ezzit;Sakeyet ezzit;Sfax
SRT_SFAX;;Sahnoun_elkayed;;soretras;10.729222213849425;34.79271462187171;1583919754804.jpg,1583919772946.jpg;Arret_Bus;Autre;no;no;no;no;;Sakeyet ezzit;Sakeyet ezzit;Sfax
SRT_SFAX;;Lyce sahnoun;;soretras;10.697409203276038;34.809787133708596;1584010263526.jpg,1584010290807.jpg;Arret_Bus;Abri;yes;no;no;no;;Sfax sud;Sfax sud;Sfax
SRT_SFAX;;Station45;;soretras;10.706361411139369;34.86590623855591;1583838758077.jpg,1583838789783.jpg;Arret_Bus;Poteau;no;no;no;no;;Sakeyet ezzit;Sakeyet ezzit;Sfax
SRT_SFAX;;Kasas madraset elnour;;soretras;10.714598810300231;34.83796193730086;1583930473422.jpg,1583930485617.jpg;Arret_Bus;Autre;no;no;no;no;;Sakeyet ezzit;Sakeyet ezzit;Sfax
SRT_SFAX;;Sakya_gremda;;soretras;10.65625942312181;34.84496807679534;1584013339735.jpg,1584013353652.jpg;Arret_Bus;Autre;no;no;no;no;;Sfax sud;Sfax sud;Sfax
SRT_SFAX;;Iich;;soretras;10.707602770999074;34.78168009780347;1584095060284.jpg,1584095088858.jpg;Arret_Bus;Abri;yes;no;no;no;;Sfax sud;Sfax sud;Sfax
SRT_SFAX;;Station 35_kayed;;soretras;10.725320186465979;34.804887869395316;1583922382754.jpg,1583922428979.jpg;Arret_Bus;Poteau;no;no;no;no;;Sakeyet ezzit;Sakeyet ezzit;Sfax
SRT_SFAX;;Jerbi ou mnif;;soretras;10.754945939406753;34.75493407342583;1583914200256.jpg,1583914218255.jpg;Arret_Bus;Abri;yes;no;no;no;;Sakeyet ezzit;Sakeyet ezzit;Sfax
SRT_SFAX;;Darwich;;soretras;10.748061379417777;34.75211113225669;1584003406268.jpg,1584003430592.jpg;Arret_Bus;Autre;no;no;no;no;;Sfax madina;Sfax madina;Sfax
SRT_SFAX;;Ras tabya;;soretras;10.70958198979497;34.83438667841256;1583931039428.jpg,1583931071086.jpg;Arret_Bus;Autre;no;no;no;no;;Sakeyet ezzit;Sakeyet ezzit;Sfax
SRT_SFAX;;Hamam;;soretras;10.752256689593196;34.74429312162101;1584089551651.jpg,1584089567996.jpg;Arret_Bus;Poteau;no;no;no;no;;Sfax madina;Sfax madina;Sfax
SRT_SFAX;;Souden;;soretras;10.162949552759528;34.55832639243454;1571406774031.jpg,1571406789511.jpg;Arret_Bus;Abri;yes;no;no;no;;Ghraiba;Ghraiba;Sfax
SRT_SFAX;;Selami_gremda;;soretras;10.725191188976169;34.77943860925734;1584006754900.jpg,1584006734466.jpg;Arret_Bus;Poteau;no;no;no;no;;Sfax sud;Sfax sud;Sfax
SRT_SFAX;;Affes1;;soretras;10.732481265440583;34.75936344824731;1584092155411.jpg,1584092173821.jpg;Arret_Bus;Autre;no;no;no;no;;Sfax sud;Sfax sud;Sfax
SRT_SFAX;;Kiskes_elkayed;;soretras;10.73337871581316;34.7946750652045;1583919442889.jpg,1583919462964.jpg;Arret_Bus;Autre;no;no;no;no;;Sakeyet ezzit;Sakeyet ezzit;Sfax
SRT_SFAX;;Manches_santal gremda;;soretras;10.636823885142803;34.87569299060851;1584014120664.jpg,1584014135149.jpg;Arret_Bus;Autre;no;no;no;no;;Sfax sud;Sfax sud;Sfax
SRT_SFAX;;Makina;;soretras;10.742793269455433;34.795578424818814;1583833753265.jpg,1583833780069.jpg;Arret_Bus;Autre;no;no;no;no;;Sakeyet ezzit;Sakeyet ezzit;Sfax
SRT_SFAX;;Choura;;soretras;10.748604526743293;34.76133063901216;1583914982837.jpg,1583915043518.jpg;Arret_Bus;Abri;yes;no;no;no;;Sakeyet ezzit;Sakeyet ezzit;Sfax
SRT_SFAX;;Lyce gremda;;soretras;10.718105211853981;34.80967699550092;1583923629477.jpg,1583923644349.jpg;Arret_Bus;Autre;no;no;no;no;;Sakeyet ezzit;Sakeyet ezzit;Sfax
SRT_SFAX;;Touta;;soretras;10.665470380336046;34.90604796912521;1583837148427.jpg,1583837168951.jpg;Arret_Bus;Poteau;no;no;no;no;;Sakeyet ezzit;Sakeyet ezzit;Sfax
SRT_SFAX;;Elhaj_kacem elkayed;;soretras;10.744219115003943;34.77867204230279;1583917408117.jpg,1583917424011.jpg;Arret_Bus;Autre;no;no;no;no;;Sakeyet ezzit;Sakeyet ezzit;Sfax
SRT_SFAX;;James 10 kayed mhamed;;soretras;10.749733988195658;34.760044855065644;1571396410543.jpg,1571396432095.jpg;Arret_Bus;Autre;no;no;no;no;;Sakeyet ezzit;Sakeyet ezzit;Sfax
SRT_SFAX;;Station42 madraset elnour;;soretras;10.686953198164701;34.85269061755389;1583932702241.jpg,1583932714291.jpg;Arret_Bus;Poteau;no;no;no;no;;Sakeyet ezzit;Sakeyet ezzit;Sfax
SRT_SFAX;;20 mars tanyour;;soretras;10.74230887927115;34.79706327896565;1583925938174.jpg,1583925956754.jpg;Arret_Bus;Autre;no;no;no;no;;Sakeyet ezzit;Sakeyet ezzit;Sfax
SRT_SFAX;;Trurki_s1;;soretras;10.714327236637473;34.77510948199779;1584094076752.jpg,1584094107148.jpg;Arret_Bus;Abri;yes;no;no;no;;Sfax sud;Sfax sud;Sfax
SRT_SFAX;;James_7ikma kayed;;soretras;10.716490857303143;34.80882996227592;1583923210415.jpg,1583923223070.jpg;Arret_Bus;Autre;no;no;no;no;;Sakeyet ezzit;Sakeyet ezzit;Sfax
SRT_SFAX;;Maasra_tanyour;;soretras;10.722876694053411;34.815676300786436;1583924982939.jpg,1583924997565.jpg;Arret_Bus;Autre;no;no;no;no;;Sakeyet ezzit;Sakeyet ezzit;Sfax
SRT_SFAX;;Fostkia_Terminus_madreset nour;;soretras;10.681772427633405;34.860182027332485;1583932157905.jpg,1583932172410.jpg;Arret_Bus;Poteau;no;no;no;no;;Sakeyet ezzit;Sakeyet ezzit;Sfax
SRT_SFAX;;Elhchicha_elkayed;;soretras;10.747109530493617;34.77452237159014;1583916898981.jpg,1583916910267.jpg;Arret_Bus;Abri;yes;no;no;no;;Sakyet ezzit;Sakyet ezzit;Sfax
SRT_SFAX;;Ben said;;soretras;10.751416571438313;34.74792479071766;1584002819231.jpg,1584002840109.jpg;Arret_Bus;Poteau;no;no;no;no;;Sfax madina;Sfax madina;Sfax
SRT_SFAX;;Mnif;;soretras;10.740787563845515;34.75118891336024;1584090898372.jpg,1584090938491.jpg;Arret_Bus;Autre;no;no;no;no;;Sfax madina;Sfax madina;Sfax
SRT_SFAX;;Safi;;soretras;10.750224748626351;34.745877804234624;1584089870128.jpg,1584089902709.jpg;Arret_Bus;Autre;no;no;no;no;;Sfax madina;Sfax madina;Sfax
SRT_SFAX;;Station38 madraset_elnour;;soretras;10.697247181087732;34.838786171749234;1583933424023.jpg,1583933436920.jpg;Arret_Bus;Poteau;no;no;no;no;;Sakeyet ezzit;Sakeyet ezzit;Sfax
SRT_SFAX;;Km11_gremda;;soretras;10.686664190143347;34.81753574218601;1584011093273.jpg,1584011105971.jpg;Arret_Bus;Autre;no;no;no;no;;Sfax sud;Sfax sud;Sfax
SRT_SFAX;;Makha km12_gremda;;soretras;10.679096169769764;34.82308414299041;1584011470266.jpg,1584011482272.jpg;Arret_Bus;Abri;yes;no;no;no;;Sfax sud;Sfax sud;Sfax
SRT_SFAX;;Kasas n5;;soretras;10.757875246927142;34.752945927903056;1583829229449.jpg,1583829249861.jpg;Arret_Bus;Autre;no;no;no;no;;Sfax madina;Sfax madina;Sfax
SRT_SFAX;;Kasas_blaket afrane;;soretras;10.682636015117168;34.812928922474384;1584097903673.jpg,1584097927274.jpg;Arret_Bus;Abri;yes;no;no;no;;Sfax sud;Sfax sud;Sfax
SRT_SFAX;;Hamami;;soretras;10.748134972527623;34.74720193538815;1584090112344.jpg,1584090124947.jpg;Arret_Bus;Autre;no;no;no;no;;Sfax madina;Sfax madina;Sfax
SRT_SFAX;;Chaabouni;;soretras;10.737957078963518;34.75374317262322;1584091458605.jpg,1584091527824.jpg;Arret_Bus;Poteau;no;no;no;no;;Sfax sud;Sfax sud;Sfax
SRT_SFAX;;Flouretex;;soretras;10.736560318619013;34.811462885700166;1583841905353.jpg,;Arret_Bus;Abri;yes;no;no;no;;Sakeyet ezzit;Sakeyet ezzit;Sfax
SRT_SFAX;;Kouchet chtorou_elkayed;;soretras;10.735697988420725;34.79127578437328;1583918828358.jpg,1583918852584.jpg;Arret_Bus;Abri;yes;no;no;no;;Sakeyet ezzit;Sakeyet ezzit;Sfax
SRT_SFAX;;Abd dayem;;soretras;10.758149838075042;34.75230467040092;1583828442155.jpg,1583828468758.jpg;Arret_Bus;Poteau_Provisoire;no;no;no;no;;Sfax madina;Sfax madina;Sfax
SRT_SFAX;;Sidi abbes;;soretras;10.737978033721447;34.76460829842836;1584005079937.jpg,1584005105123.jpg;Arret_Bus;Abri;yes;no;no;no;;Sfax sud;Sfax sud;Sfax
SRT_SFAX;;El makina;;soretras;10.744753209874034;34.78971742093563;1583843536748.jpg,1583843552153.jpg;Arret_Bus;Abri;no;no;no;no;;Sakeyet ezzit;Sakeyet ezzit;Sfax
SRT_SFAX;;Chaafii;;soretras;10.726104397326708;34.76466977968812;1584092938543.jpg,1584092956336.jpg;Arret_Bus;Poteau;no;no;no;no;;Sfax sud;Sfax sud;Sfax
SRT_SFAX;;Mostawsaf;;soretras;10.70468352176249;34.78511835448444;1584095533618.jpg,1584095573753.jpg;Arret_Bus;Abri;yes;no;no;no;;Sfax sud;Sfax sud;Sfax
SRT_SFAX;;Kharouba1;;soretras;10.754654668271542;34.76431476417929;1583830566495.jpg,1583830585001.jpg;Arret_Bus;Autre;no;no;no;no;;Sfax madina;Sfax madina;Sfax
SRT_SFAX;;Bouzayen gremda;;soretras;10.73601289652288;34.76715886965394;1584005343871.jpg,1584005359944.jpg;Arret_Bus;Autre;no;no;no;no;;Sfax sud;Sfax sud;Sfax
SRT_SFAX;;Damak;;soretras;10.711620217189193;34.77779768407345;1584094664485.jpg,1584094703236.jpg;Arret_Bus;Abri;yes;no;no;no;;Sfax sud;Sfax sud;Sfax
SRT_SFAX;;Steg;;soretras;10.704764155671;34.80764233041555;1584017337437.jpg,1584017364658.jpg;Arret_Bus;Autre;no;no;no;no;;Sfax sud;Sfax sud;Sfax
SRT_SFAX;;Terminus_section3 kayed;;soretras;10.720555325970054;34.81095322407782;1583922897337.jpg,1583922918523.jpg;Arret_Bus;Abri;yes;no;no;no;;Sakeyet ezzit;Sakeyet ezzit;Sfax
SRT_SFAX;;Saadalah;;soretras;10.747850155457854;34.77989437524229;1583832119809.jpg,1583832136317.jpg;Arret_Bus;Poteau;no;no;no;no;;Sakeyet ezzit;Sakeyet ezzit;Sfax
SRT_SFAX;;Ancien_Terminus kayed;;soretras;10.721893329173326;34.793816464953125;1583921158758.jpg,1583921174997.jpg;Arret_Bus;Autre;no;no;no;no;;Sakeyet ezzit;Sakeyet ezzit;Sfax
SRT_SFAX;;Maria sahnoun;;soretras;10.714798383414745;34.79424985125661;1584008762131.jpg,1584008777967.jpg;Arret_Bus;Autre;no;no;no;no;;Sfax sud;Sfax sud;Sfax
SRT_SFAX;;Sid;;soretras;10.673358337953687;34.82537806034088;1584098715236.jpg,1584098731902.jpg;Arret_Bus;Poteau;no;no;no;no;;Sfax sud;Sfax sud;Sfax
SRT_SFAX;;Jebana_elkayed;;soretras;10.734520582482219;34.79320684913546;1583919122548.jpg,1583919140582.jpg;Arret_Bus;Autre;no;no;no;no;;Sakeyet ezzit;Sakeyet ezzit;Sfax
SRT_SFAX;;Ayedi;;soretras;10.707299681380391;34.801460090093315;1584009438864.jpg,1584009459395.jpg;Arret_Bus;Abri;yes;no;no;no;;Sfax sud;Sfax sud;Sfax
SRT_SFAX;;Bousalaa;;soretras;10.738604832440615;34.80631128419191;1583842223713.jpg,1583842237211.jpg;Arret_Bus;Abri;yes;no;no;no;;Sakeyet ezzit;Sakeyet ezzit;Sfax
SRT_SFAX;;Garage;;soretras;10.740967271849513;34.76117276586592;1584004556749.jpg,1584004578702.jpg;Arret_Bus;Autre;no;no;no;no;;Sfax sud;Sfax sud;Sfax
SRT_SFAX;;Karwi;;soretras;10.675822785124183;34.82324277050793;1584098566487.jpg,1584098580328.jpg;Arret_Bus;Poteau;no;no;no;no;;Sfax sud;Sfax sud;Sfax
SRT_SFAX;;Ben amor;;soretras;10.709087206050754;34.78022470604628;1584094888711.jpg,1584094905676.jpg;Arret_Bus;Autre;no;no;no;no;;Sfax sud;Sfax sud;Sfax
SRT_SFAX;;Colege Habib thamer;;soretras;10.73341098614037;34.76989220827818;1584005559359.jpg,1584005580706.jpg;Arret_Bus;Abri;yes;no;no;no;;Sfax sud;Sfax sud;Sfax
SRT_SFAX;;Maktab_omda gremda;;soretras;10.669722016900778;34.828135832212865;1584012296784.jpg,1584012314879.jpg;Arret_Bus;Abri;yes;no;no;no;;Sfax sud;Sfax sud;Sfax
SRT_SFAX;;Nakhla;;soretras;10.726750222966075;34.77741974405944;1584006456783.jpg,1584006478723.jpg;Arret_Bus;Autre;no;no;no;no;;Sfax madina;Sfax madina;Sfax
SRT_SFAX;;Aachach;;soretras;10.703440736979246;34.78662613313645;1584095813990.jpg,1584095832583.jpg;Arret_Bus;Abri;yes;no;no;no;;Sfax sud;Sfax sud;Sfax
SRT_SFAX;;Auto route;;soretras;10.702445385977626;34.86935907974839;1583838473923.jpg,1583838488408.jpg;Arret_Bus;Poteau;no;no;no;no;;Sakeyet ezzit;Sakeyet ezzit;Sfax
SRT_SFAX;;Saadalah;;soretras;10.751131251454353;34.77480014786124;1583844659959.jpg,1583844672939.jpg;Arret_Bus;Abri;yes;no;no;no;;Sakeyet ezzit;Sakeyet ezzit;Sfax
SRT_SFAX;;Zankit bir;;soretras;10.682628806680441;34.82080355286598;1584011257185.jpg,1584011273221.jpg;Arret_Bus;Autre;no;no;no;no;;Sfax sud;Sfax sud;Sfax
SRT_SFAX;;Hammem;;soretras;10.177147490903735;34.53755050431937;1571406545857.jpg,1571406558259.jpg;Arret_Bus;Abri;yes;no;no;no;;El ghraiba;El ghraiba;Sfax
SRT_SFAX;;Station;;soretras;10.686560338363051;34.80454157106578;1584097512902.jpg,1584097528754.jpg;Arret_Bus;Poteau;no;no;no;no;;Sfax sud;Sfax sud;Sfax
SRT_SFAX;;Hamadi_abid;;soretras;10.718514332547784;34.81649403925985;1583924768314.jpg,1583924783120.jpg;Arret_Bus;Autre;no;no;no;no;;Sakeyet ezzit;Sakeyet ezzit;Sfax
SRT_SFAX;;Terminus_bir abes;;soretras;10.711735133081675;34.87254416104406;1583934615420.jpg,1583934630646.jpg;Arret_Bus;Abri;yes;no;no;no;;Sakeyet ezzit;Sakeyet ezzit;Sfax
SRT_SFAX;;Moftarak awabed;;soretras;10.671202596276999;34.827144211158156;1584098894030.jpg,1584098912531.jpg;Arret_Bus;Poteau;no;no;no;no;;Sfax sud;Sfax sud;Sfax
SRT_SFAX;;Arbaa amrar_elkayed;;soretras;10.743534229695797;34.76686575450003;1583915706626.jpg,1583915736175.jpg;Arret_Bus;Autre;no;no;no;no;;Sakeyet ezzit;Sakeyet ezzit;Sfax
SRT_SFAX;;Station 36_kayed;;soretras;10.727857053279877;34.7994351061061;1583922655278.jpg,1583922667654.jpg;Arret_Bus;Poteau;no;no;no;no;;Sakeyet ezzit;Sakeyet ezzit;Sfax
SRT_SFAX;;Elzribi_elkayed;;soretras;10.74427267536521;34.77073517628014;1583916194673.jpg,1583916213455.jpg;Arret_Bus;Poteau;no;no;no;no;;Sakeyet ezzit;Sakeyet ezzit;Sfax
SRT_SFAX;;Abbas mrar1;;soretras;10.7183494605124;34.77132844738662;1584093644874.jpg,1584093679438.jpg;Arret_Bus;Abri;yes;no;no;no;;Sfax sud;Sfax sud;Sfax
SRT_SFAX;;Dhokara_afrane;;soretras;10.700765484943986;34.789589303545654;1584096236631.jpg,1584096259277.jpg;Arret_Bus;Autre;no;no;no;no;;Sfax sud;Sfax sud;Sfax
SRT_SFAX;;Ma3mal rkham;;soretras;10.72344339452684;34.815802574157715;1583841531128.jpg,1583841544458.jpg;Arret_Bus;Autre;no;no;no;no;;Sakeyet ezzit;Sakeyet ezzit;Sfax
SRT_SFAX;;Hanout ou fostkia;;soretras;10.712939444929361;34.837102708406746;1583930843957.jpg,1583930865169.jpg;Arret_Bus;Autre;no;no;no;no;;Sakeyet ezzit;Sakeyet ezzit;Sfax
SRT_SFAX;;Ain cheikh rohou;;soretras;10.74680283665657;34.75398411042988;1584003649714.jpg,1584003672749.jpg;Arret_Bus;Abri;yes;no;no;no;;Sfax madina;Sfax madina;Sfax
SRT_SFAX;;Jamaa yosr;;soretras;10.663613872602582;34.83336186502129;1584013007694.jpg,1584013024769.jpg;Arret_Bus;Autre;no;no;no;no;;Sfax sud;Sfax sud;Sfax
SRT_SFAX;;El nasria;;soretras;10.757209304720163;34.741624030284584;1584002215375.jpg,1584002233737.jpg;Arret_Bus;Abri;yes;no;no;no;;Sfax madina;Sfax madina;Sfax
SRT_SFAX;;Kolsi;;soretras;10.731466049328446;34.76026123389602;1584092455278.jpg,1584092495804.jpg;Arret_Bus;Poteau;no;no;no;no;;Sfax sud;Sfax sud;Sfax
SRT_SFAX;;Zanket hjar;;soretras;10.730324015021324;34.77319090627134;1584006036739.jpg,1584006079219.jpg;Arret_Bus;Abri;yes;no;no;no;;Sfax sud;Sfax sud;Sfax
SRT_SFAX;;Elchiiri_elkayed;;soretras;10.740924188867211;34.78240391705185;1583917918156.jpg,1583917930847.jpg;Arret_Bus;Autre;no;no;no;no;;Sakeyet ezzit;Sakeyet ezzit;Sfax
SRT_SFAX;;Kasar;;soretras;10.724131716415286;34.78072799742222;1584006992286.jpg,1584007024666.jpg;Arret_Bus;Abri;yes;no;no;no;;Sfax sud;Sfax sud;Sfax
SRT_SFAX;;Nakhla;;soretras;10.745140453800559;34.748323685489595;1584090319437.jpg,1584090354018.jpg;Arret_Bus;Poteau;no;no;no;no;;Sfax madina;Sfax madina;Sfax
SRT_SFAX;;Kasas km11;;soretras;10.689421752467752;34.80208320077509;1584097325836.jpg,1584097342279.jpg;Arret_Bus;Autre;no;no;no;no;;Sfax sud;Sfax sud;Sfax
SRT_SFAX;;Elfourati;;soretras;10.745072308927774;34.75613821763545;1584003849023.jpg,1584003868794.jpg;Arret_Bus;Autre;no;no;no;no;;Sfax sud;Sfax sud;Sfax
SRT_SFAX;;Borni;;soretras;10.678641367703676;34.82049325481057;1584098427177.jpg,1584098448560.jpg;Arret_Bus;Poteau;no;no;no;no;;Sfax sud;Sfax sud;Sfax
SRT_SFAX;;AFH;;soretras;10.713664647191763;34.80647544376552;1583923923096.jpg,1583923957424.jpg;Arret_Bus;Abri;yes;no;no;no;;Sakeyet ezzit;Sakeyet ezzit;Sfax
SRT_SFAX;;Arbaa amrar2;;soretras;10.702508334070444;34.78772047441453;1584096036824.jpg,1584096060508.jpg;Arret_Bus;Abri;yes;no;no;no;;Sfax sud;Sfax sud;Sfax
SRT_SFAX;;Mahatat dawed;;soretras;10.729345427826047;34.7980737593025;1583921611151.jpg,1583921634235.jpg;Arret_Bus;Autre;no;no;no;no;;Sakeyet ezzit;Sakeyet ezzit;Sfax
SRT_SFAX;;Abbas amrar_gremda;;soretras;10.710316244512796;34.79904224630445;1584009187868.jpg,1584009209336.jpg;Arret_Bus;Poteau;no;no;no;no;;Sfax sud;Sfax sud;Sfax
SRT_SFAX;;Kammoun_gremda;;soretras;10.722151072695851;34.78379749227315;1584007593184.jpg,1584007608235.jpg;Arret_Bus;Autre;no;no;no;no;;Sfax sud;Sfax sud;Sfax
SRT_SFAX;;Kaanich;;soretras;10.706417905166745;34.78302870411426;1584095311498.jpg,1584095348556.jpg;Arret_Bus;Abri;yes;no;no;no;;Sfax sud;Sfax sud;Sfax
SRT_SFAX;;Kayed;;soretras;10.756437834352255;34.75666053593159;1583829635352.jpg,1583829653386.jpg;Arret_Bus;Abri;yes;no;no;no;;Sfax madina;Sfax madina;Sfax
SRT_SFAX;;Chaabouni;;soretras;10.742827048525214;34.7586691332981;1584004350227.jpg,1584004365809.jpg;Arret_Bus;Abri;yes;no;no;no;;Sfax sud;Sfax sud;Sfax
SRT_SFAX;;El hentati;;soretras;10.746047208085656;34.78527949657291;1583843929557.jpg,1583843946697.jpg;Arret_Bus;Abri;yes;no;no;no;;Sakeyet ezzit;Sakeyet ezzit;Sfax
SRT_SFAX;;710;;soretras;10.75304207392037;34.76925916504115;1583845333140.jpg,1583845354306.jpg;Arret_Bus;Abri;yes;no;no;no;;Sakeyet ezzit;Sakeyet ezzit;Sfax
SRT_SFAX;;Kouchet_wkil kayed;;soretras;10.74565309099853;34.77666713297367;1583917110546.jpg,1583917164742.jpg;Arret_Bus;Autre;no;no;no;no;;Sakeyet ezzit;Sakeyet ezzit;Sfax
SRT_SFAX;;Kalel;;soretras;10.758960116654634;34.74918622523546;1583828049272.jpg,1583828065980.jpg;Arret_Bus;Abri;yes;no;no;no;;Sfax madina;Sfax madina;Sfax
SRT_SFAX;;Souk sayarat;;soretras;10.710486313328147;34.81108171865344;1583840229801.jpg,1583840250152.jpg;Arret_Bus;Autre;no;no;no;no;;Sakeyet ezzit;Sakeyet ezzit;Sfax
SRT_SFAX;;Abou kacem_chebbi;;soretras;10.728046903386712;34.80204523075372;1583922085331.jpg,1583922105404.jpg;Arret_Bus;Abri;yes;no;no;no;;Sakeyet ezzit;Sakeyet ezzit;Sfax
SRT_SFAX;;Madraset elnour;;soretras;10.703236386179924;34.83323253225535;1583931542490.jpg,1583931578397.jpg;Arret_Bus;Abri;yes;no;no;no;;Sakeyet ezzit;Sakeyet ezzit;Sfax
SRT_SFAX;;Hlel;;soretras;10.684097902849317;34.81056623160839;1584101031904.jpg,1584101051218.jpg;Arret_Bus;Poteau;no;no;no;no;;Sfax sud;Sfax sud;Sfax
SRT_SFAX;;Madraset borchana;;soretras;10.632031615823507;34.88131070975214;1584014297485.jpg,1584014332531.jpg;Arret_Bus;Autre;no;no;no;no;;Sfax sud;Sfax sud;Sfax
SRT_SFAX;;Sellami;;soretras;10.734135517850518;34.757596417330205;1584091973192.jpg,1584092001432.jpg;Arret_Bus;Autre;no;no;no;no;;Sfax sud;Sfax sud;Sfax
SRT_SFAX;;Station 33 arafat;;soretras;10.723379356786609;34.837443265132606;1583930242162.jpg,1583930271912.jpg;Arret_Bus;Autre;no;no;no;no;;Sakeyet ezzit;Sakeyet ezzit;Sfax
SRT_SFAX;;Souk zitoun;;soretras;10.752637144178152;34.746392662636936;1584002533373.jpg,1584002560298.jpg;Arret_Bus;Abri;yes;no;no;no;;Sfax madina;Sfax madina;Sfax
SRT_SFAX;;Km15;;soretras;10.614119656383991;34.815865606069565;1599647448386.jpg,1599647471203.jpg;Arret_Bus;Autre;no;no;no;no;;Sfax sud;Sfax sud;Sfax
SRT_SFAX;;Terminus km18;;soretras;10.641423035413027;34.79355566203594;1599645496785.jpg,1599645512564.jpg;Arret_Bus;Abri;yes;no;no;no;;Sfax sud;Sfax sud;Sfax
SRT_SFAX;;Safsaf;;soretras;10.619449708610773;34.81165160425007;1599646115299.jpg,1599646129153.jpg;Arret_Bus;Autre;no;no;no;no;;Sfax sud;Sfax sud;Sfax
SRT_SFAX;;Maasarat fallah;;soretras;10.6363008543849;34.796763584017754;1599645737255.jpg,1599645757468.jpg;Arret_Bus;Poteau;no;no;no;no;;Sfax sud;Sfax sud;Sfax
SRT_SFAX;;Km13;;soretras;10.63002448529005;34.80300571303815;1599647686328.jpg,1599647704086.jpg;Arret_Bus;Autre;no;no;no;no;;Sfax sud;Sfax sud;Sfax
SRT_SFAX;;Khazanet1;;soretras;10.649937205016613;34.79338102508336;1599648021272.jpg,1599648032981.jpg;Arret_Bus;Poteau;no;no;no;no;;Sfax sud;Sfax sud;Sfax
SRT_SFAX;;Terminus km18;;soretras;10.591854304075241;34.835357554256916;1599647111550.jpg,1599647123884.jpg;Arret_Bus;Autre;no;no;no;no;;Sfax sud;Sfax sud;Sfax
SRT_SFAX;;Madjna;;soretras;10.609532659873366;34.81945347972214;1599646377008.jpg,1599646390285.jpg;Arret_Bus;Autre;no;no;no;no;;Sfax sud;Sfax sud;Sfax
SRT_SFAX;;Maamal mous;;soretras;10.643525132909417;34.792678537778556;1599645168659.jpg,1599645189848.jpg;Arret_Bus;Autre;no;no;no;no;;Sfax sud;Sfax sud;Sfax
SRT_SFAX;;Awled youssef;;soretras;10.602681962773204;34.82604613993317;1599646569007.jpg,1599646585791.jpg;Arret_Bus;Autre;no;no;no;no;;Sfax sud;Sfax sud;Sfax
SRT_SFAX;;Café sabra;;soretras;10.763105135411024;34.74439936224371;1599650218394.jpg,1599650239044.jpg;Arret_Bus;Autre;no;no;no;no;;Sfax;Sfax;Sfax
SRT_SFAX;;Bouzare;;soretras;10.761720109730959;34.74733537528664;1599650442485.jpg,1599650454861.jpg;Arret_Bus;Abri;yes;no;no;no;;Sfax;Sfax;Sfax
SRT_SFAX;;Terminus khazanet;;soretras;10.651314267888665;34.795979163609445;1599648195671.jpg,1599648210343.jpg;Arret_Bus;Autre;no;no;no;no;;Sfax sud;Sfax sud;Sfax
SRT_SFAX;Karya;Ã‰cole avevue  libertÃ©;;Soretras;10.7748601;34.8177054;http://mdc.giscloud.com/rest/1/layers/3330123/features/731/joindre_des_photos/mdc_photo_mdc_285ebe_1601032188685_1601032248175.jpg?reqlogin, http://mdc.giscloud.com/rest/1/layers/3330123/features/731/joindre_des_photos/mdc_photo_mdc_626b21_1601032211234_1601032248175.jpg?reqlogin;Arret_Bus;Autre;no;no;no;no;;Sakeit daer;Sakeit daer;Sfax
SRT_SFAX;Karya;Ellouze;;Soretras;10.7713551;34.8139701;http://mdc.giscloud.com/rest/1/layers/3330123/features/732/joindre_des_photos/mdc_photo_mdc_e2e1ce_1601032407564_1601032430024.jpg?reqlogin, http://mdc.giscloud.com/rest/1/layers/3330123/features/732/joindre_des_photos/mdc_photo_mdc_f444b9_1601032423175_1601032430024.jpg?reqlogin;Arret_Bus;Autre;no;no;no;no;;Sakeit ezzit;Sakeit ezzit;Sfax
SRT_SFAX;Karya;Elaamous;;Soretras;10.7669921;34.8120537;http://mdc.giscloud.com/rest/1/layers/3330123/features/733/joindre_des_photos/mdc_photo_mdc_2cdb1c_1601032540227_1601032598809.jpg?reqlogin, http://mdc.giscloud.com/rest/1/layers/3330123/features/733/joindre_des_photos/mdc_photo_mdc_1184ed_1601032577409_1601032598810.jpg?reqlogin;Arret_Bus;Autre;no;no;no;no;;Sakeit ezzit ;Sakeit ezzit;Sfax
SRT_SFAX;Karya;Sekka;;Soretras;10.7624259;34.8108588;http://mdc.giscloud.com/rest/1/layers/3330123/features/734/joindre_des_photos/mdc_photo_mdc_19147c_1601032721972_1601032771740.jpg?reqlogin, http://mdc.giscloud.com/rest/1/layers/3330123/features/734/joindre_des_photos/mdc_photo_mdc_ea4874_1601032749837_1601032771741.jpg?reqlogin;Arret_Bus;Autre;no;no;no;no;;Sakeit ezzit;Sakeit ezzit;Sfax
SRT_SFAX;Karya;CollÃ¨ge ebn mandhour;;Soretras;10.757354;34.8346886;http://mdc.giscloud.com/rest/1/layers/3330123/features/729/joindre_des_photos/mdc_photo_mdc_76c48b_1601030703902_1601030740183.jpg?reqlogin, http://mdc.giscloud.com/rest/1/layers/3330123/features/729/joindre_des_photos/mdc_photo_mdc_616190_1601030719871_1601030740183.jpg?reqlogin;Arret_Bus;Autre;no;no;no;no;;Sakeit ezzit;Sakeit ezzit;Sfax
SRT_SFAX;Karya;LycÃ©e ebn rachik;;Soretras;10.7436997;34.8251467;http://mdc.giscloud.com/rest/1/layers/3330123/features/728/joindre_des_photos/mdc_photo_mdc_eddcd3_1601029905344_1601029981853.jpg?reqlogin, http://mdc.giscloud.com/rest/1/layers/3330123/features/728/joindre_des_photos/mdc_photo_mdc_17f8a0_1601029932089_1601029981854.jpg?reqlogin;Arret_Bus;Autre;no;no;no;no;;Sakeit ezzit;Sakeit ezzit;Sfax
11;Karya;Bahloul;;Soretras;10.7789178;34.8208878;http://mdc.giscloud.com/rest/1/layers/3330123/features/730/joindre_des_photos/mdc_photo_mdc_0f157f_1601032023123_1601032056458.jpg?reqlogin, http://mdc.giscloud.com/rest/1/layers/3330123/features/730/joindre_des_photos/mdc_photo_mdc_a3d6a0_1601032049495_1601032056458.jpg?reqlogin;Arret_Bus;Autre;no;no;no;no;;Sakeit edaer;Sakeit edaer;Sfax
15;;???? ???;;Sts;10.99786464124918;35.423749973997474;"1570868887082.jpg	1570868909838.jpg";Arret_Bus;Batiment;yes;no;no;yes;;;???? ???;Mahdia
SRT_SFAX;;???????;;Srtm;10.890450635924935;33.42746025882661;"1571385125361.jpg	1571385139758.jpg";Arret_Bus;Batiment;yes;no;no;yes;;;Zerzis;Mednin
SRT_SFAX;;Hanout farah;;Soretras;9.921384947374463;34.652278809808195;"1570694844997.jpg	1570694865495.jpg";Arret_Bus;Poteau_Provisoire;no;no;no;no;;;Bir ali;Sfax
15;;Wed cheikh;;Soretras;9.97143312357366;34.682361502200365;"1570694169518.jpg	1570694189994.jpg";Arret_Bus;Poteau_Provisoire;no;no;no;no;;;Bir ali;Sfax
15;;Gare transport terrestre zarzis;;Srtm;11.11488489434123;33.499326989986;"1571321339107.jpg	1571321359335.jpg";Gare_Routiere;Abri;yes;no;no;yes;;;Zerzis;Mednin
9;;??? ??????;;Srtgb;9.908335162326694;34.93750625755638;"1570791054220.jpg	1570791087209.jpg";Arret_Bus;Poteau_Provisoire;no;no;no;no;;;Regueb;Sidi bouzid
16;;?????;;Srtk;9.056003568693995;35.65286829136312;"1571045893296.jpg	1571045936670.jpg";Arret_Bus;Poteau_Provisoire;no;no;no;no;;;Rouhia;Seliana
16;;Gare transport terrestre gafsa;;Srtg;8.790156422182918;34.41639009397477;"1570709308131.jpg	1570709330463.jpg";Gare_Routiere;Abri;yes;no;no;yes;;;Gafsa;Gafa
9;;???????? ???  87;;Srtgb;9.944419171661139;35.09030227549374;"1570780189594.jpg	1570780213261.jpg";Arret_Bus;Batiment;yes;no;no;yes;;;Ouled haffouz;Sidi bouzid
16;;Zitouna;;Srts;8.986188098788261;35.818035998381674;"1571047368161.jpg	1571047381958.jpg";Arret_Bus;Batiment;yes;no;no;yes;;;??????;Seliana
SRT_SFAX;;?????;;Srtgb;9.952982626855373;34.966212096624076;"1570791834123.jpg	1570791850273.jpg";Arret_Bus;Poteau_Provisoire;no;no;no;no;;;Regueb;Sidi bouzid
15;;??? 17;;Soretras;10.597447296604514;34.830601871944964;"1570772211255.jpg	1570772225891.jpg";Arret_Bus;Poteau_Provisoire;no;no;no;no;;;Manzel chaker;Sfax
12;;?????;;Srtg;10.20460576750338;33.75944971572608;"1571304423698.jpg	1571304444299.jpg";Arret_Bus;Poteau_Provisoire;no;no;no;no;;;Gabes;Gabes
SRT_SFAX;;Gare transport terrestre Sbeitla;;Srtk;9.126870296895504;35.22712175734341;"1571036893700.jpg	1571036920242.jpg";Gare_Routiere;Abri;yes;no;no;yes;;;Sbeitla;Kasserine
12;;??? 75;;Soretras;10.05378121510148;35.04467714577913;"1570777996417.jpg	1570778012105.jpg";Arret_Bus;Poteau_Provisoire;no;no;no;no;;;Manzel chaker;Sfax
SRT_SFAX;;??????;;Sts;11.055247401818633;35.27588582597673;"1570866471376.jpg	1570866487795.jpg";Arret_Bus;Batiment;yes;no;no;yes;;;Chebba;Mahdia
16;;??? 17;;Soretras;10.597572270780802;34.83068221248686;"1570771991551.jpg	1570772009930.jpg";Arret_Bus;Poteau_Provisoire;no;no;no;no;;;Manzel chaker;Sfax
8;;Gare transport terrestre Sidi bouzid;;Srtgb;9.497238351032138;35.04370769485831;"1570785404746.jpg	1570785420784.jpg";Gare_Routiere;Abri;yes;no;no;yes;;;Sidi bouzid;Sidi bouzid
15;;Chariket saboun;;Srtk;8.754238290712237;36.06647753622383;"1571050407264.jpg	1571050428325.jpg";Arret_Bus;Poteau_Provisoire;no;no;no;no;;;El kef;El kef
SRT_SFAX;;???? ???????;;Srtm;10.94093064777553;33.20165241602808;"1571315671399.jpg	1571315687723.jpg";Arret_Bus;Batiment;yes;no;no;yes;;;Ben guerden;Mednin
SRT_SFAX;;El ghraiba;;Soretras;10.213710023090243;34.494544132612646;"1571406015101.jpg	1571406053813.jpg";Arret_Bus;Poteau;no;no;no;no;;;Ghraiba;Sfax
SRT_SFAX;;Salema;;Soretras;10.333563359454274;34.98711421620101;"1570775282004.jpg	1570775308288.jpg";Arret_Bus;Batiment;yes;no;no;yes;;;Manzel chaker;Sfax
SRT_SFAX;;?????;;Soretras;10.515122255310416;34.88177238497883;"1570773181982.jpg	1570773204256.jpg";Arret_Bus;Poteau_Provisoire;no;no;no;no;;;Manzel chaker;Sfax
16;;Bouledhieb;;Soretras;10.371287539601326;34.74126327317208;"1570690030728.jpg	1570690053287.jpg";Arret_Bus;Batiment;yes;no;no;yes;;;AGareb;Sfax
16;;Awled chrayet;;Srtg;8.937379773706198;34.46356340311468;"1570705666506.jpg	1570705687166.jpg";Arret_Bus;Poteau_Provisoire;no;no;no;no;;;Zenouch;Gafsa
SRT_SFAX;;Nasr;;Stgb;9.514420162886381;34.58027905784547;"1570699615613.jpg	1570699629227.jpg";Arret_Bus;Poteau_Provisoire;no;no;no;no;;;Meknesi;Sidi bouzid
16;;Bir malouli;;Soretras;10.553024467080832;34.85751381609589;"1570772625086.jpg	1570772652507.jpg";Arret_Bus;Batiment;yes;no;no;yes;;;Manzel chaker;Sfax
16;;Najeh;;Srtg;9.10091313533485;34.48506302665919;"1570703896649.jpg	1570703910881.jpg";Arret_Bus;Poteau_Provisoire;no;no;no;no;;;Zenouch;Gafsa
SRT_SFAX;;Abd sadek;;Srtg;9.15419957600534;34.505078005604446;"1570703258192.jpg	1570703277798.jpg";Arret_Bus;Poteau_Provisoire;no;no;no;no;;;Zenouch;Gafsa
SRT_SFAX;;El awabed;;Soretras;10.66965764388442;34.82804694212973;"1571204364911.jpg	1571204378671.jpg";Arret_Bus;Batiment;yes;no;no;yes;;;Sfax;Sfax
16;;Mezel chaker;;Soretras;10.371644776314497;34.96983693446964;"1570774771243.jpg	1570774798686.jpg";Arret_Bus;Batiment;yes;no;no;yes;;;Manzel chaker;Sfax
SRT_SFAX;;Meknesi;;Stgb;9.606789322569966;34.60567203350365;"1570698495910.jpg	1570698526391.jpg";Arret_Bus;Poteau_Provisoire;no;no;no;no;;;Meknesi;Sidi bouzid
SRT_SFAX;;???????;;Soretras;10.183438612148166;34.42106916569173;"1571296045075.jpg	1571296071037.jpg";Arret_Bus;Batiment;yes;no;no;yes;;;Ghrayba;Sfax
16;;Bou jmal;;Soretras;10.463649155572057;34.914355776272714;"1570773712287.jpg	1570773731809.jpg";Arret_Bus;Poteau_Provisoire;no;no;no;no;;;Manzel chaker;Sfax
14;;??????;;Srtg;9.857042608782649;34.87472651526332;"1570789792757.jpg	1570789811371.jpg";Arret_Bus;Poteau_Provisoire;no;no;no;no;;;Regueb;Sidi bouzid
SRT_SFAX;;????;;Srtg;10.318307876586914;33.58374666888267;"1571306510816.jpg	1571306531618.jpg";Arret_Bus;Batiment;yes;no;no;yes;;;????;Gabes
16;;Bir ali;;Soretras;10.096293892711401;34.741008379496634;"1570692458152.jpg	1570692478738.jpg";Arret_Bus;Poteau_Provisoire;no;no;no;no;;;Bir ali;Sfax
SRT_SFAX;;???81;;Srtgb;9.98136349953711;35.05756113678217;"1570779659963.jpg	1570779683811.jpg";Arret_Bus;Poteau_Provisoire;no;no;no;no;;;Ouled haffouz;Sidi bouzid
11;;????;;Soretras;10.269899871200323;34.7571875480935;"1570690873401.jpg	1570690888594.jpg";Arret_Bus;Batiment;yes;no;no;yes;;;Agareb;Sfax
14;;??? ??? ?????;;Sts;10.194497024640441;35.232504112645984;"1571209161933.jpg	1571209182274.jpg";Arret_Bus;Poteau_Provisoire;no;no;no;no;;;???? ???;Kairouan
SRT_SFAX;;??????;;Srtg;10.003984663635492;33.98572686128318;"1571300919609.jpg	1571300937527.jpg";Arret_Bus;Poteau_Provisoire;no;no;no;no;;;??????;Gabes
SRT_SFAX;;?????;;Soretras;10.839153053238988;34.86858434043825;"1570859291364.jpg	1570859306048.jpg";Arret_Bus;Batiment;yes;no;no;yes;;;Sakeyet dayer;Sfax
SRT_SFAX;;Bir brahim;;Soretras;10.561317689716816;34.99854520428926;"1571205948111.jpg	1571205965111.jpg";Arret_Bus;Batiment;yes;no;no;yes;;;Manzel chaker;Sfax
SRT_SFAX;;??????;;Soretras;10.138057144358754;34.589292872697115;"1571407190192.jpg	1571407208346.jpg";Arret_Bus;Poteau_Provisoire;no;no;no;no;;;Ghraiba;Sfax
SRT_SFAX;;???? ?????;;Soretras;10.255331620573997;35.019530011340976;"1570776105868.jpg	1570776142609.jpg";Arret_Bus;Batiment;yes;no;no;yes;;;Manzel chaker;Sfax
SRT_SFAX;;??? 75;;Soretras;;;"	";Arret_Bus;Autre;no;no;no;no;;;;
16;;??????;;Soretras;10.971580082550645;35.08411383256316;"1570863089363.jpg	1570863102066.jpg";Arret_Bus;Batiment;yes;no;no;yes;;;Jbenyena;Sfax
16;;El karma;;Stgb;9.744553109630942;34.63084322400391;"1570696733998.jpg	1570696760293.jpg";Arret_Bus;Poteau_Provisoire;no;no;no;no;;;Mezouna;Sidi bouzid
16;;????;;Srtgb;9.652359634637833;35.057147364132106;"1570783526181.jpg	1570783543949.jpg";Arret_Bus;Poteau_Provisoire;no;no;no;no;;;????;Sidi bouzid
11;;Bouzayen;;Stgb;9.420670755207539;34.57328528165817;"1570700756726.jpg	1570700770006.jpg";Arret_Bus;Poteau_Provisoire;no;no;no;no;;;Manzel bouzayen;Sidi bouzid
SRT_SFAX;;???? ???????;;Sts;10.253022406250238;35.194477597251534;"1571208681221.jpg	1571208696878.jpg";Arret_Bus;Poteau_Provisoire;no;no;no;no;;;Chorbane;Mahdia
16;;??? 64;;Soretras;10.130616696551442;35.03174537792802;"1570777371201.jpg	1570777384795.jpg";Arret_Bus;Batiment;yes;no;no;yes;;;Manzel chaker;Sfax
SRT_SFAX;;?????;;Srtg;9.419404249638319;35.127863134257495;"1571034345252.jpg	1571034360178.jpg";Arret_Bus;Poteau_Provisoire;no;no;no;no;;;?????;Sidi bouzid
16;;??????;;Srtg;9.991107294335961;34.151195478625596;"1571299655417.jpg	1571299682646.jpg";Arret_Bus;Batiment;yes;no;no;yes;;;??????;Sfax
12;;?????;;Srtg;9.278200445696712;35.17836762126535;"1571035547647.jpg	1571035587817.jpg";Arret_Bus;Poteau_Provisoire;no;no;no;no;;;?????;Sidi bouzid
12;;?????;;Srtk;9.075823919847608;35.54295991547406;"1571044664622.jpg	1571044689786.jpg";Arret_Bus;Poteau_Provisoire;no;no;no;no;;;?????;Kasserine
SRT_SFAX;;?????;;Srtk;9.021465936675668;35.25524727534503;"1571038112976.jpg	1571038126667.jpg";Arret_Bus;Batiment;yes;no;no;yes;;;Sbeitla;Kasserine
8;;??? ?????;;Soretras;10.291867665946484;34.44576606620103;"1571295302084.jpg	1571295331476.jpg";Arret_Bus;Batiment;yes;no;no;yes;;;Ghrayba;Sfax
16;;????????;;Srtk;8.821452520787716;35.951654012314975;"1571049589523.jpg	1571049618358.jpg";Arret_Bus;Poteau_Provisoire;no;no;no;no;;;El dehmani;El kef
12;;?????;;Srtgb;9.952645506709814;34.96555059682578;"1570791525814.jpg	1570791550231.jpg";Arret_Bus;Poteau_Provisoire;no;no;no;no;;;Ruegeb;Sidi bouzid
SRT_SFAX;;??? ?????;;Srtk;9.101379923522472;35.37431899923831;"1571042781831.jpg	1571042797380.jpg";Arret_Bus;Poteau_Provisoire;no;no;no;no;;;?????;Kasserine
SRT_SFAX;;????? ?????? ??? 64;;Soretras;10.130572188645601;35.03187378868461;"1570777237559.jpg	1570777256069.jpg";Arret_Bus;Poteau_Provisoire;no;no;no;no;;;Manzel chaker;Sfax
SRT_SFAX;;?? ?????;;Soretras;11.00427981466055;35.10956405662;"1570863549090.jpg	1570863563693.jpg";Arret_Bus;Batiment;yes;no;no;yes;;;Maloulech;Mahdia
12;;????;;Soretras;10.269917892292142;34.75732241291553;"1570690726201.jpg	1570690752593.jpg";Arret_Bus;Poteau_Provisoire;no;no;no;no;;;Agareb;Sfax
SRT_SFAX;;Gare transport terrestre kasserine;;Strk;8.848084509372711;35.17748152837157;"1571039855138.jpg	1571039898272.jpg";Arret_Bus;Abri;yes;no;no;yes;;;Kasserine;Kasserine
10;;?????;;Soretras;10.34823956899345;35.11335929855704;"1571207577683.jpg	1571207596781.jpg";Gare_Routiere;Poteau_Provisoire;no;no;no;no;;;Manzel chaker;Sfax
SRT_SFAX;;????;;Soretrak;10.062321284785867;35.60087362769991;"1571212532006.jpg	1571212559788.jpg";Arret_Bus;Batiment;yes;no;no;yes;;;Rakada;Kairouan
10;;Wed cheikh;;Soretras;9.971429435536265;34.68227638397366;"1570694328820.jpg	1570694344242.jpg";Arret_Bus;Poteau_Provisoire;no;no;no;no;;;Bir ali;Sfax
15;;Gare transport terrestre kairouan;;Soretrak;10.086162183433771;35.68060526624322;"1571214969055.jpg	1571215026903.jpg";Gare_Routiere;Abri;yes;no;no;yes;;;Kairouan;Kairouan
14;;??? ???;;Srtm;10.616008266806602;33.36349334567785;"1571310492186.jpg	1571310510230.jpg";Arret_Bus;Batiment;yes;no;no;yes;;;Hesi amor;Mednin
15;;?????;;Srtg;10.285635134205222;33.61794441472739;"1571305735410.jpg	1571305762807.jpg";Arret_Bus;Batiment;yes;no;no;yes;;;????;Gabes
14;;???????;;Srtm;10.837048776447773;33.25324391014874;"1571314919386.jpg	1571314943742.jpg";Arret_Bus;Batiment;yes;no;no;yes;;;Ben guerden;Mednin
SRT_SFAX;;??????;;Srtg;9.983184803277254;34.105746410787106;"1571300057836.jpg	1571300074040.jpg";Arret_Bus;Poteau_Provisoire;no;no;no;no;;;??????;Gabes
16;;Eltayfa;;Soretras;10.184072870761156;34.75465550087392;"1570691500313.jpg	1570691529281.jpg";Arret_Bus;Poteau_Provisoire;no;no;no;no;;;Bir ali;Sfax
SRT_SFAX;;Nasr;;Stgb;9.514434412121773;34.580340664833784;"1570699453871.jpg	1570699467716.jpg";Arret_Bus;Poteau_Provisoire;no;no;no;no;;;Meknesi;Sidi bouzid
16;;Hanout farah;;Soretras;9.921513944864273;34.65218719560653;"1570694985175.jpg	1570695004498.jpg";Arret_Bus;Poteau_Provisoire;no;no;no;no;;;Bir ali;Sfax
SRT_SFAX;;Meknasi;;Stgb;9.606748586520553;34.605903499759734;"1570698250854.jpg	1570698268748.jpg";Arret_Bus;Poteau_Provisoire;no;no;no;no;;;Meknesi;Sidi bouzid
SRT_SFAX;;Skhira;;Soretras;10.068674264475703;34.29843186400831;"1571298259837.jpg	1571298323527.jpg";Station_Bus;Abri;yes;no;no;yes;;;Skhira;Sfax
SRT_SFAX;;????;;Soretras;10.281192138791084;35.01058077905327;"1570775640463.jpg	1570775662450.jpg";Arret_Bus;Poteau_Provisoire;no;no;no;no;;;Manzel chaker;Sfax
SRT_SFAX;;???????;;Soretras;10.909357024356723;35.03171570599079;"1570862098526.jpg	1570862169561.jpg";Arret_Bus;Abri;yes;no;no;yes;;;Jbenyena;Sfax
14;;??????;;Soretras;10.491063175722957;34.7281008772552;"1570688692673.jpg	1570688710358.jpg";Arret_Bus;Poteau_Provisoire;no;no;no;no;;;Agareb;Sfax
16;;Gare transport terrestre tozeur;;srtg;8.130892412737012;33.92194967251271;"1570715310384.jpg	1570715359123.jpg";Gare_Routiere;Abri;yes;no;no;yes;;;Tozeur;Tozeur
SRT_SFAX;;?????? ????;;Srtg;9.364027781412005;35.146649200469255;"1571034748477.jpg	1571034766784.jpg";Arret_Bus;Poteau_Provisoire;no;no;no;no;;;?????;Sidi bouzid
SRT_SFAX;;?????;;Soretras;10.895354300737381;34.98374335002154;"1570861316904.jpg	1570861359437.jpg";Arret_Bus;Batiment;yes;no;no;yes;;;?????;Sfax
SRT_SFAX;;?????;;Soretras;10.346847334876657;34.47315791621804;"1571294938713.jpg	1571294955452.jpg";Arret_Bus;Poteau_Provisoire;no;no;no;no;;;Mahres;Sfax
15;;?????;;Soretras;10.513874692842364;35.051337531767786;"1571206405839.jpg	1571206417512.jpg";Arret_Bus;Poteau_Provisoire;no;no;no;no;;;Manzel chaker;Sfax
14;;????;;Srtm;11.019648453220725;33.59002777375281;"1571323767178.jpg	1571323793586.jpg";Arret_Bus;Poteau_Provisoire;no;no;no;no;;;Zerzis;Mednin
16;;Gare transport terrestre gabes;;Srtg;10.086299227550626;33.88246709480882;"1571302656566.jpg	1571302720533.jpg";Gare_Routiere;Abri;yes;no;no;yes;;;Gabes;Gabes
SRT_SFAX;;??????;;Srtg;9.856910007074475;34.874808909371495;"1570789955500.jpg	1570789992388.jpg";Arret_Bus;Poteau_Provisoire;no;no;no;no;;;Regueb;Sidi bouzid
16;;???? ?????;;Soretras;10.650292430073023;34.862559721805155;"1571204855528.jpg	1571204868741.jpg";Arret_Bus;Poteau_Provisoire;no;no;no;no;;;Sfax;Sfax
10;;Zenouch;;Srtg;9.051350438967347;34.46999177802354;"1570704595623.jpg	1570704616693.jpg";Arret_Bus;Poteau_Provisoire;no;no;no;no;;;Zenouch;Gafa
14;;Sidi amor;;Soretrak;10.049364119768143;35.39502732921392;"1571220104893.jpg	1571220129293.jpg";Arret_Bus;Batiment;yes;no;no;yes;;;Sidi amor;Kairouan
16;;Chekmou;;Srtg;8.24372691102326;34.08632642123848;"1570713603994.jpg	1570713624538.jpg";Arret_Bus;Poteau_Provisoire;no;no;no;no;;;Tozeur;Tozeur
16;;Abd sadek;;Srtg;9.154296135529876;34.504926460795105;"1570703409009.jpg	1570703420088.jpg";Arret_Bus;Poteau_Provisoire;no;no;no;no;;;Zenouch;Gafsa
15;;??????;;Stgb;9.47466529905796;34.576690471731126;"1570699964774.jpg	1570699978408.jpg";Arret_Bus;Poteau_Provisoire;no;no;no;no;;;Meknesi;Sidi bouzid
SRT_SFAX;;??? ????;;Srtm;10.922254510223866;33.441503467038274;"1571384761536.jpg	1571384774704.jpg";Arret_Bus;Poteau_Provisoire;no;no;no;no;;;Zerzis;Mednin
SRT_SFAX;;?????;;Soretras;10.582887176424265;34.57571632694453;"1571293087388.jpg	1571293113664.jpg";Arret_Bus;Batiment;yes;no;no;yes;;;????;Sfax
SRT_SFAX;;???? ???;;Soretras;10.584734296426177;34.97331848368049;"1571205691972.jpg	1571205707311.jpg";Arret_Bus;Batiment;yes;no;no;yes;;;Manzel chaker;Sfax
16;;??????;;Soretras;10.18594111315906;35.029020379297435;"1570776613587.jpg	1570776626366.jpg";Arret_Bus;Poteau_Provisoire;no;no;no;no;;;Manzel chaker;Sfax
SRT_SFAX;;Mezouna;;Stgb;9.843133091926575;34.58122767973691;"1570695817417.jpg	1570695832154.jpg";Arret_Bus;Poteau_Provisoire;no;no;no;no;;;Mezouna;Sidi bouzid
16;;?????;;Soretras;10.162949552759528;34.55832639243454;"1571406774031.jpg	1571406789511.jpg";Arret_Bus;Batiment;yes;no;no;yes;;;Ghraiba;Sfax
SRT_SFAX;;??? ??????;;Srtgb;9.90853431634605;34.937487775459886;"1570790862301.jpg	1570790895891.jpg";Arret_Bus;Poteau_Provisoire;no;no;no;no;;;Regueb;Sidi bouzid
SRT_SFAX;;???? ?????;;Soretras;10.159940365701914;34.40222731791437;"1571296361858.jpg	1571296382782.jpg";Arret_Bus;Poteau_Provisoire;no;no;no;no;;;Skhira;Sfax
SRT_SFAX;;?????;;Soretras;10.515080345794559;34.88164753653109;"1570773334005.jpg	1570773356324.jpg";Arret_Bus;Poteau_Provisoire;no;no;no;no;;;Manzel chaker;Sfax
14;;?????;;Soretras;10.424292515963316;35.08917205967009;"1571207102434.jpg	1571207114271.jpg";Arret_Bus;Poteau_Provisoire;no;no;no;no;;;Manzel chaker;Sfax
16;;?????;;Srtg;10.022625681012869;33.94788768142462;"1571301365152.jpg	1571301383306.jpg";Arret_Bus;Poteau_Provisoire;no;no;no;no;;;?????;Gabes
12;;Sened;;Srtg;9.253347013145685;34.54060415737331;"1570702464497.jpg	1570702492636.jpg";Arret_Bus;Batiment;yes;no;no;yes;;;Saned;Gafsa
SRT_SFAX;;????;;Srtk;9.113005874678493;35.4910893458873;"1571043931059.jpg	1571043955989.jpg";Arret_Bus;Batiment;yes;no;no;yes;;;?????;Kasserine
15;;Bir malouli;;Soretras;10.552480146288872;34.857634347863495;"1570772810578.jpg	1570772828987.jpg";Arret_Bus;Batiment;yes;no;no;yes;;;Manzel chaker;Sfax
15;;??????;;Srtm;10.693077770993114;33.37382244877517;"1571386780162.jpg	1571386804121.jpg";Arret_Bus;Poteau_Provisoire;no;no;no;no;;;Zerzis;Mednin
11;;Gare transport terrestre mednine;;Srtm;10.469005443155766;33.360905391164124;"1571308798393.jpg	1571308825666.jpg";Gare_Routiere;Abri;yes;no;no;yes;;;Mednin;Mednin
SRT_SFAX;;?????;;Sts;11.02982391603291;35.33557951916009;"1570867633825.jpg	1570867650830.jpg";Arret_Bus;Poteau_Provisoire;no;no;no;no;;;???? ???;Mahdia
SRT_SFAX;;??????;;Soretras;10.865253126248717;34.938496286049485;"1570860668818.jpg	1570860693815.jpg";Arret_Bus;Batiment;yes;no;no;yes;;;?????;Sfax
14;;Sghar;;Soretras;10.607634661719203;34.72967110108584;"1570686680959.jpg	";Arret_Bus;Poteau_Provisoire;no;no;no;no;;;Greb;Sfax
15;;El hamma;;Srtg;9.795266725122929;33.88537616003305;"1571396410543.jpg	1571396432095.jpg";Station_Bus;Abri;yes;no;no;yes;;;El hamma;Gabes
16;;?????;;Srtm;10.916400253772736;33.69734350126237;"1571324840194.jpg	1571324858344.jpg";Arret_Bus;Batiment;yes;no;no;yes;;;Djerba;Mednin
15;;??? 105;;Srtgb;9.732004646211863;35.07119627203792;"1570782692767.jpg	1570782707548.jpg";Arret_Bus;Poteau_Provisoire;no;no;no;no;;;Ouled haffouz;Sidi bouzid
SRT_SFAX;;??? ????;;Srtm;10.686978930607438;33.328513568267226;"1571311303174.jpg	1571311321858.jpg";Arret_Bus;Poteau_Provisoire;no;no;no;no;;;Ben guerden;Mednin
16;;????;;Soretras;11.10730136744678;35.234949993900955;"1570865295380.jpg	1570865317414.jpg";Station_Bus;Abri;yes;no;no;yes;;;Chebba;Mahdia
12;;Ouled haffouz;;Srtgb;9.866010658442974;35.08136528078467;"1570781145159.jpg	1570781179405.jpg";Arret_Bus;Poteau_Provisoire;no;no;no;no;;;Ouled haffouz;Sidi bouzid
15;;????;;Srtk;8.966264314949512;35.23219113238156;"1571038500937.jpg	1571038519007.jpg";Arret_Bus;Batiment;yes;no;no;yes;;;Sbeitla;Kasserine
15;;???;;Srtm;10.884233443066478;33.79886909388006;"1571326111978.jpg	1571326126900.jpg";Arret_Bus;Batiment;yes;no;no;yes;;;Djerba;Mednin
16;;??????;;Srtm;10.648295525461435;33.36542562581599;"1571387209657.jpg	1571387224025.jpg";Arret_Bus;Poteau_Provisoire;no;no;no;no;;;Zerzis;Mednin
16;;Fatnasa;;Srtgb;9.975069528445601;35.047738468274474;"1570792833308.jpg	1570792859356.jpg";Arret_Bus;Poteau_Provisoire;no;no;no;no;;;Rgeub;Sidi bouzid
SRT_SFAX;;Saned;;Srtg;9.253005618229508;34.54031355679035;"1570702636346.jpg	1570702653287.jpg";Arret_Bus;Poteau_Provisoire;no;no;no;no;;;Saned;Gafsa
SRT_SFAX;;Boulathyeb;;Soretras;10.371303046122193;34.74141481798142;"1570689799613.jpg	1570689827461.jpg";Arret_Bus;Poteau_Provisoire;no;no;no;no;;;Agareb;Sfax
15;;???? ??????;;Soretras;10.116342063993216;34.357237704098225;"1571296946474.jpg	1571296960229.jpg";Arret_Bus;Batiment;yes;no;no;yes;;;Skhira;Sfax
SRT_SFAX;;Gare transport terrestre djerba;;Srtm;10.857876213267446;33.87221745215356;"1571327435856.jpg	1571327610332.jpg";Gare_Routiere;Abri;yes;no;no;yes;;;Djerba;Mednin
15;;??????;;Soretras;9.995602341368794;34.21434867661446;"1571299152543.jpg	1571299166681.jpg";Arret_Bus;Poteau_Provisoire;no;no;no;no;;;Skhira;Sfax
15;;Gare transport terrestre ben guerden;;Srtm;11.213470241054893;33.1556288106367;"1571317444645.jpg	1571317474571.jpg";Gare_Routiere;Abri;yes;no;no;yes;;;Ben guerden;Mednin
11;;??????;;Srtm;10.738302078098059;33.303616382181644;"1571311743230.jpg	1571311758985.jpg";Arret_Bus;Poteau_Provisoire;no;no;no;no;;;Ben guerden;Mednin
SRT_SFAX;;??????;;Sts;11.046655867248774;35.28776742517948;"1570866896181.jpg	1570866912353.jpg";Arret_Bus;Batiment;yes;no;no;yes;;;???? ???;Mahdia
16;;???  81;;Soretras;9.981364840641618;35.057794195599854;"1570779449752.jpg	1570779462330.jpg";Arret_Bus;Poteau_Provisoire;no;no;no;no;;;Ouled haffouz;Sidi bouzid
SRT_SFAX;;Najeh;;Srtg;9.100918164476752;34.48518037330359;"1570703772217.jpg	1570703786573.jpg";Arret_Bus;Poteau_Provisoire;no;no;no;no;;;Zenouch;Gafsa
16;;Selama;;Soretras;10.333238560706377;34.98742602299899;"1570775110142.jpg	1570775129092.jpg";Arret_Bus;Poteau_Provisoire;no;no;no;no;;;Manzel chaker;Sfax
12;;?????;;Srtgb;9.535707011818886;35.09992855601013;"1570784423442.jpg	1570784439513.jpg";Arret_Bus;Poteau_Provisoire;no;no;no;no;;;?????;Sidi bouzid
16;;??????;;Srtk;9.055581539869308;35.593002140522;"1571045301691.jpg	1571045321166.jpg";Arret_Bus;Batiment;yes;no;no;yes;;;??????;Kassrine
8;;El etizez;;Stgb;9.474523728713393;34.57661889027804;"1570700136294.jpg	1570700151898.jpg";Arret_Bus;Poteau_Provisoire;no;no;no;no;;;Meknesi;Sidi bouzid
16;;Gare transport terrestre elkef;;Srtk;8.703389558941126;36.16282965056598;"1571051842750.jpg	1571051883961.jpg";Gare_Routiere;Abri;yes;no;no;yes;;;Le kef;Le kef
16;;????;;Srtgb;9.652339266613126;35.057095563970506;"1570783666397.jpg	1570783683540.jpg";Arret_Bus;Poteau_Provisoire;no;no;no;no;;;????;Sidi bouzid
16;;Dar haj;;Srtg;9.303302401676774;34.54906920902431;"1570701892291.jpg	1570701907775.jpg";Arret_Bus;Poteau_Provisoire;no;no;no;no;;;Elsned;Gafsa
SRT_SFAX;;????;;Srtgb;9.890087591484189;34.90711465012282;"1570790477305.jpg	1570790499277.jpg";Arret_Bus;Poteau_Provisoire;no;no;no;no;;;Regueb;Sidi bouzid
SRT_SFAX;;Gare transport terrestre sfax;;Soretras;10.75781305320561;34.723786753602326;"1570684702809.jpg	";Gare_Routiere;Abri;yes;no;no;yes;;;Sfax;Sfax
11;;Bir chouket;;Soretras;10.025014104321599;34.70745587255806;"1570693708145.jpg	1570693728543.jpg";Arret_Bus;Poteau_Provisoire;no;no;no;no;;;Bir ali;Sfax
16;;?? ????;;Sts;11.007141144946218;35.396076114848256;"1570868305332.jpg	1570868322453.jpg";Arret_Bus;Poteau_Provisoire;no;no;no;no;;;???? ???;Mahdia
16;;Awled chrayet;;Srtg;8.937430484220386;34.46363196708262;"1570705505121.jpg	1570705518825.jpg";Arret_Bus;Poteau_Provisoire;no;no;no;no;;;Zenouch;Gafsa
10;;Zenouch;;Srtg;9.051271732896566;34.4700923608616;"1570704453911.jpg	1570704479099.jpg";Arret_Bus;Batiment;yes;no;no;yes;;;Zenouch;Gafsa
16;;???????;;Soretrak;10.05526858381927;35.53347738459706;"1571211798556.jpg	1571211813993.jpg";Arret_Bus;Poteau_Provisoire;no;no;no;no;;;???????;Kairouan
15;;?????;;Srtgb;9.535726457834244;35.09977940004319;"1570784603973.jpg	1570784628242.jpg";Arret_Bus;Poteau_Provisoire;no;no;no;no;;;?????;Sidi bouzid
SRT_SFAX;;?? ?????;;Srtg;10.445966608822346;33.3741510193795;"1571308283789.jpg	1571308301049.jpg";Arret_Bus;Poteau_Provisoire;no;no;no;no;;;Mednin;Mednin
SRT_SFAX;;??? ??? ??????;;Soretras;10.313856666907668;35.154652912169695;"1571208014853.jpg	1571208035810.jpg";Arret_Bus;Poteau_Provisoire;no;no;no;no;;;Chorbane;Mahdia
16;;Bou jamal;;Soretras;10.46360389329493;34.91424329113215;"1570773872262.jpg	1570773891728.jpg";Arret_Bus;Poteau_Provisoire;no;no;no;no;;;Manzel chaker;Sfax
SRT_SFAX;;El omrane;;Stg;9.355160566046834;34.56774165853858;"1570701277428.jpg	1570701295946.jpg";Arret_Bus;Poteau_Provisoire;no;no;no;no;;;Sned;Gafsa
SRT_SFAX;;Bir ali;;Soretras;10.096296826377511;34.74078843835741;"1570692649800.jpg	1570692700563.jpg";Station_Bus;Batiment;yes;no;no;yes;;;Bir ali;Sfax
16;;????;;Soretras;10.177147490903735;34.53755050431937;"1571406545857.jpg	1571406558259.jpg";Arret_Bus;Batiment;yes;no;no;yes;;;El ghraiba;Sfax
12;;???????? ??? 87;;Srtgb;9.94442068040371;35.09046890772879;"1570780019048.jpg	1570780045546.jpg";Arret_Bus;Poteau_Provisoire;no;no;no;no;;;Ouled haffouz;Sidi bouzid
16;;???;;Srtk;9.120804313570261;35.444428296759725;"1571043451310.jpg	1571043489050.jpg";Arret_Bus;Poteau_Provisoire;no;no;no;no;;;?????;Kasserine
12;;????;;Srtgb;9.89016286097467;34.906982467509806;"1570790352088.jpg	1570790366128.jpg";Arret_Bus;Poteau_Provisoire;no;no;no;no;;;Regueb;Sidi bouzid
15;;Gare transport terrestre Mahdia;;Sts;11.050043581053615;35.50058340188116;"1570870251190.jpg	1570870301003.jpg";Gare_Routiere;Abri;yes;no;no;yes;;;Mahdia;Mahdia
16;;Robbana;;Srtm;10.894108833745122;33.776296083815396;"1571325806628.jpg	1571325822269.jpg";Arret_Bus;Batiment;yes;no;no;yes;;;Djerba;Mednin
SRT_SFAX;;Bouzayen;;Stgb;9.420766811817884;34.57331457640976;"1570700609070.jpg	1570700625590.jpg";Arret_Bus;Poteau_Provisoire;no;no;no;no;;;Manzel bouzayen;Sidi bouzid
16;;????;;Soretras;10.494317701086402;34.52183418441564;"1571293869610.jpg	1571293893940.jpg";Station_Bus;Abri;yes;no;no;yes;;;Mahres;Sfax
SRT_SFAX;;Metlaoui;;Srtg;8.411662532016635;34.31439130101353;"1570719992531.jpg	1570720013038.jpg";Station_Bus;Abri;yes;no;no;yes;;;Metlaoui;Gafsa
SRT_SFAX;;Agareb;;Soretras;10.530017986893654;34.739940064027905;"1570687904570.jpg	1570687939229.jpg";Station_Bus;Abri;yes;no;no;yes;;;Graab;Sfax
16;;Bir chouket;;Soretras;10.025023492053151;34.70760712400079;"1570693551079.jpg	1570693569354.jpg";Arret_Bus;Poteau_Provisoire;no;no;no;no;;;Bir ali;Sfax
15;;Rgeb;;Srtgb;9.787523187696934;34.858935051597655;"1570789195022.jpg	1570789216498.jpg";Arret_Bus;Poteau_Provisoire;no;no;no;no;;;Rgeb;Sidi bouzid
SRT_SFAX;;??? ?????;;Srtm;10.803836910054088;33.272483395412564;"1571312829981.jpg	1571312843470.jpg";Arret_Bus;Poteau_Provisoire;no;no;no;no;;;Ben guerden;Mednin
11;;???? ?????;;Soretras;10.255410326644778;35.01963101327419;"1570775935432.jpg	1570775950314.jpg";Arret_Bus;Poteau_Provisoire;no;no;no;no;;;Manzel chaker;Sfax
16;;????;;Sts;11.042923489585519;35.46848016791046;"1570869614198.jpg	1570869626368.jpg";Arret_Bus;Poteau_Provisoire;no;no;no;no;;;????;Mahdia
16;;Mezouna;;Stgb;9.842918096110225;34.58115316461772;"1570695638099.jpg	1570695677853.jpg";Arret_Bus;Poteau_Provisoire;no;no;no;no;;;Mezouna;Sidi bouzid
SRT_SFAX;;???102 ????;;Srtb;9.77829772979021;35.072418437339365;"1570782181953.jpg	1570782194195.jpg";Arret_Bus;Poteau_Provisoire;no;no;no;no;;;Ouled haffouz;Sidi bouzid
8;;Limaya;;Soretras;10.185698457062244;35.028905044309795;"1570776777276.jpg	1570776811880.jpg";Arret_Bus;Batiment;yes;no;no;yes;;;Manzel chaker;Sfax
SRT_SFAX;;????;;Srtk;8.88194052502513;35.89714167639613;"1571048886794.jpg	1571048944135.jpg";Arret_Bus;Poteau_Provisoire;no;no;no;no;;;El ksour;Kef
11;;Eltayfa;;Soretras;10.18411804921925;34.75465591996908;"1570691698774.jpg	1570691728225.jpg";Arret_Bus;Batiment;yes;no;no;yes;;;Ber ali;Sfax
SRT_SFAX;;???? ????;;Sts;10.280171390622854;35.18379067070782;"1571208395864.jpg	1571208417328.jpg";Arret_Bus;Poteau_Provisoire;no;no;no;no;;;Chorbane;Mahdia
SRT_SFAX;;?????;;Soretras;10.621381821110845;34.61635062005371;"1571292622120.jpg	1571292653194.jpg";Arret_Bus;Poteau_Provisoire;no;no;no;no;;;?????;Sfax
16;;Manzel chaker;;Soretras;10.372054735198617;34.96957365889102;"1570774528888.jpg	1570774594601.jpg";Arret_Bus;Batiment;yes;no;no;yes;;;Manzel chaker;Sfax
16;;El karma;;Stgb;9.744645226746798;34.630856341682374;"1570696550479.jpg	1570696567859.jpg";Arret_Bus;Batiment;yes;no;no;yes;;;Mezouna;Sidi bouzid
16;;???105;;Srtgb;9.73206264898181;35.071073225699365;"1570782834463.jpg	1570782854218.jpg";Arret_Bus;Batiment;yes;no;no;yes;;;Ouled haffouz;Sidi bouzid
SRT_SFAX;;El omrane;;Srtg;9.355170708149672;34.567616558633745;"1570701408652.jpg	1570701422778.jpg";Arret_Bus;Poteau_Provisoire;no;no;no;no;;;Elsned;Gafsa
15;;????;;Soretras;10.640791710466146;34.896904192864895;"1571205188064.jpg	1571205205419.jpg";Arret_Bus;Poteau_Provisoire;no;no;no;no;;;Sfax;Sfax
16;;??????;;Srtm;10.920138582587242;33.74501117505133;"1571325320264.jpg	1571325334501.jpg";Arret_Bus;Batiment;yes;no;no;yes;;;Djerba;Mednin
SRT_SFAX;;??? 102 ????;;Srtgb;9.778449861332774;35.07231609430164;"1570782373917.jpg	1570782395528.jpg";Arret_Bus;Poteau_Provisoire;no;no;no;no;;;Ouled haffouz;Sidi bouzid
SRT_SFAX;;Melloulech;;Soretras;11.03563860990107;35.16565587837249;"1570864241788.jpg	1570864257180.jpg";Arret_Bus;Batiment;yes;no;no;yes;;;Melloulech;Mahdia
SRT_SFAX;;??????;;Soretras;10.489533646032214;35.0714160874486;"1571206673313.jpg	1571206684559.jpg";Arret_Bus;Batiment;yes;no;no;yes;;;Manzel chaker;Sfax
14;;????;;Soretras;10.846219332888722;34.88699808251113;"1570860094988.jpg	1570860121596.jpg";Arret_Bus;Batiment;yes;no;no;yes;;;?????;Sfax
16;;El hamma du jerid;;Srtg;8.171065617352724;33.99800312239677;"1570716935574.jpg	1570716958195.jpg";Arret_Bus;Poteau_Provisoire;no;no;no;no;;;Hamma du jerid;Tozeur
14;;Ouled haffouz;;Srtgb;9.866045527160168;35.08144092746079;"1570780894881.jpg	1570780938569.jpg";Arret_Bus;Batiment;yes;no;no;yes;;;Ouled haffouz;Sidi bouzid
8;;????;;Srtg;9.89501053467393;33.88691436499357;"1571394888430.jpg	1571394901787.jpg";Arret_Bus;Batiment;yes;no;no;yes;;;El hamma;Gabes
SRT_SFAX;;?????;;Srts;8.970293831080198;35.83935863804072;"1571048127563.jpg	1571048157265.jpg";Arret_Bus;Batiment;no;no;no;no;;;????;Kef
12;;??????;;Soretras;10.490874331444502;34.72788227722049;"1570689008711.jpg	1570689038077.jpg";Arret_Bus;Poteau_Provisoire;no;no;no;no;;;Agareb;Sfax
16;;??? ????;;Srtk;9.22167875804007;35.20765239838511;"1571036053728.jpg	1571036067670.jpg";Arret_Bus;Poteau_Provisoire;no;no;no;no;;;Sbeitla;Kassrine
SRT_SFAX;;Dar 7aj;;Srtg;9.303256133571267;34.54899716656655;"1570702037059.jpg	1570702054635.jpg";Arret_Bus;Poteau_Provisoire;no;no;no;no;;;Elsned;Gafsa
12;;??? 71;;Soretras;10.094297658652067;35.03805477172136;"1570777668116.jpg	1570777681408.jpg";Arret_Bus;Poteau_Provisoire;no;no;no;no;;;Manzel  chaker;Sfax
SRT_SFAX;;???????;;Srtk;8.894203919917345;35.209268177859485;"1571039112316.jpg	1571039127175.jpg";Arret_Bus;Poteau_Provisoire;no;no;no;no;;;Sbeitla;Kasserine
15;;??? ????;;Soretras;10.388464741408825;34.49352698866278;"1571294584709.jpg	1571294621360.jpg";Arret_Bus;Batiment;no;no;no;no;;;Mahres;Sfax
;;????????;;Srtm;10.875223064795136;33.23784769512713;"1571315297515.jpg	1571315311153.jpg";Arret_Bus;Poteau_Provisoire;no;no;no;no;;;Ben guerden;Mednin
