Date,nom_ar,nom_fr,unite,valeur
2025-06-19 10:00:00,Solar radiation,Solar radiation,W/m2,509.0
2025-06-19 10:00:00,Wind gust,Wind gust,m/s,3.0
2025-06-19 10:00:00,U-sonic wind dir,U-sonic wind dir,deg,325.0
2025-06-19 10:00:00,U-sonic wind speed,U-sonic wind speed,m/s,1.5
2025-06-19 10:00:00,Battery,Battery,mV,6796.0
2025-06-19 10:00:00,Precipitation,Precipitation,mm,0.0
2025-06-19 10:00:00,Solar Panel,Solar Panel,mV,9451.0
2025-06-19 09:00:00,Wind gust,Wind gust,m/s,4.5
2025-06-19 09:00:00,U-sonic wind dir,U-sonic wind dir,deg,330.0
2025-06-19 09:00:00,U-sonic wind speed,U-sonic wind speed,m/s,1.3
2025-06-19 09:00:00,Battery,Battery,mV,6796.0
2025-06-19 09:00:00,Precipitation,Precipitation,mm,0.0
2025-06-19 09:00:00,Solar Panel,Solar Panel,mV,9667.0
2025-06-19 09:00:00,Solar radiation,Solar radiation,W/m2,295.0
2025-06-19 08:00:00,Wind gust,Wind gust,m/s,2.9
2025-06-19 08:00:00,U-sonic wind dir,U-sonic wind dir,deg,267.0
2025-06-19 08:00:00,U-sonic wind speed,U-sonic wind speed,m/s,1.0
2025-06-19 08:00:00,Battery,Battery,mV,6761.0
2025-06-19 08:00:00,Precipitation,Precipitation,mm,0.0
2025-06-19 08:00:00,Solar Panel,Solar Panel,mV,8426.0
2025-06-19 08:00:00,Solar radiation,Solar radiation,W/m2,179.0
2025-06-19 07:00:00,Wind gust,Wind gust,m/s,2.7
2025-06-19 07:00:00,U-sonic wind dir,U-sonic wind dir,deg,284.0
2025-06-19 07:00:00,U-sonic wind speed,U-sonic wind speed,m/s,0.8
2025-06-19 07:00:00,Battery,Battery,mV,6759.0
2025-06-19 07:00:00,Precipitation,Precipitation,mm,0.0
2025-06-19 07:00:00,Solar Panel,Solar Panel,mV,8229.0
2025-06-19 07:00:00,Solar radiation,Solar radiation,W/m2,301.0
2025-06-19 06:00:00,Wind gust,Wind gust,m/s,1.0
2025-06-19 06:00:00,U-sonic wind dir,U-sonic wind dir,deg,255.0
2025-06-19 06:00:00,U-sonic wind speed,U-sonic wind speed,m/s,0.4
2025-06-19 06:00:00,Battery,Battery,mV,6585.0
2025-06-19 06:00:00,Precipitation,Precipitation,mm,0.0
2025-06-19 06:00:00,Solar Panel,Solar Panel,mV,6830.0
2025-06-19 06:00:00,Solar radiation,Solar radiation,W/m2,72.0
2025-06-19 05:00:00,Solar radiation,Solar radiation,W/m2,14.0
2025-06-19 05:00:00,Solar Panel,Solar Panel,mV,5344.0
2025-06-19 05:00:00,Precipitation,Precipitation,mm,0.0
2025-06-19 05:00:00,Battery,Battery,mV,6542.0
2025-06-19 05:00:00,U-sonic wind speed,U-sonic wind speed,m/s,0.5
2025-06-19 05:00:00,U-sonic wind dir,U-sonic wind dir,deg,208.0
2025-06-19 05:00:00,Wind gust,Wind gust,m/s,1.6
2025-06-19 04:00:00,Wind gust,Wind gust,m/s,1.6
2025-06-19 04:00:00,U-sonic wind dir,U-sonic wind dir,deg,208.0
2025-06-19 04:00:00,U-sonic wind speed,U-sonic wind speed,m/s,0.5
2025-06-19 04:00:00,Battery,Battery,mV,6511.0
2025-06-19 04:00:00,Precipitation,Precipitation,mm,0.0
2025-06-19 04:00:00,Solar Panel,Solar Panel,mV,0.0
2025-06-19 04:00:00,Solar radiation,Solar radiation,W/m2,0.0
2025-06-19 03:00:00,Wind gust,Wind gust,m/s,1.5
2025-06-19 03:00:00,U-sonic wind dir,U-sonic wind dir,deg,311.0
2025-06-19 03:00:00,U-sonic wind speed,U-sonic wind speed,m/s,0.5
2025-06-19 03:00:00,Battery,Battery,mV,6516.0
2025-06-19 03:00:00,Precipitation,Precipitation,mm,0.0
2025-06-19 03:00:00,Solar Panel,Solar Panel,mV,0.0
2025-06-19 03:00:00,Solar radiation,Solar radiation,W/m2,0.0
2025-06-19 02:00:00,Wind gust,Wind gust,m/s,4.2
2025-06-19 02:00:00,U-sonic wind dir,U-sonic wind dir,deg,13.0
2025-06-19 02:00:00,U-sonic wind speed,U-sonic wind speed,m/s,0.8
2025-06-19 02:00:00,Battery,Battery,mV,6525.0
2025-06-19 02:00:00,Precipitation,Precipitation,mm,0.0
2025-06-19 02:00:00,Solar Panel,Solar Panel,mV,0.0
2025-06-19 02:00:00,Solar radiation,Solar radiation,W/m2,0.0
2025-06-19 01:00:00,Wind gust,Wind gust,m/s,5.4
2025-06-19 01:00:00,U-sonic wind dir,U-sonic wind dir,deg,348.0
2025-06-19 01:00:00,U-sonic wind speed,U-sonic wind speed,m/s,1.4
2025-06-19 01:00:00,Battery,Battery,mV,6525.0
2025-06-19 01:00:00,Precipitation,Precipitation,mm,0.0
2025-06-19 01:00:00,Solar Panel,Solar Panel,mV,0.0
2025-06-19 01:00:00,Solar radiation,Solar radiation,W/m2,0.0
2025-06-19 00:00:00,Solar Panel,Solar Panel,mV,0.0
2025-06-19 00:00:00,Precipitation,Precipitation,mm,0.0
2025-06-19 00:00:00,Solar radiation,Solar radiation,W/m2,0.0
2025-06-19 00:00:00,Battery,Battery,mV,6525.0
2025-06-19 00:00:00,U-sonic wind speed,U-sonic wind speed,m/s,0.8
2025-06-19 00:00:00,U-sonic wind dir,U-sonic wind dir,deg,209.0
2025-06-19 00:00:00,Wind gust,Wind gust,m/s,2.1
2025-06-18 23:00:00,Solar radiation,Solar radiation,W/m2,0.0
2025-06-18 23:00:00,Wind gust,Wind gust,m/s,2.3
2025-06-18 23:00:00,U-sonic wind dir,U-sonic wind dir,deg,333.0
2025-06-18 23:00:00,U-sonic wind speed,U-sonic wind speed,m/s,0.7
2025-06-18 23:00:00,Battery,Battery,mV,6534.0
2025-06-18 23:00:00,Precipitation,Precipitation,mm,0.0
2025-06-18 23:00:00,Solar Panel,Solar Panel,mV,0.0
2025-06-18 22:00:00,Solar Panel,Solar Panel,mV,0.0
2025-06-18 22:00:00,Wind gust,Wind gust,m/s,1.4
2025-06-18 22:00:00,U-sonic wind dir,U-sonic wind dir,deg,318.0
2025-06-18 22:00:00,U-sonic wind speed,U-sonic wind speed,m/s,0.5
2025-06-18 22:00:00,Battery,Battery,mV,6545.0
2025-06-18 22:00:00,Precipitation,Precipitation,mm,0.0
2025-06-18 22:00:00,Solar radiation,Solar radiation,W/m2,0.0
2025-06-18 21:00:00,U-sonic wind dir,U-sonic wind dir,deg,276.0
2025-06-18 21:00:00,Wind gust,Wind gust,m/s,4.5
2025-06-18 21:00:00,U-sonic wind speed,U-sonic wind speed,m/s,1.3
2025-06-18 21:00:00,Battery,Battery,mV,6542.0
2025-06-18 21:00:00,Precipitation,Precipitation,mm,0.0
2025-06-18 21:00:00,Solar Panel,Solar Panel,mV,0.0
2025-06-18 21:00:00,Solar radiation,Solar radiation,W/m2,0.0
2025-06-18 20:00:00,Solar radiation,Solar radiation,W/m2,0.0
2025-06-18 20:00:00,Wind gust,Wind gust,m/s,6.6
2025-06-18 20:00:00,U-sonic wind dir,U-sonic wind dir,deg,98.0
2025-06-18 20:00:00,U-sonic wind speed,U-sonic wind speed,m/s,2.9
2025-06-18 20:00:00,Battery,Battery,mV,6542.0
2025-06-18 20:00:00,Precipitation,Precipitation,mm,0.0
2025-06-18 20:00:00,Solar Panel,Solar Panel,mV,0.0
2025-06-18 19:00:00,Solar Panel,Solar Panel,mV,0.0
2025-06-18 19:00:00,Wind gust,Wind gust,m/s,5.7
2025-06-18 19:00:00,U-sonic wind dir,U-sonic wind dir,deg,356.0
2025-06-18 19:00:00,U-sonic wind speed,U-sonic wind speed,m/s,2.7
2025-06-18 19:00:00,Battery,Battery,mV,6551.0
2025-06-18 19:00:00,Precipitation,Precipitation,mm,0.0
2025-06-18 19:00:00,Solar radiation,Solar radiation,W/m2,6.0
2025-06-18 18:00:00,U-sonic wind dir,U-sonic wind dir,deg,354.0
2025-06-18 18:00:00,Solar Panel,Solar Panel,mV,4323.0
2025-06-18 18:00:00,Solar radiation,Solar radiation,W/m2,40.0
2025-06-18 18:00:00,Precipitation,Precipitation,mm,0.0
2025-06-18 18:00:00,Battery,Battery,mV,6693.0
2025-06-18 18:00:00,U-sonic wind speed,U-sonic wind speed,m/s,3.6
2025-06-18 18:00:00,Wind gust,Wind gust,m/s,6.5
2025-06-18 17:00:00,Solar radiation,Solar radiation,W/m2,59.0
2025-06-18 17:00:00,Solar Panel,Solar Panel,mV,7798.0
2025-06-18 17:00:00,Precipitation,Precipitation,mm,0.0
2025-06-18 17:00:00,Battery,Battery,mV,6784.0
2025-06-18 17:00:00,U-sonic wind speed,U-sonic wind speed,m/s,4.3
2025-06-18 17:00:00,U-sonic wind dir,U-sonic wind dir,deg,347.0
2025-06-18 17:00:00,Wind gust,Wind gust,m/s,8.9
2025-06-18 16:00:00,Solar radiation,Solar radiation,W/m2,292.0
2025-06-18 16:00:00,U-sonic wind dir,U-sonic wind dir,deg,358.0
2025-06-18 16:00:00,Wind gust,Wind gust,m/s,7.8
2025-06-18 16:00:00,U-sonic wind speed,U-sonic wind speed,m/s,3.8
2025-06-18 16:00:00,Precipitation,Precipitation,mm,0.0
2025-06-18 16:00:00,Battery,Battery,mV,6790.0
2025-06-18 16:00:00,Solar Panel,Solar Panel,mV,8450.0
2025-06-18 15:00:00,Wind gust,Wind gust,m/s,8.0
2025-06-18 15:00:00,U-sonic wind dir,U-sonic wind dir,deg,328.0
2025-06-18 15:00:00,U-sonic wind speed,U-sonic wind speed,m/s,3.3
2025-06-18 15:00:00,Battery,Battery,mV,6801.0
2025-06-18 15:00:00,Precipitation,Precipitation,mm,0.0
2025-06-18 15:00:00,Solar Panel,Solar Panel,mV,8747.0
2025-06-18 15:00:00,Solar radiation,Solar radiation,W/m2,327.0
2025-06-18 14:00:00,Precipitation,Precipitation,mm,0.0
2025-06-18 14:00:00,U-sonic wind dir,U-sonic wind dir,deg,345.0
2025-06-18 14:00:00,Wind gust,Wind gust,m/s,9.8
2025-06-18 14:00:00,U-sonic wind speed,U-sonic wind speed,m/s,4.2
2025-06-18 14:00:00,Solar Panel,Solar Panel,mV,9581.0
2025-06-18 14:00:00,Solar radiation,Solar radiation,W/m2,848.0
2025-06-18 14:00:00,Battery,Battery,mV,6798.0
2025-06-18 13:00:00,Solar Panel,Solar Panel,mV,9892.0
2025-06-18 13:00:00,Wind gust,Wind gust,m/s,6.7
2025-06-18 13:00:00,Precipitation,Precipitation,mm,0.0
2025-06-18 13:00:00,Battery,Battery,mV,6804.0
2025-06-18 13:00:00,U-sonic wind speed,U-sonic wind speed,m/s,2.8
2025-06-18 13:00:00,U-sonic wind dir,U-sonic wind dir,deg,341.0
2025-06-18 13:00:00,Solar radiation,Solar radiation,W/m2,986.0
2025-06-18 12:00:00,Solar radiation,Solar radiation,W/m2,1043.0
2025-06-18 12:00:00,Battery,Battery,mV,6801.0
2025-06-18 12:00:00,Precipitation,Precipitation,mm,0.0
2025-06-18 12:00:00,Solar Panel,Solar Panel,mV,9931.0
2025-06-18 12:00:00,Wind gust,Wind gust,m/s,7.7
2025-06-18 12:00:00,U-sonic wind dir,U-sonic wind dir,deg,298.0
2025-06-18 12:00:00,U-sonic wind speed,U-sonic wind speed,m/s,2.9
2025-06-18 11:00:00,U-sonic wind dir,U-sonic wind dir,deg,337.0
2025-06-18 11:00:00,Battery,Battery,mV,6801.0
2025-06-18 11:00:00,U-sonic wind speed,U-sonic wind speed,m/s,3.0
2025-06-18 11:00:00,Wind gust,Wind gust,m/s,7.9
2025-06-18 11:00:00,Solar radiation,Solar radiation,W/m2,1011.0
2025-06-18 11:00:00,Solar Panel,Solar Panel,mV,9969.0
2025-06-18 11:00:00,Precipitation,Precipitation,mm,0.0
2025-06-18 10:00:00,Solar Panel,Solar Panel,mV,9969.0
2025-06-18 10:00:00,Precipitation,Precipitation,mm,0.0
2025-06-18 10:00:00,Battery,Battery,mV,6807.0
2025-06-18 10:00:00,U-sonic wind speed,U-sonic wind speed,m/s,1.8
2025-06-18 10:00:00,Wind gust,Wind gust,m/s,4.4
2025-06-18 10:00:00,U-sonic wind dir,U-sonic wind dir,deg,274.0
2025-06-18 10:00:00,Solar radiation,Solar radiation,W/m2,920.0
2025-06-18 09:00:00,Solar radiation,Solar radiation,W/m2,786.0
2025-06-18 09:00:00,Solar Panel,Solar Panel,mV,9907.0
2025-06-18 09:00:00,Precipitation,Precipitation,mm,0.0
2025-06-18 09:00:00,Battery,Battery,mV,6804.0
2025-06-18 09:00:00,U-sonic wind speed,U-sonic wind speed,m/s,1.7
2025-06-18 09:00:00,U-sonic wind dir,U-sonic wind dir,deg,302.0
2025-06-18 09:00:00,Wind gust,Wind gust,m/s,4.1
2025-06-18 08:00:00,Solar Panel,Solar Panel,mV,9849.0
2025-06-18 08:00:00,Battery,Battery,mV,6804.0
2025-06-18 08:00:00,Wind gust,Wind gust,m/s,4.1
2025-06-18 08:00:00,U-sonic wind dir,U-sonic wind dir,deg,282.0
2025-06-18 08:00:00,Precipitation,Precipitation,mm,0.0
2025-06-18 08:00:00,U-sonic wind speed,U-sonic wind speed,m/s,1.8
2025-06-18 08:00:00,Solar radiation,Solar radiation,W/m2,621.0
2025-06-18 07:00:00,U-sonic wind speed,U-sonic wind speed,m/s,1.7
2025-06-18 07:00:00,Wind gust,Wind gust,m/s,5.0
2025-06-18 07:00:00,U-sonic wind dir,U-sonic wind dir,deg,295.0
2025-06-18 07:00:00,Battery,Battery,mV,6798.0
2025-06-18 07:00:00,Precipitation,Precipitation,mm,0.0
2025-06-18 07:00:00,Solar Panel,Solar Panel,mV,9475.0
2025-06-18 07:00:00,Solar radiation,Solar radiation,W/m2,430.0
2025-06-18 06:00:00,Solar radiation,Solar radiation,W/m2,221.0
2025-06-18 06:00:00,Solar Panel,Solar Panel,mV,7074.0
2025-06-18 06:00:00,Wind gust,Wind gust,m/s,2.7
2025-06-18 06:00:00,Precipitation,Precipitation,mm,0.0
2025-06-18 06:00:00,Battery,Battery,mV,6773.0
2025-06-18 06:00:00,U-sonic wind speed,U-sonic wind speed,m/s,1.1
2025-06-18 06:00:00,U-sonic wind dir,U-sonic wind dir,deg,343.0
2025-06-18 05:00:00,Solar radiation,Solar radiation,W/m2,16.0
2025-06-18 05:00:00,Solar Panel,Solar Panel,mV,6753.0
2025-06-18 05:00:00,Precipitation,Precipitation,mm,0.0
2025-06-18 05:00:00,Wind gust,Wind gust,m/s,2.2
2025-06-18 05:00:00,U-sonic wind dir,U-sonic wind dir,deg,137.0
2025-06-18 05:00:00,U-sonic wind speed,U-sonic wind speed,m/s,0.8
2025-06-18 05:00:00,Battery,Battery,mV,6539.0
2025-06-18 04:00:00,U-sonic wind speed,U-sonic wind speed,m/s,1.0
2025-06-18 04:00:00,U-sonic wind dir,U-sonic wind dir,deg,307.0
2025-06-18 04:00:00,Wind gust,Wind gust,m/s,2.7
2025-06-18 04:00:00,Solar radiation,Solar radiation,W/m2,0.0
2025-06-18 04:00:00,Solar Panel,Solar Panel,mV,0.0
2025-06-18 04:00:00,Precipitation,Precipitation,mm,0.0
2025-06-18 04:00:00,Battery,Battery,mV,6488.0
2025-06-18 03:00:00,U-sonic wind speed,U-sonic wind speed,m/s,0.9
2025-06-18 03:00:00,Battery,Battery,mV,6491.0
2025-06-18 03:00:00,Precipitation,Precipitation,mm,0.0
2025-06-18 03:00:00,Solar Panel,Solar Panel,mV,0.0
2025-06-18 03:00:00,Solar radiation,Solar radiation,W/m2,0.0
2025-06-18 03:00:00,Wind gust,Wind gust,m/s,2.1
2025-06-18 03:00:00,U-sonic wind dir,U-sonic wind dir,deg,269.0
2025-06-18 02:00:00,Wind gust,Wind gust,m/s,1.8
2025-06-18 02:00:00,U-sonic wind dir,U-sonic wind dir,deg,302.0
2025-06-18 02:00:00,U-sonic wind speed,U-sonic wind speed,m/s,0.7
2025-06-18 02:00:00,Solar Panel,Solar Panel,mV,0.0
2025-06-18 02:00:00,Precipitation,Precipitation,mm,0.0
2025-06-18 02:00:00,Battery,Battery,mV,6491.0
2025-06-18 02:00:00,Solar radiation,Solar radiation,W/m2,0.0
2025-06-18 01:00:00,Wind gust,Wind gust,m/s,2.1
2025-06-18 01:00:00,Solar radiation,Solar radiation,W/m2,0.0
2025-06-18 01:00:00,Solar Panel,Solar Panel,mV,0.0
2025-06-18 01:00:00,Precipitation,Precipitation,mm,0.0
2025-06-18 01:00:00,Battery,Battery,mV,6494.0
2025-06-18 01:00:00,U-sonic wind speed,U-sonic wind speed,m/s,1.2
2025-06-18 01:00:00,U-sonic wind dir,U-sonic wind dir,deg,295.0
2025-06-18 00:00:00,U-sonic wind speed,U-sonic wind speed,m/s,1.3
2025-06-18 00:00:00,Battery,Battery,mV,6496.0
2025-06-18 00:00:00,Wind gust,Wind gust,m/s,2.8
2025-06-18 00:00:00,Solar radiation,Solar radiation,W/m2,0.0
2025-06-18 00:00:00,Solar Panel,Solar Panel,mV,0.0
2025-06-18 00:00:00,Precipitation,Precipitation,mm,0.0
2025-06-18 00:00:00,U-sonic wind dir,U-sonic wind dir,deg,290.0
2025-06-17 23:00:00,Solar radiation,Solar radiation,W/m2,0.0
2025-06-17 23:00:00,Wind gust,Wind gust,m/s,2.1
2025-06-17 23:00:00,U-sonic wind dir,U-sonic wind dir,deg,316.0
2025-06-17 23:00:00,U-sonic wind speed,U-sonic wind speed,m/s,0.8
2025-06-17 23:00:00,Battery,Battery,mV,6514.0
2025-06-17 23:00:00,Precipitation,Precipitation,mm,0.0
2025-06-17 23:00:00,Solar Panel,Solar Panel,mV,0.0
2025-06-17 22:00:00,Solar Panel,Solar Panel,mV,0.0
2025-06-17 22:00:00,Precipitation,Precipitation,mm,0.0
2025-06-17 22:00:00,Battery,Battery,mV,6519.0
2025-06-17 22:00:00,U-sonic wind speed,U-sonic wind speed,m/s,0.7
2025-06-17 22:00:00,U-sonic wind dir,U-sonic wind dir,deg,21.0
2025-06-17 22:00:00,Wind gust,Wind gust,m/s,2.2
2025-06-17 22:00:00,Solar radiation,Solar radiation,W/m2,0.0
2025-06-17 21:00:00,Solar radiation,Solar radiation,W/m2,0.0
2025-06-17 21:00:00,Wind gust,Wind gust,m/s,22.4
2025-06-17 21:00:00,U-sonic wind speed,U-sonic wind speed,m/s,4.1
2025-06-17 21:00:00,Battery,Battery,mV,6525.0
2025-06-17 21:00:00,Precipitation,Precipitation,mm,0.0
2025-06-17 21:00:00,Solar Panel,Solar Panel,mV,0.0
2025-06-17 21:00:00,U-sonic wind dir,U-sonic wind dir,deg,339.0
2025-06-17 20:00:00,Wind gust,Wind gust,m/s,25.1
2025-06-17 20:00:00,Solar radiation,Solar radiation,W/m2,0.0
2025-06-17 20:00:00,Solar Panel,Solar Panel,mV,0.0
2025-06-17 20:00:00,Precipitation,Precipitation,mm,0.0
2025-06-17 20:00:00,Battery,Battery,mV,6534.0
2025-06-17 20:00:00,U-sonic wind speed,U-sonic wind speed,m/s,9.0
2025-06-17 20:00:00,U-sonic wind dir,U-sonic wind dir,deg,355.0
2025-06-17 19:00:00,Solar radiation,Solar radiation,W/m2,9.0
2025-06-17 19:00:00,Wind gust,Wind gust,m/s,12.9
2025-06-17 19:00:00,U-sonic wind speed,U-sonic wind speed,m/s,1.1
2025-06-17 19:00:00,Battery,Battery,mV,6536.0
2025-06-17 19:00:00,Precipitation,Precipitation,mm,0.0
2025-06-17 19:00:00,Solar Panel,Solar Panel,mV,0.0
2025-06-17 19:00:00,U-sonic wind dir,U-sonic wind dir,deg,302.0
2025-06-17 18:00:00,U-sonic wind speed,U-sonic wind speed,m/s,1.7
2025-06-17 18:00:00,U-sonic wind dir,U-sonic wind dir,deg,313.0
2025-06-17 18:00:00,Wind gust,Wind gust,m/s,5.2
2025-06-17 18:00:00,Solar radiation,Solar radiation,W/m2,49.0
2025-06-17 18:00:00,Solar Panel,Solar Panel,mV,4836.0
2025-06-17 18:00:00,Precipitation,Precipitation,mm,0.0
2025-06-17 18:00:00,Battery,Battery,mV,6625.0
2025-06-17 17:00:00,U-sonic wind speed,U-sonic wind speed,m/s,2.7
2025-06-17 17:00:00,U-sonic wind dir,U-sonic wind dir,deg,349.0
2025-06-17 17:00:00,Wind gust,Wind gust,m/s,6.8
2025-06-17 17:00:00,Solar radiation,Solar radiation,W/m2,78.0
2025-06-17 17:00:00,Solar Panel,Solar Panel,mV,6868.0
2025-06-17 17:00:00,Precipitation,Precipitation,mm,0.0
2025-06-17 17:00:00,Battery,Battery,mV,6650.0
2025-06-17 16:00:00,Precipitation,Precipitation,mm,0.0
2025-06-17 16:00:00,Battery,Battery,mV,6781.0
2025-06-17 16:00:00,U-sonic wind speed,U-sonic wind speed,m/s,2.6
2025-06-17 16:00:00,U-sonic wind dir,U-sonic wind dir,deg,338.0
2025-06-17 16:00:00,Wind gust,Wind gust,m/s,7.5
2025-06-17 16:00:00,Solar Panel,Solar Panel,mV,8119.0
2025-06-17 16:00:00,Solar radiation,Solar radiation,W/m2,306.0
2025-06-17 15:00:00,Battery,Battery,mV,6784.0
2025-06-17 15:00:00,U-sonic wind speed,U-sonic wind speed,m/s,3.5
2025-06-17 15:00:00,U-sonic wind dir,U-sonic wind dir,deg,333.0
2025-06-17 15:00:00,Wind gust,Wind gust,m/s,8.1
2025-06-17 15:00:00,Solar radiation,Solar radiation,W/m2,337.0
2025-06-17 15:00:00,Solar Panel,Solar Panel,mV,8531.0
2025-06-17 15:00:00,Precipitation,Precipitation,mm,0.0
2025-06-17 14:00:00,Precipitation,Precipitation,mm,0.0
2025-06-17 14:00:00,Battery,Battery,mV,6818.0
2025-06-17 14:00:00,U-sonic wind speed,U-sonic wind speed,m/s,2.6
2025-06-17 14:00:00,U-sonic wind dir,U-sonic wind dir,deg,327.0
2025-06-17 14:00:00,Wind gust,Wind gust,m/s,6.1
2025-06-17 14:00:00,Solar radiation,Solar radiation,W/m2,861.0
2025-06-17 14:00:00,Solar Panel,Solar Panel,mV,9658.0
2025-06-17 13:00:00,Solar radiation,Solar radiation,W/m2,996.0
2025-06-17 13:00:00,Solar Panel,Solar Panel,mV,9801.0
2025-06-17 13:00:00,Precipitation,Precipitation,mm,0.0
2025-06-17 13:00:00,Battery,Battery,mV,6798.0
2025-06-17 13:00:00,U-sonic wind speed,U-sonic wind speed,m/s,1.7
2025-06-17 13:00:00,U-sonic wind dir,U-sonic wind dir,deg,353.0
2025-06-17 13:00:00,Wind gust,Wind gust,m/s,6.1
2025-06-17 12:00:00,Battery,Battery,mV,6801.0
2025-06-17 12:00:00,U-sonic wind speed,U-sonic wind speed,m/s,1.6
2025-06-17 12:00:00,Precipitation,Precipitation,mm,0.0
2025-06-17 12:00:00,Solar Panel,Solar Panel,mV,9773.0
2025-06-17 12:00:00,Solar radiation,Solar radiation,W/m2,1040.0
2025-06-17 12:00:00,U-sonic wind dir,U-sonic wind dir,deg,250.0
2025-06-17 12:00:00,Wind gust,Wind gust,m/s,4.6
2025-06-17 11:00:00,U-sonic wind dir,U-sonic wind dir,deg,106.0
2025-06-17 11:00:00,Solar radiation,Solar radiation,W/m2,1011.0
2025-06-17 11:00:00,Wind gust,Wind gust,m/s,3.9
2025-06-17 11:00:00,Precipitation,Precipitation,mm,0.0
2025-06-17 11:00:00,U-sonic wind speed,U-sonic wind speed,m/s,1.4
2025-06-17 11:00:00,Battery,Battery,mV,6801.0
2025-06-17 11:00:00,Solar Panel,Solar Panel,mV,9859.0
2025-06-17 10:00:00,Solar radiation,Solar radiation,W/m2,925.0
2025-06-17 10:00:00,Wind gust,Wind gust,m/s,3.0
2025-06-17 10:00:00,U-sonic wind dir,U-sonic wind dir,deg,145.0
2025-06-17 10:00:00,U-sonic wind speed,U-sonic wind speed,m/s,1.1
2025-06-17 10:00:00,Battery,Battery,mV,6796.0
2025-06-17 10:00:00,Precipitation,Precipitation,mm,0.0
2025-06-17 10:00:00,Solar Panel,Solar Panel,mV,9897.0
2025-06-17 09:00:00,Wind gust,Wind gust,m/s,21.9
2025-06-17 09:00:00,Battery,Battery,mV,6801.0
2025-06-17 09:00:00,Precipitation,Precipitation,mm,0.0
2025-06-17 09:00:00,Solar radiation,Solar radiation,W/m2,778.0
2025-06-17 09:00:00,Solar Panel,Solar Panel,mV,9849.0
2025-06-17 09:00:00,U-sonic wind dir,U-sonic wind dir,deg,83.0
2025-06-17 09:00:00,U-sonic wind speed,U-sonic wind speed,m/s,3.1
2025-06-17 08:00:00,Wind gust,Wind gust,m/s,2.0
2025-06-17 08:00:00,Solar radiation,Solar radiation,W/m2,609.0
2025-06-17 08:00:00,Solar Panel,Solar Panel,mV,9763.0
2025-06-17 08:00:00,Precipitation,Precipitation,mm,0.0
2025-06-17 08:00:00,Battery,Battery,mV,6796.0
2025-06-17 08:00:00,U-sonic wind speed,U-sonic wind speed,m/s,0.6
2025-06-17 08:00:00,U-sonic wind dir,U-sonic wind dir,deg,87.0
2025-06-17 07:00:00,Wind gust,Wind gust,m/s,22.0
2025-06-17 07:00:00,U-sonic wind dir,U-sonic wind dir,deg,69.0
2025-06-17 07:00:00,U-sonic wind speed,U-sonic wind speed,m/s,10.2
2025-06-17 07:00:00,Battery,Battery,mV,6793.0
2025-06-17 07:00:00,Precipitation,Precipitation,mm,0.0
2025-06-17 07:00:00,Solar Panel,Solar Panel,mV,9547.0
2025-06-17 07:00:00,Solar radiation,Solar radiation,W/m2,419.0
2025-06-17 06:00:00,Wind gust,Wind gust,m/s,22.2
2025-06-17 06:00:00,U-sonic wind dir,U-sonic wind dir,deg,10.0
2025-06-17 06:00:00,U-sonic wind speed,U-sonic wind speed,m/s,10.1
2025-06-17 06:00:00,Battery,Battery,mV,6784.0
2025-06-17 06:00:00,Precipitation,Precipitation,mm,0.0
2025-06-17 06:00:00,Solar Panel,Solar Panel,mV,8833.0
2025-06-17 06:00:00,Solar radiation,Solar radiation,W/m2,206.0
2025-06-17 05:00:00,Solar Panel,Solar Panel,mV,6796.0
2025-06-17 05:00:00,Battery,Battery,mV,6559.0
2025-06-17 05:00:00,U-sonic wind speed,U-sonic wind speed,m/s,12.0
2025-06-17 05:00:00,U-sonic wind dir,U-sonic wind dir,deg,6.0
2025-06-17 05:00:00,Wind gust,Wind gust,m/s,29.6
2025-06-17 05:00:00,Solar radiation,Solar radiation,W/m2,22.0
2025-06-17 05:00:00,Precipitation,Precipitation,mm,0.0
2025-06-17 04:00:00,Precipitation,Precipitation,mm,0.0
2025-06-17 04:00:00,Battery,Battery,mV,6482.0
2025-06-17 04:00:00,Wind gust,Wind gust,m/s,25.1
2025-06-17 04:00:00,U-sonic wind dir,U-sonic wind dir,deg,176.0
2025-06-17 04:00:00,U-sonic wind speed,U-sonic wind speed,m/s,14.4
2025-06-17 04:00:00,Solar radiation,Solar radiation,W/m2,0.0
2025-06-17 04:00:00,Solar Panel,Solar Panel,mV,0.0
2025-06-17 03:00:00,Solar radiation,Solar radiation,W/m2,0.0
2025-06-17 03:00:00,Solar Panel,Solar Panel,mV,0.0
2025-06-17 03:00:00,Precipitation,Precipitation,mm,0.0
2025-06-17 03:00:00,Battery,Battery,mV,6491.0
2025-06-17 03:00:00,U-sonic wind speed,U-sonic wind speed,m/s,3.1
2025-06-17 03:00:00,U-sonic wind dir,U-sonic wind dir,deg,106.0
2025-06-17 03:00:00,Wind gust,Wind gust,m/s,18.3
2025-06-17 02:00:00,Battery,Battery,mV,6494.0
2025-06-17 02:00:00,U-sonic wind speed,U-sonic wind speed,m/s,0.7
2025-06-17 02:00:00,U-sonic wind dir,U-sonic wind dir,deg,46.0
2025-06-17 02:00:00,Wind gust,Wind gust,m/s,1.5
2025-06-17 02:00:00,Solar radiation,Solar radiation,W/m2,0.0
2025-06-17 02:00:00,Solar Panel,Solar Panel,mV,0.0
2025-06-17 02:00:00,Precipitation,Precipitation,mm,0.0
2025-06-17 01:00:00,Precipitation,Precipitation,mm,0.0
2025-06-17 01:00:00,Solar radiation,Solar radiation,W/m2,0.0
2025-06-17 01:00:00,Solar Panel,Solar Panel,mV,0.0
2025-06-17 01:00:00,Wind gust,Wind gust,m/s,1.9
2025-06-17 01:00:00,U-sonic wind dir,U-sonic wind dir,deg,41.0
2025-06-17 01:00:00,U-sonic wind speed,U-sonic wind speed,m/s,0.7
2025-06-17 01:00:00,Battery,Battery,mV,6494.0
2025-06-17 00:00:00,Precipitation,Precipitation,mm,0.0
2025-06-17 00:00:00,Solar radiation,Solar radiation,W/m2,0.0
2025-06-17 00:00:00,Solar Panel,Solar Panel,mV,0.0
2025-06-17 00:00:00,U-sonic wind dir,U-sonic wind dir,deg,297.0
2025-06-17 00:00:00,U-sonic wind speed,U-sonic wind speed,m/s,0.3
2025-06-17 00:00:00,Battery,Battery,mV,6499.0
2025-06-17 00:00:00,Wind gust,Wind gust,m/s,1.0
2025-06-16 23:00:00,Battery,Battery,mV,6505.0
2025-06-16 23:00:00,Solar Panel,Solar Panel,mV,0.0
2025-06-16 23:00:00,Precipitation,Precipitation,mm,0.0
2025-06-16 23:00:00,Wind gust,Wind gust,m/s,1.6
2025-06-16 23:00:00,U-sonic wind dir,U-sonic wind dir,deg,40.0
2025-06-16 23:00:00,U-sonic wind speed,U-sonic wind speed,m/s,0.5
2025-06-16 23:00:00,Solar radiation,Solar radiation,W/m2,0.0
2025-06-16 22:00:00,Precipitation,Precipitation,mm,0.0
2025-06-16 22:00:00,Solar radiation,Solar radiation,W/m2,0.0
2025-06-16 22:00:00,U-sonic wind speed,U-sonic wind speed,m/s,0.7
2025-06-16 22:00:00,Battery,Battery,mV,6522.0
2025-06-16 22:00:00,Solar Panel,Solar Panel,mV,0.0
2025-06-16 22:00:00,U-sonic wind dir,U-sonic wind dir,deg,6.0
2025-06-16 22:00:00,Wind gust,Wind gust,m/s,1.7
2025-06-16 21:00:00,Solar Panel,Solar Panel,mV,0.0
2025-06-16 21:00:00,Wind gust,Wind gust,m/s,1.4
2025-06-16 21:00:00,U-sonic wind dir,U-sonic wind dir,deg,82.0
2025-06-16 21:00:00,U-sonic wind speed,U-sonic wind speed,m/s,0.4
2025-06-16 21:00:00,Battery,Battery,mV,6525.0
2025-06-16 21:00:00,Precipitation,Precipitation,mm,0.0
2025-06-16 21:00:00,Solar radiation,Solar radiation,W/m2,0.0
2025-06-16 20:00:00,Solar radiation,Solar radiation,W/m2,0.0
2025-06-16 20:00:00,U-sonic wind dir,U-sonic wind dir,deg,41.0
2025-06-16 20:00:00,U-sonic wind speed,U-sonic wind speed,m/s,0.6
2025-06-16 20:00:00,Battery,Battery,mV,6534.0
2025-06-16 20:00:00,Wind gust,Wind gust,m/s,2.1
2025-06-16 20:00:00,Precipitation,Precipitation,mm,0.0
2025-06-16 20:00:00,Solar Panel,Solar Panel,mV,0.0
2025-06-16 19:00:00,Battery,Battery,mV,6545.0
2025-06-16 19:00:00,Precipitation,Precipitation,mm,0.0
2025-06-16 19:00:00,Solar Panel,Solar Panel,mV,0.0
2025-06-16 19:00:00,Solar radiation,Solar radiation,W/m2,9.0
2025-06-16 19:00:00,U-sonic wind speed,U-sonic wind speed,m/s,0.6
2025-06-16 19:00:00,U-sonic wind dir,U-sonic wind dir,deg,155.0
2025-06-16 19:00:00,Wind gust,Wind gust,m/s,1.9
2025-06-16 18:00:00,Precipitation,Precipitation,mm,0.0
2025-06-16 18:00:00,U-sonic wind speed,U-sonic wind speed,m/s,1.0
2025-06-16 18:00:00,Solar radiation,Solar radiation,W/m2,57.0
2025-06-16 18:00:00,U-sonic wind dir,U-sonic wind dir,deg,244.0
2025-06-16 18:00:00,Wind gust,Wind gust,m/s,2.9
2025-06-16 18:00:00,Battery,Battery,mV,6662.0
2025-06-16 18:00:00,Solar Panel,Solar Panel,mV,4764.0
2025-06-16 17:00:00,Wind gust,Wind gust,m/s,4.4
2025-06-16 17:00:00,U-sonic wind dir,U-sonic wind dir,deg,28.0
2025-06-16 17:00:00,U-sonic wind speed,U-sonic wind speed,m/s,1.6
2025-06-16 17:00:00,Battery,Battery,mV,6753.0
2025-06-16 17:00:00,Precipitation,Precipitation,mm,0.0
2025-06-16 17:00:00,Solar Panel,Solar Panel,mV,6964.0
2025-06-16 17:00:00,Solar radiation,Solar radiation,W/m2,90.0
2025-06-16 16:00:00,Solar radiation,Solar radiation,W/m2,309.0
2025-06-16 16:00:00,Solar Panel,Solar Panel,mV,7568.0
2025-06-16 16:00:00,Precipitation,Precipitation,mm,0.0
2025-06-16 16:00:00,Battery,Battery,mV,6759.0
2025-06-16 16:00:00,U-sonic wind speed,U-sonic wind speed,m/s,1.6
2025-06-16 16:00:00,U-sonic wind dir,U-sonic wind dir,deg,358.0
2025-06-16 16:00:00,Wind gust,Wind gust,m/s,4.3
2025-06-16 15:00:00,U-sonic wind speed,U-sonic wind speed,m/s,2.3
2025-06-16 15:00:00,Battery,Battery,mV,6767.0
2025-06-16 15:00:00,Precipitation,Precipitation,mm,0.0
2025-06-16 15:00:00,Solar Panel,Solar Panel,mV,8172.0
2025-06-16 15:00:00,Solar radiation,Solar radiation,W/m2,355.0
2025-06-16 15:00:00,U-sonic wind dir,U-sonic wind dir,deg,54.0
2025-06-16 15:00:00,Wind gust,Wind gust,m/s,5.7
2025-06-16 14:00:00,Solar radiation,Solar radiation,W/m2,834.0
2025-06-16 14:00:00,Solar Panel,Solar Panel,mV,9068.0
2025-06-16 14:00:00,Precipitation,Precipitation,mm,0.0
2025-06-16 14:00:00,Battery,Battery,mV,6838.0
2025-06-16 14:00:00,U-sonic wind speed,U-sonic wind speed,m/s,2.1
2025-06-16 14:00:00,U-sonic wind dir,U-sonic wind dir,deg,350.0
2025-06-16 14:00:00,Wind gust,Wind gust,m/s,5.3
2025-06-16 13:00:00,Battery,Battery,mV,6850.0
2025-06-16 13:00:00,Precipitation,Precipitation,mm,0.0
2025-06-16 13:00:00,Solar Panel,Solar Panel,mV,9178.0
2025-06-16 13:00:00,Solar radiation,Solar radiation,W/m2,941.0
2025-06-16 13:00:00,U-sonic wind speed,U-sonic wind speed,m/s,1.4
2025-06-16 13:00:00,U-sonic wind dir,U-sonic wind dir,deg,226.0
2025-06-16 13:00:00,Wind gust,Wind gust,m/s,4.2
2025-06-16 12:00:00,Wind gust,Wind gust,m/s,4.0
2025-06-16 12:00:00,U-sonic wind dir,U-sonic wind dir,deg,3.0
2025-06-16 12:00:00,U-sonic wind speed,U-sonic wind speed,m/s,1.7
2025-06-16 12:00:00,Battery,Battery,mV,6807.0
2025-06-16 12:00:00,Precipitation,Precipitation,mm,0.0
2025-06-16 12:00:00,Solar Panel,Solar Panel,mV,9351.0
2025-06-16 12:00:00,Solar radiation,Solar radiation,W/m2,1018.0
2025-06-16 11:00:00,Wind gust,Wind gust,m/s,3.5
2025-06-16 11:00:00,U-sonic wind dir,U-sonic wind dir,deg,94.0
2025-06-16 11:00:00,U-sonic wind speed,U-sonic wind speed,m/s,1.4
2025-06-16 11:00:00,Battery,Battery,mV,6804.0
2025-06-16 11:00:00,Precipitation,Precipitation,mm,0.0
2025-06-16 11:00:00,Solar Panel,Solar Panel,mV,9830.0
2025-06-16 11:00:00,Solar radiation,Solar radiation,W/m2,988.0
2025-06-16 10:00:00,Wind gust,Wind gust,m/s,2.8
2025-06-16 10:00:00,U-sonic wind dir,U-sonic wind dir,deg,42.0
2025-06-16 10:00:00,U-sonic wind speed,U-sonic wind speed,m/s,1.1
2025-06-16 10:00:00,Battery,Battery,mV,6796.0
2025-06-16 10:00:00,Precipitation,Precipitation,mm,0.0
2025-06-16 10:00:00,Solar Panel,Solar Panel,mV,9859.0
2025-06-16 10:00:00,Solar radiation,Solar radiation,W/m2,901.0
2025-06-16 09:00:00,Wind gust,Wind gust,m/s,3.0
2025-06-16 09:00:00,U-sonic wind dir,U-sonic wind dir,deg,104.0
2025-06-16 09:00:00,U-sonic wind speed,U-sonic wind speed,m/s,1.1
2025-06-16 09:00:00,Battery,Battery,mV,6798.0
2025-06-16 09:00:00,Precipitation,Precipitation,mm,0.0
2025-06-16 09:00:00,Solar Panel,Solar Panel,mV,9868.0
2025-06-16 09:00:00,Solar radiation,Solar radiation,W/m2,762.0
2025-06-16 08:00:00,Solar radiation,Solar radiation,W/m2,593.0
2025-06-16 08:00:00,Wind gust,Wind gust,m/s,2.5
2025-06-16 08:00:00,U-sonic wind dir,U-sonic wind dir,deg,293.0
2025-06-16 08:00:00,U-sonic wind speed,U-sonic wind speed,m/s,0.7
2025-06-16 08:00:00,Battery,Battery,mV,6798.0
2025-06-16 08:00:00,Precipitation,Precipitation,mm,0.0
2025-06-16 08:00:00,Solar Panel,Solar Panel,mV,9782.0
2025-06-16 07:00:00,Solar Panel,Solar Panel,mV,9475.0
2025-06-16 07:00:00,Wind gust,Wind gust,m/s,1.5
2025-06-16 07:00:00,U-sonic wind dir,U-sonic wind dir,deg,287.0
2025-06-16 07:00:00,U-sonic wind speed,U-sonic wind speed,m/s,0.6
2025-06-16 07:00:00,Battery,Battery,mV,6796.0
2025-06-16 07:00:00,Precipitation,Precipitation,mm,0.0
2025-06-16 07:00:00,Solar radiation,Solar radiation,W/m2,399.0
2025-06-16 06:00:00,Solar Panel,Solar Panel,mV,8546.0
2025-06-16 06:00:00,Wind gust,Wind gust,m/s,1.0
2025-06-16 06:00:00,U-sonic wind dir,U-sonic wind dir,deg,86.0
2025-06-16 06:00:00,U-sonic wind speed,U-sonic wind speed,m/s,0.5
2025-06-16 06:00:00,Battery,Battery,mV,6778.0
2025-06-16 06:00:00,Precipitation,Precipitation,mm,0.0
2025-06-16 06:00:00,Solar radiation,Solar radiation,W/m2,192.0
2025-06-16 05:00:00,Solar Panel,Solar Panel,mV,6801.0
2025-06-16 05:00:00,Wind gust,Wind gust,m/s,1.4
2025-06-16 05:00:00,U-sonic wind dir,U-sonic wind dir,deg,18.0
2025-06-16 05:00:00,U-sonic wind speed,U-sonic wind speed,m/s,0.5
2025-06-16 05:00:00,Battery,Battery,mV,6559.0
2025-06-16 05:00:00,Precipitation,Precipitation,mm,0.0
2025-06-16 05:00:00,Solar radiation,Solar radiation,W/m2,21.0
2025-06-16 04:00:00,Solar radiation,Solar radiation,W/m2,0.0
2025-06-16 04:00:00,Solar Panel,Solar Panel,mV,0.0
2025-06-16 04:00:00,Precipitation,Precipitation,mm,0.0
2025-06-16 04:00:00,Battery,Battery,mV,6488.0
2025-06-16 04:00:00,U-sonic wind speed,U-sonic wind speed,m/s,0.4
2025-06-16 04:00:00,U-sonic wind dir,U-sonic wind dir,deg,47.0
2025-06-16 04:00:00,Wind gust,Wind gust,m/s,0.9
2025-06-16 03:00:00,Solar radiation,Solar radiation,W/m2,0.0
2025-06-16 03:00:00,Wind gust,Wind gust,m/s,1.0
2025-06-16 03:00:00,U-sonic wind dir,U-sonic wind dir,deg,44.0
2025-06-16 03:00:00,U-sonic wind speed,U-sonic wind speed,m/s,0.5
2025-06-16 03:00:00,Battery,Battery,mV,6494.0
2025-06-16 03:00:00,Precipitation,Precipitation,mm,0.0
2025-06-16 03:00:00,Solar Panel,Solar Panel,mV,0.0
2025-06-16 02:00:00,Wind gust,Wind gust,m/s,1.3
2025-06-16 02:00:00,U-sonic wind dir,U-sonic wind dir,deg,29.0
2025-06-16 02:00:00,U-sonic wind speed,U-sonic wind speed,m/s,0.7
2025-06-16 02:00:00,Battery,Battery,mV,6499.0
2025-06-16 02:00:00,Precipitation,Precipitation,mm,0.0
2025-06-16 02:00:00,Solar Panel,Solar Panel,mV,0.0
2025-06-16 02:00:00,Solar radiation,Solar radiation,W/m2,0.0
2025-06-16 01:00:00,U-sonic wind dir,U-sonic wind dir,deg,317.0
2025-06-16 01:00:00,Solar radiation,Solar radiation,W/m2,0.0
2025-06-16 01:00:00,Solar Panel,Solar Panel,mV,0.0
2025-06-16 01:00:00,Precipitation,Precipitation,mm,0.0
2025-06-16 01:00:00,Battery,Battery,mV,6505.0
2025-06-16 01:00:00,U-sonic wind speed,U-sonic wind speed,m/s,0.6
2025-06-16 01:00:00,Wind gust,Wind gust,m/s,2.0
2025-06-16 00:00:00,U-sonic wind dir,U-sonic wind dir,deg,317.0
2025-06-16 00:00:00,U-sonic wind speed,U-sonic wind speed,m/s,0.9
2025-06-16 00:00:00,Battery,Battery,mV,6511.0
2025-06-16 00:00:00,Precipitation,Precipitation,mm,0.0
2025-06-16 00:00:00,Solar Panel,Solar Panel,mV,0.0
2025-06-16 00:00:00,Solar radiation,Solar radiation,W/m2,0.0
2025-06-16 00:00:00,Wind gust,Wind gust,m/s,2.1
2025-06-15 23:00:00,Wind gust,Wind gust,m/s,2.7
2025-06-15 23:00:00,Solar Panel,Solar Panel,mV,0.0
2025-06-15 23:00:00,Precipitation,Precipitation,mm,0.0
2025-06-15 23:00:00,Battery,Battery,mV,6514.0
2025-06-15 23:00:00,U-sonic wind speed,U-sonic wind speed,m/s,1.3
2025-06-15 23:00:00,U-sonic wind dir,U-sonic wind dir,deg,24.0
2025-06-15 23:00:00,Solar radiation,Solar radiation,W/m2,0.0
2025-06-15 22:00:00,Precipitation,Precipitation,mm,0.0
2025-06-15 22:00:00,Solar radiation,Solar radiation,W/m2,0.0
2025-06-15 22:00:00,Solar Panel,Solar Panel,mV,0.0
2025-06-15 22:00:00,Battery,Battery,mV,6525.0
2025-06-15 22:00:00,U-sonic wind speed,U-sonic wind speed,m/s,1.2
2025-06-15 22:00:00,U-sonic wind dir,U-sonic wind dir,deg,16.0
2025-06-15 22:00:00,Wind gust,Wind gust,m/s,2.7
2025-06-15 21:00:00,Wind gust,Wind gust,m/s,3.6
2025-06-15 21:00:00,Precipitation,Precipitation,mm,0.0
2025-06-15 21:00:00,U-sonic wind dir,U-sonic wind dir,deg,41.0
2025-06-15 21:00:00,Solar radiation,Solar radiation,W/m2,0.0
2025-06-15 21:00:00,Solar Panel,Solar Panel,mV,0.0
2025-06-15 21:00:00,Battery,Battery,mV,6531.0
2025-06-15 21:00:00,U-sonic wind speed,U-sonic wind speed,m/s,1.7
2025-06-15 20:00:00,U-sonic wind dir,U-sonic wind dir,deg,63.0
2025-06-15 20:00:00,U-sonic wind speed,U-sonic wind speed,m/s,2.3
2025-06-15 20:00:00,Battery,Battery,mV,6531.0
2025-06-15 20:00:00,Solar radiation,Solar radiation,W/m2,0.0
2025-06-15 20:00:00,Solar Panel,Solar Panel,mV,0.0
2025-06-15 20:00:00,Precipitation,Precipitation,mm,0.0
2025-06-15 20:00:00,Wind gust,Wind gust,m/s,4.5
2025-06-15 19:00:00,U-sonic wind speed,U-sonic wind speed,m/s,1.5
2025-06-15 19:00:00,Solar Panel,Solar Panel,mV,0.0
2025-06-15 19:00:00,Battery,Battery,mV,6545.0
2025-06-15 19:00:00,Solar radiation,Solar radiation,W/m2,8.0
2025-06-15 19:00:00,Precipitation,Precipitation,mm,0.0
2025-06-15 19:00:00,Wind gust,Wind gust,m/s,4.3
2025-06-15 19:00:00,U-sonic wind dir,U-sonic wind dir,deg,86.0
2025-06-15 18:00:00,U-sonic wind dir,U-sonic wind dir,deg,44.0
2025-06-15 18:00:00,Precipitation,Precipitation,mm,0.0
2025-06-15 18:00:00,Battery,Battery,mV,6659.0
2025-06-15 18:00:00,U-sonic wind speed,U-sonic wind speed,m/s,1.4
2025-06-15 18:00:00,Solar radiation,Solar radiation,W/m2,51.0
2025-06-15 18:00:00,Solar Panel,Solar Panel,mV,4390.0
2025-06-15 18:00:00,Wind gust,Wind gust,m/s,3.4
2025-06-15 17:00:00,U-sonic wind dir,U-sonic wind dir,deg,116.0
2025-06-15 17:00:00,Solar Panel,Solar Panel,mV,6925.0
2025-06-15 17:00:00,Solar radiation,Solar radiation,W/m2,73.0
2025-06-15 17:00:00,Precipitation,Precipitation,mm,0.0
2025-06-15 17:00:00,Battery,Battery,mV,6719.0
2025-06-15 17:00:00,U-sonic wind speed,U-sonic wind speed,m/s,2.6
2025-06-15 17:00:00,Wind gust,Wind gust,m/s,4.6
2025-06-15 16:00:00,Wind gust,Wind gust,m/s,5.4
2025-06-15 16:00:00,U-sonic wind speed,U-sonic wind speed,m/s,2.5
2025-06-15 16:00:00,U-sonic wind dir,U-sonic wind dir,deg,112.0
2025-06-15 16:00:00,Battery,Battery,mV,6778.0
2025-06-15 16:00:00,Precipitation,Precipitation,mm,0.0
2025-06-15 16:00:00,Solar Panel,Solar Panel,mV,7007.0
2025-06-15 16:00:00,Solar radiation,Solar radiation,W/m2,307.0
2025-06-15 15:00:00,U-sonic wind speed,U-sonic wind speed,m/s,2.8
2025-06-15 15:00:00,Solar radiation,Solar radiation,W/m2,340.0
2025-06-15 15:00:00,Precipitation,Precipitation,mm,0.0
2025-06-15 15:00:00,U-sonic wind dir,U-sonic wind dir,deg,88.0
2025-06-15 15:00:00,Solar Panel,Solar Panel,mV,8220.0
2025-06-15 15:00:00,Wind gust,Wind gust,m/s,5.7
2025-06-15 15:00:00,Battery,Battery,mV,6781.0
2025-06-15 14:00:00,Battery,Battery,mV,6827.0
2025-06-15 14:00:00,Solar radiation,Solar radiation,W/m2,858.0
2025-06-15 14:00:00,Solar Panel,Solar Panel,mV,8948.0
2025-06-15 14:00:00,Precipitation,Precipitation,mm,0.0
2025-06-15 14:00:00,U-sonic wind speed,U-sonic wind speed,m/s,2.5
2025-06-15 14:00:00,U-sonic wind dir,U-sonic wind dir,deg,117.0
2025-06-15 14:00:00,Wind gust,Wind gust,m/s,5.3
2025-06-15 13:00:00,Wind gust,Wind gust,m/s,5.8
2025-06-15 13:00:00,Solar radiation,Solar radiation,W/m2,1000.0
2025-06-15 13:00:00,U-sonic wind dir,U-sonic wind dir,deg,132.0
2025-06-15 13:00:00,Solar Panel,Solar Panel,mV,9749.0
2025-06-15 13:00:00,Precipitation,Precipitation,mm,0.0
2025-06-15 13:00:00,Battery,Battery,mV,6801.0
2025-06-15 13:00:00,U-sonic wind speed,U-sonic wind speed,m/s,2.1
2025-06-15 12:00:00,Solar radiation,Solar radiation,W/m2,1045.0
2025-06-15 12:00:00,Wind gust,Wind gust,m/s,5.4
2025-06-15 12:00:00,U-sonic wind dir,U-sonic wind dir,deg,33.0
2025-06-15 12:00:00,U-sonic wind speed,U-sonic wind speed,m/s,1.8
2025-06-15 12:00:00,Battery,Battery,mV,6798.0
2025-06-15 12:00:00,Solar Panel,Solar Panel,mV,9844.0
2025-06-15 12:00:00,Precipitation,Precipitation,mm,0.0
2025-06-15 11:00:00,Solar radiation,Solar radiation,W/m2,1024.0
2025-06-15 11:00:00,Precipitation,Precipitation,mm,0.0
2025-06-15 11:00:00,Battery,Battery,mV,6801.0
2025-06-15 11:00:00,U-sonic wind speed,U-sonic wind speed,m/s,1.5
2025-06-15 11:00:00,U-sonic wind dir,U-sonic wind dir,deg,125.0
2025-06-15 11:00:00,Wind gust,Wind gust,m/s,4.3
2025-06-15 11:00:00,Solar Panel,Solar Panel,mV,9902.0
2025-06-15 10:00:00,Wind gust,Wind gust,m/s,3.1
2025-06-15 10:00:00,U-sonic wind dir,U-sonic wind dir,deg,77.0
2025-06-15 10:00:00,Solar Panel,Solar Panel,mV,9864.0
2025-06-15 10:00:00,U-sonic wind speed,U-sonic wind speed,m/s,1.4
2025-06-15 10:00:00,Battery,Battery,mV,6801.0
2025-06-15 10:00:00,Precipitation,Precipitation,mm,0.0
2025-06-15 10:00:00,Solar radiation,Solar radiation,W/m2,930.0
2025-06-15 09:00:00,Precipitation,Precipitation,mm,0.0
2025-06-15 09:00:00,Solar radiation,Solar radiation,W/m2,792.0
2025-06-15 09:00:00,U-sonic wind speed,U-sonic wind speed,m/s,1.0
2025-06-15 09:00:00,Solar Panel,Solar Panel,mV,9835.0
2025-06-15 09:00:00,U-sonic wind dir,U-sonic wind dir,deg,34.0
2025-06-15 09:00:00,Battery,Battery,mV,6798.0
2025-06-15 09:00:00,Wind gust,Wind gust,m/s,2.3
2025-06-15 08:00:00,U-sonic wind speed,U-sonic wind speed,m/s,0.9
2025-06-15 08:00:00,U-sonic wind dir,U-sonic wind dir,deg,57.0
2025-06-15 08:00:00,Wind gust,Wind gust,m/s,2.7
2025-06-15 08:00:00,Solar radiation,Solar radiation,W/m2,618.0
2025-06-15 08:00:00,Solar Panel,Solar Panel,mV,9811.0
2025-06-15 08:00:00,Precipitation,Precipitation,mm,0.0
2025-06-15 08:00:00,Battery,Battery,mV,6798.0
2025-06-15 07:00:00,Precipitation,Precipitation,mm,0.0
2025-06-15 07:00:00,Solar Panel,Solar Panel,mV,9499.0
2025-06-15 07:00:00,Wind gust,Wind gust,m/s,19.0
2025-06-15 07:00:00,U-sonic wind dir,U-sonic wind dir,deg,48.0
2025-06-15 07:00:00,U-sonic wind speed,U-sonic wind speed,m/s,2.5
2025-06-15 07:00:00,Solar radiation,Solar radiation,W/m2,422.0
2025-06-15 07:00:00,Battery,Battery,mV,6796.0
2025-06-15 06:00:00,Solar Panel,Solar Panel,mV,8440.0
2025-06-15 06:00:00,Wind gust,Wind gust,m/s,0.9
2025-06-15 06:00:00,Solar radiation,Solar radiation,W/m2,211.0
2025-06-15 06:00:00,Precipitation,Precipitation,mm,0.0
2025-06-15 06:00:00,Battery,Battery,mV,6781.0
2025-06-15 06:00:00,U-sonic wind speed,U-sonic wind speed,m/s,0.3
2025-06-15 06:00:00,U-sonic wind dir,U-sonic wind dir,deg,119.0
2025-06-15 05:00:00,Solar Panel,Solar Panel,mV,6786.0
2025-06-15 05:00:00,Solar radiation,Solar radiation,W/m2,18.0
2025-06-15 05:00:00,Wind gust,Wind gust,m/s,0.8
2025-06-15 05:00:00,U-sonic wind dir,U-sonic wind dir,deg,12.0
2025-06-15 05:00:00,U-sonic wind speed,U-sonic wind speed,m/s,0.3
2025-06-15 05:00:00,Battery,Battery,mV,6556.0
2025-06-15 05:00:00,Precipitation,Precipitation,mm,0.0
2025-06-15 04:00:00,Precipitation,Precipitation,mm,0.0
2025-06-15 04:00:00,Solar radiation,Solar radiation,W/m2,0.0
2025-06-15 04:00:00,Wind gust,Wind gust,m/s,21.5
2025-06-15 04:00:00,U-sonic wind dir,U-sonic wind dir,deg,298.0
2025-06-15 04:00:00,U-sonic wind speed,U-sonic wind speed,m/s,2.0
2025-06-15 04:00:00,Battery,Battery,mV,6491.0
2025-06-15 04:00:00,Solar Panel,Solar Panel,mV,0.0
2025-06-15 03:00:00,Wind gust,Wind gust,m/s,26.1
2025-06-15 03:00:00,U-sonic wind dir,U-sonic wind dir,deg,203.0
2025-06-15 03:00:00,U-sonic wind speed,U-sonic wind speed,m/s,10.0
2025-06-15 03:00:00,Battery,Battery,mV,6488.0
2025-06-15 03:00:00,Precipitation,Precipitation,mm,0.0
2025-06-15 03:00:00,Solar Panel,Solar Panel,mV,0.0
2025-06-15 03:00:00,Solar radiation,Solar radiation,W/m2,0.0
2025-06-15 02:00:00,Precipitation,Precipitation,mm,0.0
2025-06-15 02:00:00,Solar Panel,Solar Panel,mV,0.0
2025-06-15 02:00:00,Solar radiation,Solar radiation,W/m2,0.0
2025-06-15 02:00:00,U-sonic wind dir,U-sonic wind dir,deg,18.0
2025-06-15 02:00:00,U-sonic wind speed,U-sonic wind speed,m/s,0.3
2025-06-15 02:00:00,Battery,Battery,mV,6496.0
2025-06-15 02:00:00,Wind gust,Wind gust,m/s,0.7
2025-06-15 01:00:00,Battery,Battery,mV,6502.0
2025-06-15 01:00:00,Precipitation,Precipitation,mm,0.0
2025-06-15 01:00:00,Wind gust,Wind gust,m/s,0.9
2025-06-15 01:00:00,Solar radiation,Solar radiation,W/m2,0.0
2025-06-15 01:00:00,Solar Panel,Solar Panel,mV,0.0
2025-06-15 01:00:00,U-sonic wind dir,U-sonic wind dir,deg,29.0
2025-06-15 01:00:00,U-sonic wind speed,U-sonic wind speed,m/s,0.3
2025-06-15 00:00:00,U-sonic wind speed,U-sonic wind speed,m/s,0.8
2025-06-15 00:00:00,U-sonic wind dir,U-sonic wind dir,deg,22.0
2025-06-15 00:00:00,Solar radiation,Solar radiation,W/m2,0.0
2025-06-15 00:00:00,Solar Panel,Solar Panel,mV,0.0
2025-06-15 00:00:00,Precipitation,Precipitation,mm,0.0
2025-06-15 00:00:00,Wind gust,Wind gust,m/s,1.7
2025-06-15 00:00:00,Battery,Battery,mV,6499.0
2025-06-14 23:00:00,Solar Panel,Solar Panel,mV,0.0
2025-06-14 23:00:00,Solar radiation,Solar radiation,W/m2,0.0
2025-06-14 23:00:00,Precipitation,Precipitation,mm,0.0
2025-06-14 23:00:00,Battery,Battery,mV,6502.0
2025-06-14 23:00:00,U-sonic wind speed,U-sonic wind speed,m/s,1.3
2025-06-14 23:00:00,U-sonic wind dir,U-sonic wind dir,deg,26.0
2025-06-14 23:00:00,Wind gust,Wind gust,m/s,2.6
2025-06-14 22:00:00,U-sonic wind speed,U-sonic wind speed,m/s,3.6
2025-06-14 22:00:00,Precipitation,Precipitation,mm,0.0
2025-06-14 22:00:00,U-sonic wind dir,U-sonic wind dir,deg,34.0
2025-06-14 22:00:00,Wind gust,Wind gust,m/s,24.2
2025-06-14 22:00:00,Solar Panel,Solar Panel,mV,0.0
2025-06-14 22:00:00,Solar radiation,Solar radiation,W/m2,0.0
2025-06-14 22:00:00,Battery,Battery,mV,6514.0
2025-06-14 21:00:00,Solar Panel,Solar Panel,mV,0.0
2025-06-14 21:00:00,Wind gust,Wind gust,m/s,4.0
2025-06-14 21:00:00,U-sonic wind dir,U-sonic wind dir,deg,58.0
2025-06-14 21:00:00,U-sonic wind speed,U-sonic wind speed,m/s,1.8
2025-06-14 21:00:00,Battery,Battery,mV,6522.0
2025-06-14 21:00:00,Precipitation,Precipitation,mm,0.0
2025-06-14 21:00:00,Solar radiation,Solar radiation,W/m2,0.0
2025-06-14 20:00:00,Battery,Battery,mV,6534.0
2025-06-14 20:00:00,U-sonic wind speed,U-sonic wind speed,m/s,2.3
2025-06-14 20:00:00,Solar radiation,Solar radiation,W/m2,0.0
2025-06-14 20:00:00,Wind gust,Wind gust,m/s,5.1
2025-06-14 20:00:00,Solar Panel,Solar Panel,mV,0.0
2025-06-14 20:00:00,Precipitation,Precipitation,mm,0.0
2025-06-14 20:00:00,U-sonic wind dir,U-sonic wind dir,deg,76.0
2025-06-14 19:00:00,Solar Panel,Solar Panel,mV,0.0
2025-06-14 19:00:00,U-sonic wind speed,U-sonic wind speed,m/s,2.7
2025-06-14 19:00:00,Battery,Battery,mV,6545.0
2025-06-14 19:00:00,Wind gust,Wind gust,m/s,13.0
2025-06-14 19:00:00,U-sonic wind dir,U-sonic wind dir,deg,58.0
2025-06-14 19:00:00,Precipitation,Precipitation,mm,0.0
2025-06-14 19:00:00,Solar radiation,Solar radiation,W/m2,5.0
2025-06-14 18:00:00,Solar radiation,Solar radiation,W/m2,46.0
2025-06-14 18:00:00,Wind gust,Wind gust,m/s,6.7
2025-06-14 18:00:00,Solar Panel,Solar Panel,mV,2847.0
2025-06-14 18:00:00,Precipitation,Precipitation,mm,0.0
2025-06-14 18:00:00,Battery,Battery,mV,6573.0
2025-06-14 18:00:00,U-sonic wind speed,U-sonic wind speed,m/s,3.8
2025-06-14 18:00:00,U-sonic wind dir,U-sonic wind dir,deg,106.0
2025-06-14 17:00:00,Solar Panel,Solar Panel,mV,6973.0
2025-06-14 17:00:00,Solar radiation,Solar radiation,W/m2,74.0
2025-06-14 17:00:00,Wind gust,Wind gust,m/s,7.3
2025-06-14 17:00:00,U-sonic wind dir,U-sonic wind dir,deg,115.0
2025-06-14 17:00:00,U-sonic wind speed,U-sonic wind speed,m/s,3.0
2025-06-14 17:00:00,Battery,Battery,mV,6781.0
2025-06-14 17:00:00,Precipitation,Precipitation,mm,0.0
2025-06-14 16:00:00,U-sonic wind dir,U-sonic wind dir,deg,69.0
2025-06-14 16:00:00,Solar radiation,Solar radiation,W/m2,333.0
2025-06-14 16:00:00,Precipitation,Precipitation,mm,0.0
2025-06-14 16:00:00,Battery,Battery,mV,6770.0
2025-06-14 16:00:00,U-sonic wind speed,U-sonic wind speed,m/s,2.2
2025-06-14 16:00:00,Solar Panel,Solar Panel,mV,7922.0
2025-06-14 16:00:00,Wind gust,Wind gust,m/s,5.2
2025-06-14 15:00:00,Solar Panel,Solar Panel,mV,9490.0
2025-06-14 15:00:00,Wind gust,Wind gust,m/s,6.8
2025-06-14 15:00:00,U-sonic wind dir,U-sonic wind dir,deg,68.0
2025-06-14 15:00:00,U-sonic wind speed,U-sonic wind speed,m/s,2.4
2025-06-14 15:00:00,Battery,Battery,mV,6841.0
2025-06-14 15:00:00,Precipitation,Precipitation,mm,0.0
2025-06-14 15:00:00,Solar radiation,Solar radiation,W/m2,405.0
2025-06-14 14:00:00,Battery,Battery,mV,6841.0
2025-06-14 14:00:00,Solar Panel,Solar Panel,mV,9164.0
2025-06-14 14:00:00,U-sonic wind speed,U-sonic wind speed,m/s,2.5
2025-06-14 14:00:00,U-sonic wind dir,U-sonic wind dir,deg,113.0
2025-06-14 14:00:00,Wind gust,Wind gust,m/s,5.1
2025-06-14 14:00:00,Solar radiation,Solar radiation,W/m2,682.0
2025-06-14 14:00:00,Precipitation,Precipitation,mm,0.0
2025-06-14 13:00:00,Solar radiation,Solar radiation,W/m2,991.0
2025-06-14 13:00:00,U-sonic wind speed,U-sonic wind speed,m/s,2.0
2025-06-14 13:00:00,Battery,Battery,mV,6796.0
2025-06-14 13:00:00,Precipitation,Precipitation,mm,0.0
2025-06-14 13:00:00,Solar Panel,Solar Panel,mV,9825.0
2025-06-14 13:00:00,Wind gust,Wind gust,m/s,5.2
2025-06-14 13:00:00,U-sonic wind dir,U-sonic wind dir,deg,118.0
2025-06-14 12:00:00,Solar radiation,Solar radiation,W/m2,1057.0
2025-06-14 12:00:00,Solar Panel,Solar Panel,mV,9888.0
2025-06-14 12:00:00,Precipitation,Precipitation,mm,0.0
2025-06-14 12:00:00,Battery,Battery,mV,6801.0
2025-06-14 12:00:00,U-sonic wind speed,U-sonic wind speed,m/s,1.7
2025-06-14 12:00:00,U-sonic wind dir,U-sonic wind dir,deg,139.0
2025-06-14 12:00:00,Wind gust,Wind gust,m/s,4.7
2025-06-14 11:00:00,Solar radiation,Solar radiation,W/m2,1028.0
2025-06-14 11:00:00,U-sonic wind dir,U-sonic wind dir,deg,171.0
2025-06-14 11:00:00,U-sonic wind speed,U-sonic wind speed,m/s,1.7
2025-06-14 11:00:00,Battery,Battery,mV,6804.0
2025-06-14 11:00:00,Precipitation,Precipitation,mm,0.0
2025-06-14 11:00:00,Wind gust,Wind gust,m/s,4.5
2025-06-14 11:00:00,Solar Panel,Solar Panel,mV,9926.0
2025-06-14 10:00:00,U-sonic wind dir,U-sonic wind dir,deg,116.0
2025-06-14 10:00:00,Battery,Battery,mV,6804.0
2025-06-14 10:00:00,Precipitation,Precipitation,mm,0.0
2025-06-14 10:00:00,Solar Panel,Solar Panel,mV,9912.0
2025-06-14 10:00:00,Solar radiation,Solar radiation,W/m2,938.0
2025-06-14 10:00:00,Wind gust,Wind gust,m/s,3.7
2025-06-14 10:00:00,U-sonic wind speed,U-sonic wind speed,m/s,1.5
2025-06-14 09:00:00,Solar radiation,Solar radiation,W/m2,797.0
2025-06-14 09:00:00,Wind gust,Wind gust,m/s,3.4
2025-06-14 09:00:00,U-sonic wind dir,U-sonic wind dir,deg,63.0
2025-06-14 09:00:00,U-sonic wind speed,U-sonic wind speed,m/s,1.2
2025-06-14 09:00:00,Solar Panel,Solar Panel,mV,9936.0
2025-06-14 09:00:00,Precipitation,Precipitation,mm,0.0
2025-06-14 09:00:00,Battery,Battery,mV,6810.0
2025-06-14 08:00:00,U-sonic wind speed,U-sonic wind speed,m/s,1.0
2025-06-14 08:00:00,U-sonic wind dir,U-sonic wind dir,deg,77.0
2025-06-14 08:00:00,Wind gust,Wind gust,m/s,2.1
2025-06-14 08:00:00,Solar radiation,Solar radiation,W/m2,622.0
2025-06-14 08:00:00,Precipitation,Precipitation,mm,0.0
2025-06-14 08:00:00,Solar Panel,Solar Panel,mV,9854.0
2025-06-14 08:00:00,Battery,Battery,mV,6804.0
2025-06-14 07:00:00,Wind gust,Wind gust,m/s,1.4
2025-06-14 07:00:00,Battery,Battery,mV,6801.0
2025-06-14 07:00:00,Precipitation,Precipitation,mm,0.0
2025-06-14 07:00:00,Solar Panel,Solar Panel,mV,9667.0
2025-06-14 07:00:00,Solar radiation,Solar radiation,W/m2,427.0
2025-06-14 07:00:00,U-sonic wind speed,U-sonic wind speed,m/s,0.5
2025-06-14 07:00:00,U-sonic wind dir,U-sonic wind dir,deg,53.0
2025-06-14 06:00:00,U-sonic wind speed,U-sonic wind speed,m/s,0.3
2025-06-14 06:00:00,Battery,Battery,mV,6790.0
2025-06-14 06:00:00,U-sonic wind dir,U-sonic wind dir,deg,159.0
2025-06-14 06:00:00,Precipitation,Precipitation,mm,0.0
2025-06-14 06:00:00,Solar Panel,Solar Panel,mV,8876.0
2025-06-14 06:00:00,Solar radiation,Solar radiation,W/m2,214.0
2025-06-14 06:00:00,Wind gust,Wind gust,m/s,0.8
2025-06-14 05:00:00,Solar Panel,Solar Panel,mV,6796.0
2025-06-14 05:00:00,Battery,Battery,mV,6565.0
2025-06-14 05:00:00,U-sonic wind speed,U-sonic wind speed,m/s,0.4
2025-06-14 05:00:00,U-sonic wind dir,U-sonic wind dir,deg,38.0
2025-06-14 05:00:00,Wind gust,Wind gust,m/s,2.3
2025-06-14 05:00:00,Solar radiation,Solar radiation,W/m2,20.0
2025-06-14 05:00:00,Precipitation,Precipitation,mm,0.0
2025-06-14 04:00:00,Wind gust,Wind gust,m/s,0.9
2025-06-14 04:00:00,U-sonic wind dir,U-sonic wind dir,deg,15.0
2025-06-14 04:00:00,U-sonic wind speed,U-sonic wind speed,m/s,0.4
2025-06-14 04:00:00,Battery,Battery,mV,6491.0
2025-06-14 04:00:00,Precipitation,Precipitation,mm,0.0
2025-06-14 04:00:00,Solar Panel,Solar Panel,mV,0.0
2025-06-14 04:00:00,Solar radiation,Solar radiation,W/m2,0.0
2025-06-14 03:00:00,Wind gust,Wind gust,m/s,1.0
2025-06-14 03:00:00,Solar radiation,Solar radiation,W/m2,0.0
2025-06-14 03:00:00,Solar Panel,Solar Panel,mV,0.0
2025-06-14 03:00:00,Precipitation,Precipitation,mm,0.0
2025-06-14 03:00:00,Battery,Battery,mV,6496.0
2025-06-14 03:00:00,U-sonic wind speed,U-sonic wind speed,m/s,0.5
2025-06-14 03:00:00,U-sonic wind dir,U-sonic wind dir,deg,23.0
2025-06-14 02:00:00,Solar Panel,Solar Panel,mV,0.0
2025-06-14 02:00:00,Solar radiation,Solar radiation,W/m2,0.0
2025-06-14 02:00:00,Battery,Battery,mV,6499.0
2025-06-14 02:00:00,Precipitation,Precipitation,mm,0.0
2025-06-14 02:00:00,U-sonic wind speed,U-sonic wind speed,m/s,0.3
2025-06-14 02:00:00,U-sonic wind dir,U-sonic wind dir,deg,316.0
2025-06-14 02:00:00,Wind gust,Wind gust,m/s,1.0
2025-06-14 01:00:00,Battery,Battery,mV,6499.0
2025-06-14 01:00:00,U-sonic wind speed,U-sonic wind speed,m/s,0.6
2025-06-14 01:00:00,Wind gust,Wind gust,m/s,1.5
2025-06-14 01:00:00,U-sonic wind dir,U-sonic wind dir,deg,3.0
2025-06-14 01:00:00,Solar radiation,Solar radiation,W/m2,0.0
2025-06-14 01:00:00,Solar Panel,Solar Panel,mV,0.0
2025-06-14 01:00:00,Precipitation,Precipitation,mm,0.0
2025-06-14 00:00:00,U-sonic wind speed,U-sonic wind speed,m/s,0.4
2025-06-14 00:00:00,U-sonic wind dir,U-sonic wind dir,deg,218.0
2025-06-14 00:00:00,Wind gust,Wind gust,m/s,1.4
2025-06-14 00:00:00,Solar radiation,Solar radiation,W/m2,0.0
2025-06-14 00:00:00,Solar Panel,Solar Panel,mV,0.0
2025-06-14 00:00:00,Precipitation,Precipitation,mm,0.0
2025-06-14 00:00:00,Battery,Battery,mV,6508.0
2025-06-13 23:00:00,Precipitation,Precipitation,mm,0.0
2025-06-13 23:00:00,Solar Panel,Solar Panel,mV,0.0
2025-06-13 23:00:00,Solar radiation,Solar radiation,W/m2,0.0
2025-06-13 23:00:00,Battery,Battery,mV,6511.0
2025-06-13 23:00:00,U-sonic wind speed,U-sonic wind speed,m/s,1.0
2025-06-13 23:00:00,U-sonic wind dir,U-sonic wind dir,deg,33.0
2025-06-13 23:00:00,Wind gust,Wind gust,m/s,2.3
2025-06-13 22:00:00,Wind gust,Wind gust,m/s,24.5
2025-06-13 22:00:00,U-sonic wind dir,U-sonic wind dir,deg,22.0
2025-06-13 22:00:00,Precipitation,Precipitation,mm,0.0
2025-06-13 22:00:00,Battery,Battery,mV,6519.0
2025-06-13 22:00:00,Solar Panel,Solar Panel,mV,0.0
2025-06-13 22:00:00,Solar radiation,Solar radiation,W/m2,0.0
2025-06-13 22:00:00,U-sonic wind speed,U-sonic wind speed,m/s,6.0
2025-06-13 21:00:00,Battery,Battery,mV,6528.0
2025-06-13 21:00:00,Precipitation,Precipitation,mm,0.0
2025-06-13 21:00:00,Solar Panel,Solar Panel,mV,0.0
2025-06-13 21:00:00,Solar radiation,Solar radiation,W/m2,0.0
2025-06-13 21:00:00,Wind gust,Wind gust,m/s,25.8
2025-06-13 21:00:00,U-sonic wind dir,U-sonic wind dir,deg,50.0
2025-06-13 21:00:00,U-sonic wind speed,U-sonic wind speed,m/s,10.9
2025-06-13 20:00:00,Solar Panel,Solar Panel,mV,0.0
2025-06-13 20:00:00,Battery,Battery,mV,6531.0
2025-06-13 20:00:00,Solar radiation,Solar radiation,W/m2,0.0
2025-06-13 20:00:00,Precipitation,Precipitation,mm,0.0
2025-06-13 20:00:00,U-sonic wind dir,U-sonic wind dir,deg,192.0
2025-06-13 20:00:00,Wind gust,Wind gust,m/s,14.9
2025-06-13 20:00:00,U-sonic wind speed,U-sonic wind speed,m/s,2.4
2025-06-13 19:00:00,Solar radiation,Solar radiation,W/m2,8.0
2025-06-13 19:00:00,Solar Panel,Solar Panel,mV,0.0
2025-06-13 19:00:00,Precipitation,Precipitation,mm,0.0
2025-06-13 19:00:00,Battery,Battery,mV,6539.0
2025-06-13 19:00:00,U-sonic wind speed,U-sonic wind speed,m/s,3.0
2025-06-13 19:00:00,U-sonic wind dir,U-sonic wind dir,deg,76.0
2025-06-13 19:00:00,Wind gust,Wind gust,m/s,6.5
2025-06-13 18:00:00,U-sonic wind dir,U-sonic wind dir,deg,90.0
2025-06-13 18:00:00,Wind gust,Wind gust,m/s,7.1
2025-06-13 18:00:00,U-sonic wind speed,U-sonic wind speed,m/s,3.2
2025-06-13 18:00:00,Battery,Battery,mV,6599.0
2025-06-13 18:00:00,Solar radiation,Solar radiation,W/m2,47.0
2025-06-13 18:00:00,Solar Panel,Solar Panel,mV,4433.0
2025-06-13 18:00:00,Precipitation,Precipitation,mm,0.0
2025-06-13 17:00:00,Battery,Battery,mV,6625.0
2025-06-13 17:00:00,U-sonic wind speed,U-sonic wind speed,m/s,3.3
2025-06-13 17:00:00,Solar radiation,Solar radiation,W/m2,70.0
2025-06-13 17:00:00,Solar Panel,Solar Panel,mV,6830.0
2025-06-13 17:00:00,U-sonic wind dir,U-sonic wind dir,deg,98.0
2025-06-13 17:00:00,Wind gust,Wind gust,m/s,6.7
2025-06-13 17:00:00,Precipitation,Precipitation,mm,0.0
2025-06-13 16:00:00,U-sonic wind dir,U-sonic wind dir,deg,80.0
2025-06-13 16:00:00,Battery,Battery,mV,6776.0
2025-06-13 16:00:00,Precipitation,Precipitation,mm,0.0
2025-06-13 16:00:00,Solar Panel,Solar Panel,mV,8009.0
2025-06-13 16:00:00,Solar radiation,Solar radiation,W/m2,302.0
2025-06-13 16:00:00,U-sonic wind speed,U-sonic wind speed,m/s,3.0
2025-06-13 16:00:00,Wind gust,Wind gust,m/s,6.2
2025-06-13 15:00:00,U-sonic wind dir,U-sonic wind dir,deg,100.0
2025-06-13 15:00:00,Wind gust,Wind gust,m/s,5.1
2025-06-13 15:00:00,Precipitation,Precipitation,mm,0.0
2025-06-13 15:00:00,Battery,Battery,mV,6773.0
2025-06-13 15:00:00,U-sonic wind speed,U-sonic wind speed,m/s,2.1
2025-06-13 15:00:00,Solar radiation,Solar radiation,W/m2,336.0
2025-06-13 15:00:00,Solar Panel,Solar Panel,mV,7975.0
2025-06-13 14:00:00,Precipitation,Precipitation,mm,0.0
2025-06-13 14:00:00,Battery,Battery,mV,6838.0
2025-06-13 14:00:00,U-sonic wind speed,U-sonic wind speed,m/s,1.8
2025-06-13 14:00:00,Solar Panel,Solar Panel,mV,8934.0
2025-06-13 14:00:00,Solar radiation,Solar radiation,W/m2,864.0
2025-06-13 14:00:00,Wind gust,Wind gust,m/s,5.0
2025-06-13 14:00:00,U-sonic wind dir,U-sonic wind dir,deg,67.0
2025-06-13 13:00:00,Solar Panel,Solar Panel,mV,9763.0
2025-06-13 13:00:00,Solar radiation,Solar radiation,W/m2,1008.0
2025-06-13 13:00:00,U-sonic wind speed,U-sonic wind speed,m/s,1.9
2025-06-13 13:00:00,U-sonic wind dir,U-sonic wind dir,deg,104.0
2025-06-13 13:00:00,Wind gust,Wind gust,m/s,5.7
2025-06-13 13:00:00,Battery,Battery,mV,6801.0
2025-06-13 13:00:00,Precipitation,Precipitation,mm,0.0
2025-06-13 12:00:00,Battery,Battery,mV,6804.0
2025-06-13 12:00:00,Solar Panel,Solar Panel,mV,9840.0
2025-06-13 12:00:00,Solar radiation,Solar radiation,W/m2,1059.0
2025-06-13 12:00:00,U-sonic wind speed,U-sonic wind speed,m/s,1.9
2025-06-13 12:00:00,U-sonic wind dir,U-sonic wind dir,deg,73.0
2025-06-13 12:00:00,Precipitation,Precipitation,mm,0.0
2025-06-13 12:00:00,Wind gust,Wind gust,m/s,5.7
2025-06-13 11:00:00,Precipitation,Precipitation,mm,0.0
2025-06-13 11:00:00,Solar Panel,Solar Panel,mV,9921.0
2025-06-13 11:00:00,Solar radiation,Solar radiation,W/m2,1032.0
2025-06-13 11:00:00,Wind gust,Wind gust,m/s,3.7
2025-06-13 11:00:00,U-sonic wind dir,U-sonic wind dir,deg,84.0
2025-06-13 11:00:00,U-sonic wind speed,U-sonic wind speed,m/s,1.4
2025-06-13 11:00:00,Battery,Battery,mV,6804.0
2025-06-13 10:00:00,Precipitation,Precipitation,mm,0.0
2025-06-13 10:00:00,U-sonic wind speed,U-sonic wind speed,m/s,1.3
2025-06-13 10:00:00,U-sonic wind dir,U-sonic wind dir,deg,143.0
2025-06-13 10:00:00,Wind gust,Wind gust,m/s,3.7
2025-06-13 10:00:00,Solar radiation,Solar radiation,W/m2,938.0
2025-06-13 10:00:00,Solar Panel,Solar Panel,mV,9936.0
2025-06-13 10:00:00,Battery,Battery,mV,6807.0
2025-06-13 09:00:00,Battery,Battery,mV,6807.0
2025-06-13 09:00:00,Precipitation,Precipitation,mm,0.0
2025-06-13 09:00:00,Solar Panel,Solar Panel,mV,9945.0
2025-06-13 09:00:00,Solar radiation,Solar radiation,W/m2,787.0
2025-06-13 09:00:00,U-sonic wind dir,U-sonic wind dir,deg,70.0
2025-06-13 09:00:00,Wind gust,Wind gust,m/s,19.7
2025-06-13 09:00:00,U-sonic wind speed,U-sonic wind speed,m/s,1.9
2025-06-13 08:00:00,Battery,Battery,mV,6801.0
2025-06-13 08:00:00,Solar Panel,Solar Panel,mV,9806.0
2025-06-13 08:00:00,Solar radiation,Solar radiation,W/m2,611.0
2025-06-13 08:00:00,U-sonic wind speed,U-sonic wind speed,m/s,4.1
2025-06-13 08:00:00,U-sonic wind dir,U-sonic wind dir,deg,69.0
2025-06-13 08:00:00,Wind gust,Wind gust,m/s,24.7
2025-06-13 08:00:00,Precipitation,Precipitation,mm,0.0
2025-06-13 07:00:00,Wind gust,Wind gust,m/s,1.5
2025-06-13 07:00:00,U-sonic wind dir,U-sonic wind dir,deg,77.0
2025-06-13 07:00:00,Solar radiation,Solar radiation,W/m2,415.0
2025-06-13 07:00:00,U-sonic wind speed,U-sonic wind speed,m/s,0.6
2025-06-13 07:00:00,Battery,Battery,mV,6804.0
2025-06-13 07:00:00,Precipitation,Precipitation,mm,0.0
2025-06-13 07:00:00,Solar Panel,Solar Panel,mV,9634.0
2025-06-13 06:00:00,U-sonic wind dir,U-sonic wind dir,deg,55.0
2025-06-13 06:00:00,Battery,Battery,mV,6796.0
2025-06-13 06:00:00,Precipitation,Precipitation,mm,0.0
2025-06-13 06:00:00,Solar Panel,Solar Panel,mV,8967.0
2025-06-13 06:00:00,Solar radiation,Solar radiation,W/m2,180.0
2025-06-13 06:00:00,Wind gust,Wind gust,m/s,28.9
2025-06-13 06:00:00,U-sonic wind speed,U-sonic wind speed,m/s,7.0
2025-06-13 05:00:00,U-sonic wind dir,U-sonic wind dir,deg,16.0
2025-06-13 05:00:00,Wind gust,Wind gust,m/s,18.2
2025-06-13 05:00:00,U-sonic wind speed,U-sonic wind speed,m/s,1.7
2025-06-13 05:00:00,Battery,Battery,mV,6571.0
2025-06-13 05:00:00,Precipitation,Precipitation,mm,0.0
2025-06-13 05:00:00,Solar Panel,Solar Panel,mV,6815.0
2025-06-13 05:00:00,Solar radiation,Solar radiation,W/m2,16.0
2025-06-13 04:00:00,U-sonic wind speed,U-sonic wind speed,m/s,3.6
2025-06-13 04:00:00,Solar radiation,Solar radiation,W/m2,0.0
2025-06-13 04:00:00,Solar Panel,Solar Panel,mV,0.0
2025-06-13 04:00:00,Precipitation,Precipitation,mm,0.0
2025-06-13 04:00:00,Battery,Battery,mV,6494.0
2025-06-13 04:00:00,Wind gust,Wind gust,m/s,17.6
2025-06-13 04:00:00,U-sonic wind dir,U-sonic wind dir,deg,291.0
2025-06-13 03:00:00,U-sonic wind dir,U-sonic wind dir,deg,15.0
2025-06-13 03:00:00,Solar radiation,Solar radiation,W/m2,0.0
2025-06-13 03:00:00,Solar Panel,Solar Panel,mV,0.0
2025-06-13 03:00:00,Precipitation,Precipitation,mm,0.0
2025-06-13 03:00:00,Battery,Battery,mV,6505.0
2025-06-13 03:00:00,U-sonic wind speed,U-sonic wind speed,m/s,6.5
2025-06-13 03:00:00,Wind gust,Wind gust,m/s,24.9
2025-06-13 02:00:00,U-sonic wind dir,U-sonic wind dir,deg,11.0
2025-06-13 02:00:00,Precipitation,Precipitation,mm,0.0
2025-06-13 02:00:00,Solar radiation,Solar radiation,W/m2,0.0
2025-06-13 02:00:00,Solar Panel,Solar Panel,mV,0.0
2025-06-13 02:00:00,Battery,Battery,mV,6502.0
2025-06-13 02:00:00,U-sonic wind speed,U-sonic wind speed,m/s,2.0
2025-06-13 02:00:00,Wind gust,Wind gust,m/s,18.4
2025-06-13 01:00:00,Wind gust,Wind gust,m/s,18.1
2025-06-13 01:00:00,Precipitation,Precipitation,mm,0.0
2025-06-13 01:00:00,Solar Panel,Solar Panel,mV,0.0
2025-06-13 01:00:00,Solar radiation,Solar radiation,W/m2,0.0
2025-06-13 01:00:00,U-sonic wind dir,U-sonic wind dir,deg,69.0
2025-06-13 01:00:00,Battery,Battery,mV,6505.0
2025-06-13 01:00:00,U-sonic wind speed,U-sonic wind speed,m/s,1.8
2025-06-13 00:00:00,Battery,Battery,mV,6508.0
2025-06-13 00:00:00,Solar radiation,Solar radiation,W/m2,0.0
2025-06-13 00:00:00,Solar Panel,Solar Panel,mV,0.0
2025-06-13 00:00:00,Precipitation,Precipitation,mm,0.0
2025-06-13 00:00:00,U-sonic wind speed,U-sonic wind speed,m/s,0.5
2025-06-13 00:00:00,U-sonic wind dir,U-sonic wind dir,deg,315.0
2025-06-13 00:00:00,Wind gust,Wind gust,m/s,1.0
2025-06-12 23:00:00,Solar Panel,Solar Panel,mV,0.0
2025-06-12 23:00:00,Wind gust,Wind gust,m/s,1.7
2025-06-12 23:00:00,U-sonic wind dir,U-sonic wind dir,deg,87.0
2025-06-12 23:00:00,U-sonic wind speed,U-sonic wind speed,m/s,0.5
2025-06-12 23:00:00,Battery,Battery,mV,6516.0
2025-06-12 23:00:00,Precipitation,Precipitation,mm,0.0
2025-06-12 23:00:00,Solar radiation,Solar radiation,W/m2,0.0
2025-06-12 22:00:00,Solar Panel,Solar Panel,mV,0.0
2025-06-12 22:00:00,Precipitation,Precipitation,mm,0.0
2025-06-12 22:00:00,Battery,Battery,mV,6525.0
2025-06-12 22:00:00,Solar radiation,Solar radiation,W/m2,0.0
2025-06-12 22:00:00,U-sonic wind speed,U-sonic wind speed,m/s,1.2
2025-06-12 22:00:00,U-sonic wind dir,U-sonic wind dir,deg,27.0
2025-06-12 22:00:00,Wind gust,Wind gust,m/s,2.4
2025-06-12 21:00:00,U-sonic wind dir,U-sonic wind dir,deg,56.0
2025-06-12 21:00:00,Solar Panel,Solar Panel,mV,0.0
2025-06-12 21:00:00,Solar radiation,Solar radiation,W/m2,0.0
2025-06-12 21:00:00,Precipitation,Precipitation,mm,0.0
2025-06-12 21:00:00,Battery,Battery,mV,6536.0
2025-06-12 21:00:00,U-sonic wind speed,U-sonic wind speed,m/s,1.2
2025-06-12 21:00:00,Wind gust,Wind gust,m/s,2.3
2025-06-12 20:00:00,U-sonic wind speed,U-sonic wind speed,m/s,1.6
2025-06-12 20:00:00,U-sonic wind dir,U-sonic wind dir,deg,60.0
2025-06-12 20:00:00,Wind gust,Wind gust,m/s,3.9
2025-06-12 20:00:00,Solar radiation,Solar radiation,W/m2,0.0
2025-06-12 20:00:00,Solar Panel,Solar Panel,mV,0.0
2025-06-12 20:00:00,Precipitation,Precipitation,mm,0.0
2025-06-12 20:00:00,Battery,Battery,mV,6539.0
2025-06-12 19:00:00,Solar Panel,Solar Panel,mV,0.0
2025-06-12 19:00:00,U-sonic wind dir,U-sonic wind dir,deg,74.0
2025-06-12 19:00:00,U-sonic wind speed,U-sonic wind speed,m/s,1.5
2025-06-12 19:00:00,Solar radiation,Solar radiation,W/m2,9.0
2025-06-12 19:00:00,Wind gust,Wind gust,m/s,3.7
2025-06-12 19:00:00,Precipitation,Precipitation,mm,0.0
2025-06-12 19:00:00,Battery,Battery,mV,6551.0
2025-06-12 18:00:00,Precipitation,Precipitation,mm,0.0
2025-06-12 18:00:00,Solar Panel,Solar Panel,mV,4366.0
2025-06-12 18:00:00,Solar radiation,Solar radiation,W/m2,53.0
2025-06-12 18:00:00,U-sonic wind speed,U-sonic wind speed,m/s,2.3
2025-06-12 18:00:00,U-sonic wind dir,U-sonic wind dir,deg,67.0
2025-06-12 18:00:00,Wind gust,Wind gust,m/s,5.7
2025-06-12 18:00:00,Battery,Battery,mV,6593.0
2025-06-12 17:00:00,U-sonic wind speed,U-sonic wind speed,m/s,2.8
2025-06-12 17:00:00,U-sonic wind dir,U-sonic wind dir,deg,48.0
2025-06-12 17:00:00,Solar radiation,Solar radiation,W/m2,81.0
2025-06-12 17:00:00,Solar Panel,Solar Panel,mV,7673.0
2025-06-12 17:00:00,Precipitation,Precipitation,mm,0.0
2025-06-12 17:00:00,Battery,Battery,mV,6773.0
2025-06-12 17:00:00,Wind gust,Wind gust,m/s,6.0
2025-06-12 16:00:00,Wind gust,Wind gust,m/s,6.3
2025-06-12 16:00:00,U-sonic wind dir,U-sonic wind dir,deg,36.0
2025-06-12 16:00:00,U-sonic wind speed,U-sonic wind speed,m/s,3.5
2025-06-12 16:00:00,Battery,Battery,mV,6781.0
2025-06-12 16:00:00,Precipitation,Precipitation,mm,0.0
2025-06-12 16:00:00,Solar Panel,Solar Panel,mV,8143.0
2025-06-12 16:00:00,Solar radiation,Solar radiation,W/m2,304.0
2025-06-12 15:00:00,Battery,Battery,mV,6793.0
2025-06-12 15:00:00,U-sonic wind speed,U-sonic wind speed,m/s,2.3
2025-06-12 15:00:00,U-sonic wind dir,U-sonic wind dir,deg,44.0
2025-06-12 15:00:00,Wind gust,Wind gust,m/s,6.1
2025-06-12 15:00:00,Precipitation,Precipitation,mm,0.0
2025-06-12 15:00:00,Solar radiation,Solar radiation,W/m2,340.0
2025-06-12 15:00:00,Solar Panel,Solar Panel,mV,8569.0
2025-06-12 14:00:00,Solar Panel,Solar Panel,mV,9681.0
2025-06-12 14:00:00,Precipitation,Precipitation,mm,0.0
2025-06-12 14:00:00,U-sonic wind dir,U-sonic wind dir,deg,46.0
2025-06-12 14:00:00,Wind gust,Wind gust,m/s,5.0
2025-06-12 14:00:00,Battery,Battery,mV,6821.0
2025-06-12 14:00:00,Solar radiation,Solar radiation,W/m2,852.0
2025-06-12 14:00:00,U-sonic wind speed,U-sonic wind speed,m/s,2.1
2025-06-12 13:00:00,U-sonic wind speed,U-sonic wind speed,m/s,1.5
2025-06-12 13:00:00,U-sonic wind dir,U-sonic wind dir,deg,70.0
2025-06-12 13:00:00,Precipitation,Precipitation,mm,0.0
2025-06-12 13:00:00,Solar Panel,Solar Panel,mV,9864.0
2025-06-12 13:00:00,Solar radiation,Solar radiation,W/m2,998.0
2025-06-12 13:00:00,Wind gust,Wind gust,m/s,4.0
2025-06-12 13:00:00,Battery,Battery,mV,6801.0
2025-06-12 12:00:00,U-sonic wind speed,U-sonic wind speed,m/s,1.5
2025-06-12 12:00:00,Precipitation,Precipitation,mm,0.0
2025-06-12 12:00:00,Battery,Battery,mV,6804.0
2025-06-12 12:00:00,U-sonic wind dir,U-sonic wind dir,deg,325.0
2025-06-12 12:00:00,Wind gust,Wind gust,m/s,4.5
2025-06-12 12:00:00,Solar radiation,Solar radiation,W/m2,1049.0
2025-06-12 12:00:00,Solar Panel,Solar Panel,mV,9868.0
2025-06-12 11:00:00,Precipitation,Precipitation,mm,0.0
2025-06-12 11:00:00,Solar radiation,Solar radiation,W/m2,1033.0
2025-06-12 11:00:00,U-sonic wind speed,U-sonic wind speed,m/s,1.8
2025-06-12 11:00:00,U-sonic wind dir,U-sonic wind dir,deg,145.0
2025-06-12 11:00:00,Wind gust,Wind gust,m/s,4.5
2025-06-12 11:00:00,Battery,Battery,mV,6801.0
2025-06-12 11:00:00,Solar Panel,Solar Panel,mV,9916.0
2025-06-12 10:00:00,Solar Panel,Solar Panel,mV,9950.0
2025-06-12 10:00:00,Solar radiation,Solar radiation,W/m2,937.0
2025-06-12 10:00:00,Precipitation,Precipitation,mm,0.0
2025-06-12 10:00:00,Battery,Battery,mV,6810.0
2025-06-12 10:00:00,U-sonic wind speed,U-sonic wind speed,m/s,1.0
2025-06-12 10:00:00,U-sonic wind dir,U-sonic wind dir,deg,123.0
2025-06-12 10:00:00,Wind gust,Wind gust,m/s,2.9
2025-06-12 09:00:00,Solar radiation,Solar radiation,W/m2,790.0
2025-06-12 09:00:00,Wind gust,Wind gust,m/s,2.6
2025-06-12 09:00:00,U-sonic wind dir,U-sonic wind dir,deg,154.0
2025-06-12 09:00:00,U-sonic wind speed,U-sonic wind speed,m/s,1.1
2025-06-12 09:00:00,Battery,Battery,mV,6807.0
2025-06-12 09:00:00,Precipitation,Precipitation,mm,0.0
2025-06-12 09:00:00,Solar Panel,Solar Panel,mV,9936.0
2025-06-12 08:00:00,Solar Panel,Solar Panel,mV,9820.0
2025-06-12 08:00:00,Wind gust,Wind gust,m/s,31.0
2025-06-12 08:00:00,U-sonic wind dir,U-sonic wind dir,deg,75.0
2025-06-12 08:00:00,U-sonic wind speed,U-sonic wind speed,m/s,2.9
2025-06-12 08:00:00,Battery,Battery,mV,6807.0
2025-06-12 08:00:00,Precipitation,Precipitation,mm,0.0
2025-06-12 08:00:00,Solar radiation,Solar radiation,W/m2,618.0
2025-06-12 07:00:00,U-sonic wind dir,U-sonic wind dir,deg,183.0
2025-06-12 07:00:00,Wind gust,Wind gust,m/s,25.8
2025-06-12 07:00:00,U-sonic wind speed,U-sonic wind speed,m/s,5.2
2025-06-12 07:00:00,Battery,Battery,mV,6804.0
2025-06-12 07:00:00,Precipitation,Precipitation,mm,0.0
2025-06-12 07:00:00,Solar Panel,Solar Panel,mV,9562.0
2025-06-12 07:00:00,Solar radiation,Solar radiation,W/m2,420.0
2025-06-12 06:00:00,Solar radiation,Solar radiation,W/m2,179.0
2025-06-12 06:00:00,Wind gust,Wind gust,m/s,31.7
2025-06-12 06:00:00,U-sonic wind dir,U-sonic wind dir,deg,58.0
2025-06-12 06:00:00,U-sonic wind speed,U-sonic wind speed,m/s,7.2
2025-06-12 06:00:00,Battery,Battery,mV,6798.0
2025-06-12 06:00:00,Precipitation,Precipitation,mm,0.0
2025-06-12 06:00:00,Solar Panel,Solar Panel,mV,8843.0
2025-06-12 05:00:00,Wind gust,Wind gust,m/s,0.9
2025-06-12 05:00:00,Solar radiation,Solar radiation,W/m2,16.0
2025-06-12 05:00:00,Solar Panel,Solar Panel,mV,6825.0
2025-06-12 05:00:00,Precipitation,Precipitation,mm,0.0
2025-06-12 05:00:00,Battery,Battery,mV,6576.0
2025-06-12 05:00:00,U-sonic wind speed,U-sonic wind speed,m/s,0.3
2025-06-12 05:00:00,U-sonic wind dir,U-sonic wind dir,deg,291.0
2025-06-12 04:00:00,Solar Panel,Solar Panel,mV,0.0
2025-06-12 04:00:00,Precipitation,Precipitation,mm,0.0
2025-06-12 04:00:00,Battery,Battery,mV,6488.0
2025-06-12 04:00:00,U-sonic wind speed,U-sonic wind speed,m/s,8.3
2025-06-12 04:00:00,U-sonic wind dir,U-sonic wind dir,deg,70.0
2025-06-12 04:00:00,Wind gust,Wind gust,m/s,20.8
2025-06-12 04:00:00,Solar radiation,Solar radiation,W/m2,0.0
2025-06-12 03:00:00,Precipitation,Precipitation,mm,0.0
2025-06-12 03:00:00,Wind gust,Wind gust,m/s,0.8
2025-06-12 03:00:00,U-sonic wind dir,U-sonic wind dir,deg,292.0
2025-06-12 03:00:00,U-sonic wind speed,U-sonic wind speed,m/s,0.3
2025-06-12 03:00:00,Battery,Battery,mV,6496.0
2025-06-12 03:00:00,Solar Panel,Solar Panel,mV,0.0
2025-06-12 03:00:00,Solar radiation,Solar radiation,W/m2,0.0
2025-06-12 02:00:00,Solar radiation,Solar radiation,W/m2,0.0
2025-06-12 02:00:00,Wind gust,Wind gust,m/s,1.3
2025-06-12 02:00:00,U-sonic wind dir,U-sonic wind dir,deg,24.0
2025-06-12 02:00:00,U-sonic wind speed,U-sonic wind speed,m/s,0.5
2025-06-12 02:00:00,Battery,Battery,mV,6496.0
2025-06-12 02:00:00,Precipitation,Precipitation,mm,0.0
2025-06-12 02:00:00,Solar Panel,Solar Panel,mV,0.0
2025-06-12 01:00:00,Wind gust,Wind gust,m/s,11.5
2025-06-12 01:00:00,Solar radiation,Solar radiation,W/m2,0.0
2025-06-12 01:00:00,Solar Panel,Solar Panel,mV,0.0
2025-06-12 01:00:00,Precipitation,Precipitation,mm,0.0
2025-06-12 01:00:00,Battery,Battery,mV,6499.0
2025-06-12 01:00:00,U-sonic wind speed,U-sonic wind speed,m/s,1.1
2025-06-12 01:00:00,U-sonic wind dir,U-sonic wind dir,deg,223.0
2025-06-12 00:00:00,Wind gust,Wind gust,m/s,1.9
2025-06-12 00:00:00,U-sonic wind speed,U-sonic wind speed,m/s,0.8
2025-06-12 00:00:00,Battery,Battery,mV,6496.0
2025-06-12 00:00:00,Precipitation,Precipitation,mm,0.0
2025-06-12 00:00:00,Solar Panel,Solar Panel,mV,0.0
2025-06-12 00:00:00,U-sonic wind dir,U-sonic wind dir,deg,3.0
2025-06-12 00:00:00,Solar radiation,Solar radiation,W/m2,0.0
2025-06-11 23:00:00,Wind gust,Wind gust,m/s,1.6
2025-06-11 23:00:00,U-sonic wind dir,U-sonic wind dir,deg,42.0
2025-06-11 23:00:00,U-sonic wind speed,U-sonic wind speed,m/s,1.0
2025-06-11 23:00:00,Battery,Battery,mV,6516.0
2025-06-11 23:00:00,Precipitation,Precipitation,mm,0.0
2025-06-11 23:00:00,Solar Panel,Solar Panel,mV,0.0
2025-06-11 23:00:00,Solar radiation,Solar radiation,W/m2,0.0
2025-06-11 22:00:00,Solar Panel,Solar Panel,mV,0.0
2025-06-11 22:00:00,Solar radiation,Solar radiation,W/m2,0.0
2025-06-11 22:00:00,U-sonic wind dir,U-sonic wind dir,deg,24.0
2025-06-11 22:00:00,Precipitation,Precipitation,mm,0.0
2025-06-11 22:00:00,Battery,Battery,mV,6516.0
2025-06-11 22:00:00,U-sonic wind speed,U-sonic wind speed,m/s,0.9
2025-06-11 22:00:00,Wind gust,Wind gust,m/s,2.0
2025-06-11 21:00:00,Solar Panel,Solar Panel,mV,0.0
2025-06-11 21:00:00,Precipitation,Precipitation,mm,0.0
2025-06-11 21:00:00,Wind gust,Wind gust,m/s,3.3
2025-06-11 21:00:00,U-sonic wind dir,U-sonic wind dir,deg,54.0
2025-06-11 21:00:00,U-sonic wind speed,U-sonic wind speed,m/s,1.4
2025-06-11 21:00:00,Battery,Battery,mV,6525.0
2025-06-11 21:00:00,Solar radiation,Solar radiation,W/m2,0.0
2025-06-11 20:00:00,Wind gust,Wind gust,m/s,3.2
2025-06-11 20:00:00,U-sonic wind speed,U-sonic wind speed,m/s,1.5
2025-06-11 20:00:00,Battery,Battery,mV,6536.0
2025-06-11 20:00:00,Precipitation,Precipitation,mm,0.0
2025-06-11 20:00:00,Solar Panel,Solar Panel,mV,0.0
2025-06-11 20:00:00,Solar radiation,Solar radiation,W/m2,0.0
2025-06-11 20:00:00,U-sonic wind dir,U-sonic wind dir,deg,98.0
2025-06-11 19:00:00,Solar Panel,Solar Panel,mV,0.0
2025-06-11 19:00:00,Solar radiation,Solar radiation,W/m2,9.0
2025-06-11 19:00:00,Precipitation,Precipitation,mm,0.0
2025-06-11 19:00:00,Battery,Battery,mV,6539.0
2025-06-11 19:00:00,U-sonic wind speed,U-sonic wind speed,m/s,1.8
2025-06-11 19:00:00,U-sonic wind dir,U-sonic wind dir,deg,83.0
2025-06-11 19:00:00,Wind gust,Wind gust,m/s,3.9
2025-06-11 18:00:00,Battery,Battery,mV,6633.0
2025-06-11 18:00:00,Precipitation,Precipitation,mm,0.0
2025-06-11 18:00:00,Solar Panel,Solar Panel,mV,4337.0
2025-06-11 18:00:00,Solar radiation,Solar radiation,W/m2,54.0
2025-06-11 18:00:00,Wind gust,Wind gust,m/s,5.0
2025-06-11 18:00:00,U-sonic wind dir,U-sonic wind dir,deg,80.0
2025-06-11 18:00:00,U-sonic wind speed,U-sonic wind speed,m/s,2.2
2025-06-11 17:00:00,Precipitation,Precipitation,mm,0.0
2025-06-11 17:00:00,Battery,Battery,mV,6650.0
2025-06-11 17:00:00,Wind gust,Wind gust,m/s,5.2
2025-06-11 17:00:00,U-sonic wind dir,U-sonic wind dir,deg,33.0
2025-06-11 17:00:00,U-sonic wind speed,U-sonic wind speed,m/s,2.2
2025-06-11 17:00:00,Solar radiation,Solar radiation,W/m2,87.0
2025-06-11 17:00:00,Solar Panel,Solar Panel,mV,6863.0
2025-06-11 16:00:00,Wind gust,Wind gust,m/s,5.6
2025-06-11 16:00:00,U-sonic wind speed,U-sonic wind speed,m/s,2.5
2025-06-11 16:00:00,U-sonic wind dir,U-sonic wind dir,deg,88.0
2025-06-11 16:00:00,Solar Panel,Solar Panel,mV,8272.0
2025-06-11 16:00:00,Precipitation,Precipitation,mm,0.0
2025-06-11 16:00:00,Battery,Battery,mV,6784.0
2025-06-11 16:00:00,Solar radiation,Solar radiation,W/m2,302.0
2025-06-11 15:00:00,Wind gust,Wind gust,m/s,4.8
2025-06-11 15:00:00,U-sonic wind speed,U-sonic wind speed,m/s,2.2
2025-06-11 15:00:00,Battery,Battery,mV,6815.0
2025-06-11 15:00:00,U-sonic wind dir,U-sonic wind dir,deg,72.0
2025-06-11 15:00:00,Solar radiation,Solar radiation,W/m2,350.0
2025-06-11 15:00:00,Precipitation,Precipitation,mm,0.0
2025-06-11 15:00:00,Solar Panel,Solar Panel,mV,9049.0
2025-06-11 14:00:00,U-sonic wind speed,U-sonic wind speed,m/s,1.8
2025-06-11 14:00:00,Wind gust,Wind gust,m/s,4.2
2025-06-11 14:00:00,U-sonic wind dir,U-sonic wind dir,deg,37.0
2025-06-11 14:00:00,Battery,Battery,mV,6801.0
2025-06-11 14:00:00,Precipitation,Precipitation,mm,0.0
2025-06-11 14:00:00,Solar Panel,Solar Panel,mV,9116.0
2025-06-11 14:00:00,Solar radiation,Solar radiation,W/m2,827.0
2025-06-11 13:00:00,Battery,Battery,mV,6798.0
2025-06-11 13:00:00,Solar radiation,Solar radiation,W/m2,980.0
2025-06-11 13:00:00,Solar Panel,Solar Panel,mV,9797.0
2025-06-11 13:00:00,Wind gust,Wind gust,m/s,3.9
2025-06-11 13:00:00,U-sonic wind dir,U-sonic wind dir,deg,157.0
2025-06-11 13:00:00,Precipitation,Precipitation,mm,0.0
2025-06-11 13:00:00,U-sonic wind speed,U-sonic wind speed,m/s,1.7
2025-06-11 12:00:00,U-sonic wind dir,U-sonic wind dir,deg,48.0
2025-06-11 12:00:00,Wind gust,Wind gust,m/s,3.9
2025-06-11 12:00:00,Solar radiation,Solar radiation,W/m2,1042.0
2025-06-11 12:00:00,Solar Panel,Solar Panel,mV,9864.0
2025-06-11 12:00:00,Precipitation,Precipitation,mm,0.0
2025-06-11 12:00:00,Battery,Battery,mV,6798.0
2025-06-11 12:00:00,U-sonic wind speed,U-sonic wind speed,m/s,1.7
2025-06-11 11:00:00,Solar radiation,Solar radiation,W/m2,1020.0
2025-06-11 11:00:00,Solar Panel,Solar Panel,mV,9902.0
2025-06-11 11:00:00,Precipitation,Precipitation,mm,0.0
2025-06-11 11:00:00,Battery,Battery,mV,6804.0
2025-06-11 11:00:00,U-sonic wind speed,U-sonic wind speed,m/s,1.7
2025-06-11 11:00:00,U-sonic wind dir,U-sonic wind dir,deg,56.0
2025-06-11 11:00:00,Wind gust,Wind gust,m/s,4.6
2025-06-11 10:00:00,U-sonic wind speed,U-sonic wind speed,m/s,1.5
2025-06-11 10:00:00,Battery,Battery,mV,6810.0
2025-06-11 10:00:00,Precipitation,Precipitation,mm,0.0
2025-06-11 10:00:00,Solar Panel,Solar Panel,mV,9959.0
2025-06-11 10:00:00,Solar radiation,Solar radiation,W/m2,930.0
2025-06-11 10:00:00,Wind gust,Wind gust,m/s,4.0
2025-06-11 10:00:00,U-sonic wind dir,U-sonic wind dir,deg,194.0
2025-06-11 09:00:00,U-sonic wind dir,U-sonic wind dir,deg,330.0
2025-06-11 09:00:00,U-sonic wind speed,U-sonic wind speed,m/s,0.9
2025-06-11 09:00:00,Solar Panel,Solar Panel,mV,9921.0
2025-06-11 09:00:00,Precipitation,Precipitation,mm,0.0
2025-06-11 09:00:00,Battery,Battery,mV,6807.0
2025-06-11 09:00:00,Wind gust,Wind gust,m/s,2.2
2025-06-11 09:00:00,Solar radiation,Solar radiation,W/m2,791.0
2025-06-11 08:00:00,Battery,Battery,mV,6801.0
2025-06-11 08:00:00,Wind gust,Wind gust,m/s,2.0
2025-06-11 08:00:00,U-sonic wind dir,U-sonic wind dir,deg,336.0
2025-06-11 08:00:00,U-sonic wind speed,U-sonic wind speed,m/s,0.7
2025-06-11 08:00:00,Precipitation,Precipitation,mm,0.0
2025-06-11 08:00:00,Solar Panel,Solar Panel,mV,9830.0
2025-06-11 08:00:00,Solar radiation,Solar radiation,W/m2,619.0
2025-06-11 07:00:00,U-sonic wind speed,U-sonic wind speed,m/s,1.3
2025-06-11 07:00:00,Precipitation,Precipitation,mm,0.0
2025-06-11 07:00:00,U-sonic wind dir,U-sonic wind dir,deg,308.0
2025-06-11 07:00:00,Solar Panel,Solar Panel,mV,9739.0
2025-06-11 07:00:00,Wind gust,Wind gust,m/s,16.1
2025-06-11 07:00:00,Solar radiation,Solar radiation,W/m2,412.0
2025-06-11 07:00:00,Battery,Battery,mV,6804.0
2025-06-11 06:00:00,Precipitation,Precipitation,mm,0.0
2025-06-11 06:00:00,Solar Panel,Solar Panel,mV,9159.0
2025-06-11 06:00:00,Wind gust,Wind gust,m/s,7.3
2025-06-11 06:00:00,U-sonic wind speed,U-sonic wind speed,m/s,0.7
2025-06-11 06:00:00,Solar radiation,Solar radiation,W/m2,198.0
2025-06-11 06:00:00,U-sonic wind dir,U-sonic wind dir,deg,75.0
2025-06-11 06:00:00,Battery,Battery,mV,6801.0
2025-06-11 05:00:00,Solar Panel,Solar Panel,mV,6815.0
2025-06-11 05:00:00,U-sonic wind speed,U-sonic wind speed,m/s,0.3
2025-06-11 05:00:00,Wind gust,Wind gust,m/s,0.6
2025-06-11 05:00:00,U-sonic wind dir,U-sonic wind dir,deg,10.0
2025-06-11 05:00:00,Battery,Battery,mV,6565.0
2025-06-11 05:00:00,Precipitation,Precipitation,mm,0.0
2025-06-11 05:00:00,Solar radiation,Solar radiation,W/m2,20.0
2025-06-11 04:00:00,Solar radiation,Solar radiation,W/m2,0.0
2025-06-11 04:00:00,Wind gust,Wind gust,m/s,0.8
2025-06-11 04:00:00,U-sonic wind dir,U-sonic wind dir,deg,2.0
2025-06-11 04:00:00,U-sonic wind speed,U-sonic wind speed,m/s,0.4
2025-06-11 04:00:00,Battery,Battery,mV,6488.0
2025-06-11 04:00:00,Precipitation,Precipitation,mm,0.0
2025-06-11 04:00:00,Solar Panel,Solar Panel,mV,0.0
2025-06-11 03:00:00,Precipitation,Precipitation,mm,0.0
2025-06-11 03:00:00,Solar Panel,Solar Panel,mV,0.0
2025-06-11 03:00:00,Wind gust,Wind gust,m/s,37.4
2025-06-11 03:00:00,Solar radiation,Solar radiation,W/m2,0.0
2025-06-11 03:00:00,U-sonic wind dir,U-sonic wind dir,deg,34.0
2025-06-11 03:00:00,U-sonic wind speed,U-sonic wind speed,m/s,14.4
2025-06-11 03:00:00,Battery,Battery,mV,6491.0
2025-06-11 02:00:00,U-sonic wind speed,U-sonic wind speed,m/s,1.5
2025-06-11 02:00:00,Wind gust,Wind gust,m/s,20.4
2025-06-11 02:00:00,Battery,Battery,mV,6491.0
2025-06-11 02:00:00,U-sonic wind dir,U-sonic wind dir,deg,3.0
2025-06-11 02:00:00,Precipitation,Precipitation,mm,0.0
2025-06-11 02:00:00,Solar Panel,Solar Panel,mV,0.0
2025-06-11 02:00:00,Solar radiation,Solar radiation,W/m2,0.0
2025-06-11 01:00:00,Solar Panel,Solar Panel,mV,0.0
2025-06-11 01:00:00,Wind gust,Wind gust,m/s,0.9
2025-06-11 01:00:00,U-sonic wind dir,U-sonic wind dir,deg,345.0
2025-06-11 01:00:00,U-sonic wind speed,U-sonic wind speed,m/s,0.5
2025-06-11 01:00:00,Battery,Battery,mV,6499.0
2025-06-11 01:00:00,Precipitation,Precipitation,mm,0.0
2025-06-11 01:00:00,Solar radiation,Solar radiation,W/m2,0.0
2025-06-11 00:00:00,Precipitation,Precipitation,mm,0.0
2025-06-11 00:00:00,U-sonic wind speed,U-sonic wind speed,m/s,0.4
2025-06-11 00:00:00,Solar radiation,Solar radiation,W/m2,0.0
2025-06-11 00:00:00,Solar Panel,Solar Panel,mV,0.0
2025-06-11 00:00:00,U-sonic wind dir,U-sonic wind dir,deg,310.0
2025-06-11 00:00:00,Wind gust,Wind gust,m/s,1.3
2025-06-11 00:00:00,Battery,Battery,mV,6499.0
2025-06-10 23:00:00,Solar Panel,Solar Panel,mV,0.0
2025-06-10 23:00:00,Solar radiation,Solar radiation,W/m2,0.0
2025-06-10 23:00:00,Wind gust,Wind gust,m/s,20.6
2025-06-10 23:00:00,U-sonic wind dir,U-sonic wind dir,deg,310.0
2025-06-10 23:00:00,U-sonic wind speed,U-sonic wind speed,m/s,5.0
2025-06-10 23:00:00,Battery,Battery,mV,6505.0
2025-06-10 23:00:00,Precipitation,Precipitation,mm,0.0
2025-06-10 22:00:00,Battery,Battery,mV,6514.0
2025-06-10 22:00:00,U-sonic wind speed,U-sonic wind speed,m/s,0.5
2025-06-10 22:00:00,U-sonic wind dir,U-sonic wind dir,deg,334.0
2025-06-10 22:00:00,Wind gust,Wind gust,m/s,1.1
2025-06-10 22:00:00,Solar radiation,Solar radiation,W/m2,0.0
2025-06-10 22:00:00,Solar Panel,Solar Panel,mV,0.0
2025-06-10 22:00:00,Precipitation,Precipitation,mm,0.0
2025-06-10 21:00:00,Solar Panel,Solar Panel,mV,0.0
2025-06-10 21:00:00,U-sonic wind speed,U-sonic wind speed,m/s,0.6
2025-06-10 21:00:00,U-sonic wind dir,U-sonic wind dir,deg,66.0
2025-06-10 21:00:00,Wind gust,Wind gust,m/s,1.7
2025-06-10 21:00:00,Solar radiation,Solar radiation,W/m2,0.0
2025-06-10 21:00:00,Battery,Battery,mV,6519.0
2025-06-10 21:00:00,Precipitation,Precipitation,mm,0.0
2025-06-10 20:00:00,Wind gust,Wind gust,m/s,2.3
2025-06-10 20:00:00,U-sonic wind speed,U-sonic wind speed,m/s,0.6
2025-06-10 20:00:00,Battery,Battery,mV,6525.0
2025-06-10 20:00:00,Precipitation,Precipitation,mm,0.0
2025-06-10 20:00:00,Solar Panel,Solar Panel,mV,0.0
2025-06-10 20:00:00,Solar radiation,Solar radiation,W/m2,0.0
2025-06-10 20:00:00,U-sonic wind dir,U-sonic wind dir,deg,195.0
2025-06-10 19:00:00,Precipitation,Precipitation,mm,0.0
2025-06-10 19:00:00,Battery,Battery,mV,6531.0
2025-06-10 19:00:00,U-sonic wind speed,U-sonic wind speed,m/s,0.5
2025-06-10 19:00:00,U-sonic wind dir,U-sonic wind dir,deg,46.0
2025-06-10 19:00:00,Wind gust,Wind gust,m/s,1.3
2025-06-10 19:00:00,Solar radiation,Solar radiation,W/m2,6.0
2025-06-10 19:00:00,Solar Panel,Solar Panel,mV,0.0
2025-06-10 18:00:00,U-sonic wind speed,U-sonic wind speed,m/s,0.8
2025-06-10 18:00:00,Solar Panel,Solar Panel,mV,4304.0
2025-06-10 18:00:00,U-sonic wind dir,U-sonic wind dir,deg,290.0
2025-06-10 18:00:00,Wind gust,Wind gust,m/s,2.8
2025-06-10 18:00:00,Battery,Battery,mV,6633.0
2025-06-10 18:00:00,Solar radiation,Solar radiation,W/m2,45.0
2025-06-10 18:00:00,Precipitation,Precipitation,mm,0.0
2025-06-10 17:00:00,U-sonic wind dir,U-sonic wind dir,deg,334.0
2025-06-10 17:00:00,U-sonic wind speed,U-sonic wind speed,m/s,2.5
2025-06-10 17:00:00,Solar radiation,Solar radiation,W/m2,70.0
2025-06-10 17:00:00,Battery,Battery,mV,6687.0
2025-06-10 17:00:00,Precipitation,Precipitation,mm,0.0
2025-06-10 17:00:00,Solar Panel,Solar Panel,mV,6901.0
2025-06-10 17:00:00,Wind gust,Wind gust,m/s,5.4
2025-06-10 16:00:00,Solar Panel,Solar Panel,mV,6892.0
2025-06-10 16:00:00,Wind gust,Wind gust,m/s,6.0
2025-06-10 16:00:00,U-sonic wind dir,U-sonic wind dir,deg,354.0
2025-06-10 16:00:00,U-sonic wind speed,U-sonic wind speed,m/s,2.9
2025-06-10 16:00:00,Battery,Battery,mV,6656.0
2025-06-10 16:00:00,Precipitation,Precipitation,mm,0.0
2025-06-10 16:00:00,Solar radiation,Solar radiation,W/m2,308.0
2025-06-10 15:00:00,Wind gust,Wind gust,m/s,5.5
2025-06-10 15:00:00,U-sonic wind dir,U-sonic wind dir,deg,331.0
2025-06-10 15:00:00,U-sonic wind speed,U-sonic wind speed,m/s,2.1
2025-06-10 15:00:00,Battery,Battery,mV,6676.0
2025-06-10 15:00:00,Precipitation,Precipitation,mm,0.0
2025-06-10 15:00:00,Solar Panel,Solar Panel,mV,6925.0
2025-06-10 15:00:00,Solar radiation,Solar radiation,W/m2,346.0
2025-06-10 14:00:00,Wind gust,Wind gust,m/s,4.4
2025-06-10 14:00:00,U-sonic wind dir,U-sonic wind dir,deg,273.0
2025-06-10 14:00:00,U-sonic wind speed,U-sonic wind speed,m/s,1.5
2025-06-10 14:00:00,Battery,Battery,mV,6830.0
2025-06-10 14:00:00,Precipitation,Precipitation,mm,0.0
2025-06-10 14:00:00,Solar Panel,Solar Panel,mV,9102.0
2025-06-10 14:00:00,Solar radiation,Solar radiation,W/m2,854.0
2025-06-10 13:00:00,Battery,Battery,mV,6804.0
2025-06-10 13:00:00,U-sonic wind dir,U-sonic wind dir,deg,3.0
2025-06-10 13:00:00,Precipitation,Precipitation,mm,0.0
2025-06-10 13:00:00,Solar Panel,Solar Panel,mV,9859.0
2025-06-10 13:00:00,Solar radiation,Solar radiation,W/m2,1006.0
2025-06-10 13:00:00,U-sonic wind speed,U-sonic wind speed,m/s,1.7
2025-06-10 13:00:00,Wind gust,Wind gust,m/s,5.0
2025-06-10 12:00:00,U-sonic wind dir,U-sonic wind dir,deg,78.0
2025-06-10 12:00:00,Wind gust,Wind gust,m/s,4.0
2025-06-10 12:00:00,Solar Panel,Solar Panel,mV,9888.0
2025-06-10 12:00:00,Precipitation,Precipitation,mm,0.0
2025-06-10 12:00:00,Solar radiation,Solar radiation,W/m2,1062.0
2025-06-10 12:00:00,Battery,Battery,mV,6798.0
2025-06-10 12:00:00,U-sonic wind speed,U-sonic wind speed,m/s,1.8
2025-06-10 11:00:00,U-sonic wind dir,U-sonic wind dir,deg,120.0
2025-06-10 11:00:00,Solar radiation,Solar radiation,W/m2,1028.0
2025-06-10 11:00:00,Solar Panel,Solar Panel,mV,9926.0
2025-06-10 11:00:00,Precipitation,Precipitation,mm,0.0
2025-06-10 11:00:00,Battery,Battery,mV,6804.0
2025-06-10 11:00:00,U-sonic wind speed,U-sonic wind speed,m/s,1.3
2025-06-10 11:00:00,Wind gust,Wind gust,m/s,3.7
2025-06-10 10:00:00,Precipitation,Precipitation,mm,0.0
2025-06-10 10:00:00,Solar Panel,Solar Panel,mV,9912.0
2025-06-10 10:00:00,Solar radiation,Solar radiation,W/m2,934.0
2025-06-10 10:00:00,Battery,Battery,mV,6807.0
2025-06-10 10:00:00,U-sonic wind speed,U-sonic wind speed,m/s,1.1
2025-06-10 10:00:00,U-sonic wind dir,U-sonic wind dir,deg,131.0
2025-06-10 10:00:00,Wind gust,Wind gust,m/s,2.8
2025-06-10 09:00:00,Precipitation,Precipitation,mm,0.0
2025-06-10 09:00:00,Wind gust,Wind gust,m/s,2.1
2025-06-10 09:00:00,U-sonic wind dir,U-sonic wind dir,deg,82.0
2025-06-10 09:00:00,U-sonic wind speed,U-sonic wind speed,m/s,1.0
2025-06-10 09:00:00,Battery,Battery,mV,6807.0
2025-06-10 09:00:00,Solar Panel,Solar Panel,mV,9945.0
2025-06-10 09:00:00,Solar radiation,Solar radiation,W/m2,791.0
2025-06-10 08:00:00,Solar radiation,Solar radiation,W/m2,617.0
2025-06-10 08:00:00,Wind gust,Wind gust,m/s,7.6
2025-06-10 08:00:00,U-sonic wind dir,U-sonic wind dir,deg,295.0
2025-06-10 08:00:00,U-sonic wind speed,U-sonic wind speed,m/s,1.0
2025-06-10 08:00:00,Battery,Battery,mV,6807.0
2025-06-10 08:00:00,Precipitation,Precipitation,mm,0.0
2025-06-10 08:00:00,Solar Panel,Solar Panel,mV,9844.0
2025-06-10 07:00:00,U-sonic wind dir,U-sonic wind dir,deg,212.0
2025-06-10 07:00:00,Solar radiation,Solar radiation,W/m2,418.0
2025-06-10 07:00:00,Solar Panel,Solar Panel,mV,9720.0
2025-06-10 07:00:00,Wind gust,Wind gust,m/s,32.8
2025-06-10 07:00:00,Precipitation,Precipitation,mm,0.0
2025-06-10 07:00:00,Battery,Battery,mV,6804.0
2025-06-10 07:00:00,U-sonic wind speed,U-sonic wind speed,m/s,6.5
2025-06-10 06:00:00,Precipitation,Precipitation,mm,0.0
2025-06-10 06:00:00,Wind gust,Wind gust,m/s,27.4
2025-06-10 06:00:00,U-sonic wind dir,U-sonic wind dir,deg,170.0
2025-06-10 06:00:00,U-sonic wind speed,U-sonic wind speed,m/s,8.5
2025-06-10 06:00:00,Battery,Battery,mV,6793.0
2025-06-10 06:00:00,Solar Panel,Solar Panel,mV,8982.0
2025-06-10 06:00:00,Solar radiation,Solar radiation,W/m2,189.0
2025-06-10 05:00:00,Solar Panel,Solar Panel,mV,6791.0
2025-06-10 05:00:00,Precipitation,Precipitation,mm,0.0
2025-06-10 05:00:00,Battery,Battery,mV,6562.0
2025-06-10 05:00:00,Solar radiation,Solar radiation,W/m2,14.0
2025-06-10 05:00:00,Wind gust,Wind gust,m/s,32.3
2025-06-10 05:00:00,U-sonic wind dir,U-sonic wind dir,deg,101.0
2025-06-10 05:00:00,U-sonic wind speed,U-sonic wind speed,m/s,15.6
2025-06-10 04:00:00,U-sonic wind speed,U-sonic wind speed,m/s,7.6
2025-06-10 04:00:00,U-sonic wind dir,U-sonic wind dir,deg,300.0
2025-06-10 04:00:00,Wind gust,Wind gust,m/s,30.7
2025-06-10 04:00:00,Solar radiation,Solar radiation,W/m2,0.0
2025-06-10 04:00:00,Solar Panel,Solar Panel,mV,0.0
2025-06-10 04:00:00,Precipitation,Precipitation,mm,0.0
2025-06-10 04:00:00,Battery,Battery,mV,6491.0
2025-06-10 03:00:00,Solar radiation,Solar radiation,W/m2,0.0
2025-06-10 03:00:00,Precipitation,Precipitation,mm,0.0
2025-06-10 03:00:00,Solar Panel,Solar Panel,mV,0.0
2025-06-10 03:00:00,Battery,Battery,mV,6491.0
2025-06-10 03:00:00,U-sonic wind speed,U-sonic wind speed,m/s,19.3
2025-06-10 03:00:00,U-sonic wind dir,U-sonic wind dir,deg,323.0
2025-06-10 03:00:00,Wind gust,Wind gust,m/s,33.4
2025-06-10 02:00:00,Solar radiation,Solar radiation,W/m2,0.0
2025-06-10 02:00:00,Wind gust,Wind gust,m/s,17.9
2025-06-10 02:00:00,Solar Panel,Solar Panel,mV,0.0
2025-06-10 02:00:00,Precipitation,Precipitation,mm,0.0
2025-06-10 02:00:00,Battery,Battery,mV,6488.0
2025-06-10 02:00:00,U-sonic wind speed,U-sonic wind speed,m/s,2.5
2025-06-10 02:00:00,U-sonic wind dir,U-sonic wind dir,deg,163.0
2025-06-10 01:00:00,Solar Panel,Solar Panel,mV,0.0
2025-06-10 01:00:00,Solar radiation,Solar radiation,W/m2,0.0
2025-06-10 01:00:00,Wind gust,Wind gust,m/s,1.1
2025-06-10 01:00:00,U-sonic wind dir,U-sonic wind dir,deg,44.0
2025-06-10 01:00:00,U-sonic wind speed,U-sonic wind speed,m/s,0.5
2025-06-10 01:00:00,Battery,Battery,mV,6505.0
2025-06-10 01:00:00,Precipitation,Precipitation,mm,0.0
2025-06-10 00:00:00,Wind gust,Wind gust,m/s,0.9
2025-06-10 00:00:00,Battery,Battery,mV,6511.0
2025-06-10 00:00:00,Precipitation,Precipitation,mm,0.0
2025-06-10 00:00:00,Solar Panel,Solar Panel,mV,0.0
2025-06-10 00:00:00,Solar radiation,Solar radiation,W/m2,0.0
2025-06-10 00:00:00,U-sonic wind dir,U-sonic wind dir,deg,29.0
2025-06-10 00:00:00,U-sonic wind speed,U-sonic wind speed,m/s,0.4
2025-06-09 23:00:00,U-sonic wind speed,U-sonic wind speed,m/s,0.6
2025-06-09 23:00:00,U-sonic wind dir,U-sonic wind dir,deg,335.0
2025-06-09 23:00:00,Solar radiation,Solar radiation,W/m2,0.0
2025-06-09 23:00:00,Solar Panel,Solar Panel,mV,0.0
2025-06-09 23:00:00,Precipitation,Precipitation,mm,0.0
2025-06-09 23:00:00,Wind gust,Wind gust,m/s,1.4
2025-06-09 23:00:00,Battery,Battery,mV,6511.0
2025-06-09 22:00:00,Battery,Battery,mV,6519.0
2025-06-09 22:00:00,Precipitation,Precipitation,mm,0.0
2025-06-09 22:00:00,U-sonic wind dir,U-sonic wind dir,deg,39.0
2025-06-09 22:00:00,Solar Panel,Solar Panel,mV,0.0
2025-06-09 22:00:00,Wind gust,Wind gust,m/s,2.1
2025-06-09 22:00:00,Solar radiation,Solar radiation,W/m2,0.0
2025-06-09 22:00:00,U-sonic wind speed,U-sonic wind speed,m/s,0.7
2025-06-09 21:00:00,U-sonic wind dir,U-sonic wind dir,deg,293.0
2025-06-09 21:00:00,Battery,Battery,mV,6525.0
2025-06-09 21:00:00,Precipitation,Precipitation,mm,0.0
2025-06-09 21:00:00,Solar Panel,Solar Panel,mV,0.0
2025-06-09 21:00:00,Solar radiation,Solar radiation,W/m2,0.0
2025-06-09 21:00:00,Wind gust,Wind gust,m/s,1.9
2025-06-09 21:00:00,U-sonic wind speed,U-sonic wind speed,m/s,0.7
2025-06-09 20:00:00,U-sonic wind speed,U-sonic wind speed,m/s,0.7
2025-06-09 20:00:00,Solar radiation,Solar radiation,W/m2,0.0
2025-06-09 20:00:00,Solar Panel,Solar Panel,mV,0.0
2025-06-09 20:00:00,Precipitation,Precipitation,mm,0.0
2025-06-09 20:00:00,Battery,Battery,mV,6525.0
2025-06-09 20:00:00,U-sonic wind dir,U-sonic wind dir,deg,329.0
2025-06-09 20:00:00,Wind gust,Wind gust,m/s,2.5
2025-06-09 19:00:00,U-sonic wind speed,U-sonic wind speed,m/s,0.8
2025-06-09 19:00:00,Battery,Battery,mV,6528.0
2025-06-09 19:00:00,Precipitation,Precipitation,mm,0.0
2025-06-09 19:00:00,Wind gust,Wind gust,m/s,2.7
2025-06-09 19:00:00,Solar Panel,Solar Panel,mV,0.0
2025-06-09 19:00:00,Solar radiation,Solar radiation,W/m2,9.0
2025-06-09 19:00:00,U-sonic wind dir,U-sonic wind dir,deg,135.0
2025-06-09 18:00:00,Wind gust,Wind gust,m/s,2.8
2025-06-09 18:00:00,U-sonic wind speed,U-sonic wind speed,m/s,1.0
2025-06-09 18:00:00,Precipitation,Precipitation,mm,0.0
2025-06-09 18:00:00,Solar Panel,Solar Panel,mV,4289.0
2025-06-09 18:00:00,Battery,Battery,mV,6656.0
2025-06-09 18:00:00,Solar radiation,Solar radiation,W/m2,52.0
2025-06-09 18:00:00,U-sonic wind dir,U-sonic wind dir,deg,291.0
2025-06-09 17:00:00,Precipitation,Precipitation,mm,0.0
2025-06-09 17:00:00,U-sonic wind speed,U-sonic wind speed,m/s,1.2
2025-06-09 17:00:00,U-sonic wind dir,U-sonic wind dir,deg,274.0
2025-06-09 17:00:00,Wind gust,Wind gust,m/s,3.0
2025-06-09 17:00:00,Solar radiation,Solar radiation,W/m2,82.0
2025-06-09 17:00:00,Solar Panel,Solar Panel,mV,6935.0
2025-06-09 17:00:00,Battery,Battery,mV,6722.0
2025-06-09 16:00:00,U-sonic wind speed,U-sonic wind speed,m/s,1.3
2025-06-09 16:00:00,Solar radiation,Solar radiation,W/m2,297.0
2025-06-09 16:00:00,Solar Panel,Solar Panel,mV,6925.0
2025-06-09 16:00:00,Precipitation,Precipitation,mm,0.0
2025-06-09 16:00:00,Battery,Battery,mV,6696.0
2025-06-09 16:00:00,U-sonic wind dir,U-sonic wind dir,deg,263.0
2025-06-09 16:00:00,Wind gust,Wind gust,m/s,3.3
2025-06-09 15:00:00,Solar radiation,Solar radiation,W/m2,334.0
2025-06-09 15:00:00,Precipitation,Precipitation,mm,0.0
2025-06-09 15:00:00,Wind gust,Wind gust,m/s,3.3
2025-06-09 15:00:00,U-sonic wind dir,U-sonic wind dir,deg,293.0
2025-06-09 15:00:00,U-sonic wind speed,U-sonic wind speed,m/s,1.4
2025-06-09 15:00:00,Battery,Battery,mV,6653.0
2025-06-09 15:00:00,Solar Panel,Solar Panel,mV,6882.0
2025-06-09 14:00:00,Solar Panel,Solar Panel,mV,8943.0
2025-06-09 14:00:00,Wind gust,Wind gust,m/s,3.4
2025-06-09 14:00:00,Battery,Battery,mV,6844.0
2025-06-09 14:00:00,U-sonic wind speed,U-sonic wind speed,m/s,1.5
2025-06-09 14:00:00,U-sonic wind dir,U-sonic wind dir,deg,285.0
2025-06-09 14:00:00,Precipitation,Precipitation,mm,0.0
2025-06-09 14:00:00,Solar radiation,Solar radiation,W/m2,837.0
2025-06-09 13:00:00,Wind gust,Wind gust,m/s,3.9
2025-06-09 13:00:00,Solar Panel,Solar Panel,mV,9797.0
2025-06-09 13:00:00,Precipitation,Precipitation,mm,0.0
2025-06-09 13:00:00,Battery,Battery,mV,6801.0
2025-06-09 13:00:00,U-sonic wind speed,U-sonic wind speed,m/s,1.5
2025-06-09 13:00:00,Solar radiation,Solar radiation,W/m2,986.0
2025-06-09 13:00:00,U-sonic wind dir,U-sonic wind dir,deg,284.0
2025-06-09 12:00:00,Solar Panel,Solar Panel,mV,9878.0
2025-06-09 12:00:00,U-sonic wind speed,U-sonic wind speed,m/s,1.8
2025-06-09 12:00:00,Solar radiation,Solar radiation,W/m2,1039.0
2025-06-09 12:00:00,U-sonic wind dir,U-sonic wind dir,deg,119.0
2025-06-09 12:00:00,Wind gust,Wind gust,m/s,4.2
2025-06-09 12:00:00,Battery,Battery,mV,6807.0
2025-06-09 12:00:00,Precipitation,Precipitation,mm,0.0
2025-06-09 11:00:00,Precipitation,Precipitation,mm,0.0
2025-06-09 11:00:00,Wind gust,Wind gust,m/s,3.5
2025-06-09 11:00:00,U-sonic wind dir,U-sonic wind dir,deg,82.0
2025-06-09 11:00:00,U-sonic wind speed,U-sonic wind speed,m/s,1.4
2025-06-09 11:00:00,Battery,Battery,mV,6801.0
2025-06-09 11:00:00,Solar Panel,Solar Panel,mV,9844.0
2025-06-09 11:00:00,Solar radiation,Solar radiation,W/m2,1015.0
2025-06-09 10:00:00,Wind gust,Wind gust,m/s,2.7
2025-06-09 10:00:00,U-sonic wind dir,U-sonic wind dir,deg,77.0
2025-06-09 10:00:00,U-sonic wind speed,U-sonic wind speed,m/s,1.1
2025-06-09 10:00:00,Battery,Battery,mV,6807.0
2025-06-09 10:00:00,Precipitation,Precipitation,mm,0.0
2025-06-09 10:00:00,Solar Panel,Solar Panel,mV,9912.0
2025-06-09 10:00:00,Solar radiation,Solar radiation,W/m2,923.0
2025-06-09 09:00:00,Wind gust,Wind gust,m/s,2.8
2025-06-09 09:00:00,Solar radiation,Solar radiation,W/m2,783.0
2025-06-09 09:00:00,Solar Panel,Solar Panel,mV,9912.0
2025-06-09 09:00:00,Precipitation,Precipitation,mm,0.0
2025-06-09 09:00:00,Battery,Battery,mV,6810.0
2025-06-09 09:00:00,U-sonic wind speed,U-sonic wind speed,m/s,0.9
2025-06-09 09:00:00,U-sonic wind dir,U-sonic wind dir,deg,237.0
2025-06-09 08:00:00,U-sonic wind speed,U-sonic wind speed,m/s,0.7
2025-06-09 08:00:00,Solar radiation,Solar radiation,W/m2,613.0
2025-06-09 08:00:00,Solar Panel,Solar Panel,mV,9806.0
2025-06-09 08:00:00,Precipitation,Precipitation,mm,0.0
2025-06-09 08:00:00,Battery,Battery,mV,6804.0
2025-06-09 08:00:00,U-sonic wind dir,U-sonic wind dir,deg,283.0
2025-06-09 08:00:00,Wind gust,Wind gust,m/s,1.6
2025-06-09 07:00:00,U-sonic wind speed,U-sonic wind speed,m/s,0.8
2025-06-09 07:00:00,Battery,Battery,mV,6801.0
2025-06-09 07:00:00,Solar Panel,Solar Panel,mV,9677.0
2025-06-09 07:00:00,Precipitation,Precipitation,mm,0.0
2025-06-09 07:00:00,Solar radiation,Solar radiation,W/m2,423.0
2025-06-09 07:00:00,Wind gust,Wind gust,m/s,7.9
2025-06-09 07:00:00,U-sonic wind dir,U-sonic wind dir,deg,286.0
2025-06-09 06:00:00,U-sonic wind speed,U-sonic wind speed,m/s,1.1
2025-06-09 06:00:00,U-sonic wind dir,U-sonic wind dir,deg,295.0
2025-06-09 06:00:00,Wind gust,Wind gust,m/s,11.5
2025-06-09 06:00:00,Solar radiation,Solar radiation,W/m2,214.0
2025-06-09 06:00:00,Solar Panel,Solar Panel,mV,9078.0
2025-06-09 06:00:00,Precipitation,Precipitation,mm,0.0
2025-06-09 06:00:00,Battery,Battery,mV,6798.0
2025-06-09 05:00:00,Solar radiation,Solar radiation,W/m2,18.0
2025-06-09 05:00:00,Solar Panel,Solar Panel,mV,6806.0
2025-06-09 05:00:00,Wind gust,Wind gust,m/s,1.0
2025-06-09 05:00:00,U-sonic wind dir,U-sonic wind dir,deg,42.0
2025-06-09 05:00:00,U-sonic wind speed,U-sonic wind speed,m/s,0.7
2025-06-09 05:00:00,Battery,Battery,mV,6568.0
2025-06-09 05:00:00,Precipitation,Precipitation,mm,0.0
2025-06-09 04:00:00,Solar radiation,Solar radiation,W/m2,0.0
2025-06-09 04:00:00,Precipitation,Precipitation,mm,0.0
2025-06-09 04:00:00,U-sonic wind speed,U-sonic wind speed,m/s,0.6
2025-06-09 04:00:00,Battery,Battery,mV,6499.0
2025-06-09 04:00:00,Solar Panel,Solar Panel,mV,0.0
2025-06-09 04:00:00,U-sonic wind dir,U-sonic wind dir,deg,42.0
2025-06-09 04:00:00,Wind gust,Wind gust,m/s,1.5
2025-06-09 03:00:00,Battery,Battery,mV,6499.0
2025-06-09 03:00:00,Solar Panel,Solar Panel,mV,0.0
2025-06-09 03:00:00,Solar radiation,Solar radiation,W/m2,0.0
2025-06-09 03:00:00,Wind gust,Wind gust,m/s,1.3
2025-06-09 03:00:00,U-sonic wind dir,U-sonic wind dir,deg,13.0
2025-06-09 03:00:00,U-sonic wind speed,U-sonic wind speed,m/s,0.3
2025-06-09 03:00:00,Precipitation,Precipitation,mm,0.0
2025-06-09 02:00:00,Wind gust,Wind gust,m/s,1.1
2025-06-09 02:00:00,Solar radiation,Solar radiation,W/m2,0.0
2025-06-09 02:00:00,Solar Panel,Solar Panel,mV,0.0
2025-06-09 02:00:00,Precipitation,Precipitation,mm,0.0
2025-06-09 02:00:00,Battery,Battery,mV,6496.0
2025-06-09 02:00:00,U-sonic wind speed,U-sonic wind speed,m/s,0.4
2025-06-09 02:00:00,U-sonic wind dir,U-sonic wind dir,deg,60.0
2025-06-09 01:00:00,Battery,Battery,mV,6505.0
2025-06-09 01:00:00,Solar radiation,Solar radiation,W/m2,0.0
2025-06-09 01:00:00,Solar Panel,Solar Panel,mV,0.0
2025-06-09 01:00:00,U-sonic wind dir,U-sonic wind dir,deg,18.0
2025-06-09 01:00:00,Wind gust,Wind gust,m/s,0.8
2025-06-09 01:00:00,U-sonic wind speed,U-sonic wind speed,m/s,0.4
2025-06-09 01:00:00,Precipitation,Precipitation,mm,0.0
2025-06-09 00:00:00,Battery,Battery,mV,6505.0
2025-06-09 00:00:00,Solar radiation,Solar radiation,W/m2,0.0
2025-06-09 00:00:00,U-sonic wind speed,U-sonic wind speed,m/s,0.3
2025-06-09 00:00:00,U-sonic wind dir,U-sonic wind dir,deg,321.0
2025-06-09 00:00:00,Wind gust,Wind gust,m/s,0.8
2025-06-09 00:00:00,Solar Panel,Solar Panel,mV,0.0
2025-06-09 00:00:00,Precipitation,Precipitation,mm,0.0
2025-06-08 23:00:00,U-sonic wind speed,U-sonic wind speed,m/s,0.3
2025-06-08 23:00:00,Precipitation,Precipitation,mm,0.0
2025-06-08 23:00:00,Solar Panel,Solar Panel,mV,0.0
2025-06-08 23:00:00,Solar radiation,Solar radiation,W/m2,0.0
2025-06-08 23:00:00,Wind gust,Wind gust,m/s,0.8
2025-06-08 23:00:00,U-sonic wind dir,U-sonic wind dir,deg,350.0
2025-06-08 23:00:00,Battery,Battery,mV,6511.0
2025-06-08 22:00:00,Precipitation,Precipitation,mm,0.0
2025-06-08 22:00:00,Solar Panel,Solar Panel,mV,0.0
2025-06-08 22:00:00,Wind gust,Wind gust,m/s,1.5
2025-06-08 22:00:00,U-sonic wind dir,U-sonic wind dir,deg,63.0
2025-06-08 22:00:00,U-sonic wind speed,U-sonic wind speed,m/s,0.8
2025-06-08 22:00:00,Battery,Battery,mV,6516.0
2025-06-08 22:00:00,Solar radiation,Solar radiation,W/m2,0.0
2025-06-08 21:00:00,Precipitation,Precipitation,mm,0.0
2025-06-08 21:00:00,Wind gust,Wind gust,m/s,1.2
2025-06-08 21:00:00,U-sonic wind dir,U-sonic wind dir,deg,41.0
2025-06-08 21:00:00,U-sonic wind speed,U-sonic wind speed,m/s,0.5
2025-06-08 21:00:00,Solar radiation,Solar radiation,W/m2,0.0
2025-06-08 21:00:00,Solar Panel,Solar Panel,mV,0.0
2025-06-08 21:00:00,Battery,Battery,mV,6528.0
2025-06-08 20:00:00,U-sonic wind speed,U-sonic wind speed,m/s,1.2
2025-06-08 20:00:00,Solar Panel,Solar Panel,mV,0.0
2025-06-08 20:00:00,Precipitation,Precipitation,mm,0.0
2025-06-08 20:00:00,Battery,Battery,mV,6539.0
2025-06-08 20:00:00,Solar radiation,Solar radiation,W/m2,0.0
2025-06-08 20:00:00,U-sonic wind dir,U-sonic wind dir,deg,18.0
2025-06-08 20:00:00,Wind gust,Wind gust,m/s,3.3
2025-06-08 19:00:00,Solar radiation,Solar radiation,W/m2,9.0
2025-06-08 19:00:00,Wind gust,Wind gust,m/s,2.8
2025-06-08 19:00:00,U-sonic wind dir,U-sonic wind dir,deg,97.0
2025-06-08 19:00:00,U-sonic wind speed,U-sonic wind speed,m/s,1.2
2025-06-08 19:00:00,Battery,Battery,mV,6531.0
2025-06-08 19:00:00,Precipitation,Precipitation,mm,0.0
2025-06-08 19:00:00,Solar Panel,Solar Panel,mV,0.0
2025-06-08 18:00:00,U-sonic wind speed,U-sonic wind speed,m/s,0.9
2025-06-08 18:00:00,Wind gust,Wind gust,m/s,2.1
2025-06-08 18:00:00,U-sonic wind dir,U-sonic wind dir,deg,285.0
2025-06-08 18:00:00,Solar radiation,Solar radiation,W/m2,46.0
2025-06-08 18:00:00,Solar Panel,Solar Panel,mV,4361.0
2025-06-08 18:00:00,Precipitation,Precipitation,mm,0.0
2025-06-08 18:00:00,Battery,Battery,mV,6662.0
2025-06-08 17:00:00,Wind gust,Wind gust,m/s,4.3
2025-06-08 17:00:00,U-sonic wind speed,U-sonic wind speed,m/s,1.9
2025-06-08 17:00:00,Battery,Battery,mV,6778.0
2025-06-08 17:00:00,Precipitation,Precipitation,mm,0.0
2025-06-08 17:00:00,Solar Panel,Solar Panel,mV,6983.0
2025-06-08 17:00:00,Solar radiation,Solar radiation,W/m2,68.0
2025-06-08 17:00:00,U-sonic wind dir,U-sonic wind dir,deg,7.0
2025-06-08 16:00:00,U-sonic wind speed,U-sonic wind speed,m/s,2.2
2025-06-08 16:00:00,Wind gust,Wind gust,m/s,5.6
2025-06-08 16:00:00,U-sonic wind dir,U-sonic wind dir,deg,6.0
2025-06-08 16:00:00,Battery,Battery,mV,6753.0
2025-06-08 16:00:00,Precipitation,Precipitation,mm,0.0
2025-06-08 16:00:00,Solar Panel,Solar Panel,mV,7975.0
2025-06-08 16:00:00,Solar radiation,Solar radiation,W/m2,297.0
2025-06-08 15:00:00,U-sonic wind dir,U-sonic wind dir,deg,310.0
2025-06-08 15:00:00,Wind gust,Wind gust,m/s,3.4
2025-06-08 15:00:00,Solar radiation,Solar radiation,W/m2,342.0
2025-06-08 15:00:00,Solar Panel,Solar Panel,mV,8061.0
2025-06-08 15:00:00,Precipitation,Precipitation,mm,0.0
2025-06-08 15:00:00,Battery,Battery,mV,6773.0
2025-06-08 15:00:00,U-sonic wind speed,U-sonic wind speed,m/s,1.4
2025-06-08 14:00:00,Battery,Battery,mV,6833.0
2025-06-08 14:00:00,Solar radiation,Solar radiation,W/m2,836.0
2025-06-08 14:00:00,Solar Panel,Solar Panel,mV,8718.0
2025-06-08 14:00:00,Precipitation,Precipitation,mm,0.0
2025-06-08 14:00:00,U-sonic wind speed,U-sonic wind speed,m/s,1.4
2025-06-08 14:00:00,U-sonic wind dir,U-sonic wind dir,deg,266.0
2025-06-08 14:00:00,Wind gust,Wind gust,m/s,4.0
2025-06-08 13:00:00,Solar radiation,Solar radiation,W/m2,988.0
2025-06-08 13:00:00,U-sonic wind speed,U-sonic wind speed,m/s,1.4
2025-06-08 13:00:00,U-sonic wind dir,U-sonic wind dir,deg,303.0
2025-06-08 13:00:00,Wind gust,Wind gust,m/s,4.0
2025-06-08 13:00:00,Battery,Battery,mV,6807.0
2025-06-08 13:00:00,Solar Panel,Solar Panel,mV,9346.0
2025-06-08 13:00:00,Precipitation,Precipitation,mm,0.0
2025-06-08 12:00:00,U-sonic wind dir,U-sonic wind dir,deg,298.0
2025-06-08 12:00:00,Battery,Battery,mV,6804.0
2025-06-08 12:00:00,Solar radiation,Solar radiation,W/m2,1032.0
2025-06-08 12:00:00,Solar Panel,Solar Panel,mV,9859.0
2025-06-08 12:00:00,Precipitation,Precipitation,mm,0.0
2025-06-08 12:00:00,Wind gust,Wind gust,m/s,4.6
2025-06-08 12:00:00,U-sonic wind speed,U-sonic wind speed,m/s,1.8
2025-06-08 11:00:00,Battery,Battery,mV,6801.0
2025-06-08 11:00:00,Wind gust,Wind gust,m/s,3.8
2025-06-08 11:00:00,U-sonic wind dir,U-sonic wind dir,deg,212.0
2025-06-08 11:00:00,U-sonic wind speed,U-sonic wind speed,m/s,1.4
2025-06-08 11:00:00,Precipitation,Precipitation,mm,0.0
2025-06-08 11:00:00,Solar Panel,Solar Panel,mV,9849.0
2025-06-08 11:00:00,Solar radiation,Solar radiation,W/m2,1010.0
2025-06-08 10:00:00,Solar Panel,Solar Panel,mV,9902.0
2025-06-08 10:00:00,Wind gust,Wind gust,m/s,3.2
2025-06-08 10:00:00,Precipitation,Precipitation,mm,0.0
2025-06-08 10:00:00,Battery,Battery,mV,6807.0
2025-06-08 10:00:00,U-sonic wind speed,U-sonic wind speed,m/s,1.2
2025-06-08 10:00:00,U-sonic wind dir,U-sonic wind dir,deg,203.0
2025-06-08 10:00:00,Solar radiation,Solar radiation,W/m2,908.0
2025-06-08 09:00:00,U-sonic wind dir,U-sonic wind dir,deg,17.0
2025-06-08 09:00:00,Solar radiation,Solar radiation,W/m2,748.0
2025-06-08 09:00:00,Solar Panel,Solar Panel,mV,9883.0
2025-06-08 09:00:00,Precipitation,Precipitation,mm,0.0
2025-06-08 09:00:00,Battery,Battery,mV,6804.0
2025-06-08 09:00:00,U-sonic wind speed,U-sonic wind speed,m/s,1.1
2025-06-08 09:00:00,Wind gust,Wind gust,m/s,2.6
2025-06-08 08:00:00,U-sonic wind speed,U-sonic wind speed,m/s,1.0
2025-06-08 08:00:00,Battery,Battery,mV,6801.0
2025-06-08 08:00:00,Precipitation,Precipitation,mm,0.0
2025-06-08 08:00:00,Solar Panel,Solar Panel,mV,9859.0
2025-06-08 08:00:00,Solar radiation,Solar radiation,W/m2,574.0
2025-06-08 08:00:00,Wind gust,Wind gust,m/s,2.4
2025-06-08 08:00:00,U-sonic wind dir,U-sonic wind dir,deg,155.0
2025-06-08 07:00:00,Wind gust,Wind gust,m/s,32.2
2025-06-08 07:00:00,Solar Panel,Solar Panel,mV,9624.0
2025-06-08 07:00:00,Precipitation,Precipitation,mm,0.0
2025-06-08 07:00:00,Battery,Battery,mV,6801.0
2025-06-08 07:00:00,U-sonic wind speed,U-sonic wind speed,m/s,10.4
2025-06-08 07:00:00,U-sonic wind dir,U-sonic wind dir,deg,152.0
2025-06-08 07:00:00,Solar radiation,Solar radiation,W/m2,386.0
2025-06-08 06:00:00,Solar radiation,Solar radiation,W/m2,195.0
2025-06-08 06:00:00,Solar Panel,Solar Panel,mV,8464.0
2025-06-08 06:00:00,Precipitation,Precipitation,mm,0.0
2025-06-08 06:00:00,Battery,Battery,mV,6787.0
2025-06-08 06:00:00,U-sonic wind speed,U-sonic wind speed,m/s,0.3
2025-06-08 06:00:00,U-sonic wind dir,U-sonic wind dir,deg,147.0
2025-06-08 06:00:00,Wind gust,Wind gust,m/s,1.0
2025-06-08 05:00:00,Wind gust,Wind gust,m/s,16.3
2025-06-08 05:00:00,Solar radiation,Solar radiation,W/m2,29.0
2025-06-08 05:00:00,U-sonic wind dir,U-sonic wind dir,deg,34.0
2025-06-08 05:00:00,U-sonic wind speed,U-sonic wind speed,m/s,1.5
2025-06-08 05:00:00,Battery,Battery,mV,6576.0
2025-06-08 05:00:00,Precipitation,Precipitation,mm,0.0
2025-06-08 05:00:00,Solar Panel,Solar Panel,mV,6820.0
2025-06-08 04:00:00,Wind gust,Wind gust,m/s,0.7
2025-06-08 04:00:00,Solar radiation,Solar radiation,W/m2,0.0
2025-06-08 04:00:00,Solar Panel,Solar Panel,mV,0.0
2025-06-08 04:00:00,Precipitation,Precipitation,mm,0.0
2025-06-08 04:00:00,Battery,Battery,mV,6502.0
2025-06-08 04:00:00,U-sonic wind speed,U-sonic wind speed,m/s,0.2
2025-06-08 04:00:00,U-sonic wind dir,U-sonic wind dir,deg,240.0
2025-06-08 03:00:00,Solar radiation,Solar radiation,W/m2,0.0
2025-06-08 03:00:00,U-sonic wind dir,U-sonic wind dir,deg,37.0
2025-06-08 03:00:00,U-sonic wind speed,U-sonic wind speed,m/s,0.3
2025-06-08 03:00:00,Battery,Battery,mV,6499.0
2025-06-08 03:00:00,Precipitation,Precipitation,mm,0.0
2025-06-08 03:00:00,Solar Panel,Solar Panel,mV,0.0
2025-06-08 03:00:00,Wind gust,Wind gust,m/s,0.8
2025-06-08 02:00:00,Solar radiation,Solar radiation,W/m2,0.0
2025-06-08 02:00:00,Solar Panel,Solar Panel,mV,0.0
2025-06-08 02:00:00,Precipitation,Precipitation,mm,0.0
2025-06-08 02:00:00,Battery,Battery,mV,6502.0
2025-06-08 02:00:00,U-sonic wind speed,U-sonic wind speed,m/s,0.2
2025-06-08 02:00:00,U-sonic wind dir,U-sonic wind dir,deg,337.0
2025-06-08 02:00:00,Wind gust,Wind gust,m/s,0.6
2025-06-08 01:00:00,Solar radiation,Solar radiation,W/m2,0.0
2025-06-08 01:00:00,Precipitation,Precipitation,mm,0.0
2025-06-08 01:00:00,Battery,Battery,mV,6502.0
2025-06-08 01:00:00,U-sonic wind speed,U-sonic wind speed,m/s,0.4
2025-06-08 01:00:00,U-sonic wind dir,U-sonic wind dir,deg,255.0
2025-06-08 01:00:00,Wind gust,Wind gust,m/s,0.7
2025-06-08 01:00:00,Solar Panel,Solar Panel,mV,0.0
2025-06-08 00:00:00,Wind gust,Wind gust,m/s,0.9
2025-06-08 00:00:00,Solar Panel,Solar Panel,mV,0.0
2025-06-08 00:00:00,Solar radiation,Solar radiation,W/m2,0.0
2025-06-08 00:00:00,U-sonic wind speed,U-sonic wind speed,m/s,0.3
2025-06-08 00:00:00,Battery,Battery,mV,6508.0
2025-06-08 00:00:00,Precipitation,Precipitation,mm,0.0
2025-06-08 00:00:00,U-sonic wind dir,U-sonic wind dir,deg,315.0
2025-06-07 23:00:00,U-sonic wind speed,U-sonic wind speed,m/s,0.3
2025-06-07 23:00:00,U-sonic wind dir,U-sonic wind dir,deg,116.0
2025-06-07 23:00:00,Precipitation,Precipitation,mm,0.0
2025-06-07 23:00:00,Wind gust,Wind gust,m/s,1.2
2025-06-07 23:00:00,Solar Panel,Solar Panel,mV,0.0
2025-06-07 23:00:00,Solar radiation,Solar radiation,W/m2,0.0
2025-06-07 23:00:00,Battery,Battery,mV,6514.0
2025-06-07 22:00:00,U-sonic wind dir,U-sonic wind dir,deg,291.0
2025-06-07 22:00:00,Solar Panel,Solar Panel,mV,0.0
2025-06-07 22:00:00,Precipitation,Precipitation,mm,0.0
2025-06-07 22:00:00,Battery,Battery,mV,6516.0
2025-06-07 22:00:00,U-sonic wind speed,U-sonic wind speed,m/s,0.4
2025-06-07 22:00:00,Wind gust,Wind gust,m/s,1.4
2025-06-07 22:00:00,Solar radiation,Solar radiation,W/m2,0.0
2025-06-07 21:00:00,Solar Panel,Solar Panel,mV,0.0
2025-06-07 21:00:00,U-sonic wind speed,U-sonic wind speed,m/s,1.0
2025-06-07 21:00:00,Battery,Battery,mV,6525.0
2025-06-07 21:00:00,Solar radiation,Solar radiation,W/m2,0.0
2025-06-07 21:00:00,Precipitation,Precipitation,mm,0.0
2025-06-07 21:00:00,U-sonic wind dir,U-sonic wind dir,deg,7.0
2025-06-07 21:00:00,Wind gust,Wind gust,m/s,2.2
2025-06-07 20:00:00,Solar Panel,Solar Panel,mV,0.0
2025-06-07 20:00:00,U-sonic wind dir,U-sonic wind dir,deg,96.0
2025-06-07 20:00:00,Precipitation,Precipitation,mm,0.0
2025-06-07 20:00:00,Solar radiation,Solar radiation,W/m2,0.0
2025-06-07 20:00:00,U-sonic wind speed,U-sonic wind speed,m/s,1.5
2025-06-07 20:00:00,Wind gust,Wind gust,m/s,4.3
2025-06-07 20:00:00,Battery,Battery,mV,6534.0
2025-06-07 19:00:00,U-sonic wind dir,U-sonic wind dir,deg,54.0
2025-06-07 19:00:00,Battery,Battery,mV,6536.0
2025-06-07 19:00:00,Precipitation,Precipitation,mm,0.0
2025-06-07 19:00:00,Solar Panel,Solar Panel,mV,0.0
2025-06-07 19:00:00,Solar radiation,Solar radiation,W/m2,17.0
2025-06-07 19:00:00,Wind gust,Wind gust,m/s,5.3
2025-06-07 19:00:00,U-sonic wind speed,U-sonic wind speed,m/s,2.0
2025-06-07 18:00:00,Wind gust,Wind gust,m/s,2.5
2025-06-07 18:00:00,Solar Panel,Solar Panel,mV,6556.0
2025-06-07 18:00:00,Precipitation,Precipitation,mm,0.0
2025-06-07 18:00:00,Battery,Battery,mV,6619.0
2025-06-07 18:00:00,U-sonic wind speed,U-sonic wind speed,m/s,0.6
2025-06-07 18:00:00,U-sonic wind dir,U-sonic wind dir,deg,289.0
2025-06-07 18:00:00,Solar radiation,Solar radiation,W/m2,81.0
2025-06-07 17:00:00,Solar radiation,Solar radiation,W/m2,106.0
2025-06-07 17:00:00,Wind gust,Wind gust,m/s,3.9
2025-06-07 17:00:00,U-sonic wind dir,U-sonic wind dir,deg,293.0
2025-06-07 17:00:00,U-sonic wind speed,U-sonic wind speed,m/s,1.2
2025-06-07 17:00:00,Battery,Battery,mV,6790.0
2025-06-07 17:00:00,Precipitation,Precipitation,mm,0.0
2025-06-07 17:00:00,Solar Panel,Solar Panel,mV,7012.0
2025-06-07 16:00:00,Battery,Battery,mV,6776.0
2025-06-07 16:00:00,Solar radiation,Solar radiation,W/m2,305.0
2025-06-07 16:00:00,Precipitation,Precipitation,mm,0.0
2025-06-07 16:00:00,Solar Panel,Solar Panel,mV,8196.0
2025-06-07 16:00:00,U-sonic wind dir,U-sonic wind dir,deg,343.0
2025-06-07 16:00:00,U-sonic wind speed,U-sonic wind speed,m/s,2.4
2025-06-07 16:00:00,Wind gust,Wind gust,m/s,5.2
2025-06-07 15:00:00,Wind gust,Wind gust,m/s,6.0
2025-06-07 15:00:00,U-sonic wind speed,U-sonic wind speed,m/s,2.5
2025-06-07 15:00:00,Battery,Battery,mV,6784.0
2025-06-07 15:00:00,Precipitation,Precipitation,mm,0.0
2025-06-07 15:00:00,U-sonic wind dir,U-sonic wind dir,deg,357.0
2025-06-07 15:00:00,Solar Panel,Solar Panel,mV,8546.0
2025-06-07 15:00:00,Solar radiation,Solar radiation,W/m2,365.0
2025-06-07 14:00:00,Precipitation,Precipitation,mm,0.0
2025-06-07 14:00:00,U-sonic wind dir,U-sonic wind dir,deg,329.0
2025-06-07 14:00:00,U-sonic wind speed,U-sonic wind speed,m/s,2.0
2025-06-07 14:00:00,Wind gust,Wind gust,m/s,5.0
2025-06-07 14:00:00,Solar Panel,Solar Panel,mV,9423.0
2025-06-07 14:00:00,Solar radiation,Solar radiation,W/m2,805.0
2025-06-07 14:00:00,Battery,Battery,mV,6833.0
2025-06-07 13:00:00,Solar radiation,Solar radiation,W/m2,951.0
2025-06-07 13:00:00,U-sonic wind dir,U-sonic wind dir,deg,298.0
2025-06-07 13:00:00,Wind gust,Wind gust,m/s,5.5
2025-06-07 13:00:00,Battery,Battery,mV,6804.0
2025-06-07 13:00:00,Precipitation,Precipitation,mm,0.0
2025-06-07 13:00:00,Solar Panel,Solar Panel,mV,9403.0
2025-06-07 13:00:00,U-sonic wind speed,U-sonic wind speed,m/s,2.0
2025-06-07 12:00:00,Solar Panel,Solar Panel,mV,9241.0
2025-06-07 12:00:00,Precipitation,Precipitation,mm,0.0
2025-06-07 12:00:00,Battery,Battery,mV,6815.0
2025-06-07 12:00:00,U-sonic wind speed,U-sonic wind speed,m/s,1.5
2025-06-07 12:00:00,U-sonic wind dir,U-sonic wind dir,deg,311.0
2025-06-07 12:00:00,Wind gust,Wind gust,m/s,3.7
2025-06-07 12:00:00,Solar radiation,Solar radiation,W/m2,1015.0
2025-06-07 11:00:00,Wind gust,Wind gust,m/s,3.0
2025-06-07 11:00:00,U-sonic wind dir,U-sonic wind dir,deg,284.0
2025-06-07 11:00:00,Battery,Battery,mV,6827.0
2025-06-07 11:00:00,Precipitation,Precipitation,mm,0.0
2025-06-07 11:00:00,Solar Panel,Solar Panel,mV,9485.0
2025-06-07 11:00:00,Solar radiation,Solar radiation,W/m2,990.0
2025-06-07 11:00:00,U-sonic wind speed,U-sonic wind speed,m/s,1.1
2025-06-07 10:00:00,Wind gust,Wind gust,m/s,2.3
2025-06-07 10:00:00,Solar Panel,Solar Panel,mV,9849.0
2025-06-07 10:00:00,Precipitation,Precipitation,mm,0.0
2025-06-07 10:00:00,Battery,Battery,mV,6804.0
2025-06-07 10:00:00,U-sonic wind speed,U-sonic wind speed,m/s,0.9
2025-06-07 10:00:00,U-sonic wind dir,U-sonic wind dir,deg,298.0
2025-06-07 10:00:00,Solar radiation,Solar radiation,W/m2,899.0
2025-06-07 09:00:00,Precipitation,Precipitation,mm,0.0
2025-06-07 09:00:00,U-sonic wind dir,U-sonic wind dir,deg,307.0
2025-06-07 09:00:00,Solar Panel,Solar Panel,mV,9897.0
2025-06-07 09:00:00,Battery,Battery,mV,6804.0
2025-06-07 09:00:00,U-sonic wind speed,U-sonic wind speed,m/s,1.0
2025-06-07 09:00:00,Wind gust,Wind gust,m/s,2.7
2025-06-07 09:00:00,Solar radiation,Solar radiation,W/m2,759.0
2025-06-07 08:00:00,U-sonic wind dir,U-sonic wind dir,deg,263.0
2025-06-07 08:00:00,Solar Panel,Solar Panel,mV,9768.0
2025-06-07 08:00:00,Solar radiation,Solar radiation,W/m2,586.0
2025-06-07 08:00:00,Precipitation,Precipitation,mm,0.0
2025-06-07 08:00:00,Battery,Battery,mV,6804.0
2025-06-07 08:00:00,U-sonic wind speed,U-sonic wind speed,m/s,0.9
2025-06-07 08:00:00,Wind gust,Wind gust,m/s,2.1
2025-06-07 07:00:00,Solar radiation,Solar radiation,W/m2,396.0
2025-06-07 07:00:00,Wind gust,Wind gust,m/s,32.0
2025-06-07 07:00:00,U-sonic wind dir,U-sonic wind dir,deg,257.0
2025-06-07 07:00:00,U-sonic wind speed,U-sonic wind speed,m/s,7.7
2025-06-07 07:00:00,Battery,Battery,mV,6796.0
2025-06-07 07:00:00,Precipitation,Precipitation,mm,0.0
2025-06-07 07:00:00,Solar Panel,Solar Panel,mV,9442.0
2025-06-07 06:00:00,U-sonic wind dir,U-sonic wind dir,deg,270.0
2025-06-07 06:00:00,Solar radiation,Solar radiation,W/m2,190.0
2025-06-07 06:00:00,Solar Panel,Solar Panel,mV,8617.0
2025-06-07 06:00:00,Precipitation,Precipitation,mm,0.0
2025-06-07 06:00:00,Battery,Battery,mV,6781.0
2025-06-07 06:00:00,Wind gust,Wind gust,m/s,7.5
2025-06-07 06:00:00,U-sonic wind speed,U-sonic wind speed,m/s,0.5
2025-06-07 05:00:00,Battery,Battery,mV,6573.0
2025-06-07 05:00:00,Precipitation,Precipitation,mm,0.0
2025-06-07 05:00:00,Solar Panel,Solar Panel,mV,6810.0
2025-06-07 05:00:00,Solar radiation,Solar radiation,W/m2,23.0
2025-06-07 05:00:00,U-sonic wind dir,U-sonic wind dir,deg,302.0
2025-06-07 05:00:00,Wind gust,Wind gust,m/s,1.4
2025-06-07 05:00:00,U-sonic wind speed,U-sonic wind speed,m/s,0.4
2025-06-07 04:00:00,Solar Panel,Solar Panel,mV,0.0
2025-06-07 04:00:00,Wind gust,Wind gust,m/s,1.1
2025-06-07 04:00:00,U-sonic wind speed,U-sonic wind speed,m/s,0.5
2025-06-07 04:00:00,Battery,Battery,mV,6494.0
2025-06-07 04:00:00,Precipitation,Precipitation,mm,0.0
2025-06-07 04:00:00,U-sonic wind dir,U-sonic wind dir,deg,328.0
2025-06-07 04:00:00,Solar radiation,Solar radiation,W/m2,0.0
2025-06-07 03:00:00,Solar Panel,Solar Panel,mV,0.0
2025-06-07 03:00:00,Solar radiation,Solar radiation,W/m2,0.0
2025-06-07 03:00:00,Wind gust,Wind gust,m/s,0.9
2025-06-07 03:00:00,U-sonic wind dir,U-sonic wind dir,deg,43.0
2025-06-07 03:00:00,U-sonic wind speed,U-sonic wind speed,m/s,0.4
2025-06-07 03:00:00,Battery,Battery,mV,6499.0
2025-06-07 03:00:00,Precipitation,Precipitation,mm,0.0
2025-06-07 02:00:00,U-sonic wind speed,U-sonic wind speed,m/s,0.7
2025-06-07 02:00:00,Solar Panel,Solar Panel,mV,0.0
2025-06-07 02:00:00,Wind gust,Wind gust,m/s,1.2
2025-06-07 02:00:00,U-sonic wind dir,U-sonic wind dir,deg,337.0
2025-06-07 02:00:00,Precipitation,Precipitation,mm,0.0
2025-06-07 02:00:00,Battery,Battery,mV,6502.0
2025-06-07 02:00:00,Solar radiation,Solar radiation,W/m2,0.0
2025-06-07 01:00:00,Precipitation,Precipitation,mm,0.0
2025-06-07 01:00:00,Wind gust,Wind gust,m/s,1.7
2025-06-07 01:00:00,U-sonic wind dir,U-sonic wind dir,deg,249.0
2025-06-07 01:00:00,U-sonic wind speed,U-sonic wind speed,m/s,0.8
2025-06-07 01:00:00,Battery,Battery,mV,6499.0
2025-06-07 01:00:00,Solar Panel,Solar Panel,mV,0.0
2025-06-07 01:00:00,Solar radiation,Solar radiation,W/m2,0.0
2025-06-07 00:00:00,U-sonic wind dir,U-sonic wind dir,deg,45.0
2025-06-07 00:00:00,Precipitation,Precipitation,mm,0.0
2025-06-07 00:00:00,Battery,Battery,mV,6505.0
2025-06-07 00:00:00,U-sonic wind speed,U-sonic wind speed,m/s,0.4
2025-06-07 00:00:00,Solar Panel,Solar Panel,mV,0.0
2025-06-07 00:00:00,Wind gust,Wind gust,m/s,1.4
2025-06-07 00:00:00,Solar radiation,Solar radiation,W/m2,0.0
2025-06-06 23:00:00,Solar radiation,Solar radiation,W/m2,0.0
2025-06-06 23:00:00,Precipitation,Precipitation,mm,0.0
2025-06-06 23:00:00,Battery,Battery,mV,6511.0
2025-06-06 23:00:00,U-sonic wind speed,U-sonic wind speed,m/s,0.4
2025-06-06 23:00:00,U-sonic wind dir,U-sonic wind dir,deg,33.0
2025-06-06 23:00:00,Wind gust,Wind gust,m/s,1.1
2025-06-06 23:00:00,Solar Panel,Solar Panel,mV,0.0
2025-06-06 22:00:00,Solar radiation,Solar radiation,W/m2,0.0
2025-06-06 22:00:00,U-sonic wind speed,U-sonic wind speed,m/s,8.1
2025-06-06 22:00:00,Solar Panel,Solar Panel,mV,0.0
2025-06-06 22:00:00,U-sonic wind dir,U-sonic wind dir,deg,334.0
2025-06-06 22:00:00,Battery,Battery,mV,6516.0
2025-06-06 22:00:00,Wind gust,Wind gust,m/s,28.8
2025-06-06 22:00:00,Precipitation,Precipitation,mm,0.0
2025-06-06 21:00:00,Battery,Battery,mV,6519.0
2025-06-06 21:00:00,Solar Panel,Solar Panel,mV,0.0
2025-06-06 21:00:00,Precipitation,Precipitation,mm,0.0
2025-06-06 21:00:00,U-sonic wind speed,U-sonic wind speed,m/s,12.9
2025-06-06 21:00:00,U-sonic wind dir,U-sonic wind dir,deg,117.0
2025-06-06 21:00:00,Wind gust,Wind gust,m/s,28.2
2025-06-06 21:00:00,Solar radiation,Solar radiation,W/m2,0.0
2025-06-06 20:00:00,Battery,Battery,mV,6528.0
2025-06-06 20:00:00,U-sonic wind dir,U-sonic wind dir,deg,34.0
2025-06-06 20:00:00,Solar radiation,Solar radiation,W/m2,0.0
2025-06-06 20:00:00,Solar Panel,Solar Panel,mV,0.0
2025-06-06 20:00:00,U-sonic wind speed,U-sonic wind speed,m/s,1.1
2025-06-06 20:00:00,Precipitation,Precipitation,mm,0.0
2025-06-06 20:00:00,Wind gust,Wind gust,m/s,2.6
2025-06-06 19:00:00,Solar Panel,Solar Panel,mV,0.0
2025-06-06 19:00:00,U-sonic wind speed,U-sonic wind speed,m/s,1.0
2025-06-06 19:00:00,U-sonic wind dir,U-sonic wind dir,deg,113.0
2025-06-06 19:00:00,Precipitation,Precipitation,mm,0.0
2025-06-06 19:00:00,Wind gust,Wind gust,m/s,3.0
2025-06-06 19:00:00,Battery,Battery,mV,6534.0
2025-06-06 19:00:00,Solar radiation,Solar radiation,W/m2,9.0
2025-06-06 18:00:00,Precipitation,Precipitation,mm,0.0
2025-06-06 18:00:00,Battery,Battery,mV,6582.0
2025-06-06 18:00:00,Solar radiation,Solar radiation,W/m2,54.0
2025-06-06 18:00:00,U-sonic wind speed,U-sonic wind speed,m/s,2.4
2025-06-06 18:00:00,U-sonic wind dir,U-sonic wind dir,deg,116.0
2025-06-06 18:00:00,Wind gust,Wind gust,m/s,5.1
2025-06-06 18:00:00,Solar Panel,Solar Panel,mV,4313.0
2025-06-06 17:00:00,Solar radiation,Solar radiation,W/m2,98.0
2025-06-06 17:00:00,Battery,Battery,mV,6616.0
2025-06-06 17:00:00,Precipitation,Precipitation,mm,0.0
2025-06-06 17:00:00,Wind gust,Wind gust,m/s,5.5
2025-06-06 17:00:00,U-sonic wind speed,U-sonic wind speed,m/s,2.6
2025-06-06 17:00:00,U-sonic wind dir,U-sonic wind dir,deg,90.0
2025-06-06 17:00:00,Solar Panel,Solar Panel,mV,6830.0
2025-06-06 16:00:00,U-sonic wind dir,U-sonic wind dir,deg,88.0
2025-06-06 16:00:00,Solar radiation,Solar radiation,W/m2,307.0
2025-06-06 16:00:00,Wind gust,Wind gust,m/s,3.8
2025-06-06 16:00:00,Solar Panel,Solar Panel,mV,8042.0
2025-06-06 16:00:00,Precipitation,Precipitation,mm,0.0
2025-06-06 16:00:00,U-sonic wind speed,U-sonic wind speed,m/s,1.7
2025-06-06 16:00:00,Battery,Battery,mV,6767.0
2025-06-06 15:00:00,U-sonic wind speed,U-sonic wind speed,m/s,2.0
2025-06-06 15:00:00,Solar Panel,Solar Panel,mV,8824.0
2025-06-06 15:00:00,Solar radiation,Solar radiation,W/m2,355.0
2025-06-06 15:00:00,Precipitation,Precipitation,mm,0.0
2025-06-06 15:00:00,Battery,Battery,mV,6781.0
2025-06-06 15:00:00,Wind gust,Wind gust,m/s,5.3
2025-06-06 15:00:00,U-sonic wind dir,U-sonic wind dir,deg,94.0
2025-06-06 14:00:00,Precipitation,Precipitation,mm,0.0
2025-06-06 14:00:00,Solar radiation,Solar radiation,W/m2,826.0
2025-06-06 14:00:00,Battery,Battery,mV,6830.0
2025-06-06 14:00:00,U-sonic wind speed,U-sonic wind speed,m/s,1.7
2025-06-06 14:00:00,U-sonic wind dir,U-sonic wind dir,deg,94.0
2025-06-06 14:00:00,Wind gust,Wind gust,m/s,4.2
2025-06-06 14:00:00,Solar Panel,Solar Panel,mV,9250.0
2025-06-06 13:00:00,U-sonic wind dir,U-sonic wind dir,deg,90.0
2025-06-06 13:00:00,Wind gust,Wind gust,m/s,4.3
2025-06-06 13:00:00,U-sonic wind speed,U-sonic wind speed,m/s,2.0
2025-06-06 13:00:00,Battery,Battery,mV,6798.0
2025-06-06 13:00:00,Precipitation,Precipitation,mm,0.0
2025-06-06 13:00:00,Solar Panel,Solar Panel,mV,9749.0
2025-06-06 13:00:00,Solar radiation,Solar radiation,W/m2,976.0
2025-06-06 12:00:00,Precipitation,Precipitation,mm,0.0
2025-06-06 12:00:00,Solar Panel,Solar Panel,mV,9868.0
2025-06-06 12:00:00,U-sonic wind dir,U-sonic wind dir,deg,136.0
2025-06-06 12:00:00,Wind gust,Wind gust,m/s,4.7
2025-06-06 12:00:00,Solar radiation,Solar radiation,W/m2,1040.0
2025-06-06 12:00:00,U-sonic wind speed,U-sonic wind speed,m/s,1.7
2025-06-06 12:00:00,Battery,Battery,mV,6804.0
2025-06-06 11:00:00,Precipitation,Precipitation,mm,0.0
2025-06-06 11:00:00,Wind gust,Wind gust,m/s,3.2
2025-06-06 11:00:00,U-sonic wind dir,U-sonic wind dir,deg,239.0
2025-06-06 11:00:00,U-sonic wind speed,U-sonic wind speed,m/s,1.3
2025-06-06 11:00:00,Solar radiation,Solar radiation,W/m2,1012.0
2025-06-06 11:00:00,Solar Panel,Solar Panel,mV,9888.0
2025-06-06 11:00:00,Battery,Battery,mV,6807.0
2025-06-06 10:00:00,Wind gust,Wind gust,m/s,2.9
2025-06-06 10:00:00,U-sonic wind dir,U-sonic wind dir,deg,287.0
2025-06-06 10:00:00,Solar Panel,Solar Panel,mV,9868.0
2025-06-06 10:00:00,Solar radiation,Solar radiation,W/m2,917.0
2025-06-06 10:00:00,Battery,Battery,mV,6798.0
2025-06-06 10:00:00,Precipitation,Precipitation,mm,0.0
2025-06-06 10:00:00,U-sonic wind speed,U-sonic wind speed,m/s,1.1
2025-06-06 09:00:00,Wind gust,Wind gust,m/s,2.9
2025-06-06 09:00:00,Solar radiation,Solar radiation,W/m2,777.0
2025-06-06 09:00:00,Solar Panel,Solar Panel,mV,9921.0
2025-06-06 09:00:00,Precipitation,Precipitation,mm,0.0
2025-06-06 09:00:00,Battery,Battery,mV,6810.0
2025-06-06 09:00:00,U-sonic wind speed,U-sonic wind speed,m/s,0.9
2025-06-06 09:00:00,U-sonic wind dir,U-sonic wind dir,deg,158.0
2025-06-06 08:00:00,Battery,Battery,mV,6813.0
2025-06-06 08:00:00,Solar radiation,Solar radiation,W/m2,600.0
2025-06-06 08:00:00,Solar Panel,Solar Panel,mV,9859.0
2025-06-06 08:00:00,Precipitation,Precipitation,mm,0.0
2025-06-06 08:00:00,Wind gust,Wind gust,m/s,2.1
2025-06-06 08:00:00,U-sonic wind dir,U-sonic wind dir,deg,255.0
2025-06-06 08:00:00,U-sonic wind speed,U-sonic wind speed,m/s,0.8
2025-06-06 07:00:00,U-sonic wind speed,U-sonic wind speed,m/s,4.7
2025-06-06 07:00:00,Wind gust,Wind gust,m/s,36.8
2025-06-06 07:00:00,U-sonic wind dir,U-sonic wind dir,deg,232.0
2025-06-06 07:00:00,Battery,Battery,mV,6801.0
2025-06-06 07:00:00,Precipitation,Precipitation,mm,0.0
2025-06-06 07:00:00,Solar Panel,Solar Panel,mV,9586.0
2025-06-06 07:00:00,Solar radiation,Solar radiation,W/m2,402.0
2025-06-06 06:00:00,Solar Panel,Solar Panel,mV,8689.0
2025-06-06 06:00:00,Wind gust,Wind gust,m/s,33.0
2025-06-06 06:00:00,U-sonic wind dir,U-sonic wind dir,deg,179.0
2025-06-06 06:00:00,Solar radiation,Solar radiation,W/m2,192.0
2025-06-06 06:00:00,U-sonic wind speed,U-sonic wind speed,m/s,18.9
2025-06-06 06:00:00,Battery,Battery,mV,6787.0
2025-06-06 06:00:00,Precipitation,Precipitation,mm,0.0
2025-06-06 05:00:00,U-sonic wind speed,U-sonic wind speed,m/s,14.0
2025-06-06 05:00:00,Wind gust,Wind gust,m/s,36.0
2025-06-06 05:00:00,U-sonic wind dir,U-sonic wind dir,deg,346.0
2025-06-06 05:00:00,Battery,Battery,mV,6571.0
2025-06-06 05:00:00,Precipitation,Precipitation,mm,0.0
2025-06-06 05:00:00,Solar Panel,Solar Panel,mV,6815.0
2025-06-06 05:00:00,Solar radiation,Solar radiation,W/m2,19.0
2025-06-06 04:00:00,Battery,Battery,mV,6499.0
2025-06-06 04:00:00,U-sonic wind speed,U-sonic wind speed,m/s,19.7
2025-06-06 04:00:00,U-sonic wind dir,U-sonic wind dir,deg,263.0
2025-06-06 04:00:00,Wind gust,Wind gust,m/s,36.7
2025-06-06 04:00:00,Solar Panel,Solar Panel,mV,0.0
2025-06-06 04:00:00,Precipitation,Precipitation,mm,0.0
2025-06-06 04:00:00,Solar radiation,Solar radiation,W/m2,0.0
2025-06-06 03:00:00,U-sonic wind speed,U-sonic wind speed,m/s,5.6
2025-06-06 03:00:00,Solar radiation,Solar radiation,W/m2,0.0
2025-06-06 03:00:00,Wind gust,Wind gust,m/s,10.4
2025-06-06 03:00:00,U-sonic wind dir,U-sonic wind dir,deg,277.0
2025-06-06 03:00:00,Solar Panel,Solar Panel,mV,0.0
2025-06-06 03:00:00,Precipitation,Precipitation,mm,0.0
2025-06-06 03:00:00,Battery,Battery,mV,6499.0
2025-06-06 02:00:00,Precipitation,Precipitation,mm,0.0
2025-06-06 02:00:00,Battery,Battery,mV,6496.0
2025-06-06 02:00:00,U-sonic wind speed,U-sonic wind speed,m/s,9.4
2025-06-06 02:00:00,U-sonic wind dir,U-sonic wind dir,deg,296.0
2025-06-06 02:00:00,Wind gust,Wind gust,m/s,28.1
2025-06-06 02:00:00,Solar Panel,Solar Panel,mV,0.0
2025-06-06 02:00:00,Solar radiation,Solar radiation,W/m2,0.0
2025-06-06 01:00:00,U-sonic wind speed,U-sonic wind speed,m/s,9.5
2025-06-06 01:00:00,Wind gust,Wind gust,m/s,26.1
2025-06-06 01:00:00,Solar Panel,Solar Panel,mV,0.0
2025-06-06 01:00:00,Solar radiation,Solar radiation,W/m2,0.0
2025-06-06 01:00:00,Battery,Battery,mV,6502.0
2025-06-06 01:00:00,Precipitation,Precipitation,mm,0.0
2025-06-06 01:00:00,U-sonic wind dir,U-sonic wind dir,deg,268.0
2025-06-06 00:00:00,Solar radiation,Solar radiation,W/m2,0.0
2025-06-06 00:00:00,Battery,Battery,mV,6508.0
2025-06-06 00:00:00,U-sonic wind speed,U-sonic wind speed,m/s,3.9
2025-06-06 00:00:00,U-sonic wind dir,U-sonic wind dir,deg,295.0
2025-06-06 00:00:00,Wind gust,Wind gust,m/s,24.2
2025-06-06 00:00:00,Precipitation,Precipitation,mm,0.0
2025-06-06 00:00:00,Solar Panel,Solar Panel,mV,0.0
2025-06-05 23:00:00,U-sonic wind speed,U-sonic wind speed,m/s,9.7
2025-06-05 23:00:00,Wind gust,Wind gust,m/s,29.8
2025-06-05 23:00:00,Precipitation,Precipitation,mm,0.0
2025-06-05 23:00:00,Solar Panel,Solar Panel,mV,0.0
2025-06-05 23:00:00,Solar radiation,Solar radiation,W/m2,0.0
2025-06-05 23:00:00,Battery,Battery,mV,6511.0
2025-06-05 23:00:00,U-sonic wind dir,U-sonic wind dir,deg,40.0
2025-06-05 22:00:00,Battery,Battery,mV,6519.0
2025-06-05 22:00:00,Wind gust,Wind gust,m/s,25.5
2025-06-05 22:00:00,U-sonic wind dir,U-sonic wind dir,deg,339.0
2025-06-05 22:00:00,Precipitation,Precipitation,mm,0.0
2025-06-05 22:00:00,U-sonic wind speed,U-sonic wind speed,m/s,9.6
2025-06-05 22:00:00,Solar radiation,Solar radiation,W/m2,0.0
2025-06-05 22:00:00,Solar Panel,Solar Panel,mV,0.0
2025-06-05 21:00:00,U-sonic wind dir,U-sonic wind dir,deg,98.0
2025-06-05 21:00:00,Solar radiation,Solar radiation,W/m2,0.0
2025-06-05 21:00:00,Solar Panel,Solar Panel,mV,0.0
2025-06-05 21:00:00,Precipitation,Precipitation,mm,0.0
2025-06-05 21:00:00,Battery,Battery,mV,6525.0
2025-06-05 21:00:00,U-sonic wind speed,U-sonic wind speed,m/s,15.6
2025-06-05 21:00:00,Wind gust,Wind gust,m/s,29.4
2025-06-05 20:00:00,Solar radiation,Solar radiation,W/m2,0.0
2025-06-05 20:00:00,Wind gust,Wind gust,m/s,30.1
2025-06-05 20:00:00,U-sonic wind dir,U-sonic wind dir,deg,117.0
2025-06-05 20:00:00,U-sonic wind speed,U-sonic wind speed,m/s,15.8
2025-06-05 20:00:00,Battery,Battery,mV,6536.0
2025-06-05 20:00:00,Precipitation,Precipitation,mm,0.0
2025-06-05 20:00:00,Solar Panel,Solar Panel,mV,0.0
2025-06-05 19:00:00,Solar radiation,Solar radiation,W/m2,14.0
2025-06-05 19:00:00,Wind gust,Wind gust,m/s,24.2
2025-06-05 19:00:00,U-sonic wind dir,U-sonic wind dir,deg,139.0
2025-06-05 19:00:00,U-sonic wind speed,U-sonic wind speed,m/s,4.2
2025-06-05 19:00:00,Precipitation,Precipitation,mm,0.0
2025-06-05 19:00:00,Battery,Battery,mV,6545.0
2025-06-05 19:00:00,Solar Panel,Solar Panel,mV,0.0
2025-06-05 18:00:00,Battery,Battery,mV,6608.0
2025-06-05 18:00:00,Wind gust,Wind gust,m/s,6.7
2025-06-05 18:00:00,U-sonic wind dir,U-sonic wind dir,deg,106.0
2025-06-05 18:00:00,U-sonic wind speed,U-sonic wind speed,m/s,3.4
2025-06-05 18:00:00,Precipitation,Precipitation,mm,0.0
2025-06-05 18:00:00,Solar Panel,Solar Panel,mV,5090.0
2025-06-05 18:00:00,Solar radiation,Solar radiation,W/m2,83.0
2025-06-05 17:00:00,Solar radiation,Solar radiation,W/m2,151.0
2025-06-05 17:00:00,Wind gust,Wind gust,m/s,6.4
2025-06-05 17:00:00,U-sonic wind dir,U-sonic wind dir,deg,75.0
2025-06-05 17:00:00,U-sonic wind speed,U-sonic wind speed,m/s,3.1
2025-06-05 17:00:00,Battery,Battery,mV,6798.0
2025-06-05 17:00:00,Precipitation,Precipitation,mm,0.0
2025-06-05 17:00:00,Solar Panel,Solar Panel,mV,8713.0
2025-06-05 16:00:00,Solar radiation,Solar radiation,W/m2,351.0
2025-06-05 16:00:00,Wind gust,Wind gust,m/s,7.9
2025-06-05 16:00:00,U-sonic wind dir,U-sonic wind dir,deg,82.0
2025-06-05 16:00:00,U-sonic wind speed,U-sonic wind speed,m/s,1.9
2025-06-05 16:00:00,Battery,Battery,mV,6815.0
2025-06-05 16:00:00,Precipitation,Precipitation,mm,0.0
2025-06-05 16:00:00,Solar Panel,Solar Panel,mV,8996.0
2025-06-05 15:00:00,Solar radiation,Solar radiation,W/m2,372.0
2025-06-05 15:00:00,U-sonic wind dir,U-sonic wind dir,deg,40.0
2025-06-05 15:00:00,U-sonic wind speed,U-sonic wind speed,m/s,1.8
2025-06-05 15:00:00,Battery,Battery,mV,6824.0
2025-06-05 15:00:00,Precipitation,Precipitation,mm,0.0
2025-06-05 15:00:00,Solar Panel,Solar Panel,mV,9010.0
2025-06-05 15:00:00,Wind gust,Wind gust,m/s,4.1
2025-06-05 14:00:00,U-sonic wind dir,U-sonic wind dir,deg,74.0
2025-06-05 14:00:00,Solar radiation,Solar radiation,W/m2,804.0
2025-06-05 14:00:00,Solar Panel,Solar Panel,mV,9221.0
2025-06-05 14:00:00,Precipitation,Precipitation,mm,0.0
2025-06-05 14:00:00,Battery,Battery,mV,6804.0
2025-06-05 14:00:00,U-sonic wind speed,U-sonic wind speed,m/s,1.7
2025-06-05 14:00:00,Wind gust,Wind gust,m/s,4.6
2025-06-05 13:00:00,Wind gust,Wind gust,m/s,3.1
2025-06-05 13:00:00,Solar radiation,Solar radiation,W/m2,938.0
2025-06-05 13:00:00,Solar Panel,Solar Panel,mV,9423.0
2025-06-05 13:00:00,Precipitation,Precipitation,mm,0.0
2025-06-05 13:00:00,Battery,Battery,mV,6804.0
2025-06-05 13:00:00,U-sonic wind speed,U-sonic wind speed,m/s,1.1
2025-06-05 13:00:00,U-sonic wind dir,U-sonic wind dir,deg,36.0
2025-06-05 12:00:00,Solar radiation,Solar radiation,W/m2,977.0
2025-06-05 12:00:00,Solar Panel,Solar Panel,mV,9859.0
2025-06-05 12:00:00,Precipitation,Precipitation,mm,0.0
2025-06-05 12:00:00,Battery,Battery,mV,6796.0
2025-06-05 12:00:00,U-sonic wind speed,U-sonic wind speed,m/s,1.0
2025-06-05 12:00:00,U-sonic wind dir,U-sonic wind dir,deg,235.0
2025-06-05 12:00:00,Wind gust,Wind gust,m/s,3.3
2025-06-05 11:00:00,Wind gust,Wind gust,m/s,3.4
2025-06-05 11:00:00,U-sonic wind dir,U-sonic wind dir,deg,27.0
2025-06-05 11:00:00,U-sonic wind speed,U-sonic wind speed,m/s,1.2
2025-06-05 11:00:00,Battery,Battery,mV,6804.0
2025-06-05 11:00:00,Precipitation,Precipitation,mm,0.0
2025-06-05 11:00:00,Solar Panel,Solar Panel,mV,9888.0
2025-06-05 11:00:00,Solar radiation,Solar radiation,W/m2,950.0
2025-06-05 10:00:00,Wind gust,Wind gust,m/s,3.2
2025-06-05 10:00:00,Solar Panel,Solar Panel,mV,9873.0
2025-06-05 10:00:00,Precipitation,Precipitation,mm,0.0
2025-06-05 10:00:00,Solar radiation,Solar radiation,W/m2,851.0
2025-06-05 10:00:00,Battery,Battery,mV,6804.0
2025-06-05 10:00:00,U-sonic wind speed,U-sonic wind speed,m/s,1.3
2025-06-05 10:00:00,U-sonic wind dir,U-sonic wind dir,deg,72.0
2025-06-05 09:00:00,Solar Panel,Solar Panel,mV,9964.0
2025-06-05 09:00:00,Wind gust,Wind gust,m/s,2.6
2025-06-05 09:00:00,U-sonic wind dir,U-sonic wind dir,deg,120.0
2025-06-05 09:00:00,U-sonic wind speed,U-sonic wind speed,m/s,1.1
2025-06-05 09:00:00,Battery,Battery,mV,6810.0
2025-06-05 09:00:00,Precipitation,Precipitation,mm,0.0
2025-06-05 09:00:00,Solar radiation,Solar radiation,W/m2,750.0
2025-06-05 08:00:00,U-sonic wind speed,U-sonic wind speed,m/s,5.2
2025-06-05 08:00:00,Wind gust,Wind gust,m/s,32.1
2025-06-05 08:00:00,U-sonic wind dir,U-sonic wind dir,deg,168.0
2025-06-05 08:00:00,Battery,Battery,mV,6804.0
2025-06-05 08:00:00,Precipitation,Precipitation,mm,0.0
2025-06-05 08:00:00,Solar Panel,Solar Panel,mV,9892.0
2025-06-05 08:00:00,Solar radiation,Solar radiation,W/m2,590.0
2025-06-05 07:00:00,Precipitation,Precipitation,mm,0.0
2025-06-05 07:00:00,Battery,Battery,mV,6796.0
2025-06-05 07:00:00,U-sonic wind speed,U-sonic wind speed,m/s,12.0
2025-06-05 07:00:00,U-sonic wind dir,U-sonic wind dir,deg,177.0
2025-06-05 07:00:00,Wind gust,Wind gust,m/s,38.2
2025-06-05 07:00:00,Solar radiation,Solar radiation,W/m2,400.0
2025-06-05 07:00:00,Solar Panel,Solar Panel,mV,9672.0
2025-06-05 06:00:00,Battery,Battery,mV,6790.0
2025-06-05 06:00:00,Solar Panel,Solar Panel,mV,9106.0
2025-06-05 06:00:00,U-sonic wind speed,U-sonic wind speed,m/s,8.9
2025-06-05 06:00:00,U-sonic wind dir,U-sonic wind dir,deg,120.0
2025-06-05 06:00:00,Wind gust,Wind gust,m/s,37.6
2025-06-05 06:00:00,Precipitation,Precipitation,mm,0.0
2025-06-05 06:00:00,Solar radiation,Solar radiation,W/m2,225.0
2025-06-05 05:00:00,Solar Panel,Solar Panel,mV,6839.0
2025-06-05 05:00:00,Solar radiation,Solar radiation,W/m2,19.0
2025-06-05 05:00:00,Wind gust,Wind gust,m/s,39.3
2025-06-05 05:00:00,U-sonic wind dir,U-sonic wind dir,deg,57.0
2025-06-05 05:00:00,U-sonic wind speed,U-sonic wind speed,m/s,20.5
2025-06-05 05:00:00,Battery,Battery,mV,6582.0
2025-06-05 05:00:00,Precipitation,Precipitation,mm,0.0
2025-06-05 04:00:00,Solar Panel,Solar Panel,mV,0.0
2025-06-05 04:00:00,Precipitation,Precipitation,mm,0.0
2025-06-05 04:00:00,Battery,Battery,mV,6502.0
2025-06-05 04:00:00,U-sonic wind speed,U-sonic wind speed,m/s,5.4
2025-06-05 04:00:00,U-sonic wind dir,U-sonic wind dir,deg,203.0
2025-06-05 04:00:00,Wind gust,Wind gust,m/s,22.2
2025-06-05 04:00:00,Solar radiation,Solar radiation,W/m2,0.0
2025-06-05 03:00:00,Solar Panel,Solar Panel,mV,0.0
2025-06-05 03:00:00,Solar radiation,Solar radiation,W/m2,0.0
2025-06-05 03:00:00,Battery,Battery,mV,6514.0
2025-06-05 03:00:00,U-sonic wind speed,U-sonic wind speed,m/s,0.4
2025-06-05 03:00:00,U-sonic wind dir,U-sonic wind dir,deg,78.0
2025-06-05 03:00:00,Wind gust,Wind gust,m/s,1.0
2025-06-05 03:00:00,Precipitation,Precipitation,mm,0.0
2025-06-05 02:00:00,U-sonic wind speed,U-sonic wind speed,m/s,0.7
2025-06-05 02:00:00,Wind gust,Wind gust,m/s,2.3
2025-06-05 02:00:00,U-sonic wind dir,U-sonic wind dir,deg,259.0
2025-06-05 02:00:00,Battery,Battery,mV,6511.0
2025-06-05 02:00:00,Precipitation,Precipitation,mm,0.0
2025-06-05 02:00:00,Solar Panel,Solar Panel,mV,0.0
2025-06-05 02:00:00,Solar radiation,Solar radiation,W/m2,0.0
2025-06-05 01:00:00,Solar Panel,Solar Panel,mV,0.0
2025-06-05 01:00:00,U-sonic wind dir,U-sonic wind dir,deg,34.0
2025-06-05 01:00:00,Precipitation,Precipitation,mm,0.0
2025-06-05 01:00:00,U-sonic wind speed,U-sonic wind speed,m/s,1.9
2025-06-05 01:00:00,Battery,Battery,mV,6519.0
2025-06-05 01:00:00,Solar radiation,Solar radiation,W/m2,0.0
2025-06-05 01:00:00,Wind gust,Wind gust,m/s,19.8
2025-06-05 00:00:00,Solar radiation,Solar radiation,W/m2,0.0
2025-06-05 00:00:00,U-sonic wind dir,U-sonic wind dir,deg,128.0
2025-06-05 00:00:00,Wind gust,Wind gust,m/s,30.8
2025-06-05 00:00:00,U-sonic wind speed,U-sonic wind speed,m/s,17.5
2025-06-05 00:00:00,Battery,Battery,mV,6519.0
2025-06-05 00:00:00,Precipitation,Precipitation,mm,0.0
2025-06-05 00:00:00,Solar Panel,Solar Panel,mV,0.0
2025-06-04 23:00:00,Solar radiation,Solar radiation,W/m2,0.0
2025-06-04 23:00:00,U-sonic wind dir,U-sonic wind dir,deg,359.0
2025-06-04 23:00:00,Wind gust,Wind gust,m/s,26.5
2025-06-04 23:00:00,U-sonic wind speed,U-sonic wind speed,m/s,14.9
2025-06-04 23:00:00,Battery,Battery,mV,6522.0
2025-06-04 23:00:00,Precipitation,Precipitation,mm,0.0
2025-06-04 23:00:00,Solar Panel,Solar Panel,mV,0.0
2025-06-04 22:00:00,Solar radiation,Solar radiation,W/m2,0.0
2025-06-04 22:00:00,Solar Panel,Solar Panel,mV,0.0
2025-06-04 22:00:00,Precipitation,Precipitation,mm,0.0
2025-06-04 22:00:00,Battery,Battery,mV,6522.0
2025-06-04 22:00:00,U-sonic wind dir,U-sonic wind dir,deg,257.0
2025-06-04 22:00:00,U-sonic wind speed,U-sonic wind speed,m/s,15.2
2025-06-04 22:00:00,Wind gust,Wind gust,m/s,29.1
2025-06-04 21:00:00,Wind gust,Wind gust,m/s,26.6
2025-06-04 21:00:00,U-sonic wind dir,U-sonic wind dir,deg,337.0
2025-06-04 21:00:00,U-sonic wind speed,U-sonic wind speed,m/s,14.7
2025-06-04 21:00:00,Battery,Battery,mV,6531.0
2025-06-04 21:00:00,Precipitation,Precipitation,mm,0.0
2025-06-04 21:00:00,Solar Panel,Solar Panel,mV,0.0
2025-06-04 21:00:00,Solar radiation,Solar radiation,W/m2,0.0
2025-06-04 20:00:00,Wind gust,Wind gust,m/s,30.0
2025-06-04 20:00:00,Solar radiation,Solar radiation,W/m2,0.0
2025-06-04 20:00:00,Solar Panel,Solar Panel,mV,0.0
2025-06-04 20:00:00,Precipitation,Precipitation,mm,0.0
2025-06-04 20:00:00,Battery,Battery,mV,6525.0
2025-06-04 20:00:00,U-sonic wind speed,U-sonic wind speed,m/s,18.4
2025-06-04 20:00:00,U-sonic wind dir,U-sonic wind dir,deg,248.0
2025-06-04 19:00:00,Wind gust,Wind gust,m/s,24.5
2025-06-04 19:00:00,U-sonic wind dir,U-sonic wind dir,deg,15.0
2025-06-04 19:00:00,U-sonic wind speed,U-sonic wind speed,m/s,8.3
2025-06-04 19:00:00,Battery,Battery,mV,6548.0
2025-06-04 19:00:00,Precipitation,Precipitation,mm,0.0
2025-06-04 19:00:00,Solar Panel,Solar Panel,mV,0.0
2025-06-04 19:00:00,Solar radiation,Solar radiation,W/m2,7.0
2025-06-04 18:00:00,Wind gust,Wind gust,m/s,7.0
2025-06-04 18:00:00,U-sonic wind dir,U-sonic wind dir,deg,50.0
2025-06-04 18:00:00,U-sonic wind speed,U-sonic wind speed,m/s,3.1
2025-06-04 18:00:00,Battery,Battery,mV,6759.0
2025-06-04 18:00:00,Precipitation,Precipitation,mm,0.0
2025-06-04 18:00:00,Solar Panel,Solar Panel,mV,5238.0
2025-06-04 18:00:00,Solar radiation,Solar radiation,W/m2,113.0
2025-06-04 17:00:00,Wind gust,Wind gust,m/s,6.6
2025-06-04 17:00:00,U-sonic wind dir,U-sonic wind dir,deg,85.0
2025-06-04 17:00:00,U-sonic wind speed,U-sonic wind speed,m/s,2.9
2025-06-04 17:00:00,Battery,Battery,mV,6807.0
2025-06-04 17:00:00,Precipitation,Precipitation,mm,0.0
2025-06-04 17:00:00,Solar Panel,Solar Panel,mV,9073.0
2025-06-04 17:00:00,Solar radiation,Solar radiation,W/m2,118.0
2025-06-04 16:00:00,Wind gust,Wind gust,m/s,6.3
2025-06-04 16:00:00,U-sonic wind dir,U-sonic wind dir,deg,72.0
2025-06-04 16:00:00,U-sonic wind speed,U-sonic wind speed,m/s,2.6
2025-06-04 16:00:00,Battery,Battery,mV,6784.0
2025-06-04 16:00:00,Precipitation,Precipitation,mm,0.0
2025-06-04 16:00:00,Solar Panel,Solar Panel,mV,8919.0
2025-06-04 16:00:00,Solar radiation,Solar radiation,W/m2,291.0
2025-06-04 15:00:00,Wind gust,Wind gust,m/s,4.5
2025-06-04 15:00:00,Solar radiation,Solar radiation,W/m2,332.0
2025-06-04 15:00:00,Solar Panel,Solar Panel,mV,6964.0
2025-06-04 15:00:00,Precipitation,Precipitation,mm,0.0
2025-06-04 15:00:00,Battery,Battery,mV,6727.0
2025-06-04 15:00:00,U-sonic wind speed,U-sonic wind speed,m/s,1.9
2025-06-04 15:00:00,U-sonic wind dir,U-sonic wind dir,deg,38.0
2025-06-04 14:00:00,Wind gust,Wind gust,m/s,6.9
2025-06-04 14:00:00,U-sonic wind dir,U-sonic wind dir,deg,31.0
2025-06-04 14:00:00,U-sonic wind speed,U-sonic wind speed,m/s,2.3
2025-06-04 14:00:00,Battery,Battery,mV,6838.0
2025-06-04 14:00:00,Precipitation,Precipitation,mm,0.0
2025-06-04 14:00:00,Solar Panel,Solar Panel,mV,8900.0
2025-06-04 14:00:00,Solar radiation,Solar radiation,W/m2,828.0
2025-06-04 13:00:00,Battery,Battery,mV,6810.0
2025-06-04 13:00:00,Wind gust,Wind gust,m/s,4.2
2025-06-04 13:00:00,U-sonic wind dir,U-sonic wind dir,deg,156.0
2025-06-04 13:00:00,U-sonic wind speed,U-sonic wind speed,m/s,1.2
2025-06-04 13:00:00,Precipitation,Precipitation,mm,0.0
2025-06-04 13:00:00,Solar Panel,Solar Panel,mV,9365.0
2025-06-04 13:00:00,Solar radiation,Solar radiation,W/m2,988.0
2025-06-04 12:00:00,Precipitation,Precipitation,mm,0.0
2025-06-04 12:00:00,Solar Panel,Solar Panel,mV,9864.0
2025-06-04 12:00:00,Solar radiation,Solar radiation,W/m2,1032.0
2025-06-04 12:00:00,Wind gust,Wind gust,m/s,4.7
2025-06-04 12:00:00,U-sonic wind dir,U-sonic wind dir,deg,39.0
2025-06-04 12:00:00,U-sonic wind speed,U-sonic wind speed,m/s,1.7
2025-06-04 12:00:00,Battery,Battery,mV,6796.0
2025-06-04 11:00:00,Wind gust,Wind gust,m/s,2.8
2025-06-04 11:00:00,Solar Panel,Solar Panel,mV,9868.0
2025-06-04 11:00:00,Solar radiation,Solar radiation,W/m2,1009.0
2025-06-04 11:00:00,U-sonic wind dir,U-sonic wind dir,deg,316.0
2025-06-04 11:00:00,U-sonic wind speed,U-sonic wind speed,m/s,1.1
2025-06-04 11:00:00,Battery,Battery,mV,6798.0
2025-06-04 11:00:00,Precipitation,Precipitation,mm,0.0
2025-06-04 10:00:00,U-sonic wind speed,U-sonic wind speed,m/s,1.2
2025-06-04 10:00:00,U-sonic wind dir,U-sonic wind dir,deg,256.0
2025-06-04 10:00:00,Wind gust,Wind gust,m/s,3.1
2025-06-04 10:00:00,Battery,Battery,mV,6804.0
2025-06-04 10:00:00,Precipitation,Precipitation,mm,0.0
2025-06-04 10:00:00,Solar Panel,Solar Panel,mV,9912.0
2025-06-04 10:00:00,Solar radiation,Solar radiation,W/m2,912.0
2025-06-04 09:00:00,Solar Panel,Solar Panel,mV,9907.0
2025-06-04 09:00:00,Solar radiation,Solar radiation,W/m2,782.0
2025-06-04 09:00:00,Wind gust,Wind gust,m/s,2.9
2025-06-04 09:00:00,U-sonic wind dir,U-sonic wind dir,deg,250.0
2025-06-04 09:00:00,U-sonic wind speed,U-sonic wind speed,m/s,1.1
2025-06-04 09:00:00,Battery,Battery,mV,6807.0
2025-06-04 09:00:00,Precipitation,Precipitation,mm,0.0
2025-06-04 08:00:00,Battery,Battery,mV,6798.0
2025-06-04 08:00:00,Wind gust,Wind gust,m/s,32.6
2025-06-04 08:00:00,U-sonic wind dir,U-sonic wind dir,deg,270.0
2025-06-04 08:00:00,U-sonic wind speed,U-sonic wind speed,m/s,9.2
2025-06-04 08:00:00,Precipitation,Precipitation,mm,0.0
2025-06-04 08:00:00,Solar Panel,Solar Panel,mV,9782.0
2025-06-04 08:00:00,Solar radiation,Solar radiation,W/m2,615.0
2025-06-04 07:00:00,U-sonic wind dir,U-sonic wind dir,deg,238.0
2025-06-04 07:00:00,Wind gust,Wind gust,m/s,31.9
2025-06-04 07:00:00,Solar Panel,Solar Panel,mV,9571.0
2025-06-04 07:00:00,Solar radiation,Solar radiation,W/m2,427.0
2025-06-04 07:00:00,Battery,Battery,mV,6798.0
2025-06-04 07:00:00,Precipitation,Precipitation,mm,0.0
2025-06-04 07:00:00,U-sonic wind speed,U-sonic wind speed,m/s,8.0
2025-06-04 06:00:00,Solar Panel,Solar Panel,mV,8886.0
2025-06-04 06:00:00,Wind gust,Wind gust,m/s,32.3
2025-06-04 06:00:00,U-sonic wind dir,U-sonic wind dir,deg,231.0
2025-06-04 06:00:00,Precipitation,Precipitation,mm,0.0
2025-06-04 06:00:00,U-sonic wind speed,U-sonic wind speed,m/s,7.7
2025-06-04 06:00:00,Battery,Battery,mV,6796.0
2025-06-04 06:00:00,Solar radiation,Solar radiation,W/m2,200.0
2025-06-04 05:00:00,Precipitation,Precipitation,mm,0.0
2025-06-04 05:00:00,Battery,Battery,mV,6562.0
2025-06-04 05:00:00,U-sonic wind speed,U-sonic wind speed,m/s,10.8
2025-06-04 05:00:00,U-sonic wind dir,U-sonic wind dir,deg,2.0
2025-06-04 05:00:00,Wind gust,Wind gust,m/s,30.8
2025-06-04 05:00:00,Solar radiation,Solar radiation,W/m2,13.0
2025-06-04 05:00:00,Solar Panel,Solar Panel,mV,6796.0
2025-06-04 04:00:00,Precipitation,Precipitation,mm,0.0
2025-06-04 04:00:00,Battery,Battery,mV,6496.0
2025-06-04 04:00:00,U-sonic wind speed,U-sonic wind speed,m/s,14.2
2025-06-04 04:00:00,U-sonic wind dir,U-sonic wind dir,deg,150.0
2025-06-04 04:00:00,Wind gust,Wind gust,m/s,28.8
2025-06-04 04:00:00,Solar radiation,Solar radiation,W/m2,0.0
2025-06-04 04:00:00,Solar Panel,Solar Panel,mV,0.0
2025-06-04 03:00:00,Solar Panel,Solar Panel,mV,0.0
2025-06-04 03:00:00,Battery,Battery,mV,6499.0
2025-06-04 03:00:00,U-sonic wind speed,U-sonic wind speed,m/s,10.3
2025-06-04 03:00:00,U-sonic wind dir,U-sonic wind dir,deg,216.0
2025-06-04 03:00:00,Wind gust,Wind gust,m/s,36.2
2025-06-04 03:00:00,Solar radiation,Solar radiation,W/m2,0.0
2025-06-04 03:00:00,Precipitation,Precipitation,mm,0.0
2025-06-04 02:00:00,U-sonic wind dir,U-sonic wind dir,deg,256.0
2025-06-04 02:00:00,Solar Panel,Solar Panel,mV,0.0
2025-06-04 02:00:00,Solar radiation,Solar radiation,W/m2,0.0
2025-06-04 02:00:00,Wind gust,Wind gust,m/s,30.9
2025-06-04 02:00:00,U-sonic wind speed,U-sonic wind speed,m/s,11.1
2025-06-04 02:00:00,Battery,Battery,mV,6508.0
2025-06-04 02:00:00,Precipitation,Precipitation,mm,0.0
2025-06-04 01:00:00,Battery,Battery,mV,6508.0
2025-06-04 01:00:00,U-sonic wind speed,U-sonic wind speed,m/s,18.2
2025-06-04 01:00:00,U-sonic wind dir,U-sonic wind dir,deg,130.0
2025-06-04 01:00:00,Solar radiation,Solar radiation,W/m2,0.0
2025-06-04 01:00:00,Wind gust,Wind gust,m/s,29.9
2025-06-04 01:00:00,Precipitation,Precipitation,mm,0.0
2025-06-04 01:00:00,Solar Panel,Solar Panel,mV,0.0
2025-06-04 00:00:00,Wind gust,Wind gust,m/s,28.0
2025-06-04 00:00:00,Solar radiation,Solar radiation,W/m2,0.0
2025-06-04 00:00:00,U-sonic wind dir,U-sonic wind dir,deg,17.0
2025-06-04 00:00:00,Precipitation,Precipitation,mm,0.0
2025-06-04 00:00:00,Solar Panel,Solar Panel,mV,0.0
2025-06-04 00:00:00,U-sonic wind speed,U-sonic wind speed,m/s,9.2
2025-06-04 00:00:00,Battery,Battery,mV,6514.0
2025-06-03 23:00:00,U-sonic wind speed,U-sonic wind speed,m/s,10.7
2025-06-03 23:00:00,Wind gust,Wind gust,m/s,27.3
2025-06-03 23:00:00,Solar radiation,Solar radiation,W/m2,0.0
2025-06-03 23:00:00,Solar Panel,Solar Panel,mV,0.0
2025-06-03 23:00:00,Precipitation,Precipitation,mm,0.0
2025-06-03 23:00:00,Battery,Battery,mV,6519.0
2025-06-03 23:00:00,U-sonic wind dir,U-sonic wind dir,deg,208.0
2025-06-03 22:00:00,U-sonic wind speed,U-sonic wind speed,m/s,12.5
2025-06-03 22:00:00,U-sonic wind dir,U-sonic wind dir,deg,263.0
2025-06-03 22:00:00,Wind gust,Wind gust,m/s,26.8
2025-06-03 22:00:00,Solar radiation,Solar radiation,W/m2,0.0
2025-06-03 22:00:00,Solar Panel,Solar Panel,mV,0.0
2025-06-03 22:00:00,Precipitation,Precipitation,mm,0.0
2025-06-03 22:00:00,Battery,Battery,mV,6522.0
2025-06-03 21:00:00,Battery,Battery,mV,6522.0
2025-06-03 21:00:00,U-sonic wind dir,U-sonic wind dir,deg,113.0
2025-06-03 21:00:00,Solar radiation,Solar radiation,W/m2,0.0
2025-06-03 21:00:00,Solar Panel,Solar Panel,mV,0.0
2025-06-03 21:00:00,Precipitation,Precipitation,mm,0.0
2025-06-03 21:00:00,Wind gust,Wind gust,m/s,28.5
2025-06-03 21:00:00,U-sonic wind speed,U-sonic wind speed,m/s,18.0
2025-06-03 20:00:00,Wind gust,Wind gust,m/s,26.4
2025-06-03 20:00:00,U-sonic wind dir,U-sonic wind dir,deg,5.0
2025-06-03 20:00:00,Battery,Battery,mV,6534.0
2025-06-03 20:00:00,Precipitation,Precipitation,mm,0.0
2025-06-03 20:00:00,Solar Panel,Solar Panel,mV,0.0
2025-06-03 20:00:00,Solar radiation,Solar radiation,W/m2,0.0
2025-06-03 20:00:00,U-sonic wind speed,U-sonic wind speed,m/s,7.4
2025-06-03 19:00:00,Wind gust,Wind gust,m/s,16.9
2025-06-03 19:00:00,U-sonic wind speed,U-sonic wind speed,m/s,3.0
2025-06-03 19:00:00,Precipitation,Precipitation,mm,0.0
2025-06-03 19:00:00,Battery,Battery,mV,6528.0
2025-06-03 19:00:00,Solar Panel,Solar Panel,mV,0.0
2025-06-03 19:00:00,U-sonic wind dir,U-sonic wind dir,deg,90.0
2025-06-03 19:00:00,Solar radiation,Solar radiation,W/m2,4.0
2025-06-03 18:00:00,U-sonic wind speed,U-sonic wind speed,m/s,2.4
2025-06-03 18:00:00,U-sonic wind dir,U-sonic wind dir,deg,63.0
2025-06-03 18:00:00,Wind gust,Wind gust,m/s,4.9
2025-06-03 18:00:00,Solar radiation,Solar radiation,W/m2,38.0
2025-06-03 18:00:00,Solar Panel,Solar Panel,mV,3858.0
2025-06-03 18:00:00,Precipitation,Precipitation,mm,0.0
2025-06-03 18:00:00,Battery,Battery,mV,6565.0
2025-06-03 17:00:00,U-sonic wind speed,U-sonic wind speed,m/s,2.7
2025-06-03 17:00:00,Solar radiation,Solar radiation,W/m2,63.0
2025-06-03 17:00:00,U-sonic wind dir,U-sonic wind dir,deg,34.0
2025-06-03 17:00:00,Wind gust,Wind gust,m/s,5.1
2025-06-03 17:00:00,Solar Panel,Solar Panel,mV,6897.0
2025-06-03 17:00:00,Precipitation,Precipitation,mm,0.0
2025-06-03 17:00:00,Battery,Battery,mV,6696.0
2025-06-03 16:00:00,U-sonic wind speed,U-sonic wind speed,m/s,2.9
2025-06-03 16:00:00,Battery,Battery,mV,6656.0
2025-06-03 16:00:00,Precipitation,Precipitation,mm,0.0
2025-06-03 16:00:00,Solar Panel,Solar Panel,mV,6887.0
2025-06-03 16:00:00,Solar radiation,Solar radiation,W/m2,289.0
2025-06-03 16:00:00,Wind gust,Wind gust,m/s,5.5
2025-06-03 16:00:00,U-sonic wind dir,U-sonic wind dir,deg,25.0
2025-06-03 15:00:00,Wind gust,Wind gust,m/s,4.4
2025-06-03 15:00:00,U-sonic wind dir,U-sonic wind dir,deg,34.0
2025-06-03 15:00:00,U-sonic wind speed,U-sonic wind speed,m/s,1.7
2025-06-03 15:00:00,Precipitation,Precipitation,mm,0.0
2025-06-03 15:00:00,Solar radiation,Solar radiation,W/m2,345.0
2025-06-03 15:00:00,Battery,Battery,mV,6761.0
2025-06-03 15:00:00,Solar Panel,Solar Panel,mV,8018.0
2025-06-03 14:00:00,U-sonic wind speed,U-sonic wind speed,m/s,1.4
2025-06-03 14:00:00,Wind gust,Wind gust,m/s,4.1
2025-06-03 14:00:00,U-sonic wind dir,U-sonic wind dir,deg,65.0
2025-06-03 14:00:00,Precipitation,Precipitation,mm,0.0
2025-06-03 14:00:00,Battery,Battery,mV,6835.0
2025-06-03 14:00:00,Solar Panel,Solar Panel,mV,8229.0
2025-06-03 14:00:00,Solar radiation,Solar radiation,W/m2,840.0
2025-06-03 13:00:00,Solar Panel,Solar Panel,mV,9399.0
2025-06-03 13:00:00,Precipitation,Precipitation,mm,0.0
2025-06-03 13:00:00,U-sonic wind speed,U-sonic wind speed,m/s,1.2
2025-06-03 13:00:00,U-sonic wind dir,U-sonic wind dir,deg,85.0
2025-06-03 13:00:00,Wind gust,Wind gust,m/s,3.1
2025-06-03 13:00:00,Solar radiation,Solar radiation,W/m2,988.0
2025-06-03 13:00:00,Battery,Battery,mV,6813.0
2025-06-03 12:00:00,U-sonic wind dir,U-sonic wind dir,deg,284.0
2025-06-03 12:00:00,Solar radiation,Solar radiation,W/m2,1040.0
2025-06-03 12:00:00,Solar Panel,Solar Panel,mV,9864.0
2025-06-03 12:00:00,Precipitation,Precipitation,mm,0.0
2025-06-03 12:00:00,Battery,Battery,mV,6804.0
2025-06-03 12:00:00,Wind gust,Wind gust,m/s,3.6
2025-06-03 12:00:00,U-sonic wind speed,U-sonic wind speed,m/s,1.3
2025-06-03 11:00:00,Precipitation,Precipitation,mm,0.0
2025-06-03 11:00:00,Solar Panel,Solar Panel,mV,9840.0
2025-06-03 11:00:00,Battery,Battery,mV,6807.0
2025-06-03 11:00:00,U-sonic wind speed,U-sonic wind speed,m/s,0.9
2025-06-03 11:00:00,U-sonic wind dir,U-sonic wind dir,deg,296.0
2025-06-03 11:00:00,Wind gust,Wind gust,m/s,2.6
2025-06-03 11:00:00,Solar radiation,Solar radiation,W/m2,1017.0
2025-06-03 10:00:00,U-sonic wind speed,U-sonic wind speed,m/s,0.9
2025-06-03 10:00:00,U-sonic wind dir,U-sonic wind dir,deg,239.0
2025-06-03 10:00:00,Solar radiation,Solar radiation,W/m2,927.0
2025-06-03 10:00:00,Wind gust,Wind gust,m/s,2.5
2025-06-03 10:00:00,Precipitation,Precipitation,mm,0.0
2025-06-03 10:00:00,Battery,Battery,mV,6807.0
2025-06-03 10:00:00,Solar Panel,Solar Panel,mV,9912.0
2025-06-03 09:00:00,Battery,Battery,mV,6798.0
2025-06-03 09:00:00,Precipitation,Precipitation,mm,0.0
2025-06-03 09:00:00,U-sonic wind speed,U-sonic wind speed,m/s,0.9
2025-06-03 09:00:00,U-sonic wind dir,U-sonic wind dir,deg,286.0
2025-06-03 09:00:00,Wind gust,Wind gust,m/s,2.9
2025-06-03 09:00:00,Solar radiation,Solar radiation,W/m2,789.0
2025-06-03 09:00:00,Solar Panel,Solar Panel,mV,9897.0
2025-06-03 08:00:00,U-sonic wind speed,U-sonic wind speed,m/s,7.1
2025-06-03 08:00:00,Solar radiation,Solar radiation,W/m2,621.0
2025-06-03 08:00:00,Solar Panel,Solar Panel,mV,9820.0
2025-06-03 08:00:00,Precipitation,Precipitation,mm,0.0
2025-06-03 08:00:00,Battery,Battery,mV,6798.0
2025-06-03 08:00:00,U-sonic wind dir,U-sonic wind dir,deg,266.0
2025-06-03 08:00:00,Wind gust,Wind gust,m/s,38.2
2025-06-03 07:00:00,Precipitation,Precipitation,mm,0.0
2025-06-03 07:00:00,Solar Panel,Solar Panel,mV,9566.0
2025-06-03 07:00:00,Solar radiation,Solar radiation,W/m2,424.0
2025-06-03 07:00:00,Battery,Battery,mV,6796.0
2025-06-03 07:00:00,U-sonic wind speed,U-sonic wind speed,m/s,11.4
2025-06-03 07:00:00,U-sonic wind dir,U-sonic wind dir,deg,263.0
2025-06-03 07:00:00,Wind gust,Wind gust,m/s,29.9
2025-06-03 06:00:00,Solar radiation,Solar radiation,W/m2,227.0
2025-06-03 06:00:00,Precipitation,Precipitation,mm,0.0
2025-06-03 06:00:00,Solar Panel,Solar Panel,mV,9111.0
2025-06-03 06:00:00,Wind gust,Wind gust,m/s,40.2
2025-06-03 06:00:00,U-sonic wind dir,U-sonic wind dir,deg,125.0
2025-06-03 06:00:00,Battery,Battery,mV,6796.0
2025-06-03 06:00:00,U-sonic wind speed,U-sonic wind speed,m/s,11.9
2025-06-03 05:00:00,U-sonic wind dir,U-sonic wind dir,deg,27.0
2025-06-03 05:00:00,Wind gust,Wind gust,m/s,40.2
2025-06-03 05:00:00,U-sonic wind speed,U-sonic wind speed,m/s,20.4
2025-06-03 05:00:00,Battery,Battery,mV,6571.0
2025-06-03 05:00:00,Precipitation,Precipitation,mm,0.0
2025-06-03 05:00:00,Solar Panel,Solar Panel,mV,6801.0
2025-06-03 05:00:00,Solar radiation,Solar radiation,W/m2,18.0
2025-06-03 04:00:00,Precipitation,Precipitation,mm,0.0
2025-06-03 04:00:00,Battery,Battery,mV,6502.0
2025-06-03 04:00:00,U-sonic wind dir,U-sonic wind dir,deg,10.0
2025-06-03 04:00:00,Solar radiation,Solar radiation,W/m2,0.0
2025-06-03 04:00:00,U-sonic wind speed,U-sonic wind speed,m/s,13.0
2025-06-03 04:00:00,Wind gust,Wind gust,m/s,24.2
2025-06-03 04:00:00,Solar Panel,Solar Panel,mV,0.0
2025-06-03 03:00:00,U-sonic wind speed,U-sonic wind speed,m/s,12.3
2025-06-03 03:00:00,Precipitation,Precipitation,mm,0.0
2025-06-03 03:00:00,Solar Panel,Solar Panel,mV,0.0
2025-06-03 03:00:00,Solar radiation,Solar radiation,W/m2,0.0
2025-06-03 03:00:00,Wind gust,Wind gust,m/s,31.5
2025-06-03 03:00:00,U-sonic wind dir,U-sonic wind dir,deg,340.0
2025-06-03 03:00:00,Battery,Battery,mV,6508.0
2025-06-03 02:00:00,Precipitation,Precipitation,mm,0.0
2025-06-03 02:00:00,U-sonic wind speed,U-sonic wind speed,m/s,8.7
2025-06-03 02:00:00,Wind gust,Wind gust,m/s,31.8
2025-06-03 02:00:00,U-sonic wind dir,U-sonic wind dir,deg,75.0
2025-06-03 02:00:00,Solar radiation,Solar radiation,W/m2,0.0
2025-06-03 02:00:00,Solar Panel,Solar Panel,mV,0.0
2025-06-03 02:00:00,Battery,Battery,mV,6505.0
2025-06-03 01:00:00,U-sonic wind dir,U-sonic wind dir,deg,283.0
2025-06-03 01:00:00,Solar Panel,Solar Panel,mV,0.0
2025-06-03 01:00:00,Solar radiation,Solar radiation,W/m2,0.0
2025-06-03 01:00:00,Precipitation,Precipitation,mm,0.0
2025-06-03 01:00:00,Battery,Battery,mV,6508.0
2025-06-03 01:00:00,U-sonic wind speed,U-sonic wind speed,m/s,20.9
2025-06-03 01:00:00,Wind gust,Wind gust,m/s,29.1
2025-06-03 00:00:00,Battery,Battery,mV,6511.0
2025-06-03 00:00:00,U-sonic wind speed,U-sonic wind speed,m/s,21.0
2025-06-03 00:00:00,Wind gust,Wind gust,m/s,37.0
2025-06-03 00:00:00,U-sonic wind dir,U-sonic wind dir,deg,215.0
2025-06-03 00:00:00,Solar radiation,Solar radiation,W/m2,0.0
2025-06-03 00:00:00,Solar Panel,Solar Panel,mV,0.0
2025-06-03 00:00:00,Precipitation,Precipitation,mm,0.0
2025-06-02 23:00:00,Solar Panel,Solar Panel,mV,0.0
2025-06-02 23:00:00,Solar radiation,Solar radiation,W/m2,0.0
2025-06-02 23:00:00,Wind gust,Wind gust,m/s,29.1
2025-06-02 23:00:00,U-sonic wind dir,U-sonic wind dir,deg,112.0
2025-06-02 23:00:00,U-sonic wind speed,U-sonic wind speed,m/s,19.2
2025-06-02 23:00:00,Battery,Battery,mV,6522.0
2025-06-02 23:00:00,Precipitation,Precipitation,mm,0.0
2025-06-02 22:00:00,Battery,Battery,mV,6525.0
2025-06-02 22:00:00,Precipitation,Precipitation,mm,0.0
2025-06-02 22:00:00,Solar Panel,Solar Panel,mV,0.0
2025-06-02 22:00:00,Wind gust,Wind gust,m/s,32.7
2025-06-02 22:00:00,U-sonic wind dir,U-sonic wind dir,deg,259.0
2025-06-02 22:00:00,U-sonic wind speed,U-sonic wind speed,m/s,15.5
2025-06-02 22:00:00,Solar radiation,Solar radiation,W/m2,0.0
2025-06-02 21:00:00,Precipitation,Precipitation,mm,0.0
2025-06-02 21:00:00,Battery,Battery,mV,6534.0
2025-06-02 21:00:00,U-sonic wind dir,U-sonic wind dir,deg,21.0
2025-06-02 21:00:00,Solar radiation,Solar radiation,W/m2,0.0
2025-06-02 21:00:00,Solar Panel,Solar Panel,mV,0.0
2025-06-02 21:00:00,Wind gust,Wind gust,m/s,21.1
2025-06-02 21:00:00,U-sonic wind speed,U-sonic wind speed,m/s,16.0
2025-06-02 20:00:00,Precipitation,Precipitation,mm,0.0
2025-06-02 20:00:00,Solar radiation,Solar radiation,W/m2,0.0
2025-06-02 20:00:00,Battery,Battery,mV,6536.0
2025-06-02 20:00:00,Solar Panel,Solar Panel,mV,0.0
2025-06-02 20:00:00,U-sonic wind dir,U-sonic wind dir,deg,345.0
2025-06-02 20:00:00,U-sonic wind speed,U-sonic wind speed,m/s,13.0
2025-06-02 20:00:00,Wind gust,Wind gust,m/s,30.7
2025-06-02 19:00:00,U-sonic wind speed,U-sonic wind speed,m/s,2.7
2025-06-02 19:00:00,U-sonic wind dir,U-sonic wind dir,deg,11.0
2025-06-02 19:00:00,Solar radiation,Solar radiation,W/m2,2.0
2025-06-02 19:00:00,Solar Panel,Solar Panel,mV,0.0
2025-06-02 19:00:00,Precipitation,Precipitation,mm,0.0
2025-06-02 19:00:00,Battery,Battery,mV,6539.0
2025-06-02 19:00:00,Wind gust,Wind gust,m/s,16.6
2025-06-02 18:00:00,U-sonic wind speed,U-sonic wind speed,m/s,3.2
2025-06-02 18:00:00,Solar Panel,Solar Panel,mV,3925.0
2025-06-02 18:00:00,Solar radiation,Solar radiation,W/m2,33.0
2025-06-02 18:00:00,Wind gust,Wind gust,m/s,10.4
2025-06-02 18:00:00,Precipitation,Precipitation,mm,0.0
2025-06-02 18:00:00,U-sonic wind dir,U-sonic wind dir,deg,139.0
2025-06-02 18:00:00,Battery,Battery,mV,6630.0
2025-06-02 17:00:00,Solar radiation,Solar radiation,W/m2,47.0
2025-06-02 17:00:00,U-sonic wind dir,U-sonic wind dir,deg,141.0
2025-06-02 17:00:00,U-sonic wind speed,U-sonic wind speed,m/s,3.1
2025-06-02 17:00:00,Battery,Battery,mV,6767.0
2025-06-02 17:00:00,Precipitation,Precipitation,mm,0.0
2025-06-02 17:00:00,Solar Panel,Solar Panel,mV,6954.0
2025-06-02 17:00:00,Wind gust,Wind gust,m/s,5.6
2025-06-02 16:00:00,Precipitation,Precipitation,mm,0.0
2025-06-02 16:00:00,Solar radiation,Solar radiation,W/m2,280.0
2025-06-02 16:00:00,Solar Panel,Solar Panel,mV,6997.0
2025-06-02 16:00:00,Wind gust,Wind gust,m/s,4.2
2025-06-02 16:00:00,Battery,Battery,mV,6784.0
2025-06-02 16:00:00,U-sonic wind speed,U-sonic wind speed,m/s,2.3
2025-06-02 16:00:00,U-sonic wind dir,U-sonic wind dir,deg,156.0
2025-06-02 15:00:00,Battery,Battery,mV,6759.0
2025-06-02 15:00:00,Precipitation,Precipitation,mm,0.0
2025-06-02 15:00:00,U-sonic wind dir,U-sonic wind dir,deg,130.0
2025-06-02 15:00:00,U-sonic wind speed,U-sonic wind speed,m/s,2.5
2025-06-02 15:00:00,Wind gust,Wind gust,m/s,5.6
2025-06-02 15:00:00,Solar Panel,Solar Panel,mV,7769.0
2025-06-02 15:00:00,Solar radiation,Solar radiation,W/m2,329.0
2025-06-02 14:00:00,U-sonic wind speed,U-sonic wind speed,m/s,2.6
2025-06-02 14:00:00,Solar Panel,Solar Panel,mV,8172.0
2025-06-02 14:00:00,Solar radiation,Solar radiation,W/m2,858.0
2025-06-02 14:00:00,U-sonic wind dir,U-sonic wind dir,deg,165.0
2025-06-02 14:00:00,Battery,Battery,mV,6844.0
2025-06-02 14:00:00,Precipitation,Precipitation,mm,0.0
2025-06-02 14:00:00,Wind gust,Wind gust,m/s,5.8
2025-06-02 13:00:00,Wind gust,Wind gust,m/s,4.6
2025-06-02 13:00:00,U-sonic wind dir,U-sonic wind dir,deg,116.0
2025-06-02 13:00:00,U-sonic wind speed,U-sonic wind speed,m/s,1.6
2025-06-02 13:00:00,Battery,Battery,mV,6804.0
2025-06-02 13:00:00,Precipitation,Precipitation,mm,0.0
2025-06-02 13:00:00,Solar Panel,Solar Panel,mV,9835.0
2025-06-02 13:00:00,Solar radiation,Solar radiation,W/m2,1004.0
2025-06-02 12:00:00,Solar Panel,Solar Panel,mV,9902.0
2025-06-02 12:00:00,U-sonic wind dir,U-sonic wind dir,deg,201.0
2025-06-02 12:00:00,U-sonic wind speed,U-sonic wind speed,m/s,2.4
2025-06-02 12:00:00,Battery,Battery,mV,6804.0
2025-06-02 12:00:00,Precipitation,Precipitation,mm,0.0
2025-06-02 12:00:00,Wind gust,Wind gust,m/s,5.6
2025-06-02 12:00:00,Solar radiation,Solar radiation,W/m2,1051.0
2025-06-02 11:00:00,Precipitation,Precipitation,mm,0.0
2025-06-02 11:00:00,Battery,Battery,mV,6807.0
2025-06-02 11:00:00,U-sonic wind speed,U-sonic wind speed,m/s,2.0
2025-06-02 11:00:00,Solar Panel,Solar Panel,mV,9983.0
2025-06-02 11:00:00,U-sonic wind dir,U-sonic wind dir,deg,205.0
2025-06-02 11:00:00,Wind gust,Wind gust,m/s,6.1
2025-06-02 11:00:00,Solar radiation,Solar radiation,W/m2,1031.0
2025-06-02 10:00:00,Wind gust,Wind gust,m/s,4.1
2025-06-02 10:00:00,U-sonic wind dir,U-sonic wind dir,deg,18.0
2025-06-02 10:00:00,U-sonic wind speed,U-sonic wind speed,m/s,1.5
2025-06-02 10:00:00,Battery,Battery,mV,6810.0
2025-06-02 10:00:00,Precipitation,Precipitation,mm,0.0
2025-06-02 10:00:00,Solar Panel,Solar Panel,mV,9950.0
2025-06-02 10:00:00,Solar radiation,Solar radiation,W/m2,934.0
2025-06-02 09:00:00,Solar radiation,Solar radiation,W/m2,798.0
2025-06-02 09:00:00,Precipitation,Precipitation,mm,0.0
2025-06-02 09:00:00,Battery,Battery,mV,6810.0
2025-06-02 09:00:00,U-sonic wind speed,U-sonic wind speed,m/s,1.4
2025-06-02 09:00:00,U-sonic wind dir,U-sonic wind dir,deg,92.0
2025-06-02 09:00:00,Wind gust,Wind gust,m/s,3.7
2025-06-02 09:00:00,Solar Panel,Solar Panel,mV,9964.0
2025-06-02 08:00:00,Solar radiation,Solar radiation,W/m2,629.0
2025-06-02 08:00:00,Battery,Battery,mV,6804.0
2025-06-02 08:00:00,U-sonic wind speed,U-sonic wind speed,m/s,17.0
2025-06-02 08:00:00,U-sonic wind dir,U-sonic wind dir,deg,147.0
2025-06-02 08:00:00,Precipitation,Precipitation,mm,0.0
2025-06-02 08:00:00,Wind gust,Wind gust,m/s,36.4
2025-06-02 08:00:00,Solar Panel,Solar Panel,mV,9854.0
2025-06-02 07:00:00,Wind gust,Wind gust,m/s,36.9
2025-06-02 07:00:00,Solar radiation,Solar radiation,W/m2,441.0
2025-06-02 07:00:00,Solar Panel,Solar Panel,mV,9571.0
2025-06-02 07:00:00,Precipitation,Precipitation,mm,0.0
2025-06-02 07:00:00,Battery,Battery,mV,6798.0
2025-06-02 07:00:00,U-sonic wind speed,U-sonic wind speed,m/s,19.8
2025-06-02 07:00:00,U-sonic wind dir,U-sonic wind dir,deg,208.0
2025-06-02 06:00:00,Battery,Battery,mV,6804.0
2025-06-02 06:00:00,Solar Panel,Solar Panel,mV,9284.0
2025-06-02 06:00:00,Solar radiation,Solar radiation,W/m2,229.0
2025-06-02 06:00:00,Wind gust,Wind gust,m/s,27.5
2025-06-02 06:00:00,U-sonic wind dir,U-sonic wind dir,deg,85.0
2025-06-02 06:00:00,Precipitation,Precipitation,mm,0.0
2025-06-02 06:00:00,U-sonic wind speed,U-sonic wind speed,m/s,11.1
2025-06-02 05:00:00,Wind gust,Wind gust,m/s,24.8
2025-06-02 05:00:00,U-sonic wind speed,U-sonic wind speed,m/s,13.5
2025-06-02 05:00:00,Battery,Battery,mV,6568.0
2025-06-02 05:00:00,Precipitation,Precipitation,mm,0.0
2025-06-02 05:00:00,Solar Panel,Solar Panel,mV,6782.0
2025-06-02 05:00:00,Solar radiation,Solar radiation,W/m2,11.0
2025-06-02 05:00:00,U-sonic wind dir,U-sonic wind dir,deg,135.0
2025-06-02 04:00:00,Solar Panel,Solar Panel,mV,0.0
2025-06-02 04:00:00,Solar radiation,Solar radiation,W/m2,0.0
2025-06-02 04:00:00,U-sonic wind dir,U-sonic wind dir,deg,172.0
2025-06-02 04:00:00,Wind gust,Wind gust,m/s,32.8
2025-06-02 04:00:00,U-sonic wind speed,U-sonic wind speed,m/s,11.9
2025-06-02 04:00:00,Battery,Battery,mV,6502.0
2025-06-02 04:00:00,Precipitation,Precipitation,mm,0.0
2025-06-02 03:00:00,Solar Panel,Solar Panel,mV,0.0
2025-06-02 03:00:00,Wind gust,Wind gust,m/s,40.2
2025-06-02 03:00:00,U-sonic wind dir,U-sonic wind dir,deg,111.0
2025-06-02 03:00:00,U-sonic wind speed,U-sonic wind speed,m/s,26.9
2025-06-02 03:00:00,Battery,Battery,mV,6502.0
2025-06-02 03:00:00,Precipitation,Precipitation,mm,0.0
2025-06-02 03:00:00,Solar radiation,Solar radiation,W/m2,0.0
2025-06-02 02:00:00,U-sonic wind speed,U-sonic wind speed,m/s,14.7
2025-06-02 02:00:00,Precipitation,Precipitation,mm,0.0
2025-06-02 02:00:00,Wind gust,Wind gust,m/s,30.7
2025-06-02 02:00:00,U-sonic wind dir,U-sonic wind dir,deg,307.0
2025-06-02 02:00:00,Solar Panel,Solar Panel,mV,0.0
2025-06-02 02:00:00,Solar radiation,Solar radiation,W/m2,0.0
2025-06-02 02:00:00,Battery,Battery,mV,6508.0
2025-06-02 01:00:00,Precipitation,Precipitation,mm,0.0
2025-06-02 01:00:00,Solar radiation,Solar radiation,W/m2,0.0
2025-06-02 01:00:00,Wind gust,Wind gust,m/s,34.3
2025-06-02 01:00:00,U-sonic wind dir,U-sonic wind dir,deg,96.0
2025-06-02 01:00:00,U-sonic wind speed,U-sonic wind speed,m/s,17.9
2025-06-02 01:00:00,Battery,Battery,mV,6511.0
2025-06-02 01:00:00,Solar Panel,Solar Panel,mV,0.0
2025-06-02 00:00:00,Solar Panel,Solar Panel,mV,0.0
2025-06-02 00:00:00,Precipitation,Precipitation,mm,0.0
2025-06-02 00:00:00,Battery,Battery,mV,6514.0
2025-06-02 00:00:00,Solar radiation,Solar radiation,W/m2,0.0
2025-06-02 00:00:00,Wind gust,Wind gust,m/s,40.2
2025-06-02 00:00:00,U-sonic wind dir,U-sonic wind dir,deg,327.0
2025-06-02 00:00:00,U-sonic wind speed,U-sonic wind speed,m/s,22.4
2025-06-01 23:00:00,Wind gust,Wind gust,m/s,27.8
2025-06-01 23:00:00,U-sonic wind speed,U-sonic wind speed,m/s,21.6
2025-06-01 23:00:00,Battery,Battery,mV,6516.0
2025-06-01 23:00:00,Precipitation,Precipitation,mm,0.0
2025-06-01 23:00:00,Solar Panel,Solar Panel,mV,0.0
2025-06-01 23:00:00,Solar radiation,Solar radiation,W/m2,0.0
2025-06-01 23:00:00,U-sonic wind dir,U-sonic wind dir,deg,250.0
2025-06-01 22:00:00,U-sonic wind speed,U-sonic wind speed,m/s,22.7
2025-06-01 22:00:00,Battery,Battery,mV,6525.0
2025-06-01 22:00:00,Solar radiation,Solar radiation,W/m2,0.0
2025-06-01 22:00:00,Precipitation,Precipitation,mm,0.0
2025-06-01 22:00:00,Solar Panel,Solar Panel,mV,0.0
2025-06-01 22:00:00,Wind gust,Wind gust,m/s,28.2
2025-06-01 22:00:00,U-sonic wind dir,U-sonic wind dir,deg,149.0
2025-06-01 21:00:00,Precipitation,Precipitation,mm,0.0
2025-06-01 21:00:00,Solar Panel,Solar Panel,mV,0.0
2025-06-01 21:00:00,Solar radiation,Solar radiation,W/m2,0.0
2025-06-01 21:00:00,Wind gust,Wind gust,m/s,35.4
2025-06-01 21:00:00,U-sonic wind dir,U-sonic wind dir,deg,154.0
2025-06-01 21:00:00,U-sonic wind speed,U-sonic wind speed,m/s,21.3
2025-06-01 21:00:00,Battery,Battery,mV,6534.0
2025-06-01 20:00:00,Solar radiation,Solar radiation,W/m2,0.0
2025-06-01 20:00:00,Solar Panel,Solar Panel,mV,0.0
2025-06-01 20:00:00,Battery,Battery,mV,6534.0
2025-06-01 20:00:00,U-sonic wind dir,U-sonic wind dir,deg,283.0
2025-06-01 20:00:00,U-sonic wind speed,U-sonic wind speed,m/s,13.5
2025-06-01 20:00:00,Precipitation,Precipitation,mm,0.0
2025-06-01 20:00:00,Wind gust,Wind gust,m/s,30.2
2025-06-01 19:00:00,Solar Panel,Solar Panel,mV,0.0
2025-06-01 19:00:00,Battery,Battery,mV,6548.0
2025-06-01 19:00:00,U-sonic wind speed,U-sonic wind speed,m/s,10.6
2025-06-01 19:00:00,U-sonic wind dir,U-sonic wind dir,deg,118.0
2025-06-01 19:00:00,Wind gust,Wind gust,m/s,31.0
2025-06-01 19:00:00,Solar radiation,Solar radiation,W/m2,0.0
2025-06-01 19:00:00,Precipitation,Precipitation,mm,0.0
2025-06-01 18:00:00,Solar Panel,Solar Panel,mV,3781.0
2025-06-01 18:00:00,U-sonic wind dir,U-sonic wind dir,deg,79.0
2025-06-01 18:00:00,Solar radiation,Solar radiation,W/m2,31.0
2025-06-01 18:00:00,Precipitation,Precipitation,mm,0.0
2025-06-01 18:00:00,Battery,Battery,mV,6665.0
2025-06-01 18:00:00,U-sonic wind speed,U-sonic wind speed,m/s,4.1
2025-06-01 18:00:00,Wind gust,Wind gust,m/s,29.9
2025-06-01 17:00:00,Precipitation,Precipitation,mm,0.0
2025-06-01 17:00:00,Wind gust,Wind gust,m/s,5.9
2025-06-01 17:00:00,Battery,Battery,mV,6773.0
2025-06-01 17:00:00,U-sonic wind speed,U-sonic wind speed,m/s,2.6
2025-06-01 17:00:00,U-sonic wind dir,U-sonic wind dir,deg,113.0
2025-06-01 17:00:00,Solar Panel,Solar Panel,mV,6964.0
2025-06-01 17:00:00,Solar radiation,Solar radiation,W/m2,41.0
2025-06-01 16:00:00,Precipitation,Precipitation,mm,0.0
2025-06-01 16:00:00,Solar radiation,Solar radiation,W/m2,280.0
2025-06-01 16:00:00,U-sonic wind dir,U-sonic wind dir,deg,81.0
2025-06-01 16:00:00,Solar Panel,Solar Panel,mV,7740.0
2025-06-01 16:00:00,Wind gust,Wind gust,m/s,5.9
2025-06-01 16:00:00,Battery,Battery,mV,6764.0
2025-06-01 16:00:00,U-sonic wind speed,U-sonic wind speed,m/s,2.7
2025-06-01 15:00:00,U-sonic wind speed,U-sonic wind speed,m/s,2.7
2025-06-01 15:00:00,U-sonic wind dir,U-sonic wind dir,deg,106.0
2025-06-01 15:00:00,Wind gust,Wind gust,m/s,5.9
2025-06-01 15:00:00,Solar Panel,Solar Panel,mV,7735.0
2025-06-01 15:00:00,Precipitation,Precipitation,mm,0.0
2025-06-01 15:00:00,Battery,Battery,mV,6770.0
2025-06-01 15:00:00,Solar radiation,Solar radiation,W/m2,335.0
2025-06-01 14:00:00,Battery,Battery,mV,6847.0
2025-06-01 14:00:00,Solar radiation,Solar radiation,W/m2,875.0
2025-06-01 14:00:00,U-sonic wind speed,U-sonic wind speed,m/s,2.7
2025-06-01 14:00:00,U-sonic wind dir,U-sonic wind dir,deg,92.0
2025-06-01 14:00:00,Wind gust,Wind gust,m/s,5.7
2025-06-01 14:00:00,Solar Panel,Solar Panel,mV,7688.0
2025-06-01 14:00:00,Precipitation,Precipitation,mm,0.0
2025-06-01 13:00:00,U-sonic wind dir,U-sonic wind dir,deg,158.0
2025-06-01 13:00:00,Wind gust,Wind gust,m/s,5.4
2025-06-01 13:00:00,Solar radiation,Solar radiation,W/m2,1019.0
2025-06-01 13:00:00,Precipitation,Precipitation,mm,0.0
2025-06-01 13:00:00,Battery,Battery,mV,6804.0
2025-06-01 13:00:00,Solar Panel,Solar Panel,mV,9878.0
2025-06-01 13:00:00,U-sonic wind speed,U-sonic wind speed,m/s,2.7
2025-06-01 12:00:00,Solar Panel,Solar Panel,mV,9945.0
2025-06-01 12:00:00,Solar radiation,Solar radiation,W/m2,1070.0
2025-06-01 12:00:00,Precipitation,Precipitation,mm,0.0
2025-06-01 12:00:00,U-sonic wind speed,U-sonic wind speed,m/s,2.4
2025-06-01 12:00:00,Battery,Battery,mV,6804.0
2025-06-01 12:00:00,U-sonic wind dir,U-sonic wind dir,deg,123.0
2025-06-01 12:00:00,Wind gust,Wind gust,m/s,5.3
2025-06-01 11:00:00,Precipitation,Precipitation,mm,0.0
2025-06-01 11:00:00,Solar Panel,Solar Panel,mV,9974.0
2025-06-01 11:00:00,Wind gust,Wind gust,m/s,4.7
2025-06-01 11:00:00,Battery,Battery,mV,6810.0
2025-06-01 11:00:00,U-sonic wind dir,U-sonic wind dir,deg,106.0
2025-06-01 11:00:00,U-sonic wind speed,U-sonic wind speed,m/s,1.8
2025-06-01 11:00:00,Solar radiation,Solar radiation,W/m2,1036.0
2025-06-01 10:00:00,U-sonic wind speed,U-sonic wind speed,m/s,1.4
2025-06-01 10:00:00,Solar Panel,Solar Panel,mV,9998.0
2025-06-01 10:00:00,Battery,Battery,mV,6807.0
2025-06-01 10:00:00,Precipitation,Precipitation,mm,0.0
2025-06-01 10:00:00,Wind gust,Wind gust,m/s,4.0
2025-06-01 10:00:00,Solar radiation,Solar radiation,W/m2,948.0
2025-06-01 10:00:00,U-sonic wind dir,U-sonic wind dir,deg,104.0
2025-06-01 09:00:00,Battery,Battery,mV,6807.0
2025-06-01 09:00:00,U-sonic wind speed,U-sonic wind speed,m/s,3.0
2025-06-01 09:00:00,Precipitation,Precipitation,mm,0.0
2025-06-01 09:00:00,Solar Panel,Solar Panel,mV,9959.0
2025-06-01 09:00:00,Solar radiation,Solar radiation,W/m2,807.0
2025-06-01 09:00:00,U-sonic wind dir,U-sonic wind dir,deg,67.0
2025-06-01 09:00:00,Wind gust,Wind gust,m/s,31.8
2025-06-01 08:00:00,Precipitation,Precipitation,mm,0.0
2025-06-01 08:00:00,Solar Panel,Solar Panel,mV,9888.0
2025-06-01 08:00:00,Battery,Battery,mV,6804.0
2025-06-01 08:00:00,U-sonic wind speed,U-sonic wind speed,m/s,10.2
2025-06-01 08:00:00,U-sonic wind dir,U-sonic wind dir,deg,138.0
2025-06-01 08:00:00,Wind gust,Wind gust,m/s,30.2
2025-06-01 08:00:00,Solar radiation,Solar radiation,W/m2,636.0
2025-06-01 07:00:00,Precipitation,Precipitation,mm,0.0
2025-06-01 07:00:00,Solar Panel,Solar Panel,mV,9763.0
2025-06-01 07:00:00,Solar radiation,Solar radiation,W/m2,446.0
2025-06-01 07:00:00,U-sonic wind dir,U-sonic wind dir,deg,243.0
2025-06-01 07:00:00,Wind gust,Wind gust,m/s,28.0
2025-06-01 07:00:00,U-sonic wind speed,U-sonic wind speed,m/s,19.3
2025-06-01 07:00:00,Battery,Battery,mV,6801.0
2025-06-01 06:00:00,Precipitation,Precipitation,mm,0.0
2025-06-01 06:00:00,Solar radiation,Solar radiation,W/m2,203.0
2025-06-01 06:00:00,U-sonic wind speed,U-sonic wind speed,m/s,21.8
2025-06-01 06:00:00,Wind gust,Wind gust,m/s,40.2
2025-06-01 06:00:00,U-sonic wind dir,U-sonic wind dir,deg,298.0
2025-06-01 06:00:00,Battery,Battery,mV,6804.0
2025-06-01 06:00:00,Solar Panel,Solar Panel,mV,9375.0
2025-06-01 05:00:00,Battery,Battery,mV,6582.0
2025-06-01 05:00:00,Wind gust,Wind gust,m/s,40.2
2025-06-01 05:00:00,Solar radiation,Solar radiation,W/m2,8.0
2025-06-01 05:00:00,Solar Panel,Solar Panel,mV,6810.0
2025-06-01 05:00:00,U-sonic wind speed,U-sonic wind speed,m/s,14.8
2025-06-01 05:00:00,U-sonic wind dir,U-sonic wind dir,deg,357.0
2025-06-01 05:00:00,Precipitation,Precipitation,mm,0.0
2025-06-01 04:00:00,Solar Panel,Solar Panel,mV,0.0
2025-06-01 04:00:00,Solar radiation,Solar radiation,W/m2,0.0
2025-06-01 04:00:00,Precipitation,Precipitation,mm,0.0
2025-06-01 04:00:00,Battery,Battery,mV,6511.0
2025-06-01 04:00:00,U-sonic wind speed,U-sonic wind speed,m/s,18.1
2025-06-01 04:00:00,U-sonic wind dir,U-sonic wind dir,deg,131.0
2025-06-01 04:00:00,Wind gust,Wind gust,m/s,35.6
2025-06-01 03:00:00,Solar Panel,Solar Panel,mV,0.0
2025-06-01 03:00:00,Precipitation,Precipitation,mm,0.0
2025-06-01 03:00:00,U-sonic wind dir,U-sonic wind dir,deg,104.0
2025-06-01 03:00:00,Battery,Battery,mV,6514.0
2025-06-01 03:00:00,Wind gust,Wind gust,m/s,30.7
2025-06-01 03:00:00,U-sonic wind speed,U-sonic wind speed,m/s,16.9
2025-06-01 03:00:00,Solar radiation,Solar radiation,W/m2,0.0
2025-06-01 02:00:00,U-sonic wind dir,U-sonic wind dir,deg,51.0
2025-06-01 02:00:00,U-sonic wind speed,U-sonic wind speed,m/s,25.5
2025-06-01 02:00:00,Battery,Battery,mV,6516.0
2025-06-01 02:00:00,Precipitation,Precipitation,mm,0.0
2025-06-01 02:00:00,Wind gust,Wind gust,m/s,40.2
2025-06-01 02:00:00,Solar radiation,Solar radiation,W/m2,0.0
2025-06-01 02:00:00,Solar Panel,Solar Panel,mV,0.0
2025-06-01 01:00:00,U-sonic wind speed,U-sonic wind speed,m/s,17.3
2025-06-01 01:00:00,Solar Panel,Solar Panel,mV,0.0
2025-06-01 01:00:00,Precipitation,Precipitation,mm,0.0
2025-06-01 01:00:00,Battery,Battery,mV,6522.0
2025-06-01 01:00:00,Solar radiation,Solar radiation,W/m2,0.0
2025-06-01 01:00:00,Wind gust,Wind gust,m/s,36.8
2025-06-01 01:00:00,U-sonic wind dir,U-sonic wind dir,deg,98.0
2025-06-01 00:00:00,Solar radiation,Solar radiation,W/m2,0.0
2025-06-01 00:00:00,U-sonic wind speed,U-sonic wind speed,m/s,1.2
2025-06-01 00:00:00,Battery,Battery,mV,6519.0
2025-06-01 00:00:00,Precipitation,Precipitation,mm,0.0
2025-06-01 00:00:00,Solar Panel,Solar Panel,mV,0.0
2025-06-01 00:00:00,U-sonic wind dir,U-sonic wind dir,deg,353.0
2025-06-01 00:00:00,Wind gust,Wind gust,m/s,17.3
2025-05-31 23:00:00,Battery,Battery,mV,6534.0
2025-05-31 23:00:00,U-sonic wind dir,U-sonic wind dir,deg,85.0
2025-05-31 23:00:00,Solar radiation,Solar radiation,W/m2,0.0
2025-05-31 23:00:00,Solar Panel,Solar Panel,mV,0.0
2025-05-31 23:00:00,Precipitation,Precipitation,mm,0.0
2025-05-31 23:00:00,Wind gust,Wind gust,m/s,0.7
2025-05-31 23:00:00,U-sonic wind speed,U-sonic wind speed,m/s,0.3
2025-05-31 22:00:00,Precipitation,Precipitation,mm,0.0
2025-05-31 22:00:00,Solar radiation,Solar radiation,W/m2,0.0
2025-05-31 22:00:00,Solar Panel,Solar Panel,mV,0.0
2025-05-31 22:00:00,Battery,Battery,mV,6534.0
2025-05-31 22:00:00,U-sonic wind speed,U-sonic wind speed,m/s,9.4
2025-05-31 22:00:00,U-sonic wind dir,U-sonic wind dir,deg,102.0
2025-05-31 22:00:00,Wind gust,Wind gust,m/s,25.0
2025-05-31 21:00:00,Wind gust,Wind gust,m/s,34.1
2025-05-31 21:00:00,U-sonic wind dir,U-sonic wind dir,deg,323.0
2025-05-31 21:00:00,U-sonic wind speed,U-sonic wind speed,m/s,24.5
2025-05-31 21:00:00,Battery,Battery,mV,6536.0
2025-05-31 21:00:00,Precipitation,Precipitation,mm,0.0
2025-05-31 21:00:00,Solar Panel,Solar Panel,mV,0.0
2025-05-31 21:00:00,Solar radiation,Solar radiation,W/m2,0.0
2025-05-31 20:00:00,Solar radiation,Solar radiation,W/m2,0.0
2025-05-31 20:00:00,Solar Panel,Solar Panel,mV,0.0
2025-05-31 20:00:00,Wind gust,Wind gust,m/s,35.0
2025-05-31 20:00:00,Precipitation,Precipitation,mm,0.0
2025-05-31 20:00:00,Battery,Battery,mV,6542.0
2025-05-31 20:00:00,U-sonic wind speed,U-sonic wind speed,m/s,21.1
2025-05-31 20:00:00,U-sonic wind dir,U-sonic wind dir,deg,217.0
2025-05-31 19:00:00,Wind gust,Wind gust,m/s,30.9
2025-05-31 19:00:00,Solar radiation,Solar radiation,W/m2,0.0
2025-05-31 19:00:00,Solar Panel,Solar Panel,mV,0.0
2025-05-31 19:00:00,Precipitation,Precipitation,mm,0.0
2025-05-31 19:00:00,Battery,Battery,mV,6553.0
2025-05-31 19:00:00,U-sonic wind speed,U-sonic wind speed,m/s,11.9
2025-05-31 19:00:00,U-sonic wind dir,U-sonic wind dir,deg,231.0
2025-05-31 18:00:00,Solar radiation,Solar radiation,W/m2,29.0
2025-05-31 18:00:00,Solar Panel,Solar Panel,mV,3733.0
2025-05-31 18:00:00,Precipitation,Precipitation,mm,0.0
2025-05-31 18:00:00,Battery,Battery,mV,6639.0
2025-05-31 18:00:00,U-sonic wind speed,U-sonic wind speed,m/s,5.8
2025-05-31 18:00:00,U-sonic wind dir,U-sonic wind dir,deg,78.0
2025-05-31 18:00:00,Wind gust,Wind gust,m/s,26.2
2025-05-31 17:00:00,Precipitation,Precipitation,mm,0.0
2025-05-31 17:00:00,Solar radiation,Solar radiation,W/m2,42.0
2025-05-31 17:00:00,Solar Panel,Solar Panel,mV,7457.0
2025-05-31 17:00:00,Battery,Battery,mV,6770.0
2025-05-31 17:00:00,U-sonic wind speed,U-sonic wind speed,m/s,3.2
2025-05-31 17:00:00,U-sonic wind dir,U-sonic wind dir,deg,36.0
2025-05-31 17:00:00,Wind gust,Wind gust,m/s,7.0
2025-05-31 16:00:00,Solar radiation,Solar radiation,W/m2,275.0
2025-05-31 16:00:00,Wind gust,Wind gust,m/s,7.2
2025-05-31 16:00:00,U-sonic wind dir,U-sonic wind dir,deg,15.0
2025-05-31 16:00:00,U-sonic wind speed,U-sonic wind speed,m/s,3.8
2025-05-31 16:00:00,Battery,Battery,mV,6767.0
2025-05-31 16:00:00,Precipitation,Precipitation,mm,0.0
2025-05-31 16:00:00,Solar Panel,Solar Panel,mV,7788.0
2025-05-31 15:00:00,Solar Panel,Solar Panel,mV,7913.0
2025-05-31 15:00:00,Wind gust,Wind gust,m/s,5.7
2025-05-31 15:00:00,U-sonic wind dir,U-sonic wind dir,deg,56.0
2025-05-31 15:00:00,U-sonic wind speed,U-sonic wind speed,m/s,2.6
2025-05-31 15:00:00,Battery,Battery,mV,6764.0
2025-05-31 15:00:00,Precipitation,Precipitation,mm,0.0
2025-05-31 15:00:00,Solar radiation,Solar radiation,W/m2,339.0
2025-05-31 14:00:00,U-sonic wind dir,U-sonic wind dir,deg,67.0
2025-05-31 14:00:00,Wind gust,Wind gust,m/s,5.3
2025-05-31 14:00:00,U-sonic wind speed,U-sonic wind speed,m/s,2.1
2025-05-31 14:00:00,Battery,Battery,mV,6804.0
2025-05-31 14:00:00,Precipitation,Precipitation,mm,0.0
2025-05-31 14:00:00,Solar Panel,Solar Panel,mV,7491.0
2025-05-31 14:00:00,Solar radiation,Solar radiation,W/m2,866.0
2025-05-31 13:00:00,Solar radiation,Solar radiation,W/m2,1007.0
2025-05-31 13:00:00,Wind gust,Wind gust,m/s,5.4
2025-05-31 13:00:00,U-sonic wind dir,U-sonic wind dir,deg,92.0
2025-05-31 13:00:00,U-sonic wind speed,U-sonic wind speed,m/s,2.2
2025-05-31 13:00:00,Battery,Battery,mV,6807.0
2025-05-31 13:00:00,Precipitation,Precipitation,mm,0.0
2025-05-31 13:00:00,Solar Panel,Solar Panel,mV,9854.0
2025-05-31 12:00:00,Solar Panel,Solar Panel,mV,9902.0
2025-05-31 12:00:00,Wind gust,Wind gust,m/s,4.0
2025-05-31 12:00:00,U-sonic wind dir,U-sonic wind dir,deg,100.0
2025-05-31 12:00:00,U-sonic wind speed,U-sonic wind speed,m/s,1.6
2025-05-31 12:00:00,Battery,Battery,mV,6801.0
2025-05-31 12:00:00,Precipitation,Precipitation,mm,0.0
2025-05-31 12:00:00,Solar radiation,Solar radiation,W/m2,1053.0
2025-05-31 11:00:00,Precipitation,Precipitation,mm,0.0
2025-05-31 11:00:00,Wind gust,Wind gust,m/s,4.3
2025-05-31 11:00:00,Solar radiation,Solar radiation,W/m2,1030.0
2025-05-31 11:00:00,U-sonic wind dir,U-sonic wind dir,deg,102.0
2025-05-31 11:00:00,U-sonic wind speed,U-sonic wind speed,m/s,1.6
2025-05-31 11:00:00,Battery,Battery,mV,6807.0
2025-05-31 11:00:00,Solar Panel,Solar Panel,mV,9993.0
2025-05-31 10:00:00,Precipitation,Precipitation,mm,0.0
2025-05-31 10:00:00,Solar radiation,Solar radiation,W/m2,934.0
2025-05-31 10:00:00,Solar Panel,Solar Panel,mV,9983.0
2025-05-31 10:00:00,Battery,Battery,mV,6807.0
2025-05-31 10:00:00,U-sonic wind speed,U-sonic wind speed,m/s,8.7
2025-05-31 10:00:00,U-sonic wind dir,U-sonic wind dir,deg,137.0
2025-05-31 10:00:00,Wind gust,Wind gust,m/s,30.5
2025-05-31 09:00:00,Battery,Battery,mV,6807.0
2025-05-31 09:00:00,Precipitation,Precipitation,mm,0.0
2025-05-31 09:00:00,Solar Panel,Solar Panel,mV,9959.0
2025-05-31 09:00:00,Solar radiation,Solar radiation,W/m2,795.0
2025-05-31 09:00:00,Wind gust,Wind gust,m/s,38.5
2025-05-31 09:00:00,U-sonic wind dir,U-sonic wind dir,deg,125.0
2025-05-31 09:00:00,U-sonic wind speed,U-sonic wind speed,m/s,15.8
2025-05-31 08:00:00,Precipitation,Precipitation,mm,0.0
2025-05-31 08:00:00,Battery,Battery,mV,6804.0
2025-05-31 08:00:00,Solar radiation,Solar radiation,W/m2,625.0
2025-05-31 08:00:00,Solar Panel,Solar Panel,mV,9897.0
2025-05-31 08:00:00,Wind gust,Wind gust,m/s,27.6
2025-05-31 08:00:00,U-sonic wind dir,U-sonic wind dir,deg,293.0
2025-05-31 08:00:00,U-sonic wind speed,U-sonic wind speed,m/s,18.3
2025-05-31 07:00:00,Solar radiation,Solar radiation,W/m2,435.0
2025-05-31 07:00:00,Precipitation,Precipitation,mm,0.0
2025-05-31 07:00:00,Solar Panel,Solar Panel,mV,9696.0
2025-05-31 07:00:00,Battery,Battery,mV,6801.0
2025-05-31 07:00:00,U-sonic wind speed,U-sonic wind speed,m/s,23.3
2025-05-31 07:00:00,U-sonic wind dir,U-sonic wind dir,deg,178.0
2025-05-31 07:00:00,Wind gust,Wind gust,m/s,40.2
2025-05-31 06:00:00,Precipitation,Precipitation,mm,0.0
2025-05-31 06:00:00,Wind gust,Wind gust,m/s,40.2
2025-05-31 06:00:00,U-sonic wind dir,U-sonic wind dir,deg,187.0
2025-05-31 06:00:00,U-sonic wind speed,U-sonic wind speed,m/s,17.7
2025-05-31 06:00:00,Battery,Battery,mV,6801.0
2025-05-31 06:00:00,Solar Panel,Solar Panel,mV,9260.0
2025-05-31 06:00:00,Solar radiation,Solar radiation,W/m2,191.0
2025-05-31 05:00:00,Solar radiation,Solar radiation,W/m2,8.0
2025-05-31 05:00:00,Battery,Battery,mV,6573.0
2025-05-31 05:00:00,Precipitation,Precipitation,mm,0.0
2025-05-31 05:00:00,Solar Panel,Solar Panel,mV,6801.0
2025-05-31 05:00:00,U-sonic wind speed,U-sonic wind speed,m/s,14.1
2025-05-31 05:00:00,U-sonic wind dir,U-sonic wind dir,deg,19.0
2025-05-31 05:00:00,Wind gust,Wind gust,m/s,28.9
2025-05-31 04:00:00,Wind gust,Wind gust,m/s,29.9
2025-05-31 04:00:00,Solar radiation,Solar radiation,W/m2,0.0
2025-05-31 04:00:00,Solar Panel,Solar Panel,mV,0.0
2025-05-31 04:00:00,Precipitation,Precipitation,mm,0.0
2025-05-31 04:00:00,Battery,Battery,mV,6502.0
2025-05-31 04:00:00,U-sonic wind speed,U-sonic wind speed,m/s,9.3
2025-05-31 04:00:00,U-sonic wind dir,U-sonic wind dir,deg,342.0
2025-05-31 03:00:00,Solar Panel,Solar Panel,mV,0.0
2025-05-31 03:00:00,Wind gust,Wind gust,m/s,31.2
2025-05-31 03:00:00,U-sonic wind dir,U-sonic wind dir,deg,197.0
2025-05-31 03:00:00,U-sonic wind speed,U-sonic wind speed,m/s,12.9
2025-05-31 03:00:00,Battery,Battery,mV,6502.0
2025-05-31 03:00:00,Precipitation,Precipitation,mm,0.0
2025-05-31 03:00:00,Solar radiation,Solar radiation,W/m2,0.0
2025-05-31 02:00:00,U-sonic wind speed,U-sonic wind speed,m/s,18.2
2025-05-31 02:00:00,Wind gust,Wind gust,m/s,37.1
2025-05-31 02:00:00,U-sonic wind dir,U-sonic wind dir,deg,88.0
2025-05-31 02:00:00,Battery,Battery,mV,6505.0
2025-05-31 02:00:00,Precipitation,Precipitation,mm,0.0
2025-05-31 02:00:00,Solar Panel,Solar Panel,mV,0.0
2025-05-31 02:00:00,Solar radiation,Solar radiation,W/m2,0.0
2025-05-31 01:00:00,Precipitation,Precipitation,mm,0.0
2025-05-31 01:00:00,Wind gust,Wind gust,m/s,38.0
2025-05-31 01:00:00,U-sonic wind dir,U-sonic wind dir,deg,83.0
2025-05-31 01:00:00,U-sonic wind speed,U-sonic wind speed,m/s,23.7
2025-05-31 01:00:00,Battery,Battery,mV,6516.0
2025-05-31 01:00:00,Solar radiation,Solar radiation,W/m2,0.0
2025-05-31 01:00:00,Solar Panel,Solar Panel,mV,0.0
2025-05-31 00:00:00,U-sonic wind dir,U-sonic wind dir,deg,122.0
2025-05-31 00:00:00,Wind gust,Wind gust,m/s,34.2
2025-05-31 00:00:00,Precipitation,Precipitation,mm,0.0
2025-05-31 00:00:00,Solar Panel,Solar Panel,mV,0.0
2025-05-31 00:00:00,Solar radiation,Solar radiation,W/m2,0.0
2025-05-31 00:00:00,U-sonic wind speed,U-sonic wind speed,m/s,21.5
2025-05-31 00:00:00,Battery,Battery,mV,6514.0
2025-05-30 23:00:00,Solar radiation,Solar radiation,W/m2,0.0
2025-05-30 23:00:00,Solar Panel,Solar Panel,mV,0.0
2025-05-30 23:00:00,Precipitation,Precipitation,mm,0.0
2025-05-30 23:00:00,Battery,Battery,mV,6516.0
2025-05-30 23:00:00,U-sonic wind speed,U-sonic wind speed,m/s,23.9
2025-05-30 23:00:00,U-sonic wind dir,U-sonic wind dir,deg,49.0
2025-05-30 23:00:00,Wind gust,Wind gust,m/s,40.2
2025-05-30 22:00:00,Solar radiation,Solar radiation,W/m2,0.0
2025-05-30 22:00:00,Solar Panel,Solar Panel,mV,0.0
2025-05-30 22:00:00,Precipitation,Precipitation,mm,0.0
2025-05-30 22:00:00,Battery,Battery,mV,6525.0
2025-05-30 22:00:00,U-sonic wind speed,U-sonic wind speed,m/s,17.3
2025-05-30 22:00:00,U-sonic wind dir,U-sonic wind dir,deg,260.0
2025-05-30 22:00:00,Wind gust,Wind gust,m/s,27.8
2025-05-30 21:00:00,Solar Panel,Solar Panel,mV,0.0
2025-05-30 21:00:00,Precipitation,Precipitation,mm,0.0
2025-05-30 21:00:00,Solar radiation,Solar radiation,W/m2,0.0
2025-05-30 21:00:00,Battery,Battery,mV,6528.0
2025-05-30 21:00:00,U-sonic wind speed,U-sonic wind speed,m/s,19.3
2025-05-30 21:00:00,U-sonic wind dir,U-sonic wind dir,deg,130.0
2025-05-30 21:00:00,Wind gust,Wind gust,m/s,27.3
2025-05-30 20:00:00,U-sonic wind speed,U-sonic wind speed,m/s,19.5
2025-05-30 20:00:00,Solar radiation,Solar radiation,W/m2,0.0
2025-05-30 20:00:00,Solar Panel,Solar Panel,mV,0.0
2025-05-30 20:00:00,Precipitation,Precipitation,mm,0.0
2025-05-30 20:00:00,Battery,Battery,mV,6539.0
2025-05-30 20:00:00,U-sonic wind dir,U-sonic wind dir,deg,125.0
2025-05-30 20:00:00,Wind gust,Wind gust,m/s,33.6
2025-05-30 19:00:00,U-sonic wind speed,U-sonic wind speed,m/s,19.0
2025-05-30 19:00:00,Battery,Battery,mV,6548.0
2025-05-30 19:00:00,Solar Panel,Solar Panel,mV,0.0
2025-05-30 19:00:00,Precipitation,Precipitation,mm,0.0
2025-05-30 19:00:00,Solar radiation,Solar radiation,W/m2,0.0
2025-05-30 19:00:00,Wind gust,Wind gust,m/s,30.1
2025-05-30 19:00:00,U-sonic wind dir,U-sonic wind dir,deg,122.0
2025-05-30 18:00:00,Wind gust,Wind gust,m/s,18.3
2025-05-30 18:00:00,U-sonic wind speed,U-sonic wind speed,m/s,12.6
2025-05-30 18:00:00,Battery,Battery,mV,6647.0
2025-05-30 18:00:00,Precipitation,Precipitation,mm,0.0
2025-05-30 18:00:00,Solar Panel,Solar Panel,mV,3685.0
2025-05-30 18:00:00,Solar radiation,Solar radiation,W/m2,29.0
2025-05-30 18:00:00,U-sonic wind dir,U-sonic wind dir,deg,2.0
2025-05-30 17:00:00,Solar radiation,Solar radiation,W/m2,42.0
2025-05-30 17:00:00,U-sonic wind dir,U-sonic wind dir,deg,278.0
2025-05-30 17:00:00,Wind gust,Wind gust,m/s,28.1
2025-05-30 17:00:00,Solar Panel,Solar Panel,mV,6959.0
2025-05-30 17:00:00,Precipitation,Precipitation,mm,0.0
2025-05-30 17:00:00,Battery,Battery,mV,6770.0
2025-05-30 17:00:00,U-sonic wind speed,U-sonic wind speed,m/s,10.2
2025-05-30 16:00:00,Solar Panel,Solar Panel,mV,7745.0
2025-05-30 16:00:00,Precipitation,Precipitation,mm,0.0
2025-05-30 16:00:00,Battery,Battery,mV,6773.0
2025-05-30 16:00:00,U-sonic wind speed,U-sonic wind speed,m/s,5.7
2025-05-30 16:00:00,U-sonic wind dir,U-sonic wind dir,deg,46.0
2025-05-30 16:00:00,Wind gust,Wind gust,m/s,8.7
2025-05-30 16:00:00,Solar radiation,Solar radiation,W/m2,275.0
2025-05-30 15:00:00,U-sonic wind speed,U-sonic wind speed,m/s,5.5
2025-05-30 15:00:00,Battery,Battery,mV,6776.0
2025-05-30 15:00:00,Precipitation,Precipitation,mm,0.0
2025-05-30 15:00:00,Solar Panel,Solar Panel,mV,7980.0
2025-05-30 15:00:00,Solar radiation,Solar radiation,W/m2,344.0
2025-05-30 15:00:00,Wind gust,Wind gust,m/s,8.6
2025-05-30 15:00:00,U-sonic wind dir,U-sonic wind dir,deg,40.0
2025-05-30 14:00:00,Precipitation,Precipitation,mm,0.0
2025-05-30 14:00:00,Solar radiation,Solar radiation,W/m2,865.0
2025-05-30 14:00:00,Solar Panel,Solar Panel,mV,7980.0
2025-05-30 14:00:00,Battery,Battery,mV,6801.0
2025-05-30 14:00:00,U-sonic wind speed,U-sonic wind speed,m/s,5.4
2025-05-30 14:00:00,U-sonic wind dir,U-sonic wind dir,deg,46.0
2025-05-30 14:00:00,Wind gust,Wind gust,m/s,8.5
2025-05-30 13:00:00,Wind gust,Wind gust,m/s,8.1
2025-05-30 13:00:00,Precipitation,Precipitation,mm,0.0
2025-05-30 13:00:00,Solar radiation,Solar radiation,W/m2,998.0
2025-05-30 13:00:00,Battery,Battery,mV,6804.0
2025-05-30 13:00:00,Solar Panel,Solar Panel,mV,9883.0
2025-05-30 13:00:00,U-sonic wind speed,U-sonic wind speed,m/s,4.2
2025-05-30 13:00:00,U-sonic wind dir,U-sonic wind dir,deg,43.0
2025-05-30 12:00:00,Solar radiation,Solar radiation,W/m2,1050.0
2025-05-30 12:00:00,Battery,Battery,mV,6801.0
2025-05-30 12:00:00,Precipitation,Precipitation,mm,0.0
2025-05-30 12:00:00,Solar Panel,Solar Panel,mV,9912.0
2025-05-30 12:00:00,U-sonic wind speed,U-sonic wind speed,m/s,2.5
2025-05-30 12:00:00,Wind gust,Wind gust,m/s,5.3
2025-05-30 12:00:00,U-sonic wind dir,U-sonic wind dir,deg,41.0
2025-05-30 11:00:00,U-sonic wind dir,U-sonic wind dir,deg,55.0
2025-05-30 11:00:00,Wind gust,Wind gust,m/s,30.0
2025-05-30 11:00:00,Solar Panel,Solar Panel,mV,9974.0
2025-05-30 11:00:00,Precipitation,Precipitation,mm,0.0
2025-05-30 11:00:00,Battery,Battery,mV,6810.0
2025-05-30 11:00:00,Solar radiation,Solar radiation,W/m2,1027.0
2025-05-30 11:00:00,U-sonic wind speed,U-sonic wind speed,m/s,8.7
2025-05-30 10:00:00,Battery,Battery,mV,6807.0
2025-05-30 10:00:00,Solar Panel,Solar Panel,mV,10012.0
2025-05-30 10:00:00,Solar radiation,Solar radiation,W/m2,933.0
2025-05-30 10:00:00,Wind gust,Wind gust,m/s,29.7
2025-05-30 10:00:00,U-sonic wind dir,U-sonic wind dir,deg,120.0
2025-05-30 10:00:00,U-sonic wind speed,U-sonic wind speed,m/s,19.3
2025-05-30 10:00:00,Precipitation,Precipitation,mm,0.0
2025-05-30 09:00:00,U-sonic wind dir,U-sonic wind dir,deg,306.0
2025-05-30 09:00:00,Solar radiation,Solar radiation,W/m2,788.0
2025-05-30 09:00:00,Wind gust,Wind gust,m/s,23.5
2025-05-30 09:00:00,U-sonic wind speed,U-sonic wind speed,m/s,15.4
2025-05-30 09:00:00,Battery,Battery,mV,6804.0
2025-05-30 09:00:00,Precipitation,Precipitation,mm,0.0
2025-05-30 09:00:00,Solar Panel,Solar Panel,mV,9955.0
2025-05-30 08:00:00,U-sonic wind dir,U-sonic wind dir,deg,359.0
2025-05-30 08:00:00,Wind gust,Wind gust,m/s,27.0
2025-05-30 08:00:00,Solar radiation,Solar radiation,W/m2,625.0
2025-05-30 08:00:00,Battery,Battery,mV,6810.0
2025-05-30 08:00:00,Solar Panel,Solar Panel,mV,9950.0
2025-05-30 08:00:00,U-sonic wind speed,U-sonic wind speed,m/s,13.6
2025-05-30 08:00:00,Precipitation,Precipitation,mm,0.0
2025-05-30 07:00:00,Wind gust,Wind gust,m/s,35.2
2025-05-30 07:00:00,Precipitation,Precipitation,mm,0.0
2025-05-30 07:00:00,Battery,Battery,mV,6804.0
2025-05-30 07:00:00,U-sonic wind speed,U-sonic wind speed,m/s,19.0
2025-05-30 07:00:00,U-sonic wind dir,U-sonic wind dir,deg,177.0
2025-05-30 07:00:00,Solar radiation,Solar radiation,W/m2,438.0
2025-05-30 07:00:00,Solar Panel,Solar Panel,mV,9739.0
2025-05-30 06:00:00,U-sonic wind speed,U-sonic wind speed,m/s,21.3
2025-05-30 06:00:00,U-sonic wind dir,U-sonic wind dir,deg,166.0
2025-05-30 06:00:00,Wind gust,Wind gust,m/s,40.2
2025-05-30 06:00:00,Battery,Battery,mV,6801.0
2025-05-30 06:00:00,Precipitation,Precipitation,mm,0.0
2025-05-30 06:00:00,Solar Panel,Solar Panel,mV,9341.0
2025-05-30 06:00:00,Solar radiation,Solar radiation,W/m2,204.0
2025-05-30 05:00:00,Solar Panel,Solar Panel,mV,6815.0
2025-05-30 05:00:00,U-sonic wind speed,U-sonic wind speed,m/s,17.9
2025-05-30 05:00:00,U-sonic wind dir,U-sonic wind dir,deg,338.0
2025-05-30 05:00:00,Precipitation,Precipitation,mm,0.0
2025-05-30 05:00:00,Battery,Battery,mV,6588.0
2025-05-30 05:00:00,Solar radiation,Solar radiation,W/m2,8.0
2025-05-30 05:00:00,Wind gust,Wind gust,m/s,40.2
2025-05-30 04:00:00,U-sonic wind dir,U-sonic wind dir,deg,130.0
2025-05-30 04:00:00,U-sonic wind speed,U-sonic wind speed,m/s,17.3
2025-05-30 04:00:00,Battery,Battery,mV,6516.0
2025-05-30 04:00:00,Precipitation,Precipitation,mm,0.0
2025-05-30 04:00:00,Solar Panel,Solar Panel,mV,0.0
2025-05-30 04:00:00,Solar radiation,Solar radiation,W/m2,0.0
2025-05-30 04:00:00,Wind gust,Wind gust,m/s,40.2
2025-05-30 03:00:00,U-sonic wind speed,U-sonic wind speed,m/s,30.6
2025-05-30 03:00:00,Wind gust,Wind gust,m/s,40.2
2025-05-30 03:00:00,Solar radiation,Solar radiation,W/m2,0.0
2025-05-30 03:00:00,Solar Panel,Solar Panel,mV,0.0
2025-05-30 03:00:00,Precipitation,Precipitation,mm,0.0
2025-05-30 03:00:00,Battery,Battery,mV,6519.0
2025-05-30 03:00:00,U-sonic wind dir,U-sonic wind dir,deg,150.0
2025-05-30 02:00:00,U-sonic wind speed,U-sonic wind speed,m/s,31.6
2025-05-30 02:00:00,Solar radiation,Solar radiation,W/m2,0.0
2025-05-30 02:00:00,Wind gust,Wind gust,m/s,40.2
2025-05-30 02:00:00,U-sonic wind dir,U-sonic wind dir,deg,121.0
2025-05-30 02:00:00,Battery,Battery,mV,6522.0
2025-05-30 02:00:00,Precipitation,Precipitation,mm,0.0
2025-05-30 02:00:00,Solar Panel,Solar Panel,mV,0.0
2025-05-30 01:00:00,Solar Panel,Solar Panel,mV,0.0
2025-05-30 01:00:00,Precipitation,Precipitation,mm,0.0
2025-05-30 01:00:00,Wind gust,Wind gust,m/s,40.2
2025-05-30 01:00:00,U-sonic wind dir,U-sonic wind dir,deg,153.0
2025-05-30 01:00:00,Battery,Battery,mV,6522.0
2025-05-30 01:00:00,U-sonic wind speed,U-sonic wind speed,m/s,27.7
2025-05-30 01:00:00,Solar radiation,Solar radiation,W/m2,0.0
2025-05-30 00:00:00,Battery,Battery,mV,6528.0
2025-05-30 00:00:00,Precipitation,Precipitation,mm,0.0
2025-05-30 00:00:00,Solar Panel,Solar Panel,mV,0.0
2025-05-30 00:00:00,Solar radiation,Solar radiation,W/m2,0.0
2025-05-30 00:00:00,Wind gust,Wind gust,m/s,29.8
2025-05-30 00:00:00,U-sonic wind dir,U-sonic wind dir,deg,131.0
2025-05-30 00:00:00,U-sonic wind speed,U-sonic wind speed,m/s,13.8
2025-05-29 23:00:00,U-sonic wind speed,U-sonic wind speed,m/s,15.0
2025-05-29 23:00:00,Precipitation,Precipitation,mm,0.0
2025-05-29 23:00:00,Battery,Battery,mV,6536.0
2025-05-29 23:00:00,Solar Panel,Solar Panel,mV,0.0
2025-05-29 23:00:00,U-sonic wind dir,U-sonic wind dir,deg,13.0
2025-05-29 23:00:00,Solar radiation,Solar radiation,W/m2,0.0
2025-05-29 23:00:00,Wind gust,Wind gust,m/s,28.1
2025-05-29 22:00:00,U-sonic wind speed,U-sonic wind speed,m/s,23.1
2025-05-29 22:00:00,Battery,Battery,mV,6536.0
2025-05-29 22:00:00,Wind gust,Wind gust,m/s,26.3
2025-05-29 22:00:00,Precipitation,Precipitation,mm,0.0
2025-05-29 22:00:00,Solar Panel,Solar Panel,mV,0.0
2025-05-29 22:00:00,Solar radiation,Solar radiation,W/m2,0.0
2025-05-29 22:00:00,U-sonic wind dir,U-sonic wind dir,deg,179.0
2025-05-29 21:00:00,Wind gust,Wind gust,m/s,26.7
2025-05-29 21:00:00,U-sonic wind speed,U-sonic wind speed,m/s,20.9
2025-05-29 21:00:00,Battery,Battery,mV,6542.0
2025-05-29 21:00:00,Precipitation,Precipitation,mm,0.0
2025-05-29 21:00:00,Solar Panel,Solar Panel,mV,0.0
2025-05-29 21:00:00,Solar radiation,Solar radiation,W/m2,0.0
2025-05-29 21:00:00,U-sonic wind dir,U-sonic wind dir,deg,138.0
2025-05-29 20:00:00,Solar Panel,Solar Panel,mV,0.0
2025-05-29 20:00:00,Battery,Battery,mV,6551.0
2025-05-29 20:00:00,U-sonic wind speed,U-sonic wind speed,m/s,20.9
2025-05-29 20:00:00,U-sonic wind dir,U-sonic wind dir,deg,141.0
2025-05-29 20:00:00,Wind gust,Wind gust,m/s,26.2
2025-05-29 20:00:00,Precipitation,Precipitation,mm,0.0
2025-05-29 20:00:00,Solar radiation,Solar radiation,W/m2,0.0
2025-05-29 19:00:00,Solar radiation,Solar radiation,W/m2,0.0
2025-05-29 19:00:00,Wind gust,Wind gust,m/s,28.9
2025-05-29 19:00:00,U-sonic wind dir,U-sonic wind dir,deg,156.0
2025-05-29 19:00:00,U-sonic wind speed,U-sonic wind speed,m/s,17.6
2025-05-29 19:00:00,Battery,Battery,mV,6556.0
2025-05-29 19:00:00,Precipitation,Precipitation,mm,0.0
2025-05-29 19:00:00,Solar Panel,Solar Panel,mV,0.0
2025-05-29 18:00:00,Solar Panel,Solar Panel,mV,3618.0
2025-05-29 18:00:00,Wind gust,Wind gust,m/s,37.7
2025-05-29 18:00:00,U-sonic wind dir,U-sonic wind dir,deg,356.0
2025-05-29 18:00:00,U-sonic wind speed,U-sonic wind speed,m/s,19.1
2025-05-29 18:00:00,Battery,Battery,mV,6656.0
2025-05-29 18:00:00,Precipitation,Precipitation,mm,0.0
2025-05-29 18:00:00,Solar radiation,Solar radiation,W/m2,26.0
2025-05-29 17:00:00,U-sonic wind dir,U-sonic wind dir,deg,330.0
2025-05-29 17:00:00,Solar radiation,Solar radiation,W/m2,41.0
2025-05-29 17:00:00,Solar Panel,Solar Panel,mV,6969.0
2025-05-29 17:00:00,Precipitation,Precipitation,mm,0.0
2025-05-29 17:00:00,Battery,Battery,mV,6781.0
2025-05-29 17:00:00,U-sonic wind speed,U-sonic wind speed,m/s,3.7
2025-05-29 17:00:00,Wind gust,Wind gust,m/s,16.6
2025-05-29 16:00:00,Solar radiation,Solar radiation,W/m2,272.0
2025-05-29 16:00:00,Wind gust,Wind gust,m/s,4.7
2025-05-29 16:00:00,U-sonic wind dir,U-sonic wind dir,deg,276.0
2025-05-29 16:00:00,U-sonic wind speed,U-sonic wind speed,m/s,1.6
2025-05-29 16:00:00,Battery,Battery,mV,6770.0
2025-05-29 16:00:00,Precipitation,Precipitation,mm,0.0
2025-05-29 16:00:00,Solar Panel,Solar Panel,mV,7774.0
2025-05-29 15:00:00,U-sonic wind speed,U-sonic wind speed,m/s,2.1
2025-05-29 15:00:00,Wind gust,Wind gust,m/s,5.6
2025-05-29 15:00:00,U-sonic wind dir,U-sonic wind dir,deg,331.0
2025-05-29 15:00:00,Battery,Battery,mV,6773.0
2025-05-29 15:00:00,Precipitation,Precipitation,mm,0.0
2025-05-29 15:00:00,Solar Panel,Solar Panel,mV,7898.0
2025-05-29 15:00:00,Solar radiation,Solar radiation,W/m2,353.0
2025-05-29 14:00:00,U-sonic wind dir,U-sonic wind dir,deg,325.0
2025-05-29 14:00:00,Solar Panel,Solar Panel,mV,9667.0
2025-05-29 14:00:00,Solar radiation,Solar radiation,W/m2,739.0
2025-05-29 14:00:00,Wind gust,Wind gust,m/s,5.5
2025-05-29 14:00:00,Precipitation,Precipitation,mm,0.0
2025-05-29 14:00:00,Battery,Battery,mV,6796.0
2025-05-29 14:00:00,U-sonic wind speed,U-sonic wind speed,m/s,1.9
2025-05-29 13:00:00,Battery,Battery,mV,6801.0
2025-05-29 13:00:00,Wind gust,Wind gust,m/s,6.8
2025-05-29 13:00:00,U-sonic wind dir,U-sonic wind dir,deg,341.0
2025-05-29 13:00:00,U-sonic wind speed,U-sonic wind speed,m/s,2.2
2025-05-29 13:00:00,Precipitation,Precipitation,mm,0.0
2025-05-29 13:00:00,Solar Panel,Solar Panel,mV,9921.0
2025-05-29 13:00:00,Solar radiation,Solar radiation,W/m2,923.0
2025-05-29 12:00:00,Wind gust,Wind gust,m/s,5.0
2025-05-29 12:00:00,U-sonic wind dir,U-sonic wind dir,deg,290.0
2025-05-29 12:00:00,U-sonic wind speed,U-sonic wind speed,m/s,1.9
2025-05-29 12:00:00,Battery,Battery,mV,6807.0
2025-05-29 12:00:00,Solar Panel,Solar Panel,mV,9959.0
2025-05-29 12:00:00,Precipitation,Precipitation,mm,0.0
2025-05-29 12:00:00,Solar radiation,Solar radiation,W/m2,1040.0
2025-05-29 11:00:00,Battery,Battery,mV,6813.0
2025-05-29 11:00:00,U-sonic wind speed,U-sonic wind speed,m/s,2.2
2025-05-29 11:00:00,U-sonic wind dir,U-sonic wind dir,deg,331.0
2025-05-29 11:00:00,Wind gust,Wind gust,m/s,6.4
2025-05-29 11:00:00,Solar radiation,Solar radiation,W/m2,1014.0
2025-05-29 11:00:00,Solar Panel,Solar Panel,mV,10012.0
2025-05-29 11:00:00,Precipitation,Precipitation,mm,0.0
2025-05-29 10:00:00,Precipitation,Precipitation,mm,0.0
2025-05-29 10:00:00,U-sonic wind speed,U-sonic wind speed,m/s,10.6
2025-05-29 10:00:00,U-sonic wind dir,U-sonic wind dir,deg,323.0
2025-05-29 10:00:00,Wind gust,Wind gust,m/s,27.5
2025-05-29 10:00:00,Solar radiation,Solar radiation,W/m2,927.0
2025-05-29 10:00:00,Solar Panel,Solar Panel,mV,10003.0
2025-05-29 10:00:00,Battery,Battery,mV,6807.0
2025-05-29 09:00:00,Battery,Battery,mV,6804.0
2025-05-29 09:00:00,U-sonic wind speed,U-sonic wind speed,m/s,14.7
2025-05-29 09:00:00,U-sonic wind dir,U-sonic wind dir,deg,352.0
2025-05-29 09:00:00,Wind gust,Wind gust,m/s,24.6
2025-05-29 09:00:00,Solar radiation,Solar radiation,W/m2,794.0
2025-05-29 09:00:00,Solar Panel,Solar Panel,mV,10017.0
2025-05-29 09:00:00,Precipitation,Precipitation,mm,0.0
2025-05-29 08:00:00,Precipitation,Precipitation,mm,0.0
2025-05-29 08:00:00,Wind gust,Wind gust,m/s,19.5
2025-05-29 08:00:00,U-sonic wind dir,U-sonic wind dir,deg,344.0
2025-05-29 08:00:00,U-sonic wind speed,U-sonic wind speed,m/s,13.3
2025-05-29 08:00:00,Battery,Battery,mV,6810.0
2025-05-29 08:00:00,Solar Panel,Solar Panel,mV,9988.0
2025-05-29 08:00:00,Solar radiation,Solar radiation,W/m2,632.0
2025-05-29 07:00:00,Battery,Battery,mV,6801.0
2025-05-29 07:00:00,U-sonic wind speed,U-sonic wind speed,m/s,22.4
2025-05-29 07:00:00,Precipitation,Precipitation,mm,0.0
2025-05-29 07:00:00,U-sonic wind dir,U-sonic wind dir,deg,325.0
2025-05-29 07:00:00,Wind gust,Wind gust,m/s,29.0
2025-05-29 07:00:00,Solar Panel,Solar Panel,mV,9739.0
2025-05-29 07:00:00,Solar radiation,Solar radiation,W/m2,449.0
2025-05-29 06:00:00,U-sonic wind speed,U-sonic wind speed,m/s,10.5
2025-05-29 06:00:00,Battery,Battery,mV,6804.0
2025-05-29 06:00:00,Precipitation,Precipitation,mm,0.0
2025-05-29 06:00:00,Solar Panel,Solar Panel,mV,9149.0
2025-05-29 06:00:00,Solar radiation,Solar radiation,W/m2,241.0
2025-05-29 06:00:00,Wind gust,Wind gust,m/s,30.9
2025-05-29 06:00:00,U-sonic wind dir,U-sonic wind dir,deg,265.0
2025-05-29 05:00:00,U-sonic wind speed,U-sonic wind speed,m/s,11.1
2025-05-29 05:00:00,Wind gust,Wind gust,m/s,26.2
2025-05-29 05:00:00,U-sonic wind dir,U-sonic wind dir,deg,28.0
2025-05-29 05:00:00,Battery,Battery,mV,6585.0
2025-05-29 05:00:00,Precipitation,Precipitation,mm,0.0
2025-05-29 05:00:00,Solar Panel,Solar Panel,mV,6791.0
2025-05-29 05:00:00,Solar radiation,Solar radiation,W/m2,11.0
2025-05-29 04:00:00,Wind gust,Wind gust,m/s,25.6
2025-05-29 04:00:00,Solar radiation,Solar radiation,W/m2,0.0
2025-05-29 04:00:00,Solar Panel,Solar Panel,mV,0.0
2025-05-29 04:00:00,Precipitation,Precipitation,mm,0.0
2025-05-29 04:00:00,Battery,Battery,mV,6516.0
2025-05-29 04:00:00,U-sonic wind speed,U-sonic wind speed,m/s,15.5
2025-05-29 04:00:00,U-sonic wind dir,U-sonic wind dir,deg,111.0
2025-05-29 03:00:00,Wind gust,Wind gust,m/s,28.2
2025-05-29 03:00:00,Solar radiation,Solar radiation,W/m2,0.0
2025-05-29 03:00:00,Solar Panel,Solar Panel,mV,0.0
2025-05-29 03:00:00,Precipitation,Precipitation,mm,0.0
2025-05-29 03:00:00,Battery,Battery,mV,6522.0
2025-05-29 03:00:00,U-sonic wind speed,U-sonic wind speed,m/s,19.6
2025-05-29 03:00:00,U-sonic wind dir,U-sonic wind dir,deg,85.0
2025-05-29 02:00:00,Solar radiation,Solar radiation,W/m2,0.0
2025-05-29 02:00:00,Wind gust,Wind gust,m/s,38.4
2025-05-29 02:00:00,U-sonic wind dir,U-sonic wind dir,deg,59.0
2025-05-29 02:00:00,U-sonic wind speed,U-sonic wind speed,m/s,15.3
2025-05-29 02:00:00,Battery,Battery,mV,6525.0
2025-05-29 02:00:00,Precipitation,Precipitation,mm,0.0
2025-05-29 02:00:00,Solar Panel,Solar Panel,mV,0.0
2025-05-29 01:00:00,Solar radiation,Solar radiation,W/m2,0.0
2025-05-29 01:00:00,Battery,Battery,mV,6531.0
2025-05-29 01:00:00,U-sonic wind speed,U-sonic wind speed,m/s,18.1
2025-05-29 01:00:00,U-sonic wind dir,U-sonic wind dir,deg,98.0
2025-05-29 01:00:00,Wind gust,Wind gust,m/s,38.9
2025-05-29 01:00:00,Precipitation,Precipitation,mm,0.0
2025-05-29 01:00:00,Solar Panel,Solar Panel,mV,0.0
2025-05-29 00:00:00,Solar radiation,Solar radiation,W/m2,0.0
2025-05-29 00:00:00,U-sonic wind speed,U-sonic wind speed,m/s,28.0
2025-05-29 00:00:00,Battery,Battery,mV,6531.0
2025-05-29 00:00:00,Precipitation,Precipitation,mm,0.0
2025-05-29 00:00:00,Solar Panel,Solar Panel,mV,0.0
2025-05-29 00:00:00,U-sonic wind dir,U-sonic wind dir,deg,167.0
2025-05-29 00:00:00,Wind gust,Wind gust,m/s,40.2
2025-05-28 23:00:00,U-sonic wind speed,U-sonic wind speed,m/s,26.7
2025-05-28 23:00:00,Solar radiation,Solar radiation,W/m2,0.0
2025-05-28 23:00:00,Solar Panel,Solar Panel,mV,0.0
2025-05-28 23:00:00,Precipitation,Precipitation,mm,0.0
2025-05-28 23:00:00,Battery,Battery,mV,6531.0
2025-05-28 23:00:00,Wind gust,Wind gust,m/s,40.2
2025-05-28 23:00:00,U-sonic wind dir,U-sonic wind dir,deg,138.0
2025-05-28 22:00:00,Wind gust,Wind gust,m/s,40.2
2025-05-28 22:00:00,U-sonic wind dir,U-sonic wind dir,deg,130.0
2025-05-28 22:00:00,U-sonic wind speed,U-sonic wind speed,m/s,37.6
2025-05-28 22:00:00,Battery,Battery,mV,6536.0
2025-05-28 22:00:00,Precipitation,Precipitation,mm,0.0
2025-05-28 22:00:00,Solar Panel,Solar Panel,mV,0.0
2025-05-28 22:00:00,Solar radiation,Solar radiation,W/m2,0.0
2025-05-28 21:00:00,U-sonic wind speed,U-sonic wind speed,m/s,29.0
2025-05-28 21:00:00,Wind gust,Wind gust,m/s,40.2
2025-05-28 21:00:00,U-sonic wind dir,U-sonic wind dir,deg,141.0
2025-05-28 21:00:00,Battery,Battery,mV,6545.0
2025-05-28 21:00:00,Precipitation,Precipitation,mm,0.0
2025-05-28 21:00:00,Solar Panel,Solar Panel,mV,0.0
2025-05-28 21:00:00,Solar radiation,Solar radiation,W/m2,0.0
2025-05-28 20:00:00,U-sonic wind dir,U-sonic wind dir,deg,130.0
2025-05-28 20:00:00,U-sonic wind speed,U-sonic wind speed,m/s,22.8
2025-05-28 20:00:00,Solar Panel,Solar Panel,mV,0.0
2025-05-28 20:00:00,Solar radiation,Solar radiation,W/m2,0.0
2025-05-28 20:00:00,Battery,Battery,mV,6542.0
2025-05-28 20:00:00,Precipitation,Precipitation,mm,0.0
2025-05-28 20:00:00,Wind gust,Wind gust,m/s,40.2
2025-05-28 19:00:00,Battery,Battery,mV,6556.0
2025-05-28 19:00:00,Wind gust,Wind gust,m/s,23.2
2025-05-28 19:00:00,U-sonic wind dir,U-sonic wind dir,deg,122.0
2025-05-28 19:00:00,U-sonic wind speed,U-sonic wind speed,m/s,18.5
2025-05-28 19:00:00,Solar Panel,Solar Panel,mV,0.0
2025-05-28 19:00:00,Precipitation,Precipitation,mm,0.0
2025-05-28 19:00:00,Solar radiation,Solar radiation,W/m2,0.0
2025-05-28 18:00:00,U-sonic wind dir,U-sonic wind dir,deg,160.0
2025-05-28 18:00:00,Wind gust,Wind gust,m/s,34.2
2025-05-28 18:00:00,Battery,Battery,mV,6659.0
2025-05-28 18:00:00,Precipitation,Precipitation,mm,0.0
2025-05-28 18:00:00,Solar Panel,Solar Panel,mV,3609.0
2025-05-28 18:00:00,Solar radiation,Solar radiation,W/m2,26.0
2025-05-28 18:00:00,U-sonic wind speed,U-sonic wind speed,m/s,19.6
2025-05-28 17:00:00,Wind gust,Wind gust,m/s,38.6
2025-05-28 17:00:00,U-sonic wind dir,U-sonic wind dir,deg,358.0
2025-05-28 17:00:00,U-sonic wind speed,U-sonic wind speed,m/s,14.8
2025-05-28 17:00:00,Precipitation,Precipitation,mm,0.0
2025-05-28 17:00:00,Solar Panel,Solar Panel,mV,6935.0
2025-05-28 17:00:00,Solar radiation,Solar radiation,W/m2,40.0
2025-05-28 17:00:00,Battery,Battery,mV,6744.0
2025-05-28 16:00:00,Battery,Battery,mV,6767.0
2025-05-28 16:00:00,Wind gust,Wind gust,m/s,17.6
2025-05-28 16:00:00,U-sonic wind dir,U-sonic wind dir,deg,349.0
2025-05-28 16:00:00,U-sonic wind speed,U-sonic wind speed,m/s,4.2
2025-05-28 16:00:00,Precipitation,Precipitation,mm,0.0
2025-05-28 16:00:00,Solar Panel,Solar Panel,mV,7822.0
2025-05-28 16:00:00,Solar radiation,Solar radiation,W/m2,273.0
2025-05-28 15:00:00,U-sonic wind speed,U-sonic wind speed,m/s,2.6
2025-05-28 15:00:00,U-sonic wind dir,U-sonic wind dir,deg,350.0
2025-05-28 15:00:00,Wind gust,Wind gust,m/s,6.0
2025-05-28 15:00:00,Solar radiation,Solar radiation,W/m2,358.0
2025-05-28 15:00:00,Battery,Battery,mV,6773.0
2025-05-28 15:00:00,Precipitation,Precipitation,mm,0.0
2025-05-28 15:00:00,Solar Panel,Solar Panel,mV,7836.0
2025-05-28 14:00:00,U-sonic wind speed,U-sonic wind speed,m/s,2.2
2025-05-28 14:00:00,Wind gust,Wind gust,m/s,5.6
2025-05-28 14:00:00,Solar Panel,Solar Panel,mV,8967.0
2025-05-28 14:00:00,Solar radiation,Solar radiation,W/m2,879.0
2025-05-28 14:00:00,Precipitation,Precipitation,mm,0.0
2025-05-28 14:00:00,Battery,Battery,mV,6801.0
2025-05-28 14:00:00,U-sonic wind dir,U-sonic wind dir,deg,336.0
2025-05-28 13:00:00,Battery,Battery,mV,6807.0
2025-05-28 13:00:00,Wind gust,Wind gust,m/s,4.9
2025-05-28 13:00:00,U-sonic wind dir,U-sonic wind dir,deg,318.0
2025-05-28 13:00:00,U-sonic wind speed,U-sonic wind speed,m/s,2.0
2025-05-28 13:00:00,Solar radiation,Solar radiation,W/m2,1004.0
2025-05-28 13:00:00,Solar Panel,Solar Panel,mV,9878.0
2025-05-28 13:00:00,Precipitation,Precipitation,mm,0.0
2025-05-28 12:00:00,Solar Panel,Solar Panel,mV,9959.0
2025-05-28 12:00:00,Solar radiation,Solar radiation,W/m2,1057.0
2025-05-28 12:00:00,Wind gust,Wind gust,m/s,5.3
2025-05-28 12:00:00,U-sonic wind dir,U-sonic wind dir,deg,325.0
2025-05-28 12:00:00,U-sonic wind speed,U-sonic wind speed,m/s,2.1
2025-05-28 12:00:00,Battery,Battery,mV,6810.0
2025-05-28 12:00:00,Precipitation,Precipitation,mm,0.0
2025-05-28 11:00:00,U-sonic wind dir,U-sonic wind dir,deg,295.0
2025-05-28 11:00:00,Solar radiation,Solar radiation,W/m2,1028.0
2025-05-28 11:00:00,Solar Panel,Solar Panel,mV,9988.0
2025-05-28 11:00:00,Precipitation,Precipitation,mm,0.0
2025-05-28 11:00:00,Battery,Battery,mV,6804.0
2025-05-28 11:00:00,U-sonic wind speed,U-sonic wind speed,m/s,6.5
2025-05-28 11:00:00,Wind gust,Wind gust,m/s,24.4
2025-05-28 10:00:00,U-sonic wind dir,U-sonic wind dir,deg,358.0
2025-05-28 10:00:00,Solar radiation,Solar radiation,W/m2,936.0
2025-05-28 10:00:00,Solar Panel,Solar Panel,mV,10022.0
2025-05-28 10:00:00,Precipitation,Precipitation,mm,0.0
2025-05-28 10:00:00,Battery,Battery,mV,6815.0
2025-05-28 10:00:00,U-sonic wind speed,U-sonic wind speed,m/s,15.2
2025-05-28 10:00:00,Wind gust,Wind gust,m/s,23.9
2025-05-28 09:00:00,Wind gust,Wind gust,m/s,25.5
2025-05-28 09:00:00,Solar radiation,Solar radiation,W/m2,804.0
2025-05-28 09:00:00,Solar Panel,Solar Panel,mV,10012.0
2025-05-28 09:00:00,Precipitation,Precipitation,mm,0.0
2025-05-28 09:00:00,Battery,Battery,mV,6818.0
2025-05-28 09:00:00,U-sonic wind speed,U-sonic wind speed,m/s,14.5
2025-05-28 09:00:00,U-sonic wind dir,U-sonic wind dir,deg,311.0
2025-05-28 08:00:00,Battery,Battery,mV,6815.0
2025-05-28 08:00:00,Solar Panel,Solar Panel,mV,9979.0
2025-05-28 08:00:00,Precipitation,Precipitation,mm,0.0
2025-05-28 08:00:00,Solar radiation,Solar radiation,W/m2,637.0
2025-05-28 08:00:00,U-sonic wind speed,U-sonic wind speed,m/s,14.6
2025-05-28 08:00:00,U-sonic wind dir,U-sonic wind dir,deg,356.0
2025-05-28 08:00:00,Wind gust,Wind gust,m/s,26.9
2025-05-28 07:00:00,Wind gust,Wind gust,m/s,28.6
2025-05-28 07:00:00,Solar radiation,Solar radiation,W/m2,447.0
2025-05-28 07:00:00,Solar Panel,Solar Panel,mV,9840.0
2025-05-28 07:00:00,Precipitation,Precipitation,mm,0.0
2025-05-28 07:00:00,Battery,Battery,mV,6813.0
2025-05-28 07:00:00,U-sonic wind speed,U-sonic wind speed,m/s,22.5
2025-05-28 07:00:00,U-sonic wind dir,U-sonic wind dir,deg,179.0
2025-05-28 06:00:00,Solar radiation,Solar radiation,W/m2,236.0
2025-05-28 06:00:00,Solar Panel,Solar Panel,mV,9207.0
2025-05-28 06:00:00,Precipitation,Precipitation,mm,0.0
2025-05-28 06:00:00,Battery,Battery,mV,6801.0
2025-05-28 06:00:00,U-sonic wind speed,U-sonic wind speed,m/s,4.2
2025-05-28 06:00:00,U-sonic wind dir,U-sonic wind dir,deg,292.0
2025-05-28 06:00:00,Wind gust,Wind gust,m/s,21.7
2025-05-28 05:00:00,Wind gust,Wind gust,m/s,30.6
2025-05-28 05:00:00,Precipitation,Precipitation,mm,0.0
2025-05-28 05:00:00,Solar Panel,Solar Panel,mV,6810.0
2025-05-28 05:00:00,Solar radiation,Solar radiation,W/m2,12.0
2025-05-28 05:00:00,Battery,Battery,mV,6590.0
2025-05-28 05:00:00,U-sonic wind speed,U-sonic wind speed,m/s,20.1
2025-05-28 05:00:00,U-sonic wind dir,U-sonic wind dir,deg,61.0
2025-05-28 04:00:00,Battery,Battery,mV,6522.0
2025-05-28 04:00:00,Solar radiation,Solar radiation,W/m2,0.0
2025-05-28 04:00:00,Solar Panel,Solar Panel,mV,0.0
2025-05-28 04:00:00,Precipitation,Precipitation,mm,0.0
2025-05-28 04:00:00,U-sonic wind speed,U-sonic wind speed,m/s,20.9
2025-05-28 04:00:00,U-sonic wind dir,U-sonic wind dir,deg,334.0
2025-05-28 04:00:00,Wind gust,Wind gust,m/s,29.4
2025-05-28 03:00:00,Wind gust,Wind gust,m/s,33.4
2025-05-28 03:00:00,Solar radiation,Solar radiation,W/m2,0.0
2025-05-28 03:00:00,Solar Panel,Solar Panel,mV,0.0
2025-05-28 03:00:00,Precipitation,Precipitation,mm,0.0
2025-05-28 03:00:00,Battery,Battery,mV,6528.0
2025-05-28 03:00:00,U-sonic wind speed,U-sonic wind speed,m/s,16.4
2025-05-28 03:00:00,U-sonic wind dir,U-sonic wind dir,deg,317.0
2025-05-28 02:00:00,Precipitation,Precipitation,mm,0.0
2025-05-28 02:00:00,Battery,Battery,mV,6525.0
2025-05-28 02:00:00,U-sonic wind speed,U-sonic wind speed,m/s,17.7
2025-05-28 02:00:00,U-sonic wind dir,U-sonic wind dir,deg,341.0
2025-05-28 02:00:00,Wind gust,Wind gust,m/s,34.1
2025-05-28 02:00:00,Solar Panel,Solar Panel,mV,0.0
2025-05-28 02:00:00,Solar radiation,Solar radiation,W/m2,0.0
2025-05-28 01:00:00,Solar radiation,Solar radiation,W/m2,0.0
2025-05-28 01:00:00,Wind gust,Wind gust,m/s,22.2
2025-05-28 01:00:00,U-sonic wind speed,U-sonic wind speed,m/s,10.1
2025-05-28 01:00:00,Battery,Battery,mV,6528.0
2025-05-28 01:00:00,Precipitation,Precipitation,mm,0.0
2025-05-28 01:00:00,Solar Panel,Solar Panel,mV,0.0
2025-05-28 01:00:00,U-sonic wind dir,U-sonic wind dir,deg,33.0
2025-05-28 00:00:00,Battery,Battery,mV,6531.0
2025-05-28 00:00:00,Precipitation,Precipitation,mm,0.0
2025-05-28 00:00:00,Solar Panel,Solar Panel,mV,0.0
2025-05-28 00:00:00,Solar radiation,Solar radiation,W/m2,0.0
2025-05-28 00:00:00,Wind gust,Wind gust,m/s,27.8
2025-05-28 00:00:00,U-sonic wind dir,U-sonic wind dir,deg,48.0
2025-05-28 00:00:00,U-sonic wind speed,U-sonic wind speed,m/s,11.9
2025-05-27 23:00:00,Solar Panel,Solar Panel,mV,0.0
2025-05-27 23:00:00,Wind gust,Wind gust,m/s,40.2
2025-05-27 23:00:00,U-sonic wind dir,U-sonic wind dir,deg,135.0
2025-05-27 23:00:00,U-sonic wind speed,U-sonic wind speed,m/s,21.8
2025-05-27 23:00:00,Battery,Battery,mV,6539.0
2025-05-27 23:00:00,Solar radiation,Solar radiation,W/m2,0.0
2025-05-27 23:00:00,Precipitation,Precipitation,mm,0.0
2025-05-27 22:00:00,Solar Panel,Solar Panel,mV,0.0
2025-05-27 22:00:00,Battery,Battery,mV,6539.0
2025-05-27 22:00:00,U-sonic wind speed,U-sonic wind speed,m/s,16.5
2025-05-27 22:00:00,Wind gust,Wind gust,m/s,32.8
2025-05-27 22:00:00,U-sonic wind dir,U-sonic wind dir,deg,254.0
2025-05-27 22:00:00,Solar radiation,Solar radiation,W/m2,0.0
2025-05-27 22:00:00,Precipitation,Precipitation,mm,0.0
2025-05-27 21:00:00,Solar radiation,Solar radiation,W/m2,0.0
2025-05-27 21:00:00,U-sonic wind dir,U-sonic wind dir,deg,261.0
2025-05-27 21:00:00,Wind gust,Wind gust,m/s,40.2
2025-05-27 21:00:00,Solar Panel,Solar Panel,mV,0.0
2025-05-27 21:00:00,Precipitation,Precipitation,mm,0.0
2025-05-27 21:00:00,Battery,Battery,mV,6542.0
2025-05-27 21:00:00,U-sonic wind speed,U-sonic wind speed,m/s,16.4
2025-05-27 20:00:00,Solar radiation,Solar radiation,W/m2,0.0
2025-05-27 20:00:00,Solar Panel,Solar Panel,mV,0.0
2025-05-27 20:00:00,Precipitation,Precipitation,mm,0.0
2025-05-27 20:00:00,Battery,Battery,mV,6551.0
2025-05-27 20:00:00,U-sonic wind speed,U-sonic wind speed,m/s,18.7
2025-05-27 20:00:00,U-sonic wind dir,U-sonic wind dir,deg,12.0
2025-05-27 20:00:00,Wind gust,Wind gust,m/s,37.4
2025-05-27 19:00:00,Wind gust,Wind gust,m/s,30.6
2025-05-27 19:00:00,U-sonic wind dir,U-sonic wind dir,deg,5.0
2025-05-27 19:00:00,Battery,Battery,mV,6565.0
2025-05-27 19:00:00,Precipitation,Precipitation,mm,0.0
2025-05-27 19:00:00,Solar Panel,Solar Panel,mV,0.0
2025-05-27 19:00:00,U-sonic wind speed,U-sonic wind speed,m/s,15.1
2025-05-27 19:00:00,Solar radiation,Solar radiation,W/m2,0.0
2025-05-27 18:00:00,U-sonic wind dir,U-sonic wind dir,deg,286.0
2025-05-27 18:00:00,Wind gust,Wind gust,m/s,24.4
2025-05-27 18:00:00,U-sonic wind speed,U-sonic wind speed,m/s,8.1
2025-05-27 18:00:00,Battery,Battery,mV,6636.0
2025-05-27 18:00:00,Precipitation,Precipitation,mm,0.0
2025-05-27 18:00:00,Solar Panel,Solar Panel,mV,3609.0
2025-05-27 18:00:00,Solar radiation,Solar radiation,W/m2,32.0
2025-05-27 17:00:00,Solar radiation,Solar radiation,W/m2,46.0
2025-05-27 17:00:00,Solar Panel,Solar Panel,mV,6916.0
2025-05-27 17:00:00,Wind gust,Wind gust,m/s,20.6
2025-05-27 17:00:00,U-sonic wind dir,U-sonic wind dir,deg,278.0
2025-05-27 17:00:00,Precipitation,Precipitation,mm,0.0
2025-05-27 17:00:00,Battery,Battery,mV,6722.0
2025-05-27 17:00:00,U-sonic wind speed,U-sonic wind speed,m/s,4.3
2025-05-27 16:00:00,Precipitation,Precipitation,mm,0.0
2025-05-27 16:00:00,U-sonic wind dir,U-sonic wind dir,deg,344.0
2025-05-27 16:00:00,Solar radiation,Solar radiation,W/m2,275.0
2025-05-27 16:00:00,Battery,Battery,mV,6733.0
2025-05-27 16:00:00,U-sonic wind speed,U-sonic wind speed,m/s,2.5
2025-05-27 16:00:00,Solar Panel,Solar Panel,mV,6954.0
2025-05-27 16:00:00,Wind gust,Wind gust,m/s,6.0
2025-05-27 15:00:00,Wind gust,Wind gust,m/s,4.1
2025-05-27 15:00:00,Solar radiation,Solar radiation,W/m2,364.0
2025-05-27 15:00:00,Solar Panel,Solar Panel,mV,6959.0
2025-05-27 15:00:00,Precipitation,Precipitation,mm,0.0
2025-05-27 15:00:00,Battery,Battery,mV,6727.0
2025-05-27 15:00:00,U-sonic wind speed,U-sonic wind speed,m/s,1.5
2025-05-27 15:00:00,U-sonic wind dir,U-sonic wind dir,deg,325.0
2025-05-27 14:00:00,U-sonic wind speed,U-sonic wind speed,m/s,1.7
2025-05-27 14:00:00,U-sonic wind dir,U-sonic wind dir,deg,331.0
2025-05-27 14:00:00,Solar radiation,Solar radiation,W/m2,880.0
2025-05-27 14:00:00,Solar Panel,Solar Panel,mV,8656.0
2025-05-27 14:00:00,Wind gust,Wind gust,m/s,4.0
2025-05-27 14:00:00,Precipitation,Precipitation,mm,0.0
2025-05-27 14:00:00,Battery,Battery,mV,6781.0
2025-05-27 13:00:00,U-sonic wind speed,U-sonic wind speed,m/s,1.4
2025-05-27 13:00:00,U-sonic wind dir,U-sonic wind dir,deg,327.0
2025-05-27 13:00:00,Solar radiation,Solar radiation,W/m2,1006.0
2025-05-27 13:00:00,Battery,Battery,mV,6801.0
2025-05-27 13:00:00,Precipitation,Precipitation,mm,0.0
2025-05-27 13:00:00,Wind gust,Wind gust,m/s,4.3
2025-05-27 13:00:00,Solar Panel,Solar Panel,mV,9701.0
2025-05-27 12:00:00,Wind gust,Wind gust,m/s,3.7
2025-05-27 12:00:00,Solar radiation,Solar radiation,W/m2,1052.0
2025-05-27 12:00:00,Solar Panel,Solar Panel,mV,9868.0
2025-05-27 12:00:00,Precipitation,Precipitation,mm,0.0
2025-05-27 12:00:00,Battery,Battery,mV,6801.0
2025-05-27 12:00:00,U-sonic wind speed,U-sonic wind speed,m/s,1.3
2025-05-27 12:00:00,U-sonic wind dir,U-sonic wind dir,deg,352.0
2025-05-27 11:00:00,Wind gust,Wind gust,m/s,28.1
2025-05-27 11:00:00,U-sonic wind speed,U-sonic wind speed,m/s,7.5
2025-05-27 11:00:00,Solar Panel,Solar Panel,mV,9859.0
2025-05-27 11:00:00,Precipitation,Precipitation,mm,0.0
2025-05-27 11:00:00,Battery,Battery,mV,6804.0
2025-05-27 11:00:00,Solar radiation,Solar radiation,W/m2,1026.0
2025-05-27 11:00:00,U-sonic wind dir,U-sonic wind dir,deg,225.0
2025-05-27 10:00:00,Battery,Battery,mV,6798.0
2025-05-27 10:00:00,Solar radiation,Solar radiation,W/m2,939.0
2025-05-27 10:00:00,Solar Panel,Solar Panel,mV,9864.0
2025-05-27 10:00:00,Precipitation,Precipitation,mm,0.0
2025-05-27 10:00:00,U-sonic wind speed,U-sonic wind speed,m/s,15.5
2025-05-27 10:00:00,U-sonic wind dir,U-sonic wind dir,deg,327.0
2025-05-27 10:00:00,Wind gust,Wind gust,m/s,29.6
2025-05-27 09:00:00,Wind gust,Wind gust,m/s,29.1
2025-05-27 09:00:00,U-sonic wind dir,U-sonic wind dir,deg,330.0
2025-05-27 09:00:00,U-sonic wind speed,U-sonic wind speed,m/s,16.6
2025-05-27 09:00:00,Battery,Battery,mV,6801.0
2025-05-27 09:00:00,Precipitation,Precipitation,mm,0.0
2025-05-27 09:00:00,Solar radiation,Solar radiation,W/m2,802.0
2025-05-27 09:00:00,Solar Panel,Solar Panel,mV,9854.0
2025-05-27 08:00:00,U-sonic wind dir,U-sonic wind dir,deg,233.0
2025-05-27 08:00:00,Wind gust,Wind gust,m/s,29.3
2025-05-27 08:00:00,Battery,Battery,mV,6801.0
2025-05-27 08:00:00,U-sonic wind speed,U-sonic wind speed,m/s,22.8
2025-05-27 08:00:00,Precipitation,Precipitation,mm,0.0
2025-05-27 08:00:00,Solar Panel,Solar Panel,mV,9806.0
2025-05-27 08:00:00,Solar radiation,Solar radiation,W/m2,631.0
2025-05-27 07:00:00,Solar radiation,Solar radiation,W/m2,442.0
2025-05-27 07:00:00,Solar Panel,Solar Panel,mV,9629.0
2025-05-27 07:00:00,Precipitation,Precipitation,mm,0.0
2025-05-27 07:00:00,Battery,Battery,mV,6801.0
2025-05-27 07:00:00,U-sonic wind speed,U-sonic wind speed,m/s,13.4
2025-05-27 07:00:00,Wind gust,Wind gust,m/s,26.2
2025-05-27 07:00:00,U-sonic wind dir,U-sonic wind dir,deg,287.0
2025-05-27 06:00:00,Battery,Battery,mV,6801.0
2025-05-27 06:00:00,Precipitation,Precipitation,mm,0.0
2025-05-27 06:00:00,U-sonic wind speed,U-sonic wind speed,m/s,14.4
2025-05-27 06:00:00,U-sonic wind dir,U-sonic wind dir,deg,142.0
2025-05-27 06:00:00,Wind gust,Wind gust,m/s,39.0
2025-05-27 06:00:00,Solar Panel,Solar Panel,mV,9015.0
2025-05-27 06:00:00,Solar radiation,Solar radiation,W/m2,197.0
2025-05-27 05:00:00,Solar Panel,Solar Panel,mV,6810.0
2025-05-27 05:00:00,Solar radiation,Solar radiation,W/m2,8.0
2025-05-27 05:00:00,Battery,Battery,mV,6582.0
2025-05-27 05:00:00,U-sonic wind speed,U-sonic wind speed,m/s,21.8
2025-05-27 05:00:00,U-sonic wind dir,U-sonic wind dir,deg,352.0
2025-05-27 05:00:00,Precipitation,Precipitation,mm,0.0
2025-05-27 05:00:00,Wind gust,Wind gust,m/s,40.2
2025-05-27 04:00:00,Battery,Battery,mV,6519.0
2025-05-27 04:00:00,Precipitation,Precipitation,mm,0.0
2025-05-27 04:00:00,Wind gust,Wind gust,m/s,34.7
2025-05-27 04:00:00,U-sonic wind dir,U-sonic wind dir,deg,94.0
2025-05-27 04:00:00,U-sonic wind speed,U-sonic wind speed,m/s,20.3
2025-05-27 04:00:00,Solar radiation,Solar radiation,W/m2,0.0
2025-05-27 04:00:00,Solar Panel,Solar Panel,mV,0.0
2025-05-27 03:00:00,U-sonic wind speed,U-sonic wind speed,m/s,11.2
2025-05-27 03:00:00,Solar radiation,Solar radiation,W/m2,0.0
2025-05-27 03:00:00,Solar Panel,Solar Panel,mV,0.0
2025-05-27 03:00:00,Precipitation,Precipitation,mm,0.0
2025-05-27 03:00:00,Battery,Battery,mV,6525.0
2025-05-27 03:00:00,U-sonic wind dir,U-sonic wind dir,deg,358.0
2025-05-27 03:00:00,Wind gust,Wind gust,m/s,30.3
2025-05-27 02:00:00,Wind gust,Wind gust,m/s,22.5
2025-05-27 02:00:00,U-sonic wind dir,U-sonic wind dir,deg,7.0
2025-05-27 02:00:00,Solar radiation,Solar radiation,W/m2,0.0
2025-05-27 02:00:00,Solar Panel,Solar Panel,mV,0.0
2025-05-27 02:00:00,Precipitation,Precipitation,mm,0.0
2025-05-27 02:00:00,U-sonic wind speed,U-sonic wind speed,m/s,11.3
2025-05-27 02:00:00,Battery,Battery,mV,6528.0
2025-05-27 01:00:00,Solar radiation,Solar radiation,W/m2,0.0
2025-05-27 01:00:00,Precipitation,Precipitation,mm,0.0
2025-05-27 01:00:00,Battery,Battery,mV,6528.0
2025-05-27 01:00:00,U-sonic wind speed,U-sonic wind speed,m/s,18.4
2025-05-27 01:00:00,U-sonic wind dir,U-sonic wind dir,deg,82.0
2025-05-27 01:00:00,Wind gust,Wind gust,m/s,39.9
2025-05-27 01:00:00,Solar Panel,Solar Panel,mV,0.0
2025-05-27 00:00:00,Solar radiation,Solar radiation,W/m2,0.0
2025-05-27 00:00:00,Wind gust,Wind gust,m/s,39.4
2025-05-27 00:00:00,U-sonic wind speed,U-sonic wind speed,m/s,11.9
2025-05-27 00:00:00,Precipitation,Precipitation,mm,0.0
2025-05-27 00:00:00,Battery,Battery,mV,6534.0
2025-05-27 00:00:00,Solar Panel,Solar Panel,mV,0.0
2025-05-27 00:00:00,U-sonic wind dir,U-sonic wind dir,deg,223.0
2025-05-26 23:00:00,Wind gust,Wind gust,m/s,32.5
2025-05-26 23:00:00,Battery,Battery,mV,6528.0
2025-05-26 23:00:00,U-sonic wind dir,U-sonic wind dir,deg,37.0
2025-05-26 23:00:00,U-sonic wind speed,U-sonic wind speed,m/s,13.4
2025-05-26 23:00:00,Precipitation,Precipitation,mm,0.0
2025-05-26 23:00:00,Solar Panel,Solar Panel,mV,0.0
2025-05-26 23:00:00,Solar radiation,Solar radiation,W/m2,0.0
2025-05-26 22:00:00,U-sonic wind speed,U-sonic wind speed,m/s,23.4
2025-05-26 22:00:00,Wind gust,Wind gust,m/s,40.2
2025-05-26 22:00:00,Precipitation,Precipitation,mm,0.0
2025-05-26 22:00:00,Solar Panel,Solar Panel,mV,0.0
2025-05-26 22:00:00,Solar radiation,Solar radiation,W/m2,0.0
2025-05-26 22:00:00,Battery,Battery,mV,6534.0
2025-05-26 22:00:00,U-sonic wind dir,U-sonic wind dir,deg,49.0
2025-05-26 21:00:00,Solar radiation,Solar radiation,W/m2,0.0
2025-05-26 21:00:00,Precipitation,Precipitation,mm,0.0
2025-05-26 21:00:00,U-sonic wind speed,U-sonic wind speed,m/s,26.0
2025-05-26 21:00:00,U-sonic wind dir,U-sonic wind dir,deg,195.0
2025-05-26 21:00:00,Wind gust,Wind gust,m/s,40.2
2025-05-26 21:00:00,Battery,Battery,mV,6539.0
2025-05-26 21:00:00,Solar Panel,Solar Panel,mV,0.0
2025-05-26 20:00:00,Solar Panel,Solar Panel,mV,0.0
2025-05-26 20:00:00,Precipitation,Precipitation,mm,0.0
2025-05-26 20:00:00,U-sonic wind speed,U-sonic wind speed,m/s,29.4
2025-05-26 20:00:00,U-sonic wind dir,U-sonic wind dir,deg,139.0
2025-05-26 20:00:00,Wind gust,Wind gust,m/s,40.2
2025-05-26 20:00:00,Battery,Battery,mV,6542.0
2025-05-26 20:00:00,Solar radiation,Solar radiation,W/m2,0.0
2025-05-26 19:00:00,Precipitation,Precipitation,mm,0.0
2025-05-26 19:00:00,U-sonic wind dir,U-sonic wind dir,deg,125.0
2025-05-26 19:00:00,U-sonic wind speed,U-sonic wind speed,m/s,21.3
2025-05-26 19:00:00,Solar Panel,Solar Panel,mV,0.0
2025-05-26 19:00:00,Solar radiation,Solar radiation,W/m2,0.0
2025-05-26 19:00:00,Battery,Battery,mV,6545.0
2025-05-26 19:00:00,Wind gust,Wind gust,m/s,40.2
2025-05-26 18:00:00,Solar radiation,Solar radiation,W/m2,27.0
2025-05-26 18:00:00,Solar Panel,Solar Panel,mV,3460.0
2025-05-26 18:00:00,Precipitation,Precipitation,mm,0.0
2025-05-26 18:00:00,U-sonic wind speed,U-sonic wind speed,m/s,11.0
2025-05-26 18:00:00,U-sonic wind dir,U-sonic wind dir,deg,358.0
2025-05-26 18:00:00,Wind gust,Wind gust,m/s,25.0
2025-05-26 18:00:00,Battery,Battery,mV,6576.0
2025-05-26 17:00:00,U-sonic wind dir,U-sonic wind dir,deg,267.0
2025-05-26 17:00:00,U-sonic wind speed,U-sonic wind speed,m/s,18.6
2025-05-26 17:00:00,Precipitation,Precipitation,mm,0.0
2025-05-26 17:00:00,Solar Panel,Solar Panel,mV,6777.0
2025-05-26 17:00:00,Solar radiation,Solar radiation,W/m2,41.0
2025-05-26 17:00:00,Battery,Battery,mV,6588.0
2025-05-26 17:00:00,Wind gust,Wind gust,m/s,30.6
2025-05-26 16:00:00,Solar Panel,Solar Panel,mV,6825.0
2025-05-26 16:00:00,U-sonic wind speed,U-sonic wind speed,m/s,18.9
2025-05-26 16:00:00,Precipitation,Precipitation,mm,0.0
2025-05-26 16:00:00,Battery,Battery,mV,6602.0
2025-05-26 16:00:00,Solar radiation,Solar radiation,W/m2,275.0
2025-05-26 16:00:00,Wind gust,Wind gust,m/s,33.8
2025-05-26 16:00:00,U-sonic wind dir,U-sonic wind dir,deg,2.0
2025-05-26 15:00:00,Solar radiation,Solar radiation,W/m2,367.0
2025-05-26 15:00:00,Wind gust,Wind gust,m/s,31.7
2025-05-26 15:00:00,U-sonic wind dir,U-sonic wind dir,deg,218.0
2025-05-26 15:00:00,U-sonic wind speed,U-sonic wind speed,m/s,17.3
2025-05-26 15:00:00,Precipitation,Precipitation,mm,0.0
2025-05-26 15:00:00,Solar Panel,Solar Panel,mV,6834.0
2025-05-26 15:00:00,Battery,Battery,mV,6616.0
2025-05-26 14:00:00,Wind gust,Wind gust,m/s,30.1
2025-05-26 14:00:00,Battery,Battery,mV,6702.0
2025-05-26 14:00:00,Solar radiation,Solar radiation,W/m2,886.0
2025-05-26 14:00:00,Solar Panel,Solar Panel,mV,6964.0
2025-05-26 14:00:00,Precipitation,Precipitation,mm,0.0
2025-05-26 14:00:00,U-sonic wind speed,U-sonic wind speed,m/s,12.6
2025-05-26 14:00:00,U-sonic wind dir,U-sonic wind dir,deg,197.0
2025-05-26 13:00:00,Battery,Battery,mV,6770.0
2025-05-26 13:00:00,Solar radiation,Solar radiation,W/m2,1009.0
2025-05-26 13:00:00,Solar Panel,Solar Panel,mV,8445.0
2025-05-26 13:00:00,Precipitation,Precipitation,mm,0.0
2025-05-26 13:00:00,U-sonic wind speed,U-sonic wind speed,m/s,12.7
2025-05-26 13:00:00,U-sonic wind dir,U-sonic wind dir,deg,327.0
2025-05-26 13:00:00,Wind gust,Wind gust,m/s,30.6
2025-05-26 12:00:00,Precipitation,Precipitation,mm,0.0
2025-05-26 12:00:00,Wind gust,Wind gust,m/s,34.0
2025-05-26 12:00:00,U-sonic wind dir,U-sonic wind dir,deg,33.0
2025-05-26 12:00:00,U-sonic wind speed,U-sonic wind speed,m/s,15.0
2025-05-26 12:00:00,Solar Panel,Solar Panel,mV,8191.0
2025-05-26 12:00:00,Solar radiation,Solar radiation,W/m2,1064.0
2025-05-26 12:00:00,Battery,Battery,mV,6776.0
2025-05-26 11:00:00,Wind gust,Wind gust,m/s,28.3
2025-05-26 11:00:00,Solar radiation,Solar radiation,W/m2,1035.0
2025-05-26 11:00:00,Battery,Battery,mV,6767.0
2025-05-26 11:00:00,Solar Panel,Solar Panel,mV,8047.0
2025-05-26 11:00:00,Precipitation,Precipitation,mm,0.0
2025-05-26 11:00:00,U-sonic wind speed,U-sonic wind speed,m/s,13.6
2025-05-26 11:00:00,U-sonic wind dir,U-sonic wind dir,deg,130.0
2025-05-26 10:00:00,Solar radiation,Solar radiation,W/m2,939.0
2025-05-26 10:00:00,Wind gust,Wind gust,m/s,28.0
2025-05-26 10:00:00,Battery,Battery,mV,6759.0
2025-05-26 10:00:00,U-sonic wind dir,U-sonic wind dir,deg,266.0
2025-05-26 10:00:00,U-sonic wind speed,U-sonic wind speed,m/s,13.7
2025-05-26 10:00:00,Precipitation,Precipitation,mm,0.0
2025-05-26 10:00:00,Solar Panel,Solar Panel,mV,7453.0
2025-05-26 09:00:00,Solar Panel,Solar Panel,mV,7060.0
2025-05-26 09:00:00,Solar radiation,Solar radiation,W/m2,801.0
2025-05-26 09:00:00,Battery,Battery,mV,6733.0
2025-05-26 09:00:00,Wind gust,Wind gust,m/s,28.7
2025-05-26 09:00:00,U-sonic wind dir,U-sonic wind dir,deg,260.0
2025-05-26 09:00:00,U-sonic wind speed,U-sonic wind speed,m/s,19.6
2025-05-26 09:00:00,Precipitation,Precipitation,mm,0.0
2025-05-26 08:00:00,U-sonic wind speed,U-sonic wind speed,m/s,17.3
2025-05-26 08:00:00,Precipitation,Precipitation,mm,0.0
2025-05-26 08:00:00,Solar Panel,Solar Panel,mV,7040.0
2025-05-26 08:00:00,Solar radiation,Solar radiation,W/m2,632.0
2025-05-26 08:00:00,Battery,Battery,mV,6710.0
2025-05-26 08:00:00,Wind gust,Wind gust,m/s,28.4
2025-05-26 08:00:00,U-sonic wind dir,U-sonic wind dir,deg,330.0
2025-05-26 07:00:00,Solar radiation,Solar radiation,W/m2,440.0
2025-05-26 07:00:00,Battery,Battery,mV,6676.0
2025-05-26 07:00:00,Wind gust,Wind gust,m/s,32.8
2025-05-26 07:00:00,U-sonic wind dir,U-sonic wind dir,deg,138.0
2025-05-26 07:00:00,U-sonic wind speed,U-sonic wind speed,m/s,14.7
2025-05-26 07:00:00,Precipitation,Precipitation,mm,0.0
2025-05-26 07:00:00,Solar Panel,Solar Panel,mV,7002.0
2025-05-26 06:00:00,U-sonic wind speed,U-sonic wind speed,m/s,18.9
2025-05-26 06:00:00,U-sonic wind dir,U-sonic wind dir,deg,205.0
2025-05-26 06:00:00,Wind gust,Wind gust,m/s,40.2
2025-05-26 06:00:00,Battery,Battery,mV,6514.0
2025-05-26 06:00:00,Solar radiation,Solar radiation,W/m2,169.0
2025-05-26 06:00:00,Solar Panel,Solar Panel,mV,6820.0
2025-05-26 06:00:00,Precipitation,Precipitation,mm,0.0
2025-05-26 05:00:00,Solar Panel,Solar Panel,mV,6734.0
2025-05-26 05:00:00,Battery,Battery,mV,6516.0
2025-05-26 05:00:00,Wind gust,Wind gust,m/s,40.2
2025-05-26 05:00:00,U-sonic wind dir,U-sonic wind dir,deg,188.0
2025-05-26 05:00:00,U-sonic wind speed,U-sonic wind speed,m/s,15.4
2025-05-26 05:00:00,Precipitation,Precipitation,mm,0.0
2025-05-26 05:00:00,Solar radiation,Solar radiation,W/m2,9.0
2025-05-26 04:00:00,Battery,Battery,mV,6496.0
2025-05-26 04:00:00,Wind gust,Wind gust,m/s,34.9
2025-05-26 04:00:00,U-sonic wind dir,U-sonic wind dir,deg,153.0
2025-05-26 04:00:00,U-sonic wind speed,U-sonic wind speed,m/s,16.6
2025-05-26 04:00:00,Precipitation,Precipitation,mm,0.0
2025-05-26 04:00:00,Solar Panel,Solar Panel,mV,0.0
2025-05-26 04:00:00,Solar radiation,Solar radiation,W/m2,0.0
2025-05-26 03:00:00,Wind gust,Wind gust,m/s,31.7
2025-05-26 03:00:00,Battery,Battery,mV,6488.0
2025-05-26 03:00:00,Solar radiation,Solar radiation,W/m2,0.0
2025-05-26 03:00:00,Solar Panel,Solar Panel,mV,0.0
2025-05-26 03:00:00,Precipitation,Precipitation,mm,0.0
2025-05-26 03:00:00,U-sonic wind speed,U-sonic wind speed,m/s,15.9
2025-05-26 03:00:00,U-sonic wind dir,U-sonic wind dir,deg,138.0
2025-05-26 02:00:00,Wind gust,Wind gust,m/s,25.5
2025-05-26 02:00:00,Battery,Battery,mV,6519.0
2025-05-26 02:00:00,Solar radiation,Solar radiation,W/m2,0.0
2025-05-26 02:00:00,Solar Panel,Solar Panel,mV,0.0
2025-05-26 02:00:00,Precipitation,Precipitation,mm,0.0
2025-05-26 02:00:00,U-sonic wind speed,U-sonic wind speed,m/s,11.2
2025-05-26 02:00:00,U-sonic wind dir,U-sonic wind dir,deg,205.0
2025-05-26 01:00:00,Solar Panel,Solar Panel,mV,0.0
2025-05-26 01:00:00,Battery,Battery,mV,6391.0
2025-05-26 01:00:00,Wind gust,Wind gust,m/s,33.4
2025-05-26 01:00:00,U-sonic wind dir,U-sonic wind dir,deg,87.0
2025-05-26 01:00:00,U-sonic wind speed,U-sonic wind speed,m/s,16.6
2025-05-26 01:00:00,Precipitation,Precipitation,mm,0.0
2025-05-26 01:00:00,Solar radiation,Solar radiation,W/m2,0.0
2025-05-26 00:00:00,Solar radiation,Solar radiation,W/m2,0.0
2025-05-26 00:00:00,Wind gust,Wind gust,m/s,38.1
2025-05-26 00:00:00,U-sonic wind dir,U-sonic wind dir,deg,6.0
2025-05-26 00:00:00,U-sonic wind speed,U-sonic wind speed,m/s,18.1
2025-05-26 00:00:00,Precipitation,Precipitation,mm,0.0
2025-05-26 00:00:00,Solar Panel,Solar Panel,mV,0.0
2025-05-26 00:00:00,Battery,Battery,mV,6559.0
2025-05-14 17:00:00,Solar Panel,Solar Panel,mV,6801.0
2025-05-14 17:00:00,DeltaT,DeltaT,°C,8.0
2025-05-14 17:00:00,VPD,VPD,mbar,16.7
2025-05-14 17:00:00,Dew Point,Dew Point,°C,10.9
2025-05-14 17:00:00,HC Relative humidity,HC Relative humidity,%,43.88
2025-05-14 17:00:00,HC Air temperature,HC Air temperature,°C,24.03
2025-05-14 17:00:00,Battery,Battery,mV,6553.0
2025-05-14 17:00:00,Precipitation,Precipitation,mm,0.0
2025-05-14 17:00:00,Solar radiation,Solar radiation,W/m2,72.0
2025-05-14 16:00:00,Solar radiation,Solar radiation,W/m2,297.0
2025-05-14 16:00:00,DeltaT,DeltaT,°C,8.0
2025-05-14 16:00:00,VPD,VPD,mbar,17.9
2025-05-14 16:00:00,Dew Point,Dew Point,°C,10.5
2025-05-14 16:00:00,HC Relative humidity,HC Relative humidity,%,41.47
2025-05-14 16:00:00,HC Air temperature,HC Air temperature,°C,24.42
2025-05-14 16:00:00,Battery,Battery,mV,6568.0
2025-05-14 16:00:00,Precipitation,Precipitation,mm,0.0
2025-05-14 16:00:00,Solar Panel,Solar Panel,mV,6820.0
2025-05-14 15:00:00,Solar Panel,Solar Panel,mV,6873.0
2025-05-14 15:00:00,Battery,Battery,mV,6610.0
2025-05-14 15:00:00,Precipitation,Precipitation,mm,0.0
2025-05-14 15:00:00,Solar radiation,Solar radiation,W/m2,389.0
2025-05-14 14:00:00,Solar Panel,Solar Panel,mV,7750.0
2025-05-14 14:00:00,Battery,Battery,mV,6764.0
2025-05-14 14:00:00,Precipitation,Precipitation,mm,0.0
2025-05-14 14:00:00,Solar radiation,Solar radiation,W/m2,728.0
2025-05-14 13:00:00,Solar radiation,Solar radiation,W/m2,943.0
2025-05-14 13:00:00,Battery,Battery,mV,6796.0
2025-05-14 13:00:00,Precipitation,Precipitation,mm,0.0
2025-05-14 13:00:00,Solar Panel,Solar Panel,mV,9130.0
2025-05-14 12:00:00,DeltaT,DeltaT,°C,7.0
2025-05-14 12:00:00,Solar radiation,Solar radiation,W/m2,960.0
2025-05-14 12:00:00,Solar Panel,Solar Panel,mV,9193.0
2025-05-14 12:00:00,Precipitation,Precipitation,mm,0.0
2025-05-14 12:00:00,Battery,Battery,mV,6801.0
2025-05-14 12:00:00,HC Air temperature,HC Air temperature,°C,23.3
2025-05-14 12:00:00,HC Relative humidity,HC Relative humidity,%,46.23
2025-05-14 12:00:00,Dew Point,Dew Point,°C,11.1
2025-05-14 12:00:00,VPD,VPD,mbar,15.3
2025-05-14 11:00:00,HC Relative humidity,HC Relative humidity,%,65.3
2025-05-14 11:00:00,HC Air temperature,HC Air temperature,°C,21.32
2025-05-14 11:00:00,Solar Panel,Solar Panel,mV,9020.0
2025-05-14 11:00:00,Precipitation,Precipitation,mm,0.0
2025-05-14 11:00:00,Solar radiation,Solar radiation,W/m2,1040.0
2025-05-14 11:00:00,DeltaT,DeltaT,°C,4.0
2025-05-14 11:00:00,Battery,Battery,mV,6793.0
2025-05-14 11:00:00,VPD,VPD,mbar,8.8
2025-05-14 11:00:00,Dew Point,Dew Point,°C,14.5
2025-05-14 10:00:00,Solar radiation,Solar radiation,W/m2,703.0
2025-05-14 10:00:00,Precipitation,Precipitation,mm,0.0
2025-05-14 10:00:00,DeltaT,DeltaT,°C,3.0
2025-05-14 10:00:00,VPD,VPD,mbar,5.9
2025-05-14 10:00:00,Dew Point,Dew Point,°C,13.9
2025-05-14 10:00:00,HC Relative humidity,HC Relative humidity,%,73.07
2025-05-14 10:00:00,HC Air temperature,HC Air temperature,°C,18.9
2025-05-14 10:00:00,Battery,Battery,mV,6804.0
2025-05-14 10:00:00,Solar Panel,Solar Panel,mV,9279.0
2025-05-14 09:00:00,Solar radiation,Solar radiation,W/m2,145.0
2025-05-14 09:00:00,VPD,VPD,mbar,2.7
2025-05-14 09:00:00,DeltaT,DeltaT,°C,2.0
2025-05-14 09:00:00,Dew Point,Dew Point,°C,13.8
2025-05-14 09:00:00,HC Relative humidity,HC Relative humidity,%,85.33
2025-05-14 09:00:00,HC Air temperature,HC Air temperature,°C,16.37
2025-05-14 09:00:00,Battery,Battery,mV,6511.0
2025-05-14 09:00:00,Precipitation,Precipitation,mm,0.0
2025-05-14 09:00:00,Solar Panel,Solar Panel,mV,6815.0
2025-05-14 08:00:00,Solar Panel,Solar Panel,mV,6700.0
2025-05-14 08:00:00,Battery,Battery,mV,6431.0
2025-05-14 08:00:00,Precipitation,Precipitation,mm,0.0
2025-05-14 08:00:00,Solar radiation,Solar radiation,W/m2,81.0
2025-05-14 07:00:00,Precipitation,Precipitation,mm,0.0
2025-05-14 07:00:00,Battery,Battery,mV,6417.0
2025-05-14 07:00:00,Solar Panel,Solar Panel,mV,6600.0
2025-05-14 07:00:00,Solar radiation,Solar radiation,W/m2,35.0
2025-05-14 06:00:00,Battery,Battery,mV,6408.0
2025-05-14 06:00:00,Solar radiation,Solar radiation,W/m2,2.0
2025-05-14 06:00:00,Solar Panel,Solar Panel,mV,2722.0
2025-05-14 06:00:00,Precipitation,Precipitation,mm,0.0
2025-05-14 05:00:00,Solar radiation,Solar radiation,W/m2,0.0
2025-05-14 05:00:00,Battery,Battery,mV,6405.0
2025-05-14 05:00:00,Precipitation,Precipitation,mm,0.0
2025-05-14 05:00:00,Solar Panel,Solar Panel,mV,0.0
2025-05-14 04:00:00,Solar Panel,Solar Panel,mV,0.0
2025-05-14 04:00:00,Battery,Battery,mV,6414.0
2025-05-14 04:00:00,Precipitation,Precipitation,mm,0.0
2025-05-14 04:00:00,Solar radiation,Solar radiation,W/m2,0.0
2025-05-14 03:00:00,Solar Panel,Solar Panel,mV,0.0
2025-05-14 03:00:00,Battery,Battery,mV,6422.0
2025-05-14 03:00:00,Precipitation,Precipitation,mm,0.0
2025-05-14 03:00:00,Solar radiation,Solar radiation,W/m2,0.0
2025-05-14 02:00:00,Solar radiation,Solar radiation,W/m2,0.0
2025-05-14 02:00:00,Precipitation,Precipitation,mm,0.0
2025-05-14 02:00:00,Battery,Battery,mV,6437.0
2025-05-14 02:00:00,Solar Panel,Solar Panel,mV,0.0
2025-05-14 01:00:00,Solar Panel,Solar Panel,mV,0.0
2025-05-14 01:00:00,Precipitation,Precipitation,mm,0.0
2025-05-14 01:00:00,Battery,Battery,mV,6448.0
2025-05-14 01:00:00,Solar radiation,Solar radiation,W/m2,0.0
2025-05-14 00:00:00,Solar radiation,Solar radiation,W/m2,0.0
2025-05-14 00:00:00,Solar Panel,Solar Panel,mV,0.0
2025-05-14 00:00:00,Battery,Battery,mV,6459.0
2025-05-14 00:00:00,Precipitation,Precipitation,mm,0.0
2025-05-13 23:00:00,Solar radiation,Solar radiation,W/m2,0.0
2025-05-13 23:00:00,Solar Panel,Solar Panel,mV,0.0
2025-05-13 23:00:00,Precipitation,Precipitation,mm,0.0
2025-05-13 23:00:00,Battery,Battery,mV,6465.0
2025-05-13 22:00:00,Precipitation,Precipitation,mm,0.0
2025-05-13 22:00:00,Solar Panel,Solar Panel,mV,0.0
2025-05-13 22:00:00,Battery,Battery,mV,6468.0
2025-05-13 22:00:00,Solar radiation,Solar radiation,W/m2,0.0
2025-05-13 21:00:00,Battery,Battery,mV,6474.0
2025-05-13 21:00:00,Precipitation,Precipitation,mm,0.0
2025-05-13 21:00:00,Solar Panel,Solar Panel,mV,0.0
2025-05-13 21:00:00,Solar radiation,Solar radiation,W/m2,0.0
2025-05-13 20:00:00,Battery,Battery,mV,6482.0
2025-05-13 20:00:00,Precipitation,Precipitation,mm,0.0
2025-05-13 20:00:00,Solar Panel,Solar Panel,mV,0.0
2025-05-13 20:00:00,Solar radiation,Solar radiation,W/m2,0.0
2025-05-13 19:00:00,Solar Panel,Solar Panel,mV,0.0
2025-05-13 19:00:00,Precipitation,Precipitation,mm,0.0
2025-05-13 19:00:00,Battery,Battery,mV,6491.0
2025-05-13 19:00:00,Solar radiation,Solar radiation,W/m2,0.0
2025-05-13 18:00:00,Solar Panel,Solar Panel,mV,2166.0
2025-05-13 18:00:00,Solar radiation,Solar radiation,W/m2,52.0
2025-05-13 18:00:00,Battery,Battery,mV,6496.0
2025-05-13 18:00:00,Precipitation,Precipitation,mm,0.0
2025-05-10 09:00:00,U-sonic wind speed,U-sonic wind speed,m/s,0.9
2025-05-10 09:00:00,Wind gust,Wind gust,m/s,2.4
2025-05-10 09:00:00,Solar Panel,Solar Panel,mV,9461.0
2025-05-10 09:00:00,Solar radiation,Solar radiation,W/m2,752.0
2025-05-10 09:00:00,Precipitation,Precipitation,mm,0.0
2025-05-10 09:00:00,Battery,Battery,mV,6801.0
2025-05-10 09:00:00,U-sonic wind dir,U-sonic wind dir,deg,141.0
2025-05-10 08:00:00,Battery,Battery,mV,6798.0
2025-05-10 08:00:00,Wind gust,Wind gust,m/s,2.0
2025-05-10 08:00:00,U-sonic wind dir,U-sonic wind dir,deg,185.0
2025-05-10 08:00:00,U-sonic wind speed,U-sonic wind speed,m/s,0.8
2025-05-10 08:00:00,Precipitation,Precipitation,mm,0.0
2025-05-10 08:00:00,Solar Panel,Solar Panel,mV,9082.0
2025-05-10 08:00:00,Solar radiation,Solar radiation,W/m2,543.0
2025-05-10 07:00:00,Battery,Battery,mV,6767.0
2025-05-10 07:00:00,Precipitation,Precipitation,mm,0.0
2025-05-10 07:00:00,Solar Panel,Solar Panel,mV,7093.0
2025-05-10 07:00:00,Solar radiation,Solar radiation,W/m2,354.0
2025-05-10 07:00:00,Wind gust,Wind gust,m/s,28.1
2025-05-10 07:00:00,U-sonic wind dir,U-sonic wind dir,deg,132.0
2025-05-10 07:00:00,U-sonic wind speed,U-sonic wind speed,m/s,8.1
2025-05-10 06:00:00,Solar Panel,Solar Panel,mV,6954.0
2025-05-10 06:00:00,Battery,Battery,mV,6645.0
2025-05-10 06:00:00,Solar radiation,Solar radiation,W/m2,160.0
2025-05-10 06:00:00,U-sonic wind speed,U-sonic wind speed,m/s,12.7
2025-05-10 06:00:00,U-sonic wind dir,U-sonic wind dir,deg,167.0
2025-05-10 06:00:00,Wind gust,Wind gust,m/s,26.5
2025-05-10 06:00:00,Precipitation,Precipitation,mm,0.0
2025-05-10 05:00:00,Precipitation,Precipitation,mm,0.0
2025-05-10 05:00:00,Solar Panel,Solar Panel,mV,4122.0
2025-05-10 05:00:00,Solar radiation,Solar radiation,W/m2,6.0
2025-05-10 05:00:00,Battery,Battery,mV,6417.0
2025-05-10 05:00:00,U-sonic wind speed,U-sonic wind speed,m/s,10.2
2025-05-10 05:00:00,U-sonic wind dir,U-sonic wind dir,deg,96.0
2025-05-10 05:00:00,Wind gust,Wind gust,m/s,15.9
2025-05-10 04:00:00,Solar radiation,Solar radiation,W/m2,0.0
2025-05-10 04:00:00,Solar Panel,Solar Panel,mV,0.0
2025-05-10 04:00:00,Precipitation,Precipitation,mm,0.0
2025-05-10 04:00:00,Battery,Battery,mV,6422.0
2025-05-10 04:00:00,U-sonic wind speed,U-sonic wind speed,m/s,7.7
2025-05-10 04:00:00,U-sonic wind dir,U-sonic wind dir,deg,86.0
2025-05-10 04:00:00,Wind gust,Wind gust,m/s,20.4
2025-05-10 03:00:00,Battery,Battery,mV,6431.0
2025-05-10 03:00:00,Solar Panel,Solar Panel,mV,0.0
2025-05-10 03:00:00,Solar radiation,Solar radiation,W/m2,0.0
2025-05-10 03:00:00,Wind gust,Wind gust,m/s,26.4
2025-05-10 03:00:00,U-sonic wind dir,U-sonic wind dir,deg,33.0
2025-05-10 03:00:00,U-sonic wind speed,U-sonic wind speed,m/s,14.2
2025-05-10 03:00:00,Precipitation,Precipitation,mm,0.0
2025-05-10 02:00:00,Solar Panel,Solar Panel,mV,0.0
2025-05-10 02:00:00,Wind gust,Wind gust,m/s,25.7
2025-05-10 02:00:00,U-sonic wind dir,U-sonic wind dir,deg,68.0
2025-05-10 02:00:00,U-sonic wind speed,U-sonic wind speed,m/s,18.1
2025-05-10 02:00:00,Battery,Battery,mV,6442.0
2025-05-10 02:00:00,Precipitation,Precipitation,mm,0.0
2025-05-10 02:00:00,Solar radiation,Solar radiation,W/m2,0.0
2025-05-10 01:00:00,Solar radiation,Solar radiation,W/m2,0.0
2025-05-10 01:00:00,Wind gust,Wind gust,m/s,26.3
2025-05-10 01:00:00,U-sonic wind dir,U-sonic wind dir,deg,298.0
2025-05-10 01:00:00,U-sonic wind speed,U-sonic wind speed,m/s,20.8
2025-05-10 01:00:00,Battery,Battery,mV,6454.0
2025-05-10 01:00:00,Precipitation,Precipitation,mm,0.0
2025-05-10 01:00:00,Solar Panel,Solar Panel,mV,0.0
2025-05-10 00:00:00,Solar Panel,Solar Panel,mV,0.0
2025-05-10 00:00:00,Wind gust,Wind gust,m/s,26.0
2025-05-10 00:00:00,U-sonic wind dir,U-sonic wind dir,deg,299.0
2025-05-10 00:00:00,U-sonic wind speed,U-sonic wind speed,m/s,20.5
2025-05-10 00:00:00,Battery,Battery,mV,6459.0
2025-05-10 00:00:00,Precipitation,Precipitation,mm,0.0
2025-05-10 00:00:00,Solar radiation,Solar radiation,W/m2,0.0
2025-05-09 23:00:00,Solar Panel,Solar Panel,mV,0.0
2025-05-09 23:00:00,Wind gust,Wind gust,m/s,26.6
2025-05-09 23:00:00,U-sonic wind dir,U-sonic wind dir,deg,293.0
2025-05-09 23:00:00,U-sonic wind speed,U-sonic wind speed,m/s,22.0
2025-05-09 23:00:00,Battery,Battery,mV,6462.0
2025-05-09 23:00:00,Precipitation,Precipitation,mm,0.0
2025-05-09 23:00:00,Solar radiation,Solar radiation,W/m2,0.0
2025-05-09 22:00:00,U-sonic wind speed,U-sonic wind speed,m/s,15.3
2025-05-09 22:00:00,Wind gust,Wind gust,m/s,21.5
2025-05-09 22:00:00,U-sonic wind dir,U-sonic wind dir,deg,305.0
2025-05-09 22:00:00,Battery,Battery,mV,6477.0
2025-05-09 22:00:00,Precipitation,Precipitation,mm,0.0
2025-05-09 22:00:00,Solar Panel,Solar Panel,mV,0.0
2025-05-09 22:00:00,Solar radiation,Solar radiation,W/m2,0.0
2025-05-09 21:00:00,Battery,Battery,mV,6474.0
2025-05-09 21:00:00,Wind gust,Wind gust,m/s,20.8
2025-05-09 21:00:00,U-sonic wind dir,U-sonic wind dir,deg,342.0
2025-05-09 21:00:00,Solar radiation,Solar radiation,W/m2,0.0
2025-05-09 21:00:00,Solar Panel,Solar Panel,mV,0.0
2025-05-09 21:00:00,Precipitation,Precipitation,mm,0.0
2025-05-09 21:00:00,U-sonic wind speed,U-sonic wind speed,m/s,14.6
2025-05-09 20:00:00,Battery,Battery,mV,6479.0
2025-05-09 20:00:00,Solar radiation,Solar radiation,W/m2,0.0
2025-05-09 20:00:00,Solar Panel,Solar Panel,mV,0.0
2025-05-09 20:00:00,Precipitation,Precipitation,mm,0.0
2025-05-09 20:00:00,U-sonic wind speed,U-sonic wind speed,m/s,15.9
2025-05-09 20:00:00,U-sonic wind dir,U-sonic wind dir,deg,303.0
2025-05-09 20:00:00,Wind gust,Wind gust,m/s,24.2
2025-05-09 19:00:00,Solar radiation,Solar radiation,W/m2,0.0
2025-05-09 19:00:00,Wind gust,Wind gust,m/s,27.4
2025-05-09 19:00:00,U-sonic wind dir,U-sonic wind dir,deg,145.0
2025-05-09 19:00:00,U-sonic wind speed,U-sonic wind speed,m/s,15.1
2025-05-09 19:00:00,Battery,Battery,mV,6488.0
2025-05-09 19:00:00,Precipitation,Precipitation,mm,0.0
2025-05-09 19:00:00,Solar Panel,Solar Panel,mV,0.0
2025-05-09 18:00:00,Solar Panel,Solar Panel,mV,2775.0
2025-05-09 18:00:00,Wind gust,Wind gust,m/s,16.3
2025-05-09 18:00:00,U-sonic wind dir,U-sonic wind dir,deg,87.0
2025-05-09 18:00:00,U-sonic wind speed,U-sonic wind speed,m/s,3.0
2025-05-09 18:00:00,Battery,Battery,mV,6496.0
2025-05-09 18:00:00,Precipitation,Precipitation,mm,0.0
2025-05-09 18:00:00,Solar radiation,Solar radiation,W/m2,26.0
2025-05-09 17:00:00,Solar Panel,Solar Panel,mV,6777.0
2025-05-09 17:00:00,Wind gust,Wind gust,m/s,4.0
2025-05-09 17:00:00,U-sonic wind dir,U-sonic wind dir,deg,31.0
2025-05-09 17:00:00,U-sonic wind speed,U-sonic wind speed,m/s,1.8
2025-05-09 17:00:00,Battery,Battery,mV,6534.0
2025-05-09 17:00:00,Precipitation,Precipitation,mm,0.0
2025-05-09 17:00:00,Solar radiation,Solar radiation,W/m2,122.0
2025-05-09 16:00:00,Battery,Battery,mV,6559.0
2025-05-09 16:00:00,Wind gust,Wind gust,m/s,3.9
2025-05-09 16:00:00,U-sonic wind dir,U-sonic wind dir,deg,67.0
2025-05-09 16:00:00,Solar radiation,Solar radiation,W/m2,217.0
2025-05-09 16:00:00,Solar Panel,Solar Panel,mV,6820.0
2025-05-09 16:00:00,Precipitation,Precipitation,mm,0.0
2025-05-09 16:00:00,U-sonic wind speed,U-sonic wind speed,m/s,1.9
2025-05-09 15:00:00,Precipitation,Precipitation,mm,0.0
2025-05-09 15:00:00,Solar radiation,Solar radiation,W/m2,261.0
2025-05-09 15:00:00,Wind gust,Wind gust,m/s,4.2
2025-05-09 15:00:00,U-sonic wind dir,U-sonic wind dir,deg,51.0
2025-05-09 15:00:00,U-sonic wind speed,U-sonic wind speed,m/s,2.1
2025-05-09 15:00:00,Battery,Battery,mV,6636.0
2025-05-09 15:00:00,Solar Panel,Solar Panel,mV,6916.0
2025-05-09 14:00:00,U-sonic wind speed,U-sonic wind speed,m/s,11.1
2025-05-09 14:00:00,U-sonic wind dir,U-sonic wind dir,deg,65.0
2025-05-09 14:00:00,Wind gust,Wind gust,m/s,28.3
2025-05-09 14:00:00,Solar radiation,Solar radiation,W/m2,509.0
2025-05-09 14:00:00,Solar Panel,Solar Panel,mV,8210.0
2025-05-09 14:00:00,Precipitation,Precipitation,mm,0.0
2025-05-09 14:00:00,Battery,Battery,mV,6781.0
2025-05-09 13:00:00,Dew Point,Dew Point,°C,14.5
2025-05-09 13:00:00,VPD,VPD,mbar,16.9
2025-05-09 13:00:00,DeltaT,DeltaT,°C,7.0
2025-05-09 13:00:00,U-sonic wind speed,U-sonic wind speed,m/s,3.3
2025-05-09 13:00:00,Wind gust,Wind gust,m/s,23.1
2025-05-09 13:00:00,U-sonic wind dir,U-sonic wind dir,deg,124.0
2025-05-09 13:00:00,Solar radiation,Solar radiation,W/m2,574.0
2025-05-09 13:00:00,HC Air temperature,HC Air temperature,°C,25.95
2025-05-09 13:00:00,Battery,Battery,mV,6807.0
2025-05-09 13:00:00,Precipitation,Precipitation,mm,0.0
2025-05-09 13:00:00,Solar Panel,Solar Panel,mV,9854.0
2025-05-09 13:00:00,HC Relative humidity,HC Relative humidity,%,49.36
2025-05-09 12:00:00,Wind gust,Wind gust,m/s,28.2
2025-05-09 12:00:00,Solar radiation,Solar radiation,W/m2,1025.0
2025-05-09 12:00:00,Solar Panel,Solar Panel,mV,9849.0
2025-05-09 12:00:00,Precipitation,Precipitation,mm,0.0
2025-05-09 12:00:00,Battery,Battery,mV,6807.0
2025-05-09 12:00:00,HC Air temperature,HC Air temperature,°C,25.96
2025-05-09 12:00:00,HC Relative humidity,HC Relative humidity,%,50.65
2025-05-09 12:00:00,Dew Point,Dew Point,°C,14.9
2025-05-09 12:00:00,VPD,VPD,mbar,16.5
2025-05-09 12:00:00,DeltaT,DeltaT,°C,7.0
2025-05-09 12:00:00,U-sonic wind speed,U-sonic wind speed,m/s,8.4
2025-05-09 12:00:00,U-sonic wind dir,U-sonic wind dir,deg,179.0
2025-05-09 11:00:00,Battery,Battery,mV,6807.0
2025-05-09 11:00:00,Precipitation,Precipitation,mm,0.0
2025-05-09 11:00:00,Solar Panel,Solar Panel,mV,9820.0
2025-05-09 11:00:00,Solar radiation,Solar radiation,W/m2,1054.0
2025-05-09 11:00:00,Wind gust,Wind gust,m/s,28.4
2025-05-09 11:00:00,U-sonic wind dir,U-sonic wind dir,deg,153.0
2025-05-09 11:00:00,U-sonic wind speed,U-sonic wind speed,m/s,4.1
2025-05-09 10:00:00,U-sonic wind speed,U-sonic wind speed,m/s,3.2
2025-05-09 10:00:00,Solar Panel,Solar Panel,mV,9758.0
2025-05-09 10:00:00,Precipitation,Precipitation,mm,0.0
2025-05-09 10:00:00,Battery,Battery,mV,6810.0
2025-05-09 10:00:00,Wind gust,Wind gust,m/s,28.9
2025-05-09 10:00:00,U-sonic wind dir,U-sonic wind dir,deg,183.0
2025-05-09 10:00:00,Solar radiation,Solar radiation,W/m2,778.0
2025-05-07 09:00:00,U-sonic wind dir,U-sonic wind dir,deg,130.0
2025-05-07 09:00:00,Solar radiation,Solar radiation,W/m2,724.0
2025-05-07 09:00:00,Solar Panel,Solar Panel,mV,8986.0
2025-05-07 09:00:00,Precipitation,Precipitation,mm,0.0
2025-05-07 09:00:00,Battery,Battery,mV,6790.0
2025-05-07 09:00:00,U-sonic wind speed,U-sonic wind speed,m/s,0.9
2025-05-07 09:00:00,Wind gust,Wind gust,m/s,2.1
2025-05-07 08:00:00,Solar Panel,Solar Panel,mV,8991.0
2025-05-07 08:00:00,Precipitation,Precipitation,mm,0.0
2025-05-07 08:00:00,Battery,Battery,mV,6793.0
2025-05-07 08:00:00,U-sonic wind speed,U-sonic wind speed,m/s,0.7
2025-05-07 08:00:00,U-sonic wind dir,U-sonic wind dir,deg,94.0
2025-05-07 08:00:00,Wind gust,Wind gust,m/s,2.0
2025-05-07 08:00:00,Solar radiation,Solar radiation,W/m2,592.0
2025-05-07 07:00:00,Solar radiation,Solar radiation,W/m2,387.0
2025-05-07 07:00:00,Precipitation,Precipitation,mm,0.0
2025-05-07 07:00:00,Battery,Battery,mV,6770.0
2025-05-07 07:00:00,U-sonic wind speed,U-sonic wind speed,m/s,5.9
2025-05-07 07:00:00,U-sonic wind dir,U-sonic wind dir,deg,115.0
2025-05-07 07:00:00,Wind gust,Wind gust,m/s,27.0
2025-05-07 07:00:00,Solar Panel,Solar Panel,mV,7913.0
2025-05-07 06:00:00,Solar radiation,Solar radiation,W/m2,163.0
2025-05-07 06:00:00,Precipitation,Precipitation,mm,0.0
2025-05-07 06:00:00,Battery,Battery,mV,6665.0
2025-05-07 06:00:00,U-sonic wind speed,U-sonic wind speed,m/s,14.8
2025-05-07 06:00:00,U-sonic wind dir,U-sonic wind dir,deg,346.0
2025-05-07 06:00:00,Wind gust,Wind gust,m/s,30.7
2025-05-07 06:00:00,Solar Panel,Solar Panel,mV,6978.0
2025-05-07 05:00:00,U-sonic wind speed,U-sonic wind speed,m/s,12.5
2025-05-07 05:00:00,Wind gust,Wind gust,m/s,33.1
2025-05-07 05:00:00,U-sonic wind dir,U-sonic wind dir,deg,82.0
2025-05-07 05:00:00,Battery,Battery,mV,6445.0
2025-05-07 05:00:00,Precipitation,Precipitation,mm,0.0
2025-05-07 05:00:00,Solar Panel,Solar Panel,mV,6691.0
2025-05-07 05:00:00,Solar radiation,Solar radiation,W/m2,10.0
2025-05-07 04:00:00,Solar radiation,Solar radiation,W/m2,0.0
2025-05-07 04:00:00,Solar Panel,Solar Panel,mV,0.0
2025-05-07 04:00:00,Precipitation,Precipitation,mm,0.0
2025-05-07 04:00:00,Battery,Battery,mV,6434.0
2025-05-07 04:00:00,U-sonic wind speed,U-sonic wind speed,m/s,20.1
2025-05-07 04:00:00,U-sonic wind dir,U-sonic wind dir,deg,290.0
2025-05-07 04:00:00,Wind gust,Wind gust,m/s,28.1
2025-05-07 03:00:00,U-sonic wind dir,U-sonic wind dir,deg,200.0
2025-05-07 03:00:00,U-sonic wind speed,U-sonic wind speed,m/s,17.8
2025-05-07 03:00:00,Battery,Battery,mV,6442.0
2025-05-07 03:00:00,Precipitation,Precipitation,mm,0.0
2025-05-07 03:00:00,Wind gust,Wind gust,m/s,27.8
2025-05-07 03:00:00,Solar Panel,Solar Panel,mV,0.0
2025-05-07 03:00:00,Solar radiation,Solar radiation,W/m2,0.0
2025-05-07 02:00:00,Wind gust,Wind gust,m/s,27.9
2025-05-07 02:00:00,U-sonic wind dir,U-sonic wind dir,deg,192.0
2025-05-07 02:00:00,U-sonic wind speed,U-sonic wind speed,m/s,18.2
2025-05-07 02:00:00,Battery,Battery,mV,6445.0
2025-05-07 02:00:00,Precipitation,Precipitation,mm,0.0
2025-05-07 02:00:00,Solar Panel,Solar Panel,mV,0.0
2025-05-07 02:00:00,Solar radiation,Solar radiation,W/m2,0.0
2025-05-07 01:00:00,Solar radiation,Solar radiation,W/m2,0.0
2025-05-07 01:00:00,Solar Panel,Solar Panel,mV,0.0
2025-05-07 01:00:00,Precipitation,Precipitation,mm,0.0
2025-05-07 01:00:00,Battery,Battery,mV,6451.0
2025-05-07 01:00:00,U-sonic wind speed,U-sonic wind speed,m/s,20.2
2025-05-07 01:00:00,U-sonic wind dir,U-sonic wind dir,deg,317.0
2025-05-07 01:00:00,Wind gust,Wind gust,m/s,24.9
2025-05-07 00:00:00,Wind gust,Wind gust,m/s,24.5
2025-05-07 00:00:00,U-sonic wind dir,U-sonic wind dir,deg,335.0
2025-05-07 00:00:00,U-sonic wind speed,U-sonic wind speed,m/s,19.4
2025-05-07 00:00:00,Battery,Battery,mV,6457.0
2025-05-07 00:00:00,Precipitation,Precipitation,mm,0.0
2025-05-07 00:00:00,Solar Panel,Solar Panel,mV,0.0
2025-05-07 00:00:00,Solar radiation,Solar radiation,W/m2,0.0
2025-05-06 23:00:00,Wind gust,Wind gust,m/s,28.6
2025-05-06 23:00:00,U-sonic wind dir,U-sonic wind dir,deg,307.0
2025-05-06 23:00:00,U-sonic wind speed,U-sonic wind speed,m/s,17.8
2025-05-06 23:00:00,Battery,Battery,mV,6457.0
2025-05-06 23:00:00,Precipitation,Precipitation,mm,0.0
2025-05-06 23:00:00,Solar Panel,Solar Panel,mV,0.0
2025-05-06 23:00:00,Solar radiation,Solar radiation,W/m2,0.0
2025-05-06 22:00:00,Wind gust,Wind gust,m/s,27.7
2025-05-06 22:00:00,U-sonic wind speed,U-sonic wind speed,m/s,13.2
2025-05-06 22:00:00,Battery,Battery,mV,6465.0
2025-05-06 22:00:00,Precipitation,Precipitation,mm,0.0
2025-05-06 22:00:00,Solar Panel,Solar Panel,mV,0.0
2025-05-06 22:00:00,Solar radiation,Solar radiation,W/m2,0.0
2025-05-06 22:00:00,U-sonic wind dir,U-sonic wind dir,deg,62.0
2025-05-06 21:00:00,Wind gust,Wind gust,m/s,12.1
2025-05-06 21:00:00,Solar radiation,Solar radiation,W/m2,0.0
2025-05-06 21:00:00,Solar Panel,Solar Panel,mV,0.0
2025-05-06 21:00:00,Precipitation,Precipitation,mm,0.0
2025-05-06 21:00:00,Battery,Battery,mV,6471.0
2025-05-06 21:00:00,U-sonic wind speed,U-sonic wind speed,m/s,9.3
2025-05-06 21:00:00,U-sonic wind dir,U-sonic wind dir,deg,106.0
2025-05-06 20:00:00,U-sonic wind dir,U-sonic wind dir,deg,96.0
2025-05-06 20:00:00,Solar radiation,Solar radiation,W/m2,0.0
2025-05-06 20:00:00,Solar Panel,Solar Panel,mV,0.0
2025-05-06 20:00:00,Precipitation,Precipitation,mm,0.0
2025-05-06 20:00:00,Battery,Battery,mV,6474.0
2025-05-06 20:00:00,Wind gust,Wind gust,m/s,22.8
2025-05-06 20:00:00,U-sonic wind speed,U-sonic wind speed,m/s,11.4
2025-05-06 19:00:00,U-sonic wind speed,U-sonic wind speed,m/s,15.3
2025-05-06 19:00:00,Battery,Battery,mV,6482.0
2025-05-06 19:00:00,Precipitation,Precipitation,mm,0.0
2025-05-06 19:00:00,Solar Panel,Solar Panel,mV,0.0
2025-05-06 19:00:00,Solar radiation,Solar radiation,W/m2,0.0
2025-05-06 19:00:00,Wind gust,Wind gust,m/s,28.5
2025-05-06 19:00:00,U-sonic wind dir,U-sonic wind dir,deg,40.0
2025-05-06 18:00:00,Battery,Battery,mV,6496.0
2025-05-06 18:00:00,Wind gust,Wind gust,m/s,24.8
2025-05-06 18:00:00,U-sonic wind dir,U-sonic wind dir,deg,96.0
2025-05-06 18:00:00,U-sonic wind speed,U-sonic wind speed,m/s,6.4
2025-05-06 18:00:00,Precipitation,Precipitation,mm,0.0
2025-05-06 18:00:00,Solar Panel,Solar Panel,mV,2449.0
2025-05-06 18:00:00,Solar radiation,Solar radiation,W/m2,31.0
2025-05-06 17:00:00,Wind gust,Wind gust,m/s,4.1
2025-05-06 17:00:00,Battery,Battery,mV,6528.0
2025-05-06 17:00:00,Precipitation,Precipitation,mm,0.0
2025-05-06 17:00:00,Solar Panel,Solar Panel,mV,6724.0
2025-05-06 17:00:00,Solar radiation,Solar radiation,W/m2,111.0
2025-05-06 17:00:00,U-sonic wind speed,U-sonic wind speed,m/s,1.4
2025-05-06 17:00:00,U-sonic wind dir,U-sonic wind dir,deg,14.0
2025-05-06 16:00:00,U-sonic wind dir,U-sonic wind dir,deg,33.0
2025-05-06 16:00:00,Battery,Battery,mV,6576.0
2025-05-06 16:00:00,Precipitation,Precipitation,mm,0.0
2025-05-06 16:00:00,Solar Panel,Solar Panel,mV,6834.0
2025-05-06 16:00:00,Solar radiation,Solar radiation,W/m2,332.0
2025-05-06 16:00:00,Wind gust,Wind gust,m/s,5.3
2025-05-06 16:00:00,U-sonic wind speed,U-sonic wind speed,m/s,2.2
2025-05-06 15:00:00,Solar Panel,Solar Panel,mV,8694.0
2025-05-06 15:00:00,Wind gust,Wind gust,m/s,7.7
2025-05-06 15:00:00,U-sonic wind dir,U-sonic wind dir,deg,30.0
2025-05-06 15:00:00,U-sonic wind speed,U-sonic wind speed,m/s,2.2
2025-05-06 15:00:00,Battery,Battery,mV,6776.0
2025-05-06 15:00:00,Precipitation,Precipitation,mm,0.0
2025-05-06 15:00:00,Solar radiation,Solar radiation,W/m2,366.0
2025-05-06 14:00:00,Wind gust,Wind gust,m/s,16.3
2025-05-06 14:00:00,U-sonic wind dir,U-sonic wind dir,deg,37.0
2025-05-06 14:00:00,U-sonic wind speed,U-sonic wind speed,m/s,2.3
2025-05-06 14:00:00,Battery,Battery,mV,6593.0
2025-05-06 14:00:00,Precipitation,Precipitation,mm,0.0
2025-05-06 14:00:00,Solar Panel,Solar Panel,mV,6844.0
2025-05-06 14:00:00,Solar radiation,Solar radiation,W/m2,519.0
2025-05-06 13:00:00,Wind gust,Wind gust,m/s,9.0
2025-05-06 13:00:00,Solar Panel,Solar Panel,mV,9264.0
2025-05-06 13:00:00,Solar radiation,Solar radiation,W/m2,715.0
2025-05-06 13:00:00,Battery,Battery,mV,6796.0
2025-05-06 13:00:00,U-sonic wind speed,U-sonic wind speed,m/s,1.8
2025-05-06 13:00:00,Precipitation,Precipitation,mm,0.0
2025-05-06 13:00:00,U-sonic wind dir,U-sonic wind dir,deg,117.0
2025-05-06 12:00:00,Battery,Battery,mV,6798.0
2025-05-06 12:00:00,Wind gust,Wind gust,m/s,27.7
2025-05-06 12:00:00,U-sonic wind dir,U-sonic wind dir,deg,195.0
2025-05-06 12:00:00,Solar radiation,Solar radiation,W/m2,1016.0
2025-05-06 12:00:00,Solar Panel,Solar Panel,mV,9739.0
2025-05-06 12:00:00,Precipitation,Precipitation,mm,0.0
2025-05-06 12:00:00,U-sonic wind speed,U-sonic wind speed,m/s,2.6
2025-05-06 11:00:00,Solar radiation,Solar radiation,W/m2,989.0
2025-05-06 11:00:00,Wind gust,Wind gust,m/s,28.5
2025-05-06 11:00:00,U-sonic wind dir,U-sonic wind dir,deg,278.0
2025-05-06 11:00:00,U-sonic wind speed,U-sonic wind speed,m/s,14.4
2025-05-06 11:00:00,Battery,Battery,mV,6798.0
2025-05-06 11:00:00,Precipitation,Precipitation,mm,0.0
2025-05-06 11:00:00,Solar Panel,Solar Panel,mV,9806.0
2025-05-06 10:00:00,Battery,Battery,mV,6798.0
2025-05-06 10:00:00,U-sonic wind speed,U-sonic wind speed,m/s,3.9
2025-05-06 10:00:00,U-sonic wind dir,U-sonic wind dir,deg,98.0
2025-05-06 10:00:00,Wind gust,Wind gust,m/s,23.9
2025-05-06 10:00:00,Precipitation,Precipitation,mm,0.0
2025-05-06 10:00:00,Solar Panel,Solar Panel,mV,9643.0
2025-05-06 10:00:00,Solar radiation,Solar radiation,W/m2,902.0
2025-05-04 09:00:00,Precipitation,Precipitation,mm,0.0
2025-05-04 09:00:00,Solar radiation,Solar radiation,W/m2,130.0
2025-05-04 09:00:00,Solar Panel,Solar Panel,mV,6700.0
2025-05-04 09:00:00,Wind gust,Wind gust,m/s,18.0
2025-05-04 09:00:00,U-sonic wind dir,U-sonic wind dir,deg,30.0
2025-05-04 09:00:00,U-sonic wind speed,U-sonic wind speed,m/s,2.7
2025-05-04 09:00:00,Battery,Battery,mV,6445.0
2025-05-04 08:00:00,Solar radiation,Solar radiation,W/m2,170.0
2025-05-04 08:00:00,Wind gust,Wind gust,m/s,9.8
2025-05-04 08:00:00,U-sonic wind dir,U-sonic wind dir,deg,43.0
2025-05-04 08:00:00,U-sonic wind speed,U-sonic wind speed,m/s,1.7
2025-05-04 08:00:00,Battery,Battery,mV,6459.0
2025-05-04 08:00:00,Precipitation,Precipitation,mm,0.0
2025-05-04 08:00:00,Solar Panel,Solar Panel,mV,6729.0
2025-05-04 07:00:00,Solar radiation,Solar radiation,W/m2,108.0
2025-05-04 07:00:00,U-sonic wind speed,U-sonic wind speed,m/s,1.2
2025-05-04 07:00:00,Solar Panel,Solar Panel,mV,6715.0
2025-05-04 07:00:00,Wind gust,Wind gust,m/s,2.9
2025-05-04 07:00:00,U-sonic wind dir,U-sonic wind dir,deg,31.0
2025-05-04 07:00:00,Precipitation,Precipitation,mm,0.0
2025-05-04 07:00:00,Battery,Battery,mV,6451.0
2025-05-04 06:00:00,Wind gust,Wind gust,m/s,28.8
2025-05-04 06:00:00,Solar radiation,Solar radiation,W/m2,39.0
2025-05-04 06:00:00,Solar Panel,Solar Panel,mV,6671.0
2025-05-04 06:00:00,Precipitation,Precipitation,mm,0.0
2025-05-04 06:00:00,Battery,Battery,mV,6428.0
2025-05-04 06:00:00,U-sonic wind speed,U-sonic wind speed,m/s,8.8
2025-05-04 06:00:00,U-sonic wind dir,U-sonic wind dir,deg,348.0
2025-05-04 05:00:00,Solar Panel,Solar Panel,mV,1217.0
2025-05-04 05:00:00,Solar radiation,Solar radiation,W/m2,0.0
2025-05-04 05:00:00,U-sonic wind dir,U-sonic wind dir,deg,15.0
2025-05-04 05:00:00,U-sonic wind speed,U-sonic wind speed,m/s,13.4
2025-05-04 05:00:00,Battery,Battery,mV,6408.0
2025-05-04 05:00:00,Precipitation,Precipitation,mm,0.0
2025-05-04 05:00:00,Wind gust,Wind gust,m/s,26.8
2025-05-04 04:00:00,Wind gust,Wind gust,m/s,25.8
2025-05-04 04:00:00,Solar radiation,Solar radiation,W/m2,0.0
2025-05-04 04:00:00,Solar Panel,Solar Panel,mV,0.0
2025-05-04 04:00:00,Precipitation,Precipitation,mm,0.0
2025-05-04 04:00:00,Battery,Battery,mV,6414.0
2025-05-04 04:00:00,U-sonic wind speed,U-sonic wind speed,m/s,22.9
2025-05-04 04:00:00,U-sonic wind dir,U-sonic wind dir,deg,353.0
2025-05-04 03:00:00,Wind gust,Wind gust,m/s,24.9
2025-05-04 03:00:00,U-sonic wind dir,U-sonic wind dir,deg,335.0
2025-05-04 03:00:00,U-sonic wind speed,U-sonic wind speed,m/s,20.9
2025-05-04 03:00:00,Battery,Battery,mV,6425.0
2025-05-04 03:00:00,Precipitation,Precipitation,mm,0.0
2025-05-04 03:00:00,Solar Panel,Solar Panel,mV,0.0
2025-05-04 03:00:00,Solar radiation,Solar radiation,W/m2,0.0
2025-05-04 02:00:00,U-sonic wind dir,U-sonic wind dir,deg,293.0
2025-05-04 02:00:00,Solar radiation,Solar radiation,W/m2,0.0
2025-05-04 02:00:00,Solar Panel,Solar Panel,mV,0.0
2025-05-04 02:00:00,Precipitation,Precipitation,mm,0.0
2025-05-04 02:00:00,Battery,Battery,mV,6428.0
2025-05-04 02:00:00,U-sonic wind speed,U-sonic wind speed,m/s,20.3
2025-05-04 02:00:00,Wind gust,Wind gust,m/s,30.8
2025-05-04 01:00:00,Solar radiation,Solar radiation,W/m2,0.0
2025-05-04 01:00:00,Wind gust,Wind gust,m/s,40.2
2025-05-04 01:00:00,U-sonic wind dir,U-sonic wind dir,deg,52.0
2025-05-04 01:00:00,U-sonic wind speed,U-sonic wind speed,m/s,19.6
2025-05-04 01:00:00,Battery,Battery,mV,6445.0
2025-05-04 01:00:00,Precipitation,Precipitation,mm,0.0
2025-05-04 01:00:00,Solar Panel,Solar Panel,mV,0.0
2025-05-04 00:00:00,Solar Panel,Solar Panel,mV,0.0
2025-05-04 00:00:00,Precipitation,Precipitation,mm,0.2
2025-05-04 00:00:00,Battery,Battery,mV,6454.0
2025-05-04 00:00:00,U-sonic wind speed,U-sonic wind speed,m/s,20.0
2025-05-04 00:00:00,U-sonic wind dir,U-sonic wind dir,deg,18.0
2025-05-04 00:00:00,Wind gust,Wind gust,m/s,39.4
2025-05-04 00:00:00,Solar radiation,Solar radiation,W/m2,0.0
2025-05-03 23:00:00,Solar Panel,Solar Panel,mV,0.0
2025-05-03 23:00:00,Wind gust,Wind gust,m/s,40.2
2025-05-03 23:00:00,U-sonic wind dir,U-sonic wind dir,deg,317.0
2025-05-03 23:00:00,U-sonic wind speed,U-sonic wind speed,m/s,20.8
2025-05-03 23:00:00,Battery,Battery,mV,6465.0
2025-05-03 23:00:00,Precipitation,Precipitation,mm,0.0
2025-05-03 23:00:00,Solar radiation,Solar radiation,W/m2,0.0
2025-05-03 22:00:00,Solar radiation,Solar radiation,W/m2,0.0
2025-05-03 22:00:00,Wind gust,Wind gust,m/s,34.1
2025-05-03 22:00:00,U-sonic wind dir,U-sonic wind dir,deg,330.0
2025-05-03 22:00:00,U-sonic wind speed,U-sonic wind speed,m/s,16.2
2025-05-03 22:00:00,Battery,Battery,mV,6465.0
2025-05-03 22:00:00,Precipitation,Precipitation,mm,0.0
2025-05-03 22:00:00,Solar Panel,Solar Panel,mV,0.0
2025-05-03 21:00:00,Precipitation,Precipitation,mm,0.0
2025-05-03 21:00:00,Battery,Battery,mV,6479.0
2025-05-03 21:00:00,U-sonic wind speed,U-sonic wind speed,m/s,18.9
2025-05-03 21:00:00,U-sonic wind dir,U-sonic wind dir,deg,165.0
2025-05-03 21:00:00,Wind gust,Wind gust,m/s,36.9
2025-05-03 21:00:00,Solar radiation,Solar radiation,W/m2,0.0
2025-05-03 21:00:00,Solar Panel,Solar Panel,mV,0.0
2025-05-03 20:00:00,Precipitation,Precipitation,mm,0.0
2025-05-03 20:00:00,Battery,Battery,mV,6482.0
2025-05-03 20:00:00,U-sonic wind speed,U-sonic wind speed,m/s,16.7
2025-05-03 20:00:00,U-sonic wind dir,U-sonic wind dir,deg,52.0
2025-05-03 20:00:00,Wind gust,Wind gust,m/s,40.2
2025-05-03 20:00:00,Solar Panel,Solar Panel,mV,0.0
2025-05-03 20:00:00,Solar radiation,Solar radiation,W/m2,0.0
2025-05-03 19:00:00,Solar Panel,Solar Panel,mV,0.0
2025-05-03 19:00:00,Wind gust,Wind gust,m/s,30.1
2025-05-03 19:00:00,U-sonic wind dir,U-sonic wind dir,deg,131.0
2025-05-03 19:00:00,U-sonic wind speed,U-sonic wind speed,m/s,14.4
2025-05-03 19:00:00,Battery,Battery,mV,6488.0
2025-05-03 19:00:00,Solar radiation,Solar radiation,W/m2,0.0
2025-05-03 19:00:00,Precipitation,Precipitation,mm,0.2
2025-05-03 18:00:00,Precipitation,Precipitation,mm,0.0
2025-05-03 18:00:00,Battery,Battery,mV,6499.0
2025-05-03 18:00:00,U-sonic wind speed,U-sonic wind speed,m/s,13.7
2025-05-03 18:00:00,U-sonic wind dir,U-sonic wind dir,deg,168.0
2025-05-03 18:00:00,Wind gust,Wind gust,m/s,30.0
2025-05-03 18:00:00,Solar radiation,Solar radiation,W/m2,43.0
2025-05-03 18:00:00,Solar Panel,Solar Panel,mV,2664.0
2025-05-03 17:00:00,Wind gust,Wind gust,m/s,32.2
2025-05-03 17:00:00,Battery,Battery,mV,6514.0
2025-05-03 17:00:00,Precipitation,Precipitation,mm,0.0
2025-05-03 17:00:00,Solar Panel,Solar Panel,mV,6230.0
2025-05-03 17:00:00,Solar radiation,Solar radiation,W/m2,59.0
2025-05-03 17:00:00,U-sonic wind dir,U-sonic wind dir,deg,174.0
2025-05-03 17:00:00,U-sonic wind speed,U-sonic wind speed,m/s,14.3
2025-05-03 16:00:00,Wind gust,Wind gust,m/s,31.6
2025-05-03 16:00:00,U-sonic wind dir,U-sonic wind dir,deg,131.0
2025-05-03 16:00:00,U-sonic wind speed,U-sonic wind speed,m/s,14.4
2025-05-03 16:00:00,Battery,Battery,mV,6556.0
2025-05-03 16:00:00,Precipitation,Precipitation,mm,0.0
2025-05-03 16:00:00,Solar Panel,Solar Panel,mV,6815.0
2025-05-03 16:00:00,Solar radiation,Solar radiation,W/m2,265.0
2025-05-03 15:00:00,Solar Panel,Solar Panel,mV,6887.0
2025-05-03 15:00:00,Precipitation,Precipitation,mm,0.0
2025-05-03 15:00:00,Wind gust,Wind gust,m/s,30.6
2025-05-03 15:00:00,U-sonic wind dir,U-sonic wind dir,deg,16.0
2025-05-03 15:00:00,U-sonic wind speed,U-sonic wind speed,m/s,19.8
2025-05-03 15:00:00,Battery,Battery,mV,6622.0
2025-05-03 15:00:00,Solar radiation,Solar radiation,W/m2,332.0
2025-05-03 14:00:00,U-sonic wind speed,U-sonic wind speed,m/s,16.4
2025-05-03 14:00:00,Wind gust,Wind gust,m/s,32.0
2025-05-03 14:00:00,Battery,Battery,mV,6798.0
2025-05-03 14:00:00,Precipitation,Precipitation,mm,0.4
2025-05-03 14:00:00,Solar Panel,Solar Panel,mV,9193.0
2025-05-03 14:00:00,Solar radiation,Solar radiation,W/m2,528.0
2025-05-03 14:00:00,U-sonic wind dir,U-sonic wind dir,deg,162.0
2025-05-03 13:00:00,HC Relative humidity,HC Relative humidity,%,49.03
2025-05-03 13:00:00,VPD,VPD,mbar,22.0
2025-05-03 13:00:00,DeltaT,DeltaT,°C,8.0
2025-05-03 13:00:00,Wind gust,Wind gust,m/s,24.2
2025-05-03 13:00:00,U-sonic wind dir,U-sonic wind dir,deg,36.0
2025-05-03 13:00:00,U-sonic wind speed,U-sonic wind speed,m/s,4.1
2025-05-03 13:00:00,Solar radiation,Solar radiation,W/m2,831.0
2025-05-03 13:00:00,Solar Panel,Solar Panel,mV,9768.0
2025-05-03 13:00:00,Precipitation,Precipitation,mm,0.2
2025-05-03 13:00:00,Battery,Battery,mV,6804.0
2025-05-03 13:00:00,HC Air temperature,HC Air temperature,°C,30.31
2025-05-03 13:00:00,Dew Point,Dew Point,°C,18.3
2025-05-03 12:00:00,HC Air temperature,HC Air temperature,°C,29.88
2025-05-03 12:00:00,Wind gust,Wind gust,m/s,3.7
2025-05-03 12:00:00,U-sonic wind dir,U-sonic wind dir,deg,148.0
2025-05-03 12:00:00,U-sonic wind speed,U-sonic wind speed,m/s,1.5
2025-05-03 12:00:00,DeltaT,DeltaT,°C,8.0
2025-05-03 12:00:00,VPD,VPD,mbar,22.1
2025-05-03 12:00:00,Dew Point,Dew Point,°C,17.4
2025-05-03 12:00:00,HC Relative humidity,HC Relative humidity,%,47.46
2025-05-03 12:00:00,Battery,Battery,mV,6796.0
2025-05-03 12:00:00,Precipitation,Precipitation,mm,0.0
2025-05-03 12:00:00,Solar Panel,Solar Panel,mV,9753.0
2025-05-03 12:00:00,Solar radiation,Solar radiation,W/m2,978.0
2025-05-03 11:00:00,Wind gust,Wind gust,m/s,21.2
2025-05-03 11:00:00,U-sonic wind dir,U-sonic wind dir,deg,43.0
2025-05-03 11:00:00,U-sonic wind speed,U-sonic wind speed,m/s,2.0
2025-05-03 11:00:00,DeltaT,DeltaT,°C,6.0
2025-05-03 11:00:00,VPD,VPD,mbar,16.7
2025-05-03 11:00:00,Dew Point,Dew Point,°C,18.0
2025-05-03 11:00:00,HC Relative humidity,HC Relative humidity,%,55.45
2025-05-03 11:00:00,HC Air temperature,HC Air temperature,°C,27.83
2025-05-03 11:00:00,Battery,Battery,mV,6796.0
2025-05-03 11:00:00,Precipitation,Precipitation,mm,0.0
2025-05-03 11:00:00,Solar Panel,Solar Panel,mV,9725.0
2025-05-03 11:00:00,Solar radiation,Solar radiation,W/m2,952.0
2025-05-03 10:00:00,Wind gust,Wind gust,m/s,30.3
2025-05-03 10:00:00,U-sonic wind dir,U-sonic wind dir,deg,150.0
2025-05-03 10:00:00,U-sonic wind speed,U-sonic wind speed,m/s,16.0
2025-05-03 10:00:00,DeltaT,DeltaT,°C,5.0
2025-05-03 10:00:00,VPD,VPD,mbar,13.0
2025-05-03 10:00:00,Dew Point,Dew Point,°C,17.4
2025-05-03 10:00:00,HC Relative humidity,HC Relative humidity,%,60.5
2025-05-03 10:00:00,HC Air temperature,HC Air temperature,°C,25.71
2025-05-03 10:00:00,Battery,Battery,mV,6787.0
2025-05-03 10:00:00,Precipitation,Precipitation,mm,0.0
2025-05-03 10:00:00,Solar Panel,Solar Panel,mV,9451.0
2025-05-03 10:00:00,Solar radiation,Solar radiation,W/m2,861.0
2025-04-25 19:00:00,Wind gust,Wind gust,m/s,31.6
2025-04-25 19:00:00,U-sonic wind dir,U-sonic wind dir,deg,17.0
2025-04-25 19:00:00,U-sonic wind speed,U-sonic wind speed,m/s,13.7
2025-04-25 19:00:00,Battery,Battery,mV,6499.0
2025-04-25 19:00:00,Precipitation,Precipitation,mm,0.0
2025-04-25 19:00:00,Solar Panel,Solar Panel,mV,0.0
2025-04-25 19:00:00,Solar radiation,Solar radiation,W/m2,0.0
2025-04-25 18:00:00,Wind gust,Wind gust,m/s,30.4
2025-04-25 18:00:00,U-sonic wind dir,U-sonic wind dir,deg,46.0
2025-04-25 18:00:00,U-sonic wind speed,U-sonic wind speed,m/s,4.9
2025-04-25 18:00:00,Battery,Battery,mV,6508.0
2025-04-25 18:00:00,Precipitation,Precipitation,mm,0.0
2025-04-25 18:00:00,Solar Panel,Solar Panel,mV,1150.0
2025-04-25 18:00:00,Solar radiation,Solar radiation,W/m2,38.0
2025-04-25 17:00:00,DeltaT,DeltaT,°C,7.0
2025-04-25 17:00:00,VPD,VPD,mbar,15.2
2025-04-25 17:00:00,Dew Point,Dew Point,°C,11.9
2025-04-25 17:00:00,HC Relative humidity,HC Relative humidity,%,48.09
2025-04-25 17:00:00,HC Air temperature,HC Air temperature,°C,23.72
2025-04-25 17:00:00,Wind gust,Wind gust,m/s,37.3
2025-04-25 17:00:00,U-sonic wind dir,U-sonic wind dir,deg,28.0
2025-04-25 17:00:00,U-sonic wind speed,U-sonic wind speed,m/s,5.7
2025-04-25 17:00:00,Battery,Battery,mV,6556.0
2025-04-25 17:00:00,Precipitation,Precipitation,mm,0.0
2025-04-25 17:00:00,Solar Panel,Solar Panel,mV,6791.0
2025-04-25 17:00:00,Solar radiation,Solar radiation,W/m2,111.0
2025-04-25 16:00:00,Wind gust,Wind gust,m/s,2.6
2025-04-25 16:00:00,U-sonic wind dir,U-sonic wind dir,deg,8.0
2025-04-25 16:00:00,U-sonic wind speed,U-sonic wind speed,m/s,1.0
2025-04-25 16:00:00,Battery,Battery,mV,6650.0
2025-04-25 16:00:00,Precipitation,Precipitation,mm,0.0
2025-04-25 16:00:00,Solar Panel,Solar Panel,mV,6925.0
2025-04-25 16:00:00,Solar radiation,Solar radiation,W/m2,308.0
2025-04-25 15:00:00,DeltaT,DeltaT,°C,9.0
2025-04-25 15:00:00,VPD,VPD,mbar,20.9
2025-04-25 15:00:00,Dew Point,Dew Point,°C,9.6
2025-04-25 15:00:00,HC Relative humidity,HC Relative humidity,%,36.55
2025-04-25 15:00:00,HC Air temperature,HC Air temperature,°C,25.7
2025-04-25 15:00:00,Wind gust,Wind gust,m/s,3.2
2025-04-25 15:00:00,U-sonic wind dir,U-sonic wind dir,deg,328.0
2025-04-25 15:00:00,U-sonic wind speed,U-sonic wind speed,m/s,1.2
2025-04-25 15:00:00,Battery,Battery,mV,6647.0
2025-04-25 15:00:00,Precipitation,Precipitation,mm,0.0
2025-04-25 15:00:00,Solar Panel,Solar Panel,mV,6921.0
2025-04-25 15:00:00,Solar radiation,Solar radiation,W/m2,348.0
2025-04-25 14:00:00,DeltaT,DeltaT,°C,8.0
2025-04-25 14:00:00,VPD,VPD,mbar,19.4
2025-04-25 14:00:00,Dew Point,Dew Point,°C,12.3
2025-04-25 14:00:00,HC Relative humidity,HC Relative humidity,%,42.47
2025-04-25 14:00:00,HC Air temperature,HC Air temperature,°C,26.1
2025-04-25 14:00:00,Wind gust,Wind gust,m/s,2.4
2025-04-25 14:00:00,Solar radiation,Solar radiation,W/m2,722.0
2025-04-25 14:00:00,Solar Panel,Solar Panel,mV,8766.0
2025-04-25 14:00:00,Precipitation,Precipitation,mm,0.0
2025-04-25 14:00:00,Battery,Battery,mV,6776.0
2025-04-25 14:00:00,U-sonic wind speed,U-sonic wind speed,m/s,0.8
2025-04-25 14:00:00,U-sonic wind dir,U-sonic wind dir,deg,327.0
2025-04-25 13:00:00,HC Air temperature,HC Air temperature,°C,25.67
2025-04-25 13:00:00,Solar radiation,Solar radiation,W/m2,908.0
2025-04-25 13:00:00,Solar Panel,Solar Panel,mV,9705.0
2025-04-25 13:00:00,Precipitation,Precipitation,mm,0.0
2025-04-25 13:00:00,Battery,Battery,mV,6804.0
2025-04-25 13:00:00,U-sonic wind speed,U-sonic wind speed,m/s,0.9
2025-04-25 13:00:00,U-sonic wind dir,U-sonic wind dir,deg,273.0
2025-04-25 13:00:00,Wind gust,Wind gust,m/s,2.6
2025-04-25 13:00:00,HC Relative humidity,HC Relative humidity,%,42.91
2025-04-25 13:00:00,Dew Point,Dew Point,°C,12.0
2025-04-25 13:00:00,VPD,VPD,mbar,18.8
2025-04-25 13:00:00,DeltaT,DeltaT,°C,8.0
2025-04-25 12:00:00,Solar radiation,Solar radiation,W/m2,1011.0
2025-04-25 12:00:00,Precipitation,Precipitation,mm,0.0
2025-04-25 12:00:00,Wind gust,Wind gust,m/s,3.0
2025-04-25 12:00:00,Battery,Battery,mV,6804.0
2025-04-25 12:00:00,U-sonic wind speed,U-sonic wind speed,m/s,1.1
2025-04-25 12:00:00,U-sonic wind dir,U-sonic wind dir,deg,342.0
2025-04-25 12:00:00,DeltaT,DeltaT,°C,9.0
2025-04-25 12:00:00,VPD,VPD,mbar,18.8
2025-04-25 12:00:00,Dew Point,Dew Point,°C,10.2
2025-04-25 12:00:00,HC Relative humidity,HC Relative humidity,%,39.87
2025-04-25 12:00:00,HC Air temperature,HC Air temperature,°C,24.85
2025-04-25 12:00:00,Solar Panel,Solar Panel,mV,9801.0
2025-04-25 11:00:00,VPD,VPD,mbar,16.1
2025-04-25 11:00:00,Solar radiation,Solar radiation,W/m2,982.0
2025-04-25 11:00:00,Solar Panel,Solar Panel,mV,9801.0
2025-04-25 11:00:00,Precipitation,Precipitation,mm,0.0
2025-04-25 11:00:00,Battery,Battery,mV,6801.0
2025-04-25 11:00:00,U-sonic wind speed,U-sonic wind speed,m/s,14.4
2025-04-25 11:00:00,U-sonic wind dir,U-sonic wind dir,deg,287.0
2025-04-25 11:00:00,DeltaT,DeltaT,°C,7.0
2025-04-25 11:00:00,Dew Point,Dew Point,°C,11.4
2025-04-25 11:00:00,HC Relative humidity,HC Relative humidity,%,45.82
2025-04-25 11:00:00,HC Air temperature,HC Air temperature,°C,23.92
2025-04-25 11:00:00,Wind gust,Wind gust,m/s,28.6
2025-04-25 10:00:00,DeltaT,DeltaT,°C,6.0
2025-04-25 10:00:00,VPD,VPD,mbar,12.2
2025-04-25 10:00:00,Dew Point,Dew Point,°C,12.8
2025-04-25 10:00:00,HC Relative humidity,HC Relative humidity,%,55.01
2025-04-25 10:00:00,U-sonic wind dir,U-sonic wind dir,deg,274.0
2025-04-25 10:00:00,HC Air temperature,HC Air temperature,°C,22.38
2025-04-25 10:00:00,Solar radiation,Solar radiation,W/m2,887.0
2025-04-25 10:00:00,Solar Panel,Solar Panel,mV,9825.0
2025-04-25 10:00:00,Precipitation,Precipitation,mm,0.0
2025-04-25 10:00:00,Battery,Battery,mV,6807.0
2025-04-25 10:00:00,U-sonic wind speed,U-sonic wind speed,m/s,16.1
2025-04-25 10:00:00,Wind gust,Wind gust,m/s,28.6
2025-04-25 09:00:00,Dew Point,Dew Point,°C,14.8
2025-04-25 09:00:00,DeltaT,DeltaT,°C,3.0
2025-04-25 09:00:00,Solar radiation,Solar radiation,W/m2,743.0
2025-04-25 09:00:00,Solar Panel,Solar Panel,mV,9658.0
2025-04-25 09:00:00,Precipitation,Precipitation,mm,0.0
2025-04-25 09:00:00,Battery,Battery,mV,6804.0
2025-04-25 09:00:00,U-sonic wind speed,U-sonic wind speed,m/s,19.0
2025-04-25 09:00:00,U-sonic wind dir,U-sonic wind dir,deg,293.0
2025-04-25 09:00:00,Wind gust,Wind gust,m/s,31.2
2025-04-25 09:00:00,HC Air temperature,HC Air temperature,°C,19.52
2025-04-25 09:00:00,HC Relative humidity,HC Relative humidity,%,74.82
2025-04-25 09:00:00,VPD,VPD,mbar,5.8
2025-04-25 08:00:00,HC Air temperature,HC Air temperature,°C,15.75
2025-04-25 08:00:00,Solar radiation,Solar radiation,W/m2,569.0
2025-04-25 08:00:00,HC Relative humidity,HC Relative humidity,%,96.41
2025-04-25 08:00:00,Dew Point,Dew Point,°C,15.1
2025-04-25 08:00:00,VPD,VPD,mbar,0.7
2025-04-25 08:00:00,DeltaT,DeltaT,°C,0.0
2025-04-25 08:00:00,Solar Panel,Solar Panel,mV,9471.0
2025-04-25 08:00:00,Precipitation,Precipitation,mm,0.0
2025-04-25 08:00:00,Battery,Battery,mV,6807.0
2025-04-25 08:00:00,U-sonic wind speed,U-sonic wind speed,m/s,15.6
2025-04-25 08:00:00,U-sonic wind dir,U-sonic wind dir,deg,46.0
2025-04-25 08:00:00,Wind gust,Wind gust,m/s,34.3
2025-04-25 07:00:00,U-sonic wind dir,U-sonic wind dir,deg,67.0
2025-04-25 07:00:00,Solar radiation,Solar radiation,W/m2,326.0
2025-04-25 07:00:00,Solar Panel,Solar Panel,mV,9058.0
2025-04-25 07:00:00,HC Air temperature,HC Air temperature,°C,11.95
2025-04-25 07:00:00,HC Relative humidity,HC Relative humidity,%,99.94
2025-04-25 07:00:00,Dew Point,Dew Point,°C,11.9
2025-04-25 07:00:00,VPD,VPD,mbar,0.0
2025-04-25 07:00:00,DeltaT,DeltaT,°C,0.0
2025-04-25 07:00:00,Precipitation,Precipitation,mm,0.0
2025-04-25 07:00:00,Battery,Battery,mV,6801.0
2025-04-25 07:00:00,U-sonic wind speed,U-sonic wind speed,m/s,14.0
2025-04-25 07:00:00,Wind gust,Wind gust,m/s,22.9
2025-04-25 06:00:00,DeltaT,DeltaT,°C,0.0
2025-04-25 06:00:00,VPD,VPD,mbar,0.0
2025-04-25 06:00:00,Dew Point,Dew Point,°C,5.7
2025-04-25 06:00:00,HC Relative humidity,HC Relative humidity,%,99.91
2025-04-25 06:00:00,HC Air temperature,HC Air temperature,°C,5.73
2025-04-25 06:00:00,Solar radiation,Solar radiation,W/m2,120.0
2025-04-25 06:00:00,Wind gust,Wind gust,m/s,26.3
2025-04-25 06:00:00,U-sonic wind dir,U-sonic wind dir,deg,3.0
2025-04-25 06:00:00,U-sonic wind speed,U-sonic wind speed,m/s,13.6
2025-04-25 06:00:00,Battery,Battery,mV,6764.0
2025-04-25 06:00:00,Precipitation,Precipitation,mm,0.0
2025-04-25 06:00:00,Solar Panel,Solar Panel,mV,7084.0
2025-04-25 05:00:00,U-sonic wind dir,U-sonic wind dir,deg,149.0
2025-04-25 05:00:00,Solar radiation,Solar radiation,W/m2,0.0
2025-04-25 05:00:00,Solar Panel,Solar Panel,mV,4606.0
2025-04-25 05:00:00,Precipitation,Precipitation,mm,0.0
2025-04-25 05:00:00,Battery,Battery,mV,6420.0
2025-04-25 05:00:00,U-sonic wind speed,U-sonic wind speed,m/s,13.3
2025-04-25 05:00:00,VPD,VPD,mbar,0.0
2025-04-25 05:00:00,DeltaT,DeltaT,°C,0.0
2025-04-25 05:00:00,Wind gust,Wind gust,m/s,25.9
2025-04-25 05:00:00,HC Air temperature,HC Air temperature,°C,5.5
2025-04-25 05:00:00,HC Relative humidity,HC Relative humidity,%,99.91
2025-04-25 05:00:00,Dew Point,Dew Point,°C,5.4
2025-04-25 04:00:00,U-sonic wind speed,U-sonic wind speed,m/s,13.9
2025-04-25 04:00:00,Battery,Battery,mV,6420.0
2025-04-25 04:00:00,U-sonic wind dir,U-sonic wind dir,deg,113.0
2025-04-25 04:00:00,Precipitation,Precipitation,mm,0.0
2025-04-25 04:00:00,Solar Panel,Solar Panel,mV,0.0
2025-04-25 04:00:00,Wind gust,Wind gust,m/s,25.4
2025-04-25 04:00:00,Solar radiation,Solar radiation,W/m2,0.0
2025-04-25 03:00:00,Solar Panel,Solar Panel,mV,0.0
2025-04-25 03:00:00,Wind gust,Wind gust,m/s,22.7
2025-04-25 03:00:00,U-sonic wind dir,U-sonic wind dir,deg,228.0
2025-04-25 03:00:00,U-sonic wind speed,U-sonic wind speed,m/s,12.5
2025-04-25 03:00:00,Battery,Battery,mV,6422.0
2025-04-25 03:00:00,Precipitation,Precipitation,mm,0.2
2025-04-25 03:00:00,Solar radiation,Solar radiation,W/m2,0.0
2025-04-25 02:00:00,Wind gust,Wind gust,m/s,31.6
2025-04-25 02:00:00,U-sonic wind dir,U-sonic wind dir,deg,76.0
2025-04-25 02:00:00,U-sonic wind speed,U-sonic wind speed,m/s,12.7
2025-04-25 02:00:00,Battery,Battery,mV,6431.0
2025-04-25 02:00:00,Precipitation,Precipitation,mm,0.0
2025-04-25 02:00:00,Solar Panel,Solar Panel,mV,0.0
2025-04-25 02:00:00,Solar radiation,Solar radiation,W/m2,0.0
2025-04-25 01:00:00,Wind gust,Wind gust,m/s,23.7
2025-04-25 01:00:00,U-sonic wind dir,U-sonic wind dir,deg,142.0
2025-04-25 01:00:00,U-sonic wind speed,U-sonic wind speed,m/s,11.9
2025-04-25 01:00:00,Battery,Battery,mV,6440.0
2025-04-25 01:00:00,Precipitation,Precipitation,mm,0.0
2025-04-25 01:00:00,Solar Panel,Solar Panel,mV,0.0
2025-04-25 01:00:00,Solar radiation,Solar radiation,W/m2,0.0
2025-04-25 00:00:00,Wind gust,Wind gust,m/s,25.5
2025-04-25 00:00:00,U-sonic wind dir,U-sonic wind dir,deg,88.0
2025-04-25 00:00:00,U-sonic wind speed,U-sonic wind speed,m/s,14.3
2025-04-25 00:00:00,Battery,Battery,mV,6448.0
2025-04-25 00:00:00,Precipitation,Precipitation,mm,0.0
2025-04-25 00:00:00,Solar Panel,Solar Panel,mV,0.0
2025-04-25 00:00:00,Solar radiation,Solar radiation,W/m2,0.0
2025-04-24 23:00:00,Wind gust,Wind gust,m/s,27.8
2025-04-24 23:00:00,U-sonic wind dir,U-sonic wind dir,deg,322.0
2025-04-24 23:00:00,U-sonic wind speed,U-sonic wind speed,m/s,14.5
2025-04-24 23:00:00,Battery,Battery,mV,6451.0
2025-04-24 23:00:00,Precipitation,Precipitation,mm,0.0
2025-04-24 23:00:00,Solar Panel,Solar Panel,mV,0.0
2025-04-24 23:00:00,Solar radiation,Solar radiation,W/m2,0.0
2025-04-24 22:00:00,Wind gust,Wind gust,m/s,21.1
2025-04-24 22:00:00,U-sonic wind dir,U-sonic wind dir,deg,344.0
2025-04-24 22:00:00,U-sonic wind speed,U-sonic wind speed,m/s,13.2
2025-04-24 22:00:00,Battery,Battery,mV,6462.0
2025-04-24 22:00:00,Precipitation,Precipitation,mm,0.0
2025-04-24 22:00:00,Solar Panel,Solar Panel,mV,0.0
2025-04-24 22:00:00,Solar radiation,Solar radiation,W/m2,0.0
2025-04-24 21:00:00,Battery,Battery,mV,6462.0
2025-04-24 21:00:00,Wind gust,Wind gust,m/s,28.7
2025-04-24 21:00:00,U-sonic wind dir,U-sonic wind dir,deg,46.0
2025-04-24 21:00:00,U-sonic wind speed,U-sonic wind speed,m/s,14.1
2025-04-24 21:00:00,Precipitation,Precipitation,mm,0.0
2025-04-24 21:00:00,Solar Panel,Solar Panel,mV,0.0
2025-04-24 21:00:00,Solar radiation,Solar radiation,W/m2,0.0
2025-04-24 20:00:00,U-sonic wind dir,U-sonic wind dir,deg,25.0
2025-04-24 20:00:00,U-sonic wind speed,U-sonic wind speed,m/s,13.9
2025-04-24 20:00:00,Battery,Battery,mV,6471.0
2025-04-24 20:00:00,Precipitation,Precipitation,mm,0.0
2025-04-24 20:00:00,Solar Panel,Solar Panel,mV,0.0
2025-04-24 20:00:00,Solar radiation,Solar radiation,W/m2,0.0
2025-04-24 20:00:00,Wind gust,Wind gust,m/s,22.6
2025-04-22 23:00:00,Wind gust,Wind gust,m/s,20.8
2025-04-22 23:00:00,Solar radiation,Solar radiation,W/m2,0.0
2025-04-22 23:00:00,U-sonic wind dir,U-sonic wind dir,deg,45.0
2025-04-22 23:00:00,U-sonic wind speed,U-sonic wind speed,m/s,13.8
2025-04-22 23:00:00,Battery,Battery,mV,6445.0
2025-04-22 23:00:00,Precipitation,Precipitation,mm,0.0
2025-04-22 23:00:00,Solar Panel,Solar Panel,mV,0.0
2025-04-22 22:00:00,Precipitation,Precipitation,mm,0.0
2025-04-22 22:00:00,Wind gust,Wind gust,m/s,37.9
2025-04-22 22:00:00,U-sonic wind dir,U-sonic wind dir,deg,52.0
2025-04-22 22:00:00,U-sonic wind speed,U-sonic wind speed,m/s,17.6
2025-04-22 22:00:00,Battery,Battery,mV,6457.0
2025-04-22 22:00:00,Solar Panel,Solar Panel,mV,0.0
2025-04-22 22:00:00,Solar radiation,Solar radiation,W/m2,0.0
2025-04-22 21:00:00,U-sonic wind speed,U-sonic wind speed,m/s,16.1
2025-04-22 21:00:00,Solar radiation,Solar radiation,W/m2,0.0
2025-04-22 21:00:00,Solar Panel,Solar Panel,mV,0.0
2025-04-22 21:00:00,Precipitation,Precipitation,mm,0.2
2025-04-22 21:00:00,Battery,Battery,mV,6462.0
2025-04-22 21:00:00,U-sonic wind dir,U-sonic wind dir,deg,290.0
2025-04-22 21:00:00,Wind gust,Wind gust,m/s,32.5
2025-04-22 20:00:00,Solar Panel,Solar Panel,mV,0.0
2025-04-22 20:00:00,Precipitation,Precipitation,mm,0.2
2025-04-22 20:00:00,Battery,Battery,mV,6474.0
2025-04-22 20:00:00,U-sonic wind speed,U-sonic wind speed,m/s,22.9
2025-04-22 20:00:00,U-sonic wind dir,U-sonic wind dir,deg,58.0
2025-04-22 20:00:00,Wind gust,Wind gust,m/s,39.1
2025-04-22 20:00:00,Solar radiation,Solar radiation,W/m2,0.0
2025-04-22 19:00:00,Wind gust,Wind gust,m/s,40.2
2025-04-22 19:00:00,Solar radiation,Solar radiation,W/m2,0.0
2025-04-22 19:00:00,Solar Panel,Solar Panel,mV,0.0
2025-04-22 19:00:00,Precipitation,Precipitation,mm,0.2
2025-04-22 19:00:00,Battery,Battery,mV,6494.0
2025-04-22 19:00:00,U-sonic wind speed,U-sonic wind speed,m/s,24.4
2025-04-22 19:00:00,U-sonic wind dir,U-sonic wind dir,deg,53.0
2025-04-22 18:00:00,Battery,Battery,mV,6514.0
2025-04-22 18:00:00,DeltaT,DeltaT,°C,5.0
2025-04-22 18:00:00,VPD,VPD,mbar,8.8
2025-04-22 18:00:00,Dew Point,Dew Point,°C,10.4
2025-04-22 18:00:00,HC Relative humidity,HC Relative humidity,%,58.91
2025-04-22 18:00:00,HC Air temperature,HC Air temperature,°C,18.63
2025-04-22 18:00:00,Wind gust,Wind gust,m/s,34.6
2025-04-22 18:00:00,U-sonic wind dir,U-sonic wind dir,deg,16.0
2025-04-22 18:00:00,U-sonic wind speed,U-sonic wind speed,m/s,13.0
2025-04-22 18:00:00,Precipitation,Precipitation,mm,0.2
2025-04-22 18:00:00,Solar Panel,Solar Panel,mV,1346.0
2025-04-22 18:00:00,Solar radiation,Solar radiation,W/m2,15.0
2025-04-22 17:00:00,Dew Point,Dew Point,°C,10.6
2025-04-22 17:00:00,U-sonic wind speed,U-sonic wind speed,m/s,12.4
2025-04-22 17:00:00,VPD,VPD,mbar,10.0
2025-04-22 17:00:00,Wind gust,Wind gust,m/s,21.7
2025-04-22 17:00:00,HC Air temperature,HC Air temperature,°C,19.6
2025-04-22 17:00:00,Solar radiation,Solar radiation,W/m2,48.0
2025-04-22 17:00:00,Solar Panel,Solar Panel,mV,6614.0
2025-04-22 17:00:00,Precipitation,Precipitation,mm,0.2
2025-04-22 17:00:00,Battery,Battery,mV,6539.0
2025-04-22 17:00:00,U-sonic wind dir,U-sonic wind dir,deg,131.0
2025-04-22 17:00:00,DeltaT,DeltaT,°C,5.0
2025-04-22 17:00:00,HC Relative humidity,HC Relative humidity,%,56.18
2025-04-22 16:00:00,Battery,Battery,mV,6576.0
2025-04-22 16:00:00,U-sonic wind dir,U-sonic wind dir,deg,106.0
2025-04-22 16:00:00,Wind gust,Wind gust,m/s,17.8
2025-04-22 16:00:00,HC Air temperature,HC Air temperature,°C,20.3
2025-04-22 16:00:00,VPD,VPD,mbar,10.7
2025-04-22 16:00:00,Dew Point,Dew Point,°C,10.9
2025-04-22 16:00:00,HC Relative humidity,HC Relative humidity,%,55.11
2025-04-22 16:00:00,Solar radiation,Solar radiation,W/m2,379.0
2025-04-22 16:00:00,Solar Panel,Solar Panel,mV,6839.0
2025-04-22 16:00:00,DeltaT,DeltaT,°C,5.0
2025-04-22 16:00:00,Precipitation,Precipitation,mm,0.4
2025-04-22 16:00:00,U-sonic wind speed,U-sonic wind speed,m/s,11.6
2025-04-22 15:00:00,Wind gust,Wind gust,m/s,32.5
2025-04-22 15:00:00,U-sonic wind speed,U-sonic wind speed,m/s,19.8
2025-04-22 15:00:00,U-sonic wind dir,U-sonic wind dir,deg,143.0
2025-04-22 15:00:00,Battery,Battery,mV,6602.0
2025-04-22 15:00:00,Precipitation,Precipitation,mm,0.4
2025-04-22 15:00:00,Solar Panel,Solar Panel,mV,6863.0
2025-04-22 15:00:00,Solar radiation,Solar radiation,W/m2,296.0
2025-04-22 14:00:00,VPD,VPD,mbar,12.8
2025-04-22 14:00:00,Dew Point,Dew Point,°C,10.6
2025-04-22 14:00:00,HC Relative humidity,HC Relative humidity,%,49.79
2025-04-22 14:00:00,HC Air temperature,HC Air temperature,°C,21.53
2025-04-22 14:00:00,Wind gust,Wind gust,m/s,26.8
2025-04-22 14:00:00,DeltaT,DeltaT,°C,6.0
2025-04-22 14:00:00,U-sonic wind dir,U-sonic wind dir,deg,87.0
2025-04-22 14:00:00,Battery,Battery,mV,6670.0
2025-04-22 14:00:00,U-sonic wind speed,U-sonic wind speed,m/s,16.3
2025-04-22 14:00:00,Precipitation,Precipitation,mm,0.4
2025-04-22 14:00:00,Solar Panel,Solar Panel,mV,6940.0
2025-04-22 14:00:00,Solar radiation,Solar radiation,W/m2,846.0
2025-04-22 13:00:00,U-sonic wind dir,U-sonic wind dir,deg,124.0
2025-04-22 13:00:00,Battery,Battery,mV,6761.0
2025-04-22 13:00:00,Precipitation,Precipitation,mm,0.6
2025-04-22 13:00:00,Solar Panel,Solar Panel,mV,7946.0
2025-04-22 13:00:00,Solar radiation,Solar radiation,W/m2,946.0
2025-04-22 13:00:00,DeltaT,DeltaT,°C,5.0
2025-04-22 13:00:00,VPD,VPD,mbar,10.4
2025-04-22 13:00:00,Dew Point,Dew Point,°C,12.3
2025-04-22 13:00:00,HC Relative humidity,HC Relative humidity,%,57.86
2025-04-22 13:00:00,HC Air temperature,HC Air temperature,°C,21.02
2025-04-22 13:00:00,Wind gust,Wind gust,m/s,22.2
2025-04-22 13:00:00,U-sonic wind speed,U-sonic wind speed,m/s,8.9
2025-04-22 12:00:00,VPD,VPD,mbar,8.1
2025-04-22 12:00:00,Dew Point,Dew Point,°C,13.4
2025-04-22 12:00:00,Battery,Battery,mV,6673.0
2025-04-22 12:00:00,U-sonic wind speed,U-sonic wind speed,m/s,5.5
2025-04-22 12:00:00,U-sonic wind dir,U-sonic wind dir,deg,342.0
2025-04-22 12:00:00,Wind gust,Wind gust,m/s,29.6
2025-04-22 12:00:00,HC Air temperature,HC Air temperature,°C,20.12
2025-04-22 12:00:00,HC Relative humidity,HC Relative humidity,%,65.56
2025-04-22 12:00:00,Solar radiation,Solar radiation,W/m2,830.0
2025-04-22 12:00:00,Solar Panel,Solar Panel,mV,6964.0
2025-04-22 12:00:00,Precipitation,Precipitation,mm,0.8
2025-04-22 12:00:00,DeltaT,DeltaT,°C,4.0
2025-04-22 11:00:00,HC Relative humidity,HC Relative humidity,%,72.17
2025-04-22 11:00:00,Wind gust,Wind gust,m/s,29.1
2025-04-22 11:00:00,U-sonic wind dir,U-sonic wind dir,deg,121.0
2025-04-22 11:00:00,U-sonic wind speed,U-sonic wind speed,m/s,13.0
2025-04-22 11:00:00,Battery,Battery,mV,6639.0
2025-04-22 11:00:00,Precipitation,Precipitation,mm,0.6
2025-04-22 11:00:00,Solar Panel,Solar Panel,mV,6935.0
2025-04-22 11:00:00,Solar radiation,Solar radiation,W/m2,474.0
2025-04-22 11:00:00,DeltaT,DeltaT,°C,3.0
2025-04-22 11:00:00,VPD,VPD,mbar,6.1
2025-04-22 11:00:00,Dew Point,Dew Point,°C,13.8
2025-04-22 11:00:00,HC Air temperature,HC Air temperature,°C,19.01
2025-04-22 10:00:00,U-sonic wind speed,U-sonic wind speed,m/s,1.1
2025-04-22 10:00:00,U-sonic wind dir,U-sonic wind dir,deg,338.0
2025-04-22 10:00:00,HC Air temperature,HC Air temperature,°C,18.77
2025-04-22 10:00:00,HC Relative humidity,HC Relative humidity,%,74.35
2025-04-22 10:00:00,Dew Point,Dew Point,°C,14.1
2025-04-22 10:00:00,VPD,VPD,mbar,5.5
2025-04-22 10:00:00,DeltaT,DeltaT,°C,3.0
2025-04-22 10:00:00,Wind gust,Wind gust,m/s,3.4
2025-04-22 10:00:00,Solar radiation,Solar radiation,W/m2,639.0
2025-04-22 10:00:00,Solar Panel,Solar Panel,mV,7156.0
2025-04-22 10:00:00,Precipitation,Precipitation,mm,0.4
2025-04-22 10:00:00,Battery,Battery,mV,6801.0
2025-04-22 09:00:00,Solar Panel,Solar Panel,mV,6978.0
2025-04-22 09:00:00,HC Air temperature,HC Air temperature,°C,17.5
2025-04-22 09:00:00,HC Relative humidity,HC Relative humidity,%,82.12
2025-04-22 09:00:00,Dew Point,Dew Point,°C,14.4
2025-04-22 09:00:00,DeltaT,DeltaT,°C,2.0
2025-04-22 09:00:00,VPD,VPD,mbar,3.5
2025-04-22 09:00:00,Solar radiation,Solar radiation,W/m2,419.0
2025-04-22 09:00:00,Precipitation,Precipitation,mm,0.2
2025-04-22 09:00:00,Battery,Battery,mV,6662.0
2025-04-22 09:00:00,U-sonic wind speed,U-sonic wind speed,m/s,1.0
2025-04-22 09:00:00,U-sonic wind dir,U-sonic wind dir,deg,293.0
2025-04-22 09:00:00,Wind gust,Wind gust,m/s,2.7
2025-04-22 08:00:00,Battery,Battery,mV,6619.0
2025-04-22 08:00:00,Precipitation,Precipitation,mm,0.2
2025-04-22 08:00:00,Solar Panel,Solar Panel,mV,6925.0
2025-04-22 08:00:00,Solar radiation,Solar radiation,W/m2,400.0
2025-04-22 08:00:00,DeltaT,DeltaT,°C,1.0
2025-04-22 08:00:00,VPD,VPD,mbar,2.5
2025-04-22 08:00:00,Dew Point,Dew Point,°C,13.6
2025-04-22 08:00:00,HC Relative humidity,HC Relative humidity,%,86.2
2025-04-22 08:00:00,HC Air temperature,HC Air temperature,°C,16.0
2025-04-22 08:00:00,Wind gust,Wind gust,m/s,2.6
2025-04-22 08:00:00,U-sonic wind dir,U-sonic wind dir,deg,249.0
2025-04-22 08:00:00,U-sonic wind speed,U-sonic wind speed,m/s,0.6
2025-04-22 07:00:00,VPD,VPD,mbar,1.1
2025-04-22 07:00:00,Dew Point,Dew Point,°C,13.4
2025-04-22 07:00:00,HC Air temperature,HC Air temperature,°C,14.52
2025-04-22 07:00:00,HC Relative humidity,HC Relative humidity,%,93.05
2025-04-22 07:00:00,Solar radiation,Solar radiation,W/m2,111.0
2025-04-22 07:00:00,Solar Panel,Solar Panel,mV,6724.0
2025-04-22 07:00:00,Precipitation,Precipitation,mm,0.2
2025-04-22 07:00:00,Battery,Battery,mV,6434.0
2025-04-22 07:00:00,Wind gust,Wind gust,m/s,1.8
2025-04-22 07:00:00,U-sonic wind speed,U-sonic wind speed,m/s,0.7
2025-04-22 07:00:00,U-sonic wind dir,U-sonic wind dir,deg,284.0
2025-04-22 07:00:00,DeltaT,DeltaT,°C,1.0
2025-04-22 06:00:00,U-sonic wind dir,U-sonic wind dir,deg,199.0
2025-04-22 06:00:00,Battery,Battery,mV,6394.0
2025-04-22 06:00:00,Precipitation,Precipitation,mm,0.2
2025-04-22 06:00:00,Solar Panel,Solar Panel,mV,6595.0
2025-04-22 06:00:00,Solar radiation,Solar radiation,W/m2,39.0
2025-04-22 06:00:00,Wind gust,Wind gust,m/s,2.7
2025-04-22 06:00:00,U-sonic wind speed,U-sonic wind speed,m/s,0.7
2025-04-22 05:00:00,Battery,Battery,mV,6374.0
2025-04-22 05:00:00,Wind gust,Wind gust,m/s,1.4
2025-04-22 05:00:00,U-sonic wind dir,U-sonic wind dir,deg,264.0
2025-04-22 05:00:00,U-sonic wind speed,U-sonic wind speed,m/s,0.5
2025-04-22 05:00:00,Precipitation,Precipitation,mm,0.0
2025-04-22 05:00:00,Solar Panel,Solar Panel,mV,1418.0
2025-04-22 05:00:00,Solar radiation,Solar radiation,W/m2,0.0
2025-04-22 04:00:00,U-sonic wind speed,U-sonic wind speed,m/s,0.5
2025-04-22 04:00:00,Solar radiation,Solar radiation,W/m2,0.0
2025-04-22 04:00:00,Wind gust,Wind gust,m/s,2.0
2025-04-22 04:00:00,U-sonic wind dir,U-sonic wind dir,deg,233.0
2025-04-22 04:00:00,Solar Panel,Solar Panel,mV,0.0
2025-04-22 04:00:00,Precipitation,Precipitation,mm,0.2
2025-04-22 04:00:00,Battery,Battery,mV,6385.0
2025-04-22 03:00:00,Solar radiation,Solar radiation,W/m2,0.0
2025-04-22 03:00:00,Solar Panel,Solar Panel,mV,0.0
2025-04-22 03:00:00,Precipitation,Precipitation,mm,0.2
2025-04-22 03:00:00,Battery,Battery,mV,6391.0
2025-04-22 03:00:00,U-sonic wind speed,U-sonic wind speed,m/s,0.4
2025-04-22 03:00:00,U-sonic wind dir,U-sonic wind dir,deg,257.0
2025-04-22 03:00:00,Wind gust,Wind gust,m/s,1.0
2025-04-22 02:00:00,Solar radiation,Solar radiation,W/m2,0.0
2025-04-22 02:00:00,Wind gust,Wind gust,m/s,1.0
2025-04-22 02:00:00,U-sonic wind dir,U-sonic wind dir,deg,233.0
2025-04-22 02:00:00,U-sonic wind speed,U-sonic wind speed,m/s,0.3
2025-04-22 02:00:00,Battery,Battery,mV,6388.0
2025-04-22 02:00:00,Precipitation,Precipitation,mm,0.2
2025-04-22 02:00:00,Solar Panel,Solar Panel,mV,0.0
2025-04-22 01:00:00,U-sonic wind speed,U-sonic wind speed,m/s,0.3
2025-04-22 01:00:00,Wind gust,Wind gust,m/s,0.8
2025-04-22 01:00:00,U-sonic wind dir,U-sonic wind dir,deg,276.0
2025-04-22 01:00:00,Solar radiation,Solar radiation,W/m2,0.0
2025-04-22 01:00:00,Solar Panel,Solar Panel,mV,0.0
2025-04-22 01:00:00,Precipitation,Precipitation,mm,0.0
2025-04-22 01:00:00,Battery,Battery,mV,6394.0
2025-04-22 00:00:00,Solar Panel,Solar Panel,mV,0.0
2025-04-22 00:00:00,Wind gust,Wind gust,m/s,1.0
2025-04-22 00:00:00,U-sonic wind speed,U-sonic wind speed,m/s,0.3
2025-04-22 00:00:00,U-sonic wind dir,U-sonic wind dir,deg,5.0
2025-04-22 00:00:00,Battery,Battery,mV,6397.0
2025-04-22 00:00:00,Precipitation,Precipitation,mm,0.2
2025-04-22 00:00:00,Solar radiation,Solar radiation,W/m2,0.0
2025-04-20 01:00:00,Solar Panel,Solar Panel,mV,0.0
2025-04-20 01:00:00,Precipitation,Precipitation,mm,0.0
2025-04-20 01:00:00,Solar radiation,Solar radiation,W/m2,0.0
2025-04-20 01:00:00,Wind gust,Wind gust,m/s,22.8
2025-04-20 01:00:00,Battery,Battery,mV,6457.0
2025-04-20 01:00:00,U-sonic wind speed,U-sonic wind speed,m/s,8.8
2025-04-20 01:00:00,U-sonic wind dir,U-sonic wind dir,deg,254.0
2025-04-20 00:00:00,Battery,Battery,mV,6457.0
2025-04-20 00:00:00,Solar Panel,Solar Panel,mV,0.0
2025-04-20 00:00:00,Solar radiation,Solar radiation,W/m2,0.0
2025-04-20 00:00:00,Wind gust,Wind gust,m/s,25.3
2025-04-20 00:00:00,U-sonic wind dir,U-sonic wind dir,deg,123.0
2025-04-20 00:00:00,U-sonic wind speed,U-sonic wind speed,m/s,9.6
2025-04-20 00:00:00,Precipitation,Precipitation,mm,0.0
2025-04-19 23:00:00,U-sonic wind speed,U-sonic wind speed,m/s,17.4
2025-04-19 23:00:00,U-sonic wind dir,U-sonic wind dir,deg,136.0
2025-04-19 23:00:00,Wind gust,Wind gust,m/s,35.6
2025-04-19 23:00:00,Solar radiation,Solar radiation,W/m2,0.0
2025-04-19 23:00:00,Solar Panel,Solar Panel,mV,0.0
2025-04-19 23:00:00,Precipitation,Precipitation,mm,0.0
2025-04-19 23:00:00,Battery,Battery,mV,6459.0
2025-04-19 22:00:00,Solar radiation,Solar radiation,W/m2,0.0
2025-04-19 22:00:00,U-sonic wind dir,U-sonic wind dir,deg,53.0
2025-04-19 22:00:00,U-sonic wind speed,U-sonic wind speed,m/s,21.0
2025-04-19 22:00:00,Battery,Battery,mV,6468.0
2025-04-19 22:00:00,Precipitation,Precipitation,mm,0.0
2025-04-19 22:00:00,Solar Panel,Solar Panel,mV,0.0
2025-04-19 22:00:00,Wind gust,Wind gust,m/s,32.5
2025-04-19 21:00:00,Wind gust,Wind gust,m/s,38.6
2025-04-19 21:00:00,Solar radiation,Solar radiation,W/m2,0.0
2025-04-19 21:00:00,Solar Panel,Solar Panel,mV,0.0
2025-04-19 21:00:00,Precipitation,Precipitation,mm,0.0
2025-04-19 21:00:00,Battery,Battery,mV,6474.0
2025-04-19 21:00:00,U-sonic wind speed,U-sonic wind speed,m/s,19.1
2025-04-19 21:00:00,U-sonic wind dir,U-sonic wind dir,deg,49.0
2025-04-19 20:00:00,Wind gust,Wind gust,m/s,2.7
2025-04-19 20:00:00,Precipitation,Precipitation,mm,0.0
2025-04-19 20:00:00,U-sonic wind dir,U-sonic wind dir,deg,29.0
2025-04-19 20:00:00,Battery,Battery,mV,6482.0
2025-04-19 20:00:00,U-sonic wind speed,U-sonic wind speed,m/s,0.5
2025-04-19 20:00:00,Solar radiation,Solar radiation,W/m2,0.0
2025-04-19 20:00:00,Solar Panel,Solar Panel,mV,0.0
2025-04-19 19:00:00,Solar Panel,Solar Panel,mV,0.0
2025-04-19 19:00:00,Wind gust,Wind gust,m/s,25.0
2025-04-19 19:00:00,U-sonic wind dir,U-sonic wind dir,deg,327.0
2025-04-19 19:00:00,U-sonic wind speed,U-sonic wind speed,m/s,7.4
2025-04-19 19:00:00,Battery,Battery,mV,6491.0
2025-04-19 19:00:00,Precipitation,Precipitation,mm,0.0
2025-04-19 19:00:00,Solar radiation,Solar radiation,W/m2,0.0
2025-04-19 18:00:00,Wind gust,Wind gust,m/s,2.7
2025-04-19 18:00:00,Solar radiation,Solar radiation,W/m2,33.0
2025-04-19 18:00:00,Solar Panel,Solar Panel,mV,1346.0
2025-04-19 18:00:00,Precipitation,Precipitation,mm,0.0
2025-04-19 18:00:00,Battery,Battery,mV,6494.0
2025-04-19 18:00:00,U-sonic wind speed,U-sonic wind speed,m/s,1.0
2025-04-19 18:00:00,U-sonic wind dir,U-sonic wind dir,deg,121.0
2025-04-19 17:00:00,U-sonic wind speed,U-sonic wind speed,m/s,1.8
2025-04-19 17:00:00,Battery,Battery,mV,6534.0
2025-04-19 17:00:00,DeltaT,DeltaT,°C,8.0
2025-04-19 17:00:00,U-sonic wind dir,U-sonic wind dir,deg,47.0
2025-04-19 17:00:00,Wind gust,Wind gust,m/s,4.1
2025-04-19 17:00:00,HC Air temperature,HC Air temperature,°C,25.68
2025-04-19 17:00:00,HC Relative humidity,HC Relative humidity,%,46.02
2025-04-19 17:00:00,Solar radiation,Solar radiation,W/m2,121.0
2025-04-19 17:00:00,Solar Panel,Solar Panel,mV,6700.0
2025-04-19 17:00:00,Precipitation,Precipitation,mm,0.0
2025-04-19 17:00:00,Dew Point,Dew Point,°C,13.2
2025-04-19 17:00:00,VPD,VPD,mbar,17.8
2025-04-19 16:00:00,DeltaT,DeltaT,°C,8.0
2025-04-19 16:00:00,Wind gust,Wind gust,m/s,3.3
2025-04-19 16:00:00,VPD,VPD,mbar,19.1
2025-04-19 16:00:00,Dew Point,Dew Point,°C,14.0
2025-04-19 16:00:00,HC Relative humidity,HC Relative humidity,%,45.59
2025-04-19 16:00:00,HC Air temperature,HC Air temperature,°C,26.8
2025-04-19 16:00:00,Battery,Battery,mV,6582.0
2025-04-19 16:00:00,Precipitation,Precipitation,mm,0.0
2025-04-19 16:00:00,Solar Panel,Solar Panel,mV,6849.0
2025-04-19 16:00:00,Solar radiation,Solar radiation,W/m2,354.0
2025-04-19 16:00:00,U-sonic wind dir,U-sonic wind dir,deg,96.0
2025-04-19 16:00:00,U-sonic wind speed,U-sonic wind speed,m/s,1.7
2025-04-19 15:00:00,U-sonic wind speed,U-sonic wind speed,m/s,1.1
2025-04-19 15:00:00,Wind gust,Wind gust,m/s,2.9
2025-04-19 15:00:00,Solar radiation,Solar radiation,W/m2,298.0
2025-04-19 15:00:00,Solar Panel,Solar Panel,mV,6878.0
2025-04-19 15:00:00,Precipitation,Precipitation,mm,0.0
2025-04-19 15:00:00,Battery,Battery,mV,6619.0
2025-04-19 15:00:00,HC Air temperature,HC Air temperature,°C,27.41
2025-04-19 15:00:00,HC Relative humidity,HC Relative humidity,%,43.9
2025-04-19 15:00:00,Dew Point,Dew Point,°C,14.0
2025-04-19 15:00:00,VPD,VPD,mbar,20.4
2025-04-19 15:00:00,DeltaT,DeltaT,°C,8.0
2025-04-19 15:00:00,U-sonic wind dir,U-sonic wind dir,deg,100.0
2025-04-19 14:00:00,U-sonic wind dir,U-sonic wind dir,deg,183.0
2025-04-19 14:00:00,Wind gust,Wind gust,m/s,2.2
2025-04-19 14:00:00,Solar radiation,Solar radiation,W/m2,780.0
2025-04-19 14:00:00,Solar Panel,Solar Panel,mV,8330.0
2025-04-19 14:00:00,Precipitation,Precipitation,mm,0.0
2025-04-19 14:00:00,Battery,Battery,mV,6776.0
2025-04-19 14:00:00,HC Air temperature,HC Air temperature,°C,26.8
2025-04-19 14:00:00,HC Relative humidity,HC Relative humidity,%,44.15
2025-04-19 14:00:00,Dew Point,Dew Point,°C,13.5
2025-04-19 14:00:00,VPD,VPD,mbar,19.6
2025-04-19 14:00:00,DeltaT,DeltaT,°C,8.0
2025-04-19 14:00:00,U-sonic wind speed,U-sonic wind speed,m/s,0.8
2025-04-19 13:00:00,U-sonic wind speed,U-sonic wind speed,m/s,1.0
2025-04-19 13:00:00,Wind gust,Wind gust,m/s,2.7
2025-04-19 13:00:00,Solar radiation,Solar radiation,W/m2,910.0
2025-04-19 13:00:00,Solar Panel,Solar Panel,mV,9447.0
2025-04-19 13:00:00,Precipitation,Precipitation,mm,0.0
2025-04-19 13:00:00,Battery,Battery,mV,6793.0
2025-04-19 13:00:00,HC Air temperature,HC Air temperature,°C,26.5
2025-04-19 13:00:00,HC Relative humidity,HC Relative humidity,%,45.93
2025-04-19 13:00:00,Dew Point,Dew Point,°C,13.8
2025-04-19 13:00:00,VPD,VPD,mbar,18.7
2025-04-19 13:00:00,DeltaT,DeltaT,°C,8.0
2025-04-19 13:00:00,U-sonic wind dir,U-sonic wind dir,deg,245.0
2025-04-19 12:00:00,Solar Panel,Solar Panel,mV,9681.0
2025-04-19 12:00:00,Battery,Battery,mV,6804.0
2025-04-19 12:00:00,HC Air temperature,HC Air temperature,°C,25.21
2025-04-19 12:00:00,HC Relative humidity,HC Relative humidity,%,46.43
2025-04-19 12:00:00,Dew Point,Dew Point,°C,12.8
2025-04-19 12:00:00,VPD,VPD,mbar,17.1
2025-04-19 12:00:00,DeltaT,DeltaT,°C,7.0
2025-04-19 12:00:00,U-sonic wind speed,U-sonic wind speed,m/s,1.0
2025-04-19 12:00:00,U-sonic wind dir,U-sonic wind dir,deg,145.0
2025-04-19 12:00:00,Wind gust,Wind gust,m/s,2.7
2025-04-19 12:00:00,Solar radiation,Solar radiation,W/m2,946.0
2025-04-19 12:00:00,Precipitation,Precipitation,mm,0.0
2025-04-19 11:00:00,Precipitation,Precipitation,mm,0.0
2025-04-19 11:00:00,Battery,Battery,mV,6798.0
2025-04-19 11:00:00,HC Air temperature,HC Air temperature,°C,23.8
2025-04-19 11:00:00,HC Relative humidity,HC Relative humidity,%,52.07
2025-04-19 11:00:00,Dew Point,Dew Point,°C,13.3
2025-04-19 11:00:00,VPD,VPD,mbar,14.1
2025-04-19 11:00:00,DeltaT,DeltaT,°C,6.0
2025-04-19 11:00:00,U-sonic wind speed,U-sonic wind speed,m/s,11.7
2025-04-19 11:00:00,U-sonic wind dir,U-sonic wind dir,deg,159.0
2025-04-19 11:00:00,Wind gust,Wind gust,m/s,36.4
2025-04-19 11:00:00,Solar radiation,Solar radiation,W/m2,942.0
2025-04-19 11:00:00,Solar Panel,Solar Panel,mV,9725.0
2025-04-19 10:00:00,U-sonic wind speed,U-sonic wind speed,m/s,7.8
2025-04-19 10:00:00,Wind gust,Wind gust,m/s,33.2
2025-04-19 10:00:00,HC Relative humidity,HC Relative humidity,%,63.45
2025-04-19 10:00:00,HC Air temperature,HC Air temperature,°C,21.81
2025-04-19 10:00:00,Battery,Battery,mV,6804.0
2025-04-19 10:00:00,Precipitation,Precipitation,mm,0.0
2025-04-19 10:00:00,VPD,VPD,mbar,9.6
2025-04-19 10:00:00,Solar Panel,Solar Panel,mV,9763.0
2025-04-19 10:00:00,Solar radiation,Solar radiation,W/m2,865.0
2025-04-19 10:00:00,Dew Point,Dew Point,°C,14.4
2025-04-19 10:00:00,DeltaT,DeltaT,°C,5.0
2025-04-19 10:00:00,U-sonic wind dir,U-sonic wind dir,deg,178.0
2025-04-19 09:00:00,Wind gust,Wind gust,m/s,2.2
2025-04-19 09:00:00,Solar radiation,Solar radiation,W/m2,721.0
2025-04-19 09:00:00,Solar Panel,Solar Panel,mV,9634.0
2025-04-19 09:00:00,Precipitation,Precipitation,mm,0.0
2025-04-19 09:00:00,Battery,Battery,mV,6798.0
2025-04-19 09:00:00,HC Air temperature,HC Air temperature,°C,19.63
2025-04-19 09:00:00,HC Relative humidity,HC Relative humidity,%,75.28
2025-04-19 09:00:00,Dew Point,Dew Point,°C,15.1
2025-04-19 09:00:00,VPD,VPD,mbar,5.6
2025-04-19 09:00:00,DeltaT,DeltaT,°C,3.0
2025-04-19 09:00:00,U-sonic wind speed,U-sonic wind speed,m/s,0.8
2025-04-19 09:00:00,U-sonic wind dir,U-sonic wind dir,deg,262.0
2025-04-19 08:00:00,Wind gust,Wind gust,m/s,8.6
2025-04-19 08:00:00,Solar radiation,Solar radiation,W/m2,537.0
2025-04-19 08:00:00,Solar Panel,Solar Panel,mV,9447.0
2025-04-19 08:00:00,Precipitation,Precipitation,mm,0.0
2025-04-19 08:00:00,Battery,Battery,mV,6798.0
2025-04-19 08:00:00,HC Air temperature,HC Air temperature,°C,16.11
2025-04-19 08:00:00,HC Relative humidity,HC Relative humidity,%,93.93
2025-04-19 08:00:00,Dew Point,Dew Point,°C,15.0
2025-04-19 08:00:00,VPD,VPD,mbar,1.2
2025-04-19 08:00:00,DeltaT,DeltaT,°C,1.0
2025-04-19 08:00:00,U-sonic wind speed,U-sonic wind speed,m/s,1.2
2025-04-19 08:00:00,U-sonic wind dir,U-sonic wind dir,deg,232.0
2025-04-19 07:00:00,Wind gust,Wind gust,m/s,1.8
2025-04-19 07:00:00,DeltaT,DeltaT,°C,0.0
2025-04-19 07:00:00,VPD,VPD,mbar,0.0
2025-04-19 07:00:00,Dew Point,Dew Point,°C,13.2
2025-04-19 07:00:00,HC Relative humidity,HC Relative humidity,%,99.95
2025-04-19 07:00:00,HC Air temperature,HC Air temperature,°C,13.24
2025-04-19 07:00:00,Battery,Battery,mV,6801.0
2025-04-19 07:00:00,Precipitation,Precipitation,mm,0.0
2025-04-19 07:00:00,Solar Panel,Solar Panel,mV,9068.0
2025-04-19 07:00:00,Solar radiation,Solar radiation,W/m2,323.0
2025-04-19 07:00:00,U-sonic wind dir,U-sonic wind dir,deg,118.0
2025-04-19 07:00:00,U-sonic wind speed,U-sonic wind speed,m/s,0.4
2025-04-19 06:00:00,Precipitation,Precipitation,mm,0.0
2025-04-19 06:00:00,Solar radiation,Solar radiation,W/m2,107.0
2025-04-19 06:00:00,Solar Panel,Solar Panel,mV,7040.0
2025-04-19 06:00:00,Battery,Battery,mV,6722.0
2025-04-19 06:00:00,U-sonic wind speed,U-sonic wind speed,m/s,0.3
2025-04-19 06:00:00,U-sonic wind dir,U-sonic wind dir,deg,173.0
2025-04-19 06:00:00,Wind gust,Wind gust,m/s,0.8
2025-04-19 05:00:00,U-sonic wind speed,U-sonic wind speed,m/s,0.2
2025-04-19 05:00:00,Wind gust,Wind gust,m/s,1.1
2025-04-19 05:00:00,Battery,Battery,mV,6440.0
2025-04-19 05:00:00,U-sonic wind dir,U-sonic wind dir,deg,25.0
2025-04-19 05:00:00,Precipitation,Precipitation,mm,0.0
2025-04-19 05:00:00,Solar Panel,Solar Panel,mV,2669.0
2025-04-19 05:00:00,Solar radiation,Solar radiation,W/m2,0.0
2025-04-19 04:00:00,Wind gust,Wind gust,m/s,0.6
2025-04-19 04:00:00,U-sonic wind dir,U-sonic wind dir,deg,18.0
2025-04-19 04:00:00,U-sonic wind speed,U-sonic wind speed,m/s,0.3
2025-04-19 04:00:00,Battery,Battery,mV,6440.0
2025-04-19 04:00:00,Precipitation,Precipitation,mm,0.0
2025-04-19 04:00:00,Solar Panel,Solar Panel,mV,0.0
2025-04-19 04:00:00,Solar radiation,Solar radiation,W/m2,0.0
2025-04-19 03:00:00,Wind gust,Wind gust,m/s,0.5
2025-04-19 03:00:00,U-sonic wind dir,U-sonic wind dir,deg,143.0
2025-04-19 03:00:00,U-sonic wind speed,U-sonic wind speed,m/s,0.1
2025-04-19 03:00:00,Battery,Battery,mV,6448.0
2025-04-19 03:00:00,Precipitation,Precipitation,mm,0.0
2025-04-19 03:00:00,Solar Panel,Solar Panel,mV,0.0
2025-04-19 03:00:00,Solar radiation,Solar radiation,W/m2,0.0
2025-04-19 02:00:00,Wind gust,Wind gust,m/s,29.6
2025-04-19 02:00:00,U-sonic wind dir,U-sonic wind dir,deg,47.0
2025-04-19 02:00:00,U-sonic wind speed,U-sonic wind speed,m/s,7.3
2025-04-19 02:00:00,Battery,Battery,mV,6454.0
2025-04-19 02:00:00,Precipitation,Precipitation,mm,0.0
2025-04-19 02:00:00,Solar Panel,Solar Panel,mV,0.0
2025-04-19 02:00:00,Solar radiation,Solar radiation,W/m2,0.0
2025-04-17 05:00:00,Wind gust,Wind gust,m/s,23.6
2025-04-17 05:00:00,U-sonic wind dir,U-sonic wind dir,deg,280.0
2025-04-17 05:00:00,U-sonic wind speed,U-sonic wind speed,m/s,11.1
2025-04-17 05:00:00,Battery,Battery,mV,6346.0
2025-04-17 05:00:00,Precipitation,Precipitation,mm,0.0
2025-04-17 05:00:00,Solar Panel,Solar Panel,mV,0.0
2025-04-17 05:00:00,Solar radiation,Solar radiation,W/m2,0.0
2025-04-17 04:00:00,Wind gust,Wind gust,m/s,27.6
2025-04-17 04:00:00,U-sonic wind dir,U-sonic wind dir,deg,212.0
2025-04-17 04:00:00,U-sonic wind speed,U-sonic wind speed,m/s,19.2
2025-04-17 04:00:00,Battery,Battery,mV,6348.0
2025-04-17 04:00:00,Precipitation,Precipitation,mm,0.0
2025-04-17 04:00:00,Solar Panel,Solar Panel,mV,0.0
2025-04-17 04:00:00,Solar radiation,Solar radiation,W/m2,0.0
2025-04-17 03:00:00,Battery,Battery,mV,6351.0
2025-04-17 03:00:00,Wind gust,Wind gust,m/s,28.4
2025-04-17 03:00:00,U-sonic wind dir,U-sonic wind dir,deg,149.0
2025-04-17 03:00:00,U-sonic wind speed,U-sonic wind speed,m/s,21.6
2025-04-17 03:00:00,Precipitation,Precipitation,mm,0.0
2025-04-17 03:00:00,Solar Panel,Solar Panel,mV,0.0
2025-04-17 03:00:00,Solar radiation,Solar radiation,W/m2,0.0
2025-04-17 02:00:00,Wind gust,Wind gust,m/s,27.9
2025-04-17 02:00:00,U-sonic wind dir,U-sonic wind dir,deg,149.0
2025-04-17 02:00:00,U-sonic wind speed,U-sonic wind speed,m/s,21.4
2025-04-17 02:00:00,Battery,Battery,mV,6351.0
2025-04-17 02:00:00,Precipitation,Precipitation,mm,0.0
2025-04-17 02:00:00,Solar Panel,Solar Panel,mV,0.0
2025-04-17 02:00:00,Solar radiation,Solar radiation,W/m2,0.0
2025-04-17 01:00:00,Wind gust,Wind gust,m/s,25.8
2025-04-17 01:00:00,U-sonic wind dir,U-sonic wind dir,deg,145.0
2025-04-17 01:00:00,U-sonic wind speed,U-sonic wind speed,m/s,19.1
2025-04-17 01:00:00,Battery,Battery,mV,6351.0
2025-04-17 01:00:00,Precipitation,Precipitation,mm,0.0
2025-04-17 01:00:00,Solar Panel,Solar Panel,mV,0.0
2025-04-17 01:00:00,Solar radiation,Solar radiation,W/m2,0.0
2025-04-17 00:00:00,Wind gust,Wind gust,m/s,25.4
2025-04-17 00:00:00,U-sonic wind dir,U-sonic wind dir,deg,145.0
2025-04-17 00:00:00,U-sonic wind speed,U-sonic wind speed,m/s,19.6
2025-04-17 00:00:00,Battery,Battery,mV,6360.0
2025-04-17 00:00:00,Precipitation,Precipitation,mm,0.0
2025-04-17 00:00:00,Solar Panel,Solar Panel,mV,0.0
2025-04-17 00:00:00,Solar radiation,Solar radiation,W/m2,0.0
2025-04-16 23:00:00,Wind gust,Wind gust,m/s,27.5
2025-04-16 23:00:00,Solar radiation,Solar radiation,W/m2,0.0
2025-04-16 23:00:00,Solar Panel,Solar Panel,mV,0.0
2025-04-16 23:00:00,Precipitation,Precipitation,mm,0.0
2025-04-16 23:00:00,Battery,Battery,mV,6363.0
2025-04-16 23:00:00,U-sonic wind speed,U-sonic wind speed,m/s,18.6
2025-04-16 23:00:00,U-sonic wind dir,U-sonic wind dir,deg,141.0
2025-04-16 22:00:00,Solar radiation,Solar radiation,W/m2,0.0
2025-04-16 22:00:00,Solar Panel,Solar Panel,mV,0.0
2025-04-16 22:00:00,Precipitation,Precipitation,mm,0.0
2025-04-16 22:00:00,Battery,Battery,mV,6368.0
2025-04-16 22:00:00,U-sonic wind speed,U-sonic wind speed,m/s,13.9
2025-04-16 22:00:00,U-sonic wind dir,U-sonic wind dir,deg,212.0
2025-04-16 22:00:00,Wind gust,Wind gust,m/s,25.6
2025-04-16 21:00:00,Solar radiation,Solar radiation,W/m2,0.0
2025-04-16 21:00:00,Solar Panel,Solar Panel,mV,0.0
2025-04-16 21:00:00,Precipitation,Precipitation,mm,0.0
2025-04-16 21:00:00,Battery,Battery,mV,6374.0
2025-04-16 21:00:00,U-sonic wind speed,U-sonic wind speed,m/s,8.9
2025-04-16 21:00:00,U-sonic wind dir,U-sonic wind dir,deg,248.0
2025-04-16 21:00:00,Wind gust,Wind gust,m/s,20.8
2025-04-16 20:00:00,Battery,Battery,mV,6380.0
2025-04-16 20:00:00,Precipitation,Precipitation,mm,0.0
2025-04-16 20:00:00,Wind gust,Wind gust,m/s,31.0
2025-04-16 20:00:00,U-sonic wind dir,U-sonic wind dir,deg,321.0
2025-04-16 20:00:00,U-sonic wind speed,U-sonic wind speed,m/s,12.6
2025-04-16 20:00:00,Solar Panel,Solar Panel,mV,0.0
2025-04-16 20:00:00,Solar radiation,Solar radiation,W/m2,0.0
2025-04-16 19:00:00,Solar radiation,Solar radiation,W/m2,0.0
2025-04-16 19:00:00,Precipitation,Precipitation,mm,0.4
2025-04-16 19:00:00,U-sonic wind speed,U-sonic wind speed,m/s,16.3
2025-04-16 19:00:00,Battery,Battery,mV,6388.0
2025-04-16 19:00:00,U-sonic wind dir,U-sonic wind dir,deg,250.0
2025-04-16 19:00:00,Wind gust,Wind gust,m/s,29.4
2025-04-16 19:00:00,Solar Panel,Solar Panel,mV,0.0
2025-04-16 18:00:00,U-sonic wind speed,U-sonic wind speed,m/s,10.1
2025-04-16 18:00:00,U-sonic wind dir,U-sonic wind dir,deg,98.0
2025-04-16 18:00:00,Wind gust,Wind gust,m/s,24.2
2025-04-16 18:00:00,Solar radiation,Solar radiation,W/m2,0.0
2025-04-16 18:00:00,Solar Panel,Solar Panel,mV,0.0
2025-04-16 18:00:00,Precipitation,Precipitation,mm,0.2
2025-04-16 18:00:00,Battery,Battery,mV,6397.0
2025-04-16 17:00:00,U-sonic wind dir,U-sonic wind dir,deg,156.0
2025-04-16 17:00:00,Solar radiation,Solar radiation,W/m2,83.0
2025-04-16 17:00:00,Solar Panel,Solar Panel,mV,3695.0
2025-04-16 17:00:00,Precipitation,Precipitation,mm,0.4
2025-04-16 17:00:00,Battery,Battery,mV,6411.0
2025-04-16 17:00:00,U-sonic wind speed,U-sonic wind speed,m/s,8.2
2025-04-16 17:00:00,Wind gust,Wind gust,m/s,25.5
2025-04-16 16:00:00,Solar radiation,Solar radiation,W/m2,51.0
2025-04-16 16:00:00,Battery,Battery,mV,6422.0
2025-04-16 16:00:00,U-sonic wind speed,U-sonic wind speed,m/s,14.1
2025-04-16 16:00:00,U-sonic wind dir,U-sonic wind dir,deg,58.0
2025-04-16 16:00:00,Wind gust,Wind gust,m/s,25.1
2025-04-16 16:00:00,Precipitation,Precipitation,mm,0.6
2025-04-16 16:00:00,Solar Panel,Solar Panel,mV,6667.0
2025-04-16 15:00:00,U-sonic wind speed,U-sonic wind speed,m/s,16.7
2025-04-16 15:00:00,U-sonic wind dir,U-sonic wind dir,deg,57.0
2025-04-16 15:00:00,Wind gust,Wind gust,m/s,25.8
2025-04-16 15:00:00,Solar radiation,Solar radiation,W/m2,38.0
2025-04-16 15:00:00,Solar Panel,Solar Panel,mV,6662.0
2025-04-16 15:00:00,Precipitation,Precipitation,mm,3.2
2025-04-16 15:00:00,Battery,Battery,mV,6431.0
2025-04-16 14:00:00,Wind gust,Wind gust,m/s,25.1
2025-04-16 14:00:00,U-sonic wind dir,U-sonic wind dir,deg,57.0
2025-04-16 14:00:00,U-sonic wind speed,U-sonic wind speed,m/s,17.7
2025-04-16 14:00:00,Battery,Battery,mV,6440.0
2025-04-16 14:00:00,Precipitation,Precipitation,mm,4.0
2025-04-16 14:00:00,Solar Panel,Solar Panel,mV,6667.0
2025-04-16 14:00:00,Solar radiation,Solar radiation,W/m2,52.0
2025-04-16 13:00:00,U-sonic wind dir,U-sonic wind dir,deg,50.0
2025-04-16 13:00:00,U-sonic wind speed,U-sonic wind speed,m/s,17.6
2025-04-16 13:00:00,Solar radiation,Solar radiation,W/m2,37.0
2025-04-16 13:00:00,Solar Panel,Solar Panel,mV,6135.0
2025-04-16 13:00:00,Precipitation,Precipitation,mm,4.6
2025-04-16 13:00:00,Battery,Battery,mV,6442.0
2025-04-16 13:00:00,Wind gust,Wind gust,m/s,27.0
2025-04-16 12:00:00,U-sonic wind speed,U-sonic wind speed,m/s,12.1
2025-04-16 12:00:00,Battery,Battery,mV,6440.0
2025-04-16 12:00:00,Precipitation,Precipitation,mm,3.8
2025-04-16 12:00:00,Solar Panel,Solar Panel,mV,4817.0
2025-04-16 12:00:00,Solar radiation,Solar radiation,W/m2,20.0
2025-04-16 12:00:00,U-sonic wind dir,U-sonic wind dir,deg,57.0
2025-04-16 12:00:00,Wind gust,Wind gust,m/s,30.6
2025-04-16 11:00:00,U-sonic wind dir,U-sonic wind dir,deg,66.0
2025-04-16 11:00:00,Battery,Battery,mV,6451.0
2025-04-16 11:00:00,Precipitation,Precipitation,mm,3.8
2025-04-16 11:00:00,Solar Panel,Solar Panel,mV,5909.0
2025-04-16 11:00:00,Solar radiation,Solar radiation,W/m2,58.0
2025-04-16 11:00:00,Wind gust,Wind gust,m/s,32.0
2025-04-16 11:00:00,U-sonic wind speed,U-sonic wind speed,m/s,20.2
2025-04-16 10:00:00,U-sonic wind dir,U-sonic wind dir,deg,125.0
2025-04-16 10:00:00,Precipitation,Precipitation,mm,1.2
2025-04-16 10:00:00,Battery,Battery,mV,6516.0
2025-04-16 10:00:00,Solar radiation,Solar radiation,W/m2,176.0
2025-04-16 10:00:00,Solar Panel,Solar Panel,mV,4989.0
2025-04-16 10:00:00,Wind gust,Wind gust,m/s,31.7
2025-04-16 10:00:00,U-sonic wind speed,U-sonic wind speed,m/s,21.0
2025-04-16 09:00:00,Solar Panel,Solar Panel,mV,6729.0
2025-04-16 09:00:00,Wind gust,Wind gust,m/s,26.7
2025-04-16 09:00:00,U-sonic wind dir,U-sonic wind dir,deg,84.0
2025-04-16 09:00:00,U-sonic wind speed,U-sonic wind speed,m/s,12.2
2025-04-16 09:00:00,Battery,Battery,mV,6465.0
2025-04-16 09:00:00,Precipitation,Precipitation,mm,2.4
2025-04-16 09:00:00,Solar radiation,Solar radiation,W/m2,31.0
2025-04-16 08:00:00,Wind gust,Wind gust,m/s,28.1
2025-04-16 08:00:00,Solar radiation,Solar radiation,W/m2,107.0
2025-04-16 08:00:00,Solar Panel,Solar Panel,mV,6767.0
2025-04-16 08:00:00,Precipitation,Precipitation,mm,0.0
2025-04-16 08:00:00,Battery,Battery,mV,6496.0
2025-04-16 08:00:00,U-sonic wind speed,U-sonic wind speed,m/s,11.4
2025-04-16 08:00:00,U-sonic wind dir,U-sonic wind dir,deg,4.0
2025-04-16 07:00:00,U-sonic wind speed,U-sonic wind speed,m/s,12.0
2025-04-16 07:00:00,Wind gust,Wind gust,m/s,28.7
2025-04-16 07:00:00,Solar radiation,Solar radiation,W/m2,247.0
2025-04-16 07:00:00,Solar Panel,Solar Panel,mV,6844.0
2025-04-16 07:00:00,Precipitation,Precipitation,mm,0.0
2025-04-16 07:00:00,Battery,Battery,mV,6582.0
2025-04-16 07:00:00,U-sonic wind dir,U-sonic wind dir,deg,19.0
2025-04-16 06:00:00,Solar Panel,Solar Panel,mV,6844.0
2025-04-16 06:00:00,Precipitation,Precipitation,mm,0.2
2025-04-16 06:00:00,Solar radiation,Solar radiation,W/m2,54.0
2025-04-16 06:00:00,Wind gust,Wind gust,m/s,33.7
2025-04-16 06:00:00,U-sonic wind speed,U-sonic wind speed,m/s,23.5
2025-04-16 06:00:00,Battery,Battery,mV,6539.0
2025-04-16 06:00:00,U-sonic wind dir,U-sonic wind dir,deg,289.0
2025-04-14 07:00:00,Solar Panel,Solar Panel,mV,6719.0
2025-04-14 07:00:00,Solar radiation,Solar radiation,W/m2,70.0
2025-04-14 07:00:00,Wind gust,Wind gust,m/s,27.6
2025-04-14 07:00:00,U-sonic wind dir,U-sonic wind dir,deg,333.0
2025-04-14 07:00:00,U-sonic wind speed,U-sonic wind speed,m/s,22.6
2025-04-14 07:00:00,Battery,Battery,mV,6448.0
2025-04-14 07:00:00,Precipitation,Precipitation,mm,0.0
2025-04-14 06:00:00,Solar Panel,Solar Panel,mV,6111.0
2025-04-14 06:00:00,Precipitation,Precipitation,mm,0.0
2025-04-14 06:00:00,Battery,Battery,mV,6405.0
2025-04-14 06:00:00,U-sonic wind speed,U-sonic wind speed,m/s,23.3
2025-04-14 06:00:00,U-sonic wind dir,U-sonic wind dir,deg,316.0
2025-04-14 06:00:00,Wind gust,Wind gust,m/s,28.5
2025-04-14 06:00:00,Solar radiation,Solar radiation,W/m2,11.0
2025-04-14 05:00:00,Wind gust,Wind gust,m/s,26.4
2025-04-14 05:00:00,U-sonic wind speed,U-sonic wind speed,m/s,20.9
2025-04-14 05:00:00,Battery,Battery,mV,6397.0
2025-04-14 05:00:00,Precipitation,Precipitation,mm,0.0
2025-04-14 05:00:00,Solar Panel,Solar Panel,mV,0.0
2025-04-14 05:00:00,Solar radiation,Solar radiation,W/m2,0.0
2025-04-14 05:00:00,U-sonic wind dir,U-sonic wind dir,deg,66.0
2025-04-14 04:00:00,Solar radiation,Solar radiation,W/m2,0.0
2025-04-14 04:00:00,Solar Panel,Solar Panel,mV,0.0
2025-04-14 04:00:00,Precipitation,Precipitation,mm,0.0
2025-04-14 04:00:00,Battery,Battery,mV,6402.0
2025-04-14 04:00:00,U-sonic wind speed,U-sonic wind speed,m/s,5.5
2025-04-14 04:00:00,U-sonic wind dir,U-sonic wind dir,deg,357.0
2025-04-14 04:00:00,Wind gust,Wind gust,m/s,24.7
2025-04-14 03:00:00,Solar radiation,Solar radiation,W/m2,0.0
2025-04-14 03:00:00,Precipitation,Precipitation,mm,0.0
2025-04-14 03:00:00,Battery,Battery,mV,6405.0
2025-04-14 03:00:00,U-sonic wind speed,U-sonic wind speed,m/s,0.4
2025-04-14 03:00:00,U-sonic wind dir,U-sonic wind dir,deg,116.0
2025-04-14 03:00:00,Wind gust,Wind gust,m/s,1.3
2025-04-14 03:00:00,Solar Panel,Solar Panel,mV,0.0
2025-04-14 02:00:00,Solar radiation,Solar radiation,W/m2,0.0
2025-04-14 02:00:00,Wind gust,Wind gust,m/s,1.2
2025-04-14 02:00:00,U-sonic wind dir,U-sonic wind dir,deg,113.0
2025-04-14 02:00:00,U-sonic wind speed,U-sonic wind speed,m/s,0.4
2025-04-14 02:00:00,Battery,Battery,mV,6414.0
2025-04-14 02:00:00,Precipitation,Precipitation,mm,0.0
2025-04-14 02:00:00,Solar Panel,Solar Panel,mV,0.0
2025-04-14 01:00:00,Solar radiation,Solar radiation,W/m2,0.0
2025-04-14 01:00:00,Wind gust,Wind gust,m/s,2.0
2025-04-14 01:00:00,U-sonic wind dir,U-sonic wind dir,deg,27.0
2025-04-14 01:00:00,U-sonic wind speed,U-sonic wind speed,m/s,0.8
2025-04-14 01:00:00,Battery,Battery,mV,6422.0
2025-04-14 01:00:00,Precipitation,Precipitation,mm,0.0
2025-04-14 01:00:00,Solar Panel,Solar Panel,mV,0.0
2025-04-14 00:00:00,U-sonic wind speed,U-sonic wind speed,m/s,1.4
2025-04-14 00:00:00,Wind gust,Wind gust,m/s,5.9
2025-04-14 00:00:00,U-sonic wind dir,U-sonic wind dir,deg,315.0
2025-04-14 00:00:00,Battery,Battery,mV,6425.0
2025-04-14 00:00:00,Precipitation,Precipitation,mm,0.0
2025-04-14 00:00:00,Solar radiation,Solar radiation,W/m2,0.0
2025-04-14 00:00:00,Solar Panel,Solar Panel,mV,0.0
2025-04-13 23:00:00,U-sonic wind speed,U-sonic wind speed,m/s,1.2
2025-04-13 23:00:00,U-sonic wind dir,U-sonic wind dir,deg,67.0
2025-04-13 23:00:00,Wind gust,Wind gust,m/s,3.2
2025-04-13 23:00:00,Solar radiation,Solar radiation,W/m2,0.0
2025-04-13 23:00:00,Solar Panel,Solar Panel,mV,0.0
2025-04-13 23:00:00,Precipitation,Precipitation,mm,0.0
2025-04-13 23:00:00,Battery,Battery,mV,6437.0
2025-04-13 22:00:00,U-sonic wind speed,U-sonic wind speed,m/s,2.0
2025-04-13 22:00:00,U-sonic wind dir,U-sonic wind dir,deg,75.0
2025-04-13 22:00:00,Wind gust,Wind gust,m/s,5.7
2025-04-13 22:00:00,Solar radiation,Solar radiation,W/m2,0.0
2025-04-13 22:00:00,Solar Panel,Solar Panel,mV,0.0
2025-04-13 22:00:00,Precipitation,Precipitation,mm,0.0
2025-04-13 22:00:00,Battery,Battery,mV,6454.0
2025-04-13 21:00:00,Battery,Battery,mV,6465.0
2025-04-13 21:00:00,U-sonic wind dir,U-sonic wind dir,deg,90.0
2025-04-13 21:00:00,Wind gust,Wind gust,m/s,3.6
2025-04-13 21:00:00,Solar radiation,Solar radiation,W/m2,0.0
2025-04-13 21:00:00,Solar Panel,Solar Panel,mV,0.0
2025-04-13 21:00:00,Precipitation,Precipitation,mm,0.0
2025-04-13 21:00:00,U-sonic wind speed,U-sonic wind speed,m/s,1.5
2025-04-13 20:00:00,Solar radiation,Solar radiation,W/m2,0.0
2025-04-13 20:00:00,Solar Panel,Solar Panel,mV,0.0
2025-04-13 20:00:00,Precipitation,Precipitation,mm,0.0
2025-04-13 20:00:00,Battery,Battery,mV,6479.0
2025-04-13 20:00:00,U-sonic wind speed,U-sonic wind speed,m/s,1.4
2025-04-13 20:00:00,U-sonic wind dir,U-sonic wind dir,deg,79.0
2025-04-13 20:00:00,Wind gust,Wind gust,m/s,3.0
2025-04-13 19:00:00,Solar radiation,Solar radiation,W/m2,0.0
2025-04-13 19:00:00,U-sonic wind dir,U-sonic wind dir,deg,104.0
2025-04-13 19:00:00,Wind gust,Wind gust,m/s,3.1
2025-04-13 19:00:00,U-sonic wind speed,U-sonic wind speed,m/s,1.2
2025-04-13 19:00:00,Battery,Battery,mV,6488.0
2025-04-13 19:00:00,Precipitation,Precipitation,mm,0.0
2025-04-13 19:00:00,Solar Panel,Solar Panel,mV,0.0
2025-04-13 18:00:00,Solar radiation,Solar radiation,W/m2,18.0
2025-04-13 18:00:00,Wind gust,Wind gust,m/s,1.5
2025-04-13 18:00:00,U-sonic wind dir,U-sonic wind dir,deg,92.0
2025-04-13 18:00:00,U-sonic wind speed,U-sonic wind speed,m/s,0.7
2025-04-13 18:00:00,Battery,Battery,mV,6502.0
2025-04-13 18:00:00,Precipitation,Precipitation,mm,0.0
2025-04-13 18:00:00,Solar Panel,Solar Panel,mV,0.0
2025-04-13 17:00:00,Precipitation,Precipitation,mm,0.0
2025-04-13 17:00:00,Wind gust,Wind gust,m/s,2.4
2025-04-13 17:00:00,U-sonic wind dir,U-sonic wind dir,deg,42.0
2025-04-13 17:00:00,U-sonic wind speed,U-sonic wind speed,m/s,0.7
2025-04-13 17:00:00,Battery,Battery,mV,6539.0
2025-04-13 17:00:00,Solar radiation,Solar radiation,W/m2,123.0
2025-04-13 17:00:00,Solar Panel,Solar Panel,mV,6729.0
2025-04-13 16:00:00,U-sonic wind dir,U-sonic wind dir,deg,359.0
2025-04-13 16:00:00,U-sonic wind speed,U-sonic wind speed,m/s,0.8
2025-04-13 16:00:00,Wind gust,Wind gust,m/s,2.3
2025-04-13 16:00:00,HC Relative humidity,HC Relative humidity,%,68.7
2025-04-13 16:00:00,Battery,Battery,mV,6568.0
2025-04-13 16:00:00,HC Air temperature,HC Air temperature,°C,27.19
2025-04-13 16:00:00,Precipitation,Precipitation,mm,0.0
2025-04-13 16:00:00,Solar Panel,Solar Panel,mV,6830.0
2025-04-13 16:00:00,Solar radiation,Solar radiation,W/m2,123.0
2025-04-13 16:00:00,DeltaT,DeltaT,°C,4.0
2025-04-13 16:00:00,VPD,VPD,mbar,11.2
2025-04-13 16:00:00,Dew Point,Dew Point,°C,20.9
2025-04-13 15:00:00,VPD,VPD,mbar,16.1
2025-04-13 15:00:00,Wind gust,Wind gust,m/s,2.1
2025-04-13 15:00:00,U-sonic wind dir,U-sonic wind dir,deg,55.0
2025-04-13 15:00:00,U-sonic wind speed,U-sonic wind speed,m/s,0.8
2025-04-13 15:00:00,DeltaT,DeltaT,°C,6.0
2025-04-13 15:00:00,Dew Point,Dew Point,°C,18.5
2025-04-13 15:00:00,HC Relative humidity,HC Relative humidity,%,56.95
2025-04-13 15:00:00,HC Air temperature,HC Air temperature,°C,27.84
2025-04-13 15:00:00,Battery,Battery,mV,6628.0
2025-04-13 15:00:00,Precipitation,Precipitation,mm,0.0
2025-04-13 15:00:00,Solar Panel,Solar Panel,mV,6897.0
2025-04-13 15:00:00,Solar radiation,Solar radiation,W/m2,272.0
2025-04-13 14:00:00,Wind gust,Wind gust,m/s,2.9
2025-04-13 14:00:00,U-sonic wind dir,U-sonic wind dir,deg,7.0
2025-04-13 14:00:00,U-sonic wind speed,U-sonic wind speed,m/s,1.3
2025-04-13 14:00:00,Solar radiation,Solar radiation,W/m2,424.0
2025-04-13 14:00:00,Solar Panel,Solar Panel,mV,6983.0
2025-04-13 14:00:00,Precipitation,Precipitation,mm,0.0
2025-04-13 14:00:00,Battery,Battery,mV,6690.0
2025-04-13 14:00:00,HC Air temperature,HC Air temperature,°C,27.59
2025-04-13 14:00:00,HC Relative humidity,HC Relative humidity,%,59.24
2025-04-13 14:00:00,Dew Point,Dew Point,°C,18.9
2025-04-13 14:00:00,VPD,VPD,mbar,15.0
2025-04-13 14:00:00,DeltaT,DeltaT,°C,6.0
2025-04-13 13:00:00,DeltaT,DeltaT,°C,5.0
2025-04-13 13:00:00,VPD,VPD,mbar,13.6
2025-04-13 13:00:00,Dew Point,Dew Point,°C,19.6
2025-04-13 13:00:00,HC Relative humidity,HC Relative humidity,%,62.69
2025-04-13 13:00:00,HC Air temperature,HC Air temperature,°C,27.45
2025-04-13 13:00:00,Battery,Battery,mV,6773.0
2025-04-13 13:00:00,Precipitation,Precipitation,mm,0.0
2025-04-13 13:00:00,Solar Panel,Solar Panel,mV,7093.0
2025-04-13 13:00:00,Solar radiation,Solar radiation,W/m2,673.0
2025-04-13 13:00:00,U-sonic wind speed,U-sonic wind speed,m/s,1.8
2025-04-13 13:00:00,U-sonic wind dir,U-sonic wind dir,deg,84.0
2025-04-13 13:00:00,Wind gust,Wind gust,m/s,3.7
2025-04-13 12:00:00,Solar Panel,Solar Panel,mV,6945.0
2025-04-13 12:00:00,Solar radiation,Solar radiation,W/m2,433.0
2025-04-13 12:00:00,Wind gust,Wind gust,m/s,3.7
2025-04-13 12:00:00,U-sonic wind dir,U-sonic wind dir,deg,90.0
2025-04-13 12:00:00,Battery,Battery,mV,6656.0
2025-04-13 12:00:00,Precipitation,Precipitation,mm,0.0
2025-04-13 12:00:00,U-sonic wind speed,U-sonic wind speed,m/s,2.0
2025-04-13 11:00:00,DeltaT,DeltaT,°C,2.0
2025-04-13 11:00:00,VPD,VPD,mbar,3.6
2025-04-13 11:00:00,Dew Point,Dew Point,°C,19.7
2025-04-13 11:00:00,HC Relative humidity,HC Relative humidity,%,86.35
2025-04-13 11:00:00,HC Air temperature,HC Air temperature,°C,22.12
2025-04-13 11:00:00,Battery,Battery,mV,6707.0
2025-04-13 11:00:00,U-sonic wind dir,U-sonic wind dir,deg,78.0
2025-04-13 11:00:00,Wind gust,Wind gust,m/s,3.4
2025-04-13 11:00:00,Solar Panel,Solar Panel,mV,7021.0
2025-04-13 11:00:00,Solar radiation,Solar radiation,W/m2,562.0
2025-04-13 11:00:00,U-sonic wind speed,U-sonic wind speed,m/s,1.5
2025-04-13 11:00:00,Precipitation,Precipitation,mm,0.0
2025-04-13 10:00:00,U-sonic wind dir,U-sonic wind dir,deg,118.0
2025-04-13 10:00:00,Wind gust,Wind gust,m/s,2.0
2025-04-13 10:00:00,U-sonic wind speed,U-sonic wind speed,m/s,0.7
2025-04-13 10:00:00,DeltaT,DeltaT,°C,2.0
2025-04-13 10:00:00,VPD,VPD,mbar,3.4
2025-04-13 10:00:00,Dew Point,Dew Point,°C,20.3
2025-04-13 10:00:00,HC Relative humidity,HC Relative humidity,%,87.36
2025-04-13 10:00:00,HC Air temperature,HC Air temperature,°C,22.55
2025-04-13 10:00:00,Battery,Battery,mV,6750.0
2025-04-13 10:00:00,Precipitation,Precipitation,mm,0.0
2025-04-13 10:00:00,Solar Panel,Solar Panel,mV,7069.0
2025-04-13 10:00:00,Solar radiation,Solar radiation,W/m2,614.0
2025-04-13 09:00:00,Wind gust,Wind gust,m/s,1.4
2025-04-13 09:00:00,Solar radiation,Solar radiation,W/m2,205.0
2025-04-13 09:00:00,Solar Panel,Solar Panel,mV,6806.0
2025-04-13 09:00:00,Precipitation,Precipitation,mm,0.0
2025-04-13 09:00:00,Battery,Battery,mV,6511.0
2025-04-13 09:00:00,U-sonic wind speed,U-sonic wind speed,m/s,0.5
2025-04-13 09:00:00,U-sonic wind dir,U-sonic wind dir,deg,145.0
2025-04-13 08:00:00,U-sonic wind dir,U-sonic wind dir,deg,31.0
2025-04-13 08:00:00,U-sonic wind speed,U-sonic wind speed,m/s,9.5
2025-04-13 08:00:00,Battery,Battery,mV,6477.0
2025-04-13 08:00:00,Precipitation,Precipitation,mm,0.0
2025-04-13 08:00:00,Solar Panel,Solar Panel,mV,6763.0
2025-04-13 08:00:00,Solar radiation,Solar radiation,W/m2,133.0
2025-04-13 08:00:00,Wind gust,Wind gust,m/s,19.8
2025-04-08 14:00:00,HC Relative humidity,HC Relative humidity,%,47.93
2025-04-08 14:00:00,Solar radiation,Solar radiation,W/m2,902.0
2025-04-08 14:00:00,Solar Panel,Solar Panel,mV,9658.0
2025-04-08 14:00:00,Precipitation,Precipitation,mm,0.0
2025-04-08 14:00:00,Battery,Battery,mV,6801.0
2025-04-08 14:00:00,U-sonic wind speed,U-sonic wind speed,m/s,1.8
2025-04-08 14:00:00,U-sonic wind dir,U-sonic wind dir,deg,261.0
2025-04-08 14:00:00,Wind gust,Wind gust,m/s,3.9
2025-04-08 14:00:00,HC Air temperature,HC Air temperature,°C,22.49
2025-04-08 14:00:00,Dew Point,Dew Point,°C,10.9
2025-04-08 14:00:00,VPD,VPD,mbar,14.1
2025-04-08 14:00:00,DeltaT,DeltaT,°C,7.0
2025-04-08 13:00:00,HC Relative humidity,HC Relative humidity,%,53.12
2025-04-08 13:00:00,Dew Point,Dew Point,°C,11.9
2025-04-08 13:00:00,VPD,VPD,mbar,12.4
2025-04-08 13:00:00,DeltaT,DeltaT,°C,6.0
2025-04-08 13:00:00,Solar radiation,Solar radiation,W/m2,901.0
2025-04-08 13:00:00,Solar Panel,Solar Panel,mV,9653.0
2025-04-08 13:00:00,Precipitation,Precipitation,mm,0.0
2025-04-08 13:00:00,Battery,Battery,mV,6804.0
2025-04-08 13:00:00,U-sonic wind speed,U-sonic wind speed,m/s,1.6
2025-04-08 13:00:00,U-sonic wind dir,U-sonic wind dir,deg,252.0
2025-04-08 13:00:00,Wind gust,Wind gust,m/s,3.5
2025-04-08 13:00:00,HC Air temperature,HC Air temperature,°C,21.98
2025-04-08 12:00:00,Dew Point,Dew Point,°C,13.1
2025-04-08 12:00:00,HC Relative humidity,HC Relative humidity,%,59.96
2025-04-08 12:00:00,VPD,VPD,mbar,10.1
2025-04-08 12:00:00,DeltaT,DeltaT,°C,5.0
2025-04-08 12:00:00,HC Air temperature,HC Air temperature,°C,21.29
2025-04-08 12:00:00,Wind gust,Wind gust,m/s,4.0
2025-04-08 12:00:00,U-sonic wind dir,U-sonic wind dir,deg,246.0
2025-04-08 12:00:00,U-sonic wind speed,U-sonic wind speed,m/s,1.8
2025-04-08 12:00:00,Battery,Battery,mV,6807.0
2025-04-08 12:00:00,Precipitation,Precipitation,mm,0.0
2025-04-08 12:00:00,Solar Panel,Solar Panel,mV,9658.0
2025-04-08 12:00:00,Solar radiation,Solar radiation,W/m2,956.0
2025-04-08 11:00:00,Battery,Battery,mV,6810.0
2025-04-08 11:00:00,Precipitation,Precipitation,mm,0.0
2025-04-08 11:00:00,DeltaT,DeltaT,°C,3.0
2025-04-08 11:00:00,Solar Panel,Solar Panel,mV,9878.0
2025-04-08 11:00:00,VPD,VPD,mbar,5.0
2025-04-08 11:00:00,Dew Point,Dew Point,°C,15.5
2025-04-08 11:00:00,HC Relative humidity,HC Relative humidity,%,77.95
2025-04-08 11:00:00,HC Air temperature,HC Air temperature,°C,19.5
2025-04-08 11:00:00,Wind gust,Wind gust,m/s,3.6
2025-04-08 11:00:00,U-sonic wind dir,U-sonic wind dir,deg,258.0
2025-04-08 11:00:00,U-sonic wind speed,U-sonic wind speed,m/s,1.6
2025-04-08 11:00:00,Solar radiation,Solar radiation,W/m2,852.0
2025-04-08 10:00:00,U-sonic wind speed,U-sonic wind speed,m/s,1.6
2025-04-08 10:00:00,Solar radiation,Solar radiation,W/m2,742.0
2025-04-08 10:00:00,Solar Panel,Solar Panel,mV,9581.0
2025-04-08 10:00:00,Precipitation,Precipitation,mm,0.0
2025-04-08 10:00:00,Battery,Battery,mV,6813.0
2025-04-08 10:00:00,U-sonic wind dir,U-sonic wind dir,deg,253.0
2025-04-08 10:00:00,Wind gust,Wind gust,m/s,3.6
2025-04-08 10:00:00,HC Air temperature,HC Air temperature,°C,17.57
2025-04-08 10:00:00,HC Relative humidity,HC Relative humidity,%,90.32
2025-04-08 10:00:00,Dew Point,Dew Point,°C,15.9
2025-04-08 10:00:00,VPD,VPD,mbar,1.9
2025-04-08 10:00:00,DeltaT,DeltaT,°C,1.0
2025-04-08 09:00:00,VPD,VPD,mbar,0.6
2025-04-08 09:00:00,DeltaT,DeltaT,°C,0.0
2025-04-08 09:00:00,Dew Point,Dew Point,°C,14.9
2025-04-08 09:00:00,HC Relative humidity,HC Relative humidity,%,96.71
2025-04-08 09:00:00,HC Air temperature,HC Air temperature,°C,15.48
2025-04-08 09:00:00,Wind gust,Wind gust,m/s,3.1
2025-04-08 09:00:00,U-sonic wind dir,U-sonic wind dir,deg,229.0
2025-04-08 09:00:00,U-sonic wind speed,U-sonic wind speed,m/s,1.5
2025-04-08 09:00:00,Battery,Battery,mV,6810.0
2025-04-08 09:00:00,Precipitation,Precipitation,mm,0.0
2025-04-08 09:00:00,Solar Panel,Solar Panel,mV,9605.0
2025-04-08 09:00:00,Solar radiation,Solar radiation,W/m2,656.0
2025-04-08 08:00:00,Wind gust,Wind gust,m/s,2.8
2025-04-08 08:00:00,DeltaT,DeltaT,°C,0.0
2025-04-08 08:00:00,VPD,VPD,mbar,0.0
2025-04-08 08:00:00,Dew Point,Dew Point,°C,12.3
2025-04-08 08:00:00,HC Relative humidity,HC Relative humidity,%,99.92
2025-04-08 08:00:00,HC Air temperature,HC Air temperature,°C,12.36
2025-04-08 08:00:00,U-sonic wind dir,U-sonic wind dir,deg,212.0
2025-04-08 08:00:00,U-sonic wind speed,U-sonic wind speed,m/s,0.9
2025-04-08 08:00:00,Battery,Battery,mV,6810.0
2025-04-08 08:00:00,Precipitation,Precipitation,mm,0.0
2025-04-08 08:00:00,Solar Panel,Solar Panel,mV,9552.0
2025-04-08 08:00:00,Solar radiation,Solar radiation,W/m2,361.0
2025-04-08 07:00:00,Battery,Battery,mV,6556.0
2025-04-08 07:00:00,Wind gust,Wind gust,m/s,0.6
2025-04-08 07:00:00,U-sonic wind dir,U-sonic wind dir,deg,142.0
2025-04-08 07:00:00,Precipitation,Precipitation,mm,0.0
2025-04-08 07:00:00,U-sonic wind speed,U-sonic wind speed,m/s,0.2
2025-04-08 07:00:00,Solar radiation,Solar radiation,W/m2,113.0
2025-04-08 07:00:00,Solar Panel,Solar Panel,mV,6858.0
2025-04-08 06:00:00,Solar Panel,Solar Panel,mV,6638.0
2025-04-08 06:00:00,Battery,Battery,mV,6422.0
2025-04-08 06:00:00,U-sonic wind speed,U-sonic wind speed,m/s,0.2
2025-04-08 06:00:00,U-sonic wind dir,U-sonic wind dir,deg,12.0
2025-04-08 06:00:00,Wind gust,Wind gust,m/s,0.6
2025-04-08 06:00:00,Solar radiation,Solar radiation,W/m2,18.0
2025-04-08 06:00:00,Precipitation,Precipitation,mm,0.0
2025-04-08 05:00:00,Precipitation,Precipitation,mm,0.0
2025-04-08 05:00:00,Battery,Battery,mV,6408.0
2025-04-08 05:00:00,U-sonic wind speed,U-sonic wind speed,m/s,0.2
2025-04-08 05:00:00,U-sonic wind dir,U-sonic wind dir,deg,273.0
2025-04-08 05:00:00,Wind gust,Wind gust,m/s,0.6
2025-04-08 05:00:00,Solar radiation,Solar radiation,W/m2,0.0
2025-04-08 05:00:00,Solar Panel,Solar Panel,mV,0.0
2025-04-08 04:00:00,U-sonic wind dir,U-sonic wind dir,deg,272.0
2025-04-08 04:00:00,Wind gust,Wind gust,m/s,0.8
2025-04-08 04:00:00,U-sonic wind speed,U-sonic wind speed,m/s,0.3
2025-04-08 04:00:00,Battery,Battery,mV,6411.0
2025-04-08 04:00:00,Precipitation,Precipitation,mm,0.0
2025-04-08 04:00:00,Solar Panel,Solar Panel,mV,0.0
2025-04-08 04:00:00,Solar radiation,Solar radiation,W/m2,0.0
2025-04-08 03:00:00,Precipitation,Precipitation,mm,0.0
2025-04-08 03:00:00,Battery,Battery,mV,6411.0
2025-04-08 03:00:00,U-sonic wind speed,U-sonic wind speed,m/s,0.2
2025-04-08 03:00:00,U-sonic wind dir,U-sonic wind dir,deg,266.0
2025-04-08 03:00:00,Solar Panel,Solar Panel,mV,0.0
2025-04-08 03:00:00,Solar radiation,Solar radiation,W/m2,0.0
2025-04-08 03:00:00,Wind gust,Wind gust,m/s,0.7
2025-04-08 02:00:00,Wind gust,Wind gust,m/s,0.6
2025-04-08 02:00:00,U-sonic wind speed,U-sonic wind speed,m/s,0.2
2025-04-08 02:00:00,Battery,Battery,mV,6422.0
2025-04-08 02:00:00,Precipitation,Precipitation,mm,0.0
2025-04-08 02:00:00,Solar Panel,Solar Panel,mV,0.0
2025-04-08 02:00:00,Solar radiation,Solar radiation,W/m2,0.0
2025-04-08 02:00:00,U-sonic wind dir,U-sonic wind dir,deg,8.0
2025-04-08 01:00:00,Wind gust,Wind gust,m/s,0.7
2025-04-08 01:00:00,U-sonic wind speed,U-sonic wind speed,m/s,0.2
2025-04-08 01:00:00,Battery,Battery,mV,6434.0
2025-04-08 01:00:00,Precipitation,Precipitation,mm,0.0
2025-04-08 01:00:00,Solar Panel,Solar Panel,mV,0.0
2025-04-08 01:00:00,Solar radiation,Solar radiation,W/m2,0.0
2025-04-08 01:00:00,U-sonic wind dir,U-sonic wind dir,deg,327.0
2025-04-08 00:00:00,Wind gust,Wind gust,m/s,0.6
2025-04-08 00:00:00,U-sonic wind dir,U-sonic wind dir,deg,319.0
2025-04-08 00:00:00,Solar radiation,Solar radiation,W/m2,0.0
2025-04-08 00:00:00,Solar Panel,Solar Panel,mV,0.0
2025-04-08 00:00:00,Precipitation,Precipitation,mm,0.0
2025-04-08 00:00:00,Battery,Battery,mV,6442.0
2025-04-08 00:00:00,U-sonic wind speed,U-sonic wind speed,m/s,0.2
2025-04-07 23:00:00,Wind gust,Wind gust,m/s,0.9
2025-04-07 23:00:00,U-sonic wind dir,U-sonic wind dir,deg,220.0
2025-04-07 23:00:00,U-sonic wind speed,U-sonic wind speed,m/s,0.4
2025-04-07 23:00:00,Battery,Battery,mV,6468.0
2025-04-07 23:00:00,Precipitation,Precipitation,mm,0.0
2025-04-07 23:00:00,Solar Panel,Solar Panel,mV,0.0
2025-04-07 23:00:00,Solar radiation,Solar radiation,W/m2,0.0
2025-04-07 22:00:00,Solar radiation,Solar radiation,W/m2,0.0
2025-04-07 22:00:00,Solar Panel,Solar Panel,mV,0.0
2025-04-07 22:00:00,Precipitation,Precipitation,mm,0.0
2025-04-07 22:00:00,Battery,Battery,mV,6474.0
2025-04-07 22:00:00,Wind gust,Wind gust,m/s,0.6
2025-04-07 22:00:00,U-sonic wind dir,U-sonic wind dir,deg,308.0
2025-04-07 22:00:00,U-sonic wind speed,U-sonic wind speed,m/s,0.3
2025-04-07 21:00:00,Precipitation,Precipitation,mm,0.0
2025-04-07 21:00:00,Solar radiation,Solar radiation,W/m2,0.0
2025-04-07 21:00:00,Wind gust,Wind gust,m/s,0.9
2025-04-07 21:00:00,U-sonic wind dir,U-sonic wind dir,deg,225.0
2025-04-07 21:00:00,Battery,Battery,mV,6477.0
2025-04-07 21:00:00,Solar Panel,Solar Panel,mV,0.0
2025-04-07 21:00:00,U-sonic wind speed,U-sonic wind speed,m/s,0.3
2025-04-07 20:00:00,Precipitation,Precipitation,mm,0.0
2025-04-07 20:00:00,Solar radiation,Solar radiation,W/m2,0.0
2025-04-07 20:00:00,Solar Panel,Solar Panel,mV,0.0
2025-04-07 20:00:00,Wind gust,Wind gust,m/s,1.4
2025-04-07 20:00:00,Battery,Battery,mV,6488.0
2025-04-07 20:00:00,U-sonic wind speed,U-sonic wind speed,m/s,0.4
2025-04-07 20:00:00,U-sonic wind dir,U-sonic wind dir,deg,228.0
2025-04-07 19:00:00,Solar radiation,Solar radiation,W/m2,0.0
2025-04-07 19:00:00,Solar Panel,Solar Panel,mV,0.0
2025-04-07 19:00:00,Wind gust,Wind gust,m/s,2.1
2025-04-07 19:00:00,U-sonic wind dir,U-sonic wind dir,deg,22.0
2025-04-07 19:00:00,U-sonic wind speed,U-sonic wind speed,m/s,0.7
2025-04-07 19:00:00,Battery,Battery,mV,6494.0
2025-04-07 19:00:00,Precipitation,Precipitation,mm,0.0
2025-04-07 18:00:00,Solar radiation,Solar radiation,W/m2,20.0
2025-04-07 18:00:00,Solar Panel,Solar Panel,mV,0.0
2025-04-07 18:00:00,U-sonic wind speed,U-sonic wind speed,m/s,5.1
2025-04-07 18:00:00,Battery,Battery,mV,6505.0
2025-04-07 18:00:00,Precipitation,Precipitation,mm,0.0
2025-04-07 18:00:00,U-sonic wind dir,U-sonic wind dir,deg,349.0
2025-04-07 18:00:00,Wind gust,Wind gust,m/s,22.0
2025-04-07 17:00:00,Battery,Battery,mV,6534.0
2025-04-07 17:00:00,U-sonic wind speed,U-sonic wind speed,m/s,1.0
2025-04-07 17:00:00,U-sonic wind dir,U-sonic wind dir,deg,318.0
2025-04-07 17:00:00,Wind gust,Wind gust,m/s,1.9
2025-04-07 17:00:00,Solar radiation,Solar radiation,W/m2,140.0
2025-04-07 17:00:00,Solar Panel,Solar Panel,mV,6743.0
2025-04-07 17:00:00,Precipitation,Precipitation,mm,0.0
2025-04-07 16:00:00,Precipitation,Precipitation,mm,0.0
2025-04-07 16:00:00,Battery,Battery,mV,6556.0
2025-04-07 16:00:00,U-sonic wind speed,U-sonic wind speed,m/s,1.7
2025-04-07 16:00:00,U-sonic wind dir,U-sonic wind dir,deg,257.0
2025-04-07 16:00:00,Wind gust,Wind gust,m/s,15.4
2025-04-07 16:00:00,Solar radiation,Solar radiation,W/m2,108.0
2025-04-07 16:00:00,Solar Panel,Solar Panel,mV,6825.0
2025-04-07 15:00:00,Precipitation,Precipitation,mm,0.0
2025-04-07 15:00:00,Solar Panel,Solar Panel,mV,6796.0
2025-04-07 15:00:00,Solar radiation,Solar radiation,W/m2,88.0
2025-04-07 15:00:00,Battery,Battery,mV,6553.0
2025-04-07 15:00:00,U-sonic wind speed,U-sonic wind speed,m/s,6.3
2025-04-07 15:00:00,U-sonic wind dir,U-sonic wind dir,deg,43.0
2025-04-07 15:00:00,Wind gust,Wind gust,m/s,15.7
2025-04-05 16:00:00,U-sonic wind dir,U-sonic wind dir,deg,8.0
2025-04-05 16:00:00,Wind gust,Wind gust,m/s,17.7
2025-04-05 16:00:00,U-sonic wind speed,U-sonic wind speed,m/s,4.7
2025-04-05 16:00:00,Battery,Battery,mV,6599.0
2025-04-05 16:00:00,Precipitation,Precipitation,mm,0.0
2025-04-05 16:00:00,Solar Panel,Solar Panel,mV,6868.0
2025-04-05 16:00:00,Solar radiation,Solar radiation,W/m2,270.0
2025-04-05 15:00:00,Precipitation,Precipitation,mm,0.0
2025-04-05 15:00:00,Battery,Battery,mV,6684.0
2025-04-05 15:00:00,Wind gust,Wind gust,m/s,5.1
2025-04-05 15:00:00,U-sonic wind dir,U-sonic wind dir,deg,348.0
2025-04-05 15:00:00,Solar Panel,Solar Panel,mV,6949.0
2025-04-05 15:00:00,U-sonic wind speed,U-sonic wind speed,m/s,2.1
2025-04-05 15:00:00,Solar radiation,Solar radiation,W/m2,433.0
2025-04-05 14:00:00,Battery,Battery,mV,6796.0
2025-04-05 14:00:00,Precipitation,Precipitation,mm,0.0
2025-04-05 14:00:00,Solar Panel,Solar Panel,mV,8929.0
2025-04-05 14:00:00,U-sonic wind speed,U-sonic wind speed,m/s,1.6
2025-04-05 14:00:00,U-sonic wind dir,U-sonic wind dir,deg,6.0
2025-04-05 14:00:00,Wind gust,Wind gust,m/s,5.0
2025-04-05 14:00:00,Solar radiation,Solar radiation,W/m2,667.0
2025-04-05 13:00:00,Solar Panel,Solar Panel,mV,9873.0
2025-04-05 13:00:00,HC Air temperature,HC Air temperature,°C,23.44
2025-04-05 13:00:00,Wind gust,Wind gust,m/s,4.8
2025-04-05 13:00:00,U-sonic wind dir,U-sonic wind dir,deg,336.0
2025-04-05 13:00:00,U-sonic wind speed,U-sonic wind speed,m/s,1.7
2025-04-05 13:00:00,HC Relative humidity,HC Relative humidity,%,52.24
2025-04-05 13:00:00,Dew Point,Dew Point,°C,13.0
2025-04-05 13:00:00,VPD,VPD,mbar,13.7
2025-04-05 13:00:00,DeltaT,DeltaT,°C,6.0
2025-04-05 13:00:00,Battery,Battery,mV,6810.0
2025-04-05 13:00:00,Precipitation,Precipitation,mm,0.0
2025-04-05 13:00:00,Solar radiation,Solar radiation,W/m2,865.0
2025-04-05 12:00:00,DeltaT,DeltaT,°C,6.0
2025-04-05 12:00:00,HC Air temperature,HC Air temperature,°C,23.48
2025-04-05 12:00:00,Solar radiation,Solar radiation,W/m2,898.0
2025-04-05 12:00:00,HC Relative humidity,HC Relative humidity,%,54.56
2025-04-05 12:00:00,Dew Point,Dew Point,°C,13.7
2025-04-05 12:00:00,VPD,VPD,mbar,13.1
2025-04-05 12:00:00,Solar Panel,Solar Panel,mV,9888.0
2025-04-05 12:00:00,Precipitation,Precipitation,mm,0.0
2025-04-05 12:00:00,Battery,Battery,mV,6810.0
2025-04-05 12:00:00,U-sonic wind speed,U-sonic wind speed,m/s,1.6
2025-04-05 12:00:00,U-sonic wind dir,U-sonic wind dir,deg,336.0
2025-04-05 12:00:00,Wind gust,Wind gust,m/s,4.6
2025-04-05 11:00:00,Solar radiation,Solar radiation,W/m2,789.0
2025-04-05 11:00:00,Solar Panel,Solar Panel,mV,9389.0
2025-04-05 11:00:00,Precipitation,Precipitation,mm,0.0
2025-04-05 11:00:00,Battery,Battery,mV,6796.0
2025-04-05 11:00:00,U-sonic wind speed,U-sonic wind speed,m/s,1.4
2025-04-05 11:00:00,U-sonic wind dir,U-sonic wind dir,deg,298.0
2025-04-05 11:00:00,Wind gust,Wind gust,m/s,4.3
2025-04-05 11:00:00,HC Air temperature,HC Air temperature,°C,23.06
2025-04-05 11:00:00,HC Relative humidity,HC Relative humidity,%,52.74
2025-04-05 11:00:00,Dew Point,Dew Point,°C,12.8
2025-04-05 11:00:00,VPD,VPD,mbar,13.3
2025-04-05 11:00:00,DeltaT,DeltaT,°C,6.0
2025-04-05 10:00:00,Wind gust,Wind gust,m/s,17.3
2025-04-05 10:00:00,HC Relative humidity,HC Relative humidity,%,56.37
2025-04-05 10:00:00,Dew Point,Dew Point,°C,13.3
2025-04-05 10:00:00,VPD,VPD,mbar,11.8
2025-04-05 10:00:00,DeltaT,DeltaT,°C,6.0
2025-04-05 10:00:00,U-sonic wind speed,U-sonic wind speed,m/s,1.5
2025-04-05 10:00:00,Battery,Battery,mV,6810.0
2025-04-05 10:00:00,Precipitation,Precipitation,mm,0.0
2025-04-05 10:00:00,Solar Panel,Solar Panel,mV,9744.0
2025-04-05 10:00:00,Solar radiation,Solar radiation,W/m2,728.0
2025-04-05 10:00:00,HC Air temperature,HC Air temperature,°C,22.44
2025-04-05 10:00:00,U-sonic wind dir,U-sonic wind dir,deg,276.0
2025-04-05 09:00:00,Solar radiation,Solar radiation,W/m2,525.0
2025-04-05 09:00:00,Battery,Battery,mV,6807.0
2025-04-05 09:00:00,Precipitation,Precipitation,mm,0.0
2025-04-05 09:00:00,Wind gust,Wind gust,m/s,10.0
2025-04-05 09:00:00,U-sonic wind dir,U-sonic wind dir,deg,265.0
2025-04-05 09:00:00,U-sonic wind speed,U-sonic wind speed,m/s,0.8
2025-04-05 09:00:00,Solar Panel,Solar Panel,mV,9638.0
2025-04-05 08:00:00,Solar Panel,Solar Panel,mV,9322.0
2025-04-05 08:00:00,Wind gust,Wind gust,m/s,14.8
2025-04-05 08:00:00,U-sonic wind dir,U-sonic wind dir,deg,17.0
2025-04-05 08:00:00,U-sonic wind speed,U-sonic wind speed,m/s,1.7
2025-04-05 08:00:00,Battery,Battery,mV,6804.0
2025-04-05 08:00:00,Precipitation,Precipitation,mm,0.0
2025-04-05 08:00:00,Solar radiation,Solar radiation,W/m2,436.0
2025-04-05 07:00:00,U-sonic wind speed,U-sonic wind speed,m/s,0.6
2025-04-05 07:00:00,Precipitation,Precipitation,mm,0.0
2025-04-05 07:00:00,Solar Panel,Solar Panel,mV,7055.0
2025-04-05 07:00:00,Solar radiation,Solar radiation,W/m2,186.0
2025-04-05 07:00:00,Wind gust,Wind gust,m/s,1.6
2025-04-05 07:00:00,U-sonic wind dir,U-sonic wind dir,deg,51.0
2025-04-05 07:00:00,Battery,Battery,mV,6736.0
2025-04-05 06:00:00,U-sonic wind speed,U-sonic wind speed,m/s,0.6
2025-04-05 06:00:00,Solar radiation,Solar radiation,W/m2,31.0
2025-04-05 06:00:00,Solar Panel,Solar Panel,mV,6710.0
2025-04-05 06:00:00,Precipitation,Precipitation,mm,0.0
2025-04-05 06:00:00,Wind gust,Wind gust,m/s,1.6
2025-04-05 06:00:00,U-sonic wind dir,U-sonic wind dir,deg,46.0
2025-04-05 06:00:00,Battery,Battery,mV,6448.0
2025-04-05 05:00:00,U-sonic wind speed,U-sonic wind speed,m/s,0.2
2025-04-05 05:00:00,Wind gust,Wind gust,m/s,1.0
2025-04-05 05:00:00,U-sonic wind dir,U-sonic wind dir,deg,327.0
2025-04-05 05:00:00,Battery,Battery,mV,6422.0
2025-04-05 05:00:00,Precipitation,Precipitation,mm,0.0
2025-04-05 05:00:00,Solar Panel,Solar Panel,mV,0.0
2025-04-05 05:00:00,Solar radiation,Solar radiation,W/m2,0.0
2025-04-05 04:00:00,U-sonic wind dir,U-sonic wind dir,deg,325.0
2025-04-05 04:00:00,U-sonic wind speed,U-sonic wind speed,m/s,0.2
2025-04-05 04:00:00,Battery,Battery,mV,6431.0
2025-04-05 04:00:00,Precipitation,Precipitation,mm,0.0
2025-04-05 04:00:00,Solar Panel,Solar Panel,mV,0.0
2025-04-05 04:00:00,Solar radiation,Solar radiation,W/m2,0.0
2025-04-05 04:00:00,Wind gust,Wind gust,m/s,0.7
2025-04-05 03:00:00,Wind gust,Wind gust,m/s,0.8
2025-04-05 03:00:00,Solar radiation,Solar radiation,W/m2,0.0
2025-04-05 03:00:00,Solar Panel,Solar Panel,mV,0.0
2025-04-05 03:00:00,Precipitation,Precipitation,mm,0.0
2025-04-05 03:00:00,Battery,Battery,mV,6437.0
2025-04-05 03:00:00,U-sonic wind speed,U-sonic wind speed,m/s,0.2
2025-04-05 03:00:00,U-sonic wind dir,U-sonic wind dir,deg,113.0
2025-04-05 02:00:00,Precipitation,Precipitation,mm,0.0
2025-04-05 02:00:00,Wind gust,Wind gust,m/s,0.8
2025-04-05 02:00:00,U-sonic wind dir,U-sonic wind dir,deg,58.0
2025-04-05 02:00:00,U-sonic wind speed,U-sonic wind speed,m/s,0.2
2025-04-05 02:00:00,Battery,Battery,mV,6442.0
2025-04-05 02:00:00,Solar Panel,Solar Panel,mV,0.0
2025-04-05 02:00:00,Solar radiation,Solar radiation,W/m2,0.0
2025-04-05 01:00:00,U-sonic wind dir,U-sonic wind dir,deg,327.0
2025-04-05 01:00:00,U-sonic wind speed,U-sonic wind speed,m/s,4.3
2025-04-05 01:00:00,Battery,Battery,mV,6451.0
2025-04-05 01:00:00,Precipitation,Precipitation,mm,0.0
2025-04-05 01:00:00,Solar Panel,Solar Panel,mV,0.0
2025-04-05 01:00:00,Solar radiation,Solar radiation,W/m2,0.0
2025-04-05 01:00:00,Wind gust,Wind gust,m/s,23.8
2025-04-05 00:00:00,Wind gust,Wind gust,m/s,0.4
2025-04-05 00:00:00,U-sonic wind speed,U-sonic wind speed,m/s,0.2
2025-04-05 00:00:00,Battery,Battery,mV,6459.0
2025-04-05 00:00:00,Precipitation,Precipitation,mm,0.0
2025-04-05 00:00:00,Solar Panel,Solar Panel,mV,0.0
2025-04-05 00:00:00,Solar radiation,Solar radiation,W/m2,0.0
2025-04-05 00:00:00,U-sonic wind dir,U-sonic wind dir,deg,298.0
2025-04-04 23:00:00,Wind gust,Wind gust,m/s,25.0
2025-04-04 23:00:00,Battery,Battery,mV,6471.0
2025-04-04 23:00:00,Solar radiation,Solar radiation,W/m2,0.0
2025-04-04 23:00:00,Solar Panel,Solar Panel,mV,0.0
2025-04-04 23:00:00,Precipitation,Precipitation,mm,0.0
2025-04-04 23:00:00,U-sonic wind speed,U-sonic wind speed,m/s,4.4
2025-04-04 23:00:00,U-sonic wind dir,U-sonic wind dir,deg,298.0
2025-04-04 22:00:00,Solar radiation,Solar radiation,W/m2,0.0
2025-04-04 22:00:00,Precipitation,Precipitation,mm,0.0
2025-04-04 22:00:00,Battery,Battery,mV,6479.0
2025-04-04 22:00:00,U-sonic wind speed,U-sonic wind speed,m/s,15.1
2025-04-04 22:00:00,Wind gust,Wind gust,m/s,31.1
2025-04-04 22:00:00,U-sonic wind dir,U-sonic wind dir,deg,5.0
2025-04-04 22:00:00,Solar Panel,Solar Panel,mV,0.0
2025-04-04 21:00:00,U-sonic wind speed,U-sonic wind speed,m/s,14.4
2025-04-04 21:00:00,Battery,Battery,mV,6488.0
2025-04-04 21:00:00,Precipitation,Precipitation,mm,0.0
2025-04-04 21:00:00,Solar Panel,Solar Panel,mV,0.0
2025-04-04 21:00:00,Solar radiation,Solar radiation,W/m2,0.0
2025-04-04 21:00:00,Wind gust,Wind gust,m/s,31.8
2025-04-04 21:00:00,U-sonic wind dir,U-sonic wind dir,deg,62.0
2025-04-04 20:00:00,Solar radiation,Solar radiation,W/m2,0.0
2025-04-04 20:00:00,Wind gust,Wind gust,m/s,27.7
2025-04-04 20:00:00,U-sonic wind dir,U-sonic wind dir,deg,48.0
2025-04-04 20:00:00,U-sonic wind speed,U-sonic wind speed,m/s,13.5
2025-04-04 20:00:00,Battery,Battery,mV,6488.0
2025-04-04 20:00:00,Precipitation,Precipitation,mm,0.0
2025-04-04 20:00:00,Solar Panel,Solar Panel,mV,0.0
2025-04-04 19:00:00,Solar Panel,Solar Panel,mV,0.0
2025-04-04 19:00:00,Wind gust,Wind gust,m/s,9.5
2025-04-04 19:00:00,U-sonic wind dir,U-sonic wind dir,deg,358.0
2025-04-04 19:00:00,U-sonic wind speed,U-sonic wind speed,m/s,1.3
2025-04-04 19:00:00,Battery,Battery,mV,6505.0
2025-04-04 19:00:00,Precipitation,Precipitation,mm,0.0
2025-04-04 19:00:00,Solar radiation,Solar radiation,W/m2,0.0
2025-04-04 18:00:00,Solar Panel,Solar Panel,mV,0.0
2025-04-04 18:00:00,Wind gust,Wind gust,m/s,3.0
2025-04-04 18:00:00,U-sonic wind dir,U-sonic wind dir,deg,26.0
2025-04-04 18:00:00,U-sonic wind speed,U-sonic wind speed,m/s,1.1
2025-04-04 18:00:00,Battery,Battery,mV,6511.0
2025-04-04 18:00:00,Precipitation,Precipitation,mm,0.0
2025-04-04 18:00:00,Solar radiation,Solar radiation,W/m2,26.0
2025-04-04 17:00:00,Wind gust,Wind gust,m/s,2.1
2025-04-04 17:00:00,DeltaT,DeltaT,°C,7.0
2025-04-04 17:00:00,VPD,VPD,mbar,14.9
2025-04-04 17:00:00,Dew Point,Dew Point,°C,13.2
2025-04-04 17:00:00,HC Relative humidity,HC Relative humidity,%,50.62
2025-04-04 17:00:00,HC Air temperature,HC Air temperature,°C,24.15
2025-04-04 17:00:00,U-sonic wind dir,U-sonic wind dir,deg,333.0
2025-04-04 17:00:00,U-sonic wind speed,U-sonic wind speed,m/s,0.6
2025-04-04 17:00:00,Battery,Battery,mV,6553.0
2025-04-04 17:00:00,Precipitation,Precipitation,mm,0.0
2025-04-04 17:00:00,Solar Panel,Solar Panel,mV,6777.0
2025-04-04 17:00:00,Solar radiation,Solar radiation,W/m2,129.0
2025-04-02 20:00:00,Solar radiation,Solar radiation,W/m2,0.0
2025-04-02 20:00:00,U-sonic wind dir,U-sonic wind dir,deg,37.0
2025-04-02 20:00:00,U-sonic wind speed,U-sonic wind speed,m/s,1.3
2025-04-02 20:00:00,Battery,Battery,mV,6505.0
2025-04-02 20:00:00,Precipitation,Precipitation,mm,0.0
2025-04-02 20:00:00,Solar Panel,Solar Panel,mV,0.0
2025-04-02 20:00:00,Wind gust,Wind gust,m/s,2.9
2025-04-02 19:00:00,Battery,Battery,mV,6505.0
2025-04-02 19:00:00,Solar Panel,Solar Panel,mV,0.0
2025-04-02 19:00:00,Precipitation,Precipitation,mm,0.0
2025-04-02 19:00:00,Solar radiation,Solar radiation,W/m2,0.0
2025-04-02 19:00:00,U-sonic wind speed,U-sonic wind speed,m/s,1.6
2025-04-02 19:00:00,U-sonic wind dir,U-sonic wind dir,deg,40.0
2025-04-02 19:00:00,Wind gust,Wind gust,m/s,4.1
2025-04-02 18:00:00,Solar radiation,Solar radiation,W/m2,4.0
2025-04-02 18:00:00,Solar Panel,Solar Panel,mV,0.0
2025-04-02 18:00:00,Precipitation,Precipitation,mm,0.0
2025-04-02 18:00:00,Battery,Battery,mV,6519.0
2025-04-02 18:00:00,U-sonic wind speed,U-sonic wind speed,m/s,1.0
2025-04-02 18:00:00,U-sonic wind dir,U-sonic wind dir,deg,65.0
2025-04-02 18:00:00,Wind gust,Wind gust,m/s,2.7
2025-04-02 17:00:00,U-sonic wind dir,U-sonic wind dir,deg,62.0
2025-04-02 17:00:00,Battery,Battery,mV,6565.0
2025-04-02 17:00:00,Precipitation,Precipitation,mm,0.0
2025-04-02 17:00:00,Solar Panel,Solar Panel,mV,5377.0
2025-04-02 17:00:00,Solar radiation,Solar radiation,W/m2,172.0
2025-04-02 17:00:00,U-sonic wind speed,U-sonic wind speed,m/s,1.6
2025-04-02 17:00:00,Wind gust,Wind gust,m/s,3.9
2025-04-02 16:00:00,Solar Panel,Solar Panel,mV,7007.0
2025-04-02 16:00:00,Precipitation,Precipitation,mm,0.0
2025-04-02 16:00:00,Wind gust,Wind gust,m/s,4.0
2025-04-02 16:00:00,HC Relative humidity,HC Relative humidity,%,49.32
2025-04-02 16:00:00,Dew Point,Dew Point,°C,10.2
2025-04-02 16:00:00,VPD,VPD,mbar,12.8
2025-04-02 16:00:00,Battery,Battery,mV,6722.0
2025-04-02 16:00:00,HC Air temperature,HC Air temperature,°C,21.35
2025-04-02 16:00:00,DeltaT,DeltaT,°C,6.0
2025-04-02 16:00:00,U-sonic wind speed,U-sonic wind speed,m/s,1.9
2025-04-02 16:00:00,U-sonic wind dir,U-sonic wind dir,deg,83.0
2025-04-02 16:00:00,Solar radiation,Solar radiation,W/m2,402.0
2025-04-02 15:00:00,VPD,VPD,mbar,12.1
2025-04-02 15:00:00,Dew Point,Dew Point,°C,10.8
2025-04-02 15:00:00,HC Relative humidity,HC Relative humidity,%,51.7
2025-04-02 15:00:00,HC Air temperature,HC Air temperature,°C,21.16
2025-04-02 15:00:00,Battery,Battery,mV,6801.0
2025-04-02 15:00:00,Precipitation,Precipitation,mm,0.0
2025-04-02 15:00:00,Solar radiation,Solar radiation,W/m2,564.0
2025-04-02 15:00:00,Solar Panel,Solar Panel,mV,9092.0
2025-04-02 15:00:00,Wind gust,Wind gust,m/s,4.3
2025-04-02 15:00:00,U-sonic wind dir,U-sonic wind dir,deg,61.0
2025-04-02 15:00:00,U-sonic wind speed,U-sonic wind speed,m/s,1.7
2025-04-02 15:00:00,DeltaT,DeltaT,°C,6.0
2025-04-02 14:00:00,HC Relative humidity,HC Relative humidity,%,51.79
2025-04-02 14:00:00,HC Air temperature,HC Air temperature,°C,20.47
2025-04-02 14:00:00,Precipitation,Precipitation,mm,0.0
2025-04-02 14:00:00,DeltaT,DeltaT,°C,6.0
2025-04-02 14:00:00,VPD,VPD,mbar,11.6
2025-04-02 14:00:00,Dew Point,Dew Point,°C,10.1
2025-04-02 14:00:00,Solar Panel,Solar Panel,mV,9710.0
2025-04-02 14:00:00,U-sonic wind speed,U-sonic wind speed,m/s,1.6
2025-04-02 14:00:00,Solar radiation,Solar radiation,W/m2,654.0
2025-04-02 14:00:00,Battery,Battery,mV,6807.0
2025-04-02 14:00:00,U-sonic wind dir,U-sonic wind dir,deg,53.0
2025-04-02 14:00:00,Wind gust,Wind gust,m/s,4.1
2025-04-02 13:00:00,Solar Panel,Solar Panel,mV,9806.0
2025-04-02 13:00:00,VPD,VPD,mbar,10.5
2025-04-02 13:00:00,DeltaT,DeltaT,°C,5.0
2025-04-02 13:00:00,U-sonic wind speed,U-sonic wind speed,m/s,1.7
2025-04-02 13:00:00,U-sonic wind dir,U-sonic wind dir,deg,81.0
2025-04-02 13:00:00,Wind gust,Wind gust,m/s,3.6
2025-04-02 13:00:00,Solar radiation,Solar radiation,W/m2,740.0
2025-04-02 13:00:00,Precipitation,Precipitation,mm,0.0
2025-04-02 13:00:00,Battery,Battery,mV,6804.0
2025-04-02 13:00:00,HC Air temperature,HC Air temperature,°C,19.87
2025-04-02 13:00:00,HC Relative humidity,HC Relative humidity,%,54.77
2025-04-02 13:00:00,Dew Point,Dew Point,°C,10.4
2025-04-02 12:00:00,Wind gust,Wind gust,m/s,3.6
2025-04-02 12:00:00,Battery,Battery,mV,6807.0
2025-04-02 12:00:00,Solar radiation,Solar radiation,W/m2,899.0
2025-04-02 12:00:00,Solar Panel,Solar Panel,mV,9849.0
2025-04-02 12:00:00,Precipitation,Precipitation,mm,0.0
2025-04-02 12:00:00,HC Air temperature,HC Air temperature,°C,18.84
2025-04-02 12:00:00,U-sonic wind dir,U-sonic wind dir,deg,96.0
2025-04-02 12:00:00,U-sonic wind speed,U-sonic wind speed,m/s,1.5
2025-04-02 12:00:00,DeltaT,DeltaT,°C,5.0
2025-04-02 12:00:00,VPD,VPD,mbar,8.9
2025-04-02 12:00:00,HC Relative humidity,HC Relative humidity,%,59.2
2025-04-02 12:00:00,Dew Point,Dew Point,°C,10.6
2025-04-02 11:00:00,U-sonic wind speed,U-sonic wind speed,m/s,1.0
2025-04-02 11:00:00,Wind gust,Wind gust,m/s,3.1
2025-04-02 11:00:00,HC Air temperature,HC Air temperature,°C,16.99
2025-04-02 11:00:00,HC Relative humidity,HC Relative humidity,%,73.08
2025-04-02 11:00:00,Dew Point,Dew Point,°C,12.1
2025-04-02 11:00:00,Solar Panel,Solar Panel,mV,9820.0
2025-04-02 11:00:00,VPD,VPD,mbar,5.2
2025-04-02 11:00:00,Solar radiation,Solar radiation,W/m2,900.0
2025-04-02 11:00:00,Battery,Battery,mV,6810.0
2025-04-02 11:00:00,Precipitation,Precipitation,mm,0.0
2025-04-02 11:00:00,DeltaT,DeltaT,°C,3.0
2025-04-02 11:00:00,U-sonic wind dir,U-sonic wind dir,deg,135.0
2025-04-02 10:00:00,HC Air temperature,HC Air temperature,°C,14.69
2025-04-02 10:00:00,Solar radiation,Solar radiation,W/m2,768.0
2025-04-02 10:00:00,Solar Panel,Solar Panel,mV,9667.0
2025-04-02 10:00:00,Precipitation,Precipitation,mm,0.0
2025-04-02 10:00:00,Battery,Battery,mV,6804.0
2025-04-02 10:00:00,HC Relative humidity,HC Relative humidity,%,84.83
2025-04-02 10:00:00,Dew Point,Dew Point,°C,12.1
2025-04-02 10:00:00,VPD,VPD,mbar,2.5
2025-04-02 10:00:00,DeltaT,DeltaT,°C,2.0
2025-04-02 10:00:00,U-sonic wind speed,U-sonic wind speed,m/s,1.0
2025-04-02 10:00:00,U-sonic wind dir,U-sonic wind dir,deg,229.0
2025-04-02 10:00:00,Wind gust,Wind gust,m/s,2.8
2025-04-02 09:00:00,Solar Panel,Solar Panel,mV,9389.0
2025-04-02 09:00:00,Precipitation,Precipitation,mm,0.0
2025-04-02 09:00:00,Battery,Battery,mV,6804.0
2025-04-02 09:00:00,HC Air temperature,HC Air temperature,°C,11.83
2025-04-02 09:00:00,HC Relative humidity,HC Relative humidity,%,95.03
2025-04-02 09:00:00,Dew Point,Dew Point,°C,11.0
2025-04-02 09:00:00,VPD,VPD,mbar,0.7
2025-04-02 09:00:00,DeltaT,DeltaT,°C,0.0
2025-04-02 09:00:00,U-sonic wind speed,U-sonic wind speed,m/s,0.7
2025-04-02 09:00:00,U-sonic wind dir,U-sonic wind dir,deg,157.0
2025-04-02 09:00:00,Wind gust,Wind gust,m/s,1.9
2025-04-02 09:00:00,Solar radiation,Solar radiation,W/m2,642.0
2025-04-02 08:00:00,U-sonic wind speed,U-sonic wind speed,m/s,0.4
2025-04-02 08:00:00,DeltaT,DeltaT,°C,0.0
2025-04-02 08:00:00,VPD,VPD,mbar,0.0
2025-04-02 08:00:00,Dew Point,Dew Point,°C,8.8
2025-04-02 08:00:00,HC Relative humidity,HC Relative humidity,%,99.8
2025-04-02 08:00:00,HC Air temperature,HC Air temperature,°C,8.88
2025-04-02 08:00:00,Precipitation,Precipitation,mm,0.0
2025-04-02 08:00:00,Battery,Battery,mV,6801.0
2025-04-02 08:00:00,Solar Panel,Solar Panel,mV,9202.0
2025-04-02 08:00:00,Solar radiation,Solar radiation,W/m2,405.0
2025-04-02 08:00:00,Wind gust,Wind gust,m/s,1.1
2025-04-02 08:00:00,U-sonic wind dir,U-sonic wind dir,deg,123.0
2025-04-02 07:00:00,Solar radiation,Solar radiation,W/m2,198.0
2025-04-02 07:00:00,HC Relative humidity,HC Relative humidity,%,99.93
2025-04-02 07:00:00,Dew Point,Dew Point,°C,5.8
2025-04-02 07:00:00,VPD,VPD,mbar,0.0
2025-04-02 07:00:00,DeltaT,DeltaT,°C,0.0
2025-04-02 07:00:00,U-sonic wind speed,U-sonic wind speed,m/s,0.3
2025-04-02 07:00:00,Solar Panel,Solar Panel,mV,7079.0
2025-04-02 07:00:00,Precipitation,Precipitation,mm,0.0
2025-04-02 07:00:00,Battery,Battery,mV,6756.0
2025-04-02 07:00:00,HC Air temperature,HC Air temperature,°C,5.89
2025-04-02 07:00:00,U-sonic wind dir,U-sonic wind dir,deg,185.0
2025-04-02 07:00:00,Wind gust,Wind gust,m/s,0.8
2025-04-02 06:00:00,VPD,VPD,mbar,0.0
2025-04-02 06:00:00,HC Relative humidity,HC Relative humidity,%,99.93
2025-04-02 06:00:00,HC Air temperature,HC Air temperature,°C,2.69
2025-04-02 06:00:00,Battery,Battery,mV,6471.0
2025-04-02 06:00:00,Precipitation,Precipitation,mm,0.0
2025-04-02 06:00:00,Solar Panel,Solar Panel,mV,6753.0
2025-04-02 06:00:00,Solar radiation,Solar radiation,W/m2,11.0
2025-04-02 06:00:00,Dew Point,Dew Point,°C,2.6
2025-04-02 06:00:00,U-sonic wind dir,U-sonic wind dir,deg,275.0
2025-04-02 06:00:00,Wind gust,Wind gust,m/s,0.5
2025-04-02 06:00:00,DeltaT,DeltaT,°C,0.0
2025-04-02 06:00:00,U-sonic wind speed,U-sonic wind speed,m/s,0.2
2025-04-02 05:00:00,VPD,VPD,mbar,0.0
2025-04-02 05:00:00,Wind gust,Wind gust,m/s,0.3
2025-04-02 05:00:00,U-sonic wind dir,U-sonic wind dir,deg,330.0
2025-04-02 05:00:00,U-sonic wind speed,U-sonic wind speed,m/s,0.1
2025-04-02 05:00:00,Solar radiation,Solar radiation,W/m2,0.0
2025-04-02 05:00:00,Solar Panel,Solar Panel,mV,0.0
2025-04-02 05:00:00,Precipitation,Precipitation,mm,0.0
2025-04-02 05:00:00,Battery,Battery,mV,6440.0
2025-04-02 05:00:00,HC Air temperature,HC Air temperature,°C,2.85
2025-04-02 05:00:00,HC Relative humidity,HC Relative humidity,%,99.93
2025-04-02 05:00:00,Dew Point,Dew Point,°C,2.8
2025-04-02 05:00:00,DeltaT,DeltaT,°C,0.0
2025-04-02 04:00:00,Solar radiation,Solar radiation,W/m2,0.0
2025-04-02 04:00:00,Wind gust,Wind gust,m/s,0.4
2025-04-02 04:00:00,HC Air temperature,HC Air temperature,°C,3.11
2025-04-02 04:00:00,Battery,Battery,mV,6451.0
2025-04-02 04:00:00,HC Relative humidity,HC Relative humidity,%,99.93
2025-04-02 04:00:00,Dew Point,Dew Point,°C,3.0
2025-04-02 04:00:00,VPD,VPD,mbar,0.0
2025-04-02 04:00:00,DeltaT,DeltaT,°C,0.0
2025-04-02 04:00:00,U-sonic wind speed,U-sonic wind speed,m/s,0.2
2025-04-02 04:00:00,U-sonic wind dir,U-sonic wind dir,deg,330.0
2025-04-02 04:00:00,Precipitation,Precipitation,mm,0.0
2025-04-02 04:00:00,Solar Panel,Solar Panel,mV,0.0
2025-04-02 03:00:00,VPD,VPD,mbar,0.0
2025-04-02 03:00:00,HC Relative humidity,HC Relative humidity,%,99.93
2025-04-02 03:00:00,HC Air temperature,HC Air temperature,°C,3.49
2025-04-02 03:00:00,Battery,Battery,mV,6448.0
2025-04-02 03:00:00,Precipitation,Precipitation,mm,0.0
2025-04-02 03:00:00,Solar radiation,Solar radiation,W/m2,0.0
2025-04-02 03:00:00,Solar Panel,Solar Panel,mV,0.0
2025-04-02 03:00:00,Wind gust,Wind gust,m/s,0.3
2025-04-02 03:00:00,U-sonic wind dir,U-sonic wind dir,deg,330.0
2025-04-02 03:00:00,U-sonic wind speed,U-sonic wind speed,m/s,0.1
2025-04-02 03:00:00,DeltaT,DeltaT,°C,0.0
2025-04-02 03:00:00,Dew Point,Dew Point,°C,3.4
2025-04-02 02:00:00,U-sonic wind dir,U-sonic wind dir,deg,330.0
2025-04-02 02:00:00,Solar radiation,Solar radiation,W/m2,0.0
2025-04-02 02:00:00,Solar Panel,Solar Panel,mV,0.0
2025-04-02 02:00:00,Precipitation,Precipitation,mm,0.0
2025-04-02 02:00:00,Battery,Battery,mV,6459.0
2025-04-02 02:00:00,Wind gust,Wind gust,m/s,0.4
2025-04-02 02:00:00,U-sonic wind speed,U-sonic wind speed,m/s,0.1
2025-04-02 02:00:00,DeltaT,DeltaT,°C,0.0
2025-04-02 02:00:00,VPD,VPD,mbar,0.0
2025-04-02 02:00:00,Dew Point,Dew Point,°C,3.9
2025-04-02 02:00:00,HC Relative humidity,HC Relative humidity,%,99.93
2025-04-02 02:00:00,HC Air temperature,HC Air temperature,°C,3.98
2025-04-02 01:00:00,Wind gust,Wind gust,m/s,0.5
2025-04-02 01:00:00,U-sonic wind dir,U-sonic wind dir,deg,330.0
2025-04-02 01:00:00,Solar Panel,Solar Panel,mV,0.0
2025-04-02 01:00:00,U-sonic wind speed,U-sonic wind speed,m/s,0.1
2025-04-02 01:00:00,Precipitation,Precipitation,mm,0.0
2025-04-02 01:00:00,Battery,Battery,mV,6459.0
2025-04-02 01:00:00,Solar radiation,Solar radiation,W/m2,0.0
2025-04-02 00:00:00,U-sonic wind dir,U-sonic wind dir,deg,349.0
2025-04-02 00:00:00,Wind gust,Wind gust,m/s,0.5
2025-04-02 00:00:00,U-sonic wind speed,U-sonic wind speed,m/s,0.1
2025-04-02 00:00:00,Battery,Battery,mV,6468.0
2025-04-02 00:00:00,Precipitation,Precipitation,mm,0.0
2025-04-02 00:00:00,Solar Panel,Solar Panel,mV,0.0
2025-04-02 00:00:00,Solar radiation,Solar radiation,W/m2,0.0
2025-04-01 23:00:00,Wind gust,Wind gust,m/s,0.9
2025-04-01 23:00:00,U-sonic wind dir,U-sonic wind dir,deg,247.0
2025-04-01 23:00:00,U-sonic wind speed,U-sonic wind speed,m/s,0.3
2025-04-01 23:00:00,Precipitation,Precipitation,mm,0.0
2025-04-01 23:00:00,Solar Panel,Solar Panel,mV,0.0
2025-04-01 23:00:00,Solar radiation,Solar radiation,W/m2,0.0
2025-04-01 23:00:00,Battery,Battery,mV,6468.0
2025-04-01 22:00:00,Precipitation,Precipitation,mm,0.0
2025-04-01 22:00:00,Solar Panel,Solar Panel,mV,0.0
2025-04-01 22:00:00,Solar radiation,Solar radiation,W/m2,0.0
2025-04-01 22:00:00,Battery,Battery,mV,6477.0
2025-04-01 22:00:00,U-sonic wind speed,U-sonic wind speed,m/s,0.5
2025-04-01 22:00:00,U-sonic wind dir,U-sonic wind dir,deg,177.0
2025-04-01 22:00:00,Wind gust,Wind gust,m/s,8.9
2025-04-01 21:00:00,Solar radiation,Solar radiation,W/m2,0.0
2025-04-01 21:00:00,Solar Panel,Solar Panel,mV,0.0
2025-04-01 21:00:00,Precipitation,Precipitation,mm,0.0
2025-04-01 21:00:00,Battery,Battery,mV,6488.0
2025-04-01 21:00:00,U-sonic wind speed,U-sonic wind speed,m/s,0.6
2025-04-01 21:00:00,U-sonic wind dir,U-sonic wind dir,deg,330.0
2025-04-01 21:00:00,Wind gust,Wind gust,m/s,9.6
2025-03-31 00:00:00,U-sonic wind speed,U-sonic wind speed,m/s,0.3
2025-03-31 00:00:00,Wind gust,Wind gust,m/s,0.8
2025-03-31 00:00:00,U-sonic wind dir,U-sonic wind dir,deg,305.0
2025-03-31 00:00:00,Battery,Battery,mV,6383.0
2025-03-31 00:00:00,Precipitation,Precipitation,mm,0.4
2025-03-31 00:00:00,Solar Panel,Solar Panel,mV,0.0
2025-03-31 00:00:00,Solar radiation,Solar radiation,W/m2,0.0
2025-03-30 23:00:00,Solar radiation,Solar radiation,W/m2,0.0
2025-03-30 23:00:00,Wind gust,Wind gust,m/s,1.9
2025-03-30 23:00:00,U-sonic wind dir,U-sonic wind dir,deg,302.0
2025-03-30 23:00:00,U-sonic wind speed,U-sonic wind speed,m/s,0.5
2025-03-30 23:00:00,Battery,Battery,mV,6388.0
2025-03-30 23:00:00,Precipitation,Precipitation,mm,1.4
2025-03-30 23:00:00,Solar Panel,Solar Panel,mV,0.0
2025-03-30 22:00:00,U-sonic wind speed,U-sonic wind speed,m/s,0.9
2025-03-30 22:00:00,U-sonic wind dir,U-sonic wind dir,deg,328.0
2025-03-30 22:00:00,Solar radiation,Solar radiation,W/m2,0.0
2025-03-30 22:00:00,Solar Panel,Solar Panel,mV,0.0
2025-03-30 22:00:00,Precipitation,Precipitation,mm,0.2
2025-03-30 22:00:00,Battery,Battery,mV,6388.0
2025-03-30 22:00:00,Wind gust,Wind gust,m/s,2.8
2025-03-30 21:00:00,U-sonic wind speed,U-sonic wind speed,m/s,1.1
2025-03-30 21:00:00,Wind gust,Wind gust,m/s,2.8
2025-03-30 21:00:00,U-sonic wind dir,U-sonic wind dir,deg,310.0
2025-03-30 21:00:00,Battery,Battery,mV,6391.0
2025-03-30 21:00:00,Precipitation,Precipitation,mm,0.2
2025-03-30 21:00:00,Solar Panel,Solar Panel,mV,0.0
2025-03-30 21:00:00,Solar radiation,Solar radiation,W/m2,0.0
2025-03-30 20:00:00,Wind gust,Wind gust,m/s,2.5
2025-03-30 20:00:00,Solar radiation,Solar radiation,W/m2,0.0
2025-03-30 20:00:00,Solar Panel,Solar Panel,mV,0.0
2025-03-30 20:00:00,Precipitation,Precipitation,mm,0.0
2025-03-30 20:00:00,Battery,Battery,mV,6400.0
2025-03-30 20:00:00,U-sonic wind speed,U-sonic wind speed,m/s,1.1
2025-03-30 20:00:00,U-sonic wind dir,U-sonic wind dir,deg,321.0
2025-03-30 19:00:00,Solar Panel,Solar Panel,mV,0.0
2025-03-30 19:00:00,Wind gust,Wind gust,m/s,2.9
2025-03-30 19:00:00,U-sonic wind dir,U-sonic wind dir,deg,317.0
2025-03-30 19:00:00,U-sonic wind speed,U-sonic wind speed,m/s,0.8
2025-03-30 19:00:00,Battery,Battery,mV,6434.0
2025-03-30 19:00:00,Precipitation,Precipitation,mm,0.8
2025-03-30 19:00:00,Solar radiation,Solar radiation,W/m2,0.0
2025-03-30 18:00:00,Wind gust,Wind gust,m/s,3.2
2025-03-30 18:00:00,Solar Panel,Solar Panel,mV,0.0
2025-03-30 18:00:00,Precipitation,Precipitation,mm,0.0
2025-03-30 18:00:00,Battery,Battery,mV,6462.0
2025-03-30 18:00:00,U-sonic wind speed,U-sonic wind speed,m/s,1.2
2025-03-30 18:00:00,Solar radiation,Solar radiation,W/m2,7.0
2025-03-30 18:00:00,U-sonic wind dir,U-sonic wind dir,deg,346.0
2025-03-30 17:00:00,Solar Panel,Solar Panel,mV,6173.0
2025-03-30 17:00:00,Wind gust,Wind gust,m/s,4.2
2025-03-30 17:00:00,U-sonic wind dir,U-sonic wind dir,deg,329.0
2025-03-30 17:00:00,U-sonic wind speed,U-sonic wind speed,m/s,1.7
2025-03-30 17:00:00,Battery,Battery,mV,6514.0
2025-03-30 17:00:00,Precipitation,Precipitation,mm,0.4
2025-03-30 17:00:00,Solar radiation,Solar radiation,W/m2,111.0
2025-03-30 16:00:00,Precipitation,Precipitation,mm,0.2
2025-03-30 16:00:00,Wind gust,Wind gust,m/s,4.6
2025-03-30 16:00:00,U-sonic wind dir,U-sonic wind dir,deg,334.0
2025-03-30 16:00:00,U-sonic wind speed,U-sonic wind speed,m/s,2.1
2025-03-30 16:00:00,Battery,Battery,mV,6639.0
2025-03-30 16:00:00,Solar Panel,Solar Panel,mV,6949.0
2025-03-30 16:00:00,Solar radiation,Solar radiation,W/m2,134.0
2025-03-30 15:00:00,Precipitation,Precipitation,mm,0.8
2025-03-30 15:00:00,Wind gust,Wind gust,m/s,4.9
2025-03-30 15:00:00,U-sonic wind dir,U-sonic wind dir,deg,356.0
2025-03-30 15:00:00,Solar radiation,Solar radiation,W/m2,183.0
2025-03-30 15:00:00,U-sonic wind speed,U-sonic wind speed,m/s,1.1
2025-03-30 15:00:00,Solar Panel,Solar Panel,mV,7122.0
2025-03-30 15:00:00,Battery,Battery,mV,6787.0
2025-03-30 14:00:00,Solar Panel,Solar Panel,mV,6609.0
2025-03-30 14:00:00,Wind gust,Wind gust,m/s,5.4
2025-03-30 14:00:00,U-sonic wind dir,U-sonic wind dir,deg,356.0
2025-03-30 14:00:00,U-sonic wind speed,U-sonic wind speed,m/s,1.5
2025-03-30 14:00:00,Battery,Battery,mV,6556.0
2025-03-30 14:00:00,Precipitation,Precipitation,mm,0.6
2025-03-30 14:00:00,Solar radiation,Solar radiation,W/m2,97.0
2025-03-30 13:00:00,HC Air temperature,HC Air temperature,°C,14.25
2025-03-30 13:00:00,Solar radiation,Solar radiation,W/m2,330.0
2025-03-30 13:00:00,Solar Panel,Solar Panel,mV,6925.0
2025-03-30 13:00:00,Precipitation,Precipitation,mm,0.4
2025-03-30 13:00:00,Battery,Battery,mV,6642.0
2025-03-30 13:00:00,HC Relative humidity,HC Relative humidity,%,86.76
2025-03-30 13:00:00,Dew Point,Dew Point,°C,12.0
2025-03-30 13:00:00,VPD,VPD,mbar,2.1
2025-03-30 13:00:00,DeltaT,DeltaT,°C,1.0
2025-03-30 13:00:00,U-sonic wind speed,U-sonic wind speed,m/s,1.7
2025-03-30 13:00:00,U-sonic wind dir,U-sonic wind dir,deg,335.0
2025-03-30 13:00:00,Wind gust,Wind gust,m/s,4.8
2025-03-30 12:00:00,Solar Panel,Solar Panel,mV,6911.0
2025-03-30 12:00:00,DeltaT,DeltaT,°C,0.0
2025-03-30 12:00:00,U-sonic wind speed,U-sonic wind speed,m/s,1.4
2025-03-30 12:00:00,Battery,Battery,mV,6610.0
2025-03-30 12:00:00,Solar radiation,Solar radiation,W/m2,278.0
2025-03-30 12:00:00,U-sonic wind dir,U-sonic wind dir,deg,24.0
2025-03-30 12:00:00,Wind gust,Wind gust,m/s,4.8
2025-03-30 12:00:00,Precipitation,Precipitation,mm,1.0
2025-03-30 12:00:00,HC Relative humidity,HC Relative humidity,%,94.39
2025-03-30 12:00:00,Dew Point,Dew Point,°C,13.2
2025-03-30 12:00:00,HC Air temperature,HC Air temperature,°C,14.1
2025-03-30 12:00:00,VPD,VPD,mbar,0.9
2025-03-30 11:00:00,HC Air temperature,HC Air temperature,°C,13.8
2025-03-30 11:00:00,Solar Panel,Solar Panel,mV,6983.0
2025-03-30 11:00:00,Solar radiation,Solar radiation,W/m2,417.0
2025-03-30 11:00:00,DeltaT,DeltaT,°C,0.0
2025-03-30 11:00:00,U-sonic wind speed,U-sonic wind speed,m/s,1.2
2025-03-30 11:00:00,U-sonic wind dir,U-sonic wind dir,deg,38.0
2025-03-30 11:00:00,Wind gust,Wind gust,m/s,5.1
2025-03-30 11:00:00,VPD,VPD,mbar,0.7
2025-03-30 11:00:00,Precipitation,Precipitation,mm,0.0
2025-03-30 11:00:00,Dew Point,Dew Point,°C,13.0
2025-03-30 11:00:00,HC Relative humidity,HC Relative humidity,%,95.31
2025-03-30 11:00:00,Battery,Battery,mV,6684.0
2025-03-30 10:00:00,U-sonic wind speed,U-sonic wind speed,m/s,0.3
2025-03-30 10:00:00,Wind gust,Wind gust,m/s,1.2
2025-03-30 10:00:00,U-sonic wind dir,U-sonic wind dir,deg,241.0
2025-03-30 10:00:00,DeltaT,DeltaT,°C,0.0
2025-03-30 10:00:00,VPD,VPD,mbar,0.0
2025-03-30 10:00:00,Dew Point,Dew Point,°C,12.3
2025-03-30 10:00:00,HC Relative humidity,HC Relative humidity,%,99.98
2025-03-30 10:00:00,HC Air temperature,HC Air temperature,°C,12.39
2025-03-30 10:00:00,Battery,Battery,mV,6630.0
2025-03-30 10:00:00,Precipitation,Precipitation,mm,0.0
2025-03-30 10:00:00,Solar Panel,Solar Panel,mV,6930.0
2025-03-30 10:00:00,Solar radiation,Solar radiation,W/m2,187.0
2025-03-30 09:00:00,U-sonic wind dir,U-sonic wind dir,deg,222.0
2025-03-30 09:00:00,U-sonic wind speed,U-sonic wind speed,m/s,0.4
2025-03-30 09:00:00,Battery,Battery,mV,6647.0
2025-03-30 09:00:00,Precipitation,Precipitation,mm,0.2
2025-03-30 09:00:00,Solar Panel,Solar Panel,mV,6940.0
2025-03-30 09:00:00,Solar radiation,Solar radiation,W/m2,208.0
2025-03-30 09:00:00,Wind gust,Wind gust,m/s,2.2
2025-03-30 08:00:00,DeltaT,DeltaT,°C,0.0
2025-03-30 08:00:00,VPD,VPD,mbar,0.0
2025-03-30 08:00:00,Dew Point,Dew Point,°C,10.2
2025-03-30 08:00:00,HC Relative humidity,HC Relative humidity,%,99.67
2025-03-30 08:00:00,Solar Panel,Solar Panel,mV,6815.0
2025-03-30 08:00:00,Solar radiation,Solar radiation,W/m2,191.0
2025-03-30 08:00:00,Precipitation,Precipitation,mm,0.2
2025-03-30 08:00:00,HC Air temperature,HC Air temperature,°C,10.25
2025-03-30 08:00:00,Battery,Battery,mV,6539.0
2025-03-30 08:00:00,Wind gust,Wind gust,m/s,1.6
2025-03-30 08:00:00,U-sonic wind dir,U-sonic wind dir,deg,142.0
2025-03-30 08:00:00,U-sonic wind speed,U-sonic wind speed,m/s,0.3
2025-03-30 07:00:00,HC Air temperature,HC Air temperature,°C,10.05
2025-03-30 07:00:00,Precipitation,Precipitation,mm,0.0
2025-03-30 07:00:00,Solar Panel,Solar Panel,mV,6964.0
2025-03-30 07:00:00,Solar radiation,Solar radiation,W/m2,203.0
2025-03-30 07:00:00,HC Relative humidity,HC Relative humidity,%,99.84
2025-03-30 07:00:00,Wind gust,Wind gust,m/s,1.0
2025-03-30 07:00:00,U-sonic wind dir,U-sonic wind dir,deg,200.0
2025-03-30 07:00:00,U-sonic wind speed,U-sonic wind speed,m/s,0.2
2025-03-30 07:00:00,DeltaT,DeltaT,°C,0.0
2025-03-30 07:00:00,VPD,VPD,mbar,0.0
2025-03-30 07:00:00,Dew Point,Dew Point,°C,10.0
2025-03-30 07:00:00,Battery,Battery,mV,6653.0
2025-03-30 06:00:00,Wind gust,Wind gust,m/s,0.6
2025-03-30 06:00:00,Solar radiation,Solar radiation,W/m2,36.0
2025-03-30 06:00:00,Solar Panel,Solar Panel,mV,6686.0
2025-03-30 06:00:00,Precipitation,Precipitation,mm,0.0
2025-03-30 06:00:00,Battery,Battery,mV,6417.0
2025-03-30 06:00:00,U-sonic wind speed,U-sonic wind speed,m/s,0.1
2025-03-30 06:00:00,U-sonic wind dir,U-sonic wind dir,deg,110.0
2025-03-30 05:00:00,Solar radiation,Solar radiation,W/m2,0.0
2025-03-30 05:00:00,Solar Panel,Solar Panel,mV,0.0
2025-03-30 05:00:00,Precipitation,Precipitation,mm,0.0
2025-03-30 05:00:00,U-sonic wind speed,U-sonic wind speed,m/s,0.1
2025-03-30 05:00:00,U-sonic wind dir,U-sonic wind dir,deg,148.0
2025-03-30 05:00:00,Wind gust,Wind gust,m/s,0.4
2025-03-30 05:00:00,Battery,Battery,mV,6374.0
2025-03-30 04:00:00,Solar radiation,Solar radiation,W/m2,0.0
2025-03-30 04:00:00,Solar Panel,Solar Panel,mV,0.0
2025-03-30 04:00:00,Precipitation,Precipitation,mm,0.0
2025-03-30 04:00:00,Battery,Battery,mV,6383.0
2025-03-30 04:00:00,U-sonic wind speed,U-sonic wind speed,m/s,0.1
2025-03-30 04:00:00,U-sonic wind dir,U-sonic wind dir,deg,148.0
2025-03-30 04:00:00,Wind gust,Wind gust,m/s,0.3
2025-03-30 03:00:00,Wind gust,Wind gust,m/s,0.7
2025-03-30 03:00:00,U-sonic wind speed,U-sonic wind speed,m/s,0.1
2025-03-30 03:00:00,Battery,Battery,mV,6391.0
2025-03-30 03:00:00,Precipitation,Precipitation,mm,0.0
2025-03-30 03:00:00,Solar Panel,Solar Panel,mV,0.0
2025-03-30 03:00:00,Solar radiation,Solar radiation,W/m2,0.0
2025-03-30 03:00:00,U-sonic wind dir,U-sonic wind dir,deg,148.0
2025-03-30 02:00:00,Wind gust,Wind gust,m/s,0.5
2025-03-30 02:00:00,U-sonic wind dir,U-sonic wind dir,deg,232.0
2025-03-30 02:00:00,Battery,Battery,mV,6400.0
2025-03-30 02:00:00,Precipitation,Precipitation,mm,0.0
2025-03-30 02:00:00,Solar Panel,Solar Panel,mV,0.0
2025-03-30 02:00:00,Solar radiation,Solar radiation,W/m2,0.0
2025-03-30 02:00:00,U-sonic wind speed,U-sonic wind speed,m/s,0.1
2025-03-30 01:00:00,Solar Panel,Solar Panel,mV,0.0
2025-03-30 01:00:00,Precipitation,Precipitation,mm,0.0
2025-03-30 01:00:00,Battery,Battery,mV,6414.0
2025-03-30 01:00:00,U-sonic wind speed,U-sonic wind speed,m/s,0.3
2025-03-30 01:00:00,Wind gust,Wind gust,m/s,1.2
2025-03-30 01:00:00,U-sonic wind dir,U-sonic wind dir,deg,242.0
2025-03-30 01:00:00,Solar radiation,Solar radiation,W/m2,0.0
2025-03-28 02:00:00,Precipitation,Precipitation,mm,0.0
2025-03-28 02:00:00,Solar Panel,Solar Panel,mV,0.0
2025-03-28 02:00:00,Solar radiation,Solar radiation,W/m2,0.0
2025-03-28 02:00:00,Wind gust,Wind gust,m/s,0.2
2025-03-28 02:00:00,U-sonic wind dir,U-sonic wind dir,deg,287.0
2025-03-28 02:00:00,U-sonic wind speed,U-sonic wind speed,m/s,0.1
2025-03-28 02:00:00,Battery,Battery,mV,6408.0
2025-03-28 01:00:00,Solar Panel,Solar Panel,mV,0.0
2025-03-28 01:00:00,Wind gust,Wind gust,m/s,0.5
2025-03-28 01:00:00,U-sonic wind dir,U-sonic wind dir,deg,287.0
2025-03-28 01:00:00,U-sonic wind speed,U-sonic wind speed,m/s,0.2
2025-03-28 01:00:00,Solar radiation,Solar radiation,W/m2,0.0
2025-03-28 01:00:00,Battery,Battery,mV,6414.0
2025-03-28 01:00:00,Precipitation,Precipitation,mm,0.0
2025-03-28 00:00:00,Solar Panel,Solar Panel,mV,0.0
2025-03-28 00:00:00,Wind gust,Wind gust,m/s,0.7
2025-03-28 00:00:00,U-sonic wind dir,U-sonic wind dir,deg,249.0
2025-03-28 00:00:00,U-sonic wind speed,U-sonic wind speed,m/s,0.3
2025-03-28 00:00:00,Battery,Battery,mV,6434.0
2025-03-28 00:00:00,Precipitation,Precipitation,mm,0.2
2025-03-28 00:00:00,Solar radiation,Solar radiation,W/m2,0.0
2025-03-27 23:00:00,Solar Panel,Solar Panel,mV,0.0
2025-03-27 23:00:00,Wind gust,Wind gust,m/s,0.9
2025-03-27 23:00:00,U-sonic wind dir,U-sonic wind dir,deg,242.0
2025-03-27 23:00:00,U-sonic wind speed,U-sonic wind speed,m/s,0.2
2025-03-27 23:00:00,Battery,Battery,mV,6457.0
2025-03-27 23:00:00,Precipitation,Precipitation,mm,0.2
2025-03-27 23:00:00,Solar radiation,Solar radiation,W/m2,0.0
2025-03-27 22:00:00,Precipitation,Precipitation,mm,0.0
2025-03-27 22:00:00,Solar radiation,Solar radiation,W/m2,0.0
2025-03-27 22:00:00,Solar Panel,Solar Panel,mV,0.0
2025-03-27 22:00:00,Battery,Battery,mV,6471.0
2025-03-27 22:00:00,U-sonic wind speed,U-sonic wind speed,m/s,0.2
2025-03-27 22:00:00,U-sonic wind dir,U-sonic wind dir,deg,252.0
2025-03-27 22:00:00,Wind gust,Wind gust,m/s,1.1
2025-03-27 21:00:00,Wind gust,Wind gust,m/s,1.0
2025-03-27 21:00:00,Solar radiation,Solar radiation,W/m2,0.0
2025-03-27 21:00:00,Solar Panel,Solar Panel,mV,0.0
2025-03-27 21:00:00,Precipitation,Precipitation,mm,0.0
2025-03-27 21:00:00,Battery,Battery,mV,6485.0
2025-03-27 21:00:00,U-sonic wind speed,U-sonic wind speed,m/s,0.2
2025-03-27 21:00:00,U-sonic wind dir,U-sonic wind dir,deg,248.0
2025-03-27 20:00:00,Solar radiation,Solar radiation,W/m2,0.0
2025-03-27 20:00:00,Wind gust,Wind gust,m/s,1.3
2025-03-27 20:00:00,U-sonic wind dir,U-sonic wind dir,deg,243.0
2025-03-27 20:00:00,U-sonic wind speed,U-sonic wind speed,m/s,0.6
2025-03-27 20:00:00,Battery,Battery,mV,6496.0
2025-03-27 20:00:00,Precipitation,Precipitation,mm,0.4
2025-03-27 20:00:00,Solar Panel,Solar Panel,mV,0.0
2025-03-27 19:00:00,Solar Panel,Solar Panel,mV,0.0
2025-03-27 19:00:00,Wind gust,Wind gust,m/s,2.7
2025-03-27 19:00:00,U-sonic wind dir,U-sonic wind dir,deg,267.0
2025-03-27 19:00:00,U-sonic wind speed,U-sonic wind speed,m/s,0.5
2025-03-27 19:00:00,Battery,Battery,mV,6511.0
2025-03-27 19:00:00,Precipitation,Precipitation,mm,0.0
2025-03-27 19:00:00,Solar radiation,Solar radiation,W/m2,0.0
2025-03-27 18:00:00,Battery,Battery,mV,6531.0
2025-03-27 18:00:00,Solar Panel,Solar Panel,mV,0.0
2025-03-27 18:00:00,Solar radiation,Solar radiation,W/m2,8.0
2025-03-27 18:00:00,Wind gust,Wind gust,m/s,2.6
2025-03-27 18:00:00,U-sonic wind dir,U-sonic wind dir,deg,297.0
2025-03-27 18:00:00,U-sonic wind speed,U-sonic wind speed,m/s,0.6
2025-03-27 18:00:00,Precipitation,Precipitation,mm,0.0
2025-03-27 17:00:00,U-sonic wind dir,U-sonic wind dir,deg,319.0
2025-03-27 17:00:00,Solar radiation,Solar radiation,W/m2,160.0
2025-03-27 17:00:00,Solar Panel,Solar Panel,mV,4817.0
2025-03-27 17:00:00,Precipitation,Precipitation,mm,0.0
2025-03-27 17:00:00,Battery,Battery,mV,6573.0
2025-03-27 17:00:00,U-sonic wind speed,U-sonic wind speed,m/s,1.7
2025-03-27 17:00:00,Wind gust,Wind gust,m/s,4.6
2025-03-27 16:00:00,Precipitation,Precipitation,mm,0.2
2025-03-27 16:00:00,Solar radiation,Solar radiation,W/m2,261.0
2025-03-27 16:00:00,Solar Panel,Solar Panel,mV,7045.0
2025-03-27 16:00:00,Battery,Battery,mV,6739.0
2025-03-27 16:00:00,U-sonic wind speed,U-sonic wind speed,m/s,1.8
2025-03-27 16:00:00,U-sonic wind dir,U-sonic wind dir,deg,308.0
2025-03-27 16:00:00,Wind gust,Wind gust,m/s,4.8
2025-03-27 15:00:00,Wind gust,Wind gust,m/s,5.0
2025-03-27 15:00:00,Solar radiation,Solar radiation,W/m2,512.0
2025-03-27 15:00:00,U-sonic wind dir,U-sonic wind dir,deg,310.0
2025-03-27 15:00:00,U-sonic wind speed,U-sonic wind speed,m/s,1.7
2025-03-27 15:00:00,Battery,Battery,mV,6724.0
2025-03-27 15:00:00,Precipitation,Precipitation,mm,0.0
2025-03-27 15:00:00,Solar Panel,Solar Panel,mV,7007.0
2025-03-27 14:00:00,Wind gust,Wind gust,m/s,4.0
2025-03-27 14:00:00,Solar radiation,Solar radiation,W/m2,571.0
2025-03-27 14:00:00,Solar Panel,Solar Panel,mV,7045.0
2025-03-27 14:00:00,Precipitation,Precipitation,mm,0.0
2025-03-27 14:00:00,Battery,Battery,mV,6716.0
2025-03-27 14:00:00,U-sonic wind speed,U-sonic wind speed,m/s,1.7
2025-03-27 14:00:00,U-sonic wind dir,U-sonic wind dir,deg,307.0
2025-03-27 13:00:00,Wind gust,Wind gust,m/s,5.3
2025-03-27 13:00:00,Precipitation,Precipitation,mm,0.0
2025-03-27 13:00:00,Solar Panel,Solar Panel,mV,9322.0
2025-03-27 13:00:00,Solar radiation,Solar radiation,W/m2,849.0
2025-03-27 13:00:00,Battery,Battery,mV,6801.0
2025-03-27 13:00:00,U-sonic wind speed,U-sonic wind speed,m/s,1.6
2025-03-27 13:00:00,U-sonic wind dir,U-sonic wind dir,deg,278.0
2025-03-27 12:00:00,Battery,Battery,mV,6727.0
2025-03-27 12:00:00,Wind gust,Wind gust,m/s,4.8
2025-03-27 12:00:00,U-sonic wind dir,U-sonic wind dir,deg,310.0
2025-03-27 12:00:00,U-sonic wind speed,U-sonic wind speed,m/s,1.4
2025-03-27 12:00:00,Precipitation,Precipitation,mm,0.0
2025-03-27 12:00:00,Solar Panel,Solar Panel,mV,7040.0
2025-03-27 12:00:00,Solar radiation,Solar radiation,W/m2,524.0
2025-03-27 11:00:00,Precipitation,Precipitation,mm,1.0
2025-03-27 11:00:00,Battery,Battery,mV,6818.0
2025-03-27 11:00:00,U-sonic wind speed,U-sonic wind speed,m/s,0.9
2025-03-27 11:00:00,U-sonic wind dir,U-sonic wind dir,deg,157.0
2025-03-27 11:00:00,Wind gust,Wind gust,m/s,3.4
2025-03-27 11:00:00,Solar radiation,Solar radiation,W/m2,199.0
2025-03-27 11:00:00,Solar Panel,Solar Panel,mV,9758.0
2025-03-27 10:00:00,Solar radiation,Solar radiation,W/m2,142.0
2025-03-27 10:00:00,U-sonic wind speed,U-sonic wind speed,m/s,0.7
2025-03-27 10:00:00,U-sonic wind dir,U-sonic wind dir,deg,292.0
2025-03-27 10:00:00,Precipitation,Precipitation,mm,1.2
2025-03-27 10:00:00,Wind gust,Wind gust,m/s,3.3
2025-03-27 10:00:00,Solar Panel,Solar Panel,mV,6897.0
2025-03-27 10:00:00,Battery,Battery,mV,6608.0
2025-03-27 09:00:00,Battery,Battery,mV,6442.0
2025-03-27 09:00:00,Wind gust,Wind gust,m/s,1.3
2025-03-27 09:00:00,U-sonic wind dir,U-sonic wind dir,deg,315.0
2025-03-27 09:00:00,U-sonic wind speed,U-sonic wind speed,m/s,0.4
2025-03-27 09:00:00,Precipitation,Precipitation,mm,4.6
2025-03-27 09:00:00,Solar Panel,Solar Panel,mV,6710.0
2025-03-27 09:00:00,Solar radiation,Solar radiation,W/m2,113.0
2025-03-27 08:00:00,Wind gust,Wind gust,m/s,1.8
2025-03-27 08:00:00,U-sonic wind dir,U-sonic wind dir,deg,69.0
2025-03-27 08:00:00,U-sonic wind speed,U-sonic wind speed,m/s,0.4
2025-03-27 08:00:00,Battery,Battery,mV,6431.0
2025-03-27 08:00:00,Precipitation,Precipitation,mm,4.4
2025-03-27 08:00:00,Solar Panel,Solar Panel,mV,6676.0
2025-03-27 08:00:00,Solar radiation,Solar radiation,W/m2,65.0
2025-03-27 07:00:00,Wind gust,Wind gust,m/s,3.4
2025-03-27 07:00:00,U-sonic wind dir,U-sonic wind dir,deg,338.0
2025-03-27 07:00:00,U-sonic wind speed,U-sonic wind speed,m/s,0.9
2025-03-27 07:00:00,Battery,Battery,mV,6400.0
2025-03-27 07:00:00,Precipitation,Precipitation,mm,2.2
2025-03-27 07:00:00,Solar Panel,Solar Panel,mV,6614.0
2025-03-27 07:00:00,Solar radiation,Solar radiation,W/m2,8.0
2025-03-27 06:00:00,Wind gust,Wind gust,m/s,2.5
2025-03-27 06:00:00,U-sonic wind dir,U-sonic wind dir,deg,355.0
2025-03-27 06:00:00,U-sonic wind speed,U-sonic wind speed,m/s,0.7
2025-03-27 06:00:00,Battery,Battery,mV,6380.0
2025-03-27 06:00:00,Precipitation,Precipitation,mm,2.0
2025-03-27 06:00:00,Solar Panel,Solar Panel,mV,522.0
2025-03-27 06:00:00,Solar radiation,Solar radiation,W/m2,0.0
2025-03-27 05:00:00,Wind gust,Wind gust,m/s,2.5
2025-03-27 05:00:00,U-sonic wind dir,U-sonic wind dir,deg,137.0
2025-03-27 05:00:00,U-sonic wind speed,U-sonic wind speed,m/s,0.4
2025-03-27 05:00:00,Battery,Battery,mV,6380.0
2025-03-27 05:00:00,Precipitation,Precipitation,mm,2.6
2025-03-27 05:00:00,Solar Panel,Solar Panel,mV,0.0
2025-03-27 05:00:00,Solar radiation,Solar radiation,W/m2,0.0
2025-03-27 04:00:00,Wind gust,Wind gust,m/s,1.4
2025-03-27 04:00:00,U-sonic wind dir,U-sonic wind dir,deg,190.0
2025-03-27 04:00:00,U-sonic wind speed,U-sonic wind speed,m/s,0.4
2025-03-27 04:00:00,Battery,Battery,mV,6383.0
2025-03-27 04:00:00,Precipitation,Precipitation,mm,2.6
2025-03-27 04:00:00,Solar Panel,Solar Panel,mV,0.0
2025-03-27 04:00:00,Solar radiation,Solar radiation,W/m2,0.0
2025-03-27 03:00:00,Wind gust,Wind gust,m/s,1.0
2025-03-27 03:00:00,U-sonic wind dir,U-sonic wind dir,deg,207.0
2025-03-27 03:00:00,U-sonic wind speed,U-sonic wind speed,m/s,0.2
2025-03-27 03:00:00,Battery,Battery,mV,6388.0
2025-03-27 03:00:00,Precipitation,Precipitation,mm,2.8
2025-03-27 03:00:00,Solar Panel,Solar Panel,mV,0.0
2025-03-27 03:00:00,Solar radiation,Solar radiation,W/m2,0.0
2025-03-25 03:00:00,DeltaT,DeltaT,°C,
2025-03-25 03:00:00,VPD,VPD,mbar,
2025-03-25 03:00:00,Dew Point,Dew Point,°C,
2025-03-25 03:00:00,HC Relative humidity,HC Relative humidity,%,
2025-03-25 03:00:00,HC Air temperature,HC Air temperature,°C,
2025-03-25 03:00:00,Wind gust,Wind gust,m/s,0.0
2025-03-25 03:00:00,U-sonic wind dir,U-sonic wind dir,deg,310.0
2025-03-25 03:00:00,U-sonic wind speed,U-sonic wind speed,m/s,0.0
2025-03-25 03:00:00,Battery,Battery,mV,6511.0
2025-03-25 03:00:00,Precipitation,Precipitation,mm,0.0
2025-03-25 03:00:00,Solar Panel,Solar Panel,mV,0.0
2025-03-25 03:00:00,Solar radiation,Solar radiation,W/m2,0.0
2025-03-25 02:00:00,Solar radiation,Solar radiation,W/m2,0.0
2025-03-25 02:00:00,DeltaT,DeltaT,°C,
2025-03-25 02:00:00,VPD,VPD,mbar,
2025-03-25 02:00:00,Dew Point,Dew Point,°C,
2025-03-25 02:00:00,HC Relative humidity,HC Relative humidity,%,
2025-03-25 02:00:00,HC Air temperature,HC Air temperature,°C,
2025-03-25 02:00:00,U-sonic wind dir,U-sonic wind dir,deg,310.0
2025-03-25 02:00:00,U-sonic wind speed,U-sonic wind speed,m/s,8.6
2025-03-25 02:00:00,Battery,Battery,mV,6522.0
2025-03-25 02:00:00,Precipitation,Precipitation,mm,0.0
2025-03-25 02:00:00,Solar Panel,Solar Panel,mV,0.0
2025-03-25 02:00:00,Wind gust,Wind gust,m/s,28.2
2025-03-25 01:00:00,Solar radiation,Solar radiation,W/m2,0.0
2025-03-25 01:00:00,Wind gust,Wind gust,m/s,23.4
2025-03-25 01:00:00,U-sonic wind dir,U-sonic wind dir,deg,273.0
2025-03-25 01:00:00,U-sonic wind speed,U-sonic wind speed,m/s,10.6
2025-03-25 01:00:00,Battery,Battery,mV,6528.0
2025-03-25 01:00:00,Precipitation,Precipitation,mm,0.0
2025-03-25 01:00:00,Solar Panel,Solar Panel,mV,0.0
2025-03-25 01:00:00,DeltaT,DeltaT,°C,
2025-03-25 01:00:00,VPD,VPD,mbar,
2025-03-25 01:00:00,Dew Point,Dew Point,°C,
2025-03-25 01:00:00,HC Relative humidity,HC Relative humidity,%,
2025-03-25 01:00:00,HC Air temperature,HC Air temperature,°C,
2025-03-25 00:00:00,DeltaT,DeltaT,°C,
2025-03-25 00:00:00,Solar radiation,Solar radiation,W/m2,0.0
2025-03-25 00:00:00,Solar Panel,Solar Panel,mV,0.0
2025-03-25 00:00:00,Precipitation,Precipitation,mm,0.0
2025-03-25 00:00:00,Battery,Battery,mV,6536.0
2025-03-25 00:00:00,U-sonic wind speed,U-sonic wind speed,m/s,13.1
2025-03-25 00:00:00,U-sonic wind dir,U-sonic wind dir,deg,261.0
2025-03-25 00:00:00,Wind gust,Wind gust,m/s,30.3
2025-03-25 00:00:00,HC Air temperature,HC Air temperature,°C,
2025-03-25 00:00:00,HC Relative humidity,HC Relative humidity,%,
2025-03-25 00:00:00,Dew Point,Dew Point,°C,
2025-03-25 00:00:00,VPD,VPD,mbar,
2025-03-24 23:00:00,U-sonic wind dir,U-sonic wind dir,deg,250.0
2025-03-24 23:00:00,HC Air temperature,HC Air temperature,°C,
2025-03-24 23:00:00,HC Relative humidity,HC Relative humidity,%,
2025-03-24 23:00:00,Dew Point,Dew Point,°C,
2025-03-24 23:00:00,VPD,VPD,mbar,
2025-03-24 23:00:00,DeltaT,DeltaT,°C,
2025-03-24 23:00:00,U-sonic wind speed,U-sonic wind speed,m/s,10.6
2025-03-24 23:00:00,Battery,Battery,mV,6539.0
2025-03-24 23:00:00,Precipitation,Precipitation,mm,0.0
2025-03-24 23:00:00,Solar Panel,Solar Panel,mV,0.0
2025-03-24 23:00:00,Solar radiation,Solar radiation,W/m2,0.0
2025-03-24 23:00:00,Wind gust,Wind gust,m/s,23.5
2025-03-24 22:00:00,Wind gust,Wind gust,m/s,25.6
2025-03-24 22:00:00,U-sonic wind speed,U-sonic wind speed,m/s,12.9
2025-03-24 22:00:00,Battery,Battery,mV,6551.0
2025-03-24 22:00:00,Precipitation,Precipitation,mm,0.0
2025-03-24 22:00:00,Solar Panel,Solar Panel,mV,0.0
2025-03-24 22:00:00,Solar radiation,Solar radiation,W/m2,0.0
2025-03-24 22:00:00,DeltaT,DeltaT,°C,
2025-03-24 22:00:00,VPD,VPD,mbar,
2025-03-24 22:00:00,Dew Point,Dew Point,°C,
2025-03-24 22:00:00,HC Relative humidity,HC Relative humidity,%,
2025-03-24 22:00:00,HC Air temperature,HC Air temperature,°C,
2025-03-24 22:00:00,U-sonic wind dir,U-sonic wind dir,deg,70.0
2025-03-24 21:00:00,Solar Panel,Solar Panel,mV,0.0
2025-03-24 21:00:00,DeltaT,DeltaT,°C,
2025-03-24 21:00:00,VPD,VPD,mbar,
2025-03-24 21:00:00,Dew Point,Dew Point,°C,
2025-03-24 21:00:00,HC Relative humidity,HC Relative humidity,%,
2025-03-24 21:00:00,HC Air temperature,HC Air temperature,°C,
2025-03-24 21:00:00,Wind gust,Wind gust,m/s,26.1
2025-03-24 21:00:00,U-sonic wind dir,U-sonic wind dir,deg,32.0
2025-03-24 21:00:00,U-sonic wind speed,U-sonic wind speed,m/s,11.8
2025-03-24 21:00:00,Battery,Battery,mV,6562.0
2025-03-24 21:00:00,Precipitation,Precipitation,mm,0.0
2025-03-24 21:00:00,Solar radiation,Solar radiation,W/m2,0.0
2025-03-24 20:00:00,Solar Panel,Solar Panel,mV,0.0
2025-03-24 20:00:00,Battery,Battery,mV,6565.0
2025-03-24 20:00:00,U-sonic wind speed,U-sonic wind speed,m/s,1.5
2025-03-24 20:00:00,U-sonic wind dir,U-sonic wind dir,deg,328.0
2025-03-24 20:00:00,Wind gust,Wind gust,m/s,10.9
2025-03-24 20:00:00,HC Air temperature,HC Air temperature,°C,
2025-03-24 20:00:00,HC Relative humidity,HC Relative humidity,%,
2025-03-24 20:00:00,Dew Point,Dew Point,°C,
2025-03-24 20:00:00,VPD,VPD,mbar,
2025-03-24 20:00:00,DeltaT,DeltaT,°C,
2025-03-24 20:00:00,Solar radiation,Solar radiation,W/m2,0.0
2025-03-24 20:00:00,Precipitation,Precipitation,mm,0.0
2025-03-24 19:00:00,Precipitation,Precipitation,mm,0.0
2025-03-24 19:00:00,HC Relative humidity,HC Relative humidity,%,
2025-03-24 19:00:00,HC Air temperature,HC Air temperature,°C,
2025-03-24 19:00:00,U-sonic wind speed,U-sonic wind speed,m/s,6.0
2025-03-24 19:00:00,Battery,Battery,mV,6571.0
2025-03-24 19:00:00,VPD,VPD,mbar,
2025-03-24 19:00:00,Dew Point,Dew Point,°C,
2025-03-24 19:00:00,Wind gust,Wind gust,m/s,18.8
2025-03-24 19:00:00,U-sonic wind dir,U-sonic wind dir,deg,18.0
2025-03-24 19:00:00,DeltaT,DeltaT,°C,
2025-03-24 19:00:00,Solar radiation,Solar radiation,W/m2,0.0
2025-03-24 19:00:00,Solar Panel,Solar Panel,mV,0.0
2025-03-24 18:00:00,Precipitation,Precipitation,mm,0.0
2025-03-24 18:00:00,Solar Panel,Solar Panel,mV,0.0
2025-03-24 18:00:00,Solar radiation,Solar radiation,W/m2,9.0
2025-03-24 18:00:00,Wind gust,Wind gust,m/s,22.1
2025-03-24 18:00:00,U-sonic wind dir,U-sonic wind dir,deg,196.0
2025-03-24 18:00:00,U-sonic wind speed,U-sonic wind speed,m/s,9.6
2025-03-24 18:00:00,Battery,Battery,mV,6619.0
2025-03-24 18:00:00,HC Air temperature,HC Air temperature,°C,
2025-03-24 18:00:00,HC Relative humidity,HC Relative humidity,%,
2025-03-24 18:00:00,Dew Point,Dew Point,°C,
2025-03-24 18:00:00,VPD,VPD,mbar,
2025-03-24 18:00:00,DeltaT,DeltaT,°C,
2025-03-24 17:00:00,Dew Point,Dew Point,°C,
2025-03-24 17:00:00,HC Air temperature,HC Air temperature,°C,
2025-03-24 17:00:00,U-sonic wind dir,U-sonic wind dir,deg,323.0
2025-03-24 17:00:00,U-sonic wind speed,U-sonic wind speed,m/s,3.7
2025-03-24 17:00:00,Battery,Battery,mV,6804.0
2025-03-24 17:00:00,DeltaT,DeltaT,°C,
2025-03-24 17:00:00,Wind gust,Wind gust,m/s,15.4
2025-03-24 17:00:00,HC Relative humidity,HC Relative humidity,%,
2025-03-24 17:00:00,Precipitation,Precipitation,mm,0.0
2025-03-24 17:00:00,Solar Panel,Solar Panel,mV,3484.0
2025-03-24 17:00:00,Solar radiation,Solar radiation,W/m2,64.0
2025-03-24 17:00:00,VPD,VPD,mbar,
2025-03-24 16:00:00,U-sonic wind speed,U-sonic wind speed,m/s,3.0
2025-03-24 16:00:00,DeltaT,DeltaT,°C,
2025-03-24 16:00:00,VPD,VPD,mbar,
2025-03-24 16:00:00,Dew Point,Dew Point,°C,
2025-03-24 16:00:00,Wind gust,Wind gust,m/s,6.3
2025-03-24 16:00:00,U-sonic wind dir,U-sonic wind dir,deg,338.0
2025-03-24 16:00:00,HC Relative humidity,HC Relative humidity,%,
2025-03-24 16:00:00,Battery,Battery,mV,6804.0
2025-03-24 16:00:00,Precipitation,Precipitation,mm,0.0
2025-03-24 16:00:00,Solar Panel,Solar Panel,mV,9605.0
2025-03-24 16:00:00,Solar radiation,Solar radiation,W/m2,325.0
2025-03-24 16:00:00,HC Air temperature,HC Air temperature,°C,
2025-03-24 15:00:00,Wind gust,Wind gust,m/s,5.4
2025-03-24 15:00:00,HC Air temperature,HC Air temperature,°C,
2025-03-24 15:00:00,Solar radiation,Solar radiation,W/m2,486.0
2025-03-24 15:00:00,Dew Point,Dew Point,°C,
2025-03-24 15:00:00,VPD,VPD,mbar,
2025-03-24 15:00:00,DeltaT,DeltaT,°C,
2025-03-24 15:00:00,HC Relative humidity,HC Relative humidity,%,
2025-03-24 15:00:00,Precipitation,Precipitation,mm,0.0
2025-03-24 15:00:00,Solar Panel,Solar Panel,mV,9969.0
2025-03-24 15:00:00,U-sonic wind speed,U-sonic wind speed,m/s,2.5
2025-03-24 15:00:00,Battery,Battery,mV,6815.0
2025-03-24 15:00:00,U-sonic wind dir,U-sonic wind dir,deg,328.0
2025-03-24 14:00:00,Battery,Battery,mV,6813.0
2025-03-24 14:00:00,HC Air temperature,HC Air temperature,°C,22.76
2025-03-24 14:00:00,Precipitation,Precipitation,mm,0.0
2025-03-24 14:00:00,Solar Panel,Solar Panel,mV,9912.0
2025-03-24 14:00:00,Solar radiation,Solar radiation,W/m2,693.0
2025-03-24 14:00:00,U-sonic wind speed,U-sonic wind speed,m/s,1.4
2025-03-24 14:00:00,U-sonic wind dir,U-sonic wind dir,deg,21.0
2025-03-24 14:00:00,Wind gust,Wind gust,m/s,5.2
2025-03-24 14:00:00,DeltaT,DeltaT,°C,7.0
2025-03-24 14:00:00,HC Relative humidity,HC Relative humidity,%,44.35
2025-03-24 14:00:00,VPD,VPD,mbar,15.4
2025-03-24 14:00:00,Dew Point,Dew Point,°C,9.9
2025-03-24 13:00:00,U-sonic wind speed,U-sonic wind speed,m/s,1.0
2025-03-24 13:00:00,DeltaT,DeltaT,°C,7.0
2025-03-24 13:00:00,U-sonic wind dir,U-sonic wind dir,deg,79.0
2025-03-24 13:00:00,HC Relative humidity,HC Relative humidity,%,46.17
2025-03-24 13:00:00,Dew Point,Dew Point,°C,9.8
2025-03-24 13:00:00,VPD,VPD,mbar,14.1
2025-03-24 13:00:00,HC Air temperature,HC Air temperature,°C,21.95
2025-03-24 13:00:00,Wind gust,Wind gust,m/s,2.5
2025-03-24 13:00:00,Solar radiation,Solar radiation,W/m2,814.0
2025-03-24 13:00:00,Solar Panel,Solar Panel,mV,10046.0
2025-03-24 13:00:00,Precipitation,Precipitation,mm,0.0
2025-03-24 13:00:00,Battery,Battery,mV,6815.0
2025-03-24 12:00:00,Dew Point,Dew Point,°C,10.8
2025-03-24 12:00:00,Wind gust,Wind gust,m/s,2.5
2025-03-24 12:00:00,U-sonic wind dir,U-sonic wind dir,deg,193.0
2025-03-24 12:00:00,U-sonic wind speed,U-sonic wind speed,m/s,0.8
2025-03-24 12:00:00,VPD,VPD,mbar,12.3
2025-03-24 12:00:00,Precipitation,Precipitation,mm,0.0
2025-03-24 12:00:00,Solar Panel,Solar Panel,mV,10055.0
2025-03-24 12:00:00,Solar radiation,Solar radiation,W/m2,833.0
2025-03-24 12:00:00,DeltaT,DeltaT,°C,6.0
2025-03-24 12:00:00,HC Air temperature,HC Air temperature,°C,21.31
2025-03-24 12:00:00,HC Relative humidity,HC Relative humidity,%,51.46
2025-03-24 12:00:00,Battery,Battery,mV,6813.0
2025-03-24 11:00:00,U-sonic wind dir,U-sonic wind dir,deg,197.0
2025-03-24 11:00:00,DeltaT,DeltaT,°C,5.0
2025-03-24 11:00:00,VPD,VPD,mbar,9.6
2025-03-24 11:00:00,HC Relative humidity,HC Relative humidity,%,58.16
2025-03-24 11:00:00,U-sonic wind speed,U-sonic wind speed,m/s,1.0
2025-03-24 11:00:00,Battery,Battery,mV,6818.0
2025-03-24 11:00:00,Precipitation,Precipitation,mm,0.0
2025-03-24 11:00:00,Solar Panel,Solar Panel,mV,10065.0
2025-03-24 11:00:00,Solar radiation,Solar radiation,W/m2,831.0
2025-03-24 11:00:00,Dew Point,Dew Point,°C,11.1
2025-03-24 11:00:00,Wind gust,Wind gust,m/s,2.7
2025-03-24 11:00:00,HC Air temperature,HC Air temperature,°C,19.69
2025-03-24 10:00:00,U-sonic wind dir,U-sonic wind dir,deg,154.0
2025-03-24 10:00:00,Solar radiation,Solar radiation,W/m2,733.0
2025-03-24 10:00:00,Solar Panel,Solar Panel,mV,10051.0
2025-03-24 10:00:00,Precipitation,Precipitation,mm,0.0
2025-03-24 10:00:00,Battery,Battery,mV,6821.0
2025-03-24 10:00:00,U-sonic wind speed,U-sonic wind speed,m/s,1.0
2025-03-24 10:00:00,Wind gust,Wind gust,m/s,3.0
2025-03-24 10:00:00,HC Air temperature,HC Air temperature,°C,18.15
2025-03-24 10:00:00,HC Relative humidity,HC Relative humidity,%,73.92
2025-03-24 10:00:00,Dew Point,Dew Point,°C,13.4
2025-03-24 10:00:00,VPD,VPD,mbar,5.4
2025-03-24 10:00:00,DeltaT,DeltaT,°C,3.0
2025-03-24 09:00:00,U-sonic wind speed,U-sonic wind speed,m/s,0.8
2025-03-24 09:00:00,Dew Point,Dew Point,°C,13.7
2025-03-24 09:00:00,VPD,VPD,mbar,3.7
2025-03-24 09:00:00,U-sonic wind dir,U-sonic wind dir,deg,143.0
2025-03-24 09:00:00,Solar radiation,Solar radiation,W/m2,588.0
2025-03-24 09:00:00,HC Air temperature,HC Air temperature,°C,17.08
2025-03-24 09:00:00,Wind gust,Wind gust,m/s,2.2
2025-03-24 09:00:00,DeltaT,DeltaT,°C,2.0
2025-03-24 09:00:00,Solar Panel,Solar Panel,mV,10022.0
2025-03-24 09:00:00,Precipitation,Precipitation,mm,0.0
2025-03-24 09:00:00,Battery,Battery,mV,6815.0
2025-03-24 09:00:00,HC Relative humidity,HC Relative humidity,%,81.03
2025-03-24 08:00:00,Solar Panel,Solar Panel,mV,9888.0
2025-03-24 08:00:00,Solar radiation,Solar radiation,W/m2,383.0
2025-03-24 08:00:00,Precipitation,Precipitation,mm,0.0
2025-03-24 08:00:00,Battery,Battery,mV,6813.0
2025-03-24 08:00:00,DeltaT,DeltaT,°C,2.0
2025-03-24 08:00:00,VPD,VPD,mbar,2.8
2025-03-24 08:00:00,Dew Point,Dew Point,°C,14.2
2025-03-24 08:00:00,HC Relative humidity,HC Relative humidity,%,84.87
2025-03-24 08:00:00,HC Air temperature,HC Air temperature,°C,16.83
2025-03-24 08:00:00,Wind gust,Wind gust,m/s,1.9
2025-03-24 08:00:00,U-sonic wind dir,U-sonic wind dir,deg,203.0
2025-03-24 08:00:00,U-sonic wind speed,U-sonic wind speed,m/s,0.7
2025-03-24 07:00:00,DeltaT,DeltaT,°C,
2025-03-24 07:00:00,Battery,Battery,mV,6804.0
2025-03-24 07:00:00,Precipitation,Precipitation,mm,0.0
2025-03-24 07:00:00,Solar Panel,Solar Panel,mV,9264.0
2025-03-24 07:00:00,VPD,VPD,mbar,
2025-03-24 07:00:00,Wind gust,Wind gust,m/s,1.5
2025-03-24 07:00:00,U-sonic wind dir,U-sonic wind dir,deg,165.0
2025-03-24 07:00:00,U-sonic wind speed,U-sonic wind speed,m/s,0.2
2025-03-24 07:00:00,Dew Point,Dew Point,°C,
2025-03-24 07:00:00,Solar radiation,Solar radiation,W/m2,172.0
2025-03-24 07:00:00,HC Relative humidity,HC Relative humidity,%,
2025-03-24 07:00:00,HC Air temperature,HC Air temperature,°C,
2025-03-24 06:00:00,U-sonic wind dir,U-sonic wind dir,deg,300.0
2025-03-24 06:00:00,Dew Point,Dew Point,°C,
2025-03-24 06:00:00,VPD,VPD,mbar,
2025-03-24 06:00:00,DeltaT,DeltaT,°C,
2025-03-24 06:00:00,HC Air temperature,HC Air temperature,°C,
2025-03-24 06:00:00,Solar Panel,Solar Panel,mV,2928.0
2025-03-24 06:00:00,Precipitation,Precipitation,mm,0.0
2025-03-24 06:00:00,Battery,Battery,mV,6531.0
2025-03-24 06:00:00,U-sonic wind speed,U-sonic wind speed,m/s,0.2
2025-03-24 06:00:00,Solar radiation,Solar radiation,W/m2,2.0
2025-03-24 06:00:00,Wind gust,Wind gust,m/s,0.6
2025-03-24 06:00:00,HC Relative humidity,HC Relative humidity,%,
2025-03-24 05:00:00,Dew Point,Dew Point,°C,
2025-03-24 05:00:00,HC Air temperature,HC Air temperature,°C,
2025-03-24 05:00:00,U-sonic wind dir,U-sonic wind dir,deg,0.0
2025-03-24 05:00:00,U-sonic wind speed,U-sonic wind speed,m/s,0.1
2025-03-24 05:00:00,Battery,Battery,mV,6514.0
2025-03-24 05:00:00,Wind gust,Wind gust,m/s,0.4
2025-03-24 05:00:00,Precipitation,Precipitation,mm,0.0
2025-03-24 05:00:00,Solar Panel,Solar Panel,mV,0.0
2025-03-24 05:00:00,Solar radiation,Solar radiation,W/m2,0.0
2025-03-24 05:00:00,HC Relative humidity,HC Relative humidity,%,
2025-03-24 05:00:00,VPD,VPD,mbar,
2025-03-24 05:00:00,DeltaT,DeltaT,°C,
2025-03-24 04:00:00,Battery,Battery,mV,6519.0
2025-03-24 04:00:00,Dew Point,Dew Point,°C,
2025-03-24 04:00:00,HC Air temperature,HC Air temperature,°C,
2025-03-24 04:00:00,VPD,VPD,mbar,
2025-03-24 04:00:00,DeltaT,DeltaT,°C,
2025-03-24 04:00:00,Precipitation,Precipitation,mm,0.0
2025-03-24 04:00:00,Solar Panel,Solar Panel,mV,0.0
2025-03-24 04:00:00,Solar radiation,Solar radiation,W/m2,0.0
2025-03-24 04:00:00,HC Relative humidity,HC Relative humidity,%,
2025-03-24 04:00:00,Wind gust,Wind gust,m/s,0.5
2025-03-24 04:00:00,U-sonic wind dir,U-sonic wind dir,deg,285.0
2025-03-24 04:00:00,U-sonic wind speed,U-sonic wind speed,m/s,0.2
