Date,nom_ar,nom_fr,unite,valeur
2025-06-19 09:00:00,Évapotranspiration journalière,Évapotranspiration journalière,mm/j,8.45
2025-06-19 09:00:00,Rayonnement solaire,Rayonnement solaire,W/m²,618.0
2025-06-19 09:00:00,Évapotranspiration Horaire,Évapotranspiration Horaire,mm/h,0.0
2025-06-19 09:00:00,Humidité relative,Humidité relative,%,48.4
2025-06-19 09:00:00,Pression atmosphérique,Pression atmosphérique,mm/j,958.1
2025-06-19 09:00:00,Direction du vent,Direction du vent,Deg,7.1
2025-06-19 09:00:00,Température,Température,°C,23.7
2025-06-19 09:00:00,Point de Rosée,Point de Rosée,°C,12.1
2025-06-19 09:00:00,Vitesse du vent,Vitesse du vent,m/s,3.78
2025-06-19 08:00:00,Point de Rosée,Point de Rosée,°C,12.0
2025-06-19 08:00:00,Rayonnement solaire,Rayonnement solaire,W/m²,410.0
2025-06-19 08:00:00,Pression atmosphérique,Pression atmosphérique,mm/j,958.3
2025-06-19 08:00:00,Évapotranspiration Horaire,Évapotranspiration Horaire,mm/h,0.0
2025-06-19 08:00:00,Évapotranspiration journalière,Évapotranspiration journalière,mm/j,8.45
2025-06-19 08:00:00,Humidité relative,Humidité relative,%,51.2
2025-06-19 08:00:00,Température,Température,°C,22.6
2025-06-19 08:00:00,Vitesse du vent,Vitesse du vent,m/s,3.99
2025-06-19 08:00:00,Direction du vent,Direction du vent,Deg,304.9
2025-06-19 07:00:00,Température,Température,°C,21.7
2025-06-19 07:00:00,Évapotranspiration journalière,Évapotranspiration journalière,mm/j,8.45
2025-06-19 07:00:00,Rayonnement solaire,Rayonnement solaire,W/m²,205.0
2025-06-19 07:00:00,Évapotranspiration Horaire,Évapotranspiration Horaire,mm/h,0.0
2025-06-19 07:00:00,Vitesse du vent,Vitesse du vent,m/s,4.38
2025-06-19 07:00:00,Pression atmosphérique,Pression atmosphérique,mm/j,958.1
2025-06-19 07:00:00,Humidité relative,Humidité relative,%,55.5
2025-06-19 07:00:00,Direction du vent,Direction du vent,Deg,313.3
2025-06-19 07:00:00,Point de Rosée,Point de Rosée,°C,12.4
2025-06-19 06:00:00,Évapotranspiration journalière,Évapotranspiration journalière,mm/j,8.45
2025-06-19 06:00:00,Direction du vent,Direction du vent,Deg,316.6
2025-06-19 06:00:00,Vitesse du vent,Vitesse du vent,m/s,1.27
2025-06-19 06:00:00,Température,Température,°C,20.2
2025-06-19 06:00:00,Humidité relative,Humidité relative,%,59.7
2025-06-19 06:00:00,Point de Rosée,Point de Rosée,°C,12.1
2025-06-19 06:00:00,Rayonnement solaire,Rayonnement solaire,W/m²,69.0
2025-06-19 06:00:00,Pression atmosphérique,Pression atmosphérique,mm/j,957.8
2025-06-19 06:00:00,Évapotranspiration Horaire,Évapotranspiration Horaire,mm/h,0.0
2025-06-19 05:00:00,Point de Rosée,Point de Rosée,°C,12.6
2025-06-19 05:00:00,Rayonnement solaire,Rayonnement solaire,W/m²,0.0
2025-06-19 05:00:00,Évapotranspiration journalière,Évapotranspiration journalière,mm/j,8.45
2025-06-19 05:00:00,Pression atmosphérique,Pression atmosphérique,mm/j,957.5
2025-06-19 05:00:00,Évapotranspiration Horaire,Évapotranspiration Horaire,mm/h,0.0
2025-06-19 05:00:00,Direction du vent,Direction du vent,Deg,308.1
2025-06-19 05:00:00,Vitesse du vent,Vitesse du vent,m/s,2.79
2025-06-19 05:00:00,Température,Température,°C,19.7
2025-06-19 05:00:00,Humidité relative,Humidité relative,%,63.6
2025-06-19 04:00:00,Température,Température,°C,20.2
2025-06-19 04:00:00,Point de Rosée,Point de Rosée,°C,13.2
2025-06-19 04:00:00,Direction du vent,Direction du vent,Deg,316.1
2025-06-19 04:00:00,Humidité relative,Humidité relative,%,64.3
2025-06-19 04:00:00,Vitesse du vent,Vitesse du vent,m/s,4.84
2025-06-19 04:00:00,Rayonnement solaire,Rayonnement solaire,W/m²,0.0
2025-06-19 04:00:00,Évapotranspiration Horaire,Évapotranspiration Horaire,mm/h,0.0
2025-06-19 04:00:00,Pression atmosphérique,Pression atmosphérique,mm/j,957.1
2025-06-19 04:00:00,Évapotranspiration journalière,Évapotranspiration journalière,mm/j,8.45
2025-06-19 03:00:00,Point de Rosée,Point de Rosée,°C,13.5
2025-06-19 03:00:00,Rayonnement solaire,Rayonnement solaire,W/m²,0.0
2025-06-19 03:00:00,Pression atmosphérique,Pression atmosphérique,mm/j,957.2
2025-06-19 03:00:00,Évapotranspiration Horaire,Évapotranspiration Horaire,mm/h,0.0
2025-06-19 03:00:00,Évapotranspiration journalière,Évapotranspiration journalière,mm/j,8.45
2025-06-19 03:00:00,Direction du vent,Direction du vent,Deg,328.2
2025-06-19 03:00:00,Vitesse du vent,Vitesse du vent,m/s,5.8
2025-06-19 03:00:00,Température,Température,°C,20.9
2025-06-19 03:00:00,Humidité relative,Humidité relative,%,62.8
2025-06-19 02:00:00,Évapotranspiration journalière,Évapotranspiration journalière,mm/j,8.45
2025-06-19 02:00:00,Humidité relative,Humidité relative,%,62.7
2025-06-19 02:00:00,Évapotranspiration Horaire,Évapotranspiration Horaire,mm/h,0.0
2025-06-19 02:00:00,Point de Rosée,Point de Rosée,°C,13.7
2025-06-19 02:00:00,Pression atmosphérique,Pression atmosphérique,mm/j,957.4
2025-06-19 02:00:00,Vitesse du vent,Vitesse du vent,m/s,6.38
2025-06-19 02:00:00,Direction du vent,Direction du vent,Deg,329.9
2025-06-19 02:00:00,Température,Température,°C,21.1
2025-06-19 02:00:00,Rayonnement solaire,Rayonnement solaire,W/m²,0.0
2025-06-19 01:00:00,Humidité relative,Humidité relative,%,60.2
2025-06-19 01:00:00,Direction du vent,Direction du vent,Deg,319.2
2025-06-19 01:00:00,Vitesse du vent,Vitesse du vent,m/s,7.45
2025-06-19 01:00:00,Température,Température,°C,21.8
2025-06-19 01:00:00,Point de Rosée,Point de Rosée,°C,13.7
2025-06-19 01:00:00,Rayonnement solaire,Rayonnement solaire,W/m²,0.0
2025-06-19 01:00:00,Pression atmosphérique,Pression atmosphérique,mm/j,957.7
2025-06-19 01:00:00,Évapotranspiration Horaire,Évapotranspiration Horaire,mm/h,0.0
2025-06-19 01:00:00,Évapotranspiration journalière,Évapotranspiration journalière,mm/j,8.45
2025-06-19 00:00:00,Vitesse du vent,Vitesse du vent,m/s,2.27
2025-06-19 00:00:00,Point de Rosée,Point de Rosée,°C,14.3
2025-06-19 00:00:00,Pression atmosphérique,Pression atmosphérique,mm/j,958.3
2025-06-19 00:00:00,Humidité relative,Humidité relative,%,57.6
2025-06-19 00:00:00,Rayonnement solaire,Rayonnement solaire,W/m²,0.0
2025-06-19 00:00:00,Température,Température,°C,23.1
2025-06-19 00:00:00,Évapotranspiration Horaire,Évapotranspiration Horaire,mm/h,0.0
2025-06-19 00:00:00,Évapotranspiration journalière,Évapotranspiration journalière,mm/j,8.99
2025-06-19 00:00:00,Direction du vent,Direction du vent,Deg,311.7
2025-06-18 23:00:00,Rayonnement solaire,Rayonnement solaire,W/m²,0.0
2025-06-18 23:00:00,Évapotranspiration journalière,Évapotranspiration journalière,mm/j,8.99
2025-06-18 23:00:00,Évapotranspiration Horaire,Évapotranspiration Horaire,mm/h,0.0
2025-06-18 23:00:00,Pression atmosphérique,Pression atmosphérique,mm/j,958.5
2025-06-18 23:00:00,Point de Rosée,Point de Rosée,°C,14.6
2025-06-18 23:00:00,Humidité relative,Humidité relative,%,56.4
2025-06-18 23:00:00,Température,Température,°C,23.8
2025-06-18 23:00:00,Vitesse du vent,Vitesse du vent,m/s,1.56
2025-06-18 23:00:00,Direction du vent,Direction du vent,Deg,330.1
2025-06-18 22:00:00,Humidité relative,Humidité relative,%,54.4
2025-06-18 22:00:00,Évapotranspiration journalière,Évapotranspiration journalière,mm/j,8.99
2025-06-18 22:00:00,Direction du vent,Direction du vent,Deg,34.4
2025-06-18 22:00:00,Évapotranspiration Horaire,Évapotranspiration Horaire,mm/h,0.0
2025-06-18 22:00:00,Point de Rosée,Point de Rosée,°C,15.0
2025-06-18 22:00:00,Vitesse du vent,Vitesse du vent,m/s,3.8
2025-06-18 22:00:00,Pression atmosphérique,Pression atmosphérique,mm/j,958.6
2025-06-18 22:00:00,Température,Température,°C,24.9
2025-06-18 22:00:00,Rayonnement solaire,Rayonnement solaire,W/m²,0.0
2025-06-18 21:00:00,Vitesse du vent,Vitesse du vent,m/s,5.58
2025-06-18 21:00:00,Évapotranspiration journalière,Évapotranspiration journalière,mm/j,8.99
2025-06-18 21:00:00,Évapotranspiration Horaire,Évapotranspiration Horaire,mm/h,0.0
2025-06-18 21:00:00,Pression atmosphérique,Pression atmosphérique,mm/j,958.1
2025-06-18 21:00:00,Rayonnement solaire,Rayonnement solaire,W/m²,0.0
2025-06-18 21:00:00,Point de Rosée,Point de Rosée,°C,17.1
2025-06-18 21:00:00,Humidité relative,Humidité relative,%,60.0
2025-06-18 21:00:00,Température,Température,°C,25.5
2025-06-18 21:00:00,Direction du vent,Direction du vent,Deg,47.4
2025-06-18 18:00:00,Vitesse du vent,Vitesse du vent,m/s,4.6
2025-06-18 18:00:00,Évapotranspiration journalière,Évapotranspiration journalière,mm/j,8.99
2025-06-18 18:00:00,Humidité relative,Humidité relative,%,19.0
2025-06-18 18:00:00,Évapotranspiration Horaire,Évapotranspiration Horaire,mm/h,0.0
2025-06-18 18:00:00,Direction du vent,Direction du vent,Deg,335.4
2025-06-18 18:00:00,Pression atmosphérique,Pression atmosphérique,mm/j,955.1
2025-06-18 18:00:00,Température,Température,°C,32.5
2025-06-18 18:00:00,Rayonnement solaire,Rayonnement solaire,W/m²,225.0
2025-06-18 18:00:00,Point de Rosée,Point de Rosée,°C,5.9
2025-06-18 17:00:00,Humidité relative,Humidité relative,%,16.7
2025-06-18 17:00:00,Évapotranspiration journalière,Évapotranspiration journalière,mm/j,8.99
2025-06-18 17:00:00,Évapotranspiration Horaire,Évapotranspiration Horaire,mm/h,0.0
2025-06-18 17:00:00,Pression atmosphérique,Pression atmosphérique,mm/j,955.0
2025-06-18 17:00:00,Rayonnement solaire,Rayonnement solaire,W/m²,418.0
2025-06-18 17:00:00,Point de Rosée,Point de Rosée,°C,4.4
2025-06-18 17:00:00,Température,Température,°C,32.9
2025-06-18 17:00:00,Vitesse du vent,Vitesse du vent,m/s,4.69
2025-06-18 17:00:00,Direction du vent,Direction du vent,Deg,347.5
2025-06-18 16:00:00,Direction du vent,Direction du vent,Deg,293.3
2025-06-18 16:00:00,Évapotranspiration journalière,Évapotranspiration journalière,mm/j,8.99
2025-06-18 16:00:00,Évapotranspiration Horaire,Évapotranspiration Horaire,mm/h,0.0
2025-06-18 16:00:00,Pression atmosphérique,Pression atmosphérique,mm/j,955.2
2025-06-18 16:00:00,Rayonnement solaire,Rayonnement solaire,W/m²,606.0
2025-06-18 16:00:00,Point de Rosée,Point de Rosée,°C,0.5
2025-06-18 16:00:00,Humidité relative,Humidité relative,%,12.1
2025-06-18 16:00:00,Température,Température,°C,33.7
2025-06-18 16:00:00,Vitesse du vent,Vitesse du vent,m/s,4.54
2025-06-18 15:00:00,Température,Température,°C,33.8
2025-06-18 15:00:00,Point de Rosée,Point de Rosée,°C,-2.5
2025-06-18 15:00:00,Évapotranspiration journalière,Évapotranspiration journalière,mm/j,8.99
2025-06-18 15:00:00,Direction du vent,Direction du vent,Deg,312.3
2025-06-18 15:00:00,Évapotranspiration Horaire,Évapotranspiration Horaire,mm/h,0.0
2025-06-18 15:00:00,Humidité relative,Humidité relative,%,9.6
2025-06-18 15:00:00,Pression atmosphérique,Pression atmosphérique,mm/j,955.6
2025-06-18 15:00:00,Vitesse du vent,Vitesse du vent,m/s,6.21
2025-06-18 15:00:00,Rayonnement solaire,Rayonnement solaire,W/m²,790.0
2025-06-18 14:00:00,Direction du vent,Direction du vent,Deg,311.5
2025-06-18 14:00:00,Évapotranspiration journalière,Évapotranspiration journalière,mm/j,8.99
2025-06-18 14:00:00,Évapotranspiration Horaire,Évapotranspiration Horaire,mm/h,0.0
2025-06-18 14:00:00,Pression atmosphérique,Pression atmosphérique,mm/j,956.3
2025-06-18 14:00:00,Rayonnement solaire,Rayonnement solaire,W/m²,277.0
2025-06-18 14:00:00,Point de Rosée,Point de Rosée,°C,4.0
2025-06-18 14:00:00,Humidité relative,Humidité relative,%,16.5
2025-06-18 14:00:00,Température,Température,°C,32.6
2025-06-18 14:00:00,Vitesse du vent,Vitesse du vent,m/s,2.67
2025-06-18 13:00:00,Température,Température,°C,33.0
2025-06-18 13:00:00,Point de Rosée,Point de Rosée,°C,2.7
2025-06-18 13:00:00,Évapotranspiration journalière,Évapotranspiration journalière,mm/j,8.99
2025-06-18 13:00:00,Direction du vent,Direction du vent,Deg,319.6
2025-06-18 13:00:00,Évapotranspiration Horaire,Évapotranspiration Horaire,mm/h,0.0
2025-06-18 13:00:00,Humidité relative,Humidité relative,%,14.7
2025-06-18 13:00:00,Pression atmosphérique,Pression atmosphérique,mm/j,956.5
2025-06-18 13:00:00,Vitesse du vent,Vitesse du vent,m/s,5.18
2025-06-18 13:00:00,Rayonnement solaire,Rayonnement solaire,W/m²,904.0
2025-06-18 12:00:00,Évapotranspiration journalière,Évapotranspiration journalière,mm/j,8.99
2025-06-18 12:00:00,Évapotranspiration Horaire,Évapotranspiration Horaire,mm/h,0.0
2025-06-18 12:00:00,Pression atmosphérique,Pression atmosphérique,mm/j,956.8
2025-06-18 12:00:00,Rayonnement solaire,Rayonnement solaire,W/m²,907.0
2025-06-18 12:00:00,Point de Rosée,Point de Rosée,°C,4.0
2025-06-18 12:00:00,Humidité relative,Humidité relative,%,17.4
2025-06-18 12:00:00,Température,Température,°C,31.8
2025-06-18 12:00:00,Vitesse du vent,Vitesse du vent,m/s,3.13
2025-06-18 12:00:00,Direction du vent,Direction du vent,Deg,326.6
2025-06-18 11:00:00,Direction du vent,Direction du vent,Deg,296.2
2025-06-18 11:00:00,Point de Rosée,Point de Rosée,°C,7.2
2025-06-18 11:00:00,Rayonnement solaire,Rayonnement solaire,W/m²,856.0
2025-06-18 11:00:00,Humidité relative,Humidité relative,%,23.2
2025-06-18 11:00:00,Pression atmosphérique,Pression atmosphérique,mm/j,957.2
2025-06-18 11:00:00,Température,Température,°C,30.6
2025-06-18 11:00:00,Évapotranspiration Horaire,Évapotranspiration Horaire,mm/h,0.0
2025-06-18 11:00:00,Vitesse du vent,Vitesse du vent,m/s,3.14
2025-06-18 11:00:00,Évapotranspiration journalière,Évapotranspiration journalière,mm/j,8.99
2025-06-18 09:00:00,Vitesse du vent,Vitesse du vent,m/s,1.67
2025-06-18 09:00:00,Évapotranspiration journalière,Évapotranspiration journalière,mm/j,8.99
2025-06-18 09:00:00,Évapotranspiration Horaire,Évapotranspiration Horaire,mm/h,0.0
2025-06-18 09:00:00,Pression atmosphérique,Pression atmosphérique,mm/j,957.4
2025-06-18 09:00:00,Rayonnement solaire,Rayonnement solaire,W/m²,622.0
2025-06-18 09:00:00,Point de Rosée,Point de Rosée,°C,8.7
2025-06-18 09:00:00,Humidité relative,Humidité relative,%,29.0
2025-06-18 09:00:00,Température,Température,°C,28.4
2025-06-18 09:00:00,Direction du vent,Direction du vent,Deg,299.3
2025-06-18 07:00:00,Pression atmosphérique,Pression atmosphérique,mm/j,957.2
2025-06-18 07:00:00,Évapotranspiration journalière,Évapotranspiration journalière,mm/j,8.99
2025-06-18 07:00:00,Évapotranspiration Horaire,Évapotranspiration Horaire,mm/h,0.0
2025-06-18 07:00:00,Rayonnement solaire,Rayonnement solaire,W/m²,199.0
2025-06-18 07:00:00,Point de Rosée,Point de Rosée,°C,12.3
2025-06-18 07:00:00,Humidité relative,Humidité relative,%,44.8
2025-06-18 07:00:00,Température,Température,°C,25.2
2025-06-18 07:00:00,Vitesse du vent,Vitesse du vent,m/s,0.88
2025-06-18 07:00:00,Direction du vent,Direction du vent,Deg,161.2
2025-06-18 05:00:00,Direction du vent,Direction du vent,Deg,118.8
2025-06-18 05:00:00,Point de Rosée,Point de Rosée,°C,10.8
2025-06-18 05:00:00,Température,Température,°C,21.6
2025-06-18 05:00:00,Humidité relative,Humidité relative,%,50.3
2025-06-18 05:00:00,Évapotranspiration Horaire,Évapotranspiration Horaire,mm/h,0.0
2025-06-18 05:00:00,Évapotranspiration journalière,Évapotranspiration journalière,mm/j,8.99
2025-06-18 05:00:00,Pression atmosphérique,Pression atmosphérique,mm/j,956.7
2025-06-18 05:00:00,Vitesse du vent,Vitesse du vent,m/s,1.03
2025-06-18 05:00:00,Rayonnement solaire,Rayonnement solaire,W/m²,0.0
2025-06-18 04:00:00,Température,Température,°C,22.1
2025-06-18 04:00:00,Évapotranspiration journalière,Évapotranspiration journalière,mm/j,8.99
2025-06-18 04:00:00,Évapotranspiration Horaire,Évapotranspiration Horaire,mm/h,0.0
2025-06-18 04:00:00,Pression atmosphérique,Pression atmosphérique,mm/j,956.5
2025-06-18 04:00:00,Rayonnement solaire,Rayonnement solaire,W/m²,0.0
2025-06-18 04:00:00,Point de Rosée,Point de Rosée,°C,10.5
2025-06-18 04:00:00,Humidité relative,Humidité relative,%,47.8
2025-06-18 04:00:00,Direction du vent,Direction du vent,Deg,237.3
2025-06-18 04:00:00,Vitesse du vent,Vitesse du vent,m/s,0.61
2025-06-18 03:00:00,Point de Rosée,Point de Rosée,°C,11.1
2025-06-18 03:00:00,Évapotranspiration journalière,Évapotranspiration journalière,mm/j,8.99
2025-06-18 03:00:00,Direction du vent,Direction du vent,Deg,258.3
2025-06-18 03:00:00,Température,Température,°C,22.8
2025-06-18 03:00:00,Humidité relative,Humidité relative,%,47.6
2025-06-18 03:00:00,Pression atmosphérique,Pression atmosphérique,mm/j,956.8
2025-06-18 03:00:00,Rayonnement solaire,Rayonnement solaire,W/m²,0.0
2025-06-18 03:00:00,Évapotranspiration Horaire,Évapotranspiration Horaire,mm/h,0.0
2025-06-18 03:00:00,Vitesse du vent,Vitesse du vent,m/s,1.23
2025-06-18 02:00:00,Pression atmosphérique,Pression atmosphérique,mm/j,957.0
2025-06-18 02:00:00,Évapotranspiration journalière,Évapotranspiration journalière,mm/j,8.99
2025-06-18 02:00:00,Évapotranspiration Horaire,Évapotranspiration Horaire,mm/h,0.0
2025-06-18 02:00:00,Rayonnement solaire,Rayonnement solaire,W/m²,0.0
2025-06-18 02:00:00,Point de Rosée,Point de Rosée,°C,11.2
2025-06-18 02:00:00,Humidité relative,Humidité relative,%,46.4
2025-06-18 02:00:00,Température,Température,°C,23.4
2025-06-18 02:00:00,Vitesse du vent,Vitesse du vent,m/s,0.96
2025-06-18 02:00:00,Direction du vent,Direction du vent,Deg,7.8
2025-06-18 01:00:00,Point de Rosée,Point de Rosée,°C,11.2
2025-06-18 01:00:00,Humidité relative,Humidité relative,%,44.5
2025-06-18 01:00:00,Pression atmosphérique,Pression atmosphérique,mm/j,957.6
2025-06-18 01:00:00,Température,Température,°C,24.1
2025-06-18 01:00:00,Rayonnement solaire,Rayonnement solaire,W/m²,0.0
2025-06-18 01:00:00,Évapotranspiration Horaire,Évapotranspiration Horaire,mm/h,0.0
2025-06-18 01:00:00,Vitesse du vent,Vitesse du vent,m/s,0.89
2025-06-18 01:00:00,Évapotranspiration journalière,Évapotranspiration journalière,mm/j,8.99
2025-06-18 01:00:00,Direction du vent,Direction du vent,Deg,322.9
2025-06-17 23:00:00,Évapotranspiration journalière,Évapotranspiration journalière,mm/j,8.15
2025-06-17 23:00:00,Évapotranspiration Horaire,Évapotranspiration Horaire,mm/h,0.0
2025-06-17 23:00:00,Pression atmosphérique,Pression atmosphérique,mm/j,958.4
2025-06-17 23:00:00,Rayonnement solaire,Rayonnement solaire,W/m²,0.0
2025-06-17 23:00:00,Point de Rosée,Point de Rosée,°C,11.6
2025-06-17 23:00:00,Humidité relative,Humidité relative,%,39.8
2025-06-17 23:00:00,Température,Température,°C,26.4
2025-06-17 23:00:00,Vitesse du vent,Vitesse du vent,m/s,1.68
2025-06-17 23:00:00,Direction du vent,Direction du vent,Deg,0.3
2025-06-17 21:00:00,Point de Rosée,Point de Rosée,°C,11.6
2025-06-17 21:00:00,Évapotranspiration journalière,Évapotranspiration journalière,mm/j,8.15
2025-06-17 21:00:00,Évapotranspiration Horaire,Évapotranspiration Horaire,mm/h,0.0
2025-06-17 21:00:00,Pression atmosphérique,Pression atmosphérique,mm/j,957.9
2025-06-17 21:00:00,Rayonnement solaire,Rayonnement solaire,W/m²,0.0
2025-06-17 21:00:00,Humidité relative,Humidité relative,%,34.1
2025-06-17 21:00:00,Température,Température,°C,29.0
2025-06-17 21:00:00,Vitesse du vent,Vitesse du vent,m/s,4.64
2025-06-17 21:00:00,Direction du vent,Direction du vent,Deg,55.6
2025-06-17 20:00:00,Évapotranspiration Horaire,Évapotranspiration Horaire,mm/h,0.0
2025-06-17 20:00:00,Humidité relative,Humidité relative,%,30.3
2025-06-17 20:00:00,Rayonnement solaire,Rayonnement solaire,W/m²,0.0
2025-06-17 20:00:00,Température,Température,°C,30.6
2025-06-17 20:00:00,Pression atmosphérique,Pression atmosphérique,mm/j,957.0
2025-06-17 20:00:00,Vitesse du vent,Vitesse du vent,m/s,1.92
2025-06-17 20:00:00,Point de Rosée,Point de Rosée,°C,11.2
2025-06-17 20:00:00,Direction du vent,Direction du vent,Deg,3.3
2025-06-17 20:00:00,Évapotranspiration journalière,Évapotranspiration journalière,mm/j,8.15
2025-06-17 19:00:00,Direction du vent,Direction du vent,Deg,66.0
2025-06-17 19:00:00,Évapotranspiration journalière,Évapotranspiration journalière,mm/j,8.15
2025-06-17 19:00:00,Évapotranspiration Horaire,Évapotranspiration Horaire,mm/h,0.0
2025-06-17 19:00:00,Pression atmosphérique,Pression atmosphérique,mm/j,956.2
2025-06-17 19:00:00,Rayonnement solaire,Rayonnement solaire,W/m²,47.0
2025-06-17 19:00:00,Point de Rosée,Point de Rosée,°C,11.2
2025-06-17 19:00:00,Humidité relative,Humidité relative,%,27.8
2025-06-17 19:00:00,Température,Température,°C,32.1
2025-06-17 19:00:00,Vitesse du vent,Vitesse du vent,m/s,6.57
2025-06-17 18:00:00,Direction du vent,Direction du vent,Deg,66.8
2025-06-17 18:00:00,Évapotranspiration journalière,Évapotranspiration journalière,mm/j,8.15
2025-06-17 18:00:00,Évapotranspiration Horaire,Évapotranspiration Horaire,mm/h,0.0
2025-06-17 18:00:00,Pression atmosphérique,Pression atmosphérique,mm/j,955.3
2025-06-17 18:00:00,Rayonnement solaire,Rayonnement solaire,W/m²,207.0
2025-06-17 18:00:00,Point de Rosée,Point de Rosée,°C,7.8
2025-06-17 18:00:00,Humidité relative,Humidité relative,%,18.2
2025-06-17 18:00:00,Température,Température,°C,35.6
2025-06-17 18:00:00,Vitesse du vent,Vitesse du vent,m/s,7.32
2025-06-17 17:00:00,Évapotranspiration Horaire,Évapotranspiration Horaire,mm/h,0.0
2025-06-17 17:00:00,Point de Rosée,Point de Rosée,°C,3.5
2025-06-17 17:00:00,Évapotranspiration journalière,Évapotranspiration journalière,mm/j,8.15
2025-06-17 17:00:00,Rayonnement solaire,Rayonnement solaire,W/m²,418.0
2025-06-17 17:00:00,Vitesse du vent,Vitesse du vent,m/s,2.16
2025-06-17 17:00:00,Humidité relative,Humidité relative,%,12.1
2025-06-17 17:00:00,Direction du vent,Direction du vent,Deg,290.0
2025-06-17 17:00:00,Pression atmosphérique,Pression atmosphérique,mm/j,954.9
2025-06-17 17:00:00,Température,Température,°C,37.6
2025-06-17 16:00:00,Point de Rosée,Point de Rosée,°C,3.5
2025-06-17 16:00:00,Humidité relative,Humidité relative,%,12.1
2025-06-17 16:00:00,Température,Température,°C,37.6
2025-06-17 16:00:00,Vitesse du vent,Vitesse du vent,m/s,4.38
2025-06-17 16:00:00,Direction du vent,Direction du vent,Deg,312.3
2025-06-17 16:00:00,Évapotranspiration journalière,Évapotranspiration journalière,mm/j,8.15
2025-06-17 16:00:00,Évapotranspiration Horaire,Évapotranspiration Horaire,mm/h,0.0
2025-06-17 16:00:00,Pression atmosphérique,Pression atmosphérique,mm/j,955.4
2025-06-17 16:00:00,Rayonnement solaire,Rayonnement solaire,W/m²,598.0
2025-06-17 15:00:00,Évapotranspiration journalière,Évapotranspiration journalière,mm/j,8.15
2025-06-17 15:00:00,Évapotranspiration Horaire,Évapotranspiration Horaire,mm/h,0.0
2025-06-17 15:00:00,Pression atmosphérique,Pression atmosphérique,mm/j,955.6
2025-06-17 15:00:00,Rayonnement solaire,Rayonnement solaire,W/m²,722.0
2025-06-17 15:00:00,Point de Rosée,Point de Rosée,°C,3.4
2025-06-17 15:00:00,Humidité relative,Humidité relative,%,11.8
2025-06-17 15:00:00,Température,Température,°C,38.0
2025-06-17 15:00:00,Vitesse du vent,Vitesse du vent,m/s,6.77
2025-06-17 15:00:00,Direction du vent,Direction du vent,Deg,355.1
2025-06-17 13:00:00,Évapotranspiration journalière,Évapotranspiration journalière,mm/j,8.15
2025-06-17 13:00:00,Évapotranspiration Horaire,Évapotranspiration Horaire,mm/h,0.0
2025-06-17 13:00:00,Pression atmosphérique,Pression atmosphérique,mm/j,956.5
2025-06-17 13:00:00,Rayonnement solaire,Rayonnement solaire,W/m²,901.0
2025-06-17 13:00:00,Point de Rosée,Point de Rosée,°C,7.2
2025-06-17 13:00:00,Humidité relative,Humidité relative,%,16.6
2025-06-17 13:00:00,Température,Température,°C,36.6
2025-06-17 13:00:00,Vitesse du vent,Vitesse du vent,m/s,2.11
2025-06-17 13:00:00,Direction du vent,Direction du vent,Deg,21.8
2025-06-17 11:00:00,Évapotranspiration journalière,Évapotranspiration journalière,mm/j,8.15
2025-06-17 11:00:00,Évapotranspiration Horaire,Évapotranspiration Horaire,mm/h,0.0
2025-06-17 11:00:00,Pression atmosphérique,Pression atmosphérique,mm/j,957.7
2025-06-17 11:00:00,Point de Rosée,Point de Rosée,°C,7.6
2025-06-17 11:00:00,Vitesse du vent,Vitesse du vent,m/s,1.51
2025-06-17 11:00:00,Humidité relative,Humidité relative,%,20.7
2025-06-17 11:00:00,Direction du vent,Direction du vent,Deg,173.0
2025-06-17 11:00:00,Rayonnement solaire,Rayonnement solaire,W/m²,622.0
2025-06-17 11:00:00,Température,Température,°C,33.1
2025-06-17 09:00:00,Point de Rosée,Point de Rosée,°C,8.1
2025-06-17 09:00:00,Direction du vent,Direction du vent,Deg,166.2
2025-06-17 09:00:00,Vitesse du vent,Vitesse du vent,m/s,2.91
2025-06-17 09:00:00,Température,Température,°C,30.6
2025-06-17 09:00:00,Humidité relative,Humidité relative,%,24.7
2025-06-17 09:00:00,Rayonnement solaire,Rayonnement solaire,W/m²,594.0
2025-06-17 09:00:00,Pression atmosphérique,Pression atmosphérique,mm/j,957.9
2025-06-17 09:00:00,Évapotranspiration Horaire,Évapotranspiration Horaire,mm/h,0.0
2025-06-17 09:00:00,Évapotranspiration journalière,Évapotranspiration journalière,mm/j,8.15
2025-06-17 08:00:00,Direction du vent,Direction du vent,Deg,130.6
2025-06-17 08:00:00,Pression atmosphérique,Pression atmosphérique,mm/j,958.0
2025-06-17 08:00:00,Évapotranspiration Horaire,Évapotranspiration Horaire,mm/h,0.0
2025-06-17 08:00:00,Rayonnement solaire,Rayonnement solaire,W/m²,381.0
2025-06-17 08:00:00,Évapotranspiration journalière,Évapotranspiration journalière,mm/j,8.15
2025-06-17 08:00:00,Point de Rosée,Point de Rosée,°C,7.6
2025-06-17 08:00:00,Humidité relative,Humidité relative,%,25.0
2025-06-17 08:00:00,Température,Température,°C,29.7
2025-06-17 08:00:00,Vitesse du vent,Vitesse du vent,m/s,1.23
2025-06-17 07:00:00,Température,Température,°C,28.4
2025-06-17 07:00:00,Évapotranspiration Horaire,Évapotranspiration Horaire,mm/h,0.0
2025-06-17 07:00:00,Point de Rosée,Point de Rosée,°C,7.9
2025-06-17 07:00:00,Direction du vent,Direction du vent,Deg,52.9
2025-06-17 07:00:00,Pression atmosphérique,Pression atmosphérique,mm/j,957.6
2025-06-17 07:00:00,Évapotranspiration journalière,Évapotranspiration journalière,mm/j,8.15
2025-06-17 07:00:00,Humidité relative,Humidité relative,%,27.5
2025-06-17 07:00:00,Vitesse du vent,Vitesse du vent,m/s,1.62
2025-06-17 07:00:00,Rayonnement solaire,Rayonnement solaire,W/m²,196.0
2025-06-17 06:00:00,Point de Rosée,Point de Rosée,°C,6.6
2025-06-17 06:00:00,Évapotranspiration journalière,Évapotranspiration journalière,mm/j,8.15
2025-06-17 06:00:00,Évapotranspiration Horaire,Évapotranspiration Horaire,mm/h,0.0
2025-06-17 06:00:00,Pression atmosphérique,Pression atmosphérique,mm/j,957.5
2025-06-17 06:00:00,Rayonnement solaire,Rayonnement solaire,W/m²,66.0
2025-06-17 06:00:00,Humidité relative,Humidité relative,%,31.8
2025-06-17 06:00:00,Température,Température,°C,24.5
2025-06-17 06:00:00,Vitesse du vent,Vitesse du vent,m/s,1.64
2025-06-17 06:00:00,Direction du vent,Direction du vent,Deg,332.2
2025-06-17 05:00:00,Rayonnement solaire,Rayonnement solaire,W/m²,0.0
2025-06-17 05:00:00,Point de Rosée,Point de Rosée,°C,6.4
2025-06-17 05:00:00,Humidité relative,Humidité relative,%,33.5
2025-06-17 05:00:00,Température,Température,°C,23.4
2025-06-17 05:00:00,Vitesse du vent,Vitesse du vent,m/s,1.1
2025-06-17 05:00:00,Direction du vent,Direction du vent,Deg,341.8
2025-06-17 05:00:00,Évapotranspiration journalière,Évapotranspiration journalière,mm/j,8.15
2025-06-17 05:00:00,Évapotranspiration Horaire,Évapotranspiration Horaire,mm/h,0.0
2025-06-17 05:00:00,Pression atmosphérique,Pression atmosphérique,mm/j,957.5
2025-06-17 04:00:00,Évapotranspiration Horaire,Évapotranspiration Horaire,mm/h,0.0
2025-06-17 04:00:00,Évapotranspiration journalière,Évapotranspiration journalière,mm/j,8.15
2025-06-17 04:00:00,Pression atmosphérique,Pression atmosphérique,mm/j,957.4
2025-06-17 04:00:00,Point de Rosée,Point de Rosée,°C,6.4
2025-06-17 04:00:00,Température,Température,°C,24.4
2025-06-17 04:00:00,Direction du vent,Direction du vent,Deg,234.7
2025-06-17 04:00:00,Rayonnement solaire,Rayonnement solaire,W/m²,0.0
2025-06-17 04:00:00,Vitesse du vent,Vitesse du vent,m/s,0.94
2025-06-17 04:00:00,Humidité relative,Humidité relative,%,31.4
2025-06-17 03:00:00,Direction du vent,Direction du vent,Deg,358.6
2025-06-17 03:00:00,Évapotranspiration journalière,Évapotranspiration journalière,mm/j,8.15
2025-06-17 03:00:00,Évapotranspiration Horaire,Évapotranspiration Horaire,mm/h,0.0
2025-06-17 03:00:00,Pression atmosphérique,Pression atmosphérique,mm/j,957.6
2025-06-17 03:00:00,Rayonnement solaire,Rayonnement solaire,W/m²,0.0
2025-06-17 03:00:00,Point de Rosée,Point de Rosée,°C,6.4
2025-06-17 03:00:00,Humidité relative,Humidité relative,%,28.0
2025-06-17 03:00:00,Température,Température,°C,26.4
2025-06-17 03:00:00,Vitesse du vent,Vitesse du vent,m/s,0.99
2025-06-17 02:00:00,Direction du vent,Direction du vent,Deg,339.4
2025-06-17 02:00:00,Évapotranspiration Horaire,Évapotranspiration Horaire,mm/h,0.0
2025-06-17 02:00:00,Pression atmosphérique,Pression atmosphérique,mm/j,958.0
2025-06-17 02:00:00,Rayonnement solaire,Rayonnement solaire,W/m²,0.0
2025-06-17 02:00:00,Point de Rosée,Point de Rosée,°C,6.8
2025-06-17 02:00:00,Humidité relative,Humidité relative,%,28.2
2025-06-17 02:00:00,Température,Température,°C,26.7
2025-06-17 02:00:00,Vitesse du vent,Vitesse du vent,m/s,1.12
2025-06-17 02:00:00,Évapotranspiration journalière,Évapotranspiration journalière,mm/j,8.15
2025-06-17 01:00:00,Vitesse du vent,Vitesse du vent,m/s,1.55
2025-06-17 01:00:00,Direction du vent,Direction du vent,Deg,334.6
2025-06-17 01:00:00,Évapotranspiration journalière,Évapotranspiration journalière,mm/j,8.15
2025-06-17 01:00:00,Point de Rosée,Point de Rosée,°C,6.9
2025-06-17 01:00:00,Évapotranspiration Horaire,Évapotranspiration Horaire,mm/h,0.0
2025-06-17 01:00:00,Température,Température,°C,26.4
2025-06-17 01:00:00,Pression atmosphérique,Pression atmosphérique,mm/j,958.3
2025-06-17 01:00:00,Humidité relative,Humidité relative,%,28.8
2025-06-17 01:00:00,Rayonnement solaire,Rayonnement solaire,W/m²,0.0
2025-06-17 00:00:00,Évapotranspiration Horaire,Évapotranspiration Horaire,mm/h,0.0
2025-06-17 00:00:00,Évapotranspiration journalière,Évapotranspiration journalière,mm/j,8.16
2025-06-17 00:00:00,Humidité relative,Humidité relative,%,29.5
2025-06-17 00:00:00,Point de Rosée,Point de Rosée,°C,7.4
2025-06-17 00:00:00,Température,Température,°C,26.7
2025-06-17 00:00:00,Pression atmosphérique,Pression atmosphérique,mm/j,958.5
2025-06-17 00:00:00,Vitesse du vent,Vitesse du vent,m/s,2.62
2025-06-17 00:00:00,Rayonnement solaire,Rayonnement solaire,W/m²,0.0
2025-06-17 00:00:00,Direction du vent,Direction du vent,Deg,256.7
2025-06-16 23:00:00,Vitesse du vent,Vitesse du vent,m/s,1.54
2025-06-16 23:00:00,Point de Rosée,Point de Rosée,°C,7.9
2025-06-16 23:00:00,Évapotranspiration journalière,Évapotranspiration journalière,mm/j,8.16
2025-06-16 23:00:00,Pression atmosphérique,Pression atmosphérique,mm/j,958.9
2025-06-16 23:00:00,Rayonnement solaire,Rayonnement solaire,W/m²,0.0
2025-06-16 23:00:00,Humidité relative,Humidité relative,%,30.7
2025-06-16 23:00:00,Évapotranspiration Horaire,Évapotranspiration Horaire,mm/h,0.0
2025-06-16 23:00:00,Direction du vent,Direction du vent,Deg,323.4
2025-06-16 23:00:00,Température,Température,°C,26.5
2025-06-16 21:00:00,Humidité relative,Humidité relative,%,26.6
2025-06-16 21:00:00,Température,Température,°C,29.8
2025-06-16 21:00:00,Vitesse du vent,Vitesse du vent,m/s,0.31
2025-06-16 21:00:00,Direction du vent,Direction du vent,Deg,57.8
2025-06-16 21:00:00,Évapotranspiration journalière,Évapotranspiration journalière,mm/j,8.16
2025-06-16 21:00:00,Évapotranspiration Horaire,Évapotranspiration Horaire,mm/h,0.0
2025-06-16 21:00:00,Pression atmosphérique,Pression atmosphérique,mm/j,958.4
2025-06-16 21:00:00,Rayonnement solaire,Rayonnement solaire,W/m²,0.0
2025-06-16 21:00:00,Point de Rosée,Point de Rosée,°C,8.6
2025-06-16 19:00:00,Évapotranspiration journalière,Évapotranspiration journalière,mm/j,8.16
2025-06-16 19:00:00,Évapotranspiration Horaire,Évapotranspiration Horaire,mm/h,0.0
2025-06-16 19:00:00,Pression atmosphérique,Pression atmosphérique,mm/j,956.9
2025-06-16 19:00:00,Rayonnement solaire,Rayonnement solaire,W/m²,42.0
2025-06-16 19:00:00,Point de Rosée,Point de Rosée,°C,6.4
2025-06-16 19:00:00,Humidité relative,Humidité relative,%,17.8
2025-06-16 19:00:00,Température,Température,°C,34.3
2025-06-16 19:00:00,Vitesse du vent,Vitesse du vent,m/s,2.37
2025-06-16 19:00:00,Direction du vent,Direction du vent,Deg,74.3
2025-06-16 17:00:00,Humidité relative,Humidité relative,%,17.0
2025-06-16 17:00:00,Évapotranspiration Horaire,Évapotranspiration Horaire,mm/h,0.0
2025-06-16 17:00:00,Vitesse du vent,Vitesse du vent,m/s,2.29
2025-06-16 17:00:00,Pression atmosphérique,Pression atmosphérique,mm/j,956.6
2025-06-16 17:00:00,Température,Température,°C,35.5
2025-06-16 17:00:00,Rayonnement solaire,Rayonnement solaire,W/m²,383.0
2025-06-16 17:00:00,Direction du vent,Direction du vent,Deg,85.0
2025-06-16 17:00:00,Point de Rosée,Point de Rosée,°C,6.7
2025-06-16 17:00:00,Évapotranspiration journalière,Évapotranspiration journalière,mm/j,8.16
2025-06-16 16:00:00,Point de Rosée,Point de Rosée,°C,6.8
2025-06-16 16:00:00,Humidité relative,Humidité relative,%,16.6
2025-06-16 16:00:00,Température,Température,°C,36.0
2025-06-16 16:00:00,Vitesse du vent,Vitesse du vent,m/s,1.15
2025-06-16 16:00:00,Direction du vent,Direction du vent,Deg,108.4
2025-06-16 16:00:00,Évapotranspiration journalière,Évapotranspiration journalière,mm/j,8.16
2025-06-16 16:00:00,Évapotranspiration Horaire,Évapotranspiration Horaire,mm/h,0.0
2025-06-16 16:00:00,Pression atmosphérique,Pression atmosphérique,mm/j,956.9
2025-06-16 16:00:00,Rayonnement solaire,Rayonnement solaire,W/m²,567.0
2025-06-16 15:00:00,Point de Rosée,Point de Rosée,°C,5.9
2025-06-16 15:00:00,Évapotranspiration journalière,Évapotranspiration journalière,mm/j,8.16
2025-06-16 15:00:00,Évapotranspiration Horaire,Évapotranspiration Horaire,mm/h,0.0
2025-06-16 15:00:00,Pression atmosphérique,Pression atmosphérique,mm/j,957.1
2025-06-16 15:00:00,Rayonnement solaire,Rayonnement solaire,W/m²,730.0
2025-06-16 15:00:00,Humidité relative,Humidité relative,%,15.5
2025-06-16 15:00:00,Température,Température,°C,36.1
2025-06-16 15:00:00,Vitesse du vent,Vitesse du vent,m/s,4.93
2025-06-16 15:00:00,Direction du vent,Direction du vent,Deg,63.0
2025-06-16 14:00:00,Évapotranspiration journalière,Évapotranspiration journalière,mm/j,8.16
2025-06-16 14:00:00,Évapotranspiration Horaire,Évapotranspiration Horaire,mm/h,0.0
2025-06-16 14:00:00,Pression atmosphérique,Pression atmosphérique,mm/j,957.6
2025-06-16 14:00:00,Direction du vent,Direction du vent,Deg,57.0
2025-06-16 14:00:00,Rayonnement solaire,Rayonnement solaire,W/m²,839.0
2025-06-16 14:00:00,Point de Rosée,Point de Rosée,°C,4.5
2025-06-16 14:00:00,Humidité relative,Humidité relative,%,14.4
2025-06-16 14:00:00,Température,Température,°C,35.7
2025-06-16 14:00:00,Vitesse du vent,Vitesse du vent,m/s,4.62
2025-06-16 13:00:00,Pression atmosphérique,Pression atmosphérique,mm/j,957.8
2025-06-16 13:00:00,Direction du vent,Direction du vent,Deg,50.3
2025-06-16 13:00:00,Vitesse du vent,Vitesse du vent,m/s,6.25
2025-06-16 13:00:00,Température,Température,°C,35.4
2025-06-16 13:00:00,Humidité relative,Humidité relative,%,14.8
2025-06-16 13:00:00,Point de Rosée,Point de Rosée,°C,4.6
2025-06-16 13:00:00,Rayonnement solaire,Rayonnement solaire,W/m²,894.0
2025-06-16 13:00:00,Évapotranspiration Horaire,Évapotranspiration Horaire,mm/h,0.0
2025-06-16 13:00:00,Évapotranspiration journalière,Évapotranspiration journalière,mm/j,8.16
2025-06-16 11:00:00,Point de Rosée,Point de Rosée,°C,6.2
2025-06-16 11:00:00,Rayonnement solaire,Rayonnement solaire,W/m²,845.0
2025-06-16 11:00:00,Pression atmosphérique,Pression atmosphérique,mm/j,958.7
2025-06-16 11:00:00,Évapotranspiration Horaire,Évapotranspiration Horaire,mm/h,0.0
2025-06-16 11:00:00,Évapotranspiration journalière,Évapotranspiration journalière,mm/j,8.16
2025-06-16 11:00:00,Direction du vent,Direction du vent,Deg,96.7
2025-06-16 11:00:00,Vitesse du vent,Vitesse du vent,m/s,2.03
2025-06-16 11:00:00,Température,Température,°C,33.4
2025-06-16 11:00:00,Humidité relative,Humidité relative,%,18.5
2025-06-16 10:00:00,Pression atmosphérique,Pression atmosphérique,mm/j,958.9
2025-06-16 10:00:00,Évapotranspiration journalière,Évapotranspiration journalière,mm/j,8.16
2025-06-16 10:00:00,Humidité relative,Humidité relative,%,20.6
2025-06-16 10:00:00,Point de Rosée,Point de Rosée,°C,7.1
2025-06-16 10:00:00,Température,Température,°C,32.5
2025-06-16 10:00:00,Évapotranspiration Horaire,Évapotranspiration Horaire,mm/h,0.0
2025-06-16 10:00:00,Vitesse du vent,Vitesse du vent,m/s,1.49
2025-06-16 10:00:00,Rayonnement solaire,Rayonnement solaire,W/m²,760.0
2025-06-16 10:00:00,Direction du vent,Direction du vent,Deg,78.4
2025-06-16 09:00:00,Direction du vent,Direction du vent,Deg,75.2
2025-06-16 09:00:00,Évapotranspiration journalière,Évapotranspiration journalière,mm/j,8.16
2025-06-16 09:00:00,Évapotranspiration Horaire,Évapotranspiration Horaire,mm/h,0.0
2025-06-16 09:00:00,Pression atmosphérique,Pression atmosphérique,mm/j,958.8
2025-06-16 09:00:00,Rayonnement solaire,Rayonnement solaire,W/m²,608.0
2025-06-16 09:00:00,Point de Rosée,Point de Rosée,°C,9.1
2025-06-16 09:00:00,Humidité relative,Humidité relative,%,25.2
2025-06-16 09:00:00,Température,Température,°C,31.4
2025-06-16 09:00:00,Vitesse du vent,Vitesse du vent,m/s,1.83
2025-06-16 08:00:00,Vitesse du vent,Vitesse du vent,m/s,1.99
2025-06-16 08:00:00,Rayonnement solaire,Rayonnement solaire,W/m²,397.0
2025-06-16 08:00:00,Humidité relative,Humidité relative,%,31.6
2025-06-16 08:00:00,Évapotranspiration journalière,Évapotranspiration journalière,mm/j,8.16
2025-06-16 08:00:00,Point de Rosée,Point de Rosée,°C,10.4
2025-06-16 08:00:00,Direction du vent,Direction du vent,Deg,123.0
2025-06-16 08:00:00,Pression atmosphérique,Pression atmosphérique,mm/j,958.8
2025-06-16 08:00:00,Évapotranspiration Horaire,Évapotranspiration Horaire,mm/h,0.0
2025-06-16 08:00:00,Température,Température,°C,29.0
2025-06-16 07:00:00,Point de Rosée,Point de Rosée,°C,9.8
2025-06-16 07:00:00,Température,Température,°C,26.9
2025-06-16 07:00:00,Pression atmosphérique,Pression atmosphérique,mm/j,958.5
2025-06-16 07:00:00,Vitesse du vent,Vitesse du vent,m/s,1.25
2025-06-16 07:00:00,Rayonnement solaire,Rayonnement solaire,W/m²,199.0
2025-06-16 07:00:00,Évapotranspiration Horaire,Évapotranspiration Horaire,mm/h,0.0
2025-06-16 07:00:00,Direction du vent,Direction du vent,Deg,140.6
2025-06-16 07:00:00,Évapotranspiration journalière,Évapotranspiration journalière,mm/j,8.16
2025-06-16 07:00:00,Humidité relative,Humidité relative,%,34.2
2025-06-16 05:00:00,Évapotranspiration journalière,Évapotranspiration journalière,mm/j,8.16
2025-06-16 05:00:00,Évapotranspiration Horaire,Évapotranspiration Horaire,mm/h,0.0
2025-06-16 05:00:00,Pression atmosphérique,Pression atmosphérique,mm/j,958.3
2025-06-16 05:00:00,Rayonnement solaire,Rayonnement solaire,W/m²,0.0
2025-06-16 05:00:00,Point de Rosée,Point de Rosée,°C,9.2
2025-06-16 05:00:00,Humidité relative,Humidité relative,%,39.0
2025-06-16 05:00:00,Température,Température,°C,24.0
2025-06-16 05:00:00,Vitesse du vent,Vitesse du vent,m/s,1.31
2025-06-16 05:00:00,Direction du vent,Direction du vent,Deg,266.2
2025-06-16 03:00:00,Évapotranspiration journalière,Évapotranspiration journalière,mm/j,8.16
2025-06-16 03:00:00,Évapotranspiration Horaire,Évapotranspiration Horaire,mm/h,0.0
2025-06-16 03:00:00,Pression atmosphérique,Pression atmosphérique,mm/j,958.3
2025-06-16 03:00:00,Rayonnement solaire,Rayonnement solaire,W/m²,0.0
2025-06-16 03:00:00,Point de Rosée,Point de Rosée,°C,8.8
2025-06-16 03:00:00,Humidité relative,Humidité relative,%,40.6
2025-06-16 03:00:00,Température,Température,°C,22.9
2025-06-16 03:00:00,Vitesse du vent,Vitesse du vent,m/s,0.85
2025-06-16 03:00:00,Direction du vent,Direction du vent,Deg,308.8
2025-06-16 02:00:00,Évapotranspiration journalière,Évapotranspiration journalière,mm/j,8.16
2025-06-16 02:00:00,Évapotranspiration Horaire,Évapotranspiration Horaire,mm/h,0.0
2025-06-16 02:00:00,Pression atmosphérique,Pression atmosphérique,mm/j,958.4
2025-06-16 02:00:00,Rayonnement solaire,Rayonnement solaire,W/m²,0.0
2025-06-16 02:00:00,Direction du vent,Direction du vent,Deg,329.0
2025-06-16 02:00:00,Point de Rosée,Point de Rosée,°C,8.9
2025-06-16 02:00:00,Humidité relative,Humidité relative,%,40.1
2025-06-16 02:00:00,Température,Température,°C,23.2
2025-06-16 02:00:00,Vitesse du vent,Vitesse du vent,m/s,1.83
2025-06-16 01:00:00,Rayonnement solaire,Rayonnement solaire,W/m²,0.0
2025-06-16 01:00:00,Direction du vent,Direction du vent,Deg,333.8
2025-06-16 01:00:00,Vitesse du vent,Vitesse du vent,m/s,1.48
2025-06-16 01:00:00,Température,Température,°C,23.2
2025-06-16 01:00:00,Humidité relative,Humidité relative,%,36.1
2025-06-16 01:00:00,Point de Rosée,Point de Rosée,°C,7.3
2025-06-16 01:00:00,Pression atmosphérique,Pression atmosphérique,mm/j,958.7
2025-06-16 01:00:00,Évapotranspiration Horaire,Évapotranspiration Horaire,mm/h,0.0
2025-06-16 01:00:00,Évapotranspiration journalière,Évapotranspiration journalière,mm/j,8.16
2025-06-16 00:00:00,Direction du vent,Direction du vent,Deg,335.1
2025-06-16 00:00:00,Vitesse du vent,Vitesse du vent,m/s,1.3
2025-06-16 00:00:00,Température,Température,°C,23.6
2025-06-16 00:00:00,Humidité relative,Humidité relative,%,34.8
2025-06-16 00:00:00,Évapotranspiration journalière,Évapotranspiration journalière,mm/j,7.3
2025-06-16 00:00:00,Évapotranspiration Horaire,Évapotranspiration Horaire,mm/h,0.0
2025-06-16 00:00:00,Pression atmosphérique,Pression atmosphérique,mm/j,959.1
2025-06-16 00:00:00,Point de Rosée,Point de Rosée,°C,7.1
2025-06-16 00:00:00,Rayonnement solaire,Rayonnement solaire,W/m²,0.0
2025-06-15 23:00:00,Rayonnement solaire,Rayonnement solaire,W/m²,0.0
2025-06-15 23:00:00,Vitesse du vent,Vitesse du vent,m/s,0.6
2025-06-15 23:00:00,Évapotranspiration journalière,Évapotranspiration journalière,mm/j,7.3
2025-06-15 23:00:00,Température,Température,°C,25.6
2025-06-15 23:00:00,Pression atmosphérique,Pression atmosphérique,mm/j,958.9
2025-06-15 23:00:00,Direction du vent,Direction du vent,Deg,343.3
2025-06-15 23:00:00,Humidité relative,Humidité relative,%,29.6
2025-06-15 23:00:00,Évapotranspiration Horaire,Évapotranspiration Horaire,mm/h,0.0
2025-06-15 23:00:00,Point de Rosée,Point de Rosée,°C,6.5
2025-06-15 22:00:00,Vitesse du vent,Vitesse du vent,m/s,1.64
2025-06-15 22:00:00,Évapotranspiration journalière,Évapotranspiration journalière,mm/j,7.3
2025-06-15 22:00:00,Évapotranspiration Horaire,Évapotranspiration Horaire,mm/h,0.0
2025-06-15 22:00:00,Pression atmosphérique,Pression atmosphérique,mm/j,958.6
2025-06-15 22:00:00,Rayonnement solaire,Rayonnement solaire,W/m²,0.0
2025-06-15 22:00:00,Point de Rosée,Point de Rosée,°C,7.0
2025-06-15 22:00:00,Humidité relative,Humidité relative,%,28.0
2025-06-15 22:00:00,Température,Température,°C,27.1
2025-06-15 22:00:00,Direction du vent,Direction du vent,Deg,11.7
2025-06-15 21:00:00,Point de Rosée,Point de Rosée,°C,6.1
2025-06-15 21:00:00,Direction du vent,Direction du vent,Deg,321.3
2025-06-15 21:00:00,Vitesse du vent,Vitesse du vent,m/s,1.71
2025-06-15 21:00:00,Température,Température,°C,28.3
2025-06-15 21:00:00,Humidité relative,Humidité relative,%,24.6
2025-06-15 21:00:00,Rayonnement solaire,Rayonnement solaire,W/m²,0.0
2025-06-15 21:00:00,Pression atmosphérique,Pression atmosphérique,mm/j,958.5
2025-06-15 21:00:00,Évapotranspiration Horaire,Évapotranspiration Horaire,mm/h,0.0
2025-06-15 21:00:00,Évapotranspiration journalière,Évapotranspiration journalière,mm/j,7.3
2025-06-15 19:00:00,Évapotranspiration journalière,Évapotranspiration journalière,mm/j,7.3
2025-06-15 19:00:00,Direction du vent,Direction du vent,Deg,79.4
2025-06-15 19:00:00,Vitesse du vent,Vitesse du vent,m/s,4.35
2025-06-15 19:00:00,Température,Température,°C,32.1
2025-06-15 19:00:00,Humidité relative,Humidité relative,%,20.5
2025-06-15 19:00:00,Point de Rosée,Point de Rosée,°C,6.7
2025-06-15 19:00:00,Rayonnement solaire,Rayonnement solaire,W/m²,50.0
2025-06-15 19:00:00,Pression atmosphérique,Pression atmosphérique,mm/j,957.4
2025-06-15 19:00:00,Évapotranspiration Horaire,Évapotranspiration Horaire,mm/h,0.0
2025-06-15 18:00:00,Point de Rosée,Point de Rosée,°C,5.8
2025-06-15 18:00:00,Rayonnement solaire,Rayonnement solaire,W/m²,208.0
2025-06-15 18:00:00,Humidité relative,Humidité relative,%,18.0
2025-06-15 18:00:00,Température,Température,°C,33.3
2025-06-15 18:00:00,Vitesse du vent,Vitesse du vent,m/s,4.18
2025-06-15 18:00:00,Direction du vent,Direction du vent,Deg,46.8
2025-06-15 18:00:00,Évapotranspiration Horaire,Évapotranspiration Horaire,mm/h,0.0
2025-06-15 18:00:00,Pression atmosphérique,Pression atmosphérique,mm/j,957.0
2025-06-15 18:00:00,Évapotranspiration journalière,Évapotranspiration journalière,mm/j,7.3
2025-06-15 17:00:00,Point de Rosée,Point de Rosée,°C,6.1
2025-06-15 17:00:00,Rayonnement solaire,Rayonnement solaire,W/m²,398.0
2025-06-15 17:00:00,Pression atmosphérique,Pression atmosphérique,mm/j,956.6
2025-06-15 17:00:00,Évapotranspiration Horaire,Évapotranspiration Horaire,mm/h,0.0
2025-06-15 17:00:00,Évapotranspiration journalière,Évapotranspiration journalière,mm/j,7.3
2025-06-15 17:00:00,Direction du vent,Direction du vent,Deg,84.8
2025-06-15 17:00:00,Vitesse du vent,Vitesse du vent,m/s,6.04
2025-06-15 17:00:00,Température,Température,°C,33.6
2025-06-15 17:00:00,Humidité relative,Humidité relative,%,18.1
2025-06-15 15:00:00,Point de Rosée,Point de Rosée,°C,7.0
2025-06-15 15:00:00,Évapotranspiration Horaire,Évapotranspiration Horaire,mm/h,0.0
2025-06-15 15:00:00,Direction du vent,Direction du vent,Deg,101.5
2025-06-15 15:00:00,Vitesse du vent,Vitesse du vent,m/s,3.81
2025-06-15 15:00:00,Humidité relative,Humidité relative,%,19.4
2025-06-15 15:00:00,Évapotranspiration journalière,Évapotranspiration journalière,mm/j,7.3
2025-06-15 15:00:00,Température,Température,°C,33.5
2025-06-15 15:00:00,Pression atmosphérique,Pression atmosphérique,mm/j,957.6
2025-06-15 15:00:00,Rayonnement solaire,Rayonnement solaire,W/m²,734.0
2025-06-15 13:00:00,Pression atmosphérique,Pression atmosphérique,mm/j,958.4
2025-06-15 13:00:00,Direction du vent,Direction du vent,Deg,87.5
2025-06-15 13:00:00,Vitesse du vent,Vitesse du vent,m/s,4.16
2025-06-15 13:00:00,Température,Température,°C,31.9
2025-06-15 13:00:00,Humidité relative,Humidité relative,%,20.8
2025-06-15 13:00:00,Point de Rosée,Point de Rosée,°C,6.7
2025-06-15 13:00:00,Rayonnement solaire,Rayonnement solaire,W/m²,898.0
2025-06-15 13:00:00,Évapotranspiration Horaire,Évapotranspiration Horaire,mm/h,0.0
2025-06-15 13:00:00,Évapotranspiration journalière,Évapotranspiration journalière,mm/j,7.3
2025-06-15 11:00:00,Pression atmosphérique,Pression atmosphérique,mm/j,959.2
2025-06-15 11:00:00,Rayonnement solaire,Rayonnement solaire,W/m²,863.0
2025-06-15 11:00:00,Point de Rosée,Point de Rosée,°C,6.2
2025-06-15 11:00:00,Évapotranspiration journalière,Évapotranspiration journalière,mm/j,7.3
2025-06-15 11:00:00,Humidité relative,Humidité relative,%,21.1
2025-06-15 11:00:00,Température,Température,°C,31.0
2025-06-15 11:00:00,Direction du vent,Direction du vent,Deg,83.1
2025-06-15 11:00:00,Évapotranspiration Horaire,Évapotranspiration Horaire,mm/h,0.0
2025-06-15 11:00:00,Vitesse du vent,Vitesse du vent,m/s,4.91
2025-06-15 10:00:00,Rayonnement solaire,Rayonnement solaire,W/m²,779.0
2025-06-15 10:00:00,Vitesse du vent,Vitesse du vent,m/s,4.04
2025-06-15 10:00:00,Direction du vent,Direction du vent,Deg,64.0
2025-06-15 10:00:00,Évapotranspiration journalière,Évapotranspiration journalière,mm/j,7.3
2025-06-15 10:00:00,Point de Rosée,Point de Rosée,°C,7.7
2025-06-15 10:00:00,Évapotranspiration Horaire,Évapotranspiration Horaire,mm/h,0.0
2025-06-15 10:00:00,Pression atmosphérique,Pression atmosphérique,mm/j,959.5
2025-06-15 10:00:00,Humidité relative,Humidité relative,%,23.6
2025-06-15 10:00:00,Température,Température,°C,30.8
2025-06-15 09:00:00,Pression atmosphérique,Pression atmosphérique,mm/j,959.5
2025-06-15 09:00:00,Point de Rosée,Point de Rosée,°C,10.0
2025-06-15 09:00:00,Humidité relative,Humidité relative,%,29.3
2025-06-15 09:00:00,Température,Température,°C,29.8
2025-06-15 09:00:00,Vitesse du vent,Vitesse du vent,m/s,1.44
2025-06-15 09:00:00,Direction du vent,Direction du vent,Deg,112.7
2025-06-15 09:00:00,Rayonnement solaire,Rayonnement solaire,W/m²,621.0
2025-06-15 09:00:00,Évapotranspiration Horaire,Évapotranspiration Horaire,mm/h,0.0
2025-06-15 09:00:00,Évapotranspiration journalière,Évapotranspiration journalière,mm/j,7.3
2025-06-15 07:00:00,Évapotranspiration journalière,Évapotranspiration journalière,mm/j,7.3
2025-06-15 07:00:00,Évapotranspiration Horaire,Évapotranspiration Horaire,mm/h,0.0
2025-06-15 07:00:00,Pression atmosphérique,Pression atmosphérique,mm/j,959.3
2025-06-15 07:00:00,Rayonnement solaire,Rayonnement solaire,W/m²,203.0
2025-06-15 07:00:00,Point de Rosée,Point de Rosée,°C,11.0
2025-06-15 07:00:00,Humidité relative,Humidité relative,%,40.1
2025-06-15 07:00:00,Température,Température,°C,25.5
2025-06-15 07:00:00,Vitesse du vent,Vitesse du vent,m/s,1.15
2025-06-15 07:00:00,Direction du vent,Direction du vent,Deg,34.4
2025-06-15 06:00:00,Évapotranspiration journalière,Évapotranspiration journalière,mm/j,7.3
2025-06-15 06:00:00,Pression atmosphérique,Pression atmosphérique,mm/j,959.1
2025-06-15 06:00:00,Humidité relative,Humidité relative,%,46.9
2025-06-15 06:00:00,Point de Rosée,Point de Rosée,°C,9.2
2025-06-15 06:00:00,Rayonnement solaire,Rayonnement solaire,W/m²,68.0
2025-06-15 06:00:00,Vitesse du vent,Vitesse du vent,m/s,1.11
2025-06-15 06:00:00,Température,Température,°C,21.0
2025-06-15 06:00:00,Direction du vent,Direction du vent,Deg,336.8
2025-06-15 06:00:00,Évapotranspiration Horaire,Évapotranspiration Horaire,mm/h,0.0
2025-06-15 05:00:00,Température,Température,°C,20.9
2025-06-15 05:00:00,Direction du vent,Direction du vent,Deg,335.0
2025-06-15 05:00:00,Vitesse du vent,Vitesse du vent,m/s,1.29
2025-06-15 05:00:00,Humidité relative,Humidité relative,%,47.7
2025-06-15 05:00:00,Point de Rosée,Point de Rosée,°C,9.4
2025-06-15 05:00:00,Rayonnement solaire,Rayonnement solaire,W/m²,0.0
2025-06-15 05:00:00,Pression atmosphérique,Pression atmosphérique,mm/j,959.1
2025-06-15 05:00:00,Évapotranspiration Horaire,Évapotranspiration Horaire,mm/h,0.0
2025-06-15 05:00:00,Évapotranspiration journalière,Évapotranspiration journalière,mm/j,7.3
2025-06-14 09:00:00,Humidité relative,Humidité relative,%,28.1
2025-06-14 09:00:00,Évapotranspiration journalière,Évapotranspiration journalière,mm/j,7.17
2025-06-14 09:00:00,Rayonnement solaire,Rayonnement solaire,W/m²,634.0
2025-06-14 09:00:00,Température,Température,°C,27.4
2025-06-14 09:00:00,Vitesse du vent,Vitesse du vent,m/s,2.1
2025-06-14 09:00:00,Direction du vent,Direction du vent,Deg,168.6
2025-06-14 09:00:00,Pression atmosphérique,Pression atmosphérique,mm/j,959.6
2025-06-14 09:00:00,Point de Rosée,Point de Rosée,°C,7.3
2025-06-14 09:00:00,Évapotranspiration Horaire,Évapotranspiration Horaire,mm/h,0.0
2025-06-14 08:00:00,Pression atmosphérique,Pression atmosphérique,mm/j,959.7
2025-06-14 08:00:00,Évapotranspiration journalière,Évapotranspiration journalière,mm/j,7.17
2025-06-14 08:00:00,Humidité relative,Humidité relative,%,31.8
2025-06-14 08:00:00,Point de Rosée,Point de Rosée,°C,8.5
2025-06-14 08:00:00,Température,Température,°C,26.7
2025-06-14 08:00:00,Évapotranspiration Horaire,Évapotranspiration Horaire,mm/h,0.0
2025-06-14 08:00:00,Vitesse du vent,Vitesse du vent,m/s,1.32
2025-06-14 08:00:00,Direction du vent,Direction du vent,Deg,162.6
2025-06-14 08:00:00,Rayonnement solaire,Rayonnement solaire,W/m²,412.0
2025-06-14 07:00:00,Humidité relative,Humidité relative,%,34.2
2025-06-14 07:00:00,Évapotranspiration journalière,Évapotranspiration journalière,mm/j,7.17
2025-06-14 07:00:00,Évapotranspiration Horaire,Évapotranspiration Horaire,mm/h,0.0
2025-06-14 07:00:00,Pression atmosphérique,Pression atmosphérique,mm/j,959.5
2025-06-14 07:00:00,Rayonnement solaire,Rayonnement solaire,W/m²,214.0
2025-06-14 07:00:00,Point de Rosée,Point de Rosée,°C,7.8
2025-06-14 07:00:00,Température,Température,°C,24.6
2025-06-14 07:00:00,Vitesse du vent,Vitesse du vent,m/s,0.32
2025-06-14 07:00:00,Direction du vent,Direction du vent,Deg,8.1
2025-06-14 06:00:00,Pression atmosphérique,Pression atmosphérique,mm/j,959.5
2025-06-14 06:00:00,Rayonnement solaire,Rayonnement solaire,W/m²,74.0
2025-06-14 06:00:00,Humidité relative,Humidité relative,%,43.7
2025-06-14 06:00:00,Évapotranspiration journalière,Évapotranspiration journalière,mm/j,7.17
2025-06-14 06:00:00,Direction du vent,Direction du vent,Deg,341.4
2025-06-14 06:00:00,Point de Rosée,Point de Rosée,°C,6.6
2025-06-14 06:00:00,Température,Température,°C,19.3
2025-06-14 06:00:00,Vitesse du vent,Vitesse du vent,m/s,1.24
2025-06-14 06:00:00,Évapotranspiration Horaire,Évapotranspiration Horaire,mm/h,0.0
2025-06-14 05:00:00,Température,Température,°C,18.9
2025-06-14 05:00:00,Évapotranspiration Horaire,Évapotranspiration Horaire,mm/h,0.0
2025-06-14 05:00:00,Pression atmosphérique,Pression atmosphérique,mm/j,959.0
2025-06-14 05:00:00,Vitesse du vent,Vitesse du vent,m/s,1.86
2025-06-14 05:00:00,Rayonnement solaire,Rayonnement solaire,W/m²,1.0
2025-06-14 05:00:00,Point de Rosée,Point de Rosée,°C,6.4
2025-06-14 05:00:00,Direction du vent,Direction du vent,Deg,338.9
2025-06-14 05:00:00,Humidité relative,Humidité relative,%,44.0
2025-06-14 05:00:00,Évapotranspiration journalière,Évapotranspiration journalière,mm/j,7.17
2025-06-14 04:00:00,Direction du vent,Direction du vent,Deg,341.6
2025-06-14 04:00:00,Évapotranspiration journalière,Évapotranspiration journalière,mm/j,7.17
2025-06-14 04:00:00,Évapotranspiration Horaire,Évapotranspiration Horaire,mm/h,0.0
2025-06-14 04:00:00,Vitesse du vent,Vitesse du vent,m/s,1.79
2025-06-14 04:00:00,Pression atmosphérique,Pression atmosphérique,mm/j,958.7
2025-06-14 04:00:00,Température,Température,°C,19.9
2025-06-14 04:00:00,Rayonnement solaire,Rayonnement solaire,W/m²,0.0
2025-06-14 04:00:00,Humidité relative,Humidité relative,%,41.1
2025-06-14 04:00:00,Point de Rosée,Point de Rosée,°C,6.3
2025-06-14 03:00:00,Évapotranspiration journalière,Évapotranspiration journalière,mm/j,7.17
2025-06-14 03:00:00,Évapotranspiration Horaire,Évapotranspiration Horaire,mm/h,0.0
2025-06-14 03:00:00,Pression atmosphérique,Pression atmosphérique,mm/j,958.7
2025-06-14 03:00:00,Rayonnement solaire,Rayonnement solaire,W/m²,0.0
2025-06-14 03:00:00,Point de Rosée,Point de Rosée,°C,6.8
2025-06-14 03:00:00,Humidité relative,Humidité relative,%,41.5
2025-06-14 03:00:00,Température,Température,°C,20.3
2025-06-14 03:00:00,Vitesse du vent,Vitesse du vent,m/s,1.63
2025-06-14 03:00:00,Direction du vent,Direction du vent,Deg,323.8
2025-06-14 02:00:00,Pression atmosphérique,Pression atmosphérique,mm/j,959.0
2025-06-14 02:00:00,Humidité relative,Humidité relative,%,43.3
2025-06-14 02:00:00,Évapotranspiration Horaire,Évapotranspiration Horaire,mm/h,0.0
2025-06-14 02:00:00,Température,Température,°C,20.4
2025-06-14 02:00:00,Rayonnement solaire,Rayonnement solaire,W/m²,0.0
2025-06-14 02:00:00,Vitesse du vent,Vitesse du vent,m/s,0.92
2025-06-14 02:00:00,Évapotranspiration journalière,Évapotranspiration journalière,mm/j,7.17
2025-06-14 02:00:00,Direction du vent,Direction du vent,Deg,331.9
2025-06-14 02:00:00,Point de Rosée,Point de Rosée,°C,7.5
2025-06-14 01:00:00,Direction du vent,Direction du vent,Deg,328.2
2025-06-14 01:00:00,Évapotranspiration Horaire,Évapotranspiration Horaire,mm/h,0.0
2025-06-14 01:00:00,Pression atmosphérique,Pression atmosphérique,mm/j,959.2
2025-06-14 01:00:00,Rayonnement solaire,Rayonnement solaire,W/m²,0.0
2025-06-14 01:00:00,Point de Rosée,Point de Rosée,°C,8.6
2025-06-14 01:00:00,Humidité relative,Humidité relative,%,44.3
2025-06-14 01:00:00,Température,Température,°C,21.2
2025-06-14 01:00:00,Vitesse du vent,Vitesse du vent,m/s,1.46
2025-06-14 01:00:00,Évapotranspiration journalière,Évapotranspiration journalière,mm/j,7.17
2025-06-14 00:00:00,Pression atmosphérique,Pression atmosphérique,mm/j,959.5
2025-06-14 00:00:00,Évapotranspiration journalière,Évapotranspiration journalière,mm/j,6.8
2025-06-14 00:00:00,Évapotranspiration Horaire,Évapotranspiration Horaire,mm/h,0.0
2025-06-14 00:00:00,Rayonnement solaire,Rayonnement solaire,W/m²,0.0
2025-06-14 00:00:00,Point de Rosée,Point de Rosée,°C,8.4
2025-06-14 00:00:00,Humidité relative,Humidité relative,%,42.1
2025-06-14 00:00:00,Température,Température,°C,21.9
2025-06-14 00:00:00,Vitesse du vent,Vitesse du vent,m/s,1.06
2025-06-14 00:00:00,Direction du vent,Direction du vent,Deg,335.5
2025-06-13 23:00:00,Humidité relative,Humidité relative,%,38.6
2025-06-13 23:00:00,Vitesse du vent,Vitesse du vent,m/s,0.47
2025-06-13 23:00:00,Température,Température,°C,23.0
2025-06-13 23:00:00,Évapotranspiration Horaire,Évapotranspiration Horaire,mm/h,0.0
2025-06-13 23:00:00,Évapotranspiration journalière,Évapotranspiration journalière,mm/j,6.8
2025-06-13 23:00:00,Pression atmosphérique,Pression atmosphérique,mm/j,959.8
2025-06-13 23:00:00,Direction du vent,Direction du vent,Deg,274.8
2025-06-13 23:00:00,Rayonnement solaire,Rayonnement solaire,W/m²,0.0
2025-06-13 23:00:00,Point de Rosée,Point de Rosée,°C,8.1
2025-06-13 22:00:00,Humidité relative,Humidité relative,%,34.1
2025-06-13 22:00:00,Point de Rosée,Point de Rosée,°C,8.2
2025-06-13 22:00:00,Rayonnement solaire,Rayonnement solaire,W/m²,0.0
2025-06-13 22:00:00,Pression atmosphérique,Pression atmosphérique,mm/j,959.8
2025-06-13 22:00:00,Évapotranspiration Horaire,Évapotranspiration Horaire,mm/h,0.0
2025-06-13 22:00:00,Évapotranspiration journalière,Évapotranspiration journalière,mm/j,6.8
2025-06-13 22:00:00,Direction du vent,Direction du vent,Deg,234.8
2025-06-13 22:00:00,Vitesse du vent,Vitesse du vent,m/s,1.33
2025-06-13 22:00:00,Température,Température,°C,25.2
2025-06-13 21:00:00,Évapotranspiration Horaire,Évapotranspiration Horaire,mm/h,0.0
2025-06-13 21:00:00,Direction du vent,Direction du vent,Deg,110.1
2025-06-13 21:00:00,Vitesse du vent,Vitesse du vent,m/s,2.04
2025-06-13 21:00:00,Température,Température,°C,26.8
2025-06-13 21:00:00,Humidité relative,Humidité relative,%,31.5
2025-06-13 21:00:00,Point de Rosée,Point de Rosée,°C,8.5
2025-06-13 21:00:00,Rayonnement solaire,Rayonnement solaire,W/m²,0.0
2025-06-13 21:00:00,Pression atmosphérique,Pression atmosphérique,mm/j,959.0
2025-06-13 21:00:00,Évapotranspiration journalière,Évapotranspiration journalière,mm/j,6.8
2025-06-13 20:00:00,Direction du vent,Direction du vent,Deg,110.2
2025-06-13 20:00:00,Évapotranspiration journalière,Évapotranspiration journalière,mm/j,6.8
2025-06-13 20:00:00,Évapotranspiration Horaire,Évapotranspiration Horaire,mm/h,0.0
2025-06-13 20:00:00,Pression atmosphérique,Pression atmosphérique,mm/j,958.2
2025-06-13 20:00:00,Rayonnement solaire,Rayonnement solaire,W/m²,0.0
2025-06-13 20:00:00,Point de Rosée,Point de Rosée,°C,7.8
2025-06-13 20:00:00,Humidité relative,Humidité relative,%,27.0
2025-06-13 20:00:00,Température,Température,°C,28.6
2025-06-13 20:00:00,Vitesse du vent,Vitesse du vent,m/s,3.2
2025-06-13 19:00:00,Température,Température,°C,30.5
2025-06-13 19:00:00,Point de Rosée,Point de Rosée,°C,6.9
2025-06-13 19:00:00,Évapotranspiration journalière,Évapotranspiration journalière,mm/j,6.8
2025-06-13 19:00:00,Direction du vent,Direction du vent,Deg,114.6
2025-06-13 19:00:00,Évapotranspiration Horaire,Évapotranspiration Horaire,mm/h,0.0
2025-06-13 19:00:00,Humidité relative,Humidité relative,%,22.8
2025-06-13 19:00:00,Pression atmosphérique,Pression atmosphérique,mm/j,957.6
2025-06-13 19:00:00,Vitesse du vent,Vitesse du vent,m/s,3.42
2025-06-13 19:00:00,Rayonnement solaire,Rayonnement solaire,W/m²,50.0
2025-06-13 18:00:00,Vitesse du vent,Vitesse du vent,m/s,3.63
2025-06-13 18:00:00,Évapotranspiration journalière,Évapotranspiration journalière,mm/j,6.8
2025-06-13 18:00:00,Évapotranspiration Horaire,Évapotranspiration Horaire,mm/h,0.0
2025-06-13 18:00:00,Pression atmosphérique,Pression atmosphérique,mm/j,957.2
2025-06-13 18:00:00,Rayonnement solaire,Rayonnement solaire,W/m²,207.0
2025-06-13 18:00:00,Point de Rosée,Point de Rosée,°C,8.0
2025-06-13 18:00:00,Humidité relative,Humidité relative,%,23.1
2025-06-13 18:00:00,Température,Température,°C,31.5
2025-06-13 18:00:00,Direction du vent,Direction du vent,Deg,24.9
2025-06-13 17:00:00,Direction du vent,Direction du vent,Deg,42.4
2025-06-13 17:00:00,Point de Rosée,Point de Rosée,°C,7.4
2025-06-13 17:00:00,Rayonnement solaire,Rayonnement solaire,W/m²,400.0
2025-06-13 17:00:00,Humidité relative,Humidité relative,%,21.5
2025-06-13 17:00:00,Pression atmosphérique,Pression atmosphérique,mm/j,957.1
2025-06-13 17:00:00,Température,Température,°C,32.1
2025-06-13 17:00:00,Évapotranspiration Horaire,Évapotranspiration Horaire,mm/h,0.0
2025-06-13 17:00:00,Vitesse du vent,Vitesse du vent,m/s,4.14
2025-06-13 17:00:00,Évapotranspiration journalière,Évapotranspiration journalière,mm/j,6.8
2025-06-13 15:00:00,Rayonnement solaire,Rayonnement solaire,W/m²,746.0
2025-06-13 15:00:00,Évapotranspiration journalière,Évapotranspiration journalière,mm/j,6.8
2025-06-13 15:00:00,Évapotranspiration Horaire,Évapotranspiration Horaire,mm/h,0.0
2025-06-13 15:00:00,Pression atmosphérique,Pression atmosphérique,mm/j,957.5
2025-06-13 15:00:00,Point de Rosée,Point de Rosée,°C,7.1
2025-06-13 15:00:00,Humidité relative,Humidité relative,%,22.0
2025-06-13 15:00:00,Température,Température,°C,31.4
2025-06-13 15:00:00,Vitesse du vent,Vitesse du vent,m/s,2.7
2025-06-13 15:00:00,Direction du vent,Direction du vent,Deg,166.5
2025-06-13 13:00:00,Humidité relative,Humidité relative,%,24.5
2025-06-13 13:00:00,Évapotranspiration journalière,Évapotranspiration journalière,mm/j,6.8
2025-06-13 13:00:00,Vitesse du vent,Vitesse du vent,m/s,6.0
2025-06-13 13:00:00,Évapotranspiration Horaire,Évapotranspiration Horaire,mm/h,0.0
2025-06-13 13:00:00,Point de Rosée,Point de Rosée,°C,7.8
2025-06-13 13:00:00,Direction du vent,Direction du vent,Deg,117.8
2025-06-13 13:00:00,Pression atmosphérique,Pression atmosphérique,mm/j,958.1
2025-06-13 13:00:00,Température,Température,°C,30.3
2025-06-13 13:00:00,Rayonnement solaire,Rayonnement solaire,W/m²,898.0
2025-06-13 12:00:00,Point de Rosée,Point de Rosée,°C,8.5
2025-06-13 12:00:00,Évapotranspiration journalière,Évapotranspiration journalière,mm/j,6.8
2025-06-13 12:00:00,Évapotranspiration Horaire,Évapotranspiration Horaire,mm/h,0.0
2025-06-13 12:00:00,Pression atmosphérique,Pression atmosphérique,mm/j,958.6
2025-06-13 12:00:00,Rayonnement solaire,Rayonnement solaire,W/m²,918.0
2025-06-13 12:00:00,Humidité relative,Humidité relative,%,27.2
2025-06-13 12:00:00,Température,Température,°C,29.3
2025-06-13 12:00:00,Vitesse du vent,Vitesse du vent,m/s,2.98
2025-06-13 12:00:00,Direction du vent,Direction du vent,Deg,115.4
2025-06-13 11:00:00,Rayonnement solaire,Rayonnement solaire,W/m²,870.0
2025-06-13 11:00:00,Point de Rosée,Point de Rosée,°C,10.0
2025-06-13 11:00:00,Humidité relative,Humidité relative,%,31.9
2025-06-13 11:00:00,Pression atmosphérique,Pression atmosphérique,mm/j,958.9
2025-06-13 11:00:00,Direction du vent,Direction du vent,Deg,73.5
2025-06-13 11:00:00,Température,Température,°C,28.3
2025-06-13 11:00:00,Évapotranspiration Horaire,Évapotranspiration Horaire,mm/h,0.0
2025-06-13 11:00:00,Vitesse du vent,Vitesse du vent,m/s,1.22
2025-06-13 11:00:00,Évapotranspiration journalière,Évapotranspiration journalière,mm/j,6.8
2025-06-13 10:00:00,Point de Rosée,Point de Rosée,°C,9.8
2025-06-13 10:00:00,Évapotranspiration journalière,Évapotranspiration journalière,mm/j,6.8
2025-06-13 10:00:00,Évapotranspiration Horaire,Évapotranspiration Horaire,mm/h,0.0
2025-06-13 10:00:00,Pression atmosphérique,Pression atmosphérique,mm/j,958.8
2025-06-13 10:00:00,Rayonnement solaire,Rayonnement solaire,W/m²,780.0
2025-06-13 10:00:00,Humidité relative,Humidité relative,%,32.7
2025-06-13 10:00:00,Température,Température,°C,27.7
2025-06-13 10:00:00,Vitesse du vent,Vitesse du vent,m/s,1.65
2025-06-13 10:00:00,Direction du vent,Direction du vent,Deg,75.4
2025-06-13 09:00:00,Point de Rosée,Point de Rosée,°C,8.7
2025-06-13 09:00:00,Direction du vent,Direction du vent,Deg,129.5
2025-06-13 09:00:00,Humidité relative,Humidité relative,%,32.2
2025-06-13 09:00:00,Évapotranspiration Horaire,Évapotranspiration Horaire,mm/h,0.0
2025-06-13 09:00:00,Évapotranspiration journalière,Évapotranspiration journalière,mm/j,6.8
2025-06-13 09:00:00,Vitesse du vent,Vitesse du vent,m/s,0.93
2025-06-13 09:00:00,Pression atmosphérique,Pression atmosphérique,mm/j,958.7
2025-06-13 09:00:00,Température,Température,°C,26.7
2025-06-13 09:00:00,Rayonnement solaire,Rayonnement solaire,W/m²,623.0
2025-06-13 07:00:00,Point de Rosée,Point de Rosée,°C,9.8
2025-06-13 07:00:00,Évapotranspiration journalière,Évapotranspiration journalière,mm/j,6.8
2025-06-13 07:00:00,Évapotranspiration Horaire,Évapotranspiration Horaire,mm/h,0.0
2025-06-13 07:00:00,Pression atmosphérique,Pression atmosphérique,mm/j,957.9
2025-06-13 07:00:00,Rayonnement solaire,Rayonnement solaire,W/m²,208.0
2025-06-13 07:00:00,Humidité relative,Humidité relative,%,41.7
2025-06-13 07:00:00,Température,Température,°C,23.5
2025-06-13 07:00:00,Vitesse du vent,Vitesse du vent,m/s,1.13
2025-06-13 07:00:00,Direction du vent,Direction du vent,Deg,165.3
2025-06-13 06:00:00,Évapotranspiration Horaire,Évapotranspiration Horaire,mm/h,0.0
2025-06-13 06:00:00,Humidité relative,Humidité relative,%,52.8
2025-06-13 06:00:00,Rayonnement solaire,Rayonnement solaire,W/m²,74.0
2025-06-13 06:00:00,Température,Température,°C,18.9
2025-06-13 06:00:00,Évapotranspiration journalière,Évapotranspiration journalière,mm/j,6.8
2025-06-13 06:00:00,Vitesse du vent,Vitesse du vent,m/s,1.43
2025-06-13 06:00:00,Pression atmosphérique,Pression atmosphérique,mm/j,957.5
2025-06-13 06:00:00,Direction du vent,Direction du vent,Deg,358.3
2025-06-13 06:00:00,Point de Rosée,Point de Rosée,°C,9.0
2025-06-13 05:00:00,Température,Température,°C,18.3
2025-06-13 05:00:00,Évapotranspiration journalière,Évapotranspiration journalière,mm/j,6.8
2025-06-13 05:00:00,Évapotranspiration Horaire,Évapotranspiration Horaire,mm/h,0.0
2025-06-13 05:00:00,Pression atmosphérique,Pression atmosphérique,mm/j,957.2
2025-06-13 05:00:00,Rayonnement solaire,Rayonnement solaire,W/m²,0.0
2025-06-13 05:00:00,Point de Rosée,Point de Rosée,°C,9.2
2025-06-13 05:00:00,Humidité relative,Humidité relative,%,55.6
2025-06-13 05:00:00,Vitesse du vent,Vitesse du vent,m/s,1.18
2025-06-13 05:00:00,Direction du vent,Direction du vent,Deg,332.8
2025-06-13 03:00:00,Évapotranspiration journalière,Évapotranspiration journalière,mm/j,6.8
2025-06-13 03:00:00,Évapotranspiration Horaire,Évapotranspiration Horaire,mm/h,0.0
2025-06-13 03:00:00,Direction du vent,Direction du vent,Deg,337.7
2025-06-13 03:00:00,Pression atmosphérique,Pression atmosphérique,mm/j,956.9
2025-06-13 03:00:00,Vitesse du vent,Vitesse du vent,m/s,1.32
2025-06-13 03:00:00,Rayonnement solaire,Rayonnement solaire,W/m²,0.0
2025-06-13 03:00:00,Température,Température,°C,19.2
2025-06-13 03:00:00,Point de Rosée,Point de Rosée,°C,9.3
2025-06-13 03:00:00,Humidité relative,Humidité relative,%,52.7
2025-06-13 02:00:00,Évapotranspiration Horaire,Évapotranspiration Horaire,mm/h,0.0
2025-06-13 02:00:00,Évapotranspiration journalière,Évapotranspiration journalière,mm/j,6.8
2025-06-13 02:00:00,Pression atmosphérique,Pression atmosphérique,mm/j,957.0
2025-06-13 02:00:00,Rayonnement solaire,Rayonnement solaire,W/m²,0.0
2025-06-13 02:00:00,Point de Rosée,Point de Rosée,°C,10.1
2025-06-13 02:00:00,Humidité relative,Humidité relative,%,52.0
2025-06-13 02:00:00,Température,Température,°C,20.3
2025-06-13 02:00:00,Vitesse du vent,Vitesse du vent,m/s,1.39
2025-06-13 02:00:00,Direction du vent,Direction du vent,Deg,356.1
2025-06-13 01:00:00,Humidité relative,Humidité relative,%,49.4
2025-06-13 01:00:00,Température,Température,°C,20.7
2025-06-13 01:00:00,Rayonnement solaire,Rayonnement solaire,W/m²,0.0
2025-06-13 01:00:00,Évapotranspiration Horaire,Évapotranspiration Horaire,mm/h,0.0
2025-06-13 01:00:00,Évapotranspiration journalière,Évapotranspiration journalière,mm/j,6.8
2025-06-13 01:00:00,Pression atmosphérique,Pression atmosphérique,mm/j,957.3
2025-06-13 01:00:00,Direction du vent,Direction du vent,Deg,358.3
2025-06-13 01:00:00,Vitesse du vent,Vitesse du vent,m/s,1.75
2025-06-13 01:00:00,Point de Rosée,Point de Rosée,°C,9.7
2025-06-13 00:00:00,Point de Rosée,Point de Rosée,°C,9.8
2025-06-13 00:00:00,Humidité relative,Humidité relative,%,47.8
2025-06-13 00:00:00,Température,Température,°C,21.3
2025-06-13 00:00:00,Vitesse du vent,Vitesse du vent,m/s,0.91
2025-06-13 00:00:00,Direction du vent,Direction du vent,Deg,313.5
2025-06-13 00:00:00,Évapotranspiration journalière,Évapotranspiration journalière,mm/j,8.18
2025-06-13 00:00:00,Évapotranspiration Horaire,Évapotranspiration Horaire,mm/h,0.0
2025-06-13 00:00:00,Pression atmosphérique,Pression atmosphérique,mm/j,957.5
2025-06-13 00:00:00,Rayonnement solaire,Rayonnement solaire,W/m²,0.0
2025-06-12 23:00:00,Point de Rosée,Point de Rosée,°C,10.1
2025-06-12 23:00:00,Évapotranspiration journalière,Évapotranspiration journalière,mm/j,8.18
2025-06-12 23:00:00,Évapotranspiration Horaire,Évapotranspiration Horaire,mm/h,0.0
2025-06-12 23:00:00,Pression atmosphérique,Pression atmosphérique,mm/j,957.6
2025-06-12 23:00:00,Rayonnement solaire,Rayonnement solaire,W/m²,0.0
2025-06-12 23:00:00,Humidité relative,Humidité relative,%,45.1
2025-06-12 23:00:00,Température,Température,°C,22.6
2025-06-12 23:00:00,Vitesse du vent,Vitesse du vent,m/s,0.72
2025-06-12 23:00:00,Direction du vent,Direction du vent,Deg,319.3
2025-06-12 22:00:00,Évapotranspiration journalière,Évapotranspiration journalière,mm/j,8.18
2025-06-12 22:00:00,Direction du vent,Direction du vent,Deg,133.6
2025-06-12 22:00:00,Évapotranspiration Horaire,Évapotranspiration Horaire,mm/h,0.0
2025-06-12 22:00:00,Vitesse du vent,Vitesse du vent,m/s,0.49
2025-06-12 22:00:00,Pression atmosphérique,Pression atmosphérique,mm/j,957.5
2025-06-12 22:00:00,Température,Température,°C,24.3
2025-06-12 22:00:00,Rayonnement solaire,Rayonnement solaire,W/m²,0.0
2025-06-12 22:00:00,Humidité relative,Humidité relative,%,43.4
2025-06-12 22:00:00,Point de Rosée,Point de Rosée,°C,11.0
2025-06-12 21:00:00,Point de Rosée,Point de Rosée,°C,11.3
2025-06-12 21:00:00,Évapotranspiration journalière,Évapotranspiration journalière,mm/j,8.18
2025-06-12 21:00:00,Évapotranspiration Horaire,Évapotranspiration Horaire,mm/h,0.0
2025-06-12 21:00:00,Pression atmosphérique,Pression atmosphérique,mm/j,956.7
2025-06-12 21:00:00,Rayonnement solaire,Rayonnement solaire,W/m²,0.0
2025-06-12 21:00:00,Humidité relative,Humidité relative,%,39.9
2025-06-12 21:00:00,Température,Température,°C,26.0
2025-06-12 21:00:00,Vitesse du vent,Vitesse du vent,m/s,4.3
2025-06-12 21:00:00,Direction du vent,Direction du vent,Deg,125.8
2025-06-12 19:00:00,Évapotranspiration journalière,Évapotranspiration journalière,mm/j,8.18
2025-06-12 19:00:00,Évapotranspiration Horaire,Évapotranspiration Horaire,mm/h,0.0
2025-06-12 19:00:00,Pression atmosphérique,Pression atmosphérique,mm/j,955.1
2025-06-12 19:00:00,Rayonnement solaire,Rayonnement solaire,W/m²,46.0
2025-06-12 19:00:00,Point de Rosée,Point de Rosée,°C,8.9
2025-06-12 19:00:00,Humidité relative,Humidité relative,%,26.7
2025-06-12 19:00:00,Température,Température,°C,30.1
2025-06-12 19:00:00,Vitesse du vent,Vitesse du vent,m/s,3.95
2025-06-12 19:00:00,Direction du vent,Direction du vent,Deg,79.3
2025-06-12 17:00:00,Évapotranspiration journalière,Évapotranspiration journalière,mm/j,8.18
2025-06-12 17:00:00,Évapotranspiration Horaire,Évapotranspiration Horaire,mm/h,0.0
2025-06-12 17:00:00,Pression atmosphérique,Pression atmosphérique,mm/j,954.2
2025-06-12 17:00:00,Rayonnement solaire,Rayonnement solaire,W/m²,382.0
2025-06-12 17:00:00,Point de Rosée,Point de Rosée,°C,9.0
2025-06-12 17:00:00,Humidité relative,Humidité relative,%,24.5
2025-06-12 17:00:00,Température,Température,°C,31.7
2025-06-12 17:00:00,Vitesse du vent,Vitesse du vent,m/s,1.86
2025-06-12 17:00:00,Direction du vent,Direction du vent,Deg,72.0
2025-06-12 16:00:00,Évapotranspiration journalière,Évapotranspiration journalière,mm/j,8.18
2025-06-12 16:00:00,Direction du vent,Direction du vent,Deg,101.0
2025-06-12 16:00:00,Évapotranspiration Horaire,Évapotranspiration Horaire,mm/h,0.0
2025-06-12 16:00:00,Pression atmosphérique,Pression atmosphérique,mm/j,954.1
2025-06-12 16:00:00,Vitesse du vent,Vitesse du vent,m/s,3.93
2025-06-12 16:00:00,Rayonnement solaire,Rayonnement solaire,W/m²,568.0
2025-06-12 16:00:00,Température,Température,°C,32.1
2025-06-12 16:00:00,Point de Rosée,Point de Rosée,°C,9.0
2025-06-12 16:00:00,Humidité relative,Humidité relative,%,24.1
2025-06-12 15:00:00,Direction du vent,Direction du vent,Deg,150.1
2025-06-12 15:00:00,Vitesse du vent,Vitesse du vent,m/s,2.36
2025-06-12 15:00:00,Température,Température,°C,31.5
2025-06-12 15:00:00,Humidité relative,Humidité relative,%,24.7
2025-06-12 15:00:00,Point de Rosée,Point de Rosée,°C,8.9
2025-06-12 15:00:00,Rayonnement solaire,Rayonnement solaire,W/m²,728.0
2025-06-12 15:00:00,Pression atmosphérique,Pression atmosphérique,mm/j,954.3
2025-06-12 15:00:00,Évapotranspiration Horaire,Évapotranspiration Horaire,mm/h,0.0
2025-06-12 15:00:00,Évapotranspiration journalière,Évapotranspiration journalière,mm/j,8.18
2025-06-12 13:00:00,Point de Rosée,Point de Rosée,°C,10.0
2025-06-12 13:00:00,Pression atmosphérique,Pression atmosphérique,mm/j,955.0
2025-06-12 13:00:00,Rayonnement solaire,Rayonnement solaire,W/m²,887.0
2025-06-12 13:00:00,Température,Température,°C,30.1
2025-06-12 13:00:00,Vitesse du vent,Vitesse du vent,m/s,1.68
2025-06-12 13:00:00,Direction du vent,Direction du vent,Deg,342.3
2025-06-12 13:00:00,Humidité relative,Humidité relative,%,28.9
2025-06-12 13:00:00,Évapotranspiration Horaire,Évapotranspiration Horaire,mm/h,0.0
2025-06-12 13:00:00,Évapotranspiration journalière,Évapotranspiration journalière,mm/j,8.18
2025-06-12 12:00:00,Pression atmosphérique,Pression atmosphérique,mm/j,955.5
2025-06-12 12:00:00,Évapotranspiration journalière,Évapotranspiration journalière,mm/j,8.18
2025-06-12 12:00:00,Humidité relative,Humidité relative,%,36.7
2025-06-12 12:00:00,Point de Rosée,Point de Rosée,°C,13.0
2025-06-12 12:00:00,Température,Température,°C,29.3
2025-06-12 12:00:00,Évapotranspiration Horaire,Évapotranspiration Horaire,mm/h,0.0
2025-06-12 12:00:00,Vitesse du vent,Vitesse du vent,m/s,4.16
2025-06-12 12:00:00,Rayonnement solaire,Rayonnement solaire,W/m²,898.0
2025-06-12 12:00:00,Direction du vent,Direction du vent,Deg,79.1
2025-06-12 11:00:00,Évapotranspiration Horaire,Évapotranspiration Horaire,mm/h,0.0
2025-06-12 11:00:00,Évapotranspiration journalière,Évapotranspiration journalière,mm/j,8.18
2025-06-12 11:00:00,Direction du vent,Direction du vent,Deg,70.6
2025-06-12 11:00:00,Pression atmosphérique,Pression atmosphérique,mm/j,955.6
2025-06-12 11:00:00,Rayonnement solaire,Rayonnement solaire,W/m²,860.0
2025-06-12 11:00:00,Point de Rosée,Point de Rosée,°C,13.3
2025-06-12 11:00:00,Humidité relative,Humidité relative,%,39.0
2025-06-12 11:00:00,Température,Température,°C,28.6
2025-06-12 11:00:00,Vitesse du vent,Vitesse du vent,m/s,2.42
2025-06-12 09:00:00,Température,Température,°C,27.0
2025-06-12 09:00:00,Évapotranspiration journalière,Évapotranspiration journalière,mm/j,8.18
2025-06-12 09:00:00,Évapotranspiration Horaire,Évapotranspiration Horaire,mm/h,0.0
2025-06-12 09:00:00,Pression atmosphérique,Pression atmosphérique,mm/j,955.3
2025-06-12 09:00:00,Rayonnement solaire,Rayonnement solaire,W/m²,622.0
2025-06-12 09:00:00,Point de Rosée,Point de Rosée,°C,12.0
2025-06-12 09:00:00,Humidité relative,Humidité relative,%,39.4
2025-06-12 09:00:00,Vitesse du vent,Vitesse du vent,m/s,1.1
2025-06-12 09:00:00,Direction du vent,Direction du vent,Deg,204.0
2025-06-12 08:00:00,Humidité relative,Humidité relative,%,40.6
2025-06-12 08:00:00,Évapotranspiration journalière,Évapotranspiration journalière,mm/j,8.18
2025-06-12 08:00:00,Vitesse du vent,Vitesse du vent,m/s,0.56
2025-06-12 08:00:00,Évapotranspiration Horaire,Évapotranspiration Horaire,mm/h,0.0
2025-06-12 08:00:00,Direction du vent,Direction du vent,Deg,67.0
2025-06-12 08:00:00,Pression atmosphérique,Pression atmosphérique,mm/j,955.3
2025-06-12 08:00:00,Température,Température,°C,26.4
2025-06-12 08:00:00,Point de Rosée,Point de Rosée,°C,12.0
2025-06-12 08:00:00,Rayonnement solaire,Rayonnement solaire,W/m²,399.0
2025-06-12 07:00:00,Température,Température,°C,22.9
2025-06-12 07:00:00,Évapotranspiration journalière,Évapotranspiration journalière,mm/j,8.18
2025-06-12 07:00:00,Évapotranspiration Horaire,Évapotranspiration Horaire,mm/h,0.0
2025-06-12 07:00:00,Pression atmosphérique,Pression atmosphérique,mm/j,955.1
2025-06-12 07:00:00,Rayonnement solaire,Rayonnement solaire,W/m²,201.0
2025-06-12 07:00:00,Point de Rosée,Point de Rosée,°C,13.0
2025-06-12 07:00:00,Humidité relative,Humidité relative,%,53.7
2025-06-12 07:00:00,Vitesse du vent,Vitesse du vent,m/s,0.42
2025-06-12 07:00:00,Direction du vent,Direction du vent,Deg,149.0
2025-06-12 06:00:00,Direction du vent,Direction du vent,Deg,319.3
2025-06-12 06:00:00,Évapotranspiration journalière,Évapotranspiration journalière,mm/j,8.18
2025-06-12 06:00:00,Évapotranspiration Horaire,Évapotranspiration Horaire,mm/h,0.0
2025-06-12 06:00:00,Pression atmosphérique,Pression atmosphérique,mm/j,954.7
2025-06-12 06:00:00,Rayonnement solaire,Rayonnement solaire,W/m²,69.0
2025-06-12 06:00:00,Point de Rosée,Point de Rosée,°C,11.9
2025-06-12 06:00:00,Humidité relative,Humidité relative,%,62.7
2025-06-12 06:00:00,Température,Température,°C,19.2
2025-06-12 06:00:00,Vitesse du vent,Vitesse du vent,m/s,1.03
2025-06-12 05:00:00,Température,Température,°C,18.6
2025-06-12 05:00:00,Point de Rosée,Point de Rosée,°C,11.2
2025-06-12 05:00:00,Évapotranspiration journalière,Évapotranspiration journalière,mm/j,8.18
2025-06-12 05:00:00,Direction du vent,Direction du vent,Deg,286.7
2025-06-12 05:00:00,Évapotranspiration Horaire,Évapotranspiration Horaire,mm/h,0.0
2025-06-12 05:00:00,Humidité relative,Humidité relative,%,62.3
2025-06-12 05:00:00,Pression atmosphérique,Pression atmosphérique,mm/j,954.6
2025-06-12 05:00:00,Vitesse du vent,Vitesse du vent,m/s,0.13
2025-06-12 05:00:00,Rayonnement solaire,Rayonnement solaire,W/m²,0.0
2025-06-12 04:00:00,Point de Rosée,Point de Rosée,°C,12.2
2025-06-12 04:00:00,Évapotranspiration journalière,Évapotranspiration journalière,mm/j,8.18
2025-06-12 04:00:00,Vitesse du vent,Vitesse du vent,m/s,1.47
2025-06-12 04:00:00,Évapotranspiration Horaire,Évapotranspiration Horaire,mm/h,0.0
2025-06-12 04:00:00,Direction du vent,Direction du vent,Deg,348.0
2025-06-12 04:00:00,Pression atmosphérique,Pression atmosphérique,mm/j,955.0
2025-06-12 04:00:00,Température,Température,°C,18.5
2025-06-12 04:00:00,Rayonnement solaire,Rayonnement solaire,W/m²,0.0
2025-06-12 04:00:00,Humidité relative,Humidité relative,%,66.8
2025-06-12 03:00:00,Évapotranspiration Horaire,Évapotranspiration Horaire,mm/h,0.0
2025-06-12 03:00:00,Évapotranspiration journalière,Évapotranspiration journalière,mm/j,8.18
2025-06-12 03:00:00,Pression atmosphérique,Pression atmosphérique,mm/j,955.2
2025-06-12 03:00:00,Rayonnement solaire,Rayonnement solaire,W/m²,0.0
2025-06-12 03:00:00,Point de Rosée,Point de Rosée,°C,12.1
2025-06-12 03:00:00,Humidité relative,Humidité relative,%,64.8
2025-06-12 03:00:00,Température,Température,°C,18.9
2025-06-12 03:00:00,Vitesse du vent,Vitesse du vent,m/s,0.34
2025-06-12 03:00:00,Direction du vent,Direction du vent,Deg,294.9
2025-06-12 02:00:00,Évapotranspiration journalière,Évapotranspiration journalière,mm/j,8.18
2025-06-12 02:00:00,Évapotranspiration Horaire,Évapotranspiration Horaire,mm/h,0.0
2025-06-12 02:00:00,Pression atmosphérique,Pression atmosphérique,mm/j,955.7
2025-06-12 02:00:00,Rayonnement solaire,Rayonnement solaire,W/m²,0.0
2025-06-12 02:00:00,Point de Rosée,Point de Rosée,°C,12.7
2025-06-12 02:00:00,Humidité relative,Humidité relative,%,64.0
2025-06-12 02:00:00,Température,Température,°C,19.7
2025-06-12 02:00:00,Vitesse du vent,Vitesse du vent,m/s,1.0
2025-06-12 02:00:00,Direction du vent,Direction du vent,Deg,206.0
2025-06-12 01:00:00,Rayonnement solaire,Rayonnement solaire,W/m²,0.0
2025-06-12 01:00:00,Point de Rosée,Point de Rosée,°C,13.5
2025-06-12 01:00:00,Humidité relative,Humidité relative,%,62.5
2025-06-12 01:00:00,Température,Température,°C,20.9
2025-06-12 01:00:00,Vitesse du vent,Vitesse du vent,m/s,1.87
2025-06-12 01:00:00,Direction du vent,Direction du vent,Deg,345.5
2025-06-12 01:00:00,Évapotranspiration journalière,Évapotranspiration journalière,mm/j,8.18
2025-06-12 01:00:00,Évapotranspiration Horaire,Évapotranspiration Horaire,mm/h,0.0
2025-06-12 01:00:00,Pression atmosphérique,Pression atmosphérique,mm/j,955.9
2025-06-12 00:00:00,Évapotranspiration Horaire,Évapotranspiration Horaire,mm/h,0.0
2025-06-12 00:00:00,Rayonnement solaire,Rayonnement solaire,W/m²,0.0
2025-06-12 00:00:00,Point de Rosée,Point de Rosée,°C,13.5
2025-06-12 00:00:00,Évapotranspiration journalière,Évapotranspiration journalière,mm/j,7.7
2025-06-12 00:00:00,Humidité relative,Humidité relative,%,59.9
2025-06-12 00:00:00,Pression atmosphérique,Pression atmosphérique,mm/j,956.5
2025-06-12 00:00:00,Température,Température,°C,21.6
2025-06-12 00:00:00,Direction du vent,Direction du vent,Deg,309.5
2025-06-12 00:00:00,Vitesse du vent,Vitesse du vent,m/s,1.52
2025-06-11 23:00:00,Point de Rosée,Point de Rosée,°C,13.7
2025-06-11 23:00:00,Évapotranspiration journalière,Évapotranspiration journalière,mm/j,7.7
2025-06-11 23:00:00,Évapotranspiration Horaire,Évapotranspiration Horaire,mm/h,0.0
2025-06-11 23:00:00,Pression atmosphérique,Pression atmosphérique,mm/j,956.8
2025-06-11 23:00:00,Rayonnement solaire,Rayonnement solaire,W/m²,0.0
2025-06-11 23:00:00,Humidité relative,Humidité relative,%,56.5
2025-06-11 23:00:00,Température,Température,°C,22.8
2025-06-11 23:00:00,Vitesse du vent,Vitesse du vent,m/s,1.97
2025-06-11 23:00:00,Direction du vent,Direction du vent,Deg,33.7
2025-06-11 22:00:00,Évapotranspiration Horaire,Évapotranspiration Horaire,mm/h,0.0
2025-06-11 22:00:00,Humidité relative,Humidité relative,%,52.9
2025-06-11 22:00:00,Rayonnement solaire,Rayonnement solaire,W/m²,0.0
2025-06-11 22:00:00,Température,Température,°C,24.0
2025-06-11 22:00:00,Évapotranspiration journalière,Évapotranspiration journalière,mm/j,7.7
2025-06-11 22:00:00,Vitesse du vent,Vitesse du vent,m/s,1.78
2025-06-11 22:00:00,Pression atmosphérique,Pression atmosphérique,mm/j,956.6
2025-06-11 22:00:00,Direction du vent,Direction du vent,Deg,45.8
2025-06-11 22:00:00,Point de Rosée,Point de Rosée,°C,13.8
2025-06-11 21:00:00,Température,Température,°C,25.1
2025-06-11 21:00:00,Évapotranspiration journalière,Évapotranspiration journalière,mm/j,7.7
2025-06-11 21:00:00,Évapotranspiration Horaire,Évapotranspiration Horaire,mm/h,0.0
2025-06-11 21:00:00,Pression atmosphérique,Pression atmosphérique,mm/j,955.7
2025-06-11 21:00:00,Rayonnement solaire,Rayonnement solaire,W/m²,0.0
2025-06-11 21:00:00,Point de Rosée,Point de Rosée,°C,13.6
2025-06-11 21:00:00,Humidité relative,Humidité relative,%,48.8
2025-06-11 21:00:00,Vitesse du vent,Vitesse du vent,m/s,3.13
2025-06-11 21:00:00,Direction du vent,Direction du vent,Deg,48.2
2025-06-11 19:00:00,Évapotranspiration journalière,Évapotranspiration journalière,mm/j,7.7
2025-06-11 19:00:00,Évapotranspiration Horaire,Évapotranspiration Horaire,mm/h,0.0
2025-06-11 19:00:00,Pression atmosphérique,Pression atmosphérique,mm/j,954.1
2025-06-11 19:00:00,Rayonnement solaire,Rayonnement solaire,W/m²,45.0
2025-06-11 19:00:00,Point de Rosée,Point de Rosée,°C,10.9
2025-06-11 19:00:00,Humidité relative,Humidité relative,%,33.5
2025-06-11 19:00:00,Température,Température,°C,28.5
2025-06-11 19:00:00,Vitesse du vent,Vitesse du vent,m/s,4.31
2025-06-11 19:00:00,Direction du vent,Direction du vent,Deg,66.2
2025-06-11 18:00:00,Évapotranspiration journalière,Évapotranspiration journalière,mm/j,7.7
2025-06-11 18:00:00,Évapotranspiration Horaire,Évapotranspiration Horaire,mm/h,0.0
2025-06-11 18:00:00,Pression atmosphérique,Pression atmosphérique,mm/j,953.1
2025-06-11 18:00:00,Rayonnement solaire,Rayonnement solaire,W/m²,196.0
2025-06-11 18:00:00,Point de Rosée,Point de Rosée,°C,4.0
2025-06-11 18:00:00,Humidité relative,Humidité relative,%,17.3
2025-06-11 18:00:00,Température,Température,°C,31.8
2025-06-11 18:00:00,Vitesse du vent,Vitesse du vent,m/s,5.13
2025-06-11 18:00:00,Direction du vent,Direction du vent,Deg,44.1
2025-06-11 17:00:00,Point de Rosée,Point de Rosée,°C,5.0
2025-06-11 17:00:00,Rayonnement solaire,Rayonnement solaire,W/m²,389.0
2025-06-11 17:00:00,Humidité relative,Humidité relative,%,17.2
2025-06-11 17:00:00,Pression atmosphérique,Pression atmosphérique,mm/j,952.9
2025-06-11 17:00:00,Température,Température,°C,33.1
2025-06-11 17:00:00,Évapotranspiration journalière,Évapotranspiration journalière,mm/j,7.7
2025-06-11 17:00:00,Vitesse du vent,Vitesse du vent,m/s,4.61
2025-06-11 17:00:00,Évapotranspiration Horaire,Évapotranspiration Horaire,mm/h,0.0
2025-06-11 17:00:00,Direction du vent,Direction du vent,Deg,38.4
2025-06-11 15:00:00,Évapotranspiration journalière,Évapotranspiration journalière,mm/j,7.7
2025-06-11 15:00:00,Évapotranspiration Horaire,Évapotranspiration Horaire,mm/h,0.0
2025-06-11 15:00:00,Pression atmosphérique,Pression atmosphérique,mm/j,953.1
2025-06-11 15:00:00,Rayonnement solaire,Rayonnement solaire,W/m²,735.0
2025-06-11 15:00:00,Point de Rosée,Point de Rosée,°C,3.2
2025-06-11 15:00:00,Humidité relative,Humidité relative,%,14.2
2025-06-11 15:00:00,Température,Température,°C,34.4
2025-06-11 15:00:00,Vitesse du vent,Vitesse du vent,m/s,4.83
2025-06-11 15:00:00,Direction du vent,Direction du vent,Deg,56.0
2025-06-11 13:00:00,Évapotranspiration journalière,Évapotranspiration journalière,mm/j,7.7
2025-06-11 13:00:00,Évapotranspiration Horaire,Évapotranspiration Horaire,mm/h,0.0
2025-06-11 13:00:00,Pression atmosphérique,Pression atmosphérique,mm/j,954.2
2025-06-11 13:00:00,Rayonnement solaire,Rayonnement solaire,W/m²,916.0
2025-06-11 13:00:00,Point de Rosée,Point de Rosée,°C,2.9
2025-06-11 13:00:00,Humidité relative,Humidité relative,%,14.9
2025-06-11 13:00:00,Température,Température,°C,33.1
2025-06-11 13:00:00,Vitesse du vent,Vitesse du vent,m/s,2.22
2025-06-11 13:00:00,Direction du vent,Direction du vent,Deg,274.8
2025-06-11 11:00:00,Évapotranspiration journalière,Évapotranspiration journalière,mm/j,7.7
2025-06-11 11:00:00,Évapotranspiration Horaire,Évapotranspiration Horaire,mm/h,0.0
2025-06-11 11:00:00,Pression atmosphérique,Pression atmosphérique,mm/j,954.8
2025-06-11 11:00:00,Rayonnement solaire,Rayonnement solaire,W/m²,880.0
2025-06-11 11:00:00,Point de Rosée,Point de Rosée,°C,5.9
2025-06-11 11:00:00,Humidité relative,Humidité relative,%,20.6
2025-06-11 11:00:00,Température,Température,°C,31.0
2025-06-11 11:00:00,Vitesse du vent,Vitesse du vent,m/s,5.39
2025-06-11 11:00:00,Direction du vent,Direction du vent,Deg,30.8
2025-06-11 09:00:00,Évapotranspiration journalière,Évapotranspiration journalière,mm/j,7.7
2025-06-11 09:00:00,Évapotranspiration Horaire,Évapotranspiration Horaire,mm/h,0.0
2025-06-11 09:00:00,Pression atmosphérique,Pression atmosphérique,mm/j,955.4
2025-06-11 09:00:00,Rayonnement solaire,Rayonnement solaire,W/m²,632.0
2025-06-11 09:00:00,Point de Rosée,Point de Rosée,°C,6.5
2025-06-11 09:00:00,Humidité relative,Humidité relative,%,26.0
2025-06-11 09:00:00,Température,Température,°C,27.7
2025-06-11 09:00:00,Vitesse du vent,Vitesse du vent,m/s,2.01
2025-06-11 09:00:00,Direction du vent,Direction du vent,Deg,210.7
2025-06-11 07:00:00,Évapotranspiration journalière,Évapotranspiration journalière,mm/j,7.7
2025-06-11 07:00:00,Évapotranspiration Horaire,Évapotranspiration Horaire,mm/h,0.0
2025-06-11 07:00:00,Pression atmosphérique,Pression atmosphérique,mm/j,955.6
2025-06-11 07:00:00,Rayonnement solaire,Rayonnement solaire,W/m²,213.0
2025-06-11 07:00:00,Point de Rosée,Point de Rosée,°C,7.2
2025-06-11 07:00:00,Humidité relative,Humidité relative,%,30.9
2025-06-11 07:00:00,Température,Température,°C,25.6
2025-06-11 07:00:00,Vitesse du vent,Vitesse du vent,m/s,1.36
2025-06-11 07:00:00,Direction du vent,Direction du vent,Deg,102.2
2025-06-11 06:00:00,Humidité relative,Humidité relative,%,32.7
2025-06-11 06:00:00,Pression atmosphérique,Pression atmosphérique,mm/j,955.3
2025-06-11 06:00:00,Vitesse du vent,Vitesse du vent,m/s,0.7
2025-06-11 06:00:00,Évapotranspiration Horaire,Évapotranspiration Horaire,mm/h,0.0
2025-06-11 06:00:00,Température,Température,°C,23.4
2025-06-11 06:00:00,Rayonnement solaire,Rayonnement solaire,W/m²,77.0
2025-06-11 06:00:00,Direction du vent,Direction du vent,Deg,75.3
2025-06-11 06:00:00,Évapotranspiration journalière,Évapotranspiration journalière,mm/j,7.7
2025-06-11 06:00:00,Point de Rosée,Point de Rosée,°C,6.1
2025-06-11 05:00:00,Direction du vent,Direction du vent,Deg,274.1
2025-06-11 05:00:00,Point de Rosée,Point de Rosée,°C,7.3
2025-06-11 05:00:00,Évapotranspiration journalière,Évapotranspiration journalière,mm/j,7.7
2025-06-11 05:00:00,Humidité relative,Humidité relative,%,42.3
2025-06-11 05:00:00,Évapotranspiration Horaire,Évapotranspiration Horaire,mm/h,0.0
2025-06-11 05:00:00,Température,Température,°C,20.6
2025-06-11 05:00:00,Pression atmosphérique,Pression atmosphérique,mm/j,955.4
2025-06-11 05:00:00,Vitesse du vent,Vitesse du vent,m/s,1.04
2025-06-11 05:00:00,Rayonnement solaire,Rayonnement solaire,W/m²,0.0
2025-06-11 04:00:00,Évapotranspiration journalière,Évapotranspiration journalière,mm/j,7.7
2025-06-11 04:00:00,Évapotranspiration Horaire,Évapotranspiration Horaire,mm/h,0.0
2025-06-11 04:00:00,Pression atmosphérique,Pression atmosphérique,mm/j,955.8
2025-06-11 04:00:00,Rayonnement solaire,Rayonnement solaire,W/m²,0.0
2025-06-11 04:00:00,Point de Rosée,Point de Rosée,°C,8.5
2025-06-11 04:00:00,Humidité relative,Humidité relative,%,43.5
2025-06-11 04:00:00,Température,Température,°C,21.4
2025-06-11 04:00:00,Vitesse du vent,Vitesse du vent,m/s,1.4
2025-06-11 04:00:00,Direction du vent,Direction du vent,Deg,299.8
2025-06-11 03:00:00,Point de Rosée,Point de Rosée,°C,9.0
2025-06-11 03:00:00,Évapotranspiration journalière,Évapotranspiration journalière,mm/j,7.7
2025-06-11 03:00:00,Direction du vent,Direction du vent,Deg,303.2
2025-06-11 03:00:00,Évapotranspiration Horaire,Évapotranspiration Horaire,mm/h,0.0
2025-06-11 03:00:00,Humidité relative,Humidité relative,%,47.5
2025-06-11 03:00:00,Pression atmosphérique,Pression atmosphérique,mm/j,956.0
2025-06-11 03:00:00,Vitesse du vent,Vitesse du vent,m/s,0.81
2025-06-11 03:00:00,Rayonnement solaire,Rayonnement solaire,W/m²,0.0
2025-06-11 03:00:00,Température,Température,°C,20.5
2025-06-11 02:00:00,Évapotranspiration journalière,Évapotranspiration journalière,mm/j,7.7
2025-06-11 02:00:00,Évapotranspiration Horaire,Évapotranspiration Horaire,mm/h,0.0
2025-06-11 02:00:00,Pression atmosphérique,Pression atmosphérique,mm/j,956.8
2025-06-11 02:00:00,Rayonnement solaire,Rayonnement solaire,W/m²,0.0
2025-06-11 02:00:00,Point de Rosée,Point de Rosée,°C,9.0
2025-06-11 02:00:00,Humidité relative,Humidité relative,%,45.5
2025-06-11 02:00:00,Température,Température,°C,21.2
2025-06-11 02:00:00,Vitesse du vent,Vitesse du vent,m/s,1.59
2025-06-11 02:00:00,Direction du vent,Direction du vent,Deg,317.3
2025-06-11 01:00:00,Évapotranspiration Horaire,Évapotranspiration Horaire,mm/h,0.0
2025-06-11 01:00:00,Point de Rosée,Point de Rosée,°C,9.4
2025-06-11 01:00:00,Évapotranspiration journalière,Évapotranspiration journalière,mm/j,7.7
2025-06-11 01:00:00,Rayonnement solaire,Rayonnement solaire,W/m²,0.0
2025-06-11 01:00:00,Vitesse du vent,Vitesse du vent,m/s,1.59
2025-06-11 01:00:00,Humidité relative,Humidité relative,%,45.2
2025-06-11 01:00:00,Direction du vent,Direction du vent,Deg,333.5
2025-06-11 01:00:00,Pression atmosphérique,Pression atmosphérique,mm/j,957.4
2025-06-11 01:00:00,Température,Température,°C,21.8
2025-06-11 00:00:00,Point de Rosée,Point de Rosée,°C,9.6
2025-06-11 00:00:00,Humidité relative,Humidité relative,%,43.0
2025-06-11 00:00:00,Température,Température,°C,22.8
2025-06-11 00:00:00,Vitesse du vent,Vitesse du vent,m/s,0.51
2025-06-11 00:00:00,Direction du vent,Direction du vent,Deg,305.4
2025-06-11 00:00:00,Évapotranspiration journalière,Évapotranspiration journalière,mm/j,7.53
2025-06-11 00:00:00,Évapotranspiration Horaire,Évapotranspiration Horaire,mm/h,0.0
2025-06-11 00:00:00,Pression atmosphérique,Pression atmosphérique,mm/j,957.8
2025-06-11 00:00:00,Rayonnement solaire,Rayonnement solaire,W/m²,0.0
2025-06-10 23:00:00,Évapotranspiration journalière,Évapotranspiration journalière,mm/j,7.53
2025-06-10 23:00:00,Évapotranspiration Horaire,Évapotranspiration Horaire,mm/h,0.0
2025-06-10 23:00:00,Pression atmosphérique,Pression atmosphérique,mm/j,958.3
2025-06-10 23:00:00,Rayonnement solaire,Rayonnement solaire,W/m²,0.0
2025-06-10 23:00:00,Point de Rosée,Point de Rosée,°C,9.9
2025-06-10 23:00:00,Humidité relative,Humidité relative,%,40.5
2025-06-10 23:00:00,Température,Température,°C,24.1
2025-06-10 23:00:00,Vitesse du vent,Vitesse du vent,m/s,2.4
2025-06-10 23:00:00,Direction du vent,Direction du vent,Deg,0.9
2025-06-10 21:00:00,Évapotranspiration journalière,Évapotranspiration journalière,mm/j,7.53
2025-06-10 21:00:00,Évapotranspiration Horaire,Évapotranspiration Horaire,mm/h,0.0
2025-06-10 21:00:00,Pression atmosphérique,Pression atmosphérique,mm/j,957.7
2025-06-10 21:00:00,Rayonnement solaire,Rayonnement solaire,W/m²,0.0
2025-06-10 21:00:00,Point de Rosée,Point de Rosée,°C,9.3
2025-06-10 21:00:00,Humidité relative,Humidité relative,%,33.2
2025-06-10 21:00:00,Température,Température,°C,26.9
2025-06-10 21:00:00,Vitesse du vent,Vitesse du vent,m/s,6.57
2025-06-10 21:00:00,Direction du vent,Direction du vent,Deg,43.2
2025-06-10 20:00:00,Évapotranspiration journalière,Évapotranspiration journalière,mm/j,7.53
2025-06-10 20:00:00,Rayonnement solaire,Rayonnement solaire,W/m²,0.0
2025-06-10 20:00:00,Direction du vent,Direction du vent,Deg,33.5
2025-06-10 20:00:00,Point de Rosée,Point de Rosée,°C,7.9
2025-06-10 20:00:00,Évapotranspiration Horaire,Évapotranspiration Horaire,mm/h,0.0
2025-06-10 20:00:00,Pression atmosphérique,Pression atmosphérique,mm/j,956.9
2025-06-10 20:00:00,Vitesse du vent,Vitesse du vent,m/s,4.91
2025-06-10 20:00:00,Humidité relative,Humidité relative,%,26.5
2025-06-10 20:00:00,Température,Température,°C,29.1
2025-06-10 19:00:00,Évapotranspiration Horaire,Évapotranspiration Horaire,mm/h,0.0
2025-06-10 19:00:00,Direction du vent,Direction du vent,Deg,61.5
2025-06-10 19:00:00,Vitesse du vent,Vitesse du vent,m/s,4.79
2025-06-10 19:00:00,Température,Température,°C,32.8
2025-06-10 19:00:00,Humidité relative,Humidité relative,%,18.1
2025-06-10 19:00:00,Point de Rosée,Point de Rosée,°C,5.4
2025-06-10 19:00:00,Rayonnement solaire,Rayonnement solaire,W/m²,50.0
2025-06-10 19:00:00,Pression atmosphérique,Pression atmosphérique,mm/j,955.5
2025-06-10 19:00:00,Évapotranspiration journalière,Évapotranspiration journalière,mm/j,7.53
2025-06-10 18:00:00,Direction du vent,Direction du vent,Deg,65.0
2025-06-10 18:00:00,Rayonnement solaire,Rayonnement solaire,W/m²,200.0
2025-06-10 18:00:00,Pression atmosphérique,Pression atmosphérique,mm/j,955.1
2025-06-10 18:00:00,Évapotranspiration Horaire,Évapotranspiration Horaire,mm/h,0.0
2025-06-10 18:00:00,Évapotranspiration journalière,Évapotranspiration journalière,mm/j,7.53
2025-06-10 18:00:00,Point de Rosée,Point de Rosée,°C,9.3
2025-06-10 18:00:00,Humidité relative,Humidité relative,%,22.3
2025-06-10 18:00:00,Température,Température,°C,33.8
2025-06-10 18:00:00,Vitesse du vent,Vitesse du vent,m/s,5.7
2025-06-10 17:00:00,Température,Température,°C,34.3
2025-06-10 17:00:00,Rayonnement solaire,Rayonnement solaire,W/m²,387.0
2025-06-10 17:00:00,Point de Rosée,Point de Rosée,°C,9.5
2025-06-10 17:00:00,Pression atmosphérique,Pression atmosphérique,mm/j,954.8
2025-06-10 17:00:00,Direction du vent,Direction du vent,Deg,104.8
2025-06-10 17:00:00,Évapotranspiration Horaire,Évapotranspiration Horaire,mm/h,0.0
2025-06-10 17:00:00,Humidité relative,Humidité relative,%,21.9
2025-06-10 17:00:00,Évapotranspiration journalière,Évapotranspiration journalière,mm/j,7.53
2025-06-10 17:00:00,Vitesse du vent,Vitesse du vent,m/s,2.21
2025-06-10 15:00:00,Vitesse du vent,Vitesse du vent,m/s,2.58
2025-06-10 15:00:00,Évapotranspiration journalière,Évapotranspiration journalière,mm/j,7.53
2025-06-10 15:00:00,Évapotranspiration Horaire,Évapotranspiration Horaire,mm/h,0.0
2025-06-10 15:00:00,Pression atmosphérique,Pression atmosphérique,mm/j,955.5
2025-06-10 15:00:00,Rayonnement solaire,Rayonnement solaire,W/m²,721.0
2025-06-10 15:00:00,Point de Rosée,Point de Rosée,°C,9.0
2025-06-10 15:00:00,Humidité relative,Humidité relative,%,21.1
2025-06-10 15:00:00,Température,Température,°C,34.5
2025-06-10 15:00:00,Direction du vent,Direction du vent,Deg,75.6
2025-06-10 13:00:00,Point de Rosée,Point de Rosée,°C,9.2
2025-06-10 13:00:00,Évapotranspiration journalière,Évapotranspiration journalière,mm/j,7.53
2025-06-10 13:00:00,Évapotranspiration Horaire,Évapotranspiration Horaire,mm/h,0.0
2025-06-10 13:00:00,Pression atmosphérique,Pression atmosphérique,mm/j,956.8
2025-06-10 13:00:00,Rayonnement solaire,Rayonnement solaire,W/m²,882.0
2025-06-10 13:00:00,Humidité relative,Humidité relative,%,23.9
2025-06-10 13:00:00,Température,Température,°C,32.5
2025-06-10 13:00:00,Vitesse du vent,Vitesse du vent,m/s,2.07
2025-06-10 13:00:00,Direction du vent,Direction du vent,Deg,149.1
2025-06-10 11:00:00,Évapotranspiration journalière,Évapotranspiration journalière,mm/j,7.53
2025-06-10 11:00:00,Point de Rosée,Point de Rosée,°C,9.7
2025-06-10 11:00:00,Direction du vent,Direction du vent,Deg,139.6
2025-06-10 11:00:00,Évapotranspiration Horaire,Évapotranspiration Horaire,mm/h,0.0
2025-06-10 11:00:00,Température,Température,°C,29.9
2025-06-10 11:00:00,Pression atmosphérique,Pression atmosphérique,mm/j,958.2
2025-06-10 11:00:00,Humidité relative,Humidité relative,%,28.5
2025-06-10 11:00:00,Rayonnement solaire,Rayonnement solaire,W/m²,853.0
2025-06-10 11:00:00,Vitesse du vent,Vitesse du vent,m/s,1.88
2025-06-10 10:00:00,Pression atmosphérique,Pression atmosphérique,mm/j,958.4
2025-06-10 10:00:00,Évapotranspiration journalière,Évapotranspiration journalière,mm/j,7.53
2025-06-10 10:00:00,Évapotranspiration Horaire,Évapotranspiration Horaire,mm/h,0.0
2025-06-10 10:00:00,Rayonnement solaire,Rayonnement solaire,W/m²,770.0
2025-06-10 10:00:00,Point de Rosée,Point de Rosée,°C,10.1
2025-06-10 10:00:00,Humidité relative,Humidité relative,%,31.6
2025-06-10 10:00:00,Température,Température,°C,28.6
2025-06-10 10:00:00,Vitesse du vent,Vitesse du vent,m/s,1.23
2025-06-10 10:00:00,Direction du vent,Direction du vent,Deg,137.2
2025-06-10 09:00:00,Point de Rosée,Point de Rosée,°C,10.7
2025-06-10 09:00:00,Direction du vent,Direction du vent,Deg,358.9
2025-06-10 09:00:00,Humidité relative,Humidité relative,%,34.0
2025-06-10 09:00:00,Évapotranspiration Horaire,Évapotranspiration Horaire,mm/h,0.0
2025-06-10 09:00:00,Évapotranspiration journalière,Évapotranspiration journalière,mm/j,7.53
2025-06-10 09:00:00,Pression atmosphérique,Pression atmosphérique,mm/j,958.8
2025-06-10 09:00:00,Vitesse du vent,Vitesse du vent,m/s,0.42
2025-06-10 09:00:00,Rayonnement solaire,Rayonnement solaire,W/m²,610.0
2025-06-10 09:00:00,Température,Température,°C,28.0
2025-06-10 08:00:00,Rayonnement solaire,Rayonnement solaire,W/m²,398.0
2025-06-10 08:00:00,Point de Rosée,Point de Rosée,°C,10.6
2025-06-10 08:00:00,Humidité relative,Humidité relative,%,39.5
2025-06-10 08:00:00,Température,Température,°C,25.4
2025-06-10 08:00:00,Vitesse du vent,Vitesse du vent,m/s,1.51
2025-06-10 08:00:00,Évapotranspiration journalière,Évapotranspiration journalière,mm/j,7.53
2025-06-10 08:00:00,Évapotranspiration Horaire,Évapotranspiration Horaire,mm/h,0.0
2025-06-10 08:00:00,Pression atmosphérique,Pression atmosphérique,mm/j,959.0
2025-06-10 08:00:00,Direction du vent,Direction du vent,Deg,118.1
2025-06-10 07:00:00,Évapotranspiration journalière,Évapotranspiration journalière,mm/j,7.53
2025-06-10 07:00:00,Direction du vent,Direction du vent,Deg,160.3
2025-06-10 07:00:00,Vitesse du vent,Vitesse du vent,m/s,0.83
2025-06-10 07:00:00,Température,Température,°C,23.9
2025-06-10 07:00:00,Humidité relative,Humidité relative,%,42.9
2025-06-10 07:00:00,Point de Rosée,Point de Rosée,°C,10.5
2025-06-10 07:00:00,Rayonnement solaire,Rayonnement solaire,W/m²,203.0
2025-06-10 07:00:00,Pression atmosphérique,Pression atmosphérique,mm/j,958.8
2025-06-10 07:00:00,Évapotranspiration Horaire,Évapotranspiration Horaire,mm/h,0.0
2025-06-10 06:00:00,Direction du vent,Direction du vent,Deg,335.3
2025-06-10 06:00:00,Évapotranspiration journalière,Évapotranspiration journalière,mm/j,7.53
2025-06-10 06:00:00,Évapotranspiration Horaire,Évapotranspiration Horaire,mm/h,0.0
2025-06-10 06:00:00,Pression atmosphérique,Pression atmosphérique,mm/j,958.5
2025-06-10 06:00:00,Rayonnement solaire,Rayonnement solaire,W/m²,72.0
2025-06-10 06:00:00,Point de Rosée,Point de Rosée,°C,7.3
2025-06-10 06:00:00,Humidité relative,Humidité relative,%,44.8
2025-06-10 06:00:00,Température,Température,°C,19.6
2025-06-10 06:00:00,Vitesse du vent,Vitesse du vent,m/s,0.78
2025-06-10 05:00:00,Direction du vent,Direction du vent,Deg,334.1
2025-06-10 05:00:00,Vitesse du vent,Vitesse du vent,m/s,1.74
2025-06-10 05:00:00,Température,Température,°C,19.5
2025-06-10 05:00:00,Humidité relative,Humidité relative,%,44.9
2025-06-10 05:00:00,Point de Rosée,Point de Rosée,°C,7.2
2025-06-10 05:00:00,Rayonnement solaire,Rayonnement solaire,W/m²,1.0
2025-06-10 05:00:00,Pression atmosphérique,Pression atmosphérique,mm/j,957.9
2025-06-10 05:00:00,Évapotranspiration Horaire,Évapotranspiration Horaire,mm/h,0.0
2025-06-10 05:00:00,Évapotranspiration journalière,Évapotranspiration journalière,mm/j,7.53
2025-06-09 06:00:00,Évapotranspiration journalière,Évapotranspiration journalière,mm/j,9.98
2025-06-09 06:00:00,Point de Rosée,Point de Rosée,°C,9.9
2025-06-09 06:00:00,Direction du vent,Direction du vent,Deg,350.1
2025-06-09 06:00:00,Humidité relative,Humidité relative,%,44.4
2025-06-09 06:00:00,Vitesse du vent,Vitesse du vent,m/s,1.8
2025-06-09 06:00:00,Température,Température,°C,22.6
2025-06-09 06:00:00,Rayonnement solaire,Rayonnement solaire,W/m²,70.0
2025-06-09 06:00:00,Pression atmosphérique,Pression atmosphérique,mm/j,957.6
2025-06-09 06:00:00,Évapotranspiration Horaire,Évapotranspiration Horaire,mm/h,0.0
2025-06-09 05:00:00,Évapotranspiration Horaire,Évapotranspiration Horaire,mm/h,0.0
2025-06-09 05:00:00,Rayonnement solaire,Rayonnement solaire,W/m²,0.0
2025-06-09 05:00:00,Direction du vent,Direction du vent,Deg,341.3
2025-06-09 05:00:00,Point de Rosée,Point de Rosée,°C,9.7
2025-06-09 05:00:00,Température,Température,°C,21.5
2025-06-09 05:00:00,Pression atmosphérique,Pression atmosphérique,mm/j,957.3
2025-06-09 05:00:00,Vitesse du vent,Vitesse du vent,m/s,2.13
2025-06-09 05:00:00,Humidité relative,Humidité relative,%,46.8
2025-06-09 05:00:00,Évapotranspiration journalière,Évapotranspiration journalière,mm/j,9.98
2025-06-08 10:00:00,Température,Température,°C,33.7
2025-06-08 10:00:00,Point de Rosée,Point de Rosée,°C,8.3
2025-06-08 10:00:00,Humidité relative,Humidité relative,%,21.0
2025-06-08 10:00:00,Vitesse du vent,Vitesse du vent,m/s,1.66
2025-06-08 10:00:00,Direction du vent,Direction du vent,Deg,30.6
2025-06-08 10:00:00,Rayonnement solaire,Rayonnement solaire,W/m²,742.0
2025-06-08 10:00:00,Pression atmosphérique,Pression atmosphérique,mm/j,957.2
2025-06-08 10:00:00,Évapotranspiration Horaire,Évapotranspiration Horaire,mm/h,0.0
2025-06-08 10:00:00,Évapotranspiration journalière,Évapotranspiration journalière,mm/j,8.17
2025-06-08 09:00:00,Température,Température,°C,31.8
2025-06-08 09:00:00,Point de Rosée,Point de Rosée,°C,8.4
2025-06-08 09:00:00,Humidité relative,Humidité relative,%,23.4
2025-06-08 09:00:00,Rayonnement solaire,Rayonnement solaire,W/m²,599.0
2025-06-08 09:00:00,Pression atmosphérique,Pression atmosphérique,mm/j,957.2
2025-06-08 09:00:00,Évapotranspiration Horaire,Évapotranspiration Horaire,mm/h,0.0
2025-06-08 09:00:00,Vitesse du vent,Vitesse du vent,m/s,5.02
2025-06-08 09:00:00,Évapotranspiration journalière,Évapotranspiration journalière,mm/j,8.17
2025-06-08 09:00:00,Direction du vent,Direction du vent,Deg,69.4
2025-06-08 08:00:00,Vitesse du vent,Vitesse du vent,m/s,3.46
2025-06-08 08:00:00,Direction du vent,Direction du vent,Deg,133.9
2025-06-08 08:00:00,Évapotranspiration journalière,Évapotranspiration journalière,mm/j,8.17
2025-06-08 08:00:00,Évapotranspiration Horaire,Évapotranspiration Horaire,mm/h,0.0
2025-06-08 08:00:00,Pression atmosphérique,Pression atmosphérique,mm/j,957.1
2025-06-08 08:00:00,Rayonnement solaire,Rayonnement solaire,W/m²,396.0
2025-06-08 08:00:00,Point de Rosée,Point de Rosée,°C,7.5
2025-06-08 08:00:00,Température,Température,°C,29.1
2025-06-08 08:00:00,Humidité relative,Humidité relative,%,25.8
2025-06-08 07:00:00,Point de Rosée,Point de Rosée,°C,7.3
2025-06-08 07:00:00,Évapotranspiration Horaire,Évapotranspiration Horaire,mm/h,0.0
2025-06-08 07:00:00,Humidité relative,Humidité relative,%,29.2
2025-06-08 07:00:00,Évapotranspiration journalière,Évapotranspiration journalière,mm/j,8.17
2025-06-08 07:00:00,Vitesse du vent,Vitesse du vent,m/s,1.33
2025-06-08 07:00:00,Pression atmosphérique,Pression atmosphérique,mm/j,956.9
2025-06-08 07:00:00,Direction du vent,Direction du vent,Deg,145.2
2025-06-08 07:00:00,Rayonnement solaire,Rayonnement solaire,W/m²,201.0
2025-06-08 07:00:00,Température,Température,°C,26.7
2025-06-08 06:00:00,Point de Rosée,Point de Rosée,°C,7.1
2025-06-08 06:00:00,Direction du vent,Direction du vent,Deg,357.2
2025-06-08 06:00:00,Vitesse du vent,Vitesse du vent,m/s,1.99
2025-06-08 06:00:00,Température,Température,°C,26.3
2025-06-08 06:00:00,Humidité relative,Humidité relative,%,29.5
2025-06-08 06:00:00,Rayonnement solaire,Rayonnement solaire,W/m²,67.0
2025-06-08 06:00:00,Pression atmosphérique,Pression atmosphérique,mm/j,956.6
2025-06-08 06:00:00,Évapotranspiration Horaire,Évapotranspiration Horaire,mm/h,0.0
2025-06-08 06:00:00,Évapotranspiration journalière,Évapotranspiration journalière,mm/j,8.17
2025-06-08 05:00:00,Direction du vent,Direction du vent,Deg,245.8
2025-06-08 05:00:00,Point de Rosée,Point de Rosée,°C,6.2
2025-06-08 05:00:00,Rayonnement solaire,Rayonnement solaire,W/m²,0.0
2025-06-08 05:00:00,Pression atmosphérique,Pression atmosphérique,mm/j,956.7
2025-06-08 05:00:00,Humidité relative,Humidité relative,%,28.0
2025-06-08 05:00:00,Évapotranspiration journalière,Évapotranspiration journalière,mm/j,8.17
2025-06-08 05:00:00,Évapotranspiration Horaire,Évapotranspiration Horaire,mm/h,0.0
2025-06-08 05:00:00,Température,Température,°C,26.2
2025-06-08 05:00:00,Vitesse du vent,Vitesse du vent,m/s,1.76
2025-06-07 10:00:00,Point de Rosée,Point de Rosée,°C,6.9
2025-06-07 10:00:00,Évapotranspiration journalière,Évapotranspiration journalière,mm/j,7.71
2025-06-07 10:00:00,Évapotranspiration Horaire,Évapotranspiration Horaire,mm/h,0.0
2025-06-07 10:00:00,Pression atmosphérique,Pression atmosphérique,mm/j,958.6
2025-06-07 10:00:00,Rayonnement solaire,Rayonnement solaire,W/m²,753.0
2025-06-07 10:00:00,Humidité relative,Humidité relative,%,24.4
2025-06-07 10:00:00,Température,Température,°C,29.3
2025-06-07 10:00:00,Vitesse du vent,Vitesse du vent,m/s,3.28
2025-06-07 10:00:00,Direction du vent,Direction du vent,Deg,186.3
2025-06-07 09:00:00,Rayonnement solaire,Rayonnement solaire,W/m²,606.0
2025-06-07 09:00:00,Point de Rosée,Point de Rosée,°C,7.4
2025-06-07 09:00:00,Humidité relative,Humidité relative,%,27.6
2025-06-07 09:00:00,Température,Température,°C,27.8
2025-06-07 09:00:00,Vitesse du vent,Vitesse du vent,m/s,3.25
2025-06-07 09:00:00,Direction du vent,Direction du vent,Deg,185.4
2025-06-07 09:00:00,Évapotranspiration journalière,Évapotranspiration journalière,mm/j,7.71
2025-06-07 09:00:00,Évapotranspiration Horaire,Évapotranspiration Horaire,mm/h,0.0
2025-06-07 09:00:00,Pression atmosphérique,Pression atmosphérique,mm/j,959.0
2025-06-07 08:00:00,Évapotranspiration Horaire,Évapotranspiration Horaire,mm/h,0.0
2025-06-07 08:00:00,Évapotranspiration journalière,Évapotranspiration journalière,mm/j,7.71
2025-06-07 08:00:00,Pression atmosphérique,Pression atmosphérique,mm/j,959.0
2025-06-07 08:00:00,Température,Température,°C,27.0
2025-06-07 08:00:00,Humidité relative,Humidité relative,%,28.9
2025-06-07 08:00:00,Vitesse du vent,Vitesse du vent,m/s,2.26
2025-06-07 08:00:00,Rayonnement solaire,Rayonnement solaire,W/m²,390.0
2025-06-07 08:00:00,Direction du vent,Direction du vent,Deg,176.2
2025-06-07 08:00:00,Point de Rosée,Point de Rosée,°C,7.4
2025-06-07 07:00:00,Point de Rosée,Point de Rosée,°C,7.0
2025-06-07 07:00:00,Évapotranspiration journalière,Évapotranspiration journalière,mm/j,7.71
2025-06-07 07:00:00,Évapotranspiration Horaire,Évapotranspiration Horaire,mm/h,0.0
2025-06-07 07:00:00,Pression atmosphérique,Pression atmosphérique,mm/j,958.7
2025-06-07 07:00:00,Rayonnement solaire,Rayonnement solaire,W/m²,193.0
2025-06-07 07:00:00,Direction du vent,Direction du vent,Deg,215.1
2025-06-07 07:00:00,Humidité relative,Humidité relative,%,30.1
2025-06-07 07:00:00,Température,Température,°C,25.9
2025-06-07 07:00:00,Vitesse du vent,Vitesse du vent,m/s,2.01
2025-06-07 06:00:00,Pression atmosphérique,Pression atmosphérique,mm/j,958.7
2025-06-07 06:00:00,Humidité relative,Humidité relative,%,39.5
2025-06-07 06:00:00,Rayonnement solaire,Rayonnement solaire,W/m²,63.0
2025-06-07 06:00:00,Température,Température,°C,20.8
2025-06-07 06:00:00,Évapotranspiration Horaire,Évapotranspiration Horaire,mm/h,0.0
2025-06-07 06:00:00,Vitesse du vent,Vitesse du vent,m/s,1.69
2025-06-07 06:00:00,Évapotranspiration journalière,Évapotranspiration journalière,mm/j,7.71
2025-06-07 06:00:00,Direction du vent,Direction du vent,Deg,331.1
2025-06-07 06:00:00,Point de Rosée,Point de Rosée,°C,6.5
2025-06-07 05:00:00,Évapotranspiration Horaire,Évapotranspiration Horaire,mm/h,0.0
2025-06-07 05:00:00,Évapotranspiration journalière,Évapotranspiration journalière,mm/j,7.71
2025-06-07 05:00:00,Pression atmosphérique,Pression atmosphérique,mm/j,958.7
2025-06-07 05:00:00,Rayonnement solaire,Rayonnement solaire,W/m²,1.0
2025-06-07 05:00:00,Point de Rosée,Point de Rosée,°C,6.2
2025-06-07 05:00:00,Humidité relative,Humidité relative,%,38.9
2025-06-07 05:00:00,Température,Température,°C,20.7
2025-06-07 05:00:00,Vitesse du vent,Vitesse du vent,m/s,2.03
2025-06-07 05:00:00,Direction du vent,Direction du vent,Deg,322.8
2025-06-06 09:00:00,Évapotranspiration journalière,Évapotranspiration journalière,mm/j,7.85
2025-06-06 09:00:00,Évapotranspiration Horaire,Évapotranspiration Horaire,mm/h,0.0
2025-06-06 09:00:00,Pression atmosphérique,Pression atmosphérique,mm/j,958.5
2025-06-06 09:00:00,Rayonnement solaire,Rayonnement solaire,W/m²,595.0
2025-06-06 09:00:00,Point de Rosée,Point de Rosée,°C,8.1
2025-06-06 09:00:00,Humidité relative,Humidité relative,%,27.8
2025-06-06 09:00:00,Température,Température,°C,28.5
2025-06-06 09:00:00,Direction du vent,Direction du vent,Deg,17.7
2025-06-06 09:00:00,Vitesse du vent,Vitesse du vent,m/s,2.13
2025-06-06 08:00:00,Rayonnement solaire,Rayonnement solaire,W/m²,392.0
2025-06-06 08:00:00,Évapotranspiration journalière,Évapotranspiration journalière,mm/j,7.85
2025-06-06 08:00:00,Évapotranspiration Horaire,Évapotranspiration Horaire,mm/h,0.0
2025-06-06 08:00:00,Pression atmosphérique,Pression atmosphérique,mm/j,958.4
2025-06-06 08:00:00,Point de Rosée,Point de Rosée,°C,9.3
2025-06-06 08:00:00,Humidité relative,Humidité relative,%,37.5
2025-06-06 08:00:00,Température,Température,°C,24.8
2025-06-06 08:00:00,Vitesse du vent,Vitesse du vent,m/s,2.99
2025-06-06 08:00:00,Direction du vent,Direction du vent,Deg,135.1
2025-06-06 07:00:00,Pression atmosphérique,Pression atmosphérique,mm/j,957.4
2025-06-06 07:00:00,Point de Rosée,Point de Rosée,°C,8.7
2025-06-06 07:00:00,Évapotranspiration Horaire,Évapotranspiration Horaire,mm/h,0.0
2025-06-06 07:00:00,Rayonnement solaire,Rayonnement solaire,W/m²,200.0
2025-06-06 07:00:00,Vitesse du vent,Vitesse du vent,m/s,0.7
2025-06-06 07:00:00,Humidité relative,Humidité relative,%,33.9
2025-06-06 07:00:00,Direction du vent,Direction du vent,Deg,25.1
2025-06-06 07:00:00,Évapotranspiration journalière,Évapotranspiration journalière,mm/j,7.85
2025-06-06 07:00:00,Température,Température,°C,25.8
2025-06-06 06:00:00,Point de Rosée,Point de Rosée,°C,6.9
2025-06-06 06:00:00,Humidité relative,Humidité relative,%,36.6
2025-06-06 06:00:00,Température,Température,°C,22.4
2025-06-06 06:00:00,Vitesse du vent,Vitesse du vent,m/s,1.87
2025-06-06 06:00:00,Direction du vent,Direction du vent,Deg,1.7
2025-06-06 06:00:00,Évapotranspiration journalière,Évapotranspiration journalière,mm/j,7.85
2025-06-06 06:00:00,Évapotranspiration Horaire,Évapotranspiration Horaire,mm/h,0.0
2025-06-06 06:00:00,Pression atmosphérique,Pression atmosphérique,mm/j,957.2
2025-06-06 06:00:00,Rayonnement solaire,Rayonnement solaire,W/m²,64.0
2025-06-06 05:00:00,Évapotranspiration journalière,Évapotranspiration journalière,mm/j,7.85
2025-06-06 05:00:00,Évapotranspiration Horaire,Évapotranspiration Horaire,mm/h,0.0
2025-06-06 05:00:00,Pression atmosphérique,Pression atmosphérique,mm/j,957.1
2025-06-06 05:00:00,Rayonnement solaire,Rayonnement solaire,W/m²,0.0
2025-06-06 05:00:00,Point de Rosée,Point de Rosée,°C,6.8
2025-06-06 05:00:00,Humidité relative,Humidité relative,%,39.8
2025-06-06 05:00:00,Température,Température,°C,21.0
2025-06-06 05:00:00,Vitesse du vent,Vitesse du vent,m/s,2.05
2025-06-06 05:00:00,Direction du vent,Direction du vent,Deg,333.2
2025-06-05 19:00:00,Évapotranspiration journalière,Évapotranspiration journalière,mm/j,7.34
2025-06-05 19:00:00,Évapotranspiration Horaire,Évapotranspiration Horaire,mm/h,0.0
2025-06-05 19:00:00,Pression atmosphérique,Pression atmosphérique,mm/j,956.4
2025-06-05 19:00:00,Rayonnement solaire,Rayonnement solaire,W/m²,22.0
2025-06-05 19:00:00,Point de Rosée,Point de Rosée,°C,8.9
2025-06-05 19:00:00,Humidité relative,Humidité relative,%,27.3
2025-06-05 19:00:00,Température,Température,°C,29.7
2025-06-05 19:00:00,Vitesse du vent,Vitesse du vent,m/s,5.76
2025-06-05 19:00:00,Direction du vent,Direction du vent,Deg,54.4
2025-06-05 18:00:00,Évapotranspiration journalière,Évapotranspiration journalière,mm/j,7.34
2025-06-05 18:00:00,Direction du vent,Direction du vent,Deg,81.6
2025-06-05 18:00:00,Vitesse du vent,Vitesse du vent,m/s,5.94
2025-06-05 18:00:00,Évapotranspiration Horaire,Évapotranspiration Horaire,mm/h,0.0
2025-06-05 18:00:00,Température,Température,°C,31.3
2025-06-05 18:00:00,Pression atmosphérique,Pression atmosphérique,mm/j,955.5
2025-06-05 18:00:00,Rayonnement solaire,Rayonnement solaire,W/m²,148.0
2025-06-05 18:00:00,Point de Rosée,Point de Rosée,°C,9.4
2025-06-05 18:00:00,Humidité relative,Humidité relative,%,25.8
2025-06-05 17:00:00,Rayonnement solaire,Rayonnement solaire,W/m²,308.0
2025-06-05 17:00:00,Direction du vent,Direction du vent,Deg,71.0
2025-06-05 17:00:00,Vitesse du vent,Vitesse du vent,m/s,4.05
2025-06-05 17:00:00,Température,Température,°C,32.5
2025-06-05 17:00:00,Humidité relative,Humidité relative,%,25.3
2025-06-05 17:00:00,Point de Rosée,Point de Rosée,°C,10.1
2025-06-05 17:00:00,Pression atmosphérique,Pression atmosphérique,mm/j,955.1
2025-06-05 17:00:00,Évapotranspiration Horaire,Évapotranspiration Horaire,mm/h,0.0
2025-06-05 17:00:00,Évapotranspiration journalière,Évapotranspiration journalière,mm/j,7.34
2025-06-05 16:00:00,Évapotranspiration journalière,Évapotranspiration journalière,mm/j,7.34
2025-06-05 16:00:00,Humidité relative,Humidité relative,%,21.7
2025-06-05 16:00:00,Pression atmosphérique,Pression atmosphérique,mm/j,955.1
2025-06-05 16:00:00,Température,Température,°C,32.9
2025-06-05 16:00:00,Rayonnement solaire,Rayonnement solaire,W/m²,496.0
2025-06-05 16:00:00,Vitesse du vent,Vitesse du vent,m/s,7.48
2025-06-05 16:00:00,Évapotranspiration Horaire,Évapotranspiration Horaire,mm/h,0.0
2025-06-05 16:00:00,Direction du vent,Direction du vent,Deg,38.9
2025-06-05 16:00:00,Point de Rosée,Point de Rosée,°C,8.1
2025-06-05 15:00:00,Direction du vent,Direction du vent,Deg,77.9
2025-06-05 15:00:00,Pression atmosphérique,Pression atmosphérique,mm/j,955.2
2025-06-05 15:00:00,Évapotranspiration Horaire,Évapotranspiration Horaire,mm/h,0.0
2025-06-05 15:00:00,Évapotranspiration journalière,Évapotranspiration journalière,mm/j,7.34
2025-06-05 15:00:00,Point de Rosée,Point de Rosée,°C,7.1
2025-06-05 15:00:00,Humidité relative,Humidité relative,%,19.9
2025-06-05 15:00:00,Température,Température,°C,33.2
2025-06-05 15:00:00,Vitesse du vent,Vitesse du vent,m/s,7.87
2025-06-05 15:00:00,Rayonnement solaire,Rayonnement solaire,W/m²,727.0
2025-06-05 14:00:00,Pression atmosphérique,Pression atmosphérique,mm/j,955.6
2025-06-05 14:00:00,Évapotranspiration journalière,Évapotranspiration journalière,mm/j,7.34
2025-06-05 14:00:00,Évapotranspiration Horaire,Évapotranspiration Horaire,mm/h,0.0
2025-06-05 14:00:00,Rayonnement solaire,Rayonnement solaire,W/m²,847.0
2025-06-05 14:00:00,Point de Rosée,Point de Rosée,°C,7.0
2025-06-05 14:00:00,Humidité relative,Humidité relative,%,20.1
2025-06-05 14:00:00,Température,Température,°C,32.8
2025-06-05 14:00:00,Vitesse du vent,Vitesse du vent,m/s,6.74
2025-06-05 14:00:00,Direction du vent,Direction du vent,Deg,70.3
2025-06-05 13:00:00,Humidité relative,Humidité relative,%,22.9
2025-06-05 13:00:00,Vitesse du vent,Vitesse du vent,m/s,2.59
2025-06-05 13:00:00,Température,Température,°C,31.9
2025-06-05 13:00:00,Évapotranspiration Horaire,Évapotranspiration Horaire,mm/h,0.0
2025-06-05 13:00:00,Évapotranspiration journalière,Évapotranspiration journalière,mm/j,7.34
2025-06-05 13:00:00,Pression atmosphérique,Pression atmosphérique,mm/j,956.0
2025-06-05 13:00:00,Direction du vent,Direction du vent,Deg,16.0
2025-06-05 13:00:00,Rayonnement solaire,Rayonnement solaire,W/m²,894.0
2025-06-05 13:00:00,Point de Rosée,Point de Rosée,°C,8.1
2025-06-05 12:00:00,Point de Rosée,Point de Rosée,°C,5.0
2025-06-05 12:00:00,Humidité relative,Humidité relative,%,19.0
2025-06-05 12:00:00,Température,Température,°C,31.3
2025-06-05 12:00:00,Vitesse du vent,Vitesse du vent,m/s,1.9
2025-06-05 12:00:00,Direction du vent,Direction du vent,Deg,48.3
2025-06-05 12:00:00,Évapotranspiration journalière,Évapotranspiration journalière,mm/j,7.34
2025-06-05 12:00:00,Évapotranspiration Horaire,Évapotranspiration Horaire,mm/h,0.0
2025-06-05 12:00:00,Pression atmosphérique,Pression atmosphérique,mm/j,956.2
2025-06-05 12:00:00,Rayonnement solaire,Rayonnement solaire,W/m²,887.0
2025-06-05 09:00:00,Point de Rosée,Point de Rosée,°C,12.0
2025-06-05 09:00:00,Évapotranspiration journalière,Évapotranspiration journalière,mm/j,7.34
2025-06-05 09:00:00,Évapotranspiration Horaire,Évapotranspiration Horaire,mm/h,0.0
2025-06-05 09:00:00,Pression atmosphérique,Pression atmosphérique,mm/j,956.8
2025-06-05 09:00:00,Rayonnement solaire,Rayonnement solaire,W/m²,440.0
2025-06-05 09:00:00,Humidité relative,Humidité relative,%,37.6
2025-06-05 09:00:00,Température,Température,°C,27.8
2025-06-05 09:00:00,Vitesse du vent,Vitesse du vent,m/s,0.26
2025-06-05 09:00:00,Direction du vent,Direction du vent,Deg,88.9
2025-06-05 08:00:00,Pression atmosphérique,Pression atmosphérique,mm/j,956.6
2025-06-05 08:00:00,Humidité relative,Humidité relative,%,47.6
2025-06-05 08:00:00,Évapotranspiration Horaire,Évapotranspiration Horaire,mm/h,0.0
2025-06-05 08:00:00,Température,Température,°C,26.0
2025-06-05 08:00:00,Rayonnement solaire,Rayonnement solaire,W/m²,379.0
2025-06-05 08:00:00,Vitesse du vent,Vitesse du vent,m/s,1.02
2025-06-05 08:00:00,Évapotranspiration journalière,Évapotranspiration journalière,mm/j,7.34
2025-06-05 08:00:00,Direction du vent,Direction du vent,Deg,33.3
2025-06-05 08:00:00,Point de Rosée,Point de Rosée,°C,14.0
2025-06-05 07:00:00,Direction du vent,Direction du vent,Deg,138.4
2025-06-05 07:00:00,Évapotranspiration Horaire,Évapotranspiration Horaire,mm/h,0.0
2025-06-05 07:00:00,Pression atmosphérique,Pression atmosphérique,mm/j,956.4
2025-06-05 07:00:00,Rayonnement solaire,Rayonnement solaire,W/m²,197.0
2025-06-05 07:00:00,Point de Rosée,Point de Rosée,°C,14.2
2025-06-05 07:00:00,Humidité relative,Humidité relative,%,56.5
2025-06-05 07:00:00,Température,Température,°C,23.4
2025-06-05 07:00:00,Vitesse du vent,Vitesse du vent,m/s,0.86
2025-06-05 07:00:00,Évapotranspiration journalière,Évapotranspiration journalière,mm/j,7.34
2025-06-05 06:00:00,Rayonnement solaire,Rayonnement solaire,W/m²,68.0
2025-06-05 06:00:00,Évapotranspiration journalière,Évapotranspiration journalière,mm/j,7.34
2025-06-05 06:00:00,Évapotranspiration Horaire,Évapotranspiration Horaire,mm/h,0.0
2025-06-05 06:00:00,Pression atmosphérique,Pression atmosphérique,mm/j,956.3
2025-06-05 06:00:00,Point de Rosée,Point de Rosée,°C,13.0
2025-06-05 06:00:00,Humidité relative,Humidité relative,%,63.6
2025-06-05 06:00:00,Température,Température,°C,20.2
2025-06-05 06:00:00,Vitesse du vent,Vitesse du vent,m/s,1.06
2025-06-05 06:00:00,Direction du vent,Direction du vent,Deg,309.7
2025-06-05 05:00:00,Rayonnement solaire,Rayonnement solaire,W/m²,1.0
2025-06-05 05:00:00,Température,Température,°C,20.0
2025-06-05 05:00:00,Vitesse du vent,Vitesse du vent,m/s,1.62
2025-06-05 05:00:00,Humidité relative,Humidité relative,%,63.8
2025-06-05 05:00:00,Évapotranspiration Horaire,Évapotranspiration Horaire,mm/h,0.0
2025-06-05 05:00:00,Point de Rosée,Point de Rosée,°C,12.9
2025-06-05 05:00:00,Direction du vent,Direction du vent,Deg,351.1
2025-06-05 05:00:00,Pression atmosphérique,Pression atmosphérique,mm/j,956.3
2025-06-05 05:00:00,Évapotranspiration journalière,Évapotranspiration journalière,mm/j,7.34
2025-06-05 04:00:00,Pression atmosphérique,Pression atmosphérique,mm/j,955.8
2025-06-05 04:00:00,Rayonnement solaire,Rayonnement solaire,W/m²,0.0
2025-06-05 04:00:00,Point de Rosée,Point de Rosée,°C,14.0
2025-06-05 04:00:00,Vitesse du vent,Vitesse du vent,m/s,1.81
2025-06-05 04:00:00,Humidité relative,Humidité relative,%,60.9
2025-06-05 04:00:00,Direction du vent,Direction du vent,Deg,211.6
2025-06-05 04:00:00,Évapotranspiration journalière,Évapotranspiration journalière,mm/j,7.34
2025-06-05 04:00:00,Température,Température,°C,21.9
2025-06-05 04:00:00,Évapotranspiration Horaire,Évapotranspiration Horaire,mm/h,0.0
2025-06-04 06:00:00,Point de Rosée,Point de Rosée,°C,7.9
2025-06-04 06:00:00,Évapotranspiration journalière,Évapotranspiration journalière,mm/j,7.51
2025-06-04 06:00:00,Évapotranspiration Horaire,Évapotranspiration Horaire,mm/h,0.0
2025-06-04 06:00:00,Pression atmosphérique,Pression atmosphérique,mm/j,955.9
2025-06-04 06:00:00,Rayonnement solaire,Rayonnement solaire,W/m²,71.0
2025-06-04 06:00:00,Humidité relative,Humidité relative,%,48.3
2025-06-04 06:00:00,Température,Température,°C,19.1
2025-06-04 06:00:00,Vitesse du vent,Vitesse du vent,m/s,1.14
2025-06-04 06:00:00,Direction du vent,Direction du vent,Deg,340.0
2025-06-04 05:00:00,Température,Température,°C,18.6
2025-06-04 05:00:00,Évapotranspiration Horaire,Évapotranspiration Horaire,mm/h,0.0
2025-06-04 05:00:00,Vitesse du vent,Vitesse du vent,m/s,1.87
2025-06-04 05:00:00,Évapotranspiration journalière,Évapotranspiration journalière,mm/j,7.51
2025-06-04 05:00:00,Direction du vent,Direction du vent,Deg,350.4
2025-06-04 05:00:00,Point de Rosée,Point de Rosée,°C,6.8
2025-06-04 05:00:00,Rayonnement solaire,Rayonnement solaire,W/m²,0.0
2025-06-04 05:00:00,Humidité relative,Humidité relative,%,46.2
2025-06-04 05:00:00,Pression atmosphérique,Pression atmosphérique,mm/j,955.8
2025-06-03 09:00:00,Direction du vent,Direction du vent,Deg,141.3
2025-06-03 09:00:00,Évapotranspiration journalière,Évapotranspiration journalière,mm/j,6.67
2025-06-03 09:00:00,Évapotranspiration Horaire,Évapotranspiration Horaire,mm/h,0.0
2025-06-03 09:00:00,Pression atmosphérique,Pression atmosphérique,mm/j,957.1
2025-06-03 09:00:00,Vitesse du vent,Vitesse du vent,m/s,1.93
2025-06-03 09:00:00,Rayonnement solaire,Rayonnement solaire,W/m²,638.0
2025-06-03 09:00:00,Point de Rosée,Point de Rosée,°C,11.7
2025-06-03 09:00:00,Humidité relative,Humidité relative,%,50.3
2025-06-03 09:00:00,Température,Température,°C,22.5
2025-06-03 08:00:00,Rayonnement solaire,Rayonnement solaire,W/m²,413.0
2025-06-03 08:00:00,Évapotranspiration journalière,Évapotranspiration journalière,mm/j,6.67
2025-06-03 08:00:00,Humidité relative,Humidité relative,%,54.9
2025-06-03 08:00:00,Direction du vent,Direction du vent,Deg,210.5
2025-06-03 08:00:00,Température,Température,°C,20.4
2025-06-03 08:00:00,Pression atmosphérique,Pression atmosphérique,mm/j,957.3
2025-06-03 08:00:00,Vitesse du vent,Vitesse du vent,m/s,1.97
2025-06-03 08:00:00,Évapotranspiration Horaire,Évapotranspiration Horaire,mm/h,0.0
2025-06-03 08:00:00,Point de Rosée,Point de Rosée,°C,11.0
2025-06-03 07:00:00,Vitesse du vent,Vitesse du vent,m/s,0.53
2025-06-03 07:00:00,Évapotranspiration journalière,Évapotranspiration journalière,mm/j,6.67
2025-06-03 07:00:00,Évapotranspiration Horaire,Évapotranspiration Horaire,mm/h,0.0
2025-06-03 07:00:00,Pression atmosphérique,Pression atmosphérique,mm/j,957.4
2025-06-03 07:00:00,Rayonnement solaire,Rayonnement solaire,W/m²,206.0
2025-06-03 07:00:00,Point de Rosée,Point de Rosée,°C,11.2
2025-06-03 07:00:00,Humidité relative,Humidité relative,%,56.8
2025-06-03 07:00:00,Température,Température,°C,20.1
2025-06-03 07:00:00,Direction du vent,Direction du vent,Deg,117.7
2025-06-03 06:00:00,Évapotranspiration Horaire,Évapotranspiration Horaire,mm/h,0.0
2025-06-03 06:00:00,Humidité relative,Humidité relative,%,65.5
2025-06-03 06:00:00,Rayonnement solaire,Rayonnement solaire,W/m²,73.0
2025-06-03 06:00:00,Température,Température,°C,16.1
2025-06-03 06:00:00,Pression atmosphérique,Pression atmosphérique,mm/j,957.6
2025-06-03 06:00:00,Vitesse du vent,Vitesse du vent,m/s,0.88
2025-06-03 06:00:00,Point de Rosée,Point de Rosée,°C,9.6
2025-06-03 06:00:00,Direction du vent,Direction du vent,Deg,348.5
2025-06-03 06:00:00,Évapotranspiration journalière,Évapotranspiration journalière,mm/j,6.67
2025-06-03 05:00:00,Direction du vent,Direction du vent,Deg,348.0
2025-06-03 05:00:00,Évapotranspiration journalière,Évapotranspiration journalière,mm/j,6.67
2025-06-03 05:00:00,Évapotranspiration Horaire,Évapotranspiration Horaire,mm/h,0.0
2025-06-03 05:00:00,Pression atmosphérique,Pression atmosphérique,mm/j,957.6
2025-06-03 05:00:00,Rayonnement solaire,Rayonnement solaire,W/m²,1.0
2025-06-03 05:00:00,Point de Rosée,Point de Rosée,°C,9.8
2025-06-03 05:00:00,Humidité relative,Humidité relative,%,69.6
2025-06-03 05:00:00,Température,Température,°C,15.3
2025-06-03 05:00:00,Vitesse du vent,Vitesse du vent,m/s,1.14
2025-06-02 19:00:00,Évapotranspiration journalière,Évapotranspiration journalière,mm/j,6.78
2025-06-02 19:00:00,Évapotranspiration Horaire,Évapotranspiration Horaire,mm/h,0.0
2025-06-02 19:00:00,Pression atmosphérique,Pression atmosphérique,mm/j,957.5
2025-06-02 19:00:00,Rayonnement solaire,Rayonnement solaire,W/m²,46.0
2025-06-02 19:00:00,Point de Rosée,Point de Rosée,°C,5.3
2025-06-02 19:00:00,Humidité relative,Humidité relative,%,25.2
2025-06-02 19:00:00,Température,Température,°C,26.9
2025-06-02 19:00:00,Vitesse du vent,Vitesse du vent,m/s,4.58
2025-06-02 19:00:00,Direction du vent,Direction du vent,Deg,129.7
2025-06-02 18:00:00,Évapotranspiration journalière,Évapotranspiration journalière,mm/j,6.78
2025-06-02 18:00:00,Humidité relative,Humidité relative,%,24.8
2025-06-02 18:00:00,Évapotranspiration Horaire,Évapotranspiration Horaire,mm/h,0.0
2025-06-02 18:00:00,Température,Température,°C,27.9
2025-06-02 18:00:00,Rayonnement solaire,Rayonnement solaire,W/m²,210.0
2025-06-02 18:00:00,Vitesse du vent,Vitesse du vent,m/s,3.3
2025-06-02 18:00:00,Pression atmosphérique,Pression atmosphérique,mm/j,957.1
2025-06-02 18:00:00,Direction du vent,Direction du vent,Deg,133.9
2025-06-02 18:00:00,Point de Rosée,Point de Rosée,°C,6.0
2025-06-02 17:00:00,Direction du vent,Direction du vent,Deg,107.4
2025-06-02 17:00:00,Évapotranspiration Horaire,Évapotranspiration Horaire,mm/h,0.0
2025-06-02 17:00:00,Pression atmosphérique,Pression atmosphérique,mm/j,957.2
2025-06-02 17:00:00,Rayonnement solaire,Rayonnement solaire,W/m²,408.0
2025-06-02 17:00:00,Point de Rosée,Point de Rosée,°C,5.9
2025-06-02 17:00:00,Humidité relative,Humidité relative,%,24.0
2025-06-02 17:00:00,Température,Température,°C,28.4
2025-06-02 17:00:00,Vitesse du vent,Vitesse du vent,m/s,2.54
2025-06-02 17:00:00,Évapotranspiration journalière,Évapotranspiration journalière,mm/j,6.78
2025-06-02 15:00:00,Point de Rosée,Point de Rosée,°C,4.9
2025-06-02 15:00:00,Évapotranspiration journalière,Évapotranspiration journalière,mm/j,6.78
2025-06-02 15:00:00,Évapotranspiration Horaire,Évapotranspiration Horaire,mm/h,0.0
2025-06-02 15:00:00,Pression atmosphérique,Pression atmosphérique,mm/j,958.0
2025-06-02 15:00:00,Rayonnement solaire,Rayonnement solaire,W/m²,768.0
2025-06-02 15:00:00,Humidité relative,Humidité relative,%,23.5
2025-06-02 15:00:00,Température,Température,°C,27.5
2025-06-02 15:00:00,Vitesse du vent,Vitesse du vent,m/s,3.17
2025-06-02 15:00:00,Direction du vent,Direction du vent,Deg,128.0
2025-06-02 13:00:00,Évapotranspiration journalière,Évapotranspiration journalière,mm/j,6.78
2025-06-02 13:00:00,Évapotranspiration Horaire,Évapotranspiration Horaire,mm/h,0.0
2025-06-02 13:00:00,Pression atmosphérique,Pression atmosphérique,mm/j,959.2
2025-06-02 13:00:00,Rayonnement solaire,Rayonnement solaire,W/m²,923.0
2025-06-02 13:00:00,Point de Rosée,Point de Rosée,°C,7.8
2025-06-02 13:00:00,Humidité relative,Humidité relative,%,33.2
2025-06-02 13:00:00,Température,Température,°C,25.1
2025-06-02 13:00:00,Vitesse du vent,Vitesse du vent,m/s,3.48
2025-06-02 13:00:00,Direction du vent,Direction du vent,Deg,161.2
2025-06-02 11:00:00,Évapotranspiration journalière,Évapotranspiration journalière,mm/j,6.78
2025-06-02 11:00:00,Évapotranspiration Horaire,Évapotranspiration Horaire,mm/h,0.0
2025-06-02 11:00:00,Direction du vent,Direction du vent,Deg,119.8
2025-06-02 11:00:00,Pression atmosphérique,Pression atmosphérique,mm/j,960.3
2025-06-02 11:00:00,Vitesse du vent,Vitesse du vent,m/s,4.66
2025-06-02 11:00:00,Rayonnement solaire,Rayonnement solaire,W/m²,890.0
2025-06-02 11:00:00,Température,Température,°C,23.0
2025-06-02 11:00:00,Point de Rosée,Point de Rosée,°C,7.9
2025-06-02 11:00:00,Humidité relative,Humidité relative,%,37.8
2025-06-02 09:00:00,Évapotranspiration journalière,Évapotranspiration journalière,mm/j,6.78
2025-06-02 09:00:00,Direction du vent,Direction du vent,Deg,154.2
2025-06-02 09:00:00,Vitesse du vent,Vitesse du vent,m/s,3.72
2025-06-02 09:00:00,Température,Température,°C,21.1
2025-06-02 09:00:00,Humidité relative,Humidité relative,%,41.4
2025-06-02 09:00:00,Point de Rosée,Point de Rosée,°C,7.5
2025-06-02 09:00:00,Rayonnement solaire,Rayonnement solaire,W/m²,654.0
2025-06-02 09:00:00,Pression atmosphérique,Pression atmosphérique,mm/j,960.8
2025-06-02 09:00:00,Évapotranspiration Horaire,Évapotranspiration Horaire,mm/h,0.0
2025-06-02 08:00:00,Direction du vent,Direction du vent,Deg,207.3
2025-06-02 08:00:00,Rayonnement solaire,Rayonnement solaire,W/m²,428.0
2025-06-02 08:00:00,Pression atmosphérique,Pression atmosphérique,mm/j,961.1
2025-06-02 08:00:00,Évapotranspiration Horaire,Évapotranspiration Horaire,mm/h,0.0
2025-06-02 08:00:00,Évapotranspiration journalière,Évapotranspiration journalière,mm/j,6.78
2025-06-02 08:00:00,Point de Rosée,Point de Rosée,°C,7.2
2025-06-02 08:00:00,Humidité relative,Humidité relative,%,44.4
2025-06-02 08:00:00,Température,Température,°C,19.7
2025-06-02 08:00:00,Vitesse du vent,Vitesse du vent,m/s,2.92
2025-06-02 07:00:00,Température,Température,°C,19.6
2025-06-02 07:00:00,Rayonnement solaire,Rayonnement solaire,W/m²,210.0
2025-06-02 07:00:00,Point de Rosée,Point de Rosée,°C,7.4
2025-06-02 07:00:00,Pression atmosphérique,Pression atmosphérique,mm/j,960.6
2025-06-02 07:00:00,Direction du vent,Direction du vent,Deg,163.8
2025-06-02 07:00:00,Évapotranspiration Horaire,Évapotranspiration Horaire,mm/h,0.0
2025-06-02 07:00:00,Humidité relative,Humidité relative,%,45.3
2025-06-02 07:00:00,Évapotranspiration journalière,Évapotranspiration journalière,mm/j,6.78
2025-06-02 07:00:00,Vitesse du vent,Vitesse du vent,m/s,0.8
2025-06-02 06:00:00,Point de Rosée,Point de Rosée,°C,5.4
2025-06-02 06:00:00,Évapotranspiration journalière,Évapotranspiration journalière,mm/j,6.78
2025-06-02 06:00:00,Évapotranspiration Horaire,Évapotranspiration Horaire,mm/h,0.0
2025-06-02 06:00:00,Pression atmosphérique,Pression atmosphérique,mm/j,960.5
2025-06-02 06:00:00,Rayonnement solaire,Rayonnement solaire,W/m²,75.0
2025-06-02 06:00:00,Humidité relative,Humidité relative,%,52.4
2025-06-02 06:00:00,Température,Température,°C,15.1
2025-06-02 06:00:00,Vitesse du vent,Vitesse du vent,m/s,0.49
2025-06-02 06:00:00,Direction du vent,Direction du vent,Deg,334.3
2025-06-02 05:00:00,Pression atmosphérique,Pression atmosphérique,mm/j,960.2
2025-06-02 05:00:00,Évapotranspiration Horaire,Évapotranspiration Horaire,mm/h,0.0
2025-06-02 05:00:00,Vitesse du vent,Vitesse du vent,m/s,0.88
2025-06-02 05:00:00,Évapotranspiration journalière,Évapotranspiration journalière,mm/j,6.78
2025-06-02 05:00:00,Direction du vent,Direction du vent,Deg,334.7
2025-06-02 05:00:00,Point de Rosée,Point de Rosée,°C,4.4
2025-06-02 05:00:00,Rayonnement solaire,Rayonnement solaire,W/m²,0.0
2025-06-02 05:00:00,Humidité relative,Humidité relative,%,52.5
2025-06-02 05:00:00,Température,Température,°C,14.0
2025-06-01 08:00:00,Rayonnement solaire,Rayonnement solaire,W/m²,427.0
2025-06-01 08:00:00,Humidité relative,Humidité relative,%,37.9
2025-06-01 08:00:00,Évapotranspiration journalière,Évapotranspiration journalière,mm/j,7.33
2025-06-01 08:00:00,Température,Température,°C,22.7
2025-06-01 08:00:00,Pression atmosphérique,Pression atmosphérique,mm/j,960.3
2025-06-01 08:00:00,Vitesse du vent,Vitesse du vent,m/s,1.88
2025-06-01 08:00:00,Évapotranspiration Horaire,Évapotranspiration Horaire,mm/h,0.0
2025-06-01 08:00:00,Point de Rosée,Point de Rosée,°C,7.6
2025-06-01 08:00:00,Direction du vent,Direction du vent,Deg,40.3
2025-06-01 07:00:00,Rayonnement solaire,Rayonnement solaire,W/m²,213.0
2025-06-01 07:00:00,Évapotranspiration journalière,Évapotranspiration journalière,mm/j,7.33
2025-06-01 07:00:00,Évapotranspiration Horaire,Évapotranspiration Horaire,mm/h,0.0
2025-06-01 07:00:00,Pression atmosphérique,Pression atmosphérique,mm/j,960.3
2025-06-01 07:00:00,Direction du vent,Direction du vent,Deg,59.3
2025-06-01 07:00:00,Point de Rosée,Point de Rosée,°C,8.6
2025-06-01 07:00:00,Humidité relative,Humidité relative,%,44.1
2025-06-01 07:00:00,Température,Température,°C,21.3
2025-06-01 07:00:00,Vitesse du vent,Vitesse du vent,m/s,0.95
2025-06-01 06:00:00,Évapotranspiration journalière,Évapotranspiration journalière,mm/j,7.33
2025-06-01 06:00:00,Évapotranspiration Horaire,Évapotranspiration Horaire,mm/h,0.0
2025-06-01 06:00:00,Pression atmosphérique,Pression atmosphérique,mm/j,960.1
2025-06-01 06:00:00,Rayonnement solaire,Rayonnement solaire,W/m²,75.0
2025-06-01 06:00:00,Point de Rosée,Point de Rosée,°C,8.1
2025-06-01 06:00:00,Humidité relative,Humidité relative,%,54.4
2025-06-01 06:00:00,Direction du vent,Direction du vent,Deg,308.2
2025-06-01 06:00:00,Température,Température,°C,17.4
2025-06-01 06:00:00,Vitesse du vent,Vitesse du vent,m/s,0.18
2025-06-01 05:00:00,Point de Rosée,Point de Rosée,°C,7.5
2025-06-01 05:00:00,Évapotranspiration journalière,Évapotranspiration journalière,mm/j,7.33
2025-06-01 05:00:00,Température,Température,°C,15.5
2025-06-01 05:00:00,Évapotranspiration Horaire,Évapotranspiration Horaire,mm/h,0.0
2025-06-01 05:00:00,Direction du vent,Direction du vent,Deg,337.9
2025-06-01 05:00:00,Pression atmosphérique,Pression atmosphérique,mm/j,960.0
2025-06-01 05:00:00,Humidité relative,Humidité relative,%,59.0
2025-06-01 05:00:00,Rayonnement solaire,Rayonnement solaire,W/m²,0.0
2025-06-01 05:00:00,Vitesse du vent,Vitesse du vent,m/s,1.91
2025-06-01 04:00:00,Direction du vent,Direction du vent,Deg,326.2
2025-06-01 04:00:00,Vitesse du vent,Vitesse du vent,m/s,1.64
2025-06-01 04:00:00,Température,Température,°C,16.6
2025-06-01 04:00:00,Humidité relative,Humidité relative,%,55.1
2025-06-01 04:00:00,Point de Rosée,Point de Rosée,°C,7.5
2025-06-01 04:00:00,Rayonnement solaire,Rayonnement solaire,W/m²,0.0
2025-06-01 04:00:00,Pression atmosphérique,Pression atmosphérique,mm/j,959.6
2025-06-01 04:00:00,Évapotranspiration Horaire,Évapotranspiration Horaire,mm/h,0.0
2025-06-01 04:00:00,Évapotranspiration journalière,Évapotranspiration journalière,mm/j,7.33
2025-06-01 03:00:00,Point de Rosée,Point de Rosée,°C,7.7
2025-06-01 03:00:00,Humidité relative,Humidité relative,%,53.8
2025-06-01 03:00:00,Température,Température,°C,17.1
2025-06-01 03:00:00,Vitesse du vent,Vitesse du vent,m/s,1.56
2025-06-01 03:00:00,Direction du vent,Direction du vent,Deg,322.6
2025-06-01 03:00:00,Évapotranspiration journalière,Évapotranspiration journalière,mm/j,7.33
2025-06-01 03:00:00,Évapotranspiration Horaire,Évapotranspiration Horaire,mm/h,0.0
2025-06-01 03:00:00,Pression atmosphérique,Pression atmosphérique,mm/j,959.8
2025-06-01 03:00:00,Rayonnement solaire,Rayonnement solaire,W/m²,0.0
2025-06-01 02:00:00,Température,Température,°C,17.8
2025-06-01 02:00:00,Pression atmosphérique,Pression atmosphérique,mm/j,959.9
2025-06-01 02:00:00,Vitesse du vent,Vitesse du vent,m/s,1.16
2025-06-01 02:00:00,Humidité relative,Humidité relative,%,52.8
2025-06-01 02:00:00,Évapotranspiration journalière,Évapotranspiration journalière,mm/j,7.33
2025-06-01 02:00:00,Rayonnement solaire,Rayonnement solaire,W/m²,0.0
2025-06-01 02:00:00,Direction du vent,Direction du vent,Deg,345.7
2025-06-01 02:00:00,Point de Rosée,Point de Rosée,°C,8.0
2025-06-01 02:00:00,Évapotranspiration Horaire,Évapotranspiration Horaire,mm/h,0.0
2025-06-01 01:00:00,Évapotranspiration Horaire,Évapotranspiration Horaire,mm/h,0.0
2025-06-01 01:00:00,Vitesse du vent,Vitesse du vent,m/s,1.28
2025-06-01 01:00:00,Température,Température,°C,17.8
2025-06-01 01:00:00,Humidité relative,Humidité relative,%,54.1
2025-06-01 01:00:00,Point de Rosée,Point de Rosée,°C,8.4
2025-06-01 01:00:00,Évapotranspiration journalière,Évapotranspiration journalière,mm/j,7.33
2025-06-01 01:00:00,Direction du vent,Direction du vent,Deg,334.9
2025-06-01 01:00:00,Pression atmosphérique,Pression atmosphérique,mm/j,960.3
2025-06-01 01:00:00,Rayonnement solaire,Rayonnement solaire,W/m²,0.0
2025-06-01 00:00:00,Évapotranspiration Horaire,Évapotranspiration Horaire,mm/h,0.0
2025-06-01 00:00:00,Humidité relative,Humidité relative,%,49.8
2025-06-01 00:00:00,Rayonnement solaire,Rayonnement solaire,W/m²,0.0
2025-06-01 00:00:00,Température,Température,°C,20.0
2025-06-01 00:00:00,Pression atmosphérique,Pression atmosphérique,mm/j,960.7
2025-06-01 00:00:00,Vitesse du vent,Vitesse du vent,m/s,0.98
2025-06-01 00:00:00,Point de Rosée,Point de Rosée,°C,9.2
2025-06-01 00:00:00,Direction du vent,Direction du vent,Deg,300.6
2025-06-01 00:00:00,Évapotranspiration journalière,Évapotranspiration journalière,mm/j,8.21
2025-05-31 23:00:00,Direction du vent,Direction du vent,Deg,41.2
2025-05-31 23:00:00,Évapotranspiration journalière,Évapotranspiration journalière,mm/j,8.21
2025-05-31 23:00:00,Évapotranspiration Horaire,Évapotranspiration Horaire,mm/h,0.0
2025-05-31 23:00:00,Pression atmosphérique,Pression atmosphérique,mm/j,961.0
2025-05-31 23:00:00,Rayonnement solaire,Rayonnement solaire,W/m²,0.0
2025-05-31 23:00:00,Point de Rosée,Point de Rosée,°C,9.2
2025-05-31 23:00:00,Humidité relative,Humidité relative,%,46.9
2025-05-31 23:00:00,Température,Température,°C,21.0
2025-05-31 23:00:00,Vitesse du vent,Vitesse du vent,m/s,1.83
2025-05-31 22:00:00,Évapotranspiration journalière,Évapotranspiration journalière,mm/j,8.21
2025-05-31 22:00:00,Direction du vent,Direction du vent,Deg,30.5
2025-05-31 22:00:00,Vitesse du vent,Vitesse du vent,m/s,1.98
2025-05-31 22:00:00,Température,Température,°C,22.2
2025-05-31 22:00:00,Humidité relative,Humidité relative,%,42.8
2025-05-31 22:00:00,Point de Rosée,Point de Rosée,°C,9.0
2025-05-31 22:00:00,Rayonnement solaire,Rayonnement solaire,W/m²,0.0
2025-05-31 22:00:00,Pression atmosphérique,Pression atmosphérique,mm/j,961.0
2025-05-31 22:00:00,Évapotranspiration Horaire,Évapotranspiration Horaire,mm/h,0.0
2025-05-31 21:00:00,Rayonnement solaire,Rayonnement solaire,W/m²,0.0
2025-05-31 21:00:00,Évapotranspiration journalière,Évapotranspiration journalière,mm/j,8.21
2025-05-31 21:00:00,Point de Rosée,Point de Rosée,°C,8.2
2025-05-31 21:00:00,Humidité relative,Humidité relative,%,37.7
2025-05-31 21:00:00,Température,Température,°C,23.5
2025-05-31 21:00:00,Pression atmosphérique,Pression atmosphérique,mm/j,960.1
2025-05-31 21:00:00,Vitesse du vent,Vitesse du vent,m/s,4.29
2025-05-31 21:00:00,Évapotranspiration Horaire,Évapotranspiration Horaire,mm/h,0.0
2025-05-31 21:00:00,Direction du vent,Direction du vent,Deg,39.8
2025-05-31 20:00:00,Point de Rosée,Point de Rosée,°C,8.6
2025-05-31 20:00:00,Humidité relative,Humidité relative,%,34.8
2025-05-31 20:00:00,Température,Température,°C,25.2
2025-05-31 20:00:00,Vitesse du vent,Vitesse du vent,m/s,3.53
2025-05-31 20:00:00,Direction du vent,Direction du vent,Deg,43.1
2025-05-31 20:00:00,Rayonnement solaire,Rayonnement solaire,W/m²,0.0
2025-05-31 20:00:00,Évapotranspiration Horaire,Évapotranspiration Horaire,mm/h,0.0
2025-05-31 20:00:00,Pression atmosphérique,Pression atmosphérique,mm/j,959.1
2025-05-31 20:00:00,Évapotranspiration journalière,Évapotranspiration journalière,mm/j,8.21
2025-05-31 19:00:00,Point de Rosée,Point de Rosée,°C,7.0
2025-05-31 19:00:00,Rayonnement solaire,Rayonnement solaire,W/m²,44.0
2025-05-31 19:00:00,Pression atmosphérique,Pression atmosphérique,mm/j,958.2
2025-05-31 19:00:00,Évapotranspiration Horaire,Évapotranspiration Horaire,mm/h,0.0
2025-05-31 19:00:00,Évapotranspiration journalière,Évapotranspiration journalière,mm/j,8.21
2025-05-31 19:00:00,Direction du vent,Direction du vent,Deg,53.4
2025-05-31 19:00:00,Vitesse du vent,Vitesse du vent,m/s,2.65
2025-05-31 19:00:00,Température,Température,°C,28.0
2025-05-31 19:00:00,Humidité relative,Humidité relative,%,26.4
2025-05-31 18:00:00,Rayonnement solaire,Rayonnement solaire,W/m²,202.0
2025-05-31 18:00:00,Évapotranspiration Horaire,Évapotranspiration Horaire,mm/h,0.0
2025-05-31 18:00:00,Pression atmosphérique,Pression atmosphérique,mm/j,958.0
2025-05-31 18:00:00,Vitesse du vent,Vitesse du vent,m/s,5.25
2025-05-31 18:00:00,Direction du vent,Direction du vent,Deg,62.5
2025-05-31 18:00:00,Température,Température,°C,28.5
2025-05-31 18:00:00,Évapotranspiration journalière,Évapotranspiration journalière,mm/j,8.21
2025-05-31 18:00:00,Humidité relative,Humidité relative,%,25.2
2025-05-31 18:00:00,Point de Rosée,Point de Rosée,°C,6.7
2025-05-31 17:00:00,Point de Rosée,Point de Rosée,°C,6.5
2025-05-31 17:00:00,Rayonnement solaire,Rayonnement solaire,W/m²,394.0
2025-05-31 17:00:00,Pression atmosphérique,Pression atmosphérique,mm/j,957.9
2025-05-31 17:00:00,Évapotranspiration Horaire,Évapotranspiration Horaire,mm/h,0.0
2025-05-31 17:00:00,Évapotranspiration journalière,Évapotranspiration journalière,mm/j,8.21
2025-05-31 17:00:00,Vitesse du vent,Vitesse du vent,m/s,2.83
2025-05-31 17:00:00,Température,Température,°C,29.4
2025-05-31 17:00:00,Direction du vent,Direction du vent,Deg,112.2
2025-05-31 17:00:00,Humidité relative,Humidité relative,%,23.7
2025-05-31 16:00:00,Rayonnement solaire,Rayonnement solaire,W/m²,582.0
2025-05-31 16:00:00,Direction du vent,Direction du vent,Deg,69.7
2025-05-31 16:00:00,Vitesse du vent,Vitesse du vent,m/s,5.03
2025-05-31 16:00:00,Température,Température,°C,28.9
2025-05-31 16:00:00,Humidité relative,Humidité relative,%,23.8
2025-05-31 16:00:00,Point de Rosée,Point de Rosée,°C,6.2
2025-05-31 16:00:00,Pression atmosphérique,Pression atmosphérique,mm/j,958.1
2025-05-31 16:00:00,Évapotranspiration Horaire,Évapotranspiration Horaire,mm/h,0.0
2025-05-31 16:00:00,Évapotranspiration journalière,Évapotranspiration journalière,mm/j,8.21
2025-05-31 15:00:00,Point de Rosée,Point de Rosée,°C,6.0
2025-05-31 15:00:00,Évapotranspiration journalière,Évapotranspiration journalière,mm/j,8.21
2025-05-31 15:00:00,Évapotranspiration Horaire,Évapotranspiration Horaire,mm/h,0.0
2025-05-31 15:00:00,Vitesse du vent,Vitesse du vent,m/s,3.05
2025-05-31 15:00:00,Pression atmosphérique,Pression atmosphérique,mm/j,958.5
2025-05-31 15:00:00,Température,Température,°C,28.9
2025-05-31 15:00:00,Direction du vent,Direction du vent,Deg,69.5
2025-05-31 15:00:00,Humidité relative,Humidité relative,%,23.4
2025-05-31 15:00:00,Rayonnement solaire,Rayonnement solaire,W/m²,746.0
2025-05-31 14:00:00,Évapotranspiration journalière,Évapotranspiration journalière,mm/j,8.21
2025-05-31 14:00:00,Point de Rosée,Point de Rosée,°C,5.5
2025-05-31 14:00:00,Humidité relative,Humidité relative,%,24.3
2025-05-31 14:00:00,Température,Température,°C,27.7
2025-05-31 14:00:00,Vitesse du vent,Vitesse du vent,m/s,1.55
2025-05-31 14:00:00,Direction du vent,Direction du vent,Deg,130.0
2025-05-31 14:00:00,Rayonnement solaire,Rayonnement solaire,W/m²,854.0
2025-05-31 14:00:00,Pression atmosphérique,Pression atmosphérique,mm/j,959.0
2025-05-31 14:00:00,Évapotranspiration Horaire,Évapotranspiration Horaire,mm/h,0.0
2025-05-31 13:00:00,Point de Rosée,Point de Rosée,°C,5.0
2025-05-31 13:00:00,Humidité relative,Humidité relative,%,24.0
2025-05-31 13:00:00,Pression atmosphérique,Pression atmosphérique,mm/j,959.5
2025-05-31 13:00:00,Température,Température,°C,27.4
2025-05-31 13:00:00,Évapotranspiration journalière,Évapotranspiration journalière,mm/j,8.21
2025-05-31 13:00:00,Vitesse du vent,Vitesse du vent,m/s,5.24
2025-05-31 13:00:00,Évapotranspiration Horaire,Évapotranspiration Horaire,mm/h,0.0
2025-05-31 13:00:00,Direction du vent,Direction du vent,Deg,55.0
2025-05-31 13:00:00,Rayonnement solaire,Rayonnement solaire,W/m²,919.0
2025-05-31 11:00:00,Évapotranspiration journalière,Évapotranspiration journalière,mm/j,8.21
2025-05-31 11:00:00,Évapotranspiration Horaire,Évapotranspiration Horaire,mm/h,0.0
2025-05-31 11:00:00,Humidité relative,Humidité relative,%,25.8
2025-05-31 11:00:00,Température,Température,°C,25.7
2025-05-31 11:00:00,Point de Rosée,Point de Rosée,°C,4.7
2025-05-31 11:00:00,Vitesse du vent,Vitesse du vent,m/s,6.24
2025-05-31 11:00:00,Rayonnement solaire,Rayonnement solaire,W/m²,892.0
2025-05-31 11:00:00,Direction du vent,Direction du vent,Deg,56.5
2025-05-31 11:00:00,Pression atmosphérique,Pression atmosphérique,mm/j,960.3
2025-05-31 10:00:00,Évapotranspiration Horaire,Évapotranspiration Horaire,mm/h,0.0
2025-05-31 10:00:00,Direction du vent,Direction du vent,Deg,66.4
2025-05-31 10:00:00,Vitesse du vent,Vitesse du vent,m/s,4.3
2025-05-31 10:00:00,Température,Température,°C,24.3
2025-05-31 10:00:00,Humidité relative,Humidité relative,%,28.7
2025-05-31 10:00:00,Point de Rosée,Point de Rosée,°C,5.0
2025-05-31 10:00:00,Rayonnement solaire,Rayonnement solaire,W/m²,798.0
2025-05-31 10:00:00,Pression atmosphérique,Pression atmosphérique,mm/j,960.5
2025-05-31 10:00:00,Évapotranspiration journalière,Évapotranspiration journalière,mm/j,8.21
2025-05-31 09:00:00,Pression atmosphérique,Pression atmosphérique,mm/j,960.4
2025-05-31 09:00:00,Rayonnement solaire,Rayonnement solaire,W/m²,649.0
2025-05-31 09:00:00,Point de Rosée,Point de Rosée,°C,4.5
2025-05-31 09:00:00,Humidité relative,Humidité relative,%,29.9
2025-05-31 09:00:00,Température,Température,°C,23.1
2025-05-31 09:00:00,Vitesse du vent,Vitesse du vent,m/s,4.76
2025-05-31 09:00:00,Direction du vent,Direction du vent,Deg,53.2
2025-05-31 09:00:00,Évapotranspiration journalière,Évapotranspiration journalière,mm/j,8.21
2025-05-31 09:00:00,Évapotranspiration Horaire,Évapotranspiration Horaire,mm/h,0.0
2025-05-31 08:00:00,Évapotranspiration Horaire,Évapotranspiration Horaire,mm/h,0.0
2025-05-31 08:00:00,Pression atmosphérique,Pression atmosphérique,mm/j,960.4
2025-05-31 08:00:00,Direction du vent,Direction du vent,Deg,58.5
2025-05-31 08:00:00,Point de Rosée,Point de Rosée,°C,4.8
2025-05-31 08:00:00,Rayonnement solaire,Rayonnement solaire,W/m²,423.0
2025-05-31 08:00:00,Évapotranspiration journalière,Évapotranspiration journalière,mm/j,8.21
2025-05-31 08:00:00,Température,Température,°C,22.8
2025-05-31 08:00:00,Vitesse du vent,Vitesse du vent,m/s,3.87
2025-05-31 08:00:00,Humidité relative,Humidité relative,%,31.0
2025-05-31 07:00:00,Point de Rosée,Point de Rosée,°C,7.5
2025-05-31 07:00:00,Direction du vent,Direction du vent,Deg,153.3
2025-05-31 07:00:00,Évapotranspiration journalière,Évapotranspiration journalière,mm/j,8.21
2025-05-31 07:00:00,Évapotranspiration Horaire,Évapotranspiration Horaire,mm/h,0.0
2025-05-31 07:00:00,Pression atmosphérique,Pression atmosphérique,mm/j,960.3
2025-05-31 07:00:00,Rayonnement solaire,Rayonnement solaire,W/m²,209.0
2025-05-31 07:00:00,Vitesse du vent,Vitesse du vent,m/s,1.19
2025-05-31 07:00:00,Température,Température,°C,21.4
2025-05-31 07:00:00,Humidité relative,Humidité relative,%,40.8
2025-05-31 05:00:00,Évapotranspiration journalière,Évapotranspiration journalière,mm/j,8.21
2025-05-31 05:00:00,Évapotranspiration Horaire,Évapotranspiration Horaire,mm/h,0.0
2025-05-31 05:00:00,Pression atmosphérique,Pression atmosphérique,mm/j,959.7
2025-05-31 05:00:00,Rayonnement solaire,Rayonnement solaire,W/m²,0.0
2025-05-31 05:00:00,Point de Rosée,Point de Rosée,°C,7.5
2025-05-31 05:00:00,Humidité relative,Humidité relative,%,50.1
2025-05-31 05:00:00,Température,Température,°C,18.1
2025-05-31 05:00:00,Vitesse du vent,Vitesse du vent,m/s,3.09
2025-05-31 05:00:00,Direction du vent,Direction du vent,Deg,325.0
2025-05-30 17:00:00,Évapotranspiration journalière,Évapotranspiration journalière,mm/j,10.3
2025-05-30 17:00:00,Humidité relative,Humidité relative,%,31.7
2025-05-30 17:00:00,Évapotranspiration Horaire,Évapotranspiration Horaire,mm/h,0.0
2025-05-30 17:00:00,Point de Rosée,Point de Rosée,°C,9.3
2025-05-30 17:00:00,Pression atmosphérique,Pression atmosphérique,mm/j,958.1
2025-05-30 17:00:00,Température,Température,°C,27.6
2025-05-30 17:00:00,Vitesse du vent,Vitesse du vent,m/s,3.07
2025-05-30 17:00:00,Rayonnement solaire,Rayonnement solaire,W/m²,393.0
2025-05-30 17:00:00,Direction du vent,Direction du vent,Deg,47.0
2025-05-30 15:00:00,Évapotranspiration Horaire,Évapotranspiration Horaire,mm/h,0.0
2025-05-30 15:00:00,Direction du vent,Direction du vent,Deg,76.3
2025-05-30 15:00:00,Vitesse du vent,Vitesse du vent,m/s,2.68
2025-05-30 15:00:00,Température,Température,°C,27.4
2025-05-30 15:00:00,Humidité relative,Humidité relative,%,28.6
2025-05-30 15:00:00,Point de Rosée,Point de Rosée,°C,7.6
2025-05-30 15:00:00,Rayonnement solaire,Rayonnement solaire,W/m²,748.0
2025-05-30 15:00:00,Pression atmosphérique,Pression atmosphérique,mm/j,958.6
2025-05-30 15:00:00,Évapotranspiration journalière,Évapotranspiration journalière,mm/j,10.3
2025-05-30 13:00:00,Humidité relative,Humidité relative,%,28.5
2025-05-30 13:00:00,Évapotranspiration Horaire,Évapotranspiration Horaire,mm/h,0.0
2025-05-30 13:00:00,Température,Température,°C,26.8
2025-05-30 13:00:00,Évapotranspiration journalière,Évapotranspiration journalière,mm/j,10.3
2025-05-30 13:00:00,Vitesse du vent,Vitesse du vent,m/s,5.12
2025-05-30 13:00:00,Direction du vent,Direction du vent,Deg,4.2
2025-05-30 13:00:00,Rayonnement solaire,Rayonnement solaire,W/m²,911.0
2025-05-30 13:00:00,Point de Rosée,Point de Rosée,°C,7.0
2025-05-30 13:00:00,Pression atmosphérique,Pression atmosphérique,mm/j,959.2
2025-05-30 12:00:00,Pression atmosphérique,Pression atmosphérique,mm/j,959.6
2025-05-30 12:00:00,Évapotranspiration journalière,Évapotranspiration journalière,mm/j,10.3
2025-05-30 12:00:00,Humidité relative,Humidité relative,%,25.6
2025-05-30 12:00:00,Point de Rosée,Point de Rosée,°C,5.0
2025-05-30 12:00:00,Température,Température,°C,26.3
2025-05-30 12:00:00,Évapotranspiration Horaire,Évapotranspiration Horaire,mm/h,0.0
2025-05-30 12:00:00,Vitesse du vent,Vitesse du vent,m/s,4.88
2025-05-30 12:00:00,Rayonnement solaire,Rayonnement solaire,W/m²,921.0
2025-05-30 12:00:00,Direction du vent,Direction du vent,Deg,45.0
2025-05-30 11:00:00,Évapotranspiration Horaire,Évapotranspiration Horaire,mm/h,0.0
2025-05-30 11:00:00,Évapotranspiration journalière,Évapotranspiration journalière,mm/j,10.3
2025-05-30 11:00:00,Direction du vent,Direction du vent,Deg,8.9
2025-05-30 11:00:00,Pression atmosphérique,Pression atmosphérique,mm/j,959.8
2025-05-30 11:00:00,Rayonnement solaire,Rayonnement solaire,W/m²,883.0
2025-05-30 11:00:00,Point de Rosée,Point de Rosée,°C,6.1
2025-05-30 11:00:00,Humidité relative,Humidité relative,%,29.0
2025-05-30 11:00:00,Température,Température,°C,25.4
2025-05-30 11:00:00,Vitesse du vent,Vitesse du vent,m/s,1.77
2025-05-30 09:00:00,Vitesse du vent,Vitesse du vent,m/s,6.42
2025-05-30 09:00:00,Évapotranspiration journalière,Évapotranspiration journalière,mm/j,10.3
2025-05-30 09:00:00,Évapotranspiration Horaire,Évapotranspiration Horaire,mm/h,0.0
2025-05-30 09:00:00,Pression atmosphérique,Pression atmosphérique,mm/j,959.6
2025-05-30 09:00:00,Rayonnement solaire,Rayonnement solaire,W/m²,649.0
2025-05-30 09:00:00,Point de Rosée,Point de Rosée,°C,7.7
2025-05-30 09:00:00,Humidité relative,Humidité relative,%,36.7
2025-05-30 09:00:00,Température,Température,°C,23.3
2025-05-30 09:00:00,Direction du vent,Direction du vent,Deg,304.2
2025-05-30 08:00:00,Vitesse du vent,Vitesse du vent,m/s,8.94
2025-05-30 08:00:00,Point de Rosée,Point de Rosée,°C,7.0
2025-05-30 08:00:00,Évapotranspiration journalière,Évapotranspiration journalière,mm/j,10.3
2025-05-30 08:00:00,Évapotranspiration Horaire,Évapotranspiration Horaire,mm/h,0.0
2025-05-30 08:00:00,Pression atmosphérique,Pression atmosphérique,mm/j,959.2
2025-05-30 08:00:00,Rayonnement solaire,Rayonnement solaire,W/m²,428.0
2025-05-30 08:00:00,Humidité relative,Humidité relative,%,39.5
2025-05-30 08:00:00,Température,Température,°C,21.4
2025-05-30 08:00:00,Direction du vent,Direction du vent,Deg,304.2
2025-05-30 07:00:00,Point de Rosée,Point de Rosée,°C,6.9
2025-05-30 07:00:00,Humidité relative,Humidité relative,%,41.7
2025-05-30 07:00:00,Température,Température,°C,20.3
2025-05-30 07:00:00,Évapotranspiration journalière,Évapotranspiration journalière,mm/j,10.3
2025-05-30 07:00:00,Vitesse du vent,Vitesse du vent,m/s,5.28
2025-05-30 07:00:00,Direction du vent,Direction du vent,Deg,306.9
2025-05-30 07:00:00,Évapotranspiration Horaire,Évapotranspiration Horaire,mm/h,0.0
2025-05-30 07:00:00,Pression atmosphérique,Pression atmosphérique,mm/j,958.9
2025-05-30 07:00:00,Rayonnement solaire,Rayonnement solaire,W/m²,220.0
2025-05-30 06:00:00,Évapotranspiration Horaire,Évapotranspiration Horaire,mm/h,0.0
2025-05-30 06:00:00,Humidité relative,Humidité relative,%,42.6
2025-05-30 06:00:00,Rayonnement solaire,Rayonnement solaire,W/m²,77.0
2025-05-30 06:00:00,Température,Température,°C,19.7
2025-05-30 06:00:00,Évapotranspiration journalière,Évapotranspiration journalière,mm/j,10.3
2025-05-30 06:00:00,Vitesse du vent,Vitesse du vent,m/s,9.72
2025-05-30 06:00:00,Pression atmosphérique,Pression atmosphérique,mm/j,958.3
2025-05-30 06:00:00,Direction du vent,Direction du vent,Deg,308.4
2025-05-30 06:00:00,Point de Rosée,Point de Rosée,°C,6.6
2025-05-30 05:00:00,Température,Température,°C,19.6
2025-05-30 05:00:00,Évapotranspiration journalière,Évapotranspiration journalière,mm/j,10.3
2025-05-30 05:00:00,Évapotranspiration Horaire,Évapotranspiration Horaire,mm/h,0.0
2025-05-30 05:00:00,Pression atmosphérique,Pression atmosphérique,mm/j,957.3
2025-05-30 05:00:00,Rayonnement solaire,Rayonnement solaire,W/m²,0.0
2025-05-30 05:00:00,Point de Rosée,Point de Rosée,°C,6.3
2025-05-30 05:00:00,Humidité relative,Humidité relative,%,41.9
2025-05-30 05:00:00,Vitesse du vent,Vitesse du vent,m/s,12.4
2025-05-30 05:00:00,Direction du vent,Direction du vent,Deg,304.4
2025-05-29 16:00:00,Évapotranspiration journalière,Évapotranspiration journalière,mm/j,8.71
2025-05-29 16:00:00,Rayonnement solaire,Rayonnement solaire,W/m²,605.0
2025-05-29 16:00:00,Direction du vent,Direction du vent,Deg,312.3
2025-05-29 16:00:00,Humidité relative,Humidité relative,%,22.5
2025-05-29 16:00:00,Évapotranspiration Horaire,Évapotranspiration Horaire,mm/h,0.0
2025-05-29 16:00:00,Vitesse du vent,Vitesse du vent,m/s,13.91
2025-05-29 16:00:00,Température,Température,°C,29.3
2025-05-29 16:00:00,Point de Rosée,Point de Rosée,°C,5.7
2025-05-29 16:00:00,Pression atmosphérique,Pression atmosphérique,mm/j,957.3
2025-05-29 15:00:00,Humidité relative,Humidité relative,%,20.4
2025-05-29 15:00:00,Évapotranspiration journalière,Évapotranspiration journalière,mm/j,8.71
2025-05-29 15:00:00,Évapotranspiration Horaire,Évapotranspiration Horaire,mm/h,0.0
2025-05-29 15:00:00,Pression atmosphérique,Pression atmosphérique,mm/j,957.4
2025-05-29 15:00:00,Rayonnement solaire,Rayonnement solaire,W/m²,762.0
2025-05-29 15:00:00,Point de Rosée,Point de Rosée,°C,5.0
2025-05-29 15:00:00,Température,Température,°C,30.2
2025-05-29 15:00:00,Vitesse du vent,Vitesse du vent,m/s,12.79
2025-05-29 15:00:00,Direction du vent,Direction du vent,Deg,337.0
2025-05-29 14:00:00,Évapotranspiration journalière,Évapotranspiration journalière,mm/j,8.71
2025-05-29 14:00:00,Humidité relative,Humidité relative,%,22.1
2025-05-29 14:00:00,Évapotranspiration Horaire,Évapotranspiration Horaire,mm/h,0.0
2025-05-29 14:00:00,Température,Température,°C,29.4
2025-05-29 14:00:00,Rayonnement solaire,Rayonnement solaire,W/m²,878.0
2025-05-29 14:00:00,Vitesse du vent,Vitesse du vent,m/s,8.62
2025-05-29 14:00:00,Pression atmosphérique,Pression atmosphérique,mm/j,957.6
2025-05-29 14:00:00,Direction du vent,Direction du vent,Deg,346.4
2025-05-29 14:00:00,Point de Rosée,Point de Rosée,°C,5.5
2025-05-29 13:00:00,Direction du vent,Direction du vent,Deg,306.6
2025-05-29 13:00:00,Évapotranspiration Horaire,Évapotranspiration Horaire,mm/h,0.0
2025-05-29 13:00:00,Pression atmosphérique,Pression atmosphérique,mm/j,957.9
2025-05-29 13:00:00,Rayonnement solaire,Rayonnement solaire,W/m²,942.0
2025-05-29 13:00:00,Point de Rosée,Point de Rosée,°C,5.1
2025-05-29 13:00:00,Humidité relative,Humidité relative,%,22.0
2025-05-29 13:00:00,Température,Température,°C,29.0
2025-05-29 13:00:00,Vitesse du vent,Vitesse du vent,m/s,8.5
2025-05-29 13:00:00,Évapotranspiration journalière,Évapotranspiration journalière,mm/j,8.71
2025-05-29 11:00:00,Point de Rosée,Point de Rosée,°C,4.4
2025-05-29 11:00:00,Évapotranspiration journalière,Évapotranspiration journalière,mm/j,8.71
2025-05-29 11:00:00,Évapotranspiration Horaire,Évapotranspiration Horaire,mm/h,0.0
2025-05-29 11:00:00,Pression atmosphérique,Pression atmosphérique,mm/j,959.3
2025-05-29 11:00:00,Rayonnement solaire,Rayonnement solaire,W/m²,903.0
2025-05-29 11:00:00,Humidité relative,Humidité relative,%,23.9
2025-05-29 11:00:00,Température,Température,°C,26.7
2025-05-29 11:00:00,Vitesse du vent,Vitesse du vent,m/s,6.44
2025-05-29 11:00:00,Direction du vent,Direction du vent,Deg,312.6
2025-05-29 10:00:00,Évapotranspiration journalière,Évapotranspiration journalière,mm/j,8.71
2025-05-29 10:00:00,Évapotranspiration Horaire,Évapotranspiration Horaire,mm/h,0.0
2025-05-29 10:00:00,Pression atmosphérique,Pression atmosphérique,mm/j,959.5
2025-05-29 10:00:00,Rayonnement solaire,Rayonnement solaire,W/m²,805.0
2025-05-29 10:00:00,Point de Rosée,Point de Rosée,°C,3.8
2025-05-29 10:00:00,Direction du vent,Direction du vent,Deg,161.6
2025-05-29 10:00:00,Vitesse du vent,Vitesse du vent,m/s,3.37
2025-05-29 10:00:00,Température,Température,°C,25.4
2025-05-29 10:00:00,Humidité relative,Humidité relative,%,24.7
2025-05-29 09:00:00,Point de Rosée,Point de Rosée,°C,3.1
2025-05-29 09:00:00,Évapotranspiration journalière,Évapotranspiration journalière,mm/j,8.71
2025-05-29 09:00:00,Direction du vent,Direction du vent,Deg,346.0
2025-05-29 09:00:00,Évapotranspiration Horaire,Évapotranspiration Horaire,mm/h,0.0
2025-05-29 09:00:00,Température,Température,°C,24.3
2025-05-29 09:00:00,Pression atmosphérique,Pression atmosphérique,mm/j,959.9
2025-05-29 09:00:00,Vitesse du vent,Vitesse du vent,m/s,2.64
2025-05-29 09:00:00,Rayonnement solaire,Rayonnement solaire,W/m²,654.0
2025-05-29 09:00:00,Humidité relative,Humidité relative,%,25.2
2025-05-29 08:00:00,Vitesse du vent,Vitesse du vent,m/s,1.9
2025-05-29 08:00:00,Direction du vent,Direction du vent,Deg,254.3
2025-05-29 08:00:00,Température,Température,°C,22.6
2025-05-29 08:00:00,Humidité relative,Humidité relative,%,26.9
2025-05-29 08:00:00,Point de Rosée,Point de Rosée,°C,2.6
2025-05-29 08:00:00,Rayonnement solaire,Rayonnement solaire,W/m²,432.0
2025-05-29 08:00:00,Pression atmosphérique,Pression atmosphérique,mm/j,959.9
2025-05-29 08:00:00,Évapotranspiration Horaire,Évapotranspiration Horaire,mm/h,0.0
2025-05-29 08:00:00,Évapotranspiration journalière,Évapotranspiration journalière,mm/j,8.71
2025-05-29 07:00:00,Direction du vent,Direction du vent,Deg,293.4
2025-05-29 07:00:00,Évapotranspiration journalière,Évapotranspiration journalière,mm/j,8.71
2025-05-29 07:00:00,Humidité relative,Humidité relative,%,29.9
2025-05-29 07:00:00,Rayonnement solaire,Rayonnement solaire,W/m²,216.0
2025-05-29 07:00:00,Température,Température,°C,20.9
2025-05-29 07:00:00,Pression atmosphérique,Pression atmosphérique,mm/j,960.0
2025-05-29 07:00:00,Point de Rosée,Point de Rosée,°C,2.6
2025-05-29 07:00:00,Évapotranspiration Horaire,Évapotranspiration Horaire,mm/h,0.0
2025-05-29 07:00:00,Vitesse du vent,Vitesse du vent,m/s,3.56
2025-05-29 06:00:00,Point de Rosée,Point de Rosée,°C,3.2
2025-05-29 06:00:00,Évapotranspiration journalière,Évapotranspiration journalière,mm/j,8.71
2025-05-29 06:00:00,Évapotranspiration Horaire,Évapotranspiration Horaire,mm/h,0.0
2025-05-29 06:00:00,Pression atmosphérique,Pression atmosphérique,mm/j,960.0
2025-05-29 06:00:00,Rayonnement solaire,Rayonnement solaire,W/m²,75.0
2025-05-29 06:00:00,Humidité relative,Humidité relative,%,33.7
2025-05-29 06:00:00,Température,Température,°C,19.6
2025-05-29 06:00:00,Vitesse du vent,Vitesse du vent,m/s,2.58
2025-05-29 06:00:00,Direction du vent,Direction du vent,Deg,308.1
2025-05-29 05:00:00,Direction du vent,Direction du vent,Deg,321.3
2025-05-29 05:00:00,Point de Rosée,Point de Rosée,°C,2.9
2025-05-29 05:00:00,Humidité relative,Humidité relative,%,33.2
2025-05-29 05:00:00,Température,Température,°C,19.5
2025-05-29 05:00:00,Vitesse du vent,Vitesse du vent,m/s,4.52
2025-05-29 05:00:00,Évapotranspiration journalière,Évapotranspiration journalière,mm/j,8.71
2025-05-29 05:00:00,Évapotranspiration Horaire,Évapotranspiration Horaire,mm/h,0.0
2025-05-29 05:00:00,Pression atmosphérique,Pression atmosphérique,mm/j,959.5
2025-05-29 05:00:00,Rayonnement solaire,Rayonnement solaire,W/m²,0.0
2025-05-28 05:00:00,Évapotranspiration journalière,Évapotranspiration journalière,mm/j,7.57
2025-05-28 05:00:00,Évapotranspiration Horaire,Évapotranspiration Horaire,mm/h,0.0
2025-05-28 05:00:00,Humidité relative,Humidité relative,%,36.9
2025-05-28 05:00:00,Rayonnement solaire,Rayonnement solaire,W/m²,0.0
2025-05-28 05:00:00,Température,Température,°C,19.0
2025-05-28 05:00:00,Pression atmosphérique,Pression atmosphérique,mm/j,959.3
2025-05-28 05:00:00,Vitesse du vent,Vitesse du vent,m/s,2.14
2025-05-28 05:00:00,Point de Rosée,Point de Rosée,°C,4.0
2025-05-28 05:00:00,Direction du vent,Direction du vent,Deg,358.5
2025-05-28 04:00:00,Évapotranspiration journalière,Évapotranspiration journalière,mm/j,7.57
2025-05-28 04:00:00,Évapotranspiration Horaire,Évapotranspiration Horaire,mm/h,0.0
2025-05-28 04:00:00,Pression atmosphérique,Pression atmosphérique,mm/j,959.2
2025-05-28 04:00:00,Rayonnement solaire,Rayonnement solaire,W/m²,0.0
2025-05-28 04:00:00,Point de Rosée,Point de Rosée,°C,5.5
2025-05-28 04:00:00,Humidité relative,Humidité relative,%,37.7
2025-05-28 04:00:00,Température,Température,°C,20.4
2025-05-28 04:00:00,Vitesse du vent,Vitesse du vent,m/s,3.99
2025-05-28 04:00:00,Direction du vent,Direction du vent,Deg,275.3
2025-05-28 03:00:00,Rayonnement solaire,Rayonnement solaire,W/m²,0.0
2025-05-28 03:00:00,Évapotranspiration Horaire,Évapotranspiration Horaire,mm/h,0.0
2025-05-28 03:00:00,Température,Température,°C,20.7
2025-05-28 03:00:00,Évapotranspiration journalière,Évapotranspiration journalière,mm/j,7.57
2025-05-28 03:00:00,Point de Rosée,Point de Rosée,°C,7.2
2025-05-28 03:00:00,Humidité relative,Humidité relative,%,41.8
2025-05-28 03:00:00,Vitesse du vent,Vitesse du vent,m/s,3.56
2025-05-28 03:00:00,Pression atmosphérique,Pression atmosphérique,mm/j,959.2
2025-05-28 03:00:00,Direction du vent,Direction du vent,Deg,263.5
2025-05-28 02:00:00,Pression atmosphérique,Pression atmosphérique,mm/j,959.6
2025-05-28 02:00:00,Vitesse du vent,Vitesse du vent,m/s,1.49
2025-05-28 02:00:00,Direction du vent,Direction du vent,Deg,324.8
2025-05-28 02:00:00,Évapotranspiration journalière,Évapotranspiration journalière,mm/j,7.57
2025-05-28 02:00:00,Évapotranspiration Horaire,Évapotranspiration Horaire,mm/h,0.0
2025-05-28 02:00:00,Rayonnement solaire,Rayonnement solaire,W/m²,0.0
2025-05-28 02:00:00,Point de Rosée,Point de Rosée,°C,8.1
2025-05-28 02:00:00,Humidité relative,Humidité relative,%,46.6
2025-05-28 02:00:00,Température,Température,°C,19.9
2025-05-28 01:00:00,Point de Rosée,Point de Rosée,°C,9.9
2025-05-28 01:00:00,Évapotranspiration Horaire,Évapotranspiration Horaire,mm/h,0.0
2025-05-28 01:00:00,Vitesse du vent,Vitesse du vent,m/s,1.13
2025-05-28 01:00:00,Évapotranspiration journalière,Évapotranspiration journalière,mm/j,7.57
2025-05-28 01:00:00,Humidité relative,Humidité relative,%,53.0
2025-05-28 01:00:00,Pression atmosphérique,Pression atmosphérique,mm/j,960.1
2025-05-28 01:00:00,Direction du vent,Direction du vent,Deg,124.4
2025-05-28 01:00:00,Rayonnement solaire,Rayonnement solaire,W/m²,0.0
2025-05-28 01:00:00,Température,Température,°C,19.7
2025-05-28 00:00:00,Pression atmosphérique,Pression atmosphérique,mm/j,960.2
2025-05-28 00:00:00,Évapotranspiration journalière,Évapotranspiration journalière,mm/j,6.86
2025-05-28 00:00:00,Évapotranspiration Horaire,Évapotranspiration Horaire,mm/h,0.0
2025-05-28 00:00:00,Rayonnement solaire,Rayonnement solaire,W/m²,0.0
2025-05-28 00:00:00,Point de Rosée,Point de Rosée,°C,10.0
2025-05-28 00:00:00,Humidité relative,Humidité relative,%,49.6
2025-05-28 00:00:00,Température,Température,°C,21.0
2025-05-28 00:00:00,Vitesse du vent,Vitesse du vent,m/s,1.88
2025-05-28 00:00:00,Direction du vent,Direction du vent,Deg,344.0
2025-05-27 23:00:00,Humidité relative,Humidité relative,%,46.6
2025-05-27 23:00:00,Température,Température,°C,22.0
2025-05-27 23:00:00,Rayonnement solaire,Rayonnement solaire,W/m²,0.0
2025-05-27 23:00:00,Évapotranspiration journalière,Évapotranspiration journalière,mm/j,6.86
2025-05-27 23:00:00,Évapotranspiration Horaire,Évapotranspiration Horaire,mm/h,0.0
2025-05-27 23:00:00,Pression atmosphérique,Pression atmosphérique,mm/j,960.3
2025-05-27 23:00:00,Direction du vent,Direction du vent,Deg,8.2
2025-05-27 23:00:00,Vitesse du vent,Vitesse du vent,m/s,1.86
2025-05-27 23:00:00,Point de Rosée,Point de Rosée,°C,10.0
2025-05-27 22:00:00,Point de Rosée,Point de Rosée,°C,8.9
2025-05-27 22:00:00,Humidité relative,Humidité relative,%,40.0
2025-05-27 22:00:00,Température,Température,°C,23.2
2025-05-27 22:00:00,Vitesse du vent,Vitesse du vent,m/s,4.65
2025-05-27 22:00:00,Direction du vent,Direction du vent,Deg,32.1
2025-05-27 22:00:00,Évapotranspiration journalière,Évapotranspiration journalière,mm/j,6.86
2025-05-27 22:00:00,Évapotranspiration Horaire,Évapotranspiration Horaire,mm/h,0.0
2025-05-27 22:00:00,Pression atmosphérique,Pression atmosphérique,mm/j,959.9
2025-05-27 22:00:00,Rayonnement solaire,Rayonnement solaire,W/m²,0.0
2025-05-27 21:00:00,Point de Rosée,Point de Rosée,°C,8.5
2025-05-27 21:00:00,Évapotranspiration journalière,Évapotranspiration journalière,mm/j,6.86
2025-05-27 21:00:00,Évapotranspiration Horaire,Évapotranspiration Horaire,mm/h,0.0
2025-05-27 21:00:00,Pression atmosphérique,Pression atmosphérique,mm/j,959.3
2025-05-27 21:00:00,Rayonnement solaire,Rayonnement solaire,W/m²,0.0
2025-05-27 21:00:00,Humidité relative,Humidité relative,%,36.0
2025-05-27 21:00:00,Température,Température,°C,24.6
2025-05-27 21:00:00,Vitesse du vent,Vitesse du vent,m/s,4.47
2025-05-27 21:00:00,Direction du vent,Direction du vent,Deg,13.0
2025-05-27 20:00:00,Évapotranspiration journalière,Évapotranspiration journalière,mm/j,6.86
2025-05-27 20:00:00,Direction du vent,Direction du vent,Deg,18.1
2025-05-27 20:00:00,Évapotranspiration Horaire,Évapotranspiration Horaire,mm/h,0.0
2025-05-27 20:00:00,Vitesse du vent,Vitesse du vent,m/s,3.37
2025-05-27 20:00:00,Pression atmosphérique,Pression atmosphérique,mm/j,958.1
2025-05-27 20:00:00,Température,Température,°C,27.2
2025-05-27 20:00:00,Rayonnement solaire,Rayonnement solaire,W/m²,0.0
2025-05-27 20:00:00,Humidité relative,Humidité relative,%,23.8
2025-05-27 20:00:00,Point de Rosée,Point de Rosée,°C,4.8
2025-05-27 19:00:00,Point de Rosée,Point de Rosée,°C,4.1
2025-05-27 19:00:00,Évapotranspiration journalière,Évapotranspiration journalière,mm/j,6.86
2025-05-27 19:00:00,Évapotranspiration Horaire,Évapotranspiration Horaire,mm/h,0.0
2025-05-27 19:00:00,Pression atmosphérique,Pression atmosphérique,mm/j,957.6
2025-05-27 19:00:00,Rayonnement solaire,Rayonnement solaire,W/m²,36.0
2025-05-27 19:00:00,Humidité relative,Humidité relative,%,20.8
2025-05-27 19:00:00,Température,Température,°C,28.8
2025-05-27 19:00:00,Vitesse du vent,Vitesse du vent,m/s,4.38
2025-05-27 19:00:00,Direction du vent,Direction du vent,Deg,318.8
2025-05-27 18:00:00,Évapotranspiration Horaire,Évapotranspiration Horaire,mm/h,0.0
2025-05-27 18:00:00,Humidité relative,Humidité relative,%,18.2
2025-05-27 18:00:00,Rayonnement solaire,Rayonnement solaire,W/m²,197.0
2025-05-27 18:00:00,Température,Température,°C,29.9
2025-05-27 18:00:00,Évapotranspiration journalière,Évapotranspiration journalière,mm/j,6.86
2025-05-27 18:00:00,Vitesse du vent,Vitesse du vent,m/s,5.72
2025-05-27 18:00:00,Pression atmosphérique,Pression atmosphérique,mm/j,957.3
2025-05-27 18:00:00,Direction du vent,Direction du vent,Deg,319.1
2025-05-27 18:00:00,Point de Rosée,Point de Rosée,°C,3.2
2025-05-27 17:00:00,Température,Température,°C,30.2
2025-05-27 17:00:00,Évapotranspiration journalière,Évapotranspiration journalière,mm/j,6.86
2025-05-27 17:00:00,Évapotranspiration Horaire,Évapotranspiration Horaire,mm/h,0.0
2025-05-27 17:00:00,Pression atmosphérique,Pression atmosphérique,mm/j,957.3
2025-05-27 17:00:00,Rayonnement solaire,Rayonnement solaire,W/m²,389.0
2025-05-27 17:00:00,Point de Rosée,Point de Rosée,°C,3.4
2025-05-27 17:00:00,Humidité relative,Humidité relative,%,18.2
2025-05-27 17:00:00,Vitesse du vent,Vitesse du vent,m/s,0.98
2025-05-27 17:00:00,Direction du vent,Direction du vent,Deg,52.7
2025-05-27 16:00:00,Évapotranspiration journalière,Évapotranspiration journalière,mm/j,6.86
2025-05-27 16:00:00,Direction du vent,Direction du vent,Deg,340.6
2025-05-27 16:00:00,Évapotranspiration Horaire,Évapotranspiration Horaire,mm/h,0.0
2025-05-27 16:00:00,Point de Rosée,Point de Rosée,°C,3.3
2025-05-27 16:00:00,Humidité relative,Humidité relative,%,18.0
2025-05-27 16:00:00,Rayonnement solaire,Rayonnement solaire,W/m²,597.0
2025-05-27 16:00:00,Vitesse du vent,Vitesse du vent,m/s,4.69
2025-05-27 16:00:00,Température,Température,°C,30.3
2025-05-27 16:00:00,Pression atmosphérique,Pression atmosphérique,mm/j,957.6
2025-05-27 15:00:00,Point de Rosée,Point de Rosée,°C,2.4
2025-05-27 15:00:00,Évapotranspiration journalière,Évapotranspiration journalière,mm/j,6.86
2025-05-27 15:00:00,Évapotranspiration Horaire,Évapotranspiration Horaire,mm/h,0.0
2025-05-27 15:00:00,Pression atmosphérique,Pression atmosphérique,mm/j,957.9
2025-05-27 15:00:00,Rayonnement solaire,Rayonnement solaire,W/m²,758.0
2025-05-27 15:00:00,Humidité relative,Humidité relative,%,16.7
2025-05-27 15:00:00,Température,Température,°C,30.4
2025-05-27 15:00:00,Vitesse du vent,Vitesse du vent,m/s,5.72
2025-05-27 15:00:00,Direction du vent,Direction du vent,Deg,346.2
2025-05-27 14:00:00,Évapotranspiration Horaire,Évapotranspiration Horaire,mm/h,0.0
2025-05-27 14:00:00,Humidité relative,Humidité relative,%,17.0
2025-05-27 14:00:00,Rayonnement solaire,Rayonnement solaire,W/m²,876.0
2025-05-27 14:00:00,Température,Température,°C,30.1
2025-05-27 14:00:00,Pression atmosphérique,Pression atmosphérique,mm/j,958.1
2025-05-27 14:00:00,Vitesse du vent,Vitesse du vent,m/s,6.07
2025-05-27 14:00:00,Point de Rosée,Point de Rosée,°C,2.4
2025-05-27 14:00:00,Direction du vent,Direction du vent,Deg,323.1
2025-05-27 14:00:00,Évapotranspiration journalière,Évapotranspiration journalière,mm/j,6.86
2025-05-27 13:00:00,Direction du vent,Direction du vent,Deg,17.4
2025-05-27 13:00:00,Évapotranspiration journalière,Évapotranspiration journalière,mm/j,6.86
2025-05-27 13:00:00,Évapotranspiration Horaire,Évapotranspiration Horaire,mm/h,0.0
2025-05-27 13:00:00,Pression atmosphérique,Pression atmosphérique,mm/j,958.7
2025-05-27 13:00:00,Rayonnement solaire,Rayonnement solaire,W/m²,910.0
2025-05-27 13:00:00,Point de Rosée,Point de Rosée,°C,2.6
2025-05-27 13:00:00,Humidité relative,Humidité relative,%,18.9
2025-05-27 13:00:00,Température,Température,°C,28.5
2025-05-27 13:00:00,Vitesse du vent,Vitesse du vent,m/s,1.51
2025-05-27 12:00:00,Évapotranspiration journalière,Évapotranspiration journalière,mm/j,6.86
2025-05-27 12:00:00,Évapotranspiration Horaire,Évapotranspiration Horaire,mm/h,0.0
2025-05-27 12:00:00,Pression atmosphérique,Pression atmosphérique,mm/j,959.1
2025-05-27 12:00:00,Rayonnement solaire,Rayonnement solaire,W/m²,925.0
2025-05-27 12:00:00,Point de Rosée,Point de Rosée,°C,3.1
2025-05-27 12:00:00,Humidité relative,Humidité relative,%,20.8
2025-05-27 12:00:00,Température,Température,°C,27.5
2025-05-27 12:00:00,Vitesse du vent,Vitesse du vent,m/s,3.89
2025-05-27 12:00:00,Direction du vent,Direction du vent,Deg,119.5
2025-05-27 11:00:00,Point de Rosée,Point de Rosée,°C,3.7
2025-05-27 11:00:00,Évapotranspiration journalière,Évapotranspiration journalière,mm/j,6.86
2025-05-27 11:00:00,Direction du vent,Direction du vent,Deg,153.3
2025-05-27 11:00:00,Évapotranspiration Horaire,Évapotranspiration Horaire,mm/h,0.0
2025-05-27 11:00:00,Humidité relative,Humidité relative,%,22.8
2025-05-27 11:00:00,Pression atmosphérique,Pression atmosphérique,mm/j,959.6
2025-05-27 11:00:00,Vitesse du vent,Vitesse du vent,m/s,1.21
2025-05-27 11:00:00,Rayonnement solaire,Rayonnement solaire,W/m²,880.0
2025-05-27 11:00:00,Température,Température,°C,26.7
2025-05-27 10:00:00,Évapotranspiration journalière,Évapotranspiration journalière,mm/j,6.86
2025-05-27 10:00:00,Évapotranspiration Horaire,Évapotranspiration Horaire,mm/h,0.0
2025-05-27 10:00:00,Pression atmosphérique,Pression atmosphérique,mm/j,959.7
2025-05-27 10:00:00,Rayonnement solaire,Rayonnement solaire,W/m²,793.0
2025-05-27 10:00:00,Point de Rosée,Point de Rosée,°C,4.2
2025-05-27 10:00:00,Humidité relative,Humidité relative,%,25.0
2025-05-27 10:00:00,Température,Température,°C,25.7
2025-05-27 10:00:00,Vitesse du vent,Vitesse du vent,m/s,1.65
2025-05-27 10:00:00,Direction du vent,Direction du vent,Deg,105.6
2025-05-27 09:00:00,Rayonnement solaire,Rayonnement solaire,W/m²,637.0
2025-05-27 09:00:00,Évapotranspiration Horaire,Évapotranspiration Horaire,mm/h,0.0
2025-05-27 09:00:00,Température,Température,°C,24.5
2025-05-27 09:00:00,Évapotranspiration journalière,Évapotranspiration journalière,mm/j,6.86
2025-05-27 09:00:00,Point de Rosée,Point de Rosée,°C,5.0
2025-05-27 09:00:00,Humidité relative,Humidité relative,%,28.4
2025-05-27 09:00:00,Vitesse du vent,Vitesse du vent,m/s,1.16
2025-05-27 09:00:00,Pression atmosphérique,Pression atmosphérique,mm/j,959.7
2025-05-27 09:00:00,Direction du vent,Direction du vent,Deg,118.9
2025-05-27 08:00:00,Pression atmosphérique,Pression atmosphérique,mm/j,959.4
2025-05-27 08:00:00,Vitesse du vent,Vitesse du vent,m/s,3.74
2025-05-27 08:00:00,Direction du vent,Direction du vent,Deg,306.0
2025-05-27 08:00:00,Évapotranspiration journalière,Évapotranspiration journalière,mm/j,6.86
2025-05-27 08:00:00,Évapotranspiration Horaire,Évapotranspiration Horaire,mm/h,0.0
2025-05-27 08:00:00,Rayonnement solaire,Rayonnement solaire,W/m²,425.0
2025-05-27 08:00:00,Point de Rosée,Point de Rosée,°C,3.0
2025-05-27 08:00:00,Humidité relative,Humidité relative,%,25.8
2025-05-27 08:00:00,Température,Température,°C,23.8
2025-05-27 07:00:00,Point de Rosée,Point de Rosée,°C,5.5
2025-05-27 07:00:00,Évapotranspiration Horaire,Évapotranspiration Horaire,mm/h,0.0
2025-05-27 07:00:00,Vitesse du vent,Vitesse du vent,m/s,3.01
2025-05-27 07:00:00,Évapotranspiration journalière,Évapotranspiration journalière,mm/j,6.86
2025-05-27 07:00:00,Humidité relative,Humidité relative,%,34.2
2025-05-27 07:00:00,Pression atmosphérique,Pression atmosphérique,mm/j,959.3
2025-05-27 07:00:00,Direction du vent,Direction du vent,Deg,310.4
2025-05-27 07:00:00,Rayonnement solaire,Rayonnement solaire,W/m²,213.0
2025-05-27 07:00:00,Température,Température,°C,22.0
2025-05-27 06:00:00,Évapotranspiration journalière,Évapotranspiration journalière,mm/j,6.86
2025-05-27 06:00:00,Évapotranspiration Horaire,Évapotranspiration Horaire,mm/h,0.0
2025-05-27 06:00:00,Pression atmosphérique,Pression atmosphérique,mm/j,959.3
2025-05-27 06:00:00,Rayonnement solaire,Rayonnement solaire,W/m²,72.0
2025-05-27 06:00:00,Point de Rosée,Point de Rosée,°C,7.4
2025-05-27 06:00:00,Humidité relative,Humidité relative,%,51.8
2025-05-27 06:00:00,Température,Température,°C,17.4
2025-05-27 06:00:00,Vitesse du vent,Vitesse du vent,m/s,1.25
2025-05-27 06:00:00,Direction du vent,Direction du vent,Deg,159.3
2025-05-27 05:00:00,Point de Rosée,Point de Rosée,°C,6.3
2025-05-27 05:00:00,Rayonnement solaire,Rayonnement solaire,W/m²,0.0
2025-05-27 05:00:00,Humidité relative,Humidité relative,%,50.8
2025-05-27 05:00:00,Pression atmosphérique,Pression atmosphérique,mm/j,958.9
2025-05-27 05:00:00,Température,Température,°C,16.6
2025-05-27 05:00:00,Évapotranspiration Horaire,Évapotranspiration Horaire,mm/h,0.0
2025-05-27 05:00:00,Vitesse du vent,Vitesse du vent,m/s,0.87
2025-05-27 05:00:00,Évapotranspiration journalière,Évapotranspiration journalière,mm/j,6.86
2025-05-27 05:00:00,Direction du vent,Direction du vent,Deg,171.7
2025-05-26 22:00:00,Pression atmosphérique,Pression atmosphérique,mm/j,960.0
2025-05-26 22:00:00,Évapotranspiration journalière,Évapotranspiration journalière,mm/j,7.66
2025-05-26 22:00:00,Évapotranspiration Horaire,Évapotranspiration Horaire,mm/h,0.0
2025-05-26 22:00:00,Rayonnement solaire,Rayonnement solaire,W/m²,0.0
2025-05-26 22:00:00,Point de Rosée,Point de Rosée,°C,4.3
2025-05-26 22:00:00,Humidité relative,Humidité relative,%,30.9
2025-05-26 22:00:00,Température,Température,°C,22.3
2025-05-26 22:00:00,Vitesse du vent,Vitesse du vent,m/s,2.31
2025-05-26 22:00:00,Direction du vent,Direction du vent,Deg,47.9
2025-05-26 21:00:00,Point de Rosée,Point de Rosée,°C,4.4
2025-05-26 21:00:00,Direction du vent,Direction du vent,Deg,63.0
2025-05-26 21:00:00,Humidité relative,Humidité relative,%,28.9
2025-05-26 21:00:00,Évapotranspiration Horaire,Évapotranspiration Horaire,mm/h,0.0
2025-05-26 21:00:00,Évapotranspiration journalière,Évapotranspiration journalière,mm/j,7.66
2025-05-26 21:00:00,Pression atmosphérique,Pression atmosphérique,mm/j,959.6
2025-05-26 21:00:00,Vitesse du vent,Vitesse du vent,m/s,1.44
2025-05-26 21:00:00,Rayonnement solaire,Rayonnement solaire,W/m²,0.0
2025-05-26 21:00:00,Température,Température,°C,23.5
2025-05-26 20:00:00,Pression atmosphérique,Pression atmosphérique,mm/j,958.6
2025-05-26 20:00:00,Évapotranspiration journalière,Évapotranspiration journalière,mm/j,7.66
2025-05-26 20:00:00,Évapotranspiration Horaire,Évapotranspiration Horaire,mm/h,0.0
2025-05-26 20:00:00,Rayonnement solaire,Rayonnement solaire,W/m²,0.0
2025-05-26 20:00:00,Point de Rosée,Point de Rosée,°C,3.6
2025-05-26 20:00:00,Humidité relative,Humidité relative,%,25.8
2025-05-26 20:00:00,Température,Température,°C,24.5
2025-05-26 20:00:00,Vitesse du vent,Vitesse du vent,m/s,2.15
2025-05-26 20:00:00,Direction du vent,Direction du vent,Deg,54.5
2025-05-26 19:00:00,Rayonnement solaire,Rayonnement solaire,W/m²,28.0
2025-05-26 19:00:00,Humidité relative,Humidité relative,%,22.1
2025-05-26 19:00:00,Pression atmosphérique,Pression atmosphérique,mm/j,958.1
2025-05-26 19:00:00,Température,Température,°C,26.5
2025-05-26 19:00:00,Point de Rosée,Point de Rosée,°C,3.1
2025-05-26 19:00:00,Évapotranspiration journalière,Évapotranspiration journalière,mm/j,7.66
2025-05-26 19:00:00,Vitesse du vent,Vitesse du vent,m/s,3.78
2025-05-26 19:00:00,Évapotranspiration Horaire,Évapotranspiration Horaire,mm/h,0.0
2025-05-26 19:00:00,Direction du vent,Direction du vent,Deg,351.6
2025-05-26 17:00:00,Point de Rosée,Point de Rosée,°C,3.2
2025-05-26 17:00:00,Évapotranspiration journalière,Évapotranspiration journalière,mm/j,7.66
2025-05-26 17:00:00,Évapotranspiration Horaire,Évapotranspiration Horaire,mm/h,0.0
2025-05-26 17:00:00,Pression atmosphérique,Pression atmosphérique,mm/j,957.8
2025-05-26 17:00:00,Rayonnement solaire,Rayonnement solaire,W/m²,399.0
2025-05-26 17:00:00,Humidité relative,Humidité relative,%,21.4
2025-05-26 17:00:00,Température,Température,°C,27.2
2025-05-26 17:00:00,Vitesse du vent,Vitesse du vent,m/s,3.36
2025-05-26 17:00:00,Direction du vent,Direction du vent,Deg,325.5
2025-05-26 16:00:00,Évapotranspiration journalière,Évapotranspiration journalière,mm/j,7.66
2025-05-26 16:00:00,Vitesse du vent,Vitesse du vent,m/s,5.19
2025-05-26 16:00:00,Évapotranspiration Horaire,Évapotranspiration Horaire,mm/h,0.0
2025-05-26 16:00:00,Point de Rosée,Point de Rosée,°C,2.9
2025-05-26 16:00:00,Humidité relative,Humidité relative,%,20.0
2025-05-26 16:00:00,Rayonnement solaire,Rayonnement solaire,W/m²,591.0
2025-05-26 16:00:00,Direction du vent,Direction du vent,Deg,336.5
2025-05-26 16:00:00,Température,Température,°C,27.9
2025-05-26 16:00:00,Pression atmosphérique,Pression atmosphérique,mm/j,958.0
2025-05-26 15:00:00,Température,Température,°C,27.3
2025-05-26 15:00:00,Direction du vent,Direction du vent,Deg,354.8
2025-05-26 15:00:00,Vitesse du vent,Vitesse du vent,m/s,5.05
2025-05-26 15:00:00,Humidité relative,Humidité relative,%,21.8
2025-05-26 15:00:00,Point de Rosée,Point de Rosée,°C,3.6
2025-05-26 15:00:00,Rayonnement solaire,Rayonnement solaire,W/m²,750.0
2025-05-26 15:00:00,Pression atmosphérique,Pression atmosphérique,mm/j,958.5
2025-05-26 15:00:00,Évapotranspiration Horaire,Évapotranspiration Horaire,mm/h,0.0
2025-05-26 15:00:00,Évapotranspiration journalière,Évapotranspiration journalière,mm/j,7.66
2025-05-26 14:00:00,Point de Rosée,Point de Rosée,°C,3.5
2025-05-26 14:00:00,Pression atmosphérique,Pression atmosphérique,mm/j,958.9
2025-05-26 14:00:00,Humidité relative,Humidité relative,%,23.0
2025-05-26 14:00:00,Direction du vent,Direction du vent,Deg,302.1
2025-05-26 14:00:00,Température,Température,°C,26.3
2025-05-26 14:00:00,Évapotranspiration Horaire,Évapotranspiration Horaire,mm/h,0.0
2025-05-26 14:00:00,Vitesse du vent,Vitesse du vent,m/s,3.96
2025-05-26 14:00:00,Rayonnement solaire,Rayonnement solaire,W/m²,865.0
2025-05-26 14:00:00,Évapotranspiration journalière,Évapotranspiration journalière,mm/j,7.66
2025-05-26 13:00:00,Pression atmosphérique,Pression atmosphérique,mm/j,959.3
2025-05-26 13:00:00,Évapotranspiration Horaire,Évapotranspiration Horaire,mm/h,0.0
2025-05-26 13:00:00,Évapotranspiration journalière,Évapotranspiration journalière,mm/j,7.66
2025-05-26 13:00:00,Point de Rosée,Point de Rosée,°C,4.0
2025-05-26 13:00:00,Humidité relative,Humidité relative,%,25.3
2025-05-26 13:00:00,Température,Température,°C,25.3
2025-05-26 13:00:00,Vitesse du vent,Vitesse du vent,m/s,0.44
2025-05-26 13:00:00,Direction du vent,Direction du vent,Deg,158.5
2025-05-26 13:00:00,Rayonnement solaire,Rayonnement solaire,W/m²,905.0
2025-05-26 12:00:00,Rayonnement solaire,Rayonnement solaire,W/m²,931.0
2025-05-26 12:00:00,Évapotranspiration journalière,Évapotranspiration journalière,mm/j,7.66
2025-05-26 12:00:00,Direction du vent,Direction du vent,Deg,329.6
2025-05-26 12:00:00,Évapotranspiration Horaire,Évapotranspiration Horaire,mm/h,0.0
2025-05-26 12:00:00,Point de Rosée,Point de Rosée,°C,3.6
2025-05-26 12:00:00,Pression atmosphérique,Pression atmosphérique,mm/j,959.7
2025-05-26 12:00:00,Vitesse du vent,Vitesse du vent,m/s,4.77
2025-05-26 12:00:00,Humidité relative,Humidité relative,%,26.1
2025-05-26 12:00:00,Température,Température,°C,24.3
2025-05-26 11:00:00,Évapotranspiration journalière,Évapotranspiration journalière,mm/j,7.66
2025-05-26 11:00:00,Évapotranspiration Horaire,Évapotranspiration Horaire,mm/h,0.0
2025-05-26 11:00:00,Pression atmosphérique,Pression atmosphérique,mm/j,960.1
2025-05-26 11:00:00,Rayonnement solaire,Rayonnement solaire,W/m²,892.0
2025-05-26 11:00:00,Point de Rosée,Point de Rosée,°C,3.9
2025-05-26 11:00:00,Humidité relative,Humidité relative,%,27.8
2025-05-26 11:00:00,Température,Température,°C,23.5
2025-05-26 11:00:00,Vitesse du vent,Vitesse du vent,m/s,4.31
2025-05-26 11:00:00,Direction du vent,Direction du vent,Deg,317.1
2025-05-26 10:00:00,Évapotranspiration Horaire,Évapotranspiration Horaire,mm/h,0.0
2025-05-26 10:00:00,Évapotranspiration journalière,Évapotranspiration journalière,mm/j,7.66
2025-05-26 10:00:00,Vitesse du vent,Vitesse du vent,m/s,0.37
2025-05-26 10:00:00,Point de Rosée,Point de Rosée,°C,4.3
2025-05-26 10:00:00,Humidité relative,Humidité relative,%,30.7
2025-05-26 10:00:00,Rayonnement solaire,Rayonnement solaire,W/m²,789.0
2025-05-26 10:00:00,Direction du vent,Direction du vent,Deg,96.8
2025-05-26 10:00:00,Température,Température,°C,22.4
2025-05-26 10:00:00,Pression atmosphérique,Pression atmosphérique,mm/j,960.2
2025-05-26 09:00:00,Direction du vent,Direction du vent,Deg,59.7
2025-05-26 09:00:00,Évapotranspiration journalière,Évapotranspiration journalière,mm/j,7.66
2025-05-26 09:00:00,Humidité relative,Humidité relative,%,35.5
2025-05-26 09:00:00,Évapotranspiration Horaire,Évapotranspiration Horaire,mm/h,0.0
2025-05-26 09:00:00,Température,Température,°C,20.4
2025-05-26 09:00:00,Pression atmosphérique,Pression atmosphérique,mm/j,960.0
2025-05-26 09:00:00,Vitesse du vent,Vitesse du vent,m/s,2.37
2025-05-26 09:00:00,Rayonnement solaire,Rayonnement solaire,W/m²,647.0
2025-05-26 09:00:00,Point de Rosée,Point de Rosée,°C,4.6
2025-05-26 08:00:00,Direction du vent,Direction du vent,Deg,37.3
2025-05-26 08:00:00,Évapotranspiration journalière,Évapotranspiration journalière,mm/j,7.66
2025-05-26 08:00:00,Évapotranspiration Horaire,Évapotranspiration Horaire,mm/h,0.0
2025-05-26 08:00:00,Pression atmosphérique,Pression atmosphérique,mm/j,959.9
2025-05-26 08:00:00,Rayonnement solaire,Rayonnement solaire,W/m²,421.0
2025-05-26 08:00:00,Point de Rosée,Point de Rosée,°C,3.1
2025-05-26 08:00:00,Humidité relative,Humidité relative,%,32.5
2025-05-26 08:00:00,Température,Température,°C,20.1
2025-05-26 08:00:00,Vitesse du vent,Vitesse du vent,m/s,0.32
2025-05-26 07:00:00,Température,Température,°C,18.1
2025-05-26 07:00:00,Humidité relative,Humidité relative,%,39.7
2025-05-26 07:00:00,Vitesse du vent,Vitesse du vent,m/s,3.09
2025-05-26 07:00:00,Évapotranspiration Horaire,Évapotranspiration Horaire,mm/h,0.0
2025-05-26 07:00:00,Évapotranspiration journalière,Évapotranspiration journalière,mm/j,7.66
2025-05-26 07:00:00,Pression atmosphérique,Pression atmosphérique,mm/j,960.0
2025-05-26 07:00:00,Direction du vent,Direction du vent,Deg,308.4
2025-05-26 07:00:00,Rayonnement solaire,Rayonnement solaire,W/m²,214.0
2025-05-26 07:00:00,Point de Rosée,Point de Rosée,°C,4.2
2025-05-26 06:00:00,Point de Rosée,Point de Rosée,°C,5.0
2025-05-26 06:00:00,Humidité relative,Humidité relative,%,49.6
2025-05-26 06:00:00,Température,Température,°C,15.5
2025-05-26 06:00:00,Direction du vent,Direction du vent,Deg,204.8
2025-05-26 06:00:00,Évapotranspiration journalière,Évapotranspiration journalière,mm/j,7.66
2025-05-26 06:00:00,Évapotranspiration Horaire,Évapotranspiration Horaire,mm/h,0.0
2025-05-26 06:00:00,Pression atmosphérique,Pression atmosphérique,mm/j,959.9
2025-05-26 06:00:00,Vitesse du vent,Vitesse du vent,m/s,1.25
2025-05-26 06:00:00,Rayonnement solaire,Rayonnement solaire,W/m²,72.0
2025-05-26 05:00:00,Pression atmosphérique,Pression atmosphérique,mm/j,959.9
2025-05-26 05:00:00,Direction du vent,Direction du vent,Deg,284.2
2025-05-26 05:00:00,Vitesse du vent,Vitesse du vent,m/s,1.86
2025-05-26 05:00:00,Température,Température,°C,13.8
2025-05-26 05:00:00,Humidité relative,Humidité relative,%,56.1
2025-05-26 05:00:00,Point de Rosée,Point de Rosée,°C,5.2
2025-05-26 05:00:00,Rayonnement solaire,Rayonnement solaire,W/m²,0.0
2025-05-26 05:00:00,Évapotranspiration Horaire,Évapotranspiration Horaire,mm/h,0.0
2025-05-26 05:00:00,Évapotranspiration journalière,Évapotranspiration journalière,mm/j,7.66
2025-05-26 04:00:00,Température,Température,°C,15.1
2025-05-26 04:00:00,Vitesse du vent,Vitesse du vent,m/s,3.35
2025-05-26 04:00:00,Rayonnement solaire,Rayonnement solaire,W/m²,0.0
2025-05-26 04:00:00,Direction du vent,Direction du vent,Deg,315.1
2025-05-26 04:00:00,Point de Rosée,Point de Rosée,°C,6.9
2025-05-26 04:00:00,Évapotranspiration journalière,Évapotranspiration journalière,mm/j,7.66
2025-05-26 04:00:00,Humidité relative,Humidité relative,%,58.0
2025-05-26 04:00:00,Évapotranspiration Horaire,Évapotranspiration Horaire,mm/h,0.0
2025-05-26 04:00:00,Pression atmosphérique,Pression atmosphérique,mm/j,959.9
2025-05-26 03:00:00,Humidité relative,Humidité relative,%,58.4
2025-05-26 03:00:00,Température,Température,°C,14.9
2025-05-26 03:00:00,Pression atmosphérique,Pression atmosphérique,mm/j,960.0
2025-05-26 03:00:00,Évapotranspiration Horaire,Évapotranspiration Horaire,mm/h,0.0
2025-05-26 03:00:00,Point de Rosée,Point de Rosée,°C,6.8
2025-05-26 03:00:00,Vitesse du vent,Vitesse du vent,m/s,2.12
2025-05-26 03:00:00,Évapotranspiration journalière,Évapotranspiration journalière,mm/j,7.66
2025-05-26 03:00:00,Direction du vent,Direction du vent,Deg,288.2
2025-05-26 03:00:00,Rayonnement solaire,Rayonnement solaire,W/m²,0.0
2025-05-25 11:00:00,Direction du vent,Direction du vent,Deg,353.9
2025-05-25 11:00:00,Vitesse du vent,Vitesse du vent,m/s,3.71
2025-05-25 11:00:00,Température,Température,°C,19.3
2025-05-25 11:00:00,Humidité relative,Humidité relative,%,42.2
2025-05-25 11:00:00,Point de Rosée,Point de Rosée,°C,6.1
2025-05-25 11:00:00,Rayonnement solaire,Rayonnement solaire,W/m²,901.0
2025-05-25 11:00:00,Pression atmosphérique,Pression atmosphérique,mm/j,959.1
2025-05-25 11:00:00,Évapotranspiration Horaire,Évapotranspiration Horaire,mm/h,0.0
2025-05-25 11:00:00,Évapotranspiration journalière,Évapotranspiration journalière,mm/j,4.96
2025-05-25 10:00:00,Évapotranspiration journalière,Évapotranspiration journalière,mm/j,4.96
2025-05-25 10:00:00,Évapotranspiration Horaire,Évapotranspiration Horaire,mm/h,0.0
2025-05-25 10:00:00,Pression atmosphérique,Pression atmosphérique,mm/j,958.9
2025-05-25 10:00:00,Rayonnement solaire,Rayonnement solaire,W/m²,809.0
2025-05-25 10:00:00,Point de Rosée,Point de Rosée,°C,6.4
2025-05-25 10:00:00,Humidité relative,Humidité relative,%,44.6
2025-05-25 10:00:00,Température,Température,°C,18.7
2025-05-25 10:00:00,Vitesse du vent,Vitesse du vent,m/s,6.87
2025-05-25 10:00:00,Direction du vent,Direction du vent,Deg,324.4
2025-05-25 09:00:00,Vitesse du vent,Vitesse du vent,m/s,12.26
2025-05-25 09:00:00,Direction du vent,Direction du vent,Deg,319.3
2025-05-25 09:00:00,Température,Température,°C,17.1
2025-05-25 09:00:00,Humidité relative,Humidité relative,%,51.7
2025-05-25 09:00:00,Point de Rosée,Point de Rosée,°C,7.0
2025-05-25 09:00:00,Rayonnement solaire,Rayonnement solaire,W/m²,653.0
2025-05-25 09:00:00,Pression atmosphérique,Pression atmosphérique,mm/j,958.0
2025-05-25 09:00:00,Évapotranspiration Horaire,Évapotranspiration Horaire,mm/h,0.0
2025-05-25 09:00:00,Évapotranspiration journalière,Évapotranspiration journalière,mm/j,4.96
2025-05-25 08:00:00,Point de Rosée,Point de Rosée,°C,7.0
2025-05-25 08:00:00,Humidité relative,Humidité relative,%,54.3
2025-05-25 08:00:00,Température,Température,°C,16.3
2025-05-25 08:00:00,Vitesse du vent,Vitesse du vent,m/s,10.72
2025-05-25 08:00:00,Direction du vent,Direction du vent,Deg,315.1
2025-05-25 08:00:00,Rayonnement solaire,Rayonnement solaire,W/m²,434.0
2025-05-25 08:00:00,Évapotranspiration Horaire,Évapotranspiration Horaire,mm/h,0.0
2025-05-25 08:00:00,Pression atmosphérique,Pression atmosphérique,mm/j,957.7
2025-05-25 08:00:00,Évapotranspiration journalière,Évapotranspiration journalière,mm/j,4.96
2025-05-25 07:00:00,Point de Rosée,Point de Rosée,°C,7.0
2025-05-25 07:00:00,Rayonnement solaire,Rayonnement solaire,W/m²,219.0
2025-05-25 07:00:00,Pression atmosphérique,Pression atmosphérique,mm/j,956.7
2025-05-25 07:00:00,Évapotranspiration Horaire,Évapotranspiration Horaire,mm/h,0.0
2025-05-25 07:00:00,Évapotranspiration journalière,Évapotranspiration journalière,mm/j,4.96
2025-05-25 07:00:00,Direction du vent,Direction du vent,Deg,323.5
2025-05-25 07:00:00,Vitesse du vent,Vitesse du vent,m/s,7.53
2025-05-25 07:00:00,Température,Température,°C,15.0
2025-05-25 07:00:00,Humidité relative,Humidité relative,%,58.8
2025-05-25 06:00:00,Direction du vent,Direction du vent,Deg,318.3
2025-05-25 06:00:00,Vitesse du vent,Vitesse du vent,m/s,8.0
2025-05-25 06:00:00,Température,Température,°C,14.1
2025-05-25 06:00:00,Humidité relative,Humidité relative,%,62.1
2025-05-25 06:00:00,Point de Rosée,Point de Rosée,°C,7.0
2025-05-25 06:00:00,Rayonnement solaire,Rayonnement solaire,W/m²,79.0
2025-05-25 06:00:00,Pression atmosphérique,Pression atmosphérique,mm/j,956.6
2025-05-25 06:00:00,Évapotranspiration Horaire,Évapotranspiration Horaire,mm/h,0.0
2025-05-25 06:00:00,Évapotranspiration journalière,Évapotranspiration journalière,mm/j,4.96
2025-05-25 04:00:00,Point de Rosée,Point de Rosée,°C,6.8
2025-05-25 04:00:00,Température,Température,°C,13.8
2025-05-25 04:00:00,Rayonnement solaire,Rayonnement solaire,W/m²,0.0
2025-05-25 04:00:00,Vitesse du vent,Vitesse du vent,m/s,12.47
2025-05-25 04:00:00,Pression atmosphérique,Pression atmosphérique,mm/j,955.4
2025-05-25 04:00:00,Humidité relative,Humidité relative,%,62.5
2025-05-25 04:00:00,Évapotranspiration Horaire,Évapotranspiration Horaire,mm/h,0.0
2025-05-25 04:00:00,Direction du vent,Direction du vent,Deg,311.8
2025-05-25 04:00:00,Évapotranspiration journalière,Évapotranspiration journalière,mm/j,4.96
2025-05-25 03:00:00,Direction du vent,Direction du vent,Deg,311.6
2025-05-25 03:00:00,Vitesse du vent,Vitesse du vent,m/s,10.08
2025-05-25 03:00:00,Température,Température,°C,13.9
2025-05-25 03:00:00,Humidité relative,Humidité relative,%,62.9
2025-05-25 03:00:00,Point de Rosée,Point de Rosée,°C,7.0
2025-05-25 03:00:00,Rayonnement solaire,Rayonnement solaire,W/m²,0.0
2025-05-25 03:00:00,Pression atmosphérique,Pression atmosphérique,mm/j,955.4
2025-05-25 03:00:00,Évapotranspiration Horaire,Évapotranspiration Horaire,mm/h,0.0
2025-05-25 03:00:00,Évapotranspiration journalière,Évapotranspiration journalière,mm/j,4.96
2025-05-25 02:00:00,Rayonnement solaire,Rayonnement solaire,W/m²,0.0
2025-05-25 02:00:00,Pression atmosphérique,Pression atmosphérique,mm/j,956.0
2025-05-25 02:00:00,Point de Rosée,Point de Rosée,°C,6.4
2025-05-25 02:00:00,Vitesse du vent,Vitesse du vent,m/s,11.36
2025-05-25 02:00:00,Température,Température,°C,13.6
2025-05-25 02:00:00,Humidité relative,Humidité relative,%,61.8
2025-05-25 02:00:00,Évapotranspiration Horaire,Évapotranspiration Horaire,mm/h,0.0
2025-05-25 02:00:00,Direction du vent,Direction du vent,Deg,303.4
2025-05-25 02:00:00,Évapotranspiration journalière,Évapotranspiration journalière,mm/j,4.96
2025-05-25 01:00:00,Rayonnement solaire,Rayonnement solaire,W/m²,0.0
2025-05-25 01:00:00,Vitesse du vent,Vitesse du vent,m/s,11.99
2025-05-25 01:00:00,Température,Température,°C,13.8
2025-05-25 01:00:00,Humidité relative,Humidité relative,%,61.6
2025-05-25 01:00:00,Point de Rosée,Point de Rosée,°C,6.5
2025-05-25 01:00:00,Direction du vent,Direction du vent,Deg,322.7
2025-05-25 01:00:00,Pression atmosphérique,Pression atmosphérique,mm/j,955.7
2025-05-25 01:00:00,Évapotranspiration Horaire,Évapotranspiration Horaire,mm/h,0.0
2025-05-25 01:00:00,Évapotranspiration journalière,Évapotranspiration journalière,mm/j,4.96
2025-05-25 00:00:00,Vitesse du vent,Vitesse du vent,m/s,14.32
2025-05-25 00:00:00,Point de Rosée,Point de Rosée,°C,6.9
2025-05-25 00:00:00,Rayonnement solaire,Rayonnement solaire,W/m²,0.0
2025-05-25 00:00:00,Direction du vent,Direction du vent,Deg,304.7
2025-05-25 00:00:00,Pression atmosphérique,Pression atmosphérique,mm/j,954.9
2025-05-25 00:00:00,Température,Température,°C,14.1
2025-05-25 00:00:00,Évapotranspiration Horaire,Évapotranspiration Horaire,mm/h,0.0
2025-05-25 00:00:00,Humidité relative,Humidité relative,%,61.7
2025-05-25 00:00:00,Évapotranspiration journalière,Évapotranspiration journalière,mm/j,6.32
2025-05-24 23:00:00,Température,Température,°C,14.3
2025-05-24 23:00:00,Point de Rosée,Point de Rosée,°C,7.5
2025-05-24 23:00:00,Humidité relative,Humidité relative,%,63.7
2025-05-24 23:00:00,Vitesse du vent,Vitesse du vent,m/s,8.86
2025-05-24 23:00:00,Direction du vent,Direction du vent,Deg,309.4
2025-05-24 23:00:00,Rayonnement solaire,Rayonnement solaire,W/m²,0.0
2025-05-24 23:00:00,Pression atmosphérique,Pression atmosphérique,mm/j,955.0
2025-05-24 23:00:00,Évapotranspiration Horaire,Évapotranspiration Horaire,mm/h,0.0
2025-05-24 23:00:00,Évapotranspiration journalière,Évapotranspiration journalière,mm/j,6.32
2025-05-24 22:00:00,Évapotranspiration Horaire,Évapotranspiration Horaire,mm/h,0.0
2025-05-24 22:00:00,Direction du vent,Direction du vent,Deg,315.7
2025-05-24 22:00:00,Vitesse du vent,Vitesse du vent,m/s,11.95
2025-05-24 22:00:00,Température,Température,°C,14.8
2025-05-24 22:00:00,Humidité relative,Humidité relative,%,62.5
2025-05-24 22:00:00,Point de Rosée,Point de Rosée,°C,7.7
2025-05-24 22:00:00,Rayonnement solaire,Rayonnement solaire,W/m²,0.0
2025-05-24 22:00:00,Pression atmosphérique,Pression atmosphérique,mm/j,954.9
2025-05-24 22:00:00,Évapotranspiration journalière,Évapotranspiration journalière,mm/j,6.32
2025-05-24 21:00:00,Point de Rosée,Point de Rosée,°C,7.3
2025-05-24 21:00:00,Vitesse du vent,Vitesse du vent,m/s,7.44
2025-05-24 21:00:00,Température,Température,°C,15.3
2025-05-24 21:00:00,Humidité relative,Humidité relative,%,59.1
2025-05-24 21:00:00,Évapotranspiration journalière,Évapotranspiration journalière,mm/j,6.32
2025-05-24 21:00:00,Pression atmosphérique,Pression atmosphérique,mm/j,954.8
2025-05-24 21:00:00,Direction du vent,Direction du vent,Deg,308.6
2025-05-24 21:00:00,Évapotranspiration Horaire,Évapotranspiration Horaire,mm/h,0.0
2025-05-24 21:00:00,Rayonnement solaire,Rayonnement solaire,W/m²,0.0
2025-05-24 20:00:00,Humidité relative,Humidité relative,%,51.5
2025-05-24 20:00:00,Pression atmosphérique,Pression atmosphérique,mm/j,954.6
2025-05-24 20:00:00,Rayonnement solaire,Rayonnement solaire,W/m²,0.0
2025-05-24 20:00:00,Direction du vent,Direction du vent,Deg,324.1
2025-05-24 20:00:00,Température,Température,°C,15.9
2025-05-24 20:00:00,Évapotranspiration journalière,Évapotranspiration journalière,mm/j,6.32
2025-05-24 20:00:00,Vitesse du vent,Vitesse du vent,m/s,3.7
2025-05-24 20:00:00,Évapotranspiration Horaire,Évapotranspiration Horaire,mm/h,0.0
2025-05-24 20:00:00,Point de Rosée,Point de Rosée,°C,5.9
2025-05-24 19:00:00,Température,Température,°C,16.7
2025-05-24 19:00:00,Vitesse du vent,Vitesse du vent,m/s,11.74
2025-05-24 19:00:00,Pression atmosphérique,Pression atmosphérique,mm/j,953.7
2025-05-24 19:00:00,Évapotranspiration journalière,Évapotranspiration journalière,mm/j,6.32
2025-05-24 19:00:00,Point de Rosée,Point de Rosée,°C,4.4
2025-05-24 19:00:00,Évapotranspiration Horaire,Évapotranspiration Horaire,mm/h,0.0
2025-05-24 19:00:00,Direction du vent,Direction du vent,Deg,331.2
2025-05-24 19:00:00,Humidité relative,Humidité relative,%,44.2
2025-05-24 19:00:00,Rayonnement solaire,Rayonnement solaire,W/m²,18.0
2025-05-24 17:00:00,Vitesse du vent,Vitesse du vent,m/s,10.02
2025-05-24 17:00:00,Évapotranspiration journalière,Évapotranspiration journalière,mm/j,6.32
2025-05-24 17:00:00,Évapotranspiration Horaire,Évapotranspiration Horaire,mm/h,0.0
2025-05-24 17:00:00,Pression atmosphérique,Pression atmosphérique,mm/j,952.7
2025-05-24 17:00:00,Rayonnement solaire,Rayonnement solaire,W/m²,192.0
2025-05-24 17:00:00,Point de Rosée,Point de Rosée,°C,7.8
2025-05-24 17:00:00,Humidité relative,Humidité relative,%,53.5
2025-05-24 17:00:00,Température,Température,°C,17.3
2025-05-24 17:00:00,Direction du vent,Direction du vent,Deg,306.2
2025-05-24 16:00:00,Évapotranspiration Horaire,Évapotranspiration Horaire,mm/h,0.0
2025-05-24 16:00:00,Humidité relative,Humidité relative,%,50.2
2025-05-24 16:00:00,Rayonnement solaire,Rayonnement solaire,W/m²,96.0
2025-05-24 16:00:00,Température,Température,°C,17.1
2025-05-24 16:00:00,Évapotranspiration journalière,Évapotranspiration journalière,mm/j,6.32
2025-05-24 16:00:00,Vitesse du vent,Vitesse du vent,m/s,9.79
2025-05-24 16:00:00,Pression atmosphérique,Pression atmosphérique,mm/j,952.7
2025-05-24 16:00:00,Direction du vent,Direction du vent,Deg,315.3
2025-05-24 16:00:00,Point de Rosée,Point de Rosée,°C,6.7
2025-05-24 15:00:00,Température,Température,°C,17.1
2025-05-24 15:00:00,Évapotranspiration journalière,Évapotranspiration journalière,mm/j,6.32
2025-05-24 15:00:00,Évapotranspiration Horaire,Évapotranspiration Horaire,mm/h,0.0
2025-05-24 15:00:00,Pression atmosphérique,Pression atmosphérique,mm/j,952.1
2025-05-24 15:00:00,Rayonnement solaire,Rayonnement solaire,W/m²,138.0
2025-05-24 15:00:00,Point de Rosée,Point de Rosée,°C,8.3
2025-05-24 15:00:00,Humidité relative,Humidité relative,%,56.2
2025-05-24 15:00:00,Vitesse du vent,Vitesse du vent,m/s,12.11
2025-05-24 15:00:00,Direction du vent,Direction du vent,Deg,323.7
2025-05-24 14:00:00,Évapotranspiration journalière,Évapotranspiration journalière,mm/j,6.32
2025-05-24 14:00:00,Direction du vent,Direction du vent,Deg,297.4
2025-05-24 14:00:00,Vitesse du vent,Vitesse du vent,m/s,12.67
2025-05-24 14:00:00,Température,Température,°C,16.8
2025-05-24 14:00:00,Humidité relative,Humidité relative,%,58.9
2025-05-24 14:00:00,Point de Rosée,Point de Rosée,°C,8.7
2025-05-24 14:00:00,Rayonnement solaire,Rayonnement solaire,W/m²,221.0
2025-05-24 14:00:00,Pression atmosphérique,Pression atmosphérique,mm/j,952.1
2025-05-24 14:00:00,Évapotranspiration Horaire,Évapotranspiration Horaire,mm/h,0.0
2025-05-24 13:00:00,Pression atmosphérique,Pression atmosphérique,mm/j,951.7
2025-05-24 13:00:00,Direction du vent,Direction du vent,Deg,316.2
2025-05-24 13:00:00,Vitesse du vent,Vitesse du vent,m/s,10.95
2025-05-24 13:00:00,Température,Température,°C,18.8
2025-05-24 13:00:00,Humidité relative,Humidité relative,%,50.0
2025-05-24 13:00:00,Point de Rosée,Point de Rosée,°C,8.1
2025-05-24 13:00:00,Rayonnement solaire,Rayonnement solaire,W/m²,412.0
2025-05-24 13:00:00,Évapotranspiration Horaire,Évapotranspiration Horaire,mm/h,0.0
2025-05-24 13:00:00,Évapotranspiration journalière,Évapotranspiration journalière,mm/j,6.32
2025-05-24 12:00:00,Direction du vent,Direction du vent,Deg,296.4
2025-05-24 12:00:00,Évapotranspiration Horaire,Évapotranspiration Horaire,mm/h,0.0
2025-05-24 12:00:00,Pression atmosphérique,Pression atmosphérique,mm/j,951.5
2025-05-24 12:00:00,Évapotranspiration journalière,Évapotranspiration journalière,mm/j,6.32
2025-05-24 12:00:00,Rayonnement solaire,Rayonnement solaire,W/m²,630.0
2025-05-24 12:00:00,Point de Rosée,Point de Rosée,°C,7.7
2025-05-24 12:00:00,Humidité relative,Humidité relative,%,49.2
2025-05-24 12:00:00,Température,Température,°C,18.6
2025-05-24 12:00:00,Vitesse du vent,Vitesse du vent,m/s,14.19
2025-05-24 11:00:00,Température,Température,°C,17.3
2025-05-24 11:00:00,Évapotranspiration Horaire,Évapotranspiration Horaire,mm/h,0.0
2025-05-24 11:00:00,Point de Rosée,Point de Rosée,°C,8.0
2025-05-24 11:00:00,Direction du vent,Direction du vent,Deg,313.6
2025-05-24 11:00:00,Pression atmosphérique,Pression atmosphérique,mm/j,951.5
2025-05-24 11:00:00,Évapotranspiration journalière,Évapotranspiration journalière,mm/j,6.32
2025-05-24 11:00:00,Humidité relative,Humidité relative,%,54.5
2025-05-24 11:00:00,Vitesse du vent,Vitesse du vent,m/s,13.94
2025-05-24 11:00:00,Rayonnement solaire,Rayonnement solaire,W/m²,445.0
2025-05-24 10:00:00,Point de Rosée,Point de Rosée,°C,7.8
2025-05-24 10:00:00,Évapotranspiration journalière,Évapotranspiration journalière,mm/j,6.32
2025-05-24 10:00:00,Évapotranspiration Horaire,Évapotranspiration Horaire,mm/h,0.0
2025-05-24 10:00:00,Pression atmosphérique,Pression atmosphérique,mm/j,952.9
2025-05-24 10:00:00,Rayonnement solaire,Rayonnement solaire,W/m²,228.0
2025-05-24 10:00:00,Humidité relative,Humidité relative,%,58.9
2025-05-24 10:00:00,Température,Température,°C,15.8
2025-05-24 10:00:00,Vitesse du vent,Vitesse du vent,m/s,2.23
2025-05-24 10:00:00,Direction du vent,Direction du vent,Deg,308.1
2025-05-24 09:00:00,Direction du vent,Direction du vent,Deg,315.7
2025-05-24 09:00:00,Point de Rosée,Point de Rosée,°C,8.0
2025-05-24 09:00:00,Humidité relative,Humidité relative,%,64.8
2025-05-24 09:00:00,Température,Température,°C,14.6
2025-05-24 09:00:00,Vitesse du vent,Vitesse du vent,m/s,6.65
2025-05-24 09:00:00,Évapotranspiration journalière,Évapotranspiration journalière,mm/j,6.32
2025-05-24 09:00:00,Évapotranspiration Horaire,Évapotranspiration Horaire,mm/h,0.0
2025-05-24 09:00:00,Pression atmosphérique,Pression atmosphérique,mm/j,952.4
2025-05-24 09:00:00,Rayonnement solaire,Rayonnement solaire,W/m²,97.0
2025-05-24 08:00:00,Évapotranspiration journalière,Évapotranspiration journalière,mm/j,6.32
2025-05-24 08:00:00,Point de Rosée,Point de Rosée,°C,8.0
2025-05-24 08:00:00,Vitesse du vent,Vitesse du vent,m/s,5.95
2025-05-24 08:00:00,Rayonnement solaire,Rayonnement solaire,W/m²,145.0
2025-05-24 08:00:00,Évapotranspiration Horaire,Évapotranspiration Horaire,mm/h,0.0
2025-05-24 08:00:00,Direction du vent,Direction du vent,Deg,356.7
2025-05-24 08:00:00,Température,Température,°C,14.3
2025-05-24 08:00:00,Humidité relative,Humidité relative,%,65.6
2025-05-24 08:00:00,Pression atmosphérique,Pression atmosphérique,mm/j,952.6
2025-05-24 07:00:00,Température,Température,°C,13.8
2025-05-24 07:00:00,Évapotranspiration journalière,Évapotranspiration journalière,mm/j,6.32
2025-05-24 07:00:00,Point de Rosée,Point de Rosée,°C,7.9
2025-05-24 07:00:00,Humidité relative,Humidité relative,%,67.5
2025-05-24 07:00:00,Évapotranspiration Horaire,Évapotranspiration Horaire,mm/h,0.0
2025-05-24 07:00:00,Pression atmosphérique,Pression atmosphérique,mm/j,952.5
2025-05-24 07:00:00,Vitesse du vent,Vitesse du vent,m/s,2.72
2025-05-24 07:00:00,Rayonnement solaire,Rayonnement solaire,W/m²,35.0
2025-05-24 07:00:00,Direction du vent,Direction du vent,Deg,340.9
2025-05-24 06:00:00,Évapotranspiration Horaire,Évapotranspiration Horaire,mm/h,0.0
2025-05-24 06:00:00,Humidité relative,Humidité relative,%,67.3
2025-05-24 06:00:00,Rayonnement solaire,Rayonnement solaire,W/m²,0.0
2025-05-24 06:00:00,Température,Température,°C,13.8
2025-05-24 06:00:00,Pression atmosphérique,Pression atmosphérique,mm/j,952.3
2025-05-24 06:00:00,Vitesse du vent,Vitesse du vent,m/s,7.3
2025-05-24 06:00:00,Point de Rosée,Point de Rosée,°C,7.9
2025-05-24 06:00:00,Direction du vent,Direction du vent,Deg,335.0
2025-05-24 06:00:00,Évapotranspiration journalière,Évapotranspiration journalière,mm/j,6.32
2025-05-24 05:00:00,Direction du vent,Direction du vent,Deg,127.6
2025-05-24 05:00:00,Évapotranspiration journalière,Évapotranspiration journalière,mm/j,6.32
2025-05-24 05:00:00,Évapotranspiration Horaire,Évapotranspiration Horaire,mm/h,0.0
2025-05-24 05:00:00,Pression atmosphérique,Pression atmosphérique,mm/j,951.7
2025-05-24 05:00:00,Rayonnement solaire,Rayonnement solaire,W/m²,0.0
2025-05-24 05:00:00,Point de Rosée,Point de Rosée,°C,6.7
2025-05-24 05:00:00,Humidité relative,Humidité relative,%,60.3
2025-05-24 05:00:00,Température,Température,°C,14.3
2025-05-24 05:00:00,Vitesse du vent,Vitesse du vent,m/s,1.71
2025-05-24 04:00:00,Évapotranspiration journalière,Évapotranspiration journalière,mm/j,6.32
2025-05-24 04:00:00,Évapotranspiration Horaire,Évapotranspiration Horaire,mm/h,0.0
2025-05-24 04:00:00,Pression atmosphérique,Pression atmosphérique,mm/j,951.0
2025-05-24 04:00:00,Rayonnement solaire,Rayonnement solaire,W/m²,0.0
2025-05-24 04:00:00,Point de Rosée,Point de Rosée,°C,7.6
2025-05-24 04:00:00,Humidité relative,Humidité relative,%,65.8
2025-05-24 04:00:00,Température,Température,°C,13.9
2025-05-24 04:00:00,Vitesse du vent,Vitesse du vent,m/s,9.23
2025-05-24 04:00:00,Direction du vent,Direction du vent,Deg,328.7
2025-05-24 03:00:00,Point de Rosée,Point de Rosée,°C,7.8
2025-05-24 03:00:00,Évapotranspiration journalière,Évapotranspiration journalière,mm/j,6.32
2025-05-24 03:00:00,Direction du vent,Direction du vent,Deg,340.9
2025-05-24 03:00:00,Évapotranspiration Horaire,Évapotranspiration Horaire,mm/h,0.0
2025-05-24 03:00:00,Humidité relative,Humidité relative,%,67.7
2025-05-24 03:00:00,Pression atmosphérique,Pression atmosphérique,mm/j,951.1
2025-05-24 03:00:00,Vitesse du vent,Vitesse du vent,m/s,4.1
2025-05-24 03:00:00,Rayonnement solaire,Rayonnement solaire,W/m²,0.0
2025-05-24 03:00:00,Température,Température,°C,13.7
2025-05-24 02:00:00,Évapotranspiration journalière,Évapotranspiration journalière,mm/j,6.32
2025-05-24 02:00:00,Évapotranspiration Horaire,Évapotranspiration Horaire,mm/h,0.0
2025-05-24 02:00:00,Pression atmosphérique,Pression atmosphérique,mm/j,951.7
2025-05-24 02:00:00,Rayonnement solaire,Rayonnement solaire,W/m²,0.0
2025-05-24 02:00:00,Point de Rosée,Point de Rosée,°C,8.2
2025-05-24 02:00:00,Humidité relative,Humidité relative,%,65.0
2025-05-24 02:00:00,Température,Température,°C,14.7
2025-05-24 02:00:00,Vitesse du vent,Vitesse du vent,m/s,6.37
2025-05-24 02:00:00,Direction du vent,Direction du vent,Deg,22.5
2025-05-24 01:00:00,Évapotranspiration journalière,Évapotranspiration journalière,mm/j,6.32
2025-05-24 01:00:00,Température,Température,°C,15.3
2025-05-24 01:00:00,Rayonnement solaire,Rayonnement solaire,W/m²,0.0
2025-05-24 01:00:00,Vitesse du vent,Vitesse du vent,m/s,1.6
2025-05-24 01:00:00,Évapotranspiration Horaire,Évapotranspiration Horaire,mm/h,0.0
2025-05-24 01:00:00,Pression atmosphérique,Pression atmosphérique,mm/j,952.6
2025-05-24 01:00:00,Direction du vent,Direction du vent,Deg,349.1
2025-05-24 01:00:00,Point de Rosée,Point de Rosée,°C,9.7
2025-05-24 01:00:00,Humidité relative,Humidité relative,%,69.1
2025-05-24 00:00:00,Point de Rosée,Point de Rosée,°C,9.8
2025-05-24 00:00:00,Humidité relative,Humidité relative,%,65.6
2025-05-24 00:00:00,Température,Température,°C,16.2
2025-05-24 00:00:00,Vitesse du vent,Vitesse du vent,m/s,2.31
2025-05-24 00:00:00,Direction du vent,Direction du vent,Deg,9.9
2025-05-24 00:00:00,Évapotranspiration journalière,Évapotranspiration journalière,mm/j,4.45
2025-05-24 00:00:00,Évapotranspiration Horaire,Évapotranspiration Horaire,mm/h,0.0
2025-05-24 00:00:00,Pression atmosphérique,Pression atmosphérique,mm/j,952.9
2025-05-24 00:00:00,Rayonnement solaire,Rayonnement solaire,W/m²,0.0
2025-05-23 23:00:00,Température,Température,°C,16.9
2025-05-23 23:00:00,Évapotranspiration journalière,Évapotranspiration journalière,mm/j,4.45
2025-05-23 23:00:00,Évapotranspiration Horaire,Évapotranspiration Horaire,mm/h,0.0
2025-05-23 23:00:00,Pression atmosphérique,Pression atmosphérique,mm/j,953.8
2025-05-23 23:00:00,Rayonnement solaire,Rayonnement solaire,W/m²,0.0
2025-05-23 23:00:00,Point de Rosée,Point de Rosée,°C,9.0
2025-05-23 23:00:00,Humidité relative,Humidité relative,%,59.8
2025-05-23 23:00:00,Vitesse du vent,Vitesse du vent,m/s,4.2
2025-05-23 23:00:00,Direction du vent,Direction du vent,Deg,326.5
2025-05-23 22:00:00,Évapotranspiration Horaire,Évapotranspiration Horaire,mm/h,0.0
2025-05-23 22:00:00,Humidité relative,Humidité relative,%,58.7
2025-05-23 22:00:00,Rayonnement solaire,Rayonnement solaire,W/m²,0.0
2025-05-23 22:00:00,Température,Température,°C,17.3
2025-05-23 22:00:00,Pression atmosphérique,Pression atmosphérique,mm/j,953.0
2025-05-23 22:00:00,Vitesse du vent,Vitesse du vent,m/s,6.22
2025-05-23 22:00:00,Point de Rosée,Point de Rosée,°C,9.1
2025-05-23 22:00:00,Direction du vent,Direction du vent,Deg,8.0
2025-05-23 22:00:00,Évapotranspiration journalière,Évapotranspiration journalière,mm/j,4.45
2025-05-23 21:00:00,Direction du vent,Direction du vent,Deg,359.8
2025-05-23 21:00:00,Évapotranspiration journalière,Évapotranspiration journalière,mm/j,4.45
2025-05-23 21:00:00,Évapotranspiration Horaire,Évapotranspiration Horaire,mm/h,0.0
2025-05-23 21:00:00,Pression atmosphérique,Pression atmosphérique,mm/j,952.5
2025-05-23 21:00:00,Rayonnement solaire,Rayonnement solaire,W/m²,0.0
2025-05-23 21:00:00,Point de Rosée,Point de Rosée,°C,9.4
2025-05-23 21:00:00,Humidité relative,Humidité relative,%,58.3
2025-05-23 21:00:00,Température,Température,°C,17.7
2025-05-23 21:00:00,Vitesse du vent,Vitesse du vent,m/s,6.33
2025-05-23 20:00:00,Évapotranspiration journalière,Évapotranspiration journalière,mm/j,4.45
2025-05-23 20:00:00,Évapotranspiration Horaire,Évapotranspiration Horaire,mm/h,0.0
2025-05-23 20:00:00,Pression atmosphérique,Pression atmosphérique,mm/j,952.3
2025-05-23 20:00:00,Rayonnement solaire,Rayonnement solaire,W/m²,0.0
2025-05-23 20:00:00,Point de Rosée,Point de Rosée,°C,10.7
2025-05-23 20:00:00,Humidité relative,Humidité relative,%,61.9
2025-05-23 20:00:00,Température,Température,°C,18.1
2025-05-23 20:00:00,Vitesse du vent,Vitesse du vent,m/s,9.35
2025-05-23 20:00:00,Direction du vent,Direction du vent,Deg,320.8
2025-05-23 19:00:00,Évapotranspiration Horaire,Évapotranspiration Horaire,mm/h,0.0
2025-05-23 19:00:00,Rayonnement solaire,Rayonnement solaire,W/m²,28.0
2025-05-23 19:00:00,Évapotranspiration journalière,Évapotranspiration journalière,mm/j,4.45
2025-05-23 19:00:00,Humidité relative,Humidité relative,%,55.6
2025-05-23 19:00:00,Vitesse du vent,Vitesse du vent,m/s,8.92
2025-05-23 19:00:00,Pression atmosphérique,Pression atmosphérique,mm/j,951.6
2025-05-23 19:00:00,Direction du vent,Direction du vent,Deg,319.4
2025-05-23 19:00:00,Température,Température,°C,19.3
2025-05-23 19:00:00,Point de Rosée,Point de Rosée,°C,10.2
2025-05-23 18:00:00,Point de Rosée,Point de Rosée,°C,10.7
2025-05-23 18:00:00,Humidité relative,Humidité relative,%,56.0
2025-05-23 18:00:00,Température,Température,°C,19.7
2025-05-23 18:00:00,Vitesse du vent,Vitesse du vent,m/s,8.31
2025-05-23 18:00:00,Direction du vent,Direction du vent,Deg,304.8
2025-05-23 18:00:00,Évapotranspiration journalière,Évapotranspiration journalière,mm/j,4.45
2025-05-23 18:00:00,Évapotranspiration Horaire,Évapotranspiration Horaire,mm/h,0.0
2025-05-23 18:00:00,Pression atmosphérique,Pression atmosphérique,mm/j,951.2
2025-05-23 18:00:00,Rayonnement solaire,Rayonnement solaire,W/m²,64.0
2025-05-23 17:00:00,Point de Rosée,Point de Rosée,°C,10.3
2025-05-23 17:00:00,Évapotranspiration journalière,Évapotranspiration journalière,mm/j,4.45
2025-05-23 17:00:00,Évapotranspiration Horaire,Évapotranspiration Horaire,mm/h,0.0
2025-05-23 17:00:00,Pression atmosphérique,Pression atmosphérique,mm/j,950.7
2025-05-23 17:00:00,Rayonnement solaire,Rayonnement solaire,W/m²,80.0
2025-05-23 17:00:00,Humidité relative,Humidité relative,%,51.4
2025-05-23 17:00:00,Température,Température,°C,20.7
2025-05-23 17:00:00,Vitesse du vent,Vitesse du vent,m/s,9.12
2025-05-23 17:00:00,Direction du vent,Direction du vent,Deg,314.8
2025-05-23 16:00:00,Évapotranspiration journalière,Évapotranspiration journalière,mm/j,4.45
2025-05-23 16:00:00,Point de Rosée,Point de Rosée,°C,10.7
2025-05-23 16:00:00,Direction du vent,Direction du vent,Deg,325.7
2025-05-23 16:00:00,Humidité relative,Humidité relative,%,48.8
2025-05-23 16:00:00,Évapotranspiration Horaire,Évapotranspiration Horaire,mm/h,0.0
2025-05-23 16:00:00,Rayonnement solaire,Rayonnement solaire,W/m²,116.0
2025-05-23 16:00:00,Vitesse du vent,Vitesse du vent,m/s,7.29
2025-05-23 16:00:00,Température,Température,°C,22.0
2025-05-23 16:00:00,Pression atmosphérique,Pression atmosphérique,mm/j,951.3
2025-05-23 15:00:00,Température,Température,°C,23.1
2025-05-23 15:00:00,Évapotranspiration journalière,Évapotranspiration journalière,mm/j,4.45
2025-05-23 15:00:00,Évapotranspiration Horaire,Évapotranspiration Horaire,mm/h,0.0
2025-05-23 15:00:00,Pression atmosphérique,Pression atmosphérique,mm/j,950.6
2025-05-23 15:00:00,Rayonnement solaire,Rayonnement solaire,W/m²,726.0
2025-05-23 15:00:00,Point de Rosée,Point de Rosée,°C,10.9
2025-05-23 15:00:00,Humidité relative,Humidité relative,%,46.0
2025-05-23 15:00:00,Vitesse du vent,Vitesse du vent,m/s,7.46
2025-05-23 15:00:00,Direction du vent,Direction du vent,Deg,328.0
2025-05-23 14:00:00,Évapotranspiration Horaire,Évapotranspiration Horaire,mm/h,0.0
2025-05-23 14:00:00,Humidité relative,Humidité relative,%,44.4
2025-05-23 14:00:00,Évapotranspiration journalière,Évapotranspiration journalière,mm/j,4.45
2025-05-23 14:00:00,Température,Température,°C,23.3
2025-05-23 14:00:00,Rayonnement solaire,Rayonnement solaire,W/m²,832.0
2025-05-23 14:00:00,Vitesse du vent,Vitesse du vent,m/s,10.7
2025-05-23 14:00:00,Point de Rosée,Point de Rosée,°C,10.5
2025-05-23 14:00:00,Direction du vent,Direction du vent,Deg,318.4
2025-05-23 14:00:00,Pression atmosphérique,Pression atmosphérique,mm/j,950.5
2025-05-23 13:00:00,Direction du vent,Direction du vent,Deg,295.9
2025-05-23 13:00:00,Pression atmosphérique,Pression atmosphérique,mm/j,950.2
2025-05-23 13:00:00,Évapotranspiration Horaire,Évapotranspiration Horaire,mm/h,0.0
2025-05-23 13:00:00,Rayonnement solaire,Rayonnement solaire,W/m²,883.0
2025-05-23 13:00:00,Évapotranspiration journalière,Évapotranspiration journalière,mm/j,4.45
2025-05-23 13:00:00,Point de Rosée,Point de Rosée,°C,10.3
2025-05-23 13:00:00,Humidité relative,Humidité relative,%,44.4
2025-05-23 13:00:00,Température,Température,°C,23.1
2025-05-23 13:00:00,Vitesse du vent,Vitesse du vent,m/s,9.59
2025-05-23 12:00:00,Direction du vent,Direction du vent,Deg,305.7
2025-05-23 12:00:00,Évapotranspiration journalière,Évapotranspiration journalière,mm/j,4.45
2025-05-23 12:00:00,Évapotranspiration Horaire,Évapotranspiration Horaire,mm/h,0.0
2025-05-23 12:00:00,Pression atmosphérique,Pression atmosphérique,mm/j,950.4
2025-05-23 12:00:00,Rayonnement solaire,Rayonnement solaire,W/m²,894.0
2025-05-23 12:00:00,Point de Rosée,Point de Rosée,°C,9.8
2025-05-23 12:00:00,Humidité relative,Humidité relative,%,43.5
2025-05-23 12:00:00,Température,Température,°C,22.9
2025-05-23 12:00:00,Vitesse du vent,Vitesse du vent,m/s,7.52
2025-05-23 11:00:00,Température,Température,°C,22.6
2025-05-23 11:00:00,Humidité relative,Humidité relative,%,45.5
2025-05-23 11:00:00,Vitesse du vent,Vitesse du vent,m/s,6.22
2025-05-23 11:00:00,Évapotranspiration Horaire,Évapotranspiration Horaire,mm/h,0.0
2025-05-23 11:00:00,Évapotranspiration journalière,Évapotranspiration journalière,mm/j,4.45
2025-05-23 11:00:00,Pression atmosphérique,Pression atmosphérique,mm/j,950.9
2025-05-23 11:00:00,Direction du vent,Direction du vent,Deg,303.0
2025-05-23 11:00:00,Rayonnement solaire,Rayonnement solaire,W/m²,863.0
2025-05-23 11:00:00,Point de Rosée,Point de Rosée,°C,10.2
2025-05-23 10:00:00,Température,Température,°C,21.3
2025-05-23 10:00:00,Rayonnement solaire,Rayonnement solaire,W/m²,790.0
2025-05-23 10:00:00,Humidité relative,Humidité relative,%,49.7
2025-05-23 10:00:00,Point de Rosée,Point de Rosée,°C,10.3
2025-05-23 10:00:00,Évapotranspiration journalière,Évapotranspiration journalière,mm/j,4.45
2025-05-23 10:00:00,Direction du vent,Direction du vent,Deg,320.8
2025-05-23 10:00:00,Évapotranspiration Horaire,Évapotranspiration Horaire,mm/h,0.0
2025-05-23 10:00:00,Vitesse du vent,Vitesse du vent,m/s,5.57
2025-05-23 10:00:00,Pression atmosphérique,Pression atmosphérique,mm/j,950.7
2025-05-23 09:00:00,Point de Rosée,Point de Rosée,°C,11.0
2025-05-23 09:00:00,Évapotranspiration journalière,Évapotranspiration journalière,mm/j,4.45
2025-05-23 09:00:00,Évapotranspiration Horaire,Évapotranspiration Horaire,mm/h,0.0
2025-05-23 09:00:00,Pression atmosphérique,Pression atmosphérique,mm/j,950.9
2025-05-23 09:00:00,Rayonnement solaire,Rayonnement solaire,W/m²,622.0
2025-05-23 09:00:00,Humidité relative,Humidité relative,%,56.0
2025-05-23 09:00:00,Température,Température,°C,20.0
2025-05-23 09:00:00,Vitesse du vent,Vitesse du vent,m/s,7.61
2025-05-23 09:00:00,Direction du vent,Direction du vent,Deg,310.8
2025-05-23 08:00:00,Évapotranspiration Horaire,Évapotranspiration Horaire,mm/h,0.0
2025-05-23 08:00:00,Humidité relative,Humidité relative,%,61.5
2025-05-23 08:00:00,Rayonnement solaire,Rayonnement solaire,W/m²,405.0
2025-05-23 08:00:00,Température,Température,°C,18.1
2025-05-23 08:00:00,Pression atmosphérique,Pression atmosphérique,mm/j,950.9
2025-05-23 08:00:00,Vitesse du vent,Vitesse du vent,m/s,11.58
2025-05-23 08:00:00,Point de Rosée,Point de Rosée,°C,10.6
2025-05-23 08:00:00,Direction du vent,Direction du vent,Deg,309.8
2025-05-23 08:00:00,Évapotranspiration journalière,Évapotranspiration journalière,mm/j,4.45
2025-05-23 07:00:00,Direction du vent,Direction du vent,Deg,324.1
2025-05-23 07:00:00,Évapotranspiration journalière,Évapotranspiration journalière,mm/j,4.45
2025-05-23 07:00:00,Évapotranspiration Horaire,Évapotranspiration Horaire,mm/h,0.0
2025-05-23 07:00:00,Pression atmosphérique,Pression atmosphérique,mm/j,950.9
2025-05-23 07:00:00,Rayonnement solaire,Rayonnement solaire,W/m²,195.0
2025-05-23 07:00:00,Point de Rosée,Point de Rosée,°C,10.9
2025-05-23 07:00:00,Humidité relative,Humidité relative,%,67.6
2025-05-23 07:00:00,Température,Température,°C,16.9
2025-05-23 07:00:00,Vitesse du vent,Vitesse du vent,m/s,8.3
2025-05-23 06:00:00,Évapotranspiration journalière,Évapotranspiration journalière,mm/j,4.45
2025-05-23 06:00:00,Évapotranspiration Horaire,Évapotranspiration Horaire,mm/h,0.0
2025-05-23 06:00:00,Pression atmosphérique,Pression atmosphérique,mm/j,951.0
2025-05-23 06:00:00,Rayonnement solaire,Rayonnement solaire,W/m²,59.0
2025-05-23 06:00:00,Point de Rosée,Point de Rosée,°C,11.3
2025-05-23 06:00:00,Humidité relative,Humidité relative,%,74.0
2025-05-23 06:00:00,Température,Température,°C,16.0
2025-05-23 06:00:00,Vitesse du vent,Vitesse du vent,m/s,11.94
2025-05-23 06:00:00,Direction du vent,Direction du vent,Deg,309.2
2025-05-23 05:00:00,Point de Rosée,Point de Rosée,°C,11.3
2025-05-23 05:00:00,Évapotranspiration journalière,Évapotranspiration journalière,mm/j,4.45
2025-05-23 05:00:00,Direction du vent,Direction du vent,Deg,312.7
2025-05-23 05:00:00,Évapotranspiration Horaire,Évapotranspiration Horaire,mm/h,0.0
2025-05-23 05:00:00,Humidité relative,Humidité relative,%,71.5
2025-05-23 05:00:00,Pression atmosphérique,Pression atmosphérique,mm/j,950.7
2025-05-23 05:00:00,Vitesse du vent,Vitesse du vent,m/s,9.47
2025-05-23 05:00:00,Rayonnement solaire,Rayonnement solaire,W/m²,0.0
2025-05-23 05:00:00,Température,Température,°C,16.5
2025-05-22 08:00:00,Évapotranspiration journalière,Évapotranspiration journalière,mm/j,6.01
2025-05-22 08:00:00,Évapotranspiration Horaire,Évapotranspiration Horaire,mm/h,0.0
2025-05-22 08:00:00,Pression atmosphérique,Pression atmosphérique,mm/j,954.6
2025-05-22 08:00:00,Rayonnement solaire,Rayonnement solaire,W/m²,185.0
2025-05-22 08:00:00,Point de Rosée,Point de Rosée,°C,12.6
2025-05-22 08:00:00,Humidité relative,Humidité relative,%,64.9
2025-05-22 08:00:00,Température,Température,°C,19.4
2025-05-22 08:00:00,Vitesse du vent,Vitesse du vent,m/s,0.35
2025-05-22 08:00:00,Direction du vent,Direction du vent,Deg,43.4
2025-05-22 07:00:00,Vitesse du vent,Vitesse du vent,m/s,1.34
2025-05-22 07:00:00,Rayonnement solaire,Rayonnement solaire,W/m²,227.0
2025-05-22 07:00:00,Évapotranspiration journalière,Évapotranspiration journalière,mm/j,6.01
2025-05-22 07:00:00,Humidité relative,Humidité relative,%,69.5
2025-05-22 07:00:00,Point de Rosée,Point de Rosée,°C,13.1
2025-05-22 07:00:00,Pression atmosphérique,Pression atmosphérique,mm/j,954.2
2025-05-22 07:00:00,Direction du vent,Direction du vent,Deg,23.1
2025-05-22 07:00:00,Température,Température,°C,18.8
2025-05-22 07:00:00,Évapotranspiration Horaire,Évapotranspiration Horaire,mm/h,0.0
2025-05-22 06:00:00,Point de Rosée,Point de Rosée,°C,12.2
2025-05-22 06:00:00,Humidité relative,Humidité relative,%,76.9
2025-05-22 06:00:00,Température,Température,°C,16.3
2025-05-22 06:00:00,Vitesse du vent,Vitesse du vent,m/s,2.01
2025-05-22 06:00:00,Direction du vent,Direction du vent,Deg,256.3
2025-05-22 06:00:00,Évapotranspiration journalière,Évapotranspiration journalière,mm/j,6.01
2025-05-22 06:00:00,Évapotranspiration Horaire,Évapotranspiration Horaire,mm/h,0.0
2025-05-22 06:00:00,Pression atmosphérique,Pression atmosphérique,mm/j,954.9
2025-05-22 06:00:00,Rayonnement solaire,Rayonnement solaire,W/m²,38.0
2025-05-22 05:00:00,Température,Température,°C,15.5
2025-05-22 05:00:00,Évapotranspiration journalière,Évapotranspiration journalière,mm/j,6.01
2025-05-22 05:00:00,Évapotranspiration Horaire,Évapotranspiration Horaire,mm/h,0.0
2025-05-22 05:00:00,Pression atmosphérique,Pression atmosphérique,mm/j,954.7
2025-05-22 05:00:00,Rayonnement solaire,Rayonnement solaire,W/m²,0.0
2025-05-22 05:00:00,Point de Rosée,Point de Rosée,°C,12.0
2025-05-22 05:00:00,Humidité relative,Humidité relative,%,79.8
2025-05-22 05:00:00,Vitesse du vent,Vitesse du vent,m/s,1.57
2025-05-22 05:00:00,Direction du vent,Direction du vent,Deg,326.7
2025-05-21 17:00:00,Direction du vent,Direction du vent,Deg,178.7
2025-05-21 17:00:00,Vitesse du vent,Vitesse du vent,m/s,2.1
2025-05-21 17:00:00,Température,Température,°C,27.4
2025-05-21 17:00:00,Humidité relative,Humidité relative,%,33.0
2025-05-21 17:00:00,Point de Rosée,Point de Rosée,°C,9.7
2025-05-21 17:00:00,Rayonnement solaire,Rayonnement solaire,W/m²,350.0
2025-05-21 17:00:00,Pression atmosphérique,Pression atmosphérique,mm/j,954.3
2025-05-21 17:00:00,Évapotranspiration Horaire,Évapotranspiration Horaire,mm/h,0.0
2025-05-21 17:00:00,Évapotranspiration journalière,Évapotranspiration journalière,mm/j,8.53
2025-05-21 15:00:00,Direction du vent,Direction du vent,Deg,125.5
2025-05-21 15:00:00,Vitesse du vent,Vitesse du vent,m/s,2.28
2025-05-21 15:00:00,Température,Température,°C,27.8
2025-05-21 15:00:00,Humidité relative,Humidité relative,%,32.1
2025-05-21 15:00:00,Point de Rosée,Point de Rosée,°C,9.6
2025-05-21 15:00:00,Rayonnement solaire,Rayonnement solaire,W/m²,591.0
2025-05-21 15:00:00,Pression atmosphérique,Pression atmosphérique,mm/j,955.0
2025-05-21 15:00:00,Évapotranspiration Horaire,Évapotranspiration Horaire,mm/h,0.0
2025-05-21 15:00:00,Évapotranspiration journalière,Évapotranspiration journalière,mm/j,8.53
2025-05-21 13:00:00,Direction du vent,Direction du vent,Deg,304.9
2025-05-21 13:00:00,Vitesse du vent,Vitesse du vent,m/s,3.31
2025-05-21 13:00:00,Température,Température,°C,26.0
2025-05-21 13:00:00,Humidité relative,Humidité relative,%,34.3
2025-05-21 13:00:00,Point de Rosée,Point de Rosée,°C,9.0
2025-05-21 13:00:00,Rayonnement solaire,Rayonnement solaire,W/m²,867.0
2025-05-21 13:00:00,Pression atmosphérique,Pression atmosphérique,mm/j,956.0
2025-05-21 13:00:00,Évapotranspiration Horaire,Évapotranspiration Horaire,mm/h,0.0
2025-05-21 13:00:00,Évapotranspiration journalière,Évapotranspiration journalière,mm/j,8.53
2025-05-21 12:00:00,Direction du vent,Direction du vent,Deg,37.3
2025-05-21 12:00:00,Vitesse du vent,Vitesse du vent,m/s,1.63
2025-05-21 12:00:00,Température,Température,°C,25.4
2025-05-21 12:00:00,Humidité relative,Humidité relative,%,35.7
2025-05-21 12:00:00,Point de Rosée,Point de Rosée,°C,9.1
2025-05-21 12:00:00,Rayonnement solaire,Rayonnement solaire,W/m²,762.0
2025-05-21 12:00:00,Pression atmosphérique,Pression atmosphérique,mm/j,956.5
2025-05-21 12:00:00,Évapotranspiration Horaire,Évapotranspiration Horaire,mm/h,0.0
2025-05-21 12:00:00,Évapotranspiration journalière,Évapotranspiration journalière,mm/j,8.53
2025-05-21 11:00:00,Direction du vent,Direction du vent,Deg,192.6
2025-05-21 11:00:00,Vitesse du vent,Vitesse du vent,m/s,0.21
2025-05-21 11:00:00,Température,Température,°C,24.8
2025-05-21 11:00:00,Humidité relative,Humidité relative,%,36.4
2025-05-21 11:00:00,Point de Rosée,Point de Rosée,°C,8.9
2025-05-21 11:00:00,Rayonnement solaire,Rayonnement solaire,W/m²,966.0
2025-05-21 11:00:00,Pression atmosphérique,Pression atmosphérique,mm/j,956.4
2025-05-21 11:00:00,Évapotranspiration Horaire,Évapotranspiration Horaire,mm/h,0.0
2025-05-21 11:00:00,Évapotranspiration journalière,Évapotranspiration journalière,mm/j,8.53
2025-05-21 09:00:00,Direction du vent,Direction du vent,Deg,93.3
2025-05-21 09:00:00,Vitesse du vent,Vitesse du vent,m/s,0.62
2025-05-21 09:00:00,Température,Température,°C,22.4
2025-05-21 09:00:00,Humidité relative,Humidité relative,%,48.1
2025-05-21 09:00:00,Point de Rosée,Point de Rosée,°C,10.9
2025-05-21 09:00:00,Rayonnement solaire,Rayonnement solaire,W/m²,673.0
2025-05-21 09:00:00,Pression atmosphérique,Pression atmosphérique,mm/j,956.6
2025-05-21 09:00:00,Évapotranspiration Horaire,Évapotranspiration Horaire,mm/h,0.0
2025-05-21 09:00:00,Évapotranspiration journalière,Évapotranspiration journalière,mm/j,8.53
2025-05-21 08:00:00,Direction du vent,Direction du vent,Deg,300.7
2025-05-21 08:00:00,Vitesse du vent,Vitesse du vent,m/s,7.51
2025-05-21 08:00:00,Température,Température,°C,20.8
2025-05-21 08:00:00,Humidité relative,Humidité relative,%,40.5
2025-05-21 08:00:00,Point de Rosée,Point de Rosée,°C,6.9
2025-05-21 08:00:00,Rayonnement solaire,Rayonnement solaire,W/m²,380.0
2025-05-21 08:00:00,Pression atmosphérique,Pression atmosphérique,mm/j,956.5
2025-05-21 08:00:00,Évapotranspiration Horaire,Évapotranspiration Horaire,mm/h,0.0
2025-05-21 08:00:00,Évapotranspiration journalière,Évapotranspiration journalière,mm/j,8.53
2025-05-21 07:00:00,Direction du vent,Direction du vent,Deg,305.5
2025-05-21 07:00:00,Vitesse du vent,Vitesse du vent,m/s,8.14
2025-05-21 07:00:00,Température,Température,°C,19.1
2025-05-21 07:00:00,Humidité relative,Humidité relative,%,47.9
2025-05-21 07:00:00,Point de Rosée,Point de Rosée,°C,7.8
2025-05-21 07:00:00,Rayonnement solaire,Rayonnement solaire,W/m²,201.0
2025-05-21 07:00:00,Pression atmosphérique,Pression atmosphérique,mm/j,956.2
2025-05-21 07:00:00,Évapotranspiration Horaire,Évapotranspiration Horaire,mm/h,0.0
2025-05-21 07:00:00,Évapotranspiration journalière,Évapotranspiration journalière,mm/j,8.53
2025-05-21 06:00:00,Direction du vent,Direction du vent,Deg,95.4
2025-05-21 06:00:00,Vitesse du vent,Vitesse du vent,m/s,0.83
2025-05-21 06:00:00,Température,Température,°C,16.9
2025-05-21 06:00:00,Humidité relative,Humidité relative,%,74.8
2025-05-21 06:00:00,Point de Rosée,Point de Rosée,°C,12.4
2025-05-21 06:00:00,Rayonnement solaire,Rayonnement solaire,W/m²,60.0
2025-05-21 06:00:00,Pression atmosphérique,Pression atmosphérique,mm/j,956.2
2025-05-21 06:00:00,Évapotranspiration Horaire,Évapotranspiration Horaire,mm/h,0.0
2025-05-21 06:00:00,Évapotranspiration journalière,Évapotranspiration journalière,mm/j,8.53
2025-05-21 05:00:00,Direction du vent,Direction du vent,Deg,17.6
2025-05-21 05:00:00,Vitesse du vent,Vitesse du vent,m/s,1.69
2025-05-21 05:00:00,Température,Température,°C,16.5
2025-05-21 05:00:00,Humidité relative,Humidité relative,%,80.5
2025-05-21 05:00:00,Point de Rosée,Point de Rosée,°C,13.1
2025-05-21 05:00:00,Rayonnement solaire,Rayonnement solaire,W/m²,0.0
2025-05-21 05:00:00,Pression atmosphérique,Pression atmosphérique,mm/j,955.9
2025-05-21 05:00:00,Évapotranspiration Horaire,Évapotranspiration Horaire,mm/h,0.0
2025-05-21 05:00:00,Évapotranspiration journalière,Évapotranspiration journalière,mm/j,8.53
2025-05-20 06:00:00,Direction du vent,Direction du vent,Deg,324.1
2025-05-20 06:00:00,Vitesse du vent,Vitesse du vent,m/s,1.64
2025-05-20 06:00:00,Température,Température,°C,22.9
2025-05-20 06:00:00,Humidité relative,Humidité relative,%,33.6
2025-05-20 06:00:00,Point de Rosée,Point de Rosée,°C,6.0
2025-05-20 06:00:00,Rayonnement solaire,Rayonnement solaire,W/m²,58.0
2025-05-20 06:00:00,Pression atmosphérique,Pression atmosphérique,mm/j,956.2
2025-05-20 06:00:00,Évapotranspiration Horaire,Évapotranspiration Horaire,mm/h,0.0
2025-05-20 06:00:00,Évapotranspiration journalière,Évapotranspiration journalière,mm/j,8.4
2025-05-20 05:00:00,Direction du vent,Direction du vent,Deg,202.4
2025-05-20 05:00:00,Vitesse du vent,Vitesse du vent,m/s,0.5
2025-05-20 05:00:00,Température,Température,°C,21.7
2025-05-20 05:00:00,Humidité relative,Humidité relative,%,38.3
2025-05-20 05:00:00,Point de Rosée,Point de Rosée,°C,6.9
2025-05-20 05:00:00,Rayonnement solaire,Rayonnement solaire,W/m²,0.0
2025-05-20 05:00:00,Pression atmosphérique,Pression atmosphérique,mm/j,956.2
2025-05-20 05:00:00,Évapotranspiration Horaire,Évapotranspiration Horaire,mm/h,0.0
2025-05-20 05:00:00,Évapotranspiration journalière,Évapotranspiration journalière,mm/j,8.4
2025-05-20 04:00:00,Direction du vent,Direction du vent,Deg,294.4
2025-05-20 04:00:00,Vitesse du vent,Vitesse du vent,m/s,1.66
2025-05-20 04:00:00,Température,Température,°C,21.3
2025-05-20 04:00:00,Humidité relative,Humidité relative,%,39.4
2025-05-20 04:00:00,Point de Rosée,Point de Rosée,°C,7.0
2025-05-20 04:00:00,Rayonnement solaire,Rayonnement solaire,W/m²,0.0
2025-05-20 04:00:00,Pression atmosphérique,Pression atmosphérique,mm/j,955.5
2025-05-20 04:00:00,Évapotranspiration Horaire,Évapotranspiration Horaire,mm/h,0.0
2025-05-20 04:00:00,Évapotranspiration journalière,Évapotranspiration journalière,mm/j,8.4
2025-05-20 03:00:00,Direction du vent,Direction du vent,Deg,262.2
2025-05-20 03:00:00,Vitesse du vent,Vitesse du vent,m/s,0.47
2025-05-20 03:00:00,Température,Température,°C,23.4
2025-05-20 03:00:00,Humidité relative,Humidité relative,%,30.8
2025-05-20 03:00:00,Point de Rosée,Point de Rosée,°C,5.2
2025-05-20 03:00:00,Rayonnement solaire,Rayonnement solaire,W/m²,0.0
2025-05-20 03:00:00,Pression atmosphérique,Pression atmosphérique,mm/j,955.7
2025-05-20 03:00:00,Évapotranspiration Horaire,Évapotranspiration Horaire,mm/h,0.0
2025-05-20 03:00:00,Évapotranspiration journalière,Évapotranspiration journalière,mm/j,8.4
2025-05-20 02:00:00,Direction du vent,Direction du vent,Deg,301.4
2025-05-20 02:00:00,Vitesse du vent,Vitesse du vent,m/s,3.65
2025-05-20 02:00:00,Température,Température,°C,26.8
2025-05-20 02:00:00,Humidité relative,Humidité relative,%,24.0
2025-05-20 02:00:00,Point de Rosée,Point de Rosée,°C,4.5
2025-05-20 02:00:00,Rayonnement solaire,Rayonnement solaire,W/m²,0.0
2025-05-20 02:00:00,Pression atmosphérique,Pression atmosphérique,mm/j,955.9
2025-05-20 02:00:00,Évapotranspiration Horaire,Évapotranspiration Horaire,mm/h,0.0
2025-05-20 02:00:00,Évapotranspiration journalière,Évapotranspiration journalière,mm/j,8.4
2025-05-20 01:00:00,Direction du vent,Direction du vent,Deg,314.1
2025-05-20 01:00:00,Vitesse du vent,Vitesse du vent,m/s,7.45
2025-05-20 01:00:00,Température,Température,°C,27.8
2025-05-20 01:00:00,Humidité relative,Humidité relative,%,21.8
2025-05-20 01:00:00,Point de Rosée,Point de Rosée,°C,4.0
2025-05-20 01:00:00,Rayonnement solaire,Rayonnement solaire,W/m²,0.0
2025-05-20 01:00:00,Pression atmosphérique,Pression atmosphérique,mm/j,956.6
2025-05-20 01:00:00,Évapotranspiration Horaire,Évapotranspiration Horaire,mm/h,0.0
2025-05-20 01:00:00,Évapotranspiration journalière,Évapotranspiration journalière,mm/j,8.4
2025-05-20 00:00:00,Direction du vent,Direction du vent,Deg,312.3
2025-05-20 00:00:00,Rayonnement solaire,Rayonnement solaire,W/m²,0.0
2025-05-20 00:00:00,Vitesse du vent,Vitesse du vent,m/s,7.69
2025-05-20 00:00:00,Point de Rosée,Point de Rosée,°C,5.7
2025-05-20 00:00:00,Évapotranspiration journalière,Évapotranspiration journalière,mm/j,7.3
2025-05-20 00:00:00,Pression atmosphérique,Pression atmosphérique,mm/j,957.1
2025-05-20 00:00:00,Température,Température,°C,27.1
2025-05-20 00:00:00,Humidité relative,Humidité relative,%,25.5
2025-05-20 00:00:00,Évapotranspiration Horaire,Évapotranspiration Horaire,mm/h,0.0
