Date,nom_ar,nom_fr,unite,valeur
2025-06-19 08:00:00,Point de Rosée,Point de Rosée,°C,14.5
2025-06-19 08:00:00,Humidité relative,Humidité relative,%,52.7
2025-06-19 08:00:00,Température,Température,°C,24.8
2025-06-19 08:00:00,Direction du vent,Direction du vent,Deg,9.4
2025-06-19 08:00:00,Vitesse du vent,Vitesse du vent,m/s,1.48
2025-06-19 08:00:00,Rayonnement solaire,Rayonnement solaire,W/m²,458.0
2025-06-19 08:00:00,Évapotranspiration Horaire,Évapotranspiration Horaire,mm/h,0.76
2025-06-19 08:00:00,Pression atmosphérique,Pression atmosphérique,mm/j,985.2
2025-06-19 08:00:00,Évapotranspiration journalière,Évapotranspiration journalière,mm/j,7.36
2025-06-19 07:00:00,Point de Rosée,Point de Rosée,°C,17.9
2025-06-19 07:00:00,Rayonnement solaire,Rayonnement solaire,W/m²,247.0
2025-06-19 07:00:00,Pression atmosphérique,Pression atmosphérique,mm/j,985.2
2025-06-19 07:00:00,Évapotranspiration Horaire,Évapotranspiration Horaire,mm/h,0.8
2025-06-19 07:00:00,Évapotranspiration journalière,Évapotranspiration journalière,mm/j,7.36
2025-06-19 07:00:00,Vitesse du vent,Vitesse du vent,m/s,0.49
2025-06-19 07:00:00,Direction du vent,Direction du vent,Deg,201.2
2025-06-19 07:00:00,Température,Température,°C,24.3
2025-06-19 07:00:00,Humidité relative,Humidité relative,%,67.6
2025-06-19 05:00:00,Vitesse du vent,Vitesse du vent,m/s,0.62
2025-06-19 05:00:00,Direction du vent,Direction du vent,Deg,285.0
2025-06-19 05:00:00,Température,Température,°C,21.2
2025-06-19 05:00:00,Humidité relative,Humidité relative,%,76.6
2025-06-19 05:00:00,Point de Rosée,Point de Rosée,°C,16.9
2025-06-19 05:00:00,Rayonnement solaire,Rayonnement solaire,W/m²,1.0
2025-06-19 05:00:00,Pression atmosphérique,Pression atmosphérique,mm/j,984.5
2025-06-19 05:00:00,Évapotranspiration Horaire,Évapotranspiration Horaire,mm/h,0.76
2025-06-19 05:00:00,Évapotranspiration journalière,Évapotranspiration journalière,mm/j,7.36
2025-06-19 03:00:00,Température,Température,°C,21.9
2025-06-19 03:00:00,Point de Rosée,Point de Rosée,°C,17.2
2025-06-19 03:00:00,Vitesse du vent,Vitesse du vent,m/s,0.73
2025-06-19 03:00:00,Humidité relative,Humidité relative,%,75.0
2025-06-19 03:00:00,Direction du vent,Direction du vent,Deg,14.9
2025-06-19 03:00:00,Rayonnement solaire,Rayonnement solaire,W/m²,0.0
2025-06-19 03:00:00,Pression atmosphérique,Pression atmosphérique,mm/j,984.3
2025-06-19 03:00:00,Évapotranspiration Horaire,Évapotranspiration Horaire,mm/h,0.76
2025-06-19 03:00:00,Évapotranspiration journalière,Évapotranspiration journalière,mm/j,7.36
2025-06-19 01:00:00,Direction du vent,Direction du vent,Deg,97.6
2025-06-19 01:00:00,Température,Température,°C,22.8
2025-06-19 01:00:00,Humidité relative,Humidité relative,%,72.2
2025-06-19 01:00:00,Point de Rosée,Point de Rosée,°C,17.5
2025-06-19 01:00:00,Rayonnement solaire,Rayonnement solaire,W/m²,0.0
2025-06-19 01:00:00,Pression atmosphérique,Pression atmosphérique,mm/j,984.9
2025-06-19 01:00:00,Évapotranspiration Horaire,Évapotranspiration Horaire,mm/h,0.76
2025-06-19 01:00:00,Évapotranspiration journalière,Évapotranspiration journalière,mm/j,7.36
2025-06-19 01:00:00,Vitesse du vent,Vitesse du vent,m/s,0.99
2025-06-18 23:00:00,Rayonnement solaire,Rayonnement solaire,W/m²,0.0
2025-06-18 23:00:00,Point de Rosée,Point de Rosée,°C,18.6
2025-06-18 23:00:00,Humidité relative,Humidité relative,%,71.0
2025-06-18 23:00:00,Température,Température,°C,24.2
2025-06-18 23:00:00,Direction du vent,Direction du vent,Deg,72.4
2025-06-18 23:00:00,Vitesse du vent,Vitesse du vent,m/s,1.94
2025-06-18 23:00:00,Évapotranspiration journalière,Évapotranspiration journalière,mm/j,7.69
2025-06-18 23:00:00,Évapotranspiration Horaire,Évapotranspiration Horaire,mm/h,0.76
2025-06-18 23:00:00,Pression atmosphérique,Pression atmosphérique,mm/j,985.2
2025-06-18 22:00:00,Pression atmosphérique,Pression atmosphérique,mm/j,985.3
2025-06-18 22:00:00,Évapotranspiration journalière,Évapotranspiration journalière,mm/j,7.69
2025-06-18 22:00:00,Humidité relative,Humidité relative,%,63.1
2025-06-18 22:00:00,Point de Rosée,Point de Rosée,°C,17.7
2025-06-18 22:00:00,Température,Température,°C,25.2
2025-06-18 22:00:00,Évapotranspiration Horaire,Évapotranspiration Horaire,mm/h,0.94
2025-06-18 22:00:00,Direction du vent,Direction du vent,Deg,124.9
2025-06-18 22:00:00,Rayonnement solaire,Rayonnement solaire,W/m²,0.0
2025-06-18 22:00:00,Vitesse du vent,Vitesse du vent,m/s,2.55
2025-06-18 21:00:00,Vitesse du vent,Vitesse du vent,m/s,1.12
2025-06-18 21:00:00,Évapotranspiration journalière,Évapotranspiration journalière,mm/j,7.69
2025-06-18 21:00:00,Évapotranspiration Horaire,Évapotranspiration Horaire,mm/h,0.94
2025-06-18 21:00:00,Pression atmosphérique,Pression atmosphérique,mm/j,984.4
2025-06-18 21:00:00,Rayonnement solaire,Rayonnement solaire,W/m²,0.0
2025-06-18 21:00:00,Point de Rosée,Point de Rosée,°C,18.0
2025-06-18 21:00:00,Humidité relative,Humidité relative,%,61.7
2025-06-18 21:00:00,Température,Température,°C,25.9
2025-06-18 21:00:00,Direction du vent,Direction du vent,Deg,90.1
2025-06-18 20:00:00,Vitesse du vent,Vitesse du vent,m/s,2.12
2025-06-18 20:00:00,Évapotranspiration journalière,Évapotranspiration journalière,mm/j,7.69
2025-06-18 20:00:00,Évapotranspiration Horaire,Évapotranspiration Horaire,mm/h,0.77
2025-06-18 20:00:00,Pression atmosphérique,Pression atmosphérique,mm/j,983.7
2025-06-18 20:00:00,Rayonnement solaire,Rayonnement solaire,W/m²,0.0
2025-06-18 20:00:00,Point de Rosée,Point de Rosée,°C,17.3
2025-06-18 20:00:00,Humidité relative,Humidité relative,%,57.3
2025-06-18 20:00:00,Température,Température,°C,26.5
2025-06-18 20:00:00,Direction du vent,Direction du vent,Deg,153.1
2025-06-18 19:00:00,Température,Température,°C,27.8
2025-06-18 19:00:00,Point de Rosée,Point de Rosée,°C,16.9
2025-06-18 19:00:00,Évapotranspiration journalière,Évapotranspiration journalière,mm/j,7.69
2025-06-18 19:00:00,Vitesse du vent,Vitesse du vent,m/s,1.19
2025-06-18 19:00:00,Évapotranspiration Horaire,Évapotranspiration Horaire,mm/h,0.93
2025-06-18 19:00:00,Humidité relative,Humidité relative,%,51.4
2025-06-18 19:00:00,Pression atmosphérique,Pression atmosphérique,mm/j,982.9
2025-06-18 19:00:00,Direction du vent,Direction du vent,Deg,82.7
2025-06-18 19:00:00,Rayonnement solaire,Rayonnement solaire,W/m²,38.0
2025-06-18 18:00:00,Direction du vent,Direction du vent,Deg,129.5
2025-06-18 18:00:00,Évapotranspiration journalière,Évapotranspiration journalière,mm/j,7.69
2025-06-18 18:00:00,Évapotranspiration Horaire,Évapotranspiration Horaire,mm/h,0.77
2025-06-18 18:00:00,Pression atmosphérique,Pression atmosphérique,mm/j,982.1
2025-06-18 18:00:00,Rayonnement solaire,Rayonnement solaire,W/m²,182.0
2025-06-18 18:00:00,Point de Rosée,Point de Rosée,°C,17.3
2025-06-18 18:00:00,Humidité relative,Humidité relative,%,49.0
2025-06-18 18:00:00,Température,Température,°C,29.1
2025-06-18 18:00:00,Vitesse du vent,Vitesse du vent,m/s,2.68
2025-06-18 17:00:00,Pression atmosphérique,Pression atmosphérique,mm/j,980.9
2025-06-18 17:00:00,Température,Température,°C,32.7
2025-06-18 17:00:00,Évapotranspiration journalière,Évapotranspiration journalière,mm/j,7.69
2025-06-18 17:00:00,Direction du vent,Direction du vent,Deg,166.9
2025-06-18 17:00:00,Évapotranspiration Horaire,Évapotranspiration Horaire,mm/h,2.27
2025-06-18 17:00:00,Vitesse du vent,Vitesse du vent,m/s,8.11
2025-06-18 17:00:00,Point de Rosée,Point de Rosée,°C,14.8
2025-06-18 17:00:00,Rayonnement solaire,Rayonnement solaire,W/m²,392.0
2025-06-18 17:00:00,Humidité relative,Humidité relative,%,34.1
2025-06-18 16:00:00,Pression atmosphérique,Pression atmosphérique,mm/j,981.2
2025-06-18 16:00:00,Évapotranspiration journalière,Évapotranspiration journalière,mm/j,7.69
2025-06-18 16:00:00,Humidité relative,Humidité relative,%,18.8
2025-06-18 16:00:00,Point de Rosée,Point de Rosée,°C,8.3
2025-06-18 16:00:00,Température,Température,°C,35.6
2025-06-18 16:00:00,Évapotranspiration Horaire,Évapotranspiration Horaire,mm/h,2.27
2025-06-18 16:00:00,Direction du vent,Direction du vent,Deg,61.3
2025-06-18 16:00:00,Rayonnement solaire,Rayonnement solaire,W/m²,588.0
2025-06-18 16:00:00,Vitesse du vent,Vitesse du vent,m/s,1.45
2025-06-18 15:00:00,Évapotranspiration Horaire,Évapotranspiration Horaire,mm/h,0.79
2025-06-18 15:00:00,Évapotranspiration journalière,Évapotranspiration journalière,mm/j,7.69
2025-06-18 15:00:00,Vitesse du vent,Vitesse du vent,m/s,1.9
2025-06-18 15:00:00,Pression atmosphérique,Pression atmosphérique,mm/j,982.0
2025-06-18 15:00:00,Rayonnement solaire,Rayonnement solaire,W/m²,817.0
2025-06-18 15:00:00,Point de Rosée,Point de Rosée,°C,9.3
2025-06-18 15:00:00,Humidité relative,Humidité relative,%,20.1
2025-06-18 15:00:00,Température,Température,°C,35.7
2025-06-18 15:00:00,Direction du vent,Direction du vent,Deg,90.1
2025-06-18 13:00:00,Direction du vent,Direction du vent,Deg,131.3
2025-06-18 13:00:00,Évapotranspiration journalière,Évapotranspiration journalière,mm/j,7.69
2025-06-18 13:00:00,Évapotranspiration Horaire,Évapotranspiration Horaire,mm/h,0.77
2025-06-18 13:00:00,Pression atmosphérique,Pression atmosphérique,mm/j,983.2
2025-06-18 13:00:00,Rayonnement solaire,Rayonnement solaire,W/m²,919.0
2025-06-18 13:00:00,Point de Rosée,Point de Rosée,°C,11.0
2025-06-18 13:00:00,Humidité relative,Humidité relative,%,26.1
2025-06-18 13:00:00,Température,Température,°C,33.0
2025-06-18 13:00:00,Vitesse du vent,Vitesse du vent,m/s,1.89
2025-06-18 12:00:00,Point de Rosée,Point de Rosée,°C,11.1
2025-06-18 12:00:00,Évapotranspiration journalière,Évapotranspiration journalière,mm/j,7.69
2025-06-18 12:00:00,Évapotranspiration Horaire,Évapotranspiration Horaire,mm/h,0.77
2025-06-18 12:00:00,Pression atmosphérique,Pression atmosphérique,mm/j,983.7
2025-06-18 12:00:00,Rayonnement solaire,Rayonnement solaire,W/m²,923.0
2025-06-18 12:00:00,Humidité relative,Humidité relative,%,27.3
2025-06-18 12:00:00,Température,Température,°C,32.4
2025-06-18 12:00:00,Direction du vent,Direction du vent,Deg,244.1
2025-06-18 12:00:00,Vitesse du vent,Vitesse du vent,m/s,2.56
2025-06-18 11:00:00,Vitesse du vent,Vitesse du vent,m/s,1.32
2025-06-18 11:00:00,Point de Rosée,Point de Rosée,°C,12.4
2025-06-18 11:00:00,Rayonnement solaire,Rayonnement solaire,W/m²,878.0
2025-06-18 11:00:00,Humidité relative,Humidité relative,%,32.2
2025-06-18 11:00:00,Pression atmosphérique,Pression atmosphérique,mm/j,984.0
2025-06-18 11:00:00,Température,Température,°C,30.9
2025-06-18 11:00:00,Évapotranspiration Horaire,Évapotranspiration Horaire,mm/h,2.27
2025-06-18 11:00:00,Direction du vent,Direction du vent,Deg,151.0
2025-06-18 11:00:00,Évapotranspiration journalière,Évapotranspiration journalière,mm/j,7.69
2025-06-18 09:00:00,Direction du vent,Direction du vent,Deg,200.7
2025-06-18 09:00:00,Évapotranspiration journalière,Évapotranspiration journalière,mm/j,7.69
2025-06-18 09:00:00,Évapotranspiration Horaire,Évapotranspiration Horaire,mm/h,2.27
2025-06-18 09:00:00,Pression atmosphérique,Pression atmosphérique,mm/j,984.4
2025-06-18 09:00:00,Rayonnement solaire,Rayonnement solaire,W/m²,631.0
2025-06-18 09:00:00,Point de Rosée,Point de Rosée,°C,14.7
2025-06-18 09:00:00,Humidité relative,Humidité relative,%,42.9
2025-06-18 09:00:00,Température,Température,°C,28.5
2025-06-18 09:00:00,Vitesse du vent,Vitesse du vent,m/s,2.31
2025-06-18 07:00:00,Vitesse du vent,Vitesse du vent,m/s,1.29
2025-06-18 07:00:00,Évapotranspiration journalière,Évapotranspiration journalière,mm/j,7.69
2025-06-18 07:00:00,Évapotranspiration Horaire,Évapotranspiration Horaire,mm/h,0.77
2025-06-18 07:00:00,Pression atmosphérique,Pression atmosphérique,mm/j,984.1
2025-06-18 07:00:00,Rayonnement solaire,Rayonnement solaire,W/m²,243.0
2025-06-18 07:00:00,Point de Rosée,Point de Rosée,°C,15.9
2025-06-18 07:00:00,Humidité relative,Humidité relative,%,55.5
2025-06-18 07:00:00,Température,Température,°C,25.4
2025-06-18 07:00:00,Direction du vent,Direction du vent,Deg,193.1
2025-06-18 05:00:00,Humidité relative,Humidité relative,%,54.8
2025-06-18 05:00:00,Évapotranspiration journalière,Évapotranspiration journalière,mm/j,7.69
2025-06-18 05:00:00,Température,Température,°C,22.7
2025-06-18 05:00:00,Évapotranspiration Horaire,Évapotranspiration Horaire,mm/h,0.94
2025-06-18 05:00:00,Vitesse du vent,Vitesse du vent,m/s,0.54
2025-06-18 05:00:00,Pression atmosphérique,Pression atmosphérique,mm/j,983.5
2025-06-18 05:00:00,Direction du vent,Direction du vent,Deg,280.5
2025-06-18 05:00:00,Rayonnement solaire,Rayonnement solaire,W/m²,1.0
2025-06-18 05:00:00,Point de Rosée,Point de Rosée,°C,13.1
2025-06-18 03:00:00,Direction du vent,Direction du vent,Deg,50.9
2025-06-18 03:00:00,Rayonnement solaire,Rayonnement solaire,W/m²,0.0
2025-06-18 03:00:00,Température,Température,°C,24.0
2025-06-18 03:00:00,Point de Rosée,Point de Rosée,°C,12.9
2025-06-18 03:00:00,Humidité relative,Humidité relative,%,49.7
2025-06-18 03:00:00,Évapotranspiration journalière,Évapotranspiration journalière,mm/j,7.69
2025-06-18 03:00:00,Évapotranspiration Horaire,Évapotranspiration Horaire,mm/h,0.77
2025-06-18 03:00:00,Vitesse du vent,Vitesse du vent,m/s,0.53
2025-06-18 03:00:00,Pression atmosphérique,Pression atmosphérique,mm/j,983.5
2025-06-18 01:00:00,Évapotranspiration journalière,Évapotranspiration journalière,mm/j,7.69
2025-06-18 01:00:00,Évapotranspiration Horaire,Évapotranspiration Horaire,mm/h,0.77
2025-06-18 01:00:00,Pression atmosphérique,Pression atmosphérique,mm/j,984.2
2025-06-18 01:00:00,Rayonnement solaire,Rayonnement solaire,W/m²,0.0
2025-06-18 01:00:00,Point de Rosée,Point de Rosée,°C,13.2
2025-06-18 01:00:00,Humidité relative,Humidité relative,%,47.1
2025-06-18 01:00:00,Température,Température,°C,25.3
2025-06-18 01:00:00,Direction du vent,Direction du vent,Deg,39.7
2025-06-18 01:00:00,Vitesse du vent,Vitesse du vent,m/s,0.15
2025-06-18 00:00:00,Évapotranspiration journalière,Évapotranspiration journalière,mm/j,7.49
2025-06-18 00:00:00,Humidité relative,Humidité relative,%,44.3
2025-06-18 00:00:00,Évapotranspiration Horaire,Évapotranspiration Horaire,mm/h,0.77
2025-06-18 00:00:00,Température,Température,°C,25.8
2025-06-18 00:00:00,Rayonnement solaire,Rayonnement solaire,W/m²,0.0
2025-06-18 00:00:00,Direction du vent,Direction du vent,Deg,39.6
2025-06-18 00:00:00,Point de Rosée,Point de Rosée,°C,12.7
2025-06-18 00:00:00,Vitesse du vent,Vitesse du vent,m/s,0.26
2025-06-18 00:00:00,Pression atmosphérique,Pression atmosphérique,mm/j,984.6
2025-06-17 23:00:00,Vitesse du vent,Vitesse du vent,m/s,0.74
2025-06-17 23:00:00,Évapotranspiration Horaire,Évapotranspiration Horaire,mm/h,0.77
2025-06-17 23:00:00,Pression atmosphérique,Pression atmosphérique,mm/j,984.8
2025-06-17 23:00:00,Rayonnement solaire,Rayonnement solaire,W/m²,0.0
2025-06-17 23:00:00,Évapotranspiration journalière,Évapotranspiration journalière,mm/j,7.49
2025-06-17 23:00:00,Point de Rosée,Point de Rosée,°C,12.6
2025-06-17 23:00:00,Humidité relative,Humidité relative,%,42.3
2025-06-17 23:00:00,Température,Température,°C,26.4
2025-06-17 23:00:00,Direction du vent,Direction du vent,Deg,31.6
2025-06-17 21:00:00,Évapotranspiration journalière,Évapotranspiration journalière,mm/j,7.49
2025-06-17 21:00:00,Évapotranspiration Horaire,Évapotranspiration Horaire,mm/h,0.94
2025-06-17 21:00:00,Pression atmosphérique,Pression atmosphérique,mm/j,984.1
2025-06-17 21:00:00,Rayonnement solaire,Rayonnement solaire,W/m²,0.0
2025-06-17 21:00:00,Point de Rosée,Point de Rosée,°C,8.4
2025-06-17 21:00:00,Humidité relative,Humidité relative,%,28.4
2025-06-17 21:00:00,Température,Température,°C,28.5
2025-06-17 21:00:00,Direction du vent,Direction du vent,Deg,80.5
2025-06-17 21:00:00,Vitesse du vent,Vitesse du vent,m/s,1.56
2025-06-17 20:00:00,Évapotranspiration journalière,Évapotranspiration journalière,mm/j,7.49
2025-06-17 20:00:00,Vitesse du vent,Vitesse du vent,m/s,1.1
2025-06-17 20:00:00,Évapotranspiration Horaire,Évapotranspiration Horaire,mm/h,0.94
2025-06-17 20:00:00,Direction du vent,Direction du vent,Deg,100.5
2025-06-17 20:00:00,Pression atmosphérique,Pression atmosphérique,mm/j,983.1
2025-06-17 20:00:00,Température,Température,°C,30.5
2025-06-17 20:00:00,Rayonnement solaire,Rayonnement solaire,W/m²,0.0
2025-06-17 20:00:00,Humidité relative,Humidité relative,%,23.7
2025-06-17 20:00:00,Point de Rosée,Point de Rosée,°C,7.5
2025-06-17 19:00:00,Évapotranspiration Horaire,Évapotranspiration Horaire,mm/h,0.94
2025-06-17 19:00:00,Évapotranspiration journalière,Évapotranspiration journalière,mm/j,7.49
2025-06-17 19:00:00,Pression atmosphérique,Pression atmosphérique,mm/j,982.3
2025-06-17 19:00:00,Rayonnement solaire,Rayonnement solaire,W/m²,34.0
2025-06-17 19:00:00,Point de Rosée,Point de Rosée,°C,7.0
2025-06-17 19:00:00,Humidité relative,Humidité relative,%,20.7
2025-06-17 19:00:00,Température,Température,°C,32.3
2025-06-17 19:00:00,Direction du vent,Direction du vent,Deg,121.2
2025-06-17 19:00:00,Vitesse du vent,Vitesse du vent,m/s,4.88
2025-06-17 17:00:00,Humidité relative,Humidité relative,%,16.7
2025-06-17 17:00:00,Évapotranspiration Horaire,Évapotranspiration Horaire,mm/h,2.27
2025-06-17 17:00:00,Direction du vent,Direction du vent,Deg,208.6
2025-06-17 17:00:00,Pression atmosphérique,Pression atmosphérique,mm/j,980.9
2025-06-17 17:00:00,Température,Température,°C,36.3
2025-06-17 17:00:00,Rayonnement solaire,Rayonnement solaire,W/m²,395.0
2025-06-17 17:00:00,Vitesse du vent,Vitesse du vent,m/s,5.46
2025-06-17 17:00:00,Point de Rosée,Point de Rosée,°C,7.1
2025-06-17 17:00:00,Évapotranspiration journalière,Évapotranspiration journalière,mm/j,7.49
2025-06-17 16:00:00,Point de Rosée,Point de Rosée,°C,5.1
2025-06-17 16:00:00,Humidité relative,Humidité relative,%,13.2
2025-06-17 16:00:00,Température,Température,°C,38.1
2025-06-17 16:00:00,Direction du vent,Direction du vent,Deg,262.7
2025-06-17 16:00:00,Vitesse du vent,Vitesse du vent,m/s,1.08
2025-06-17 16:00:00,Évapotranspiration journalière,Évapotranspiration journalière,mm/j,7.49
2025-06-17 16:00:00,Évapotranspiration Horaire,Évapotranspiration Horaire,mm/h,0.77
2025-06-17 16:00:00,Pression atmosphérique,Pression atmosphérique,mm/j,981.4
2025-06-17 16:00:00,Rayonnement solaire,Rayonnement solaire,W/m²,291.0
2025-06-17 15:00:00,Point de Rosée,Point de Rosée,°C,5.0
2025-06-17 15:00:00,Évapotranspiration journalière,Évapotranspiration journalière,mm/j,7.49
2025-06-17 15:00:00,Évapotranspiration Horaire,Évapotranspiration Horaire,mm/h,0.93
2025-06-17 15:00:00,Pression atmosphérique,Pression atmosphérique,mm/j,981.6
2025-06-17 15:00:00,Rayonnement solaire,Rayonnement solaire,W/m²,836.0
2025-06-17 15:00:00,Humidité relative,Humidité relative,%,12.4
2025-06-17 15:00:00,Température,Température,°C,39.1
2025-06-17 15:00:00,Direction du vent,Direction du vent,Deg,166.5
2025-06-17 15:00:00,Vitesse du vent,Vitesse du vent,m/s,1.35
2025-06-17 13:00:00,Évapotranspiration journalière,Évapotranspiration journalière,mm/j,7.49
2025-06-17 13:00:00,Évapotranspiration Horaire,Évapotranspiration Horaire,mm/h,2.26
2025-06-17 13:00:00,Humidité relative,Humidité relative,%,13.1
2025-06-17 13:00:00,Pression atmosphérique,Pression atmosphérique,mm/j,983.1
2025-06-17 13:00:00,Vitesse du vent,Vitesse du vent,m/s,2.41
2025-06-17 13:00:00,Rayonnement solaire,Rayonnement solaire,W/m²,903.0
2025-06-17 13:00:00,Direction du vent,Direction du vent,Deg,184.0
2025-06-17 13:00:00,Point de Rosée,Point de Rosée,°C,5.4
2025-06-17 13:00:00,Température,Température,°C,38.6
2025-06-17 11:00:00,Température,Température,°C,36.0
2025-06-17 11:00:00,Vitesse du vent,Vitesse du vent,m/s,0.85
2025-06-17 11:00:00,Direction du vent,Direction du vent,Deg,184.9
2025-06-17 11:00:00,Humidité relative,Humidité relative,%,14.7
2025-06-17 11:00:00,Point de Rosée,Point de Rosée,°C,5.0
2025-06-17 11:00:00,Rayonnement solaire,Rayonnement solaire,W/m²,876.0
2025-06-17 11:00:00,Pression atmosphérique,Pression atmosphérique,mm/j,983.9
2025-06-17 11:00:00,Évapotranspiration Horaire,Évapotranspiration Horaire,mm/h,0.93
2025-06-17 11:00:00,Évapotranspiration journalière,Évapotranspiration journalière,mm/j,7.49
2025-06-17 09:00:00,Vitesse du vent,Vitesse du vent,m/s,0.56
2025-06-17 09:00:00,Direction du vent,Direction du vent,Deg,159.0
2025-06-17 09:00:00,Température,Température,°C,34.8
2025-06-17 09:00:00,Humidité relative,Humidité relative,%,16.9
2025-06-17 09:00:00,Point de Rosée,Point de Rosée,°C,6.0
2025-06-17 09:00:00,Rayonnement solaire,Rayonnement solaire,W/m²,621.0
2025-06-17 09:00:00,Pression atmosphérique,Pression atmosphérique,mm/j,984.5
2025-06-17 09:00:00,Évapotranspiration Horaire,Évapotranspiration Horaire,mm/h,0.94
2025-06-17 09:00:00,Évapotranspiration journalière,Évapotranspiration journalière,mm/j,7.49
2025-06-17 07:00:00,Direction du vent,Direction du vent,Deg,335.0
2025-06-17 07:00:00,Évapotranspiration journalière,Évapotranspiration journalière,mm/j,7.49
2025-06-17 07:00:00,Évapotranspiration Horaire,Évapotranspiration Horaire,mm/h,2.27
2025-06-17 07:00:00,Pression atmosphérique,Pression atmosphérique,mm/j,984.2
2025-06-17 07:00:00,Rayonnement solaire,Rayonnement solaire,W/m²,242.0
2025-06-17 07:00:00,Point de Rosée,Point de Rosée,°C,6.8
2025-06-17 07:00:00,Humidité relative,Humidité relative,%,24.7
2025-06-17 07:00:00,Température,Température,°C,29.0
2025-06-17 07:00:00,Vitesse du vent,Vitesse du vent,m/s,1.23
2025-06-17 05:00:00,Vitesse du vent,Vitesse du vent,m/s,2.44
2025-06-17 05:00:00,Évapotranspiration journalière,Évapotranspiration journalière,mm/j,7.49
2025-06-17 05:00:00,Évapotranspiration Horaire,Évapotranspiration Horaire,mm/h,0.78
2025-06-17 05:00:00,Pression atmosphérique,Pression atmosphérique,mm/j,983.9
2025-06-17 05:00:00,Rayonnement solaire,Rayonnement solaire,W/m²,1.0
2025-06-17 05:00:00,Point de Rosée,Point de Rosée,°C,6.5
2025-06-17 05:00:00,Humidité relative,Humidité relative,%,28.3
2025-06-17 05:00:00,Température,Température,°C,26.3
2025-06-17 05:00:00,Direction du vent,Direction du vent,Deg,267.9
2025-06-17 03:00:00,Vitesse du vent,Vitesse du vent,m/s,1.05
2025-06-17 03:00:00,Évapotranspiration journalière,Évapotranspiration journalière,mm/j,7.49
2025-06-17 03:00:00,Évapotranspiration Horaire,Évapotranspiration Horaire,mm/h,0.78
2025-06-17 03:00:00,Pression atmosphérique,Pression atmosphérique,mm/j,984.1
2025-06-17 03:00:00,Rayonnement solaire,Rayonnement solaire,W/m²,0.0
2025-06-17 03:00:00,Point de Rosée,Point de Rosée,°C,5.4
2025-06-17 03:00:00,Humidité relative,Humidité relative,%,25.7
2025-06-17 03:00:00,Température,Température,°C,26.7
2025-06-17 03:00:00,Direction du vent,Direction du vent,Deg,348.8
2025-06-17 01:00:00,Direction du vent,Direction du vent,Deg,283.0
2025-06-17 01:00:00,Évapotranspiration journalière,Évapotranspiration journalière,mm/j,7.49
2025-06-17 01:00:00,Évapotranspiration Horaire,Évapotranspiration Horaire,mm/h,0.78
2025-06-17 01:00:00,Pression atmosphérique,Pression atmosphérique,mm/j,984.8
2025-06-17 01:00:00,Rayonnement solaire,Rayonnement solaire,W/m²,0.0
2025-06-17 01:00:00,Point de Rosée,Point de Rosée,°C,8.6
2025-06-17 01:00:00,Humidité relative,Humidité relative,%,34.3
2025-06-17 01:00:00,Température,Température,°C,25.5
2025-06-17 01:00:00,Vitesse du vent,Vitesse du vent,m/s,1.29
2025-06-17 00:00:00,Humidité relative,Humidité relative,%,35.4
2025-06-17 00:00:00,Évapotranspiration journalière,Évapotranspiration journalière,mm/j,7.33
2025-06-17 00:00:00,Évapotranspiration Horaire,Évapotranspiration Horaire,mm/h,0.78
2025-06-17 00:00:00,Pression atmosphérique,Pression atmosphérique,mm/j,985.1
2025-06-17 00:00:00,Rayonnement solaire,Rayonnement solaire,W/m²,0.0
2025-06-17 00:00:00,Point de Rosée,Point de Rosée,°C,9.5
2025-06-17 00:00:00,Température,Température,°C,26.0
2025-06-17 00:00:00,Direction du vent,Direction du vent,Deg,326.7
2025-06-17 00:00:00,Vitesse du vent,Vitesse du vent,m/s,0.72
2025-06-16 23:00:00,Point de Rosée,Point de Rosée,°C,10.6
2025-06-16 23:00:00,Température,Température,°C,26.9
2025-06-16 23:00:00,Humidité relative,Humidité relative,%,36.1
2025-06-16 23:00:00,Pression atmosphérique,Pression atmosphérique,mm/j,985.4
2025-06-16 23:00:00,Évapotranspiration journalière,Évapotranspiration journalière,mm/j,7.33
2025-06-16 23:00:00,Direction du vent,Direction du vent,Deg,277.1
2025-06-16 23:00:00,Évapotranspiration Horaire,Évapotranspiration Horaire,mm/h,0.94
2025-06-16 23:00:00,Vitesse du vent,Vitesse du vent,m/s,0.69
2025-06-16 23:00:00,Rayonnement solaire,Rayonnement solaire,W/m²,0.0
2025-06-16 21:00:00,Évapotranspiration journalière,Évapotranspiration journalière,mm/j,7.33
2025-06-16 21:00:00,Évapotranspiration Horaire,Évapotranspiration Horaire,mm/h,0.78
2025-06-16 21:00:00,Vitesse du vent,Vitesse du vent,m/s,0.75
2025-06-16 21:00:00,Pression atmosphérique,Pression atmosphérique,mm/j,984.7
2025-06-16 21:00:00,Rayonnement solaire,Rayonnement solaire,W/m²,0.0
2025-06-16 21:00:00,Point de Rosée,Point de Rosée,°C,9.1
2025-06-16 21:00:00,Humidité relative,Humidité relative,%,29.9
2025-06-16 21:00:00,Température,Température,°C,28.4
2025-06-16 21:00:00,Direction du vent,Direction du vent,Deg,172.0
2025-06-16 19:00:00,Évapotranspiration journalière,Évapotranspiration journalière,mm/j,7.33
2025-06-16 19:00:00,Évapotranspiration Horaire,Évapotranspiration Horaire,mm/h,2.27
2025-06-16 19:00:00,Pression atmosphérique,Pression atmosphérique,mm/j,983.9
2025-06-16 19:00:00,Rayonnement solaire,Rayonnement solaire,W/m²,40.0
2025-06-16 19:00:00,Point de Rosée,Point de Rosée,°C,6.9
2025-06-16 19:00:00,Humidité relative,Humidité relative,%,20.7
2025-06-16 19:00:00,Température,Température,°C,32.2
2025-06-16 19:00:00,Direction du vent,Direction du vent,Deg,193.1
2025-06-16 19:00:00,Vitesse du vent,Vitesse du vent,m/s,0.6
2025-06-16 17:00:00,Point de Rosée,Point de Rosée,°C,4.9
2025-06-16 17:00:00,Évapotranspiration journalière,Évapotranspiration journalière,mm/j,7.33
2025-06-16 17:00:00,Évapotranspiration Horaire,Évapotranspiration Horaire,mm/h,0.94
2025-06-16 17:00:00,Pression atmosphérique,Pression atmosphérique,mm/j,982.9
2025-06-16 17:00:00,Rayonnement solaire,Rayonnement solaire,W/m²,381.0
2025-06-16 17:00:00,Humidité relative,Humidité relative,%,13.7
2025-06-16 17:00:00,Température,Température,°C,37.1
2025-06-16 17:00:00,Direction du vent,Direction du vent,Deg,117.7
2025-06-16 17:00:00,Vitesse du vent,Vitesse du vent,m/s,2.14
2025-06-16 15:00:00,Évapotranspiration journalière,Évapotranspiration journalière,mm/j,7.33
2025-06-16 15:00:00,Évapotranspiration Horaire,Évapotranspiration Horaire,mm/h,0.78
2025-06-16 15:00:00,Pression atmosphérique,Pression atmosphérique,mm/j,983.6
2025-06-16 15:00:00,Rayonnement solaire,Rayonnement solaire,W/m²,737.0
2025-06-16 15:00:00,Point de Rosée,Point de Rosée,°C,5.5
2025-06-16 15:00:00,Humidité relative,Humidité relative,%,14.5
2025-06-16 15:00:00,Température,Température,°C,36.9
2025-06-16 15:00:00,Direction du vent,Direction du vent,Deg,37.8
2025-06-16 15:00:00,Vitesse du vent,Vitesse du vent,m/s,3.46
2025-06-16 13:00:00,Évapotranspiration journalière,Évapotranspiration journalière,mm/j,7.33
2025-06-16 13:00:00,Évapotranspiration Horaire,Évapotranspiration Horaire,mm/h,0.78
2025-06-16 13:00:00,Pression atmosphérique,Pression atmosphérique,mm/j,984.5
2025-06-16 13:00:00,Rayonnement solaire,Rayonnement solaire,W/m²,919.0
2025-06-16 13:00:00,Point de Rosée,Point de Rosée,°C,6.5
2025-06-16 13:00:00,Humidité relative,Humidité relative,%,16.8
2025-06-16 13:00:00,Température,Température,°C,35.4
2025-06-16 13:00:00,Direction du vent,Direction du vent,Deg,123.8
2025-06-16 13:00:00,Vitesse du vent,Vitesse du vent,m/s,2.68
2025-06-16 11:00:00,Évapotranspiration journalière,Évapotranspiration journalière,mm/j,7.33
2025-06-16 11:00:00,Évapotranspiration Horaire,Évapotranspiration Horaire,mm/h,0.93
2025-06-16 11:00:00,Humidité relative,Humidité relative,%,21.7
2025-06-16 11:00:00,Pression atmosphérique,Pression atmosphérique,mm/j,985.3
2025-06-16 11:00:00,Vitesse du vent,Vitesse du vent,m/s,1.87
2025-06-16 11:00:00,Rayonnement solaire,Rayonnement solaire,W/m²,882.0
2025-06-16 11:00:00,Direction du vent,Direction du vent,Deg,333.2
2025-06-16 11:00:00,Point de Rosée,Point de Rosée,°C,8.8
2025-06-16 11:00:00,Température,Température,°C,33.6
2025-06-16 09:00:00,Pression atmosphérique,Pression atmosphérique,mm/j,985.4
2025-06-16 09:00:00,Vitesse du vent,Vitesse du vent,m/s,2.4
2025-06-16 09:00:00,Direction du vent,Direction du vent,Deg,161.9
2025-06-16 09:00:00,Température,Température,°C,31.2
2025-06-16 09:00:00,Humidité relative,Humidité relative,%,29.4
2025-06-16 09:00:00,Point de Rosée,Point de Rosée,°C,11.2
2025-06-16 09:00:00,Rayonnement solaire,Rayonnement solaire,W/m²,643.0
2025-06-16 09:00:00,Évapotranspiration Horaire,Évapotranspiration Horaire,mm/h,0.78
2025-06-16 09:00:00,Évapotranspiration journalière,Évapotranspiration journalière,mm/j,7.33
2025-06-16 07:00:00,Vitesse du vent,Vitesse du vent,m/s,0.65
2025-06-16 07:00:00,Rayonnement solaire,Rayonnement solaire,W/m²,248.0
2025-06-16 07:00:00,Humidité relative,Humidité relative,%,38.6
2025-06-16 07:00:00,Pression atmosphérique,Pression atmosphérique,mm/j,985.3
2025-06-16 07:00:00,Évapotranspiration Horaire,Évapotranspiration Horaire,mm/h,0.78
2025-06-16 07:00:00,Évapotranspiration journalière,Évapotranspiration journalière,mm/j,7.33
2025-06-16 07:00:00,Température,Température,°C,26.8
2025-06-16 07:00:00,Point de Rosée,Point de Rosée,°C,11.5
2025-06-16 07:00:00,Direction du vent,Direction du vent,Deg,300.2
2025-06-16 05:00:00,Rayonnement solaire,Rayonnement solaire,W/m²,1.0
2025-06-16 05:00:00,Évapotranspiration journalière,Évapotranspiration journalière,mm/j,7.33
2025-06-16 05:00:00,Évapotranspiration Horaire,Évapotranspiration Horaire,mm/h,0.78
2025-06-16 05:00:00,Pression atmosphérique,Pression atmosphérique,mm/j,984.8
2025-06-16 05:00:00,Point de Rosée,Point de Rosée,°C,11.7
2025-06-16 05:00:00,Humidité relative,Humidité relative,%,46.2
2025-06-16 05:00:00,Température,Température,°C,24.0
2025-06-16 05:00:00,Direction du vent,Direction du vent,Deg,331.1
2025-06-16 05:00:00,Vitesse du vent,Vitesse du vent,m/s,1.57
2025-06-16 03:00:00,Rayonnement solaire,Rayonnement solaire,W/m²,0.0
2025-06-16 03:00:00,Direction du vent,Direction du vent,Deg,336.2
2025-06-16 03:00:00,Évapotranspiration journalière,Évapotranspiration journalière,mm/j,7.33
2025-06-16 03:00:00,Température,Température,°C,24.8
2025-06-16 03:00:00,Vitesse du vent,Vitesse du vent,m/s,1.28
2025-06-16 03:00:00,Évapotranspiration Horaire,Évapotranspiration Horaire,mm/h,2.26
2025-06-16 03:00:00,Humidité relative,Humidité relative,%,39.3
2025-06-16 03:00:00,Pression atmosphérique,Pression atmosphérique,mm/j,984.6
2025-06-16 03:00:00,Point de Rosée,Point de Rosée,°C,10.0
2025-06-16 01:00:00,Pression atmosphérique,Pression atmosphérique,mm/j,985.0
2025-06-16 01:00:00,Direction du vent,Direction du vent,Deg,303.7
2025-06-16 01:00:00,Température,Température,°C,24.4
2025-06-16 01:00:00,Humidité relative,Humidité relative,%,46.2
2025-06-16 01:00:00,Point de Rosée,Point de Rosée,°C,12.1
2025-06-16 01:00:00,Rayonnement solaire,Rayonnement solaire,W/m²,0.0
2025-06-16 01:00:00,Vitesse du vent,Vitesse du vent,m/s,1.54
2025-06-16 01:00:00,Évapotranspiration Horaire,Évapotranspiration Horaire,mm/h,0.78
2025-06-16 01:00:00,Évapotranspiration journalière,Évapotranspiration journalière,mm/j,7.33
2025-06-16 00:00:00,Évapotranspiration Horaire,Évapotranspiration Horaire,mm/h,0.78
2025-06-16 00:00:00,Humidité relative,Humidité relative,%,45.6
2025-06-16 00:00:00,Rayonnement solaire,Rayonnement solaire,W/m²,0.0
2025-06-16 00:00:00,Température,Température,°C,25.0
2025-06-16 00:00:00,Pression atmosphérique,Pression atmosphérique,mm/j,985.5
2025-06-16 00:00:00,Direction du vent,Direction du vent,Deg,287.4
2025-06-16 00:00:00,Point de Rosée,Point de Rosée,°C,12.4
2025-06-16 00:00:00,Vitesse du vent,Vitesse du vent,m/s,1.53
2025-06-16 00:00:00,Évapotranspiration journalière,Évapotranspiration journalière,mm/j,6.97
2025-06-15 23:00:00,Vitesse du vent,Vitesse du vent,m/s,0.45
2025-06-15 23:00:00,Évapotranspiration journalière,Évapotranspiration journalière,mm/j,6.97
2025-06-15 23:00:00,Évapotranspiration Horaire,Évapotranspiration Horaire,mm/h,2.26
2025-06-15 23:00:00,Pression atmosphérique,Pression atmosphérique,mm/j,985.2
2025-06-15 23:00:00,Rayonnement solaire,Rayonnement solaire,W/m²,0.0
2025-06-15 23:00:00,Point de Rosée,Point de Rosée,°C,11.8
2025-06-15 23:00:00,Humidité relative,Humidité relative,%,42.5
2025-06-15 23:00:00,Température,Température,°C,25.5
2025-06-15 23:00:00,Direction du vent,Direction du vent,Deg,289.0
2025-06-15 21:00:00,Pression atmosphérique,Pression atmosphérique,mm/j,984.9
2025-06-15 21:00:00,Vitesse du vent,Vitesse du vent,m/s,2.16
2025-06-15 21:00:00,Direction du vent,Direction du vent,Deg,157.5
2025-06-15 21:00:00,Température,Température,°C,28.0
2025-06-15 21:00:00,Humidité relative,Humidité relative,%,33.7
2025-06-15 21:00:00,Point de Rosée,Point de Rosée,°C,10.5
2025-06-15 21:00:00,Rayonnement solaire,Rayonnement solaire,W/m²,0.0
2025-06-15 21:00:00,Évapotranspiration Horaire,Évapotranspiration Horaire,mm/h,0.78
2025-06-15 21:00:00,Évapotranspiration journalière,Évapotranspiration journalière,mm/j,6.97
2025-06-15 20:00:00,Humidité relative,Humidité relative,%,27.3
2025-06-15 20:00:00,Température,Température,°C,29.9
2025-06-15 20:00:00,Direction du vent,Direction du vent,Deg,154.1
2025-06-15 20:00:00,Vitesse du vent,Vitesse du vent,m/s,1.28
2025-06-15 20:00:00,Pression atmosphérique,Pression atmosphérique,mm/j,984.4
2025-06-15 20:00:00,Rayonnement solaire,Rayonnement solaire,W/m²,0.0
2025-06-15 20:00:00,Évapotranspiration Horaire,Évapotranspiration Horaire,mm/h,2.26
2025-06-15 20:00:00,Point de Rosée,Point de Rosée,°C,9.0
2025-06-15 20:00:00,Évapotranspiration journalière,Évapotranspiration journalière,mm/j,6.97
2025-06-15 19:00:00,Évapotranspiration journalière,Évapotranspiration journalière,mm/j,6.97
2025-06-15 19:00:00,Rayonnement solaire,Rayonnement solaire,W/m²,39.0
2025-06-15 19:00:00,Pression atmosphérique,Pression atmosphérique,mm/j,984.1
2025-06-15 19:00:00,Évapotranspiration Horaire,Évapotranspiration Horaire,mm/h,0.94
2025-06-15 19:00:00,Vitesse du vent,Vitesse du vent,m/s,2.36
2025-06-15 19:00:00,Direction du vent,Direction du vent,Deg,138.9
2025-06-15 19:00:00,Température,Température,°C,31.8
2025-06-15 19:00:00,Humidité relative,Humidité relative,%,24.4
2025-06-15 19:00:00,Point de Rosée,Point de Rosée,°C,9.0
2025-06-15 17:00:00,Vitesse du vent,Vitesse du vent,m/s,1.83
2025-06-15 17:00:00,Direction du vent,Direction du vent,Deg,174.6
2025-06-15 17:00:00,Température,Température,°C,34.6
2025-06-15 17:00:00,Humidité relative,Humidité relative,%,23.2
2025-06-15 17:00:00,Point de Rosée,Point de Rosée,°C,10.6
2025-06-15 17:00:00,Rayonnement solaire,Rayonnement solaire,W/m²,372.0
2025-06-15 17:00:00,Pression atmosphérique,Pression atmosphérique,mm/j,983.1
2025-06-15 17:00:00,Évapotranspiration Horaire,Évapotranspiration Horaire,mm/h,0.78
2025-06-15 17:00:00,Évapotranspiration journalière,Évapotranspiration journalière,mm/j,6.97
2025-06-15 15:00:00,Évapotranspiration journalière,Évapotranspiration journalière,mm/j,6.97
2025-06-15 15:00:00,Vitesse du vent,Vitesse du vent,m/s,1.25
2025-06-15 15:00:00,Direction du vent,Direction du vent,Deg,129.6
2025-06-15 15:00:00,Température,Température,°C,34.9
2025-06-15 15:00:00,Humidité relative,Humidité relative,%,17.3
2025-06-15 15:00:00,Point de Rosée,Point de Rosée,°C,6.5
2025-06-15 15:00:00,Rayonnement solaire,Rayonnement solaire,W/m²,741.0
2025-06-15 15:00:00,Pression atmosphérique,Pression atmosphérique,mm/j,984.0
2025-06-15 15:00:00,Évapotranspiration Horaire,Évapotranspiration Horaire,mm/h,0.94
2025-06-15 13:00:00,Vitesse du vent,Vitesse du vent,m/s,0.98
2025-06-15 13:00:00,Direction du vent,Direction du vent,Deg,197.3
2025-06-15 13:00:00,Température,Température,°C,33.4
2025-06-15 13:00:00,Humidité relative,Humidité relative,%,19.5
2025-06-15 13:00:00,Point de Rosée,Point de Rosée,°C,7.0
2025-06-15 13:00:00,Rayonnement solaire,Rayonnement solaire,W/m²,923.0
2025-06-15 13:00:00,Pression atmosphérique,Pression atmosphérique,mm/j,984.9
2025-06-15 13:00:00,Évapotranspiration Horaire,Évapotranspiration Horaire,mm/h,2.25
2025-06-15 13:00:00,Évapotranspiration journalière,Évapotranspiration journalière,mm/j,6.97
2025-06-15 11:00:00,Rayonnement solaire,Rayonnement solaire,W/m²,897.0
2025-06-15 11:00:00,Direction du vent,Direction du vent,Deg,14.6
2025-06-15 11:00:00,Température,Température,°C,32.6
2025-06-15 11:00:00,Humidité relative,Humidité relative,%,23.3
2025-06-15 11:00:00,Point de Rosée,Point de Rosée,°C,9.0
2025-06-15 11:00:00,Vitesse du vent,Vitesse du vent,m/s,1.75
2025-06-15 11:00:00,Pression atmosphérique,Pression atmosphérique,mm/j,985.8
2025-06-15 11:00:00,Évapotranspiration Horaire,Évapotranspiration Horaire,mm/h,0.79
2025-06-15 11:00:00,Évapotranspiration journalière,Évapotranspiration journalière,mm/j,6.97
2025-06-15 10:00:00,Point de Rosée,Point de Rosée,°C,9.4
2025-06-15 10:00:00,Direction du vent,Direction du vent,Deg,58.0
2025-06-15 10:00:00,Température,Température,°C,31.9
2025-06-15 10:00:00,Rayonnement solaire,Rayonnement solaire,W/m²,810.0
2025-06-15 10:00:00,Pression atmosphérique,Pression atmosphérique,mm/j,986.1
2025-06-15 10:00:00,Humidité relative,Humidité relative,%,24.9
2025-06-15 10:00:00,Évapotranspiration Horaire,Évapotranspiration Horaire,mm/h,0.94
2025-06-15 10:00:00,Vitesse du vent,Vitesse du vent,m/s,2.04
2025-06-15 10:00:00,Évapotranspiration journalière,Évapotranspiration journalière,mm/j,6.97
2025-06-15 09:00:00,Pression atmosphérique,Pression atmosphérique,mm/j,986.0
2025-06-15 09:00:00,Direction du vent,Direction du vent,Deg,222.2
2025-06-15 09:00:00,Température,Température,°C,31.2
2025-06-15 09:00:00,Humidité relative,Humidité relative,%,27.7
2025-06-15 09:00:00,Point de Rosée,Point de Rosée,°C,10.4
2025-06-15 09:00:00,Rayonnement solaire,Rayonnement solaire,W/m²,654.0
2025-06-15 09:00:00,Vitesse du vent,Vitesse du vent,m/s,2.33
2025-06-15 09:00:00,Évapotranspiration Horaire,Évapotranspiration Horaire,mm/h,0.79
2025-06-15 09:00:00,Évapotranspiration journalière,Évapotranspiration journalière,mm/j,6.97
2025-06-15 07:00:00,Évapotranspiration journalière,Évapotranspiration journalière,mm/j,6.97
2025-06-15 07:00:00,Évapotranspiration Horaire,Évapotranspiration Horaire,mm/h,0.83
2025-06-15 07:00:00,Pression atmosphérique,Pression atmosphérique,mm/j,985.8
2025-06-15 07:00:00,Rayonnement solaire,Rayonnement solaire,W/m²,256.0
2025-06-15 07:00:00,Direction du vent,Direction du vent,Deg,163.3
2025-06-15 07:00:00,Point de Rosée,Point de Rosée,°C,12.2
2025-06-15 07:00:00,Vitesse du vent,Vitesse du vent,m/s,0.76
2025-06-15 07:00:00,Humidité relative,Humidité relative,%,40.0
2025-06-15 07:00:00,Température,Température,°C,27.0
2025-06-15 05:00:00,Point de Rosée,Point de Rosée,°C,12.5
2025-06-15 05:00:00,Évapotranspiration journalière,Évapotranspiration journalière,mm/j,6.97
2025-06-15 05:00:00,Évapotranspiration Horaire,Évapotranspiration Horaire,mm/h,0.78
2025-06-15 05:00:00,Pression atmosphérique,Pression atmosphérique,mm/j,985.2
2025-06-15 05:00:00,Rayonnement solaire,Rayonnement solaire,W/m²,1.0
2025-06-15 05:00:00,Humidité relative,Humidité relative,%,50.0
2025-06-15 05:00:00,Température,Température,°C,23.5
2025-06-15 05:00:00,Direction du vent,Direction du vent,Deg,337.8
2025-06-15 05:00:00,Vitesse du vent,Vitesse du vent,m/s,1.66
2025-06-14 09:00:00,Évapotranspiration journalière,Évapotranspiration journalière,mm/j,6.84
2025-06-14 09:00:00,Évapotranspiration Horaire,Évapotranspiration Horaire,mm/h,0.79
2025-06-14 09:00:00,Vitesse du vent,Vitesse du vent,m/s,0.66
2025-06-14 09:00:00,Direction du vent,Direction du vent,Deg,295.4
2025-06-14 09:00:00,Température,Température,°C,29.0
2025-06-14 09:00:00,Humidité relative,Humidité relative,%,30.6
2025-06-14 09:00:00,Point de Rosée,Point de Rosée,°C,10.0
2025-06-14 09:00:00,Rayonnement solaire,Rayonnement solaire,W/m²,663.0
2025-06-14 09:00:00,Pression atmosphérique,Pression atmosphérique,mm/j,986.3
2025-06-14 08:00:00,Pression atmosphérique,Pression atmosphérique,mm/j,986.4
2025-06-14 08:00:00,Vitesse du vent,Vitesse du vent,m/s,0.27
2025-06-14 08:00:00,Direction du vent,Direction du vent,Deg,50.8
2025-06-14 08:00:00,Température,Température,°C,27.4
2025-06-14 08:00:00,Humidité relative,Humidité relative,%,34.4
2025-06-14 08:00:00,Point de Rosée,Point de Rosée,°C,10.3
2025-06-14 08:00:00,Rayonnement solaire,Rayonnement solaire,W/m²,471.0
2025-06-14 08:00:00,Évapotranspiration Horaire,Évapotranspiration Horaire,mm/h,0.79
2025-06-14 08:00:00,Évapotranspiration journalière,Évapotranspiration journalière,mm/j,6.84
2025-06-14 07:00:00,Vitesse du vent,Vitesse du vent,m/s,1.33
2025-06-14 07:00:00,Évapotranspiration journalière,Évapotranspiration journalière,mm/j,6.84
2025-06-14 07:00:00,Évapotranspiration Horaire,Évapotranspiration Horaire,mm/h,0.79
2025-06-14 07:00:00,Pression atmosphérique,Pression atmosphérique,mm/j,986.4
2025-06-14 07:00:00,Rayonnement solaire,Rayonnement solaire,W/m²,265.0
2025-06-14 07:00:00,Point de Rosée,Point de Rosée,°C,11.7
2025-06-14 07:00:00,Humidité relative,Humidité relative,%,42.7
2025-06-14 07:00:00,Température,Température,°C,25.3
2025-06-14 07:00:00,Direction du vent,Direction du vent,Deg,57.8
2025-06-14 06:00:00,Point de Rosée,Point de Rosée,°C,10.7
2025-06-14 06:00:00,Évapotranspiration journalière,Évapotranspiration journalière,mm/j,6.84
2025-06-14 06:00:00,Évapotranspiration Horaire,Évapotranspiration Horaire,mm/h,0.79
2025-06-14 06:00:00,Pression atmosphérique,Pression atmosphérique,mm/j,986.3
2025-06-14 06:00:00,Rayonnement solaire,Rayonnement solaire,W/m²,86.0
2025-06-14 06:00:00,Humidité relative,Humidité relative,%,50.1
2025-06-14 06:00:00,Température,Température,°C,21.5
2025-06-14 06:00:00,Direction du vent,Direction du vent,Deg,319.1
2025-06-14 06:00:00,Vitesse du vent,Vitesse du vent,m/s,0.64
2025-06-14 05:00:00,Vitesse du vent,Vitesse du vent,m/s,2.2
2025-06-14 05:00:00,Point de Rosée,Point de Rosée,°C,10.2
2025-06-14 05:00:00,Humidité relative,Humidité relative,%,49.1
2025-06-14 05:00:00,Température,Température,°C,21.3
2025-06-14 05:00:00,Direction du vent,Direction du vent,Deg,336.2
2025-06-14 05:00:00,Évapotranspiration journalière,Évapotranspiration journalière,mm/j,6.84
2025-06-14 05:00:00,Évapotranspiration Horaire,Évapotranspiration Horaire,mm/h,0.79
2025-06-14 05:00:00,Pression atmosphérique,Pression atmosphérique,mm/j,985.6
2025-06-14 05:00:00,Rayonnement solaire,Rayonnement solaire,W/m²,1.0
2025-06-14 03:00:00,Évapotranspiration journalière,Évapotranspiration journalière,mm/j,6.84
2025-06-14 03:00:00,Évapotranspiration Horaire,Évapotranspiration Horaire,mm/h,0.79
2025-06-14 03:00:00,Humidité relative,Humidité relative,%,53.0
2025-06-14 03:00:00,Rayonnement solaire,Rayonnement solaire,W/m²,0.0
2025-06-14 03:00:00,Vitesse du vent,Vitesse du vent,m/s,0.85
2025-06-14 03:00:00,Pression atmosphérique,Pression atmosphérique,mm/j,985.4
2025-06-14 03:00:00,Température,Température,°C,21.8
2025-06-14 03:00:00,Point de Rosée,Point de Rosée,°C,11.8
2025-06-14 03:00:00,Direction du vent,Direction du vent,Deg,299.0
2025-06-14 02:00:00,Direction du vent,Direction du vent,Deg,331.8
2025-06-14 02:00:00,Évapotranspiration journalière,Évapotranspiration journalière,mm/j,6.84
2025-06-14 02:00:00,Évapotranspiration Horaire,Évapotranspiration Horaire,mm/h,0.79
2025-06-14 02:00:00,Pression atmosphérique,Pression atmosphérique,mm/j,985.5
2025-06-14 02:00:00,Rayonnement solaire,Rayonnement solaire,W/m²,0.0
2025-06-14 02:00:00,Point de Rosée,Point de Rosée,°C,12.3
2025-06-14 02:00:00,Humidité relative,Humidité relative,%,54.7
2025-06-14 02:00:00,Température,Température,°C,21.8
2025-06-14 02:00:00,Vitesse du vent,Vitesse du vent,m/s,1.23
2025-06-14 01:00:00,Évapotranspiration journalière,Évapotranspiration journalière,mm/j,6.84
2025-06-14 01:00:00,Rayonnement solaire,Rayonnement solaire,W/m²,0.0
2025-06-14 01:00:00,Évapotranspiration Horaire,Évapotranspiration Horaire,mm/h,0.79
2025-06-14 01:00:00,Humidité relative,Humidité relative,%,56.9
2025-06-14 01:00:00,Direction du vent,Direction du vent,Deg,300.1
2025-06-14 01:00:00,Pression atmosphérique,Pression atmosphérique,mm/j,985.7
2025-06-14 01:00:00,Vitesse du vent,Vitesse du vent,m/s,1.28
2025-06-14 01:00:00,Température,Température,°C,21.9
2025-06-14 01:00:00,Point de Rosée,Point de Rosée,°C,13.0
2025-06-14 00:00:00,Point de Rosée,Point de Rosée,°C,12.9
2025-06-14 00:00:00,Humidité relative,Humidité relative,%,52.0
2025-06-14 00:00:00,Température,Température,°C,23.3
2025-06-14 00:00:00,Direction du vent,Direction du vent,Deg,320.9
2025-06-14 00:00:00,Vitesse du vent,Vitesse du vent,m/s,0.81
2025-06-14 00:00:00,Évapotranspiration journalière,Évapotranspiration journalière,mm/j,6.94
2025-06-14 00:00:00,Évapotranspiration Horaire,Évapotranspiration Horaire,mm/h,0.79
2025-06-14 00:00:00,Pression atmosphérique,Pression atmosphérique,mm/j,986.1
2025-06-14 00:00:00,Rayonnement solaire,Rayonnement solaire,W/m²,0.0
2025-06-13 23:00:00,Point de Rosée,Point de Rosée,°C,12.4
2025-06-13 23:00:00,Évapotranspiration journalière,Évapotranspiration journalière,mm/j,6.94
2025-06-13 23:00:00,Évapotranspiration Horaire,Évapotranspiration Horaire,mm/h,0.79
2025-06-13 23:00:00,Pression atmosphérique,Pression atmosphérique,mm/j,986.2
2025-06-13 23:00:00,Rayonnement solaire,Rayonnement solaire,W/m²,0.0
2025-06-13 23:00:00,Humidité relative,Humidité relative,%,49.5
2025-06-13 23:00:00,Température,Température,°C,23.6
2025-06-13 23:00:00,Direction du vent,Direction du vent,Deg,295.5
2025-06-13 23:00:00,Vitesse du vent,Vitesse du vent,m/s,0.87
2025-06-13 21:00:00,Évapotranspiration journalière,Évapotranspiration journalière,mm/j,6.94
2025-06-13 21:00:00,Vitesse du vent,Vitesse du vent,m/s,0.91
2025-06-13 21:00:00,Direction du vent,Direction du vent,Deg,181.5
2025-06-13 21:00:00,Évapotranspiration Horaire,Évapotranspiration Horaire,mm/h,0.79
2025-06-13 21:00:00,Température,Température,°C,25.6
2025-06-13 21:00:00,Pression atmosphérique,Pression atmosphérique,mm/j,986.0
2025-06-13 21:00:00,Humidité relative,Humidité relative,%,44.2
2025-06-13 21:00:00,Rayonnement solaire,Rayonnement solaire,W/m²,0.0
2025-06-13 21:00:00,Point de Rosée,Point de Rosée,°C,12.5
2025-06-13 20:00:00,Évapotranspiration Horaire,Évapotranspiration Horaire,mm/h,2.25
2025-06-13 20:00:00,Vitesse du vent,Vitesse du vent,m/s,1.77
2025-06-13 20:00:00,Direction du vent,Direction du vent,Deg,96.6
2025-06-13 20:00:00,Température,Température,°C,28.0
2025-06-13 20:00:00,Humidité relative,Humidité relative,%,34.2
2025-06-13 20:00:00,Point de Rosée,Point de Rosée,°C,10.8
2025-06-13 20:00:00,Rayonnement solaire,Rayonnement solaire,W/m²,0.0
2025-06-13 20:00:00,Pression atmosphérique,Pression atmosphérique,mm/j,985.2
2025-06-13 20:00:00,Évapotranspiration journalière,Évapotranspiration journalière,mm/j,6.94
2025-06-13 19:00:00,Humidité relative,Humidité relative,%,27.7
2025-06-13 19:00:00,Évapotranspiration Horaire,Évapotranspiration Horaire,mm/h,0.79
2025-06-13 19:00:00,Température,Température,°C,30.0
2025-06-13 19:00:00,Rayonnement solaire,Rayonnement solaire,W/m²,38.0
2025-06-13 19:00:00,Direction du vent,Direction du vent,Deg,125.4
2025-06-13 19:00:00,Vitesse du vent,Vitesse du vent,m/s,3.12
2025-06-13 19:00:00,Évapotranspiration journalière,Évapotranspiration journalière,mm/j,6.94
2025-06-13 19:00:00,Point de Rosée,Point de Rosée,°C,9.3
2025-06-13 19:00:00,Pression atmosphérique,Pression atmosphérique,mm/j,984.7
2025-06-13 18:00:00,Pression atmosphérique,Pression atmosphérique,mm/j,984.2
2025-06-13 18:00:00,Évapotranspiration journalière,Évapotranspiration journalière,mm/j,6.94
2025-06-13 18:00:00,Humidité relative,Humidité relative,%,26.4
2025-06-13 18:00:00,Point de Rosée,Point de Rosée,°C,9.8
2025-06-13 18:00:00,Température,Température,°C,31.4
2025-06-13 18:00:00,Évapotranspiration Horaire,Évapotranspiration Horaire,mm/h,2.25
2025-06-13 18:00:00,Direction du vent,Direction du vent,Deg,128.1
2025-06-13 18:00:00,Rayonnement solaire,Rayonnement solaire,W/m²,192.0
2025-06-13 18:00:00,Vitesse du vent,Vitesse du vent,m/s,2.1
2025-06-13 17:00:00,Vitesse du vent,Vitesse du vent,m/s,2.61
2025-06-13 17:00:00,Évapotranspiration journalière,Évapotranspiration journalière,mm/j,6.94
2025-06-13 17:00:00,Évapotranspiration Horaire,Évapotranspiration Horaire,mm/h,2.24
2025-06-13 17:00:00,Pression atmosphérique,Pression atmosphérique,mm/j,984.0
2025-06-13 17:00:00,Rayonnement solaire,Rayonnement solaire,W/m²,395.0
2025-06-13 17:00:00,Point de Rosée,Point de Rosée,°C,6.6
2025-06-13 17:00:00,Humidité relative,Humidité relative,%,19.9
2025-06-13 17:00:00,Température,Température,°C,32.5
2025-06-13 17:00:00,Direction du vent,Direction du vent,Deg,117.6
2025-06-13 16:00:00,Vitesse du vent,Vitesse du vent,m/s,3.45
2025-06-13 16:00:00,Évapotranspiration journalière,Évapotranspiration journalière,mm/j,6.94
2025-06-13 16:00:00,Évapotranspiration Horaire,Évapotranspiration Horaire,mm/h,0.8
2025-06-13 16:00:00,Pression atmosphérique,Pression atmosphérique,mm/j,983.9
2025-06-13 16:00:00,Rayonnement solaire,Rayonnement solaire,W/m²,590.0
2025-06-13 16:00:00,Point de Rosée,Point de Rosée,°C,4.6
2025-06-13 16:00:00,Humidité relative,Humidité relative,%,16.9
2025-06-13 16:00:00,Température,Température,°C,33.0
2025-06-13 16:00:00,Direction du vent,Direction du vent,Deg,99.4
2025-06-13 15:00:00,Température,Température,°C,32.8
2025-06-13 15:00:00,Point de Rosée,Point de Rosée,°C,5.4
2025-06-13 15:00:00,Évapotranspiration journalière,Évapotranspiration journalière,mm/j,6.94
2025-06-13 15:00:00,Vitesse du vent,Vitesse du vent,m/s,0.51
2025-06-13 15:00:00,Évapotranspiration Horaire,Évapotranspiration Horaire,mm/h,2.24
2025-06-13 15:00:00,Humidité relative,Humidité relative,%,18.1
2025-06-13 15:00:00,Pression atmosphérique,Pression atmosphérique,mm/j,984.1
2025-06-13 15:00:00,Direction du vent,Direction du vent,Deg,97.6
2025-06-13 15:00:00,Rayonnement solaire,Rayonnement solaire,W/m²,756.0
2025-06-13 14:00:00,Point de Rosée,Point de Rosée,°C,6.7
2025-06-13 14:00:00,Évapotranspiration journalière,Évapotranspiration journalière,mm/j,6.94
2025-06-13 14:00:00,Évapotranspiration Horaire,Évapotranspiration Horaire,mm/h,0.8
2025-06-13 14:00:00,Pression atmosphérique,Pression atmosphérique,mm/j,984.4
2025-06-13 14:00:00,Rayonnement solaire,Rayonnement solaire,W/m²,861.0
2025-06-13 14:00:00,Humidité relative,Humidité relative,%,19.8
2025-06-13 14:00:00,Température,Température,°C,32.7
2025-06-13 14:00:00,Direction du vent,Direction du vent,Deg,95.4
2025-06-13 14:00:00,Vitesse du vent,Vitesse du vent,m/s,1.82
2025-06-13 13:00:00,Pression atmosphérique,Pression atmosphérique,mm/j,984.6
2025-06-13 13:00:00,Évapotranspiration Horaire,Évapotranspiration Horaire,mm/h,0.8
2025-06-13 13:00:00,Humidité relative,Humidité relative,%,24.0
2025-06-13 13:00:00,Direction du vent,Direction du vent,Deg,103.8
2025-06-13 13:00:00,Température,Température,°C,31.6
2025-06-13 13:00:00,Rayonnement solaire,Rayonnement solaire,W/m²,934.0
2025-06-13 13:00:00,Vitesse du vent,Vitesse du vent,m/s,1.59
2025-06-13 13:00:00,Point de Rosée,Point de Rosée,°C,8.6
2025-06-13 13:00:00,Évapotranspiration journalière,Évapotranspiration journalière,mm/j,6.94
2025-06-13 11:00:00,Rayonnement solaire,Rayonnement solaire,W/m²,915.0
2025-06-13 11:00:00,Évapotranspiration journalière,Évapotranspiration journalière,mm/j,6.94
2025-06-13 11:00:00,Évapotranspiration Horaire,Évapotranspiration Horaire,mm/h,2.24
2025-06-13 11:00:00,Vitesse du vent,Vitesse du vent,m/s,3.94
2025-06-13 11:00:00,Pression atmosphérique,Pression atmosphérique,mm/j,985.6
2025-06-13 11:00:00,Point de Rosée,Point de Rosée,°C,10.7
2025-06-13 11:00:00,Humidité relative,Humidité relative,%,31.4
2025-06-13 11:00:00,Température,Température,°C,29.4
2025-06-13 11:00:00,Direction du vent,Direction du vent,Deg,89.8
2025-06-13 10:00:00,Évapotranspiration journalière,Évapotranspiration journalière,mm/j,6.94
2025-06-13 10:00:00,Vitesse du vent,Vitesse du vent,m/s,1.73
2025-06-13 10:00:00,Évapotranspiration Horaire,Évapotranspiration Horaire,mm/h,2.24
2025-06-13 10:00:00,Direction du vent,Direction du vent,Deg,29.0
2025-06-13 10:00:00,Pression atmosphérique,Pression atmosphérique,mm/j,985.6
2025-06-13 10:00:00,Température,Température,°C,28.5
2025-06-13 10:00:00,Rayonnement solaire,Rayonnement solaire,W/m²,812.0
2025-06-13 10:00:00,Humidité relative,Humidité relative,%,33.3
2025-06-13 10:00:00,Point de Rosée,Point de Rosée,°C,10.8
2025-06-13 09:00:00,Direction du vent,Direction du vent,Deg,197.8
2025-06-13 09:00:00,Évapotranspiration journalière,Évapotranspiration journalière,mm/j,6.94
2025-06-13 09:00:00,Évapotranspiration Horaire,Évapotranspiration Horaire,mm/h,0.95
2025-06-13 09:00:00,Pression atmosphérique,Pression atmosphérique,mm/j,985.6
2025-06-13 09:00:00,Rayonnement solaire,Rayonnement solaire,W/m²,663.0
2025-06-13 09:00:00,Point de Rosée,Point de Rosée,°C,10.4
2025-06-13 09:00:00,Humidité relative,Humidité relative,%,34.9
2025-06-13 09:00:00,Température,Température,°C,27.3
2025-06-13 09:00:00,Vitesse du vent,Vitesse du vent,m/s,0.05
2025-06-13 07:00:00,Évapotranspiration journalière,Évapotranspiration journalière,mm/j,6.94
2025-06-13 07:00:00,Évapotranspiration Horaire,Évapotranspiration Horaire,mm/h,2.25
2025-06-13 07:00:00,Pression atmosphérique,Pression atmosphérique,mm/j,984.8
2025-06-13 07:00:00,Rayonnement solaire,Rayonnement solaire,W/m²,264.0
2025-06-13 07:00:00,Point de Rosée,Point de Rosée,°C,11.5
2025-06-13 07:00:00,Humidité relative,Humidité relative,%,44.1
2025-06-13 07:00:00,Température,Température,°C,24.5
2025-06-13 07:00:00,Direction du vent,Direction du vent,Deg,34.5
2025-06-13 07:00:00,Vitesse du vent,Vitesse du vent,m/s,1.2
2025-06-13 06:00:00,Évapotranspiration journalière,Évapotranspiration journalière,mm/j,6.94
2025-06-13 06:00:00,Vitesse du vent,Vitesse du vent,m/s,1.08
2025-06-13 06:00:00,Point de Rosée,Point de Rosée,°C,13.5
2025-06-13 06:00:00,Évapotranspiration Horaire,Évapotranspiration Horaire,mm/h,0.8
2025-06-13 06:00:00,Humidité relative,Humidité relative,%,61.1
2025-06-13 06:00:00,Direction du vent,Direction du vent,Deg,334.9
2025-06-13 06:00:00,Rayonnement solaire,Rayonnement solaire,W/m²,86.0
2025-06-13 06:00:00,Pression atmosphérique,Pression atmosphérique,mm/j,984.3
2025-06-13 06:00:00,Température,Température,°C,21.3
2025-06-13 05:00:00,Rayonnement solaire,Rayonnement solaire,W/m²,2.0
2025-06-13 05:00:00,Évapotranspiration journalière,Évapotranspiration journalière,mm/j,6.94
2025-06-13 05:00:00,Évapotranspiration Horaire,Évapotranspiration Horaire,mm/h,0.8
2025-06-13 05:00:00,Pression atmosphérique,Pression atmosphérique,mm/j,984.0
2025-06-13 05:00:00,Point de Rosée,Point de Rosée,°C,12.3
2025-06-13 05:00:00,Humidité relative,Humidité relative,%,60.6
2025-06-13 05:00:00,Température,Température,°C,20.2
2025-06-13 05:00:00,Direction du vent,Direction du vent,Deg,342.7
2025-06-13 05:00:00,Vitesse du vent,Vitesse du vent,m/s,1.42
2025-06-13 03:00:00,Évapotranspiration journalière,Évapotranspiration journalière,mm/j,6.94
2025-06-13 03:00:00,Évapotranspiration Horaire,Évapotranspiration Horaire,mm/h,0.8
2025-06-13 03:00:00,Pression atmosphérique,Pression atmosphérique,mm/j,983.7
2025-06-13 03:00:00,Rayonnement solaire,Rayonnement solaire,W/m²,0.0
2025-06-13 03:00:00,Point de Rosée,Point de Rosée,°C,11.6
2025-06-13 03:00:00,Humidité relative,Humidité relative,%,55.9
2025-06-13 03:00:00,Température,Température,°C,20.7
2025-06-13 03:00:00,Direction du vent,Direction du vent,Deg,336.1
2025-06-13 03:00:00,Vitesse du vent,Vitesse du vent,m/s,1.27
2025-06-13 02:00:00,Pression atmosphérique,Pression atmosphérique,mm/j,983.6
2025-06-13 02:00:00,Évapotranspiration journalière,Évapotranspiration journalière,mm/j,6.94
2025-06-13 02:00:00,Évapotranspiration Horaire,Évapotranspiration Horaire,mm/h,0.8
2025-06-13 02:00:00,Rayonnement solaire,Rayonnement solaire,W/m²,0.0
2025-06-13 02:00:00,Point de Rosée,Point de Rosée,°C,12.5
2025-06-13 02:00:00,Humidité relative,Humidité relative,%,57.6
2025-06-13 02:00:00,Température,Température,°C,21.2
2025-06-13 02:00:00,Direction du vent,Direction du vent,Deg,312.5
2025-06-13 02:00:00,Vitesse du vent,Vitesse du vent,m/s,0.99
2025-06-13 01:00:00,Point de Rosée,Point de Rosée,°C,11.8
2025-06-13 01:00:00,Vitesse du vent,Vitesse du vent,m/s,1.51
2025-06-13 01:00:00,Humidité relative,Humidité relative,%,54.6
2025-06-13 01:00:00,Évapotranspiration Horaire,Évapotranspiration Horaire,mm/h,2.25
2025-06-13 01:00:00,Évapotranspiration journalière,Évapotranspiration journalière,mm/j,6.94
2025-06-13 01:00:00,Pression atmosphérique,Pression atmosphérique,mm/j,983.9
2025-06-13 01:00:00,Direction du vent,Direction du vent,Deg,295.5
2025-06-13 01:00:00,Rayonnement solaire,Rayonnement solaire,W/m²,0.0
2025-06-13 01:00:00,Température,Température,°C,21.3
2025-06-13 00:00:00,Rayonnement solaire,Rayonnement solaire,W/m²,0.0
2025-06-13 00:00:00,Évapotranspiration journalière,Évapotranspiration journalière,mm/j,7.51
2025-06-13 00:00:00,Évapotranspiration Horaire,Évapotranspiration Horaire,mm/h,0.8
2025-06-13 00:00:00,Pression atmosphérique,Pression atmosphérique,mm/j,984.2
2025-06-13 00:00:00,Point de Rosée,Point de Rosée,°C,11.6
2025-06-13 00:00:00,Humidité relative,Humidité relative,%,53.3
2025-06-13 00:00:00,Température,Température,°C,21.5
2025-06-13 00:00:00,Direction du vent,Direction du vent,Deg,336.2
2025-06-13 00:00:00,Vitesse du vent,Vitesse du vent,m/s,0.69
2025-06-12 23:00:00,Humidité relative,Humidité relative,%,49.5
2025-06-12 23:00:00,Direction du vent,Direction du vent,Deg,243.9
2025-06-12 23:00:00,Température,Température,°C,23.0
2025-06-12 23:00:00,Évapotranspiration Horaire,Évapotranspiration Horaire,mm/h,2.25
2025-06-12 23:00:00,Vitesse du vent,Vitesse du vent,m/s,1.25
2025-06-12 23:00:00,Pression atmosphérique,Pression atmosphérique,mm/j,984.4
2025-06-12 23:00:00,Évapotranspiration journalière,Évapotranspiration journalière,mm/j,7.51
2025-06-12 23:00:00,Rayonnement solaire,Rayonnement solaire,W/m²,0.0
2025-06-12 23:00:00,Point de Rosée,Point de Rosée,°C,11.9
2025-06-12 21:00:00,Humidité relative,Humidité relative,%,44.8
2025-06-12 21:00:00,Point de Rosée,Point de Rosée,°C,11.8
2025-06-12 21:00:00,Rayonnement solaire,Rayonnement solaire,W/m²,0.0
2025-06-12 21:00:00,Pression atmosphérique,Pression atmosphérique,mm/j,983.7
2025-06-12 21:00:00,Évapotranspiration Horaire,Évapotranspiration Horaire,mm/h,0.8
2025-06-12 21:00:00,Évapotranspiration journalière,Évapotranspiration journalière,mm/j,7.51
2025-06-12 21:00:00,Vitesse du vent,Vitesse du vent,m/s,1.15
2025-06-12 21:00:00,Direction du vent,Direction du vent,Deg,165.5
2025-06-12 21:00:00,Température,Température,°C,24.6
2025-06-12 20:00:00,Pression atmosphérique,Pression atmosphérique,mm/j,982.9
2025-06-12 20:00:00,Vitesse du vent,Vitesse du vent,m/s,1.9
2025-06-12 20:00:00,Direction du vent,Direction du vent,Deg,159.8
2025-06-12 20:00:00,Température,Température,°C,26.3
2025-06-12 20:00:00,Humidité relative,Humidité relative,%,36.2
2025-06-12 20:00:00,Point de Rosée,Point de Rosée,°C,10.1
2025-06-12 20:00:00,Rayonnement solaire,Rayonnement solaire,W/m²,0.0
2025-06-12 20:00:00,Évapotranspiration Horaire,Évapotranspiration Horaire,mm/h,2.24
2025-06-12 20:00:00,Évapotranspiration journalière,Évapotranspiration journalière,mm/j,7.51
2025-06-12 19:00:00,Vitesse du vent,Vitesse du vent,m/s,1.51
2025-06-12 19:00:00,Évapotranspiration journalière,Évapotranspiration journalière,mm/j,7.51
2025-06-12 19:00:00,Évapotranspiration Horaire,Évapotranspiration Horaire,mm/h,0.8
2025-06-12 19:00:00,Pression atmosphérique,Pression atmosphérique,mm/j,982.1
2025-06-12 19:00:00,Rayonnement solaire,Rayonnement solaire,W/m²,37.0
2025-06-12 19:00:00,Point de Rosée,Point de Rosée,°C,10.5
2025-06-12 19:00:00,Humidité relative,Humidité relative,%,33.7
2025-06-12 19:00:00,Température,Température,°C,28.0
2025-06-12 19:00:00,Direction du vent,Direction du vent,Deg,171.9
2025-06-12 17:00:00,Direction du vent,Direction du vent,Deg,154.8
2025-06-12 17:00:00,Évapotranspiration journalière,Évapotranspiration journalière,mm/j,7.51
2025-06-12 17:00:00,Évapotranspiration Horaire,Évapotranspiration Horaire,mm/h,2.24
2025-06-12 17:00:00,Pression atmosphérique,Pression atmosphérique,mm/j,980.9
2025-06-12 17:00:00,Rayonnement solaire,Rayonnement solaire,W/m²,382.0
2025-06-12 17:00:00,Point de Rosée,Point de Rosée,°C,14.1
2025-06-12 17:00:00,Humidité relative,Humidité relative,%,35.7
2025-06-12 17:00:00,Température,Température,°C,31.1
2025-06-12 17:00:00,Vitesse du vent,Vitesse du vent,m/s,4.11
2025-06-12 15:00:00,Pression atmosphérique,Pression atmosphérique,mm/j,981.3
2025-06-12 15:00:00,Évapotranspiration journalière,Évapotranspiration journalière,mm/j,7.51
2025-06-12 15:00:00,Évapotranspiration Horaire,Évapotranspiration Horaire,mm/h,2.24
2025-06-12 15:00:00,Rayonnement solaire,Rayonnement solaire,W/m²,769.0
2025-06-12 15:00:00,Point de Rosée,Point de Rosée,°C,7.4
2025-06-12 15:00:00,Humidité relative,Humidité relative,%,21.6
2025-06-12 15:00:00,Température,Température,°C,32.1
2025-06-12 15:00:00,Direction du vent,Direction du vent,Deg,65.3
2025-06-12 15:00:00,Vitesse du vent,Vitesse du vent,m/s,1.48
2025-06-12 13:00:00,Vitesse du vent,Vitesse du vent,m/s,2.34
2025-06-12 13:00:00,Évapotranspiration journalière,Évapotranspiration journalière,mm/j,7.51
2025-06-12 13:00:00,Évapotranspiration Horaire,Évapotranspiration Horaire,mm/h,0.8
2025-06-12 13:00:00,Pression atmosphérique,Pression atmosphérique,mm/j,982.1
2025-06-12 13:00:00,Rayonnement solaire,Rayonnement solaire,W/m²,941.0
2025-06-12 13:00:00,Point de Rosée,Point de Rosée,°C,11.1
2025-06-12 13:00:00,Humidité relative,Humidité relative,%,30.5
2025-06-12 13:00:00,Température,Température,°C,30.4
2025-06-12 13:00:00,Direction du vent,Direction du vent,Deg,64.9
2025-06-12 11:00:00,Direction du vent,Direction du vent,Deg,67.9
2025-06-12 11:00:00,Évapotranspiration journalière,Évapotranspiration journalière,mm/j,7.51
2025-06-12 11:00:00,Évapotranspiration Horaire,Évapotranspiration Horaire,mm/h,0.8
2025-06-12 11:00:00,Pression atmosphérique,Pression atmosphérique,mm/j,982.8
2025-06-12 11:00:00,Rayonnement solaire,Rayonnement solaire,W/m²,910.0
2025-06-12 11:00:00,Point de Rosée,Point de Rosée,°C,14.0
2025-06-12 11:00:00,Humidité relative,Humidité relative,%,42.6
2025-06-12 11:00:00,Température,Température,°C,27.9
2025-06-12 11:00:00,Vitesse du vent,Vitesse du vent,m/s,2.92
2025-06-12 09:00:00,Température,Température,°C,25.5
2025-06-12 09:00:00,Évapotranspiration journalière,Évapotranspiration journalière,mm/j,7.51
2025-06-12 09:00:00,Évapotranspiration Horaire,Évapotranspiration Horaire,mm/h,0.8
2025-06-12 09:00:00,Vitesse du vent,Vitesse du vent,m/s,1.52
2025-06-12 09:00:00,Pression atmosphérique,Pression atmosphérique,mm/j,982.7
2025-06-12 09:00:00,Rayonnement solaire,Rayonnement solaire,W/m²,655.0
2025-06-12 09:00:00,Point de Rosée,Point de Rosée,°C,15.2
2025-06-12 09:00:00,Humidité relative,Humidité relative,%,53.0
2025-06-12 09:00:00,Direction du vent,Direction du vent,Deg,102.9
2025-06-12 08:00:00,Température,Température,°C,24.8
2025-06-12 08:00:00,Évapotranspiration journalière,Évapotranspiration journalière,mm/j,7.51
2025-06-12 08:00:00,Évapotranspiration Horaire,Évapotranspiration Horaire,mm/h,2.24
2025-06-12 08:00:00,Pression atmosphérique,Pression atmosphérique,mm/j,982.3
2025-06-12 08:00:00,Rayonnement solaire,Rayonnement solaire,W/m²,463.0
2025-06-12 08:00:00,Point de Rosée,Point de Rosée,°C,15.7
2025-06-12 08:00:00,Humidité relative,Humidité relative,%,57.1
2025-06-12 08:00:00,Direction du vent,Direction du vent,Deg,78.4
2025-06-12 08:00:00,Vitesse du vent,Vitesse du vent,m/s,2.68
2025-06-12 07:00:00,Vitesse du vent,Vitesse du vent,m/s,0.66
2025-06-12 07:00:00,Température,Température,°C,23.0
2025-06-12 07:00:00,Pression atmosphérique,Pression atmosphérique,mm/j,982.1
2025-06-12 07:00:00,Évapotranspiration Horaire,Évapotranspiration Horaire,mm/h,0.8
2025-06-12 07:00:00,Humidité relative,Humidité relative,%,62.3
2025-06-12 07:00:00,Direction du vent,Direction du vent,Deg,68.1
2025-06-12 07:00:00,Rayonnement solaire,Rayonnement solaire,W/m²,256.0
2025-06-12 07:00:00,Évapotranspiration journalière,Évapotranspiration journalière,mm/j,7.51
2025-06-12 07:00:00,Point de Rosée,Point de Rosée,°C,15.4
2025-06-12 05:00:00,Rayonnement solaire,Rayonnement solaire,W/m²,1.0
2025-06-12 05:00:00,Évapotranspiration journalière,Évapotranspiration journalière,mm/j,7.51
2025-06-12 05:00:00,Évapotranspiration Horaire,Évapotranspiration Horaire,mm/h,2.24
2025-06-12 05:00:00,Pression atmosphérique,Pression atmosphérique,mm/j,981.2
2025-06-12 05:00:00,Point de Rosée,Point de Rosée,°C,14.7
2025-06-12 05:00:00,Humidité relative,Humidité relative,%,70.7
2025-06-12 05:00:00,Température,Température,°C,20.2
2025-06-12 05:00:00,Direction du vent,Direction du vent,Deg,37.9
2025-06-12 05:00:00,Vitesse du vent,Vitesse du vent,m/s,1.75
2025-06-12 04:00:00,Humidité relative,Humidité relative,%,71.1
2025-06-12 04:00:00,Évapotranspiration journalière,Évapotranspiration journalière,mm/j,7.51
2025-06-12 04:00:00,Vitesse du vent,Vitesse du vent,m/s,1.5
2025-06-12 04:00:00,Évapotranspiration Horaire,Évapotranspiration Horaire,mm/h,2.24
2025-06-12 04:00:00,Point de Rosée,Point de Rosée,°C,14.4
2025-06-12 04:00:00,Direction du vent,Direction du vent,Deg,25.5
2025-06-12 04:00:00,Pression atmosphérique,Pression atmosphérique,mm/j,981.5
2025-06-12 04:00:00,Température,Température,°C,19.8
2025-06-12 04:00:00,Rayonnement solaire,Rayonnement solaire,W/m²,0.0
2025-06-12 03:00:00,Vitesse du vent,Vitesse du vent,m/s,1.03
2025-06-12 03:00:00,Évapotranspiration journalière,Évapotranspiration journalière,mm/j,7.51
2025-06-12 03:00:00,Évapotranspiration Horaire,Évapotranspiration Horaire,mm/h,0.8
2025-06-12 03:00:00,Pression atmosphérique,Pression atmosphérique,mm/j,981.9
2025-06-12 03:00:00,Rayonnement solaire,Rayonnement solaire,W/m²,0.0
2025-06-12 03:00:00,Point de Rosée,Point de Rosée,°C,14.7
2025-06-12 03:00:00,Humidité relative,Humidité relative,%,68.4
2025-06-12 03:00:00,Température,Température,°C,20.7
2025-06-12 03:00:00,Direction du vent,Direction du vent,Deg,9.2
2025-06-12 02:00:00,Évapotranspiration journalière,Évapotranspiration journalière,mm/j,7.51
2025-06-12 02:00:00,Évapotranspiration Horaire,Évapotranspiration Horaire,mm/h,2.24
2025-06-12 02:00:00,Pression atmosphérique,Pression atmosphérique,mm/j,982.3
2025-06-12 02:00:00,Rayonnement solaire,Rayonnement solaire,W/m²,0.0
2025-06-12 02:00:00,Point de Rosée,Point de Rosée,°C,14.7
2025-06-12 02:00:00,Humidité relative,Humidité relative,%,66.1
2025-06-12 02:00:00,Température,Température,°C,21.3
2025-06-12 02:00:00,Direction du vent,Direction du vent,Deg,285.1
2025-06-12 02:00:00,Vitesse du vent,Vitesse du vent,m/s,1.24
2025-06-12 01:00:00,Rayonnement solaire,Rayonnement solaire,W/m²,0.0
2025-06-12 01:00:00,Point de Rosée,Point de Rosée,°C,15.5
2025-06-12 01:00:00,Humidité relative,Humidité relative,%,67.0
2025-06-12 01:00:00,Température,Température,°C,21.9
2025-06-12 01:00:00,Direction du vent,Direction du vent,Deg,247.6
2025-06-12 01:00:00,Vitesse du vent,Vitesse du vent,m/s,0.89
2025-06-12 01:00:00,Évapotranspiration journalière,Évapotranspiration journalière,mm/j,7.51
2025-06-12 01:00:00,Évapotranspiration Horaire,Évapotranspiration Horaire,mm/h,0.8
2025-06-12 01:00:00,Pression atmosphérique,Pression atmosphérique,mm/j,982.6
2025-06-12 00:00:00,Rayonnement solaire,Rayonnement solaire,W/m²,0.0
2025-06-12 00:00:00,Vitesse du vent,Vitesse du vent,m/s,0.59
2025-06-12 00:00:00,Point de Rosée,Point de Rosée,°C,16.1
2025-06-12 00:00:00,Évapotranspiration journalière,Évapotranspiration journalière,mm/j,6.41
2025-06-12 00:00:00,Humidité relative,Humidité relative,%,67.6
2025-06-12 00:00:00,Pression atmosphérique,Pression atmosphérique,mm/j,983.1
2025-06-12 00:00:00,Température,Température,°C,22.4
2025-06-12 00:00:00,Évapotranspiration Horaire,Évapotranspiration Horaire,mm/h,0.8
2025-06-12 00:00:00,Direction du vent,Direction du vent,Deg,204.4
2025-06-11 23:00:00,Température,Température,°C,22.4
2025-06-11 23:00:00,Évapotranspiration journalière,Évapotranspiration journalière,mm/j,6.41
2025-06-11 23:00:00,Évapotranspiration Horaire,Évapotranspiration Horaire,mm/h,0.84
2025-06-11 23:00:00,Vitesse du vent,Vitesse du vent,m/s,1.5
2025-06-11 23:00:00,Pression atmosphérique,Pression atmosphérique,mm/j,983.4
2025-06-11 23:00:00,Direction du vent,Direction du vent,Deg,207.5
2025-06-11 23:00:00,Rayonnement solaire,Rayonnement solaire,W/m²,0.0
2025-06-11 23:00:00,Point de Rosée,Point de Rosée,°C,18.0
2025-06-11 23:00:00,Humidité relative,Humidité relative,%,76.0
2025-06-11 22:00:00,Évapotranspiration journalière,Évapotranspiration journalière,mm/j,6.41
2025-06-11 22:00:00,Évapotranspiration Horaire,Évapotranspiration Horaire,mm/h,2.24
2025-06-11 22:00:00,Pression atmosphérique,Pression atmosphérique,mm/j,983.3
2025-06-11 22:00:00,Rayonnement solaire,Rayonnement solaire,W/m²,0.0
2025-06-11 22:00:00,Point de Rosée,Point de Rosée,°C,18.2
2025-06-11 22:00:00,Humidité relative,Humidité relative,%,73.9
2025-06-11 22:00:00,Température,Température,°C,23.1
2025-06-11 22:00:00,Direction du vent,Direction du vent,Deg,209.5
2025-06-11 22:00:00,Vitesse du vent,Vitesse du vent,m/s,2.08
2025-06-11 21:00:00,Température,Température,°C,24.3
2025-06-11 21:00:00,Point de Rosée,Point de Rosée,°C,17.3
2025-06-11 21:00:00,Évapotranspiration Horaire,Évapotranspiration Horaire,mm/h,2.24
2025-06-11 21:00:00,Pression atmosphérique,Pression atmosphérique,mm/j,982.4
2025-06-11 21:00:00,Direction du vent,Direction du vent,Deg,121.2
2025-06-11 21:00:00,Humidité relative,Humidité relative,%,65.0
2025-06-11 21:00:00,Évapotranspiration journalière,Évapotranspiration journalière,mm/j,6.41
2025-06-11 21:00:00,Rayonnement solaire,Rayonnement solaire,W/m²,0.0
2025-06-11 21:00:00,Vitesse du vent,Vitesse du vent,m/s,1.82
2025-06-11 19:00:00,Évapotranspiration journalière,Évapotranspiration journalière,mm/j,6.41
2025-06-11 19:00:00,Évapotranspiration Horaire,Évapotranspiration Horaire,mm/h,2.24
2025-06-11 19:00:00,Pression atmosphérique,Pression atmosphérique,mm/j,980.8
2025-06-11 19:00:00,Rayonnement solaire,Rayonnement solaire,W/m²,37.0
2025-06-11 19:00:00,Point de Rosée,Point de Rosée,°C,17.0
2025-06-11 19:00:00,Humidité relative,Humidité relative,%,53.3
2025-06-11 19:00:00,Température,Température,°C,27.4
2025-06-11 19:00:00,Direction du vent,Direction du vent,Deg,169.7
2025-06-11 19:00:00,Vitesse du vent,Vitesse du vent,m/s,3.4
2025-06-11 17:00:00,Évapotranspiration journalière,Évapotranspiration journalière,mm/j,6.41
2025-06-11 17:00:00,Évapotranspiration Horaire,Évapotranspiration Horaire,mm/h,2.23
2025-06-11 17:00:00,Pression atmosphérique,Pression atmosphérique,mm/j,979.3
2025-06-11 17:00:00,Rayonnement solaire,Rayonnement solaire,W/m²,376.0
2025-06-11 17:00:00,Point de Rosée,Point de Rosée,°C,14.4
2025-06-11 17:00:00,Humidité relative,Humidité relative,%,35.0
2025-06-11 17:00:00,Température,Température,°C,31.8
2025-06-11 17:00:00,Direction du vent,Direction du vent,Deg,174.6
2025-06-11 17:00:00,Vitesse du vent,Vitesse du vent,m/s,1.46
2025-06-11 16:00:00,Pression atmosphérique,Pression atmosphérique,mm/j,979.5
2025-06-11 16:00:00,Évapotranspiration journalière,Évapotranspiration journalière,mm/j,6.41
2025-06-11 16:00:00,Évapotranspiration Horaire,Évapotranspiration Horaire,mm/h,0.81
2025-06-11 16:00:00,Rayonnement solaire,Rayonnement solaire,W/m²,572.0
2025-06-11 16:00:00,Point de Rosée,Point de Rosée,°C,5.9
2025-06-11 16:00:00,Humidité relative,Humidité relative,%,16.8
2025-06-11 16:00:00,Température,Température,°C,34.7
2025-06-11 16:00:00,Direction du vent,Direction du vent,Deg,76.7
2025-06-11 16:00:00,Vitesse du vent,Vitesse du vent,m/s,3.8
2025-06-11 15:00:00,Rayonnement solaire,Rayonnement solaire,W/m²,743.0
2025-06-11 15:00:00,Humidité relative,Humidité relative,%,16.4
2025-06-11 15:00:00,Pression atmosphérique,Pression atmosphérique,mm/j,979.7
2025-06-11 15:00:00,Température,Température,°C,34.9
2025-06-11 15:00:00,Point de Rosée,Point de Rosée,°C,5.7
2025-06-11 15:00:00,Évapotranspiration journalière,Évapotranspiration journalière,mm/j,6.41
2025-06-11 15:00:00,Direction du vent,Direction du vent,Deg,161.4
2025-06-11 15:00:00,Évapotranspiration Horaire,Évapotranspiration Horaire,mm/h,0.8
2025-06-11 15:00:00,Vitesse du vent,Vitesse du vent,m/s,5.36
2025-06-11 13:00:00,Point de Rosée,Point de Rosée,°C,5.0
2025-06-11 13:00:00,Évapotranspiration journalière,Évapotranspiration journalière,mm/j,6.41
2025-06-11 13:00:00,Évapotranspiration Horaire,Évapotranspiration Horaire,mm/h,0.81
2025-06-11 13:00:00,Pression atmosphérique,Pression atmosphérique,mm/j,981.1
2025-06-11 13:00:00,Rayonnement solaire,Rayonnement solaire,W/m²,938.0
2025-06-11 13:00:00,Humidité relative,Humidité relative,%,17.7
2025-06-11 13:00:00,Température,Température,°C,32.7
2025-06-11 13:00:00,Direction du vent,Direction du vent,Deg,179.2
2025-06-11 13:00:00,Vitesse du vent,Vitesse du vent,m/s,2.87
2025-06-11 12:00:00,Évapotranspiration journalière,Évapotranspiration journalière,mm/j,6.41
2025-06-11 12:00:00,Vitesse du vent,Vitesse du vent,m/s,1.09
2025-06-11 12:00:00,Évapotranspiration Horaire,Évapotranspiration Horaire,mm/h,2.23
2025-06-11 12:00:00,Point de Rosée,Point de Rosée,°C,5.1
2025-06-11 12:00:00,Humidité relative,Humidité relative,%,18.8
2025-06-11 12:00:00,Rayonnement solaire,Rayonnement solaire,W/m²,947.0
2025-06-11 12:00:00,Direction du vent,Direction du vent,Deg,230.9
2025-06-11 12:00:00,Température,Température,°C,31.7
2025-06-11 12:00:00,Pression atmosphérique,Pression atmosphérique,mm/j,981.7
2025-06-11 11:00:00,Point de Rosée,Point de Rosée,°C,4.8
2025-06-11 11:00:00,Évapotranspiration journalière,Évapotranspiration journalière,mm/j,6.41
2025-06-11 11:00:00,Évapotranspiration Horaire,Évapotranspiration Horaire,mm/h,0.81
2025-06-11 11:00:00,Pression atmosphérique,Pression atmosphérique,mm/j,982.1
2025-06-11 11:00:00,Rayonnement solaire,Rayonnement solaire,W/m²,906.0
2025-06-11 11:00:00,Humidité relative,Humidité relative,%,19.3
2025-06-11 11:00:00,Température,Température,°C,30.9
2025-06-11 11:00:00,Direction du vent,Direction du vent,Deg,233.5
2025-06-11 11:00:00,Vitesse du vent,Vitesse du vent,m/s,0.16
2025-06-11 09:00:00,Point de Rosée,Point de Rosée,°C,2.7
2025-06-11 09:00:00,Température,Température,°C,28.5
2025-06-11 09:00:00,Rayonnement solaire,Rayonnement solaire,W/m²,664.0
2025-06-11 09:00:00,Direction du vent,Direction du vent,Deg,156.2
2025-06-11 09:00:00,Humidité relative,Humidité relative,%,19.0
2025-06-11 09:00:00,Pression atmosphérique,Pression atmosphérique,mm/j,982.6
2025-06-11 09:00:00,Évapotranspiration journalière,Évapotranspiration journalière,mm/j,6.41
2025-06-11 09:00:00,Évapotranspiration Horaire,Évapotranspiration Horaire,mm/h,0.81
2025-06-11 09:00:00,Vitesse du vent,Vitesse du vent,m/s,1.76
2025-06-11 07:00:00,Point de Rosée,Point de Rosée,°C,14.0
2025-06-11 07:00:00,Évapotranspiration journalière,Évapotranspiration journalière,mm/j,6.41
2025-06-11 07:00:00,Évapotranspiration Horaire,Évapotranspiration Horaire,mm/h,0.81
2025-06-11 07:00:00,Pression atmosphérique,Pression atmosphérique,mm/j,982.6
2025-06-11 07:00:00,Rayonnement solaire,Rayonnement solaire,W/m²,261.0
2025-06-11 07:00:00,Humidité relative,Humidité relative,%,51.5
2025-06-11 07:00:00,Température,Température,°C,24.6
2025-06-11 07:00:00,Direction du vent,Direction du vent,Deg,230.9
2025-06-11 07:00:00,Vitesse du vent,Vitesse du vent,m/s,0.26
2025-06-11 06:00:00,Évapotranspiration journalière,Évapotranspiration journalière,mm/j,6.41
2025-06-11 06:00:00,Vitesse du vent,Vitesse du vent,m/s,0.42
2025-06-11 06:00:00,Évapotranspiration Horaire,Évapotranspiration Horaire,mm/h,0.81
2025-06-11 06:00:00,Direction du vent,Direction du vent,Deg,264.5
2025-06-11 06:00:00,Pression atmosphérique,Pression atmosphérique,mm/j,982.5
2025-06-11 06:00:00,Température,Température,°C,21.4
2025-06-11 06:00:00,Rayonnement solaire,Rayonnement solaire,W/m²,89.0
2025-06-11 06:00:00,Humidité relative,Humidité relative,%,46.9
2025-06-11 06:00:00,Point de Rosée,Point de Rosée,°C,9.6
2025-06-11 05:00:00,Direction du vent,Direction du vent,Deg,290.2
2025-06-11 05:00:00,Évapotranspiration journalière,Évapotranspiration journalière,mm/j,6.41
2025-06-11 05:00:00,Évapotranspiration Horaire,Évapotranspiration Horaire,mm/h,0.81
2025-06-11 05:00:00,Pression atmosphérique,Pression atmosphérique,mm/j,982.4
2025-06-11 05:00:00,Rayonnement solaire,Rayonnement solaire,W/m²,1.0
2025-06-11 05:00:00,Point de Rosée,Point de Rosée,°C,8.9
2025-06-11 05:00:00,Humidité relative,Humidité relative,%,45.1
2025-06-11 05:00:00,Température,Température,°C,21.3
2025-06-11 05:00:00,Vitesse du vent,Vitesse du vent,m/s,1.1
2025-06-11 04:00:00,Évapotranspiration Horaire,Évapotranspiration Horaire,mm/h,0.81
2025-06-11 04:00:00,Rayonnement solaire,Rayonnement solaire,W/m²,0.0
2025-06-11 04:00:00,Humidité relative,Humidité relative,%,43.7
2025-06-11 04:00:00,Vitesse du vent,Vitesse du vent,m/s,0.71
2025-06-11 04:00:00,Pression atmosphérique,Pression atmosphérique,mm/j,982.5
2025-06-11 04:00:00,Point de Rosée,Point de Rosée,°C,9.3
2025-06-11 04:00:00,Température,Température,°C,22.3
2025-06-11 04:00:00,Direction du vent,Direction du vent,Deg,236.6
2025-06-11 04:00:00,Évapotranspiration journalière,Évapotranspiration journalière,mm/j,6.41
2025-06-11 03:00:00,Température,Température,°C,22.3
2025-06-11 03:00:00,Évapotranspiration journalière,Évapotranspiration journalière,mm/j,6.41
2025-06-11 03:00:00,Évapotranspiration Horaire,Évapotranspiration Horaire,mm/h,0.81
2025-06-11 03:00:00,Pression atmosphérique,Pression atmosphérique,mm/j,982.7
2025-06-11 03:00:00,Rayonnement solaire,Rayonnement solaire,W/m²,0.0
2025-06-11 03:00:00,Point de Rosée,Point de Rosée,°C,9.1
2025-06-11 03:00:00,Vitesse du vent,Vitesse du vent,m/s,1.46
2025-06-11 03:00:00,Humidité relative,Humidité relative,%,43.1
2025-06-11 03:00:00,Direction du vent,Direction du vent,Deg,268.8
2025-06-11 02:00:00,Pression atmosphérique,Pression atmosphérique,mm/j,983.6
2025-06-11 02:00:00,Évapotranspiration journalière,Évapotranspiration journalière,mm/j,6.41
2025-06-11 02:00:00,Évapotranspiration Horaire,Évapotranspiration Horaire,mm/h,0.81
2025-06-11 02:00:00,Rayonnement solaire,Rayonnement solaire,W/m²,0.0
2025-06-11 02:00:00,Point de Rosée,Point de Rosée,°C,8.7
2025-06-11 02:00:00,Humidité relative,Humidité relative,%,40.9
2025-06-11 02:00:00,Température,Température,°C,22.6
2025-06-11 02:00:00,Direction du vent,Direction du vent,Deg,233.1
2025-06-11 02:00:00,Vitesse du vent,Vitesse du vent,m/s,1.35
2025-06-11 01:00:00,Pression atmosphérique,Pression atmosphérique,mm/j,983.9
2025-06-11 01:00:00,Évapotranspiration journalière,Évapotranspiration journalière,mm/j,6.41
2025-06-11 01:00:00,Direction du vent,Direction du vent,Deg,326.0
2025-06-11 01:00:00,Évapotranspiration Horaire,Évapotranspiration Horaire,mm/h,0.81
2025-06-11 01:00:00,Vitesse du vent,Vitesse du vent,m/s,0.93
2025-06-11 01:00:00,Rayonnement solaire,Rayonnement solaire,W/m²,0.0
2025-06-11 01:00:00,Point de Rosée,Point de Rosée,°C,8.2
2025-06-11 01:00:00,Humidité relative,Humidité relative,%,38.2
2025-06-11 01:00:00,Température,Température,°C,23.3
2025-06-11 00:00:00,Point de Rosée,Point de Rosée,°C,7.5
2025-06-11 00:00:00,Direction du vent,Direction du vent,Deg,36.4
2025-06-11 00:00:00,Vitesse du vent,Vitesse du vent,m/s,0.93
2025-06-11 00:00:00,Température,Température,°C,23.9
2025-06-11 00:00:00,Évapotranspiration journalière,Évapotranspiration journalière,mm/j,7.85
2025-06-11 00:00:00,Évapotranspiration Horaire,Évapotranspiration Horaire,mm/h,2.25
2025-06-11 00:00:00,Humidité relative,Humidité relative,%,35.0
2025-06-11 00:00:00,Pression atmosphérique,Pression atmosphérique,mm/j,984.3
2025-06-11 00:00:00,Rayonnement solaire,Rayonnement solaire,W/m²,0.0
2025-06-10 23:00:00,Température,Température,°C,24.6
2025-06-10 23:00:00,Point de Rosée,Point de Rosée,°C,10.1
2025-06-10 23:00:00,Humidité relative,Humidité relative,%,40.1
2025-06-10 23:00:00,Évapotranspiration journalière,Évapotranspiration journalière,mm/j,7.85
2025-06-10 23:00:00,Évapotranspiration Horaire,Évapotranspiration Horaire,mm/h,2.24
2025-06-10 23:00:00,Pression atmosphérique,Pression atmosphérique,mm/j,984.7
2025-06-10 23:00:00,Rayonnement solaire,Rayonnement solaire,W/m²,0.0
2025-06-10 23:00:00,Direction du vent,Direction du vent,Deg,20.4
2025-06-10 23:00:00,Vitesse du vent,Vitesse du vent,m/s,1.11
2025-06-10 21:00:00,Évapotranspiration journalière,Évapotranspiration journalière,mm/j,7.85
2025-06-10 21:00:00,Évapotranspiration Horaire,Évapotranspiration Horaire,mm/h,0.81
2025-06-10 21:00:00,Pression atmosphérique,Pression atmosphérique,mm/j,984.0
2025-06-10 21:00:00,Rayonnement solaire,Rayonnement solaire,W/m²,0.0
2025-06-10 21:00:00,Point de Rosée,Point de Rosée,°C,11.0
2025-06-10 21:00:00,Humidité relative,Humidité relative,%,37.8
2025-06-10 21:00:00,Température,Température,°C,26.5
2025-06-10 21:00:00,Direction du vent,Direction du vent,Deg,159.4
2025-06-10 21:00:00,Vitesse du vent,Vitesse du vent,m/s,0.42
2025-06-10 19:00:00,Évapotranspiration journalière,Évapotranspiration journalière,mm/j,7.85
2025-06-10 19:00:00,Évapotranspiration Horaire,Évapotranspiration Horaire,mm/h,0.96
2025-06-10 19:00:00,Pression atmosphérique,Pression atmosphérique,mm/j,982.6
2025-06-10 19:00:00,Rayonnement solaire,Rayonnement solaire,W/m²,35.0
2025-06-10 19:00:00,Point de Rosée,Point de Rosée,°C,9.7
2025-06-10 19:00:00,Humidité relative,Humidité relative,%,28.7
2025-06-10 19:00:00,Température,Température,°C,29.8
2025-06-10 19:00:00,Direction du vent,Direction du vent,Deg,158.9
2025-06-10 19:00:00,Vitesse du vent,Vitesse du vent,m/s,1.53
2025-06-10 17:00:00,Évapotranspiration journalière,Évapotranspiration journalière,mm/j,7.85
2025-06-10 17:00:00,Évapotranspiration Horaire,Évapotranspiration Horaire,mm/h,0.96
2025-06-10 17:00:00,Pression atmosphérique,Pression atmosphérique,mm/j,981.3
2025-06-10 17:00:00,Rayonnement solaire,Rayonnement solaire,W/m²,373.0
2025-06-10 17:00:00,Point de Rosée,Point de Rosée,°C,7.8
2025-06-10 17:00:00,Humidité relative,Humidité relative,%,18.5
2025-06-10 17:00:00,Température,Température,°C,35.3
2025-06-10 17:00:00,Direction du vent,Direction du vent,Deg,175.7
2025-06-10 17:00:00,Vitesse du vent,Vitesse du vent,m/s,1.95
2025-06-10 15:00:00,Évapotranspiration journalière,Évapotranspiration journalière,mm/j,7.85
2025-06-10 15:00:00,Évapotranspiration Horaire,Évapotranspiration Horaire,mm/h,0.81
2025-06-10 15:00:00,Pression atmosphérique,Pression atmosphérique,mm/j,982.4
2025-06-10 15:00:00,Rayonnement solaire,Rayonnement solaire,W/m²,747.0
2025-06-10 15:00:00,Point de Rosée,Point de Rosée,°C,6.0
2025-06-10 15:00:00,Humidité relative,Humidité relative,%,16.2
2025-06-10 15:00:00,Température,Température,°C,35.5
2025-06-10 15:00:00,Direction du vent,Direction du vent,Deg,182.9
2025-06-10 15:00:00,Vitesse du vent,Vitesse du vent,m/s,2.86
2025-06-10 13:00:00,Évapotranspiration journalière,Évapotranspiration journalière,mm/j,7.85
2025-06-10 13:00:00,Évapotranspiration Horaire,Évapotranspiration Horaire,mm/h,2.23
2025-06-10 13:00:00,Pression atmosphérique,Pression atmosphérique,mm/j,984.0
2025-06-10 13:00:00,Rayonnement solaire,Rayonnement solaire,W/m²,933.0
2025-06-10 13:00:00,Point de Rosée,Point de Rosée,°C,6.4
2025-06-10 13:00:00,Humidité relative,Humidité relative,%,18.9
2025-06-10 13:00:00,Température,Température,°C,33.2
2025-06-10 13:00:00,Direction du vent,Direction du vent,Deg,92.7
2025-06-10 13:00:00,Vitesse du vent,Vitesse du vent,m/s,1.86
2025-06-10 11:00:00,Évapotranspiration journalière,Évapotranspiration journalière,mm/j,7.85
2025-06-10 11:00:00,Évapotranspiration Horaire,Évapotranspiration Horaire,mm/h,2.24
2025-06-10 11:00:00,Pression atmosphérique,Pression atmosphérique,mm/j,985.2
2025-06-10 11:00:00,Rayonnement solaire,Rayonnement solaire,W/m²,900.0
2025-06-10 11:00:00,Point de Rosée,Point de Rosée,°C,7.2
2025-06-10 11:00:00,Humidité relative,Humidité relative,%,22.3
2025-06-10 11:00:00,Température,Température,°C,31.3
2025-06-10 11:00:00,Direction du vent,Direction du vent,Deg,161.2
2025-06-10 11:00:00,Vitesse du vent,Vitesse du vent,m/s,1.63
2025-06-10 10:00:00,Rayonnement solaire,Rayonnement solaire,W/m²,798.0
2025-06-10 10:00:00,Humidité relative,Humidité relative,%,25.5
2025-06-10 10:00:00,Évapotranspiration Horaire,Évapotranspiration Horaire,mm/h,2.24
2025-06-10 10:00:00,Température,Température,°C,30.2
2025-06-10 10:00:00,Évapotranspiration journalière,Évapotranspiration journalière,mm/j,7.85
2025-06-10 10:00:00,Vitesse du vent,Vitesse du vent,m/s,0.45
2025-06-10 10:00:00,Pression atmosphérique,Pression atmosphérique,mm/j,985.6
2025-06-10 10:00:00,Direction du vent,Direction du vent,Deg,94.1
2025-06-10 10:00:00,Point de Rosée,Point de Rosée,°C,8.3
2025-06-10 09:00:00,Pression atmosphérique,Pression atmosphérique,mm/j,985.7
2025-06-10 09:00:00,Rayonnement solaire,Rayonnement solaire,W/m²,655.0
2025-06-10 09:00:00,Point de Rosée,Point de Rosée,°C,9.9
2025-06-10 09:00:00,Humidité relative,Humidité relative,%,29.8
2025-06-10 09:00:00,Température,Température,°C,29.4
2025-06-10 09:00:00,Direction du vent,Direction du vent,Deg,92.7
2025-06-10 09:00:00,Vitesse du vent,Vitesse du vent,m/s,0.26
2025-06-10 09:00:00,Évapotranspiration journalière,Évapotranspiration journalière,mm/j,7.85
2025-06-10 09:00:00,Évapotranspiration Horaire,Évapotranspiration Horaire,mm/h,0.81
2025-06-10 08:00:00,Évapotranspiration journalière,Évapotranspiration journalière,mm/j,7.85
2025-06-10 08:00:00,Humidité relative,Humidité relative,%,35.6
2025-06-10 08:00:00,Évapotranspiration Horaire,Évapotranspiration Horaire,mm/h,2.24
2025-06-10 08:00:00,Température,Température,°C,28.0
2025-06-10 08:00:00,Pression atmosphérique,Pression atmosphérique,mm/j,986.0
2025-06-10 08:00:00,Vitesse du vent,Vitesse du vent,m/s,0.88
2025-06-10 08:00:00,Point de Rosée,Point de Rosée,°C,11.3
2025-06-10 08:00:00,Direction du vent,Direction du vent,Deg,115.4
2025-06-10 08:00:00,Rayonnement solaire,Rayonnement solaire,W/m²,459.0
2025-06-10 07:00:00,Température,Température,°C,25.1
2025-06-10 07:00:00,Évapotranspiration journalière,Évapotranspiration journalière,mm/j,7.85
2025-06-10 07:00:00,Évapotranspiration Horaire,Évapotranspiration Horaire,mm/h,0.81
2025-06-10 07:00:00,Pression atmosphérique,Pression atmosphérique,mm/j,985.6
2025-06-10 07:00:00,Rayonnement solaire,Rayonnement solaire,W/m²,259.0
2025-06-10 07:00:00,Point de Rosée,Point de Rosée,°C,13.3
2025-06-10 07:00:00,Humidité relative,Humidité relative,%,48.1
2025-06-10 07:00:00,Direction du vent,Direction du vent,Deg,260.2
2025-06-10 07:00:00,Vitesse du vent,Vitesse du vent,m/s,0.46
2025-06-10 06:00:00,Évapotranspiration Horaire,Évapotranspiration Horaire,mm/h,0.81
2025-06-10 06:00:00,Vitesse du vent,Vitesse du vent,m/s,0.26
2025-06-10 06:00:00,Humidité relative,Humidité relative,%,51.6
2025-06-10 06:00:00,Direction du vent,Direction du vent,Deg,50.8
2025-06-10 06:00:00,Évapotranspiration journalière,Évapotranspiration journalière,mm/j,7.85
2025-06-10 06:00:00,Température,Température,°C,22.2
2025-06-10 06:00:00,Rayonnement solaire,Rayonnement solaire,W/m²,86.0
2025-06-10 06:00:00,Pression atmosphérique,Pression atmosphérique,mm/j,985.2
2025-06-10 06:00:00,Point de Rosée,Point de Rosée,°C,11.8
2025-06-10 05:00:00,Humidité relative,Humidité relative,%,54.4
2025-06-10 05:00:00,Évapotranspiration journalière,Évapotranspiration journalière,mm/j,7.85
2025-06-10 05:00:00,Évapotranspiration Horaire,Évapotranspiration Horaire,mm/h,0.81
2025-06-10 05:00:00,Pression atmosphérique,Pression atmosphérique,mm/j,984.8
2025-06-10 05:00:00,Rayonnement solaire,Rayonnement solaire,W/m²,1.0
2025-06-10 05:00:00,Point de Rosée,Point de Rosée,°C,11.8
2025-06-10 05:00:00,Température,Température,°C,21.4
2025-06-10 05:00:00,Direction du vent,Direction du vent,Deg,317.2
2025-06-10 05:00:00,Vitesse du vent,Vitesse du vent,m/s,0.79
2025-06-09 09:00:00,Rayonnement solaire,Rayonnement solaire,W/m²,653.0
2025-06-09 09:00:00,Évapotranspiration journalière,Évapotranspiration journalière,mm/j,7.29
2025-06-09 09:00:00,Point de Rosée,Point de Rosée,°C,1.6
2025-06-09 09:00:00,Direction du vent,Direction du vent,Deg,73.6
2025-06-09 09:00:00,Humidité relative,Humidité relative,%,15.8
2025-06-09 09:00:00,Vitesse du vent,Vitesse du vent,m/s,1.79
2025-06-09 09:00:00,Évapotranspiration Horaire,Évapotranspiration Horaire,mm/h,0.82
2025-06-09 09:00:00,Pression atmosphérique,Pression atmosphérique,mm/j,985.1
2025-06-09 09:00:00,Température,Température,°C,30.4
2025-06-09 06:00:00,Point de Rosée,Point de Rosée,°C,8.1
2025-06-09 06:00:00,Vitesse du vent,Vitesse du vent,m/s,0.99
2025-06-09 06:00:00,Direction du vent,Direction du vent,Deg,354.6
2025-06-09 06:00:00,Température,Température,°C,24.5
2025-06-09 06:00:00,Humidité relative,Humidité relative,%,35.1
2025-06-09 06:00:00,Rayonnement solaire,Rayonnement solaire,W/m²,82.0
2025-06-09 06:00:00,Pression atmosphérique,Pression atmosphérique,mm/j,984.3
2025-06-09 06:00:00,Évapotranspiration Horaire,Évapotranspiration Horaire,mm/h,0.82
2025-06-09 06:00:00,Évapotranspiration journalière,Évapotranspiration journalière,mm/j,7.29
2025-06-09 05:00:00,Pression atmosphérique,Pression atmosphérique,mm/j,983.8
2025-06-09 05:00:00,Évapotranspiration journalière,Évapotranspiration journalière,mm/j,7.29
2025-06-09 05:00:00,Rayonnement solaire,Rayonnement solaire,W/m²,1.0
2025-06-09 05:00:00,Point de Rosée,Point de Rosée,°C,9.8
2025-06-09 05:00:00,Humidité relative,Humidité relative,%,39.8
2025-06-09 05:00:00,Température,Température,°C,24.3
2025-06-09 05:00:00,Évapotranspiration Horaire,Évapotranspiration Horaire,mm/h,0.82
2025-06-09 05:00:00,Direction du vent,Direction du vent,Deg,344.3
2025-06-09 05:00:00,Vitesse du vent,Vitesse du vent,m/s,1.65
2025-06-08 10:00:00,Pression atmosphérique,Pression atmosphérique,mm/j,984.2
2025-06-08 10:00:00,Évapotranspiration journalière,Évapotranspiration journalière,mm/j,7.31
2025-06-08 10:00:00,Évapotranspiration Horaire,Évapotranspiration Horaire,mm/h,2.23
2025-06-08 10:00:00,Rayonnement solaire,Rayonnement solaire,W/m²,783.0
2025-06-08 10:00:00,Point de Rosée,Point de Rosée,°C,4.8
2025-06-08 10:00:00,Humidité relative,Humidité relative,%,16.0
2025-06-08 10:00:00,Température,Température,°C,34.2
2025-06-08 10:00:00,Direction du vent,Direction du vent,Deg,165.8
2025-06-08 10:00:00,Vitesse du vent,Vitesse du vent,m/s,1.72
2025-06-08 09:00:00,Point de Rosée,Point de Rosée,°C,4.3
2025-06-08 09:00:00,Vitesse du vent,Vitesse du vent,m/s,1.1
2025-06-08 09:00:00,Humidité relative,Humidité relative,%,17.9
2025-06-08 09:00:00,Évapotranspiration Horaire,Évapotranspiration Horaire,mm/h,0.83
2025-06-08 09:00:00,Évapotranspiration journalière,Évapotranspiration journalière,mm/j,7.31
2025-06-08 09:00:00,Pression atmosphérique,Pression atmosphérique,mm/j,984.5
2025-06-08 09:00:00,Direction du vent,Direction du vent,Deg,152.4
2025-06-08 09:00:00,Rayonnement solaire,Rayonnement solaire,W/m²,640.0
2025-06-08 09:00:00,Température,Température,°C,31.6
2025-06-08 07:00:00,Température,Température,°C,26.2
2025-06-08 07:00:00,Évapotranspiration journalière,Évapotranspiration journalière,mm/j,7.31
2025-06-08 07:00:00,Évapotranspiration Horaire,Évapotranspiration Horaire,mm/h,0.83
2025-06-08 07:00:00,Pression atmosphérique,Pression atmosphérique,mm/j,983.9
2025-06-08 07:00:00,Rayonnement solaire,Rayonnement solaire,W/m²,248.0
2025-06-08 07:00:00,Point de Rosée,Point de Rosée,°C,5.6
2025-06-08 07:00:00,Humidité relative,Humidité relative,%,26.7
2025-06-08 07:00:00,Direction du vent,Direction du vent,Deg,319.8
2025-06-08 07:00:00,Vitesse du vent,Vitesse du vent,m/s,0.59
2025-06-08 06:00:00,Évapotranspiration Horaire,Évapotranspiration Horaire,mm/h,0.83
2025-06-08 06:00:00,Humidité relative,Humidité relative,%,26.5
2025-06-08 06:00:00,Rayonnement solaire,Rayonnement solaire,W/m²,78.0
2025-06-08 06:00:00,Température,Température,°C,23.5
2025-06-08 06:00:00,Pression atmosphérique,Pression atmosphérique,mm/j,983.7
2025-06-08 06:00:00,Direction du vent,Direction du vent,Deg,259.3
2025-06-08 06:00:00,Point de Rosée,Point de Rosée,°C,3.1
2025-06-08 06:00:00,Vitesse du vent,Vitesse du vent,m/s,0.39
2025-06-08 06:00:00,Évapotranspiration journalière,Évapotranspiration journalière,mm/j,7.31
2025-06-08 05:00:00,Vitesse du vent,Vitesse du vent,m/s,1.04
2025-06-08 05:00:00,Évapotranspiration journalière,Évapotranspiration journalière,mm/j,7.31
2025-06-08 05:00:00,Évapotranspiration Horaire,Évapotranspiration Horaire,mm/h,2.23
2025-06-08 05:00:00,Pression atmosphérique,Pression atmosphérique,mm/j,983.6
2025-06-08 05:00:00,Rayonnement solaire,Rayonnement solaire,W/m²,0.0
2025-06-08 05:00:00,Point de Rosée,Point de Rosée,°C,2.1
2025-06-08 05:00:00,Humidité relative,Humidité relative,%,25.3
2025-06-08 05:00:00,Température,Température,°C,23.0
2025-06-08 05:00:00,Direction du vent,Direction du vent,Deg,327.1
2025-06-07 10:00:00,Pression atmosphérique,Pression atmosphérique,mm/j,985.1
2025-06-07 10:00:00,Évapotranspiration journalière,Évapotranspiration journalière,mm/j,7.08
2025-06-07 10:00:00,Évapotranspiration Horaire,Évapotranspiration Horaire,mm/h,0.96
2025-06-07 10:00:00,Rayonnement solaire,Rayonnement solaire,W/m²,784.0
2025-06-07 10:00:00,Point de Rosée,Point de Rosée,°C,6.3
2025-06-07 10:00:00,Humidité relative,Humidité relative,%,19.5
2025-06-07 10:00:00,Température,Température,°C,32.6
2025-06-07 10:00:00,Direction du vent,Direction du vent,Deg,70.0
2025-06-07 10:00:00,Vitesse du vent,Vitesse du vent,m/s,2.46
2025-06-07 09:00:00,Point de Rosée,Point de Rosée,°C,6.8
2025-06-07 09:00:00,Rayonnement solaire,Rayonnement solaire,W/m²,628.0
2025-06-07 09:00:00,Humidité relative,Humidité relative,%,21.4
2025-06-07 09:00:00,Pression atmosphérique,Pression atmosphérique,mm/j,985.1
2025-06-07 09:00:00,Température,Température,°C,31.5
2025-06-07 09:00:00,Évapotranspiration journalière,Évapotranspiration journalière,mm/j,7.08
2025-06-07 09:00:00,Direction du vent,Direction du vent,Deg,240.5
2025-06-07 09:00:00,Évapotranspiration Horaire,Évapotranspiration Horaire,mm/h,0.97
2025-06-07 09:00:00,Vitesse du vent,Vitesse du vent,m/s,0.74
2025-06-07 08:00:00,Pression atmosphérique,Pression atmosphérique,mm/j,985.5
2025-06-07 08:00:00,Évapotranspiration journalière,Évapotranspiration journalière,mm/j,7.08
2025-06-07 08:00:00,Évapotranspiration Horaire,Évapotranspiration Horaire,mm/h,0.97
2025-06-07 08:00:00,Rayonnement solaire,Rayonnement solaire,W/m²,441.0
2025-06-07 08:00:00,Point de Rosée,Point de Rosée,°C,6.6
2025-06-07 08:00:00,Humidité relative,Humidité relative,%,24.0
2025-06-07 08:00:00,Température,Température,°C,29.2
2025-06-07 08:00:00,Direction du vent,Direction du vent,Deg,66.0
2025-06-07 08:00:00,Vitesse du vent,Vitesse du vent,m/s,0.59
2025-06-07 07:00:00,Point de Rosée,Point de Rosée,°C,6.5
2025-06-07 07:00:00,Vitesse du vent,Vitesse du vent,m/s,1.59
2025-06-07 07:00:00,Humidité relative,Humidité relative,%,29.5
2025-06-07 07:00:00,Évapotranspiration Horaire,Évapotranspiration Horaire,mm/h,0.83
2025-06-07 07:00:00,Évapotranspiration journalière,Évapotranspiration journalière,mm/j,7.08
2025-06-07 07:00:00,Pression atmosphérique,Pression atmosphérique,mm/j,985.6
2025-06-07 07:00:00,Direction du vent,Direction du vent,Deg,305.7
2025-06-07 07:00:00,Rayonnement solaire,Rayonnement solaire,W/m²,239.0
2025-06-07 07:00:00,Température,Température,°C,25.6
2025-06-07 06:00:00,Rayonnement solaire,Rayonnement solaire,W/m²,74.0
2025-06-07 06:00:00,Évapotranspiration journalière,Évapotranspiration journalière,mm/j,7.08
2025-06-07 06:00:00,Évapotranspiration Horaire,Évapotranspiration Horaire,mm/h,2.23
2025-06-07 06:00:00,Pression atmosphérique,Pression atmosphérique,mm/j,985.7
2025-06-07 06:00:00,Point de Rosée,Point de Rosée,°C,5.5
2025-06-07 06:00:00,Humidité relative,Humidité relative,%,34.4
2025-06-07 06:00:00,Température,Température,°C,21.9
2025-06-07 06:00:00,Direction du vent,Direction du vent,Deg,303.2
2025-06-07 06:00:00,Vitesse du vent,Vitesse du vent,m/s,1.42
2025-06-07 05:00:00,Humidité relative,Humidité relative,%,31.3
2025-06-07 05:00:00,Direction du vent,Direction du vent,Deg,291.8
2025-06-07 05:00:00,Température,Température,°C,21.6
2025-06-07 05:00:00,Évapotranspiration Horaire,Évapotranspiration Horaire,mm/h,0.83
2025-06-07 05:00:00,Vitesse du vent,Vitesse du vent,m/s,1.2
2025-06-07 05:00:00,Pression atmosphérique,Pression atmosphérique,mm/j,985.5
2025-06-07 05:00:00,Évapotranspiration journalière,Évapotranspiration journalière,mm/j,7.08
2025-06-07 05:00:00,Rayonnement solaire,Rayonnement solaire,W/m²,1.0
2025-06-07 05:00:00,Point de Rosée,Point de Rosée,°C,3.9
2025-06-06 09:00:00,Direction du vent,Direction du vent,Deg,102.0
2025-06-06 09:00:00,Température,Température,°C,26.4
2025-06-06 09:00:00,Rayonnement solaire,Rayonnement solaire,W/m²,622.0
2025-06-06 09:00:00,Humidité relative,Humidité relative,%,44.8
2025-06-06 09:00:00,Point de Rosée,Point de Rosée,°C,13.4
2025-06-06 09:00:00,Évapotranspiration journalière,Évapotranspiration journalière,mm/j,8.04
2025-06-06 09:00:00,Évapotranspiration Horaire,Évapotranspiration Horaire,mm/h,0.84
2025-06-06 09:00:00,Pression atmosphérique,Pression atmosphérique,mm/j,985.2
2025-06-06 09:00:00,Vitesse du vent,Vitesse du vent,m/s,1.6
2025-06-06 07:00:00,Évapotranspiration journalière,Évapotranspiration journalière,mm/j,8.04
2025-06-06 07:00:00,Vitesse du vent,Vitesse du vent,m/s,1.31
2025-06-06 07:00:00,Direction du vent,Direction du vent,Deg,353.0
2025-06-06 07:00:00,Température,Température,°C,21.8
2025-06-06 07:00:00,Humidité relative,Humidité relative,%,64.4
2025-06-06 07:00:00,Point de Rosée,Point de Rosée,°C,14.8
2025-06-06 07:00:00,Rayonnement solaire,Rayonnement solaire,W/m²,242.0
2025-06-06 07:00:00,Pression atmosphérique,Pression atmosphérique,mm/j,984.3
2025-06-06 07:00:00,Évapotranspiration Horaire,Évapotranspiration Horaire,mm/h,0.97
2025-06-06 06:00:00,Évapotranspiration journalière,Évapotranspiration journalière,mm/j,8.04
2025-06-06 06:00:00,Humidité relative,Humidité relative,%,69.3
2025-06-06 06:00:00,Rayonnement solaire,Rayonnement solaire,W/m²,73.0
2025-06-06 06:00:00,Température,Température,°C,19.5
2025-06-06 06:00:00,Évapotranspiration Horaire,Évapotranspiration Horaire,mm/h,0.84
2025-06-06 06:00:00,Direction du vent,Direction du vent,Deg,184.5
2025-06-06 06:00:00,Point de Rosée,Point de Rosée,°C,13.7
2025-06-06 06:00:00,Vitesse du vent,Vitesse du vent,m/s,1.25
2025-06-06 06:00:00,Pression atmosphérique,Pression atmosphérique,mm/j,984.3
2025-06-06 05:00:00,Vitesse du vent,Vitesse du vent,m/s,0.3
2025-06-06 05:00:00,Évapotranspiration Horaire,Évapotranspiration Horaire,mm/h,0.84
2025-06-06 05:00:00,Pression atmosphérique,Pression atmosphérique,mm/j,983.3
2025-06-06 05:00:00,Évapotranspiration journalière,Évapotranspiration journalière,mm/j,8.04
2025-06-06 05:00:00,Point de Rosée,Point de Rosée,°C,12.0
2025-06-06 05:00:00,Humidité relative,Humidité relative,%,58.3
2025-06-06 05:00:00,Température,Température,°C,20.5
2025-06-06 05:00:00,Direction du vent,Direction du vent,Deg,70.4
2025-06-06 05:00:00,Rayonnement solaire,Rayonnement solaire,W/m²,2.0
2025-06-05 21:00:00,Évapotranspiration journalière,Évapotranspiration journalière,mm/j,7.1
2025-06-05 21:00:00,Évapotranspiration Horaire,Évapotranspiration Horaire,mm/h,0.84
2025-06-05 21:00:00,Pression atmosphérique,Pression atmosphérique,mm/j,984.2
2025-06-05 21:00:00,Rayonnement solaire,Rayonnement solaire,W/m²,0.0
2025-06-05 21:00:00,Point de Rosée,Point de Rosée,°C,12.3
2025-06-05 21:00:00,Humidité relative,Humidité relative,%,41.6
2025-06-05 21:00:00,Température,Température,°C,26.4
2025-06-05 21:00:00,Direction du vent,Direction du vent,Deg,23.1
2025-06-05 21:00:00,Vitesse du vent,Vitesse du vent,m/s,1.49
2025-06-05 19:00:00,Évapotranspiration journalière,Évapotranspiration journalière,mm/j,7.1
2025-06-05 19:00:00,Évapotranspiration Horaire,Évapotranspiration Horaire,mm/h,0.98
2025-06-05 19:00:00,Pression atmosphérique,Pression atmosphérique,mm/j,982.4
2025-06-05 19:00:00,Rayonnement solaire,Rayonnement solaire,W/m²,25.0
2025-06-05 19:00:00,Point de Rosée,Point de Rosée,°C,10.2
2025-06-05 19:00:00,Humidité relative,Humidité relative,%,28.1
2025-06-05 19:00:00,Température,Température,°C,30.8
2025-06-05 19:00:00,Direction du vent,Direction du vent,Deg,82.4
2025-06-05 19:00:00,Vitesse du vent,Vitesse du vent,m/s,1.96
2025-06-05 18:00:00,Direction du vent,Direction du vent,Deg,79.5
2025-06-05 18:00:00,Évapotranspiration journalière,Évapotranspiration journalière,mm/j,7.1
2025-06-05 18:00:00,Évapotranspiration Horaire,Évapotranspiration Horaire,mm/h,0.98
2025-06-05 18:00:00,Pression atmosphérique,Pression atmosphérique,mm/j,981.5
2025-06-05 18:00:00,Rayonnement solaire,Rayonnement solaire,W/m²,166.0
2025-06-05 18:00:00,Point de Rosée,Point de Rosée,°C,8.1
2025-06-05 18:00:00,Humidité relative,Humidité relative,%,21.4
2025-06-05 18:00:00,Température,Température,°C,33.1
2025-06-05 18:00:00,Vitesse du vent,Vitesse du vent,m/s,4.63
2025-06-05 17:00:00,Évapotranspiration journalière,Évapotranspiration journalière,mm/j,7.1
2025-06-05 17:00:00,Rayonnement solaire,Rayonnement solaire,W/m²,359.0
2025-06-05 17:00:00,Évapotranspiration Horaire,Évapotranspiration Horaire,mm/h,0.84
2025-06-05 17:00:00,Humidité relative,Humidité relative,%,19.2
2025-06-05 17:00:00,Direction du vent,Direction du vent,Deg,70.2
2025-06-05 17:00:00,Pression atmosphérique,Pression atmosphérique,mm/j,981.2
2025-06-05 17:00:00,Vitesse du vent,Vitesse du vent,m/s,3.76
2025-06-05 17:00:00,Température,Température,°C,34.1
2025-06-05 17:00:00,Point de Rosée,Point de Rosée,°C,7.3
2025-06-05 16:00:00,Point de Rosée,Point de Rosée,°C,7.9
2025-06-05 16:00:00,Humidité relative,Humidité relative,%,19.5
2025-06-05 16:00:00,Température,Température,°C,34.4
2025-06-05 16:00:00,Direction du vent,Direction du vent,Deg,101.9
2025-06-05 16:00:00,Vitesse du vent,Vitesse du vent,m/s,2.69
2025-06-05 16:00:00,Évapotranspiration journalière,Évapotranspiration journalière,mm/j,7.1
2025-06-05 16:00:00,Évapotranspiration Horaire,Évapotranspiration Horaire,mm/h,2.24
2025-06-05 16:00:00,Pression atmosphérique,Pression atmosphérique,mm/j,981.3
2025-06-05 16:00:00,Rayonnement solaire,Rayonnement solaire,W/m²,553.0
2025-06-05 15:00:00,Point de Rosée,Point de Rosée,°C,8.5
2025-06-05 15:00:00,Évapotranspiration journalière,Évapotranspiration journalière,mm/j,7.1
2025-06-05 15:00:00,Évapotranspiration Horaire,Évapotranspiration Horaire,mm/h,0.85
2025-06-05 15:00:00,Pression atmosphérique,Pression atmosphérique,mm/j,981.5
2025-06-05 15:00:00,Rayonnement solaire,Rayonnement solaire,W/m²,721.0
2025-06-05 15:00:00,Humidité relative,Humidité relative,%,20.0
2025-06-05 15:00:00,Température,Température,°C,34.8
2025-06-05 15:00:00,Direction du vent,Direction du vent,Deg,86.9
2025-06-05 15:00:00,Vitesse du vent,Vitesse du vent,m/s,3.6
2025-06-05 14:00:00,Évapotranspiration journalière,Évapotranspiration journalière,mm/j,7.1
2025-06-05 14:00:00,Vitesse du vent,Vitesse du vent,m/s,4.22
2025-06-05 14:00:00,Évapotranspiration Horaire,Évapotranspiration Horaire,mm/h,0.84
2025-06-05 14:00:00,Point de Rosée,Point de Rosée,°C,8.7
2025-06-05 14:00:00,Direction du vent,Direction du vent,Deg,48.4
2025-06-05 14:00:00,Humidité relative,Humidité relative,%,21.1
2025-06-05 14:00:00,Pression atmosphérique,Pression atmosphérique,mm/j,982.0
2025-06-05 14:00:00,Rayonnement solaire,Rayonnement solaire,W/m²,869.0
2025-06-05 14:00:00,Température,Température,°C,34.0
2025-06-05 13:00:00,Température,Température,°C,32.7
2025-06-05 13:00:00,Évapotranspiration journalière,Évapotranspiration journalière,mm/j,7.1
2025-06-05 13:00:00,Évapotranspiration Horaire,Évapotranspiration Horaire,mm/h,0.84
2025-06-05 13:00:00,Pression atmosphérique,Pression atmosphérique,mm/j,982.3
2025-06-05 13:00:00,Rayonnement solaire,Rayonnement solaire,W/m²,908.0
2025-06-05 13:00:00,Point de Rosée,Point de Rosée,°C,11.1
2025-06-05 13:00:00,Humidité relative,Humidité relative,%,26.8
2025-06-05 13:00:00,Direction du vent,Direction du vent,Deg,67.7
2025-06-05 13:00:00,Vitesse du vent,Vitesse du vent,m/s,1.84
2025-06-05 11:00:00,Évapotranspiration journalière,Évapotranspiration journalière,mm/j,7.1
2025-06-05 11:00:00,Rayonnement solaire,Rayonnement solaire,W/m²,899.0
2025-06-05 11:00:00,Évapotranspiration Horaire,Évapotranspiration Horaire,mm/h,0.85
2025-06-05 11:00:00,Humidité relative,Humidité relative,%,25.9
2025-06-05 11:00:00,Direction du vent,Direction du vent,Deg,53.7
2025-06-05 11:00:00,Pression atmosphérique,Pression atmosphérique,mm/j,982.5
2025-06-05 11:00:00,Vitesse du vent,Vitesse du vent,m/s,6.9
2025-06-05 11:00:00,Température,Température,°C,32.4
2025-06-05 11:00:00,Point de Rosée,Point de Rosée,°C,10.4
2025-06-05 10:00:00,Point de Rosée,Point de Rosée,°C,10.2
2025-06-05 10:00:00,Humidité relative,Humidité relative,%,27.2
2025-06-05 10:00:00,Température,Température,°C,31.4
2025-06-05 10:00:00,Direction du vent,Direction du vent,Deg,31.8
2025-06-05 10:00:00,Vitesse du vent,Vitesse du vent,m/s,4.39
2025-06-05 10:00:00,Évapotranspiration journalière,Évapotranspiration journalière,mm/j,7.1
2025-06-05 10:00:00,Évapotranspiration Horaire,Évapotranspiration Horaire,mm/h,2.25
2025-06-05 10:00:00,Pression atmosphérique,Pression atmosphérique,mm/j,982.9
2025-06-05 10:00:00,Rayonnement solaire,Rayonnement solaire,W/m²,802.0
2025-06-05 09:00:00,Point de Rosée,Point de Rosée,°C,14.5
2025-06-05 09:00:00,Évapotranspiration journalière,Évapotranspiration journalière,mm/j,7.1
2025-06-05 09:00:00,Évapotranspiration Horaire,Évapotranspiration Horaire,mm/h,0.84
2025-06-05 09:00:00,Pression atmosphérique,Pression atmosphérique,mm/j,982.9
2025-06-05 09:00:00,Rayonnement solaire,Rayonnement solaire,W/m²,654.0
2025-06-05 09:00:00,Humidité relative,Humidité relative,%,40.9
2025-06-05 09:00:00,Température,Température,°C,29.2
2025-06-05 09:00:00,Direction du vent,Direction du vent,Deg,19.6
2025-06-05 09:00:00,Vitesse du vent,Vitesse du vent,m/s,1.87
2025-06-05 08:00:00,Évapotranspiration journalière,Évapotranspiration journalière,mm/j,7.1
2025-06-05 08:00:00,Vitesse du vent,Vitesse du vent,m/s,2.2
2025-06-05 08:00:00,Évapotranspiration Horaire,Évapotranspiration Horaire,mm/h,0.84
2025-06-05 08:00:00,Direction du vent,Direction du vent,Deg,3.2
2025-06-05 08:00:00,Pression atmosphérique,Pression atmosphérique,mm/j,982.9
2025-06-05 08:00:00,Température,Température,°C,27.2
2025-06-05 08:00:00,Rayonnement solaire,Rayonnement solaire,W/m²,465.0
2025-06-05 08:00:00,Humidité relative,Humidité relative,%,45.7
2025-06-05 08:00:00,Point de Rosée,Point de Rosée,°C,14.5
2025-06-05 07:00:00,Évapotranspiration Horaire,Évapotranspiration Horaire,mm/h,0.84
2025-06-05 07:00:00,Évapotranspiration journalière,Évapotranspiration journalière,mm/j,7.1
2025-06-05 07:00:00,Pression atmosphérique,Pression atmosphérique,mm/j,982.8
2025-06-05 07:00:00,Rayonnement solaire,Rayonnement solaire,W/m²,229.0
2025-06-05 07:00:00,Point de Rosée,Point de Rosée,°C,15.4
2025-06-05 07:00:00,Humidité relative,Humidité relative,%,54.2
2025-06-05 07:00:00,Température,Température,°C,25.3
2025-06-05 07:00:00,Direction du vent,Direction du vent,Deg,348.2
2025-06-05 07:00:00,Vitesse du vent,Vitesse du vent,m/s,1.96
2025-06-05 06:00:00,Évapotranspiration journalière,Évapotranspiration journalière,mm/j,7.1
2025-06-05 06:00:00,Évapotranspiration Horaire,Évapotranspiration Horaire,mm/h,0.84
2025-06-05 06:00:00,Pression atmosphérique,Pression atmosphérique,mm/j,982.5
2025-06-05 06:00:00,Rayonnement solaire,Rayonnement solaire,W/m²,86.0
2025-06-05 06:00:00,Point de Rosée,Point de Rosée,°C,15.0
2025-06-05 06:00:00,Humidité relative,Humidité relative,%,58.4
2025-06-05 06:00:00,Température,Température,°C,23.7
2025-06-05 06:00:00,Direction du vent,Direction du vent,Deg,1.3
2025-06-05 06:00:00,Vitesse du vent,Vitesse du vent,m/s,1.82
2025-06-05 05:00:00,Évapotranspiration journalière,Évapotranspiration journalière,mm/j,7.1
2025-06-05 05:00:00,Température,Température,°C,23.0
2025-06-05 05:00:00,Point de Rosée,Point de Rosée,°C,14.6
2025-06-05 05:00:00,Vitesse du vent,Vitesse du vent,m/s,2.21
2025-06-05 05:00:00,Direction du vent,Direction du vent,Deg,348.0
2025-06-05 05:00:00,Rayonnement solaire,Rayonnement solaire,W/m²,2.0
2025-06-05 05:00:00,Évapotranspiration Horaire,Évapotranspiration Horaire,mm/h,0.84
2025-06-05 05:00:00,Humidité relative,Humidité relative,%,59.3
2025-06-05 05:00:00,Pression atmosphérique,Pression atmosphérique,mm/j,982.2
2025-06-05 04:00:00,Pression atmosphérique,Pression atmosphérique,mm/j,982.0
2025-06-05 04:00:00,Rayonnement solaire,Rayonnement solaire,W/m²,0.0
2025-06-05 04:00:00,Point de Rosée,Point de Rosée,°C,13.2
2025-06-05 04:00:00,Humidité relative,Humidité relative,%,56.2
2025-06-05 04:00:00,Température,Température,°C,22.4
2025-06-05 04:00:00,Direction du vent,Direction du vent,Deg,352.8
2025-06-05 04:00:00,Vitesse du vent,Vitesse du vent,m/s,1.09
2025-06-05 04:00:00,Évapotranspiration journalière,Évapotranspiration journalière,mm/j,7.1
2025-06-05 04:00:00,Évapotranspiration Horaire,Évapotranspiration Horaire,mm/h,2.25
2025-06-04 06:00:00,Point de Rosée,Point de Rosée,°C,9.8
2025-06-04 06:00:00,Température,Température,°C,21.3
2025-06-04 06:00:00,Vitesse du vent,Vitesse du vent,m/s,0.84
2025-06-04 06:00:00,Évapotranspiration journalière,Évapotranspiration journalière,mm/j,6.99
2025-06-04 06:00:00,Pression atmosphérique,Pression atmosphérique,mm/j,982.6
2025-06-04 06:00:00,Évapotranspiration Horaire,Évapotranspiration Horaire,mm/h,0.85
2025-06-04 06:00:00,Humidité relative,Humidité relative,%,47.7
2025-06-04 06:00:00,Rayonnement solaire,Rayonnement solaire,W/m²,88.0
2025-06-04 06:00:00,Direction du vent,Direction du vent,Deg,279.8
2025-06-04 05:00:00,Évapotranspiration Horaire,Évapotranspiration Horaire,mm/h,0.85
2025-06-04 05:00:00,Évapotranspiration journalière,Évapotranspiration journalière,mm/j,6.99
2025-06-04 05:00:00,Pression atmosphérique,Pression atmosphérique,mm/j,982.2
2025-06-04 05:00:00,Rayonnement solaire,Rayonnement solaire,W/m²,2.0
2025-06-04 05:00:00,Point de Rosée,Point de Rosée,°C,9.2
2025-06-04 05:00:00,Humidité relative,Humidité relative,%,45.8
2025-06-04 05:00:00,Température,Température,°C,21.4
2025-06-04 05:00:00,Direction du vent,Direction du vent,Deg,359.8
2025-06-04 05:00:00,Vitesse du vent,Vitesse du vent,m/s,1.17
2025-06-03 10:00:00,Point de Rosée,Point de Rosée,°C,10.4
2025-06-03 10:00:00,Rayonnement solaire,Rayonnement solaire,W/m²,834.0
2025-06-03 10:00:00,Humidité relative,Humidité relative,%,37.4
2025-06-03 10:00:00,Évapotranspiration Horaire,Évapotranspiration Horaire,mm/h,0.85
2025-06-03 10:00:00,Température,Température,°C,26.1
2025-06-03 10:00:00,Évapotranspiration journalière,Évapotranspiration journalière,mm/j,6.44
2025-06-03 10:00:00,Vitesse du vent,Vitesse du vent,m/s,2.58
2025-06-03 10:00:00,Pression atmosphérique,Pression atmosphérique,mm/j,984.7
2025-06-03 10:00:00,Direction du vent,Direction du vent,Deg,180.1
2025-06-03 09:00:00,Pression atmosphérique,Pression atmosphérique,mm/j,984.4
2025-06-03 09:00:00,Évapotranspiration Horaire,Évapotranspiration Horaire,mm/h,0.85
2025-06-03 09:00:00,Rayonnement solaire,Rayonnement solaire,W/m²,675.0
2025-06-03 09:00:00,Point de Rosée,Point de Rosée,°C,11.9
2025-06-03 09:00:00,Humidité relative,Humidité relative,%,43.8
2025-06-03 09:00:00,Température,Température,°C,25.1
2025-06-03 09:00:00,Direction du vent,Direction du vent,Deg,183.5
2025-06-03 09:00:00,Vitesse du vent,Vitesse du vent,m/s,1.41
2025-06-03 09:00:00,Évapotranspiration journalière,Évapotranspiration journalière,mm/j,6.44
2025-06-03 08:00:00,Rayonnement solaire,Rayonnement solaire,W/m²,477.0
2025-06-03 08:00:00,Évapotranspiration journalière,Évapotranspiration journalière,mm/j,6.44
2025-06-03 08:00:00,Température,Température,°C,22.9
2025-06-03 08:00:00,Évapotranspiration Horaire,Évapotranspiration Horaire,mm/h,2.26
2025-06-03 08:00:00,Humidité relative,Humidité relative,%,52.0
2025-06-03 08:00:00,Pression atmosphérique,Pression atmosphérique,mm/j,984.8
2025-06-03 08:00:00,Vitesse du vent,Vitesse du vent,m/s,1.34
2025-06-03 08:00:00,Point de Rosée,Point de Rosée,°C,12.5
2025-06-03 08:00:00,Direction du vent,Direction du vent,Deg,160.0
2025-06-03 07:00:00,Vitesse du vent,Vitesse du vent,m/s,0.85
2025-06-03 07:00:00,Évapotranspiration journalière,Évapotranspiration journalière,mm/j,6.44
2025-06-03 07:00:00,Évapotranspiration Horaire,Évapotranspiration Horaire,mm/h,0.85
2025-06-03 07:00:00,Pression atmosphérique,Pression atmosphérique,mm/j,984.6
2025-06-03 07:00:00,Rayonnement solaire,Rayonnement solaire,W/m²,269.0
2025-06-03 07:00:00,Point de Rosée,Point de Rosée,°C,13.9
2025-06-03 07:00:00,Humidité relative,Humidité relative,%,62.8
2025-06-03 07:00:00,Température,Température,°C,21.3
2025-06-03 07:00:00,Direction du vent,Direction du vent,Deg,230.1
2025-06-03 06:00:00,Vitesse du vent,Vitesse du vent,m/s,0.57
2025-06-03 06:00:00,Évapotranspiration journalière,Évapotranspiration journalière,mm/j,6.44
2025-06-03 06:00:00,Évapotranspiration Horaire,Évapotranspiration Horaire,mm/h,0.85
2025-06-03 06:00:00,Pression atmosphérique,Pression atmosphérique,mm/j,984.8
2025-06-03 06:00:00,Rayonnement solaire,Rayonnement solaire,W/m²,89.0
2025-06-03 06:00:00,Point de Rosée,Point de Rosée,°C,16.5
2025-06-03 06:00:00,Humidité relative,Humidité relative,%,91.9
2025-06-03 06:00:00,Température,Température,°C,17.9
2025-06-03 06:00:00,Direction du vent,Direction du vent,Deg,347.5
2025-06-03 05:00:00,Température,Température,°C,17.4
2025-06-03 05:00:00,Point de Rosée,Point de Rosée,°C,16.0
2025-06-03 05:00:00,Évapotranspiration journalière,Évapotranspiration journalière,mm/j,6.44
2025-06-03 05:00:00,Vitesse du vent,Vitesse du vent,m/s,0.34
2025-06-03 05:00:00,Évapotranspiration Horaire,Évapotranspiration Horaire,mm/h,0.85
2025-06-03 05:00:00,Humidité relative,Humidité relative,%,91.4
2025-06-03 05:00:00,Pression atmosphérique,Pression atmosphérique,mm/j,985.1
2025-06-03 05:00:00,Direction du vent,Direction du vent,Deg,336.1
2025-06-03 05:00:00,Rayonnement solaire,Rayonnement solaire,W/m²,2.0
2025-06-02 19:00:00,Direction du vent,Direction du vent,Deg,154.6
2025-06-02 19:00:00,Évapotranspiration journalière,Évapotranspiration journalière,mm/j,6.24
2025-06-02 19:00:00,Évapotranspiration Horaire,Évapotranspiration Horaire,mm/h,0.86
2025-06-02 19:00:00,Pression atmosphérique,Pression atmosphérique,mm/j,985.4
2025-06-02 19:00:00,Rayonnement solaire,Rayonnement solaire,W/m²,38.0
2025-06-02 19:00:00,Point de Rosée,Point de Rosée,°C,10.0
2025-06-02 19:00:00,Humidité relative,Humidité relative,%,39.9
2025-06-02 19:00:00,Température,Température,°C,24.5
2025-06-02 19:00:00,Vitesse du vent,Vitesse du vent,m/s,3.56
2025-06-02 17:00:00,Point de Rosée,Point de Rosée,°C,6.5
2025-06-02 17:00:00,Direction du vent,Direction du vent,Deg,162.0
2025-06-02 17:00:00,Évapotranspiration journalière,Évapotranspiration journalière,mm/j,6.24
2025-06-02 17:00:00,Température,Température,°C,27.8
2025-06-02 17:00:00,Évapotranspiration Horaire,Évapotranspiration Horaire,mm/h,0.86
2025-06-02 17:00:00,Pression atmosphérique,Pression atmosphérique,mm/j,984.8
2025-06-02 17:00:00,Rayonnement solaire,Rayonnement solaire,W/m²,405.0
2025-06-02 17:00:00,Humidité relative,Humidité relative,%,26.0
2025-06-02 17:00:00,Vitesse du vent,Vitesse du vent,m/s,2.96
2025-06-02 15:00:00,Humidité relative,Humidité relative,%,24.6
2025-06-02 15:00:00,Évapotranspiration journalière,Évapotranspiration journalière,mm/j,6.24
2025-06-02 15:00:00,Évapotranspiration Horaire,Évapotranspiration Horaire,mm/h,0.85
2025-06-02 15:00:00,Pression atmosphérique,Pression atmosphérique,mm/j,985.5
2025-06-02 15:00:00,Rayonnement solaire,Rayonnement solaire,W/m²,785.0
2025-06-02 15:00:00,Point de Rosée,Point de Rosée,°C,5.9
2025-06-02 15:00:00,Vitesse du vent,Vitesse du vent,m/s,1.5
2025-06-02 15:00:00,Température,Température,°C,28.0
2025-06-02 15:00:00,Direction du vent,Direction du vent,Deg,181.6
2025-06-02 13:00:00,Évapotranspiration journalière,Évapotranspiration journalière,mm/j,6.24
2025-06-02 13:00:00,Point de Rosée,Point de Rosée,°C,8.6
2025-06-02 13:00:00,Humidité relative,Humidité relative,%,32.4
2025-06-02 13:00:00,Rayonnement solaire,Rayonnement solaire,W/m²,980.0
2025-06-02 13:00:00,Température,Température,°C,26.4
2025-06-02 13:00:00,Pression atmosphérique,Pression atmosphérique,mm/j,986.8
2025-06-02 13:00:00,Direction du vent,Direction du vent,Deg,177.2
2025-06-02 13:00:00,Évapotranspiration Horaire,Évapotranspiration Horaire,mm/h,0.86
2025-06-02 13:00:00,Vitesse du vent,Vitesse du vent,m/s,4.65
2025-06-02 11:00:00,Évapotranspiration journalière,Évapotranspiration journalière,mm/j,6.24
2025-06-02 11:00:00,Évapotranspiration Horaire,Évapotranspiration Horaire,mm/h,0.86
2025-06-02 11:00:00,Pression atmosphérique,Pression atmosphérique,mm/j,988.0
2025-06-02 11:00:00,Rayonnement solaire,Rayonnement solaire,W/m²,935.0
2025-06-02 11:00:00,Point de Rosée,Point de Rosée,°C,11.0
2025-06-02 11:00:00,Humidité relative,Humidité relative,%,45.0
2025-06-02 11:00:00,Température,Température,°C,23.7
2025-06-02 11:00:00,Direction du vent,Direction du vent,Deg,178.9
2025-06-02 11:00:00,Vitesse du vent,Vitesse du vent,m/s,1.85
2025-06-02 09:00:00,Évapotranspiration journalière,Évapotranspiration journalière,mm/j,6.24
2025-06-02 09:00:00,Évapotranspiration Horaire,Évapotranspiration Horaire,mm/h,0.86
2025-06-02 09:00:00,Pression atmosphérique,Pression atmosphérique,mm/j,988.7
2025-06-02 09:00:00,Rayonnement solaire,Rayonnement solaire,W/m²,706.0
2025-06-02 09:00:00,Point de Rosée,Point de Rosée,°C,12.1
2025-06-02 09:00:00,Humidité relative,Humidité relative,%,53.0
2025-06-02 09:00:00,Température,Température,°C,22.2
2025-06-02 09:00:00,Direction du vent,Direction du vent,Deg,157.2
2025-06-02 09:00:00,Vitesse du vent,Vitesse du vent,m/s,3.69
2025-06-02 08:00:00,Évapotranspiration journalière,Évapotranspiration journalière,mm/j,6.24
2025-06-02 08:00:00,Vitesse du vent,Vitesse du vent,m/s,3.59
2025-06-02 08:00:00,Évapotranspiration Horaire,Évapotranspiration Horaire,mm/h,2.26
2025-06-02 08:00:00,Direction du vent,Direction du vent,Deg,164.7
2025-06-02 08:00:00,Pression atmosphérique,Pression atmosphérique,mm/j,988.6
2025-06-02 08:00:00,Température,Température,°C,20.5
2025-06-02 08:00:00,Rayonnement solaire,Rayonnement solaire,W/m²,504.0
2025-06-02 08:00:00,Humidité relative,Humidité relative,%,63.3
2025-06-02 08:00:00,Point de Rosée,Point de Rosée,°C,13.3
2025-06-02 07:00:00,Point de Rosée,Point de Rosée,°C,13.5
2025-06-02 07:00:00,Évapotranspiration journalière,Évapotranspiration journalière,mm/j,6.24
2025-06-02 07:00:00,Évapotranspiration Horaire,Évapotranspiration Horaire,mm/h,0.86
2025-06-02 07:00:00,Pression atmosphérique,Pression atmosphérique,mm/j,988.4
2025-06-02 07:00:00,Rayonnement solaire,Rayonnement solaire,W/m²,315.0
2025-06-02 07:00:00,Humidité relative,Humidité relative,%,64.2
2025-06-02 07:00:00,Température,Température,°C,20.5
2025-06-02 07:00:00,Direction du vent,Direction du vent,Deg,125.4
2025-06-02 07:00:00,Vitesse du vent,Vitesse du vent,m/s,0.72
2025-06-02 06:00:00,Évapotranspiration Horaire,Évapotranspiration Horaire,mm/h,0.99
2025-06-02 06:00:00,Humidité relative,Humidité relative,%,75.1
2025-06-02 06:00:00,Rayonnement solaire,Rayonnement solaire,W/m²,91.0
2025-06-02 06:00:00,Température,Température,°C,17.3
2025-06-02 06:00:00,Évapotranspiration journalière,Évapotranspiration journalière,mm/j,6.24
2025-06-02 06:00:00,Direction du vent,Direction du vent,Deg,339.4
2025-06-02 06:00:00,Pression atmosphérique,Pression atmosphérique,mm/j,988.0
2025-06-02 06:00:00,Vitesse du vent,Vitesse du vent,m/s,0.41
2025-06-02 06:00:00,Point de Rosée,Point de Rosée,°C,12.9
2025-06-02 05:00:00,Température,Température,°C,16.3
2025-06-02 05:00:00,Évapotranspiration journalière,Évapotranspiration journalière,mm/j,6.24
2025-06-02 05:00:00,Évapotranspiration Horaire,Évapotranspiration Horaire,mm/h,2.26
2025-06-02 05:00:00,Pression atmosphérique,Pression atmosphérique,mm/j,987.6
2025-06-02 05:00:00,Rayonnement solaire,Rayonnement solaire,W/m²,1.0
2025-06-02 05:00:00,Point de Rosée,Point de Rosée,°C,12.0
2025-06-02 05:00:00,Humidité relative,Humidité relative,%,75.6
2025-06-02 05:00:00,Direction du vent,Direction du vent,Deg,309.6
2025-06-02 05:00:00,Vitesse du vent,Vitesse du vent,m/s,0.25
2025-06-01 08:00:00,Évapotranspiration journalière,Évapotranspiration journalière,mm/j,6.52
2025-06-01 08:00:00,Évapotranspiration Horaire,Évapotranspiration Horaire,mm/h,0.86
2025-06-01 08:00:00,Pression atmosphérique,Pression atmosphérique,mm/j,987.6
2025-06-01 08:00:00,Rayonnement solaire,Rayonnement solaire,W/m²,489.0
2025-06-01 08:00:00,Point de Rosée,Point de Rosée,°C,7.8
2025-06-01 08:00:00,Humidité relative,Humidité relative,%,36.7
2025-06-01 08:00:00,Température,Température,°C,23.4
2025-06-01 08:00:00,Direction du vent,Direction du vent,Deg,22.9
2025-06-01 08:00:00,Vitesse du vent,Vitesse du vent,m/s,2.19
2025-06-01 07:00:00,Direction du vent,Direction du vent,Deg,54.3
2025-06-01 07:00:00,Vitesse du vent,Vitesse du vent,m/s,1.83
2025-06-01 07:00:00,Température,Température,°C,22.2
2025-06-01 07:00:00,Humidité relative,Humidité relative,%,40.3
2025-06-01 07:00:00,Point de Rosée,Point de Rosée,°C,8.0
2025-06-01 07:00:00,Rayonnement solaire,Rayonnement solaire,W/m²,279.0
2025-06-01 07:00:00,Pression atmosphérique,Pression atmosphérique,mm/j,987.6
2025-06-01 07:00:00,Évapotranspiration Horaire,Évapotranspiration Horaire,mm/h,2.27
2025-06-01 07:00:00,Évapotranspiration journalière,Évapotranspiration journalière,mm/j,6.52
2025-06-01 06:00:00,Vitesse du vent,Vitesse du vent,m/s,0.67
2025-06-01 06:00:00,Rayonnement solaire,Rayonnement solaire,W/m²,91.0
2025-06-01 06:00:00,Pression atmosphérique,Pression atmosphérique,mm/j,987.3
2025-06-01 06:00:00,Évapotranspiration Horaire,Évapotranspiration Horaire,mm/h,0.86
2025-06-01 06:00:00,Évapotranspiration journalière,Évapotranspiration journalière,mm/j,6.52
2025-06-01 06:00:00,Point de Rosée,Point de Rosée,°C,9.4
2025-06-01 06:00:00,Humidité relative,Humidité relative,%,50.4
2025-06-01 06:00:00,Température,Température,°C,20.0
2025-06-01 06:00:00,Direction du vent,Direction du vent,Deg,357.6
2025-06-01 05:00:00,Température,Température,°C,18.6
2025-06-01 05:00:00,Rayonnement solaire,Rayonnement solaire,W/m²,1.0
2025-06-01 05:00:00,Point de Rosée,Point de Rosée,°C,9.1
2025-06-01 05:00:00,Pression atmosphérique,Pression atmosphérique,mm/j,987.0
2025-06-01 05:00:00,Vitesse du vent,Vitesse du vent,m/s,1.37
2025-06-01 05:00:00,Évapotranspiration Horaire,Évapotranspiration Horaire,mm/h,0.86
2025-06-01 05:00:00,Humidité relative,Humidité relative,%,54.0
2025-06-01 05:00:00,Évapotranspiration journalière,Évapotranspiration journalière,mm/j,6.52
2025-06-01 05:00:00,Direction du vent,Direction du vent,Deg,350.2
2025-06-01 04:00:00,Point de Rosée,Point de Rosée,°C,9.9
2025-06-01 04:00:00,Évapotranspiration journalière,Évapotranspiration journalière,mm/j,6.52
2025-06-01 04:00:00,Évapotranspiration Horaire,Évapotranspiration Horaire,mm/h,0.86
2025-06-01 04:00:00,Pression atmosphérique,Pression atmosphérique,mm/j,986.8
2025-06-01 04:00:00,Rayonnement solaire,Rayonnement solaire,W/m²,0.0
2025-06-01 04:00:00,Humidité relative,Humidité relative,%,55.7
2025-06-01 04:00:00,Température,Température,°C,18.9
2025-06-01 04:00:00,Direction du vent,Direction du vent,Deg,354.6
2025-06-01 04:00:00,Vitesse du vent,Vitesse du vent,m/s,0.83
2025-06-01 03:00:00,Rayonnement solaire,Rayonnement solaire,W/m²,0.0
2025-06-01 03:00:00,Point de Rosée,Point de Rosée,°C,9.9
2025-06-01 03:00:00,Humidité relative,Humidité relative,%,55.2
2025-06-01 03:00:00,Température,Température,°C,19.1
2025-06-01 03:00:00,Direction du vent,Direction du vent,Deg,293.5
2025-06-01 03:00:00,Vitesse du vent,Vitesse du vent,m/s,0.75
2025-06-01 03:00:00,Évapotranspiration journalière,Évapotranspiration journalière,mm/j,6.52
2025-06-01 03:00:00,Évapotranspiration Horaire,Évapotranspiration Horaire,mm/h,0.86
2025-06-01 03:00:00,Pression atmosphérique,Pression atmosphérique,mm/j,986.9
2025-06-01 02:00:00,Point de Rosée,Point de Rosée,°C,10.2
2025-06-01 02:00:00,Évapotranspiration journalière,Évapotranspiration journalière,mm/j,6.52
2025-06-01 02:00:00,Évapotranspiration Horaire,Évapotranspiration Horaire,mm/h,0.86
2025-06-01 02:00:00,Pression atmosphérique,Pression atmosphérique,mm/j,986.9
2025-06-01 02:00:00,Température,Température,°C,19.2
2025-06-01 02:00:00,Vitesse du vent,Vitesse du vent,m/s,0.74
2025-06-01 02:00:00,Rayonnement solaire,Rayonnement solaire,W/m²,0.0
2025-06-01 02:00:00,Direction du vent,Direction du vent,Deg,297.4
2025-06-01 02:00:00,Humidité relative,Humidité relative,%,56.2
2025-06-01 01:00:00,Évapotranspiration journalière,Évapotranspiration journalière,mm/j,6.52
2025-06-01 01:00:00,Rayonnement solaire,Rayonnement solaire,W/m²,0.0
2025-06-01 01:00:00,Pression atmosphérique,Pression atmosphérique,mm/j,987.2
2025-06-01 01:00:00,Évapotranspiration Horaire,Évapotranspiration Horaire,mm/h,0.86
2025-06-01 01:00:00,Point de Rosée,Point de Rosée,°C,10.0
2025-06-01 01:00:00,Humidité relative,Humidité relative,%,53.3
2025-06-01 01:00:00,Température,Température,°C,19.8
2025-06-01 01:00:00,Direction du vent,Direction du vent,Deg,268.3
2025-06-01 01:00:00,Vitesse du vent,Vitesse du vent,m/s,1.05
2025-06-01 00:00:00,Évapotranspiration journalière,Évapotranspiration journalière,mm/j,7.27
2025-06-01 00:00:00,Évapotranspiration Horaire,Évapotranspiration Horaire,mm/h,1.01
2025-06-01 00:00:00,Pression atmosphérique,Pression atmosphérique,mm/j,987.6
2025-06-01 00:00:00,Rayonnement solaire,Rayonnement solaire,W/m²,0.0
2025-06-01 00:00:00,Point de Rosée,Point de Rosée,°C,10.0
2025-06-01 00:00:00,Humidité relative,Humidité relative,%,51.7
2025-06-01 00:00:00,Vitesse du vent,Vitesse du vent,m/s,0.58
2025-06-01 00:00:00,Température,Température,°C,20.3
2025-06-01 00:00:00,Direction du vent,Direction du vent,Deg,319.8
2025-05-31 23:00:00,Humidité relative,Humidité relative,%,49.0
2025-05-31 23:00:00,Vitesse du vent,Vitesse du vent,m/s,0.85
2025-05-31 23:00:00,Direction du vent,Direction du vent,Deg,244.5
2025-05-31 23:00:00,Température,Température,°C,20.9
2025-05-31 23:00:00,Point de Rosée,Point de Rosée,°C,9.8
2025-05-31 23:00:00,Rayonnement solaire,Rayonnement solaire,W/m²,0.0
2025-05-31 23:00:00,Pression atmosphérique,Pression atmosphérique,mm/j,988.0
2025-05-31 23:00:00,Évapotranspiration Horaire,Évapotranspiration Horaire,mm/h,0.86
2025-05-31 23:00:00,Évapotranspiration journalière,Évapotranspiration journalière,mm/j,7.27
2025-05-31 22:00:00,Pression atmosphérique,Pression atmosphérique,mm/j,987.8
2025-05-31 22:00:00,Vitesse du vent,Vitesse du vent,m/s,0.61
2025-05-31 22:00:00,Direction du vent,Direction du vent,Deg,188.6
2025-05-31 22:00:00,Température,Température,°C,21.3
2025-05-31 22:00:00,Humidité relative,Humidité relative,%,47.9
2025-05-31 22:00:00,Évapotranspiration journalière,Évapotranspiration journalière,mm/j,7.27
2025-05-31 22:00:00,Point de Rosée,Point de Rosée,°C,9.8
2025-05-31 22:00:00,Rayonnement solaire,Rayonnement solaire,W/m²,0.0
2025-05-31 22:00:00,Évapotranspiration Horaire,Évapotranspiration Horaire,mm/h,1.01
2025-05-31 21:00:00,Pression atmosphérique,Pression atmosphérique,mm/j,987.1
2025-05-31 21:00:00,Vitesse du vent,Vitesse du vent,m/s,0.58
2025-05-31 21:00:00,Direction du vent,Direction du vent,Deg,282.9
2025-05-31 21:00:00,Évapotranspiration Horaire,Évapotranspiration Horaire,mm/h,2.27
2025-05-31 21:00:00,Température,Température,°C,22.3
2025-05-31 21:00:00,Rayonnement solaire,Rayonnement solaire,W/m²,0.0
2025-05-31 21:00:00,Humidité relative,Humidité relative,%,43.9
2025-05-31 21:00:00,Évapotranspiration journalière,Évapotranspiration journalière,mm/j,7.27
2025-05-31 21:00:00,Point de Rosée,Point de Rosée,°C,9.4
2025-05-31 20:00:00,Humidité relative,Humidité relative,%,39.2
2025-05-31 20:00:00,Vitesse du vent,Vitesse du vent,m/s,2.43
2025-05-31 20:00:00,Direction du vent,Direction du vent,Deg,165.0
2025-05-31 20:00:00,Température,Température,°C,23.6
2025-05-31 20:00:00,Point de Rosée,Point de Rosée,°C,8.9
2025-05-31 20:00:00,Rayonnement solaire,Rayonnement solaire,W/m²,0.0
2025-05-31 20:00:00,Pression atmosphérique,Pression atmosphérique,mm/j,986.1
2025-05-31 20:00:00,Évapotranspiration Horaire,Évapotranspiration Horaire,mm/h,2.27
2025-05-31 20:00:00,Évapotranspiration journalière,Évapotranspiration journalière,mm/j,7.27
2025-05-31 19:00:00,Vitesse du vent,Vitesse du vent,m/s,3.28
2025-05-31 19:00:00,Rayonnement solaire,Rayonnement solaire,W/m²,32.0
2025-05-31 19:00:00,Direction du vent,Direction du vent,Deg,133.1
2025-05-31 19:00:00,Évapotranspiration Horaire,Évapotranspiration Horaire,mm/h,2.27
2025-05-31 19:00:00,Température,Température,°C,25.5
2025-05-31 19:00:00,Pression atmosphérique,Pression atmosphérique,mm/j,985.6
2025-05-31 19:00:00,Humidité relative,Humidité relative,%,36.1
2025-05-31 19:00:00,Point de Rosée,Point de Rosée,°C,9.4
2025-05-31 19:00:00,Évapotranspiration journalière,Évapotranspiration journalière,mm/j,7.27
2025-05-31 18:00:00,Évapotranspiration journalière,Évapotranspiration journalière,mm/j,7.27
2025-05-31 18:00:00,Point de Rosée,Point de Rosée,°C,6.0
2025-05-31 18:00:00,Rayonnement solaire,Rayonnement solaire,W/m²,180.0
2025-05-31 18:00:00,Humidité relative,Humidité relative,%,22.8
2025-05-31 18:00:00,Pression atmosphérique,Pression atmosphérique,mm/j,985.0
2025-05-31 18:00:00,Température,Température,°C,29.4
2025-05-31 18:00:00,Évapotranspiration Horaire,Évapotranspiration Horaire,mm/h,2.26
2025-05-31 18:00:00,Vitesse du vent,Vitesse du vent,m/s,3.09
2025-05-31 18:00:00,Direction du vent,Direction du vent,Deg,65.9
2025-05-31 17:00:00,Direction du vent,Direction du vent,Deg,39.4
2025-05-31 17:00:00,Vitesse du vent,Vitesse du vent,m/s,1.74
2025-05-31 17:00:00,Température,Température,°C,29.8
2025-05-31 17:00:00,Humidité relative,Humidité relative,%,21.4
2025-05-31 17:00:00,Point de Rosée,Point de Rosée,°C,5.4
2025-05-31 17:00:00,Rayonnement solaire,Rayonnement solaire,W/m²,385.0
2025-05-31 17:00:00,Pression atmosphérique,Pression atmosphérique,mm/j,985.0
2025-05-31 17:00:00,Évapotranspiration Horaire,Évapotranspiration Horaire,mm/h,2.27
2025-05-31 17:00:00,Évapotranspiration journalière,Évapotranspiration journalière,mm/j,7.27
2025-05-31 16:00:00,Point de Rosée,Point de Rosée,°C,5.9
2025-05-31 16:00:00,Pression atmosphérique,Pression atmosphérique,mm/j,985.3
2025-05-31 16:00:00,Humidité relative,Humidité relative,%,21.9
2025-05-31 16:00:00,Température,Température,°C,30.0
2025-05-31 16:00:00,Direction du vent,Direction du vent,Deg,79.3
2025-05-31 16:00:00,Vitesse du vent,Vitesse du vent,m/s,2.89
2025-05-31 16:00:00,Évapotranspiration Horaire,Évapotranspiration Horaire,mm/h,2.27
2025-05-31 16:00:00,Rayonnement solaire,Rayonnement solaire,W/m²,584.0
2025-05-31 16:00:00,Évapotranspiration journalière,Évapotranspiration journalière,mm/j,7.27
2025-05-31 15:00:00,Point de Rosée,Point de Rosée,°C,5.5
2025-05-31 15:00:00,Évapotranspiration journalière,Évapotranspiration journalière,mm/j,7.27
2025-05-31 15:00:00,Évapotranspiration Horaire,Évapotranspiration Horaire,mm/h,2.26
2025-05-31 15:00:00,Pression atmosphérique,Pression atmosphérique,mm/j,985.7
2025-05-31 15:00:00,Rayonnement solaire,Rayonnement solaire,W/m²,760.0
2025-05-31 15:00:00,Vitesse du vent,Vitesse du vent,m/s,0.22
2025-05-31 15:00:00,Direction du vent,Direction du vent,Deg,53.5
2025-05-31 15:00:00,Température,Température,°C,30.4
2025-05-31 15:00:00,Humidité relative,Humidité relative,%,20.8
2025-05-31 14:00:00,Vitesse du vent,Vitesse du vent,m/s,1.83
2025-05-31 14:00:00,Direction du vent,Direction du vent,Deg,71.4
2025-05-31 14:00:00,Humidité relative,Humidité relative,%,21.6
2025-05-31 14:00:00,Température,Température,°C,29.3
2025-05-31 14:00:00,Rayonnement solaire,Rayonnement solaire,W/m²,889.0
2025-05-31 14:00:00,Évapotranspiration journalière,Évapotranspiration journalière,mm/j,7.27
2025-05-31 14:00:00,Évapotranspiration Horaire,Évapotranspiration Horaire,mm/h,0.87
2025-05-31 14:00:00,Point de Rosée,Point de Rosée,°C,5.1
2025-05-31 14:00:00,Pression atmosphérique,Pression atmosphérique,mm/j,986.2
2025-05-31 13:00:00,Température,Température,°C,28.0
2025-05-31 13:00:00,Pression atmosphérique,Pression atmosphérique,mm/j,986.6
2025-05-31 13:00:00,Direction du vent,Direction du vent,Deg,349.3
2025-05-31 13:00:00,Rayonnement solaire,Rayonnement solaire,W/m²,956.0
2025-05-31 13:00:00,Vitesse du vent,Vitesse du vent,m/s,3.12
2025-05-31 13:00:00,Point de Rosée,Point de Rosée,°C,5.0
2025-05-31 13:00:00,Évapotranspiration journalière,Évapotranspiration journalière,mm/j,7.27
2025-05-31 13:00:00,Humidité relative,Humidité relative,%,23.2
2025-05-31 13:00:00,Évapotranspiration Horaire,Évapotranspiration Horaire,mm/h,0.87
2025-05-31 11:00:00,Vitesse du vent,Vitesse du vent,m/s,2.31
2025-05-31 11:00:00,Direction du vent,Direction du vent,Deg,66.7
2025-05-31 11:00:00,Température,Température,°C,26.5
2025-05-31 11:00:00,Humidité relative,Humidité relative,%,26.5
2025-05-31 11:00:00,Point de Rosée,Point de Rosée,°C,5.7
2025-05-31 11:00:00,Rayonnement solaire,Rayonnement solaire,W/m²,926.0
2025-05-31 11:00:00,Pression atmosphérique,Pression atmosphérique,mm/j,987.7
2025-05-31 11:00:00,Évapotranspiration Horaire,Évapotranspiration Horaire,mm/h,2.26
2025-05-31 11:00:00,Évapotranspiration journalière,Évapotranspiration journalière,mm/j,7.27
2025-05-31 09:00:00,Rayonnement solaire,Rayonnement solaire,W/m²,676.0
2025-05-31 09:00:00,Point de Rosée,Point de Rosée,°C,10.4
2025-05-31 09:00:00,Humidité relative,Humidité relative,%,41.2
2025-05-31 09:00:00,Température,Température,°C,24.5
2025-05-31 09:00:00,Direction du vent,Direction du vent,Deg,338.8
2025-05-31 09:00:00,Vitesse du vent,Vitesse du vent,m/s,0.96
2025-05-31 09:00:00,Évapotranspiration journalière,Évapotranspiration journalière,mm/j,7.27
2025-05-31 09:00:00,Évapotranspiration Horaire,Évapotranspiration Horaire,mm/h,1.0
2025-05-31 09:00:00,Pression atmosphérique,Pression atmosphérique,mm/j,987.7
2025-05-31 08:00:00,Pression atmosphérique,Pression atmosphérique,mm/j,987.6
2025-05-31 08:00:00,Évapotranspiration journalière,Évapotranspiration journalière,mm/j,7.27
2025-05-31 08:00:00,Humidité relative,Humidité relative,%,44.3
2025-05-31 08:00:00,Point de Rosée,Point de Rosée,°C,10.5
2025-05-31 08:00:00,Température,Température,°C,23.3
2025-05-31 08:00:00,Évapotranspiration Horaire,Évapotranspiration Horaire,mm/h,0.87
2025-05-31 08:00:00,Direction du vent,Direction du vent,Deg,58.9
2025-05-31 08:00:00,Rayonnement solaire,Rayonnement solaire,W/m²,480.0
2025-05-31 08:00:00,Vitesse du vent,Vitesse du vent,m/s,0.94
2025-05-31 07:00:00,Évapotranspiration Horaire,Évapotranspiration Horaire,mm/h,0.87
2025-05-31 07:00:00,Évapotranspiration journalière,Évapotranspiration journalière,mm/j,7.27
2025-05-31 07:00:00,Vitesse du vent,Vitesse du vent,m/s,1.63
2025-05-31 07:00:00,Pression atmosphérique,Pression atmosphérique,mm/j,987.5
2025-05-31 07:00:00,Rayonnement solaire,Rayonnement solaire,W/m²,272.0
2025-05-31 07:00:00,Point de Rosée,Point de Rosée,°C,11.3
2025-05-31 07:00:00,Humidité relative,Humidité relative,%,52.3
2025-05-31 07:00:00,Température,Température,°C,21.5
2025-05-31 07:00:00,Direction du vent,Direction du vent,Deg,324.5
2025-05-31 05:00:00,Direction du vent,Direction du vent,Deg,344.6
2025-05-31 05:00:00,Évapotranspiration journalière,Évapotranspiration journalière,mm/j,7.27
2025-05-31 05:00:00,Évapotranspiration Horaire,Évapotranspiration Horaire,mm/h,2.28
2025-05-31 05:00:00,Pression atmosphérique,Pression atmosphérique,mm/j,987.0
2025-05-31 05:00:00,Rayonnement solaire,Rayonnement solaire,W/m²,1.0
2025-05-31 05:00:00,Point de Rosée,Point de Rosée,°C,8.9
2025-05-31 05:00:00,Humidité relative,Humidité relative,%,54.3
2025-05-31 05:00:00,Température,Température,°C,18.3
2025-05-31 05:00:00,Vitesse du vent,Vitesse du vent,m/s,0.62
2025-05-30 17:00:00,Évapotranspiration journalière,Évapotranspiration journalière,mm/j,8.09
2025-05-30 17:00:00,Vitesse du vent,Vitesse du vent,m/s,2.26
2025-05-30 17:00:00,Évapotranspiration Horaire,Évapotranspiration Horaire,mm/h,2.27
2025-05-30 17:00:00,Pression atmosphérique,Pression atmosphérique,mm/j,985.3
2025-05-30 17:00:00,Rayonnement solaire,Rayonnement solaire,W/m²,384.0
2025-05-30 17:00:00,Point de Rosée,Point de Rosée,°C,7.1
2025-05-30 17:00:00,Humidité relative,Humidité relative,%,26.5
2025-05-30 17:00:00,Température,Température,°C,28.2
2025-05-30 17:00:00,Direction du vent,Direction du vent,Deg,89.8
2025-05-30 15:00:00,Rayonnement solaire,Rayonnement solaire,W/m²,767.0
2025-05-30 15:00:00,Humidité relative,Humidité relative,%,26.2
2025-05-30 15:00:00,Pression atmosphérique,Pression atmosphérique,mm/j,985.8
2025-05-30 15:00:00,Température,Température,°C,28.6
2025-05-30 15:00:00,Point de Rosée,Point de Rosée,°C,7.3
2025-05-30 15:00:00,Évapotranspiration Horaire,Évapotranspiration Horaire,mm/h,2.27
2025-05-30 15:00:00,Direction du vent,Direction du vent,Deg,21.9
2025-05-30 15:00:00,Évapotranspiration journalière,Évapotranspiration journalière,mm/j,8.09
2025-05-30 15:00:00,Vitesse du vent,Vitesse du vent,m/s,2.63
2025-05-30 13:00:00,Point de Rosée,Point de Rosée,°C,8.8
2025-05-30 13:00:00,Évapotranspiration journalière,Évapotranspiration journalière,mm/j,8.09
2025-05-30 13:00:00,Évapotranspiration Horaire,Évapotranspiration Horaire,mm/h,2.27
2025-05-30 13:00:00,Pression atmosphérique,Pression atmosphérique,mm/j,986.3
2025-05-30 13:00:00,Rayonnement solaire,Rayonnement solaire,W/m²,953.0
2025-05-30 13:00:00,Humidité relative,Humidité relative,%,29.9
2025-05-30 13:00:00,Température,Température,°C,28.0
2025-05-30 13:00:00,Direction du vent,Direction du vent,Deg,45.5
2025-05-30 13:00:00,Vitesse du vent,Vitesse du vent,m/s,5.62
2025-05-30 11:00:00,Évapotranspiration journalière,Évapotranspiration journalière,mm/j,8.09
2025-05-30 11:00:00,Évapotranspiration Horaire,Évapotranspiration Horaire,mm/h,0.87
2025-05-30 11:00:00,Vitesse du vent,Vitesse du vent,m/s,3.51
2025-05-30 11:00:00,Direction du vent,Direction du vent,Deg,50.7
2025-05-30 11:00:00,Pression atmosphérique,Pression atmosphérique,mm/j,986.8
2025-05-30 11:00:00,Température,Température,°C,26.0
2025-05-30 11:00:00,Rayonnement solaire,Rayonnement solaire,W/m²,928.0
2025-05-30 11:00:00,Humidité relative,Humidité relative,%,33.5
2025-05-30 11:00:00,Point de Rosée,Point de Rosée,°C,8.7
2025-05-30 09:00:00,Évapotranspiration journalière,Évapotranspiration journalière,mm/j,8.09
2025-05-30 09:00:00,Évapotranspiration Horaire,Évapotranspiration Horaire,mm/h,2.28
2025-05-30 09:00:00,Pression atmosphérique,Pression atmosphérique,mm/j,986.9
2025-05-30 09:00:00,Rayonnement solaire,Rayonnement solaire,W/m²,686.0
2025-05-30 09:00:00,Point de Rosée,Point de Rosée,°C,7.5
2025-05-30 09:00:00,Humidité relative,Humidité relative,%,34.7
2025-05-30 09:00:00,Température,Température,°C,24.0
2025-05-30 09:00:00,Direction du vent,Direction du vent,Deg,55.8
2025-05-30 09:00:00,Vitesse du vent,Vitesse du vent,m/s,2.79
2025-05-30 08:00:00,Pression atmosphérique,Pression atmosphérique,mm/j,986.5
2025-05-30 08:00:00,Humidité relative,Humidité relative,%,34.7
2025-05-30 08:00:00,Évapotranspiration Horaire,Évapotranspiration Horaire,mm/h,0.87
2025-05-30 08:00:00,Température,Température,°C,23.4
2025-05-30 08:00:00,Rayonnement solaire,Rayonnement solaire,W/m²,485.0
2025-05-30 08:00:00,Direction du vent,Direction du vent,Deg,8.8
2025-05-30 08:00:00,Évapotranspiration journalière,Évapotranspiration journalière,mm/j,8.09
2025-05-30 08:00:00,Vitesse du vent,Vitesse du vent,m/s,2.58
2025-05-30 08:00:00,Point de Rosée,Point de Rosée,°C,7.0
2025-05-30 07:00:00,Vitesse du vent,Vitesse du vent,m/s,2.18
2025-05-30 07:00:00,Évapotranspiration Horaire,Évapotranspiration Horaire,mm/h,0.86
2025-05-30 07:00:00,Pression atmosphérique,Pression atmosphérique,mm/j,986.2
2025-05-30 07:00:00,Rayonnement solaire,Rayonnement solaire,W/m²,278.0
2025-05-30 07:00:00,Point de Rosée,Point de Rosée,°C,7.0
2025-05-30 07:00:00,Humidité relative,Humidité relative,%,36.6
2025-05-30 07:00:00,Température,Température,°C,22.5
2025-05-30 07:00:00,Direction du vent,Direction du vent,Deg,44.9
2025-05-30 07:00:00,Évapotranspiration journalière,Évapotranspiration journalière,mm/j,8.09
2025-05-30 06:00:00,Humidité relative,Humidité relative,%,41.6
2025-05-30 06:00:00,Évapotranspiration journalière,Évapotranspiration journalière,mm/j,8.09
2025-05-30 06:00:00,Évapotranspiration Horaire,Évapotranspiration Horaire,mm/h,0.87
2025-05-30 06:00:00,Pression atmosphérique,Pression atmosphérique,mm/j,986.2
2025-05-30 06:00:00,Rayonnement solaire,Rayonnement solaire,W/m²,91.0
2025-05-30 06:00:00,Point de Rosée,Point de Rosée,°C,7.4
2025-05-30 06:00:00,Vitesse du vent,Vitesse du vent,m/s,1.77
2025-05-30 06:00:00,Direction du vent,Direction du vent,Deg,350.0
2025-05-30 06:00:00,Température,Température,°C,20.9
2025-05-30 05:00:00,Point de Rosée,Point de Rosée,°C,7.6
2025-05-30 05:00:00,Vitesse du vent,Vitesse du vent,m/s,0.85
2025-05-30 05:00:00,Évapotranspiration journalière,Évapotranspiration journalière,mm/j,8.09
2025-05-30 05:00:00,Évapotranspiration Horaire,Évapotranspiration Horaire,mm/h,0.87
2025-05-30 05:00:00,Direction du vent,Direction du vent,Deg,25.4
2025-05-30 05:00:00,Pression atmosphérique,Pression atmosphérique,mm/j,985.9
2025-05-30 05:00:00,Humidité relative,Humidité relative,%,42.9
2025-05-30 05:00:00,Rayonnement solaire,Rayonnement solaire,W/m²,0.0
2025-05-30 05:00:00,Température,Température,°C,20.7
2025-05-29 16:00:00,Température,Température,°C,32.7
2025-05-29 16:00:00,Vitesse du vent,Vitesse du vent,m/s,3.77
2025-05-29 16:00:00,Direction du vent,Direction du vent,Deg,2.6
2025-05-29 16:00:00,Humidité relative,Humidité relative,%,15.2
2025-05-29 16:00:00,Point de Rosée,Point de Rosée,°C,2.9
2025-05-29 16:00:00,Rayonnement solaire,Rayonnement solaire,W/m²,591.0
2025-05-29 16:00:00,Pression atmosphérique,Pression atmosphérique,mm/j,983.7
2025-05-29 16:00:00,Évapotranspiration Horaire,Évapotranspiration Horaire,mm/h,2.28
2025-05-29 16:00:00,Évapotranspiration journalière,Évapotranspiration journalière,mm/j,6.79
2025-05-29 15:00:00,Vitesse du vent,Vitesse du vent,m/s,3.6
2025-05-29 15:00:00,Humidité relative,Humidité relative,%,14.9
2025-05-29 15:00:00,Point de Rosée,Point de Rosée,°C,2.0
2025-05-29 15:00:00,Évapotranspiration journalière,Évapotranspiration journalière,mm/j,6.79
2025-05-29 15:00:00,Rayonnement solaire,Rayonnement solaire,W/m²,770.0
2025-05-29 15:00:00,Température,Température,°C,32.0
2025-05-29 15:00:00,Pression atmosphérique,Pression atmosphérique,mm/j,984.4
2025-05-29 15:00:00,Direction du vent,Direction du vent,Deg,354.1
2025-05-29 15:00:00,Évapotranspiration Horaire,Évapotranspiration Horaire,mm/h,0.85
2025-05-29 14:00:00,Point de Rosée,Point de Rosée,°C,1.6
2025-05-29 14:00:00,Évapotranspiration journalière,Évapotranspiration journalière,mm/j,6.79
2025-05-29 14:00:00,Évapotranspiration Horaire,Évapotranspiration Horaire,mm/h,1.01
2025-05-29 14:00:00,Pression atmosphérique,Pression atmosphérique,mm/j,984.8
2025-05-29 14:00:00,Rayonnement solaire,Rayonnement solaire,W/m²,906.0
2025-05-29 14:00:00,Humidité relative,Humidité relative,%,14.6
2025-05-29 14:00:00,Température,Température,°C,31.8
2025-05-29 14:00:00,Direction du vent,Direction du vent,Deg,320.5
2025-05-29 14:00:00,Vitesse du vent,Vitesse du vent,m/s,2.88
2025-05-29 13:00:00,Rayonnement solaire,Rayonnement solaire,W/m²,963.0
2025-05-29 13:00:00,Point de Rosée,Point de Rosée,°C,1.9
2025-05-29 13:00:00,Humidité relative,Humidité relative,%,15.6
2025-05-29 13:00:00,Température,Température,°C,31.0
2025-05-29 13:00:00,Direction du vent,Direction du vent,Deg,277.9
2025-05-29 13:00:00,Vitesse du vent,Vitesse du vent,m/s,3.16
2025-05-29 13:00:00,Évapotranspiration journalière,Évapotranspiration journalière,mm/j,6.79
2025-05-29 13:00:00,Évapotranspiration Horaire,Évapotranspiration Horaire,mm/h,1.01
2025-05-29 13:00:00,Pression atmosphérique,Pression atmosphérique,mm/j,985.4
2025-05-29 12:00:00,Évapotranspiration Horaire,Évapotranspiration Horaire,mm/h,2.29
2025-05-29 12:00:00,Évapotranspiration journalière,Évapotranspiration journalière,mm/j,6.79
2025-05-29 12:00:00,Pression atmosphérique,Pression atmosphérique,mm/j,986.0
2025-05-29 12:00:00,Point de Rosée,Point de Rosée,°C,1.0
2025-05-29 12:00:00,Température,Température,°C,30.0
2025-05-29 12:00:00,Vitesse du vent,Vitesse du vent,m/s,2.81
2025-05-29 12:00:00,Rayonnement solaire,Rayonnement solaire,W/m²,984.0
2025-05-29 12:00:00,Direction du vent,Direction du vent,Deg,303.0
2025-05-29 12:00:00,Humidité relative,Humidité relative,%,15.5
2025-05-29 11:00:00,Vitesse du vent,Vitesse du vent,m/s,2.72
2025-05-29 11:00:00,Évapotranspiration journalière,Évapotranspiration journalière,mm/j,6.79
2025-05-29 11:00:00,Évapotranspiration Horaire,Évapotranspiration Horaire,mm/h,0.88
2025-05-29 11:00:00,Pression atmosphérique,Pression atmosphérique,mm/j,986.6
2025-05-29 11:00:00,Rayonnement solaire,Rayonnement solaire,W/m²,941.0
2025-05-29 11:00:00,Point de Rosée,Point de Rosée,°C,2.0
2025-05-29 11:00:00,Humidité relative,Humidité relative,%,18.1
2025-05-29 11:00:00,Température,Température,°C,28.5
2025-05-29 11:00:00,Direction du vent,Direction du vent,Deg,310.6
2025-05-29 09:00:00,Rayonnement solaire,Rayonnement solaire,W/m²,689.0
2025-05-29 09:00:00,Point de Rosée,Point de Rosée,°C,3.3
2025-05-29 09:00:00,Humidité relative,Humidité relative,%,23.0
2025-05-29 09:00:00,Température,Température,°C,26.0
2025-05-29 09:00:00,Direction du vent,Direction du vent,Deg,129.5
2025-05-29 09:00:00,Vitesse du vent,Vitesse du vent,m/s,0.47
2025-05-29 09:00:00,Évapotranspiration journalière,Évapotranspiration journalière,mm/j,6.79
2025-05-29 09:00:00,Évapotranspiration Horaire,Évapotranspiration Horaire,mm/h,1.02
2025-05-29 09:00:00,Pression atmosphérique,Pression atmosphérique,mm/j,986.9
2025-05-29 08:00:00,Pression atmosphérique,Pression atmosphérique,mm/j,987.1
2025-05-29 08:00:00,Évapotranspiration journalière,Évapotranspiration journalière,mm/j,6.79
2025-05-29 08:00:00,Humidité relative,Humidité relative,%,27.1
2025-05-29 08:00:00,Point de Rosée,Point de Rosée,°C,3.7
2025-05-29 08:00:00,Température,Température,°C,23.8
2025-05-29 08:00:00,Évapotranspiration Horaire,Évapotranspiration Horaire,mm/h,0.88
2025-05-29 08:00:00,Direction du vent,Direction du vent,Deg,248.5
2025-05-29 08:00:00,Rayonnement solaire,Rayonnement solaire,W/m²,491.0
2025-05-29 08:00:00,Vitesse du vent,Vitesse du vent,m/s,2.17
2025-05-29 07:00:00,Vitesse du vent,Vitesse du vent,m/s,1.0
2025-05-29 07:00:00,Évapotranspiration journalière,Évapotranspiration journalière,mm/j,6.79
2025-05-29 07:00:00,Évapotranspiration Horaire,Évapotranspiration Horaire,mm/h,0.88
2025-05-29 07:00:00,Pression atmosphérique,Pression atmosphérique,mm/j,987.0
2025-05-29 07:00:00,Rayonnement solaire,Rayonnement solaire,W/m²,278.0
2025-05-29 07:00:00,Point de Rosée,Point de Rosée,°C,4.1
2025-05-29 07:00:00,Humidité relative,Humidité relative,%,29.8
2025-05-29 07:00:00,Température,Température,°C,22.7
2025-05-29 07:00:00,Direction du vent,Direction du vent,Deg,254.0
2025-05-29 06:00:00,Vitesse du vent,Vitesse du vent,m/s,1.65
2025-05-29 06:00:00,Évapotranspiration journalière,Évapotranspiration journalière,mm/j,6.79
2025-05-29 06:00:00,Évapotranspiration Horaire,Évapotranspiration Horaire,mm/h,0.88
2025-05-29 06:00:00,Pression atmosphérique,Pression atmosphérique,mm/j,987.0
2025-05-29 06:00:00,Rayonnement solaire,Rayonnement solaire,W/m²,91.0
2025-05-29 06:00:00,Point de Rosée,Point de Rosée,°C,8.7
2025-05-29 06:00:00,Humidité relative,Humidité relative,%,50.1
2025-05-29 06:00:00,Température,Température,°C,19.4
2025-05-29 06:00:00,Direction du vent,Direction du vent,Deg,320.5
2025-05-29 05:00:00,Température,Température,°C,18.1
2025-05-29 05:00:00,Point de Rosée,Point de Rosée,°C,11.9
2025-05-29 05:00:00,Évapotranspiration journalière,Évapotranspiration journalière,mm/j,6.79
2025-05-29 05:00:00,Vitesse du vent,Vitesse du vent,m/s,1.1
2025-05-29 05:00:00,Évapotranspiration Horaire,Évapotranspiration Horaire,mm/h,0.88
2025-05-29 05:00:00,Humidité relative,Humidité relative,%,66.9
2025-05-29 05:00:00,Pression atmosphérique,Pression atmosphérique,mm/j,986.6
2025-05-29 05:00:00,Direction du vent,Direction du vent,Deg,301.4
2025-05-29 05:00:00,Rayonnement solaire,Rayonnement solaire,W/m²,1.0
2025-05-28 05:00:00,Évapotranspiration journalière,Évapotranspiration journalière,mm/j,6.21
2025-05-28 05:00:00,Évapotranspiration Horaire,Évapotranspiration Horaire,mm/h,1.04
2025-05-28 05:00:00,Pression atmosphérique,Pression atmosphérique,mm/j,986.2
2025-05-28 05:00:00,Rayonnement solaire,Rayonnement solaire,W/m²,1.0
2025-05-28 05:00:00,Point de Rosée,Point de Rosée,°C,6.2
2025-05-28 05:00:00,Humidité relative,Humidité relative,%,40.4
2025-05-28 05:00:00,Température,Température,°C,20.1
2025-05-28 05:00:00,Direction du vent,Direction du vent,Deg,309.4
2025-05-28 05:00:00,Vitesse du vent,Vitesse du vent,m/s,0.72
2025-05-28 03:00:00,Humidité relative,Humidité relative,%,42.1
2025-05-28 03:00:00,Pression atmosphérique,Pression atmosphérique,mm/j,986.2
2025-05-28 03:00:00,Direction du vent,Direction du vent,Deg,291.8
2025-05-28 03:00:00,Rayonnement solaire,Rayonnement solaire,W/m²,0.0
2025-05-28 03:00:00,Température,Température,°C,19.9
2025-05-28 03:00:00,Point de Rosée,Point de Rosée,°C,6.6
2025-05-28 03:00:00,Vitesse du vent,Vitesse du vent,m/s,1.36
2025-05-28 03:00:00,Évapotranspiration journalière,Évapotranspiration journalière,mm/j,6.21
2025-05-28 03:00:00,Évapotranspiration Horaire,Évapotranspiration Horaire,mm/h,2.32
2025-05-28 02:00:00,Point de Rosée,Point de Rosée,°C,7.9
2025-05-28 02:00:00,Humidité relative,Humidité relative,%,44.6
2025-05-28 02:00:00,Température,Température,°C,20.3
2025-05-28 02:00:00,Direction du vent,Direction du vent,Deg,296.2
2025-05-28 02:00:00,Vitesse du vent,Vitesse du vent,m/s,0.91
2025-05-28 02:00:00,Évapotranspiration journalière,Évapotranspiration journalière,mm/j,6.21
2025-05-28 02:00:00,Évapotranspiration Horaire,Évapotranspiration Horaire,mm/h,0.88
2025-05-28 02:00:00,Pression atmosphérique,Pression atmosphérique,mm/j,986.5
2025-05-28 02:00:00,Rayonnement solaire,Rayonnement solaire,W/m²,0.0
2025-05-28 01:00:00,Point de Rosée,Point de Rosée,°C,9.5
2025-05-28 01:00:00,Évapotranspiration journalière,Évapotranspiration journalière,mm/j,6.21
2025-05-28 01:00:00,Évapotranspiration Horaire,Évapotranspiration Horaire,mm/h,2.32
2025-05-28 01:00:00,Pression atmosphérique,Pression atmosphérique,mm/j,987.0
2025-05-28 01:00:00,Rayonnement solaire,Rayonnement solaire,W/m²,0.0
2025-05-28 01:00:00,Humidité relative,Humidité relative,%,49.2
2025-05-28 01:00:00,Température,Température,°C,20.5
2025-05-28 01:00:00,Direction du vent,Direction du vent,Deg,318.9
2025-05-28 01:00:00,Vitesse du vent,Vitesse du vent,m/s,0.63
2025-05-27 23:00:00,Évapotranspiration journalière,Évapotranspiration journalière,mm/j,5.83
2025-05-27 23:00:00,Évapotranspiration Horaire,Évapotranspiration Horaire,mm/h,0.88
2025-05-27 23:00:00,Pression atmosphérique,Pression atmosphérique,mm/j,987.1
2025-05-27 23:00:00,Rayonnement solaire,Rayonnement solaire,W/m²,0.0
2025-05-27 23:00:00,Point de Rosée,Point de Rosée,°C,10.4
2025-05-27 23:00:00,Humidité relative,Humidité relative,%,50.1
2025-05-27 23:00:00,Température,Température,°C,21.2
2025-05-27 23:00:00,Direction du vent,Direction du vent,Deg,26.1
2025-05-27 23:00:00,Vitesse du vent,Vitesse du vent,m/s,1.12
2025-05-27 21:00:00,Point de Rosée,Point de Rosée,°C,10.3
2025-05-27 21:00:00,Évapotranspiration journalière,Évapotranspiration journalière,mm/j,5.83
2025-05-27 21:00:00,Évapotranspiration Horaire,Évapotranspiration Horaire,mm/h,1.04
2025-05-27 21:00:00,Pression atmosphérique,Pression atmosphérique,mm/j,986.2
2025-05-27 21:00:00,Rayonnement solaire,Rayonnement solaire,W/m²,0.0
2025-05-27 21:00:00,Humidité relative,Humidité relative,%,44.4
2025-05-27 21:00:00,Température,Température,°C,23.1
2025-05-27 21:00:00,Direction du vent,Direction du vent,Deg,77.1
2025-05-27 21:00:00,Vitesse du vent,Vitesse du vent,m/s,0.84
2025-05-27 19:00:00,Évapotranspiration journalière,Évapotranspiration journalière,mm/j,5.83
2025-05-27 19:00:00,Évapotranspiration Horaire,Évapotranspiration Horaire,mm/h,0.88
2025-05-27 19:00:00,Pression atmosphérique,Pression atmosphérique,mm/j,984.4
2025-05-27 19:00:00,Rayonnement solaire,Rayonnement solaire,W/m²,29.0
2025-05-27 19:00:00,Point de Rosée,Point de Rosée,°C,10.4
2025-05-27 19:00:00,Humidité relative,Humidité relative,%,35.7
2025-05-27 19:00:00,Température,Température,°C,26.9
2025-05-27 19:00:00,Direction du vent,Direction du vent,Deg,145.4
2025-05-27 19:00:00,Vitesse du vent,Vitesse du vent,m/s,2.55
2025-05-27 17:00:00,Évapotranspiration journalière,Évapotranspiration journalière,mm/j,5.83
2025-05-27 17:00:00,Évapotranspiration Horaire,Évapotranspiration Horaire,mm/h,1.04
2025-05-27 17:00:00,Pression atmosphérique,Pression atmosphérique,mm/j,984.1
2025-05-27 17:00:00,Rayonnement solaire,Rayonnement solaire,W/m²,373.0
2025-05-27 17:00:00,Point de Rosée,Point de Rosée,°C,3.9
2025-05-27 17:00:00,Humidité relative,Humidité relative,%,17.2
2025-05-27 17:00:00,Température,Température,°C,31.8
2025-05-27 17:00:00,Direction du vent,Direction du vent,Deg,133.3
2025-05-27 17:00:00,Vitesse du vent,Vitesse du vent,m/s,0.8
2025-05-27 15:00:00,Évapotranspiration journalière,Évapotranspiration journalière,mm/j,5.83
2025-05-27 15:00:00,Évapotranspiration Horaire,Évapotranspiration Horaire,mm/h,1.03
2025-05-27 15:00:00,Pression atmosphérique,Pression atmosphérique,mm/j,985.1
2025-05-27 15:00:00,Rayonnement solaire,Rayonnement solaire,W/m²,738.0
2025-05-27 15:00:00,Point de Rosée,Point de Rosée,°C,3.9
2025-05-27 15:00:00,Humidité relative,Humidité relative,%,17.6
2025-05-27 15:00:00,Température,Température,°C,31.3
2025-05-27 15:00:00,Direction du vent,Direction du vent,Deg,31.2
2025-05-27 15:00:00,Vitesse du vent,Vitesse du vent,m/s,1.83
2025-05-27 13:00:00,Évapotranspiration journalière,Évapotranspiration journalière,mm/j,5.83
2025-05-27 13:00:00,Évapotranspiration Horaire,Évapotranspiration Horaire,mm/h,2.31
2025-05-27 13:00:00,Pression atmosphérique,Pression atmosphérique,mm/j,985.9
2025-05-27 13:00:00,Rayonnement solaire,Rayonnement solaire,W/m²,956.0
2025-05-27 13:00:00,Point de Rosée,Point de Rosée,°C,7.4
2025-05-27 13:00:00,Humidité relative,Humidité relative,%,25.1
2025-05-27 13:00:00,Température,Température,°C,29.4
2025-05-27 13:00:00,Direction du vent,Direction du vent,Deg,140.6
2025-05-27 13:00:00,Vitesse du vent,Vitesse du vent,m/s,1.97
2025-05-27 11:00:00,Évapotranspiration journalière,Évapotranspiration journalière,mm/j,5.83
2025-05-27 11:00:00,Évapotranspiration Horaire,Évapotranspiration Horaire,mm/h,2.32
2025-05-27 11:00:00,Pression atmosphérique,Pression atmosphérique,mm/j,986.7
2025-05-27 11:00:00,Rayonnement solaire,Rayonnement solaire,W/m²,919.0
2025-05-27 11:00:00,Point de Rosée,Point de Rosée,°C,8.6
2025-05-27 11:00:00,Humidité relative,Humidité relative,%,30.9
2025-05-27 11:00:00,Température,Température,°C,27.2
2025-05-27 11:00:00,Direction du vent,Direction du vent,Deg,347.8
2025-05-27 11:00:00,Vitesse du vent,Vitesse du vent,m/s,1.25
2025-05-27 09:00:00,Pression atmosphérique,Pression atmosphérique,mm/j,986.9
2025-05-27 09:00:00,Température,Température,°C,24.9
2025-05-27 09:00:00,Évapotranspiration Horaire,Évapotranspiration Horaire,mm/h,0.89
2025-05-27 09:00:00,Rayonnement solaire,Rayonnement solaire,W/m²,674.0
2025-05-27 09:00:00,Direction du vent,Direction du vent,Deg,20.7
2025-05-27 09:00:00,Évapotranspiration journalière,Évapotranspiration journalière,mm/j,5.83
2025-05-27 09:00:00,Vitesse du vent,Vitesse du vent,m/s,3.1
2025-05-27 09:00:00,Humidité relative,Humidité relative,%,39.1
2025-05-27 09:00:00,Point de Rosée,Point de Rosée,°C,10.0
2025-05-27 08:00:00,Point de Rosée,Point de Rosée,°C,14.5
2025-05-27 08:00:00,Humidité relative,Humidité relative,%,56.9
2025-05-27 08:00:00,Température,Température,°C,23.6
2025-05-27 08:00:00,Direction du vent,Direction du vent,Deg,10.9
2025-05-27 08:00:00,Vitesse du vent,Vitesse du vent,m/s,0.66
2025-05-27 08:00:00,Évapotranspiration journalière,Évapotranspiration journalière,mm/j,5.83
2025-05-27 08:00:00,Évapotranspiration Horaire,Évapotranspiration Horaire,mm/h,0.89
2025-05-27 08:00:00,Pression atmosphérique,Pression atmosphérique,mm/j,986.7
2025-05-27 08:00:00,Rayonnement solaire,Rayonnement solaire,W/m²,471.0
2025-05-27 07:00:00,Point de Rosée,Point de Rosée,°C,14.5
2025-05-27 07:00:00,Évapotranspiration journalière,Évapotranspiration journalière,mm/j,5.83
2025-05-27 07:00:00,Évapotranspiration Horaire,Évapotranspiration Horaire,mm/h,0.86
2025-05-27 07:00:00,Pression atmosphérique,Pression atmosphérique,mm/j,986.5
2025-05-27 07:00:00,Rayonnement solaire,Rayonnement solaire,W/m²,265.0
2025-05-27 07:00:00,Humidité relative,Humidité relative,%,66.5
2025-05-27 07:00:00,Température,Température,°C,21.0
2025-05-27 07:00:00,Direction du vent,Direction du vent,Deg,124.0
2025-05-27 07:00:00,Vitesse du vent,Vitesse du vent,m/s,1.09
2025-05-27 05:00:00,Évapotranspiration journalière,Évapotranspiration journalière,mm/j,5.83
2025-05-27 05:00:00,Évapotranspiration Horaire,Évapotranspiration Horaire,mm/h,1.05
2025-05-27 05:00:00,Pression atmosphérique,Pression atmosphérique,mm/j,986.0
2025-05-27 05:00:00,Rayonnement solaire,Rayonnement solaire,W/m²,0.0
2025-05-27 05:00:00,Point de Rosée,Point de Rosée,°C,16.4
2025-05-27 05:00:00,Humidité relative,Humidité relative,%,96.1
2025-05-27 05:00:00,Température,Température,°C,17.1
2025-05-27 05:00:00,Direction du vent,Direction du vent,Deg,321.9
2025-05-27 05:00:00,Vitesse du vent,Vitesse du vent,m/s,1.22
2025-05-26 21:00:00,Point de Rosée,Point de Rosée,°C,14.2
2025-05-26 21:00:00,Évapotranspiration journalière,Évapotranspiration journalière,mm/j,6.35
2025-05-26 21:00:00,Évapotranspiration Horaire,Évapotranspiration Horaire,mm/h,0.89
2025-05-26 21:00:00,Pression atmosphérique,Pression atmosphérique,mm/j,986.9
2025-05-26 21:00:00,Rayonnement solaire,Rayonnement solaire,W/m²,0.0
2025-05-26 21:00:00,Humidité relative,Humidité relative,%,65.9
2025-05-26 21:00:00,Température,Température,°C,20.8
2025-05-26 21:00:00,Direction du vent,Direction du vent,Deg,115.5
2025-05-26 21:00:00,Vitesse du vent,Vitesse du vent,m/s,1.29
2025-05-26 19:00:00,Évapotranspiration journalière,Évapotranspiration journalière,mm/j,6.35
2025-05-26 19:00:00,Évapotranspiration Horaire,Évapotranspiration Horaire,mm/h,2.33
2025-05-26 19:00:00,Pression atmosphérique,Pression atmosphérique,mm/j,985.2
2025-05-26 19:00:00,Rayonnement solaire,Rayonnement solaire,W/m²,27.0
2025-05-26 19:00:00,Point de Rosée,Point de Rosée,°C,5.2
2025-05-26 19:00:00,Humidité relative,Humidité relative,%,24.8
2025-05-26 19:00:00,Température,Température,°C,27.0
2025-05-26 19:00:00,Direction du vent,Direction du vent,Deg,99.1
2025-05-26 19:00:00,Vitesse du vent,Vitesse du vent,m/s,1.47
2025-05-26 17:00:00,Évapotranspiration journalière,Évapotranspiration journalière,mm/j,6.35
2025-05-26 17:00:00,Évapotranspiration Horaire,Évapotranspiration Horaire,mm/h,2.32
2025-05-26 17:00:00,Pression atmosphérique,Pression atmosphérique,mm/j,984.8
2025-05-26 17:00:00,Rayonnement solaire,Rayonnement solaire,W/m²,376.0
2025-05-26 17:00:00,Point de Rosée,Point de Rosée,°C,4.0
2025-05-26 17:00:00,Humidité relative,Humidité relative,%,21.0
2025-05-26 17:00:00,Température,Température,°C,28.5
2025-05-26 17:00:00,Direction du vent,Direction du vent,Deg,74.2
2025-05-26 17:00:00,Vitesse du vent,Vitesse du vent,m/s,1.48
2025-05-26 15:00:00,Évapotranspiration journalière,Évapotranspiration journalière,mm/j,6.35
2025-05-26 15:00:00,Évapotranspiration Horaire,Évapotranspiration Horaire,mm/h,2.32
2025-05-26 15:00:00,Pression atmosphérique,Pression atmosphérique,mm/j,986.0
2025-05-26 15:00:00,Rayonnement solaire,Rayonnement solaire,W/m²,754.0
2025-05-26 15:00:00,Point de Rosée,Point de Rosée,°C,4.0
2025-05-26 15:00:00,Humidité relative,Humidité relative,%,21.0
2025-05-26 15:00:00,Température,Température,°C,28.4
2025-05-26 15:00:00,Direction du vent,Direction du vent,Deg,181.6
2025-05-26 15:00:00,Vitesse du vent,Vitesse du vent,m/s,1.77
2025-05-26 14:00:00,Évapotranspiration journalière,Évapotranspiration journalière,mm/j,6.35
2025-05-26 14:00:00,Vitesse du vent,Vitesse du vent,m/s,1.46
2025-05-26 14:00:00,Évapotranspiration Horaire,Évapotranspiration Horaire,mm/h,0.89
2025-05-26 14:00:00,Direction du vent,Direction du vent,Deg,41.5
2025-05-26 14:00:00,Pression atmosphérique,Pression atmosphérique,mm/j,986.4
2025-05-26 14:00:00,Température,Température,°C,27.4
2025-05-26 14:00:00,Rayonnement solaire,Rayonnement solaire,W/m²,890.0
2025-05-26 14:00:00,Humidité relative,Humidité relative,%,21.6
2025-05-26 14:00:00,Point de Rosée,Point de Rosée,°C,3.5
2025-05-26 13:00:00,Température,Température,°C,26.2
2025-05-26 13:00:00,Évapotranspiration journalière,Évapotranspiration journalière,mm/j,6.35
2025-05-26 13:00:00,Évapotranspiration Horaire,Évapotranspiration Horaire,mm/h,1.04
2025-05-26 13:00:00,Pression atmosphérique,Pression atmosphérique,mm/j,986.9
2025-05-26 13:00:00,Rayonnement solaire,Rayonnement solaire,W/m²,959.0
2025-05-26 13:00:00,Point de Rosée,Point de Rosée,°C,3.5
2025-05-26 13:00:00,Humidité relative,Humidité relative,%,23.1
2025-05-26 13:00:00,Direction du vent,Direction du vent,Deg,24.6
2025-05-26 13:00:00,Vitesse du vent,Vitesse du vent,m/s,0.82
2025-05-26 12:00:00,Pression atmosphérique,Pression atmosphérique,mm/j,987.6
2025-05-26 12:00:00,Humidité relative,Humidité relative,%,24.3
2025-05-26 12:00:00,Évapotranspiration Horaire,Évapotranspiration Horaire,mm/h,2.32
2025-05-26 12:00:00,Température,Température,°C,25.2
2025-05-26 12:00:00,Rayonnement solaire,Rayonnement solaire,W/m²,972.0
2025-05-26 12:00:00,Direction du vent,Direction du vent,Deg,296.5
2025-05-26 12:00:00,Évapotranspiration journalière,Évapotranspiration journalière,mm/j,6.35
2025-05-26 12:00:00,Vitesse du vent,Vitesse du vent,m/s,1.41
2025-05-26 12:00:00,Point de Rosée,Point de Rosée,°C,3.4
2025-05-26 11:00:00,Vitesse du vent,Vitesse du vent,m/s,0.74
2025-05-26 11:00:00,Évapotranspiration Horaire,Évapotranspiration Horaire,mm/h,2.32
2025-05-26 11:00:00,Pression atmosphérique,Pression atmosphérique,mm/j,987.8
2025-05-26 11:00:00,Rayonnement solaire,Rayonnement solaire,W/m²,927.0
2025-05-26 11:00:00,Point de Rosée,Point de Rosée,°C,5.0
2025-05-26 11:00:00,Humidité relative,Humidité relative,%,28.3
2025-05-26 11:00:00,Température,Température,°C,24.5
2025-05-26 11:00:00,Direction du vent,Direction du vent,Deg,104.7
2025-05-26 11:00:00,Évapotranspiration journalière,Évapotranspiration journalière,mm/j,6.35
2025-05-26 10:00:00,Évapotranspiration journalière,Évapotranspiration journalière,mm/j,6.35
2025-05-26 10:00:00,Évapotranspiration Horaire,Évapotranspiration Horaire,mm/h,2.33
2025-05-26 10:00:00,Pression atmosphérique,Pression atmosphérique,mm/j,987.8
2025-05-26 10:00:00,Rayonnement solaire,Rayonnement solaire,W/m²,833.0
2025-05-26 10:00:00,Point de Rosée,Point de Rosée,°C,4.9
2025-05-26 10:00:00,Humidité relative,Humidité relative,%,29.4
2025-05-26 10:00:00,Température,Température,°C,23.8
2025-05-26 10:00:00,Direction du vent,Direction du vent,Deg,99.4
2025-05-26 10:00:00,Vitesse du vent,Vitesse du vent,m/s,1.57
2025-05-26 09:00:00,Point de Rosée,Point de Rosée,°C,4.1
2025-05-26 09:00:00,Évapotranspiration journalière,Évapotranspiration journalière,mm/j,6.35
2025-05-26 09:00:00,Vitesse du vent,Vitesse du vent,m/s,0.31
2025-05-26 09:00:00,Évapotranspiration Horaire,Évapotranspiration Horaire,mm/h,0.89
2025-05-26 09:00:00,Humidité relative,Humidité relative,%,29.3
2025-05-26 09:00:00,Pression atmosphérique,Pression atmosphérique,mm/j,987.7
2025-05-26 09:00:00,Direction du vent,Direction du vent,Deg,309.6
2025-05-26 09:00:00,Rayonnement solaire,Rayonnement solaire,W/m²,677.0
2025-05-26 09:00:00,Température,Température,°C,23.0
2025-05-26 08:00:00,Direction du vent,Direction du vent,Deg,273.8
2025-05-26 08:00:00,Évapotranspiration journalière,Évapotranspiration journalière,mm/j,6.35
2025-05-26 08:00:00,Évapotranspiration Horaire,Évapotranspiration Horaire,mm/h,2.33
2025-05-26 08:00:00,Pression atmosphérique,Pression atmosphérique,mm/j,987.9
2025-05-26 08:00:00,Rayonnement solaire,Rayonnement solaire,W/m²,485.0
2025-05-26 08:00:00,Point de Rosée,Point de Rosée,°C,6.0
2025-05-26 08:00:00,Humidité relative,Humidité relative,%,38.9
2025-05-26 08:00:00,Température,Température,°C,20.4
2025-05-26 08:00:00,Vitesse du vent,Vitesse du vent,m/s,1.77
2025-05-26 07:00:00,Humidité relative,Humidité relative,%,46.9
2025-05-26 07:00:00,Évapotranspiration Horaire,Évapotranspiration Horaire,mm/h,2.34
2025-05-26 07:00:00,Point de Rosée,Point de Rosée,°C,7.4
2025-05-26 07:00:00,Rayonnement solaire,Rayonnement solaire,W/m²,277.0
2025-05-26 07:00:00,Température,Température,°C,19.0
2025-05-26 07:00:00,Évapotranspiration journalière,Évapotranspiration journalière,mm/j,6.35
2025-05-26 07:00:00,Direction du vent,Direction du vent,Deg,301.0
2025-05-26 07:00:00,Pression atmosphérique,Pression atmosphérique,mm/j,987.6
2025-05-26 07:00:00,Vitesse du vent,Vitesse du vent,m/s,1.05
2025-05-26 06:00:00,Rayonnement solaire,Rayonnement solaire,W/m²,87.0
2025-05-26 06:00:00,Vitesse du vent,Vitesse du vent,m/s,1.38
2025-05-26 06:00:00,Évapotranspiration journalière,Évapotranspiration journalière,mm/j,6.35
2025-05-26 06:00:00,Évapotranspiration Horaire,Évapotranspiration Horaire,mm/h,1.05
2025-05-26 06:00:00,Pression atmosphérique,Pression atmosphérique,mm/j,987.6
2025-05-26 06:00:00,Point de Rosée,Point de Rosée,°C,8.7
2025-05-26 06:00:00,Humidité relative,Humidité relative,%,58.6
2025-05-26 06:00:00,Température,Température,°C,16.9
2025-05-26 06:00:00,Direction du vent,Direction du vent,Deg,273.5
2025-05-26 05:00:00,Point de Rosée,Point de Rosée,°C,9.8
2025-05-26 05:00:00,Température,Température,°C,15.5
2025-05-26 05:00:00,Rayonnement solaire,Rayonnement solaire,W/m²,0.0
2025-05-26 05:00:00,Évapotranspiration journalière,Évapotranspiration journalière,mm/j,6.35
2025-05-26 05:00:00,Évapotranspiration Horaire,Évapotranspiration Horaire,mm/h,0.89
2025-05-26 05:00:00,Direction du vent,Direction du vent,Deg,283.9
2025-05-26 05:00:00,Humidité relative,Humidité relative,%,68.6
2025-05-26 05:00:00,Pression atmosphérique,Pression atmosphérique,mm/j,987.3
2025-05-26 05:00:00,Vitesse du vent,Vitesse du vent,m/s,1.29
2025-05-26 04:00:00,Pression atmosphérique,Pression atmosphérique,mm/j,987.3
2025-05-26 04:00:00,Rayonnement solaire,Rayonnement solaire,W/m²,0.0
2025-05-26 04:00:00,Point de Rosée,Point de Rosée,°C,10.3
2025-05-26 04:00:00,Humidité relative,Humidité relative,%,69.9
2025-05-26 04:00:00,Direction du vent,Direction du vent,Deg,292.2
2025-05-26 04:00:00,Température,Température,°C,15.8
2025-05-26 04:00:00,Évapotranspiration Horaire,Évapotranspiration Horaire,mm/h,0.89
2025-05-26 04:00:00,Vitesse du vent,Vitesse du vent,m/s,1.72
2025-05-26 04:00:00,Évapotranspiration journalière,Évapotranspiration journalière,mm/j,6.35
2025-05-26 03:00:00,Température,Température,°C,16.6
2025-05-26 03:00:00,Vitesse du vent,Vitesse du vent,m/s,1.18
2025-05-26 03:00:00,Direction du vent,Direction du vent,Deg,309.5
2025-05-26 03:00:00,Humidité relative,Humidité relative,%,66.9
2025-05-26 03:00:00,Point de Rosée,Point de Rosée,°C,10.4
2025-05-26 03:00:00,Rayonnement solaire,Rayonnement solaire,W/m²,0.0
2025-05-26 03:00:00,Pression atmosphérique,Pression atmosphérique,mm/j,987.5
2025-05-26 03:00:00,Évapotranspiration Horaire,Évapotranspiration Horaire,mm/h,0.89
2025-05-26 03:00:00,Évapotranspiration journalière,Évapotranspiration journalière,mm/j,6.35
2025-05-25 11:00:00,Pression atmosphérique,Pression atmosphérique,mm/j,986.2
2025-05-25 11:00:00,Direction du vent,Direction du vent,Deg,339.4
2025-05-25 11:00:00,Humidité relative,Humidité relative,%,39.1
2025-05-25 11:00:00,Point de Rosée,Point de Rosée,°C,7.4
2025-05-25 11:00:00,Rayonnement solaire,Rayonnement solaire,W/m²,969.0
2025-05-25 11:00:00,Vitesse du vent,Vitesse du vent,m/s,3.99
2025-05-25 11:00:00,Évapotranspiration journalière,Évapotranspiration journalière,mm/j,2.22
2025-05-25 11:00:00,Température,Température,°C,22.0
2025-05-25 11:00:00,Évapotranspiration Horaire,Évapotranspiration Horaire,mm/h,2.34
2025-05-25 10:00:00,Pression atmosphérique,Pression atmosphérique,mm/j,986.3
2025-05-25 10:00:00,Évapotranspiration journalière,Évapotranspiration journalière,mm/j,2.22
2025-05-25 10:00:00,Humidité relative,Humidité relative,%,44.6
2025-05-25 10:00:00,Point de Rosée,Point de Rosée,°C,8.1
2025-05-25 10:00:00,Température,Température,°C,20.6
2025-05-25 10:00:00,Évapotranspiration Horaire,Évapotranspiration Horaire,mm/h,0.89
2025-05-25 10:00:00,Direction du vent,Direction du vent,Deg,339.7
2025-05-25 10:00:00,Rayonnement solaire,Rayonnement solaire,W/m²,843.0
2025-05-25 10:00:00,Vitesse du vent,Vitesse du vent,m/s,3.74
2025-05-25 09:00:00,Évapotranspiration Horaire,Évapotranspiration Horaire,mm/h,2.34
2025-05-25 09:00:00,Évapotranspiration journalière,Évapotranspiration journalière,mm/j,2.22
2025-05-25 09:00:00,Vitesse du vent,Vitesse du vent,m/s,4.88
2025-05-25 09:00:00,Pression atmosphérique,Pression atmosphérique,mm/j,985.8
2025-05-25 09:00:00,Rayonnement solaire,Rayonnement solaire,W/m²,686.0
2025-05-25 09:00:00,Point de Rosée,Point de Rosée,°C,8.6
2025-05-25 09:00:00,Humidité relative,Humidité relative,%,49.2
2025-05-25 09:00:00,Température,Température,°C,19.5
2025-05-25 09:00:00,Direction du vent,Direction du vent,Deg,338.8
2025-05-25 08:00:00,Humidité relative,Humidité relative,%,55.4
2025-05-25 08:00:00,Vitesse du vent,Vitesse du vent,m/s,2.2
2025-05-25 08:00:00,Direction du vent,Direction du vent,Deg,317.6
2025-05-25 08:00:00,Température,Température,°C,17.8
2025-05-25 08:00:00,Évapotranspiration journalière,Évapotranspiration journalière,mm/j,2.22
2025-05-25 08:00:00,Évapotranspiration Horaire,Évapotranspiration Horaire,mm/h,0.9
2025-05-25 08:00:00,Pression atmosphérique,Pression atmosphérique,mm/j,985.6
2025-05-25 08:00:00,Rayonnement solaire,Rayonnement solaire,W/m²,486.0
2025-05-25 08:00:00,Point de Rosée,Point de Rosée,°C,8.8
2025-05-25 07:00:00,Vitesse du vent,Vitesse du vent,m/s,2.91
2025-05-25 07:00:00,Humidité relative,Humidité relative,%,57.6
2025-05-25 07:00:00,Pression atmosphérique,Pression atmosphérique,mm/j,985.0
2025-05-25 07:00:00,Rayonnement solaire,Rayonnement solaire,W/m²,272.0
2025-05-25 07:00:00,Température,Température,°C,16.7
2025-05-25 07:00:00,Direction du vent,Direction du vent,Deg,343.9
2025-05-25 07:00:00,Évapotranspiration journalière,Évapotranspiration journalière,mm/j,2.22
2025-05-25 07:00:00,Point de Rosée,Point de Rosée,°C,8.3
2025-05-25 07:00:00,Évapotranspiration Horaire,Évapotranspiration Horaire,mm/h,1.06
2025-05-25 06:00:00,Évapotranspiration journalière,Évapotranspiration journalière,mm/j,2.22
2025-05-25 06:00:00,Évapotranspiration Horaire,Évapotranspiration Horaire,mm/h,0.89
2025-05-25 06:00:00,Pression atmosphérique,Pression atmosphérique,mm/j,984.2
2025-05-25 06:00:00,Rayonnement solaire,Rayonnement solaire,W/m²,37.0
2025-05-25 06:00:00,Point de Rosée,Point de Rosée,°C,7.9
2025-05-25 06:00:00,Humidité relative,Humidité relative,%,60.3
2025-05-25 06:00:00,Vitesse du vent,Vitesse du vent,m/s,4.59
2025-05-25 06:00:00,Température,Température,°C,15.5
2025-05-25 06:00:00,Direction du vent,Direction du vent,Deg,350.2
2025-05-25 05:00:00,Point de Rosée,Point de Rosée,°C,7.8
2025-05-25 05:00:00,Évapotranspiration journalière,Évapotranspiration journalière,mm/j,2.22
2025-05-25 05:00:00,Direction du vent,Direction du vent,Deg,341.2
2025-05-25 05:00:00,Évapotranspiration Horaire,Évapotranspiration Horaire,mm/h,0.89
2025-05-25 05:00:00,Vitesse du vent,Vitesse du vent,m/s,3.6
2025-05-25 05:00:00,Pression atmosphérique,Pression atmosphérique,mm/j,983.6
2025-05-25 05:00:00,Humidité relative,Humidité relative,%,61.5
2025-05-25 05:00:00,Rayonnement solaire,Rayonnement solaire,W/m²,0.0
2025-05-25 05:00:00,Température,Température,°C,15.1
2025-05-25 04:00:00,Pression atmosphérique,Pression atmosphérique,mm/j,983.3
2025-05-25 04:00:00,Vitesse du vent,Vitesse du vent,m/s,4.77
2025-05-25 04:00:00,Direction du vent,Direction du vent,Deg,339.1
2025-05-25 04:00:00,Température,Température,°C,15.4
2025-05-25 04:00:00,Humidité relative,Humidité relative,%,59.1
2025-05-25 04:00:00,Point de Rosée,Point de Rosée,°C,7.4
2025-05-25 04:00:00,Rayonnement solaire,Rayonnement solaire,W/m²,0.0
2025-05-25 04:00:00,Évapotranspiration Horaire,Évapotranspiration Horaire,mm/h,0.9
2025-05-25 04:00:00,Évapotranspiration journalière,Évapotranspiration journalière,mm/j,2.22
2025-05-25 03:00:00,Direction du vent,Direction du vent,Deg,356.9
2025-05-25 03:00:00,Évapotranspiration journalière,Évapotranspiration journalière,mm/j,2.22
2025-05-25 03:00:00,Évapotranspiration Horaire,Évapotranspiration Horaire,mm/h,2.35
2025-05-25 03:00:00,Pression atmosphérique,Pression atmosphérique,mm/j,983.2
2025-05-25 03:00:00,Rayonnement solaire,Rayonnement solaire,W/m²,0.0
2025-05-25 03:00:00,Vitesse du vent,Vitesse du vent,m/s,2.52
2025-05-25 03:00:00,Point de Rosée,Point de Rosée,°C,7.7
2025-05-25 03:00:00,Humidité relative,Humidité relative,%,61.9
2025-05-25 03:00:00,Température,Température,°C,14.9
2025-05-25 02:00:00,Point de Rosée,Point de Rosée,°C,7.4
2025-05-25 02:00:00,Humidité relative,Humidité relative,%,58.7
2025-05-25 02:00:00,Température,Température,°C,15.5
2025-05-25 02:00:00,Direction du vent,Direction du vent,Deg,321.3
2025-05-25 02:00:00,Vitesse du vent,Vitesse du vent,m/s,2.26
2025-05-25 02:00:00,Rayonnement solaire,Rayonnement solaire,W/m²,0.0
2025-05-25 02:00:00,Évapotranspiration Horaire,Évapotranspiration Horaire,mm/h,0.9
2025-05-25 02:00:00,Pression atmosphérique,Pression atmosphérique,mm/j,983.2
2025-05-25 02:00:00,Évapotranspiration journalière,Évapotranspiration journalière,mm/j,2.22
2025-05-25 01:00:00,Point de Rosée,Point de Rosée,°C,7.9
2025-05-25 01:00:00,Rayonnement solaire,Rayonnement solaire,W/m²,0.0
2025-05-25 01:00:00,Pression atmosphérique,Pression atmosphérique,mm/j,983.3
2025-05-25 01:00:00,Évapotranspiration Horaire,Évapotranspiration Horaire,mm/h,0.9
2025-05-25 01:00:00,Évapotranspiration journalière,Évapotranspiration journalière,mm/j,2.22
2025-05-25 01:00:00,Vitesse du vent,Vitesse du vent,m/s,6.57
2025-05-25 01:00:00,Direction du vent,Direction du vent,Deg,290.3
2025-05-25 01:00:00,Température,Température,°C,15.8
2025-05-25 01:00:00,Humidité relative,Humidité relative,%,59.5
2025-05-25 00:00:00,Évapotranspiration Horaire,Évapotranspiration Horaire,mm/h,1.06
2025-05-25 00:00:00,Vitesse du vent,Vitesse du vent,m/s,6.46
2025-05-25 00:00:00,Rayonnement solaire,Rayonnement solaire,W/m²,0.0
2025-05-25 00:00:00,Direction du vent,Direction du vent,Deg,332.2
2025-05-25 00:00:00,Pression atmosphérique,Pression atmosphérique,mm/j,982.9
2025-05-25 00:00:00,Température,Température,°C,16.4
2025-05-25 00:00:00,Évapotranspiration journalière,Évapotranspiration journalière,mm/j,6.3
2025-05-25 00:00:00,Humidité relative,Humidité relative,%,56.2
2025-05-25 00:00:00,Point de Rosée,Point de Rosée,°C,7.7
2025-05-24 23:00:00,Point de Rosée,Point de Rosée,°C,9.3
2025-05-24 23:00:00,Rayonnement solaire,Rayonnement solaire,W/m²,0.0
2025-05-24 23:00:00,Pression atmosphérique,Pression atmosphérique,mm/j,983.2
2025-05-24 23:00:00,Évapotranspiration journalière,Évapotranspiration journalière,mm/j,6.3
2025-05-24 23:00:00,Évapotranspiration Horaire,Évapotranspiration Horaire,mm/h,0.9
2025-05-24 23:00:00,Vitesse du vent,Vitesse du vent,m/s,4.11
2025-05-24 23:00:00,Direction du vent,Direction du vent,Deg,339.6
2025-05-24 23:00:00,Température,Température,°C,16.4
2025-05-24 23:00:00,Humidité relative,Humidité relative,%,63.1
2025-05-24 22:00:00,Point de Rosée,Point de Rosée,°C,8.3
2025-05-24 22:00:00,Rayonnement solaire,Rayonnement solaire,W/m²,0.0
2025-05-24 22:00:00,Pression atmosphérique,Pression atmosphérique,mm/j,983.0
2025-05-24 22:00:00,Évapotranspiration Horaire,Évapotranspiration Horaire,mm/h,0.9
2025-05-24 22:00:00,Évapotranspiration journalière,Évapotranspiration journalière,mm/j,6.3
2025-05-24 22:00:00,Direction du vent,Direction du vent,Deg,352.3
2025-05-24 22:00:00,Vitesse du vent,Vitesse du vent,m/s,5.14
2025-05-24 22:00:00,Température,Température,°C,16.7
2025-05-24 22:00:00,Humidité relative,Humidité relative,%,57.6
2025-05-24 21:00:00,Direction du vent,Direction du vent,Deg,345.3
2025-05-24 21:00:00,Température,Température,°C,16.5
2025-05-24 21:00:00,Vitesse du vent,Vitesse du vent,m/s,5.82
2025-05-24 21:00:00,Point de Rosée,Point de Rosée,°C,9.1
2025-05-24 21:00:00,Humidité relative,Humidité relative,%,61.7
2025-05-24 21:00:00,Évapotranspiration journalière,Évapotranspiration journalière,mm/j,6.3
2025-05-24 21:00:00,Évapotranspiration Horaire,Évapotranspiration Horaire,mm/h,0.9
2025-05-24 21:00:00,Pression atmosphérique,Pression atmosphérique,mm/j,982.6
2025-05-24 21:00:00,Rayonnement solaire,Rayonnement solaire,W/m²,0.0
2025-05-24 19:00:00,Point de Rosée,Point de Rosée,°C,11.4
2025-05-24 19:00:00,Vitesse du vent,Vitesse du vent,m/s,3.18
2025-05-24 19:00:00,Direction du vent,Direction du vent,Deg,48.7
2025-05-24 19:00:00,Température,Température,°C,17.5
2025-05-24 19:00:00,Humidité relative,Humidité relative,%,67.6
2025-05-24 19:00:00,Rayonnement solaire,Rayonnement solaire,W/m²,30.0
2025-05-24 19:00:00,Pression atmosphérique,Pression atmosphérique,mm/j,981.5
2025-05-24 19:00:00,Évapotranspiration Horaire,Évapotranspiration Horaire,mm/h,0.9
2025-05-24 19:00:00,Évapotranspiration journalière,Évapotranspiration journalière,mm/j,6.3
2025-05-24 18:00:00,Vitesse du vent,Vitesse du vent,m/s,3.07
2025-05-24 18:00:00,Pression atmosphérique,Pression atmosphérique,mm/j,980.6
2025-05-24 18:00:00,Rayonnement solaire,Rayonnement solaire,W/m²,165.0
2025-05-24 18:00:00,Humidité relative,Humidité relative,%,70.5
2025-05-24 18:00:00,Point de Rosée,Point de Rosée,°C,12.5
2025-05-24 18:00:00,Température,Température,°C,18.0
2025-05-24 18:00:00,Évapotranspiration Horaire,Évapotranspiration Horaire,mm/h,2.36
2025-05-24 18:00:00,Direction du vent,Direction du vent,Deg,338.7
2025-05-24 18:00:00,Évapotranspiration journalière,Évapotranspiration journalière,mm/j,6.3
2025-05-24 17:00:00,Point de Rosée,Point de Rosée,°C,15.0
2025-05-24 17:00:00,Évapotranspiration journalière,Évapotranspiration journalière,mm/j,6.3
2025-05-24 17:00:00,Évapotranspiration Horaire,Évapotranspiration Horaire,mm/h,1.06
2025-05-24 17:00:00,Pression atmosphérique,Pression atmosphérique,mm/j,980.9
2025-05-24 17:00:00,Vitesse du vent,Vitesse du vent,m/s,0.93
2025-05-24 17:00:00,Rayonnement solaire,Rayonnement solaire,W/m²,113.0
2025-05-24 17:00:00,Direction du vent,Direction du vent,Deg,352.5
2025-05-24 17:00:00,Température,Température,°C,16.1
2025-05-24 17:00:00,Humidité relative,Humidité relative,%,93.4
2025-05-24 16:00:00,Évapotranspiration Horaire,Évapotranspiration Horaire,mm/h,0.9
2025-05-24 16:00:00,Direction du vent,Direction du vent,Deg,76.3
2025-05-24 16:00:00,Humidité relative,Humidité relative,%,95.5
2025-05-24 16:00:00,Rayonnement solaire,Rayonnement solaire,W/m²,54.0
2025-05-24 16:00:00,Pression atmosphérique,Pression atmosphérique,mm/j,980.8
2025-05-24 16:00:00,Point de Rosée,Point de Rosée,°C,15.0
2025-05-24 16:00:00,Vitesse du vent,Vitesse du vent,m/s,0.5
2025-05-24 16:00:00,Température,Température,°C,15.8
2025-05-24 16:00:00,Évapotranspiration journalière,Évapotranspiration journalière,mm/j,6.3
2025-05-24 15:00:00,Vitesse du vent,Vitesse du vent,m/s,0.68
2025-05-24 15:00:00,Évapotranspiration journalière,Évapotranspiration journalière,mm/j,6.3
2025-05-24 15:00:00,Évapotranspiration Horaire,Évapotranspiration Horaire,mm/h,0.9
2025-05-24 15:00:00,Pression atmosphérique,Pression atmosphérique,mm/j,980.2
2025-05-24 15:00:00,Rayonnement solaire,Rayonnement solaire,W/m²,92.0
2025-05-24 15:00:00,Point de Rosée,Point de Rosée,°C,15.3
2025-05-24 15:00:00,Température,Température,°C,16.1
2025-05-24 15:00:00,Humidité relative,Humidité relative,%,95.0
2025-05-24 15:00:00,Direction du vent,Direction du vent,Deg,156.1
2025-05-24 14:00:00,Pression atmosphérique,Pression atmosphérique,mm/j,980.2
2025-05-24 14:00:00,Vitesse du vent,Vitesse du vent,m/s,0.56
2025-05-24 14:00:00,Direction du vent,Direction du vent,Deg,134.8
2025-05-24 14:00:00,Température,Température,°C,16.1
2025-05-24 14:00:00,Humidité relative,Humidité relative,%,84.0
2025-05-24 14:00:00,Point de Rosée,Point de Rosée,°C,13.4
2025-05-24 14:00:00,Rayonnement solaire,Rayonnement solaire,W/m²,82.0
2025-05-24 14:00:00,Évapotranspiration Horaire,Évapotranspiration Horaire,mm/h,2.37
2025-05-24 14:00:00,Évapotranspiration journalière,Évapotranspiration journalière,mm/j,6.3
2025-05-24 13:00:00,Rayonnement solaire,Rayonnement solaire,W/m²,161.0
2025-05-24 13:00:00,Point de Rosée,Point de Rosée,°C,13.1
2025-05-24 13:00:00,Humidité relative,Humidité relative,%,83.9
2025-05-24 13:00:00,Température,Température,°C,15.9
2025-05-24 13:00:00,Direction du vent,Direction du vent,Deg,168.3
2025-05-24 13:00:00,Vitesse du vent,Vitesse du vent,m/s,1.27
2025-05-24 13:00:00,Évapotranspiration journalière,Évapotranspiration journalière,mm/j,6.3
2025-05-24 13:00:00,Évapotranspiration Horaire,Évapotranspiration Horaire,mm/h,2.37
2025-05-24 13:00:00,Pression atmosphérique,Pression atmosphérique,mm/j,979.8
2025-05-24 12:00:00,Pression atmosphérique,Pression atmosphérique,mm/j,980.3
2025-05-24 12:00:00,Évapotranspiration journalière,Évapotranspiration journalière,mm/j,6.3
2025-05-24 12:00:00,Humidité relative,Humidité relative,%,84.6
2025-05-24 12:00:00,Vitesse du vent,Vitesse du vent,m/s,1.16
2025-05-24 12:00:00,Température,Température,°C,15.7
2025-05-24 12:00:00,Point de Rosée,Point de Rosée,°C,13.1
2025-05-24 12:00:00,Direction du vent,Direction du vent,Deg,158.4
2025-05-24 12:00:00,Évapotranspiration Horaire,Évapotranspiration Horaire,mm/h,0.9
2025-05-24 12:00:00,Rayonnement solaire,Rayonnement solaire,W/m²,177.0
2025-05-24 11:00:00,Humidité relative,Humidité relative,%,81.9
2025-05-24 11:00:00,Évapotranspiration journalière,Évapotranspiration journalière,mm/j,6.3
2025-05-24 11:00:00,Évapotranspiration Horaire,Évapotranspiration Horaire,mm/h,0.9
2025-05-24 11:00:00,Pression atmosphérique,Pression atmosphérique,mm/j,980.7
2025-05-24 11:00:00,Rayonnement solaire,Rayonnement solaire,W/m²,133.0
2025-05-24 11:00:00,Point de Rosée,Point de Rosée,°C,12.0
2025-05-24 11:00:00,Température,Température,°C,15.1
2025-05-24 11:00:00,Direction du vent,Direction du vent,Deg,35.1
2025-05-24 11:00:00,Vitesse du vent,Vitesse du vent,m/s,1.93
2025-05-24 09:00:00,Évapotranspiration journalière,Évapotranspiration journalière,mm/j,6.3
2025-05-24 09:00:00,Point de Rosée,Point de Rosée,°C,10.9
2025-05-24 09:00:00,Vitesse du vent,Vitesse du vent,m/s,3.69
2025-05-24 09:00:00,Évapotranspiration Horaire,Évapotranspiration Horaire,mm/h,1.07
2025-05-24 09:00:00,Humidité relative,Humidité relative,%,78.8
2025-05-24 09:00:00,Pression atmosphérique,Pression atmosphérique,mm/j,980.5
2025-05-24 09:00:00,Température,Température,°C,14.5
2025-05-24 09:00:00,Rayonnement solaire,Rayonnement solaire,W/m²,122.0
2025-05-24 09:00:00,Direction du vent,Direction du vent,Deg,329.7
2025-05-24 08:00:00,Rayonnement solaire,Rayonnement solaire,W/m²,17.0
2025-05-24 08:00:00,Évapotranspiration journalière,Évapotranspiration journalière,mm/j,6.3
2025-05-24 08:00:00,Point de Rosée,Point de Rosée,°C,10.1
2025-05-24 08:00:00,Humidité relative,Humidité relative,%,75.6
2025-05-24 08:00:00,Température,Température,°C,14.4
2025-05-24 08:00:00,Direction du vent,Direction du vent,Deg,333.5
2025-05-24 08:00:00,Vitesse du vent,Vitesse du vent,m/s,4.97
2025-05-24 08:00:00,Évapotranspiration Horaire,Évapotranspiration Horaire,mm/h,0.9
2025-05-24 08:00:00,Pression atmosphérique,Pression atmosphérique,mm/j,980.8
2025-05-24 07:00:00,Direction du vent,Direction du vent,Deg,353.2
2025-05-24 07:00:00,Pression atmosphérique,Pression atmosphérique,mm/j,979.7
2025-05-24 07:00:00,Vitesse du vent,Vitesse du vent,m/s,1.41
2025-05-24 07:00:00,Évapotranspiration Horaire,Évapotranspiration Horaire,mm/h,0.87
2025-05-24 07:00:00,Évapotranspiration journalière,Évapotranspiration journalière,mm/j,6.3
2025-05-24 07:00:00,Humidité relative,Humidité relative,%,71.3
2025-05-24 07:00:00,Point de Rosée,Point de Rosée,°C,10.2
2025-05-24 07:00:00,Température,Température,°C,15.4
2025-05-24 07:00:00,Rayonnement solaire,Rayonnement solaire,W/m²,79.0
2025-05-24 06:00:00,Évapotranspiration Horaire,Évapotranspiration Horaire,mm/h,0.9
2025-05-24 06:00:00,Évapotranspiration journalière,Évapotranspiration journalière,mm/j,6.3
2025-05-24 06:00:00,Pression atmosphérique,Pression atmosphérique,mm/j,979.9
2025-05-24 06:00:00,Rayonnement solaire,Rayonnement solaire,W/m²,46.0
2025-05-24 06:00:00,Point de Rosée,Point de Rosée,°C,8.7
2025-05-24 06:00:00,Humidité relative,Humidité relative,%,61.0
2025-05-24 06:00:00,Température,Température,°C,16.2
2025-05-24 06:00:00,Direction du vent,Direction du vent,Deg,332.5
2025-05-24 06:00:00,Vitesse du vent,Vitesse du vent,m/s,1.82
2025-05-24 05:00:00,Point de Rosée,Point de Rosée,°C,8.3
2025-05-24 05:00:00,Pression atmosphérique,Pression atmosphérique,mm/j,979.5
2025-05-24 05:00:00,Évapotranspiration Horaire,Évapotranspiration Horaire,mm/h,1.07
2025-05-24 05:00:00,Évapotranspiration journalière,Évapotranspiration journalière,mm/j,6.3
2025-05-24 05:00:00,Rayonnement solaire,Rayonnement solaire,W/m²,0.0
2025-05-24 05:00:00,Température,Température,°C,16.2
2025-05-24 05:00:00,Vitesse du vent,Vitesse du vent,m/s,5.38
2025-05-24 05:00:00,Direction du vent,Direction du vent,Deg,333.5
2025-05-24 05:00:00,Humidité relative,Humidité relative,%,59.4
2025-05-24 04:00:00,Point de Rosée,Point de Rosée,°C,7.2
2025-05-24 04:00:00,Humidité relative,Humidité relative,%,52.6
2025-05-24 04:00:00,Température,Température,°C,17.0
2025-05-24 04:00:00,Direction du vent,Direction du vent,Deg,33.5
2025-05-24 04:00:00,Vitesse du vent,Vitesse du vent,m/s,0.97
2025-05-24 04:00:00,Évapotranspiration journalière,Évapotranspiration journalière,mm/j,6.3
2025-05-24 04:00:00,Évapotranspiration Horaire,Évapotranspiration Horaire,mm/h,0.9
2025-05-24 04:00:00,Pression atmosphérique,Pression atmosphérique,mm/j,977.8
2025-05-24 04:00:00,Rayonnement solaire,Rayonnement solaire,W/m²,0.0
2025-05-24 03:00:00,Point de Rosée,Point de Rosée,°C,6.0
2025-05-24 03:00:00,Évapotranspiration journalière,Évapotranspiration journalière,mm/j,6.3
2025-05-24 03:00:00,Évapotranspiration Horaire,Évapotranspiration Horaire,mm/h,0.9
2025-05-24 03:00:00,Pression atmosphérique,Pression atmosphérique,mm/j,978.6
2025-05-24 03:00:00,Rayonnement solaire,Rayonnement solaire,W/m²,1.0
2025-05-24 03:00:00,Humidité relative,Humidité relative,%,44.9
2025-05-24 03:00:00,Température,Température,°C,18.1
2025-05-24 03:00:00,Direction du vent,Direction du vent,Deg,3.3
2025-05-24 03:00:00,Vitesse du vent,Vitesse du vent,m/s,3.33
2025-05-24 02:00:00,Évapotranspiration journalière,Évapotranspiration journalière,mm/j,6.3
2025-05-24 02:00:00,Vitesse du vent,Vitesse du vent,m/s,3.17
2025-05-24 02:00:00,Évapotranspiration Horaire,Évapotranspiration Horaire,mm/h,0.9
2025-05-24 02:00:00,Direction du vent,Direction du vent,Deg,346.9
2025-05-24 02:00:00,Pression atmosphérique,Pression atmosphérique,mm/j,978.9
2025-05-24 02:00:00,Température,Température,°C,18.3
2025-05-24 02:00:00,Rayonnement solaire,Rayonnement solaire,W/m²,0.0
2025-05-24 02:00:00,Humidité relative,Humidité relative,%,54.7
2025-05-24 02:00:00,Point de Rosée,Point de Rosée,°C,9.0
2025-05-24 01:00:00,Point de Rosée,Point de Rosée,°C,9.1
2025-05-24 01:00:00,Évapotranspiration journalière,Évapotranspiration journalière,mm/j,6.3
2025-05-24 01:00:00,Évapotranspiration Horaire,Évapotranspiration Horaire,mm/h,0.9
2025-05-24 01:00:00,Pression atmosphérique,Pression atmosphérique,mm/j,979.4
2025-05-24 01:00:00,Rayonnement solaire,Rayonnement solaire,W/m²,0.0
2025-05-24 01:00:00,Humidité relative,Humidité relative,%,53.5
2025-05-24 01:00:00,Température,Température,°C,18.8
2025-05-24 01:00:00,Direction du vent,Direction du vent,Deg,5.3
2025-05-24 01:00:00,Vitesse du vent,Vitesse du vent,m/s,1.55
2025-05-24 00:00:00,Évapotranspiration Horaire,Évapotranspiration Horaire,mm/h,0.9
2025-05-24 00:00:00,Humidité relative,Humidité relative,%,54.5
2025-05-24 00:00:00,Rayonnement solaire,Rayonnement solaire,W/m²,0.0
2025-05-24 00:00:00,Température,Température,°C,19.4
2025-05-24 00:00:00,Évapotranspiration journalière,Évapotranspiration journalière,mm/j,5.54
2025-05-24 00:00:00,Direction du vent,Direction du vent,Deg,22.9
2025-05-24 00:00:00,Pression atmosphérique,Pression atmosphérique,mm/j,980.0
2025-05-24 00:00:00,Vitesse du vent,Vitesse du vent,m/s,1.08
2025-05-24 00:00:00,Point de Rosée,Point de Rosée,°C,10.0
2025-05-23 23:00:00,Température,Température,°C,19.8
2025-05-23 23:00:00,Évapotranspiration journalière,Évapotranspiration journalière,mm/j,5.54
2025-05-23 23:00:00,Évapotranspiration Horaire,Évapotranspiration Horaire,mm/h,1.08
2025-05-23 23:00:00,Pression atmosphérique,Pression atmosphérique,mm/j,980.2
2025-05-23 23:00:00,Rayonnement solaire,Rayonnement solaire,W/m²,0.0
2025-05-23 23:00:00,Point de Rosée,Point de Rosée,°C,11.6
2025-05-23 23:00:00,Humidité relative,Humidité relative,%,59.1
2025-05-23 23:00:00,Direction du vent,Direction du vent,Deg,58.9
2025-05-23 23:00:00,Vitesse du vent,Vitesse du vent,m/s,2.8
2025-05-23 22:00:00,Évapotranspiration journalière,Évapotranspiration journalière,mm/j,5.54
2025-05-23 22:00:00,Humidité relative,Humidité relative,%,52.1
2025-05-23 22:00:00,Évapotranspiration Horaire,Évapotranspiration Horaire,mm/h,1.08
2025-05-23 22:00:00,Température,Température,°C,20.9
2025-05-23 22:00:00,Point de Rosée,Point de Rosée,°C,10.7
2025-05-23 22:00:00,Pression atmosphérique,Pression atmosphérique,mm/j,979.9
2025-05-23 22:00:00,Vitesse du vent,Vitesse du vent,m/s,3.98
2025-05-23 22:00:00,Rayonnement solaire,Rayonnement solaire,W/m²,0.0
2025-05-23 22:00:00,Direction du vent,Direction du vent,Deg,43.2
2025-05-23 21:00:00,Point de Rosée,Point de Rosée,°C,11.6
2025-05-23 21:00:00,Évapotranspiration journalière,Évapotranspiration journalière,mm/j,5.54
2025-05-23 21:00:00,Évapotranspiration Horaire,Évapotranspiration Horaire,mm/h,1.08
2025-05-23 21:00:00,Pression atmosphérique,Pression atmosphérique,mm/j,979.6
2025-05-23 21:00:00,Rayonnement solaire,Rayonnement solaire,W/m²,0.0
2025-05-23 21:00:00,Humidité relative,Humidité relative,%,54.3
2025-05-23 21:00:00,Température,Température,°C,21.2
2025-05-23 21:00:00,Direction du vent,Direction du vent,Deg,60.3
2025-05-23 21:00:00,Vitesse du vent,Vitesse du vent,m/s,3.66
2025-05-23 20:00:00,Rayonnement solaire,Rayonnement solaire,W/m²,0.0
2025-05-23 20:00:00,Humidité relative,Humidité relative,%,44.7
2025-05-23 20:00:00,Évapotranspiration Horaire,Évapotranspiration Horaire,mm/h,1.08
2025-05-23 20:00:00,Température,Température,°C,22.9
2025-05-23 20:00:00,Pression atmosphérique,Pression atmosphérique,mm/j,978.8
2025-05-23 20:00:00,Direction du vent,Direction du vent,Deg,22.4
2025-05-23 20:00:00,Évapotranspiration journalière,Évapotranspiration journalière,mm/j,5.54
2025-05-23 20:00:00,Vitesse du vent,Vitesse du vent,m/s,1.42
2025-05-23 20:00:00,Point de Rosée,Point de Rosée,°C,10.2
2025-05-23 19:00:00,Vitesse du vent,Vitesse du vent,m/s,1.35
2025-05-23 19:00:00,Évapotranspiration Horaire,Évapotranspiration Horaire,mm/h,0.91
2025-05-23 19:00:00,Évapotranspiration journalière,Évapotranspiration journalière,mm/j,5.54
2025-05-23 19:00:00,Rayonnement solaire,Rayonnement solaire,W/m²,22.0
2025-05-23 19:00:00,Point de Rosée,Point de Rosée,°C,10.1
2025-05-23 19:00:00,Humidité relative,Humidité relative,%,41.4
2025-05-23 19:00:00,Température,Température,°C,24.1
2025-05-23 19:00:00,Direction du vent,Direction du vent,Deg,87.4
2025-05-23 19:00:00,Pression atmosphérique,Pression atmosphérique,mm/j,978.0
2025-05-23 18:00:00,Évapotranspiration journalière,Évapotranspiration journalière,mm/j,5.54
2025-05-23 18:00:00,Évapotranspiration Horaire,Évapotranspiration Horaire,mm/h,2.39
2025-05-23 18:00:00,Pression atmosphérique,Pression atmosphérique,mm/j,977.4
2025-05-23 18:00:00,Rayonnement solaire,Rayonnement solaire,W/m²,81.0
2025-05-23 18:00:00,Point de Rosée,Point de Rosée,°C,10.4
2025-05-23 18:00:00,Humidité relative,Humidité relative,%,38.6
2025-05-23 18:00:00,Température,Température,°C,25.5
2025-05-23 18:00:00,Direction du vent,Direction du vent,Deg,21.1
2025-05-23 18:00:00,Vitesse du vent,Vitesse du vent,m/s,3.67
2025-05-23 17:00:00,Point de Rosée,Point de Rosée,°C,10.2
2025-05-23 17:00:00,Évapotranspiration journalière,Évapotranspiration journalière,mm/j,5.54
2025-05-23 17:00:00,Vitesse du vent,Vitesse du vent,m/s,1.63
2025-05-23 17:00:00,Évapotranspiration Horaire,Évapotranspiration Horaire,mm/h,1.08
2025-05-23 17:00:00,Humidité relative,Humidité relative,%,35.8
2025-05-23 17:00:00,Pression atmosphérique,Pression atmosphérique,mm/j,976.8
2025-05-23 17:00:00,Direction du vent,Direction du vent,Deg,35.7
2025-05-23 17:00:00,Rayonnement solaire,Rayonnement solaire,W/m²,346.0
2025-05-23 17:00:00,Température,Température,°C,26.6
2025-05-23 15:00:00,Évapotranspiration journalière,Évapotranspiration journalière,mm/j,5.54
2025-05-23 15:00:00,Évapotranspiration Horaire,Évapotranspiration Horaire,mm/h,1.08
2025-05-23 15:00:00,Pression atmosphérique,Pression atmosphérique,mm/j,976.9
2025-05-23 15:00:00,Rayonnement solaire,Rayonnement solaire,W/m²,750.0
2025-05-23 15:00:00,Point de Rosée,Point de Rosée,°C,9.8
2025-05-23 15:00:00,Humidité relative,Humidité relative,%,33.5
2025-05-23 15:00:00,Température,Température,°C,27.2
2025-05-23 15:00:00,Direction du vent,Direction du vent,Deg,21.1
2025-05-23 15:00:00,Vitesse du vent,Vitesse du vent,m/s,3.86
2025-05-23 14:00:00,Évapotranspiration Horaire,Évapotranspiration Horaire,mm/h,2.39
2025-05-23 14:00:00,Humidité relative,Humidité relative,%,34.0
2025-05-23 14:00:00,Rayonnement solaire,Rayonnement solaire,W/m²,865.0
2025-05-23 14:00:00,Température,Température,°C,26.8
2025-05-23 14:00:00,Évapotranspiration journalière,Évapotranspiration journalière,mm/j,5.54
2025-05-23 14:00:00,Direction du vent,Direction du vent,Deg,18.1
2025-05-23 14:00:00,Pression atmosphérique,Pression atmosphérique,mm/j,976.8
2025-05-23 14:00:00,Vitesse du vent,Vitesse du vent,m/s,1.87
2025-05-23 14:00:00,Point de Rosée,Point de Rosée,°C,9.6
2025-05-23 13:00:00,Température,Température,°C,26.6
2025-05-23 13:00:00,Évapotranspiration journalière,Évapotranspiration journalière,mm/j,5.54
2025-05-23 13:00:00,Évapotranspiration Horaire,Évapotranspiration Horaire,mm/h,0.91
2025-05-23 13:00:00,Pression atmosphérique,Pression atmosphérique,mm/j,976.9
2025-05-23 13:00:00,Rayonnement solaire,Rayonnement solaire,W/m²,938.0
2025-05-23 13:00:00,Point de Rosée,Point de Rosée,°C,8.8
2025-05-23 13:00:00,Humidité relative,Humidité relative,%,32.5
2025-05-23 13:00:00,Direction du vent,Direction du vent,Deg,18.4
2025-05-23 13:00:00,Vitesse du vent,Vitesse du vent,m/s,2.04
2025-05-23 12:00:00,Évapotranspiration journalière,Évapotranspiration journalière,mm/j,5.54
2025-05-23 12:00:00,Vitesse du vent,Vitesse du vent,m/s,4.08
2025-05-23 12:00:00,Évapotranspiration Horaire,Évapotranspiration Horaire,mm/h,0.91
2025-05-23 12:00:00,Direction du vent,Direction du vent,Deg,62.1
2025-05-23 12:00:00,Pression atmosphérique,Pression atmosphérique,mm/j,977.2
2025-05-23 12:00:00,Température,Température,°C,25.4
2025-05-23 12:00:00,Rayonnement solaire,Rayonnement solaire,W/m²,955.0
2025-05-23 12:00:00,Humidité relative,Humidité relative,%,33.5
2025-05-23 12:00:00,Point de Rosée,Point de Rosée,°C,8.2
2025-05-23 11:00:00,Température,Température,°C,24.4
2025-05-23 11:00:00,Évapotranspiration journalière,Évapotranspiration journalière,mm/j,5.54
2025-05-23 11:00:00,Évapotranspiration Horaire,Évapotranspiration Horaire,mm/h,1.08
2025-05-23 11:00:00,Pression atmosphérique,Pression atmosphérique,mm/j,977.5
2025-05-23 11:00:00,Rayonnement solaire,Rayonnement solaire,W/m²,394.0
2025-05-23 11:00:00,Point de Rosée,Point de Rosée,°C,8.0
2025-05-23 11:00:00,Humidité relative,Humidité relative,%,35.0
2025-05-23 11:00:00,Direction du vent,Direction du vent,Deg,36.7
2025-05-23 11:00:00,Vitesse du vent,Vitesse du vent,m/s,3.08
2025-05-23 10:00:00,Évapotranspiration Horaire,Évapotranspiration Horaire,mm/h,2.4
2025-05-23 10:00:00,Humidité relative,Humidité relative,%,37.5
2025-05-23 10:00:00,Rayonnement solaire,Rayonnement solaire,W/m²,825.0
2025-05-23 10:00:00,Température,Température,°C,24.0
2025-05-23 10:00:00,Pression atmosphérique,Pression atmosphérique,mm/j,977.6
2025-05-23 10:00:00,Direction du vent,Direction du vent,Deg,22.3
2025-05-23 10:00:00,Point de Rosée,Point de Rosée,°C,8.6
2025-05-23 10:00:00,Vitesse du vent,Vitesse du vent,m/s,7.08
2025-05-23 10:00:00,Évapotranspiration journalière,Évapotranspiration journalière,mm/j,5.54
2025-05-23 09:00:00,Vitesse du vent,Vitesse du vent,m/s,3.02
2025-05-23 09:00:00,Évapotranspiration journalière,Évapotranspiration journalière,mm/j,5.54
2025-05-23 09:00:00,Évapotranspiration Horaire,Évapotranspiration Horaire,mm/h,1.08
2025-05-23 09:00:00,Pression atmosphérique,Pression atmosphérique,mm/j,977.6
2025-05-23 09:00:00,Rayonnement solaire,Rayonnement solaire,W/m²,679.0
2025-05-23 09:00:00,Point de Rosée,Point de Rosée,°C,8.3
2025-05-23 09:00:00,Humidité relative,Humidité relative,%,39.7
2025-05-23 09:00:00,Température,Température,°C,22.7
2025-05-23 09:00:00,Direction du vent,Direction du vent,Deg,356.6
2025-05-23 08:00:00,Évapotranspiration journalière,Évapotranspiration journalière,mm/j,5.54
2025-05-23 08:00:00,Évapotranspiration Horaire,Évapotranspiration Horaire,mm/h,0.91
2025-05-23 08:00:00,Pression atmosphérique,Pression atmosphérique,mm/j,977.9
2025-05-23 08:00:00,Rayonnement solaire,Rayonnement solaire,W/m²,454.0
2025-05-23 08:00:00,Point de Rosée,Point de Rosée,°C,9.9
2025-05-23 08:00:00,Humidité relative,Humidité relative,%,49.3
2025-05-23 08:00:00,Température,Température,°C,20.9
2025-05-23 08:00:00,Direction du vent,Direction du vent,Deg,19.5
2025-05-23 08:00:00,Vitesse du vent,Vitesse du vent,m/s,4.09
2025-05-23 07:00:00,Point de Rosée,Point de Rosée,°C,11.5
2025-05-23 07:00:00,Évapotranspiration journalière,Évapotranspiration journalière,mm/j,5.54
2025-05-23 07:00:00,Vitesse du vent,Vitesse du vent,m/s,3.59
2025-05-23 07:00:00,Évapotranspiration Horaire,Évapotranspiration Horaire,mm/h,0.91
2025-05-23 07:00:00,Humidité relative,Humidité relative,%,59.6
2025-05-23 07:00:00,Pression atmosphérique,Pression atmosphérique,mm/j,977.8
2025-05-23 07:00:00,Direction du vent,Direction du vent,Deg,344.6
2025-05-23 07:00:00,Rayonnement solaire,Rayonnement solaire,W/m²,249.0
2025-05-23 07:00:00,Température,Température,°C,19.6
2025-05-23 06:00:00,Évapotranspiration journalière,Évapotranspiration journalière,mm/j,5.54
2025-05-23 06:00:00,Évapotranspiration Horaire,Évapotranspiration Horaire,mm/h,0.91
2025-05-23 06:00:00,Pression atmosphérique,Pression atmosphérique,mm/j,977.3
2025-05-23 06:00:00,Rayonnement solaire,Rayonnement solaire,W/m²,72.0
2025-05-23 06:00:00,Point de Rosée,Point de Rosée,°C,13.3
2025-05-23 06:00:00,Humidité relative,Humidité relative,%,72.6
2025-05-23 06:00:00,Température,Température,°C,18.3
2025-05-23 06:00:00,Direction du vent,Direction du vent,Deg,11.5
2025-05-23 06:00:00,Vitesse du vent,Vitesse du vent,m/s,3.63
2025-05-23 05:00:00,Rayonnement solaire,Rayonnement solaire,W/m²,0.0
2025-05-23 05:00:00,Évapotranspiration Horaire,Évapotranspiration Horaire,mm/h,0.92
2025-05-23 05:00:00,Température,Température,°C,18.6
2025-05-23 05:00:00,Évapotranspiration journalière,Évapotranspiration journalière,mm/j,5.54
2025-05-23 05:00:00,Point de Rosée,Point de Rosée,°C,12.6
2025-05-23 05:00:00,Humidité relative,Humidité relative,%,68.1
2025-05-23 05:00:00,Direction du vent,Direction du vent,Deg,19.3
2025-05-23 05:00:00,Pression atmosphérique,Pression atmosphérique,mm/j,976.5
2025-05-23 05:00:00,Vitesse du vent,Vitesse du vent,m/s,4.61
2025-05-22 08:00:00,Pression atmosphérique,Pression atmosphérique,mm/j,982.5
2025-05-22 08:00:00,Direction du vent,Direction du vent,Deg,47.6
2025-05-22 08:00:00,Vitesse du vent,Vitesse du vent,m/s,2.19
2025-05-22 08:00:00,Évapotranspiration journalière,Évapotranspiration journalière,mm/j,6.02
2025-05-22 08:00:00,Évapotranspiration Horaire,Évapotranspiration Horaire,mm/h,2.42
2025-05-22 08:00:00,Rayonnement solaire,Rayonnement solaire,W/m²,176.0
2025-05-22 08:00:00,Point de Rosée,Point de Rosée,°C,13.2
2025-05-22 08:00:00,Humidité relative,Humidité relative,%,62.1
2025-05-22 08:00:00,Température,Température,°C,20.7
2025-05-22 07:00:00,Point de Rosée,Point de Rosée,°C,13.4
2025-05-22 07:00:00,Évapotranspiration Horaire,Évapotranspiration Horaire,mm/h,0.92
2025-05-22 07:00:00,Direction du vent,Direction du vent,Deg,22.3
2025-05-22 07:00:00,Évapotranspiration journalière,Évapotranspiration journalière,mm/j,6.02
2025-05-22 07:00:00,Humidité relative,Humidité relative,%,72.3
2025-05-22 07:00:00,Pression atmosphérique,Pression atmosphérique,mm/j,981.5
2025-05-22 07:00:00,Vitesse du vent,Vitesse du vent,m/s,1.57
2025-05-22 07:00:00,Rayonnement solaire,Rayonnement solaire,W/m²,163.0
2025-05-22 07:00:00,Température,Température,°C,18.5
2025-05-22 06:00:00,Pression atmosphérique,Pression atmosphérique,mm/j,982.0
2025-05-22 06:00:00,Évapotranspiration journalière,Évapotranspiration journalière,mm/j,6.02
2025-05-22 06:00:00,Évapotranspiration Horaire,Évapotranspiration Horaire,mm/h,0.91
2025-05-22 06:00:00,Rayonnement solaire,Rayonnement solaire,W/m²,116.0
2025-05-22 06:00:00,Point de Rosée,Point de Rosée,°C,13.5
2025-05-22 06:00:00,Humidité relative,Humidité relative,%,73.5
2025-05-22 06:00:00,Température,Température,°C,18.3
2025-05-22 06:00:00,Direction du vent,Direction du vent,Deg,339.3
2025-05-22 06:00:00,Vitesse du vent,Vitesse du vent,m/s,1.25
2025-05-22 05:00:00,Rayonnement solaire,Rayonnement solaire,W/m²,0.0
2025-05-22 05:00:00,Humidité relative,Humidité relative,%,78.5
2025-05-22 05:00:00,Pression atmosphérique,Pression atmosphérique,mm/j,981.5
2025-05-22 05:00:00,Température,Température,°C,17.4
2025-05-22 05:00:00,Point de Rosée,Point de Rosée,°C,13.6
2025-05-22 05:00:00,Évapotranspiration journalière,Évapotranspiration journalière,mm/j,6.02
2025-05-22 05:00:00,Direction du vent,Direction du vent,Deg,15.1
2025-05-22 05:00:00,Évapotranspiration Horaire,Évapotranspiration Horaire,mm/h,0.92
2025-05-22 05:00:00,Vitesse du vent,Vitesse du vent,m/s,1.22
2025-05-21 17:00:00,Vitesse du vent,Vitesse du vent,m/s,3.43
2025-05-21 17:00:00,Direction du vent,Direction du vent,Deg,103.8
2025-05-21 17:00:00,Température,Température,°C,28.7
2025-05-21 17:00:00,Humidité relative,Humidité relative,%,30.6
2025-05-21 17:00:00,Point de Rosée,Point de Rosée,°C,9.7
2025-05-21 17:00:00,Rayonnement solaire,Rayonnement solaire,W/m²,336.0
2025-05-21 17:00:00,Pression atmosphérique,Pression atmosphérique,mm/j,981.6
2025-05-21 17:00:00,Évapotranspiration Horaire,Évapotranspiration Horaire,mm/h,0.92
2025-05-21 17:00:00,Évapotranspiration journalière,Évapotranspiration journalière,mm/j,7.97
2025-05-21 15:00:00,Vitesse du vent,Vitesse du vent,m/s,1.01
2025-05-21 15:00:00,Direction du vent,Direction du vent,Deg,132.5
2025-05-21 15:00:00,Température,Température,°C,28.3
2025-05-21 15:00:00,Humidité relative,Humidité relative,%,30.7
2025-05-21 15:00:00,Point de Rosée,Point de Rosée,°C,9.4
2025-05-21 15:00:00,Rayonnement solaire,Rayonnement solaire,W/m²,745.0
2025-05-21 15:00:00,Pression atmosphérique,Pression atmosphérique,mm/j,982.2
2025-05-21 15:00:00,Évapotranspiration Horaire,Évapotranspiration Horaire,mm/h,1.1
2025-05-21 15:00:00,Évapotranspiration journalière,Évapotranspiration journalière,mm/j,7.97
2025-05-21 13:00:00,Vitesse du vent,Vitesse du vent,m/s,0.98
2025-05-21 13:00:00,Direction du vent,Direction du vent,Deg,64.6
2025-05-21 13:00:00,Température,Température,°C,27.0
2025-05-21 13:00:00,Humidité relative,Humidité relative,%,31.6
2025-05-21 13:00:00,Point de Rosée,Point de Rosée,°C,8.7
2025-05-21 13:00:00,Rayonnement solaire,Rayonnement solaire,W/m²,510.0
2025-05-21 13:00:00,Pression atmosphérique,Pression atmosphérique,mm/j,983.3
2025-05-21 13:00:00,Évapotranspiration Horaire,Évapotranspiration Horaire,mm/h,0.93
2025-05-21 13:00:00,Évapotranspiration journalière,Évapotranspiration journalière,mm/j,7.97
2025-05-21 12:00:00,Vitesse du vent,Vitesse du vent,m/s,2.73
2025-05-21 12:00:00,Direction du vent,Direction du vent,Deg,88.9
2025-05-21 12:00:00,Température,Température,°C,26.8
2025-05-21 12:00:00,Humidité relative,Humidité relative,%,31.4
2025-05-21 12:00:00,Point de Rosée,Point de Rosée,°C,8.4
2025-05-21 12:00:00,Rayonnement solaire,Rayonnement solaire,W/m²,1069.0
2025-05-21 12:00:00,Pression atmosphérique,Pression atmosphérique,mm/j,983.5
2025-05-21 12:00:00,Évapotranspiration Horaire,Évapotranspiration Horaire,mm/h,2.42
2025-05-21 12:00:00,Évapotranspiration journalière,Évapotranspiration journalière,mm/j,7.97
2025-05-21 11:00:00,Vitesse du vent,Vitesse du vent,m/s,2.68
2025-05-21 11:00:00,Direction du vent,Direction du vent,Deg,30.4
2025-05-21 11:00:00,Température,Température,°C,25.9
2025-05-21 11:00:00,Humidité relative,Humidité relative,%,33.4
2025-05-21 11:00:00,Point de Rosée,Point de Rosée,°C,8.6
2025-05-21 11:00:00,Rayonnement solaire,Rayonnement solaire,W/m²,499.0
2025-05-21 11:00:00,Pression atmosphérique,Pression atmosphérique,mm/j,983.6
2025-05-21 11:00:00,Évapotranspiration Horaire,Évapotranspiration Horaire,mm/h,0.93
2025-05-21 11:00:00,Évapotranspiration journalière,Évapotranspiration journalière,mm/j,7.97
2025-05-21 09:00:00,Vitesse du vent,Vitesse du vent,m/s,1.85
2025-05-21 09:00:00,Direction du vent,Direction du vent,Deg,3.6
2025-05-21 09:00:00,Température,Température,°C,23.0
2025-05-21 09:00:00,Humidité relative,Humidité relative,%,43.4
2025-05-21 09:00:00,Point de Rosée,Point de Rosée,°C,9.9
2025-05-21 09:00:00,Rayonnement solaire,Rayonnement solaire,W/m²,640.0
2025-05-21 09:00:00,Pression atmosphérique,Pression atmosphérique,mm/j,983.8
2025-05-21 09:00:00,Évapotranspiration Horaire,Évapotranspiration Horaire,mm/h,2.43
2025-05-21 09:00:00,Évapotranspiration journalière,Évapotranspiration journalière,mm/j,7.97
2025-05-21 07:00:00,Vitesse du vent,Vitesse du vent,m/s,2.37
2025-05-21 07:00:00,Direction du vent,Direction du vent,Deg,35.8
2025-05-21 07:00:00,Température,Température,°C,20.3
2025-05-21 07:00:00,Humidité relative,Humidité relative,%,59.3
2025-05-21 07:00:00,Point de Rosée,Point de Rosée,°C,12.1
2025-05-21 07:00:00,Rayonnement solaire,Rayonnement solaire,W/m²,232.0
2025-05-21 07:00:00,Pression atmosphérique,Pression atmosphérique,mm/j,983.4
2025-05-21 07:00:00,Évapotranspiration Horaire,Évapotranspiration Horaire,mm/h,0.8
2025-05-21 07:00:00,Évapotranspiration journalière,Évapotranspiration journalière,mm/j,7.97
2025-05-21 06:00:00,Point de Rosée,Point de Rosée,°C,14.5
2025-05-21 06:00:00,Vitesse du vent,Vitesse du vent,m/s,2.01
2025-05-21 06:00:00,Direction du vent,Direction du vent,Deg,45.3
2025-05-21 06:00:00,Température,Température,°C,18.6
2025-05-21 06:00:00,Humidité relative,Humidité relative,%,77.2
2025-05-21 06:00:00,Rayonnement solaire,Rayonnement solaire,W/m²,65.0
2025-05-21 06:00:00,Pression atmosphérique,Pression atmosphérique,mm/j,983.2
2025-05-21 06:00:00,Évapotranspiration Horaire,Évapotranspiration Horaire,mm/h,2.42
2025-05-21 06:00:00,Évapotranspiration journalière,Évapotranspiration journalière,mm/j,7.97
2025-05-21 05:00:00,Vitesse du vent,Vitesse du vent,m/s,3.87
2025-05-21 05:00:00,Direction du vent,Direction du vent,Deg,9.6
2025-05-21 05:00:00,Température,Température,°C,18.8
2025-05-21 05:00:00,Humidité relative,Humidité relative,%,77.3
2025-05-21 05:00:00,Point de Rosée,Point de Rosée,°C,14.7
2025-05-21 05:00:00,Rayonnement solaire,Rayonnement solaire,W/m²,0.0
2025-05-21 05:00:00,Pression atmosphérique,Pression atmosphérique,mm/j,982.7
2025-05-21 05:00:00,Évapotranspiration Horaire,Évapotranspiration Horaire,mm/h,1.11
2025-05-21 05:00:00,Évapotranspiration journalière,Évapotranspiration journalière,mm/j,7.97
2025-05-20 06:00:00,Vitesse du vent,Vitesse du vent,m/s,1.07
2025-05-20 06:00:00,Direction du vent,Direction du vent,Deg,332.4
2025-05-20 06:00:00,Température,Température,°C,22.0
2025-05-20 06:00:00,Humidité relative,Humidité relative,%,42.8
2025-05-20 06:00:00,Point de Rosée,Point de Rosée,°C,8.8
2025-05-20 06:00:00,Rayonnement solaire,Rayonnement solaire,W/m²,69.0
2025-05-20 06:00:00,Pression atmosphérique,Pression atmosphérique,mm/j,982.9
2025-05-20 06:00:00,Évapotranspiration Horaire,Évapotranspiration Horaire,mm/h,0.95
2025-05-20 06:00:00,Évapotranspiration journalière,Évapotranspiration journalière,mm/j,6.68
2025-05-20 05:00:00,Vitesse du vent,Vitesse du vent,m/s,0.65
2025-05-20 05:00:00,Direction du vent,Direction du vent,Deg,295.4
2025-05-20 05:00:00,Température,Température,°C,22.3
2025-05-20 05:00:00,Humidité relative,Humidité relative,%,40.4
2025-05-20 05:00:00,Point de Rosée,Point de Rosée,°C,8.2
2025-05-20 05:00:00,Rayonnement solaire,Rayonnement solaire,W/m²,2.0
2025-05-20 05:00:00,Pression atmosphérique,Pression atmosphérique,mm/j,982.9
2025-05-20 05:00:00,Évapotranspiration Horaire,Évapotranspiration Horaire,mm/h,0.95
2025-05-20 05:00:00,Évapotranspiration journalière,Évapotranspiration journalière,mm/j,6.68
2025-05-20 04:00:00,Vitesse du vent,Vitesse du vent,m/s,0.46
2025-05-20 04:00:00,Direction du vent,Direction du vent,Deg,359.0
2025-05-20 04:00:00,Température,Température,°C,21.9
2025-05-20 04:00:00,Humidité relative,Humidité relative,%,44.0
2025-05-20 04:00:00,Point de Rosée,Point de Rosée,°C,9.1
2025-05-20 04:00:00,Rayonnement solaire,Rayonnement solaire,W/m²,0.0
2025-05-20 04:00:00,Pression atmosphérique,Pression atmosphérique,mm/j,983.1
2025-05-20 04:00:00,Évapotranspiration Horaire,Évapotranspiration Horaire,mm/h,0.95
2025-05-20 04:00:00,Évapotranspiration journalière,Évapotranspiration journalière,mm/j,6.68
2025-05-20 03:00:00,Vitesse du vent,Vitesse du vent,m/s,0.94
2025-05-20 03:00:00,Direction du vent,Direction du vent,Deg,312.7
2025-05-20 03:00:00,Température,Température,°C,22.4
2025-05-20 03:00:00,Humidité relative,Humidité relative,%,42.9
2025-05-20 03:00:00,Point de Rosée,Point de Rosée,°C,9.1
2025-05-20 03:00:00,Rayonnement solaire,Rayonnement solaire,W/m²,0.0
2025-05-20 03:00:00,Pression atmosphérique,Pression atmosphérique,mm/j,982.9
2025-05-20 03:00:00,Évapotranspiration Horaire,Évapotranspiration Horaire,mm/h,2.42
2025-05-20 03:00:00,Évapotranspiration journalière,Évapotranspiration journalière,mm/j,6.68
2025-05-20 02:00:00,Vitesse du vent,Vitesse du vent,m/s,1.62
2025-05-20 02:00:00,Direction du vent,Direction du vent,Deg,307.6
2025-05-20 02:00:00,Température,Température,°C,22.9
2025-05-20 02:00:00,Humidité relative,Humidité relative,%,46.2
2025-05-20 02:00:00,Point de Rosée,Point de Rosée,°C,10.7
2025-05-20 02:00:00,Rayonnement solaire,Rayonnement solaire,W/m²,0.0
2025-05-20 02:00:00,Pression atmosphérique,Pression atmosphérique,mm/j,983.4
2025-05-20 02:00:00,Évapotranspiration Horaire,Évapotranspiration Horaire,mm/h,0.95
2025-05-20 02:00:00,Évapotranspiration journalière,Évapotranspiration journalière,mm/j,6.68
2025-05-20 01:00:00,Vitesse du vent,Vitesse du vent,m/s,1.23
2025-05-20 01:00:00,Direction du vent,Direction du vent,Deg,347.9
2025-05-20 01:00:00,Température,Température,°C,22.8
2025-05-20 01:00:00,Humidité relative,Humidité relative,%,44.9
2025-05-20 01:00:00,Point de Rosée,Point de Rosée,°C,10.2
2025-05-20 01:00:00,Rayonnement solaire,Rayonnement solaire,W/m²,0.0
2025-05-20 01:00:00,Pression atmosphérique,Pression atmosphérique,mm/j,983.7
2025-05-20 01:00:00,Évapotranspiration Horaire,Évapotranspiration Horaire,mm/h,1.13
2025-05-20 01:00:00,Évapotranspiration journalière,Évapotranspiration journalière,mm/j,6.68
2025-05-20 00:00:00,Vitesse du vent,Vitesse du vent,m/s,0.3
2025-05-20 00:00:00,Évapotranspiration journalière,Évapotranspiration journalière,mm/j,6.47
2025-05-20 00:00:00,Évapotranspiration Horaire,Évapotranspiration Horaire,mm/h,2.42
2025-05-20 00:00:00,Direction du vent,Direction du vent,Deg,98.6
2025-05-20 00:00:00,Température,Température,°C,25.4
2025-05-20 00:00:00,Humidité relative,Humidité relative,%,32.1
2025-05-20 00:00:00,Pression atmosphérique,Pression atmosphérique,mm/j,983.7
2025-05-20 00:00:00,Point de Rosée,Point de Rosée,°C,7.6
2025-05-20 00:00:00,Rayonnement solaire,Rayonnement solaire,W/m²,0.0
