Date,nom_ar,nom_fr,unite,valeur
2025-06-19 09:00:00,Pression atmosphérique,Pression atmosphérique,hPa,963.5
2025-06-19 09:00:00,Humidité relative,Humidité relative,%,44.3
2025-06-19 09:00:00,Rayonnement solaire,Rayonnement solaire,W/m²,607.0
2025-06-19 09:00:00,Direction du vent,Direction du vent,Deg,70.6
2025-06-19 09:00:00,Point de Rosée,Point de Rosée,°c,11.9
2025-06-19 09:00:00,Évapotranspiration Horaire,Évapotranspiration Horaire,mm/h,0.1
2025-06-19 09:00:00,Vitesse du vent,Vitesse du vent,m/s,0.91
2025-06-19 09:00:00,Température,Température,°c,24.9
2025-06-19 09:00:00,Évapotranspiration journalière,Évapotranspiration journalière,mm/j,7.33
2025-06-19 08:00:00,Température,Température,°c,22.9
2025-06-19 08:00:00,Humidité relative,Humidité relative,%,54.5
2025-06-19 08:00:00,Point de Rosée,Point de Rosée,°c,13.2
2025-06-19 08:00:00,Rayonnement solaire,Rayonnement solaire,W/m²,412.0
2025-06-19 08:00:00,Pression atmosphérique,Pression atmosphérique,hPa,963.6
2025-06-19 08:00:00,Direction du vent,Direction du vent,Deg,256.3
2025-06-19 08:00:00,Vitesse du vent,Vitesse du vent,m/s,0.68
2025-06-19 08:00:00,Évapotranspiration journalière,Évapotranspiration journalière,mm/j,7.33
2025-06-19 08:00:00,Évapotranspiration Horaire,Évapotranspiration Horaire,mm/h,0.1
2025-06-19 07:00:00,Vitesse du vent,Vitesse du vent,m/s,2.58
2025-06-19 07:00:00,Pression atmosphérique,Pression atmosphérique,hPa,963.7
2025-06-19 07:00:00,Humidité relative,Humidité relative,%,63.1
2025-06-19 07:00:00,Rayonnement solaire,Rayonnement solaire,W/m²,217.0
2025-06-19 07:00:00,Évapotranspiration journalière,Évapotranspiration journalière,mm/j,7.33
2025-06-19 07:00:00,Point de Rosée,Point de Rosée,°c,13.9
2025-06-19 07:00:00,Direction du vent,Direction du vent,Deg,331.5
2025-06-19 07:00:00,Évapotranspiration Horaire,Évapotranspiration Horaire,mm/h,0.09
2025-06-19 07:00:00,Température,Température,°c,21.2
2025-06-19 06:00:00,Pression atmosphérique,Pression atmosphérique,hPa,963.3
2025-06-19 06:00:00,Évapotranspiration Horaire,Évapotranspiration Horaire,mm/h,0.09
2025-06-19 06:00:00,Évapotranspiration journalière,Évapotranspiration journalière,mm/j,7.33
2025-06-19 06:00:00,Vitesse du vent,Vitesse du vent,m/s,1.0
2025-06-19 06:00:00,Direction du vent,Direction du vent,Deg,219.7
2025-06-19 06:00:00,Température,Température,°c,19.6
2025-06-19 06:00:00,Humidité relative,Humidité relative,%,65.4
2025-06-19 06:00:00,Point de Rosée,Point de Rosée,°c,13.0
2025-06-19 06:00:00,Rayonnement solaire,Rayonnement solaire,W/m²,68.0
2025-06-19 05:00:00,Température,Température,°c,19.1
2025-06-19 05:00:00,Humidité relative,Humidité relative,%,65.5
2025-06-19 05:00:00,Pression atmosphérique,Pression atmosphérique,hPa,963.1
2025-06-19 05:00:00,Point de Rosée,Point de Rosée,°c,12.5
2025-06-19 05:00:00,Rayonnement solaire,Rayonnement solaire,W/m²,0.0
2025-06-19 05:00:00,Évapotranspiration Horaire,Évapotranspiration Horaire,mm/h,0.09
2025-06-19 05:00:00,Évapotranspiration journalière,Évapotranspiration journalière,mm/j,7.33
2025-06-19 05:00:00,Vitesse du vent,Vitesse du vent,m/s,0.35
2025-06-19 05:00:00,Direction du vent,Direction du vent,Deg,153.6
2025-06-19 04:00:00,Vitesse du vent,Vitesse du vent,m/s,0.11
2025-06-19 04:00:00,Température,Température,°c,19.7
2025-06-19 04:00:00,Évapotranspiration Horaire,Évapotranspiration Horaire,mm/h,0.1
2025-06-19 04:00:00,Direction du vent,Direction du vent,Deg,97.2
2025-06-19 04:00:00,Évapotranspiration journalière,Évapotranspiration journalière,mm/j,7.33
2025-06-19 04:00:00,Humidité relative,Humidité relative,%,64.1
2025-06-19 04:00:00,Rayonnement solaire,Rayonnement solaire,W/m²,0.0
2025-06-19 04:00:00,Point de Rosée,Point de Rosée,°c,12.7
2025-06-19 04:00:00,Pression atmosphérique,Pression atmosphérique,hPa,962.8
2025-06-19 03:00:00,Température,Température,°c,20.0
2025-06-19 03:00:00,Humidité relative,Humidité relative,%,64.2
2025-06-19 03:00:00,Point de Rosée,Point de Rosée,°c,13.0
2025-06-19 03:00:00,Rayonnement solaire,Rayonnement solaire,W/m²,0.0
2025-06-19 03:00:00,Pression atmosphérique,Pression atmosphérique,hPa,962.8
2025-06-19 03:00:00,Évapotranspiration Horaire,Évapotranspiration Horaire,mm/h,0.1
2025-06-19 03:00:00,Évapotranspiration journalière,Évapotranspiration journalière,mm/j,7.33
2025-06-19 03:00:00,Vitesse du vent,Vitesse du vent,m/s,0.67
2025-06-19 03:00:00,Direction du vent,Direction du vent,Deg,288.4
2025-06-19 02:00:00,Pression atmosphérique,Pression atmosphérique,hPa,963.1
2025-06-19 02:00:00,Direction du vent,Direction du vent,Deg,291.6
2025-06-19 02:00:00,Rayonnement solaire,Rayonnement solaire,W/m²,0.0
2025-06-19 02:00:00,Température,Température,°c,20.7
2025-06-19 02:00:00,Point de Rosée,Point de Rosée,°c,13.1
2025-06-19 02:00:00,Évapotranspiration journalière,Évapotranspiration journalière,mm/j,7.33
2025-06-19 02:00:00,Évapotranspiration Horaire,Évapotranspiration Horaire,mm/h,0.13
2025-06-19 02:00:00,Vitesse du vent,Vitesse du vent,m/s,0.99
2025-06-19 02:00:00,Humidité relative,Humidité relative,%,61.7
2025-06-19 01:00:00,Direction du vent,Direction du vent,Deg,283.8
2025-06-19 01:00:00,Évapotranspiration Horaire,Évapotranspiration Horaire,mm/h,0.13
2025-06-19 01:00:00,Évapotranspiration journalière,Évapotranspiration journalière,mm/j,7.33
2025-06-19 01:00:00,Vitesse du vent,Vitesse du vent,m/s,0.62
2025-06-19 01:00:00,Température,Température,°c,21.4
2025-06-19 01:00:00,Humidité relative,Humidité relative,%,61.7
2025-06-19 01:00:00,Point de Rosée,Point de Rosée,°c,13.7
2025-06-19 01:00:00,Rayonnement solaire,Rayonnement solaire,W/m²,0.0
2025-06-19 01:00:00,Pression atmosphérique,Pression atmosphérique,hPa,963.6
2025-06-19 00:00:00,Évapotranspiration journalière,Évapotranspiration journalière,mm/j,7.55
2025-06-19 00:00:00,Évapotranspiration Horaire,Évapotranspiration Horaire,mm/h,0.13
2025-06-19 00:00:00,Point de Rosée,Point de Rosée,°c,14.0
2025-06-19 00:00:00,Direction du vent,Direction du vent,Deg,315.2
2025-06-19 00:00:00,Température,Température,°c,22.5
2025-06-19 00:00:00,Vitesse du vent,Vitesse du vent,m/s,0.93
2025-06-19 00:00:00,Rayonnement solaire,Rayonnement solaire,W/m²,0.0
2025-06-19 00:00:00,Pression atmosphérique,Pression atmosphérique,hPa,964.0
2025-06-19 00:00:00,Humidité relative,Humidité relative,%,58.5
2025-06-18 23:00:00,Humidité relative,Humidité relative,%,50.6
2025-06-18 23:00:00,Pression atmosphérique,Pression atmosphérique,hPa,964.1
2025-06-18 23:00:00,Rayonnement solaire,Rayonnement solaire,W/m²,0.0
2025-06-18 23:00:00,Point de Rosée,Point de Rosée,°c,12.9
2025-06-18 23:00:00,Température,Température,°c,23.7
2025-06-18 23:00:00,Direction du vent,Direction du vent,Deg,47.0
2025-06-18 23:00:00,Vitesse du vent,Vitesse du vent,m/s,1.44
2025-06-18 23:00:00,Évapotranspiration journalière,Évapotranspiration journalière,mm/j,7.55
2025-06-18 23:00:00,Évapotranspiration Horaire,Évapotranspiration Horaire,mm/h,0.13
2025-06-18 22:00:00,Direction du vent,Direction du vent,Deg,310.6
2025-06-18 22:00:00,Pression atmosphérique,Pression atmosphérique,hPa,964.2
2025-06-18 22:00:00,Évapotranspiration Horaire,Évapotranspiration Horaire,mm/h,0.13
2025-06-18 22:00:00,Rayonnement solaire,Rayonnement solaire,W/m²,0.0
2025-06-18 22:00:00,Température,Température,°c,24.4
2025-06-18 22:00:00,Évapotranspiration journalière,Évapotranspiration journalière,mm/j,7.55
2025-06-18 22:00:00,Point de Rosée,Point de Rosée,°c,13.3
2025-06-18 22:00:00,Vitesse du vent,Vitesse du vent,m/s,0.56
2025-06-18 22:00:00,Humidité relative,Humidité relative,%,49.9
2025-06-18 21:00:00,Évapotranspiration journalière,Évapotranspiration journalière,mm/j,7.55
2025-06-18 21:00:00,Pression atmosphérique,Pression atmosphérique,hPa,963.9
2025-06-18 21:00:00,Rayonnement solaire,Rayonnement solaire,W/m²,0.0
2025-06-18 21:00:00,Point de Rosée,Point de Rosée,°c,13.9
2025-06-18 21:00:00,Humidité relative,Humidité relative,%,48.9
2025-06-18 21:00:00,Température,Température,°c,25.4
2025-06-18 21:00:00,Direction du vent,Direction du vent,Deg,12.9
2025-06-18 21:00:00,Vitesse du vent,Vitesse du vent,m/s,3.6
2025-06-18 21:00:00,Évapotranspiration Horaire,Évapotranspiration Horaire,mm/h,0.13
2025-06-18 20:00:00,Évapotranspiration journalière,Évapotranspiration journalière,mm/j,7.55
2025-06-18 20:00:00,Pression atmosphérique,Pression atmosphérique,hPa,963.0
2025-06-18 20:00:00,Direction du vent,Direction du vent,Deg,68.1
2025-06-18 20:00:00,Rayonnement solaire,Rayonnement solaire,W/m²,0.0
2025-06-18 20:00:00,Évapotranspiration Horaire,Évapotranspiration Horaire,mm/h,0.22
2025-06-18 20:00:00,Point de Rosée,Point de Rosée,°c,16.8
2025-06-18 20:00:00,Vitesse du vent,Vitesse du vent,m/s,1.41
2025-06-18 20:00:00,Humidité relative,Humidité relative,%,56.1
2025-06-18 20:00:00,Température,Température,°c,26.2
2025-06-18 19:00:00,Direction du vent,Direction du vent,Deg,102.0
2025-06-18 19:00:00,Pression atmosphérique,Pression atmosphérique,hPa,962.2
2025-06-18 19:00:00,Rayonnement solaire,Rayonnement solaire,W/m²,55.0
2025-06-18 19:00:00,Point de Rosée,Point de Rosée,°c,16.8
2025-06-18 19:00:00,Humidité relative,Humidité relative,%,51.6
2025-06-18 19:00:00,Température,Température,°c,27.7
2025-06-18 19:00:00,Vitesse du vent,Vitesse du vent,m/s,4.85
2025-06-18 19:00:00,Évapotranspiration journalière,Évapotranspiration journalière,mm/j,7.55
2025-06-18 19:00:00,Évapotranspiration Horaire,Évapotranspiration Horaire,mm/h,0.27
2025-06-18 18:00:00,Évapotranspiration Horaire,Évapotranspiration Horaire,mm/h,0.27
2025-06-18 18:00:00,Pression atmosphérique,Pression atmosphérique,hPa,961.2
2025-06-18 18:00:00,Rayonnement solaire,Rayonnement solaire,W/m²,204.0
2025-06-18 18:00:00,Point de Rosée,Point de Rosée,°c,7.5
2025-06-18 18:00:00,Humidité relative,Humidité relative,%,21.9
2025-06-18 18:00:00,Température,Température,°c,31.9
2025-06-18 18:00:00,Direction du vent,Direction du vent,Deg,28.9
2025-06-18 18:00:00,Vitesse du vent,Vitesse du vent,m/s,2.8
2025-06-18 18:00:00,Évapotranspiration journalière,Évapotranspiration journalière,mm/j,7.55
2025-06-18 17:00:00,Vitesse du vent,Vitesse du vent,m/s,2.57
2025-06-18 17:00:00,Température,Température,°c,32.9
2025-06-18 17:00:00,Pression atmosphérique,Pression atmosphérique,hPa,961.0
2025-06-18 17:00:00,Évapotranspiration Horaire,Évapotranspiration Horaire,mm/h,0.31
2025-06-18 17:00:00,Rayonnement solaire,Rayonnement solaire,W/m²,408.0
2025-06-18 17:00:00,Direction du vent,Direction du vent,Deg,48.2
2025-06-18 17:00:00,Point de Rosée,Point de Rosée,°c,6.3
2025-06-18 17:00:00,Évapotranspiration journalière,Évapotranspiration journalière,mm/j,7.55
2025-06-18 17:00:00,Humidité relative,Humidité relative,%,19.1
2025-06-18 16:00:00,Évapotranspiration Horaire,Évapotranspiration Horaire,mm/h,0.23
2025-06-18 16:00:00,Pression atmosphérique,Pression atmosphérique,hPa,961.2
2025-06-18 16:00:00,Rayonnement solaire,Rayonnement solaire,W/m²,608.0
2025-06-18 16:00:00,Point de Rosée,Point de Rosée,°c,4.6
2025-06-18 16:00:00,Humidité relative,Humidité relative,%,16.4
2025-06-18 16:00:00,Température,Température,°c,33.5
2025-06-18 16:00:00,Direction du vent,Direction du vent,Deg,52.0
2025-06-18 16:00:00,Vitesse du vent,Vitesse du vent,m/s,2.39
2025-06-18 16:00:00,Évapotranspiration journalière,Évapotranspiration journalière,mm/j,7.55
2025-06-18 15:00:00,Vitesse du vent,Vitesse du vent,m/s,1.91
2025-06-18 15:00:00,Température,Température,°c,34.0
2025-06-18 15:00:00,Pression atmosphérique,Pression atmosphérique,hPa,961.4
2025-06-18 15:00:00,Évapotranspiration Horaire,Évapotranspiration Horaire,mm/h,0.23
2025-06-18 15:00:00,Rayonnement solaire,Rayonnement solaire,W/m²,787.0
2025-06-18 15:00:00,Direction du vent,Direction du vent,Deg,329.8
2025-06-18 15:00:00,Point de Rosée,Point de Rosée,°c,2.0
2025-06-18 15:00:00,Évapotranspiration journalière,Évapotranspiration journalière,mm/j,7.55
2025-06-18 15:00:00,Humidité relative,Humidité relative,%,13.3
2025-06-18 14:00:00,Pression atmosphérique,Pression atmosphérique,hPa,961.9
2025-06-18 14:00:00,Rayonnement solaire,Rayonnement solaire,W/m²,901.0
2025-06-18 14:00:00,Point de Rosée,Point de Rosée,°c,1.0
2025-06-18 14:00:00,Humidité relative,Humidité relative,%,12.8
2025-06-18 14:00:00,Température,Température,°c,33.3
2025-06-18 14:00:00,Direction du vent,Direction du vent,Deg,326.8
2025-06-18 14:00:00,Vitesse du vent,Vitesse du vent,m/s,1.73
2025-06-18 14:00:00,Évapotranspiration journalière,Évapotranspiration journalière,mm/j,7.55
2025-06-18 14:00:00,Évapotranspiration Horaire,Évapotranspiration Horaire,mm/h,0.23
2025-06-18 13:00:00,Évapotranspiration Horaire,Évapotranspiration Horaire,mm/h,0.23
2025-06-18 13:00:00,Température,Température,°c,32.6
2025-06-18 13:00:00,Humidité relative,Humidité relative,%,15.3
2025-06-18 13:00:00,Direction du vent,Direction du vent,Deg,264.2
2025-06-18 13:00:00,Point de Rosée,Point de Rosée,°c,2.9
2025-06-18 13:00:00,Vitesse du vent,Vitesse du vent,m/s,3.17
2025-06-18 13:00:00,Rayonnement solaire,Rayonnement solaire,W/m²,966.0
2025-06-18 13:00:00,Évapotranspiration journalière,Évapotranspiration journalière,mm/j,7.55
2025-06-18 13:00:00,Pression atmosphérique,Pression atmosphérique,hPa,962.2
2025-06-18 11:00:00,Évapotranspiration journalière,Évapotranspiration journalière,mm/j,7.55
2025-06-18 11:00:00,Pression atmosphérique,Pression atmosphérique,hPa,962.8
2025-06-18 11:00:00,Rayonnement solaire,Rayonnement solaire,W/m²,920.0
2025-06-18 11:00:00,Point de Rosée,Point de Rosée,°c,2.1
2025-06-18 11:00:00,Humidité relative,Humidité relative,%,16.0
2025-06-18 11:00:00,Température,Température,°c,30.8
2025-06-18 11:00:00,Direction du vent,Direction du vent,Deg,300.3
2025-06-18 11:00:00,Vitesse du vent,Vitesse du vent,m/s,0.82
2025-06-18 11:00:00,Évapotranspiration Horaire,Évapotranspiration Horaire,mm/h,0.23
2025-06-18 09:00:00,Point de Rosée,Point de Rosée,°c,9.0
2025-06-18 09:00:00,Pression atmosphérique,Pression atmosphérique,hPa,962.8
2025-06-18 09:00:00,Rayonnement solaire,Rayonnement solaire,W/m²,639.0
2025-06-18 09:00:00,Humidité relative,Humidité relative,%,31.4
2025-06-18 09:00:00,Température,Température,°c,27.4
2025-06-18 09:00:00,Direction du vent,Direction du vent,Deg,310.1
2025-06-18 09:00:00,Vitesse du vent,Vitesse du vent,m/s,1.76
2025-06-18 09:00:00,Évapotranspiration journalière,Évapotranspiration journalière,mm/j,7.55
2025-06-18 09:00:00,Évapotranspiration Horaire,Évapotranspiration Horaire,mm/h,0.21
2025-06-18 07:00:00,Pression atmosphérique,Pression atmosphérique,hPa,962.6
2025-06-18 07:00:00,Évapotranspiration Horaire,Évapotranspiration Horaire,mm/h,0.16
2025-06-18 07:00:00,Rayonnement solaire,Rayonnement solaire,W/m²,219.0
2025-06-18 07:00:00,Point de Rosée,Point de Rosée,°c,10.0
2025-06-18 07:00:00,Humidité relative,Humidité relative,%,39.1
2025-06-18 07:00:00,Température,Température,°c,24.8
2025-06-18 07:00:00,Direction du vent,Direction du vent,Deg,301.4
2025-06-18 07:00:00,Vitesse du vent,Vitesse du vent,m/s,2.45
2025-06-18 07:00:00,Évapotranspiration journalière,Évapotranspiration journalière,mm/j,7.55
2025-06-18 06:00:00,Vitesse du vent,Vitesse du vent,m/s,0.46
2025-06-18 06:00:00,Pression atmosphérique,Pression atmosphérique,hPa,962.5
2025-06-18 06:00:00,Rayonnement solaire,Rayonnement solaire,W/m²,69.0
2025-06-18 06:00:00,Point de Rosée,Point de Rosée,°c,9.2
2025-06-18 06:00:00,Humidité relative,Humidité relative,%,42.4
2025-06-18 06:00:00,Température,Température,°c,22.6
2025-06-18 06:00:00,Direction du vent,Direction du vent,Deg,338.2
2025-06-18 06:00:00,Évapotranspiration Horaire,Évapotranspiration Horaire,mm/h,0.08
2025-06-18 06:00:00,Évapotranspiration journalière,Évapotranspiration journalière,mm/j,7.55
2025-06-18 05:00:00,Température,Température,°c,21.0
2025-06-18 05:00:00,Pression atmosphérique,Pression atmosphérique,hPa,962.0
2025-06-18 05:00:00,Évapotranspiration Horaire,Évapotranspiration Horaire,mm/h,0.1
2025-06-18 05:00:00,Rayonnement solaire,Rayonnement solaire,W/m²,0.0
2025-06-18 05:00:00,Vitesse du vent,Vitesse du vent,m/s,0.99
2025-06-18 05:00:00,Point de Rosée,Point de Rosée,°c,8.7
2025-06-18 05:00:00,Direction du vent,Direction du vent,Deg,216.9
2025-06-18 05:00:00,Humidité relative,Humidité relative,%,45.2
2025-06-18 05:00:00,Évapotranspiration journalière,Évapotranspiration journalière,mm/j,7.55
2025-06-18 04:00:00,Point de Rosée,Point de Rosée,°c,9.6
2025-06-18 04:00:00,Pression atmosphérique,Pression atmosphérique,hPa,961.8
2025-06-18 04:00:00,Rayonnement solaire,Rayonnement solaire,W/m²,0.0
2025-06-18 04:00:00,Humidité relative,Humidité relative,%,48.1
2025-06-18 04:00:00,Température,Température,°c,21.0
2025-06-18 04:00:00,Direction du vent,Direction du vent,Deg,190.2
2025-06-18 04:00:00,Vitesse du vent,Vitesse du vent,m/s,1.42
2025-06-18 04:00:00,Évapotranspiration journalière,Évapotranspiration journalière,mm/j,7.55
2025-06-18 04:00:00,Évapotranspiration Horaire,Évapotranspiration Horaire,mm/h,0.1
2025-06-18 03:00:00,Évapotranspiration journalière,Évapotranspiration journalière,mm/j,7.55
2025-06-18 03:00:00,Direction du vent,Direction du vent,Deg,153.7
2025-06-18 03:00:00,Pression atmosphérique,Pression atmosphérique,hPa,962.2
2025-06-18 03:00:00,Point de Rosée,Point de Rosée,°c,11.8
2025-06-18 03:00:00,Humidité relative,Humidité relative,%,54.6
2025-06-18 03:00:00,Vitesse du vent,Vitesse du vent,m/s,0.49
2025-06-18 03:00:00,Évapotranspiration Horaire,Évapotranspiration Horaire,mm/h,0.1
2025-06-18 03:00:00,Température,Température,°c,21.3
2025-06-18 03:00:00,Rayonnement solaire,Rayonnement solaire,W/m²,0.0
2025-06-18 02:00:00,Température,Température,°c,22.0
2025-06-18 02:00:00,Direction du vent,Direction du vent,Deg,169.6
2025-06-18 02:00:00,Vitesse du vent,Vitesse du vent,m/s,0.54
2025-06-18 02:00:00,Évapotranspiration journalière,Évapotranspiration journalière,mm/j,7.55
2025-06-18 02:00:00,Évapotranspiration Horaire,Évapotranspiration Horaire,mm/h,0.12
2025-06-18 02:00:00,Pression atmosphérique,Pression atmosphérique,hPa,962.5
2025-06-18 02:00:00,Rayonnement solaire,Rayonnement solaire,W/m²,0.0
2025-06-18 02:00:00,Point de Rosée,Point de Rosée,°c,12.8
2025-06-18 02:00:00,Humidité relative,Humidité relative,%,56.0
2025-06-18 01:00:00,Vitesse du vent,Vitesse du vent,m/s,0.64
2025-06-18 01:00:00,Pression atmosphérique,Pression atmosphérique,hPa,963.0
2025-06-18 01:00:00,Rayonnement solaire,Rayonnement solaire,W/m²,0.0
2025-06-18 01:00:00,Point de Rosée,Point de Rosée,°c,12.7
2025-06-18 01:00:00,Humidité relative,Humidité relative,%,52.3
2025-06-18 01:00:00,Température,Température,°c,23.0
2025-06-18 01:00:00,Direction du vent,Direction du vent,Deg,208.2
2025-06-18 01:00:00,Évapotranspiration journalière,Évapotranspiration journalière,mm/j,7.55
2025-06-18 01:00:00,Évapotranspiration Horaire,Évapotranspiration Horaire,mm/h,0.13
2025-06-18 00:00:00,Rayonnement solaire,Rayonnement solaire,W/m²,0.0
2025-06-18 00:00:00,Direction du vent,Direction du vent,Deg,320.9
2025-06-18 00:00:00,Humidité relative,Humidité relative,%,48.1
2025-06-18 00:00:00,Vitesse du vent,Vitesse du vent,m/s,0.49
2025-06-18 00:00:00,Point de Rosée,Point de Rosée,°c,13.2
2025-06-18 00:00:00,Évapotranspiration journalière,Évapotranspiration journalière,mm/j,6.98
2025-06-18 00:00:00,Température,Température,°c,25.0
2025-06-18 00:00:00,Évapotranspiration Horaire,Évapotranspiration Horaire,mm/h,0.18
2025-06-18 00:00:00,Pression atmosphérique,Pression atmosphérique,hPa,963.3
2025-06-17 23:00:00,Évapotranspiration Horaire,Évapotranspiration Horaire,mm/h,0.18
2025-06-17 23:00:00,Pression atmosphérique,Pression atmosphérique,hPa,963.5
2025-06-17 23:00:00,Rayonnement solaire,Rayonnement solaire,W/m²,0.0
2025-06-17 23:00:00,Point de Rosée,Point de Rosée,°c,12.9
2025-06-17 23:00:00,Humidité relative,Humidité relative,%,44.3
2025-06-17 23:00:00,Température,Température,°c,26.0
2025-06-17 23:00:00,Direction du vent,Direction du vent,Deg,83.5
2025-06-17 23:00:00,Vitesse du vent,Vitesse du vent,m/s,0.98
2025-06-17 23:00:00,Évapotranspiration journalière,Évapotranspiration journalière,mm/j,6.98
2025-06-17 21:00:00,Température,Température,°c,28.2
2025-06-17 21:00:00,Pression atmosphérique,Pression atmosphérique,hPa,963.4
2025-06-17 21:00:00,Rayonnement solaire,Rayonnement solaire,W/m²,0.0
2025-06-17 21:00:00,Point de Rosée,Point de Rosée,°c,11.8
2025-06-17 21:00:00,Humidité relative,Humidité relative,%,36.1
2025-06-17 21:00:00,Direction du vent,Direction du vent,Deg,82.1
2025-06-17 21:00:00,Vitesse du vent,Vitesse du vent,m/s,1.78
2025-06-17 21:00:00,Évapotranspiration journalière,Évapotranspiration journalière,mm/j,6.98
2025-06-17 21:00:00,Évapotranspiration Horaire,Évapotranspiration Horaire,mm/h,0.29
2025-06-17 20:00:00,Pression atmosphérique,Pression atmosphérique,hPa,962.5
2025-06-17 20:00:00,Direction du vent,Direction du vent,Deg,126.6
2025-06-17 20:00:00,Rayonnement solaire,Rayonnement solaire,W/m²,0.0
2025-06-17 20:00:00,Vitesse du vent,Vitesse du vent,m/s,1.07
2025-06-17 20:00:00,Humidité relative,Humidité relative,%,32.6
2025-06-17 20:00:00,Évapotranspiration journalière,Évapotranspiration journalière,mm/j,6.98
2025-06-17 20:00:00,Point de Rosée,Point de Rosée,°c,11.5
2025-06-17 20:00:00,Évapotranspiration Horaire,Évapotranspiration Horaire,mm/h,0.35
2025-06-17 20:00:00,Température,Température,°c,29.7
2025-06-17 19:00:00,Évapotranspiration Horaire,Évapotranspiration Horaire,mm/h,0.35
2025-06-17 19:00:00,Rayonnement solaire,Rayonnement solaire,W/m²,41.0
2025-06-17 19:00:00,Point de Rosée,Point de Rosée,°c,10.5
2025-06-17 19:00:00,Humidité relative,Humidité relative,%,27.4
2025-06-17 19:00:00,Température,Température,°c,31.6
2025-06-17 19:00:00,Direction du vent,Direction du vent,Deg,89.2
2025-06-17 19:00:00,Vitesse du vent,Vitesse du vent,m/s,4.3
2025-06-17 19:00:00,Évapotranspiration journalière,Évapotranspiration journalière,mm/j,6.98
2025-06-17 19:00:00,Pression atmosphérique,Pression atmosphérique,hPa,961.8
2025-06-17 17:00:00,Température,Température,°c,35.3
2025-06-17 17:00:00,Pression atmosphérique,Pression atmosphérique,hPa,961.2
2025-06-17 17:00:00,Rayonnement solaire,Rayonnement solaire,W/m²,395.0
2025-06-17 17:00:00,Point de Rosée,Point de Rosée,°c,9.7
2025-06-17 17:00:00,Humidité relative,Humidité relative,%,21.1
2025-06-17 17:00:00,Direction du vent,Direction du vent,Deg,55.4
2025-06-17 17:00:00,Vitesse du vent,Vitesse du vent,m/s,6.86
2025-06-17 17:00:00,Évapotranspiration journalière,Évapotranspiration journalière,mm/j,6.98
2025-06-17 17:00:00,Évapotranspiration Horaire,Évapotranspiration Horaire,mm/h,0.35
2025-06-17 16:00:00,Rayonnement solaire,Rayonnement solaire,W/m²,603.0
2025-06-17 16:00:00,Direction du vent,Direction du vent,Deg,30.4
2025-06-17 16:00:00,Humidité relative,Humidité relative,%,12.1
2025-06-17 16:00:00,Évapotranspiration Horaire,Évapotranspiration Horaire,mm/h,0.44
2025-06-17 16:00:00,Point de Rosée,Point de Rosée,°c,3.6
2025-06-17 16:00:00,Température,Température,°c,37.7
2025-06-17 16:00:00,Vitesse du vent,Vitesse du vent,m/s,3.14
2025-06-17 16:00:00,Évapotranspiration journalière,Évapotranspiration journalière,mm/j,6.98
2025-06-17 16:00:00,Pression atmosphérique,Pression atmosphérique,hPa,961.2
2025-06-17 15:00:00,Vitesse du vent,Vitesse du vent,m/s,1.4
2025-06-17 15:00:00,Pression atmosphérique,Pression atmosphérique,hPa,961.7
2025-06-17 15:00:00,Rayonnement solaire,Rayonnement solaire,W/m²,817.0
2025-06-17 15:00:00,Point de Rosée,Point de Rosée,°c,3.8
2025-06-17 15:00:00,Humidité relative,Humidité relative,%,12.2
2025-06-17 15:00:00,Température,Température,°c,37.8
2025-06-17 15:00:00,Direction du vent,Direction du vent,Deg,334.5
2025-06-17 15:00:00,Évapotranspiration Horaire,Évapotranspiration Horaire,mm/h,0.4
2025-06-17 15:00:00,Évapotranspiration journalière,Évapotranspiration journalière,mm/j,6.98
2025-06-17 13:00:00,Humidité relative,Humidité relative,%,16.3
2025-06-17 13:00:00,Évapotranspiration Horaire,Évapotranspiration Horaire,mm/h,0.4
2025-06-17 13:00:00,Évapotranspiration journalière,Évapotranspiration journalière,mm/j,6.98
2025-06-17 13:00:00,Vitesse du vent,Vitesse du vent,m/s,2.39
2025-06-17 13:00:00,Direction du vent,Direction du vent,Deg,310.7
2025-06-17 13:00:00,Température,Température,°c,36.4
2025-06-17 13:00:00,Point de Rosée,Point de Rosée,°c,6.8
2025-06-17 13:00:00,Rayonnement solaire,Rayonnement solaire,W/m²,974.0
2025-06-17 13:00:00,Pression atmosphérique,Pression atmosphérique,hPa,962.1
2025-06-17 11:00:00,Évapotranspiration Horaire,Évapotranspiration Horaire,mm/h,0.35
2025-06-17 11:00:00,Température,Température,°c,35.0
2025-06-17 11:00:00,Direction du vent,Direction du vent,Deg,178.2
2025-06-17 11:00:00,Humidité relative,Humidité relative,%,20.0
2025-06-17 11:00:00,Vitesse du vent,Vitesse du vent,m/s,1.51
2025-06-17 11:00:00,Point de Rosée,Point de Rosée,°c,8.7
2025-06-17 11:00:00,Évapotranspiration journalière,Évapotranspiration journalière,mm/j,6.98
2025-06-17 11:00:00,Rayonnement solaire,Rayonnement solaire,W/m²,870.0
2025-06-17 11:00:00,Pression atmosphérique,Pression atmosphérique,hPa,963.0
2025-06-17 09:00:00,Humidité relative,Humidité relative,%,21.5
2025-06-17 09:00:00,Pression atmosphérique,Pression atmosphérique,hPa,963.2
2025-06-17 09:00:00,Rayonnement solaire,Rayonnement solaire,W/m²,585.0
2025-06-17 09:00:00,Point de Rosée,Point de Rosée,°c,8.5
2025-06-17 09:00:00,Température,Température,°c,33.5
2025-06-17 09:00:00,Direction du vent,Direction du vent,Deg,64.0
2025-06-17 09:00:00,Vitesse du vent,Vitesse du vent,m/s,0.58
2025-06-17 09:00:00,Évapotranspiration journalière,Évapotranspiration journalière,mm/j,6.98
2025-06-17 09:00:00,Évapotranspiration Horaire,Évapotranspiration Horaire,mm/h,0.28
2025-06-17 08:00:00,Direction du vent,Direction du vent,Deg,40.0
2025-06-17 08:00:00,Pression atmosphérique,Pression atmosphérique,hPa,963.1
2025-06-17 08:00:00,Évapotranspiration journalière,Évapotranspiration journalière,mm/j,6.98
2025-06-17 08:00:00,Rayonnement solaire,Rayonnement solaire,W/m²,389.0
2025-06-17 08:00:00,Température,Température,°c,32.3
2025-06-17 08:00:00,Vitesse du vent,Vitesse du vent,m/s,0.74
2025-06-17 08:00:00,Point de Rosée,Point de Rosée,°c,9.2
2025-06-17 08:00:00,Évapotranspiration Horaire,Évapotranspiration Horaire,mm/h,0.19
2025-06-17 08:00:00,Humidité relative,Humidité relative,%,24.1
2025-06-17 07:00:00,Point de Rosée,Point de Rosée,°c,10.0
2025-06-17 07:00:00,Pression atmosphérique,Pression atmosphérique,hPa,963.1
2025-06-17 07:00:00,Rayonnement solaire,Rayonnement solaire,W/m²,204.0
2025-06-17 07:00:00,Humidité relative,Humidité relative,%,34.5
2025-06-17 07:00:00,Température,Température,°c,26.9
2025-06-17 07:00:00,Direction du vent,Direction du vent,Deg,191.3
2025-06-17 07:00:00,Vitesse du vent,Vitesse du vent,m/s,0.8
2025-06-17 07:00:00,Évapotranspiration journalière,Évapotranspiration journalière,mm/j,6.98
2025-06-17 07:00:00,Évapotranspiration Horaire,Évapotranspiration Horaire,mm/h,0.13
2025-06-17 05:00:00,Humidité relative,Humidité relative,%,46.2
2025-06-17 05:00:00,Température,Température,°c,21.8
2025-06-17 05:00:00,Direction du vent,Direction du vent,Deg,191.2
2025-06-17 05:00:00,Vitesse du vent,Vitesse du vent,m/s,1.21
2025-06-17 05:00:00,Évapotranspiration journalière,Évapotranspiration journalière,mm/j,6.98
2025-06-17 05:00:00,Évapotranspiration Horaire,Évapotranspiration Horaire,mm/h,0.1
2025-06-17 05:00:00,Pression atmosphérique,Pression atmosphérique,hPa,962.8
2025-06-17 05:00:00,Rayonnement solaire,Rayonnement solaire,W/m²,0.0
2025-06-17 05:00:00,Point de Rosée,Point de Rosée,°c,9.7
2025-06-17 04:00:00,Point de Rosée,Point de Rosée,°c,9.5
2025-06-17 04:00:00,Pression atmosphérique,Pression atmosphérique,hPa,962.8
2025-06-17 04:00:00,Direction du vent,Direction du vent,Deg,175.6
2025-06-17 04:00:00,Température,Température,°c,22.4
2025-06-17 04:00:00,Vitesse du vent,Vitesse du vent,m/s,1.18
2025-06-17 04:00:00,Rayonnement solaire,Rayonnement solaire,W/m²,0.0
2025-06-17 04:00:00,Évapotranspiration journalière,Évapotranspiration journalière,mm/j,6.98
2025-06-17 04:00:00,Humidité relative,Humidité relative,%,43.8
2025-06-17 04:00:00,Évapotranspiration Horaire,Évapotranspiration Horaire,mm/h,0.1
2025-06-17 03:00:00,Évapotranspiration Horaire,Évapotranspiration Horaire,mm/h,0.1
2025-06-17 03:00:00,Pression atmosphérique,Pression atmosphérique,hPa,963.2
2025-06-17 03:00:00,Rayonnement solaire,Rayonnement solaire,W/m²,0.0
2025-06-17 03:00:00,Point de Rosée,Point de Rosée,°c,9.3
2025-06-17 03:00:00,Humidité relative,Humidité relative,%,41.2
2025-06-17 03:00:00,Température,Température,°c,23.2
2025-06-17 03:00:00,Direction du vent,Direction du vent,Deg,165.1
2025-06-17 03:00:00,Vitesse du vent,Vitesse du vent,m/s,0.37
2025-06-17 03:00:00,Évapotranspiration journalière,Évapotranspiration journalière,mm/j,6.98
2025-06-17 02:00:00,Température,Température,°c,24.1
2025-06-17 02:00:00,Pression atmosphérique,Pression atmosphérique,hPa,963.7
2025-06-17 02:00:00,Rayonnement solaire,Rayonnement solaire,W/m²,0.0
2025-06-17 02:00:00,Point de Rosée,Point de Rosée,°c,9.0
2025-06-17 02:00:00,Humidité relative,Humidité relative,%,38.4
2025-06-17 02:00:00,Direction du vent,Direction du vent,Deg,188.7
2025-06-17 02:00:00,Vitesse du vent,Vitesse du vent,m/s,0.91
2025-06-17 02:00:00,Évapotranspiration journalière,Évapotranspiration journalière,mm/j,6.98
2025-06-17 02:00:00,Évapotranspiration Horaire,Évapotranspiration Horaire,mm/h,0.12
2025-06-17 01:00:00,Humidité relative,Humidité relative,%,40.0
2025-06-17 01:00:00,Vitesse du vent,Vitesse du vent,m/s,0.69
2025-06-17 01:00:00,Direction du vent,Direction du vent,Deg,189.9
2025-06-17 01:00:00,Rayonnement solaire,Rayonnement solaire,W/m²,0.0
2025-06-17 01:00:00,Évapotranspiration journalière,Évapotranspiration journalière,mm/j,6.98
2025-06-17 01:00:00,Pression atmosphérique,Pression atmosphérique,hPa,963.8
2025-06-17 01:00:00,Point de Rosée,Point de Rosée,°c,9.4
2025-06-17 01:00:00,Évapotranspiration Horaire,Évapotranspiration Horaire,mm/h,0.17
2025-06-17 01:00:00,Température,Température,°c,23.8
2025-06-17 00:00:00,Point de Rosée,Point de Rosée,°c,9.4
2025-06-17 00:00:00,Direction du vent,Direction du vent,Deg,201.5
2025-06-17 00:00:00,Vitesse du vent,Vitesse du vent,m/s,1.1
2025-06-17 00:00:00,Pression atmosphérique,Pression atmosphérique,hPa,964.0
2025-06-17 00:00:00,Évapotranspiration journalière,Évapotranspiration journalière,mm/j,7.12
2025-06-17 00:00:00,Évapotranspiration Horaire,Évapotranspiration Horaire,mm/h,0.17
2025-06-17 00:00:00,Température,Température,°c,24.9
2025-06-17 00:00:00,Rayonnement solaire,Rayonnement solaire,W/m²,0.0
2025-06-17 00:00:00,Humidité relative,Humidité relative,%,37.5
2025-06-16 23:00:00,Température,Température,°c,27.5
2025-06-16 23:00:00,Rayonnement solaire,Rayonnement solaire,W/m²,0.0
2025-06-16 23:00:00,Point de Rosée,Point de Rosée,°c,9.0
2025-06-16 23:00:00,Humidité relative,Humidité relative,%,31.4
2025-06-16 23:00:00,Direction du vent,Direction du vent,Deg,108.9
2025-06-16 23:00:00,Vitesse du vent,Vitesse du vent,m/s,0.26
2025-06-16 23:00:00,Évapotranspiration journalière,Évapotranspiration journalière,mm/j,7.12
2025-06-16 23:00:00,Évapotranspiration Horaire,Évapotranspiration Horaire,mm/h,0.24
2025-06-16 23:00:00,Pression atmosphérique,Pression atmosphérique,hPa,964.3
2025-06-16 22:00:00,Pression atmosphérique,Pression atmosphérique,hPa,964.3
2025-06-16 22:00:00,Évapotranspiration journalière,Évapotranspiration journalière,mm/j,7.12
2025-06-16 22:00:00,Rayonnement solaire,Rayonnement solaire,W/m²,0.0
2025-06-16 22:00:00,Vitesse du vent,Vitesse du vent,m/s,0.11
2025-06-16 22:00:00,Point de Rosée,Point de Rosée,°c,7.6
2025-06-16 22:00:00,Température,Température,°c,29.3
2025-06-16 22:00:00,Humidité relative,Humidité relative,%,25.6
2025-06-16 22:00:00,Évapotranspiration Horaire,Évapotranspiration Horaire,mm/h,0.34
2025-06-16 22:00:00,Direction du vent,Direction du vent,Deg,4.8
2025-06-16 21:00:00,Température,Température,°c,30.7
2025-06-16 21:00:00,Pression atmosphérique,Pression atmosphérique,hPa,963.7
2025-06-16 21:00:00,Rayonnement solaire,Rayonnement solaire,W/m²,0.0
2025-06-16 21:00:00,Point de Rosée,Point de Rosée,°c,8.0
2025-06-16 21:00:00,Humidité relative,Humidité relative,%,24.4
2025-06-16 21:00:00,Direction du vent,Direction du vent,Deg,133.7
2025-06-16 21:00:00,Vitesse du vent,Vitesse du vent,m/s,0.76
2025-06-16 21:00:00,Évapotranspiration journalière,Évapotranspiration journalière,mm/j,7.12
2025-06-16 21:00:00,Évapotranspiration Horaire,Évapotranspiration Horaire,mm/h,0.34
2025-06-16 19:00:00,Pression atmosphérique,Pression atmosphérique,hPa,962.6
2025-06-16 19:00:00,Rayonnement solaire,Rayonnement solaire,W/m²,39.0
2025-06-16 19:00:00,Point de Rosée,Point de Rosée,°c,7.9
2025-06-16 19:00:00,Humidité relative,Humidité relative,%,20.2
2025-06-16 19:00:00,Température,Température,°c,33.8
2025-06-16 19:00:00,Direction du vent,Direction du vent,Deg,83.8
2025-06-16 19:00:00,Vitesse du vent,Vitesse du vent,m/s,4.03
2025-06-16 19:00:00,Évapotranspiration journalière,Évapotranspiration journalière,mm/j,7.12
2025-06-16 19:00:00,Évapotranspiration Horaire,Évapotranspiration Horaire,mm/h,0.34
2025-06-16 17:00:00,Pression atmosphérique,Pression atmosphérique,hPa,962.0
2025-06-16 17:00:00,Rayonnement solaire,Rayonnement solaire,W/m²,381.0
2025-06-16 17:00:00,Point de Rosée,Point de Rosée,°c,7.3
2025-06-16 17:00:00,Humidité relative,Humidité relative,%,17.0
2025-06-16 17:00:00,Température,Température,°c,36.2
2025-06-16 17:00:00,Direction du vent,Direction du vent,Deg,172.0
2025-06-16 17:00:00,Vitesse du vent,Vitesse du vent,m/s,2.15
2025-06-16 17:00:00,Évapotranspiration journalière,Évapotranspiration journalière,mm/j,7.12
2025-06-16 17:00:00,Évapotranspiration Horaire,Évapotranspiration Horaire,mm/h,0.39
2025-06-16 15:00:00,Pression atmosphérique,Pression atmosphérique,hPa,962.7
2025-06-16 15:00:00,Rayonnement solaire,Rayonnement solaire,W/m²,735.0
2025-06-16 15:00:00,Évapotranspiration Horaire,Évapotranspiration Horaire,mm/h,0.42
2025-06-16 15:00:00,Point de Rosée,Point de Rosée,°c,7.0
2025-06-16 15:00:00,Évapotranspiration journalière,Évapotranspiration journalière,mm/j,7.12
2025-06-16 15:00:00,Humidité relative,Humidité relative,%,16.7
2025-06-16 15:00:00,Vitesse du vent,Vitesse du vent,m/s,1.24
2025-06-16 15:00:00,Température,Température,°c,36.1
2025-06-16 15:00:00,Direction du vent,Direction du vent,Deg,21.7
2025-06-16 13:00:00,Humidité relative,Humidité relative,%,17.4
2025-06-16 13:00:00,Évapotranspiration Horaire,Évapotranspiration Horaire,mm/h,0.42
2025-06-16 13:00:00,Évapotranspiration journalière,Évapotranspiration journalière,mm/j,7.12
2025-06-16 13:00:00,Vitesse du vent,Vitesse du vent,m/s,0.8
2025-06-16 13:00:00,Direction du vent,Direction du vent,Deg,244.2
2025-06-16 13:00:00,Température,Température,°c,34.8
2025-06-16 13:00:00,Point de Rosée,Point de Rosée,°c,6.5
2025-06-16 13:00:00,Rayonnement solaire,Rayonnement solaire,W/m²,920.0
2025-06-16 13:00:00,Pression atmosphérique,Pression atmosphérique,hPa,963.5
2025-06-16 11:00:00,Rayonnement solaire,Rayonnement solaire,W/m²,891.0
2025-06-16 11:00:00,Direction du vent,Direction du vent,Deg,38.3
2025-06-16 11:00:00,Pression atmosphérique,Pression atmosphérique,hPa,964.2
2025-06-16 11:00:00,Température,Température,°c,34.3
2025-06-16 11:00:00,Humidité relative,Humidité relative,%,14.7
2025-06-16 11:00:00,Évapotranspiration Horaire,Évapotranspiration Horaire,mm/h,0.24
2025-06-16 11:00:00,Vitesse du vent,Vitesse du vent,m/s,1.49
2025-06-16 11:00:00,Point de Rosée,Point de Rosée,°c,3.7
2025-06-16 11:00:00,Évapotranspiration journalière,Évapotranspiration journalière,mm/j,7.12
2025-06-16 10:00:00,Point de Rosée,Point de Rosée,°c,2.4
2025-06-16 10:00:00,Pression atmosphérique,Pression atmosphérique,hPa,964.3
2025-06-16 10:00:00,Direction du vent,Direction du vent,Deg,38.4
2025-06-16 10:00:00,Température,Température,°c,34.4
2025-06-16 10:00:00,Vitesse du vent,Vitesse du vent,m/s,1.31
2025-06-16 10:00:00,Rayonnement solaire,Rayonnement solaire,W/m²,772.0
2025-06-16 10:00:00,Évapotranspiration journalière,Évapotranspiration journalière,mm/j,7.12
2025-06-16 10:00:00,Humidité relative,Humidité relative,%,13.4
2025-06-16 10:00:00,Évapotranspiration Horaire,Évapotranspiration Horaire,mm/h,0.24
2025-06-16 09:00:00,Rayonnement solaire,Rayonnement solaire,W/m²,590.0
2025-06-16 09:00:00,Pression atmosphérique,Pression atmosphérique,hPa,964.2
2025-06-16 09:00:00,Évapotranspiration Horaire,Évapotranspiration Horaire,mm/h,0.24
2025-06-16 09:00:00,Point de Rosée,Point de Rosée,°c,6.4
2025-06-16 09:00:00,Humidité relative,Humidité relative,%,19.2
2025-06-16 09:00:00,Température,Température,°c,32.9
2025-06-16 09:00:00,Direction du vent,Direction du vent,Deg,300.4
2025-06-16 09:00:00,Vitesse du vent,Vitesse du vent,m/s,0.17
2025-06-16 09:00:00,Évapotranspiration journalière,Évapotranspiration journalière,mm/j,7.12
2025-06-16 08:00:00,Direction du vent,Direction du vent,Deg,277.7
2025-06-16 08:00:00,Évapotranspiration Horaire,Évapotranspiration Horaire,mm/h,0.15
2025-06-16 08:00:00,Évapotranspiration journalière,Évapotranspiration journalière,mm/j,7.12
2025-06-16 08:00:00,Vitesse du vent,Vitesse du vent,m/s,0.82
2025-06-16 08:00:00,Pression atmosphérique,Pression atmosphérique,hPa,964.2
2025-06-16 08:00:00,Rayonnement solaire,Rayonnement solaire,W/m²,409.0
2025-06-16 08:00:00,Point de Rosée,Point de Rosée,°c,10.2
2025-06-16 08:00:00,Humidité relative,Humidité relative,%,30.0
2025-06-16 08:00:00,Température,Température,°c,29.6
2025-06-16 07:00:00,Point de Rosée,Point de Rosée,°c,11.4
2025-06-16 07:00:00,Rayonnement solaire,Rayonnement solaire,W/m²,215.0
2025-06-16 07:00:00,Pression atmosphérique,Pression atmosphérique,hPa,963.9
2025-06-16 07:00:00,Température,Température,°c,26.5
2025-06-16 07:00:00,Évapotranspiration Horaire,Évapotranspiration Horaire,mm/h,0.1
2025-06-16 07:00:00,Direction du vent,Direction du vent,Deg,233.0
2025-06-16 07:00:00,Vitesse du vent,Vitesse du vent,m/s,1.4
2025-06-16 07:00:00,Évapotranspiration journalière,Évapotranspiration journalière,mm/j,7.12
2025-06-16 07:00:00,Humidité relative,Humidité relative,%,39.1
2025-06-16 05:00:00,Direction du vent,Direction du vent,Deg,200.1
2025-06-16 05:00:00,Pression atmosphérique,Pression atmosphérique,hPa,963.6
2025-06-16 05:00:00,Évapotranspiration journalière,Évapotranspiration journalière,mm/j,7.12
2025-06-16 05:00:00,Rayonnement solaire,Rayonnement solaire,W/m²,0.0
2025-06-16 05:00:00,Vitesse du vent,Vitesse du vent,m/s,1.96
2025-06-16 05:00:00,Point de Rosée,Point de Rosée,°c,11.4
2025-06-16 05:00:00,Évapotranspiration Horaire,Évapotranspiration Horaire,mm/h,0.09
2025-06-16 05:00:00,Humidité relative,Humidité relative,%,54.9
2025-06-16 05:00:00,Température,Température,°c,20.8
2025-06-16 03:00:00,Humidité relative,Humidité relative,%,54.9
2025-06-16 03:00:00,Température,Température,°c,20.7
2025-06-16 03:00:00,Direction du vent,Direction du vent,Deg,188.8
2025-06-16 03:00:00,Vitesse du vent,Vitesse du vent,m/s,1.53
2025-06-16 03:00:00,Évapotranspiration journalière,Évapotranspiration journalière,mm/j,7.12
2025-06-16 03:00:00,Pression atmosphérique,Pression atmosphérique,hPa,963.8
2025-06-16 03:00:00,Évapotranspiration Horaire,Évapotranspiration Horaire,mm/h,0.09
2025-06-16 03:00:00,Rayonnement solaire,Rayonnement solaire,W/m²,0.0
2025-06-16 03:00:00,Point de Rosée,Point de Rosée,°c,11.3
2025-06-16 02:00:00,Humidité relative,Humidité relative,%,50.3
2025-06-16 02:00:00,Évapotranspiration Horaire,Évapotranspiration Horaire,mm/h,0.11
2025-06-16 02:00:00,Évapotranspiration journalière,Évapotranspiration journalière,mm/j,7.12
2025-06-16 02:00:00,Vitesse du vent,Vitesse du vent,m/s,1.05
2025-06-16 02:00:00,Direction du vent,Direction du vent,Deg,190.0
2025-06-16 02:00:00,Température,Température,°c,21.9
2025-06-16 02:00:00,Point de Rosée,Point de Rosée,°c,11.1
2025-06-16 02:00:00,Rayonnement solaire,Rayonnement solaire,W/m²,0.0
2025-06-16 02:00:00,Pression atmosphérique,Pression atmosphérique,hPa,964.0
2025-06-16 01:00:00,Pression atmosphérique,Pression atmosphérique,hPa,964.3
2025-06-16 01:00:00,Rayonnement solaire,Rayonnement solaire,W/m²,0.0
2025-06-16 01:00:00,Point de Rosée,Point de Rosée,°c,11.2
2025-06-16 01:00:00,Humidité relative,Humidité relative,%,49.9
2025-06-16 01:00:00,Température,Température,°c,22.2
2025-06-16 01:00:00,Évapotranspiration Horaire,Évapotranspiration Horaire,mm/h,0.16
2025-06-16 01:00:00,Vitesse du vent,Vitesse du vent,m/s,0.93
2025-06-16 01:00:00,Direction du vent,Direction du vent,Deg,201.7
2025-06-16 01:00:00,Évapotranspiration journalière,Évapotranspiration journalière,mm/j,7.12
2025-06-16 00:00:00,Température,Température,°c,24.5
2025-06-16 00:00:00,Humidité relative,Humidité relative,%,44.0
2025-06-16 00:00:00,Point de Rosée,Point de Rosée,°c,11.4
2025-06-16 00:00:00,Rayonnement solaire,Rayonnement solaire,W/m²,0.0
2025-06-16 00:00:00,Pression atmosphérique,Pression atmosphérique,hPa,964.5
2025-06-16 00:00:00,Direction du vent,Direction du vent,Deg,165.2
2025-06-16 00:00:00,Vitesse du vent,Vitesse du vent,m/s,0.75
2025-06-16 00:00:00,Évapotranspiration journalière,Évapotranspiration journalière,mm/j,7.09
2025-06-16 00:00:00,Évapotranspiration Horaire,Évapotranspiration Horaire,mm/h,0.16
2025-06-15 23:00:00,Température,Température,°c,26.0
2025-06-15 23:00:00,Évapotranspiration Horaire,Évapotranspiration Horaire,mm/h,0.16
2025-06-15 23:00:00,Direction du vent,Direction du vent,Deg,92.9
2025-06-15 23:00:00,Évapotranspiration journalière,Évapotranspiration journalière,mm/j,7.09
2025-06-15 23:00:00,Vitesse du vent,Vitesse du vent,m/s,0.38
2025-06-15 23:00:00,Pression atmosphérique,Pression atmosphérique,hPa,964.4
2025-06-15 23:00:00,Rayonnement solaire,Rayonnement solaire,W/m²,0.0
2025-06-15 23:00:00,Point de Rosée,Point de Rosée,°c,10.7
2025-06-15 23:00:00,Humidité relative,Humidité relative,%,38.2
2025-06-15 21:00:00,Rayonnement solaire,Rayonnement solaire,W/m²,0.0
2025-06-15 21:00:00,Évapotranspiration Horaire,Évapotranspiration Horaire,mm/h,0.21
2025-06-15 21:00:00,Évapotranspiration journalière,Évapotranspiration journalière,mm/j,7.09
2025-06-15 21:00:00,Vitesse du vent,Vitesse du vent,m/s,0.83
2025-06-15 21:00:00,Direction du vent,Direction du vent,Deg,93.9
2025-06-15 21:00:00,Température,Température,°c,28.7
2025-06-15 21:00:00,Humidité relative,Humidité relative,%,26.8
2025-06-15 21:00:00,Point de Rosée,Point de Rosée,°c,7.8
2025-06-15 21:00:00,Pression atmosphérique,Pression atmosphérique,hPa,963.9
2025-06-15 19:00:00,Évapotranspiration Horaire,Évapotranspiration Horaire,mm/h,0.31
2025-06-15 19:00:00,Évapotranspiration journalière,Évapotranspiration journalière,mm/j,7.09
2025-06-15 19:00:00,Vitesse du vent,Vitesse du vent,m/s,2.71
2025-06-15 19:00:00,Direction du vent,Direction du vent,Deg,87.9
2025-06-15 19:00:00,Température,Température,°c,31.7
2025-06-15 19:00:00,Humidité relative,Humidité relative,%,22.1
2025-06-15 19:00:00,Point de Rosée,Point de Rosée,°c,7.4
2025-06-15 19:00:00,Rayonnement solaire,Rayonnement solaire,W/m²,44.0
2025-06-15 19:00:00,Pression atmosphérique,Pression atmosphérique,hPa,963.1
2025-06-15 18:00:00,Température,Température,°c,33.0
2025-06-15 18:00:00,Vitesse du vent,Vitesse du vent,m/s,1.51
2025-06-15 18:00:00,Humidité relative,Humidité relative,%,19.0
2025-06-15 18:00:00,Évapotranspiration journalière,Évapotranspiration journalière,mm/j,7.09
2025-06-15 18:00:00,Point de Rosée,Point de Rosée,°c,6.3
2025-06-15 18:00:00,Direction du vent,Direction du vent,Deg,132.1
2025-06-15 18:00:00,Rayonnement solaire,Rayonnement solaire,W/m²,206.0
2025-06-15 18:00:00,Évapotranspiration Horaire,Évapotranspiration Horaire,mm/h,0.37
2025-06-15 18:00:00,Pression atmosphérique,Pression atmosphérique,hPa,962.9
2025-06-15 17:00:00,Humidité relative,Humidité relative,%,17.4
2025-06-15 17:00:00,Évapotranspiration journalière,Évapotranspiration journalière,mm/j,7.09
2025-06-15 17:00:00,Vitesse du vent,Vitesse du vent,m/s,4.91
2025-06-15 17:00:00,Direction du vent,Direction du vent,Deg,70.5
2025-06-15 17:00:00,Température,Température,°c,34.3
2025-06-15 17:00:00,Évapotranspiration Horaire,Évapotranspiration Horaire,mm/h,0.37
2025-06-15 17:00:00,Point de Rosée,Point de Rosée,°c,6.1
2025-06-15 17:00:00,Rayonnement solaire,Rayonnement solaire,W/m²,405.0
2025-06-15 17:00:00,Pression atmosphérique,Pression atmosphérique,hPa,962.5
2025-06-15 15:00:00,Évapotranspiration Horaire,Évapotranspiration Horaire,mm/h,0.37
2025-06-15 15:00:00,Évapotranspiration journalière,Évapotranspiration journalière,mm/j,7.09
2025-06-15 15:00:00,Vitesse du vent,Vitesse du vent,m/s,1.63
2025-06-15 15:00:00,Direction du vent,Direction du vent,Deg,42.3
2025-06-15 15:00:00,Température,Température,°c,34.5
2025-06-15 15:00:00,Humidité relative,Humidité relative,%,18.6
2025-06-15 15:00:00,Point de Rosée,Point de Rosée,°c,7.2
2025-06-15 15:00:00,Rayonnement solaire,Rayonnement solaire,W/m²,743.0
2025-06-15 15:00:00,Pression atmosphérique,Pression atmosphérique,hPa,963.2
2025-06-15 13:00:00,Pression atmosphérique,Pression atmosphérique,hPa,964.1
2025-06-15 13:00:00,Point de Rosée,Point de Rosée,°c,7.1
2025-06-15 13:00:00,Humidité relative,Humidité relative,%,20.0
2025-06-15 13:00:00,Température,Température,°c,33.1
2025-06-15 13:00:00,Direction du vent,Direction du vent,Deg,283.9
2025-06-15 13:00:00,Vitesse du vent,Vitesse du vent,m/s,0.6
2025-06-15 13:00:00,Évapotranspiration journalière,Évapotranspiration journalière,mm/j,7.09
2025-06-15 13:00:00,Évapotranspiration Horaire,Évapotranspiration Horaire,mm/h,0.35
2025-06-15 13:00:00,Rayonnement solaire,Rayonnement solaire,W/m²,947.0
2025-06-15 11:00:00,Point de Rosée,Point de Rosée,°c,8.9
2025-06-15 11:00:00,Évapotranspiration Horaire,Évapotranspiration Horaire,mm/h,0.27
2025-06-15 11:00:00,Évapotranspiration journalière,Évapotranspiration journalière,mm/j,7.09
2025-06-15 11:00:00,Vitesse du vent,Vitesse du vent,m/s,1.96
2025-06-15 11:00:00,Direction du vent,Direction du vent,Deg,125.0
2025-06-15 11:00:00,Température,Température,°c,31.7
2025-06-15 11:00:00,Humidité relative,Humidité relative,%,24.4
2025-06-15 11:00:00,Rayonnement solaire,Rayonnement solaire,W/m²,893.0
2025-06-15 11:00:00,Pression atmosphérique,Pression atmosphérique,hPa,964.8
2025-06-15 10:00:00,Évapotranspiration Horaire,Évapotranspiration Horaire,mm/h,0.25
2025-06-15 10:00:00,Point de Rosée,Point de Rosée,°c,8.3
2025-06-15 10:00:00,Direction du vent,Direction du vent,Deg,135.5
2025-06-15 10:00:00,Température,Température,°c,31.2
2025-06-15 10:00:00,Humidité relative,Humidité relative,%,24.2
2025-06-15 10:00:00,Vitesse du vent,Vitesse du vent,m/s,3.94
2025-06-15 10:00:00,Rayonnement solaire,Rayonnement solaire,W/m²,798.0
2025-06-15 10:00:00,Évapotranspiration journalière,Évapotranspiration journalière,mm/j,7.09
2025-06-15 10:00:00,Pression atmosphérique,Pression atmosphérique,hPa,964.9
2025-06-15 09:00:00,Température,Température,°c,31.1
2025-06-15 09:00:00,Pression atmosphérique,Pression atmosphérique,hPa,965.0
2025-06-15 09:00:00,Rayonnement solaire,Rayonnement solaire,W/m²,611.0
2025-06-15 09:00:00,Évapotranspiration Horaire,Évapotranspiration Horaire,mm/h,0.17
2025-06-15 09:00:00,Point de Rosée,Point de Rosée,°c,8.9
2025-06-15 09:00:00,Humidité relative,Humidité relative,%,25.2
2025-06-15 09:00:00,Évapotranspiration journalière,Évapotranspiration journalière,mm/j,7.09
2025-06-15 09:00:00,Vitesse du vent,Vitesse du vent,m/s,0.43
2025-06-15 09:00:00,Direction du vent,Direction du vent,Deg,296.3
2025-06-15 07:00:00,Pression atmosphérique,Pression atmosphérique,hPa,964.6
2025-06-15 07:00:00,Rayonnement solaire,Rayonnement solaire,W/m²,222.0
2025-06-15 07:00:00,Point de Rosée,Point de Rosée,°c,12.9
2025-06-15 07:00:00,Humidité relative,Humidité relative,%,46.5
2025-06-15 07:00:00,Température,Température,°c,25.2
2025-06-15 07:00:00,Direction du vent,Direction du vent,Deg,322.6
2025-06-15 07:00:00,Vitesse du vent,Vitesse du vent,m/s,0.95
2025-06-15 07:00:00,Évapotranspiration journalière,Évapotranspiration journalière,mm/j,7.09
2025-06-15 07:00:00,Évapotranspiration Horaire,Évapotranspiration Horaire,mm/h,0.09
2025-06-15 06:00:00,Pression atmosphérique,Pression atmosphérique,hPa,964.6
2025-06-15 06:00:00,Direction du vent,Direction du vent,Deg,193.3
2025-06-15 06:00:00,Rayonnement solaire,Rayonnement solaire,W/m²,70.0
2025-06-15 06:00:00,Température,Température,°c,20.5
2025-06-15 06:00:00,Point de Rosée,Point de Rosée,°c,11.6
2025-06-15 06:00:00,Vitesse du vent,Vitesse du vent,m/s,1.71
2025-06-15 06:00:00,Évapotranspiration journalière,Évapotranspiration journalière,mm/j,7.09
2025-06-15 06:00:00,Humidité relative,Humidité relative,%,56.7
2025-06-15 06:00:00,Évapotranspiration Horaire,Évapotranspiration Horaire,mm/h,0.25
2025-06-15 05:00:00,Évapotranspiration journalière,Évapotranspiration journalière,mm/j,7.09
2025-06-15 05:00:00,Évapotranspiration Horaire,Évapotranspiration Horaire,mm/h,0.25
2025-06-15 05:00:00,Vitesse du vent,Vitesse du vent,m/s,1.71
2025-06-15 05:00:00,Direction du vent,Direction du vent,Deg,191.5
2025-06-15 05:00:00,Température,Température,°c,19.0
2025-06-15 05:00:00,Humidité relative,Humidité relative,%,60.8
2025-06-15 05:00:00,Point de Rosée,Point de Rosée,°c,11.2
2025-06-15 05:00:00,Rayonnement solaire,Rayonnement solaire,W/m²,0.0
2025-06-15 05:00:00,Pression atmosphérique,Pression atmosphérique,hPa,964.5
2025-06-14 09:00:00,Humidité relative,Humidité relative,%,26.8
2025-06-14 09:00:00,Température,Température,°c,29.5
2025-06-14 09:00:00,Direction du vent,Direction du vent,Deg,7.8
2025-06-14 09:00:00,Vitesse du vent,Vitesse du vent,m/s,0.07
2025-06-14 09:00:00,Évapotranspiration journalière,Évapotranspiration journalière,mm/j,6.46
2025-06-14 09:00:00,Évapotranspiration Horaire,Évapotranspiration Horaire,mm/h,0.18
2025-06-14 09:00:00,Pression atmosphérique,Pression atmosphérique,hPa,965.0
2025-06-14 09:00:00,Rayonnement solaire,Rayonnement solaire,W/m²,621.0
2025-06-14 09:00:00,Point de Rosée,Point de Rosée,°c,8.4
2025-06-14 08:00:00,Point de Rosée,Point de Rosée,°c,10.2
2025-06-14 08:00:00,Pression atmosphérique,Pression atmosphérique,hPa,965.1
2025-06-14 08:00:00,Direction du vent,Direction du vent,Deg,240.1
2025-06-14 08:00:00,Température,Température,°c,27.5
2025-06-14 08:00:00,Vitesse du vent,Vitesse du vent,m/s,0.54
2025-06-14 08:00:00,Rayonnement solaire,Rayonnement solaire,W/m²,424.0
2025-06-14 08:00:00,Évapotranspiration journalière,Évapotranspiration journalière,mm/j,6.46
2025-06-14 08:00:00,Humidité relative,Humidité relative,%,34.0
2025-06-14 08:00:00,Évapotranspiration Horaire,Évapotranspiration Horaire,mm/h,0.09
2025-06-14 07:00:00,Évapotranspiration Horaire,Évapotranspiration Horaire,mm/h,0.09
2025-06-14 07:00:00,Pression atmosphérique,Pression atmosphérique,hPa,965.0
2025-06-14 07:00:00,Rayonnement solaire,Rayonnement solaire,W/m²,223.0
2025-06-14 07:00:00,Point de Rosée,Point de Rosée,°c,11.4
2025-06-14 07:00:00,Humidité relative,Humidité relative,%,43.8
2025-06-14 07:00:00,Température,Température,°c,24.5
2025-06-14 07:00:00,Direction du vent,Direction du vent,Deg,264.0
2025-06-14 07:00:00,Vitesse du vent,Vitesse du vent,m/s,0.74
2025-06-14 07:00:00,Évapotranspiration journalière,Évapotranspiration journalière,mm/j,6.46
2025-06-14 06:00:00,Température,Température,°c,19.2
2025-06-14 06:00:00,Pression atmosphérique,Pression atmosphérique,hPa,964.8
2025-06-14 06:00:00,Rayonnement solaire,Rayonnement solaire,W/m²,75.0
2025-06-14 06:00:00,Point de Rosée,Point de Rosée,°c,10.8
2025-06-14 06:00:00,Humidité relative,Humidité relative,%,58.2
2025-06-14 06:00:00,Direction du vent,Direction du vent,Deg,198.4
2025-06-14 06:00:00,Vitesse du vent,Vitesse du vent,m/s,1.95
2025-06-14 06:00:00,Évapotranspiration journalière,Évapotranspiration journalière,mm/j,6.46
2025-06-14 06:00:00,Évapotranspiration Horaire,Évapotranspiration Horaire,mm/h,0.08
2025-06-14 05:00:00,Température,Température,°c,17.6
2025-06-14 05:00:00,Évapotranspiration Horaire,Évapotranspiration Horaire,mm/h,0.08
2025-06-14 05:00:00,Pression atmosphérique,Pression atmosphérique,hPa,964.4
2025-06-14 05:00:00,Direction du vent,Direction du vent,Deg,205.8
2025-06-14 05:00:00,Rayonnement solaire,Rayonnement solaire,W/m²,1.0
2025-06-14 05:00:00,Évapotranspiration journalière,Évapotranspiration journalière,mm/j,6.46
2025-06-14 05:00:00,Point de Rosée,Point de Rosée,°c,10.2
2025-06-14 05:00:00,Vitesse du vent,Vitesse du vent,m/s,1.19
2025-06-14 05:00:00,Humidité relative,Humidité relative,%,62.1
2025-06-14 04:00:00,Évapotranspiration Horaire,Évapotranspiration Horaire,mm/h,0.08
2025-06-14 04:00:00,Pression atmosphérique,Pression atmosphérique,hPa,964.2
2025-06-14 04:00:00,Rayonnement solaire,Rayonnement solaire,W/m²,0.0
2025-06-14 04:00:00,Point de Rosée,Point de Rosée,°c,10.5
2025-06-14 04:00:00,Humidité relative,Humidité relative,%,59.9
2025-06-14 04:00:00,Température,Température,°c,18.4
2025-06-14 04:00:00,Direction du vent,Direction du vent,Deg,211.2
2025-06-14 04:00:00,Vitesse du vent,Vitesse du vent,m/s,1.17
2025-06-14 04:00:00,Évapotranspiration journalière,Évapotranspiration journalière,mm/j,6.46
2025-06-14 03:00:00,Rayonnement solaire,Rayonnement solaire,W/m²,0.0
2025-06-14 03:00:00,Température,Température,°c,18.5
2025-06-14 03:00:00,Pression atmosphérique,Pression atmosphérique,hPa,964.3
2025-06-14 03:00:00,Humidité relative,Humidité relative,%,58.8
2025-06-14 03:00:00,Évapotranspiration journalière,Évapotranspiration journalière,mm/j,6.46
2025-06-14 03:00:00,Direction du vent,Direction du vent,Deg,193.4
2025-06-14 03:00:00,Évapotranspiration Horaire,Évapotranspiration Horaire,mm/h,0.08
2025-06-14 03:00:00,Point de Rosée,Point de Rosée,°c,10.3
2025-06-14 03:00:00,Vitesse du vent,Vitesse du vent,m/s,1.75
2025-06-14 02:00:00,Température,Température,°c,19.3
2025-06-14 02:00:00,Direction du vent,Direction du vent,Deg,210.9
2025-06-14 02:00:00,Vitesse du vent,Vitesse du vent,m/s,0.96
2025-06-14 02:00:00,Évapotranspiration journalière,Évapotranspiration journalière,mm/j,6.46
2025-06-14 02:00:00,Évapotranspiration Horaire,Évapotranspiration Horaire,mm/h,0.1
2025-06-14 02:00:00,Pression atmosphérique,Pression atmosphérique,hPa,964.5
2025-06-14 02:00:00,Rayonnement solaire,Rayonnement solaire,W/m²,0.0
2025-06-14 02:00:00,Point de Rosée,Point de Rosée,°c,10.3
2025-06-14 02:00:00,Humidité relative,Humidité relative,%,56.0
2025-06-14 01:00:00,Pression atmosphérique,Pression atmosphérique,hPa,964.6
2025-06-14 01:00:00,Rayonnement solaire,Rayonnement solaire,W/m²,0.0
2025-06-14 01:00:00,Point de Rosée,Point de Rosée,°c,10.3
2025-06-14 01:00:00,Humidité relative,Humidité relative,%,53.6
2025-06-14 01:00:00,Température,Température,°c,20.0
2025-06-14 01:00:00,Direction du vent,Direction du vent,Deg,206.6
2025-06-14 01:00:00,Vitesse du vent,Vitesse du vent,m/s,0.73
2025-06-14 01:00:00,Évapotranspiration journalière,Évapotranspiration journalière,mm/j,6.46
2025-06-14 01:00:00,Évapotranspiration Horaire,Évapotranspiration Horaire,mm/h,0.12
2025-06-14 00:00:00,Rayonnement solaire,Rayonnement solaire,W/m²,0.0
2025-06-14 00:00:00,Humidité relative,Humidité relative,%,49.0
2025-06-14 00:00:00,Évapotranspiration Horaire,Évapotranspiration Horaire,mm/h,0.12
2025-06-14 00:00:00,Direction du vent,Direction du vent,Deg,200.7
2025-06-14 00:00:00,Point de Rosée,Point de Rosée,°c,10.5
2025-06-14 00:00:00,Température,Température,°c,21.7
2025-06-14 00:00:00,Évapotranspiration journalière,Évapotranspiration journalière,mm/j,6.44
2025-06-14 00:00:00,Vitesse du vent,Vitesse du vent,m/s,1.29
2025-06-14 00:00:00,Pression atmosphérique,Pression atmosphérique,hPa,965.0
2025-06-13 23:00:00,Vitesse du vent,Vitesse du vent,m/s,0.47
2025-06-13 23:00:00,Pression atmosphérique,Pression atmosphérique,hPa,965.2
2025-06-13 23:00:00,Rayonnement solaire,Rayonnement solaire,W/m²,0.0
2025-06-13 23:00:00,Point de Rosée,Point de Rosée,°c,11.0
2025-06-13 23:00:00,Humidité relative,Humidité relative,%,44.2
2025-06-13 23:00:00,Température,Température,°c,24.0
2025-06-13 23:00:00,Évapotranspiration Horaire,Évapotranspiration Horaire,mm/h,0.14
2025-06-13 23:00:00,Évapotranspiration journalière,Évapotranspiration journalière,mm/j,6.44
2025-06-13 23:00:00,Direction du vent,Direction du vent,Deg,204.9
2025-06-13 22:00:00,Point de Rosée,Point de Rosée,°c,10.5
2025-06-13 22:00:00,Évapotranspiration Horaire,Évapotranspiration Horaire,mm/h,0.14
2025-06-13 22:00:00,Évapotranspiration journalière,Évapotranspiration journalière,mm/j,6.44
2025-06-13 22:00:00,Vitesse du vent,Vitesse du vent,m/s,0.54
2025-06-13 22:00:00,Direction du vent,Direction du vent,Deg,59.8
2025-06-13 22:00:00,Température,Température,°c,25.5
2025-06-13 22:00:00,Humidité relative,Humidité relative,%,39.0
2025-06-13 22:00:00,Rayonnement solaire,Rayonnement solaire,W/m²,0.0
2025-06-13 22:00:00,Pression atmosphérique,Pression atmosphérique,hPa,965.1
2025-06-13 21:00:00,Humidité relative,Humidité relative,%,33.8
2025-06-13 21:00:00,Température,Température,°c,26.9
2025-06-13 21:00:00,Direction du vent,Direction du vent,Deg,79.6
2025-06-13 21:00:00,Vitesse du vent,Vitesse du vent,m/s,1.64
2025-06-13 21:00:00,Évapotranspiration journalière,Évapotranspiration journalière,mm/j,6.44
2025-06-13 21:00:00,Évapotranspiration Horaire,Évapotranspiration Horaire,mm/h,0.23
2025-06-13 21:00:00,Rayonnement solaire,Rayonnement solaire,W/m²,0.0
2025-06-13 21:00:00,Pression atmosphérique,Pression atmosphérique,hPa,964.6
2025-06-13 21:00:00,Point de Rosée,Point de Rosée,°c,9.6
2025-06-13 20:00:00,Point de Rosée,Point de Rosée,°c,9.6
2025-06-13 20:00:00,Pression atmosphérique,Pression atmosphérique,hPa,963.9
2025-06-13 20:00:00,Direction du vent,Direction du vent,Deg,98.8
2025-06-13 20:00:00,Température,Température,°c,28.5
2025-06-13 20:00:00,Vitesse du vent,Vitesse du vent,m/s,1.86
2025-06-13 20:00:00,Rayonnement solaire,Rayonnement solaire,W/m²,0.0
2025-06-13 20:00:00,Évapotranspiration journalière,Évapotranspiration journalière,mm/j,6.44
2025-06-13 20:00:00,Humidité relative,Humidité relative,%,30.8
2025-06-13 20:00:00,Évapotranspiration Horaire,Évapotranspiration Horaire,mm/h,0.27
2025-06-13 19:00:00,Rayonnement solaire,Rayonnement solaire,W/m²,43.0
2025-06-13 19:00:00,Pression atmosphérique,Pression atmosphérique,hPa,963.4
2025-06-13 19:00:00,Évapotranspiration Horaire,Évapotranspiration Horaire,mm/h,0.27
2025-06-13 19:00:00,Point de Rosée,Point de Rosée,°c,10.7
2025-06-13 19:00:00,Humidité relative,Humidité relative,%,30.1
2025-06-13 19:00:00,Température,Température,°c,30.1
2025-06-13 19:00:00,Direction du vent,Direction du vent,Deg,124.9
2025-06-13 19:00:00,Vitesse du vent,Vitesse du vent,m/s,2.36
2025-06-13 19:00:00,Évapotranspiration journalière,Évapotranspiration journalière,mm/j,6.44
2025-06-13 18:00:00,Direction du vent,Direction du vent,Deg,105.7
2025-06-13 18:00:00,Pression atmosphérique,Pression atmosphérique,hPa,962.9
2025-06-13 18:00:00,Rayonnement solaire,Rayonnement solaire,W/m²,199.0
2025-06-13 18:00:00,Point de Rosée,Point de Rosée,°c,10.1
2025-06-13 18:00:00,Humidité relative,Humidité relative,%,26.5
2025-06-13 18:00:00,Température,Température,°c,31.7
2025-06-13 18:00:00,Vitesse du vent,Vitesse du vent,m/s,3.78
2025-06-13 18:00:00,Évapotranspiration journalière,Évapotranspiration journalière,mm/j,6.44
2025-06-13 18:00:00,Évapotranspiration Horaire,Évapotranspiration Horaire,mm/h,0.3
2025-06-13 17:00:00,Température,Température,°c,32.2
2025-06-13 17:00:00,Évapotranspiration journalière,Évapotranspiration journalière,mm/j,6.44
2025-06-13 17:00:00,Pression atmosphérique,Pression atmosphérique,hPa,962.9
2025-06-13 17:00:00,Rayonnement solaire,Rayonnement solaire,W/m²,400.0
2025-06-13 17:00:00,Point de Rosée,Point de Rosée,°c,8.7
2025-06-13 17:00:00,Humidité relative,Humidité relative,%,23.4
2025-06-13 17:00:00,Évapotranspiration Horaire,Évapotranspiration Horaire,mm/h,0.32
2025-06-13 17:00:00,Direction du vent,Direction du vent,Deg,128.6
2025-06-13 17:00:00,Vitesse du vent,Vitesse du vent,m/s,1.77
2025-06-13 16:00:00,Température,Température,°c,32.3
2025-06-13 16:00:00,Pression atmosphérique,Pression atmosphérique,hPa,963.0
2025-06-13 16:00:00,Humidité relative,Humidité relative,%,22.2
2025-06-13 16:00:00,Direction du vent,Direction du vent,Deg,92.6
2025-06-13 16:00:00,Rayonnement solaire,Rayonnement solaire,W/m²,602.0
2025-06-13 16:00:00,Évapotranspiration Horaire,Évapotranspiration Horaire,mm/h,0.35
2025-06-13 16:00:00,Évapotranspiration journalière,Évapotranspiration journalière,mm/j,6.44
2025-06-13 16:00:00,Vitesse du vent,Vitesse du vent,m/s,0.96
2025-06-13 16:00:00,Point de Rosée,Point de Rosée,°c,8.0
2025-06-13 15:00:00,Rayonnement solaire,Rayonnement solaire,W/m²,726.0
2025-06-13 15:00:00,Évapotranspiration Horaire,Évapotranspiration Horaire,mm/h,0.36
2025-06-13 15:00:00,Évapotranspiration journalière,Évapotranspiration journalière,mm/j,6.44
2025-06-13 15:00:00,Pression atmosphérique,Pression atmosphérique,hPa,963.3
2025-06-13 15:00:00,Vitesse du vent,Vitesse du vent,m/s,1.44
2025-06-13 15:00:00,Point de Rosée,Point de Rosée,°c,8.4
2025-06-13 15:00:00,Humidité relative,Humidité relative,%,23.2
2025-06-13 15:00:00,Température,Température,°c,32.0
2025-06-13 15:00:00,Direction du vent,Direction du vent,Deg,98.2
2025-06-13 13:00:00,Humidité relative,Humidité relative,%,24.3
2025-06-13 13:00:00,Pression atmosphérique,Pression atmosphérique,hPa,963.7
2025-06-13 13:00:00,Rayonnement solaire,Rayonnement solaire,W/m²,950.0
2025-06-13 13:00:00,Point de Rosée,Point de Rosée,°c,8.0
2025-06-13 13:00:00,Température,Température,°c,30.7
2025-06-13 13:00:00,Direction du vent,Direction du vent,Deg,91.9
2025-06-13 13:00:00,Vitesse du vent,Vitesse du vent,m/s,2.03
2025-06-13 13:00:00,Évapotranspiration journalière,Évapotranspiration journalière,mm/j,6.44
2025-06-13 13:00:00,Évapotranspiration Horaire,Évapotranspiration Horaire,mm/h,0.33
2025-06-13 12:00:00,Point de Rosée,Point de Rosée,°c,9.5
2025-06-13 12:00:00,Direction du vent,Direction du vent,Deg,133.1
2025-06-13 12:00:00,Rayonnement solaire,Rayonnement solaire,W/m²,968.0
2025-06-13 12:00:00,Vitesse du vent,Vitesse du vent,m/s,2.73
2025-06-13 12:00:00,Pression atmosphérique,Pression atmosphérique,hPa,964.1
2025-06-13 12:00:00,Humidité relative,Humidité relative,%,28.2
2025-06-13 12:00:00,Évapotranspiration journalière,Évapotranspiration journalière,mm/j,6.44
2025-06-13 12:00:00,Température,Température,°c,29.9
2025-06-13 12:00:00,Évapotranspiration Horaire,Évapotranspiration Horaire,mm/h,0.25
2025-06-13 11:00:00,Vitesse du vent,Vitesse du vent,m/s,3.3
2025-06-13 11:00:00,Pression atmosphérique,Pression atmosphérique,hPa,964.4
2025-06-13 11:00:00,Rayonnement solaire,Rayonnement solaire,W/m²,915.0
2025-06-13 11:00:00,Point de Rosée,Point de Rosée,°c,11.1
2025-06-13 11:00:00,Humidité relative,Humidité relative,%,33.1
2025-06-13 11:00:00,Température,Température,°c,29.0
2025-06-13 11:00:00,Direction du vent,Direction du vent,Deg,101.4
2025-06-13 11:00:00,Évapotranspiration Horaire,Évapotranspiration Horaire,mm/h,0.25
2025-06-13 11:00:00,Évapotranspiration journalière,Évapotranspiration journalière,mm/j,6.44
2025-06-13 09:00:00,Pression atmosphérique,Pression atmosphérique,hPa,964.2
2025-06-13 09:00:00,Rayonnement solaire,Rayonnement solaire,W/m²,622.0
2025-06-13 09:00:00,Point de Rosée,Point de Rosée,°c,10.1
2025-06-13 09:00:00,Humidité relative,Humidité relative,%,31.8
2025-06-13 09:00:00,Température,Température,°c,28.5
2025-06-13 09:00:00,Direction du vent,Direction du vent,Deg,75.2
2025-06-13 09:00:00,Vitesse du vent,Vitesse du vent,m/s,1.33
2025-06-13 09:00:00,Évapotranspiration journalière,Évapotranspiration journalière,mm/j,6.44
2025-06-13 09:00:00,Évapotranspiration Horaire,Évapotranspiration Horaire,mm/h,0.22
2025-06-13 07:00:00,Température,Température,°c,22.0
2025-06-13 07:00:00,Pression atmosphérique,Pression atmosphérique,hPa,963.5
2025-06-13 07:00:00,Rayonnement solaire,Rayonnement solaire,W/m²,225.0
2025-06-13 07:00:00,Point de Rosée,Point de Rosée,°c,15.1
2025-06-13 07:00:00,Humidité relative,Humidité relative,%,64.9
2025-06-13 07:00:00,Direction du vent,Direction du vent,Deg,307.3
2025-06-13 07:00:00,Vitesse du vent,Vitesse du vent,m/s,0.83
2025-06-13 07:00:00,Évapotranspiration journalière,Évapotranspiration journalière,mm/j,6.44
2025-06-13 07:00:00,Évapotranspiration Horaire,Évapotranspiration Horaire,mm/h,0.15
2025-06-13 06:00:00,Rayonnement solaire,Rayonnement solaire,W/m²,74.0
2025-06-13 06:00:00,Direction du vent,Direction du vent,Deg,198.5
2025-06-13 06:00:00,Humidité relative,Humidité relative,%,77.0
2025-06-13 06:00:00,Vitesse du vent,Vitesse du vent,m/s,0.56
2025-06-13 06:00:00,Pression atmosphérique,Pression atmosphérique,hPa,963.1
2025-06-13 06:00:00,Évapotranspiration journalière,Évapotranspiration journalière,mm/j,6.44
2025-06-13 06:00:00,Point de Rosée,Point de Rosée,°c,14.0
2025-06-13 06:00:00,Évapotranspiration Horaire,Évapotranspiration Horaire,mm/h,0.08
2025-06-13 06:00:00,Température,Température,°c,18.1
2025-06-13 05:00:00,Vitesse du vent,Vitesse du vent,m/s,1.78
2025-06-13 05:00:00,Pression atmosphérique,Pression atmosphérique,hPa,962.5
2025-06-13 05:00:00,Rayonnement solaire,Rayonnement solaire,W/m²,1.0
2025-06-13 05:00:00,Point de Rosée,Point de Rosée,°c,14.2
2025-06-13 05:00:00,Humidité relative,Humidité relative,%,83.9
2025-06-13 05:00:00,Température,Température,°c,17.0
2025-06-13 05:00:00,Direction du vent,Direction du vent,Deg,215.2
2025-06-13 05:00:00,Évapotranspiration journalière,Évapotranspiration journalière,mm/j,6.44
2025-06-13 05:00:00,Évapotranspiration Horaire,Évapotranspiration Horaire,mm/h,0.08
2025-06-13 03:00:00,Pression atmosphérique,Pression atmosphérique,hPa,962.3
2025-06-13 03:00:00,Rayonnement solaire,Rayonnement solaire,W/m²,0.0
2025-06-13 03:00:00,Point de Rosée,Point de Rosée,°c,14.7
2025-06-13 03:00:00,Humidité relative,Humidité relative,%,80.6
2025-06-13 03:00:00,Évapotranspiration Horaire,Évapotranspiration Horaire,mm/h,0.09
2025-06-13 03:00:00,Température,Température,°c,18.1
2025-06-13 03:00:00,Direction du vent,Direction du vent,Deg,214.2
2025-06-13 03:00:00,Vitesse du vent,Vitesse du vent,m/s,0.75
2025-06-13 03:00:00,Évapotranspiration journalière,Évapotranspiration journalière,mm/j,6.44
2025-06-13 02:00:00,Pression atmosphérique,Pression atmosphérique,hPa,962.5
2025-06-13 02:00:00,Rayonnement solaire,Rayonnement solaire,W/m²,0.0
2025-06-13 02:00:00,Point de Rosée,Point de Rosée,°c,14.7
2025-06-13 02:00:00,Humidité relative,Humidité relative,%,77.7
2025-06-13 02:00:00,Température,Température,°c,18.7
2025-06-13 02:00:00,Direction du vent,Direction du vent,Deg,194.7
2025-06-13 02:00:00,Vitesse du vent,Vitesse du vent,m/s,0.82
2025-06-13 02:00:00,Évapotranspiration journalière,Évapotranspiration journalière,mm/j,6.44
2025-06-13 02:00:00,Évapotranspiration Horaire,Évapotranspiration Horaire,mm/h,0.11
2025-06-13 01:00:00,Direction du vent,Direction du vent,Deg,198.4
2025-06-13 01:00:00,Vitesse du vent,Vitesse du vent,m/s,1.13
2025-06-13 01:00:00,Humidité relative,Humidité relative,%,72.8
2025-06-13 01:00:00,Rayonnement solaire,Rayonnement solaire,W/m²,0.0
2025-06-13 01:00:00,Pression atmosphérique,Pression atmosphérique,hPa,962.7
2025-06-13 01:00:00,Point de Rosée,Point de Rosée,°c,15.0
2025-06-13 01:00:00,Évapotranspiration Horaire,Évapotranspiration Horaire,mm/h,0.12
2025-06-13 01:00:00,Évapotranspiration journalière,Évapotranspiration journalière,mm/j,6.44
2025-06-13 01:00:00,Température,Température,°c,20.0
2025-06-13 00:00:00,Température,Température,°c,22.0
2025-06-13 00:00:00,Direction du vent,Direction du vent,Deg,164.2
2025-06-13 00:00:00,Vitesse du vent,Vitesse du vent,m/s,1.2
2025-06-13 00:00:00,Évapotranspiration journalière,Évapotranspiration journalière,mm/j,6.96
2025-06-13 00:00:00,Évapotranspiration Horaire,Évapotranspiration Horaire,mm/h,0.14
2025-06-13 00:00:00,Pression atmosphérique,Pression atmosphérique,hPa,963.0
2025-06-13 00:00:00,Rayonnement solaire,Rayonnement solaire,W/m²,0.0
2025-06-13 00:00:00,Point de Rosée,Point de Rosée,°c,16.1
2025-06-13 00:00:00,Humidité relative,Humidité relative,%,69.4
2025-06-12 23:00:00,Température,Température,°c,22.7
2025-06-12 23:00:00,Pression atmosphérique,Pression atmosphérique,hPa,963.1
2025-06-12 23:00:00,Rayonnement solaire,Rayonnement solaire,W/m²,0.0
2025-06-12 23:00:00,Point de Rosée,Point de Rosée,°c,15.9
2025-06-12 23:00:00,Humidité relative,Humidité relative,%,65.6
2025-06-12 23:00:00,Direction du vent,Direction du vent,Deg,117.6
2025-06-12 23:00:00,Vitesse du vent,Vitesse du vent,m/s,1.01
2025-06-12 23:00:00,Évapotranspiration journalière,Évapotranspiration journalière,mm/j,6.96
2025-06-12 23:00:00,Évapotranspiration Horaire,Évapotranspiration Horaire,mm/h,0.16
2025-06-12 22:00:00,Pression atmosphérique,Pression atmosphérique,hPa,963.1
2025-06-12 22:00:00,Évapotranspiration Horaire,Évapotranspiration Horaire,mm/h,0.19
2025-06-12 22:00:00,Rayonnement solaire,Rayonnement solaire,W/m²,0.0
2025-06-12 22:00:00,Évapotranspiration journalière,Évapotranspiration journalière,mm/j,6.96
2025-06-12 22:00:00,Point de Rosée,Point de Rosée,°c,15.5
2025-06-12 22:00:00,Vitesse du vent,Vitesse du vent,m/s,0.15
2025-06-12 22:00:00,Humidité relative,Humidité relative,%,60.5
2025-06-12 22:00:00,Direction du vent,Direction du vent,Deg,25.0
2025-06-12 22:00:00,Température,Température,°c,23.6
2025-06-12 21:00:00,Température,Température,°c,25.1
2025-06-12 21:00:00,Pression atmosphérique,Pression atmosphérique,hPa,962.3
2025-06-12 21:00:00,Rayonnement solaire,Rayonnement solaire,W/m²,0.0
2025-06-12 21:00:00,Point de Rosée,Point de Rosée,°c,14.4
2025-06-12 21:00:00,Humidité relative,Humidité relative,%,51.6
2025-06-12 21:00:00,Direction du vent,Direction du vent,Deg,74.1
2025-06-12 21:00:00,Vitesse du vent,Vitesse du vent,m/s,1.02
2025-06-12 21:00:00,Évapotranspiration journalière,Évapotranspiration journalière,mm/j,6.96
2025-06-12 21:00:00,Évapotranspiration Horaire,Évapotranspiration Horaire,mm/h,0.27
2025-06-12 20:00:00,Rayonnement solaire,Rayonnement solaire,W/m²,0.0
2025-06-12 20:00:00,Direction du vent,Direction du vent,Deg,83.2
2025-06-12 20:00:00,Humidité relative,Humidité relative,%,42.0
2025-06-12 20:00:00,Vitesse du vent,Vitesse du vent,m/s,1.34
2025-06-12 20:00:00,Pression atmosphérique,Pression atmosphérique,hPa,961.6
2025-06-12 20:00:00,Évapotranspiration journalière,Évapotranspiration journalière,mm/j,6.96
2025-06-12 20:00:00,Point de Rosée,Point de Rosée,°c,13.0
2025-06-12 20:00:00,Évapotranspiration Horaire,Évapotranspiration Horaire,mm/h,0.27
2025-06-12 20:00:00,Température,Température,°c,27.0
2025-06-12 19:00:00,Vitesse du vent,Vitesse du vent,m/s,3.81
2025-06-12 19:00:00,Pression atmosphérique,Pression atmosphérique,hPa,960.8
2025-06-12 19:00:00,Rayonnement solaire,Rayonnement solaire,W/m²,41.0
2025-06-12 19:00:00,Point de Rosée,Point de Rosée,°c,9.9
2025-06-12 19:00:00,Humidité relative,Humidité relative,%,29.0
2025-06-12 19:00:00,Température,Température,°c,29.8
2025-06-12 19:00:00,Direction du vent,Direction du vent,Deg,108.9
2025-06-12 19:00:00,Évapotranspiration journalière,Évapotranspiration journalière,mm/j,6.96
2025-06-12 19:00:00,Évapotranspiration Horaire,Évapotranspiration Horaire,mm/h,0.3
2025-06-12 17:00:00,Pression atmosphérique,Pression atmosphérique,hPa,960.0
2025-06-12 17:00:00,Rayonnement solaire,Rayonnement solaire,W/m²,392.0
2025-06-12 17:00:00,Évapotranspiration Horaire,Évapotranspiration Horaire,mm/h,0.36
2025-06-12 17:00:00,Point de Rosée,Point de Rosée,°c,10.6
2025-06-12 17:00:00,Évapotranspiration journalière,Évapotranspiration journalière,mm/j,6.96
2025-06-12 17:00:00,Humidité relative,Humidité relative,%,27.5
2025-06-12 17:00:00,Vitesse du vent,Vitesse du vent,m/s,2.23
2025-06-12 17:00:00,Température,Température,°c,31.6
2025-06-12 17:00:00,Direction du vent,Direction du vent,Deg,73.6
2025-06-12 15:00:00,Évapotranspiration Horaire,Évapotranspiration Horaire,mm/h,0.4
2025-06-12 15:00:00,Évapotranspiration journalière,Évapotranspiration journalière,mm/j,6.96
2025-06-12 15:00:00,Vitesse du vent,Vitesse du vent,m/s,2.49
2025-06-12 15:00:00,Direction du vent,Direction du vent,Deg,51.7
2025-06-12 15:00:00,Température,Température,°c,31.3
2025-06-12 15:00:00,Humidité relative,Humidité relative,%,24.8
2025-06-12 15:00:00,Point de Rosée,Point de Rosée,°c,8.8
2025-06-12 15:00:00,Rayonnement solaire,Rayonnement solaire,W/m²,725.0
2025-06-12 15:00:00,Pression atmosphérique,Pression atmosphérique,hPa,960.3
2025-06-12 14:00:00,Évapotranspiration Horaire,Évapotranspiration Horaire,mm/h,0.34
2025-06-12 14:00:00,Rayonnement solaire,Rayonnement solaire,W/m²,887.0
2025-06-12 14:00:00,Point de Rosée,Point de Rosée,°c,8.0
2025-06-12 14:00:00,Pression atmosphérique,Pression atmosphérique,hPa,960.4
2025-06-12 14:00:00,Humidité relative,Humidité relative,%,24.4
2025-06-12 14:00:00,Température,Température,°c,30.7
2025-06-12 14:00:00,Direction du vent,Direction du vent,Deg,116.7
2025-06-12 14:00:00,Vitesse du vent,Vitesse du vent,m/s,2.44
2025-06-12 14:00:00,Évapotranspiration journalière,Évapotranspiration journalière,mm/j,6.96
2025-06-12 13:00:00,Vitesse du vent,Vitesse du vent,m/s,1.98
2025-06-12 13:00:00,Rayonnement solaire,Rayonnement solaire,W/m²,958.0
2025-06-12 13:00:00,Température,Température,°c,29.8
2025-06-12 13:00:00,Évapotranspiration Horaire,Évapotranspiration Horaire,mm/h,0.32
2025-06-12 13:00:00,Direction du vent,Direction du vent,Deg,96.4
2025-06-12 13:00:00,Point de Rosée,Point de Rosée,°c,10.8
2025-06-12 13:00:00,Pression atmosphérique,Pression atmosphérique,hPa,960.7
2025-06-12 13:00:00,Évapotranspiration journalière,Évapotranspiration journalière,mm/j,6.96
2025-06-12 13:00:00,Humidité relative,Humidité relative,%,30.9
2025-06-12 12:00:00,Évapotranspiration Horaire,Évapotranspiration Horaire,mm/h,0.25
2025-06-12 12:00:00,Pression atmosphérique,Pression atmosphérique,hPa,961.1
2025-06-12 12:00:00,Rayonnement solaire,Rayonnement solaire,W/m²,977.0
2025-06-12 12:00:00,Point de Rosée,Point de Rosée,°c,11.7
2025-06-12 12:00:00,Humidité relative,Humidité relative,%,34.5
2025-06-12 12:00:00,Température,Température,°c,28.9
2025-06-12 12:00:00,Direction du vent,Direction du vent,Deg,100.4
2025-06-12 12:00:00,Vitesse du vent,Vitesse du vent,m/s,2.18
2025-06-12 12:00:00,Évapotranspiration journalière,Évapotranspiration journalière,mm/j,6.96
2025-06-12 11:00:00,Vitesse du vent,Vitesse du vent,m/s,2.12
2025-06-12 11:00:00,Température,Température,°c,28.0
2025-06-12 11:00:00,Pression atmosphérique,Pression atmosphérique,hPa,961.3
2025-06-12 11:00:00,Évapotranspiration Horaire,Évapotranspiration Horaire,mm/h,0.25
2025-06-12 11:00:00,Rayonnement solaire,Rayonnement solaire,W/m²,923.0
2025-06-12 11:00:00,Direction du vent,Direction du vent,Deg,86.8
2025-06-12 11:00:00,Point de Rosée,Point de Rosée,°c,14.3
2025-06-12 11:00:00,Évapotranspiration journalière,Évapotranspiration journalière,mm/j,6.96
2025-06-12 11:00:00,Humidité relative,Humidité relative,%,43.2
2025-06-12 09:00:00,Humidité relative,Humidité relative,%,57.2
2025-06-12 09:00:00,Pression atmosphérique,Pression atmosphérique,hPa,961.0
2025-06-12 09:00:00,Rayonnement solaire,Rayonnement solaire,W/m²,634.0
2025-06-12 09:00:00,Point de Rosée,Point de Rosée,°c,15.7
2025-06-12 09:00:00,Température,Température,°c,24.7
2025-06-12 09:00:00,Direction du vent,Direction du vent,Deg,86.6
2025-06-12 09:00:00,Vitesse du vent,Vitesse du vent,m/s,1.81
2025-06-12 09:00:00,Évapotranspiration journalière,Évapotranspiration journalière,mm/j,6.96
2025-06-12 09:00:00,Évapotranspiration Horaire,Évapotranspiration Horaire,mm/h,0.18
2025-06-12 08:00:00,Évapotranspiration Horaire,Évapotranspiration Horaire,mm/h,0.14
2025-06-12 08:00:00,Pression atmosphérique,Pression atmosphérique,hPa,961.0
2025-06-12 08:00:00,Rayonnement solaire,Rayonnement solaire,W/m²,429.0
2025-06-12 08:00:00,Point de Rosée,Point de Rosée,°c,16.0
2025-06-12 08:00:00,Humidité relative,Humidité relative,%,65.0
2025-06-12 08:00:00,Température,Température,°c,22.9
2025-06-12 08:00:00,Direction du vent,Direction du vent,Deg,130.9
2025-06-12 08:00:00,Vitesse du vent,Vitesse du vent,m/s,2.07
2025-06-12 08:00:00,Évapotranspiration journalière,Évapotranspiration journalière,mm/j,6.96
2025-06-12 07:00:00,Vitesse du vent,Vitesse du vent,m/s,0.76
2025-06-12 07:00:00,Température,Température,°c,22.2
2025-06-12 07:00:00,Pression atmosphérique,Pression atmosphérique,hPa,960.6
2025-06-12 07:00:00,Évapotranspiration Horaire,Évapotranspiration Horaire,mm/h,0.09
2025-06-12 07:00:00,Rayonnement solaire,Rayonnement solaire,W/m²,226.0
2025-06-12 07:00:00,Direction du vent,Direction du vent,Deg,92.6
2025-06-12 07:00:00,Point de Rosée,Point de Rosée,°c,15.2
2025-06-12 07:00:00,Évapotranspiration journalière,Évapotranspiration journalière,mm/j,6.96
2025-06-12 07:00:00,Humidité relative,Humidité relative,%,64.7
2025-06-12 05:00:00,Évapotranspiration journalière,Évapotranspiration journalière,mm/j,6.96
2025-06-12 05:00:00,Pression atmosphérique,Pression atmosphérique,hPa,959.9
2025-06-12 05:00:00,Rayonnement solaire,Rayonnement solaire,W/m²,0.0
2025-06-12 05:00:00,Point de Rosée,Point de Rosée,°c,13.4
2025-06-12 05:00:00,Humidité relative,Humidité relative,%,74.6
2025-06-12 05:00:00,Température,Température,°c,18.0
2025-06-12 05:00:00,Direction du vent,Direction du vent,Deg,222.2
2025-06-12 05:00:00,Vitesse du vent,Vitesse du vent,m/s,0.5
2025-06-12 05:00:00,Évapotranspiration Horaire,Évapotranspiration Horaire,mm/h,0.08
2025-06-12 04:00:00,Humidité relative,Humidité relative,%,75.0
2025-06-12 04:00:00,Pression atmosphérique,Pression atmosphérique,hPa,960.2
2025-06-12 04:00:00,Évapotranspiration journalière,Évapotranspiration journalière,mm/j,6.96
2025-06-12 04:00:00,Rayonnement solaire,Rayonnement solaire,W/m²,0.0
2025-06-12 04:00:00,Température,Température,°c,18.2
2025-06-12 04:00:00,Vitesse du vent,Vitesse du vent,m/s,1.04
2025-06-12 04:00:00,Point de Rosée,Point de Rosée,°c,13.7
2025-06-12 04:00:00,Direction du vent,Direction du vent,Deg,165.6
2025-06-12 04:00:00,Évapotranspiration Horaire,Évapotranspiration Horaire,mm/h,0.08
2025-06-12 03:00:00,Rayonnement solaire,Rayonnement solaire,W/m²,0.0
2025-06-12 03:00:00,Pression atmosphérique,Pression atmosphérique,hPa,960.5
2025-06-12 03:00:00,Point de Rosée,Point de Rosée,°c,13.8
2025-06-12 03:00:00,Humidité relative,Humidité relative,%,74.0
2025-06-12 03:00:00,Température,Température,°c,18.5
2025-06-12 03:00:00,Direction du vent,Direction du vent,Deg,180.1
2025-06-12 03:00:00,Vitesse du vent,Vitesse du vent,m/s,0.49
2025-06-12 03:00:00,Évapotranspiration journalière,Évapotranspiration journalière,mm/j,6.96
2025-06-12 03:00:00,Évapotranspiration Horaire,Évapotranspiration Horaire,mm/h,0.09
2025-06-12 02:00:00,Pression atmosphérique,Pression atmosphérique,hPa,961.2
2025-06-12 02:00:00,Rayonnement solaire,Rayonnement solaire,W/m²,0.0
2025-06-12 02:00:00,Point de Rosée,Point de Rosée,°c,13.7
2025-06-12 02:00:00,Humidité relative,Humidité relative,%,73.2
2025-06-12 02:00:00,Température,Température,°c,18.6
2025-06-12 02:00:00,Direction du vent,Direction du vent,Deg,181.8
2025-06-12 02:00:00,Vitesse du vent,Vitesse du vent,m/s,0.54
2025-06-12 02:00:00,Évapotranspiration journalière,Évapotranspiration journalière,mm/j,6.96
2025-06-12 02:00:00,Évapotranspiration Horaire,Évapotranspiration Horaire,mm/h,0.1
2025-06-12 01:00:00,Humidité relative,Humidité relative,%,70.5
2025-06-12 01:00:00,Température,Température,°c,19.4
2025-06-12 01:00:00,Direction du vent,Direction du vent,Deg,153.5
2025-06-12 01:00:00,Vitesse du vent,Vitesse du vent,m/s,0.49
2025-06-12 01:00:00,Évapotranspiration journalière,Évapotranspiration journalière,mm/j,6.96
2025-06-12 01:00:00,Évapotranspiration Horaire,Évapotranspiration Horaire,mm/h,0.1
2025-06-12 01:00:00,Pression atmosphérique,Pression atmosphérique,hPa,961.4
2025-06-12 01:00:00,Rayonnement solaire,Rayonnement solaire,W/m²,0.0
2025-06-12 01:00:00,Point de Rosée,Point de Rosée,°c,13.9
2025-06-12 00:00:00,Rayonnement solaire,Rayonnement solaire,W/m²,0.0
2025-06-12 00:00:00,Humidité relative,Humidité relative,%,67.2
2025-06-12 00:00:00,Température,Température,°c,21.2
2025-06-12 00:00:00,Pression atmosphérique,Pression atmosphérique,hPa,961.8
2025-06-12 00:00:00,Direction du vent,Direction du vent,Deg,329.8
2025-06-12 00:00:00,Point de Rosée,Point de Rosée,°c,14.9
2025-06-12 00:00:00,Vitesse du vent,Vitesse du vent,m/s,0.53
2025-06-12 00:00:00,Évapotranspiration Horaire,Évapotranspiration Horaire,mm/h,0.12
2025-06-12 00:00:00,Évapotranspiration journalière,Évapotranspiration journalière,mm/j,7.02
2025-06-11 23:00:00,Température,Température,°c,21.8
2025-06-11 23:00:00,Pression atmosphérique,Pression atmosphérique,hPa,962.1
2025-06-11 23:00:00,Rayonnement solaire,Rayonnement solaire,W/m²,0.0
2025-06-11 23:00:00,Point de Rosée,Point de Rosée,°c,14.7
2025-06-11 23:00:00,Humidité relative,Humidité relative,%,64.1
2025-06-11 23:00:00,Direction du vent,Direction du vent,Deg,41.8
2025-06-11 23:00:00,Vitesse du vent,Vitesse du vent,m/s,0.79
2025-06-11 23:00:00,Évapotranspiration journalière,Évapotranspiration journalière,mm/j,7.02
2025-06-11 23:00:00,Évapotranspiration Horaire,Évapotranspiration Horaire,mm/h,0.14
2025-06-11 22:00:00,Rayonnement solaire,Rayonnement solaire,W/m²,0.0
2025-06-11 22:00:00,Direction du vent,Direction du vent,Deg,83.6
2025-06-11 22:00:00,Humidité relative,Humidité relative,%,62.1
2025-06-11 22:00:00,Vitesse du vent,Vitesse du vent,m/s,2.34
2025-06-11 22:00:00,Pression atmosphérique,Pression atmosphérique,hPa,961.7
2025-06-11 22:00:00,Évapotranspiration journalière,Évapotranspiration journalière,mm/j,7.02
2025-06-11 22:00:00,Point de Rosée,Point de Rosée,°c,15.1
2025-06-11 22:00:00,Évapotranspiration Horaire,Évapotranspiration Horaire,mm/h,0.17
2025-06-11 22:00:00,Température,Température,°c,22.8
2025-06-11 21:00:00,Vitesse du vent,Vitesse du vent,m/s,2.43
2025-06-11 21:00:00,Pression atmosphérique,Pression atmosphérique,hPa,961.2
2025-06-11 21:00:00,Rayonnement solaire,Rayonnement solaire,W/m²,0.0
2025-06-11 21:00:00,Point de Rosée,Point de Rosée,°c,15.0
2025-06-11 21:00:00,Humidité relative,Humidité relative,%,58.1
2025-06-11 21:00:00,Température,Température,°c,23.8
2025-06-11 21:00:00,Direction du vent,Direction du vent,Deg,118.9
2025-06-11 21:00:00,Évapotranspiration journalière,Évapotranspiration journalière,mm/j,7.02
2025-06-11 21:00:00,Évapotranspiration Horaire,Évapotranspiration Horaire,mm/h,0.19
2025-06-11 19:00:00,Pression atmosphérique,Pression atmosphérique,hPa,959.9
2025-06-11 19:00:00,Rayonnement solaire,Rayonnement solaire,W/m²,39.0
2025-06-11 19:00:00,Point de Rosée,Point de Rosée,°c,14.0
2025-06-11 19:00:00,Humidité relative,Humidité relative,%,44.8
2025-06-11 19:00:00,Température,Température,°c,27.0
2025-06-11 19:00:00,Direction du vent,Direction du vent,Deg,65.8
2025-06-11 19:00:00,Vitesse du vent,Vitesse du vent,m/s,2.84
2025-06-11 19:00:00,Évapotranspiration journalière,Évapotranspiration journalière,mm/j,7.02
2025-06-11 19:00:00,Évapotranspiration Horaire,Évapotranspiration Horaire,mm/h,0.38
2025-06-11 17:00:00,Température,Température,°c,31.6
2025-06-11 17:00:00,Pression atmosphérique,Pression atmosphérique,hPa,958.8
2025-06-11 17:00:00,Rayonnement solaire,Rayonnement solaire,W/m²,381.0
2025-06-11 17:00:00,Point de Rosée,Point de Rosée,°c,8.5
2025-06-11 17:00:00,Humidité relative,Humidité relative,%,23.9
2025-06-11 17:00:00,Direction du vent,Direction du vent,Deg,66.9
2025-06-11 17:00:00,Vitesse du vent,Vitesse du vent,m/s,2.78
2025-06-11 17:00:00,Évapotranspiration journalière,Évapotranspiration journalière,mm/j,7.02
2025-06-11 17:00:00,Évapotranspiration Horaire,Évapotranspiration Horaire,mm/h,0.38
2025-06-11 16:00:00,Humidité relative,Humidité relative,%,17.0
2025-06-11 16:00:00,Direction du vent,Direction du vent,Deg,110.2
2025-06-11 16:00:00,Rayonnement solaire,Rayonnement solaire,W/m²,582.0
2025-06-11 16:00:00,Vitesse du vent,Vitesse du vent,m/s,2.59
2025-06-11 16:00:00,Point de Rosée,Point de Rosée,°c,4.5
2025-06-11 16:00:00,Évapotranspiration journalière,Évapotranspiration journalière,mm/j,7.02
2025-06-11 16:00:00,Pression atmosphérique,Pression atmosphérique,hPa,959.0
2025-06-11 16:00:00,Évapotranspiration Horaire,Évapotranspiration Horaire,mm/h,0.38
2025-06-11 16:00:00,Température,Température,°c,32.8
2025-06-11 15:00:00,Évapotranspiration Horaire,Évapotranspiration Horaire,mm/h,0.38
2025-06-11 15:00:00,Point de Rosée,Point de Rosée,°c,5.8
2025-06-11 15:00:00,Humidité relative,Humidité relative,%,18.6
2025-06-11 15:00:00,Pression atmosphérique,Pression atmosphérique,hPa,959.3
2025-06-11 15:00:00,Température,Température,°c,32.7
2025-06-11 15:00:00,Direction du vent,Direction du vent,Deg,84.1
2025-06-11 15:00:00,Vitesse du vent,Vitesse du vent,m/s,3.18
2025-06-11 15:00:00,Évapotranspiration journalière,Évapotranspiration journalière,mm/j,7.02
2025-06-11 15:00:00,Rayonnement solaire,Rayonnement solaire,W/m²,704.0
2025-06-11 14:00:00,Pression atmosphérique,Pression atmosphérique,hPa,959.6
2025-06-11 14:00:00,Rayonnement solaire,Rayonnement solaire,W/m²,881.0
2025-06-11 14:00:00,Point de Rosée,Point de Rosée,°c,6.0
2025-06-11 14:00:00,Humidité relative,Humidité relative,%,19.2
2025-06-11 14:00:00,Température,Température,°c,32.4
2025-06-11 14:00:00,Direction du vent,Direction du vent,Deg,97.9
2025-06-11 14:00:00,Vitesse du vent,Vitesse du vent,m/s,2.27
2025-06-11 14:00:00,Évapotranspiration journalière,Évapotranspiration journalière,mm/j,7.02
2025-06-11 14:00:00,Évapotranspiration Horaire,Évapotranspiration Horaire,mm/h,0.35
2025-06-11 13:00:00,Température,Température,°c,31.3
2025-06-11 13:00:00,Pression atmosphérique,Pression atmosphérique,hPa,960.2
2025-06-11 13:00:00,Évapotranspiration Horaire,Évapotranspiration Horaire,mm/h,0.35
2025-06-11 13:00:00,Rayonnement solaire,Rayonnement solaire,W/m²,944.0
2025-06-11 13:00:00,Direction du vent,Direction du vent,Deg,80.5
2025-06-11 13:00:00,Point de Rosée,Point de Rosée,°c,7.2
2025-06-11 13:00:00,Évapotranspiration journalière,Évapotranspiration journalière,mm/j,7.02
2025-06-11 13:00:00,Humidité relative,Humidité relative,%,22.2
2025-06-11 13:00:00,Vitesse du vent,Vitesse du vent,m/s,2.02
2025-06-11 12:00:00,Évapotranspiration journalière,Évapotranspiration journalière,mm/j,7.02
2025-06-11 12:00:00,Pression atmosphérique,Pression atmosphérique,hPa,960.5
2025-06-11 12:00:00,Rayonnement solaire,Rayonnement solaire,W/m²,952.0
2025-06-11 12:00:00,Point de Rosée,Point de Rosée,°c,6.4
2025-06-11 12:00:00,Humidité relative,Humidité relative,%,21.6
2025-06-11 12:00:00,Température,Température,°c,30.9
2025-06-11 12:00:00,Direction du vent,Direction du vent,Deg,31.5
2025-06-11 12:00:00,Vitesse du vent,Vitesse du vent,m/s,0.99
2025-06-11 12:00:00,Évapotranspiration Horaire,Évapotranspiration Horaire,mm/h,0.3
2025-06-11 11:00:00,Direction du vent,Direction du vent,Deg,120.8
2025-06-11 11:00:00,Point de Rosée,Point de Rosée,°c,8.2
2025-06-11 11:00:00,Température,Température,°c,29.4
2025-06-11 11:00:00,Rayonnement solaire,Rayonnement solaire,W/m²,918.0
2025-06-11 11:00:00,Vitesse du vent,Vitesse du vent,m/s,1.32
2025-06-11 11:00:00,Pression atmosphérique,Pression atmosphérique,hPa,960.7
2025-06-11 11:00:00,Évapotranspiration journalière,Évapotranspiration journalière,mm/j,7.02
2025-06-11 11:00:00,Humidité relative,Humidité relative,%,26.5
2025-06-11 11:00:00,Évapotranspiration Horaire,Évapotranspiration Horaire,mm/h,0.3
2025-06-11 09:00:00,Pression atmosphérique,Pression atmosphérique,hPa,961.0
2025-06-11 09:00:00,Rayonnement solaire,Rayonnement solaire,W/m²,634.0
2025-06-11 09:00:00,Point de Rosée,Point de Rosée,°c,12.1
2025-06-11 09:00:00,Humidité relative,Humidité relative,%,41.4
2025-06-11 09:00:00,Température,Température,°c,26.3
2025-06-11 09:00:00,Direction du vent,Direction du vent,Deg,41.9
2025-06-11 09:00:00,Vitesse du vent,Vitesse du vent,m/s,2.4
2025-06-11 09:00:00,Évapotranspiration journalière,Évapotranspiration journalière,mm/j,7.02
2025-06-11 09:00:00,Évapotranspiration Horaire,Évapotranspiration Horaire,mm/h,0.15
2025-06-11 07:00:00,Évapotranspiration journalière,Évapotranspiration journalière,mm/j,7.02
2025-06-11 07:00:00,Évapotranspiration Horaire,Évapotranspiration Horaire,mm/h,0.06
2025-06-11 07:00:00,Pression atmosphérique,Pression atmosphérique,hPa,960.8
2025-06-11 07:00:00,Rayonnement solaire,Rayonnement solaire,W/m²,222.0
2025-06-11 07:00:00,Point de Rosée,Point de Rosée,°c,4.9
2025-06-11 07:00:00,Humidité relative,Humidité relative,%,28.4
2025-06-11 07:00:00,Température,Température,°c,24.4
2025-06-11 07:00:00,Direction du vent,Direction du vent,Deg,305.3
2025-06-11 07:00:00,Vitesse du vent,Vitesse du vent,m/s,0.93
2025-06-11 06:00:00,Évapotranspiration journalière,Évapotranspiration journalière,mm/j,7.02
2025-06-11 06:00:00,Direction du vent,Direction du vent,Deg,204.8
2025-06-11 06:00:00,Point de Rosée,Point de Rosée,°c,5.4
2025-06-11 06:00:00,Pression atmosphérique,Pression atmosphérique,hPa,961.0
2025-06-11 06:00:00,Humidité relative,Humidité relative,%,37.3
2025-06-11 06:00:00,Évapotranspiration Horaire,Évapotranspiration Horaire,mm/h,0.06
2025-06-11 06:00:00,Température,Température,°c,20.5
2025-06-11 06:00:00,Rayonnement solaire,Rayonnement solaire,W/m²,71.0
2025-06-11 06:00:00,Vitesse du vent,Vitesse du vent,m/s,1.4
2025-06-11 05:00:00,Point de Rosée,Point de Rosée,°c,6.8
2025-06-11 05:00:00,Pression atmosphérique,Pression atmosphérique,hPa,960.8
2025-06-11 05:00:00,Rayonnement solaire,Rayonnement solaire,W/m²,2.0
2025-06-11 05:00:00,Humidité relative,Humidité relative,%,41.4
2025-06-11 05:00:00,Température,Température,°c,20.3
2025-06-11 05:00:00,Direction du vent,Direction du vent,Deg,211.5
2025-06-11 05:00:00,Vitesse du vent,Vitesse du vent,m/s,0.69
2025-06-11 05:00:00,Évapotranspiration journalière,Évapotranspiration journalière,mm/j,7.02
2025-06-11 05:00:00,Évapotranspiration Horaire,Évapotranspiration Horaire,mm/h,0.08
2025-06-11 04:00:00,Humidité relative,Humidité relative,%,55.4
2025-06-11 04:00:00,Direction du vent,Direction du vent,Deg,215.6
2025-06-11 04:00:00,Rayonnement solaire,Rayonnement solaire,W/m²,0.0
2025-06-11 04:00:00,Vitesse du vent,Vitesse du vent,m/s,1.58
2025-06-11 04:00:00,Pression atmosphérique,Pression atmosphérique,hPa,961.0
2025-06-11 04:00:00,Évapotranspiration Horaire,Évapotranspiration Horaire,mm/h,0.08
2025-06-11 04:00:00,Point de Rosée,Point de Rosée,°c,10.4
2025-06-11 04:00:00,Évapotranspiration journalière,Évapotranspiration journalière,mm/j,7.02
2025-06-11 04:00:00,Température,Température,°c,19.6
2025-06-11 03:00:00,Point de Rosée,Point de Rosée,°c,11.0
2025-06-11 03:00:00,Humidité relative,Humidité relative,%,54.7
2025-06-11 03:00:00,Température,Température,°c,20.5
2025-06-11 03:00:00,Direction du vent,Direction du vent,Deg,222.6
2025-06-11 03:00:00,Vitesse du vent,Vitesse du vent,m/s,1.64
2025-06-11 03:00:00,Évapotranspiration journalière,Évapotranspiration journalière,mm/j,7.02
2025-06-11 03:00:00,Évapotranspiration Horaire,Évapotranspiration Horaire,mm/h,0.08
2025-06-11 03:00:00,Pression atmosphérique,Pression atmosphérique,hPa,961.3
2025-06-11 03:00:00,Rayonnement solaire,Rayonnement solaire,W/m²,0.0
2025-06-11 02:00:00,Pression atmosphérique,Pression atmosphérique,hPa,962.3
2025-06-11 02:00:00,Direction du vent,Direction du vent,Deg,202.9
2025-06-11 02:00:00,Rayonnement solaire,Rayonnement solaire,W/m²,0.0
2025-06-11 02:00:00,Vitesse du vent,Vitesse du vent,m/s,0.67
2025-06-11 02:00:00,Point de Rosée,Point de Rosée,°c,12.0
2025-06-11 02:00:00,Évapotranspiration Horaire,Évapotranspiration Horaire,mm/h,0.09
2025-06-11 02:00:00,Température,Température,°c,20.6
2025-06-11 02:00:00,Évapotranspiration journalière,Évapotranspiration journalière,mm/j,7.02
2025-06-11 02:00:00,Humidité relative,Humidité relative,%,58.1
2025-06-11 01:00:00,Vitesse du vent,Vitesse du vent,m/s,0.81
2025-06-11 01:00:00,Pression atmosphérique,Pression atmosphérique,hPa,962.4
2025-06-11 01:00:00,Rayonnement solaire,Rayonnement solaire,W/m²,0.0
2025-06-11 01:00:00,Point de Rosée,Point de Rosée,°c,12.2
2025-06-11 01:00:00,Humidité relative,Humidité relative,%,59.6
2025-06-11 01:00:00,Température,Température,°c,20.4
2025-06-11 01:00:00,Direction du vent,Direction du vent,Deg,245.9
2025-06-11 01:00:00,Évapotranspiration journalière,Évapotranspiration journalière,mm/j,7.02
2025-06-11 01:00:00,Évapotranspiration Horaire,Évapotranspiration Horaire,mm/h,0.11
2025-06-11 00:00:00,Rayonnement solaire,Rayonnement solaire,W/m²,0.0
2025-06-11 00:00:00,Direction du vent,Direction du vent,Deg,252.9
2025-06-11 00:00:00,Humidité relative,Humidité relative,%,58.6
2025-06-11 00:00:00,Vitesse du vent,Vitesse du vent,m/s,0.44
2025-06-11 00:00:00,Pression atmosphérique,Pression atmosphérique,hPa,963.1
2025-06-11 00:00:00,Évapotranspiration journalière,Évapotranspiration journalière,mm/j,6.96
2025-06-11 00:00:00,Point de Rosée,Point de Rosée,°c,12.4
2025-06-11 00:00:00,Évapotranspiration Horaire,Évapotranspiration Horaire,mm/h,0.13
2025-06-11 00:00:00,Température,Température,°c,20.8
2025-06-10 23:00:00,Vitesse du vent,Vitesse du vent,m/s,1.43
2025-06-10 23:00:00,Pression atmosphérique,Pression atmosphérique,hPa,963.7
2025-06-10 23:00:00,Rayonnement solaire,Rayonnement solaire,W/m²,0.0
2025-06-10 23:00:00,Point de Rosée,Point de Rosée,°c,12.6
2025-06-10 23:00:00,Humidité relative,Humidité relative,%,52.3
2025-06-10 23:00:00,Température,Température,°c,22.9
2025-06-10 23:00:00,Direction du vent,Direction du vent,Deg,80.1
2025-06-10 23:00:00,Évapotranspiration journalière,Évapotranspiration journalière,mm/j,6.96
2025-06-10 23:00:00,Évapotranspiration Horaire,Évapotranspiration Horaire,mm/h,0.16
2025-06-10 22:00:00,Pression atmosphérique,Pression atmosphérique,hPa,963.8
2025-06-10 22:00:00,Rayonnement solaire,Rayonnement solaire,W/m²,0.0
2025-06-10 22:00:00,Point de Rosée,Point de Rosée,°c,12.6
2025-06-10 22:00:00,Humidité relative,Humidité relative,%,48.7
2025-06-10 22:00:00,Température,Température,°c,24.1
2025-06-10 22:00:00,Direction du vent,Direction du vent,Deg,72.3
2025-06-10 22:00:00,Vitesse du vent,Vitesse du vent,m/s,0.96
2025-06-10 22:00:00,Évapotranspiration Horaire,Évapotranspiration Horaire,mm/h,0.19
2025-06-10 22:00:00,Évapotranspiration journalière,Évapotranspiration journalière,mm/j,6.96
2025-06-10 21:00:00,Vitesse du vent,Vitesse du vent,m/s,1.45
2025-06-10 21:00:00,Évapotranspiration Horaire,Évapotranspiration Horaire,mm/h,0.19
2025-06-10 21:00:00,Évapotranspiration journalière,Évapotranspiration journalière,mm/j,6.96
2025-06-10 21:00:00,Direction du vent,Direction du vent,Deg,47.0
2025-06-10 21:00:00,Température,Température,°c,25.3
2025-06-10 21:00:00,Humidité relative,Humidité relative,%,41.1
2025-06-10 21:00:00,Point de Rosée,Point de Rosée,°c,11.1
2025-06-10 21:00:00,Rayonnement solaire,Rayonnement solaire,W/m²,0.0
2025-06-10 21:00:00,Pression atmosphérique,Pression atmosphérique,hPa,963.2
2025-06-10 19:00:00,Point de Rosée,Point de Rosée,°c,8.0
2025-06-10 19:00:00,Évapotranspiration journalière,Évapotranspiration journalière,mm/j,6.96
2025-06-10 19:00:00,Direction du vent,Direction du vent,Deg,103.8
2025-06-10 19:00:00,Température,Température,°c,29.5
2025-06-10 19:00:00,Humidité relative,Humidité relative,%,26.1
2025-06-10 19:00:00,Évapotranspiration Horaire,Évapotranspiration Horaire,mm/h,0.41
2025-06-10 19:00:00,Pression atmosphérique,Pression atmosphérique,hPa,961.8
2025-06-10 19:00:00,Vitesse du vent,Vitesse du vent,m/s,6.02
2025-06-10 19:00:00,Rayonnement solaire,Rayonnement solaire,W/m²,41.0
2025-06-10 18:00:00,Point de Rosée,Point de Rosée,°c,7.2
2025-06-10 18:00:00,Pression atmosphérique,Pression atmosphérique,hPa,961.2
2025-06-10 18:00:00,Direction du vent,Direction du vent,Deg,356.3
2025-06-10 18:00:00,Température,Température,°c,32.4
2025-06-10 18:00:00,Vitesse du vent,Vitesse du vent,m/s,2.21
2025-06-10 18:00:00,Rayonnement solaire,Rayonnement solaire,W/m²,184.0
2025-06-10 18:00:00,Évapotranspiration journalière,Évapotranspiration journalière,mm/j,6.96
2025-06-10 18:00:00,Humidité relative,Humidité relative,%,20.9
2025-06-10 18:00:00,Évapotranspiration Horaire,Évapotranspiration Horaire,mm/h,0.41
2025-06-10 17:00:00,Rayonnement solaire,Rayonnement solaire,W/m²,379.0
2025-06-10 17:00:00,Pression atmosphérique,Pression atmosphérique,hPa,960.7
2025-06-10 17:00:00,Évapotranspiration Horaire,Évapotranspiration Horaire,mm/h,0.41
2025-06-10 17:00:00,Point de Rosée,Point de Rosée,°c,4.6
2025-06-10 17:00:00,Humidité relative,Humidité relative,%,15.4
2025-06-10 17:00:00,Température,Température,°c,34.6
2025-06-10 17:00:00,Direction du vent,Direction du vent,Deg,103.7
2025-06-10 17:00:00,Vitesse du vent,Vitesse du vent,m/s,1.74
2025-06-10 17:00:00,Évapotranspiration journalière,Évapotranspiration journalière,mm/j,6.96
2025-06-10 16:00:00,Direction du vent,Direction du vent,Deg,30.9
2025-06-10 16:00:00,Évapotranspiration Horaire,Évapotranspiration Horaire,mm/h,0.41
2025-06-10 16:00:00,Évapotranspiration journalière,Évapotranspiration journalière,mm/j,6.96
2025-06-10 16:00:00,Vitesse du vent,Vitesse du vent,m/s,1.06
2025-06-10 16:00:00,Pression atmosphérique,Pression atmosphérique,hPa,960.9
2025-06-10 16:00:00,Rayonnement solaire,Rayonnement solaire,W/m²,579.0
2025-06-10 16:00:00,Point de Rosée,Point de Rosée,°c,7.8
2025-06-10 16:00:00,Humidité relative,Humidité relative,%,19.3
2025-06-10 16:00:00,Température,Température,°c,34.5
2025-06-10 15:00:00,Point de Rosée,Point de Rosée,°c,10.1
2025-06-10 15:00:00,Évapotranspiration Horaire,Évapotranspiration Horaire,mm/h,0.41
2025-06-10 15:00:00,Rayonnement solaire,Rayonnement solaire,W/m²,695.0
2025-06-10 15:00:00,Direction du vent,Direction du vent,Deg,118.9
2025-06-10 15:00:00,Pression atmosphérique,Pression atmosphérique,hPa,961.3
2025-06-10 15:00:00,Humidité relative,Humidité relative,%,22.7
2025-06-10 15:00:00,Vitesse du vent,Vitesse du vent,m/s,4.22
2025-06-10 15:00:00,Température,Température,°c,34.4
2025-06-10 15:00:00,Évapotranspiration journalière,Évapotranspiration journalière,mm/j,6.96
2025-06-10 13:00:00,Température,Température,°c,33.2
2025-06-10 13:00:00,Pression atmosphérique,Pression atmosphérique,hPa,962.6
2025-06-10 13:00:00,Rayonnement solaire,Rayonnement solaire,W/m²,929.0
2025-06-10 13:00:00,Point de Rosée,Point de Rosée,°c,9.4
2025-06-10 13:00:00,Humidité relative,Humidité relative,%,23.2
2025-06-10 13:00:00,Direction du vent,Direction du vent,Deg,32.5
2025-06-10 13:00:00,Vitesse du vent,Vitesse du vent,m/s,2.33
2025-06-10 13:00:00,Évapotranspiration journalière,Évapotranspiration journalière,mm/j,6.96
2025-06-10 13:00:00,Évapotranspiration Horaire,Évapotranspiration Horaire,mm/h,0.39
2025-06-10 11:00:00,Pression atmosphérique,Pression atmosphérique,hPa,963.7
2025-06-10 11:00:00,Rayonnement solaire,Rayonnement solaire,W/m²,887.0
2025-06-10 11:00:00,Point de Rosée,Point de Rosée,°c,10.0
2025-06-10 11:00:00,Humidité relative,Humidité relative,%,27.2
2025-06-10 11:00:00,Température,Température,°c,31.1
2025-06-10 11:00:00,Vitesse du vent,Vitesse du vent,m/s,1.47
2025-06-10 11:00:00,Direction du vent,Direction du vent,Deg,75.8
2025-06-10 11:00:00,Évapotranspiration Horaire,Évapotranspiration Horaire,mm/h,0.25
2025-06-10 11:00:00,Évapotranspiration journalière,Évapotranspiration journalière,mm/j,6.96
2025-06-10 10:00:00,Rayonnement solaire,Rayonnement solaire,W/m²,775.0
2025-06-10 10:00:00,Évapotranspiration Horaire,Évapotranspiration Horaire,mm/h,0.25
2025-06-10 10:00:00,Évapotranspiration journalière,Évapotranspiration journalière,mm/j,6.96
2025-06-10 10:00:00,Vitesse du vent,Vitesse du vent,m/s,1.34
2025-06-10 10:00:00,Direction du vent,Direction du vent,Deg,113.6
2025-06-10 10:00:00,Température,Température,°c,30.4
2025-06-10 10:00:00,Humidité relative,Humidité relative,%,28.4
2025-06-10 10:00:00,Point de Rosée,Point de Rosée,°c,10.0
2025-06-10 10:00:00,Pression atmosphérique,Pression atmosphérique,hPa,963.8
2025-06-10 09:00:00,Humidité relative,Humidité relative,%,31.8
2025-06-10 09:00:00,Pression atmosphérique,Pression atmosphérique,hPa,964.3
2025-06-10 09:00:00,Température,Température,°c,29.4
2025-06-10 09:00:00,Direction du vent,Direction du vent,Deg,29.6
2025-06-10 09:00:00,Vitesse du vent,Vitesse du vent,m/s,0.87
2025-06-10 09:00:00,Point de Rosée,Point de Rosée,°c,10.9
2025-06-10 09:00:00,Évapotranspiration journalière,Évapotranspiration journalière,mm/j,6.96
2025-06-10 09:00:00,Rayonnement solaire,Rayonnement solaire,W/m²,605.0
2025-06-10 09:00:00,Évapotranspiration Horaire,Évapotranspiration Horaire,mm/h,0.23
2025-06-10 08:00:00,Température,Température,°c,27.7
2025-06-10 08:00:00,Direction du vent,Direction du vent,Deg,29.5
2025-06-10 08:00:00,Vitesse du vent,Vitesse du vent,m/s,0.86
2025-06-10 08:00:00,Évapotranspiration journalière,Évapotranspiration journalière,mm/j,6.96
2025-06-10 08:00:00,Évapotranspiration Horaire,Évapotranspiration Horaire,mm/h,0.14
2025-06-10 08:00:00,Humidité relative,Humidité relative,%,35.9
2025-06-10 08:00:00,Rayonnement solaire,Rayonnement solaire,W/m²,413.0
2025-06-10 08:00:00,Point de Rosée,Point de Rosée,°c,11.2
2025-06-10 08:00:00,Pression atmosphérique,Pression atmosphérique,hPa,964.2
2025-06-10 07:00:00,Température,Température,°c,24.0
2025-06-10 07:00:00,Humidité relative,Humidité relative,%,44.2
2025-06-10 07:00:00,Point de Rosée,Point de Rosée,°c,11.0
2025-06-10 07:00:00,Rayonnement solaire,Rayonnement solaire,W/m²,218.0
2025-06-10 07:00:00,Pression atmosphérique,Pression atmosphérique,hPa,964.1
2025-06-10 07:00:00,Évapotranspiration Horaire,Évapotranspiration Horaire,mm/h,0.08
2025-06-10 07:00:00,Évapotranspiration journalière,Évapotranspiration journalière,mm/j,6.96
2025-06-10 07:00:00,Vitesse du vent,Vitesse du vent,m/s,0.56
2025-06-10 07:00:00,Direction du vent,Direction du vent,Deg,232.4
2025-06-10 06:00:00,Humidité relative,Humidité relative,%,57.6
2025-06-10 06:00:00,Rayonnement solaire,Rayonnement solaire,W/m²,73.0
2025-06-10 06:00:00,Point de Rosée,Point de Rosée,°c,11.5
2025-06-10 06:00:00,Évapotranspiration journalière,Évapotranspiration journalière,mm/j,6.96
2025-06-10 06:00:00,Évapotranspiration Horaire,Évapotranspiration Horaire,mm/h,0.08
2025-06-10 06:00:00,Vitesse du vent,Vitesse du vent,m/s,0.65
2025-06-10 06:00:00,Pression atmosphérique,Pression atmosphérique,hPa,963.9
2025-06-10 06:00:00,Direction du vent,Direction du vent,Deg,227.0
2025-06-10 06:00:00,Température,Température,°c,20.1
2025-06-10 05:00:00,Température,Température,°c,18.5
2025-06-10 05:00:00,Humidité relative,Humidité relative,%,65.2
2025-06-10 05:00:00,Point de Rosée,Point de Rosée,°c,11.9
2025-06-10 05:00:00,Rayonnement solaire,Rayonnement solaire,W/m²,1.0
2025-06-10 05:00:00,Pression atmosphérique,Pression atmosphérique,hPa,963.4
2025-06-10 05:00:00,Évapotranspiration journalière,Évapotranspiration journalière,mm/j,6.96
2025-06-10 05:00:00,Vitesse du vent,Vitesse du vent,m/s,0.69
2025-06-10 05:00:00,Évapotranspiration Horaire,Évapotranspiration Horaire,mm/h,0.35
2025-06-10 05:00:00,Direction du vent,Direction du vent,Deg,211.4
2025-06-09 06:00:00,Humidité relative,Humidité relative,%,60.3
2025-06-09 06:00:00,Évapotranspiration Horaire,Évapotranspiration Horaire,mm/h,0.09
2025-06-09 06:00:00,Évapotranspiration journalière,Évapotranspiration journalière,mm/j,7.8
2025-06-09 06:00:00,Vitesse du vent,Vitesse du vent,m/s,0.07
2025-06-09 06:00:00,Direction du vent,Direction du vent,Deg,212.5
2025-06-09 06:00:00,Température,Température,°c,20.9
2025-06-09 06:00:00,Point de Rosée,Point de Rosée,°c,12.9
2025-06-09 06:00:00,Rayonnement solaire,Rayonnement solaire,W/m²,69.0
2025-06-09 06:00:00,Pression atmosphérique,Pression atmosphérique,hPa,963.1
2025-06-09 05:00:00,Température,Température,°c,20.1
2025-06-09 05:00:00,Pression atmosphérique,Pression atmosphérique,hPa,962.9
2025-06-09 05:00:00,Rayonnement solaire,Rayonnement solaire,W/m²,0.0
2025-06-09 05:00:00,Évapotranspiration journalière,Évapotranspiration journalière,mm/j,7.8
2025-06-09 05:00:00,Point de Rosée,Point de Rosée,°c,12.8
2025-06-09 05:00:00,Vitesse du vent,Vitesse du vent,m/s,0.81
2025-06-09 05:00:00,Évapotranspiration Horaire,Évapotranspiration Horaire,mm/h,0.09
2025-06-09 05:00:00,Direction du vent,Direction du vent,Deg,163.9
2025-06-09 05:00:00,Humidité relative,Humidité relative,%,62.8
2025-06-08 09:00:00,Pression atmosphérique,Pression atmosphérique,hPa,962.6
2025-06-08 09:00:00,Évapotranspiration Horaire,Évapotranspiration Horaire,mm/h,0.26
2025-06-08 09:00:00,Évapotranspiration journalière,Évapotranspiration journalière,mm/j,7.49
2025-06-08 09:00:00,Vitesse du vent,Vitesse du vent,m/s,2.04
2025-06-08 09:00:00,Direction du vent,Direction du vent,Deg,209.9
2025-06-08 09:00:00,Température,Température,°c,33.7
2025-06-08 09:00:00,Humidité relative,Humidité relative,%,21.0
2025-06-08 09:00:00,Point de Rosée,Point de Rosée,°c,8.3
2025-06-08 09:00:00,Rayonnement solaire,Rayonnement solaire,W/m²,594.0
2025-06-08 08:00:00,Rayonnement solaire,Rayonnement solaire,W/m²,409.0
2025-06-08 08:00:00,Évapotranspiration journalière,Évapotranspiration journalière,mm/j,7.49
2025-06-08 08:00:00,Humidité relative,Humidité relative,%,24.3
2025-06-08 08:00:00,Point de Rosée,Point de Rosée,°c,8.0
2025-06-08 08:00:00,Évapotranspiration Horaire,Évapotranspiration Horaire,mm/h,0.14
2025-06-08 08:00:00,Vitesse du vent,Vitesse du vent,m/s,1.53
2025-06-08 08:00:00,Direction du vent,Direction du vent,Deg,189.0
2025-06-08 08:00:00,Température,Température,°c,30.7
2025-06-08 08:00:00,Pression atmosphérique,Pression atmosphérique,hPa,962.7
2025-06-08 07:00:00,Évapotranspiration Horaire,Évapotranspiration Horaire,mm/h,0.14
2025-06-08 07:00:00,Pression atmosphérique,Pression atmosphérique,hPa,962.4
2025-06-08 07:00:00,Rayonnement solaire,Rayonnement solaire,W/m²,220.0
2025-06-08 07:00:00,Point de Rosée,Point de Rosée,°c,8.6
2025-06-08 07:00:00,Humidité relative,Humidité relative,%,29.5
2025-06-08 07:00:00,Température,Température,°c,28.0
2025-06-08 07:00:00,Évapotranspiration journalière,Évapotranspiration journalière,mm/j,7.49
2025-06-08 07:00:00,Vitesse du vent,Vitesse du vent,m/s,0.54
2025-06-08 07:00:00,Direction du vent,Direction du vent,Deg,120.2
2025-06-07 10:00:00,Température,Température,°c,29.9
2025-06-07 10:00:00,Évapotranspiration Horaire,Évapotranspiration Horaire,mm/h,0.3
2025-06-07 10:00:00,Évapotranspiration journalière,Évapotranspiration journalière,mm/j,6.5
2025-06-07 10:00:00,Vitesse du vent,Vitesse du vent,m/s,3.78
2025-06-07 10:00:00,Direction du vent,Direction du vent,Deg,187.5
2025-06-07 10:00:00,Humidité relative,Humidité relative,%,23.8
2025-06-07 10:00:00,Point de Rosée,Point de Rosée,°c,7.0
2025-06-07 10:00:00,Rayonnement solaire,Rayonnement solaire,W/m²,760.0
2025-06-07 10:00:00,Pression atmosphérique,Pression atmosphérique,hPa,964.1
2025-06-07 09:00:00,Évapotranspiration Horaire,Évapotranspiration Horaire,mm/h,0.18
2025-06-07 09:00:00,Température,Température,°c,28.5
2025-06-07 09:00:00,Humidité relative,Humidité relative,%,27.2
2025-06-07 09:00:00,Point de Rosée,Point de Rosée,°c,7.8
2025-06-07 09:00:00,Pression atmosphérique,Pression atmosphérique,hPa,964.2
2025-06-07 09:00:00,Rayonnement solaire,Rayonnement solaire,W/m²,600.0
2025-06-07 09:00:00,Direction du vent,Direction du vent,Deg,217.6
2025-06-07 09:00:00,Vitesse du vent,Vitesse du vent,m/s,2.82
2025-06-07 09:00:00,Évapotranspiration journalière,Évapotranspiration journalière,mm/j,6.5
2025-06-07 08:00:00,Température,Température,°c,27.3
2025-06-07 08:00:00,Pression atmosphérique,Pression atmosphérique,hPa,964.3
2025-06-07 08:00:00,Rayonnement solaire,Rayonnement solaire,W/m²,402.0
2025-06-07 08:00:00,Point de Rosée,Point de Rosée,°c,7.6
2025-06-07 08:00:00,Humidité relative,Humidité relative,%,28.7
2025-06-07 08:00:00,Direction du vent,Direction du vent,Deg,226.2
2025-06-07 08:00:00,Vitesse du vent,Vitesse du vent,m/s,1.38
2025-06-07 08:00:00,Évapotranspiration journalière,Évapotranspiration journalière,mm/j,6.5
2025-06-07 08:00:00,Évapotranspiration Horaire,Évapotranspiration Horaire,mm/h,0.1
2025-06-07 07:00:00,Humidité relative,Humidité relative,%,37.0
2025-06-07 07:00:00,Température,Température,°c,24.1
2025-06-07 07:00:00,Direction du vent,Direction du vent,Deg,214.1
2025-06-07 07:00:00,Vitesse du vent,Vitesse du vent,m/s,0.98
2025-06-07 07:00:00,Évapotranspiration journalière,Évapotranspiration journalière,mm/j,6.5
2025-06-07 07:00:00,Évapotranspiration Horaire,Évapotranspiration Horaire,mm/h,0.1
2025-06-07 07:00:00,Pression atmosphérique,Pression atmosphérique,hPa,964.1
2025-06-07 07:00:00,Rayonnement solaire,Rayonnement solaire,W/m²,210.0
2025-06-07 07:00:00,Point de Rosée,Point de Rosée,°c,8.5
2025-06-07 06:00:00,Rayonnement solaire,Rayonnement solaire,W/m²,68.0
2025-06-07 06:00:00,Pression atmosphérique,Pression atmosphérique,hPa,964.2
2025-06-07 06:00:00,Point de Rosée,Point de Rosée,°c,8.0
2025-06-07 06:00:00,Vitesse du vent,Vitesse du vent,m/s,2.14
2025-06-07 06:00:00,Direction du vent,Direction du vent,Deg,191.5
2025-06-07 06:00:00,Évapotranspiration journalière,Évapotranspiration journalière,mm/j,6.5
2025-06-07 06:00:00,Humidité relative,Humidité relative,%,43.5
2025-06-07 06:00:00,Évapotranspiration Horaire,Évapotranspiration Horaire,mm/h,0.1
2025-06-07 06:00:00,Température,Température,°c,20.8
2025-06-07 05:00:00,Température,Température,°c,19.2
2025-06-07 05:00:00,Pression atmosphérique,Pression atmosphérique,hPa,964.2
2025-06-07 05:00:00,Rayonnement solaire,Rayonnement solaire,W/m²,1.0
2025-06-07 05:00:00,Point de Rosée,Point de Rosée,°c,8.8
2025-06-07 05:00:00,Humidité relative,Humidité relative,%,50.9
2025-06-07 05:00:00,Évapotranspiration Horaire,Évapotranspiration Horaire,mm/h,0.34
2025-06-07 05:00:00,Direction du vent,Direction du vent,Deg,189.7
2025-06-07 05:00:00,Vitesse du vent,Vitesse du vent,m/s,0.68
2025-06-07 05:00:00,Évapotranspiration journalière,Évapotranspiration journalière,mm/j,6.5
2025-06-06 09:00:00,Température,Température,°c,27.0
2025-06-06 09:00:00,Direction du vent,Direction du vent,Deg,84.9
2025-06-06 09:00:00,Rayonnement solaire,Rayonnement solaire,W/m²,600.0
2025-06-06 09:00:00,Vitesse du vent,Vitesse du vent,m/s,1.95
2025-06-06 09:00:00,Évapotranspiration journalière,Évapotranspiration journalière,mm/j,5.79
2025-06-06 09:00:00,Pression atmosphérique,Pression atmosphérique,hPa,964.1
2025-06-06 09:00:00,Évapotranspiration Horaire,Évapotranspiration Horaire,mm/h,0.2
2025-06-06 09:00:00,Humidité relative,Humidité relative,%,37.6
2025-06-06 09:00:00,Point de Rosée,Point de Rosée,°c,11.3
2025-06-06 08:00:00,Rayonnement solaire,Rayonnement solaire,W/m²,395.0
2025-06-06 08:00:00,Évapotranspiration Horaire,Évapotranspiration Horaire,mm/h,0.2
2025-06-06 08:00:00,Direction du vent,Direction du vent,Deg,27.6
2025-06-06 08:00:00,Humidité relative,Humidité relative,%,40.0
2025-06-06 08:00:00,Vitesse du vent,Vitesse du vent,m/s,1.01
2025-06-06 08:00:00,Point de Rosée,Point de Rosée,°c,10.9
2025-06-06 08:00:00,Température,Température,°c,25.5
2025-06-06 08:00:00,Évapotranspiration journalière,Évapotranspiration journalière,mm/j,5.79
2025-06-06 08:00:00,Pression atmosphérique,Pression atmosphérique,hPa,963.8
2025-06-06 07:00:00,Évapotranspiration journalière,Évapotranspiration journalière,mm/j,5.79
2025-06-06 07:00:00,Pression atmosphérique,Pression atmosphérique,hPa,963.1
2025-06-06 07:00:00,Rayonnement solaire,Rayonnement solaire,W/m²,215.0
2025-06-06 07:00:00,Point de Rosée,Point de Rosée,°c,9.7
2025-06-06 07:00:00,Humidité relative,Humidité relative,%,41.4
2025-06-06 07:00:00,Température,Température,°c,23.6
2025-06-06 07:00:00,Direction du vent,Direction du vent,Deg,295.2
2025-06-06 07:00:00,Évapotranspiration Horaire,Évapotranspiration Horaire,mm/h,0.12
2025-06-06 07:00:00,Vitesse du vent,Vitesse du vent,m/s,0.47
2025-06-06 06:00:00,Évapotranspiration Horaire,Évapotranspiration Horaire,mm/h,0.11
2025-06-06 06:00:00,Pression atmosphérique,Pression atmosphérique,hPa,963.0
2025-06-06 06:00:00,Rayonnement solaire,Rayonnement solaire,W/m²,65.0
2025-06-06 06:00:00,Point de Rosée,Point de Rosée,°c,9.3
2025-06-06 06:00:00,Humidité relative,Humidité relative,%,54.2
2025-06-06 06:00:00,Température,Température,°c,18.8
2025-06-06 06:00:00,Direction du vent,Direction du vent,Deg,208.9
2025-06-06 06:00:00,Vitesse du vent,Vitesse du vent,m/s,0.84
2025-06-06 06:00:00,Évapotranspiration journalière,Évapotranspiration journalière,mm/j,5.79
2025-06-06 05:00:00,Rayonnement solaire,Rayonnement solaire,W/m²,0.0
2025-06-06 05:00:00,Humidité relative,Humidité relative,%,55.0
2025-06-06 05:00:00,Pression atmosphérique,Pression atmosphérique,hPa,962.7
2025-06-06 05:00:00,Direction du vent,Direction du vent,Deg,214.6
2025-06-06 05:00:00,Évapotranspiration journalière,Évapotranspiration journalière,mm/j,5.79
2025-06-06 05:00:00,Point de Rosée,Point de Rosée,°c,9.3
2025-06-06 05:00:00,Évapotranspiration Horaire,Évapotranspiration Horaire,mm/h,0.11
2025-06-06 05:00:00,Vitesse du vent,Vitesse du vent,m/s,1.29
2025-06-06 05:00:00,Température,Température,°c,18.5
2025-06-05 22:00:00,Température,Température,°c,24.2
2025-06-05 22:00:00,Direction du vent,Direction du vent,Deg,325.7
2025-06-05 22:00:00,Vitesse du vent,Vitesse du vent,m/s,0.25
2025-06-05 22:00:00,Évapotranspiration journalière,Évapotranspiration journalière,mm/j,6.47
2025-06-05 22:00:00,Évapotranspiration Horaire,Évapotranspiration Horaire,mm/h,0.18
2025-06-05 22:00:00,Pression atmosphérique,Pression atmosphérique,hPa,963.9
2025-06-05 22:00:00,Rayonnement solaire,Rayonnement solaire,W/m²,0.0
2025-06-05 22:00:00,Point de Rosée,Point de Rosée,°c,13.7
2025-06-05 22:00:00,Humidité relative,Humidité relative,%,51.8
2025-06-05 21:00:00,Température,Température,°c,25.1
2025-06-05 21:00:00,Pression atmosphérique,Pression atmosphérique,hPa,963.5
2025-06-05 21:00:00,Rayonnement solaire,Rayonnement solaire,W/m²,0.0
2025-06-05 21:00:00,Point de Rosée,Point de Rosée,°c,14.1
2025-06-05 21:00:00,Humidité relative,Humidité relative,%,50.6
2025-06-05 21:00:00,Direction du vent,Direction du vent,Deg,122.8
2025-06-05 21:00:00,Vitesse du vent,Vitesse du vent,m/s,0.21
2025-06-05 21:00:00,Évapotranspiration journalière,Évapotranspiration journalière,mm/j,6.47
2025-06-05 21:00:00,Évapotranspiration Horaire,Évapotranspiration Horaire,mm/h,0.18
2025-06-05 19:00:00,Pression atmosphérique,Pression atmosphérique,hPa,962.1
2025-06-05 19:00:00,Évapotranspiration Horaire,Évapotranspiration Horaire,mm/h,0.2
2025-06-05 19:00:00,Évapotranspiration journalière,Évapotranspiration journalière,mm/j,6.47
2025-06-05 19:00:00,Rayonnement solaire,Rayonnement solaire,W/m²,23.0
2025-06-05 19:00:00,Vitesse du vent,Vitesse du vent,m/s,3.48
2025-06-05 19:00:00,Point de Rosée,Point de Rosée,°c,10.2
2025-06-05 19:00:00,Direction du vent,Direction du vent,Deg,88.2
2025-06-05 19:00:00,Humidité relative,Humidité relative,%,31.8
2025-06-05 19:00:00,Température,Température,°c,28.6
2025-06-05 18:00:00,Direction du vent,Direction du vent,Deg,88.3
2025-06-05 18:00:00,Évapotranspiration Horaire,Évapotranspiration Horaire,mm/h,0.21
2025-06-05 18:00:00,Évapotranspiration journalière,Évapotranspiration journalière,mm/j,6.47
2025-06-05 18:00:00,Vitesse du vent,Vitesse du vent,m/s,2.29
2025-06-05 18:00:00,Température,Température,°c,29.9
2025-06-05 18:00:00,Humidité relative,Humidité relative,%,26.2
2025-06-05 18:00:00,Point de Rosée,Point de Rosée,°c,8.4
2025-06-05 18:00:00,Rayonnement solaire,Rayonnement solaire,W/m²,50.0
2025-06-05 18:00:00,Pression atmosphérique,Pression atmosphérique,hPa,961.5
2025-06-05 17:00:00,Direction du vent,Direction du vent,Deg,84.2
2025-06-05 17:00:00,Évapotranspiration Horaire,Évapotranspiration Horaire,mm/h,0.21
2025-06-05 17:00:00,Pression atmosphérique,Pression atmosphérique,hPa,961.4
2025-06-05 17:00:00,Vitesse du vent,Vitesse du vent,m/s,1.52
2025-06-05 17:00:00,Température,Température,°c,31.2
2025-06-05 17:00:00,Évapotranspiration journalière,Évapotranspiration journalière,mm/j,6.47
2025-06-05 17:00:00,Humidité relative,Humidité relative,%,27.0
2025-06-05 17:00:00,Rayonnement solaire,Rayonnement solaire,W/m²,259.0
2025-06-05 17:00:00,Point de Rosée,Point de Rosée,°c,10.0
2025-06-05 15:00:00,Pression atmosphérique,Pression atmosphérique,hPa,961.3
2025-06-05 15:00:00,Rayonnement solaire,Rayonnement solaire,W/m²,335.0
2025-06-05 15:00:00,Point de Rosée,Point de Rosée,°c,10.6
2025-06-05 15:00:00,Humidité relative,Humidité relative,%,26.8
2025-06-05 15:00:00,Température,Température,°c,32.1
2025-06-05 15:00:00,Direction du vent,Direction du vent,Deg,352.6
2025-06-05 15:00:00,Vitesse du vent,Vitesse du vent,m/s,0.48
2025-06-05 15:00:00,Évapotranspiration journalière,Évapotranspiration journalière,mm/j,6.47
2025-06-05 15:00:00,Évapotranspiration Horaire,Évapotranspiration Horaire,mm/h,0.29
2025-06-05 14:00:00,Pression atmosphérique,Pression atmosphérique,hPa,961.5
2025-06-05 14:00:00,Rayonnement solaire,Rayonnement solaire,W/m²,843.0
2025-06-05 14:00:00,Point de Rosée,Point de Rosée,°c,8.2
2025-06-05 14:00:00,Humidité relative,Humidité relative,%,22.4
2025-06-05 14:00:00,Température,Température,°c,32.4
2025-06-05 14:00:00,Direction du vent,Direction du vent,Deg,139.3
2025-06-05 14:00:00,Vitesse du vent,Vitesse du vent,m/s,4.01
2025-06-05 14:00:00,Évapotranspiration journalière,Évapotranspiration journalière,mm/j,6.47
2025-06-05 14:00:00,Évapotranspiration Horaire,Évapotranspiration Horaire,mm/h,0.36
2025-06-05 13:00:00,Température,Température,°c,32.2
2025-06-05 13:00:00,Pression atmosphérique,Pression atmosphérique,hPa,961.6
2025-06-05 13:00:00,Évapotranspiration Horaire,Évapotranspiration Horaire,mm/h,0.32
2025-06-05 13:00:00,Rayonnement solaire,Rayonnement solaire,W/m²,916.0
2025-06-05 13:00:00,Direction du vent,Direction du vent,Deg,47.7
2025-06-05 13:00:00,Point de Rosée,Point de Rosée,°c,9.6
2025-06-05 13:00:00,Évapotranspiration journalière,Évapotranspiration journalière,mm/j,6.47
2025-06-05 13:00:00,Humidité relative,Humidité relative,%,24.8
2025-06-05 13:00:00,Vitesse du vent,Vitesse du vent,m/s,0.68
2025-06-05 12:00:00,Évapotranspiration journalière,Évapotranspiration journalière,mm/j,6.47
2025-06-05 12:00:00,Pression atmosphérique,Pression atmosphérique,hPa,961.9
2025-06-05 12:00:00,Rayonnement solaire,Rayonnement solaire,W/m²,908.0
2025-06-05 12:00:00,Point de Rosée,Point de Rosée,°c,10.5
2025-06-05 12:00:00,Humidité relative,Humidité relative,%,27.5
2025-06-05 12:00:00,Température,Température,°c,31.5
2025-06-05 12:00:00,Direction du vent,Direction du vent,Deg,82.4
2025-06-05 12:00:00,Vitesse du vent,Vitesse du vent,m/s,0.19
2025-06-05 12:00:00,Évapotranspiration Horaire,Évapotranspiration Horaire,mm/h,0.32
2025-06-05 11:00:00,Pression atmosphérique,Pression atmosphérique,hPa,962.3
2025-06-05 11:00:00,Humidité relative,Humidité relative,%,30.4
2025-06-05 11:00:00,Rayonnement solaire,Rayonnement solaire,W/m²,852.0
2025-06-05 11:00:00,Direction du vent,Direction du vent,Deg,67.2
2025-06-05 11:00:00,Évapotranspiration journalière,Évapotranspiration journalière,mm/j,6.47
2025-06-05 11:00:00,Point de Rosée,Point de Rosée,°c,11.0
2025-06-05 11:00:00,Évapotranspiration Horaire,Évapotranspiration Horaire,mm/h,0.32
2025-06-05 11:00:00,Vitesse du vent,Vitesse du vent,m/s,0.61
2025-06-05 11:00:00,Température,Température,°c,30.3
2025-06-05 10:00:00,Température,Température,°c,29.6
2025-06-05 10:00:00,Direction du vent,Direction du vent,Deg,123.1
2025-06-05 10:00:00,Vitesse du vent,Vitesse du vent,m/s,0.66
2025-06-05 10:00:00,Évapotranspiration journalière,Évapotranspiration journalière,mm/j,6.47
2025-06-05 10:00:00,Évapotranspiration Horaire,Évapotranspiration Horaire,mm/h,0.22
2025-06-05 10:00:00,Pression atmosphérique,Pression atmosphérique,hPa,962.3
2025-06-05 10:00:00,Rayonnement solaire,Rayonnement solaire,W/m²,773.0
2025-06-05 10:00:00,Point de Rosée,Point de Rosée,°c,11.7
2025-06-05 10:00:00,Humidité relative,Humidité relative,%,33.2
2025-06-05 09:00:00,Température,Température,°c,28.1
2025-06-05 09:00:00,Pression atmosphérique,Pression atmosphérique,hPa,962.2
2025-06-05 09:00:00,Rayonnement solaire,Rayonnement solaire,W/m²,613.0
2025-06-05 09:00:00,Point de Rosée,Point de Rosée,°c,13.8
2025-06-05 09:00:00,Humidité relative,Humidité relative,%,41.4
2025-06-05 09:00:00,Direction du vent,Direction du vent,Deg,28.2
2025-06-05 09:00:00,Vitesse du vent,Vitesse du vent,m/s,0.97
2025-06-05 09:00:00,Évapotranspiration journalière,Évapotranspiration journalière,mm/j,6.47
2025-06-05 09:00:00,Évapotranspiration Horaire,Évapotranspiration Horaire,mm/h,0.22
2025-06-05 08:00:00,Pression atmosphérique,Pression atmosphérique,hPa,962.1
2025-06-05 08:00:00,Évapotranspiration Horaire,Évapotranspiration Horaire,mm/h,0.18
2025-06-05 08:00:00,Rayonnement solaire,Rayonnement solaire,W/m²,409.0
2025-06-05 08:00:00,Température,Température,°c,25.5
2025-06-05 08:00:00,Évapotranspiration journalière,Évapotranspiration journalière,mm/j,6.47
2025-06-05 08:00:00,Direction du vent,Direction du vent,Deg,328.4
2025-06-05 08:00:00,Point de Rosée,Point de Rosée,°c,14.8
2025-06-05 08:00:00,Humidité relative,Humidité relative,%,51.5
2025-06-05 08:00:00,Vitesse du vent,Vitesse du vent,m/s,0.72
2025-06-05 07:00:00,Température,Température,°c,22.8
2025-06-05 07:00:00,Pression atmosphérique,Pression atmosphérique,hPa,962.1
2025-06-05 07:00:00,Rayonnement solaire,Rayonnement solaire,W/m²,218.0
2025-06-05 07:00:00,Point de Rosée,Point de Rosée,°c,15.2
2025-06-05 07:00:00,Humidité relative,Humidité relative,%,62.2
2025-06-05 07:00:00,Direction du vent,Direction du vent,Deg,97.5
2025-06-05 07:00:00,Vitesse du vent,Vitesse du vent,m/s,0.27
2025-06-05 07:00:00,Évapotranspiration journalière,Évapotranspiration journalière,mm/j,6.47
2025-06-05 07:00:00,Évapotranspiration Horaire,Évapotranspiration Horaire,mm/h,0.11
2025-06-05 06:00:00,Pression atmosphérique,Pression atmosphérique,hPa,961.7
2025-06-05 06:00:00,Point de Rosée,Point de Rosée,°c,13.6
2025-06-05 06:00:00,Humidité relative,Humidité relative,%,68.4
2025-06-05 06:00:00,Température,Température,°c,19.6
2025-06-05 06:00:00,Direction du vent,Direction du vent,Deg,108.5
2025-06-05 06:00:00,Vitesse du vent,Vitesse du vent,m/s,0.2
2025-06-05 06:00:00,Évapotranspiration journalière,Évapotranspiration journalière,mm/j,6.47
2025-06-05 06:00:00,Évapotranspiration Horaire,Évapotranspiration Horaire,mm/h,0.33
2025-06-05 06:00:00,Rayonnement solaire,Rayonnement solaire,W/m²,69.0
2025-06-05 05:00:00,Pression atmosphérique,Pression atmosphérique,hPa,961.7
2025-06-05 05:00:00,Vitesse du vent,Vitesse du vent,m/s,0.75
2025-06-05 05:00:00,Humidité relative,Humidité relative,%,71.0
2025-06-05 05:00:00,Évapotranspiration Horaire,Évapotranspiration Horaire,mm/h,0.1
2025-06-05 05:00:00,Évapotranspiration journalière,Évapotranspiration journalière,mm/j,6.47
2025-06-05 05:00:00,Point de Rosée,Point de Rosée,°c,14.3
2025-06-05 05:00:00,Rayonnement solaire,Rayonnement solaire,W/m²,1.0
2025-06-05 05:00:00,Direction du vent,Direction du vent,Deg,182.6
2025-06-05 05:00:00,Température,Température,°c,19.7
2025-06-05 04:00:00,Point de Rosée,Point de Rosée,°c,14.9
2025-06-05 04:00:00,Humidité relative,Humidité relative,%,70.4
2025-06-05 04:00:00,Pression atmosphérique,Pression atmosphérique,hPa,961.2
2025-06-05 04:00:00,Température,Température,°c,20.5
2025-06-05 04:00:00,Direction du vent,Direction du vent,Deg,126.1
2025-06-05 04:00:00,Vitesse du vent,Vitesse du vent,m/s,1.92
2025-06-05 04:00:00,Évapotranspiration journalière,Évapotranspiration journalière,mm/j,6.47
2025-06-05 04:00:00,Évapotranspiration Horaire,Évapotranspiration Horaire,mm/h,0.1
2025-06-05 04:00:00,Rayonnement solaire,Rayonnement solaire,W/m²,0.0
2025-06-04 06:00:00,Pression atmosphérique,Pression atmosphérique,hPa,961.3
2025-06-04 06:00:00,Direction du vent,Direction du vent,Deg,213.6
2025-06-04 06:00:00,Rayonnement solaire,Rayonnement solaire,W/m²,71.0
2025-06-04 06:00:00,Vitesse du vent,Vitesse du vent,m/s,1.18
2025-06-04 06:00:00,Température,Température,°c,18.7
2025-06-04 06:00:00,Évapotranspiration journalière,Évapotranspiration journalière,mm/j,6.88
2025-06-04 06:00:00,Point de Rosée,Point de Rosée,°c,11.2
2025-06-04 06:00:00,Humidité relative,Humidité relative,%,61.9
2025-06-04 06:00:00,Évapotranspiration Horaire,Évapotranspiration Horaire,mm/h,0.11
2025-06-04 05:00:00,Température,Température,°c,17.7
2025-06-04 05:00:00,Pression atmosphérique,Pression atmosphérique,hPa,961.1
2025-06-04 05:00:00,Rayonnement solaire,Rayonnement solaire,W/m²,1.0
2025-06-04 05:00:00,Point de Rosée,Point de Rosée,°c,12.4
2025-06-04 05:00:00,Humidité relative,Humidité relative,%,71.3
2025-06-04 05:00:00,Direction du vent,Direction du vent,Deg,198.4
2025-06-04 05:00:00,Vitesse du vent,Vitesse du vent,m/s,1.27
2025-06-04 05:00:00,Évapotranspiration journalière,Évapotranspiration journalière,mm/j,6.88
2025-06-04 05:00:00,Évapotranspiration Horaire,Évapotranspiration Horaire,mm/h,0.11
2025-06-03 09:00:00,Rayonnement solaire,Rayonnement solaire,W/m²,640.0
2025-06-03 09:00:00,Pression atmosphérique,Pression atmosphérique,hPa,962.5
2025-06-03 09:00:00,Point de Rosée,Point de Rosée,°c,11.4
2025-06-03 09:00:00,Humidité relative,Humidité relative,%,47.0
2025-06-03 09:00:00,Température,Température,°c,23.4
2025-06-03 09:00:00,Direction du vent,Direction du vent,Deg,245.7
2025-06-03 09:00:00,Vitesse du vent,Vitesse du vent,m/s,0.96
2025-06-03 09:00:00,Évapotranspiration journalière,Évapotranspiration journalière,mm/j,6.23
2025-06-03 09:00:00,Évapotranspiration Horaire,Évapotranspiration Horaire,mm/h,0.24
2025-06-03 08:00:00,Point de Rosée,Point de Rosée,°c,12.2
2025-06-03 08:00:00,Pression atmosphérique,Pression atmosphérique,hPa,962.7
2025-06-03 08:00:00,Rayonnement solaire,Rayonnement solaire,W/m²,441.0
2025-06-03 08:00:00,Humidité relative,Humidité relative,%,57.1
2025-06-03 08:00:00,Température,Température,°c,21.1
2025-06-03 08:00:00,Direction du vent,Direction du vent,Deg,236.7
2025-06-03 08:00:00,Vitesse du vent,Vitesse du vent,m/s,0.9
2025-06-03 08:00:00,Évapotranspiration journalière,Évapotranspiration journalière,mm/j,6.23
2025-06-03 08:00:00,Évapotranspiration Horaire,Évapotranspiration Horaire,mm/h,0.17
2025-06-03 07:00:00,Température,Température,°c,19.0
2025-06-03 07:00:00,Évapotranspiration Horaire,Évapotranspiration Horaire,mm/h,0.17
2025-06-03 07:00:00,Direction du vent,Direction du vent,Deg,219.0
2025-06-03 07:00:00,Rayonnement solaire,Rayonnement solaire,W/m²,231.0
2025-06-03 07:00:00,Pression atmosphérique,Pression atmosphérique,hPa,962.9
2025-06-03 07:00:00,Point de Rosée,Point de Rosée,°c,12.6
2025-06-03 07:00:00,Évapotranspiration journalière,Évapotranspiration journalière,mm/j,6.23
2025-06-03 07:00:00,Humidité relative,Humidité relative,%,66.6
2025-06-03 07:00:00,Vitesse du vent,Vitesse du vent,m/s,0.88
2025-06-03 06:00:00,Point de Rosée,Point de Rosée,°c,12.4
2025-06-03 06:00:00,Pression atmosphérique,Pression atmosphérique,hPa,962.9
2025-06-03 06:00:00,Rayonnement solaire,Rayonnement solaire,W/m²,72.0
2025-06-03 06:00:00,Humidité relative,Humidité relative,%,77.0
2025-06-03 06:00:00,Température,Température,°c,16.5
2025-06-03 06:00:00,Direction du vent,Direction du vent,Deg,237.8
2025-06-03 06:00:00,Vitesse du vent,Vitesse du vent,m/s,1.09
2025-06-03 06:00:00,Évapotranspiration journalière,Évapotranspiration journalière,mm/j,6.23
2025-06-03 06:00:00,Évapotranspiration Horaire,Évapotranspiration Horaire,mm/h,0.15
2025-06-03 05:00:00,Humidité relative,Humidité relative,%,76.8
2025-06-03 05:00:00,Température,Température,°c,15.9
2025-06-03 05:00:00,Direction du vent,Direction du vent,Deg,181.5
2025-06-03 05:00:00,Point de Rosée,Point de Rosée,°c,11.8
2025-06-03 05:00:00,Vitesse du vent,Vitesse du vent,m/s,0.53
2025-06-03 05:00:00,Rayonnement solaire,Rayonnement solaire,W/m²,1.0
2025-06-03 05:00:00,Évapotranspiration journalière,Évapotranspiration journalière,mm/j,6.23
2025-06-03 05:00:00,Pression atmosphérique,Pression atmosphérique,hPa,963.1
2025-06-03 05:00:00,Évapotranspiration Horaire,Évapotranspiration Horaire,mm/h,0.15
2025-06-02 19:00:00,Pression atmosphérique,Pression atmosphérique,hPa,963.2
2025-06-02 19:00:00,Rayonnement solaire,Rayonnement solaire,W/m²,38.0
2025-06-02 19:00:00,Point de Rosée,Point de Rosée,°c,5.1
2025-06-02 19:00:00,Humidité relative,Humidité relative,%,24.6
2025-06-02 19:00:00,Température,Température,°c,27.1
2025-06-02 19:00:00,Direction du vent,Direction du vent,Deg,80.7
2025-06-02 19:00:00,Vitesse du vent,Vitesse du vent,m/s,2.03
2025-06-02 19:00:00,Évapotranspiration journalière,Évapotranspiration journalière,mm/j,6.45
2025-06-02 19:00:00,Évapotranspiration Horaire,Évapotranspiration Horaire,mm/h,0.27
2025-06-02 17:00:00,Pression atmosphérique,Pression atmosphérique,hPa,962.8
2025-06-02 17:00:00,Rayonnement solaire,Rayonnement solaire,W/m²,415.0
2025-06-02 17:00:00,Point de Rosée,Point de Rosée,°c,5.2
2025-06-02 17:00:00,Humidité relative,Humidité relative,%,22.4
2025-06-02 17:00:00,Température,Température,°c,28.8
2025-06-02 17:00:00,Direction du vent,Direction du vent,Deg,122.1
2025-06-02 17:00:00,Vitesse du vent,Vitesse du vent,m/s,1.65
2025-06-02 17:00:00,Évapotranspiration journalière,Évapotranspiration journalière,mm/j,6.45
2025-06-02 17:00:00,Évapotranspiration Horaire,Évapotranspiration Horaire,mm/h,0.32
2025-06-02 15:00:00,Pression atmosphérique,Pression atmosphérique,hPa,963.6
2025-06-02 15:00:00,Rayonnement solaire,Rayonnement solaire,W/m²,783.0
2025-06-02 15:00:00,Point de Rosée,Point de Rosée,°c,6.9
2025-06-02 15:00:00,Humidité relative,Humidité relative,%,25.5
2025-06-02 15:00:00,Température,Température,°c,28.5
2025-06-02 15:00:00,Direction du vent,Direction du vent,Deg,223.6
2025-06-02 15:00:00,Vitesse du vent,Vitesse du vent,m/s,0.75
2025-06-02 15:00:00,Évapotranspiration journalière,Évapotranspiration journalière,mm/j,6.45
2025-06-02 15:00:00,Évapotranspiration Horaire,Évapotranspiration Horaire,mm/h,0.31
2025-06-02 13:00:00,Pression atmosphérique,Pression atmosphérique,hPa,964.8
2025-06-02 13:00:00,Rayonnement solaire,Rayonnement solaire,W/m²,971.0
2025-06-02 13:00:00,Point de Rosée,Point de Rosée,°c,7.2
2025-06-02 13:00:00,Humidité relative,Humidité relative,%,28.8
2025-06-02 13:00:00,Température,Température,°c,26.8
2025-06-02 13:00:00,Direction du vent,Direction du vent,Deg,197.9
2025-06-02 13:00:00,Vitesse du vent,Vitesse du vent,m/s,2.89
2025-06-02 13:00:00,Évapotranspiration journalière,Évapotranspiration journalière,mm/j,6.45
2025-06-02 13:00:00,Évapotranspiration Horaire,Évapotranspiration Horaire,mm/h,0.27
2025-06-02 12:00:00,Évapotranspiration Horaire,Évapotranspiration Horaire,mm/h,0.24
2025-06-02 12:00:00,Pression atmosphérique,Pression atmosphérique,hPa,965.4
2025-06-02 12:00:00,Rayonnement solaire,Rayonnement solaire,W/m²,987.0
2025-06-02 12:00:00,Point de Rosée,Point de Rosée,°c,7.4
2025-06-02 12:00:00,Humidité relative,Humidité relative,%,31.5
2025-06-02 12:00:00,Température,Température,°c,25.5
2025-06-02 12:00:00,Direction du vent,Direction du vent,Deg,241.0
2025-06-02 12:00:00,Vitesse du vent,Vitesse du vent,m/s,1.5
2025-06-02 12:00:00,Évapotranspiration journalière,Évapotranspiration journalière,mm/j,6.45
2025-06-02 11:00:00,Humidité relative,Humidité relative,%,38.3
2025-06-02 11:00:00,Rayonnement solaire,Rayonnement solaire,W/m²,932.0
2025-06-02 11:00:00,Direction du vent,Direction du vent,Deg,159.5
2025-06-02 11:00:00,Température,Température,°c,23.8
2025-06-02 11:00:00,Vitesse du vent,Vitesse du vent,m/s,2.16
2025-06-02 11:00:00,Point de Rosée,Point de Rosée,°c,8.8
2025-06-02 11:00:00,Évapotranspiration journalière,Évapotranspiration journalière,mm/j,6.45
2025-06-02 11:00:00,Pression atmosphérique,Pression atmosphérique,hPa,965.7
2025-06-02 11:00:00,Évapotranspiration Horaire,Évapotranspiration Horaire,mm/h,0.24
2025-06-02 09:00:00,Pression atmosphérique,Pression atmosphérique,hPa,966.2
2025-06-02 09:00:00,Rayonnement solaire,Rayonnement solaire,W/m²,658.0
2025-06-02 09:00:00,Point de Rosée,Point de Rosée,°c,6.9
2025-06-02 09:00:00,Humidité relative,Humidité relative,%,37.6
2025-06-02 09:00:00,Température,Température,°c,22.0
2025-06-02 09:00:00,Direction du vent,Direction du vent,Deg,145.6
2025-06-02 09:00:00,Vitesse du vent,Vitesse du vent,m/s,2.82
2025-06-02 09:00:00,Évapotranspiration journalière,Évapotranspiration journalière,mm/j,6.45
2025-06-02 09:00:00,Évapotranspiration Horaire,Évapotranspiration Horaire,mm/h,0.33
2025-06-02 08:00:00,Évapotranspiration journalière,Évapotranspiration journalière,mm/j,6.45
2025-06-02 08:00:00,Pression atmosphérique,Pression atmosphérique,hPa,966.3
2025-06-02 08:00:00,Rayonnement solaire,Rayonnement solaire,W/m²,456.0
2025-06-02 08:00:00,Point de Rosée,Point de Rosée,°c,7.0
2025-06-02 08:00:00,Humidité relative,Humidité relative,%,39.8
2025-06-02 08:00:00,Température,Température,°c,21.2
2025-06-02 08:00:00,Direction du vent,Direction du vent,Deg,12.4
2025-06-02 08:00:00,Vitesse du vent,Vitesse du vent,m/s,0.47
2025-06-02 08:00:00,Évapotranspiration Horaire,Évapotranspiration Horaire,mm/h,0.33
2025-06-02 07:00:00,Pression atmosphérique,Pression atmosphérique,hPa,966.0
2025-06-02 07:00:00,Point de Rosée,Point de Rosée,°c,7.2
2025-06-02 07:00:00,Direction du vent,Direction du vent,Deg,196.0
2025-06-02 07:00:00,Rayonnement solaire,Rayonnement solaire,W/m²,243.0
2025-06-02 07:00:00,Température,Température,°c,19.7
2025-06-02 07:00:00,Vitesse du vent,Vitesse du vent,m/s,2.26
2025-06-02 07:00:00,Évapotranspiration Horaire,Évapotranspiration Horaire,mm/h,0.33
2025-06-02 07:00:00,Évapotranspiration journalière,Évapotranspiration journalière,mm/j,6.45
2025-06-02 07:00:00,Humidité relative,Humidité relative,%,44.4
2025-06-02 06:00:00,Évapotranspiration journalière,Évapotranspiration journalière,mm/j,6.45
2025-06-02 06:00:00,Évapotranspiration Horaire,Évapotranspiration Horaire,mm/h,0.33
2025-06-02 06:00:00,Pression atmosphérique,Pression atmosphérique,hPa,965.9
2025-06-02 06:00:00,Rayonnement solaire,Rayonnement solaire,W/m²,76.0
2025-06-02 06:00:00,Point de Rosée,Point de Rosée,°c,9.0
2025-06-02 06:00:00,Humidité relative,Humidité relative,%,64.1
2025-06-02 06:00:00,Température,Température,°c,15.7
2025-06-02 06:00:00,Direction du vent,Direction du vent,Deg,225.8
2025-06-02 06:00:00,Vitesse du vent,Vitesse du vent,m/s,1.33
2025-06-02 05:00:00,Température,Température,°c,15.0
2025-06-02 05:00:00,Évapotranspiration Horaire,Évapotranspiration Horaire,mm/h,0.33
2025-06-02 05:00:00,Direction du vent,Direction du vent,Deg,207.1
2025-06-02 05:00:00,Rayonnement solaire,Rayonnement solaire,W/m²,0.0
2025-06-02 05:00:00,Évapotranspiration journalière,Évapotranspiration journalière,mm/j,6.45
2025-06-02 05:00:00,Point de Rosée,Point de Rosée,°c,8.6
2025-06-02 05:00:00,Pression atmosphérique,Pression atmosphérique,hPa,965.6
2025-06-02 05:00:00,Humidité relative,Humidité relative,%,65.7
2025-06-02 05:00:00,Vitesse du vent,Vitesse du vent,m/s,1.65
2025-06-01 08:00:00,Pression atmosphérique,Pression atmosphérique,hPa,965.9
2025-06-01 08:00:00,Rayonnement solaire,Rayonnement solaire,W/m²,448.0
2025-06-01 08:00:00,Point de Rosée,Point de Rosée,°c,7.5
2025-06-01 08:00:00,Humidité relative,Humidité relative,%,36.0
2025-06-01 08:00:00,Température,Température,°c,23.4
2025-06-01 08:00:00,Direction du vent,Direction du vent,Deg,48.8
2025-06-01 08:00:00,Vitesse du vent,Vitesse du vent,m/s,0.73
2025-06-01 08:00:00,Évapotranspiration journalière,Évapotranspiration journalière,mm/j,6.07
2025-06-01 08:00:00,Évapotranspiration Horaire,Évapotranspiration Horaire,mm/h,0.17
2025-06-01 07:00:00,Rayonnement solaire,Rayonnement solaire,W/m²,235.0
2025-06-01 07:00:00,Température,Température,°c,20.3
2025-06-01 07:00:00,Pression atmosphérique,Pression atmosphérique,hPa,965.8
2025-06-01 07:00:00,Humidité relative,Humidité relative,%,44.6
2025-06-01 07:00:00,Évapotranspiration journalière,Évapotranspiration journalière,mm/j,6.07
2025-06-01 07:00:00,Direction du vent,Direction du vent,Deg,322.4
2025-06-01 07:00:00,Évapotranspiration Horaire,Évapotranspiration Horaire,mm/h,0.12
2025-06-01 07:00:00,Point de Rosée,Point de Rosée,°c,7.9
2025-06-01 07:00:00,Vitesse du vent,Vitesse du vent,m/s,0.56
2025-06-01 06:00:00,Température,Température,°c,15.8
2025-06-01 06:00:00,Direction du vent,Direction du vent,Deg,190.3
2025-06-01 06:00:00,Vitesse du vent,Vitesse du vent,m/s,0.72
2025-06-01 06:00:00,Évapotranspiration journalière,Évapotranspiration journalière,mm/j,6.07
2025-06-01 06:00:00,Évapotranspiration Horaire,Évapotranspiration Horaire,mm/h,0.1
2025-06-01 06:00:00,Pression atmosphérique,Pression atmosphérique,hPa,965.5
2025-06-01 06:00:00,Rayonnement solaire,Rayonnement solaire,W/m²,74.0
2025-06-01 06:00:00,Point de Rosée,Point de Rosée,°c,8.3
2025-06-01 06:00:00,Humidité relative,Humidité relative,%,61.1
2025-06-01 05:00:00,Pression atmosphérique,Pression atmosphérique,hPa,965.5
2025-06-01 05:00:00,Rayonnement solaire,Rayonnement solaire,W/m²,0.0
2025-06-01 05:00:00,Point de Rosée,Point de Rosée,°c,8.6
2025-06-01 05:00:00,Humidité relative,Humidité relative,%,69.8
2025-06-01 05:00:00,Température,Température,°c,14.0
2025-06-01 05:00:00,Direction du vent,Direction du vent,Deg,161.4
2025-06-01 05:00:00,Vitesse du vent,Vitesse du vent,m/s,0.99
2025-06-01 05:00:00,Évapotranspiration journalière,Évapotranspiration journalière,mm/j,6.07
2025-06-01 05:00:00,Évapotranspiration Horaire,Évapotranspiration Horaire,mm/h,0.11
2025-06-01 04:00:00,Pression atmosphérique,Pression atmosphérique,hPa,965.4
2025-06-01 04:00:00,Rayonnement solaire,Rayonnement solaire,W/m²,0.0
2025-06-01 04:00:00,Point de Rosée,Point de Rosée,°c,9.1
2025-06-01 04:00:00,Humidité relative,Humidité relative,%,70.2
2025-06-01 04:00:00,Température,Température,°c,14.5
2025-06-01 04:00:00,Direction du vent,Direction du vent,Deg,198.3
2025-06-01 04:00:00,Vitesse du vent,Vitesse du vent,m/s,1.21
2025-06-01 04:00:00,Évapotranspiration journalière,Évapotranspiration journalière,mm/j,6.07
2025-06-01 04:00:00,Évapotranspiration Horaire,Évapotranspiration Horaire,mm/h,0.11
2025-06-01 03:00:00,Température,Température,°c,15.9
2025-06-01 03:00:00,Pression atmosphérique,Pression atmosphérique,hPa,965.3
2025-06-01 03:00:00,Évapotranspiration journalière,Évapotranspiration journalière,mm/j,6.07
2025-06-01 03:00:00,Rayonnement solaire,Rayonnement solaire,W/m²,0.0
2025-06-01 03:00:00,Vitesse du vent,Vitesse du vent,m/s,0.94
2025-06-01 03:00:00,Point de Rosée,Point de Rosée,°c,9.5
2025-06-01 03:00:00,Évapotranspiration Horaire,Évapotranspiration Horaire,mm/h,0.11
2025-06-01 03:00:00,Humidité relative,Humidité relative,%,66.0
2025-06-01 03:00:00,Direction du vent,Direction du vent,Deg,210.8
2025-06-01 02:00:00,Pression atmosphérique,Pression atmosphérique,hPa,965.4
2025-06-01 02:00:00,Évapotranspiration Horaire,Évapotranspiration Horaire,mm/h,0.13
2025-06-01 02:00:00,Évapotranspiration journalière,Évapotranspiration journalière,mm/j,6.07
2025-06-01 02:00:00,Vitesse du vent,Vitesse du vent,m/s,0.81
2025-06-01 02:00:00,Direction du vent,Direction du vent,Deg,198.3
2025-06-01 02:00:00,Température,Température,°c,15.9
2025-06-01 02:00:00,Humidité relative,Humidité relative,%,66.2
2025-06-01 02:00:00,Point de Rosée,Point de Rosée,°c,9.6
2025-06-01 02:00:00,Rayonnement solaire,Rayonnement solaire,W/m²,0.0
2025-06-01 01:00:00,Évapotranspiration Horaire,Évapotranspiration Horaire,mm/h,0.16
2025-06-01 01:00:00,Humidité relative,Humidité relative,%,62.4
2025-06-01 01:00:00,Rayonnement solaire,Rayonnement solaire,W/m²,0.0
2025-06-01 01:00:00,Évapotranspiration journalière,Évapotranspiration journalière,mm/j,6.07
2025-06-01 01:00:00,Pression atmosphérique,Pression atmosphérique,hPa,965.7
2025-06-01 01:00:00,Vitesse du vent,Vitesse du vent,m/s,0.83
2025-06-01 01:00:00,Température,Température,°c,17.0
2025-06-01 01:00:00,Direction du vent,Direction du vent,Deg,208.9
2025-06-01 01:00:00,Point de Rosée,Point de Rosée,°c,9.8
2025-06-01 00:00:00,Vitesse du vent,Vitesse du vent,m/s,0.69
2025-06-01 00:00:00,Évapotranspiration journalière,Évapotranspiration journalière,mm/j,6.13
2025-06-01 00:00:00,Évapotranspiration Horaire,Évapotranspiration Horaire,mm/h,0.16
2025-06-01 00:00:00,Pression atmosphérique,Pression atmosphérique,hPa,966.2
2025-06-01 00:00:00,Rayonnement solaire,Rayonnement solaire,W/m²,0.0
2025-06-01 00:00:00,Point de Rosée,Point de Rosée,°c,10.0
2025-06-01 00:00:00,Humidité relative,Humidité relative,%,57.1
2025-06-01 00:00:00,Température,Température,°c,18.6
2025-06-01 00:00:00,Direction du vent,Direction du vent,Deg,185.5
2025-05-31 23:00:00,Évapotranspiration journalière,Évapotranspiration journalière,mm/j,6.13
2025-05-31 23:00:00,Rayonnement solaire,Rayonnement solaire,W/m²,0.0
2025-05-31 23:00:00,Température,Température,°c,20.9
2025-05-31 23:00:00,Pression atmosphérique,Pression atmosphérique,hPa,966.5
2025-05-31 23:00:00,Vitesse du vent,Vitesse du vent,m/s,0.61
2025-05-31 23:00:00,Évapotranspiration Horaire,Évapotranspiration Horaire,mm/h,0.18
2025-05-31 23:00:00,Point de Rosée,Point de Rosée,°c,10.0
2025-05-31 23:00:00,Direction du vent,Direction du vent,Deg,167.6
2025-05-31 23:00:00,Humidité relative,Humidité relative,%,49.6
2025-05-31 22:00:00,Rayonnement solaire,Rayonnement solaire,W/m²,0.0
2025-05-31 22:00:00,Humidité relative,Humidité relative,%,47.3
2025-05-31 22:00:00,Point de Rosée,Point de Rosée,°c,9.8
2025-05-31 22:00:00,Pression atmosphérique,Pression atmosphérique,hPa,966.4
2025-05-31 22:00:00,Direction du vent,Direction du vent,Deg,73.9
2025-05-31 22:00:00,Vitesse du vent,Vitesse du vent,m/s,1.01
2025-05-31 22:00:00,Évapotranspiration journalière,Évapotranspiration journalière,mm/j,6.13
2025-05-31 22:00:00,Évapotranspiration Horaire,Évapotranspiration Horaire,mm/h,0.18
2025-05-31 22:00:00,Température,Température,°c,21.5
2025-05-31 21:00:00,Température,Température,°c,22.6
2025-05-31 21:00:00,Direction du vent,Direction du vent,Deg,83.2
2025-05-31 21:00:00,Vitesse du vent,Vitesse du vent,m/s,3.27
2025-05-31 21:00:00,Évapotranspiration journalière,Évapotranspiration journalière,mm/j,6.13
2025-05-31 21:00:00,Évapotranspiration Horaire,Évapotranspiration Horaire,mm/h,0.19
2025-05-31 21:00:00,Pression atmosphérique,Pression atmosphérique,hPa,965.7
2025-05-31 21:00:00,Rayonnement solaire,Rayonnement solaire,W/m²,0.0
2025-05-31 21:00:00,Point de Rosée,Point de Rosée,°c,9.8
2025-05-31 21:00:00,Humidité relative,Humidité relative,%,44.1
2025-05-31 20:00:00,Pression atmosphérique,Pression atmosphérique,hPa,964.9
2025-05-31 20:00:00,Humidité relative,Humidité relative,%,38.5
2025-05-31 20:00:00,Rayonnement solaire,Rayonnement solaire,W/m²,0.0
2025-05-31 20:00:00,Température,Température,°c,24.1
2025-05-31 20:00:00,Point de Rosée,Point de Rosée,°c,9.1
2025-05-31 20:00:00,Direction du vent,Direction du vent,Deg,67.4
2025-05-31 20:00:00,Évapotranspiration journalière,Évapotranspiration journalière,mm/j,6.13
2025-05-31 20:00:00,Vitesse du vent,Vitesse du vent,m/s,3.83
2025-05-31 20:00:00,Évapotranspiration Horaire,Évapotranspiration Horaire,mm/h,0.23
2025-05-31 19:00:00,Point de Rosée,Point de Rosée,°c,8.7
2025-05-31 19:00:00,Évapotranspiration Horaire,Évapotranspiration Horaire,mm/h,0.26
2025-05-31 19:00:00,Évapotranspiration journalière,Évapotranspiration journalière,mm/j,6.13
2025-05-31 19:00:00,Vitesse du vent,Vitesse du vent,m/s,3.06
2025-05-31 19:00:00,Direction du vent,Direction du vent,Deg,50.2
2025-05-31 19:00:00,Température,Température,°c,26.2
2025-05-31 19:00:00,Humidité relative,Humidité relative,%,33.0
2025-05-31 19:00:00,Rayonnement solaire,Rayonnement solaire,W/m²,33.0
2025-05-31 19:00:00,Pression atmosphérique,Pression atmosphérique,hPa,964.5
2025-05-31 18:00:00,Pression atmosphérique,Pression atmosphérique,hPa,963.8
2025-05-31 18:00:00,Évapotranspiration Horaire,Évapotranspiration Horaire,mm/h,0.28
2025-05-31 18:00:00,Rayonnement solaire,Rayonnement solaire,W/m²,68.0
2025-05-31 18:00:00,Point de Rosée,Point de Rosée,°c,7.9
2025-05-31 18:00:00,Humidité relative,Humidité relative,%,26.7
2025-05-31 18:00:00,Température,Température,°c,28.9
2025-05-31 18:00:00,Direction du vent,Direction du vent,Deg,47.8
2025-05-31 18:00:00,Vitesse du vent,Vitesse du vent,m/s,0.55
2025-05-31 18:00:00,Évapotranspiration journalière,Évapotranspiration journalière,mm/j,6.13
2025-05-31 17:00:00,Vitesse du vent,Vitesse du vent,m/s,1.91
2025-05-31 17:00:00,Évapotranspiration Horaire,Évapotranspiration Horaire,mm/h,0.3
2025-05-31 17:00:00,Évapotranspiration journalière,Évapotranspiration journalière,mm/j,6.13
2025-05-31 17:00:00,Direction du vent,Direction du vent,Deg,90.8
2025-05-31 17:00:00,Température,Température,°c,29.8
2025-05-31 17:00:00,Humidité relative,Humidité relative,%,24.6
2025-05-31 17:00:00,Point de Rosée,Point de Rosée,°c,7.4
2025-05-31 17:00:00,Rayonnement solaire,Rayonnement solaire,W/m²,398.0
2025-05-31 17:00:00,Pression atmosphérique,Pression atmosphérique,hPa,963.6
2025-05-31 16:00:00,Évapotranspiration Horaire,Évapotranspiration Horaire,mm/h,0.31
2025-05-31 16:00:00,Humidité relative,Humidité relative,%,23.6
2025-05-31 16:00:00,Évapotranspiration journalière,Évapotranspiration journalière,mm/j,6.13
2025-05-31 16:00:00,Pression atmosphérique,Pression atmosphérique,hPa,963.9
2025-05-31 16:00:00,Température,Température,°c,30.0
2025-05-31 16:00:00,Point de Rosée,Point de Rosée,°c,7.0
2025-05-31 16:00:00,Direction du vent,Direction du vent,Deg,37.3
2025-05-31 16:00:00,Rayonnement solaire,Rayonnement solaire,W/m²,599.0
2025-05-31 16:00:00,Vitesse du vent,Vitesse du vent,m/s,3.55
2025-05-31 15:00:00,Température,Température,°c,29.8
2025-05-31 15:00:00,Humidité relative,Humidité relative,%,24.2
2025-05-31 15:00:00,Point de Rosée,Point de Rosée,°c,7.2
2025-05-31 15:00:00,Rayonnement solaire,Rayonnement solaire,W/m²,757.0
2025-05-31 15:00:00,Pression atmosphérique,Pression atmosphérique,hPa,964.1
2025-05-31 15:00:00,Évapotranspiration Horaire,Évapotranspiration Horaire,mm/h,0.29
2025-05-31 15:00:00,Évapotranspiration journalière,Évapotranspiration journalière,mm/j,6.13
2025-05-31 15:00:00,Vitesse du vent,Vitesse du vent,m/s,1.75
2025-05-31 15:00:00,Direction du vent,Direction du vent,Deg,20.5
2025-05-31 14:00:00,Évapotranspiration Horaire,Évapotranspiration Horaire,mm/h,0.22
2025-05-31 14:00:00,Point de Rosée,Point de Rosée,°c,7.0
2025-05-31 14:00:00,Direction du vent,Direction du vent,Deg,132.7
2025-05-31 14:00:00,Vitesse du vent,Vitesse du vent,m/s,1.44
2025-05-31 14:00:00,Humidité relative,Humidité relative,%,25.4
2025-05-31 14:00:00,Pression atmosphérique,Pression atmosphérique,hPa,964.6
2025-05-31 14:00:00,Température,Température,°c,28.8
2025-05-31 14:00:00,Rayonnement solaire,Rayonnement solaire,W/m²,885.0
2025-05-31 14:00:00,Évapotranspiration journalière,Évapotranspiration journalière,mm/j,6.13
2025-05-31 13:00:00,Température,Température,°c,28.1
2025-05-31 13:00:00,Évapotranspiration journalière,Évapotranspiration journalière,mm/j,6.13
2025-05-31 13:00:00,Point de Rosée,Point de Rosée,°c,5.8
2025-05-31 13:00:00,Humidité relative,Humidité relative,%,24.3
2025-05-31 13:00:00,Évapotranspiration Horaire,Évapotranspiration Horaire,mm/h,0.22
2025-05-31 13:00:00,Rayonnement solaire,Rayonnement solaire,W/m²,954.0
2025-05-31 13:00:00,Pression atmosphérique,Pression atmosphérique,hPa,965.0
2025-05-31 13:00:00,Direction du vent,Direction du vent,Deg,46.0
2025-05-31 13:00:00,Vitesse du vent,Vitesse du vent,m/s,2.32
2025-05-31 12:00:00,Humidité relative,Humidité relative,%,28.3
2025-05-31 12:00:00,Évapotranspiration Horaire,Évapotranspiration Horaire,mm/h,0.22
2025-05-31 12:00:00,Évapotranspiration journalière,Évapotranspiration journalière,mm/j,6.13
2025-05-31 12:00:00,Vitesse du vent,Vitesse du vent,m/s,1.93
2025-05-31 12:00:00,Direction du vent,Direction du vent,Deg,20.4
2025-05-31 12:00:00,Température,Température,°c,26.7
2025-05-31 12:00:00,Point de Rosée,Point de Rosée,°c,6.9
2025-05-31 12:00:00,Rayonnement solaire,Rayonnement solaire,W/m²,965.0
2025-05-31 12:00:00,Pression atmosphérique,Pression atmosphérique,hPa,965.4
2025-05-31 11:00:00,Évapotranspiration Horaire,Évapotranspiration Horaire,mm/h,0.22
2025-05-31 11:00:00,Pression atmosphérique,Pression atmosphérique,hPa,965.8
2025-05-31 11:00:00,Température,Température,°c,26.2
2025-05-31 11:00:00,Point de Rosée,Point de Rosée,°c,6.3
2025-05-31 11:00:00,Direction du vent,Direction du vent,Deg,59.3
2025-05-31 11:00:00,Rayonnement solaire,Rayonnement solaire,W/m²,911.0
2025-05-31 11:00:00,Vitesse du vent,Vitesse du vent,m/s,0.47
2025-05-31 11:00:00,Humidité relative,Humidité relative,%,28.2
2025-05-31 11:00:00,Évapotranspiration journalière,Évapotranspiration journalière,mm/j,6.13
2025-05-31 10:00:00,Température,Température,°c,25.5
2025-05-31 10:00:00,Pression atmosphérique,Pression atmosphérique,hPa,966.0
2025-05-31 10:00:00,Rayonnement solaire,Rayonnement solaire,W/m²,802.0
2025-05-31 10:00:00,Point de Rosée,Point de Rosée,°c,6.7
2025-05-31 10:00:00,Humidité relative,Humidité relative,%,30.1
2025-05-31 10:00:00,Direction du vent,Direction du vent,Deg,18.7
2025-05-31 10:00:00,Vitesse du vent,Vitesse du vent,m/s,1.4
2025-05-31 10:00:00,Évapotranspiration journalière,Évapotranspiration journalière,mm/j,6.13
2025-05-31 10:00:00,Évapotranspiration Horaire,Évapotranspiration Horaire,mm/h,0.14
2025-05-31 09:00:00,Direction du vent,Direction du vent,Deg,18.8
2025-05-31 09:00:00,Vitesse du vent,Vitesse du vent,m/s,1.71
2025-05-31 09:00:00,Pression atmosphérique,Pression atmosphérique,hPa,966.0
2025-05-31 09:00:00,Évapotranspiration Horaire,Évapotranspiration Horaire,mm/h,0.14
2025-05-31 09:00:00,Rayonnement solaire,Rayonnement solaire,W/m²,639.0
2025-05-31 09:00:00,Évapotranspiration journalière,Évapotranspiration journalière,mm/j,6.13
2025-05-31 09:00:00,Point de Rosée,Point de Rosée,°c,6.3
2025-05-31 09:00:00,Température,Température,°c,24.0
2025-05-31 09:00:00,Humidité relative,Humidité relative,%,32.0
2025-05-31 08:00:00,Point de Rosée,Point de Rosée,°c,6.6
2025-05-31 08:00:00,Pression atmosphérique,Pression atmosphérique,hPa,966.0
2025-05-31 08:00:00,Évapotranspiration journalière,Évapotranspiration journalière,mm/j,6.13
2025-05-31 08:00:00,Rayonnement solaire,Rayonnement solaire,W/m²,441.0
2025-05-31 08:00:00,Vitesse du vent,Vitesse du vent,m/s,0.73
2025-05-31 08:00:00,Direction du vent,Direction du vent,Deg,104.7
2025-05-31 08:00:00,Évapotranspiration Horaire,Évapotranspiration Horaire,mm/h,0.14
2025-05-31 08:00:00,Température,Température,°c,23.1
2025-05-31 08:00:00,Humidité relative,Humidité relative,%,34.5
2025-05-31 07:00:00,Humidité relative,Humidité relative,%,43.2
2025-05-31 07:00:00,Pression atmosphérique,Pression atmosphérique,hPa,965.9
2025-05-31 07:00:00,Rayonnement solaire,Rayonnement solaire,W/m²,230.0
2025-05-31 07:00:00,Point de Rosée,Point de Rosée,°c,8.3
2025-05-31 07:00:00,Température,Température,°c,21.3
2025-05-31 07:00:00,Direction du vent,Direction du vent,Deg,54.0
2025-05-31 07:00:00,Vitesse du vent,Vitesse du vent,m/s,0.44
2025-05-31 07:00:00,Évapotranspiration journalière,Évapotranspiration journalière,mm/j,6.13
2025-05-31 07:00:00,Évapotranspiration Horaire,Évapotranspiration Horaire,mm/h,0.1
2025-05-31 05:00:00,Pression atmosphérique,Pression atmosphérique,hPa,965.4
2025-05-31 05:00:00,Rayonnement solaire,Rayonnement solaire,W/m²,0.0
2025-05-31 05:00:00,Point de Rosée,Point de Rosée,°c,7.7
2025-05-31 05:00:00,Humidité relative,Humidité relative,%,67.0
2025-05-31 05:00:00,Température,Température,°c,13.7
2025-05-31 05:00:00,Direction du vent,Direction du vent,Deg,182.4
2025-05-31 05:00:00,Vitesse du vent,Vitesse du vent,m/s,0.74
2025-05-31 05:00:00,Évapotranspiration journalière,Évapotranspiration journalière,mm/j,6.13
2025-05-31 05:00:00,Évapotranspiration Horaire,Évapotranspiration Horaire,mm/h,0.15
2025-05-30 17:00:00,Pression atmosphérique,Pression atmosphérique,hPa,963.9
2025-05-30 17:00:00,Rayonnement solaire,Rayonnement solaire,W/m²,388.0
2025-05-30 17:00:00,Point de Rosée,Point de Rosée,°c,10.9
2025-05-30 17:00:00,Humidité relative,Humidité relative,%,35.2
2025-05-30 17:00:00,Température,Température,°c,27.6
2025-05-30 17:00:00,Direction du vent,Direction du vent,Deg,108.9
2025-05-30 17:00:00,Vitesse du vent,Vitesse du vent,m/s,2.82
2025-05-30 17:00:00,Évapotranspiration journalière,Évapotranspiration journalière,mm/j,7.26
2025-05-30 17:00:00,Évapotranspiration Horaire,Évapotranspiration Horaire,mm/h,0.26
2025-05-30 16:00:00,Pression atmosphérique,Pression atmosphérique,hPa,964.1
2025-05-30 16:00:00,Direction du vent,Direction du vent,Deg,56.3
2025-05-30 16:00:00,Rayonnement solaire,Rayonnement solaire,W/m²,599.0
2025-05-30 16:00:00,Vitesse du vent,Vitesse du vent,m/s,3.41
2025-05-30 16:00:00,Humidité relative,Humidité relative,%,32.2
2025-05-30 16:00:00,Évapotranspiration journalière,Évapotranspiration journalière,mm/j,7.26
2025-05-30 16:00:00,Point de Rosée,Point de Rosée,°c,10.1
2025-05-30 16:00:00,Évapotranspiration Horaire,Évapotranspiration Horaire,mm/h,0.28
2025-05-30 16:00:00,Température,Température,°c,28.3
2025-05-30 15:00:00,Évapotranspiration Horaire,Évapotranspiration Horaire,mm/h,0.3
2025-05-30 15:00:00,Rayonnement solaire,Rayonnement solaire,W/m²,468.0
2025-05-30 15:00:00,Point de Rosée,Point de Rosée,°c,9.0
2025-05-30 15:00:00,Humidité relative,Humidité relative,%,30.3
2025-05-30 15:00:00,Température,Température,°c,28.0
2025-05-30 15:00:00,Direction du vent,Direction du vent,Deg,40.6
2025-05-30 15:00:00,Vitesse du vent,Vitesse du vent,m/s,0.85
2025-05-30 15:00:00,Évapotranspiration journalière,Évapotranspiration journalière,mm/j,7.26
2025-05-30 15:00:00,Pression atmosphérique,Pression atmosphérique,hPa,964.4
2025-05-30 13:00:00,Température,Température,°c,26.8
2025-05-30 13:00:00,Pression atmosphérique,Pression atmosphérique,hPa,965.0
2025-05-30 13:00:00,Rayonnement solaire,Rayonnement solaire,W/m²,956.0
2025-05-30 13:00:00,Point de Rosée,Point de Rosée,°c,7.8
2025-05-30 13:00:00,Humidité relative,Humidité relative,%,30.1
2025-05-30 13:00:00,Direction du vent,Direction du vent,Deg,10.8
2025-05-30 13:00:00,Vitesse du vent,Vitesse du vent,m/s,2.24
2025-05-30 13:00:00,Évapotranspiration journalière,Évapotranspiration journalière,mm/j,7.26
2025-05-30 13:00:00,Évapotranspiration Horaire,Évapotranspiration Horaire,mm/h,0.26
2025-05-30 12:00:00,Pression atmosphérique,Pression atmosphérique,hPa,965.4
2025-05-30 12:00:00,Rayonnement solaire,Rayonnement solaire,W/m²,966.0
2025-05-30 12:00:00,Point de Rosée,Point de Rosée,°c,8.4
2025-05-30 12:00:00,Humidité relative,Humidité relative,%,32.2
2025-05-30 12:00:00,Température,Température,°c,26.3
2025-05-30 12:00:00,Évapotranspiration Horaire,Évapotranspiration Horaire,mm/h,0.21
2025-05-30 12:00:00,Évapotranspiration journalière,Évapotranspiration journalière,mm/j,7.26
2025-05-30 12:00:00,Vitesse du vent,Vitesse du vent,m/s,1.58
2025-05-30 12:00:00,Direction du vent,Direction du vent,Deg,24.6
2025-05-30 11:00:00,Température,Température,°c,25.5
2025-05-30 11:00:00,Pression atmosphérique,Pression atmosphérique,hPa,965.5
2025-05-30 11:00:00,Évapotranspiration Horaire,Évapotranspiration Horaire,mm/h,0.18
2025-05-30 11:00:00,Rayonnement solaire,Rayonnement solaire,W/m²,913.0
2025-05-30 11:00:00,Vitesse du vent,Vitesse du vent,m/s,3.76
2025-05-30 11:00:00,Point de Rosée,Point de Rosée,°c,8.7
2025-05-30 11:00:00,Évapotranspiration journalière,Évapotranspiration journalière,mm/j,7.26
2025-05-30 11:00:00,Humidité relative,Humidité relative,%,34.5
2025-05-30 11:00:00,Direction du vent,Direction du vent,Deg,36.6
2025-05-30 09:00:00,Température,Température,°c,24.3
2025-05-30 09:00:00,Évapotranspiration Horaire,Évapotranspiration Horaire,mm/h,0.17
2025-05-30 09:00:00,Évapotranspiration journalière,Évapotranspiration journalière,mm/j,7.26
2025-05-30 09:00:00,Vitesse du vent,Vitesse du vent,m/s,1.15
2025-05-30 09:00:00,Direction du vent,Direction du vent,Deg,54.4
2025-05-30 09:00:00,Humidité relative,Humidité relative,%,37.4
2025-05-30 09:00:00,Point de Rosée,Point de Rosée,°c,8.9
2025-05-30 09:00:00,Rayonnement solaire,Rayonnement solaire,W/m²,640.0
2025-05-30 09:00:00,Pression atmosphérique,Pression atmosphérique,hPa,965.3
2025-05-30 08:00:00,Point de Rosée,Point de Rosée,°c,8.1
2025-05-30 08:00:00,Direction du vent,Direction du vent,Deg,313.4
2025-05-30 08:00:00,Rayonnement solaire,Rayonnement solaire,W/m²,444.0
2025-05-30 08:00:00,Vitesse du vent,Vitesse du vent,m/s,1.36
2025-05-30 08:00:00,Pression atmosphérique,Pression atmosphérique,hPa,965.1
2025-05-30 08:00:00,Évapotranspiration journalière,Évapotranspiration journalière,mm/j,7.26
2025-05-30 08:00:00,Humidité relative,Humidité relative,%,40.5
2025-05-30 08:00:00,Évapotranspiration Horaire,Évapotranspiration Horaire,mm/h,0.15
2025-05-30 08:00:00,Température,Température,°c,22.2
2025-05-30 07:00:00,Rayonnement solaire,Rayonnement solaire,W/m²,234.0
2025-05-30 07:00:00,Humidité relative,Humidité relative,%,44.5
2025-05-30 07:00:00,Pression atmosphérique,Pression atmosphérique,hPa,965.0
2025-05-30 07:00:00,Température,Température,°c,20.5
2025-05-30 07:00:00,Direction du vent,Direction du vent,Deg,52.1
2025-05-30 07:00:00,Vitesse du vent,Vitesse du vent,m/s,1.49
2025-05-30 07:00:00,Évapotranspiration journalière,Évapotranspiration journalière,mm/j,7.26
2025-05-30 07:00:00,Évapotranspiration Horaire,Évapotranspiration Horaire,mm/h,0.15
2025-05-30 07:00:00,Point de Rosée,Point de Rosée,°c,8.0
2025-05-30 06:00:00,Pression atmosphérique,Pression atmosphérique,hPa,964.8
2025-05-30 06:00:00,Évapotranspiration journalière,Évapotranspiration journalière,mm/j,7.26
2025-05-30 06:00:00,Rayonnement solaire,Rayonnement solaire,W/m²,70.0
2025-05-30 06:00:00,Température,Température,°c,18.9
2025-05-30 06:00:00,Point de Rosée,Point de Rosée,°c,7.4
2025-05-30 06:00:00,Vitesse du vent,Vitesse du vent,m/s,1.47
2025-05-30 06:00:00,Humidité relative,Humidité relative,%,47.3
2025-05-30 06:00:00,Évapotranspiration Horaire,Évapotranspiration Horaire,mm/h,0.12
2025-05-30 06:00:00,Direction du vent,Direction du vent,Deg,146.7
2025-05-30 05:00:00,Évapotranspiration journalière,Évapotranspiration journalière,mm/j,7.26
2025-05-30 05:00:00,Pression atmosphérique,Pression atmosphérique,hPa,964.5
2025-05-30 05:00:00,Rayonnement solaire,Rayonnement solaire,W/m²,0.0
2025-05-30 05:00:00,Point de Rosée,Point de Rosée,°c,7.0
2025-05-30 05:00:00,Humidité relative,Humidité relative,%,45.9
2025-05-30 05:00:00,Température,Température,°c,18.9
2025-05-30 05:00:00,Direction du vent,Direction du vent,Deg,282.0
2025-05-30 05:00:00,Vitesse du vent,Vitesse du vent,m/s,0.46
2025-05-30 05:00:00,Évapotranspiration Horaire,Évapotranspiration Horaire,mm/h,0.22
2025-05-29 16:00:00,Rayonnement solaire,Rayonnement solaire,W/m²,616.0
2025-05-29 16:00:00,Direction du vent,Direction du vent,Deg,11.2
2025-05-29 16:00:00,Humidité relative,Humidité relative,%,23.0
2025-05-29 16:00:00,Vitesse du vent,Vitesse du vent,m/s,1.57
2025-05-29 16:00:00,Point de Rosée,Point de Rosée,°c,6.9
2025-05-29 16:00:00,Évapotranspiration journalière,Évapotranspiration journalière,mm/j,6.58
2025-05-29 16:00:00,Température,Température,°c,30.3
2025-05-29 16:00:00,Évapotranspiration Horaire,Évapotranspiration Horaire,mm/h,0.28
2025-05-29 16:00:00,Pression atmosphérique,Pression atmosphérique,hPa,963.4
2025-05-29 15:00:00,Évapotranspiration Horaire,Évapotranspiration Horaire,mm/h,0.28
2025-05-29 15:00:00,Pression atmosphérique,Pression atmosphérique,hPa,963.5
2025-05-29 15:00:00,Rayonnement solaire,Rayonnement solaire,W/m²,775.0
2025-05-29 15:00:00,Point de Rosée,Point de Rosée,°c,6.9
2025-05-29 15:00:00,Humidité relative,Humidité relative,%,24.0
2025-05-29 15:00:00,Température,Température,°c,29.6
2025-05-29 15:00:00,Direction du vent,Direction du vent,Deg,338.0
2025-05-29 15:00:00,Vitesse du vent,Vitesse du vent,m/s,4.85
2025-05-29 15:00:00,Évapotranspiration journalière,Évapotranspiration journalière,mm/j,6.58
2025-05-29 14:00:00,Pression atmosphérique,Pression atmosphérique,hPa,963.8
2025-05-29 14:00:00,Rayonnement solaire,Rayonnement solaire,W/m²,890.0
2025-05-29 14:00:00,Point de Rosée,Point de Rosée,°c,6.2
2025-05-29 14:00:00,Humidité relative,Humidité relative,%,22.6
2025-05-29 14:00:00,Température,Température,°c,29.8
2025-05-29 14:00:00,Direction du vent,Direction du vent,Deg,5.6
2025-05-29 14:00:00,Vitesse du vent,Vitesse du vent,m/s,2.32
2025-05-29 14:00:00,Évapotranspiration journalière,Évapotranspiration journalière,mm/j,6.58
2025-05-29 14:00:00,Évapotranspiration Horaire,Évapotranspiration Horaire,mm/h,0.28
2025-05-29 13:00:00,Humidité relative,Humidité relative,%,24.2
2025-05-29 13:00:00,Température,Température,°c,28.3
2025-05-29 13:00:00,Direction du vent,Direction du vent,Deg,240.0
2025-05-29 13:00:00,Point de Rosée,Point de Rosée,°c,6.0
2025-05-29 13:00:00,Vitesse du vent,Vitesse du vent,m/s,1.09
2025-05-29 13:00:00,Rayonnement solaire,Rayonnement solaire,W/m²,958.0
2025-05-29 13:00:00,Évapotranspiration journalière,Évapotranspiration journalière,mm/j,6.58
2025-05-29 13:00:00,Pression atmosphérique,Pression atmosphérique,hPa,964.3
2025-05-29 13:00:00,Évapotranspiration Horaire,Évapotranspiration Horaire,mm/h,0.26
2025-05-29 11:00:00,Pression atmosphérique,Pression atmosphérique,hPa,964.9
2025-05-29 11:00:00,Rayonnement solaire,Rayonnement solaire,W/m²,932.0
2025-05-29 11:00:00,Point de Rosée,Point de Rosée,°c,4.5
2025-05-29 11:00:00,Humidité relative,Humidité relative,%,23.8
2025-05-29 11:00:00,Température,Température,°c,26.9
2025-05-29 11:00:00,Direction du vent,Direction du vent,Deg,337.5
2025-05-29 11:00:00,Vitesse du vent,Vitesse du vent,m/s,2.93
2025-05-29 11:00:00,Évapotranspiration journalière,Évapotranspiration journalière,mm/j,6.58
2025-05-29 11:00:00,Évapotranspiration Horaire,Évapotranspiration Horaire,mm/h,0.21
2025-05-29 10:00:00,Évapotranspiration Horaire,Évapotranspiration Horaire,mm/h,0.18
2025-05-29 10:00:00,Pression atmosphérique,Pression atmosphérique,hPa,964.9
2025-05-29 10:00:00,Rayonnement solaire,Rayonnement solaire,W/m²,819.0
2025-05-29 10:00:00,Point de Rosée,Point de Rosée,°c,4.4
2025-05-29 10:00:00,Humidité relative,Humidité relative,%,25.1
2025-05-29 10:00:00,Température,Température,°c,25.9
2025-05-29 10:00:00,Direction du vent,Direction du vent,Deg,244.5
2025-05-29 10:00:00,Vitesse du vent,Vitesse du vent,m/s,2.67
2025-05-29 10:00:00,Évapotranspiration journalière,Évapotranspiration journalière,mm/j,6.58
2025-05-29 09:00:00,Vitesse du vent,Vitesse du vent,m/s,2.27
2025-05-29 09:00:00,Direction du vent,Direction du vent,Deg,283.4
2025-05-29 09:00:00,Évapotranspiration journalière,Évapotranspiration journalière,mm/j,6.58
2025-05-29 09:00:00,Rayonnement solaire,Rayonnement solaire,W/m²,658.0
2025-05-29 09:00:00,Pression atmosphérique,Pression atmosphérique,hPa,965.1
2025-05-29 09:00:00,Point de Rosée,Point de Rosée,°c,4.3
2025-05-29 09:00:00,Évapotranspiration Horaire,Évapotranspiration Horaire,mm/h,0.18
2025-05-29 09:00:00,Humidité relative,Humidité relative,%,27.0
2025-05-29 09:00:00,Température,Température,°c,24.5
2025-05-29 08:00:00,Humidité relative,Humidité relative,%,32.9
2025-05-29 08:00:00,Évapotranspiration journalière,Évapotranspiration journalière,mm/j,6.58
2025-05-29 08:00:00,Vitesse du vent,Vitesse du vent,m/s,1.23
2025-05-29 08:00:00,Point de Rosée,Point de Rosée,°c,5.2
2025-05-29 08:00:00,Pression atmosphérique,Pression atmosphérique,hPa,965.2
2025-05-29 08:00:00,Température,Température,°c,22.3
2025-05-29 08:00:00,Évapotranspiration Horaire,Évapotranspiration Horaire,mm/h,0.16
2025-05-29 08:00:00,Direction du vent,Direction du vent,Deg,316.4
2025-05-29 08:00:00,Rayonnement solaire,Rayonnement solaire,W/m²,454.0
2025-05-29 07:00:00,Température,Température,°c,20.3
2025-05-29 07:00:00,Pression atmosphérique,Pression atmosphérique,hPa,965.5
2025-05-29 07:00:00,Rayonnement solaire,Rayonnement solaire,W/m²,242.0
2025-05-29 07:00:00,Point de Rosée,Point de Rosée,°c,4.3
2025-05-29 07:00:00,Humidité relative,Humidité relative,%,34.9
2025-05-29 07:00:00,Direction du vent,Direction du vent,Deg,305.7
2025-05-29 07:00:00,Vitesse du vent,Vitesse du vent,m/s,2.12
2025-05-29 07:00:00,Évapotranspiration journalière,Évapotranspiration journalière,mm/j,6.58
2025-05-29 07:00:00,Évapotranspiration Horaire,Évapotranspiration Horaire,mm/h,0.13
2025-05-29 06:00:00,Point de Rosée,Point de Rosée,°c,4.0
2025-05-29 06:00:00,Direction du vent,Direction du vent,Deg,278.2
2025-05-29 06:00:00,Humidité relative,Humidité relative,%,37.1
2025-05-29 06:00:00,Vitesse du vent,Vitesse du vent,m/s,2.06
2025-05-29 06:00:00,Rayonnement solaire,Rayonnement solaire,W/m²,72.0
2025-05-29 06:00:00,Évapotranspiration journalière,Évapotranspiration journalière,mm/j,6.58
2025-05-29 06:00:00,Température,Température,°c,19.0
2025-05-29 06:00:00,Évapotranspiration Horaire,Évapotranspiration Horaire,mm/h,0.11
2025-05-29 06:00:00,Pression atmosphérique,Pression atmosphérique,hPa,965.6
2025-05-29 05:00:00,Évapotranspiration Horaire,Évapotranspiration Horaire,mm/h,0.19
2025-05-29 05:00:00,Rayonnement solaire,Rayonnement solaire,W/m²,0.0
2025-05-29 05:00:00,Pression atmosphérique,Pression atmosphérique,hPa,965.1
2025-05-29 05:00:00,Point de Rosée,Point de Rosée,°c,4.0
2025-05-29 05:00:00,Humidité relative,Humidité relative,%,37.8
2025-05-29 05:00:00,Température,Température,°c,18.6
2025-05-29 05:00:00,Direction du vent,Direction du vent,Deg,295.7
2025-05-29 05:00:00,Vitesse du vent,Vitesse du vent,m/s,2.45
2025-05-29 05:00:00,Évapotranspiration journalière,Évapotranspiration journalière,mm/j,6.58
2025-05-28 05:00:00,Température,Température,°c,15.5
2025-05-28 05:00:00,Pression atmosphérique,Pression atmosphérique,hPa,964.9
2025-05-28 05:00:00,Rayonnement solaire,Rayonnement solaire,W/m²,0.0
2025-05-28 05:00:00,Point de Rosée,Point de Rosée,°c,5.6
2025-05-28 05:00:00,Humidité relative,Humidité relative,%,51.7
2025-05-28 05:00:00,Direction du vent,Direction du vent,Deg,248.6
2025-05-28 05:00:00,Vitesse du vent,Vitesse du vent,m/s,1.08
2025-05-28 05:00:00,Évapotranspiration journalière,Évapotranspiration journalière,mm/j,5.91
2025-05-28 05:00:00,Évapotranspiration Horaire,Évapotranspiration Horaire,mm/h,0.12
2025-05-28 04:00:00,Rayonnement solaire,Rayonnement solaire,W/m²,0.0
2025-05-28 04:00:00,Direction du vent,Direction du vent,Deg,207.8
2025-05-28 04:00:00,Humidité relative,Humidité relative,%,45.4
2025-05-28 04:00:00,Vitesse du vent,Vitesse du vent,m/s,1.25
2025-05-28 04:00:00,Point de Rosée,Point de Rosée,°c,4.8
2025-05-28 04:00:00,Évapotranspiration journalière,Évapotranspiration journalière,mm/j,5.91
2025-05-28 04:00:00,Température,Température,°c,16.6
2025-05-28 04:00:00,Évapotranspiration Horaire,Évapotranspiration Horaire,mm/h,0.12
2025-05-28 04:00:00,Pression atmosphérique,Pression atmosphérique,hPa,964.9
2025-05-28 03:00:00,Évapotranspiration Horaire,Évapotranspiration Horaire,mm/h,0.12
2025-05-28 03:00:00,Pression atmosphérique,Pression atmosphérique,hPa,964.8
2025-05-28 03:00:00,Rayonnement solaire,Rayonnement solaire,W/m²,0.0
2025-05-28 03:00:00,Point de Rosée,Point de Rosée,°c,5.6
2025-05-28 03:00:00,Humidité relative,Humidité relative,%,46.7
2025-05-28 03:00:00,Température,Température,°c,17.1
2025-05-28 03:00:00,Direction du vent,Direction du vent,Deg,187.7
2025-05-28 03:00:00,Vitesse du vent,Vitesse du vent,m/s,0.83
2025-05-28 03:00:00,Évapotranspiration journalière,Évapotranspiration journalière,mm/j,5.91
2025-05-28 02:00:00,Évapotranspiration Horaire,Évapotranspiration Horaire,mm/h,0.14
2025-05-28 02:00:00,Pression atmosphérique,Pression atmosphérique,hPa,965.0
2025-05-28 02:00:00,Rayonnement solaire,Rayonnement solaire,W/m²,0.0
2025-05-28 02:00:00,Point de Rosée,Point de Rosée,°c,5.8
2025-05-28 02:00:00,Humidité relative,Humidité relative,%,44.6
2025-05-28 02:00:00,Température,Température,°c,18.0
2025-05-28 02:00:00,Direction du vent,Direction du vent,Deg,292.2
2025-05-28 02:00:00,Vitesse du vent,Vitesse du vent,m/s,0.77
2025-05-28 02:00:00,Évapotranspiration journalière,Évapotranspiration journalière,mm/j,5.91
2025-05-28 01:00:00,Rayonnement solaire,Rayonnement solaire,W/m²,0.0
2025-05-28 01:00:00,Température,Température,°c,17.9
2025-05-28 01:00:00,Pression atmosphérique,Pression atmosphérique,hPa,965.3
2025-05-28 01:00:00,Humidité relative,Humidité relative,%,58.6
2025-05-28 01:00:00,Évapotranspiration journalière,Évapotranspiration journalière,mm/j,5.91
2025-05-28 01:00:00,Direction du vent,Direction du vent,Deg,218.6
2025-05-28 01:00:00,Évapotranspiration Horaire,Évapotranspiration Horaire,mm/h,0.16
2025-05-28 01:00:00,Point de Rosée,Point de Rosée,°c,9.7
2025-05-28 01:00:00,Vitesse du vent,Vitesse du vent,m/s,1.48
2025-05-28 00:00:00,Température,Température,°c,19.3
2025-05-28 00:00:00,Direction du vent,Direction du vent,Deg,200.5
2025-05-28 00:00:00,Vitesse du vent,Vitesse du vent,m/s,1.38
2025-05-28 00:00:00,Évapotranspiration journalière,Évapotranspiration journalière,mm/j,5.54
2025-05-28 00:00:00,Évapotranspiration Horaire,Évapotranspiration Horaire,mm/h,0.16
2025-05-28 00:00:00,Pression atmosphérique,Pression atmosphérique,hPa,965.7
2025-05-28 00:00:00,Rayonnement solaire,Rayonnement solaire,W/m²,0.0
2025-05-28 00:00:00,Point de Rosée,Point de Rosée,°c,9.6
2025-05-28 00:00:00,Humidité relative,Humidité relative,%,53.3
2025-05-27 23:00:00,Pression atmosphérique,Pression atmosphérique,hPa,966.1
2025-05-27 23:00:00,Rayonnement solaire,Rayonnement solaire,W/m²,0.0
2025-05-27 23:00:00,Point de Rosée,Point de Rosée,°c,9.2
2025-05-27 23:00:00,Humidité relative,Humidité relative,%,45.6
2025-05-27 23:00:00,Température,Température,°c,21.5
2025-05-27 23:00:00,Direction du vent,Direction du vent,Deg,347.6
2025-05-27 23:00:00,Vitesse du vent,Vitesse du vent,m/s,0.3
2025-05-27 23:00:00,Évapotranspiration journalière,Évapotranspiration journalière,mm/j,5.54
2025-05-27 23:00:00,Évapotranspiration Horaire,Évapotranspiration Horaire,mm/h,0.16
2025-05-27 22:00:00,Pression atmosphérique,Pression atmosphérique,hPa,965.6
2025-05-27 22:00:00,Rayonnement solaire,Rayonnement solaire,W/m²,0.0
2025-05-27 22:00:00,Point de Rosée,Point de Rosée,°c,9.0
2025-05-27 22:00:00,Humidité relative,Humidité relative,%,43.4
2025-05-27 22:00:00,Température,Température,°c,22.0
2025-05-27 22:00:00,Direction du vent,Direction du vent,Deg,18.6
2025-05-27 22:00:00,Vitesse du vent,Vitesse du vent,m/s,0.51
2025-05-27 22:00:00,Évapotranspiration Horaire,Évapotranspiration Horaire,mm/h,0.17
2025-05-27 22:00:00,Évapotranspiration journalière,Évapotranspiration journalière,mm/j,5.54
2025-05-27 21:00:00,Température,Température,°c,23.3
2025-05-27 21:00:00,Pression atmosphérique,Pression atmosphérique,hPa,964.8
2025-05-27 21:00:00,Évapotranspiration journalière,Évapotranspiration journalière,mm/j,5.54
2025-05-27 21:00:00,Rayonnement solaire,Rayonnement solaire,W/m²,0.0
2025-05-27 21:00:00,Direction du vent,Direction du vent,Deg,69.5
2025-05-27 21:00:00,Point de Rosée,Point de Rosée,°c,9.0
2025-05-27 21:00:00,Évapotranspiration Horaire,Évapotranspiration Horaire,mm/h,0.19
2025-05-27 21:00:00,Humidité relative,Humidité relative,%,40.1
2025-05-27 21:00:00,Vitesse du vent,Vitesse du vent,m/s,1.04
2025-05-27 19:00:00,Température,Température,°c,27.3
2025-05-27 19:00:00,Pression atmosphérique,Pression atmosphérique,hPa,963.7
2025-05-27 19:00:00,Rayonnement solaire,Rayonnement solaire,W/m²,37.0
2025-05-27 19:00:00,Point de Rosée,Point de Rosée,°c,7.0
2025-05-27 19:00:00,Humidité relative,Humidité relative,%,27.7
2025-05-27 19:00:00,Direction du vent,Direction du vent,Deg,107.4
2025-05-27 19:00:00,Vitesse du vent,Vitesse du vent,m/s,2.23
2025-05-27 19:00:00,Évapotranspiration journalière,Évapotranspiration journalière,mm/j,5.54
2025-05-27 19:00:00,Évapotranspiration Horaire,Évapotranspiration Horaire,mm/h,0.23
2025-05-27 18:00:00,Humidité relative,Humidité relative,%,19.2
2025-05-27 18:00:00,Direction du vent,Direction du vent,Deg,8.2
2025-05-27 18:00:00,Rayonnement solaire,Rayonnement solaire,W/m²,127.0
2025-05-27 18:00:00,Vitesse du vent,Vitesse du vent,m/s,2.29
2025-05-27 18:00:00,Point de Rosée,Point de Rosée,°c,4.0
2025-05-27 18:00:00,Évapotranspiration Horaire,Évapotranspiration Horaire,mm/h,0.26
2025-05-27 18:00:00,Pression atmosphérique,Pression atmosphérique,hPa,963.1
2025-05-27 18:00:00,Évapotranspiration journalière,Évapotranspiration journalière,mm/j,5.54
2025-05-27 18:00:00,Température,Température,°c,30.0
2025-05-27 17:00:00,Point de Rosée,Point de Rosée,°c,3.7
2025-05-27 17:00:00,Humidité relative,Humidité relative,%,18.3
2025-05-27 17:00:00,Température,Température,°c,30.4
2025-05-27 17:00:00,Direction du vent,Direction du vent,Deg,26.5
2025-05-27 17:00:00,Vitesse du vent,Vitesse du vent,m/s,2.43
2025-05-27 17:00:00,Évapotranspiration journalière,Évapotranspiration journalière,mm/j,5.54
2025-05-27 17:00:00,Évapotranspiration Horaire,Évapotranspiration Horaire,mm/h,0.31
2025-05-27 17:00:00,Pression atmosphérique,Pression atmosphérique,hPa,963.0
2025-05-27 17:00:00,Rayonnement solaire,Rayonnement solaire,W/m²,421.0
2025-05-27 16:00:00,Pression atmosphérique,Pression atmosphérique,hPa,963.2
2025-05-27 16:00:00,Direction du vent,Direction du vent,Deg,324.4
2025-05-27 16:00:00,Rayonnement solaire,Rayonnement solaire,W/m²,649.0
2025-05-27 16:00:00,Vitesse du vent,Vitesse du vent,m/s,1.57
2025-05-27 16:00:00,Point de Rosée,Point de Rosée,°c,4.0
2025-05-27 16:00:00,Évapotranspiration Horaire,Évapotranspiration Horaire,mm/h,0.3
2025-05-27 16:00:00,Température,Température,°c,30.7
2025-05-27 16:00:00,Évapotranspiration journalière,Évapotranspiration journalière,mm/j,5.54
2025-05-27 16:00:00,Humidité relative,Humidité relative,%,18.4
2025-05-27 15:00:00,Évapotranspiration journalière,Évapotranspiration journalière,mm/j,5.54
2025-05-27 15:00:00,Pression atmosphérique,Pression atmosphérique,hPa,963.3
2025-05-27 15:00:00,Rayonnement solaire,Rayonnement solaire,W/m²,182.0
2025-05-27 15:00:00,Point de Rosée,Point de Rosée,°c,3.6
2025-05-27 15:00:00,Humidité relative,Humidité relative,%,17.6
2025-05-27 15:00:00,Température,Température,°c,31.0
2025-05-27 15:00:00,Direction du vent,Direction du vent,Deg,76.5
2025-05-27 15:00:00,Vitesse du vent,Vitesse du vent,m/s,1.4
2025-05-27 15:00:00,Évapotranspiration Horaire,Évapotranspiration Horaire,mm/h,0.3
2025-05-27 14:00:00,Rayonnement solaire,Rayonnement solaire,W/m²,923.0
2025-05-27 14:00:00,Direction du vent,Direction du vent,Deg,326.0
2025-05-27 14:00:00,Humidité relative,Humidité relative,%,17.9
2025-05-27 14:00:00,Vitesse du vent,Vitesse du vent,m/s,0.52
2025-05-27 14:00:00,Point de Rosée,Point de Rosée,°c,3.0
2025-05-27 14:00:00,Évapotranspiration journalière,Évapotranspiration journalière,mm/j,5.54
2025-05-27 14:00:00,Température,Température,°c,29.9
2025-05-27 14:00:00,Évapotranspiration Horaire,Évapotranspiration Horaire,mm/h,0.3
2025-05-27 14:00:00,Pression atmosphérique,Pression atmosphérique,hPa,963.5
2025-05-27 13:00:00,Évapotranspiration Horaire,Évapotranspiration Horaire,mm/h,0.3
2025-05-27 13:00:00,Pression atmosphérique,Pression atmosphérique,hPa,964.2
2025-05-27 13:00:00,Rayonnement solaire,Rayonnement solaire,W/m²,943.0
2025-05-27 13:00:00,Point de Rosée,Point de Rosée,°c,4.1
2025-05-27 13:00:00,Humidité relative,Humidité relative,%,19.8
2025-05-27 13:00:00,Température,Température,°c,29.6
2025-05-27 13:00:00,Direction du vent,Direction du vent,Deg,94.3
2025-05-27 13:00:00,Vitesse du vent,Vitesse du vent,m/s,1.28
2025-05-27 13:00:00,Évapotranspiration journalière,Évapotranspiration journalière,mm/j,5.54
2025-05-27 12:00:00,Pression atmosphérique,Pression atmosphérique,hPa,964.7
2025-05-27 12:00:00,Rayonnement solaire,Rayonnement solaire,W/m²,957.0
2025-05-27 12:00:00,Point de Rosée,Point de Rosée,°c,3.1
2025-05-27 12:00:00,Humidité relative,Humidité relative,%,19.7
2025-05-27 12:00:00,Température,Température,°c,28.5
2025-05-27 12:00:00,Direction du vent,Direction du vent,Deg,256.6
2025-05-27 12:00:00,Vitesse du vent,Vitesse du vent,m/s,1.2
2025-05-27 12:00:00,Évapotranspiration journalière,Évapotranspiration journalière,mm/j,5.54
2025-05-27 12:00:00,Évapotranspiration Horaire,Évapotranspiration Horaire,mm/h,0.27
2025-05-27 11:00:00,Rayonnement solaire,Rayonnement solaire,W/m²,908.0
2025-05-27 11:00:00,Température,Température,°c,27.8
2025-05-27 11:00:00,Pression atmosphérique,Pression atmosphérique,hPa,965.0
2025-05-27 11:00:00,Humidité relative,Humidité relative,%,20.5
2025-05-27 11:00:00,Évapotranspiration journalière,Évapotranspiration journalière,mm/j,5.54
2025-05-27 11:00:00,Direction du vent,Direction du vent,Deg,148.5
2025-05-27 11:00:00,Évapotranspiration Horaire,Évapotranspiration Horaire,mm/h,0.24
2025-05-27 11:00:00,Point de Rosée,Point de Rosée,°c,3.1
2025-05-27 11:00:00,Vitesse du vent,Vitesse du vent,m/s,1.13
2025-05-27 10:00:00,Température,Température,°c,27.8
2025-05-27 10:00:00,Direction du vent,Direction du vent,Deg,106.6
2025-05-27 10:00:00,Vitesse du vent,Vitesse du vent,m/s,1.38
2025-05-27 10:00:00,Évapotranspiration journalière,Évapotranspiration journalière,mm/j,5.54
2025-05-27 10:00:00,Évapotranspiration Horaire,Évapotranspiration Horaire,mm/h,0.24
2025-05-27 10:00:00,Pression atmosphérique,Pression atmosphérique,hPa,965.2
2025-05-27 10:00:00,Rayonnement solaire,Rayonnement solaire,W/m²,796.0
2025-05-27 10:00:00,Point de Rosée,Point de Rosée,°c,3.5
2025-05-27 10:00:00,Humidité relative,Humidité relative,%,21.1
2025-05-27 09:00:00,Pression atmosphérique,Pression atmosphérique,hPa,965.3
2025-05-27 09:00:00,Rayonnement solaire,Rayonnement solaire,W/m²,633.0
2025-05-27 09:00:00,Point de Rosée,Point de Rosée,°c,3.4
2025-05-27 09:00:00,Humidité relative,Humidité relative,%,22.4
2025-05-27 09:00:00,Température,Température,°c,26.6
2025-05-27 09:00:00,Direction du vent,Direction du vent,Deg,105.3
2025-05-27 09:00:00,Vitesse du vent,Vitesse du vent,m/s,0.84
2025-05-27 09:00:00,Évapotranspiration journalière,Évapotranspiration journalière,mm/j,5.54
2025-05-27 09:00:00,Évapotranspiration Horaire,Évapotranspiration Horaire,mm/h,0.19
2025-05-27 08:00:00,Rayonnement solaire,Rayonnement solaire,W/m²,433.0
2025-05-27 08:00:00,Humidité relative,Humidité relative,%,26.8
2025-05-27 08:00:00,Direction du vent,Direction du vent,Deg,198.7
2025-05-27 08:00:00,Évapotranspiration Horaire,Évapotranspiration Horaire,mm/h,0.13
2025-05-27 08:00:00,Point de Rosée,Point de Rosée,°c,4.4
2025-05-27 08:00:00,Température,Température,°c,24.8
2025-05-27 08:00:00,Vitesse du vent,Vitesse du vent,m/s,0.15
2025-05-27 08:00:00,Évapotranspiration journalière,Évapotranspiration journalière,mm/j,5.54
2025-05-27 08:00:00,Pression atmosphérique,Pression atmosphérique,hPa,965.0
2025-05-27 07:00:00,Vitesse du vent,Vitesse du vent,m/s,0.31
2025-05-27 07:00:00,Pression atmosphérique,Pression atmosphérique,hPa,964.9
2025-05-27 07:00:00,Rayonnement solaire,Rayonnement solaire,W/m²,230.0
2025-05-27 07:00:00,Point de Rosée,Point de Rosée,°c,5.0
2025-05-27 07:00:00,Humidité relative,Humidité relative,%,35.7
2025-05-27 07:00:00,Température,Température,°c,20.8
2025-05-27 07:00:00,Évapotranspiration Horaire,Évapotranspiration Horaire,mm/h,0.13
2025-05-27 07:00:00,Direction du vent,Direction du vent,Deg,298.2
2025-05-27 07:00:00,Évapotranspiration journalière,Évapotranspiration journalière,mm/j,5.54
2025-05-27 06:00:00,Pression atmosphérique,Pression atmosphérique,hPa,964.7
2025-05-27 06:00:00,Rayonnement solaire,Rayonnement solaire,W/m²,69.0
2025-05-27 06:00:00,Point de Rosée,Point de Rosée,°c,7.6
2025-05-27 06:00:00,Humidité relative,Humidité relative,%,55.5
2025-05-27 06:00:00,Température,Température,°c,16.5
2025-05-27 06:00:00,Direction du vent,Direction du vent,Deg,211.7
2025-05-27 06:00:00,Vitesse du vent,Vitesse du vent,m/s,1.11
2025-05-27 06:00:00,Évapotranspiration journalière,Évapotranspiration journalière,mm/j,5.54
2025-05-27 06:00:00,Évapotranspiration Horaire,Évapotranspiration Horaire,mm/h,0.13
2025-05-27 05:00:00,Évapotranspiration journalière,Évapotranspiration journalière,mm/j,5.54
2025-05-27 05:00:00,Température,Température,°c,14.4
2025-05-27 05:00:00,Pression atmosphérique,Pression atmosphérique,hPa,964.5
2025-05-27 05:00:00,Direction du vent,Direction du vent,Deg,205.0
2025-05-27 05:00:00,Humidité relative,Humidité relative,%,67.6
2025-05-27 05:00:00,Point de Rosée,Point de Rosée,°c,8.5
2025-05-27 05:00:00,Évapotranspiration Horaire,Évapotranspiration Horaire,mm/h,0.17
2025-05-27 05:00:00,Vitesse du vent,Vitesse du vent,m/s,1.73
2025-05-27 05:00:00,Rayonnement solaire,Rayonnement solaire,W/m²,0.0
2025-05-26 22:00:00,Température,Température,°c,20.5
2025-05-26 22:00:00,Direction du vent,Direction du vent,Deg,62.3
2025-05-26 22:00:00,Vitesse du vent,Vitesse du vent,m/s,1.72
2025-05-26 22:00:00,Évapotranspiration journalière,Évapotranspiration journalière,mm/j,5.74
2025-05-26 22:00:00,Évapotranspiration Horaire,Évapotranspiration Horaire,mm/h,0.17
2025-05-26 22:00:00,Pression atmosphérique,Pression atmosphérique,hPa,965.7
2025-05-26 22:00:00,Rayonnement solaire,Rayonnement solaire,W/m²,0.0
2025-05-26 22:00:00,Point de Rosée,Point de Rosée,°c,7.2
2025-05-26 22:00:00,Humidité relative,Humidité relative,%,42.2
2025-05-26 21:00:00,Vitesse du vent,Vitesse du vent,m/s,2.13
2025-05-26 21:00:00,Pression atmosphérique,Pression atmosphérique,hPa,965.5
2025-05-26 21:00:00,Rayonnement solaire,Rayonnement solaire,W/m²,0.0
2025-05-26 21:00:00,Point de Rosée,Point de Rosée,°c,6.7
2025-05-26 21:00:00,Humidité relative,Humidité relative,%,37.0
2025-05-26 21:00:00,Température,Température,°c,22.1
2025-05-26 21:00:00,Direction du vent,Direction du vent,Deg,8.7
2025-05-26 21:00:00,Évapotranspiration journalière,Évapotranspiration journalière,mm/j,5.74
2025-05-26 21:00:00,Évapotranspiration Horaire,Évapotranspiration Horaire,mm/h,0.17
2025-05-26 20:00:00,Rayonnement solaire,Rayonnement solaire,W/m²,0.0
2025-05-26 20:00:00,Direction du vent,Direction du vent,Deg,325.8
2025-05-26 20:00:00,Humidité relative,Humidité relative,%,26.6
2025-05-26 20:00:00,Vitesse du vent,Vitesse du vent,m/s,0.51
2025-05-26 20:00:00,Point de Rosée,Point de Rosée,°c,4.0
2025-05-26 20:00:00,Évapotranspiration journalière,Évapotranspiration journalière,mm/j,5.74
2025-05-26 20:00:00,Température,Température,°c,24.4
2025-05-26 20:00:00,Évapotranspiration Horaire,Évapotranspiration Horaire,mm/h,0.21
2025-05-26 20:00:00,Pression atmosphérique,Pression atmosphérique,hPa,964.4
2025-05-26 19:00:00,Évapotranspiration Horaire,Évapotranspiration Horaire,mm/h,0.21
2025-05-26 19:00:00,Pression atmosphérique,Pression atmosphérique,hPa,964.0
2025-05-26 19:00:00,Rayonnement solaire,Rayonnement solaire,W/m²,30.0
2025-05-26 19:00:00,Point de Rosée,Point de Rosée,°c,3.6
2025-05-26 19:00:00,Humidité relative,Humidité relative,%,22.9
2025-05-26 19:00:00,Température,Température,°c,26.5
2025-05-26 19:00:00,Direction du vent,Direction du vent,Deg,34.2
2025-05-26 19:00:00,Vitesse du vent,Vitesse du vent,m/s,1.6
2025-05-26 19:00:00,Évapotranspiration journalière,Évapotranspiration journalière,mm/j,5.74
2025-05-26 18:00:00,Évapotranspiration Horaire,Évapotranspiration Horaire,mm/h,0.27
2025-05-26 18:00:00,Pression atmosphérique,Pression atmosphérique,hPa,963.5
2025-05-26 18:00:00,Rayonnement solaire,Rayonnement solaire,W/m²,188.0
2025-05-26 18:00:00,Point de Rosée,Point de Rosée,°c,5.0
2025-05-26 18:00:00,Humidité relative,Humidité relative,%,24.2
2025-05-26 18:00:00,Température,Température,°c,27.2
2025-05-26 18:00:00,Direction du vent,Direction du vent,Deg,101.2
2025-05-26 18:00:00,Vitesse du vent,Vitesse du vent,m/s,1.61
2025-05-26 18:00:00,Évapotranspiration journalière,Évapotranspiration journalière,mm/j,5.74
2025-05-26 17:00:00,Rayonnement solaire,Rayonnement solaire,W/m²,394.0
2025-05-26 17:00:00,Température,Température,°c,28.3
2025-05-26 17:00:00,Pression atmosphérique,Pression atmosphérique,hPa,963.3
2025-05-26 17:00:00,Humidité relative,Humidité relative,%,22.5
2025-05-26 17:00:00,Évapotranspiration journalière,Évapotranspiration journalière,mm/j,5.74
2025-05-26 17:00:00,Direction du vent,Direction du vent,Deg,89.3
2025-05-26 17:00:00,Évapotranspiration Horaire,Évapotranspiration Horaire,mm/h,0.27
2025-05-26 17:00:00,Point de Rosée,Point de Rosée,°c,4.9
2025-05-26 17:00:00,Vitesse du vent,Vitesse du vent,m/s,0.96
2025-05-26 16:00:00,Température,Température,°c,28.7
2025-05-26 16:00:00,Direction du vent,Direction du vent,Deg,3.1
2025-05-26 16:00:00,Vitesse du vent,Vitesse du vent,m/s,0.77
2025-05-26 16:00:00,Évapotranspiration journalière,Évapotranspiration journalière,mm/j,5.74
2025-05-26 16:00:00,Évapotranspiration Horaire,Évapotranspiration Horaire,mm/h,0.28
2025-05-26 16:00:00,Pression atmosphérique,Pression atmosphérique,hPa,963.6
2025-05-26 16:00:00,Rayonnement solaire,Rayonnement solaire,W/m²,591.0
2025-05-26 16:00:00,Point de Rosée,Point de Rosée,°c,4.3
2025-05-26 16:00:00,Humidité relative,Humidité relative,%,21.1
2025-05-26 15:00:00,Pression atmosphérique,Pression atmosphérique,hPa,964.0
2025-05-26 15:00:00,Rayonnement solaire,Rayonnement solaire,W/m²,761.0
2025-05-26 15:00:00,Point de Rosée,Point de Rosée,°c,4.3
2025-05-26 15:00:00,Humidité relative,Humidité relative,%,21.7
2025-05-26 15:00:00,Température,Température,°c,28.3
2025-05-26 15:00:00,Direction du vent,Direction du vent,Deg,303.0
2025-05-26 15:00:00,Vitesse du vent,Vitesse du vent,m/s,0.44
2025-05-26 15:00:00,Évapotranspiration journalière,Évapotranspiration journalière,mm/j,5.74
2025-05-26 15:00:00,Évapotranspiration Horaire,Évapotranspiration Horaire,mm/h,0.28
2025-05-26 14:00:00,Rayonnement solaire,Rayonnement solaire,W/m²,884.0
2025-05-26 14:00:00,Humidité relative,Humidité relative,%,24.7
2025-05-26 14:00:00,Direction du vent,Direction du vent,Deg,191.7
2025-05-26 14:00:00,Point de Rosée,Point de Rosée,°c,5.0
2025-05-26 14:00:00,Évapotranspiration Horaire,Évapotranspiration Horaire,mm/h,0.24
2025-05-26 14:00:00,Évapotranspiration journalière,Évapotranspiration journalière,mm/j,5.74
2025-05-26 14:00:00,Température,Température,°c,26.8
2025-05-26 14:00:00,Vitesse du vent,Vitesse du vent,m/s,0.42
2025-05-26 14:00:00,Pression atmosphérique,Pression atmosphérique,hPa,964.5
2025-05-26 13:00:00,Évapotranspiration journalière,Évapotranspiration journalière,mm/j,5.74
2025-05-26 13:00:00,Pression atmosphérique,Pression atmosphérique,hPa,965.0
2025-05-26 13:00:00,Rayonnement solaire,Rayonnement solaire,W/m²,945.0
2025-05-26 13:00:00,Point de Rosée,Point de Rosée,°c,5.2
2025-05-26 13:00:00,Humidité relative,Humidité relative,%,26.2
2025-05-26 13:00:00,Température,Température,°c,26.1
2025-05-26 13:00:00,Évapotranspiration Horaire,Évapotranspiration Horaire,mm/h,0.24
2025-05-26 13:00:00,Vitesse du vent,Vitesse du vent,m/s,0.6
2025-05-26 13:00:00,Direction du vent,Direction du vent,Deg,299.2
2025-05-26 12:00:00,Rayonnement solaire,Rayonnement solaire,W/m²,964.0
2025-05-26 12:00:00,Évapotranspiration Horaire,Évapotranspiration Horaire,mm/h,0.22
2025-05-26 12:00:00,Évapotranspiration journalière,Évapotranspiration journalière,mm/j,5.74
2025-05-26 12:00:00,Vitesse du vent,Vitesse du vent,m/s,0.54
2025-05-26 12:00:00,Direction du vent,Direction du vent,Deg,169.8
2025-05-26 12:00:00,Température,Température,°c,24.3
2025-05-26 12:00:00,Humidité relative,Humidité relative,%,28.6
2025-05-26 12:00:00,Point de Rosée,Point de Rosée,°c,5.0
2025-05-26 12:00:00,Pression atmosphérique,Pression atmosphérique,hPa,965.3
2025-05-26 11:00:00,Évapotranspiration Horaire,Évapotranspiration Horaire,mm/h,0.22
2025-05-26 11:00:00,Direction du vent,Direction du vent,Deg,91.7
2025-05-26 11:00:00,Température,Température,°c,23.6
2025-05-26 11:00:00,Vitesse du vent,Vitesse du vent,m/s,3.63
2025-05-26 11:00:00,Humidité relative,Humidité relative,%,30.1
2025-05-26 11:00:00,Évapotranspiration journalière,Évapotranspiration journalière,mm/j,5.74
2025-05-26 11:00:00,Point de Rosée,Point de Rosée,°c,5.0
2025-05-26 11:00:00,Rayonnement solaire,Rayonnement solaire,W/m²,919.0
2025-05-26 11:00:00,Pression atmosphérique,Pression atmosphérique,hPa,965.6
2025-05-26 10:00:00,Température,Température,°c,23.0
2025-05-26 10:00:00,Pression atmosphérique,Pression atmosphérique,hPa,965.7
2025-05-26 10:00:00,Rayonnement solaire,Rayonnement solaire,W/m²,807.0
2025-05-26 10:00:00,Point de Rosée,Point de Rosée,°c,5.0
2025-05-26 10:00:00,Humidité relative,Humidité relative,%,31.1
2025-05-26 10:00:00,Direction du vent,Direction du vent,Deg,141.2
2025-05-26 10:00:00,Vitesse du vent,Vitesse du vent,m/s,2.53
2025-05-26 10:00:00,Évapotranspiration journalière,Évapotranspiration journalière,mm/j,5.74
2025-05-26 10:00:00,Évapotranspiration Horaire,Évapotranspiration Horaire,mm/h,0.18
2025-05-26 09:00:00,Vitesse du vent,Vitesse du vent,m/s,0.8
2025-05-26 09:00:00,Direction du vent,Direction du vent,Deg,183.9
2025-05-26 09:00:00,Pression atmosphérique,Pression atmosphérique,hPa,965.5
2025-05-26 09:00:00,Évapotranspiration journalière,Évapotranspiration journalière,mm/j,5.74
2025-05-26 09:00:00,Rayonnement solaire,Rayonnement solaire,W/m²,637.0
2025-05-26 09:00:00,Température,Température,°c,21.8
2025-05-26 09:00:00,Point de Rosée,Point de Rosée,°c,3.7
2025-05-26 09:00:00,Évapotranspiration Horaire,Évapotranspiration Horaire,mm/h,0.12
2025-05-26 09:00:00,Humidité relative,Humidité relative,%,30.4
2025-05-26 08:00:00,Humidité relative,Humidité relative,%,37.0
2025-05-26 08:00:00,Température,Température,°c,20.7
2025-05-26 08:00:00,Pression atmosphérique,Pression atmosphérique,hPa,965.4
2025-05-26 08:00:00,Vitesse du vent,Vitesse du vent,m/s,0.31
2025-05-26 08:00:00,Évapotranspiration journalière,Évapotranspiration journalière,mm/j,5.74
2025-05-26 08:00:00,Point de Rosée,Point de Rosée,°c,5.5
2025-05-26 08:00:00,Rayonnement solaire,Rayonnement solaire,W/m²,440.0
2025-05-26 08:00:00,Évapotranspiration Horaire,Évapotranspiration Horaire,mm/h,0.12
2025-05-26 08:00:00,Direction du vent,Direction du vent,Deg,9.3
2025-05-26 07:00:00,Vitesse du vent,Vitesse du vent,m/s,1.55
2025-05-26 07:00:00,Point de Rosée,Point de Rosée,°c,6.4
2025-05-26 07:00:00,Température,Température,°c,17.2
2025-05-26 07:00:00,Direction du vent,Direction du vent,Deg,318.5
2025-05-26 07:00:00,Humidité relative,Humidité relative,%,49.2
2025-05-26 07:00:00,Évapotranspiration journalière,Évapotranspiration journalière,mm/j,5.74
2025-05-26 07:00:00,Évapotranspiration Horaire,Évapotranspiration Horaire,mm/h,0.19
2025-05-26 07:00:00,Pression atmosphérique,Pression atmosphérique,hPa,965.4
2025-05-26 07:00:00,Rayonnement solaire,Rayonnement solaire,W/m²,235.0
2025-05-26 06:00:00,Pression atmosphérique,Pression atmosphérique,hPa,965.5
2025-05-26 06:00:00,Évapotranspiration Horaire,Évapotranspiration Horaire,mm/h,0.19
2025-05-26 06:00:00,Rayonnement solaire,Rayonnement solaire,W/m²,70.0
2025-05-26 06:00:00,Point de Rosée,Point de Rosée,°c,6.1
2025-05-26 06:00:00,Humidité relative,Humidité relative,%,59.0
2025-05-26 06:00:00,Température,Température,°c,14.0
2025-05-26 06:00:00,Direction du vent,Direction du vent,Deg,231.1
2025-05-26 06:00:00,Évapotranspiration journalière,Évapotranspiration journalière,mm/j,5.74
2025-05-26 06:00:00,Vitesse du vent,Vitesse du vent,m/s,1.03
2025-05-26 05:00:00,Point de Rosée,Point de Rosée,°c,5.7
2025-05-26 05:00:00,Humidité relative,Humidité relative,%,62.5
2025-05-26 05:00:00,Évapotranspiration journalière,Évapotranspiration journalière,mm/j,5.74
2025-05-26 05:00:00,Évapotranspiration Horaire,Évapotranspiration Horaire,mm/h,0.19
2025-05-26 05:00:00,Température,Température,°c,12.7
2025-05-26 05:00:00,Pression atmosphérique,Pression atmosphérique,hPa,965.2
2025-05-26 05:00:00,Rayonnement solaire,Rayonnement solaire,W/m²,0.0
2025-05-26 05:00:00,Vitesse du vent,Vitesse du vent,m/s,0.6
2025-05-26 05:00:00,Direction du vent,Direction du vent,Deg,193.5
2025-05-26 04:00:00,Température,Température,°c,13.0
2025-05-26 04:00:00,Point de Rosée,Point de Rosée,°c,5.5
2025-05-26 04:00:00,Évapotranspiration journalière,Évapotranspiration journalière,mm/j,5.74
2025-05-26 04:00:00,Direction du vent,Direction du vent,Deg,185.5
2025-05-26 04:00:00,Rayonnement solaire,Rayonnement solaire,W/m²,0.0
2025-05-26 04:00:00,Humidité relative,Humidité relative,%,60.4
2025-05-26 04:00:00,Pression atmosphérique,Pression atmosphérique,hPa,965.4
2025-05-26 04:00:00,Vitesse du vent,Vitesse du vent,m/s,1.14
2025-05-26 04:00:00,Évapotranspiration Horaire,Évapotranspiration Horaire,mm/h,0.1
2025-05-26 03:00:00,Vitesse du vent,Vitesse du vent,m/s,0.48
2025-05-26 03:00:00,Pression atmosphérique,Pression atmosphérique,hPa,965.3
2025-05-26 03:00:00,Rayonnement solaire,Rayonnement solaire,W/m²,0.0
2025-05-26 03:00:00,Point de Rosée,Point de Rosée,°c,6.1
2025-05-26 03:00:00,Humidité relative,Humidité relative,%,58.3
2025-05-26 03:00:00,Température,Température,°c,14.2
2025-05-26 03:00:00,Direction du vent,Direction du vent,Deg,306.8
2025-05-26 03:00:00,Évapotranspiration journalière,Évapotranspiration journalière,mm/j,5.74
2025-05-26 03:00:00,Évapotranspiration Horaire,Évapotranspiration Horaire,mm/h,0.1
2025-05-25 11:00:00,Pression atmosphérique,Pression atmosphérique,hPa,964.2
2025-05-25 11:00:00,Direction du vent,Direction du vent,Deg,331.4
2025-05-25 11:00:00,Vitesse du vent,Vitesse du vent,m/s,4.39
2025-05-25 11:00:00,Évapotranspiration journalière,Évapotranspiration journalière,mm/j,2.78
2025-05-25 11:00:00,Évapotranspiration Horaire,Évapotranspiration Horaire,mm/h,0.17
2025-05-25 11:00:00,Rayonnement solaire,Rayonnement solaire,W/m²,957.0
2025-05-25 11:00:00,Point de Rosée,Point de Rosée,°c,7.2
2025-05-25 11:00:00,Humidité relative,Humidité relative,%,41.7
2025-05-25 11:00:00,Température,Température,°c,20.7
2025-05-25 10:00:00,Rayonnement solaire,Rayonnement solaire,W/m²,816.0
2025-05-25 10:00:00,Pression atmosphérique,Pression atmosphérique,hPa,964.3
2025-05-25 10:00:00,Direction du vent,Direction du vent,Deg,319.5
2025-05-25 10:00:00,Évapotranspiration journalière,Évapotranspiration journalière,mm/j,2.78
2025-05-25 10:00:00,Humidité relative,Humidité relative,%,45.1
2025-05-25 10:00:00,Évapotranspiration Horaire,Évapotranspiration Horaire,mm/h,0.15
2025-05-25 10:00:00,Vitesse du vent,Vitesse du vent,m/s,2.42
2025-05-25 10:00:00,Point de Rosée,Point de Rosée,°c,7.0
2025-05-25 10:00:00,Température,Température,°c,19.2
2025-05-25 09:00:00,Évapotranspiration Horaire,Évapotranspiration Horaire,mm/h,0.15
2025-05-25 09:00:00,Pression atmosphérique,Pression atmosphérique,hPa,963.9
2025-05-25 09:00:00,Rayonnement solaire,Rayonnement solaire,W/m²,646.0
2025-05-25 09:00:00,Point de Rosée,Point de Rosée,°c,8.2
2025-05-25 09:00:00,Humidité relative,Humidité relative,%,52.8
2025-05-25 09:00:00,Température,Température,°c,18.0
2025-05-25 09:00:00,Direction du vent,Direction du vent,Deg,350.5
2025-05-25 09:00:00,Vitesse du vent,Vitesse du vent,m/s,1.76
2025-05-25 09:00:00,Évapotranspiration journalière,Évapotranspiration journalière,mm/j,2.78
2025-05-25 08:00:00,Humidité relative,Humidité relative,%,58.6
2025-05-25 08:00:00,Direction du vent,Direction du vent,Deg,310.5
2025-05-25 08:00:00,Vitesse du vent,Vitesse du vent,m/s,3.52
2025-05-25 08:00:00,Évapotranspiration journalière,Évapotranspiration journalière,mm/j,2.78
2025-05-25 08:00:00,Évapotranspiration Horaire,Évapotranspiration Horaire,mm/h,0.13
2025-05-25 08:00:00,Pression atmosphérique,Pression atmosphérique,hPa,963.5
2025-05-25 08:00:00,Point de Rosée,Point de Rosée,°c,8.4
2025-05-25 08:00:00,Rayonnement solaire,Rayonnement solaire,W/m²,449.0
2025-05-25 08:00:00,Température,Température,°c,16.6
2025-05-25 07:00:00,Température,Température,°c,15.4
2025-05-25 07:00:00,Pression atmosphérique,Pression atmosphérique,hPa,962.8
2025-05-25 07:00:00,Rayonnement solaire,Rayonnement solaire,W/m²,236.0
2025-05-25 07:00:00,Point de Rosée,Point de Rosée,°c,8.4
2025-05-25 07:00:00,Humidité relative,Humidité relative,%,63.3
2025-05-25 07:00:00,Évapotranspiration Horaire,Évapotranspiration Horaire,mm/h,0.13
2025-05-25 07:00:00,Évapotranspiration journalière,Évapotranspiration journalière,mm/j,2.78
2025-05-25 07:00:00,Vitesse du vent,Vitesse du vent,m/s,5.32
2025-05-25 07:00:00,Direction du vent,Direction du vent,Deg,300.7
2025-05-25 06:00:00,Humidité relative,Humidité relative,%,67.9
2025-05-25 06:00:00,Rayonnement solaire,Rayonnement solaire,W/m²,64.0
2025-05-25 06:00:00,Point de Rosée,Point de Rosée,°c,8.3
2025-05-25 06:00:00,Évapotranspiration journalière,Évapotranspiration journalière,mm/j,2.78
2025-05-25 06:00:00,Évapotranspiration Horaire,Évapotranspiration Horaire,mm/h,0.11
2025-05-25 06:00:00,Vitesse du vent,Vitesse du vent,m/s,3.19
2025-05-25 06:00:00,Pression atmosphérique,Pression atmosphérique,hPa,962.4
2025-05-25 06:00:00,Direction du vent,Direction du vent,Deg,295.7
2025-05-25 06:00:00,Température,Température,°c,14.2
2025-05-25 05:00:00,Température,Température,°c,13.9
2025-05-25 05:00:00,Humidité relative,Humidité relative,%,68.9
2025-05-25 05:00:00,Point de Rosée,Point de Rosée,°c,8.3
2025-05-25 05:00:00,Rayonnement solaire,Rayonnement solaire,W/m²,0.0
2025-05-25 05:00:00,Pression atmosphérique,Pression atmosphérique,hPa,962.0
2025-05-25 05:00:00,Évapotranspiration journalière,Évapotranspiration journalière,mm/j,2.78
2025-05-25 05:00:00,Vitesse du vent,Vitesse du vent,m/s,1.88
2025-05-25 05:00:00,Évapotranspiration Horaire,Évapotranspiration Horaire,mm/h,0.11
2025-05-25 05:00:00,Direction du vent,Direction du vent,Deg,291.4
2025-05-25 04:00:00,Point de Rosée,Point de Rosée,°c,8.2
2025-05-25 04:00:00,Évapotranspiration Horaire,Évapotranspiration Horaire,mm/h,0.11
2025-05-25 04:00:00,Évapotranspiration journalière,Évapotranspiration journalière,mm/j,2.78
2025-05-25 04:00:00,Vitesse du vent,Vitesse du vent,m/s,2.24
2025-05-25 04:00:00,Direction du vent,Direction du vent,Deg,305.6
2025-05-25 04:00:00,Température,Température,°c,14.0
2025-05-25 04:00:00,Humidité relative,Humidité relative,%,68.2
2025-05-25 04:00:00,Rayonnement solaire,Rayonnement solaire,W/m²,0.0
2025-05-25 04:00:00,Pression atmosphérique,Pression atmosphérique,hPa,961.8
2025-05-25 03:00:00,Point de Rosée,Point de Rosée,°c,8.3
2025-05-25 03:00:00,Température,Température,°c,14.0
2025-05-25 03:00:00,Rayonnement solaire,Rayonnement solaire,W/m²,0.0
2025-05-25 03:00:00,Direction du vent,Direction du vent,Deg,325.0
2025-05-25 03:00:00,Évapotranspiration journalière,Évapotranspiration journalière,mm/j,2.78
2025-05-25 03:00:00,Humidité relative,Humidité relative,%,68.5
2025-05-25 03:00:00,Évapotranspiration Horaire,Évapotranspiration Horaire,mm/h,0.11
2025-05-25 03:00:00,Vitesse du vent,Vitesse du vent,m/s,1.93
2025-05-25 03:00:00,Pression atmosphérique,Pression atmosphérique,hPa,961.7
2025-05-25 02:00:00,Température,Température,°c,14.0
2025-05-25 02:00:00,Direction du vent,Direction du vent,Deg,350.6
2025-05-25 02:00:00,Vitesse du vent,Vitesse du vent,m/s,2.07
2025-05-25 02:00:00,Évapotranspiration journalière,Évapotranspiration journalière,mm/j,2.78
2025-05-25 02:00:00,Évapotranspiration Horaire,Évapotranspiration Horaire,mm/h,0.11
2025-05-25 02:00:00,Pression atmosphérique,Pression atmosphérique,hPa,961.4
2025-05-25 02:00:00,Rayonnement solaire,Rayonnement solaire,W/m²,0.0
2025-05-25 02:00:00,Point de Rosée,Point de Rosée,°c,8.2
2025-05-25 02:00:00,Humidité relative,Humidité relative,%,68.1
2025-05-25 01:00:00,Température,Température,°c,13.9
2025-05-25 01:00:00,Pression atmosphérique,Pression atmosphérique,hPa,961.2
2025-05-25 01:00:00,Rayonnement solaire,Rayonnement solaire,W/m²,0.0
2025-05-25 01:00:00,Point de Rosée,Point de Rosée,°c,8.3
2025-05-25 01:00:00,Humidité relative,Humidité relative,%,69.2
2025-05-25 01:00:00,Direction du vent,Direction du vent,Deg,317.1
2025-05-25 01:00:00,Vitesse du vent,Vitesse du vent,m/s,1.8
2025-05-25 01:00:00,Évapotranspiration journalière,Évapotranspiration journalière,mm/j,2.78
2025-05-25 01:00:00,Évapotranspiration Horaire,Évapotranspiration Horaire,mm/h,0.12
2025-05-25 00:00:00,Pression atmosphérique,Pression atmosphérique,hPa,961.3
2025-05-25 00:00:00,Évapotranspiration Horaire,Évapotranspiration Horaire,mm/h,0.12
2025-05-25 00:00:00,Rayonnement solaire,Rayonnement solaire,W/m²,0.0
2025-05-25 00:00:00,Évapotranspiration journalière,Évapotranspiration journalière,mm/j,4.76
2025-05-25 00:00:00,Point de Rosée,Point de Rosée,°c,8.4
2025-05-25 00:00:00,Vitesse du vent,Vitesse du vent,m/s,4.23
2025-05-25 00:00:00,Humidité relative,Humidité relative,%,68.2
2025-05-25 00:00:00,Direction du vent,Direction du vent,Deg,324.7
2025-05-25 00:00:00,Température,Température,°c,14.2
2025-05-24 23:00:00,Température,Température,°c,15.0
2025-05-24 23:00:00,Pression atmosphérique,Pression atmosphérique,hPa,961.4
2025-05-24 23:00:00,Rayonnement solaire,Rayonnement solaire,W/m²,0.0
2025-05-24 23:00:00,Point de Rosée,Point de Rosée,°c,7.5
2025-05-24 23:00:00,Humidité relative,Humidité relative,%,61.0
2025-05-24 23:00:00,Direction du vent,Direction du vent,Deg,302.4
2025-05-24 23:00:00,Vitesse du vent,Vitesse du vent,m/s,3.18
2025-05-24 23:00:00,Évapotranspiration journalière,Évapotranspiration journalière,mm/j,4.76
2025-05-24 23:00:00,Évapotranspiration Horaire,Évapotranspiration Horaire,mm/h,0.14
2025-05-24 22:00:00,Rayonnement solaire,Rayonnement solaire,W/m²,0.0
2025-05-24 22:00:00,Direction du vent,Direction du vent,Deg,316.2
2025-05-24 22:00:00,Humidité relative,Humidité relative,%,62.1
2025-05-24 22:00:00,Vitesse du vent,Vitesse du vent,m/s,0.98
2025-05-24 22:00:00,Pression atmosphérique,Pression atmosphérique,hPa,961.4
2025-05-24 22:00:00,Évapotranspiration journalière,Évapotranspiration journalière,mm/j,4.76
2025-05-24 22:00:00,Point de Rosée,Point de Rosée,°c,8.2
2025-05-24 22:00:00,Évapotranspiration Horaire,Évapotranspiration Horaire,mm/h,0.14
2025-05-24 22:00:00,Température,Température,°c,15.4
2025-05-24 21:00:00,Vitesse du vent,Vitesse du vent,m/s,1.66
2025-05-24 21:00:00,Pression atmosphérique,Pression atmosphérique,hPa,961.0
2025-05-24 21:00:00,Rayonnement solaire,Rayonnement solaire,W/m²,0.0
2025-05-24 21:00:00,Point de Rosée,Point de Rosée,°c,7.4
2025-05-24 21:00:00,Humidité relative,Humidité relative,%,56.6
2025-05-24 21:00:00,Température,Température,°c,16.0
2025-05-24 21:00:00,Direction du vent,Direction du vent,Deg,322.2
2025-05-24 21:00:00,Évapotranspiration journalière,Évapotranspiration journalière,mm/j,4.76
2025-05-24 21:00:00,Évapotranspiration Horaire,Évapotranspiration Horaire,mm/h,0.14
2025-05-24 20:00:00,Pression atmosphérique,Pression atmosphérique,hPa,960.2
2025-05-24 20:00:00,Rayonnement solaire,Rayonnement solaire,W/m²,0.0
2025-05-24 20:00:00,Point de Rosée,Point de Rosée,°c,7.3
2025-05-24 20:00:00,Humidité relative,Humidité relative,%,55.8
2025-05-24 20:00:00,Température,Température,°c,16.2
2025-05-24 20:00:00,Direction du vent,Direction du vent,Deg,316.0
2025-05-24 20:00:00,Vitesse du vent,Vitesse du vent,m/s,1.44
2025-05-24 20:00:00,Évapotranspiration journalière,Évapotranspiration journalière,mm/j,4.76
2025-05-24 20:00:00,Évapotranspiration Horaire,Évapotranspiration Horaire,mm/h,0.15
2025-05-24 19:00:00,Pression atmosphérique,Pression atmosphérique,hPa,959.8
2025-05-24 19:00:00,Évapotranspiration Horaire,Évapotranspiration Horaire,mm/h,0.15
2025-05-24 19:00:00,Évapotranspiration journalière,Évapotranspiration journalière,mm/j,4.76
2025-05-24 19:00:00,Vitesse du vent,Vitesse du vent,m/s,2.19
2025-05-24 19:00:00,Direction du vent,Direction du vent,Deg,339.0
2025-05-24 19:00:00,Température,Température,°c,16.7
2025-05-24 19:00:00,Humidité relative,Humidité relative,%,54.0
2025-05-24 19:00:00,Point de Rosée,Point de Rosée,°c,7.3
2025-05-24 19:00:00,Rayonnement solaire,Rayonnement solaire,W/m²,9.0
2025-05-24 17:00:00,Évapotranspiration Horaire,Évapotranspiration Horaire,mm/h,0.16
2025-05-24 17:00:00,Point de Rosée,Point de Rosée,°c,10.1
2025-05-24 17:00:00,Rayonnement solaire,Rayonnement solaire,W/m²,117.0
2025-05-24 17:00:00,Pression atmosphérique,Pression atmosphérique,hPa,958.9
2025-05-24 17:00:00,Humidité relative,Humidité relative,%,66.1
2025-05-24 17:00:00,Température,Température,°c,16.5
2025-05-24 17:00:00,Direction du vent,Direction du vent,Deg,352.5
2025-05-24 17:00:00,Vitesse du vent,Vitesse du vent,m/s,2.21
2025-05-24 17:00:00,Évapotranspiration journalière,Évapotranspiration journalière,mm/j,4.76
2025-05-24 16:00:00,Évapotranspiration journalière,Évapotranspiration journalière,mm/j,4.76
2025-05-24 16:00:00,Vitesse du vent,Vitesse du vent,m/s,3.91
2025-05-24 16:00:00,Pression atmosphérique,Pression atmosphérique,hPa,958.6
2025-05-24 16:00:00,Rayonnement solaire,Rayonnement solaire,W/m²,60.0
2025-05-24 16:00:00,Point de Rosée,Point de Rosée,°c,8.7
2025-05-24 16:00:00,Humidité relative,Humidité relative,%,56.6
2025-05-24 16:00:00,Température,Température,°c,17.4
2025-05-24 16:00:00,Évapotranspiration Horaire,Évapotranspiration Horaire,mm/h,0.14
2025-05-24 16:00:00,Direction du vent,Direction du vent,Deg,306.9
2025-05-24 15:00:00,Direction du vent,Direction du vent,Deg,316.7
2025-05-24 15:00:00,Évapotranspiration Horaire,Évapotranspiration Horaire,mm/h,0.14
2025-05-24 15:00:00,Température,Température,°c,17.8
2025-05-24 15:00:00,Évapotranspiration journalière,Évapotranspiration journalière,mm/j,4.76
2025-05-24 15:00:00,Rayonnement solaire,Rayonnement solaire,W/m²,108.0
2025-05-24 15:00:00,Vitesse du vent,Vitesse du vent,m/s,3.15
2025-05-24 15:00:00,Point de Rosée,Point de Rosée,°c,9.4
2025-05-24 15:00:00,Pression atmosphérique,Pression atmosphérique,hPa,958.5
2025-05-24 15:00:00,Humidité relative,Humidité relative,%,58.1
2025-05-24 14:00:00,Température,Température,°c,18.3
2025-05-24 14:00:00,Pression atmosphérique,Pression atmosphérique,hPa,958.2
2025-05-24 14:00:00,Rayonnement solaire,Rayonnement solaire,W/m²,240.0
2025-05-24 14:00:00,Point de Rosée,Point de Rosée,°c,9.5
2025-05-24 14:00:00,Humidité relative,Humidité relative,%,56.7
2025-05-24 14:00:00,Direction du vent,Direction du vent,Deg,290.0
2025-05-24 14:00:00,Vitesse du vent,Vitesse du vent,m/s,4.02
2025-05-24 14:00:00,Évapotranspiration journalière,Évapotranspiration journalière,mm/j,4.76
2025-05-24 14:00:00,Évapotranspiration Horaire,Évapotranspiration Horaire,mm/h,0.13
2025-05-24 13:00:00,Température,Température,°c,20.0
2025-05-24 13:00:00,Direction du vent,Direction du vent,Deg,316.5
2025-05-24 13:00:00,Vitesse du vent,Vitesse du vent,m/s,1.11
2025-05-24 13:00:00,Évapotranspiration journalière,Évapotranspiration journalière,mm/j,4.76
2025-05-24 13:00:00,Évapotranspiration Horaire,Évapotranspiration Horaire,mm/h,0.13
2025-05-24 13:00:00,Point de Rosée,Point de Rosée,°c,8.7
2025-05-24 13:00:00,Rayonnement solaire,Rayonnement solaire,W/m²,495.0
2025-05-24 13:00:00,Pression atmosphérique,Pression atmosphérique,hPa,957.9
2025-05-24 13:00:00,Humidité relative,Humidité relative,%,48.2
2025-05-24 11:00:00,Pression atmosphérique,Pression atmosphérique,hPa,958.2
2025-05-24 11:00:00,Direction du vent,Direction du vent,Deg,278.3
2025-05-24 11:00:00,Rayonnement solaire,Rayonnement solaire,W/m²,369.0
2025-05-24 11:00:00,Vitesse du vent,Vitesse du vent,m/s,2.06
2025-05-24 11:00:00,Point de Rosée,Point de Rosée,°c,8.9
2025-05-24 11:00:00,Évapotranspiration journalière,Évapotranspiration journalière,mm/j,4.76
2025-05-24 11:00:00,Humidité relative,Humidité relative,%,55.3
2025-05-24 11:00:00,Évapotranspiration Horaire,Évapotranspiration Horaire,mm/h,0.13
2025-05-24 11:00:00,Température,Température,°c,18.0
2025-05-24 10:00:00,Point de Rosée,Point de Rosée,°c,9.1
2025-05-24 10:00:00,Pression atmosphérique,Pression atmosphérique,hPa,958.6
2025-05-24 10:00:00,Rayonnement solaire,Rayonnement solaire,W/m²,222.0
2025-05-24 10:00:00,Humidité relative,Humidité relative,%,60.5
2025-05-24 10:00:00,Température,Température,°c,16.8
2025-05-24 10:00:00,Direction du vent,Direction du vent,Deg,297.9
2025-05-24 10:00:00,Vitesse du vent,Vitesse du vent,m/s,1.57
2025-05-24 10:00:00,Évapotranspiration journalière,Évapotranspiration journalière,mm/j,4.76
2025-05-24 10:00:00,Évapotranspiration Horaire,Évapotranspiration Horaire,mm/h,0.12
2025-05-24 09:00:00,Température,Température,°c,15.9
2025-05-24 09:00:00,Humidité relative,Humidité relative,%,65.5
2025-05-24 09:00:00,Direction du vent,Direction du vent,Deg,320.7
2025-05-24 09:00:00,Point de Rosée,Point de Rosée,°c,9.4
2025-05-24 09:00:00,Vitesse du vent,Vitesse du vent,m/s,1.15
2025-05-24 09:00:00,Pression atmosphérique,Pression atmosphérique,hPa,958.2
2025-05-24 09:00:00,Évapotranspiration journalière,Évapotranspiration journalière,mm/j,4.76
2025-05-24 09:00:00,Rayonnement solaire,Rayonnement solaire,W/m²,310.0
2025-05-24 09:00:00,Évapotranspiration Horaire,Évapotranspiration Horaire,mm/h,0.12
2025-05-24 08:00:00,Point de Rosée,Point de Rosée,°c,10.3
2025-05-24 08:00:00,Pression atmosphérique,Pression atmosphérique,hPa,958.6
2025-05-24 08:00:00,Rayonnement solaire,Rayonnement solaire,W/m²,133.0
2025-05-24 08:00:00,Humidité relative,Humidité relative,%,74.5
2025-05-24 08:00:00,Température,Température,°c,14.8
2025-05-24 08:00:00,Direction du vent,Direction du vent,Deg,334.4
2025-05-24 08:00:00,Vitesse du vent,Vitesse du vent,m/s,1.83
2025-05-24 08:00:00,Évapotranspiration journalière,Évapotranspiration journalière,mm/j,4.76
2025-05-24 08:00:00,Évapotranspiration Horaire,Évapotranspiration Horaire,mm/h,0.11
2025-05-24 07:00:00,Température,Température,°c,13.5
2025-05-24 07:00:00,Évapotranspiration Horaire,Évapotranspiration Horaire,mm/h,0.11
2025-05-24 07:00:00,Direction du vent,Direction du vent,Deg,322.0
2025-05-24 07:00:00,Rayonnement solaire,Rayonnement solaire,W/m²,65.0
2025-05-24 07:00:00,Pression atmosphérique,Pression atmosphérique,hPa,958.3
2025-05-24 07:00:00,Point de Rosée,Point de Rosée,°c,10.9
2025-05-24 07:00:00,Évapotranspiration journalière,Évapotranspiration journalière,mm/j,4.76
2025-05-24 07:00:00,Humidité relative,Humidité relative,%,84.2
2025-05-24 07:00:00,Vitesse du vent,Vitesse du vent,m/s,1.09
2025-05-24 06:00:00,Humidité relative,Humidité relative,%,78.3
2025-05-24 06:00:00,Pression atmosphérique,Pression atmosphérique,hPa,957.9
2025-05-24 06:00:00,Rayonnement solaire,Rayonnement solaire,W/m²,5.0
2025-05-24 06:00:00,Point de Rosée,Point de Rosée,°c,10.1
2025-05-24 06:00:00,Température,Température,°c,13.8
2025-05-24 06:00:00,Direction du vent,Direction du vent,Deg,304.9
2025-05-24 06:00:00,Vitesse du vent,Vitesse du vent,m/s,3.04
2025-05-24 06:00:00,Évapotranspiration journalière,Évapotranspiration journalière,mm/j,4.76
2025-05-24 06:00:00,Évapotranspiration Horaire,Évapotranspiration Horaire,mm/h,0.07
2025-05-24 05:00:00,Direction du vent,Direction du vent,Deg,296.2
2025-05-24 05:00:00,Évapotranspiration journalière,Évapotranspiration journalière,mm/j,4.76
2025-05-24 05:00:00,Vitesse du vent,Vitesse du vent,m/s,2.63
2025-05-24 05:00:00,Rayonnement solaire,Rayonnement solaire,W/m²,0.0
2025-05-24 05:00:00,Évapotranspiration Horaire,Évapotranspiration Horaire,mm/h,0.07
2025-05-24 05:00:00,Point de Rosée,Point de Rosée,°c,9.1
2025-05-24 05:00:00,Pression atmosphérique,Pression atmosphérique,hPa,957.2
2025-05-24 05:00:00,Humidité relative,Humidité relative,%,69.7
2025-05-24 05:00:00,Température,Température,°c,14.6
2025-05-24 04:00:00,Évapotranspiration Horaire,Évapotranspiration Horaire,mm/h,0.08
2025-05-24 04:00:00,Humidité relative,Humidité relative,%,74.7
2025-05-24 04:00:00,Vitesse du vent,Vitesse du vent,m/s,2.58
2025-05-24 04:00:00,Évapotranspiration journalière,Évapotranspiration journalière,mm/j,4.76
2025-05-24 04:00:00,Point de Rosée,Point de Rosée,°c,9.6
2025-05-24 04:00:00,Pression atmosphérique,Pression atmosphérique,hPa,955.5
2025-05-24 04:00:00,Direction du vent,Direction du vent,Deg,16.0
2025-05-24 04:00:00,Rayonnement solaire,Rayonnement solaire,W/m²,2.0
2025-05-24 04:00:00,Température,Température,°c,14.0
2025-05-24 03:00:00,Température,Température,°c,13.9
2025-05-24 03:00:00,Pression atmosphérique,Pression atmosphérique,hPa,957.5
2025-05-24 03:00:00,Rayonnement solaire,Rayonnement solaire,W/m²,0.0
2025-05-24 03:00:00,Point de Rosée,Point de Rosée,°c,10.7
2025-05-24 03:00:00,Humidité relative,Humidité relative,%,81.0
2025-05-24 03:00:00,Direction du vent,Direction du vent,Deg,291.5
2025-05-24 03:00:00,Vitesse du vent,Vitesse du vent,m/s,0.91
2025-05-24 03:00:00,Évapotranspiration journalière,Évapotranspiration journalière,mm/j,4.76
2025-05-24 03:00:00,Évapotranspiration Horaire,Évapotranspiration Horaire,mm/h,0.08
2025-05-24 02:00:00,Rayonnement solaire,Rayonnement solaire,W/m²,0.0
2025-05-24 02:00:00,Direction du vent,Direction du vent,Deg,5.7
2025-05-24 02:00:00,Pression atmosphérique,Pression atmosphérique,hPa,958.1
2025-05-24 02:00:00,Vitesse du vent,Vitesse du vent,m/s,0.47
2025-05-24 02:00:00,Point de Rosée,Point de Rosée,°c,11.0
2025-05-24 02:00:00,Évapotranspiration journalière,Évapotranspiration journalière,mm/j,4.76
2025-05-24 02:00:00,Température,Température,°c,14.4
2025-05-24 02:00:00,Évapotranspiration Horaire,Évapotranspiration Horaire,mm/h,0.08
2025-05-24 02:00:00,Humidité relative,Humidité relative,%,79.7
2025-05-24 01:00:00,Évapotranspiration Horaire,Évapotranspiration Horaire,mm/h,0.09
2025-05-24 01:00:00,Humidité relative,Humidité relative,%,57.4
2025-05-24 01:00:00,Rayonnement solaire,Rayonnement solaire,W/m²,0.0
2025-05-24 01:00:00,Point de Rosée,Point de Rosée,°c,7.4
2025-05-24 01:00:00,Pression atmosphérique,Pression atmosphérique,hPa,957.8
2025-05-24 01:00:00,Température,Température,°c,15.8
2025-05-24 01:00:00,Direction du vent,Direction du vent,Deg,38.0
2025-05-24 01:00:00,Vitesse du vent,Vitesse du vent,m/s,0.76
2025-05-24 01:00:00,Évapotranspiration journalière,Évapotranspiration journalière,mm/j,4.76
2025-05-24 00:00:00,Pression atmosphérique,Pression atmosphérique,hPa,959.2
2025-05-24 00:00:00,Rayonnement solaire,Rayonnement solaire,W/m²,0.0
2025-05-24 00:00:00,Point de Rosée,Point de Rosée,°c,9.4
2025-05-24 00:00:00,Humidité relative,Humidité relative,%,64.3
2025-05-24 00:00:00,Température,Température,°c,16.2
2025-05-24 00:00:00,Direction du vent,Direction du vent,Deg,325.3
2025-05-24 00:00:00,Vitesse du vent,Vitesse du vent,m/s,1.76
2025-05-24 00:00:00,Évapotranspiration journalière,Évapotranspiration journalière,mm/j,3.46
2025-05-24 00:00:00,Évapotranspiration Horaire,Évapotranspiration Horaire,mm/h,0.13
2025-05-23 23:00:00,Température,Température,°c,16.2
2025-05-23 23:00:00,Pression atmosphérique,Pression atmosphérique,hPa,959.0
2025-05-23 23:00:00,Évapotranspiration Horaire,Évapotranspiration Horaire,mm/h,0.13
2025-05-23 23:00:00,Rayonnement solaire,Rayonnement solaire,W/m²,0.0
2025-05-23 23:00:00,Direction du vent,Direction du vent,Deg,358.8
2025-05-23 23:00:00,Point de Rosée,Point de Rosée,°c,10.3
2025-05-23 23:00:00,Évapotranspiration journalière,Évapotranspiration journalière,mm/j,3.46
2025-05-23 23:00:00,Humidité relative,Humidité relative,%,68.1
2025-05-23 23:00:00,Vitesse du vent,Vitesse du vent,m/s,0.76
2025-05-23 22:00:00,Évapotranspiration journalière,Évapotranspiration journalière,mm/j,3.46
2025-05-23 22:00:00,Pression atmosphérique,Pression atmosphérique,hPa,959.0
2025-05-23 22:00:00,Rayonnement solaire,Rayonnement solaire,W/m²,0.0
2025-05-23 22:00:00,Point de Rosée,Point de Rosée,°c,10.2
2025-05-23 22:00:00,Humidité relative,Humidité relative,%,63.7
2025-05-23 22:00:00,Température,Température,°c,17.2
2025-05-23 22:00:00,Direction du vent,Direction du vent,Deg,311.2
2025-05-23 22:00:00,Vitesse du vent,Vitesse du vent,m/s,0.66
2025-05-23 22:00:00,Évapotranspiration Horaire,Évapotranspiration Horaire,mm/h,0.13
2025-05-23 21:00:00,Pression atmosphérique,Pression atmosphérique,hPa,958.5
2025-05-23 21:00:00,Humidité relative,Humidité relative,%,60.6
2025-05-23 21:00:00,Rayonnement solaire,Rayonnement solaire,W/m²,0.0
2025-05-23 21:00:00,Direction du vent,Direction du vent,Deg,104.3
2025-05-23 21:00:00,Évapotranspiration journalière,Évapotranspiration journalière,mm/j,3.46
2025-05-23 21:00:00,Point de Rosée,Point de Rosée,°c,10.1
2025-05-23 21:00:00,Évapotranspiration Horaire,Évapotranspiration Horaire,mm/h,0.13
2025-05-23 21:00:00,Vitesse du vent,Vitesse du vent,m/s,0.72
2025-05-23 21:00:00,Température,Température,°c,17.9
2025-05-23 20:00:00,Température,Température,°c,18.6
2025-05-23 20:00:00,Direction du vent,Direction du vent,Deg,3.1
2025-05-23 20:00:00,Vitesse du vent,Vitesse du vent,m/s,3.12
2025-05-23 20:00:00,Évapotranspiration journalière,Évapotranspiration journalière,mm/j,3.46
2025-05-23 20:00:00,Évapotranspiration Horaire,Évapotranspiration Horaire,mm/h,0.14
2025-05-23 20:00:00,Pression atmosphérique,Pression atmosphérique,hPa,958.3
2025-05-23 20:00:00,Rayonnement solaire,Rayonnement solaire,W/m²,0.0
2025-05-23 20:00:00,Point de Rosée,Point de Rosée,°c,11.0
2025-05-23 20:00:00,Humidité relative,Humidité relative,%,61.1
2025-05-23 19:00:00,Température,Température,°c,19.8
2025-05-23 19:00:00,Pression atmosphérique,Pression atmosphérique,hPa,957.6
2025-05-23 19:00:00,Rayonnement solaire,Rayonnement solaire,W/m²,12.0
2025-05-23 19:00:00,Point de Rosée,Point de Rosée,°c,10.5
2025-05-23 19:00:00,Humidité relative,Humidité relative,%,55.0
2025-05-23 19:00:00,Direction du vent,Direction du vent,Deg,327.0
2025-05-23 19:00:00,Vitesse du vent,Vitesse du vent,m/s,1.86
2025-05-23 19:00:00,Évapotranspiration journalière,Évapotranspiration journalière,mm/j,3.46
2025-05-23 19:00:00,Évapotranspiration Horaire,Évapotranspiration Horaire,mm/h,0.17
2025-05-23 18:00:00,Pression atmosphérique,Pression atmosphérique,hPa,957.2
2025-05-23 18:00:00,Évapotranspiration Horaire,Évapotranspiration Horaire,mm/h,0.17
2025-05-23 18:00:00,Rayonnement solaire,Rayonnement solaire,W/m²,21.0
2025-05-23 18:00:00,Température,Température,°c,20.5
2025-05-23 18:00:00,Évapotranspiration journalière,Évapotranspiration journalière,mm/j,3.46
2025-05-23 18:00:00,Direction du vent,Direction du vent,Deg,274.5
2025-05-23 18:00:00,Point de Rosée,Point de Rosée,°c,10.5
2025-05-23 18:00:00,Humidité relative,Humidité relative,%,52.8
2025-05-23 18:00:00,Vitesse du vent,Vitesse du vent,m/s,1.29
2025-05-23 17:00:00,Vitesse du vent,Vitesse du vent,m/s,2.65
2025-05-23 17:00:00,Pression atmosphérique,Pression atmosphérique,hPa,956.5
2025-05-23 17:00:00,Rayonnement solaire,Rayonnement solaire,W/m²,59.0
2025-05-23 17:00:00,Point de Rosée,Point de Rosée,°c,10.5
2025-05-23 17:00:00,Humidité relative,Humidité relative,%,47.7
2025-05-23 17:00:00,Température,Température,°c,22.1
2025-05-23 17:00:00,Direction du vent,Direction du vent,Deg,320.9
2025-05-23 17:00:00,Évapotranspiration journalière,Évapotranspiration journalière,mm/j,3.46
2025-05-23 17:00:00,Évapotranspiration Horaire,Évapotranspiration Horaire,mm/h,0.2
2025-05-23 15:00:00,Rayonnement solaire,Rayonnement solaire,W/m²,780.0
2025-05-23 15:00:00,Pression atmosphérique,Pression atmosphérique,hPa,956.5
2025-05-23 15:00:00,Point de Rosée,Point de Rosée,°c,10.8
2025-05-23 15:00:00,Humidité relative,Humidité relative,%,41.9
2025-05-23 15:00:00,Température,Température,°c,24.6
2025-05-23 15:00:00,Direction du vent,Direction du vent,Deg,296.2
2025-05-23 15:00:00,Vitesse du vent,Vitesse du vent,m/s,1.65
2025-05-23 15:00:00,Évapotranspiration journalière,Évapotranspiration journalière,mm/j,3.46
2025-05-23 15:00:00,Évapotranspiration Horaire,Évapotranspiration Horaire,mm/h,0.21
2025-05-23 13:00:00,Pression atmosphérique,Pression atmosphérique,hPa,956.4
2025-05-23 13:00:00,Rayonnement solaire,Rayonnement solaire,W/m²,651.0
2025-05-23 13:00:00,Point de Rosée,Point de Rosée,°c,9.5
2025-05-23 13:00:00,Humidité relative,Humidité relative,%,40.9
2025-05-23 13:00:00,Température,Température,°c,23.6
2025-05-23 13:00:00,Direction du vent,Direction du vent,Deg,319.4
2025-05-23 13:00:00,Vitesse du vent,Vitesse du vent,m/s,1.03
2025-05-23 13:00:00,Évapotranspiration journalière,Évapotranspiration journalière,mm/j,3.46
2025-05-23 13:00:00,Évapotranspiration Horaire,Évapotranspiration Horaire,mm/h,0.21
2025-05-23 12:00:00,Pression atmosphérique,Pression atmosphérique,hPa,956.4
2025-05-23 12:00:00,Rayonnement solaire,Rayonnement solaire,W/m²,934.0
2025-05-23 12:00:00,Point de Rosée,Point de Rosée,°c,10.1
2025-05-23 12:00:00,Humidité relative,Humidité relative,%,43.6
2025-05-23 12:00:00,Température,Température,°c,23.2
2025-05-23 12:00:00,Direction du vent,Direction du vent,Deg,329.9
2025-05-23 12:00:00,Vitesse du vent,Vitesse du vent,m/s,1.53
2025-05-23 12:00:00,Évapotranspiration journalière,Évapotranspiration journalière,mm/j,3.46
2025-05-23 12:00:00,Évapotranspiration Horaire,Évapotranspiration Horaire,mm/h,0.19
2025-05-23 11:00:00,Température,Température,°c,22.3
2025-05-23 11:00:00,Pression atmosphérique,Pression atmosphérique,hPa,956.9
2025-05-23 11:00:00,Évapotranspiration Horaire,Évapotranspiration Horaire,mm/h,0.15
2025-05-23 11:00:00,Rayonnement solaire,Rayonnement solaire,W/m²,892.0
2025-05-23 11:00:00,Direction du vent,Direction du vent,Deg,5.1
2025-05-23 11:00:00,Point de Rosée,Point de Rosée,°c,10.1
2025-05-23 11:00:00,Évapotranspiration journalière,Évapotranspiration journalière,mm/j,3.46
2025-05-23 11:00:00,Humidité relative,Humidité relative,%,45.9
2025-05-23 11:00:00,Vitesse du vent,Vitesse du vent,m/s,1.78
2025-05-23 10:00:00,Évapotranspiration journalière,Évapotranspiration journalière,mm/j,3.46
2025-05-23 10:00:00,Pression atmosphérique,Pression atmosphérique,hPa,956.9
2025-05-23 10:00:00,Rayonnement solaire,Rayonnement solaire,W/m²,800.0
2025-05-23 10:00:00,Point de Rosée,Point de Rosée,°c,9.9
2025-05-23 10:00:00,Humidité relative,Humidité relative,%,46.4
2025-05-23 10:00:00,Température,Température,°c,21.9
2025-05-23 10:00:00,Direction du vent,Direction du vent,Deg,288.7
2025-05-23 10:00:00,Vitesse du vent,Vitesse du vent,m/s,0.57
2025-05-23 10:00:00,Évapotranspiration Horaire,Évapotranspiration Horaire,mm/h,0.11
2025-05-23 09:00:00,Pression atmosphérique,Pression atmosphérique,hPa,956.9
2025-05-23 09:00:00,Humidité relative,Humidité relative,%,49.4
2025-05-23 09:00:00,Rayonnement solaire,Rayonnement solaire,W/m²,617.0
2025-05-23 09:00:00,Direction du vent,Direction du vent,Deg,24.7
2025-05-23 09:00:00,Évapotranspiration journalière,Évapotranspiration journalière,mm/j,3.46
2025-05-23 09:00:00,Point de Rosée,Point de Rosée,°c,9.9
2025-05-23 09:00:00,Évapotranspiration Horaire,Évapotranspiration Horaire,mm/h,0.11
2025-05-23 09:00:00,Vitesse du vent,Vitesse du vent,m/s,1.93
2025-05-23 09:00:00,Température,Température,°c,20.9
2025-05-23 08:00:00,Température,Température,°c,19.0
2025-05-23 08:00:00,Direction du vent,Direction du vent,Deg,336.8
2025-05-23 08:00:00,Vitesse du vent,Vitesse du vent,m/s,1.93
2025-05-23 08:00:00,Évapotranspiration journalière,Évapotranspiration journalière,mm/j,3.46
2025-05-23 08:00:00,Évapotranspiration Horaire,Évapotranspiration Horaire,mm/h,0.11
2025-05-23 08:00:00,Pression atmosphérique,Pression atmosphérique,hPa,957.1
2025-05-23 08:00:00,Rayonnement solaire,Rayonnement solaire,W/m²,417.0
2025-05-23 08:00:00,Point de Rosée,Point de Rosée,°c,10.9
2025-05-23 08:00:00,Humidité relative,Humidité relative,%,59.3
2025-05-23 07:00:00,Température,Température,°c,17.6
2025-05-23 07:00:00,Pression atmosphérique,Pression atmosphérique,hPa,957.4
2025-05-23 07:00:00,Rayonnement solaire,Rayonnement solaire,W/m²,210.0
2025-05-23 07:00:00,Point de Rosée,Point de Rosée,°c,10.5
2025-05-23 07:00:00,Humidité relative,Humidité relative,%,63.1
2025-05-23 07:00:00,Direction du vent,Direction du vent,Deg,300.6
2025-05-23 07:00:00,Vitesse du vent,Vitesse du vent,m/s,0.74
2025-05-23 07:00:00,Évapotranspiration journalière,Évapotranspiration journalière,mm/j,3.46
2025-05-23 07:00:00,Évapotranspiration Horaire,Évapotranspiration Horaire,mm/h,0.11
2025-05-23 06:00:00,Pression atmosphérique,Pression atmosphérique,hPa,957.1
2025-05-23 06:00:00,Évapotranspiration Horaire,Évapotranspiration Horaire,mm/h,0.11
2025-05-23 06:00:00,Rayonnement solaire,Rayonnement solaire,W/m²,65.0
2025-05-23 06:00:00,Température,Température,°c,16.6
2025-05-23 06:00:00,Évapotranspiration journalière,Évapotranspiration journalière,mm/j,3.46
2025-05-23 06:00:00,Direction du vent,Direction du vent,Deg,294.1
2025-05-23 06:00:00,Point de Rosée,Point de Rosée,°c,10.1
2025-05-23 06:00:00,Humidité relative,Humidité relative,%,65.8
2025-05-23 06:00:00,Vitesse du vent,Vitesse du vent,m/s,0.51
2025-05-23 05:00:00,Température,Température,°c,16.7
2025-05-23 05:00:00,Pression atmosphérique,Pression atmosphérique,hPa,956.7
2025-05-23 05:00:00,Rayonnement solaire,Rayonnement solaire,W/m²,0.0
2025-05-23 05:00:00,Point de Rosée,Point de Rosée,°c,9.6
2025-05-23 05:00:00,Humidité relative,Humidité relative,%,62.9
2025-05-23 05:00:00,Direction du vent,Direction du vent,Deg,48.0
2025-05-23 05:00:00,Vitesse du vent,Vitesse du vent,m/s,0.83
2025-05-23 05:00:00,Évapotranspiration journalière,Évapotranspiration journalière,mm/j,3.46
2025-05-23 05:00:00,Évapotranspiration Horaire,Évapotranspiration Horaire,mm/h,0.27
2025-05-22 08:00:00,Pression atmosphérique,Pression atmosphérique,hPa,960.1
2025-05-22 08:00:00,Direction du vent,Direction du vent,Deg,32.7
2025-05-22 08:00:00,Rayonnement solaire,Rayonnement solaire,W/m²,188.0
2025-05-22 08:00:00,Vitesse du vent,Vitesse du vent,m/s,1.29
2025-05-22 08:00:00,Humidité relative,Humidité relative,%,60.7
2025-05-22 08:00:00,Évapotranspiration journalière,Évapotranspiration journalière,mm/j,5.42
2025-05-22 08:00:00,Point de Rosée,Point de Rosée,°c,13.4
2025-05-22 08:00:00,Évapotranspiration Horaire,Évapotranspiration Horaire,mm/h,0.11
2025-05-22 08:00:00,Température,Température,°c,21.3
2025-05-22 07:00:00,Évapotranspiration Horaire,Évapotranspiration Horaire,mm/h,0.19
2025-05-22 07:00:00,Rayonnement solaire,Rayonnement solaire,W/m²,201.0
2025-05-22 07:00:00,Point de Rosée,Point de Rosée,°c,13.5
2025-05-22 07:00:00,Humidité relative,Humidité relative,%,71.9
2025-05-22 07:00:00,Température,Température,°c,18.7
2025-05-22 07:00:00,Direction du vent,Direction du vent,Deg,265.3
2025-05-22 07:00:00,Vitesse du vent,Vitesse du vent,m/s,0.39
2025-05-22 07:00:00,Évapotranspiration journalière,Évapotranspiration journalière,mm/j,5.42
2025-05-22 07:00:00,Pression atmosphérique,Pression atmosphérique,hPa,959.9
2025-05-22 06:00:00,Pression atmosphérique,Pression atmosphérique,hPa,960.1
2025-05-22 06:00:00,Rayonnement solaire,Rayonnement solaire,W/m²,101.0
2025-05-22 06:00:00,Point de Rosée,Point de Rosée,°c,13.4
2025-05-22 06:00:00,Humidité relative,Humidité relative,%,81.5
2025-05-22 06:00:00,Température,Température,°c,16.6
2025-05-22 06:00:00,Direction du vent,Direction du vent,Deg,267.7
2025-05-22 06:00:00,Vitesse du vent,Vitesse du vent,m/s,0.43
2025-05-22 06:00:00,Évapotranspiration journalière,Évapotranspiration journalière,mm/j,5.42
2025-05-22 06:00:00,Évapotranspiration Horaire,Évapotranspiration Horaire,mm/h,0.19
2025-05-22 05:00:00,Température,Température,°c,16.1
2025-05-22 05:00:00,Pression atmosphérique,Pression atmosphérique,hPa,960.5
2025-05-22 05:00:00,Évapotranspiration Horaire,Évapotranspiration Horaire,mm/h,0.28
2025-05-22 05:00:00,Rayonnement solaire,Rayonnement solaire,W/m²,0.0
2025-05-22 05:00:00,Direction du vent,Direction du vent,Deg,211.3
2025-05-22 05:00:00,Point de Rosée,Point de Rosée,°c,13.2
2025-05-22 05:00:00,Évapotranspiration journalière,Évapotranspiration journalière,mm/j,5.42
2025-05-22 05:00:00,Humidité relative,Humidité relative,%,82.9
2025-05-22 05:00:00,Vitesse du vent,Vitesse du vent,m/s,0.68
2025-05-21 17:00:00,Température,Température,°c,27.2
2025-05-21 17:00:00,Évapotranspiration Horaire,Évapotranspiration Horaire,mm/h,0.28
2025-05-21 17:00:00,Évapotranspiration journalière,Évapotranspiration journalière,mm/j,5.94
2025-05-21 17:00:00,Vitesse du vent,Vitesse du vent,m/s,3.04
2025-05-21 17:00:00,Direction du vent,Direction du vent,Deg,59.5
2025-05-21 17:00:00,Humidité relative,Humidité relative,%,35.9
2025-05-21 17:00:00,Point de Rosée,Point de Rosée,°c,10.8
2025-05-21 17:00:00,Rayonnement solaire,Rayonnement solaire,W/m²,201.0
2025-05-21 17:00:00,Pression atmosphérique,Pression atmosphérique,hPa,960.3
2025-05-21 15:00:00,Évapotranspiration Horaire,Évapotranspiration Horaire,mm/h,0.27
2025-05-21 15:00:00,Évapotranspiration journalière,Évapotranspiration journalière,mm/j,5.94
2025-05-21 15:00:00,Vitesse du vent,Vitesse du vent,m/s,3.13
2025-05-21 15:00:00,Direction du vent,Direction du vent,Deg,61.9
2025-05-21 15:00:00,Température,Température,°c,27.8
2025-05-21 15:00:00,Humidité relative,Humidité relative,%,32.6
2025-05-21 15:00:00,Point de Rosée,Point de Rosée,°c,9.9
2025-05-21 15:00:00,Rayonnement solaire,Rayonnement solaire,W/m²,733.0
2025-05-21 15:00:00,Pression atmosphérique,Pression atmosphérique,hPa,961.0
2025-05-21 13:00:00,Évapotranspiration Horaire,Évapotranspiration Horaire,mm/h,0.23
2025-05-21 13:00:00,Évapotranspiration journalière,Évapotranspiration journalière,mm/j,5.94
2025-05-21 13:00:00,Vitesse du vent,Vitesse du vent,m/s,1.54
2025-05-21 13:00:00,Direction du vent,Direction du vent,Deg,108.9
2025-05-21 13:00:00,Température,Température,°c,26.4
2025-05-21 13:00:00,Humidité relative,Humidité relative,%,37.5
2025-05-21 13:00:00,Point de Rosée,Point de Rosée,°c,10.8
2025-05-21 13:00:00,Rayonnement solaire,Rayonnement solaire,W/m²,722.0
2025-05-21 13:00:00,Pression atmosphérique,Pression atmosphérique,hPa,961.6
2025-05-21 11:00:00,Évapotranspiration Horaire,Évapotranspiration Horaire,mm/h,0.2
2025-05-21 11:00:00,Évapotranspiration journalière,Évapotranspiration journalière,mm/j,5.94
2025-05-21 11:00:00,Vitesse du vent,Vitesse du vent,m/s,2.71
2025-05-21 11:00:00,Direction du vent,Direction du vent,Deg,115.5
2025-05-21 11:00:00,Température,Température,°c,25.2
2025-05-21 11:00:00,Humidité relative,Humidité relative,%,34.0
2025-05-21 11:00:00,Point de Rosée,Point de Rosée,°c,8.2
2025-05-21 11:00:00,Rayonnement solaire,Rayonnement solaire,W/m²,602.0
2025-05-21 11:00:00,Pression atmosphérique,Pression atmosphérique,hPa,962.3
2025-05-21 09:00:00,Évapotranspiration Horaire,Évapotranspiration Horaire,mm/h,0.17
2025-05-21 09:00:00,Évapotranspiration journalière,Évapotranspiration journalière,mm/j,5.94
2025-05-21 09:00:00,Vitesse du vent,Vitesse du vent,m/s,1.07
2025-05-21 09:00:00,Direction du vent,Direction du vent,Deg,131.6
2025-05-21 09:00:00,Température,Température,°c,23.2
2025-05-21 09:00:00,Humidité relative,Humidité relative,%,40.6
2025-05-21 09:00:00,Point de Rosée,Point de Rosée,°c,9.0
2025-05-21 09:00:00,Rayonnement solaire,Rayonnement solaire,W/m²,583.0
2025-05-21 09:00:00,Pression atmosphérique,Pression atmosphérique,hPa,962.2
2025-05-21 07:00:00,Évapotranspiration Horaire,Évapotranspiration Horaire,mm/h,0.13
2025-05-21 07:00:00,Évapotranspiration journalière,Évapotranspiration journalière,mm/j,5.94
2025-05-21 07:00:00,Vitesse du vent,Vitesse du vent,m/s,1.38
2025-05-21 07:00:00,Direction du vent,Direction du vent,Deg,277.6
2025-05-21 07:00:00,Température,Température,°c,18.5
2025-05-21 07:00:00,Humidité relative,Humidité relative,%,59.2
2025-05-21 07:00:00,Point de Rosée,Point de Rosée,°c,10.4
2025-05-21 07:00:00,Rayonnement solaire,Rayonnement solaire,W/m²,207.0
2025-05-21 07:00:00,Pression atmosphérique,Pression atmosphérique,hPa,961.9
2025-05-21 05:00:00,Évapotranspiration Horaire,Évapotranspiration Horaire,mm/h,0.13
2025-05-21 05:00:00,Évapotranspiration journalière,Évapotranspiration journalière,mm/j,5.94
2025-05-21 05:00:00,Vitesse du vent,Vitesse du vent,m/s,0.66
2025-05-21 05:00:00,Direction du vent,Direction du vent,Deg,198.3
2025-05-21 05:00:00,Température,Température,°c,16.0
2025-05-21 05:00:00,Humidité relative,Humidité relative,%,84.5
2025-05-21 05:00:00,Point de Rosée,Point de Rosée,°c,13.4
2025-05-21 05:00:00,Rayonnement solaire,Rayonnement solaire,W/m²,0.0
2025-05-21 05:00:00,Pression atmosphérique,Pression atmosphérique,hPa,961.7
2025-05-20 06:00:00,Évapotranspiration Horaire,Évapotranspiration Horaire,mm/h,0.14
2025-05-20 06:00:00,Évapotranspiration journalière,Évapotranspiration journalière,mm/j,7.04
2025-05-20 06:00:00,Vitesse du vent,Vitesse du vent,m/s,0.69
2025-05-20 06:00:00,Direction du vent,Direction du vent,Deg,297.3
2025-05-20 06:00:00,Température,Température,°c,21.3
2025-05-20 06:00:00,Humidité relative,Humidité relative,%,41.3
2025-05-20 06:00:00,Point de Rosée,Point de Rosée,°c,7.6
2025-05-20 06:00:00,Rayonnement solaire,Rayonnement solaire,W/m²,60.0
2025-05-20 06:00:00,Pression atmosphérique,Pression atmosphérique,hPa,961.8
2025-05-20 05:00:00,Évapotranspiration Horaire,Évapotranspiration Horaire,mm/h,0.15
2025-05-20 05:00:00,Évapotranspiration journalière,Évapotranspiration journalière,mm/j,7.04
2025-05-20 05:00:00,Vitesse du vent,Vitesse du vent,m/s,1.8
2025-05-20 05:00:00,Direction du vent,Direction du vent,Deg,222.1
2025-05-20 05:00:00,Température,Température,°c,21.1
2025-05-20 05:00:00,Humidité relative,Humidité relative,%,40.6
2025-05-20 05:00:00,Point de Rosée,Point de Rosée,°c,7.2
2025-05-20 05:00:00,Rayonnement solaire,Rayonnement solaire,W/m²,0.0
2025-05-20 05:00:00,Pression atmosphérique,Pression atmosphérique,hPa,961.5
2025-05-20 04:00:00,Évapotranspiration Horaire,Évapotranspiration Horaire,mm/h,0.15
2025-05-20 04:00:00,Évapotranspiration journalière,Évapotranspiration journalière,mm/j,7.04
2025-05-20 04:00:00,Vitesse du vent,Vitesse du vent,m/s,0.42
2025-05-20 04:00:00,Direction du vent,Direction du vent,Deg,318.4
2025-05-20 04:00:00,Température,Température,°c,23.0
2025-05-20 04:00:00,Humidité relative,Humidité relative,%,32.6
2025-05-20 04:00:00,Point de Rosée,Point de Rosée,°c,5.7
2025-05-20 04:00:00,Rayonnement solaire,Rayonnement solaire,W/m²,0.0
2025-05-20 04:00:00,Pression atmosphérique,Pression atmosphérique,hPa,961.2
2025-05-20 03:00:00,Évapotranspiration Horaire,Évapotranspiration Horaire,mm/h,0.16
2025-05-20 03:00:00,Évapotranspiration journalière,Évapotranspiration journalière,mm/j,7.04
2025-05-20 03:00:00,Vitesse du vent,Vitesse du vent,m/s,0.93
2025-05-20 03:00:00,Direction du vent,Direction du vent,Deg,172.2
2025-05-20 03:00:00,Température,Température,°c,23.2
2025-05-20 03:00:00,Humidité relative,Humidité relative,%,36.3
2025-05-20 03:00:00,Point de Rosée,Point de Rosée,°c,7.4
2025-05-20 03:00:00,Rayonnement solaire,Rayonnement solaire,W/m²,0.0
2025-05-20 03:00:00,Pression atmosphérique,Pression atmosphérique,hPa,960.9
2025-05-20 02:00:00,Évapotranspiration Horaire,Évapotranspiration Horaire,mm/h,0.18
2025-05-20 02:00:00,Évapotranspiration journalière,Évapotranspiration journalière,mm/j,7.04
2025-05-20 02:00:00,Vitesse du vent,Vitesse du vent,m/s,1.32
2025-05-20 02:00:00,Direction du vent,Direction du vent,Deg,34.9
2025-05-20 02:00:00,Température,Température,°c,25.9
2025-05-20 02:00:00,Humidité relative,Humidité relative,%,27.7
2025-05-20 02:00:00,Point de Rosée,Point de Rosée,°c,5.9
2025-05-20 02:00:00,Rayonnement solaire,Rayonnement solaire,W/m²,0.0
2025-05-20 02:00:00,Pression atmosphérique,Pression atmosphérique,hPa,961.1
2025-05-20 01:00:00,Évapotranspiration Horaire,Évapotranspiration Horaire,mm/h,0.18
2025-05-20 01:00:00,Évapotranspiration journalière,Évapotranspiration journalière,mm/j,7.04
2025-05-20 01:00:00,Vitesse du vent,Vitesse du vent,m/s,1.22
2025-05-20 01:00:00,Direction du vent,Direction du vent,Deg,234.9
2025-05-20 01:00:00,Température,Température,°c,25.1
2025-05-20 01:00:00,Humidité relative,Humidité relative,%,31.0
2025-05-20 01:00:00,Point de Rosée,Point de Rosée,°c,6.8
2025-05-20 01:00:00,Rayonnement solaire,Rayonnement solaire,W/m²,0.0
2025-05-20 01:00:00,Pression atmosphérique,Pression atmosphérique,hPa,961.6
2025-05-20 00:00:00,Évapotranspiration Horaire,Évapotranspiration Horaire,mm/h,0.17
2025-05-20 00:00:00,Pression atmosphérique,Pression atmosphérique,hPa,962.4
2025-05-20 00:00:00,Rayonnement solaire,Rayonnement solaire,W/m²,0.0
2025-05-20 00:00:00,Point de Rosée,Point de Rosée,°c,8.0
2025-05-20 00:00:00,Humidité relative,Humidité relative,%,35.9
2025-05-20 00:00:00,Température,Température,°c,24.0
2025-05-20 00:00:00,Direction du vent,Direction du vent,Deg,187.4
2025-05-20 00:00:00,Vitesse du vent,Vitesse du vent,m/s,1.88
2025-05-20 00:00:00,Évapotranspiration journalière,Évapotranspiration journalière,mm/j,6.16
