CRE;Ecole primaire;Nombre total des élèves;Nombre des élèves bénifiçiares de la cantine;Adresse de l'école;Distance entre le banque d'alimentation et l'école;Contient une salle à manger (oui/non);Long;Lat
باجة;م.إ.  هنشير عبد الرزاق;0;55;المدرسة الابتدائية هنشير عبد الرازق;6;لا توجد معطيات;9,150998;36,759456
باجة;م.إ.  الغيرية;0;180;المدرسة الابتدائية الغيرية;7;لا توجد معطيات;9,114455;36,71715
باجة;م.إ.  حمام سيالة;0;200;م.إ.  حمام سيالة;10;لا توجد معطيات;9,150734848;36,66398126
باجة;م.إ.  بوكسلان;0;80;المدرسة الابتدائية بوكسلان;14;لا توجد معطيات;9,27428;36,745445
باجة;م.إ.  عين سلطان;0;115;االمدرسة الابتائية عين سلطان;15;لا توجد معطيات;9,171219;36,832696
باجة;م.إ.  بوقطفة المنشار;0;150;المدرسة الابتدائية المنشار بوقطفة;15;لا توجد معطيات;9,314595;36,729871
باجة;م.إ.  جبل الشعرة;0;65;المدرسة الابتدائية جبل الشعرة;15;لا توجد معطيات;9,207478;36,805075
باجة;م.إ.  سيدي السهيلي;0;145;م.إ.  سيدي السهيلي;15;لا توجد معطيات;9,115952337;36,6044625
باجة;م.إ. بالشوك باجة;0;111;م.إ. بالشوك باجة;15;لا توجد معطيات;9,259243079;36,63513639
باجة;م.إ.  الشقاقة;0;65;المدرسة الابتدائية الشقاقة;16;لا توجد معطيات;9,281498;36,793554
باجة;م.إ.  قصر مزوار المحطة;0;145;المدرسة الابتدائية  قصر مزوار المحطة;17;لا توجد معطيات;9,3279;36,787964
باجة;م.إ.  المحطة كوكة;0;170;باجة الجنوبية ;17;لا توجد معطيات;9,111068;36,596754
باجة;م.إ.  عين قصر حديد تييبار;0;65;م.إ.  عين قصر حديد تييبار;17;لا توجد معطيات;9,092445353;36,66028883
باجة;م.إ.  القريعة عين الكحلة;0;50;المدرسة الابتدائية القريعة عين الكحلة;18;لا توجد معطيات;9,143212;36,827031
باجة;م.إ.  هنشير المالح;0;45;م.إ.  هنشير المالح;18;لا توجد معطيات;9,249776757;36,63936593
باجة;م.إ.  شارع بورقيبة;0;250;عمدون;20;لا توجد معطيات;9,1845314;36,722744
باجة;م.إ.  المهيري;0;180;عمدون;20;لا توجد معطيات;9,087;36,765
باجة;م.إ.  النقاشية;0;170;المدرسة الابتدائية النقاشية;21;لا توجد معطيات;9,265213;36,841059
باجة;م.إ. قصر مزوار عين الحنش;0;110;المدرسة الابتدائية  قصر مزوار عين حنش;22;لا توجد معطيات;9,325731;36,816414
باجة;م.إ.  الشرشارة;0;125;المدرسة الابتدائية الشرشارة;22;لا توجد معطيات;9,195674;36,883987
باجة;م.إ.  سيدي سعدون;0;90;عمدون;22;لا توجد معطيات;9,079041;36,780895
باجة;م.إ.  النشيمة;0;220;مدرسة النشيمة 9022 طريق تيبار;22;لا توجد معطيات;9,095915101;36,56343421
باجة;م.إ.  الشرفة;0;85;المدرسة الابتدائية الشرفة;24;لا توجد معطيات;9,366361;36,844818
باجة;م.إ.  الأغوال تيبار;0;175;عمدون;25;لا توجد معطيات;9,167667446;36,59454457
باجة;م.إ. القوسة;0;155;عمدون;26;لا توجد معطيات;9,033575;36,768661
باجة;م.إ.  تاميسة;0;145;عمدون;27;لا توجد معطيات;8,98554;36,786121
باجة;م.إ.  مستوتة;0;110;عمدون;30;لا توجد معطيات;9,1963457;36,636297
باجة;م.إ.  مرج النصارى;0;120;عمدون;30;لا توجد معطيات;9,02715;36,796581
باجة;م.إ.  الطبابة;0;105;الطبابة  -نفزة;30;لا توجد معطيات;9,14609;36,907628
باجة;م.إ.  شارع بورقيبة;0;200;مدرسة شارع بورقيبة 9022 تيبار;30;لا توجد معطيات;9,1845314;36,722744
باجة;م.إ.  عين السخونة;0;160;عمدون;32;لا توجد معطيات;9,100723;36,807184
باجة;م.إ.  القصر تستور;0;80;القصر;32;لا توجد معطيات;9,472623;36,758584
باجة;م.إ.  دجبة 2;0;130;المدرسة الإبتدائية دجبة 2 9022 تيبار;33;لا توجد معطيات;9,093571;36,488775
باجة;م.إ.  هنشير بورويس;0;130;عمدون;34;لا توجد معطيات;9,121778;36,82504
باجة;م.إ.  عين الدفالي;0;100;المدرسة الإبتدائية بعين دفالي 9022 تيبار;34;لا توجد معطيات;9,0587251;36,482814
باجة;م.إ.  مغراوة;0;65;عمدون;35;لا توجد معطيات;8,9432;36,788769
باجة;م.إ.  دجبة 1;0;170;المدرسة الإبتدائية دجبة 1 9022 تيبار;35;لا توجد معطيات;9,106381;36,484206
باجة;م.إ.  وادي الزيتون;0;43;وادي الزرقاء تستور ;35;لا توجد معطيات;9,466752;36,720468
باجة;م.إ.  هنشير السخونة;0;110;عمدون;36;لا توجد معطيات;9,057573;36,700993
باجة;م.إ.  مرقاقة;0;70;عمدون;37;لا توجد معطيات;8,997424;36,827705
باجة;م.إ.  الجميلة;0;105;الجميلة -نفزة;37;لا توجد معطيات;9,098551;36,948182
باجة;م.إ.  سيدي احمد الجديدي;0;125;سيدي احمد الجديدي;39;لا توجد معطيات;9,514809;36,661767
باجة;م.إ.  الغرفة;0;70;عمدون;40;لا توجد معطيات;8,953728;36,822078
باجة;م.إ.  قرسطاية;0;110;قرسطاية -نفزة;40;لا توجد معطيات;9,146678;36,879879
باجة;م.إ.  وادي الزرقاء 1;0;150;وادي الزرقاء ;40;لا توجد معطيات;9,442883;36,666526
باجة;م.إ.  وادي الزرقاء 2;0;90;وادي الزرقاء تستور ;40;لا توجد معطيات;9,439721;36,665917
باجة;م.إ.  المجالس;0;125;عمدون;42;لا توجد معطيات;9,060189;36,834176
باجة;م.إ.  هنشير الدغرق;0;75;عمدون;43;لا توجد معطيات;9,046873;36,85215
باجة;م.إ.  عين مليتي;0;30;طريق معمل عين مليتى;43;لا توجد معطيات;9,176854;36,498372
باجة;م.إ.  حي الروضة السلوقية;0;120;السلوقية تستور ;43;لا توجد معطيات;9,516317;36,591323
باجة;م.إ.  أم العبيد;0;70;ام العبيد -نفزة;44;لا توجد معطيات;9,039321;36,999826
باجة;م.إ.  الرميلة;0;110;الرميلة -نفزة;45;لا توجد معطيات;9,191931;36,927762
باجة;م.إ.  طبوبة;0;92;طبوبة -نفزة;45;لا توجد معطيات;9,085993;36,889159
باجة;م.إ.  الظهيرات;0;110;الظهيرات -نفزة;45;لا توجد معطيات;9,116212;36,965288
باجة;م.إ. السلوقية;0;220;السلوقية ;45;لا توجد معطيات;9,51122045;36,5810313
باجة;م.إ.  زلدو;0;94;زلدو تستور ;45;لا توجد معطيات;9,313491;36,576971
باجة;م.إ.  وادي داموس;0;80;وادي الداموس -نفزة;46;لا توجد معطيات;9,101943;37,033528
باجة;م.إ.  سيدي مبارك;0;110;عمدون;47;لا توجد معطيات;9,024025;36,874516
باجة;م.إ.  العياضي;0;60;طريق معمل عين مليتى;47;لا توجد معطيات;9,17534;36,525701
باجة;م.إ.  جبل الديس;0;143;جبل الديس -نفزة;48;لا توجد معطيات;9,133753225;36,99918003
باجة;م.إ.  جميل;0;155;الجميل - نفزة;48;لا توجد معطيات;9,051224;36,947181
باجة;م.إ.  بوقرنونــة;0;90;بوقرنونة -نفزة;48;لا توجد معطيات;9,014762;36,945292
باجة;م.إ. الصنادل;0;102;الصنادل -نفزة;48;لا توجد معطيات;9,10189;37,004
باجة;م.إ.  عش الزيتون;0;142;عش الزيتون -نفزة;49;لا توجد معطيات;9,143464;37,026202
باجة;م.إ.  الجوزة;0;65;عمدون;50;لا توجد معطيات;9,005515;36,848449
باجة;م.إ.  وادي المعدن;0;105;وادي المعدن -نفزة;50;لا توجد معطيات;9,104202;36,865215
باجة;م.إ.  أولاد هويمل;0;32;اولاد هويمل -نفزة;50;لا توجد معطيات;9,08806;37,013747
باجة;م.إ.  أولاد سالم;0;184;أولاد سالم -نفزة;52;لا توجد معطيات;8,997137;36,994923
باجة;م.إ.  زاقة;0;210;زاقة -نفزة;52;لا توجد معطيات;8,991668;36,922232
باجة;م.إ.  رأس الوادي;0;195;راس الوادي -نفزة;52;لا توجد معطيات;9,182482;36,976423
باجة;م.إ.  أولاد قاسم;0;96;أولاد قاسم -نفزة;53;لا توجد معطيات;9,047507;37,01958
باجة;م.إ.  غياضة;0;70;غياضة -نفزة;53;لا توجد معطيات;9,1626303;36,944502
باجة;م.إ.  بئر التوتة;0;40;طريق الماطرية الملعب البلدى بتبرسق ;54;لا توجد معطيات;9,225497;36,491402
باجة;م.إ.  عين جمالة;0;60;طريق تونس العاصمة;54;لا توجد معطيات;9,3146361;36,494802
باجة;م.إ. الحمايدية;0;100;الحمايدية -نفزة;55;لا توجد معطيات;8,976777;36,947394
باجة;م.إ. ابن خلدون تستور 1;0;120;تستور ;55;لا توجد معطيات;9,443818;36,550158
باجة;م.إ.  ولجة الدخان;0;76;السلوقية تستور ;55;لا توجد معطيات;9,553788;36,602032
باجة;م.إ.  جباس;0;151;السلوقية تستور ;55;لا توجد معطيات;9,493966;36,55329
باجة;م.إ.  تافرشة;0;11;السلوقية تستور ;55;لا توجد معطيات;9,555415;36,583623
باجة;م.إ.  الوليجة;0;98;الوليجة -نفزة;56;لا توجد معطيات;8,970604;37,011246
باجة;م.إ.  عين بن شبل;0;80;فدان السوق تبرسق الجنوبية;56;لا توجد معطيات;9,319603;36,422409
باجة;م.إ.  الطارف;0;130;الطارف -نفزة;57;لا توجد معطيات;8,976636;36,928177
باجة;م.إ.  سيدي نصر;0;115;سيدي نصر;58;لا توجد معطيات;9,602755;36,472429
باجة;م.إ.  قريش الوادي;0;95;قريش لوادي;58;لا توجد معطيات;9,6658866;36,679267
باجة;م.إ.  التفاحة;0;45;التفاحة;58;لا توجد معطيات;9,607279;36,714047
باجة;م.إ.  مقطع حديد -تبردقة;0;120;تبردقة - نفزة;60;لا توجد معطيات;9,026088;37,047807
باجة;م.إ.  الهري;0;200;الهري;60;لا توجد معطيات;9,66403;36,725446
باجة;م.إ.  الصخيرة;0;94;الصخيرة  تستور ;60;لا توجد معطيات;9,407785;36,588885
باجة;م.إ.  ريحانة;0;67;طريق دقة أثارريحانة;62;لا توجد معطيات;9,09403;36,422806
باجة;م.إ.  أولاد مرعي;0;118;طريق الماطرية الملعب البلدى بتبرسق  ;62;لا توجد معطيات;9,22977;36,550581
باجة;م.إ.   عين طنقا;0;58;عين طنقا تستور ;62;لا توجد معطيات;9,358875;36,525395
باجة;م.إ.  ابن خلدون قبلاط 2;0;110;قبلاط ;63;لا توجد معطيات;9,660177;36,550345
باجة;م.إ.  توكابر;0;110;توكابر;63;لا توجد معطيات;9,522851;36,708726
باجة;م.إ.  سيدي مدين;0;120;سيدي مدين;64;لا توجد معطيات;9,7556554;36,631684
باجة;م.إ.  القمرتي;0;70;قبلاط ;65;لا توجد معطيات;9,38;36,32
باجة;م.إ.  أولاد سلامة;0;135;أولتد سلامة تستور ;65;لا توجد معطيات;9,492695272;36,51565926
باجة;م.إ.  وادي الجدرة;0;67;وادي الجدرة تستور;65;لا توجد معطيات;9,352692;36,551048
باجة;م.إ.  شواش;0;70;شواش;68;لا توجد معطيات;9,539617;36,711604
باجة;م.إ.  القريعات 2;0;177;القريعات2;68;لا توجد معطيات;9,784028;36,660136
باجة;م.إ. السنايسيـة;0;23;تستور ;68;لا توجد معطيات;9,489769;36,49429
باجة;م.إ.  عين الحمام;0;18;طريق دقة أثار ريحانة;69;لا توجد معطيات;9,124896;36,38148
باجة;م.إ.  قرام;0;130;قبلاط ;69;لا توجد معطيات;9,6108564;36,520456
باجة;م.إ.  خنيقة الدهان;0;80;قبلاط ;70;لا توجد معطيات;9,664363;36,470278
باجة;م.إ.  حيدوس;0;40;حيدوس;70;لا توجد معطيات;9,59079;36,743328
باجة;م.إ. بئر العش;0;20;قبلاط ;74;لا توجد معطيات;9,625539;36,471525
باجة;م.إ.  القريعات1;0;11;القريعات1;74;لا توجد معطيات;9,746677;36,696989
باجة;م.إ.  سيدي نصر;0;75;قبلاط ;75;لا توجد معطيات;9,602755;36,472429
باجة;م.إ.  عين يونس;0;36;عين يونس تستور ;75;لا توجد معطيات;9,376696;36,443944
باجة;م.إ.  شيخ الوديان;0;215;قبلاط ;76;لا توجد معطيات;9,711994;36,496368
باجة;م.إ.  دور اسماعيل;0;125;قبلاط ;78;لا توجد معطيات;9,787282;36,549396
باجة;م.إ.  خشاب;0;155;قبلاط ;79;لا توجد معطيات;9,728283029;36,5540614
باجة;م.إ.  مزوغة;0;66;مزوغة تستور ;80;لا توجد معطيات;9,340556;36,605572
باجة;م.إ.  التلة;0;4;قبلاط ;81;لا توجد معطيات;9,819844;36,581913
باجة;م.إ.  القلاع;0;25;تستور ;85;لا توجد معطيات;9,246061;36,574267
باجة;م.إ.  البد;0;35;البد;98;لا توجد معطيات;9,5813778;36,794211
المهدية;م.إ.  أولاد عمر السيدة;356;250;معتمدية السواسي ;5;لا توجد معطيات;10,418558;35,46766
المهدية;م.إ.  الجعاونية;188;180;معتمدية السواسي ;5;لا توجد معطيات;10,56882;35,320632
المهدية;م.إ.  السودان;182;141;معتمدية السواسي ;5;لا توجد معطيات;10,568844;35,255578
المهدية;م.ا. سيدي زيد;218;70;معتمدية السواسي;5;لا توجد معطيات;10,49801248;35,36125735
المهدية;م.إ.  الجميعات;409;100;معتمدية السواسي;8;لا توجد معطيات;10,517569;35,303324
المهدية;م.إ. القوادرية;160;130;معتمدية السواسي ;6;لا توجد معطيات;10,591401;35,324277
المهدية;م.إ.  القدارات;271;160;معتمدية السواسي;13;لا توجد معطيات;10,538513;35,281887
المهدية;م.إ.  البزاينية;222;125;معتمدية السواسي;8;لا توجد معطيات;10,507905;35,376578
المهدية;م.إ.  أولاد خليفة;157;104;معتمدية السواسي ;8;لا توجد معطيات;10,436252;35,37906
المهدية;م.إ.  الشحيمات الجنوبية;354;250;معتمدية السواسي;9;لا توجد معطيات;10,460931;35,390341
المهدية;م.إ. الحثرمين;145;100;معتمدية السواسي ;9;لا توجد معطيات;10,447758;35,359677
المهدية;م.إ. الفــرجان;132;81;معتمدية السواسي;13;لا توجد معطيات;10,558682;35,288585
المهدية;م.إ.  أولاد مولاهم الشرقية;548;400;معتمدية السواسي ;14;لا توجد معطيات;10,43041845;35,34378572
المهدية;م.إ. أولاد عون;179;135;معتمدية السواسي ;10;لا توجد معطيات;10,636053;35,363346
المهدية;م.إ.  أولاد الحناشي;235;150;معتمدية شربان;10;لا توجد معطيات;10,458511;35,309569
المهدية;م.إ.  الكساسبة;491;200;معتمدية السواسي;11;لا توجد معطيات;10,63323424;35,38436759
المهدية;م.إ.  أولاد مولاهم الغربية;237;150;معتمدية السواسي ;15;لا توجد معطيات;10,40422;35,319173
المهدية;م.إ.  الشواشين;174;101;معتمدية شربان;19;لا توجد معطيات;10,487891;35,248895
المهدية;م.إ.  أولاد التومي;159;90;معتمدية شربان;18;لا توجد معطيات;10,465872;35,28498
المهدية;م.ا.الملاهمة;212;60;معتمدية بومرداس;12;لا توجد معطيات;10,616369;35,446287
المهدية;م.إ.  أولاد عبد الله;ر223;150;معتمدية السواسي;13;لا توجد معطيات;10,617881;35,40747
المهدية;م.ا.الزعيرات;177;70;معتمدية السواسي;13;لا توجد معطيات;10,427867;35,30020677
المهدية;م.إ.  القرادحة;175;109;معتمدية شربان;14;لا توجد معطيات;10,491287;35,218302
المهدية;م.إ.  أولاد احمد;378;246;معتمدية شربان;14;لا توجد معطيات;11,003257;35,160852
المهدية;م.إ.  العبابدة;95;73;معتمدية شربان;15;لا توجد معطيات;10,413538;35,269459
المهدية;م.إ. بوهلال علي 1;232;150;معتمدية بومرداس;16;لا توجد معطيات;10,6496;35,426757
المهدية;م.إ.  بوهلال علي 2;447;150;معتمدية بومرداس;16;لا توجد معطيات;10,67141;35,403956
المهدية;م.إ.  الرجيبات;459;300;معتمدية السواسي;16;لا توجد معطيات;10,409412;35,355017
المهدية;م.إ.  الشوايقية;125;125;معتمدية شربان;16;لا توجد معطيات;10,457623;35,219446
المهدية;م.إ. الستوت;162;100;معتمدية السواسي;17;لا توجد معطيات;10,433956;35,433214
المهدية;م.إ.  الشحيمات الشمالية;342;300;معتمدية اولاد الشامخ 5210;20;لا توجد معطيات;10,393652;35,43487
المهدية;م.إ.  فريق العمارات;281;190;معتمدية اولاد الشامخ 5210;20;لا توجد معطيات;10,397144;35,371921
المهدية;م.إ.  الرواضي;516;200;معتمدية بومرداس;20;لا توجد معطيات;10,69819;35,411567
المهدية;م.إ.  الزغابنة;215;100;معتمدية الجم;20;لا توجد معطيات;10,709004;35,23399733
المهدية;م.إ.  الزراطة;216;180;معتمدية بومرداس;21;لا توجد معطيات;10,6776578;35,43967325
المهدية;م.إ.  العواذبية;330;130;معتمدية بومرداس;21;لا توجد معطيات;10,680446;35,379819
المهدية;م.إ.  هنشير بوعزيز;74;64;معتمدية شربان;21;لا توجد معطيات;10,402457;35,236985
المهدية;م.إ.  أولاد بوزيد;438;250;معتمدية اولاد الشامخ 5210;22;لا توجد معطيات;10,357296;35,464555
المهدية;م.إ.  وادي حمودة;166;100;معتمدية الجم;22;لا توجد معطيات;10,756734;35,268931
المهدية;م.إ.  أولاد شريفة;136;130;معتمدية شربان;22;لا توجد معطيات;10,538391;35,186718
المهدية;م.إ.  المزاهدة;126;115;معتمدية شربان;22;لا توجد معطيات;10,353769;35,285635
المهدية;م.إ.  العيثة- الامتياز;298;150;معتمدية الجم;22;لا توجد معطيات;10,639625;35,275039
المهدية;م.إ.  العجيلات;206;200; معتمدية اولاد الشامخ 5120;23;لا توجد معطيات;10,354221;35,420115
المهدية;م.إ. الدراغثة;70;60;معتمدية اولاد الشامخ 5210;23;لا توجد معطيات;10,391679;35,468783
المهدية;م.إ. الحوس;207;150;معتمدية بومرداس;23;لا توجد معطيات;10,7258896;35,44408983
المهدية;م.إ.  البصرة شربان;178;130;معتمدية شربان;23;لا توجد معطيات;10,479015;35,172023
المهدية;حي الرياض القواسم;114;100;معتمدية شربان;24;لا توجد معطيات;10,446601;35,17911
المهدية;م.إ.  أولاد عمر;122;115;معتمدية اولاد الشامخ 5210;25;لا توجد معطيات;10,418558;35,46766
المهدية;م.إ.  غرة جوان55 الشحدة;152;130;معتمدية شربان;25;لا توجد معطيات;10,325601;35,256899
المهدية;م.إ.  خير الدين;127;116;معتمدية شربان;25;لا توجد معطيات;10,40043;35,186238
المهدية;م.إ.  الشرف شربان;104;104;معتمدية شربان;25;لا توجد معطيات;10,361315;35,198196
المهدية;م.إ.  سيدي بوهلال;174;150;معتمدية الجم;25;لا توجد معطيات;10,585837;35,280789
المهدية;م.إ.  العشابة;222;200;معتمدية الجم;26;لا توجد معطيات;10,79257434;35,30312101
المهدية;م.إ.  بني ثابت;86;56;معتمدية الجم;26;لا توجد معطيات;10,702276;35,378572
المهدية; الخيور;100;60;معتمدية شربان;26;لا توجد معطيات;0;0
المهدية;م.ا.الشياب;106;60;معتمدية الجم;27;لا توجد معطيات;10,838696;35,274549
المهدية;م.ا.النعايمة;128;60;معتمدية بومرداس;27;لا توجد معطيات;10,725621;35,409206
المهدية;م.إ.  السمرة;104;100;معتمدية اولاد الشامخ 5210;28;لا توجد معطيات;10,27610521;35,43358486
المهدية;م.إ.  2 مارس منزل حمزة;86;65;معتمدية بومرداس;28;لا توجد معطيات;10,79440242;35,40457606
المهدية;م.إ.  العبابسة;363;150;معتمدية الجم;28;لا توجد معطيات;10,770407;35,388896
المهدية;م.إ.  أولاد عرجون;173;130;معتمدية الجم;28;لا توجد معطيات;10,810676;35,269596
المهدية;م.إ.  الرزايقية;122;105;معتمدية اولاد الشامخ 5210;29;لا توجد معطيات;10,439363;35,464858
المهدية;م.إ. الشوارعية;395;180;معتمدية بومرداس;29;لا توجد معطيات;10,76611249;35,43499091
المهدية;م.إ.  القواسم;572;300;معتمدية شربان;29;لا توجد معطيات;10,427247;35,160909
المهدية;م.إ.  بئر بو سليم;115;95;معتمدية اولاد الشامخ 5210;30;لا توجد معطيات;10,23229497;35,42891902
المهدية;م.إ.  البراشنية;59;55;معتمدية اولاد الشامخ 5210;30;لا توجد معطيات;10,248068;35,453143
المهدية;م.إ.  أولاد الشامخ 7;219;160;معتمدية اولاد الشامخ 5210;32;لا توجد معطيات;10,274149;35,513313
المهدية;م.إ. المنيدرة;107;95;معتمدية اولاد الشامخ 5210;32;لا توجد معطيات;10,288449;35,40185
المهدية;م.إ.  الغرارقة;210;200;معتمدية اولاد الشامخ 5210;33;لا توجد معطيات;10,258488;35,396758
المهدية;م.إ.  الرقائقة;147;111;معتمدية هبيرة;33;لا توجد معطيات;10,30287347;35,21422403
المهدية; م.ا.الحرية;77;60;معتمدية اولاد الشامخ;33;لا توجد معطيات;10,268582;35,471239
المهدية;م.إ. الشواش;125;71;معتمدية سيدي علوان;35;لا توجد معطيات;10,854712;35,403236
المهدية;م.إ.  بني طورش;214;150;معتمدية ملولش;36;لا توجد معطيات;10,977858;35,229653
المهدية;م.إ.  منزل حشاد هبيرة;223;200;معتمدية هبيرة;36;لا توجد معطيات;10,281013;35,185023
المهدية;م.إ.  زالبة الغربية;294;250;معتمدية سيدي علوان;36;لا توجد معطيات;10,849728;35,202395
المهدية;م.إ.  السعادة;300;250;معتمدية سيدي علوان;36;لا توجد معطيات;10,825827;35,365194
المهدية;م.إ.  ساقية الخادم;491;250;معتمدية سيدي علوان;37;لا توجد معطيات;10,874331;35,38538
المهدية;م.إ.  وادي باجة;377;250;معتمدية سيدي علوان;37;لا توجد معطيات;10,878595;35,345298
المهدية;م.إ.  أولاد نصيب الشط;109;109;معتمدية هبيرة;38;لا توجد معطيات;10,239613;35,279851
المهدية;م.إ.  زالبة الشرقية;237;140;معتمدية سيدي علوان;38;لا توجد معطيات;10,905161;35,245027
المهدية;م.إ.  العيايطة;308;130;معتمدية سيدي علوان;38;لا توجد معطيات;10,885488;35,367144
المهدية;م.إ.  الزوازي;212;130;معتمديةسيدي علوان;38;لا توجد معطيات;10,818922;35,335763
المهدية;م.إ.  الماجرية;143;141;معتمدية سيدي علوان;38;لا توجد معطيات;10,890405;35,322309
المهدية;م.ا.اولاد احمد ;107;60;معتمدية سيدي علوان;38;لا توجد معطيات;11,003257;35,160852
المهدية;م.إ.  الجواودة المنصوريّة;234;200;معتمديةالمهدية 5100;39;لا توجد معطيات;10,890777;35,497044
المهدية;م.إ.  الشحدة;85;85;معتمدية هبيرة;39;لا توجد معطيات;10,213186;35,244774
المهدية;م.إ.  الحجارة;70;70;معتمدية هبيرة;39;لا توجد معطيات;10,236264;35,200755
المهدية;م.إ.  سعفات وادي باجة;233;110;معتمدية سيدي علوان;39;لا توجد معطيات;10,851352;35,310172
المهدية;م.إ.  المصيفة;150;105;معتمدية سيدي علوان;39;لا توجد معطيات;10,842528;35,171393
المهدية;م.إ.  قشانة;102;102;معتمدية سيدي علوان;39;لا توجد معطيات;10,842567;35,393485
المهدية;م.إ.  سيدي عساكر الغربية;294;200;معتمدية قصور الساف;40;لا توجد معطيات;10,87998359;35,41377947
المهدية;م.إ.  أولاد نصيب - عقبة ابن نافع;125;81;معتمدية هبيرة;40;لا توجد معطيات;10,180516;35,263722
المهدية;م.إ.  زردة;209;200;معتمدية سيدي علوان;40;لا توجد معطيات;10,92052716;35,29826165
المهدية;م.إ.  البعاجلة;226;110;معتمدية سيدي علوان;40;لا توجد معطيات;10,920474;35,388387
المهدية;م.إ.  الزواوين (الحكايمة);253;200;معتمدية المهدية 5100;41;لا توجد معطيات;10,8552434;35,451975
المهدية;م.إ.  2 مارس 34 هبيرة;366;250;معتمدية هبيرة;41;لا توجد معطيات;10,22916604;35,16885922
المهدية;م.إ. الكراعيد1 حوان;52;43;معتمدي هبيرة;41;لا توجد معطيات;10,313811;35,154681
المهدية;م.إ.  أولاد الذوادي (الحكايمة);197;150;معتمدية المهدية 5100;42;لا توجد معطيات;10,87226429;35,44739109
المهدية;م.إ.  أولاد مسلم;57;50;معتمدية قصور الساف;42;لا توجد معطيات;10,969908;35,3617
المهدية;م.إ. المحارزة;195;195;معتمدية هبيرة;42;لا توجد معطيات;10,205461;35,372163
المهدية;م.إ.  وادي قلات;55;51;معتمدية سيدي علوان;42;لا توجد معطيات;10,81677;35,394592
المهدية;م.إ.  أولاد بالليل;233;120;معتمدية سيدي علوان;42;لا توجد معطيات;10,899662;35,381686
المهدية;م.إ.  سيدي عساكر الشرقية;320;100;معتمدية قصور الساف;43;لا توجد معطيات;10,92263316;35,43600546
المهدية;م.إ.  الحناينة;142;100;معتمدية قصور الساف;43;لا توجد معطيات;10,995308;35,280259
المهدية;م.إ.  أولاد بلعيد;192;150;معتمدية المهدية 5100;44;لا توجد معطيات;10,9407284;35,483533
المهدية;م.إ.  المحارزة الجنوبية;112;80;معتمدية هبيرة;45;لا توجد معطيات;10,205461;35,372163
المهدية;م.إ.  أولاد عبد الله;307;150;معتمدية ملولش;46;لا توجد معطيات;10,617881;35,40747
المهدية;م.إ.  أولاد احمد;216;120;معتمدية ملولش;46;لا توجد معطيات;11,003257;35,160852
المهدية;م.إ.  أولاد جاء بالله;181;130;معتمدية ملولش;47;لا توجد معطيات;10,918901;35,204433
المهدية;م.إ.  2 مارس 34 المنصورة;147;90;معتمدية ملولش;47;لا توجد معطيات;10,93098896;35,17492506
المهدية;م.إ.  أولاد عائشة;138;110;معتمدية سيدي علوان;48;لا توجد معطيات;10,874805;35,183801
المهدية;م.ا.صلقطة;200;150;معتمدية قصور الساف;48;لا توجد معطيات;11,04134368;35,39724714
المهدية;م.إ.  الهود;228;120;معتمدية ملولش;53;لا توجد معطيات;10,959975;35,137928
المهدية;م.إ.  العرقوب;240;120;معتمدية ملولش;52;لا توجد معطيات;10,97596;35,164388
المهدية;م.إ.  أولاد المبروك;282;140;معتمدية ملولش;64;لا توجد معطيات;11,016439;35,133845
القصرين;م.إ. الزياتين;41;49;سبيطلة;14;نعم;8,898052;35,268523
القصرين;م.إ. قرعة العطش;19;15;سبيطلة;15;نعم;8,927558;35,276361
القصرين;م.إ. قلال سمامة;155;116;سبيطلة;18;نعم;8,934513;35,265639
القصرين;م.إ. الغرابلية;131;120;سبيطلة;24;نعم;13;34
القصرين;م.إ. الوساعية;85;102;سبيطلة;26;نعم;8,9513039;35,29858
القصرين;م.إ. الأثار;639;319;سبيطلة;27;نعم;9,065029;35,268494
القصرين;م.إ. الفج;128;109;سبيطلة;30;نعم;8,973274;35,212702
القصرين;م.إ. الساقية الحمراء;69;68;سبيطلة;34;نعم;9,136276;35,185299
القصرين;م.إ. بوكحيل;143;100;سبيطلة;36;نعم;9,172968;35,250243
القصرين;م.إ. الحمار;199;120;سبيطلة;38;نعم;9,091781;35,361826
القصرين;م.إ. مشرق الشمس;135;112;سبيطلة;40;نعم;9,029128;35,380282
القصرين;م.إ. أولاد عبد المولاه;114;104;سبيطلة;40;نعم;9,163519;35,154923
القصرين;م.إ. وادي مساهل;90;116;سبيطلة;42;نعم;8,95572;35,393701
القصرين;م.إ. الطربخانة;301;247;سبيطلة;44;نعم;8,955398;35,427267
القصرين;م.إ. وادي المعيو;301;150;سبيطلة;45;نعم;9,226378;35,207929
القصرين;م.إ. الغضابنية;202;183;سبيطلة;45;نعم;9,205332;35,151046
القصرين;م.إ. زاوية بن عمار;56;57;سبيطلة;45;نعم;8,885645;35,35397
القصرين;م.إ. الجراولة;107;84;سبيطلة;45;نعم;9,124179;35,335227
القصرين;م.إ. الغرادق;118;88;سبيطلة;45;نعم;9,077943;35,144256
القصرين;م.إ. فج الطفل;110;100;سبيطلة;52;نعم;9,150772;35,366808
القصرين;م.إ. فيض المثنان;218;230;سبيطلة;55;نعم;8,842217;35,144414
القصرين;م.إ. سيدي عبدالله;41;43;سبيطلة;60;نعم;8,99787;35,404156
القصرين;م.إ. عين الخريبة;75;87;جدليان;93;نعم;8,9163496;35,693795
القصرين;م.إ. عين أم جدور;28;34;جدليان;95;نعم;8,9378209;35,637963
القصرين;م.إ. البلد;43;60;جدليان;100;نعم;8,8796613;35,570453
القصرين;م.إ. بئر سفيان;70;83;جدليان;100;نعم;8,9089088;35,598356
القصرين;م.إ. هنشير الحمام;41;30;جدليان;100;نعم;8,8696605;35,700888
القصرين;م.إ. البياض بوعرعار;44;43;جدليان;104;نعم;8,9443073;35,506173
القصرين;م.إ. عين الحمادنة;113;118;جدليان;108;نعم;8,829982;35,669354
القصرين;م.إ. سيدي علي بهلول;67;81;جدليان;110;نعم;8,8422448;35,737489
القصرين;م.إ. عين الجديدة;78;87;جدليان;118;نعم;8,7855213;35,628649
القصرين;م.إ. الزلافنة الحوالة;89;96;جدليان;118;نعم;8,8135714;35,529165
القصرين;م.إ. القنة;261;194;سبيبة;70;نعم;9,120924;35,444136
القصرين;م.إ. نور المعارف;319;172;سبيبة;77;نعم;9,098152;35,510183
القصرين;م.إ. بومفتاح;350;244;سبيبة;80;نعم;9,150015;35,479937
القصرين;م.إ. الذراع;233;197;سبيبة;82;نعم;9,168966;35,504902
القصرين;م.إ. ولجة عقيل;137;92;سبيبة;85;نعم;9,01479;35,525784
القصرين;م.إ. الكنترة;335;358;سبيبة;87;نعم;9,147438;35,580209
القصرين;م.إ. فتح الغلايقية;427;263;سبيبة;88;نعم;9,138449;35,600973
القصرين;م.إ. البعـازة;106;85;سبيبة;90;نعم;9,058214;35,525594
القصرين;م.إ. اولاد سعـد;78;87;سبيبة;91;نعم;9,213749;35,539422
القصرين;م.إ. سيدي ابراهيم الزهار;264;220;سبيبة;92;نعم;9,194291;35,521942
القصرين;م.إ. عين زيان 2;251;164;سبيبة;92;نعم;9,181529;35,432232
القصرين;م.إ. عين زيان 1;207;212;سبيبة;95;نعم;9,174032;35,408761
القصرين;م.إ. الجوابلية;183;120;سبيبة;98;نعم;9,195347;35,540369
القصرين;م.إ. الخضاورية;25;25;سبيبة;101;نعم;9,269289;35,526966
القصرين;م.إ. وادي الكرم;48;56;سبيبة;102;نعم;9,157241;35,519439
القصرين;م.إ. الثماد;269;240;سبيبة;103;نعم;9,10092;35,481899
القصرين;م.إ. الحسناوي;145;115;سبيبة;104;نعم;9,225448;35,465498
القصرين;م.إ. الجباس;72;84;سبيبة;107;نعم;9,293243;35,491686
القصرين;م.إ. الفرش;98;80;سبيبة;110;نعم;8,73545;34,925412
القصرين;م.إ. هنشير القمرية;79;77;تالة;30;نعم;8.6684443;35.705506
القصرين;م.إ. هندي الدولة;85;81;تالة;30;نعم;8,748258065;35,42255727
القصرين;م.إ. هنشير الورغي;198;155;تالة;37;نعم;8,772261562;35,46630031
القصرين;م.إ. زلفان الغربية;149;124;تالة;40;نعم;8,774530074;35,44195538
القصرين;م.إ. السفايـة;27;23;تالة;50;نعم;8,7055473;35,490966
القصرين;م.إ. بئر شعبان;36;37;تالة;54;نعم;8,7045789;35,448143
القصرين;م.إ. الشار 1;151;137;تالة;54;نعم;8,6777833;35,566096
القصرين;م.إ. الزعفران;14;39;تالة;58;نعم;8,6687054;35,657722
القصرين;م.إ. شاكر الاحواز;70;57;تالة;60;نعم;8,643191;35,638927
القصرين;م.إ. الجوى2;143;127;تالة;60;نعم;8,7749564;35,50456
القصرين;م.إ. الحمام;24;26;تالة;63;نعم;8,5992966;35,622543
القصرين;م.إ. العرقوب1;34;26;تالة;63;نعم;8,7211169;35,750024
القصرين;م.إ. الشافعي;80;75;تالة;64;نعم;8,651356005;35,57734841
القصرين;م.إ. عمرون;45;52;تالة;65;نعم;8,776015873;35,69749359
القصرين;م.إ. سيدي امحمد;39;40;تالة;70;نعم;8,7479565;35,7297124
القصرين;م.إ. جبل بولحناش;82;79;تالة;62;نعم;8,664015228;35,71438946
القصرين;م.إ. عين الدفلى;73;62;حيدرة;73;نعم;8,574434;35,617653
القصرين;م.إ. 18 جانفي حيدرة 1;328;208;حيدرة;81;نعم;8,448042607;35,56402307
القصرين;م.إ. طباقة;112;116;حيدرة;86;نعم;8,470800011;35,5259447
القصرين;م.إ. ابو القاسم الشابي هنشير بوعنــز;26;33;حيدرة;88;نعم;8,482459;35,533367
القصرين;م.إ. الأجرد;53;46;حيدرة;96;نعم;8,456704;35,558086
القصرين;م.إ. المريرة;18;23;حيدرة;96;نعم;8,453162;35,64049
القصرين;م.إ. الجباس;60;59;فوسانة;13;نعم;9,293243;35,491686
القصرين;م.إ. المراونة;104;94;فوسانة;15;نعم;8,733067;35,300063
القصرين;م.إ. أولاد منصور;131;93;فوسانة;19;نعم;8,670158;35,252791
القصرين;م.إ. خمودة الجنوبية;171;161;فوسانة;19;نعم;8,715519;35,33695
القصرين;م.إ. هنشير خليل;183;168;فوسانة;20;نعم;8,626026;35,287091
القصرين;م.إ. أولاد بنجاح;239;130;فوسانة;22;نعم;8,746376;35,353807
القصرين;م.إ. خمودة الشمالية;281;170;فوسانة;22;نعم;8,72006;35,353155
القصرين;م.إ. الهريش;75;80;فوسانة;23;نعم;8,697591;35,304748
القصرين;م.إ. البنانة;61;64;فوسانة;27;نعم;8,746767;35,352472
القصرين;م.إ. أولاد نصر الله;30;24;فوسانة;27;نعم;8,372596;35,134048
القصرين;م.إ. هنشير الصيودة;186;167;فوسانة;29;نعم;8,616527;35,335963
القصرين;م.إ. السواني;79;72;فوسانة;29;نعم;8,676127;35,319208
القصرين;م.إ. هنشير سعد;34;32;فوسانة;30;نعم;8,619059;35,263198
القصرين;م.إ. الفتح;647;200;فوسانة;32;نعم;8,629845598;35,35500182
القصرين;م.إ. زاوية المولدي;144;130;فوسانة;33;نعم;8,536974;35,311157
القصرين;م.إ. أم الاحواض;176;125;فوسانة;34;نعم;8,530403;35,358663
القصرين;م.إ. وادي الرشح;413;256;فوسانة;35;نعم;8,72396;35,388499
القصرين;م.إ. العذيــرة;157;112;فوسانة;37;نعم;8,497592;35,344796
القصرين;م.إ. أولاد بركة;136;100;فوسانة;37;نعم;8,608383;35,372386
القصرين;م.إ. أولاد زيد;45;44;فوسانة;39;نعم;8,645073;35,34953
القصرين;م.إ. أولاد غانم;91;86;فوسانة;44;نعم;8,591079;35,402006
القصرين;م.إ. بودرياس;502;242;فوسانة;45;نعم;8,4792676;35,242835
القصرين;م.إ. السلطنية;117;98;فوسانة;49;نعم;8,4732;35,246013
القصرين;م.إ. الحازة;0;13;فوسانة;50;نعم;8,404854;35,368423
القصرين;م.إ. بيرانو;101;88;فوسانة;55;نعم;8,721548;35,38964
القصرين;م.إ. عين الجنان;391;232;فوسانة;60;نعم;8,346949;35,312468
القصرين;م.إ. منزل نور;110;80;فوسانة;60;نعم;8,352512;35,399206
القصرين;م.إ. ذراع الجديد;139;102;فوسانة;65;نعم;8,400043;35,402933
القصرين;م.إ. التوايتية;106;108;العيون;35;نعم;8,821226296;35,379469
القصرين;م.إ. القرين;92;86;العيون;38;نعم;8,8602693;35,388588
القصرين;م.إ. طاهر بن زعرة;244;219;العيون;42;نعم;8,837648721;35,422304
القصرين;م.إ. الشوابيـة;190;125;العيون;45;نعم;8,8655889;35,421242
القصرين;م.إ. هنشير البقر;101;90;العيون;45;نعم;8,8896521;35,423802
القصرين;م.إ. وادي البرك;168;119;العيون;49;نعم;8,819207006;35,46898723
القصرين;م.إ. أفرينة;85;54;العيون;51;نعم;8,8512327;35,507334
القصرين;م.إ. الصويدات;162;141;العيون;54;نعم;8,850547;35,442432
القصرين;م.إ. دوار الحاج سعد;160;117;العيون;54;نعم;8,814194353;35,440305
القصرين;م.إ. الصخيرة البيضاء;333;257;العيون;56;نعم;8,899369732;35,463857
القصرين;م.إ. النور;565;369;العيون;56;نعم;8,884718248;35,538917
القصرين;م.إ. البواجر;68;88;العيون;64;نعم;8,83342;35,593347
القصرين;م.إ. عين السلسلة;95;96;العيون;65;نعم;8,9219096;35,591011
القصرين;م.إ. عين بوعرعـار;44;47;العيون;66;نعم;8,9443073;35,506173
القصرين;م.إ. الزوارعية;120;104;العيون;69;نعم;8,969496795;35,497072
القصرين;م.إ. بولعابة;114;85;القصرين الشمالية;13;نعم;8,738519;35,246897
القصرين;م.إ. العويجة;86;65;القصرين الجنوبية;10;نعم;8,809563;35,115535
القصرين;م.إ. المثنانية;93;70;القصرين الجنوبية;10;نعم;8,842217;35,144414
القصرين;م.إ. بوصفة;228;159;القصرين الجنوبية;13;نعم;8,704367;35,107025
القصرين;م.إ. القواسم;121;97;القصرين الجنوبية;14;نعم;8,863572;35,228506
القصرين;م.إ. عين نوبة;22;13;القصرين الجنوبية;15;نعم;8,945976;35,151805
القصرين;م.إ. هنشير القصعة;158;134;القصرين الجنوبية;15;نعم;8.862345814704895;35.23315844954147
القصرين;م.إ. البريج;59;55;القصرين الجنوبية;17;نعم;8,952146;35,205876
القصرين;م.إ. وسنينت;164;127;القصرين الجنوبية;17;نعم;8,844333;35,114119
القصرين;م.إ. الطرش;133;147;القصرين الجنوبية;18;نعم;8,871506;35,255037
القصرين;م.إ. سيدي حراث;150;139;القصرين الجنوبية;20;نعم;8,8109473;35,240801
القصرين;م.إ. الوشواشة;40;44;القصرين الجنوبية;20;نعم;8,423226;35,62963
القصرين;م.إ. فج بوحسين;75;55;القصرين الجنوبية;24;نعم;8.863572;35.228506
القصرين;م.إ. فج النعام;273;222;القصرين الجنوبية;25;نعم;8,659048;35,074329
القصرين;م.إ. كدية موسى;86;75;القصرين الجنوبية;26;نعم;8,726102;35,100583
القصرين;م.إ. الفرش 2;29;40;القصرين الجنوبية;33;نعم;8,703112;34,962482
القصرين;م.إ. المقيسمات;26;47;القصرين الجنوبية;44;نعم;8,745094;35,124637
القصرين;م.إ. الامتياز;35;250;فريانة;45;نعم;8,848734664;35,475405
القصرين;م.إ. بوحية;80;66;فريانة;45;نعم;8,516606761;35,11837299
القصرين;م.إ. السنك;88;98;فريانة;45;نعم;8,486006997;35,08543223
القصرين;م.إ. أولاد خضرة;74;56;فريانة;45;نعم;8,54817447;35,12574209
القصرين;م.إ. الدرابلية;103;90;فريانة;45;نعم;8,486351476;34,98984068
القصرين;م.إ. قارة النعام;117;144;فريانة;50;نعم;8,506792377;35,03281569
القصرين;م.إ. الرياض;69;64;فريانة;50;نعم;8,4774109;34,91301
القصرين;م.إ. قوبل;191;166;فريانة;50;نعم;8,524233886;35,00346783
القصرين;م.إ. المساعدية;36;32;فريانة;50;نعم;8,373127573;34,94937239
القصرين;م.إ. أولاد سالم;44;33;فريانة;55;نعم;8,3898238;34,918862
القصرين;م.إ. الصخيرات;123;89;فريانة;60;نعم;8,3723571;34,866446
القصرين;م.إ. درناية;71;66;فريانة;60;نعم;8,463668036;35,13224638
القصرين;م.إ. عبد العظيم;29;25;فريانة;60;نعم;8,524476;35,226873
القصرين;م.إ. أم علي;71;52;فريانة;65;نعم;8,3732594;35,04056756
القصرين;م.إ. أولاد ابراهيم;59;53;فريانة;65;نعم;8,337974;34,852646
القصرين;م.إ. السراقية;59;45;فريانة;70;نعم;8,317892795;34,83801461
القصرين;م.إ. حناشي;67;65;فريانة;70;نعم;13;34
القصرين;م.إ. اللطايفية;60;56;فريانة;70;نعم;8,328673036;34,84035478
القصرين;م.إ. الرميلة;16;21;حاسي الفريد;20;نعم;9,028372;35,120239
القصرين;م.إ. المزيرعة;204;150;حاسي الفريد;35;نعم;9,021748;35,087737
القصرين;م.إ. القويرة;72;58;حاسي الفريد;40;نعم;8,975602;35,015925
القصرين;م.إ. جبل الخروب;263;180;حاسي الفريد;40;نعم;9,017493;35,057375
القصرين;م.إ. 2 مارس 34 حاسي الفريد;416;267;حاسي الفريد;45;نعم;8,9513331;34,977991
القصرين;م.إ. خنقة الجازية;214;134;حاسي الفريد;45;نعم;9,1130455;35,090439
القصرين;م.إ. المحافير;100;94;حاسي الفريد;50;نعم;8,9068052;34,944452
القصرين;م.إ. عين سالم;58;51;حاسي الفريد;50;نعم;8,3898238;34,918862
القصرين;م.إ. العمامرية;71;62;حاسي الفريد;50;نعم;8,973488;34,95553
القصرين;م.إ. بئر حمودة;65;48;حاسي الفريد;50;نعم;8,896027;35,013869
القصرين;م.إ. الكامور;265;180;حاسي الفريد;55;نعم;8,809728;34,936092
القصرين;م.إ. عين سيدي محمود;132;109;حاسي الفريد;55;نعم;8,844349;34,999673
القصرين;م.إ. الساهلة;115;80;حاسي الفريد;55;نعم;8,972966;34,900729
القصرين;م.إ. اللبيبات;257;102;حاسي الفريد;55;نعم;9,120661;34,997424
القصرين;م.إ. الهشيم;138;102;حاسي الفريد;60;نعم;9,0709173;34,99064
القصرين;م.إ. قصر الطويل;126;134;حاسي الفريد;60;نعم;8,91208;34,866023
القصرين;م.إ. مقسم التراب;221;188;حاسي الفريد;65;نعم;8,827759;34,845876
القصرين;م.إ. الفرش;86;95;حاسي الفريد;65;نعم;8,73545;34,925412
القصرين;م.إ. الفكة;289;254;حاسي الفريد;65;نعم;8,762358;34,857885
القصرين;م.إ. السودان;161;121;حاسي الفريد;70;نعم;8,875551;34,821276
القصرين;م.إ. الدخلة;133;139;حاسي الفريد;75;نعم;8,8466332;34,806056
القصرين;م.إ. صولة;68;78;ماجل بلعباس;54;نعم;8,426556144;34,83232617
القصرين;م.إ. أبو القاسم الشابي;1141;200;ماجل بلعباس;60;نعم;8,5226034;34,750409
القصرين;م.إ. العباسية;558;354;ماجل بلعباس;60;نعم;8,481585794;34,7669439
القصرين;م.إ. الناصرية;78;84;ماجل بلعباس;65;نعم;8,619846961;34,76562698
القصرين;م.إ. الأمل;126;99;ماجل بلعباس;66;نعم;8,55244712;34,79083501
القصرين;م.إ. سيدي رابح;53;40;ماجل بلعباس;66;نعم;8,576639142;34,71753492
القصرين;م.إ. أم الأقصاب;42;43;ماجل بلعباس;67;نعم;8,433297295;34,69567641
القصرين;م.إ. ذراع الحمام;63;42;ماجل بلعباس;67;نعم;8,477691097;34,79557739
القصرين;م.إ. الهدايــة;47;31;ماجل بلعباس;69;نعم;8,556160633;34,81391767
القصرين;م.إ. أولاد عباس;0;9;ماجل بلعباس;70;نعم;8,637406739;34,82003526
القصرين;م.إ. ماجل العكروت;74;46;ماجل بلعباس;71;نعم;8,65671681;34,71229394
القصرين;م.إ. السماعلية;120;101;ماجل بلعباس;71;نعم;8,654680054;34,74441314
القصرين;م.إ. بروكة;143;83;ماجل بلعباس;72;نعم;8,605614979;34,58524814
القصرين;م.إ. السواني;57;39;ماجل بلعباس;72;نعم;8,676127;35,319208
القصرين;م.إ. الناظور;133;93;ماجل بلعباس;75;نعم;8,710593054;34,762806
القصرين;م.إ. الفكة;94;80;ماجل بلعباس;75;نعم;8,762358;34,857885
القصرين;م.إ. المسيلة;13;19;ماجل بلعباس;75;نعم;8,600331691;34,79575394
القصرين;م.إ. العيايشة;32;30;ماجل بلعباس;80;نعم;8,776241224;34,73758572
القصرين;م.إ. النجاح;42;54;ماجل بلعباس;80;نعم;8,361442736;34,84285381
القصرين;م.إ. أولاد مبارك;119;116;ماجل بلعباس;80;نعم;8,377281302;34,8036143
القصرين;م.إ. أولاد مرزوق;151;83;ماجل بلعباس;85;نعم;8,351667896;34,89938292
القصرين;م.إ. الجدرة;90;83;ماجل بلعباس;85;نعم;8,717251056;34,8150615
القصرين;م.إ. هنشير أم الخير;75;79;ماجل بلعباس;90;نعم;8,759669856;34,80203628
الكاف;م.إ.  2 مارس 34 القصور;596;0;القصوى;1;نعم;8,882876;35,893888
الكاف;م.إ. الزهيلة;43;0;الزهيلة القصور;1;نعم;8,881147;35,880475
الكاف;م.إ. النور;160;0;النور القصور;2;نعم;8,882894;35,899734
الكاف;م.إ.  بانو;159;0;بانو القصور;4;نعم;8,88815;35,833129
الكاف;م.إ.  العفسات;46;0;العفسات القصور;7;نعم;8,970247;35,839301
الكاف;م.إ.  الإنطلاق;134;0;الدهماني المدينة;8;نعم;8,8343283;35,945403
الكاف;م.إ.  سيدي عمر;54;0;سيدي عمر;12;نعم;8,8614211;35,946739
الكاف;م.إ. أولاد بوراوي;10;0;اولاد بوراوى القصور;12;نعم;9,03515;35,504165
الكاف;م.إ.  أولاد غانة;250;0;اولاد غانة القصور;14;نعم;8,843214;35,787054
الكاف;م.إ.  الزليقة;17;18;الزليقة;15;نعم;8,8288456;35,886684
الكاف;م.إ.  الزيتونة;161;0; الزيتونة القصوى;15;نعم;8,986514;35,817614
الكاف;م.إ. العديسي;78;68;العديسي;17;نعم;8,8064527;36,015719
الكاف;م.إ.  التوابع;65;80;التوابع;17;نعم;8,8883985;35,979355
الكاف;م.إ.  الزدينة;17;21;الزدينة;17;نعم;8,770011;35,957665
الكاف;م.إ. أولاد بلغيث;25;0;اولاد بالغبث القصور;17;نعم;8,9458;35,797786
الكاف;م.إ.  الرفاهية;52;0;الرفاهية;18;نعم;8,8391062;36,031945
الكاف;م.إ.  جوف اللواتة;62;0;جوف اللواتة القصوى;18;نعم;9,008825;35,826743
الكاف;م.إ. عين فضيل;40;0;عين فضيل القصور;18;نعم;9,006846;35,884282
الكاف;م.إ.  أولاد زيد;38;0;اولاد زيد القصور;18;نعم;9,017341;35,922415
الكاف;م.إ.  عبيدة;171;158;عبيدة;20;نعم;8,7227783;35,994973
الكاف;م.إ. الزوارين;138;141;الزوارين;20;نعم;8,9045627;36,023094
الكاف;م.إ.  المدينة;83;78;المدينة;20;نعم;8,782987;35,877338
الكاف;م.إ.  الباطن;56;66;الباطن;20;نعم;8,9035278;35,950476
الكاف;م.إ.  أولاد عيسى;185;0;اولاد عبسي;20;نعم;8,9239732;35,977812
الكاف;م.إ. قيراطة;59;0;قيراطة القصور;20;نعم;8,903765;35,75019
الكاف;م.إ.   محطة الماسخية;34;27;الماسخية;21;نعم;8,7408542;35,913229
الكاف;م.إ.  سيدي بركات;54;68;سبدي بركات;21;نعم;8,7918105;35,827395
الكاف;م.إ. الحمارنة;40;0;الحمارنة القصور;21;نعم;8,985813;35,952169
الكاف;م.إ.  فج التمر;49;48;فج التمر جريصة;22;نعم;8,710353;35,878027
الكاف;م.إ.  الصويدات طريق;14;0;الصويدات;23;نعم;8,7697493;35,842705
الكاف;م.إ.  الحيادرة;27;0;الحيادرة;24;نعم;8,6512735;35,871351
الكاف;م.إ. شركة الصابون;205;0;شركة الصابون;24;نعم;8,7539693;36,06692
الكاف;م.إ.  الشعانبة;32;0;الشعانبة;24;نعم;8,9363015;35,920647
الكاف;م.إ. القراعية;16;0;القراعية;25;نعم;8,6645494;35,8189
الكاف;م.إ.  الأربص قرية;93;0;الاربص قرية السرس;25;نعم;8,8396164;36,07253
الكاف;م.إ.  المنجم الجريصة;105;0;جريصة المنجم;27;نعم;8,6419986;35,844318
الكاف;م.إ.  علي بلهوان;25;0;علي البلهوان;27;نعم;8,6488035;35,842694
الكاف;م.إ.  الملاحة;16;0;الملاحة السرس;27;نعم;8,9650378;36,078481
الكاف;م.إ. حي المهندسين;36;0; حي  المنندسين;28;نعم;8,6334566;35,842156
الكاف;م.إ.  عين الزرقاء;42;0;العين الزرقاء;28;نعم;8,7254644;35,840664
الكاف;م.إ. الأربص محطة;63;0;الاربص محطة ;28;نعم;8,9205018;36,098351
الكاف;م.إ.  بطحاء السوق;223;0;بطحاء السوق;29;نعم;8,629809;35,844773
الكاف;م.إ.  14 جانفي 2011 الجريصة;210;0;14جانفي ;29;نعم;8,6263425;35,847795
الكاف;م.إ.  أم الكليل;45;0;ام الكليل;30;نعم;8,5959351;35,84175
الكاف;م.إ.  الكدية;30;0;الكدية القصور;30;نعم;8,585358;35,484338
الكاف;م.إ.  2 مارس السرس;512;0;السرس 7180;30;نعم;9,0229556;36,072793
الكاف;م.إ.  الزهور;346;0;الزهور السرس;30;نعم;9,0185387;36,074201
الكاف;م.إ.  عين القارصة;16;0;عين القارصة جريصة;31;نعم;8,6293526;35,821553
الكاف;م.إ.  النعايم;12;0;النعايم جريصة;32;نعم;8,6267992;35,799832
الكاف;م.إ.  النور 2;172;0;النور 2السرس;32;نعم;9,0325759;36,077976
الكاف;م.إ.  أولاد سلطان;61;0;اولاد سلطان;33;نعم;8,8472965;35,828365
الكاف;م.إ.  السبيعات;33;0;السبيعات;35;نعم;8,585262;35,862618
الكاف;م.إ.  السماعلة;29;0;السماعلة;35;نعم;8,653812;35,929932
الكاف;م.إ.  سيدي موسى;46;0;سيدي موسي السرس;36;نعم;9,0691174;36,075398
الكاف;م.إ. المحطة;55;0;المحطة;37;نعم;8,6997543;36,170184
الكاف;م.إ. سيدي مطير;175;0;سيدي مطير ;37;نعم;8,606111;36,055998
الكاف;م.إ.  شارع بورقيبة الكاف الشرقية;312;0;الكاف الشرقية;40;نعم;8,7184856;36,179539
الكاف;م.إ.  نهج 18 جانفي;285;0;الكاف الشرقية;40;نعم;8,7055939;36,181381
الكاف;م.إ.  حي حشاد;387;0;الكاف الشرقية;40;نعم;8,7037357;36,171292
الكاف;م.إ.  بوليفــة;50;0;الكاف الشرقية;40;نعم;8,7277734;36,126149
الكاف;م.إ.  بن علية;294;0;الكاف الشرقية;40;نعم;8,711948;36,179655
الكاف;م.إ.  2 مارس 34 الكاف الشرقية;524;0;الكاف الشرقية;40;نعم;8,707923;36,173906
الكاف;م.إ.  حي الزيتونة;336;0;الكاف الشرقية;40;نعم;8,7067621;36,183647
الكاف;م.إ.  برج العيفة;123;0;برج العيفة الكاغ;40;نعم;8,8512877;36,218564
الكاف;م.إ.  حي يوغرطة;441;0;حي يوغرطة الكاف;40;نعم;8,7285159;36,179945
الكاف;م.إ.  ابن خلدون;239;0;جبل كبوش;40;نعم;8,7143979;36,174396
الكاف;م.إ.  برنوصة;633;0;الكاف الغرببة  برنوصة 7119;40;نعم;8,413968;36,092755
الكاف;م.إ. السمانة;54;0;الكاف الغرببة  برنوصة 7119;40;نعم;8,686548;36,107513
الكاف;م.إ.  حي الطيب المهيري;334;0;الكاف الغرببة  برنوصة 7119;40;نعم;8,692928;36,160059
الكاف;م.إ.  شارع بورقيبة تاجوين;508;0;شارع بورقيبة تاحروين 7150;40;نعم;8,553472;35,890208
الكاف;م.إ.   34/3/2تاجروين;132;0;2\3\تاجروين;40;نعم;8,544663;35,893859
الكاف;م.إ.  حي الساقية تاجروين;115;0;حي الساقية;40;نعم;8,545024;35,884065
الكاف;م.إ.  حي الطيب المهيري;153;0;حي الطيب المهيري;40;نعم;8,556264;35,884053
الكاف;م.إ.  الآبار;130;0;الابار  السرس;40;نعم;9,1134301;36,008011
الكاف;م.إ.  حي البساتين;582;0;الكاف الغربية برنوصة 7119;41;نعم;8,697692;36,164131
الكاف;م.إ.  سواني العنب1;255;0;الكاف الغرببة  برنوصة 7119;41;نعم;8,696942;36,167353
الكاف;م.إ.  حروش- حي الأنس;286;0;الكاف الغرببة  برنوصة 7119;41;نعم;8,71185;36,161457
الكاف;م.إ.  سواني العنب 2;433;0;الكاف الغرببة  برنوصة 7119;41;نعم;8,69049;36,164197
الكاف;م.إ.  سيدي منصور;71;0;سيدي منصور;43;نعم;8,7276229;36,196499
الكاف;م.إ.   الكردمي;310;0;الكاف الغرببة  برنوصة 7119;43;نعم;8,693641;36,157204
الكاف;م.إ.  مهدية بوصليعة;101;0;مهدية بوصليعة السرس;43;نعم;8,9994615;36,034636
الكاف;م.إ.  سيدي عمر بن زغيد;53;0;طريق الكتف غ برنوصة 7119;44;نعم;8,639621;36,159777
الكاف;م.إ.  منزل سالم;121;0;منزل سالم;45;نعم;8,4756574;35,856227
الكاف;م.إ.  بوغلابة;19;0;بو غلابة;45;نعم;8,577606;35,921088
الكاف;م.إ.  العرقوب;86;0;العرقوب السرس;45;نعم;9,0542601;35,981929
الكاف;م.إ.  المرجى;113;0;المرجي السرس;46;نعم;;
الكاف;م.إ.  محطة الزعفران;40;0;محطة تلزعفران;47;نعم;8,8319436;36,157214
الكاف;م.إ.  المحطة;481;0;الكاف الشرقية;50;نعم;8,54445;35,852338
الكاف;م.إ. عين مرادة;44;0;عين مرادة;50;نعم;8,632952;35,904611
الكاف;م.إ.  بئر خذر;34;0;بير خذر;50;نعم;8,514029;35,95658
الكاف;م.إ.  فج مجالد;60;0;فج مجالد;50;نعم;8,576167;35,988776
الكاف;م.إ.  خنقة العطش;47;0;خنقة العطش;50;نعم;8,703485;35,943729
الكاف;م.إ.  سيدي نصر;46;0;سيدي نصر السرس;50;نعم;9,1512529;36,04007
الكاف;م.إ. التريشة;20;0;التريشة السرس;50;نعم;9,1321688;36,076935
الكاف;م.إ.  قرين الكلخ;45;0;قرين الكلخ;52;نعم;8,9819454;36,238909
الكاف;م.إ.  بوجريدة;40;0;بوجريدة;52;نعم;8,8162534;36,19053
الكاف;م.إ.  النعيمة;39;0;طريق الكاف برنوصة 7119;53;نعم;8,598153;36,10849
الكاف;م.إ.  اللاس;101;0;الاس السرس;53;نعم;9,0974435;35,948817
الكاف;م.إ.  سيدي بومفتاح;115;0;سبدي بومفتاح;57;نعم;8,7594957;36,148874
الكاف;م.إ.  الربيبة;48;0;قلعة سنان;58;نعم;8,3784836;35,795102
الكاف;م.إ.  الفراشيش;55;0;الفراشيش;60;نعم;8,8762393;36,145066
الكاف;م.إ.  جزة;71;0;جزة;60;نعم;8,6241356;35,964813
الكاف;م.إ.  سيدي مطير النجاة;39;0;سيدي مطير;60;نعم;8,648714;36,081866
الكاف;م.إ. قرن الحلفاية;41;0;قرن الحلفاية;60;نعم;8,498901;36,002851
الكاف;م.إ.  برج الديوانة;21;0;برج الديوانة;60;نعم;8,3980485;35,956827
الكاف;م.إ. الشمام;33;0;الشمام;60;نعم;8,648396;35,971799
الكاف;م.إ.  الغرايرية-2 مارس 34;19;0;الغرابرية;60;نعم;8,400495;35,909506
الكاف;م.إ.  حي الملعب;57;0;قلعة سنان;61;نعم;8,400495;35,909506
الكاف;م.إ.  صالح البحري;58;0;م ا صالح البحري;62;نعم;8,9337463;36,177516
الكاف;م.إ.  34/3/2قلعة سنان;303;0;قلعة سنان;62;نعم;8,3420215;35,768094
الكاف;م.إ.  المحجوبة;103;0;قلعة سنان;62;نعم;8,5028002;35,809944
الكاف;م.إ.  الفالتة;137;0;قلعة سنان;62;نعم;8,3050451;35,901782
الكاف;م.إ.  الحميمة;21;0;قلعة سنان;62;نعم;8,3654989;35,904157
الكاف;م.إ.  أولاد ابراهيم;14;0;قلعة سنان;62;نعم;8,3495493;35,850334
الكاف;م.إ.  النصر;349;0;قلعة سنان;63;نعم;8,3424819;35,765889
الكاف;م.إ.  سيدي احمد الصالح;137;0;سيدي احمد الصالح ;63;نعم;8,5789957;35,739378
الكاف;م.إ.المحاسن ( المغاسل);86;0;المخاسن;64;نعم;8,811549;36,26536
الكاف;م.إ.  الجديدة;151;0;قلعة سنان;64;نعم;8,3393354;35,763322
الكاف;م.إ.  جبل كبوش;53;0;سيدي منصور الكاف;65;نعم;8,8985707;36,220321
الكاف;م.إ.  بئر حميدة;45;0;قلعة سنان;67;نعم;8,2898888;35,804306
الكاف;م.إ.  بوهراوة;43;0;قلعة سنان;67;نعم;8,5196131;35,773362
الكاف;م.إ.  الحارة;35;0;الخارة لمحاسن;68;نعم;8,859985;36,301332
الكاف;م.إ.  المنجم;61;0;قلعة سنان;69;نعم;8,3652318;35,746125
الكاف;م.إ.  الحبيبب ثامر;90;0;ام ا الخبيب ثامر;70;نعم;8,431662;36,127777
الكاف;م.إ.   القرية نبر;211;0;نبر المركزية;70;نعم;8,765248;36,294699
الكاف;م.إ.  حي النصر نبر;265;0;حي النصر;70;نعم;8,774435;36,302542
الكاف;م.إ.  بئرالنخلة;59;0;بير النخلة ;70;نعم;8,646519;36,031978
الكاف;م.إ.  بوياقوم;67;0;بوياقوم;70;نعم;8,531325;36,039525
الكاف;م.إ.  صدين;30;0;صدين;70;نعم;8,522534;36,074138
الكاف;م.إ.  القرية القلعة الخصبة;183;0;القرية ;70;نعم;;
الكاف;م.إ. ذراع البطوم;35;0;ذراع اابطوم  الساقية;71;نعم;8,390774;36,177711
الكاف;م.إ.  وادي العين;103;0;وادي العين;72;نعم;8,722776;36,159073
الكاف;م.إ.  الجدارة;53;0;م ت الجدارة;72;نعم;8,9759453;36,196787
الكاف;م.إ.  الوادي القديم;176;0;الحارة  الواد لقديم;72;نعم;8,912021;36,248834
الكاف;م.إ.  مركز بوزيد;89;0;مركز بوزيد لمحاسن;72;نعم;8,896658;36,319795
الكاف;م.إ.  سركونة 1;31;0;سركوزة1;74;نعم;8,732756;36,225918
الكاف;م.إ.  بوجابر;56;0;قلعة سنان;74;نعم;8,300638;35,743751
الكاف;م.إ.  عين عناق;26;0;قلعة سنان;74;نعم;8,3979382;35,701995
الكاف;م.إ.  واد بوصالح;20;0;قلعة سنان;75;نعم;8,4155375;35,782367
الكاف;م.إ.  الناظور;10;0;الناظور ااقلعة الخصبة;75;نعم;8,5068371;35,736181
الكاف;م.إ.  الطويرف;255;0;الطويرف;76;نعم;8,5796428;36,340064
الكاف;م.إ.  سد ملاق;121;0;سد ملاق;76;نعم;8,706950465;36,31999932
الكاف;م.إ.  سيدي خيار نبر;126;0;سيدي نيار;76;نعم;8,790906;36,355024
الكاف;م.إ.  الخدايجية;96;0;الخدايجية;76;نعم;8,816347;36,331162
الكاف;م.إ.  سركونة 2;34;0;سركوزة2;76;نعم;8,779501;36,240532
الكاف;م.إ.  58/2/8الساقية;620;0;الساقية;77;نعم;8,356942;36,22373
الكاف;م.إ.  34/3/2الساقية;189;0;الساقية;77;نعم;8,352339;36,224869
الكاف;م.إ.  الصلع;16;0;الصلع القلعة الخصبة;77;نعم;8,5595061;35,69656
الكاف;م.إ.  القدح;27;0; القدح القلعة الخصبة;77;نعم;8,4304156;35,716165
الكاف;م.إ. الحمايزية;34;0;الحمايزية  القلعة الخصبة;77;نعم;8,5093533;35,676987
الكاف;م.إ.  عين الهنشير;68;0;عين الهنشير;78;نعم;8,838774;36,384929
الكاف;م.إ.  الجهيني;99;0;الجهيني;78;نعم;8,959151;36,287706
الكاف;م.إ.  أحياء الطويرف;55;0;الطويرف;79;نعم;8,5796428;36,340064
الكاف;م.إ.  المنجم;90;0;المنجم;79;نعم;8,3652318;35,746125
الكاف;م.إ.  القصر الأحمر;107;0;القثر لحمر;80;نعم;8,857405;36,345958
الكاف;م.إ.  بئر بن شريفة;96;0;الطويرف;82;نعم;8,644818;36,35421
الكاف;م.إ.  غنجاتة;23;0;غنجاتة;83;نعم;8,761354;36,384423
الكاف;م.إ.  سيدي الوحيشي;17;0;سبدي  الوحيشي الساقية;87;نعم;8,429234;36,217414
الكاف;م.إ.  ولجة السدرة;52;0;ولجة السدرة  الطويرف;88;نعم;8,5501;36,398706
الكاف;م.إ.  عين القطار;33;0;عين القطار الساقية;90;نعم;8,45013;36,226237
الكاف;م.إ.  عين أم الصبع;83;0;عين ام الصبع الساقية;90;نعم;;
الكاف;م.إ.  عين مازر;32;0;عين مازر;90;نعم;8,40331;36,294022
الكاف;م.إ.  تل الغزلان;172;0;تل الغزلان;90;نعم;8,888393472;36,40382095
الكاف;م.إ.  العرقوب الأحرش طريق الطويرف;65;0;طريق الطويرف;91;نعم;8,708696;36,378824
الكاف;م.إ.  الأذياب;13;0;لذياب الطويرف;91;نعم;;
الكاف;م.إ.  الحفرة;44;0;م ا الحفرة;95;نعم;;
الكاف;م.إ.  هنشير القصر;110;0;هنشير القصر;97;نعم;;
الكاف;م.إ.  الخروبة;38;0;الخروبة;98;نعم;;
الكاف;م.إ.  الشتاتلة;11;0;دار السلام الشتاتلة;100;نعم;;
الكاف;م.إ.  الشعيبات;75;0;الشعيبات;100;نعم;;
الكاف;م.إ.   قرقور;43;0;م ا قرقور الساقية;102;نعم;;
الكاف;الشتاتلة2;18;0;الشتاتلة;104;نعم;;
الكاف;م.إ.  سيدي رابح;120;0;سيدي رابح الساقية;105;نعم;;
الكاف;م.إ. عين النشيمة;38;0;النشمة;94;نعم;;
الكاف;م.إ. الحزيم;16;0;الساقية 7120;103;نعم;;
الكاف;م.إ. الطابية;87;0;الساقية 7120;112;نعم;;
قبلي;م.إ.  الجديدة المنصورة;147;100;الجديدة ـ قبلي الشمالية;6;لا;8,936085;33,723442
قبلي;م.إ.  تلمين;147;130;تلمين ـ قبلي الشمالية;7;لا;8,917673;33,715972
قبلي;م.إ.  القطعاية;176;110;القطعاية ـ قبلي الشمالية;5;لا;8,8807974;33,679019
قبلي;م.إ.  لــــيماقس;197;73;ليماقس ـ قبلي الشمالية;15;لا;9,085859;33,766783
قبلي;م.إ.  فج الريح;90;116;فج الريح قبلي الشمالية;5;لا;8,943644;33,735592
قبلي;م.إ. الرحمات;227;116;الرحمات ـ قبلي الشمالية;10;لا;8,994285;33,64419
قبلي;م.إ.  الرابطة;267;124;الرابطة ـ قبلي الشمالية;7;لا;8,9170749;33,733797
قبلي;م.إ.  برج سعيدان;41;34;برج سعيدان ـ قبلي الشمالية;37;لا;9,299449;33,753769
قبلي;م.إ.  رضوان;21;20;رضوان ـ قبلي الشمالية;32;لا;9,235562;33,738817
قبلي;م.إ.  مزرع ناجي;41;30;مزرعة ناجي قبلي الشمالية;41;لا;9,306794;33,790721
قبلي;م.إ. أم الفرث;25;12;أم الفرث ـ قبلي الشمالية;36;لا;9,237815;33,783657
قبلي;م.إ. بازمة1;298;110;بازمة ـ قبلي الجنوبية;8;لا;9,013746;33,66363
قبلي;م.إ.  بشلي;151;110;بشلي قبلي الجنوبية;12;نعم;8,916812;33,61491
قبلي;م.إ.  البليدات;240;100;البليدات ـ قبلي الجنوبية;23;لا;8,836864;33,580601
قبلي;م.إ.  المساعيد;316;120;المساعيد - قبلي الجنوبية ;13;نعم;8,96422;33,618464
قبلي;م.إ.  زاوية العانس;143;100;زاوية العانس ـ سوق الأحد;24;لا;8,798441;33,790062
قبلي;م.إ. شوشة نقة;91;70;شوشة نقة ـ سوق الأحد;12;لا;8,832873;33,739428
قبلي;م.إ.  الحسي دوز;32;12;الحسي ـ دوز;36;لا;9,004443;33,407847
قبلي;م.إ.  العوينة1;453;170;العوينة ـ دوز;32;لا;9,032494;33,45031
قبلي;م.إ.  العوينة 2;357;130;العوينة ـ دوز;33;لا;9,030309;33,457745
قبلي;م.إ.  الصابرية;214;170;الصابرية ـ الفوار;55;لا;8,746178;33,352447
قبلي;م.إ.  غيدمة;404;182;غيدمة ـ الفوار;45;نعم;8,818479;33,435274
قبلي;م.إ.  بشني;282;120;بشني ـ الفوار;42;لا;8,793453;33,48642
قبلي;م.إ.  الدرجين;82;52;الدرجين ـ الفوار;45;لا;8,719508;33,463245
قبلي;م.إ. الفوار الشمالية;113;104;الفوار الالشمالية;65;لا;8,673538;33,368538
قبلي;م.إ.  الصابرية الشرقية;115;100;الصابرية ـ الفوار;56;لا;8,746178;33,352447
قبلي;م.إ.  رجيم معتوق;244;190;رجيم معتوق;122;لا;8,0312883;33,319503
قبلي;م.إ.  الفردوس;182;150;الفردوس ـ رجيم معتوق;127;لا;7,97409;33,325992
قبلي;م.إ.  المطروحة;18;37;المطروحة ـ رجيم معتوق;145;لا;7,781385;33,350665
قبلي;م.إ.  النصر 1 رجيم;68;100;النصر ـ رجيم معتوق;136;لا;7,938285;33,330205
قبلي;م.إ. الأمل رجيم معتوق;70;80;الأمل ـ رجيم معتوق;145;لا;8,0312883;33,319503
سليانة;م.إ.  سيدي عمارة;0;اغلقت;لا توجد معطيات;0;نعم;9,5126526;36,135183
سليانة;م.إ.  دشرة عين جوزة;0;اغلقت;لا توجد معطيات;0;نعم;9,3327347;35,950762
سليانة;م.إ.  باطن الزرايب;0;اغلقت;لا توجد معطيات;0;نعم;9,4908359;36,265208
سليانة;م.إ.  الهوام;0;اغلقت;لا توجد معطيات;0;نعم;9,4536474;36,191838
سليانة;م.إ.  فج الهدوم;0;اغلقت;لا توجد معطيات;0;نعم;;
سليانة;م.إ.  القابل;0;114;القابل سليانة الجنوبية 6100;7;لا;9,3812109;36,001092
سليانة;م.إ. سجة;0;6;سجة  سليانة الجنوبية 6100;8;لا;9.3717495;36.0924992
سليانة;م.إ.  قبر الغول;0;128;قبر الغول سليانة الجنوبية 6100;10;لا;9,4425836;35,961271
سليانة;م.إ.  صنوبرين;0;37;صنوبرين سليانة الجنوبية 6100;10;لا;9,3506478;35,986534
سليانة;م.إ.  رأس الماء;0;167;راس الماء سليانة الجنوبية 6100;12;نعم;9,495089;35,977414
سليانة;م.إ.  الغماليــة;0;80; الغمالية سليانة الجنوبية 6100;12;لا;9,5250912;35,94758
سليانة;م.إ.  الزريبة;0;180;الزريبة سليانة الجنوبية 6100;15;نعم;9,4921843;35,938075
سليانة;م.إ. النمايرية;0;62;النمايرية سليانة الجنوبية 6100;15;لا;9,3922505;35,953497
سليانة;م.إ. سيدي عامر;0;92;سيدي عامر سليانة الجنوبية 6100;18;لا;9,4865294;35,875578
سليانة;م.إ. مرج مقدم;0;44;مرج مقدم سليانة الجنوبية 6100;20;لا;9,2912019;35,950827
سليانة;م.إ.  عين أم الحبال;0;83;عين ام الحبال سليانة الجنوبية6100;20;نعم;9,4056718;35,922576
سليانة;م.إ.  سيدي منصور;0;10;سيدي منصور سليانة الجنوبية 6100;22;لا;9,2899662;36,019366
سليانة;م.إ.  جنوة كسرى;0;84;جنوة كسرى 6114;22;لا;9,511301;35,845272
سليانة;م.إ.   جامة;0;58;جامة سليانة الشمالية 6100;25;نعم;9,284396;36,112287
سليانة;م.إ. بن زكري يهبـو;0;28;الطويبية سليانة الشمالية 6100;25;نعم;9,44778;36,091485
سليانة;م.إ.  العذابة;0;62;العذابة سليانة الجنوبية 6100;25;لا;9,341154;35,918293
سليانة;م.إ.  غياضة;0;58;غياضة سليانة الجنوبية 6100;25;لا;9,3435706;36,036715
سليانة;م.إ.  بوعبدالله;0;220;بوعبد الله كسرى 6114;25;نعم;9,4344471;35,879431
سليانة;م.إ.  سيدي جابر;0;19;سيدي جابر سليانة الشمالية6100;27;لا;9,372324;36,141963
سليانة;م.إ.  عين زريق;0;50;عين زريق قعفور سليانة6110;27;لا;9,4504786;36,164404
سليانة;م.إ.  بنورية;0;77;بنورية قعفور سليانة6110;27;لا;9,3319801;36,172815
سليانة;م.إ.  مرج عوام;0;24;مرج عوام برقو6170;29;نعم;9,5107244;36,087849
سليانة;م.إ.  مديونة;0;49;مديونة سليانة الشمالية 6100;30;لا;9,40069;36,119312
سليانة;م.إ.  فجة رمادة;0;11;فجة رمادة سليانة الشمالية 6100;30;لا;9,264199;36,060619
سليانة;م.إ. عين القصبات;0;25;عين القصبات سليانة الجنوبية6100;30;لا;9,3125353;35,940963
سليانة;م.إ.  عرقوب الدبغة;0;27;عرقوب الدبغة سليانة الجنوبية6100;30;لا;9,2877609;35,917241
سليانة;م.إ.  الأقصاب;0;82;الاقصاب قعفور سليانة6110;30;نعم;9,3078316;36,193798
سليانة;م.إ.  المنصورة القديمة;0;183;المنصورة القديمة 6114;30;نعم;9,478857;35,81498
سليانة;م.إ.  المنصورة فرحات حشاد;0;266;المنصورة فرحات حشاد مسرى 6114;30;لا;9,486382;35,795485
سليانة;م.إ. الخروبة;0;41;الخروبة قعفور سليانة6110;33;لا;9,4111742;36,232019
سليانة;م.إ.  منزل نايل;0;159;منزل نايل قعفور سليانة6110;33;لا;9,4939524;36,198293
سليانة;م.إ.  الجوى;0;34;الجوى سليانة الشمالية 6100;35;نعم;9,21552;36,112926
سليانة;م.إ.  بن زكري;0;17;بن زكري سليانة الشمالية 6100;35;نعم;9,467218;36,137519
سليانة;م.إ. حانوت مرزوق;0;64;حانوت مرزوق سليانة الجنوبية 6100;35;نعم;9,2702019;35,986102
سليانة;م.إ.  المرقب;0;25;المرقب سليانة الجنوبية 6100;35;نعم;9,3268756;35,88205
سليانة;م.إ.  القرية الجنوبية;0;73;القرية الجنوبية 6114;35;نعم;9,466229022;35,77037394
سليانة;م.إ.  عين الديسة;0;64;عين الديسة سليانة الشمالية6100;40;نعم;9,2468362;35,95594943
سليانة;م.إ.  الصاحبين;0;52;الصاحبين سليانة الشمالية6100;40;نعم;9,210910435;36,05538501
سليانة;م.إ.  دشرة الخلصة;0;29;دشرة الخلصة سليانة الشمالية6100;40;نعم;9,1673718;35,958282
سليانة;م.إ.  الطويبية;0;30;الطويبية سليانة الشمالية 6100;40;نعم;9,1819798;36,096484
سليانة;م.إ.   2 مارس 34 محطةالأخوات;0;111;الاخوات محطة6110;40;نعم;9,2551066;36,257243
سليانة;م.إ.  القرية الشمالية;0;253;القرية الشمالية كسرى 6114;40;لا;9,439283;35,771095
سليانة;م.إ. عين زكار;0;65;عين زكار برقو6170;42;لا;9,5395677;36,026322
سليانة;م.إ.  عين بوسلامة;0;57;عين بو سلامة العروسة 6016;43;نعم;9,5737359;36,339738
سليانة;م.إ.  النويصر;0;12;النويصر قعفور سليانة6110;43;لا;9,3260079;36,268838
سليانة;م.إ.  عرقوب الخلصة;0;30;عرقوب الخلصة سليانة الشمالية 6100;45;نعم;9,205513521;35,99508202
سليانة;م.إ.  الخزامي;0;50;الخزامي سليانة الشمالية 6100;45;نعم;9,230466675;35,98428437
سليانة;م.إ.  سيدي سعيد;0;44;سيديي سعيد برقو 6170;45;نعم;9,691831;36,187428
سليانة;م.إ.  منجم الأخوات;0;20;منجم الاخوات6110;45;لا;9,2414672;36,274728
سليانة;م.إ.  سند الحداد;0;249;سند الحداد مكثر6140;45;لا;9,214228;35,914232
سليانة;م.إ.  أولاد بوعافية;0;124;اولاد بو عافية كسرى 6114;45;لا;9,509365;35,74458
سليانة;م.إ.  سيدي زيد;0;47;سيدي زيد برقو6170;47;نعم;9,6533716;36,168323
سليانة;م.إ.  صدقة;0;48;صدقة برقو6170;47;نعم;9,5898237;35,986237
سليانة;م.إ.  الدريجة;0;106;الدريجة برقو6170;50;لا;9,6608308;36,109116
سليانة;م.إ.  عين فرنة;0;80;عين فرنة برقو6170;50;لا;9,5769768;36,150101
سليانة;م.إ.  السّيـادة;0;194;السيادة مكثر6120;50;نعم;9,204473;35,855771
سليانة;م.إ.  القرعة;0;84;القرعة مكثر6140;50;لا;9,255642;35,877857
سليانة;م.إ.  نهج الطيب المهيري صيار;0;198;صيار مكثر نهج الطيب المهيري6140;50;نعم;9,216475;35,852187
سليانة;م.إ.  الحصحاصية;0;21;الحصحاصية مكثر6140;50;نعم;9,20277;35,90592
سليانة;م.إ.  الزعرورة;0;40;الزعرورة مكثر6140;50;لا;9,212541;35,890422
سليانة;م.إ.  النشم;0;20;النشم بورويس6113;50;نعم;9,202101;36,149426
سليانة;م.إ.  الرويسين القديمة;0;92;الرويسين القديمة بورويس 6113;57;نعم;9,08629;36,178277
سليانة;م.إ.   الرّميــل;0;25;الرميل العروسة 6016;51;نعم;9,4814921;36,324548
سليانة;م.إ.  مصراطة العروسة;0;16;مصراطة العروسة 6016;52;لا;9,4575065;36,31252
سليانة;م.إ.   2 مارس 1934 العروسة;0;365;2مارس العروسة 6016;55;لا;9,4541603;36,379772
سليانة;م.إ.  ابن خلدون العروسة;0;175;ابن خلدون العروسة 6016;55;لا;;
سليانة;م.إ.   بورقيبة;0;170;شارع بورقيبة قعفور6110;55;نعم;9,3224617;36,323964
سليانة;م.إ.  أولاد علي;0;22;اولاد علي مكثر6140;55;لا;9,164945;35,858645
سليانة;م.إ.  العباسي;0;75;العباسي بورويس 6113;55;نعم;9,119525;36,235629
سليانة;م.إ.  أولاد يوسف;0;88;اولاد يوسف بورويس 6113;55;لا;9,159498;36,196286
سليانة;م.إ.  التريشة;0;36;التريشة بورويس 6113;56;نعم;9,134933;36,119832
سليانة;م.إ.  الرويسين الجديدة;0;36;الرويسين القديمة بورويس 6113;57;نعم;9,085949;36,143229
سليانة;م.إ.  عين بوسعدية;0;35;عين بو سعدية برقو6170;60;نعم;9,6377533;36,048176
سليانة;م.إ.  بوجليدة;0;111;بوجليدة العروسة 6016;60;نعم;9,5043458;36,413769
سليانة;م.إ.  سيدي عياد;0;67;سيدي عياد العروسة 6016;60;لا;9,3928595;36,351003
سليانة;م.إ. دشرة الحجاج;0;25;دشرة الحجاج العروسة 6016;60;لا;9,4970288;36,36507
سليانة;م.إ.  وادي العرعار  العروسة;0;142;وادي العرعار العروسة 6016;60;نعم;9,4239227;36,389449
سليانة;م.إ.  الخيزران;0;69;الخيزران مكثر6140;60;نعم;9,194569;35,789019
سليانة;م.إ.  جوف صدين;0;94;صدين مكثر6140;60;نعم;9,056689;35,799941
سليانة;م.إ.  حوش الصفايا;0;55;حوش الصفايا مكثر6140;60;لا;9,13734;35,907962
سليانة;م.إ. الشوارنية;0;51;الشوارنية مكثر6140;60;نعم;9,1394507;35,959258
سليانة;م.إ.  رأس الوادي;0;68;راس الوادي مكثر6140;60;لا;9,128229599;35,84663195
سليانة;م.إ.  التلة;0;82;التلة مكثر6140;60;لا;9,272016;35,79533
سليانة;م.إ.  وادي الرمل;0;110;وادي الرمل مكثر6140;60;لا;9,101062;35,838014
سليانة;م.إ.  أولاد الشيخ;0;74;اولاد الشيخ مكثر6140;60;نعم;9,045512;35,819178
سليانة;م.إ.  الحذايقية;0;59;الحذايفية مكثر6140;60;لا;9,272196;35,795471
سليانة;م.إ.  اللوزة القديمة;0;81;اللوزة القديمة كسرى 6114;60;نعم;9,250303;35,733223
سليانة;م.إ.  بني حازم;0;99;بني حازم مكثر6140;65;نعم;9,068010905;35,87332276
سليانة;م.إ.  سوق الجمعة;0;81;سوق الجمعة مكثر6140;65;لا;9,132139;35,880055
سليانة;م.إ.  الحمادة;0;85;الحمادة مكثر6140;65;نعم;9,141067;35,81205
سليانة;م.إ.  الحمام;0;66;الحمام كسرى 6114;65;نعم;9,305848207;35,83038813
سليانة;م.إ.  اللوزة الجديدة كسرى;0;39;اللوزة الجديدة كسرى 6114;65;لا;9,280766;35,75835
سليانة;م.إ.  دمان الخرّوب;0;21;دمان الخروب برقو6170;66;لا;9,6033015;36,129881
سليانة;م.إ.  محطة الجليدة;0;34;محطة الجليدة بوعرادة 6180;67;نعم;9,556138;36,371146
سليانة;م.إ.  طرف الشناء;0;34;طرف الشناء بوعرادة 6180;67;لا;9,706154;36,344765
سليانة;م.إ.  سيدي عبد النور;0;122;سيدي عبد النور بوعرادة 6180;67;لا;9,603701;36,298207
سليانة;م.إ.  أولاد سيدي عرفة;0;48;اولاد سيدي عرفة بوعرادة 6180;68;نعم;9,643059;36,29877
سليانة;م.إ. أولاد بن عمر;0;12;اولاد بن عمر برقو6170;70;نعم;9,7203536;36,095703
سليانة;م.إ.  بيجقة;0;54;بيجقة بوعرادة 6180;70;لا;9,624503;36,388008
سليانة;م.إ. برج مسعودي;0;139;برج المسعودي الكريب6120;70;نعم;9,059847;36,29117
سليانة;م.إ.  العالية;0;39;العالية الكريب6120;70;لا;9,161545;36,36025
سليانة;م.إ. الدخانية القديمة;0;106;الدخانية الكريب6120;70;نعم;9,198465;36,325529
سليانة;م.إ.  وادي اللوز;0;19;واد اللوز الكريب6120;70;لا;9,084224;36,340742
سليانة;م.إ.  الزواكرة;0;110;الزواكرة مكثر6140;70;نعم;9,084591;35,904056
سليانة;م.إ. كسرى الجديدة;0;228;كسرى الجديدة كسرى 6114;70;نعم;9,358919;35,797449
سليانة;م.إ.  هنشير فطيـس;0;57;هنشير فطيس بوعرادة 6180;75;لا;9,724003;36,41068
سليانة;م.إ.  مدين;0;76;مدين الكريب6120;75;لا;8,990073;36,288557
سليانة;م.إ.  الدخانية الجديدة;0;17;الدخانية  القديمةالكريب6120;75;لا;9,227441;36,349351
سليانة;م.إ.  المهيريس;0;64;مهيريس الكريب6120;75;لا;9,041424;36,315331
سليانة;م.إ.  الفضول;0;111;الفضول كسرى 6114;75;نعم;9,411157303;35,72250306
سليانة;م.إ.  ذواودة كسرى;0;141;الذواودة كسرى 6114;75;نعم;9,45007;35,737575
سليانة;م.إ.  قصر بوخريص;0;31;قصر بوخريص بوعرادة 6180;76;لا;9,603158;36,230401
سليانة;م.إ.  أولاد طالب;0;46;اولاد طالب مدين الكريب6120;80;لا;8,998263;36,270601
سليانة;م.إ.  عقبة السلوقي;0;36;عقبة السلوقي مدين الكريب6120;80;لا;8,997526;36,314999
سليانة;م.إ.  عرقوب كلاع;0;27;عرقوب كلاع الكريب6120;80;لا;9,003861;36,35823
سليانة;م.إ.  هنشير رومان;0;46;هنشير الرومان بوعرادة 6180;82;لا;9,571027593;36,22403925
سليانة;م.إ. عين قسيل;0;39;عين قسيل بوعرادة 6180;85;نعم;9,52405;36,231887
سليانة;م.إ.  حمام بياضة;0;209;حمام بياضة الكريب6120;85;نعم;8,980204;36,397691
سليانة;م.إ.  حمام السخون;0;88;حمام السخون الكريب6120;90;لا;8,945919;36,423085
سليانة;م.إ.  الخنقة;5;54;الخنقة الكريب 6120;90;لا;9,060316;36,388241
سليانة;م.إ.  2 مارس 34 الروحية;0;659;2مارس 1934 الروحية6150;90;نعم;9,054892371;35,65022763
سليانة;م.إ.حي السعادة;0;549;حي السعادة الروحية 6150;90;نعم;9,050532971;35,64932823
سليانة;م.إ. حي النور;0;190;حي النور الروحية 6150;90;لا;9,058765;35,651684
سليانة;م.إ.  الحميمة عن روحية;0;82;الحميمة  الروحية 6150;95;نعم;9,005228;35,673087
سليانة;م.إ.  أولاد بلال;0;53;اولاد بلال الروحية 6150;95;لا;9,101015;35,659229
سليانة;م.إ.  فندق دبيش;0;192;فندق دبيش الروحية 6150;96;نعم;9,103081;35,679895
سليانة;م.إ.  الهرية;0;158;الهرية الروحية 6150;99;نعم;9,063163133;35,71811106
سليانة;م.إ. بوعجيلة;0;191;بوعجيلة الروحية 6150;103;لا;9,166323;35,659119
سليانة;م.إ.  سيدي مولى;0;51;سيدي مولى الروحية 6150;103;نعم;9,06145;35,746477
سليانة;م.إ. الدليوات;0;261;الدليوات الروحية 6150;104;لا;9,168017;35,67971
سليانة;م.إ.  أولاد زيتون;0;52;اولاد زيتون الروحية 6150;106;نعم;9,033235;35,768181
سليانة;م.إ.  المرثوم;0;100;المرثوم الروحية 6150;106;لا;9,54435;35,682227
سليانة;م.إ.  جلجل;0;152;جلجل الروحية 6150;109;لا;9,155176;35,628773
سليانة;م.إ.  برج دبيش;0;44;برج دبيش الروحية 6150;112;لا;9,155771;35,679476
سليانة;م.إ.  السميرات;0;74;السميرات الروحية 6150;114;لا;9,118901;35,770556
سليانة;م.إ.  النقاقشة;0;65;النقاشة الروحية 6150;116;لا;9,208697;35,637086
سليانة;م.إ.  النجايمية;0;57;النجايمية الروحية 6150;117;لا;9,192122;35,672299
سليانة;م.إ.  الجلاب الجديدة;0;17;الجلاب الجديدة الروحية 6150;120;لا;9,22022;35,674419
سليانة;م.إ.  جلاب القديمة;0;40;جلاب القديمة الروحية 6150;121;لا;9,280646;35,623544
سليانة;م.إ. الصويوين;0;23;الصويوين الروحية 6150;121;لا;9,393668;35,579705
سليانة;م.إ.  عبد الصادق;0;12;عبد الصادق الروحية 6150;130;لا;9,249899;35,684254
سليانة;م.إ.  الحبابسة;0;115;الحبابسة الروحية 6150;136;لا;9,345438;35,576441
سليانة;م.إ.  أولاد بلغيث;0;121;اولاد بلغيث الروحية 6150;136;لا;9,311006;35,549722
سليانة;م.إ.  15 أكتوبر خنقة الزقلاص;0;24;خنقة زقالاص الروحية 6150;138;لا;9,349693;35,481684
سليانة;م.إ.  الشوشة;0;117;الشوشة الروحية6150;139;لا;9,390957;35,533551
سليانة;م.إ.  بربرو;0;36;بربرو الروحية 6150;140;لا;9,311006;35,549722
سليانة;م.إ.  المقرونة;0;203;المقرونة الروحية 6150;145;لا;9,352224;35,519941
سليانة;م.إ.  الباطن;0;203;الباطن  الروحية 6150;156;نعم;9,30583;35,553161
سليانة;مدرسة البياض;0;25;البياض برقو 6170;50;نعم;;
سليانة;مدرسة الكنازير;0;33;الكنازيز برقو6170;50;لا;;
سليانة;مدرسة شاكر;0;267;شاكر مكثر 6140;45;نعم;;
سليانة;مدرسة زواغة;0;38;زواغة سليانة الشمالية6100;20;لا;;
نابل;م.إ. سيدي جمال الدين;260;50;م.إ. سيدي جمال الدين;5;لا;11,018266;36,794248
نابل;م.إ. القيطون;64;50;م.إ. القيطون;30;نعم;10,830742;36,838053
نابل;م.إ.  القبة;250;80;م.إ.  القبة;6;لا;10,929486;36,805092
نابل;م.إ. الغريس;133;50;م.إ. الغريس;8;نعم;10,917323;36,817901
نابل;م.إ. السعادة - منزل حرّ1;518;60;م.إ. السعادة - منـــــزل حـــــرّ1;9;لا;10,95694371;36,72781384
نابل;م.إ.  بني حماد;161;50;م.إ.  بني حماد;9;لا;10,978819;36,842573
نابل;م.إ. الفرابي منزل حرّ;150;50;م.إ. الفرابي منزل حرّ;9;لا;10,95682901;36,72297963
نابل;م.إ.  تامزراط;65;50;م.إ.  تامزراط;10;لا;10,884745;36,75398
نابل;م.إ.  لزدين;139;40;م.إ.  لزدين;11;لا;10,89124664;36,8202785
نابل;م.إ. وادي الخطف;315;120;م.إ. وادي الخطف;12;نعم;11,02900668;36,86193514
نابل;م.إ.  سيدي عبد المنعم;329;80;م.إ.  سيدي عبد المنعم;12;نعم;10,959165;36,852687
نابل;م.إ.  الرعينين;238;60;م.إ.  الرعينين;14;لا;10,91293119;36,83956789
نابل;السودان منزل تميم;147;80;السودان منزل تميم;14;لا;;
نابل;م.إ.  الوديان;173;60;م.إ.  الوديان;15;لا;10,84744397;36,79516966
نابل;م.إ.  منزل عيسى;120;50;م.إ.  منزل عيسى;15;لا;10,658596;36,809967
نابل;م.إ.  منزل ابراهيم;69;50;م.إ.  منزل ابراهيم;16;لا;11,001534;36,893796
نابل;م.إ.  هنشير لبنة;208;60;م.إ.  هنشير لبنة;16;نعم;10,943688;36,703608
نابل;م.إ.  بودخان;157;60;م.إ.  بودخان;16;لا;10,835465;36,754867
نابل;م.إ.  القرصوليـــن;176;80;م.إ.  القرصوليـــن;16;نعم;10,93365449;36,88338085
نابل;م.إ. الحزايــزية;188;70;م.إ. الحزايــزية;16;لا;10,893232;36,878393
نابل;م.إ.  زاوية ازمور;256;90;م.إ.  زاوية ازمور;20;لا;11,006374;36,925377
نابل;م.إ.  سيدي معاوية قليبية;84;50;م.إ.  سيدي معاوية قليبية;20;لا;10,979882;36,915383
نابل;م.إ.  ملول;147;60;م.إ.  ملول;20;لا;10,97199482;36,8872321
نابل;م.إ. البوشة;152;60;م.إ. البوشة;20;لا;10,972279;36,932661
نابل;م.إ.  قصر سعد;128;50;م.إ.  قصر سعد;20;نعم;10,90202;36,655169
نابل;م.إ.  الميدة طريق منزل تميم;586;80;م.إ.  الميدة طريق منزل تميم;20;لا;10,851699;36,72498
نابل;م.إ.  ظهرة الزاوية الميدة;143;60;م.إ.  ظهرة الزاوية الميدة;20;نعم;10,861906;36,735737
نابل;م.إ.  القمبار;224;30;م.إ.  القمبار;20;لا;10,821861;36,781621
نابل;م.إ.  ام ذويل القرية;369;100;م.إ.  ام ذويل;21;لا;10,833986;36,725327
نابل;م.إ.  المعيصرة;81;60;م.إ.  المعيصرة;21;لا;10,826309;36,714414
نابل;م.إ.  منزل بلقاسم;32;50;م.إ.  منزل بلقاسم;22;لا;10,987347;36,948117
نابل;م.إ.  عين غراب;167;70;م.إ.  عين غراب;22;نعم;10,808438;36,751755
نابل;م.إ. الرويقات;187;30;م.إ. الرويقات;22;لا;10,810061;36,767141
نابل;م.إ.  الحمادة;246;60;م.إ.  الحمادة;22;لا;10,850095;36,681249
نابل;م.إ. سيدي حسون;139;70;م.إ. سيدي حسون;22;نعم;10,851184;36,851364
نابل;م.إ.  فرتونة;348;100;م.إ.  فرتونة;25;لا;10,78028679;36,75120326
نابل;م.إ. القرشين;192;50;م.إ. القرشين;25;لا;10,86568239;36,67686029
نابل;م.إ.  الخلايفــة;115;30;م.إ.  الخلايفــة;25;لا;10,850153;36,716442
نابل;م.إ.  الصقالبة الحمادية;506;50;م.إ.  الصقالبة الحمادية;25;لا;10,97006689;36,79151768
نابل;م.إ. الشعيبين;80;50;م.إ. الشعيبين;25;لا;10,870022;36,834531
نابل;م.إ. زوقاق;186;70;م.إ. زوقاق;25;لا;10,802075;36,892177
نابل;م.إ.  قرعة ساسي;251;70;م.إ.  قرعة ساسي;30;نعم;10,855744;36,653443
نابل;م.إ.  بني عياش قربة;76;70;م.إ.  بني عياش;30;لا;10,800294;36,670711
نابل;م.إ.  بولزهار;135;70;م.إ.  بولزهار;30;نعم;10,813508;36,681296
نابل;م.إ.  سيدي بوعلي;148;50;م.إ.  سيدي بوعلي;30;لا;10,762937;36,771173
نابل;م.إ. النور  ام ذويل;72;40;م.إ. النور  ام ذويل;30;لا;10,833986;36,725327
نابل;م.إ.  داموس الحاجة;249;100;م.إ.  داموس الحاجة;30;نعم;10,73023872;36,75271276
نابل;م.إ.  الرتيبة;115;60;م.إ.  الرتيبة;30;لا;10,766485;36,885291
نابل;م.إ.  الشرفين;119;60;م.إ.  الشرفين;33;لا;10,709116;36,679716
نابل;م.إ.  بوليدين;186;50;م.إ.  بوليدين;34;لا;10,8072631;36,61841378
نابل;م.إ. الاثلاث;69;50;م.إ. الاثلاث;35;لا;10,828877;36,634469
نابل;م.إ.  بني خيرة صاحب الجبل;205;80;م.إ.  بني خيرة صاحب الجبل;35;لا;10,927846;36,997899
نابل;م.إ.  بوحبيب;133;70;م.إ.  بوحبيب;35;لا;10,852378;36,876783
نابل;م.إ. الرحمة;273;50;م.إ. الرحمة;35;لا;10,723614;36,716779
نابل;م.إ.  القصيرات;140;60;م.إ.  القصيرات;35;لا;10,737094;36,685481
نابل;م.إ.  هنشير الشاذلي;68;60;م.إ.  هنشير الشاذلي;35;نعم;10,68702209;36,832174
نابل;م.إ. وادي العبيد-الفوز;121;80;م.إ. وادي العبيد-الفوز;35;لا;10,74262703;36,862109
نابل;م.إ.  النجاح;165;50;م.إ.  النجاح;35;لا;10,661623;36,762576
نابل;م.إ. سيدي علي الصمعي الصمعة;356;50;م.إ. سيدي علي الصمعي الصمعة;38;لا;10,77841;36,543781
نابل;م.إ.  القصبات;120;50;م.إ.  القصبات;40;لا;10,760837;36,650317
نابل;م.إ.  خراز;69;40;م.إ.  خراز;40;لا;10,759873;36,678477
نابل;م.إ.  جبل الحداد;164;80;م.إ.  جبل الحداد;42;لا;10,794869;36,599846
نابل;م.إ.  بئر دراسن;229;100;م.إ.  بئر دراسن;43;لا;10,69306553;36,62325981
نابل;م.إ.  سيدي عمر;187;100;م.إ.  سيدي عمر;44;لا;10,740022;36,460995
نابل;م.إ.  الحلفاء;158;50;م.إ.  الحلفاء;45;لا;10,709841;36,574416
نابل;م.إ. قبة لاغا;190;50;م.إ. قبة لاغا;45;نعم;10,712131;36,616454
نابل;م.إ. القفصية;48;40;م.إ. القفصية;45;لا;10,6755;36,798013
نابل;م.إ. الطيب المهيري غرداية;305;100;م.إ. الطيب المهيري غرداية;47;لا;10,714505;36,548335
نابل;م.إ.  الفرينين;183;50;م.إ.  الفرينين;50;نعم;10,672318;36,564407
نابل;م.إ.  بيوب خميس الحجري;224;50;م.إ.  بيوب خميس الحجري;50;لا;10,652514;36,55192
نابل;م.إ.  البطين;88;40;م.إ.  البطين;50;نعم;10,702461;36,501901
نابل;م.إ. البريج;349;90;م.إ. البريج;50;لا;10,605286;36,80365
نابل;م.إ. بئر مروة 34/3/2;489;60;م.إ. بئر مروة 34/3/2;50;لا;10,6119822;36,742953
نابل;م.إ.  البكاكشة;168;100;م.إ.  البكاكشة;50;لا;10,64725393;36,844396
نابل;م.إ. دار نادر;41;50;م.إ. دار نادر;50;لا;10,67444;36,778775
نابل;م.إ.  زامو;39;50;م.إ.  زامو;51;لا;10,730193;36,510562
نابل;م.إ.  الدوالة;0;80;م.إ.  الدوالة;51;لا;10,6132931;36,830684
نابل;م.إ.  بوشراي;437;80;م.إ.  بوشراي;52;نعم;10,535362;36,659553
نابل;م.إ.  بدار- فرحات حشاد;418;80;م.إ.  بدار- فرحات حشاد;52;لا;10,627063;36,792734
نابل;م.إ.  سيدي عيسى;424;70;م.إ.  سيدي عيسى;52;لا;10,658596;36,809967
نابل;م.إ. الوفاء -الجبوزة;97;80;م.إ. الوفاء -الجبوزة;53;لا;10,70578527;36,777027
نابل;م.إ.  بوجريدة;213;80;م.إ.  بوجريدة;54;لا;10,75803224;36,60302226
نابل;م.إ.  حي الهوارية السلامة;40;30;م.إ.  حي الهوارية السلامة;55;لا;10,666858;36,486256
نابل;م.إ.  الشريفات;394;90;م.إ.  الشريفات;55;لا;10,523827;36,705493
نابل;م.إ. الظهاري;204;70;م.إ. الظهاري;55;نعم;10,455811;36,695251
نابل;م.إ. قربص-الانطلاق;48;30;م.إ. قربص-الانطلاق;55;لا;10,568924;36,816063
نابل;م.إ.  عين كميشة - شبي;196;40;م.إ.  عين كميشة - شبي;56;لا;10,678597;36,504061
نابل;م.إ. هنشير عمرون;100;50;م.إ. هنشير عمرون;57;لا;10,71677;36,503653
نابل;م.إ.  بلحسن;256;100;م.إ.  بلحسن;57;لا;10,364249;36,533436
نابل;م.إ.  سيدي التومي;320;40;م.إ.  سيدي التومي;58;لا;10,616842;36,628644
نابل;م.إ. المريصة;302;80;م.إ. المريصة;60;لا;10,555061;36,753924
نابل;م.إ.  زمنيت;260;110;م.إ.  زمنيت;60;لا;10,39703;36,506287
نابل;م.إ.  المشروحة;343;90;م.إ.  المشروحة;65;نعم;10,586834;36,528586
نابل;م.إ. برج حفيظ;326;110;م.إ. برج حفيظ;66;لا;10,578816;36,491429
نابل;م.إ.  دوار اللوز;239;70;م.إ.  دوار اللوز;68;لا;10,51559;36,698153
نابل;م.إ.  الخروبة;233;120;م.إ.  الخروبة;68;لا;10,608891;36,577468
نابل;م.إ.  ابن خلدون بئر بورقبة;566;120;م.إ.  ابن خلدون بئر بورقبة;68;لا;10,57007;36,430267
نابل;م.إ.  القبة الكبيرة;181;80;م.إ.  القبة الكبيرة;70;لا;10,586755;36,603868
نابل;م.إ.  المزنين;157;140;م.إ.  المزنين;70;نعم;10,691498;36,601438
نابل;م.إ. عين طبرنق;348;150;م.إ. عين طبرنق;70;نعم;10,456912;36,534342
نابل;م.إ. هنشير قرط;71;70;م.إ. هنشير قرط;70;لا;10,553961;36,567907
نابل;م.إ.  المقطع;164;90;م.إ.  المقطع;70;لا;10,519775;36,531257
نابل;م.إ.  خنقة الحجاج;300;80;م.إ.  خنقة الحجاج;75;نعم;10,406778;36,616297
نابل;م.إ.  أبو سهم;137;80;م.إ.  أبو سهم;75;نعم;10,621188;36,510052
نابل;م.إ.  المزيرعة;102;100;م.إ.  المزيرعة;75;نعم;10,438101;36,473272
نابل;م.إ.  بئر البيتة;296;50;م.إ.  بئر البيتة;75;لا;10,54104;36,384326
نابل;م.إ.  سيدي حماد;542;50;م.إ.  سيدي حماد;75;لا;10,515417;36,416454
نابل;م.إ. الجوهرة بني وائل;195;60;م.إ. الجوهرة بني وائل;77;لا;10,594333;36,503578
نابل;م.إ.  جبل الأطرش;188;150;م.إ.  جبل الأطرش;80;لا;10,503112;36,469037
نابل;م.إ.  المنشار;132;90;م.إ.  المنشار;80;لا;10,493731;36,435584
نابل;م.إ.  تافرنين;179;160;م.إ.  تافرنين;80;لا;10,447275;36,396691
نابل;م.إ. حنوس;142;60;م.إ. حنوس;85;لا;10,67248;36,631532
نابل;م.إ.  حتوس;93;60;م.إ.  حتوس;85;لا;10,359864;36,423285
نابل;م.إ. سيدي الجديدي;478;100;م.إ. سيدي الجديدي;92;لا;10,460325;36,416389
نابل;م.إ.  بني عياش  قرمبالية;246;120;م.إ.  بني عياش  قرمبالية;93;نعم;10,376038;36,576737
نابل;م.إ. حمام بنت الجديدي;146;50;م.إ. حمام بنت الجديدي;93;نعم;10,383971;36,391035
القيروان;م.إ.  الشرقية;0;50;لا توجد معطيات;7;نعم;10,174943;35,680903
القيروان;م.إ.  ذراع التمار;0;43;القيروان الشمالية;12;نعم;10,10224555;35,736828
القيروان;م.إ. المرازيق;0;100;لا توجد معطيات;12;نعم;10,19886001;35,696977
القيروان;م.إ.  المخصومة;0;210;لا توجد معطيات;12;نعم;10,191561;35,590481
القيروان;م.إ.  عبيدة الشرقية;0;180;معتمدية الشبيكة;13;نعم;10,003536;35,587589
القيروان;م.إ.  القطرانية;0;55;لا توجد معطيات;15;نعم;10,05618817;35,753206
القيروان;م.إ.  الحنباز;0;200;لا توجد معطيات;15;نعم;10,257939;35,604569
القيروان;م.إ.  عين الخزازية;0;200;لا توجد معطيات;17;نعم;10,21220717;35,62971322
القيروان;م.إ.  الجواودة الهداية;0;170;لا توجد معطيات;17;نعم;9,9271456;35,696596
القيروان;م.إ.  النبش;0;85;لا توجد معطيات;18;نعم;10,20884345;35,52079829
القيروان;م.إ.  زعفرانة;0;200;لا توجد معطيات;18;نعم;10,05663843;35,53336699
القيروان;م.إ.  سيدي عمر الكناني;0;90;القيروان الجنوبية;20;نعم;10,113211;35,560309
القيروان;م.إ.  هنشير بيشي;0;160;لا توجد معطيات;22;نعم;10,012146;35,510354
القيروان;م.إ.  الحمام;0;140;لا توجد معطيات;22;نعم;9,595029;35,321475
القيروان;م.إ.  أولاد حمودة;0;70;لا توجد معطيات;23;نعم;10,20736645;35,730795
القيروان;م.إ.  الخضراء;0;230;لا توجد معطيات;25;نعم;10,102993;35,301505
القيروان;م.إ.  الصوالحية;0;120;لا توجد معطيات;25;نعم;9,963696401;35,559242
القيروان;م.إ.  الملالسة;0;120;لا توجد معطيات;26;نعم;9,939068826;35,59444852
القيروان;م.إ. الدخيلة;0;160;لا توجد معطيات;27;نعم;10,005125;35,867597
القيروان;م.إ.  بن ونيس;0;75;لا توجد معطيات;28;نعم;10,05361;35,47613
القيروان;م.إ. الكرمة;0;82;لا توجد معطيات;28;نعم;9,8405734;35,563965
القيروان;م.إ.  سيدي علي بن سالم;0;140;لا توجد معطيات;28;نعم;9,908846095;35,586525
القيروان;م.إ.  الشرفة;0;120;لا توجد معطيات;30;نعم;9,933414556;35,84919015
القيروان;م.إ.  الحسيان;0;74;لا توجد معطيات;32;نعم;9,810591;35,846839
القيروان;م.إ.  عبيدة الغربية;0;170;لا توجد معطيات;32;نعم;9,908678614;35,518067
القيروان;م.إ. عين جلولة;0;160;لا توجد معطيات;35;نعم;9,803653;35,797447
القيروان;م.إ.  مقرة;0;55;لا توجد معطيات;35;نعم;9,731652;35,792982
القيروان;م.إ.  ذراع عفان;0;110;لا توجد معطيات;35;نعم;9,844046674;35,520022
القيروان;م.إ.  الطفيفيلة;0;33;لا توجد معطيات;36;نعم;9,731897;35,853035
القيروان;م.إ. السوالمية;0;75;لا توجد معطيات;37;نعم;10,061206;35,376573
القيروان;م.إ.  عين زانة;0;175;لا توجد معطيات;38;نعم;9,738595;35,649506
القيروان;م.إ.  الشريشيرة;0;100;لا توجد معطيات;38;نعم;9,808535;35,666527
القيروان;م.إ.  بئر الجديد;0;145;لا توجد معطيات;40;نعم;10,036724;35,341752
القيروان;م.إ.  الحوفية;0;220;لا توجد معطيات;40;نعم;9,7792634;35,599226
القيروان;م.إ. البلاطة;0;100;لا توجد معطيات;40;نعم;10,125876;35,914533
القيروان;م.إ.  الخضر;0;100;لا توجد معطيات;40;نعم;10,035921;35,990208
القيروان;م.إ.  النحالة;0;130;لا توجد معطيات;41;نعم;9,763192;35,761887
القيروان;م.إ. الجهينات;0;24;لا توجد معطيات;42;نعم;9,9960234;35,359809
القيروان;م.إ.  اللبية;0;140;لا توجد معطيات;42;نعم;10,094208;35,337343
القيروان;م.إ.  أولاد مبارك;0;258;لا توجد معطيات;42;نعم;9,9926897;35,391121
القيروان;م.إ.  الفلايلية;0;60;لا توجد معطيات;42;نعم;9,899907163;35,40448751
القيروان;م.إ.  بئر مسيكين;0;200;لا توجد معطيات;43;نعم;10,069372;35,459958
القيروان;م.إ. هنشير طراد;0;230;لا توجد معطيات;44;نعم;9,9996373;35,46287
القيروان;م.إ.  خلوة المويسات;0;225;لا توجد معطيات;44;نعم;9,9691138;35,392263
القيروان;م.إ.  عين البيضاء;0;180;معتمدية حفوز;45;نعم;9,723430578;35,52331832
القيروان;م.إ.  عين غراب;0;65;لا توجد معطيات;45;نعم;9,300343;35,681072
القيروان;م.إ.  بئر علي بن عمارة;0;115;معتمدية بوحجلة;46;نعم;10,128604;35,357226
القيروان;م.إ.  بئر احمد;0;140;لا توجد معطيات;46;نعم;9,9403424;35,3713
القيروان;م.إ.  حي النسيم;0;85;لا توجد معطيات;46;نعم;9,837724791;35,34703672
القيروان;م.إ. أولاد عامر;0;172;لا توجد معطيات;46;نعم;9,639383;35,487935
القيروان;م.إ.  السبارة;0;130;لا توجد معطيات;46;نعم;9,886156;35,888368
القيروان;م.إ. ذراع مريرة;0;160;لا توجد معطيات;47;نعم;10,132383;35,400071
القيروان;م.إ.  24 جانفي 52;0;65;لا توجد معطيات;47;نعم;9,9600077;35,336001
القيروان;م.إ. الفارسية;0;75;لا توجد معطيات;47;نعم;9,641957;35,424549
القيروان;م.إ.  بئر الشرفاء;0;160;لا توجد معطيات;48;نعم;10,052371;35,287203
القيروان;م.إ.  الزرق;0;194;لا توجد معطيات;48;نعم;9,807033;35,702458
القيروان;م.إ.  هماد;0;175;لا توجد معطيات;48;نعم;9,965834;36,004922
القيروان;م.إ.  القطيفة;0;180;لا توجد معطيات;49;نعم;9,9371409;35,415038
القيروان;م.إ. الازدهار;0;85;لا توجد معطيات;49;نعم;9,9264992;35,353659
القيروان;م.إ. أولاد عاشور;0;140;لا توجد معطيات;49;نعم;10,12813;35,310724
القيروان;م.إ. عين مجونة;0;130;لا توجد معطيات;49;نعم;9,680845;35,472759
القيروان;م.إ.  ذراع بوكف;0;200;لا توجد معطيات;50;نعم;10,004408;35,303901
القيروان;م.إ. أولاد نصير;0;200;لا توجد معطيات;50;نعم;10,134967;35,456129
القيروان;م.إ.  فرق الصيودة;0;95;لا توجد معطيات;50;نعم;10,121645;35,36948
القيروان;م.إ. أولاد بوحوش;0;170;لا توجد معطيات;50;نعم;10,089517;35,483731
القيروان;م.إ. بئر السلايمية;0;90;لا توجد معطيات;50;نعم;9,8739641;35,357234
القيروان;م.إ. أولاد خلف الله;0;180;لا توجد معطيات;50;نعم;9,788249025;35,52606706
القيروان;م.إ.  الكتيفات;0;140;لا توجد معطيات;50;نعم;9,619412;35,662951
القيروان;م.إ.  أولاد خليف;0;115;لا توجد معطيات;50;نعم;9,786911;35,500335
القيروان;م.إ.  المرايحية;0;107;لا توجد معطيات;50;نعم;9,68369;35,600292
القيروان;م.إ.  الزبارة;0;150;لا توجد معطيات;50;نعم;9,701925;35,543721
القيروان;م.إ.  الرحيمة;0;95;لا توجد معطيات;50;نعم;9,584339;35,441986
القيروان;م.إ. فرايحية;0;100;لا توجد معطيات;50;نعم;9,94755;35,9174
القيروان;م.إ.  بئر الدولة;0;180;لا توجد معطيات;51;نعم;10,029795;35,261968
القيروان;م.إ.  جهينة;0;150;لا توجد معطيات;51;نعم;9,9600754;35,308522
القيروان;م.إ. قصر الدباش;0;130;لا توجد معطيات;51;نعم;10,157143;35,298149
القيروان;م.إ.  الحميدات;0;100;لا توجد معطيات;51;نعم;9,847220598;35,4725233
القيروان;م.إ.  بئر براقة;0;95;معتمدية الشراردة;52;نعم;9,9862739;35,325547
القيروان;م.إ.  البريكات نصر الله;0;197;لا توجد معطيات;52;نعم;9,939044583;35,25339676
القيروان;م.إ. الريايشة;0;112;لا توجد معطيات;52;نعم;9,852965707;35,29738184
القيروان;م.إ.  الزملة;0;150;لا توجد معطيات;52;نعم;9,699198;35,499081
القيروان;م.إ.  قصر السويسين;0;78;لا توجد معطيات;52;نعم;9,626325;35,443677
القيروان;م.إ. سرديانة;0;160;لا توجد معطيات;52;نعم;9,90405638;35,93096005
القيروان;م.إ.  20 مارس 56;0;150;لا توجد معطيات;53;نعم;10,061094;35,247175
القيروان;م.إ. فرحات حشاد/هنشير الهامل;0;111;لا توجد معطيات;53;نعم;9,8794285;35,288328
القيروان;م.إ.  الخطاطفة;0;220;لا توجد معطيات;53;نعم;9,737029;35,495848
القيروان;م.إ.  العنق;0;61;لا توجد معطيات;53;نعم;9,590434;35,690194
القيروان;م.إ.  السلايمية;0;56;لا توجد معطيات;54;نعم;9,8739641;35,357234
القيروان;م.إ.  السلام;0;90;لا توجد معطيات;55;نعم;9,681388;35,84071
القيروان;م.إ.  خيط الوادي 1;0;140;لا توجد معطيات;55;نعم;9,631782;35,707761
القيروان;م.إ.  عين الكدية;0;91;لا توجد معطيات;55;نعم;9,669611;35,707437
القيروان;م.إ. الحرشة;0;120;لا توجد معطيات;55;نعم;9,652296;35,566943
القيروان;م.إ.  حمام طرزة;0;57;لا توجد معطيات;55;نعم;9,638266;35,594245
القيروان;م.إ.  سيدي مسعود;0;210;لا توجد معطيات;55;نعم;9,855662095;35,99094121
القيروان;م.إ.  سيدي ابراهيم الزهار;0;100;لا توجد معطيات;55;نعم;9,999222;35,838823
القيروان;م.إ. هندي الزيتونة;0;230;لا توجد معطيات;56;نعم;10,092437;36,001308
القيروان;م.إ.  وادي الخريوع;0;190;لا توجد معطيات;57;نعم;10,104481;36,050685
القيروان;م.إ.  الودي;0;95;لا توجد معطيات;58;نعم;10,136822;35,253801
القيروان;م.إ.  العجابنة;0;110;وحدة نصر الله;59;نعم;9,859239454;35,2474029
القيروان;م.إ. العزاعزة;0;160;لا توجد معطيات;59;نعم;9,808154183;35,47147765
القيروان;م.إ.  هنشير المستيري;0;65;لا توجد معطيات;59;نعم;9,882187698;35,45300786
القيروان;م.إ.  العالية;0;140;لا توجد معطيات;59;نعم;9,60593;35,729336
القيروان;م.إ.  خيط الوادي 2;0;81;لا توجد معطيات;59;نعم;9,64676;35,730822
القيروان;م.إ.  الرماضـــنية;0;180;لا توجد معطيات;60;نعم;10,176558;35,222094
القيروان;م.إ.  الأبيرة;0;58;لا توجد معطيات;60;نعم;9,719984;35,923516
القيروان;م.إ. الصعانين;0;85;لا توجد معطيات;60;نعم;9,648868;35,917369
القيروان;م.إ.  زغدود;0;56;لا توجد معطيات;60;نعم;9,759014561;35,95285514
القيروان;م.إ.  وادي الجباس;0;66;لا توجد معطيات;60;نعم;9,568695394;35,64706926
القيروان;م.إ. أولاد العيساوي;0;115;لا توجد معطيات;60;نعم;9,597899;35,646289
القيروان;م.إ.  الثلاجة;0;170;لا توجد معطيات;60;نعم;9,512481;35,492677
القيروان;م.إ.  القفي;0;230;لا توجد معطيات;60;نعم;10,140534;36,062623
القيروان;م.إ. الحميدات الشرقية 2;0;52;لا توجد معطيات;61;نعم;9,8747471;35,491469
القيروان;م.إ.  حسين الغرسلاوي/بئرالحلو;0;140;لا توجد معطيات;62;نعم;10,064999;35,139003
القيروان;م.إ. بئر الوصفان;0;200;لا توجد معطيات;62;نعم;10,150247;35,202699
القيروان;م.إ.  ابن سينا;0;52;لا توجد معطيات;62;نعم;9,553799;35,852335
القيروان;م.إ.  عين دباب;0;145;معتمدية السبيخة;62;نعم;9,875017;36,021351
القيروان;م.إ. أولاد بامر;0;48;لا توجد معطيات;63;نعم;9,599149;35,905839
القيروان;م.إ. ثامر;0;44;لا توجد معطيات;64;نعم;9,873916833;35,20190339
القيروان;م.إ.  بئر هويدي;0;135;لا توجد معطيات;65;نعم;9,964783;35,216347
القيروان;م.إ.  الجمال;0;47;لا توجد معطيات;65;نعم;9,786766746;35,20465294
القيروان;م.إ.  العواينية;0;26;لا توجد معطيات;65;نعم;9,845852245;35,18128701
القيروان;م.إ. بئر غرزان;0;34;معتمدية الوسلاتية;65;نعم;9,672451;35,776932
القيروان;م.إ. الحمالة;0;86;لا توجد معطيات;65;نعم;9,687694;35,973831
القيروان;م.إ. السرج;0;100;لا توجد معطيات;65;نعم;9,631815;35,94058
القيروان;م.إ. القليعة;0;150;لا توجد معطيات;65;نعم;9,574583;35,91488
القيروان;م.إ.  أولاد سعيدان;0;89;لا توجد معطيات;65;نعم;9,573202;35,627373
القيروان;م.إ.  طرزة الجنوبية;0;95;لا توجد معطيات;65;نعم;9,611865;35,525538
القيروان;م.إ.  القنطرة;0;185;لا توجد معطيات;65;نعم;9,5262928;35,450877
القيروان;م.إ. الحجاج;0;250;لا توجد معطيات;66;نعم;9,473049;35,564026
القيروان;م.إ. الكبارة;0;118;لا توجد معطيات;67;نعم;9,817755336;35,18409692
القيروان;م.إ.  النور;0;115;لا توجد معطيات;67;نعم;9,929009726;35,20829424
القيروان;م.إ. أبو القاسم الشابي;0;125;لا توجد معطيات;67;نعم;9,770631484;35,29813871
القيروان;م.إ.  محطة سيدي سعد;0;160;لا توجد معطيات;67;نعم;9,757916606;35,38860217
القيروان;م.إ.  محطة الحاجب;0;90;معتمدية حاجب العيون;67;نعم;9,569949;35,368658
القيروان;م.إ.  نفات;0;115;لا توجد معطيات;67;نعم;10,15002;36,119919
القيروان;م.إ. الشرايطية الجنوبية;0;170;لا توجد معطيات;68;نعم;10,08947272;35,18344892
القيروان;م.إ.  العريبة;0;160;لا توجد معطيات;68;نعم;9,530919;35,588764
القيروان;م.إ. الطاهر صفر;0;60;لا توجد معطيات;68;نعم;9,576328;35,601661
القيروان;م.إ.  رقوبة علي بن سعد;0;81;لا توجد معطيات;69;نعم;9,803364608;35,41715434
القيروان;م.إ. العنيزات;0;170;لا توجد معطيات;69;نعم;9,587566;35,38691
القيروان;م.إ.  التقدم;0;220;لا توجد معطيات;70;نعم;10,002457;35,191767
القيروان;م.إ.الادواز (مرزوق الفرخ);0;0;لا توجد معطيات;70;نعم;9,959296;35,171286
القيروان;م.إ.  العبايدية;0;90;لا توجد معطيات;70;نعم;10,065747;35,08911
القيروان;م.إ.  القمبورة;0;135;لا توجد معطيات;70;نعم;9,554165;35,889335
القيروان;م.إ.  سيدي عمارة;0;36;لا توجد معطيات;70;نعم;9,536666;35,825911
القيروان;م.إ.  الصدارة;0;40;لا توجد معطيات;70;نعم;9,64382;35,793197
القيروان;م.إ. العثمانية;0;52;لا توجد معطيات;70;نعم;9,528117;35,8798
القيروان;م.إ.  البحيرة;0;140;معتمدية العلا;70;نعم;9,452961;35,637976
القيروان;م.إ.  المريقب;0;170;لا توجد معطيات;70;نعم;9,520935;35,614957
القيروان;م.إ.  3 أوت أولاد عمر;0;180;لا توجد معطيات;70;نعم;9,522557399;35,67127392
القيروان;م.إ.  طرزة الشمالية;0;113;لا توجد معطيات;70;نعم;9,552322;35,607821
القيروان;م.إ.  سد بورقيبة;0;105;لا توجد معطيات;71;نعم;9,717427341;35,38196148
القيروان;م.إ. أولاد عباس;0;170;لا توجد معطيات;71;نعم;9,499062;35,365081
القيروان;م.إ.  الرقوبة الحمراء;0;115;لا توجد معطيات;72;نعم;9,775970228;35,23707378
القيروان;م.إ. النقاز;0;90;لا توجد معطيات;73;نعم;9,481044;35,614834
القيروان;م.إ.  العواقبية;0;75;لا توجد معطيات;74;نعم;10,017143;35,335766
القيروان;م.إ. الشواشنية;0;59;لا توجد معطيات;74;نعم;10,070078;35,100488
القيروان;م.إ. المحافيظ القطار;0;180;لا توجد معطيات;74;نعم;9,530864184;35,63799861
القيروان;م.إ. دار الخريف;0;99;لا توجد معطيات;74;نعم;9,633176;35,375015
القيروان;م.إ.  العوايد;0;130;لا توجد معطيات;75;نعم;10,040269;35,048244
القيروان;م.إ. المساعدية الجنوبية;0;95;لا توجد معطيات;75;نعم;10,093291;35,106888
القيروان;م.إ.  بئر الفيض;0;100;لا توجد معطيات;75;نعم;10,17547;35,15941
القيروان;م.إ.  سيدي الريماني;0;93;لا توجد معطيات;75;نعم;9,536007;35,752851
القيروان;م.إ. 1 جانفي فرحات حشاد - أولاد عمر;0;140;لا توجد معطيات;76;نعم;9,531503;35,678581
القيروان;م.إ. عيثة النساء;0;60;لا توجد معطيات;76;نعم;9,613408;35,324354
القيروان;م.إ.  20 مارس الدبابشة;0;110;لا توجد معطيات;78;نعم;9,48375238;35,68403758
القيروان;م.إ.  البشايرية;0;104;لا توجد معطيات;80;نعم;9,804836677;35,24688223
القيروان;م.إ. المرقب;0;52;لا توجد معطيات;80;نعم;9,583802;35,754302
القيروان;م.إ. الهناشير;0;200;لا توجد معطيات;80;نعم;9,418369309;35,65781049
القيروان;م.إ.  المساعيد;0;100;لا توجد معطيات;80;نعم;9,510748519;35,70502718
القيروان;م.إ.  الدغيمة;0;140;لا توجد معطيات;80;نعم;9,565078;35,29242
القيروان;م.إ.  السودان;0;170;لا توجد معطيات;80;نعم;9,464751;35,516427
القيروان;م.إ. المناسة;0;120;لا توجد معطيات;84;نعم;9,632892;35,287659
القيروان;م.إ.  الخبنة;0;88;لا توجد معطيات;85;نعم;9,735206633;35,30392869
القيروان;م.إ.  خبنة الطمامة;0;29;لا توجد معطيات;85;نعم;9,731067254;35,23055941
القيروان;م.إ.  النجاح;0;42;لا توجد معطيات;85;نعم;9,819017861;35,2158098
القيروان;م.إ.   رأس العيثة;0;87;لا توجد معطيات;85;نعم;9,661637;35,747695
القيروان;م.إ.  الجلالبة الزعيرات;0;69;لا توجد معطيات;85;نعم;9,473707;35,709653
القيروان;م.إ.  صيادة الشمالية;0;100;لا توجد معطيات;85;نعم;9,368716094;35,65594047
القيروان;م.إ. الشواشي عن العلا;0;160;لا توجد معطيات;85;نعم;9,511154346;35,54672627
القيروان;م.إ.  وادي القصب;0;140;لا توجد معطيات;90;نعم;9,763354152;36,04822874
القيروان;م.إ. أولاد عيار;0;85;لا توجد معطيات;90;نعم;9,78511;36,004803
القيروان;م.إ.  المعازيل;0;38;لا توجد معطيات;90;نعم;9,554651;35,718721
القيروان;م.إ.  الطاوسة;0;56;لا توجد معطيات;90;نعم;9,730839;35,998363
القيروان;م.إ.  الجوامعية;0;95;لا توجد معطيات;90;نعم;9,407951;35,612797
القيروان;م.إ. البراهمية;0;51;لا توجد معطيات;90;نعم;9,42672;35,596365
القيروان;م.إ. الطويلة;0;97;لا توجد معطيات;91;نعم;9,747326314;35,44294083
القيروان;م.إ.  الرقي;0;140;لا توجد معطيات;95;نعم;9,370261;35,62718
القيروان;م.إ.  المعمرية;0;99;لا توجد معطيات;100;نعم;9,348002;35,696981
القيروان;م.إ.  دوار الفراحتية;0;84;لا توجد معطيات;100;نعم;9,65502;35,31756
القيروان;م.إ.  الطوال;0;95;لا توجد معطيات;103;نعم;9,376327;35,678752
القيروان;م.إ. السرجة عن العلا;0;102;لا توجد معطيات;105;نعم;9,426457;35,552539
القيروان;م.إ.  الغرابة;0;71;لا توجد معطيات;110;نعم;9,300343;35,681072
زغوان;م ا .02 مارس1934 الناظور;1032;80;02مارس الناظور;2;لا;10,095878;36,118466
زغوان;م ا .الحي الجديد;715;120;الحي الجديد الناظور;2;لا;10,093155;36,125184
زغوان;م ا .الشعاليل;151;120;الشعاليل;2;لا;10,09293;36,101538
زغوان;م ا الرقبة;193;140;الرقبة;20;لا;;
زغوان;م ا المعيذر;237;145;المعيذر;18;لا;;
زغوان;م ا الضربانية;155;100;الضربانية;20;لا;;
زغوان;م االزبيدين;67;70;الزبيدين;15;نعم;;
زغوان;م ا صوار;38;39;صوار;15;لا;;
زغوان;م ا .زواغة;186;115;زواغة;4;لا;10,11672;36,134379
زغوان;م ا .الخضراء;150;68;الخضراء;10;لا;10,055027;36,173104
زغوان;م ا .زغيدان;165;120;زغيدان;12;نعم;10,149033;36,148335
زغوان;م ا .دغافلة;197;100;الدغافلة;13;لا;10,120903;36,16623
زغوان;م ا .سيدي دغيم;201;100;سيدي دغيم;13;نعم;10,103647;36,198482
زغوان;م ا .سيدي بنور;34;46;سيدي بنور;15;لا;9,982141;36,177385
زغوان;م ا .دوار الحاج عمر;97;75;دوار الحاج عمر;16;لا;10,12926;36,217054
زغوان;م ا .القليب العالي;267;150;القليب العالي;18;لا;9,990279;36,06854
زغوان;م ا .الحميرة عن النفيضة;126;110;الحميرة طريق النفيضة;20;نعم;10,210074;36,182359
زغوان;م ا .صواف;363;80;صواف;21;نعم;10,171836;36,225699
زغوان;م ا .زقطون;90;110;زقطون;24;لا;10,135931;36,257434
زغوان;م ا .سيدي فرج الله;118;114;سيدي فرج الله;25;لا;10,173738;36,25047
زغوان;م ا .سيدي منصور;44;46;سيدي بنور;26;لا;10,189768;36,24418
زغوان;م ا .بروتة;50;52;بروتة;28;لا;10,018547;36,248873
زغوان;م ا .ذراع بن جودر;204;140;ذراع بن جودر;30;لا;10,021459;36,277767
زغوان;م ا .صوغاس الجنوبية;141;120;صوغاس الجنوبية;30;لا;9,948134;36,064524
زغوان;م ا .عين جرس;78;48;عين جرس;30;لا;9,8973828;36,16344
زغوان;م ا .صوغاس الشمالية;333;200;صوغاش الشمالية;30;نعم;9,920893;36,073238
زغوان;م ا .وادي الطويل;91;100;وادي الطويل;31;لا;10,207393;36,224521
زغوان;م ا .وادي الخضراء;222;120;وادي الخضراء;35;نعم;10,00116;36,326466
زغوان;م ا .أولاد الزوابي;43;46;اولاد الزوابي;38;لا;9,864202488;36,08519418
زغوان;م ا .الغريفات;105;110;الغريفات;43;لا;9,868705;36,408907
زغوان;م ا .قليب الجمل;142;105;قليب الجمل;43;لا;9,851804;36,362662
زغوان;م ا .جباس;61;57;جباس;44;لا;9,92637;36,446157
زغوان;م ا . خنيقة مقرة;187;120;خنيقة مقرة;45;لا;9,961991;36,402388
زغوان;م ا.بغ بغ العمايم;355;150;العايم;45;نعم;9,8451346;36,331796
زغوان;م ا.الشرشارة;26;21;الشرشارة;46;لا;10,090759;36,288126
زغوان;م ا .كدية الشعير;243;170;كدية الشعير;46;لا;9,868911;36,30172
زغوان;م ا .بوشواطة;179;150;بوشواطة;48;لا;10,121708;36,305349
زغوان;م ا .بئر المشارقة النجاح;281;120;بئر المشارقة محطة;50;لا;10,018237;36,519967
زغوان;م ا .الكاف الازرق;53;48;الكاف الازرق;51;لا;9,851889;36,279968
زغوان; م ا  .عين الانصارين;306;190;عين الانصارين;53;لا;10,151567;36,336156
زغوان;م ا .بئر مقرة;110;77;بئر مقرة;53;لا;9,7587915;36,329189
زغوان;م ا .وادي الربح;147;90;وادي الربح;55;لا;10,193595;36,408102
زغوان;م ا .سمنجة;255;120;سمنجة;55;نعم;10,025701;36,457165
زغوان;م ا .بنت سعيدان;75;100;بنت سعيدان;55;لا;9,962917046;36,26303652
زغوان;م ا .ضمدة;61;60;ضمدة;55;لا;9,908342;36,280252
زغوان;م ا.الجمال;87;85;بني دراج;58;لا;10,257766;36,402789
زغوان;م ا .عين مزيغ;73;85;عين مزيغ;58;لا;10,181595;36,376851
زغوان;م ا .بني مار;176;110;بني مار;58;نعم;10,165912;36,314418
زغوان;م ا .سيدي الناوي;42;60;سيدي الناوي;58;لا;9,756077;36,247205
زغوان;م ا .بوسليم;120;90;بوسليم;60;لا;10,290846;36,397605
زغوان;م ا .سيدي مريح;154;120;سيدي مريح;60;لا;10,163277;36,438294
زغوان;م ا .الشهدة;46;45;الشهدة;60;لا;10,233962;36,45886
زغوان;م ا .عين عسكر;64;65;عين عسكر;60;نعم;9,993451;36,573999
زغوان;م ا .دلائل العروس;53;55;دلائل العروس;60;لا;9,90304;36,510045
زغوان;م ا .سيدي عويدات;98;42;سيدي عويدات;60;لا;9,744335;36,221499
زغوان;م ا .جوقار;66;70;جوقار;60;لا;9,943738;36,269805
زغوان;م ا .سد وادي الكبير;15;18;سد وادي الكبير;60;لا;9,795749;36,246243
زغوان;م ا وادي الزيت;133;58;وادي الزيت;62;نعم;10,301111;36,41745
زغوان;م ا .مركز علي بالصغير;37;40;مركز علي بالصغير;62;لا;10,228315;36,42994
زغوان;م ا الحنايا;107;90;الحنايا زغوان;63;لا;10,131121;36,39404
زغوان;م ا .عين الصابون;132;100;عين الصابون;63;نعم;10,320412;36,383891
زغوان;م ا . الزريبة قرية;344;150;الزريبة قرية;63;لا;10,250318;36,339833
زغوان;م ا بئر حليمة;368;171;بئر حليمة  زغوان;65;لا;10,046551;36,396439
زغوان;م ا وادي الصبايحية;90;60;وادي الصبايحية;65;نعم;10,209735;36,496724
زغوان;م ا . هنشير التلة;41;50;هنشير التلة;65;لا;10,111442;36,495566
زغوان;م ا .الفراكسين;28;28;الفراكسين;65;نعم;9,883112;36,550312
زغوان;م ا .الشنانفة;41;66;الشنانفة;65;لا;9,870147;36,203596
زغوان;م ا .العياشية;25;26;العياشية;65;لا;9,725518;36,237064
زغوان;م ا .أم الابواب الجديدة;54;55;ام الابواب الجديدة;67;لا;9,770188;36,168436
زغوان;م ا .جبل الوسط الامتياز;643;643;جبل الوسط;68;نعم;10,061653;36,556189
زغوان;م ا ..وادي الكنز;152;120;وادي الكنز;68;لا;10,268702;36,300415
زغوان;م ا .بوشة;70;68;بوشة بئر المشارقة;70;لا;9,838811;36,511346
زغوان;م ا .بوعشير;163;120;بوعشير;70;نعم;10,202728;36,202668
زغوان;م ا .عين البطرية;147;120;عين البطرية;75;لا;10,253142;36,269364
زغوان;م ا .بوقرنين;120;100;بوقرنين;75;لا;9,830168;36,459007
زغوان;م ا .تليل الصالحي;20;15;تليل الصالحي;76;لا;9,6774613;36,254229
زغوان;م ا .جرادو;128;120;جرادو;77;نعم;10,32371;36,276176
زغوان;م ا .الخمايسية;11;14;الخمايسية;78;لا;9,680968;36,277462
زغوان;م ا .ام الابواب القديمة;45;56;ام الابواب القديمة;79;لا;9,817595;36,169003
زغوان;م ا .خمسة ثناية;33;40;خمسة ثنايا;80;لا;9,63685;36,255979
زغوان;م ا .عين الصفصاف;159;159;عين الصفصاف;82;نعم;10,155815;36,536693
صفاقس 1;م.إ.  بئر الشوكات;136;133;بئر الشوكات بئر علي;6;نعم;10,057703;34,493121
صفاقس 1;م.إ.  الخمايسة;121;110;الخمايسة بئر علي;6;نعم;10,089618;34,782517
صفاقس 1;م.إ.  أم الشوشة الشمالية;17;17;أمّ الشوشة الشمالية بئر علي;10;نعم;10,166891;34,700651
صفاقس 1;م.إ.  وادي غويلية;85;85;وادي غويلية بئر علي;6;نعم;10,093104;34,679921
صفاقس 1;م.إ.  سيدي مهذب;336;140;سيدي مهذّب الصخيرة;7;نعم;10,031863;34,310429
صفاقس 1;م.إ.  أم الشوشة;315;200;أمّ الشوشة بئر علي;8;نعم;10,139114;34,711817
صفاقس 1;م.إ. رأس فرطوط;182;140;رأس فرطوط بئر علي;8;نعم;10,133034;34,791657
صفاقس 1;م.إ.  بئر الكرانمة;112;82;بئر الكرايمة بئر علي;9;نعم;10,067619;34,691116
صفاقس 1;م.إ.  اللطائفة;252;150;اللطايفة بئر علي ;9;نعم;10,184402;34,754581
صفاقس 1;م.إ.  وادي الرخام;231;227;وادي الرخام بئر علي;10;نعم;10,011182;34,772637
صفاقس 1;م.إ.  حمادة فندق الشيباني;83;50;حمادة فندق الشيباني الصخيرة ;11;نعم;10,115483;34,356422
صفاقس 1;م.إ.  الرواشد;64;60;الزواشد بئر علي;11;نعم;9,9837647;34,685808
صفاقس 1;م.إ.  وادي النخلة;63;40;وادي النخلة الصخيرة ;12;نعم;10,004781;34,34712
صفاقس 1;م.إ.  بئر الغرائبـــة;100;92;بئر الغرايبة بئر علي ;14;نعم;9,981526;34,736925
صفاقس 1;م.إ.  بئر شوية;100;62;بئر شوية بئر علي;12;نعم;10,092822;34,634643
صفاقس 1;م.إ.  ماجل الزيتونة;83;70;ماجل الزيتونة بئر علي;12;نعم;10,053188;34,781561
صفاقس 1;م.إ.  بوسعيد;61;33;القنيطرة بوسعيد الصخيرة;13;نعم;9,993614;34,25835
صفاقس 1;م.إ.  حمادة أولاد النفاتي;106;85;حمادة أولاد النفاتي الصخيرة;15;نعم;10,054714;34,381104
صفاقس 1;م.إ.  وادي الرخام الشمالية;60;53;وادي الرخام الشمالية بئر علي;12;نعم;9,9947626;34,801857
صفاقس 1;م.إ.  القنيطرة;321;180;القنيطرة الصخيرة ;16;نعم;9,995501;34,214264
صفاقس 1;م.إ.  العوايد;83;81;العوايد بئر علي;16;نعم;10,126375;34,623769
صفاقس 1;م.إ.  المناصرية;47;46;المناصرية بئر علي ;16;نعم;10,010029;34,670835
صفاقس 1;م.إ.  الفريشات;140;117;الفريشات الصخيرة;17;نعم;10,167229;34,365125
صفاقس 1;م.إ. الحجاج أولاد عمر;41;39;الحجاج أولاد عمر بئر علي;20;نعم;10,141403;34,669636
صفاقس 1;م.إ. الحمر;73;60;الحمر بئر علي;14;نعم;10,047739;34,673991
صفاقس 1;م.إ.  الربائعة2;97;85;الربايعة 2بئر علي;15;نعم;10,099492;34,847185
صفاقس 1;م.إ.  القندول;155;120;القندول بئر علي;20;نعم;10,053758;34,62611
صفاقس 1;م.إ.  الربائعة;136;130;الربايعة بئر علي;18;نعم;10,107223;34,867215
صفاقس 1;م.إ.  عقلة المثنان;114;70;عقلة المثنان بئر علي;18;نعم;9,9781911;34,757824
صفاقس 1;م.إ.  الحشيشينة;189;126;الحشيشينة الغريبة ;18;نعم;10,183015;34,421345
صفاقس 1;م.إ.  الجروالة;117;103;الجروالة الصخيرة;19;نعم;9,963681;34,274753
صفاقس 1;م.إ.  نوال الجديدة;84;61;نوال الجديدة الصخيرة ;19;نعم;9,950907;34,414732
صفاقس 1;م.إ.  سيدي علي بلعابد;124;100;سيدي علي بلعابد بئر علي;19;نعم;10,169497;34,788145
صفاقس 1;م.إ.  هنشير القصير;167;109;هنشير القصير الصخيرة ;20;نعم;9,959868;34,244178
صفاقس 1;م.إ.  السوينية;94;94;السوينية بئر علي;20;نعم;10,141505;34,583498
صفاقس 1;م.إ.  الشرايط;132;130;الشرايط بئر علي;20;نعم;9,946182;34,708903
صفاقس 1;م.إ. اليزيدي;90;90;اليزيدي بئر علي;20;نعم;10,02665;34,655078
صفاقس 1;م.إ. التبينات;120;119;التبينات بئر علي;20;نعم;10,228874;34,672186
صفاقس 1;م.إ.  الغرايرة;371;160;الغرايرة الصخيرة;21;نعم;9,909794;34,257461
صفاقس 1;م.إ.  سيدي محمد نويقص;220;107;سيدي امحمد نويقص الصخيرة ;21;نعم;10,053193;34,444787
صفاقس 1;م.إ.  بئر أولاد محمود;146;100;بئر أولاد محمود بئر علي;25;نعم;10,047228;34,832254
صفاقس 1;م.إ.  ودران;110;98;ودران بئر علي;21;نعم;9,9283368;34,670841
صفاقس 1;م.إ.  سيدي الظاهر 2;97;75;سيدي ظاهر 2بئر علي;21;نعم;10,072565;34,898145
صفاقس 1;م.إ  الحمالة;93;93;الحمالة بئر علي;25;نعم;10,038764;34,608464
صفاقس 1;م.إ.  النوال;75;69;نوال الصخيرة ;23;نعم;9,9066776;34,369211
صفاقس 1;م.إ.  الطلاب;88;75;الطلاّب بئر علي;23;نعم;10,109377;34,573277
صفاقس 1;م.إ.  العروق;91;90;العروق بئر علي;23;نعم;9,9371894;34,742936
صفاقس 1;م.إ.  هنشير الزبدة;59;58;هنشير الزبدة بئر علي ;23;نعم;9,9376911;34,603147
صفاقس 1;م.إ.  حمادة أولاد الحاج موسى;236;190;حمادة أولاد الحاج موسى الصخيرة;24;نعم;10,10119;34,417411
صفاقس 1;م.إ.  الحادثة;74;70;الحادثة الصخيرة ;24;نعم;9,8674;34,25749
صفاقس 1;م.إ.  سيدي الظاهر 1;96;75;سيدي الظاهر1بئر علي;24;نعم;10,072783;34,923602
صفاقس 1;م.إ.  فائض العتيل;203;110;فائض العتيل الغريبة ;24;نعم;10,143414;34,452646
صفاقس 1;م.إ.  الخوالة;102;70;الخوالة الغريبة;24;نعم;10,233788;34,395317
صفاقس 1;م.إ. صبيح النور;171;75;صبيح النور الصخيرة;25;نعم;9,927044;34,237922
صفاقس 1;م.إ. المغذية  2;102;60;المغذية 2الصخيرة;25;نعم;10,013841;34,42971
صفاقس 1;م.إ.  سيدي منصور السويسي;90;90;سيدي منصور السويسي بئر علي;25;نعم;10,221978;34,654044
صفاقس 1;م.إ.  الساطور;145;130;الساطور الصخيرة;26;نعم;9,91212;34,285184
صفاقس 1;م.إ.  صبيح الجنوبية;83;60;صبيح الجنوبيّة ;26;نعم;9,892109;34,242545
صفاقس 1;م.إ.  وادي السروج;6;6;وادي السروج الصخيرة;26;نعم;9,852497;34,345532
صفاقس 1;م.إ.  اولاد محمود الشمالية;64;60;أولاد محمود الشمالية بئر علي;26;نعم;10,023503;34,858741
صفاقس 1;م.إ. المغذية;137;95;المغذبة الصخيرة ;27;نعم;10,00875;34,44121
صفاقس 1;م.إ.  صبيح الشرقية;101;80;صبيح الشرقية الصخيرة;27;نعم;9,946252;34,224414
صفاقس 1;م.إ.  نوال الشمالية;82;75;نوال الشمالية الصخيرة;27;نعم;9,950294;34,437906
صفاقس 1;م.إ.  ذراع العرس;75;70;ذراع العرس بئر علي;25;نعم;9,9318364;34,640322
صفاقس 1;م.إ.  السودان سيدي الظاهر;63;45;السودان سيدي ظاهر بئر علي;27;نعم;10,064776;34,982005
صفاقس 1;م.إ.  بوسليم;29;29;بوسليم بئر علي;27;نعم;10,282997;34,703653
صفاقس 1;م.إ.  الشوكات;62;50;الشوكات الصخيرة ;28;نعم;10,057703;34,493121
صفاقس 1;م.إ.  الحواشين;23;21;الحواشين بئر علي;28;نعم;9,9853224;34,84814
صفاقس 1;م.إ. أولاد الكيلاني;142;100;أولاد الكيلااني الغريبة ;29;نعم;10,199711;34,50284
صفاقس 1;م.إ.  الشفافرة;69;50;الشفافرة الصخيرة ;30;نعم;9,831532;34,253899
صفاقس 1;م.إ.  المالحة;127;85;المالحة الصخيرة ;30;نعم;9,9023974;34,199698
صفاقس 1;م.إ.  رأس السواني;129;129;رأس السواني بئر علي;30;نعم;10,173842;34,634549
صفاقس 1;م.إ.  السمارة;214;115;السمارة المحرس;30;نعم;10,290845;34,44634
صفاقس 1;م.إ.  العطيات;13;12;العطيات عقارب;30;نعم;10,365948;34,777385
صفاقس 1;م.إ.  الفلاق;101;100;الفلاق عقارب;30;نعم;10,356703;34,611854
صفاقس 1;م.إ.  أولاد المبروك;85;84;أولاد المبروك عقارب;30;نعم;10,396636;34,713309
صفاقس 1;م.إ.  الشفافرة الشرقية;34;26;الشفافرة الصخيرة ;31;نعم;9,855805;34,252425
صفاقس 1;م.إ.  هنشير الرمث;28;28;هنشير الرمث الصخيرة;33;نعم;9,799757;34,272353
صفاقس 1;م.إ.  الحمام;86;86;الحمام الغريبة;33;نعم;10,177541;34,537992
صفاقس 1;م.إ.  قرعة السمارة;90;80;قرعة السمارة الغريبة ;33;نعم;10,258439;34,476821
صفاقس 1;م.إ.  الطويلة;223;150;الطويلة بئر علي;34;نعم;9,9720058;34,631521
صفاقس 1;م.إ.  الطرفاوي;82;60;الطرفاوي بئر علي;35;نعم;10,253966;34,648106
صفاقس 1;م.إ. المندرة;27;27;المندرة بئر علي;35;نعم;10,288406;34,613186
صفاقس 1;م.إ.  الجواودة بولذياب;113;75;الجواودة بولذياب عقارب;35;نعم;10,372888;34,741239
صفاقس 1;م.إ.  الخروع;59;59;الخروع بئر علي;36;نعم;10,211087;34,616067
صفاقس 1;م.إ.  نفيضة العجل;163;115;نفيضة العجل الغريبة;36;نعم;10,285338;34,52299
صفاقس 1;م.إ.  النصر أولاد ميارة;105;105;النصر أولاد ميارة بئر علي;30;نعم;10,008623;34,605371
صفاقس 1;م.إ.  الشعال;125;100;الشعال الغريبة;40;نعم;10,309749;34,560383
صفاقس 1;م.إ.  السودان;62;30;السودان الغريبة ;40;نعم;10,13706;34,541111
صفاقس 1;م.إ.  الربطة;181;180;الربطة الغريبة;40;نعم;10,266713;34,569944
صفاقس 1;م.إ.  الجواودة بن سهلون;183;135;الجواودة بن سهلون عقارب;40;نعم;10,433476;34,681064
صفاقس 1;م.إ.  المصادقة;56;45;المصادقة عقارب;40;نعم;10,491564;34,729345
صفاقس 1;م.إ.  المرازيق;78;78;المرازيق بئر علي;41;نعم;10,002394;34,563937
صفاقس 1;م.إ.  حي ابن ابراهيم;520;170;حيّ بن ابراهيم عقارب;41;نعم;10,525023;34,745409
صفاقس 1;م.إ.  السوالم;184;155;السوالم عقارب;40;نعم;10,551335;34,745249
صفاقس 1;م.إ.  عقارب الشرقية;195;125;عقارب الشرقية عقارب;40;نعم;10,55422;34,732697
صفاقس 1;م.إ.  التراكة1;104;66;التراكة1عقارب;45;نعم;10,487495;34,799551
صفاقس 1;م.إ.  العطاطشة;86;85;العطاطشة عقارب;45;نعم;10,530136;34,788404
صفاقس 1;م.إ.  أولاد الحاج السعد;49;49;أولاد الحاج سعد عقارب;45;نعم;10,506992;34,771688
صفاقس 1;م.إ.  قرقور الشرقية;85;85;قرقور الشرقية عقارب;45;نعم;10,590828;34,647769
صفاقس 1;م.إ.  قرقور الغربية;67;60;قرقور الغربية عقارب;50;نعم;10,579987;34,62993
صفاقس 1;م.إ.الرفيفات;66;55;الرفيفات عقارب;45;نعم;10,617141;34,641031
صفاقس 1;م.إ.  الوادي الكبير;145;120;الوادي الكبير عقارب;45;نعم;10,321451;34,662581
صفاقس 1;م.إ.  القطيفة الشفار;112;80;القطيفة الشفار المحرس;48;نعم;10,541917;34,543944
صفاقس 1;م.إ.  السكاينة;197;154;السكاينة المحرس;50;نعم;10,369411;34,547295
صفاقس 1;م.إ.  التراكة 2;143;100;التراكة2عقارب;50;نعم;10,475265;34,81444
صفاقس 1;م.إ. أولاد حمد قرقور;49;38;أولاد حمد قرقور عقارب;50;نعم;10,54862;34,674952
صفاقس 1;م.إ.  السواعد;22;22;السواعد عقارب;53;نعم;10,442208;34,79477
صفاقس 1;م.إ.  قرقور;502;160;قرقور عقارب;55;نعم;10,598375;34,628284
صفاقس 1;م.إ.  عيثة الشلايا;234;170;عيثة الشلايا المحرس;56;نعم;10,501481;34,627079
صفاقس 1;م.إ.  المواساة;67;55;المواساة المحرس;57;نعم;10,417539;34,581501
صفاقس 1;م.إ.  موريج;141;100;موريج المحرس;59;نعم;10,564953;34,606205
صفاقس 1;م.إ.  خاوي الغزال;215;146;خاوي الغزال المحرس;60;نعم;10,361589;34,489117
صفاقس 1;م.إ. القوادرية;67;45;الفقوادرية المحرس;60;نعم;10,383826;34,583688
صفاقس 1;م.إ.  زليانة;145;105;زليانة عقارب;50;نعم;10,326961;34,852409
صفاقس 1;م.إ.  قرقور الشمالية;159;135;قرقور الشمالية عقارب;50;نعم;10,577325;34,661804
صفاقس 1;م.إ.  سيدي سالم;344;200;طريق سيدي سالم طينة;65;نعم;10,716051;34,673549
صفاقس 1;م.إ.  القطيفة سيدي غريب;72;72;القطيفة سيدي غريب المحرس;65;نعم;10,212275;34,497731
صفاقس 1;م.إ.  المحروقة;47;47;المحروقة عقارب;60;نعم;10,31836;34,513805
صفاقس 1;م,اب,الفتح عقارب;105;100;عقارب ;60;نعم;;
صفاقس 1;م.إ. الخندق;21;21;الخندق المحرس;75;نعم;10,536847;34,637646
منوبة;م,ا,حميم;0;130;المرناقية;28;لا توجد معطيات;9,9947232;36,703281
منوبة;م,ا,المهرين;0;150;البطان;47;نعم;9,856143;36,762414
منوبة;م,ا,المحفورة;0;130;البطان;51;نعم;9,785154;36,761471
منوبة;م,ا,برج التومي;0;200;البطان;63;نعم;9,715893;36,7542
منوبة;م,ا,طنقار;0;172;البطان;63;نعم;9,743805;36,776444
منوبة;م,ا,العروسية;0;122;البطان;66;نعم;9,770632;36,799863
منوبة;م.ا.الزويتينة;0;175;البطان;59;نعم;;
منوبة;م,ا,شواط;0;230;الجديدة;55;نعم;9,941482;36,890345
منوبة;م,ا,سيدي سالم التباسي;0;34;الجديدة;55;نعم;9,891107;36,859017
منوبة;م,ا,الذنيبة;0;80;الجديدة;57;نعم;9,889353;36,840892
منوبة;م,ا,3 اوت الدندان;0;112;الدندان منوبة;29;نعم;10,64824;36,475213
منوبة;م,ا,قصر حديد;0;110;المرتاقية;41;نعم;9,9231236;36,778564
منوبة;م,ا,الغضاونية;0;64;المرتاقية;46;نعم;10,054437;36,695738
منوبة;م,ا,طبلتش;0;136;المرتاقية;49;نعم;9,922091782;36,77833541
منوبة;م,ا,النفيض;0;101;برج العامري;33;نعم;9,953457087;36,62712586
منوبة;م,ا,الجمهورية;0;120;برج العامري;35;نعم;9,878501145;36,71179568
منوبة;م,ا,الحفصية;0;70;برج العامري;39;نعم;9,9178963;36,734135
منوبة;م,ا,الانطلاقة;0;128;برج العامري;42;نعم;9,8832345;36,716457
منوبة;م,ا,منزل حبيب;0;154;برج العامري;42;نعم;9,898004276;36,66097521
منوبة;م,ا,المساعدين;0;212;برج العامري;42;نعم;9,843497625;36,70082871
منوبة;م,ا,الدريجة;0;86;برج العامري;42;نعم;9,8450196;36,624034
منوبة;م,ا,بئر الطويل;0;139;برج العامري;43;نعم;9,835205218;36,67850576
منوبة;م,ا,برج النور;0;252;برج العامري;50;نعم;9,8079176;36,688445
منوبة;م,ا,قمريان;0;174;طبربة;57;نعم;9,853032921;36,86286585
منوبة;م,ا,الهوارية;0;14;طبربة;72;نعم;9,772962456;36,81917862
منوبة;م,ا,الملاحة;0;112;طبربة;74;نعم;9,771888222;36,81858594
منوبة;م,ا,عين الكرمة;0;94;طبربة;75;نعم;9,776469266;36,82460405
منوبة;م,ا,الدخيلة;0;240;طبربة;76;نعم;9,709000736;36,86174634
منوبة;م,ا,حي النسيم;0;120;وادي اللليل;41;نعم;9,984944;36,818759
قابس;م.إ.  الموازير;0;65;الموازير قابس الجنوبية;18;نعم;10,015325;33,735572
قابس;م.إ.  المدو;0;162;المدو قابس الجنوبية;9;نعم;10,06868;33,805974
قابس;م.إ.  ليماوة;0;70;ليماوة قابس الجنوبية;18;نعم;10,08792;33,753423
قابس;م.إ.  وادي السدر;0;21;وادي السدر قابس الجنوبية;14;نعم;10,032219;33,803334
قابس;م.إ.  التمولة;0;65;تمولة قابس الجنوبية;8;نعم;10,138551;33,802626
قابس;م.إ.  الرماثي;0;65;الرماثي قابس الغربية;19;نعم;9,9781679;33,830794
قابس;م.إ.  القواندة;0;185;القواندة قابس الغربية;16;نعم;9,929749;33,866649
قابس;م.إ.  2 مارس 34 بوشمة;0;200;قابس الغربية;7;نعم;10,055856;33,901215
قابس;م.إ.  بدورة;0;220;قابس المدينة;5;نعم;10,073873;33,862182
قابس;م.إ. غنوش الشمالية;0;220;غنوش;8;نعم;10,062793;33,941623
قابس;م.إ.  غنوش الشرقية;0;200;غنوش;8;نعم;10,069832;33,935208
قابس;م.إ. غنوش الغربية;0;200;غنوش;9;نعم;10,069603;33,935612
قابس;م.إ.  الحي الشعبي غنوش - التحرير;0;210;غنوش;9;نعم;10,041481;33,932714
قابس;م.إ.  غنوش الجديدة;0;100;غنوش;10;نعم;10,058582;33,945448
قابس;م.إ. طارق بن زياد;0;100;غنوش;10;نعم;10,062843;33,932488
قابس;م.إ. العكاريت;0;170;العكاريت المطوية;28;نعم;9,980464;34,107193
قابس;م.إ. العوينات;0;80;العوينات المطوية;20;نعم;10,00389;33,992499
قابس;م.إ.  الهيشة;0;95;الهيشة المطوية;32;نعم;9,989263;34,155985
قابس;م.إ.  العمارات;0;75;العمارات المطوية;24;نعم;9,971286;34,058139
قابس;م.إ.  الغرائرة;0;45;الغرائرة المطوية;35;نعم;9,941656;34,17773
قابس;م.إ.  الميدة;0;150;المطوية;34;نعم;9,890368;34,057861
قابس;م.إ.  الطلحة;0;135;المطوية;40;نعم;9,911918;34,089868
قابس;م.إ.  بشيمة 1 البرج;0;180;الحامة;40;نعم;9,713867;33,905979
قابس;م.إ. بن غيلوف;0;180;الحامة;50;نعم;9,620859;33,881576
قابس;م.إ. بوعطوش;0;320;الحامة;35;نعم;9,7853435;33,89685475
قابس;م.إ.   قليب الدخان;0;7;الحامة;50;نعم;9,583874;33,894181
قابس;م.إ.  وادي السوينية;0;2;الحامة;62;نعم;9,714908;33,705711
قابس;م.إ.  شانشو;0;60;الحامة;20;نعم;9,8964375;33,88833
قابس;م.إ.  الشارب;0;31;الحامة;53;نعم;9,243614;33,570728
قابس;م.إ.  بشيمة 2;0;320;الحامة;40;نعم;9,7248513;33,924161
قابس;م.إ.  أولاد سعيد;0;105;الحامة;35;نعم;9,771078;33,897004
قابس;م.إ.  سيح عمارة;0;7;الحامة;72;نعم;9,538873;33,734023
قابس;م.إ.  2 مارس 34 منزل الحبيب;0;30;منزل الحبيب;49;نعم;9,620116348;34,21826519
قابس;م.إ.  والي;0;150;منزل الحبيب;48;نعم;9,882695;34,144975
قابس;م.إ.  وادي الزيتون;0;35;منزل الحبيب;50;نعم;9,706913;34,132287
قابس;م.إ.  الفجيج;0;12;منزل الحبيب;51;نعم;9,742969;34,06873
قابس;م.إ.  زقراطة;0;97;منزل الحبيب;44;نعم;9,769867;34,149217
قابس;م.إ.  المهاملة;0;16;منزل الحبيب;73;نعم;9,466319679;34,20764528
قابس;م.إ. العوسج;0;72;منزل الحبيب;94;نعم;9,3499;34,172764
قابس;م.إ.  الحجري;0;3;منزل الحبيب;57;نعم;9,674932;34,235308
قابس;م.إ.  أولاد ضــــــو;0;190;منزل الحبيب;57;نعم;9,909198;34,154702
قابس;م.إ. باطن القزاح;0;54;منزل الحبيب;45;نعم;9,800997515;34,0769394
قابس;م.إ.  السفيــــــة;0;31;منزل الحبيب;84;نعم;9,428725;34,156701
قابس;م.إ.  باطن الجداري;0;6;منزل الحبيب;44;نعم;9,865178;34,123171
قابس;م.إ.  الربائعة;0;7;منزل الحبيب;100;نعم;9,316205;34,198311
قابس;م.إ.  الطاهر الحداد;0;310;منزل الحبيب;61;نعم;9,598655;34,231935
قابس;م.إ.  أولاد السويسي;0;21;منزل الحبيب;101;نعم;9,289146;34,147306
قابس;م.إ.  أولاد خود;0;56;منزل الحبيب;49;نعم;9,850892;34,146434
قابس;م.إ. الحرية خاوي الزغابنة;0;44;منزل الحبيب;54;نعم;9,884154;34,152695
قابس;م.إ.الطاهر الاسود;0;16;منزل الحبيب;51;نعم;9,680073029;34,18511182
قابس;م.إ.  مطماطة;0;160;مطماطة القديمة;40;نعم;9,969353;33,544324
قابس;م.إ.  حافي رأسه;0;17;مطماطة القديمة;47;نعم;10,006885;33,51099
قابس;م.إ. تمزرط;0;25;مطماطة القديمة;53;نعم;9,8669844;33,534901
قابس;م.إ.  تشين;0;40;مطماطة القديمة;55;نعم;10,000046;33,476477
قابس;م.إ.  تاوجوت;0;39;مطماطة القديمة;57;نعم;9,8633199;33,566603
قابس;م.إ.  الزريبة;0;50;مطماطة القديمة;57;نعم;10,035853;33,472286
قابس;م.إ.  القصر;0;19;مطماطة القديمة;47;نعم;9,9156275;33,556096
قابس;م.إ. الأفام;0;90;مطماطة الجديدة;35;نعم;10,065755;33,606459
قابس;م.إ.  هداج;0;6;مطماطة الجديدة;42;نعم;9,9968861;33,567713
قابس;م.إ. زراوة الجديدة;0;320;مطماطة الجديدة;58;نعم;9,7952081;33,659049
قابس;م.إ.  بني زلطن;0;44;مطماطة الجديدة;47;نعم;10,100555;33,542358
قابس;م.إ.  مزاتة;0;37;مطماطة الجديدة;55;نعم;10,080127;33,523313
قابس;م.إ. الذكارة;0;61;مطماطة الجديدة;32;نعم;10,049293;33,643859
قابس;م.إ.  بني عيسى الجديدة - الأمل;0;30;مطماطة الجديدة;38;نعم;9,9131495;33,657053
قابس;م.إ.  العامرة;0;24;مطماطة الجديدة;55;نعم;10,090512;33,512004
قابس;م.إ.  الزارات طه حسين;0;130;مارث;40;نعم;10,347984;33,664692
قابس;م.إ. زركين 1;0;115;مارث;32;نعم;10,262391;33,706629
قابس;م.إ.  وادي الغيران;0;120;مارث;39;نعم;10,165624;33,639045
قابس;م.إ. المجني;0;50;مارث;43;نعم;10,304511;33,532793
قابس;م.إ.  سيدي يحي;0;150;مارث;42;نعم;10,304859;33,604907
قابس;م.إ.  العزائزة;0;50;مارث;38;نعم;10,272226;33,580435
قابس;م.إ. أولاد مهلهل;0;115;دخبلة توجان;66;نعم;10,174295;33,435859
قابس;م.إ. الجماعيين;0;75;دخيلة توجان;67;نعم;10,177795;33,431281
قابس;م.إ. وادي الحجل;0;85;مارث;25;نعم;10,219686;33,767566
قابس;م.إ.  الأدباش;0;43;دخيلة توجان;63;نعم;10,091977;33,486062
قابس;م.إ.  الجوابيت;0;43;دخيلة توجان;60;نعم;10,124853;33,500615
قابس;م.إ. 14 جانفي 2011;0;34;مارث;40;نعم;10,326455;33,6237
قابس;م.إ.  مارث الغربية;0;100;مارث;38;نعم;10,280279;33,600131
قابس;م.إ. كتانة;0;220;مارث;22;نعم;10,197608;33,756139
قابس;م.إ.  عيون الزركين;0;180;مارث;34;نعم;10,227993;33,670648
قابس;م.إ.  عرام;0;250;مارث;41;نعم;10,322203;33,584294
قابس;م.إ.  العلايا;0;120;مارث;41;نعم;10,344641;33,637657
قابس;م.إ.  توجان;0;109;دخيلة توجان;69;نعم;10,130627;33,469062
قابس;م.إ.  البطاهرة1;0;28;مارث;38;نعم;10,262604;33,561247
قابس;م.إ.  تونين;0;200;دخيلة توجان;52;نعم;10,144483;33,510438
قابس;م.إ.  زريـــق البرانية;0;190;مارث;27;نعم;10,157589;33,735083
قابس;م.إ.  دخيلة المسانة;0;150;مارث;44;نعم;10,219631;33,514026
قابس;م.إ.  دخيلة توجان;0;330;دخيلة توجان;64;نعم;10,201482;33,435502
قابس;م.إ.  زمرتن;0;128;دخيلة توجان;75;نعم;10,127186;33,420292
قابس;م.إ.  شط العوامر;0;33;مارث;43;نعم;10,395096;33,644047
قابس;م.إ. القصبة;0;76;مارث;37;نعم;10,244509;33,608428
قابس;م.إ.  لماية;0;75;مارث;45;نعم;10,312593;33,719992
قابس;م.إ.  واريفن;0;10;مارث;42;نعم;10,179273;33,571281
قابس;م.إ.  مزرع بن سلامة;0;102;دخيلة توجان;61;نعم;10,258492;33,471553
قابس;م.إ.  العرقوب;0;200;مارث;35;نعم;10,290882;33,636528
قابس;م.إ.   الغندري;0;110;مارث;25;نعم;10,143276;33,711418
قابس;م.إ.  المظيلة;0;65;مارث;39;نعم;10,267029;33,584716
قابس;م.إ. البراوكة;0;14;دخيلة توجان;65;نعم;10,112506;33,505186
قابس;م.إ.  سيدي سلام;0;69;مارث;27;نعم;10,193118;33,722364
قابس;م.إ.  الحميلة;0;85;دخيلة توجان;63;نعم;10,192914;33,530662
قابس;م.إ.  البطاهرة 2;0;26;مارث;39;نعم;10,266531;33,539814
قابس;م.إ.  ابن خلدون مارث الشرقية;0;120;مارث;36;نعم;10,296864;33,620936
قابس;م.إ.  السدرية;0;52;مارث;37;نعم;10,32419;33,638813
قابس;م.إ. الشيقيمــاء;0;13;دخيلة توجان;79;نعم;10,135965;33,389272
قابس;م.إ.  الأشراف;0;10;دخيلة توجان;60;نعم;10,086053;33,439919
المنستير;م.إ. سيدي بوعثمان;0;120;بو عثمان -معتمدية الوردانين;25;نعم;10,69600448;35,67625295
المنستير;م.إ.  منزل الحياة ابن خلدون;0;120;منزل الحياة-معتمدية زرمدين;30;نعم;10,605107;35,530973
المنستير;م.إ.  المليشات الفتح;0;225;المليشات_معتمدية زرمدين;30;نعم;10,531469;35,511846
المنستير;م.إ.  أولاد منجة-مليشات;0;120;اولاد منجة_المليشات_معتمدية زرمدين;30;نعم;10,560531;35,528182
المنستير;م.إ.  السعيدة;0;105;السعيدة_معتمدية جمال;30;نعم;10,60533064;35,60363134
المنستير;م.إ.  أولاد جمعة -الفوز بالحجاج;0;90;اولاد جمعة_معتمدية المكنين;32;نعم;10,831427;35,509105
المنستير;م.إ.  أولاد العرضاوي منزل الحياة;0;120;اولاد العرضاوي _زرمدين;35;نعم;10,59209061;35,52862852
المنستير;م.إ.  العلالشة;0;95;العلالشة_معتمدية زرمدين ;35;نعم;10,55012;35,511972
المنستير;م.إ.  المزاوغة;0;236;المزاوغة_معتمدية زرمدين;35;نعم;10,572815;35,54257
المنستير;م.إ.  الغنادة;0;180;الغنادة_ معتمدية بني حسان ;35;نعم;10,69721076;35,49525784
المنستير;م.إ.  الجنائحة 1;0;180;الجنائحة_معتمدية بني حسان;35;نعم;10,75767072;35,53002827
المنستير;م.إ.  الحجاج;0;150;عميرة الحجاج_معتمدية المكنين;35;نعم;10,80323;35,479546
المنستير;م.إ.  الفحول;0;120;عميرة الفحول _معتمدية المكنين;35;نعم;10,897391;35,646382
المنستير;م.إ.  أولاد عزيزة الحجاج;0;180;اولاد عزيزة_معتمدية المكنين;35;نعم;10,817442;35,501173
المنستير;م.إ.  المرازقة بالفحول;0;100;المرازڨة_معتمدية المكنين;35;نعم;10,461053;35,284599
المنستير;م.إ.  أولاد بوسيف الفحول;0;100;اولاد بوسيف _معتمدية المكنين;35;نعم;10,83823;35,464741
المنستير;م.إ.  فرج الحاج عثمان بالقراوة;0;105;القراوة _معتمدية المكنين;35;نعم;10,8099;35,455251
المنستير;م.إ.  النصر التوازرة;0;139;عميرة التوازرة_معتمدية المكنين;35;نعم;10,823829;35,747124
المنستير;م.إ. الرشاد  التوازرة;0;125;عميرة التوازرة_معتمدية المكنين;35;نعم;10,77988897;35,49369786
المنستير;م.إ.   السميرات حسن بن ابراهيم;0;155;السميرات_معتمدية المكنين;36;نعم;10,76277984;35,48034139
المنستير;م.إ.  الشواشين;0;36;الشواشين_معتمدية المكنين;37;نعم;10,849542;35,576413
المنستير;م.إ.  الاضياف;0;100;الاضياف _معتمدية المكنين;37;نعم;10,807348;35,508729
المنستير;م.إ.  المثابرة التوازرة;0;150;عميرة التوازرة_المكنين;37;نعم;10,78523142;35,50043963
المنستير;م.إ. الطيايرة;0;155;الطيايرة_معتمدية جمال;38;نعم;10,773942;35,576689
المنستير;م.إ.  المزاوغة الشمالية;0;36;المزاوغة الشمالية_معتمدية زرمدين;40;نعم;10,559494;35,577694
سوسة;الزيتونة;0;125;القلعة الكبرى;3;نعم;10,525412;35,868644
سوسة;وادي لاية;0;77;وادي لاية القلعة الصغرى;3,4;لا توجد معطيات;10,507206;35,772318
سوسة;خزامة الغربية;0;90;خزامة الغربية;7,5;نعم;10,610054;35,839816
سوسة;النقر;0;130;النقر القلعة الصغرى;12;نعم;10,511663;35,799602
سوسة;خير الدين باشا;0;180;سيدي عبدالحميد;13;نعم;10,639034;35,803115
سوسة;الوريمة;0;50;الوريمة سيدي بوعلي;13;نعم;10,44732;35,921345
سوسة;بورقيبة الزهور;0;90;حي الزهور;16;نعم;10,582455;35,788337
سوسة;وادي لاية مساكن;0;46;وادي لاية مساكن;16;نعم;10,507206;35,772318
سوسة;ابن سينا;0;90;سيدي عبدالحميد;17;نعم;10,64239;35,805763
سوسة;سد أولاد علي;0;122;سد اولاد علي سيدي بوعلي;17;نعم;10,440666;35,945697
سوسة;القبو;0;144;القبو القلعة الكبرى;18;نعم;10,393728;35,838778
سوسة;جمال الدين القصيبة;0;94;جمال الدين قصيبة سوسة;18;نعم;10,633418;35,764713
سوسة;سد الشياب;0;90;الشياب القلعة الكبرى;20;نعم;10,388054;35,93314
سوسة;المور الدين;0;110;الموردين مساكن;20;نعم;10,54721;35,761185
سوسة;الكرارية;0;90;الكرارية القلعة الكبرى;21;نعم;10,346579;35,927152
سوسة;الشويشة;0;91;الشويشة سيدي بوعلي;22;نعم;10,399799;35,970055
سوسة;حي النور;0;90;حي النور مساكن;22;نعم;;
سوسة;الكنانة;0;68;الكنانة سيدي بوعلي;23;نعم;10,393805;35,948642
سوسة;المويسات;0;116;المويسات سيدي الهاني;23;نعم;10,272965;35,688594
سوسة;قماطة;0;78;قماطة كندار;24;نعم;10,323768;35,962019
سوسة;غبغوب;0;72;غبغوب ;25;نعم;10,403692;35,692523
سوسة;كندار;0;120;كندار المدينة;25;نعم;10,300804;35,934604
سوسة;أولاد علي بلهاني;0;90;أولاد علي بلهاني سيدي الهاني;26;نعم;10,336693;35,711372
سوسة;سيدي الهاني;0;90;سيدي الهاني;30;نعم;10,312034;35,680663
سوسة;أولاد الخشين;0;75;أولاد الخشين سيدي الهاني;30;نعم;10,245846;35,718109
سوسة;منزل المحطة;0;130;منزل المحطة سيدي بوعلي;31;نعم;10,379278;36,011503
سوسة;الكنايس;0;200;الكنايس مساكن;33;نعم;;
سوسة;أولاد عامر;0;110;أولاد عامر كندار;34;نعم;10,314131;36,012497
سوسة;البشاشمة;0;110;البشاشمة كندار;40;نعم;10,179193;35,840404
سوسة;بئر الجديد;0;89;بئر الجديد كندار;40;نعم;10,19432;35,861956
سوسة;الفرادة 1;0;70;الفرادة مساكن;45;نعم;10,518891;35,55216
سوسة;أولاد بوبكر;0;40;أولاد بوبكر سيدي الهاني;45;نعم;10,342917;35,668747
سوسة;كروسية الشرقية;0;91;كروسية الشرقية سيدي الهاني;46;نعم;10,325376;35,785558
سوسة;سيدي سعيدان;0;140;سيدي سعيدان النفيضة;46;نعم;10,225842;36,054925
سوسة;الشراشير;0;153;الشراشير كندار;48;نعم;10,256515;35,747139
سوسة;الصفحة;0;105;الصفحة بوفيشة;49;نعم;10,344334;36,186476
سوسة;أولاد الصغير;0;94;أولاد الصغير سيدي الهاني;50;نعم;10,230732;35,70685
سوسة;عين الرحمة;0;95;عين الرحمة بوفيشة;52;نعم;10,420683;36,230519
سوسة;هيشر;0;249;هيشر النفيضة;59;نعم;10,206802;36,136533
سوسة;حشاد;0;90;حشاد بوفيشة;61;نعم;10,570588;35,86946
سوسة;الشابي;0;65;الشابي كم 70 بوفيشة ;61;نعم;10,499276;36,326444
سوسة;سيدي مطير;0;65;سيدي مطير بوفيشة;63;نعم;10,47773;36,358013
سوسة;السلوم ;0;40;ابن الجزار السلوم بوفيشة;63;نعم;;
سوسة;وادي الخروب;0;50;وادي الخروب بوفيشة;63;نعم;10,402077;36,313038
سوسة;سيدي خليفة;0;65;سيدي خليفة بوفيشة;64;نعم;10,40418;36,255552
سوسة;لندرية;0;40;لندرية بوفيشة;64;نعم;10,41197;36,283482
سوسة;2مارس;0;120;بوفيشة;66;نعم;10,572995;35,728702
سوسة;سيدي سعيد;0;110;سيدي سعيد بوفيشة;72;نعم;10,44919;36,336999
توزر;م.إ.  النصر;0;70;دقاش;0,2;نعم;8,21339;33,979334
توزر;م.إ.  3 أوت دقاش;0;70;دقاش;0,5;نعم;8,216903;33,986315
توزر;م.إ.  الجمهورية;0;65;دقاش;0,5;نعم;8,216704;33,986724
توزر;م.إ.  الاستقلال;0;65;دقاش;1;نعم;8,224608;33,991285
توزر;م.إ.  زاوية العرب;0;70;دقاش;3;نعم;8,234175;33,992025
توزر;م.إ.  أولاد ماجد;0;85;أولاد ماجد;5;نعم;8,237541;33,999504
توزر;م.إ.  قرية حامة الجريد;0;90;حامة الجريد;6;نعم;8,164194;33,999481
توزر;م.إ.  حامة الجريد;0;80;حامة الجريد;6;نعم;8,154771;33,993298
توزر;م.إ.  ابراهيم القمودي حامة الجريد;0;70;حامة الجريد;6;نعم;8,169969;34,000757
توزر;م.إ.  العهد الجديد/ المحاسن;0;80;المحاسن;7;نعم;8,246863;34,005738
توزر;م إ المحاسن;0;104;المحاسن;7;نعم;8,252296;34,011084
توزر;م.إ.  طريق قبلي سدادة;0;135;سدادة;8;نعم;8,273906;34,010767
توزر;م.إ.  ابن الشباط;0;95;توزر;10;نعم;8,140701;33,923791
توزر;م.إ.  حلبة;0;70;توزر;10;نعم;8,144837;33,932321
توزر;م.إ.  حي السلام;0;70;توزر;10;نعم;8,120781;33,928157
توزر;م.إ.  طريق الحامة;0;90;توزر;10;نعم;8,14432;33,937003
توزر;م.إ. دغومس;0;180;دغومس;18;نعم;8,341081;34,037439
توزر;م.إ  حي الانطلاقة دغومس;0;32;دغومس;18;نعم;8,332676;34,035006
توزر;م.إ.  شاكمو;0;45;شاكمو;20;نعم;8,214521;34,093256
توزر;م.إ.  شارع بورقيبة;0;95;نفطة;34;نعم;7,88245;33,87209
توزر;م.إ.  السني;0;105;نفطة;34;نعم;7,8765967;33,872774
توزر;م.إ.  مصطفى خريف;0;100;نفطة;34;نعم;7,876222;33,872844
توزر;م.إ.  2 مارس 34;0;105;نفطة;34;نعم;7,8921558;33,869168
توزر;م.إ.  الخضر بن الحسين;0;170;نفطة;34;نعم;7,867248;33,87577
توزر;م.إ.  الكرامة;0;80;نفطة;34;نعم;7,88282;33,880177
توزر;م.إ.  طريق حزوة;0;90;نفطة;34;نعم;7,863841;33,871857
توزر;م.إ.  الظافرية;0;61;تمغزة;50;نعم;7,8185232;34,21245
توزر;م.إ.  الشبيكة;0;73;تمغزة;55;نعم;7,937281;34,320045
توزر;م.إ. سندس;0;46;تمغزة;59;نعم;7,869818;34,354396
توزر;م.إ.  ابن رشد;0;145;حزوة;65;نعم;7,5890713;33,734791
توزر;م.إ.  ابن خلدون;0;145;حزوة;65;نعم;7,6022841;33,742641
توزر;م.إ.  تمغزة;0;153;تمغزة;68;نعم;7,9445186;34,387311
توزر;م.إ.  عين الكرمة;0;85;تمغزة;70;نعم;7,9803797;34,406238
توزر;م.إ.  الرميثة;0;71;تمغزة;74;نعم;7,9842571;34,430368
توزر;م.إ.  ميداس;0;73;تمغزة;76;نعم;7,9226113;34,410833
توزر;م.إ. الفريد;0;31;تمغزة;78;نعم;8,0523883;34,462699
توزر;م.إ.  التعمير;0;3;حزوة;80;نعم;7,645368;33,969323
بنزرت;م.إ.  بني عرام;0;93;بني عرام;5;نعم;9,258514;36,986972
بنزرت;م.إ. سيدي الكناني;0;230;سيدي الكناني;5;نعم;9,445372;36,896927
بنزرت;م.إ.  الصياح;0;50; الصياح;10;نعم;9,464332;36,834271
بنزرت;م.إ.  غسانة;0;140;غسانة;10;نعم;9,26225;36,995188
بنزرت;م.إ.  القصر;0;160; القصر;10;نعم;9,381920829;36,77970609
بنزرت;م.إ.  سيدي نصير;0;71; سيدي نصير;11;نعم;9,369708;36,765991
بنزرت;م.إ.  القرية جومين;0;97; القرية جومين;15;نعم;9,413385;36,868994
بنزرت;م.إ.  النشماية;0;170; النشماية;15;نعم;9,281079;36,969495
بنزرت;م.إ.  قصر بودرهم;0;87;قصر بودرهم;15;نعم;9,3739766;36,994758
بنزرت;م.إ.  بازينة;0;500;بازينة;16;نعم;9,297998;36,962854
بنزرت;م.إ.  الجبيرة;0;35;الجبيرة;16;نعم;9,2428;36,5622
بنزرت;م.إ. ا لطواجنية;0;215;ا لطواجنية;20;نعم;9,374513;36,875325
بنزرت;م.إ.  الرمادية;0;41;الرمادية;20;نعم;9,221072;36,45575
بنزرت;م.إ. القواسمـــية   ;0;60;القواسمـــية   ;20;نعم;9,261975;36,948633
بنزرت;م.إ.  الزاوية;0;228;الزاوية;20;نعم;9,553525;36,881834
بنزرت;م.إ.  الهواملية;0;116;منطقه الهوامليه. سجنان. ;20;نعم;9,270888973;37,03107291
بنزرت;م.إ. القواسمية;0;60;م.إ. القواسمية;20;نعم;9,261975;36,948633
بنزرت;م.إ.  السودية;0;98;م.إ.  السودية;21;نعم;9,538509;36,958355
بنزرت;م.إ. عوانة;0;67;عوانة;23;نعم;9,334655954;37,02919807
بنزرت;م.إ.  كاف الصغارين;0;68;كاف الصغارين;25;نعم;9,297934;36,962741
بنزرت;م.إ.  تاهنت;0;131;تاهنت;25;نعم;9,295783912;36,92291194
بنزرت;م.إ.  زهير;0;95; زهير;25;نعم;9,490079;36,899047
بنزرت;م.إ. وادي الزيتون;0;132;واد الزيتون;25;نعم;9,389519792;37,05511962
بنزرت;م.إ.  2 مارس 34 سجنان;0;130;سجنان المدينه;28;نعم;9,219846999;37,05558118
بنزرت;م.إ.  رواحة;0;257; رواحة;30;نعم;9,352461586;36,93175694
بنزرت;م.إ.  الزرعة;0;40;الزرعة;30;نعم;9,554364;36,842372
بنزرت;م.إ.  جفنة;0;121;الجفنة;30;نعم;9,4411894;37,038487
بنزرت;م.إ.  سيدي منصور;0;53;سيدي منصور;30;نعم;9,480009;36,996702
بنزرت;م.إ.  الشرقية;0;124;منطقه الشرقيه. سجنان;30;نعم;9,272575492;37,03186651
بنزرت;م.إ.  العريمة;0;56;م.إ.  العريمة;30;نعم;9,608764;36,994592
بنزرت;م.إ.  الركب;0;141;ركب;32;نعم;9,4735736;37,049691
بنزرت;م.إ.  المريفق;0;135;منطقه المرفق. سجنان. ;33;نعم;9,264691628;37,11252256
بنزرت;م.إ.  السميرة;0;188;منطقه السيره. سجنان. ;33;نعم;9,181497;37,015217
بنزرت;م.إ. عليسة (فرحات حشاد );0;73;م.إ. عليسة (فرحات حشاد );33;نعم;9,2255;37,0586
بنزرت;م.إ.  الظواهرية;0;19;منطقه الظواهريه. سجنان. ;34;نعم;9,216280095;37,04075593
بنزرت;م.إ. الذواودة;0;50;الذواودة;35;نعم;9,367629;37,021893
بنزرت;م.إ.  هنشير حدادة;0;69;منطقه حداده. سجنان. ;35;نعم;9,182917003;37,05004839
بنزرت;م.إ.  العويلية;0;82;العويلية;37;نعم;9,5029522;37,075298
بنزرت;م.إ.  السفيسيفة;0;175;منطقه بوجبله. سجنان. ;38;نعم;9,181497;37,015217
بنزرت;م.إ.  مصدر;0;125;منطقه مصدر. سجنان. ;38;نعم;9,1381526;37,074402
بنزرت;م.إ.  القتمة;0;175;منطقه القتمه. سجنان. ;38;نعم;9,265296129;37,13302931
بنزرت;م.إ.  العتيبة;0;80;العتيبة;40;نعم;9,470000934;37,0821519
بنزرت;م.إ.  بني ابراهيم;0;66;بني ابراهيم;40;نعم;9,4479223;37,017834
بنزرت;م.إ.  قرية تمرة;0;54;قريه تمره. طريق طبرقه. ;40;نعم;9,0716;37,033
بنزرت;م.إ.  القارصية;0;106;منطقه القارصيه. طريق السيره. سجنان. ;40;نعم;9,320223176;37,08620351
بنزرت;م.إ.  سقمان;0;250;منطقه سقمان. سجنان. ;40;نعم;9,172549;37,065547
بنزرت;م.إ.  واد ي العود;0;170;منطقه البلاكات. سجنان. ;40;نعم;9,274435322;37,15250867
بنزرت;م.إ.  حي العمران;0;200;م.إ.  حي العمران;40;نعم;9,671148;37,066062
بنزرت;م.إ.  بومخيلة;0;150;م.إ.  بومخيلة;40;نعم;9,575799;37,008022
بنزرت;م.إ.  سبع عوينات;0;55;م.إ.  سبع عوينات;40;نعم;9,78087;37,038849
بنزرت;م.إ.  سيدي عبد الباسط;0;8;م.إ.  سيدي عبد الباسط;40;نعم;9,65989;36,893801
بنزرت;م.إ.  حي النصر;0;173;م.إ.  حي النصر;40;نعم;9,638254;37,050497
بنزرت;م.إ.  وادي الشعير;0;21;م.إ.  وادي الشعير;40;نعم;9,789799;37,004044
بنزرت;م.إ.  منجم تمرة;0;99;منجم تمره. سجنان. ;42;نعم;9,107262156;37,05140644
بنزرت;م.إ.  العلي;0;160;منطقه العلي. سجنان. ;42;نعم;9,1554;37,0758
بنزرت;م.إ.  حي الياسمين;0;60;طريق سيدي المشرق. سجنان. ;44;نعم;9,1090325;37,122246
بنزرت;م.إ.  بوعواج;0;125;منطقه بوعواج. سجنان. ;44;نعم;9,2379459;37,130241
بنزرت;م.إ.  بوجرير;0;180;بوجرير;45;نعم;9,44286;37,092831
بنزرت;م.إ.  حي حشاد غزالة 2;0;180;حي حشاد;45;نعم;9,597710315;37,06486502
بنزرت;م.إ.  تشقة;0;160;م.إ.  تشقة;45;نعم;9,683331;36,985185
بنزرت;م.إ.  شعبة الحوت;0;117;منطقه شعبه الحوت. سجنان. ;46;نعم;9,338087422;37,14958879
بنزرت;م.إ.  بني يصلي;0;77;منطقه بن يصلى. سجنان. ;48;نعم;9,272575492;37,03186651
بنزرت;م.إ.  الحمرونية;0;41;الحمرونية;50;نعم;9,319234;36,992824
بنزرت;م.إ.  الفردوين;0;106;الفردوين;50;نعم;9,5615956;37,089898
بنزرت;م.إ.  هنشير غزالة;0;110;وتشير غزالة;50;نعم;9,553359;37,03987
بنزرت;م.إ.  أمادن;0;58;منطقه امادن. سجنان. ;50;نعم;9,20529;37,121155
بنزرت;م.إ.  بهاية;0;75;م.إ.  بهاية;50;نعم;9,605161;36,943381
بنزرت;م.إ.  قصة الباي;0;43;م.إ.  قصة الباي;50;نعم;9,724102;36,910042
بنزرت;م.إ.  عين ترقلاش;0;39;م.إ.  عين ترقلاش;50;نعم;9,799664;36,958889
بنزرت;م.إ.  المحطة الكبرى;0;238;م.إ.  المحطة الكبرى;50;نعم;9,685433;37,038979
بنزرت;م.إ.  رأس سراط;0;111;منطقه كاب سراط. سجنان. ;51;نعم;9,131492;37,124599
بنزرت;م.إ.  سيدي سالم;0;53;منطقه سيدي سالم. سجنان. ;53;نعم;9,371072493;37,12954536
بنزرت;م.إ.  سيدي مشرق;0;175;منطقه سيدي المشرق. سجنان. ;54;نعم;9,124115;37,135852
بنزرت;م.إ.  برج العدواني;0;192;برج العواني;55;نعم;9,529569236;37,13032513
بنزرت;م.إ.  المناصرية;0;94;منطقه رياح. سجنان. ;56;نعم;9,383936619;37,19242625
بنزرت;م.إ.  الطارف;0;50;الطارف;57;نعم;9,569377938;37,17403542
بنزرت;م.إ.  الحنية;0;170;منطقه الحنيه. سجنان;58;نعم;9,1447;37,0804
بنزرت;م.إ.  الدماين;0;50;منطقه الدماين. التسكرايه. ;58;نعم;9,285283;37,111157
بنزرت;م.إ.  المخشبية;0;30;المخشبية;60;نعم;9,223497;37,003966
بنزرت;م.إ.  أولاد الماي;0;70;اولاد المي;62;نعم;9,5032222;37,182984
بنزرت;م.إ.  جبل اشكل;0;34;م ا جبل اشكل;62;نعم;9,66757;37,1146
بنزرت;م.إ.  الزعرور;0;140;م ا الزعرور منطقة الزعرور;63;نعم;9,7464882;37,12
بنزرت;م.إ.  كاف عباد;0;108;منطقه كاف عباد. سجنان. ;63;نعم;9,454893283;37,21114322
بنزرت;م.إ.  هنشير هارون;0;45;م ا هنشير هارون بئر صولة;68;نعم;9,794204;37,074196
بنزرت;م.إ.  المرقازين;0;88;المرقازين;70;نعم;9,697345;37,192255
بنزرت;م.إ. أم هاني;0;230;المدرسة الابتدائية بأم هاني;70;نعم;9,842892;37,119068
بنزرت;م.إ.  الفجة;0;67;م ا بالفجة;70;نعم;9,913909;37,092228
بنزرت;م.إ.  فروة;0;109;فروة;73;نعم;9,763755957;37,19181098
بنزرت;م.إ.  تسكراية;0;120;تسكراية;74;نعم;9,555420553;37,20758638
بنزرت;م.إ.  اللواتة;0;219;اللواتة;75;نعم;9,7466153;37,214168
بنزرت;الجواودة;0;200;م ا الجواودة طريق تونس منزل بورقيبة;75;نعم;9,920886;37,148925
بنزرت;م ا مغراوة;0;100;مغراوة منزل جميل;75;نعم;9,9480427;37,20264
بنزرت;م.إ. بنـــي نـــــافـــع;0;201;بني نافع ;80;نعم;9,814874841;37,25971847
بنزرت;م.إ.  البلاط;0;71;م ا البلاط ;80;نعم;9,852204;37,079156
بنزرت;م.إ.  البريج - المنار;0;216;م.إ.  البريج - المنار;80;نعم;10,194942;37,169343
بنزرت;م.إ.  تاغرمان;0;110;تاغرمان;85;نعم;9,795168988;37,25916038
بنزرت;م.إ.  المرازيق;0;80;المرازيق;85;نعم;9,757298953;37,2680165
بنزرت;م.إ. بئر مسيوغة;0;116;بئر مسيوغة;85;نعم;9,834710949;37,27448949
بنزرت;م.إ.  الطويبية;0;90;الطويبية;85;نعم;10,029452;37,116541
بنزرت;م.إ.  عين غلال;0;107;م.إ.  عين غلال;85;نعم;9,833089;37,024341
بنزرت;م.إ.  الزواوين;0;137;الزواوين;88;نعم;10,057827;37,129319
بنزرت;م.إ.  الحويشات;0;30;الحويشات;90;نعم;9,554863;37,278099
بنزرت;م.إ.  بوزارية;0;90;بوزارية;95;نعم;9,747625;37,277074
بنزرت;م.إ.  بني مسلم;0;100;بني مسلم;95;نعم;9,795570415;37,27921032
بنزرت;م.إ.  هنشير الماتلين;0;105;هنشير الماتلين;95;نعم;9,798768922;37,29178263
بنزرت;م.إ.  خراطة;0;99;خراطة;95;نعم;9,60769;37,199384
بنزرت;م.إ.  سيدي عامر;0;34; سيدي عامر;95;نعم;9,610211;37,237829
بنزرت;م.إ.  2 مارس 34 زهانة;0;180;م.إ.  2 مارس 34 زهانة;95;نعم;10,038861;37,03991
بنزرت;م.إ. الحويض;0;95;م.إ. الحويض;95;نعم;9,98820099;37,08449638
بنزرت;م.إ.  بني عوف;0;48;م.إ.  بني عوف;97;نعم;9,786392;37,316045
بنزرت;م.إ.  الغيران;0;105;الغيران;100;نعم;9,753858273;37,32435688
بنزرت;م.إ.  الشابي;0;100; الشابي غار الملح;100;نعم;10,184432;37,168342
بنزرت;م.إ.  باجو;0;100; باجو;100;نعم;10,138202;37,167574
بنزرت;م.إ.  الناظور;0;200;م.إ.  الناظور;100;نعم;9,847307;37,309744
بنزرت;م.إ.  البسباسية;0;100;م.إ.  البسباسية;100;نعم;9,92668;37,061441
بنزرت;م.إ.  أوتيك الجديدة;0;131;م.إ.  أوتيك الجديدة;105;نعم;10,092398;37,102982
بنزرت;م.إ.   ظهر عياد;0;100;م.إ.   ظهر عياد;110;نعم;10,204804;37,188319
بنزرت;م.إ.  المبطوح;0;81;م.إ.  المبطوح;110;نعم;9,9560081;36,974184
بنزرت;م.إ.  هنشير الطاحونة;0;60;م.إ.  هنشير الطاحونة;110;نعم;9,968522119;37,04095532
بنزرت;م.إ.  هنشير غار ونكل;0;87;هنشير غار ونكل;115;نعم;9,643929727;37,2626224
بنزرت;م.إ.  فجة الريح;0;22;فجة الريح;115;نعم;9,304918;37,151258
بنزرت;م.إ.  سيدي عثمان;0;123;م.إ.  سيدي عثمان;115;نعم;9,9247481;36,958122
بنزرت;م.إ. الزوية;0;70;م.إ. الزوية;128;نعم;9,553525;36,881834
بنزرت;م.إ. مغراوة;0;100;مغراوة;70;نعم;9,9480427;37,20264
بنزرت;م.إ.  هارون;0;26; هارون;;نعم;9,794204;37,074196
بنزرت;م.إ.  الخترشة;0;70; الخترشة;;نعم;9,416731;37,000701
بن عروس;م.إ.  حي الماطري زاوية 2;0;80;نهج بديع الزّمان الهمذاني الزّاوية مرناق;7;نعم;10,28256239;36,6978834
بن عروس;م.إ.  القصيبي;0;54;  القصيبي مرناق 2044;14;نعم;10,27311247;36,62109274
بن عروس;م.إ.  الخليدية;0;100;مدرسة الخليديّة قبالة مركز البريد;15;نعم;10,112906;36,383767
بن عروس;م.إ.  فرش العنابي;0;126;حيّ فرش العنّابي ( برّوطة );15;نعم;10,17837204;36,61659469
بن عروس;م.إ.  جبل الرصاص;0;80; لاباريّة جبل الرصاص ;15;نعم;10,3192003;36,60977395
بن عروس;م.إ.  الصنداج;0;75; الصنداج مرناق;15;نعم;10,23083429;36,63865257
بن عروس;م.إ. البكباكة;0;96;البكباكة عمادة الكبّوطي طريق جبل الرصاص       17كم ;17;نعم;10,31205009;36,55835502
بن عروس;م.إ.  الطيب المهيري;0;73;مدرسة الطيب المهيري المحمديّة 1145;17;نعم;10,2223;36,768061
بن عروس;م.إ.  القنة;0;62;القنّة الخليديّة ;18;نعم;10,20915343;36,56958252
بن عروس;م.إ. العبابسة;0;37;العبابسة عمادة سيدي سالم القارصي مرناق        20كم;20;نعم;10,30101564;36,5206934
بن عروس;م.إ.  برج السدرية 1;0;100;برج السدريّة 1 معتمديّة حمّام الشط;23;نعم;10,387722;36,696662
بن عروس;م.إ.  سيدي سالم القارصي;0;38;سيدي سالم القارصي مرناق ;25;نعم;10,301926;36,494977
بن عروس;م.إ.  مرغنة;0;73;مرغنة عمادة البكباكة مرناق;25;نعم;10,204912;36,331852
بن عروس;م.إ.  عين الرقاد;0;40;عين الرقّاد الخليديّة 2055;26;نعم;10,19020507;36,54430248
بن عروس;م.إ. سيدي فرج;0;112; سيدي فرج المحمديّة ;35;نعم;10,08181617;36,65418577
سيدي بوزيد;م.إ.  الحي الفلاحي;0;64;الحي الفلاحي سيدي بوزيد;3;نعم;9,486122;35,011966
سيدي بوزيد;م.إ.  الضيعة;0;99;سيدي بوزيد;5;نعم;9,508682;35,018826
سيدي بوزيد;م.إ.  النصر-س,ب الشرقية;0;82;سيدي بوزيد;6;نعم;9,539581;35,024445
سيدي بوزيد;م.إ.  الزيتون;0;235;طريق المكناسي سيدي بوزيد;7;نعم;9,56889;34,00867
سيدي بوزيد;م.إ. الذراع;0;105;الذراع سيدي بوزيد;7;نعم;9,56511;34,04699
سيدي بوزيد;م.إ. أولاد بيــة;0;458;لسودة سيدي بوزيد;10;نعم;9,537648;35,105987
سيدي بوزيد;م.إ. قارة حديد;0;52;قارة حديد طريق المكناسي;11;نعم;9,57273;34,98203
سيدي بوزيد;م.إ.  عين رباو;0;62;طريق فائض سيدي بوزيد;12;نعم;9,642323;35,002531
سيدي بوزيد;م.إ. عويثة الغزال;0;130;عويثة الغزال سيدي بوزيد;12;نعم;9,39289;35,071288
سيدي بوزيد;م.إ. أولاد يوسف;0;27;اولاد يوسف طريق الرقاب سيدي بوزيد;14;نعم;9,697117;34,982224
سيدي بوزيد;م.إ. الحوامد;0;205;لسودة سيدي بوزيد;15;نعم;9,60109;35,113592
سيدي بوزيد;م.إ.  قطرانة الشمالية;0;128;لسودة سيدي بوزيد;16;نعم;9,65963;35,1669
سيدي بوزيد;م.إ.  فائض;0;293;فائض سيدي بوزيد;17;نعم;9,6530549;35,055563
سيدي بوزيد;م.إ.  قطرانة;0;103;لسودة سيدي بوزيد;17;نعم;9,6428042;35,148514
سيدي بوزيد;م.إ.  الهيشرية;0;40;العزارة سيدي بوزيد;17;نعم;9,5154232;34,938249
سيدي بوزيد;م.إ. قرع بنور;0;142;لسودة سيدي بوزيد;17;نعم;9,576671;35,172063
سيدي بوزيد;م.إ.  الجمال عين تيحالة;0;118;فائض سيدي بوزيد;17;نعم;9,70409;35,08874
سيدي بوزيد;م.إ.  2 مارس 34 العقلة;0;72;فائض سيدي بوزيد;17;نعم;9,6161347;35,087969
سيدي بوزيد;م.إ.  الحنية الجديدة;0;140;فائض سيدي بوزيد;17;نعم;9,746693;35,020285
سيدي بوزيد;م.إ.  المساترية;0;305;المساترية سوق الجديد 9121;18;نعم;9,588113;34,953753
سيدي بوزيد;م.إ.  بوعطوش;0;42;بوعطوش سوق الجديد 9121;19;نعم;9,6015477;34,907257
سيدي بوزيد;م.إ.  الصعادلية;0;60;الصعادلية سوق الجدبد 9121;19;نعم;9,5625939;34,900969
سيدي بوزيد;م.إ.  أولاد بوضياف;0;92;فائض سيدي بوزيد;19;نعم;9,731351;35,003989
سيدي بوزيد;م.إ.  أولاد بدر;0;159;المكارم سيدي بوزيد;20;نعم;9,645503;35,193653
سيدي بوزيد;م.إ.  عين بوزر;0;100;فائض سيدي بوزيد;20;نعم;9,689953;35,020347
سيدي بوزيد;م.إ. أولاد عمر - سيدي بوزيد الشرقية;0;200;سوق الجديد 9121;20;نعم;9,535946;34,950815
سيدي بوزيد;م.إ.  أولاد محمد النباهة;0;186;اولاد امحمد سوق الجديد 9121;21;نعم;9,5285731;34,890422
سيدي بوزيد;م.إ.  سقدال;0;102;سقدال سوق الجديد;21;نعم;9,6358329;34,938295
سيدي بوزيد;م.إ.  الحسينات;0;110;الحسينات الهيشرية;21;نعم;9,499801;34,928808
سيدي بوزيد;م.إ. القصيرة;0;31;القصيرة سوق الجديد 9121;22;نعم;9,624284;34,968979
سيدي بوزيد;م.إ.  النهوض;0;161;القصيرة سوق الجديد 9121;22;نعم;9,5953364;34,971943
سيدي بوزيد;م.إ.  الحنية بازيد;0;92;فائض سيدي بوزيد;22;نعم;9,72315;35,03285
سيدي بوزيد;م.إ. المكارم;0;116;المكارم سيدي بوزيد;22;نعم;9,560552;35,229293
سيدي بوزيد;م.إ.  أولاد فرحان;0;74;المكارم سيدي بوزيد;22;نعم;9,590942;35,255226
سيدي بوزيد;م.إ.  بئر بدر;0;213;المكارم سيدي بوزيد;23;نعم;9,645503;35,193653
سيدي بوزيد;م.إ.  المورد;0;66;المكارم سيدي بوزيد;23;نعم;9,530856;35,20206
سيدي بوزيد;م.إ.  أولاد خضر;0;134;اولاد خضر سوق الجديد 9121;24;نعم;9,6234449;34,924851
سيدي بوزيد;م.إ.  الحمايدية(السعيدة);0;25;طريق اولاد الهاني الحمايدية كم 30 السعيدة 9115;25;نعم;9,976969;34,917998
سيدي بوزيد;م.إ.  العوافي;0;122;الهيشرية سيدي بوزيد;25;نعم;9,474793;34,922934
سيدي بوزيد;م.إ.  الرمايدية;0;63;فائض سيدي بوزيد;25;نعم;9,6399603;35,109619
سيدي بوزيد;م.إ.  المصابحية;0;63;المصابحية سوق الجديد 9121;26;نعم;9,6524615;34,952167
سيدي بوزيد;م.إ.  الشارع;0;167;الشارع عمادة العامرة;26;نعم;9,3273749;35,159659
سيدي بوزيد;م.إ.  2 مارس 34 السبالة;0;176;عمادة الغمامرية السبالة;26;نعم;9,346701;35,160151
سيدي بوزيد;م.إ.  عقبة ابن نافع;0;258;المكارم سيدي بوزبد;27;نعم;9,630364;35,241579
سيدي بوزيد;م.إ.الحميمة(س,ب, الشرقية);0;150;المكارم سيدي بوزيد;27;نعم;9,507238;35,180327
سيدي بوزيد;م.إ.  البريج;0;128;البريج العامرة السبالة;30;نعم;9,324496;35,105019
سيدي بوزيد;م.إ.  صبرة;0;72;الرقاب 9170;31;نعم;9,758617;34,89251
سيدي بوزيد;م.إ.  المطلق;0;119;الرقاب 9170;32;نعم;9,728402;34,918972
سيدي بوزيد;م.إ.  الخشوم;0;73;الخشوم عمادة السد ;34;نعم;9,3155859;35,203692
سيدي بوزيد;م.إ. الحنية كم 102;0;172;الحنية 102 اولاد حفوز;35;نعم;9,7763504;35,072785
سيدي بوزيد;م.إ.  الدشرة;0;31;الدشرة بئر الحفي 9113;35;نعم;9,149401;34,916617
سيدي بوزيد;م.إ.  الزيتونة;0;80;الرقاب 9170;36;نعم;9,711766;34,886598
سيدي بوزيد;م.إ.  العامرة;0;126;منطقة العامرة السبالة;36;نعم;9,281147;35,148107
سيدي بوزيد;م.إ.  2 مارس 34 -بئر الحفي;0;87;الشخار اولاد منصر 9113;36;نعم;9,332684;35,002592
سيدي بوزيد;م.إ.  هنشير الصنب;0;100;هنشير الصنب  الهيشرية سيدي بوزيد;36;نعم;9,4177;34,873316
سيدي بوزيد;م.إ.  أولاد بوعزيز- بئر الحفي;0;205;قصر المزارة 9123;37;نعم;9,3094211;34,991041
سيدي بوزيد;م.إ.  السد;0;69; عمادة السد السبالة;38;نعم;9,346328;35,218722
سيدي بوزيد;م.إ.  أولاد ساهل;0;187;بئر بوصبيع 9113;38;نعم;9,2595426;34,920233
سيدي بوزيد;م.إ.العضلة(الحفي);0;115;العضلة 9126;38;نعم;9,2679765;34,956343
سيدي بوزيد;م.إ.  أولاد عبد الله;0;98;اولاد عبدالله جلمة 9110;39;نعم;9,443243;35,265576
سيدي بوزيد;م.إ.  أولاد ظاهر1;0;47;الرميلية 9140;40;نعم;9,5344558;34,82583
سيدي بوزيد;م.إ.  القرعة الصغرى;0;102;القرعة عمادة العامرة;40;نعم;9,2660596;35,127022
سيدي بوزيد;م.إ.  الأمل;0;77;التوايتية اولاد حفوز;40;نعم;9,43504;34,57581
سيدي بوزيد;م.إ.  أولاد خليفة;0;111;اولاد خليفة 9113;40;نعم;9,1783804;34,985451
سيدي بوزيد;م.إ.  النوايل الجديدة;0;100;النوايل 9126;40;نعم;9,2540713;34,999524
سيدي بوزيد;م.إ.  المزارة;0;158;المزارة 9123;40;نعم;9,3354402;34,980321
سيدي بوزيد;م.إ. أولاد بوعزيز - الهيشرية;0;151;اولاد بوعزيز الهيشرية سيدي بوزيد;40;نعم;9,5154232;34,938249
سيدي بوزيد;م.إ.  الرميلية;0;105;الرميلية 9140;41;نعم;9,5595533;34,784935
سيدي بوزيد;م.إ. غدير القايد;0;142;غدير القايد جلمة 9110;41;نعم;9,440702;35,316724
سيدي بوزيد;القوادرية الرقاب;0;96;الرقاب 9170;41;نعم;9,803387;34,843156
سيدي بوزيد;م.إ.  المباركية;0;62;المباركية اولاد حفوز;41;نعم;9,8176551;35,059898
سيدي بوزيد;م.إ.  2 مارس 34 - السوق الجديد;0;49;الرميلية 9140;42;نعم;9,6042542;34,823688
سيدي بوزيد;م.إ.  أولاد ظاهر 2;0;47;الرميلية 9140;42;نعم;9,5537225;34,822599
سيدي بوزيد;م.إ.  أولاد عاشور;0;164;اولاد عاشور جلمة 9110;42;نعم;9,455556;35,23346
سيدي بوزيد;م.إ.  الخروع;0;80;الخروع اولاد حفوز;42;نعم;9,7728426;35,037577
سيدي بوزيد;م.إ. الفوز;0;63;الفايضية اولاد حفوز;42;نعم;9,8618854;35,065536
سيدي بوزيد;م.إ.  النوايل;0;114;النوايل القديمة 9113;42;نعم;9,268006;34,976445
سيدي بوزيد;م.إ.  قلال جلمة;0;255;قلال جلمة 9110;43;نعم;9,422465;35,270982
سيدي بوزيد;م.إ.  الأزريق الجنوبية;0;132;الازيرق الجنوبية جلمة 9110;43;نعم;9,346162;35,285179
سيدي بوزيد;م.إ.  بنجويد;0;105;بنجويد جلمة 9110;43;نعم;9,444872;35,339826
سيدي بوزيد;م.إ.  العهد الجديد;0;154;عمادة السد السبالة;43;نعم;9,3386543;35,190887
سيدي بوزيد;م.إ.  دربي;0;22;الجواودة اولاد حفوز;43;نعم;9,7817384;35,114589
سيدي بوزيد;م.إ.  بني هراب;0;68;الحميدات اولاد حفوز;43;نعم;9,9010168;35,085882
سيدي بوزيد;م.إ.  الزفزاف;0;199;الزفزاف سوق الجديد;44;نعم;9,5017276;34,814701
سيدي بوزيد;م.إ.  فولاب;0;59;الرميلية 9140;44;نعم;9,5974222;34,797204
سيدي بوزيد;م.إ.  الفنيدق;0;269;الفنيدق جلمة 9110;44;نعم;9,476758;35,324371
سيدي بوزيد;م.إ.  بئر الشارف;0;107;الرقاب 9170;44;نعم;9,755729;34,80712
سيدي بوزيد;م.إ. قصر الحمام;0;162;الرقاب 9170;44;نعم;9,90492;34,852815
سيدي بوزيد;م.إ.الخليج(بن عون);0;49;مدرسة ذياب بن عون 9120;44;نعم;9,1643687;34,884147
سيدي بوزيد;م.إ.  سيدي علي بن جاء بالله;0;217;سيدي علي جاء بالله جلمة 9110;45;نعم;9,437455;35,209985
سيدي بوزيد;م.إ.  بئر خليفة;0;128;الرقاب 9170;45;نعم;9,1783804;34,985451
سيدي بوزيد;م.إ. أولاد عيوني;0;123;الرقاب 9170;45;نعم;9,853015;34,834176
سيدي بوزيد;م.إ.  بوعلاق;0;137;الرقاب 9170;45;نعم;9,788898;34,909352
سيدي بوزيد;م.إ.  برج المحطة;0;51;برج المحطة عمادة مغيلة;45;نعم;9,28487;35,24194
سيدي بوزيد;م.إ. حانوت عيسى (أ,حفوز);0;89;حانوت عيسى اولاد حفوز;45;نعم;9,8794848;35,116526
سيدي بوزيد;م.إ.  التوفيق;0;24;بن بشير  بن عون 9120;45;نعم;9,1164779;34,808215
سيدي بوزيد;م.إ.  بنعون الشمالية;0;99;الضريح بن عون 9120;45;نعم;9,0888127;34,8696
سيدي بوزيد;م.إ. الحماد(الحفي);0;22;بئر عمامة 9113;45;نعم;9,27638;34,865333
سيدي بوزيد;م.إ. دخلة الزفزاف;0;182;دخلة الزفزاف الرميلية 9140;46;نعم;9,526191;34,792368
سيدي بوزيد;م.إ.  الأزيرق الشمالية;0;132;الازيرق الشمالية جلمة 9110;46;نعم;9,334832;35,29647
سيدي بوزيد;م.إ.  الخضاورية(جلمة);0;93;الخضاورية جلمة 9110;46;نعم;9,50567;35,325704
سيدي بوزيد;م.إ.  مغيلة;0;262;منطقة مغيلة السبالة;46;نعم;9,2851497;35,291448
سيدي بوزيد;م.إ.  مركز حربيط;0;195;حربيط اولاد حفوز;46;نعم;9,786227;35,169749
سيدي بوزيد;م.إ. سيدي خليف;0;52;القفا  اولاد حفوز;46;نعم;9,1783804;34,985451
سيدي بوزيد;م.إ.  العمامة;0;138;بئر عمامة 9113;46;نعم;9,3127323;34,866216
سيدي بوزيد;م.إ.  العمامة الجديدة;0;175;بئر بوصبيع 9113;46;نعم;9,2640266;34,902724
سيدي بوزيد;م.إ.  ريحانة;0;104;ريحانة الرقاب 9170;47;نعم;9,693027;34,814378
سيدي بوزيد;م.إ.  ريحانة الشمالية;0;218;الرقاب 9170;47;نعم;9,692953;34,814302
سيدي بوزيد;م.إ.  الذويبات;0;84;الذويبات كلم 87;47;نعم;9,944;35,090233
سيدي بوزيد;م.إ.  سيدي بوشمال;0;205;الزفزاف  الرميلية 9140;48;نعم;9,4574134;34,808658
سيدي بوزيد;م.إ. التحول;0;30;البكاكرية الرميلية 9140;48;نعم;9,5817707;34,757155
سيدي بوزيد;م.إ.  العريش(جلمة);0;115;العريش جلمة 9110;48;نعم;9,448042;35,186006
سيدي بوزيد;م.إ.  النجاح;0;72;الخلافلية اولاد حفوز;48;نعم;9,4024132;34,822932
سيدي بوزيد;م.إ.  2 مارس 34 أولاد حفوز;0;36;شايب راسو اولاد حفوز;48;نعم;9,8095359;35,027579
سيدي بوزيد;م.إ. الونائسية;0;87;الونايسية بن عون 9120;48;نعم;9,1129556;34,911164
سيدي بوزيد;(الحفي)م,إ,-   20مارس النصائبية  ;0;84;النصايبية 9123;48;نعم;9,332684;35,002592
سيدي بوزيد;م.إ.  أولاد عبيد;0;150;الرقاب 9170;49;نعم;9,838682;34,937825
سيدي بوزيد;(الرقاب)   م,إ,-   2مارس 1934 ;0;64;قصر الحمام الشرقية الرقاب 9170;49;نعم;9,857586;34,874736
سيدي بوزيد;م.إ.  العراوة;0;60;العراوة اولاد حفوز;49;نعم;9,9014279;35,157096
سيدي بوزيد;م.إ.  القوائبية;0;55;القوائبية اولاد حفوز;49;نعم;9,8158229;35,163396
سيدي بوزيد;م.إ.  هنشير سلتة;0;125;هنشير سلتة جلمة 9110;50;نعم;9,3415307;35,334618
سيدي بوزيد;م.إ.  بئر نصيب;0;26;الرقاب 9170;50;نعم;9,755997;34,744844
سيدي بوزيد;م.إ.  السرائرية;0;78;الرقاب 9170;50;نعم;9,783732;34,943788
سيدي بوزيد;م.إ.  سيدي عامر;0;90;الرقاب 9170;50;نعم;9,728835;34,783094
سيدي بوزيد;م.إ.  الشواشنية;0;82;الشواشنية اولاد حفوز;50;نعم;9,8581399;35,044661
سيدي بوزيد;م.إ.  أولاد ناجي;0;112;بن عون 9120;50;نعم;9,2227896;34,812302
سيدي بوزيد;م.إ.  2 مارس 34 بنعون;0;191;باطن العقعاق بن عون 9120;50;نعم;9,1423552;34,853533
سيدي بوزيد;م.إ.  الواعرة;0;208;الحرشان بن عون 9120;50;نعم;9,0385359;34,810017
سيدي بوزيد;م.إ.  القراوة 2;0;83;ورغة 9113;50;نعم;9,2727505;34,812729
سيدي بوزيد;م.إ.  ابن خلدون;0;75;الزدام الرقاب 9170;51;نعم;9,499798;35,038105
سيدي بوزيد;م.إ. الحاج مسعود;0;88;الفريجات اولاد حفوز;51;نعم;9,9401785;35,119951
سيدي بوزيد;م.إ.  فرش غريب;0;157;الرقاب 9170;52;نعم;9,909437;34,802376
سيدي بوزيد;م.إ.  سيدي عايد;0;95;الزدام الرقاب 9170;52;نعم;9,914971;34,896519
سيدي بوزيد;م.إ.  البلاهدية (السبالة);0;143;البلاهدية عمادة العيون;52;نعم;9,248039;35,32238
سيدي بوزيد;م.إ.  السلامة;0;220;اولاد سليمان 9159;52;نعم;9,416521;35,265967
سيدي بوزيد;م.إ.  أولاد زيدان;0;130;رحال بئر الحفي 9123;52;نعم;9,3149223;34,827505
سيدي بوزيد;م.إ.  الأبيض;0;133;الابيض جلمة 9110;53;نعم;9,4272318;35,390812
سيدي بوزيد;م.إ.  غدير الزيتونة(جلمة);0;178;غدير الزيتونة جلمة 9110;53;نعم;9,5174814;35,277947
سيدي بوزيد;م.إ.  قبرار;0;69;اولاد عبيد الرقاب 9170;53;نعم;9,815191;34,969866
سيدي بوزيد;م.إ.  هنشير العيثة;0;195;عمادة مغيلة السبالة;53;نعم;9,224704;35,26752
سيدي بوزيد;م.إ.  العبدات;0;75;الادواز اولاد حفوز;53;نعم;9,9294963;35,16839
سيدي بوزيد;م.إ. القبة(أ,حفوز);0;26;القبة اولاد حفوز;53;نعم;9,7238834;35,142399
سيدي بوزيد;م.إ. أولاد منصر;0;142;اولاد منصر 9169;53;نعم;9,0757616;34,745544
سيدي بوزيد;م.إ.  بئر الغزيل;0;90;الرقاب 9170;54;نعم;9,816418;34,708319
سيدي بوزيد;م.إ.  أولاد احمد الزين;0;121;فرش غريب الرقاب 9170;54;نعم;9,91258;34,812384
سيدي بوزيد;م.إ.  سلتة 2;0;150;سلتة 2 جلمة 9110;55;نعم;9,297927;35,367969
سيدي بوزيد;م.إ.  المحافظية;0;88;المحافظية جلمة 9110;55;نعم;9,3437882;35,365505
سيدي بوزيد;م.إ. المحافظية (الرقاب);0;147;فرش غريب الرقاب 9170;55;نعم;9,927471;34,787405
سيدي بوزيد;م.إ.  بئر محمد بن ذويب;0;52;الادواز اولاد حفوز;55;نعم;9,9593514;35,17138
سيدي بوزيد;م.إ.  العكارمة;0;131;طريق صفاقس كم 14 السعيدة 9115;55;نعم;9,907953;34,937103
سيدي بوزيد;م.إ.  أولاد عبد الله;0;110;الرضاع 9174;56;نعم;9,443243;35,265576
سيدي بوزيد;م.إ. أولاد شابو (الرقاب);0;62;الرقاب 9170;56;نعم;9,761346;34,719247
سيدي بوزيد;م.إ.  العيون (السبالة);0;108;العيون عمادة العيون;56;نعم;9,233871;35,30084
سيدي بوزيد;م.إ. الرنزز;0;78;الرنزز كم 8;56;نعم;9,9557379;35,067281
سيدي بوزيد;م.إ. العكايشة;0;100;بن عون 9120;56;نعم;;
سيدي بوزيد;م.إ.  النجاح;0;68;اولاد سليمان 9159;56;نعم;9,4024132;34,822932
سيدي بوزيد;م.إ.  الخرشف;0;260;مدرسة الخرشف 9129;56;نعم;9,492331;34,726566
سيدي بوزيد;م.إ.  السكبة;0;130;الرقاب 9170;57;نعم;9,8855;34,783089
سيدي بوزيد;م.إ.  ابن سينا;0;112;الفريجات اولاد حفوز;57;نعم;9,9746161;35,092672
سيدي بوزيد;م.إ.  بئر ادريس;0;70;اولاد منصر 9169;57;نعم;9,1713427;34,73655
سيدي بوزيد;م.إ. واد العكارمة (بوزيان);0;42;منزل بوزيان 9114;57;نعم;9,442904;34,731295
سيدي بوزيد;م.إ. هنشير الخدم;0;72;الرقاب 9170;58;نعم;9,818181;34,673489
سيدي بوزيد;م.إ.  الدمدوم;0;80;الدمدوم بن عون 9120;58;نعم;9,2496347;34,738725
سيدي بوزيد;م.إ.  الرقبة;0;31;اولاد منصر 9169;58;نعم;9,1080402;34,728725
سيدي بوزيد;م.إ.  أولاد العشى;0;97;اولاد منصر 9169;58;نعم;9,1290359;34,755884
سيدي بوزيد;م.إ.  القوادررية بن عون;0;84;اولاد منصر 9169;58;نعم;9,0464986;34,73832
سيدي بوزيد;م.إ.  سيدي خليفة(السعيدة);0;173;طريق اولاد الهاني كم 2 السعيدة 9115;58;نعم;9,930735;34,922999
سيدي بوزيد;م.إ.  زغمار;0;270;زغمار جلمة 9110;60;نعم;9,33284;35,401619
سيدي بوزيد;م.إ.  النصر- جلمة;0;240;النصر جلمة 9110;60;نعم;9,430569;35,430526
سيدي بوزيد;م.إ.  الدهيسة;0;102;الدهيسة جلمة9110;60;نعم;9,380355;35,392795
سيدي بوزيد;م.إ.  الرضاع;0;159;الرضاع 9174;60;نعم;9,878786;34,697503
سيدي بوزيد;م.إ.  الهدى;0;93;الرضاع 9174;60;نعم;9,895446;34,732436
سيدي بوزيد;م.إ.  السعايدية (السبالة);0;160;عمادة العيون السبالة;60;نعم;9,149401;35,282875
سيدي بوزيد;م.إ.  هنشير القريعات;0;25;بئر عمامة 9113;60;نعم;9,2531599;34,861723
سيدي بوزيد;م.إ.  الحفاصة;0;202;رحال 9123;60;نعم;9,378992;34,775871
سيدي بوزيد;م.إ.  السعيدة أولاد موسى;0;450;طريق صفاقس السعيدة 9115;60;نعم;9,950667;34,964171
سيدي بوزيد;م.إ.  الامتياز (الزباق);0;71;منزل بوزيان 9114;60;نعم;9,462559;34,742251
سيدي بوزيد;م.إ.  الحوية;0;377;الحوية جلمة 9110;61;نعم;9,369644;35,455058
سيدي بوزيد;م.إ.  أولاد الفالح;0;83;الرضاع 9174;62;نعم;9,860794;34,668406
سيدي بوزيد;م.إ.  قرية المبروكة;0;54;قرية المبروكة المكناسي;62;نعم;9,545181;34,643003
سيدي بوزيد;م.إ. أولاد ابراهيم;0;345;القرية بن عون 9120;62;نعم;8,9720178;34,782237
سيدي بوزيد;م.إ.  العهد الجديد;0;122;رحال 9113;62;نعم;9,3386543;35,190887
سيدي بوزيد;م.إ.  فوفي البعث;0;305;منزل بوزيان 9114;62;نعم;9,394878;34,713938
سيدي بوزيد;م.إ.  الحمروني;0;240;الحمروني جلمة 9110;63;نعم;9,454782;35,427241
سيدي بوزيد;م.إ.  أولاد بلقاسم;0;284;طريق صفاقسكم 24 الخشم 9173;63;نعم;9,971983;35,000328
سيدي بوزيد;م.إ.  قرية النصر;0;288;قرية النتصر المكناسي;64;نعم;9,515004;34,578569
سيدي بوزيد;م.إ.  القراوة;0;83;القراوة 1 بن عون 9120;64;نعم;9,2493666;34,829583
سيدي بوزيد;م.إ.  الرابطة -بئر الحفي;0;243;رحال 9123;64;نعم;9,3450671;34,777118
سيدي بوزيد;م.إ.  الخدمة;0;224;ورغة 9113;64;نعم;9,289752;34,775886
سيدي بوزيد;الأمل بئر الحفي;0;70;ورغة 9113;64;نعم;9,1928515;34,929417
سيدي بوزيد;م.إ.  أولاد الهاني;0;143;طريق اولاد الهاني السعيدة 9115;65;نعم;9,962065;34,897848
سيدي بوزيد;م.إ.  الصّفايا(السعيدة);0;274;طريق الصفايا كم 5 السعيدة 9115;65;نعم;9,908282;34,987092
سيدي بوزيد;م.إ.  الخرادنية(السعيدة);0;89;طريق الخردانية كم 5 السعيدة 9115;65;نعم;9,983832;34,944137
سيدي بوزيد;م.إ.  المالوسي;0;134;مدرسة المالوسي الخرشف 9129;65;نعم;9,437549;34,713441
سيدي بوزيد;م.إ.  الزوام;0;37;مدرسة الزوام الخرشف 9129;65;نعم;9,469542;34,696081
سيدي بوزيد;م.إ.  الخشم;0;300;طريق صفاقس كم 29 الخشم 9173;66;نعم;9,979148;35,026779
سيدي بوزيد;م.إ. الشوائحية;0;158;الشوايحية جلمة 9110;67;نعم;9,478419;35,460338
سيدي بوزيد;م.إ.  الغابة السوداء;0;231;طريق الغابة السوداء كم 5 السعيدة 9115;67;نعم;9,936619;35,001983
سيدي بوزيد;م.إ.  قرية الاعتزاز;0;162;منزل بوزيان 9114;67;نعم;9,472712;34,579021
سيدي بوزيد;م.إ.  بوشيحة 2;0;70;طريق اولاد عبيد كم 13 السعيدة 9115;68;نعم;9,815191;34,969866
سيدي بوزيد;م.إ.  الطواهرية (المكناسي);0;33;الطواهرية المكناسي;69;نعم;9,675217;34,732904
سيدي بوزيد;م.إ.  عين جفال;0;226;عين جفال جلمة 9110;70;نعم;9,252044;35,357109
سيدي بوزيد;م.إ.  العضلة;0;27;العضلة جلمة 9110;70;نعم;9,415571;35,405274
سيدي بوزيد;م.إ.  الكرمة;0;97;الكرمة المكناسي;70;نعم;9,747447;34,632846
سيدي بوزيد;م.إ.  الحاج بوعلي;0;158;طريق صفاقس كم 32 الخشم 9173;70;نعم;9,974887;35,048056
سيدي بوزيد;م.إ.  المشاشة;0;56;المش المكناسي;71;نعم;9,504977;34,505907
سيدي بوزيد;م.إ.  المش;0;39;المش المكناسي;71;نعم;9,541647;34,523368
سيدي بوزيد;م.إ.  بوشيحة;0;197;طريق اولاد عبيد كم 15 السعيدة 9115;72;نعم;9,86857;34,96546
سيدي بوزيد;م.إ.  الزوارع;0;32;الزوارع المكناسي;73;نعم;9,712199;34,701536
سيدي بوزيد;م.إ. المش الغربية;0;39;المش الغربية المكناسي;74;نعم;9,469589;34,513163
سيدي بوزيد;م.إ.  هنشير القلال;0;236;منزل بوزيا ن 9114;74;نعم;9,3503148;34,687344
سيدي بوزيد;م.إ.  عين مدور;0;98;عين مدور جلمة 9110;75;نعم;9,231424;35,360626
سيدي بوزيد;م.إ.  البراهمية;0;350;طريق البراهمية كم 3 الخشم 9173;75;نعم;9,954902;35,02514
سيدي بوزيد;م.إ.  الطاهر الحداد(السعيدة);0;181;طريق الربايعية كم 4 الخشم 91;75;نعم;9,950527;35,035903
سيدي بوزيد;م.إ.  النوامر;0;7;منزل بوزيان 9114;75;نعم;9,397088;34,581982
سيدي بوزيد;م.إ.  الغريس;0;53;الغريس المكناسي;76;نعم;9,818273;34,640907
سيدي بوزيد;م.إ.  النور;0;64;الغريس المكناسي;76;نعم;9,764269;34,665704
سيدي بوزيد;م.إ.  وادي العرعار;0;42;منزل بوزيان 9114;76;نعم;9,386101;34,554298
سيدي بوزيد;م.إ.  قرية العمران;0;40;منزل بوزيان 9114;77;نعم;9,3597048;34,568316
سيدي بوزيد;م.إ.  بئر العرعارية;0;59;منزل بوزيان 9114;79;نعم;9,387828;34,658529
سيدي بوزيد;م.إ.  عرادة;0;106;منزل بوزيان 9114;79;نعم;9,313841;34,686874
سيدي بوزيد;الرابطة - منزل بوزيان;0;20;منزل بوزيان 9114;79;نعم;9,35884;34,588063
سيدي بوزيد;م.إ.  دخلة هداج;0;180;منزل بوزيان 9114;80;نعم;9,5400521;34,431315
سيدي بوزيد;م.إ.  أولاد بن جدو;0;27;منزل بوزيان 9114;81;نعم;9,446466;34,629142
سيدي بوزيد;م.إ.  أولاد بوعزيز - منزل بوزيان;0;17; منزل بوزيان 9114;82;نعم;9,40559;34,896126
سيدي بوزيد;م.إ.  أولاد عمر - منزل بوزيان;0;59;منزل بوزيان 9114;84;نعم;9,419737;34,57247
سيدي بوزيد;م.إ.  الربائعية;0;56;منزل بوزيان 9114;84;نعم;9,51264;34,671656
سيدي بوزيد;م.إ. الطموح(بوزيان);0;8;منزل بوزيان 9114;85;نعم;9,3444901;34,521033
سيدي بوزيد;م.إ.  السعادة;0;34;منزل بوزيان 9114;86;نعم;9,482209;34,663374
سيدي بوزيد;م.إ. المعاذر (بوزيان);0;53;منزل بوزيان 9114;90;نعم;9,351813;34,632997
سيدي بوزيد;م.إ.  غدير الربايع;0;91;غدير الربايع المزونة;91;نعم;9,9266496;34,466938
سيدي بوزيد;م.إ.  هنشير الخيمة;0;120;الخيمة المزونة;91;نعم;9,9285848;34,570751
سيدي بوزيد;م.إ.  الديايرية;0;43;الديارية طريق المكناسي المزونة;91;نعم;9,7900068;34,604287
سيدي بوزيد;م.إ.  القزقازية;0;143;القزقازية المزونة;92;نعم;9,873684;34,472725
سيدي بوزيد;م.إ. الغريس الشرقية;0;54;الغريس المزونة;93;نعم;9,8729788;34,63261
سيدي بوزيد;العهد الجديد المزونة;0;113;اولاد دلالة طريق الفوني;93;نعم;9,3386543;35,190887
سيدي بوزيد;أولا دعمر المزونة;0;130;الدوارة المزونة;94;نعم;9,535946;34,950815
سيدي بوزيد;م.إ.  الزعائرية;0;40;منزل بوزيان 9114;95;نعم;9,313339;34,613705
سيدي بوزيد;م.إ.  فوفي السند;0;11;منزل بوزيان 9114;96;نعم;9,277542;34,583327
سيدي بوزيد;م.إ.  فرجان;0;128;فرجان المزونة;98;نعم;9,7727172;34,479165
سيدي بوزيد;م.إ.  واد الدم;0;67;الدوارة المزونة;98;نعم;9,7307508;34,533094
سيدي بوزيد;م.إ. فرفار;0;80;فرفار المزونة;99;نعم;9,7382409;34,452908
سيدي بوزيد;(المزونة)  م,إ  2مارس1934 ;0;102;طريق الفوني المزونة;100;نعم;9,9829485;34,508121
سيدي بوزيد;م.إ.  الفوني;0;72;الفوني المزونة;102;نعم;10,015903;34,508294
سيدي بوزيد;م.إ. البوع;0;200;البوع المزونة;106;نعم;9,7182999;34,480639
سيدي بوزيد;م.إ. البوع 2;0;270;البوع  المزونة;106;نعم;9,700728;34,482506
سيدي بوزيد;م.إ. القوارص;0;139;القوارص المزونة;110;نعم;9,6491601;34,433789
سيدي بوزيد;م.إ.  هداج;0;74;بوهدمة المزونة;116;نعم;9,5400521;34,431315
سيدي بوزيد;م.إ.  بوهدمة;0;234;بوهدمة المزونة;116;نعم;9,5851676;34,441603
سيدي بوزيد;م.إ. هداج 2;0;47;هداج المزونة;116;نعم;9,5265295;34,403041
سيدي بوزيد;م.إ.  طلح المراقب;0;55;الطلح المزونة;118;نعم;9,6107233;34,401154
سيدي بوزيد;م.إ.  طلح الخبنة;0;121;الخبنة المزونة;124;نعم;9,5748481;34,353726
تونس 2;م.إ.  برج شاكير;0;88;نهج الغابة 1095 سيدي حسين تونس;0;نعم;10,07670802;36,76433717
تونس 2;م.إ.  الجيارة 2;0;196;سيدي حسين 1095 تونس;1;نعم;10,088395;36,767754
تونس 2;م.إ. غدير القلة;0;72;طريق الكاف كلم 10 العقبة 1110 الحرارية;3;نعم;10,053083;36,779258
تونس 2;م.إ.  العطار;0;78;طريق المرناقية 1095 سيدي حسين;4;نعم;10,068868;36,732479
تونس 2;م.إ.  السيجومي;0;84;حي بالتومي كام 4 طريق فوشانة سيدي حسين;4;نعم;10,117184;36,754737
تونس 2;م.إ.  مغيره انزال;0;62;طريق فوشانة 1095 سيدي حسين;8;نعم;10,14280051;36,7102938
تونس 2;النجاح الملاسين;0;100;نهج 41781 حي هلال 2072 الملاسين;8;نعم;10,1619;36,790653
تونس 2;م.إ.  حي الزياتين 2;0;90;نهج السوق حي الزياتين 1005 العمران;10;نعم;10,158435;36,819811
أريانة;م.إ.  برج يوسف;146;146;قلعة الأندلس برج يوسف 2032;27;لا;10,098761;36,943964
أريانة;م.إ.  بوحنش;224;224;قلعة الأندلس بوحنش 2081;28;لا;10,135432;36,97341
أريانة;م.إ.  حدائق المنيهلة;92;92;المنيهلة ;31;لا;10,143339;36,873195
أريانة;م.إ.  الجباس;167;167;سيدي ثابت الجباس;33;لا;10,082203;36,888082
أريانة;م.إ.  البكري سبالة بن عمار;390;390;سيدي ثابت;33;لا;10,104169;36,910917
أريانة;م.إ.  سبالة بن عمار;249;249;سيدي ثابت 2032;34;نعم;10,109766;36,894525
أريانة;م.ا.سيدي ثابت 2;271;271;سيدي ثابت 2;43;لا;10,026376;36,896313
تونس 1;م.إ.  نهج كتاب الوزير;0;80;باب الجزيرة تونس;24;نعم;10,174021;36,796852
تونس 1;م.إ.  حي النور 1;0;92;حي النور الكبارية;22;نعم;10,203457;36,748363
تونس 1;حي النور 2 الكبارية;0;92;حي النور 2 الكبارية;22;نعم;10,201324;36,751854
تونس 1;م.إ.  نهج كرباكة مونفلوري;0;190;نهج الساحل;20;نعم;10,17423;36,782731
تونس 1;حي هلال2;0;150;حي هلال;20;نعم;10,169824;36,778387
تونس 1;م.إ.  حي محمد علي الوردية;0;160;الوردية;19;نعم;10,185852;36,767717
تطاوين;م.ا.وادي بياش;0;60;م.ا.وادي بياش تطاوين الجنوبية;3;نعم;;
تطاوين;م.ا. غرغار ;0;150;م.ا. غرغار تطاوين الجنوبية;4,5;نعم;10,419345;32,91639
تطاوين;م.ا.ابن خلدون;0;170;م.ا.ابن خلدون تطاوين الشمالية;7;نعم;10,442193;32,911644
تطاوين;م.ا.الرجاء;0;101;م.ا.الرجاء تطاوين الجنوبية;8;نعم;10,46676;32,922775
تطاوين;م.ا.تمزوت;0;123;م.ا.تمزوت تطاوين الشمالية;10;نعم;10,385776;32,882342
تطاوين;م.ا.الفرش الجنوبية;0;78;م.ا.الفرش الجنوبية تطاوين الجنوبية;10;نعم;10,471975;32,935063
تطاوين;م.ا. قصر اولاد دباب;0;115;م.ا. قصر اولاد دباب تطاوين الجنوبية;10;نعم;10,369859;32,953928
تطاوين;م.ا.المزطورية الشمالية;0;80;م.ا.المزطورية الشمالية;11;نعم;10,382526;32,873789
تطاوين;م.ا. المزطورية الجنوبية;0;210;م.ا. المزطورية الجنوبية تطاوين الجنوبية;11;نعم;10,474599;32,864152
تطاوين;م.ا.الفرش الشمالية;0;112;م.ا. الفرش الشمالية غمراسن;12;نعم;10,475582;32,847862
تطاوين;م.ا.تونكت;0;128;م.ا. تونكت تطاوين الجنوبية;13;نعم;10,3484;32,976121
تطاوين;م.ا.قطوفة;0;20;م.ا.قطوفة تطاوين الشمالية;13;نعم;10,485135;32,875144
تطاوين;م.ا.بني بلال الجديدة;0;64;م.ا.بني بلال الجديدة تطاوين الشمالية;13;نعم;10,525793;32,902802
تطاوين;م.ا.وادي الغار;0;84;م.ا.وادي الغار تطاوين الشمالية;15;نعم;10,532354;32,888275
تطاوين;م.ا.قصر المرابطين;0;18;م.ا. قصر المرابطين غمراسن;16;نعم;10,547304;32,986226
تطاوين;م.ا.الحرية;0;31;م.ا.الحرية غمراسن;17;نعم;10,384992;33,026028
تطاوين;م.ا.المظيلة;0;26;م.ا. المظيلة غمراسن;17;نعم;10,40885;33,053897
تطاوين;م.ا.حي السالمي;0;18;م.ا.حي السالمي غمراسن;17;نعم;10,336788;33,016936
تطاوين;م.ا.بني بلال القديمة;0;39;م.ا.بني بلال القديمةتطاوين الشمالية;17;نعم;10,439392;33,03131
تطاوين;م.ا. القطار ;0;50;م.ا. القطار تطاوين الشمالية;18;نعم;10,530739;32,920959
تطاوين;م.ا.غمادي;0;31;م.ا.غمادي تطاوين شمالية;18;نعم;10,559035;32,906285
تطاوين;م.ا.تلات;0;186;م.ا.تلالت تطاوين الشمالية;20;نعم;10,632448;32,886217
تطاوين;م.ا.تملست;0;52;م.ا.تملست تطاوين الشمالية;21;نعم;10,386266;32,98463
تطاوين;م.ا. بن جدو ;0;32;م.ا. بن جدو تطاوين الشمالية;22;نعم;10,471831;32,791125
تطاوين;م.ا.الزهرة;0;272;م.ا.الزهرة  تطاوين الشمالية;22;نعم;10,496669;32,772104
تطاوين;م.ا.الزهرة الجديدة;0;120;م.ا.الزهرة الجديدة تطاوين الشمالية;23;نعم;10,565117;32,817148
تطاوين;م.ا.بني يخزر;0;30;م.ا.بني يخزر تطاوين الشمالية;24;نعم;10,622831;32,827905
تطاوين;م.ا.شنني الجديدة;0;49;م.ا.الابتدائية شنني الجديدة تطاوين الجنوبية;25;نعم;10,568113;32,847128
تطاوين;م.ا.الزدلفة ;0;60;م.ا.الزدلفة غمراسن;25;نعم;10,279466;32,91312
تطاوين;م.ا.وادي قراقر;0;15;م.ا.وادي قراقر بئر لحمر;25;نعم;10,320427;33,055983
تطاوين;م.ا.قريميسة;0;22;م.ا.قريميسة تطاوين الشمالية;27;نعم;10,409646;33,121933
تطاوين;م.ا. شنني القديمة ;0;35;م.ا. شنني القديمة تطاوين الجنوبية;27;نعم;10,571141;32,795399
تطاوين;م.ا.قصر اولاد بوبكر;0;103;م.ا.قصر اولاد بوبكر بئر لحمر;30;نعم;10,260119;32,910742
تطاوين;م.ا.قصر اولاد سلطان ;0;157;م.ا.قصر اولاد سلطان تطاوين الشمالية;30;نعم;10,449979;33,148767
تطاوين;م.ا.معاند;0;55;م.ا.معاند تطاوين الشمالية;30;نعم;10,518092;32,790411
تطاوين;م.ا. الدويرات;0;35;م.ا. الدويرات تطاوين الجنوبية;30;نعم;10,530722;32,823866
تطاوين;م.ا. بئر ثلاثين ;0;70;م.ا. بئر ثلاثين تطاوين الجنوبية;30;نعم;10,287425;32,858275
تطاوين;م.ا.الحدادة;0;100;م.ا.الحدادة غمراسن;32;نعم;10,330461;32,695014
تطاوين;م.ا.مغيط;0;44;م.ا.مغيط تطاوين الشمالية;32;نعم;10,313548;33,098826
تطاوين;م.ا.المعونة;0;26;م.ا.المعونة تطاوين الشمالية;32;نعم;10,535677;32,773993
تطاوين;م.ا.الحشانة;0;211;م.ا.الحشانة تطاوين الشمالية;32;نعم;10,696745;33,02517
تطاوين;م.ا.العرقوب;0;16;م.ا.العرقوب بئر لحمر;33;نعم;10,640669;32,851321
تطاوين;م.ا.رمثة;0;144;م.ا.رمثة تطاوين الشمالية;33;نعم;10,357219;33,110134
تطاوين;م.ا.قصر بحير;0;11;م.ا.قصر بحير تطاوين الشمالية;34;نعم;10,477651;32,734983
تطاوين;م.ا.ودي العرفج;0;16;م.ا.ودي العرفج بئر لحمر;35;نعم;10,662426;32,970314
تطاوين;م.ا.السعادة;0;77;م.ا.السعادة تطاوين الشمالية;35;نعم;10,479862;33,178166
تطاوين;م.ا.القابل;0;13;م.ا.القابل تطاوين الشمالية;35;نعم;10,675691;32,802934
تطاوين;م.ا. رأس الوادي ;0;16;م.ا. رأس الوادي تطاوين الجنوبية;35;نعم;10,558325;32,776497
تطاوين;م.ا.الجديدة;0;60;م.ا.الجديدة تطاوين الشمالية;36;نعم;10,257373;32,769573
تطاوين;م.ا. بني مهيرة;0;276;م.ا. بني مهيرة معتمدية بني مهيرة;39;نعم;10,569739;32,817198
تطاوين;م.ا.وادي الخيل ;0;59;م.ا.وادي الخيل  غمراسن;40;نعم;10,821791;32,870837
تطاوين;م.ا. كرشاو;0;320;م.ا. كرشاو تطاوين الشمالية;42;نعم;10,350303;33,161945
تطاوين;م.ا. بني مهيرة الجديدة;0;202;م.ا. بني مهيرة الجديدة معتمدية بني مهيرة;45;نعم;10,794904;33,031939
تطاوين;م.ا.بني احمد ;0;12;م.ا.بني احمد تطاوين الشمالية;47;نعم;10,81302;32,861261
تطاوين;م.ا.لبيطن;0;64;م.ا.لبيطن تطاوين الشمالية;47;نعم;10,758514;32,928422
تطاوين;م.ا. قلب الرخم;0;27;م.ا. قلب الرخم الصمار;51;نعم;10,6707;32,774654
تطاوين;م.ا. راس الوادي;0;66;م.ا. راس الوادي معتمدية بني مهيرة;57;نعم;10,760081;32,97637
تطاوين;م.ا.بئر عمير;0;43;م.ا.بئير عمير رمادة;58;نعم;10,795313;32,904459
تطاوين;م.ا. الغرياني;0;68;م.ا. الغرياني  الصمار;58;نعم;10,150158;32,60173
تطاوين;م.ا. الرهاش;0;10;م.ا. الرهاش معتمدية بني مهيرة;61;نعم;10,906868;32,998818
تطاوين;م.ا. المرة;0;35;م.ا. المرة معتمدية بني مهيرة;63;نعم;10,826199;32,91791
تطاوين;م.ا. قرعات هلال;0;37;م.ا. قرعات هلال معتمدية بني مهيرة;70;نعم;11,094482;32,814887
تطاوين;م.ا.البشير النبهاني;0;205;م.ا.البشير النبهاني رمادة;82;نعم;11,037688;32,795767
تطاوين;م.ا.2مارس 1934 رمادة;0;146;م.ا.2مارس رمادة;82;نعم;10,395913;32,314612
تطاوين;م.ا. الطاهر بوضرع;0;181;م.ا.الطاهر بوضرع ذهيبة;83;نعم;10,401087;32,319504
تطاوين;م.ا.كمبوت;0;42;م.ا.كمبوت رمادة;84;نعم;10,390042;32,31581
تطاوين;م.ا.العشوش;0;52;م.ا.العشوش رمادة;94;نعم;10,308378;32,298191
تطاوين;م.ا.نكريف;0;86;م.ا.نكريف رمادة;98;نعم;10,374342;32,356151
تطاوين;م.ا.برج بورقيبة;0;13;م.ا.برج بورقيبة رمادة;120;نعم;10,469109;32,187898
تطاوين;م.ا.2مارس 1934 ذهيبة;0;218;م.ا.2مارس ذهيبة;122;نعم;10,0308;32,207699
تطاوين;م.ا.ذهيبة الغربية;0;172;م.ا.ذهيبة الغربية ذهيبة;122;نعم;10,701564;32,00884
تطاوين;م.ا.مغني ;0;22;م.ا.مغني رمادة;125;نعم;10,691562;32,012437
جندوبة;الطواهرية;0;146;الطواهرية جندوبة الشمالية;7;نعم;8,793892;36,532922
جندوبة;الرشاد;0;84;الرشاد جندوبة الجنوبية;4;نعم;8,817898;36,484692
جندوبة;الجريف القبلي;0;67;عين الكريمة جندوبة الجنوبية;6;نعم;8,709;36,446
جندوبة;الصوالة;0;65;الصوالة جندوبة الشمالية;10;نعم;8,741131;36,534718
جندوبة;معلى;0;46;معلى جندوبة الجنوبية;10;نعم;8,809911;36,435406
جندوبة;العزيمة;0;117;العزيمة جندوبة الجنوبية;11;نعم;8,880893;36,551688
جندوبة;سيدي الهميسي;0;152;سيدي الهميسي جندوبة الجنوبية;11;نعم;8,838289;36,453622
جندوبة;الشافعي;0;120;الشافعي جندوبة الشمالية;13;نعم;8,721677;36,549488
جندوبة;عين الكريمة;0;119;عين الكريمة جندوبة الجنوبية;13;نعم;8,868581;36,435996
جندوبة;الطرايدية;0;151;الطرايدية جندوبة الجنوبية;14;نعم;8,857506;36,481332
جندوبة;عين المطوية;0;95;عين المطوية جندوبة الشمالية;15;نعم;8,655194;36,544962
جندوبة;الصرى;0;46;الصرى غار الدماء;45;نعم;8,485418046;36,38684619
جندوبة;حكيم;0;127;حكيم وادي مليز;18;نعم;8,6097;36,45962
جندوبة;سطفورة;0;196;سطفورة جندوبة الشمالية;19;نعم;8,681335;36,559554
جندوبة;عين القصير;0;115;عين القصير جندوبة الشمالية;20;نعم;8,592169;36,512707
جندوبة;عين الخراريب;0;86;عين الخراريب جندوبة الشمالية;20;نعم;8,611812;36,540297
جندوبة;البئر الأخضر بوسالم;0;230;عمدون;20;نعم;8,9589957;36,594297
جندوبة;سيدي عبيد بوسالم;0;108;عمدون;20;نعم;8,9668221;36,493645
جندوبة;سوق الجمعة;0;243;سوق الجمعة جندوبة الشمالية;22;نعم;8,5991407;36,579189
جندوبة;نهج البريد;0;277;نهج البريد وادي مليز;22;نعم;8,549534;36,468299
جندوبة;عين ام هاني;0;150;عين ام هاني وادي مليز;22;نعم;8,623849;36,429714
جندوبة;عتاب;0;113;عتاب جندوبة الشمالية;23;نعم;8,643411;36,561049
جندوبة;السمايتية;0;128;عمادة السمايتية فرنانة;24;نعم;8,755573;36,614678
جندوبة;الزاوية;0;48;بلدية فرنانة;25;نعم;8,68066;36,679701
جندوبة;بوقصّة;0;37;بوقصّة وادي مليز;25;نعم;8,576663;36,430628
جندوبة;الشتايتية;0;126;بلدية الجواددة فرنانة;26;نعم;8,647603;36,647898
جندوبة;عرقوب الريحان;0;75;بلدية فرنانة;26;نعم;8,734433;36,659482
جندوبة;جنتورة;0;262;بلدية فرنانة;27;نعم;8,720527;36,689378
جندوبة;أم علية;0;194;بلدية فرنانة;27;نعم;8,665034;36,630552
جندوبة;سيدي سعيد;0;232; سيدي سعيد بلدية الجواددة فرنانة;28;نعم;8,573168;36,629904
جندوبة;الجلايليّة;0;37;الجلايليّة وادي مليز;29;نعم;8,541892;36,501533
جندوبة;عين الزانة;0;110;عين الزانة جندوبة الشمالية;30;نعم;8,544407;36,59248
جندوبة;مركز الكدية;0;126;بوسالم;30;نعم;8,9947752;36,542209
جندوبة;عبّاسة;0;79;عبّاسة وادي مليز;30;نعم;8,541693;36,530417
جندوبة;فج حسين الغابة;0;45;فج حسين الغابة  غار الدماء;30;نعم;8,432596874;36,37540662
جندوبة;البلدية;0;277;عمدون;31;نعم;8,89082;36,671593
جندوبة;التوايتية;0;109;عمدون;31;نعم;8,953085;36,69146
جندوبة;الخزان;0;75;بلدية بني مطير;31;نعم;8,738302;36,687802
جندوبة;احواض القرع;0;49;احواض القرع جندوبة الشمالية;32;نعم;8,522766;36,574727
جندوبة;حوال الوادي بوسالم;0;77;عمدون;32;نعم;9,031892;36,525771
جندوبة;منجم بوعوان;0;128;بلطة بوعون;32;نعم;9,00177;36,69472
جندوبة;الشعيبة;0;129;عمادة سيدي سعيد فرنانة;32;نعم;8,752011168;36,59602267
جندوبة;عين البية;0;262;عين البية فرنانة;32;نعم;8,611926905;36,65789024
جندوبة;هذيل;0;100;بلدية الجواددة فرنانة;32;نعم;8,570784;36,667119
جندوبة;سيدي عماّر;0;100;بلدية فرنانة;32;نعم;8,775146687;36,62425187
جندوبة;المراغمة;0;71;المراغمة وادي مليز;32;نعم;8,514881;36,404639
جندوبة;العواوضة;0;150;عمدون;33;نعم;8,923524;36,695314
جندوبة;العمل بالقنّة;0;146;بلدية فرنانة;34;نعم;8,625447;36,683294
جندوبة;علي الجندلي;0;189;علي الجندلي جندوبة الشمالية;38;نعم;8,5514;36,554174
جندوبة;عبد الجبار;0;128;عمدون;35;نعم;8,983127;36,710653
جندوبة;الثريات;0;71;عمدون;36;نعم;8,825616;36,650837
جندوبة;عين الشرشارة;0;104;بلدية الجواددة فرنانة;36;نعم;8,578759;36,684929
جندوبة;الشواولة;0;144;عمدون;37;نعم;8,83107;36,702755
جندوبة;الرميلة;0;281;بلدية فرنانة;37;نعم;8,637721752;36,60920925
جندوبة;بني مطير;0;42;بلدية بني مطير;37;نعم;8,7341425;36,738952
جندوبة;الدزيرة;0;90;عمدون;38;نعم;9,019353;36,476699
جندوبة;مجاز الشرف;0;150;عمدون;38;نعم;9,054446;36,586559
جندوبة;اولاد حسن;0;42;عمدون;38;نعم;8,984337;36,738002
جندوبة;عين الحاج;0;75;عمدون;38;نعم;8,929486;36,719168
جندوبة;الخليفات;0;45;عمدون;38;نعم;8,84375;36,666507
جندوبة;بني امحمد;0;47;عمدون;39;نعم;8,92949;36,758619
جندوبة;الحمّام بو عوّان;0;40;عمدون;39;نعم;;
جندوبة;الفروحة;0;98;بلدية بني مطير;39;نعم;8,783497;36,699609
جندوبة;شيبة;0;194;بلدية الجواددة فرنانة;39;نعم;8,521135;36,638895
جندوبة;بغورة;0;96;عمدون;40;نعم;8,784653;36,646495
جندوبة;بوحلاب;0;196;بلدية الجواددة فرنانة;40;نعم;8,529967;36,677694
جندوبة;عين حراث;0;44;بلدية الجواددة فرنانة;40;نعم;8,501;36,685
جندوبة;بولعابة;0;137;عمدون;42;نعم;8,846152;36,618822
جندوبة;المريج;0;45;المريج;42;نعم;8,68192818;36,74764552
جندوبة;المعاليم;0;51;بلدية الجواددة فرنانة;42;نعم;8,572613;36,71348
جندوبة;سد بو هرتمة;0;137;بلدية فرنانة;43;نعم;8,782439599;36,67306106
جندوبة;الازدهار الجواودة;0;252;بلدية الجواددة فرنانة;43;نعم;8,5405422;36,682765
جندوبة;النجاح ام البشنة;0;110;بلدية فرنانة;43;نعم;8,597692;36,713663
جندوبة;العلايق;0;176;بلدية فرنانة;43;نعم;8,56251;36,650956
جندوبة;البطاح;0;314;بلدية فرنانة;43;نعم;8,494224;36,661084
جندوبة;ميسوة;0;48;ميسوة غار الدماء;45;نعم;8,361208316;36,54480451
جندوبة;عين فضة;0;58;عمدون;44;نعم;8,902713;36,739559
جندوبة;الحمر;0;215;بلدية فرنانة;44;نعم;8,534602;36,617685
جندوبة;سد كساب;0;24;عمدون;45;نعم;9,009373;36,755778
جندوبة;اولاد سعيدان;0;145;عمدون;45;نعم;8,866216;36,694419
جندوبة;النصايبية;0;26;عمدون;45;نعم;8,898979;36,758427
جندوبة;الدورة;0;180;الدورة غار الدماء;42;نعم;8,478947402;36,48115974
جندوبة;فج الشحارير;0;64;فج الشحارير عين دراهم;46;نعم;8,6913771;36,787799
جندوبة;امحمد لزرق;0;49;امحمد لزرق غار الدماء;46;نعم;8,473025469;36,41442178
جندوبة;سيدي عبد الله;0;79;عمدون;48;نعم;8,880515;36,636378
جندوبة;عين البيضة;0;41;عين البيضة;48;نعم;8,666711686;36,76412155
جندوبة;جربنة;0;45;عمدون;50;نعم;8,958837;36,75276
جندوبة;ريغة;0;71;عمدون;50;نعم;8,802223;36,66846
جندوبة;ببوش;0;135;ببوش;50;نعم;8,677721942;36,80320198
جندوبة;الخنقة;0;47;الخنقة غار الدماء;46;نعم;8,381899735;36,52338028
جندوبة;اولاد هلال;0;43;اولاد هلال;51;نعم;8,627353184;36,71394082
جندوبة;اولاد عريض;0;39;اولاد عريض;52;نعم;8,650795618;36,74178166
جندوبة;حليمة;0;244;بلدية الجواددة فرنانة;52;نعم;8,481016;36,652485
جندوبة;الحوش حليمة;0;258;بلدية الجواددة فرنانة;54;نعم;8,490325005;36,61137058
جندوبة;التباينية;0;97;التباينية;55;نعم;8,7677729;36,776044
جندوبة;صرى رابح;0;89;الحبيب الرويعي;57;نعم;8,7484003;36,795743
جندوبة;فج حسين;0;43;فج حسين غار الدماء;43;نعم;8,424086;36,396145
جندوبة;السلاطنية;0;48;السلاطنية غار الدماء;49;نعم;8,479204518;36,55897695
جندوبة;الخذايرية;0;360;مدرسة الخذايرية منطقة الريحان جاب الله;60;نعم;8,745;36,892
جندوبة;سيدي امحمد;0;59;سيدي امحمد;60;نعم;8,7246692;36,835171
جندوبة;ارض الكاف;0;14;ارض الكاف;60;نعم;8,631916926;36,77692676
جندوبة;مركز جاء بالله;0;83;مدرسة جاء الله بمنطقة الريحان جاب الله;61;نعم;8,746184208;36,89962254
جندوبة;السلايمية;0;269;مدرسة السلايمية منطقة السلامية طبرقة;62;نعم;8,7687778;36,907139
جندوبة;الفجّة;0;64;مدرسة الفجة منطقة الفجة طبرقة;63;نعم;8,743755362;36,90926724
جندوبة;حمام بورقيبة;0;220;حمام بورقيبة;63;نعم;8,588891278;36,76281461
جندوبة;اولاد سدرة;0;57;اولاد سدرة;63;نعم;8,6809653;36,863483
جندوبة;سيدي يوسف;0;48;سيدي يوسف;63;نعم;8,800587444;36,74733892
جندوبة;وادي الزان;0;33;وادي الزان;65;نعم;8,8368023;36,824854
جندوبة;عين الحمراية;0;21;الحمران;66;نعم;8,847287242;36,77508859
جندوبة;عديسة;0;23;عديسة;66;نعم;8,599113882;36,74695776
جندوبة;بحيرة الزيتونة;0;128;بحيرة الزيتونة;67;نعم;8,546366441;36,76495264
جندوبة;دار فاطمة;0;67;دار فاطمة;67;نعم;8,772559299;36,81542891
جندوبة;الرحيم;0;45;الرحيم غار الدماء;49;نعم;8,329830236;36,46897606
جندوبة;ملولة;0;146;مدرسة ملولة منطقة ملولة الحدود الجزائرية;72;نعم;8,712047622;36,95019194
جندوبة;الرويعي;0;57;الرويعي;72;نعم;8,523172799;36,76665975
جندوبة;الحبيب الرويعي;0;113;الحبيب الرويعي;72;نعم;8,523172799;36,76665975
جندوبة;القرافة;0;65;القرافة;72;نعم;8,616759298;36,73983446
جندوبة;بو نايل;0;56;بو نايل;73;نعم;8,907;36,792
جندوبة;اولاد خميسة;0;124;اولاد خميسة;74;نعم;8,486708598;36,7460904
جندوبة;مشراوة;0;129;مشراوة;74;نعم;;
جندوبة;السواقي;0;41;مدرسة السواقي منطقة السواقي طريق سبع مشايخ;75;نعم;8,82804519;36,86751296
جندوبة;بوترفس;0;400;مدرسة بوترفس طريق تونس;77;نعم;8,8570976;36,954083
جندوبة;الزويتينة;0;63;الزويتينة;77;نعم;;
جندوبة;عين الصبح;0;142;مدرسة عين الصبح طريق تونس;80;نعم;8,91901197;36,95800909
جندوبة;جبل الابيض;0;79;مدرسة جبل الأبيض منطقة الوراهنية;80;نعم;8,825927693;36,89292971
جندوبة;سيدي عسكر;0;63;مدرسة سيدي عسكر طريق سبع مشايخ;82;نعم;8,900818818;36,89354087
جندوبة;اولاد ضيف الله;0;198;اولاد ضيف الله;82;نعم;8,5404937;36,74588
جندوبة;العقيبة;0;37;مدرسة العقيبة طريق سبع مشايخ;85;نعم;8,899228017;36,93076763
جندوبة;الحوش القلعة;0;52;الحوش القلعةغار الدماء;50;نعم;8,46719507;36,58969688
جندوبة;18جانفي الحمام;0;55;مدرسة الحمام طريق عين الدراهم دار فاطمة;87;نعم;8,80114042;36,85975974
جندوبة;سيدي روين;0;161;مدرسة سيدي روين طريق سبع مشايخ;90;نعم;8,943580963;36,84609033
جندوبة;عين جابر;0;50;عين جابر غار الدماء;46;نعم;8,406109036;36,54813255
جندوبة;البلدة;0;48;البلدة غار الدماء;58;نعم;8,50057153;36,54713083
جندوبة;وادى معدن;0;53;وادى معدن غار الدماء;50;نعم;8,433611165;36,5625051
جندوبة;العيون;0;42;العيون غار الدماء;43;نعم;8,367841018;36,49218501
جندوبة;التغزاز;0;83;مدرسة التغزاز منطقة التغزاز طريق سبع مشايخ;100;نعم;8,9758078;36,896059
جندوبة;عين سلطان;0;49;عين سلطان غار الدماء;48;نعم;8,335979;36,526302
جندوبة;عين السنوسي;0;51;مدرسة عين السنوسي طريق عين دراهم تونس;105;نعم;8,918526161;36,81948603
جندوبة;سيدي قويدر;0;64;مدرسة سيدي قويدر طريق سبع مشايخ;105;نعم;8,892150146;36,8578037
جندوبة;سيدي رمضان;0;29;مدرسة سيدي رمضان طريق سبع مشايخ;110;نعم;8,943580963;36,84609033
جندوبة;اولاد حريز;0;39;اولاد حريزغار الدماء;39;نعم;8,401824881;36,44960299
جندوبة;القحاميص;0;65;القحاميص غار الدماء;72;نعم;8,226;36,485
جندوبة;الفرش;0;47;مدرسة الفرش طريق سبع مشايخ;115;نعم;8,97268;36,855257
جندوبة;حمام الصرية;0;46;حمام الصرية غار الدماء;50;نعم;8,305205609;36,46485951
جندوبة;بوريحان;0;68;بوريحان غار الدماء;70;نعم;8,209694118;36,46109902
جندوبة;الطارف;0;45;الطارف غار الدماء;46;نعم;8,420179611;36,4971549
جندوبة;الموخر;0;68;الموخر غار الدماء;75;نعم;8,18332931;36,49843077
جندوبة;الغرة;0;58;الغرة غار الدماء;63;نعم;8,419773068;36,59546131
جندوبة;البياضة;0;65;البياضة غار الدماء;75;نعم;8,178651657;36,4701373
جندوبة;كاف النسور;0;53;كاف النسور غار الدماء;55;نعم;8,379966467;36,56775679
جندوبة;اولاد علي;0;41;اولاد علي غار الدماء;47;نعم;;
جندوبة;الزرايبة;0;40;الزرايبة غار الدماء;43;نعم;;
جندوبة;عرقوب الصابون;0;66;عرقوب الصابون غار الدماء;70;نعم;8,218118544;36,48919124
جندوبة;حي النهوض;0;34;حي النهوض غار الدماء;36;نعم;8,433355673;36,44380857
جندوبة;الصرية;0;65;الصرية غار الدماء;67;نعم;8,305205609;36,46485951
جندوبة;سيدي بلقاسم;0;42;سيدي بلقاسم غار الدماء;45;نعم;8,469838702;36,52603904
مدنين;2مارس سيدي مخلوف;0;240;2مارس سيدي مخلوف;0,5;نعم;10,480957;33,506868
مدنين;دروج الشرقية;0;72;دروج الشرقية;2;نعم;10,467444;33,534424
مدنين;الدروج الغربية;0;82;الدروج الغربية;3,5;نعم;10,730982;33,687959
مدنين;بدوي;0;35;بدوي;4;نعم;10,542135;33,498267
مدنين;9أفريل سيدي مخلوف;0;44;9أفريل سيدي مخلوف;4;نعم;10,493042;33,549928
مدنين;راس وادي دروج;0;53;راس وادي دروج;4,5;نعم;10,443256;33,487634
مدنين;الراقوبة الشرقية;0;160;الراقوبة الشرقية;5;نعم;10,43486;33,457117
مدنين;القصبة الشرقية;0;192;القصبة الشرقية;5;نعم;10,415074;33,521248
مدنين;القصبات;0;147;القصبات;7;نعم;10,401466;33,514309
مدنين;الغباي;0;89;الغباي;8;نعم;10,467973;33,43545
مدنين;ابن سينا سيدي مخلوف;0;80;ابن سينا سيدي مخلوف;9;نعم;10,506487;33,425247
مدنين;الراقوبة الغربية;0;95;الراقوبة الغربية;10;نعم;10,409606;33,450424
مدنين;البياز;0;54;البياز;10;نعم;10,458089;33,414567
مدنين;وادي موسى;0;90;وادي موسى;11;نعم;10,384964;33,481552
مدنين;راس وادي الغباي;0;18;راس وادي الغباي;11;نعم;10,467973;33,43545
مدنين;كوتين;0;106;كوتين;12;نعم;10,372988;33,459456
مدنين;البريكات;0;21;البريكات;12;نعم;10,414762;33,474588
مدنين;عمرة الجديدة;0;170;عمرة الجديدة;13;نعم;10,565832;33,431168
مدنين;عمرة القديمة;0;164;عمرة القديمة;13;نعم;10,531711;33,402805
مدنين;شعبة صالي;0;60;شعبة صالي;14;نعم;10,293506;33,233802
مدنين;القرين;0;75;القرين;15;نعم;10,515698;33,61429
مدنين;الحرية بوغرارة;0;40;الحرية بوغرارة;16;نعم;10,678535;33,5391
مدنين;السمار;0;94;السمار;17;نعم;10,608836;33,414318
مدنين;الفرجانية;0;83;الفرجانية;17;نعم;10,620884;33,439076
مدنين;حسي الجليدي;0;60;حسي الجليدي;17;نعم;10,587406;33,359504
مدنين;الصعدان;0;43;الصعدان;17;نعم;10,617111;33,46988
مدنين;حسي مدنين;0;80;حسي مدنين;18;نعم;10,469329;33,356872
مدنين;قرار بن مغلية;0;53;قرار بن مغلية;18;نعم;10,587451;33,378614
مدنين;الرويس;0;78;الرويس;18;نعم;10,24509;33,255392
مدنين;قرار بوغرارة;0;16;قرار بوغرارة;19;نعم;10,678535;33,5391
مدنين;علامات المشلوش;0;17;علامات المشلوش;19;نعم;10,3275058;33,395996
مدنين;راس بورملي;0;7;راس بورملي;19;نعم;10,373098;33,459426
مدنين;حسي عمر ;0;196;حسي عمر ;20;نعم;10,61842;33,363398
مدنين;الدارغولية;0;140;الدارغولية;20;نعم;10,639328;33,39129
مدنين;الحلفاوي;0;59;الحلفاوي;20;نعم;10,651935;33,599618
مدنين;أم حسن;0;13;أم حسن;20;نعم;10,581557;33,617537
مدنين;حي النصر;0;180;حي النصر;20,5;نعم;10,506706;33,339183
مدنين;العياطي;0;100;العياطي;21;نعم;10,716992;33,622006
مدنين;حي هلال;0;27;حي هلال;21;نعم;10,650301;33,439842
مدنين; بوغرارة;0;176; بوغرارة;22;نعم;10,678535;33,5391
مدنين;اللبة;0;132;اللبة;22;نعم;10,523059;33,313103
مدنين;شعاب الربايع;0;53;شعاب الربايع;22;نعم;10,656923;33,510927
مدنين;بئر بصير;0;52;بئر بصير;22;نعم;10,342046;33,490687
مدنين;حسي الحداد;0;45;حسي الحداد;23;نعم;10,630946;33,343233
مدنين;أم التمر;0;193;أم التمر;23;نعم;10,438093;33,371074
مدنين;بورملي 2;0;18;بورملي 2;23;نعم;10,31815877;33,451412
مدنين;حسي ضيف الله;0;70;حسي ضيف الله;24;نعم;10,542615;33,328607
مدنين;بني غزيل;0;60;بني غزيل;24;نعم;10,439392;33,271232
مدنين;الصايخه;0;14;الصايخه;24;نعم;10,28553624;33,411034
مدنين;الصنم;0;40;الصنم;26;نعم;10,614591;33,31703
مدنين;المغراوية;0;89;المغراوية;27;نعم;10,615828;33,647574
مدنين;البحيرة;0;91;البحيرة;28;نعم;10,225483;33,316037
مدنين;ورجيجن;0;127;ورجيجن;28;نعم;10,361984;33,211466
مدنين;هنشير الماجل;0;55;هنشير الماجل;29;نعم;10,306727;33,331078
مدنين;تاجرجمت;0;77;تاجرجمت;30;نعم;10,701261;33,590505
مدنين;وادي الطعام;0;13;وادي الطعام;30;نعم;10,588835;33,292246
مدنين;البقباق;0;24;البقباق;31;نعم;10,41614;33,209785
مدنين;السويطير;0;119;السويطير;33;نعم;10,693176;33,373808
مدنين;هنشير غزال;0;29;هنشير غزال;33;نعم;10,649921;33,659745
مدنين;القطار;0;55;القطار;35;نعم;10,25887906;33,30116234
مدنين;الدخيلة;0;30;الدخيلة;36;نعم;10,326334;33,265493
مدنين;دخيلة سطوط;0;20;دخيلة سطوط;36;نعم;10,262691;33,320839
مدنين;وادي السدر;0;170;وادي السدر;38;نعم;10,686936;33,328621
مدنين;تماسنت الجرف;0;27;تماسنت الجرف;40;نعم;10,706051;33,688386
مدنين;خضير;0;48;خضير;41;نعم;10,732021;33,686498
مدنين;حلق الجمل;0;81;حلق الجمل;41;نعم;10,196585;33,404973
مدنين;البطومة;0;47;البطومة;43;نعم;10,211234;33,35297
مدنين;قصر الحلوف;0;20;قصر الحلوف;44;نعم;10,155323;33,291355
مدنين;القصر الجديد;0;160;القصر الجديد;44;نعم;10,296307;33,30175
مدنين;القصيبة سيدي مخلوف;0;68;القصيبة سيدي مخلوف;48;نعم;10,4157641;33,384279
مدنين;الغرابات;0;136;الغرابات;50;نعم;10,793117;33,395482
مدنين;بوحامد;0;32;بوحامد;51;نعم;10,738471;33,303417
مدنين;وجه اللغاء;0;13;وجه اللغاء;53;نعم;10,186601;33,209025
مدنين;قصر الجوامع;0;31;قصر الجوامع;54;نعم;10,254092;33,25419
مدنين;الشوامخ;0;153;الشوامخ;55;نعم;10,1773516;33,3751854
مدنين;حسي النور;0;70;حسي النور;55;نعم;10,803836;33,272501
مدنين;قمانة;0;32;قمانة;56;نعم;10,23904124;33,24031436
مدنين;خلف الله;0;72;خلف الله;60;نعم;10,922547;33,442104
مدنين;2مارس بني خداش;0;147;2مارس بني خداش;60;نعم;10,199166;33,252852
مدنين;سيدي منصور;0;214;سيدي منصور;60;نعم;10,20351723;33,24414261
مدنين;الشهبانية;0;75;الشهبانية;61;نعم;10,836439;33,253697
مدنين;قصر المحاضة;0;94;قصر المحاضة;63;نعم;10,18659012;33,20976333
مدنين;دمر;0;50;دمر;63,5;نعم;10,22514902;33,27567926
مدنين;القصبة بني خداش;0;14;القصبة بني خداش;64;نعم;10.19481163;33.28592281
مدنين;عزيزة;0;55;عزيزة;65;نعم;10,13226312;33,18720547
مدنين;النفاتية;0;90;النفاتية;65;نعم;10,869888;33,239358
مدنين;الخير;0;61;الخير;66;نعم;10,15072849;33,24916819
مدنين;آبار الخيل;0;113;آبار الخيل;67;نعم;10,288048;33,189655
مدنين;قصر الخراشفة;0;17;قصر الخراشفة;67;نعم;10,253593;33,180473
مدنين;البنية;0;28;البنية;67;نعم;10,17203752;33,18538533
مدنين;قليب ذياب;0;73;قليب ذياب;69;نعم;10,2149685;33,16517021
مدنين;شعبة فاضل;0;63;شعبة فاضل;69;نعم;10,20342863;33,13370217
مدنين;الرصيفات;0;63;الرصيفات;70;نعم;10,94407;33,552193
مدنين;المراتحية;0;41;المراتحية;73;نعم;10,996128;33,551843
مدنين;الفجيج;0;231;الفجيج;73;نعم;10,158149;33,222143
مدنين;خوي الغدير;0;130;خوي الغدير;75;نعم;10,99463;33,531951
مدنين;المظهار;0;66;المظهار;75;نعم;10,12608762;33,27092221
مدنين;وادي الربايع;0;16;وادي الربايع;75;نعم;10,656923;33,510927
مدنين;قصر الجراء;0;165;قصر الجراء;76;نعم;10,227191;33,145218
مدنين;القريبيس;0;80;القريبيس;78;نعم;10,980007;33,554267
مدنين;حمادي القبلي;0;103;حمادي القبلي;85;نعم;11,081668;33,484013
مدنين;منزلة مقر;0;39;منزلة مقر;85;نعم;10,225556;33,31767
مدنين;شكيربان;0;103;شكيربان;90;نعم;11,093512;33,486158
مدنين;بنيري;0;81;بنيري;115;نعم;11,25173;33,086755
مدنين;بني معقل;0;93;بني معقل;125;نعم;10,952218;33,759306
مدنين;أولاد هلال;0;50;أولاد هلال;125;نعم;11,236932;33,072534
مدنين;سيدي ياتي;0;90;سيدي ياتي;132;نعم;11,016439;33,815376
مدنين;البيبان;0;65;البيبان;150;نعم;11,287218;33,281168
قفصة;م.إ.  العقيلة;0;230;قفصة العقيلة;6;نعم;8,725108;34,40057
قفصة;م.إ.  عقيلة 2;0;14;القصر العقيلة;7;نعم;8,769913768;34,37343034
قفصة;م.إ.  الإنطلاقة;0;26;القصر لالة الحميلة;10;نعم;8,841395821;34,383443
قفصة;م.إ.  السواعي;0;96;قفصة الشمالية السواعي;10;نعم;8,8212875;34,483033
قفصة;م.إ.  الطفل;0;28;قفصة الطفل;12;نعم;8,6311605;34,439993
قفصة;م.إ. متكيدس 2;0;58;قفصة الشمالية المتكيدس;15;نعم;8,8757;34,5984
قفصة;م.إ.  ماجني;0;36;القطار ماجني;15;نعم;8,8680371;34,349083
قفصة;م.إ.  2 مارس 34 كاف دربي;0;155;قفصة كاف دربي;17;نعم;8,6550059;34,548143
قفصة;م.إ.  القرية;0;247;المظيلة ;17;نعم;8,946235;34,731096
قفصة;م.إ.  المنجم;0;96;المظيلة ;17;نعم;8,271171;34,490012
قفصة;م.إ.  اولاد عمران;0;113;قفصة الشمالية اولادعمران;18;نعم;8,876521;34,510279
قفصة;م.إ.  عمرة;0;51;القصر عمرة أولاد شريط;20;نعم;8,934038242;34,44575168
قفصة;م.إ.  الارطس;0;94;القطار الارطس;20;نعم;8,9208862;34,336821
قفصة;م.إ.  السقي;0;14;المظيلة السقي;20;نعم;8,729661852;34,12837368
قفصة;م.إ.  وادي الأصفر;0;25;قفصة وادي الأصفر;23;نعم;8,609135;34,585473
قفصة;م.إ.  أولاد أمحمد;0;132;القصر أولاد محمد;23;نعم;8,973357169;34,473215
قفصة;م.إ.  بئر الزواري;0;24;قفصة الشمالية بئر الزواري;25;نعم;8,842633;34,559154
قفصة;م.إ.  المتكيدس;0;67;قفصة الشمالية المتكيدس;25;نعم;8,7535786;34,588663
قفصة;م.إ.  العلندة;0;61;قفصة العلندة;28;نعم;8,63837;34,620571
قفصة;م.إ.  العمائمية 2;0;37;سيدي عيش العمايمية;28;نعم;8,700515;34,636478
قفصة;م.إ. أولاد تليجان;0;29;القصر أولاد تليجان;29;نعم;8,98312288;34,429604
قفصة;م.إ.  اولاد زيد / قطيس;0;177;قفصة الشمالية أولاد زيد قطيس;29;نعم;8,827669;34,597626
قفصة;م.إ.  مركز كاف دربي;0;58;قفصة كاف دربي;30;نعم;8,5874;34,618555
قفصة;م.إ.  التضامن كاف دربي;0;96;قفصة كاف دربي;30;نعم;8,5485178;34,611437
قفصة;م.إ.  2 مار34 قطيس;0;149;قفصة الشمالية قطيس;30;نعم;8,9020231;34,537048
قفصة;م.إ.  المريطبة;0;39;سيدي عيش المريطبة;30;نعم;8,926565;34,594853
قفصة;م.إ.  زانوش المحطة;0;455;زانوش;30;نعم;9,049347;34,468982
قفصة;م.إ.  القطيات;0;43;زانوش القطيات;30;نعم;8,993696;34,485994
قفصة;م.إ.  بوعلام;0;34;قفصة الشمالية بوعلام;31;نعم;8,9619;34,55876
قفصة;م.إ.  العمائمية 1;0;54;سيدي عيش العمايم;31;نعم;8,7201017;34,666709
قفصة;م.إ.  المادسية;0;31;قفصة الشمالية المادسية;32;نعم;8,809418;34,620844
قفصة;م.إ. اولاد بوعمران1;0;196;القطار أولاد بوعمران;33;نعم;9,0991459;34,352999
قفصة;م.إ.  اولاد احمد بن سعد;0;98;قفصة الشمالية أولاد احد بن سعد;35;نعم;9,022802;34,622541
قفصة;م.إ.  الثلائجية;0;206;زانوش الثلايجية;35;نعم;9,08483;34,514834
قفصة;م.إ.  الامل زانوش;0;83;الفاريت زانوش;35;نعم;9,019935;34,539626
قفصة;م.إ.  خد رابح;0;30;قفصة خد رابح;36;نعم;8,538189;34,650888
قفصة;م.إ.  العمائم;0;139;القطار العمايم;36;نعم;9,0968924;34,258586
قفصة;م.إ. هنشير الحلفاء الفـج;0;26;قفصة الشمالية هنشير الحلفاء الفج;37;نعم;9,0430635;34,701645
قفصة;م.إ. اولاد بوعمران 2;0;100;القطار أولاد بوعمران;37;نعم;9,107873;34,362701
قفصة;م.إ.  المستقبل بالفج;0;61;قفصة الشمالية الفج;40;نعم;8,966226;34,6124
قفصة;م.إ.  اللوزة;0;43;أم العرائس;40;نعم;8,426892;34,480854
قفصة;م.إ.  الذكارة;0;131;السند الذكارة;40;نعم;9,054962;34,581756
قفصة;م.إ. بورقيبة باطن زانوش;0;83;زانوش الباطن الظواهر;40;نعم;9,0392708;34,433347
قفصة;م.إ.  عبد الصادق;0;49;زانوش عبد الصادق;40;نعم;9,1553086;34,504684
قفصة;م.إ.  الجديدة زانوش;0;224;زانوش الجديدة;40;نعم;9,019935;34,539626
قفصة;م.إ.  الباطن زانوش;0;102;زانوش الباطن الملايكية;40;نعم;9,0617871;34,441659
قفصة;م.إ. منطقة حمادي;0;26;القطار منطقة حمادي;41;نعم;9,201721;34,35517
قفصة;م.إ.  سيدي بوبكر;0;265;سيدي بوبكر ;42;نعم;8,459451;34,666475
قفصة;م إ . الكدية;0;77;سيدي بوبكر الكدية;42;نعم;8,485553;34,635866
قفصة;السوينية سيدي عيش;0;42;سيدي عيش السوينية;42;نعم;8,898428;34,682555
قفصة;م.إ.  ام العلق;0;164;زانوش ام العلق;42;نعم;9,119355;34,445005
قفصة;م.إ. منزل شيحاوي;0;75;السند منزل شيحاوي;44;نعم;9,086889;34,610114
قفصة;م.إ.  اولاد بوسعد;0;124;القطار أولاد بوسعد;45;نعم;9,2184399;34,385744
قفصة;م.إ.  الاكتاب;0;70;بلخير الاكتاب;45;نعم;9,179643;34,238418
قفصة;م.إ.  باطن عليم;0;19;السند باطن عليم ;45;نعم;9,1151279;34,629828
قفصة;م.إ.  اولاد وهيبة;0;112;قفصة الشمالية منزل ميمون;47;نعم;9,076635;34,644486
قفصة;م.إ.  البياضة;0;27;السند البياضة;47;نعم;9,171081;34,478593
قفصة;م.إ.  البهلولة;0;151;زانوش البهلولة;47;نعم;9,112239;34,574189
قفصة;م.إ.  هنشير الافراح;0;143;زانوش هنشير الأفراح;49;نعم;9,107254;34,525136
قفصة;م.إ.  محمد الطاهر بن على;0;25;قفصة الشمالية ;50;نعم;9,089803;34,675961
قفصة;م.إ.  ام الاقصاب;0;106;سيدي بوبكر ام الاقصاب;50;نعم;8,390584;34,695488
قفصة;م.إ.  بئر سعد;0;57;القطار بئر سعد;50;نعم;9,2441231;34,356557
قفصة;م.إ.  دخلة بوسعد;0;18;القطار دخلة بوسعد;50;نعم;9,1766597;34,369405
قفصة;م.إ.  عليم;0;238;السند عليم;50;نعم;9,158537;34,64342
قفصة;م.إ.  بوفاس;0;46;السند بوفاس;51;نعم;9,15767;34,60936
قفصة;م إ . السودان;0;86;زانوش السودان;51;نعم;9,152026;34,539278
قفصة;م.إ.  سيدي عيش الشرقية;0;145;سيدي عيش الشرقية;52;نعم;8,8376156;34,713052
قفصة;م.إ.  العيايشة;0;209;بلخير العيايشة;55;نعم;9,3620539;34,350247
قفصة;م.إ.  ماجورة;0;234;السند ماجورة;55;نعم;9,236528;34,626235
قفصة;م.إ.  القوسة;0;192;السند القوسة;57;نعم;9,207891;34,590198
قفصة;م.إ.  جبل;0;15;السند جبل;57;نعم;9,2644328;34,464283
قفصة;م.إ.  السمائرية;0;43;السند السمايرية;59;نعم;9,30459;34,549656
قفصة;م.إ.  عقلة احمد;0;127;سيدي بوبكر عقلة حمد;60;نعم;8,360718;34,708625
قفصة;م.إ.  زيتونة العيايشة;0;39;بلخير زيتونة العيايشة;60;نعم;9,2339968;34,201064
قفصة;م.إ.  الأمل;0;118;سيدي عيش القرية;61;نعم;8,2815;34,482254
قفصة;م.إ.  دخلة ماجورة;0;51;السند ماجورة;61;نعم;9,2406895;34,657228
قفصة;م.إ.  اولاد الحاج;0;318;بلخير أولاد الحاج;62;نعم;9,3479053;34,26498
قفصة;م.إ.  عرادة;0;60;السند عرادة;63;نعم;9,291204;34,668361
قفصة;م.إ.  الفجر الجديد;0;8;حوال الوادي بلخير;64;نعم;9,3947544;34,427122
قفصة;م.إ.  خالد ابن الوليد;0;113;سيدي بوبكر;65;نعم;8,322586;34,723122
قفصة;م.إ.  القرية;0;110;سيدي عيش القرية;65;نعم;8,933745;34,757134
قفصة;م.إ.  العبابسة القرية;0;94;سيدي عيش العبابسة القرية;65;نعم;8,946235;34,731096
قفصة;م.إ.  المناصرية;0;146;السند المناصرية;65;نعم;9,151589;34,67566
قفصة;م.إ.  اولاد منصور;0;324;بلخير أولاد منصور;68;نعم;9,3909927;34,274169
قفصة;م.إ. ظهراوية ماجورة;0;57;السند ظهراوية ماجورة;70;نعم;9,2073167;34,689739
قفصة;م.إ.  برج الحفي;0;29;بلخير برج الحفي;82;نعم;9,5283577;34,26714
قفصة;م.إ.  9 افريل  الطلح;0;74;بلخير الطلح;82;نعم;9,4027367;34,367855
قفصة;م.إ. باطن زمور الطلح;0;179;بلخير باطن زمور الطاح;85;نعم;9,3683878;34,376726
قفصة;م.إ.  2 /3 حوال الوادي;0;281;بلخير حوال الوادي;88;نعم;9,3892625;34,414053
قفصة;م.إ.  جبيلة الوسط;0;90;بلخير جبيلة الوسط;88;نعم;9,3274067;34,367877
قفصة;م.إ.  بورقيبة بكو;0;12;بلخير بكو;93;نعم;9,3279817;34,393522
قفصة;م.إ.  بوبلال;0;69;بلخير بوبلال;98;نعم;9,3513635;34,455501
قفصة;م.إ.  اولاد زايد;0;102;بلخير أولاد زايد;100;نعم;9,4524423;34,426538
قفصة;م.إ.  جبل العيايشة;0;13;بلخير جبل العيايشة;100;نعم;9,3620539;34,350247
صفاقس 2;م.إ.  المهاذبة;0;60;منزل شاكر;10;نعم;10,412126;35,012258
صفاقس 2;م.إ.  أولاد سعادة;0;50;منزل شاكر;15;نعم;10,470777;35,023333
صفاقس 2;م.إ.  زعيبيط;0;65;منزل شاكر;15;نعم;10,462916;34,955785
صفاقس 2;م.إ.  الطيايرة;0;47;منزل شاكر;15;نعم;10,40673;35,065387
صفاقس 2;م.إ.  بشكة;0;80;منزل شاكر;20;نعم;10,373963;34,904394
صفاقس 2;م.إ.  المراعية;0;90;منزل شاكر;20;نعم;10,489283;35,07196
صفاقس 2;م.إ.  بوثدي;0;100;منزل شاكر;25;نعم;10,269171;35,098185
صفاقس 2;م.إ.  ماجل الدرج;0;210;منزل شاكر;25;نعم;10,567748;35,008662
صفاقس 2;م.إ.  فسقية التبن;0;160;منزل شاكر;25;نعم;10,369943;35,036032
صفاقس 2;م.إ.  الحاج قاسم 2;0;130;منزل شاكر;25;نعم;10,210551;34,896632
صفاقس 2;م.إ.  ليماية;0;70;منزل شاكر;25;نعم;10,186851;35,028853
صفاقس 2;م.إ.  بئر بن عياد;0;65;منزل شاكر;25;نعم;10,592015;34,909502
صفاقس 2;م.إ. الرياض بوجربوع;0;120;منزل شاكر;30;نعم;10,657953;35,023872
صفاقس 2;م.إ.  تليل العجلة;0;100;منزل شاكر;30;نعم;10,090878;35,00688
صفاقس 2;م.إ.  العقاير;0;26;منزل شاكر;30;نعم;10,345651;35,112997
صفاقس 2;م.إ.  مركز البرمكي;0;50;منزل شاكر;30;نعم;10,589642;35,070708
صفاقس 2;م.إ.  القوادرية;0;62;منزل شاكر;30;نعم;10,638035;34,966767
صفاقس 2;م.إ.  البرمكي 2;0;100;منزل شاكر;30;نعم;10,635002;35,081277
صفاقس 2;م.إ. وادي الظل;0;75;منزل شاكر;30;نعم;10,529782;35,099157
صفاقس 2;م.إ.  بوجربوع الشمالية;0;110;منزل شاكر;30;نعم;10,623811;35,037792
صفاقس 2;م.إ.  المصابحية;0;32;منزل شاكر;30;نعم;10,272;35,048
صفاقس 2;م.إ. الجلايلة;0;70;الجلايلة ;30;نعم;10,698085;35,092378
صفاقس 2;م.إ.  العوادنة;0;100;منزل شاكر;35;نعم;10,573751;35,104107
صفاقس 2;م.إ.  بئر الملولي;0;110;منزل شاكر;35;نعم;10,55414;34,857065
صفاقس 2;م.إ. أولاد يوسف الشمالية;0;180;منزل شاكر;35;نعم;10,516006;34,944359
صفاقس 2;م.إ.  الأعشاش;0;150;منزل شاكر;35;نعم;10,573343;35,123592
صفاقس 2;م.إ.  الحاج قاسم 1;0;86;منزل شاكر;35;نعم;10,114435;34,929426
صفاقس 2;م.إ.  الحاج قاسم 3;0;81;منزل شاكر;35;نعم;10,269019;34,875248
صفاقس 2;م.إ.  سوق الأعشاش;0;100;منزل شاكر;35;نعم;10,573343;35,123592
صفاقس 2;م.إ.  الرحامنة;0;100;منزل شاكر;40;نعم;10,712939;34,796522
صفاقس 2;م.إ.  الغطاطسة;0;110;الغطاطسة;44;نعم;10,625289;35,11585
صفاقس 2;م.إ.  الشوشة;0;90;منزل شاكر;45;نعم;10,687796;34,979539
صفاقس 2;م.إ.  بئر الشعبة;0;120;بئر الشعبة;45;نعم;10,746117;35,065073
صفاقس 2;م.إ. أولاد احمد 2;0;150;اولاد حمد;45;نعم;10,718757;35,147618
صفاقس 2;م.إ. أولاد حمـد 1;0;160;اولاد حمد;47;نعم;10,701194;35,144908
صفاقس 2;م.إ.  مركز مصباح;0;90;مركز مصباح;47;نعم;10,682291;35,071408
صفاقس 2;م.إ.  أولاد طاهر;0;110;اولاد طاهر;48;نعم;10,781504;35,09089
صفاقس 2;م.إ.  عين تركية;0;190;صفاقس الجنوبية;50;نعم;10,618958;34,843984
صفاقس 2;م.إ.  بئر صالح;0;160;بئر صالح;50;نعم;10,712102;35,205327
صفاقس 2;م.إ.  سيدي غريب;0;60;سيدي غريب;50;نعم;10,801377;35,129243
صفاقس 2;م.إ.  البياضين;0;65;البياضين;50;نعم;10,645938;35,134238
صفاقس 2;م.إ. الجمال;0;85;الجمال;50;نعم;10,69588;35,073019
صفاقس 2;م.إ.  العرفات;0;80;صفاقس الجنوبية;55;نعم;10,703147;34,833432
صفاقس 2;م.إ.  طريق منزل شاكر كلم 17-النور-;0;90;صفاقس الجنوبية;55;نعم;10,598906;34,831288
صفاقس 2;م.إ.  النيب;0;110;النيب;55;نعم;10,693035;35,041626
صفاقس 2;م.إ.  دخان المحطة;0;93;دخان المحطة;55;نعم;10,76032;34,988225
صفاقس 2;م.إ. الغيب;0;160;الغيب;56;نعم;10,716874;35,045965
صفاقس 2;م.إ. الحلالفة;0;200;الحلالفة;57;نعم;10,7506;35,2166
صفاقس 2;م.إ.  أولاد عمر 1;0;95;اولاد عمر;57;نعم;10,6567;35,22779
صفاقس 2;م.إ.  هنشير الجب;0;160;هنشير الجب;58;نعم;10,775518;35,02714
صفاقس 2;م.إ.  بئر عباس;0;85;ساقية الزيت;60;نعم;10,710633;34,869216
صفاقس 2;م.إ.  سيدي عبد الكافي;0;70;صفاقس الجنوبية;60;نعم;10,661055;34,910654
صفاقس 2;م.إ.  برشانة;0;61;صفاقس الجنوبية;60;نعم;10,282;34,94
صفاقس 2;م.إ.  بومرة;0;60;صفاقس الجنوبية;60;نعم;10,626452;34,761177
صفاقس 2;م.إ.   سيدي حسن بلحاج;0;100;سيدي حسن بالحاج;60;نعم;10,794753;35,186529
صفاقس 2;م.إ.  الحجارة;0;140;الحجارة;60;نعم;10,620936;35,230968
صفاقس 2;م.إ.  دخان الشرقية;0;105;دخان الشرقية;60;نعم;10,761413;34,98856
صفاقس 2;م.إ.  الحلالفة الجنوبية;0;87;الحلالفة;60;نعم;10,750992;35,185713
صفاقس 2;م.إ.الحجارة 2;0;70;الحجارة;60;نعم;10,636523;35,242359
صفاقس 2;م.إ. الطهــاهرة;0;80;الطهاهرة;60;نعم;10,795051;35,001385
صفاقس 2;م.إ.  البدارنة;0;150;البدارنة ساقية الداير;65;نعم;10,839992;34,873244
صفاقس 2;م.إ.  سيدي محمد بن عمر;0;180;سيدي محمد بن عمر;65;نعم;10,777971;34,925886
صفاقس 2;م.إ. الخشارمة;0;80;الخشارمة;65;نعم;10,789698;35,044815
صفاقس 2;م.إ.  وادي الرقة;0;70;واد الرقة;65;نعم;10,782665;35,226629
صفاقس 2;م.إ.  السعادي طريق المهدية;0;70;العامرة;70;نعم;10,845853;34,88585
صفاقس 2;م.إ. البطاطحة;0;160;البطاطحة الرواضي;70;نعم;10,599483;35,207954
صفاقس 2;م.إ.  الكتاتنة;0;180;العامرة;75;نعم;10,865842;34,93949
صفاقس 2;م.إ.  العوابد;0;140;العامرة;75;نعم;10,897111;34,872849
صفاقس 2;م.إ.  أولاد مسلم;0;100;العامرة;75;نعم;10,854345;34,961972
صفاقس 2;م.إ.  المهارة;0;150;العامرة;75;نعم;10,812475;34,972534
صفاقس 2;م.إ.  الغلالبة;0;90;العامرة;75;نعم;10,837108;34,977237
صفاقس 2;م.إ.   بليانة الشرقية;0;100;العامرة;80;نعم;10,943127;35,005233
صفاقس 2;م.إ.  عين غزال;0;200;العامرة;80;نعم;10,897617;35,002874
صفاقس 2;م.إ.  الفيض;0;95;العامرة;80;نعم;10,898712;34,955887
صفاقس 2;م,ا,اولاد يوسف;0;140;جبنيانة;80;نعم;10,967485;35,082857
صفاقس 2;م.إ.  أولاد مجاهد;0;120;جبنيانة;80;نعم;10,898299;35,157714
صفاقس 2;م.إ. المساترية;0;110;جبنيانة;80;نعم;10,906351;35,016978
صفاقس 2;م.إ.  أفّي;0;100;العامرة;85;نعم;10,847914;34,985295
صفاقس 2;م.إ.  الجواودة;0;77;العامرة;85;نعم;10,847015;35,007926
صفاقس 2;م.إ.  العقاقشـــة;0;95;جبنيانة;85;نعم;10,966666;35,05249
صفاقس 2;م.إ.  الدرابلــة;0;130;جبنيانة;85;نعم;10,928932;35,017079
صفاقس 2;م.إ.  العجانقـة;0;170;جبنيانة;90;نعم;10,903999;35,138011
صفاقس 2;م.إ.  اللــوزة;0;135;جبنيانة;90;نعم;11,003129;35,030201
صفاقس 2;م.إ.  المجاذبــة;0;125;جبنيانة;90;نعم;10,853011;35,108213
صفاقس 2;م.إ.  القـلالجــة;0;160;جبنيانة;90;نعم;10,939813;35,082151
صفاقس 2;م.إ.  اولاد احمد;0;120;جبنيانة;90;نعم;10,862485;35,038649
صفاقس 2;م.إ.  الجبارنــة;0;95;جبنيانة;90;نعم;10,903381;35,109856
صفاقس 2;م.إ.  الغراســة;0;130;جبنيانة;90;نعم;10,887014;35,126419
صفاقس 2;م.إ.  أولاد منصـر;0;200;جبنيانة;95;نعم;10,962395;35,012201
صفاقس 2;م.إ.  المناصرية;0;120;جبنيانة;95;نعم;10,885078;35,09539
صفاقس 2;م.إ. اولاد حميدة;0;130;جبنيانة;95;نعم;10,857006;35,061047
صفاقس 2;م.إ.  سيدي عبدالعزيز;0;116;جبنيانة;95;نعم;10,949231;35,106327
صفاقس 2;م.إ.  اولاد بوسميـر;0;150;جبنيانة;100;نعم;10,846381;35,028503
صفاقس 2;م.إ.  دوار اللـواتـة;0;110;جبنيانة;105;نعم;11,004504;35,051605
صفاقس 2;م.إ.  بطــرية;0;85;جبنيانة;105;نعم;11,018758;35,075441
